message_index,stamp_sec,frame_id,position_x,position_y,position_z,orientation_x,orientation_y,orientation_z,orientation_w,covariance
0,0.000000000,map,7.8200000000,-4.1100000000,-1.1700000000,0.0000000000,0.0000000000,0.8550024007,0.5186240400,0 0 0 0 0 0 0 0 0 0 0 0 0 0 0 0 0 0 0 0 0 0 0 0 0 0 0 0 0 0 0 0 0 0 0 0
1,1785495429.751981974,map,7.8241271973,-4.0956788063,-1.1778072119,0.0385594296,0.0575164052,0.8534944276,0.5164807616,0.0432127826 0 0 0 0 0 0 0.0432127826 0 0 0 0 0 0 0.09478815155 0 0 0 0 0 0 0.0007592619076 0 0 0 0 0 0 0.0007592619076 0 0 0 0 0 0 0.001316336634
2,1785495430.751563072,map,7.8554215431,-4.1601705551,-1.1798257828,0.0378472477,0.0577567427,0.8533254729,0.5167855871,0.04322302507 0 0 0 0 0 0 0.04322302507 0 0 0 0 0 0 0.09480332092 0 0 0 0 0 0 0.0007594988705 0 0 0 0 0 0 0.0007594988705 0 0 0 0 0 0 0.001316648637
3,1785495431.052498102,map,7.8301448822,-4.1124663353,-1.1777633429,0.0382661278,0.0575274368,0.8534835512,0.5165191541,0.04323769768 0 0 0 0 0 0 0.04323769768 0 0 0 0 0 0 0.09482505042 0 0 0 0 0 0 0.0007598383413 0 0 0 0 0 0 0.0007598383413 0 0 0 0 0 0 0.001317095591
4,1785495431.352257013,map,7.8422412872,-4.1277399063,-1.1797972918,0.0378679987,0.0576785909,0.8533671683,0.5167239644,0.04319781579 0 0 0 0 0 0 0.04319781579 0 0 0 0 0 0 0.09476598428 0 0 0 0 0 0 0.0007589156621 0 0 0 0 0 0 0.0007589156621 0 0 0 0 0 0 0.001315880719
5,1785495431.551650047,map,7.8579525948,-4.1462488174,-1.1790609360,0.0382239765,0.0574119393,0.8535967694,0.5163481727,0.04359685648 0 0 0 0 0 0 0.04359685648 0 0 0 0 0 0 0.09535657702 0 0 0 0 0 0 0.0007681536322 0 0 0 0 0 0 0.0007681536322 0 0 0 0 0 0 0.001328036193
6,1785495431.951628923,map,7.8583722115,-4.1500015259,-1.1792443991,0.0380400350,0.0575788313,0.8535822689,0.5163670171,0.04321148434 0 0 0 0 0 0 0.04321148434 0 0 0 0 0 0 0.09478622876 0 0 0 0 0 0 0.0007592318727 0 0 0 0 0 0 0.0007592318727 0 0 0 0 0 0 0.001316297086
7,1785495432.052097082,map,7.8596119881,-4.1463913918,-1.1805284023,0.0380940621,0.0577841755,0.8536067056,0.5162997599,0.04318482916 0 0 0 0 0 0 0.04318482916 0 0 0 0 0 0 0.09474674883 0 0 0 0 0 0 0.0007586152417 0 0 0 0 0 0 0.0007586152417 0 0 0 0 0 0 0.001315485123
8,1785495432.251545906,map,7.8614215851,-4.1473450661,-1.1804258823,0.0381332533,0.0575224070,0.8535136165,0.5164799394,0.04324807127 0 0 0 0 0 0 0.04324807127 0 0 0 0 0 0 0.09484041253 0 0 0 0 0 0 0.0007600783594 0 0 0 0 0 0 0.0007600783594 0 0 0 0 0 0 0.001317411588
9,1785495432.351875067,map,7.8604111671,-4.1428785324,-1.1817671061,0.0379843655,0.0577600555,0.8535558594,0.5163945683,0.04331557735 0 0 0 0 0 0 0.04331557735 0 0 0 0 0 0 0.09494036677 0 0 0 0 0 0 0.0007616404983 0 0 0 0 0 0 0.0007616404983 0 0 0 0 0 0 0.001319467941
10,1785495432.451059103,map,7.8631138802,-4.1473250389,-1.1810098886,0.0380423199,0.0576647399,0.8535333594,0.5164381392,0.04319327494 0 0 0 0 0 0 0.04319327494 0 0 0 0 0 0 0.09475925859 0 0 0 0 0 0 0.0007588106166 0 0 0 0 0 0 0.0007588106166 0 0 0 0 0 0 0.001315742396
11,1785495432.651318073,map,7.8618102074,-4.1423053741,-1.1802814007,0.0381377697,0.0575872699,0.8535581158,0.5163988246,0.04326497446 0 0 0 0 0 0 0.04326497446 0 0 0 0 0 0 0.09486544294 0 0 0 0 0 0 0.0007604694749 0 0 0 0 0 0 0.0007604694749 0 0 0 0 0 0 0.001317926489
12,1785495432.851555109,map,7.8573756218,-4.1421875954,-1.1794029474,0.0379342163,0.0576508820,0.8535996231,0.5163381370,0.04321215463 0 0 0 0 0 0 0.04321215463 0 0 0 0 0 0 0.0947872215 0 0 0 0 0 0 0.0007592473797 0 0 0 0 0 0 0.0007592473797 0 0 0 0 0 0 0.001316317505
13,1785495432.951648951,map,7.8578376770,-4.1432938576,-1.1784874201,0.0380381642,0.0575946332,0.8535214907,0.5164659391,0.04319981342 0 0 0 0 0 0 0.04319981342 0 0 0 0 0 0 0.09476894304 0 0 0 0 0 0 0.0007589618747 0 0 0 0 0 0 0.0007589618747 0 0 0 0 0 0 0.00131594157
14,1785495433.051076889,map,7.8574724197,-4.1409764290,-1.1791228056,0.0379395736,0.0574870206,0.8535180047,0.5164908667,0.04317250821 0 0 0 0 0 0 0.04317250821 0 0 0 0 0 0 0.09472849849 0 0 0 0 0 0 0.0007583302337 0 0 0 0 0 0 0.0007583302337 0 0 0 0 0 0 0.001315109806
15,1785495433.251557112,map,7.8545675278,-4.1380276680,-1.1781553030,0.0378153384,0.0577569362,0.8535271416,0.5164548381,0.04326754527 0 0 0 0 0 0 0.04326754527 0 0 0 0 0 0 0.09486924969 0 0 0 0 0 0 0.000760528962 0 0 0 0 0 0 0.000760528962 0 0 0 0 0 0 0.0013180048
16,1785495433.451190948,map,7.8514194489,-4.1554737091,-1.1792447567,0.0379598472,0.0579314743,0.8533442876,0.5167267833,0.04322963032 0 0 0 0 0 0 0.04322963032 0 0 0 0 0 0 0.09481310315 0 0 0 0 0 0 0.0007596516895 0 0 0 0 0 0 0.0007596516895 0 0 0 0 0 0 0.001316849845
17,1785495433.550651073,map,7.8556504250,-4.1528906822,-1.1795697212,0.0376845770,0.0578627144,0.8534258161,0.5166199578,0.04319760724 0 0 0 0 0 0 0.04319760724 0 0 0 0 0 0 0.09476567539 0 0 0 0 0 0 0.0007589108376 0 0 0 0 0 0 0.0007589108376 0 0 0 0 0 0 0.001315874366
18,1785495433.751178026,map,7.8535904884,-4.1328339577,-1.1797624826,0.0378678802,0.0573015810,0.8534908042,0.5165617122,0.04321085401 0 0 0 0 0 0 0.04321085401 0 0 0 0 0 0 0.0947852952 0 0 0 0 0 0 0.0007592172902 0 0 0 0 0 0 0.0007592172902 0 0 0 0 0 0 0.001316277885
19,1785495433.950403929,map,7.8497533798,-4.1336541176,-1.1783759594,0.0381383874,0.0574847500,0.8534800390,0.5165392977,0.043275537 0 0 0 0 0 0 0.043275537 0 0 0 0 0 0 0.09488108327 0 0 0 0 0 0 0.0007607138894 0 0 0 0 0 0 0.0007607138894 0 0 0 0 0 0 0.001318248242
20,1785495434.051543951,map,7.8454127312,-4.1366386414,-1.1784768105,0.0379208721,0.0576501609,0.8536031414,0.5163333030,0.04326035884 0 0 0 0 0 0 0.04326035884 0 0 0 0 0 0 0.09485860825 0 0 0 0 0 0 0.0007603626738 0 0 0 0 0 0 0.0007603626738 0 0 0 0 0 0 0.001317785889
21,1785495434.250870943,map,7.8487682343,-4.1356172562,-1.1772388220,0.0379521944,0.0577939761,0.8535760878,0.5163597233,0.04328619891 0 0 0 0 0 0 0.04328619891 0 0 0 0 0 0 0.0948968701 0 0 0 0 0 0 0.0007609606129 0 0 0 0 0 0 0.0007609606129 0 0 0 0 0 0 0.001318573023
22,1785495434.351070881,map,7.8485832214,-4.1632905006,-1.1778582335,0.0378457295,0.0576323314,0.8534088844,0.5166619163,0.04318201935 0 0 0 0 0 0 0.04318201935 0 0 0 0 0 0 0.09474258688 0 0 0 0 0 0 0.000758550244 0 0 0 0 0 0 0.000758550244 0 0 0 0 0 0 0.001315399531
23,1785495434.551486015,map,7.8490090370,-4.1546826363,-1.1768985987,0.0378664180,0.0578815648,0.8533777361,0.5166839000,0.04327703117 0 0 0 0 0 0 0.04327703117 0 0 0 0 0 0 0.09488329568 0 0 0 0 0 0 0.0007607484649 0 0 0 0 0 0 0.0007607484649 0 0 0 0 0 0 0.001318293757
24,1785495434.751907110,map,7.8506817818,-4.1451830864,-1.1785284281,0.0379022428,0.0578033507,0.8534302359,0.5166034013,0.04330255753 0 0 0 0 0 0 0.04330255753 0 0 0 0 0 0 0.09492109067 0 0 0 0 0 0 0.0007613391802 0 0 0 0 0 0 0.0007613391802 0 0 0 0 0 0 0.001319071334
25,1785495434.851048946,map,7.8521366119,-4.1396088600,-1.1777975559,0.0376943758,0.0578563122,0.8535350410,0.5164394088,0.04328150835 0 0 0 0 0 0 0.04328150835 0 0 0 0 0 0 0.09488992498 0 0 0 0 0 0 0.0007608520691 0 0 0 0 0 0 0.0007608520691 0 0 0 0 0 0 0.00131843014
26,1785495435.051502943,map,7.8520321846,-4.1337709427,-1.1780630350,0.0378406891,0.0578104255,0.8534827664,0.5165202576,0.04332209952 0 0 0 0 0 0 0.04332209952 0 0 0 0 0 0 0.0949500226 0 0 0 0 0 0 0.0007617914462 0 0 0 0 0 0 0.0007617914462 0 0 0 0 0 0 0.001319666617
27,1785495435.250991106,map,7.8561353683,-4.1323919296,-1.1780261993,0.0376871297,0.0577797530,0.8535063448,0.5164960021,0.04324800029 0 0 0 0 0 0 0.04324800029 0 0 0 0 0 0 0.09484030741 0 0 0 0 0 0 0.000760076717 0 0 0 0 0 0 0.000760076717 0 0 0 0 0 0 0.001317409426
28,1785495435.451620102,map,7.8574080467,-4.1308898926,-1.1774302721,0.0376101892,0.0574654717,0.8535489340,0.5164662853,0.04316254651 0 0 0 0 0 0 0.04316254651 0 0 0 0 0 0 0.09471374216 0 0 0 0 0 0 0.0007580998093 0 0 0 0 0 0 0.0007580998093 0 0 0 0 0 0 0.001314806355
29,1785495435.550599098,map,7.8557963371,-4.1341814995,-1.1777738333,0.0377759108,0.0575812961,0.8535165489,0.5164948553,0.0431968573 0 0 0 0 0 0 0.0431968573 0 0 0 0 0 0 0.09476456462 0 0 0 0 0 0 0.0007588934887 0 0 0 0 0 0 0.0007588934887 0 0 0 0 0 0 0.001315851521
30,1785495435.651580095,map,7.8577547073,-4.1374392509,-1.1786066294,0.0376161199,0.0575207535,0.8535151232,0.5165155336,0.0433269993 0 0 0 0 0 0 0.0433269993 0 0 0 0 0 0 0.0949572764 0 0 0 0 0 0 0.0007619048484 0 0 0 0 0 0 0.0007619048484 0 0 0 0 0 0 0.001319815873
31,1785495435.851042032,map,7.8610787392,-4.1385498047,-1.1783229113,0.0377777001,0.0576562194,0.8535309376,0.5164625273,0.04324297274 0 0 0 0 0 0 0.04324297274 0 0 0 0 0 0 0.09483286224 0 0 0 0 0 0 0.0007599603912 0 0 0 0 0 0 0.0007599603912 0 0 0 0 0 0 0.001317256278
32,1785495436.051346064,map,7.8577632904,-4.1406102180,-1.1783229113,0.0376734273,0.0578188177,0.8535615862,0.5164012989,0.04318416315 0 0 0 0 0 0 0.04318416315 0 0 0 0 0 0 0.09474576233 0 0 0 0 0 0 0.0007585998353 0 0 0 0 0 0 0.0007585998353 0 0 0 0 0 0 0.001315464836
33,1785495436.151390076,map,7.8595333099,-4.1450805664,-1.1787731647,0.0375429730,0.0576959048,0.8534876513,0.5165467549,0.04324262319 0 0 0 0 0 0 0.04324262319 0 0 0 0 0 0 0.09483234461 0 0 0 0 0 0 0.0007599523037 0 0 0 0 0 0 0.0007599523037 0 0 0 0 0 0 0.00131724563
34,1785495436.251375914,map,7.8600387573,-4.1468977928,-1.1790678501,0.0374015002,0.0577918895,0.8534396008,0.5166256688,0.04313822031 0 0 0 0 0 0 0.04313822031 0 0 0 0 0 0 0.09467770529 0 0 0 0 0 0 0.0007575371547 0 0 0 0 0 0 0.0007575371547 0 0 0 0 0 0 0.001314065336
35,1785495436.450613022,map,7.8607306480,-4.1520566940,-1.1785117388,0.0373626446,0.0577886999,0.8535000156,0.5165290060,0.04316861571 0 0 0 0 0 0 0.04316861571 0 0 0 0 0 0 0.09472273257 0 0 0 0 0 0 0.0007582401952 0 0 0 0 0 0 0.0007582401952 0 0 0 0 0 0 0.001314991233
36,1785495436.550844908,map,7.8618321419,-4.1436014175,-1.1776080132,0.0374876681,0.0575365468,0.8535846416,0.5164082820,0.04326033196 0 0 0 0 0 0 0.04326033196 0 0 0 0 0 0 0.09485856844 0 0 0 0 0 0 0.0007603620517 0 0 0 0 0 0 0.0007603620517 0 0 0 0 0 0 0.00131778507
37,1785495436.750401974,map,7.8591895103,-4.1434817314,-1.1779074669,0.0376111504,0.0574769617,0.8536132638,0.5163586195,0.04328993899 0 0 0 0 0 0 0.04328993899 0 0 0 0 0 0 0.09490240779 0 0 0 0 0 0 0.0007610471628 0 0 0 0 0 0 0.0007610471628 0 0 0 0 0 0 0.001318686952
38,1785495436.850744963,map,7.8576550484,-4.1469211578,-1.1783896685,0.0378573283,0.0575627842,0.8535059485,0.5165083933,0.04326254338 0 0 0 0 0 0 0.04326254338 0 0 0 0 0 0 0.09486184307 0 0 0 0 0 0 0.0007604132218 0 0 0 0 0 0 0.0007604132218 0 0 0 0 0 0 0.001317852434
39,1785495436.950962067,map,7.8572053909,-4.1395807266,-1.1788980961,0.0377904639,0.0577191343,0.8535166265,0.5164782227,0.04325778329 0 0 0 0 0 0 0.04325778329 0 0 0 0 0 0 0.09485479438 0 0 0 0 0 0 0.0007603030786 0 0 0 0 0 0 0.0007603030786 0 0 0 0 0 0 0.001317707433
40,1785495437.150521994,map,7.8574571609,-4.1451654434,-1.1804089546,0.0378798610,0.0577520906,0.8534979748,0.5164988151,0.04319442158 0 0 0 0 0 0 0.04319442158 0 0 0 0 0 0 0.09476095696 0 0 0 0 0 0 0.0007588371423 0 0 0 0 0 0 0.0007588371423 0 0 0 0 0 0 0.001315777325
41,1785495437.250828028,map,7.8629155159,-4.1441621780,-1.1806648970,0.0376512488,0.0577657266,0.8535259237,0.5164677784,0.04333254908 0 0 0 0 0 0 0.04333254908 0 0 0 0 0 0 0.09496549233 0 0 0 0 0 0 0.0007620332969 0 0 0 0 0 0 0.0007620332969 0 0 0 0 0 0 0.001319984929
42,1785495437.450459003,map,7.8547973633,-4.1553325653,-1.1798000336,0.0380539114,0.0577170558,0.8534416842,0.5165829574,0.04325694701 0 0 0 0 0 0 0.04325694701 0 0 0 0 0 0 0.09485355601 0 0 0 0 0 0 0.0007602837282 0 0 0 0 0 0 0.0007602837282 0 0 0 0 0 0 0.001317681958
43,1785495437.550647020,map,7.8577780724,-4.1562876701,-1.1797459126,0.0378975347,0.0576890908,0.8534036341,0.5166603805,0.0432304153 0 0 0 0 0 0 0.0432304153 0 0 0 0 0 0 0.09481426567 0 0 0 0 0 0 0.000759669851 0 0 0 0 0 0 0.000759669851 0 0 0 0 0 0 0.001316873756
44,1785495437.750036955,map,7.8597865105,-4.1525154114,-1.1806523800,0.0379262983,0.0579099349,0.8534363223,0.5165795680,0.04322593986 0 0 0 0 0 0 0.04322593986 0 0 0 0 0 0 0.09480763769 0 0 0 0 0 0 0.0007595663067 0 0 0 0 0 0 0.0007595663067 0 0 0 0 0 0 0.001316737427
45,1785495437.850322008,map,7.8566575050,-4.1965241432,-1.1782609224,0.0376410616,0.0577789959,0.8532396725,0.5169398421,0.04320213109 0 0 0 0 0 0 0.04320213109 0 0 0 0 0 0 0.09477237579 0 0 0 0 0 0 0.0007590154914 0 0 0 0 0 0 0.0007590154914 0 0 0 0 0 0 0.00131601217
46,1785495438.050498962,map,7.8608384132,-4.1760106087,-1.1779301167,0.0377339222,0.0578445681,0.8533383853,0.5167627498,0.04321576732 0 0 0 0 0 0 0.04321576732 0 0 0 0 0 0 0.09479257206 0 0 0 0 0 0 0.0007593309592 0 0 0 0 0 0 0.0007593309592 0 0 0 0 0 0 0.001316427554
47,1785495438.249728918,map,7.8664841652,-4.1732907295,-1.1796756983,0.0378586929,0.0577662258,0.8534131316,0.5166389509,0.04330032632 0 0 0 0 0 0 0.04330032632 0 0 0 0 0 0 0.09491778724 0 0 0 0 0 0 0.0007612875449 0 0 0 0 0 0 0.0007612875449 0 0 0 0 0 0 0.001319003368
48,1785495438.350084066,map,7.8661184311,-4.1670160294,-1.1796121597,0.0376642575,0.0578249846,0.8534287182,0.5166208375,0.04329875778 0 0 0 0 0 0 0.04329875778 0 0 0 0 0 0 0.0949154649 0 0 0 0 0 0 0.0007612512454 0 0 0 0 0 0 0.0007612512454 0 0 0 0 0 0 0.001318955588
49,1785495438.550498009,map,7.8674111366,-4.1677536964,-1.1799895763,0.0376344599,0.0577240841,0.8535229373,0.5164786988,0.04326699976 0 0 0 0 0 0 0.04326699976 0 0 0 0 0 0 0.09486844192 0 0 0 0 0 0 0.0007605163391 0 0 0 0 0 0 0.0007605163391 0 0 0 0 0 0 0.001317988183
50,1785495438.650702953,map,7.8681049347,-4.1645078659,-1.1804845333,0.0374502078,0.0577458954,0.8536009564,0.5163606179,0.04319180521 0 0 0 0 0 0 0.04319180521 0 0 0 0 0 0 0.09475708169 0 0 0 0 0 0 0.0007587766172 0 0 0 0 0 0 0.0007587766172 0 0 0 0 0 0 0.001315697626
51,1785495438.850050926,map,7.8671917915,-4.1598334312,-1.1821286678,0.0373684908,0.0579151059,0.8535866007,0.5163713097,0.04329141815 0 0 0 0 0 0 0.04329141815 0 0 0 0 0 0 0.09490459786 0 0 0 0 0 0 0.0007610813928 0 0 0 0 0 0 0.0007610813928 0 0 0 0 0 0 0.00131873201
52,1785495438.951114893,map,7.8696355820,-4.1528582573,-1.1803334951,0.0377070772,0.0576593140,0.8535567130,0.5164247077,0.04332548928 0 0 0 0 0 0 0.04332548928 0 0 0 0 0 0 0.09495504094 0 0 0 0 0 0 0.0007618698998 0 0 0 0 0 0 0.0007618698998 0 0 0 0 0 0 0.001319769876
53,1785495439.150552988,map,7.8677058220,-4.1517171860,-1.1806652546,0.0377051275,0.0577396896,0.8535696992,0.5163944529,0.04333240834 0 0 0 0 0 0 0.04333240834 0 0 0 0 0 0 0.09496528397 0 0 0 0 0 0 0.0007620300393 0 0 0 0 0 0 0.0007620300393 0 0 0 0 0 0 0.001319980642
54,1785495439.351068020,map,7.8697819710,-4.1509466171,-1.1814531088,0.0375208489,0.0576857285,0.8536090902,0.5163487499,0.0433279183 0 0 0 0 0 0 0.0433279183 0 0 0 0 0 0 0.0949586369 0 0 0 0 0 0 0.0007619261182 0 0 0 0 0 0 0.0007619261182 0 0 0 0 0 0 0.001319843868
55,1785495439.550635099,map,7.8603558540,-4.1460518837,-1.1808208227,0.0375934270,0.0577744046,0.8535398329,0.5164480143,0.04340725823 0 0 0 0 0 0 0.04340725823 0 0 0 0 0 0 0.09507607545 0 0 0 0 0 0 0.0007637626756 0 0 0 0 0 0 0.0007637626756 0 0 0 0 0 0 0.0013222607
56,1785495439.650706053,map,7.8578801155,-4.1512837410,-1.1800990105,0.0377988494,0.0576521415,0.8534498956,0.5165953248,0.04333443891 0 0 0 0 0 0 0.04333443891 0 0 0 0 0 0 0.09496829 0 0 0 0 0 0 0.0007620770371 0 0 0 0 0 0 0.0007620770371 0 0 0 0 0 0 0.001320042497
57,1785495439.850075960,map,7.8476862907,-4.1642127037,-1.1765735149,0.0379104830,0.0575705857,0.8532204885,0.5169750947,0.04329379135 0 0 0 0 0 0 0.04329379135 0 0 0 0 0 0 0.09490811166 0 0 0 0 0 0 0.0007611363126 0 0 0 0 0 0 0.0007611363126 0 0 0 0 0 0 0.001318804301
58,1785495439.950311899,map,7.8526935577,-4.1623406410,-1.1776723862,0.0379000964,0.0577480243,0.8533396449,0.5167593327,0.04332967112 0 0 0 0 0 0 0.04332967112 0 0 0 0 0 0 0.0949612318 0 0 0 0 0 0 0.0007619666868 0 0 0 0 0 0 0.0007619666868 0 0 0 0 0 0 0.001319897262
59,1785495440.150779963,map,7.8547787666,-4.1544313431,-1.1794160604,0.0379254994,0.0576578865,0.8534337803,0.5166120113,0.04320630698 0 0 0 0 0 0 0.04320630698 0 0 0 0 0 0 0.0947785607 0 0 0 0 0 0 0.000759112097 0 0 0 0 0 0 0.000759112097 0 0 0 0 0 0 0.001316139375
60,1785495440.349999905,map,7.8563303947,-4.1536440849,-1.1788973808,0.0379439942,0.0576988206,0.8534770413,0.5165346171,0.04338636866 0 0 0 0 0 0 0.04338636866 0 0 0 0 0 0 0.09504515821 0 0 0 0 0 0 0.0007632790733 0 0 0 0 0 0 0.0007632790733 0 0 0 0 0 0 0.001321624368
61,1785495440.450159073,map,7.8579082489,-4.1592249870,-1.1800016165,0.0376896269,0.0576315806,0.8533678888,0.5167410073,0.04325087467 0 0 0 0 0 0 0.04325087467 0 0 0 0 0 0 0.09484456394 0 0 0 0 0 0 0.0007601432244 0 0 0 0 0 0 0.0007601432244 0 0 0 0 0 0 0.001317496985
62,1785495440.650466919,map,7.8614892960,-4.1595244408,-1.1804271936,0.0375621648,0.0577896687,0.8533750735,0.5167208716,0.0432143659 0 0 0 0 0 0 0.0432143659 0 0 0 0 0 0 0.0947904965 0 0 0 0 0 0 0.0007592985372 0 0 0 0 0 0 0.0007592985372 0 0 0 0 0 0 0.001316384864
63,1785495440.750621080,map,7.8624386787,-4.1626877785,-1.1803190708,0.0374364951,0.0576464553,0.8533594922,0.5167716383,0.04327230054 0 0 0 0 0 0 0.04327230054 0 0 0 0 0 0 0.09487629099 0 0 0 0 0 0 0.0007606389975 0 0 0 0 0 0 0.0007606389975 0 0 0 0 0 0 0.001318149654
64,1785495440.950042009,map,7.8644962311,-4.1651272774,-1.1802033186,0.0374519860,0.0578315444,0.8533451290,0.5167736135,0.04334084905 0 0 0 0 0 0 0.04334084905 0 0 0 0 0 0 0.09497777931 0 0 0 0 0 0 0.0007622254025 0 0 0 0 0 0 0.0007622254025 0 0 0 0 0 0 0.001320237761
65,1785495441.150340080,map,7.8648729324,-4.1603240967,-1.1793965101,0.0377778211,0.0575802001,0.8533414570,0.5167840444,0.04333915597 0 0 0 0 0 0 0.04333915597 0 0 0 0 0 0 0.09497527297 0 0 0 0 0 0 0.0007621862151 0 0 0 0 0 0 0.0007621862151 0 0 0 0 0 0 0.001320186187
66,1785495441.349659920,map,7.8601512909,-4.1572909355,-1.1792087555,0.0379127004,0.0579460681,0.8534264725,0.5165927937,0.04322390395 0 0 0 0 0 0 0.04322390395 0 0 0 0 0 0 0.09480462253 0 0 0 0 0 0 0.0007595192039 0 0 0 0 0 0 0.0007595192039 0 0 0 0 0 0 0.001316675409
67,1785495441.449783087,map,7.8621258736,-4.1535992622,-1.1808813810,0.0378956135,0.0578385612,0.8535026221,0.5164803072,0.04343006857 0 0 0 0 0 0 0.04343006857 0 0 0 0 0 0 0.09510983276 0 0 0 0 0 0 0.0007642907867 0 0 0 0 0 0 0.0007642907867 0 0 0 0 0 0 0.001322955543
68,1785495441.650333881,map,7.8470182419,-4.1589064598,-1.1773219109,0.0381979557,0.0578056165,0.8534167593,0.5166036321,0.04343001127 0 0 0 0 0 0 0.04343001127 0 0 0 0 0 0 0.09510974796 0 0 0 0 0 0 0.0007642894599 0 0 0 0 0 0 0.0007642894599 0 0 0 0 0 0 0.001322953797
69,1785495441.849881887,map,7.8525342941,-4.1550555229,-1.1781781912,0.0380304934,0.0576300433,0.8534621362,0.5165606088,0.04329834128 0 0 0 0 0 0 0.04329834128 0 0 0 0 0 0 0.09491484823 0 0 0 0 0 0 0.0007612416066 0 0 0 0 0 0 0.0007612416066 0 0 0 0 0 0 0.0013189429
70,1785495441.950114965,map,7.8595008850,-4.1535630226,-1.1792194843,0.0379519880,0.0577972296,0.8535864486,0.5163422134,0.04323286578 0 0 0 0 0 0 0.04323286578 0 0 0 0 0 0 0.09481789471 0 0 0 0 0 0 0.0007597265466 0 0 0 0 0 0 0.0007597265466 0 0 0 0 0 0 0.001316948402
71,1785495442.149733067,map,7.8551135063,-4.1453237534,-1.1790726185,0.0380469341,0.0577577593,0.8535613581,0.5163811861,0.04336945043 0 0 0 0 0 0 0.04336945043 0 0 0 0 0 0 0.09502011689 0 0 0 0 0 0 0.000762887436 0 0 0 0 0 0 0.000762887436 0 0 0 0 0 0 0.001321109009
72,1785495442.249936104,map,7.8570895195,-4.1417336464,-1.1806576252,0.0378599078,0.0577000063,0.8535366189,0.5164422076,0.04326521146 0 0 0 0 0 0 0.04326521146 0 0 0 0 0 0 0.09486579388 0 0 0 0 0 0 0.000760474959 0 0 0 0 0 0 0.000760474959 0 0 0 0 0 0 0.001317933708
73,1785495442.450529099,map,7.8584423065,-4.1386952400,-1.1799249649,0.0377137118,0.0576737880,0.8535910998,0.5163658123,0.04325665765 0 0 0 0 0 0 0.04325665765 0 0 0 0 0 0 0.09485312752 0 0 0 0 0 0 0.0007602770328 0 0 0 0 0 0 0.0007602770328 0 0 0 0 0 0 0.001317673144
74,1785495442.549712896,map,7.8579249382,-4.1456699371,-1.1801675558,0.0377420506,0.0577634181,0.8535994803,0.5163398469,0.04329661803 0 0 0 0 0 0 0.04329661803 0 0 0 0 0 0 0.09491229682 0 0 0 0 0 0 0.0007612017271 0 0 0 0 0 0 0.0007612017271 0 0 0 0 0 0 0.001318890407
75,1785495442.750119925,map,7.8654146194,-4.1451416016,-1.1803547144,0.0375752861,0.0576897660,0.8535869775,0.5163809624,0.04324783755 0 0 0 0 0 0 0.04324783755 0 0 0 0 0 0 0.09484006642 0 0 0 0 0 0 0.0007600729515 0 0 0 0 0 0 0.0007600729515 0 0 0 0 0 0 0.001317404469
76,1785495442.950367928,map,7.8655972481,-4.1428747177,-1.1810979843,0.0376109611,0.0578784786,0.8536858662,0.5161936543,0.04330378366 0 0 0 0 0 0 0.04330378366 0 0 0 0 0 0 0.09492290602 0 0 0 0 0 0 0.0007613675561 0 0 0 0 0 0 0.0007613675561 0 0 0 0 0 0 0.001319108685
77,1785495443.049598932,map,7.8654737473,-4.1457738876,-1.1799995899,0.0378233297,0.0576989899,0.8536682721,0.5162273342,0.04318377385 0 0 0 0 0 0 0.04318377385 0 0 0 0 0 0 0.09474518569 0 0 0 0 0 0 0.0007585908299 0 0 0 0 0 0 0.0007585908299 0 0 0 0 0 0 0.001315452977
78,1785495443.250076056,map,7.8630886078,-4.1483807564,-1.1803758144,0.0376722118,0.0577733858,0.8536405314,0.5162759847,0.0433433602 0 0 0 0 0 0 0.0433433602 0 0 0 0 0 0 0.09498149666 0 0 0 0 0 0 0.0007622835252 0 0 0 0 0 0 0.0007622835252 0 0 0 0 0 0 0.001320314255
79,1785495443.350562096,map,7.8568987846,-4.1492223740,-1.1800415516,0.0378150936,0.0576408682,0.8535981481,0.5163503588,0.04342871658 0 0 0 0 0 0 0.04342871658 0 0 0 0 0 0 0.09510783201 0 0 0 0 0 0 0.0007642594837 0 0 0 0 0 0 0.0007642594837 0 0 0 0 0 0 0.001322914359
80,1785495443.549992085,map,7.8654975891,-4.1477613449,-1.1804765463,0.0379710940,0.0574562418,0.8539990530,0.5156962244,0.04329029438 0 0 0 0 0 0 0.04329029438 0 0 0 0 0 0 0.094902934 0 0 0 0 0 0 0.0007610553872 0 0 0 0 0 0 0.0007610553872 0 0 0 0 0 0 0.001318697778
81,1785495443.749706030,map,7.8650612831,-4.1406359673,-1.1809450388,0.0390105785,0.0572015097,0.8551392073,0.5137539134,0.04327871442 0 0 0 0 0 0 0.04327871442 0 0 0 0 0 0 0.09488578806 0 0 0 0 0 0 0.0007607874159 0 0 0 0 0 0 0.0007607874159 0 0 0 0 0 0 0.001318345032
82,1785495443.850054979,map,7.8698220253,-4.1309843063,-1.1823204756,0.0396540072,0.0568654071,0.8567969638,0.5109724543,0.04323546571 0 0 0 0 0 0 0.04323546571 0 0 0 0 0 0 0.09482174504 0 0 0 0 0 0 0.0007597867003 0 0 0 0 0 0 0.0007597867003 0 0 0 0 0 0 0.001317027601
83,1785495444.049441099,map,7.7776465416,-4.1147384644,-1.1696528196,0.0427826969,0.0561958751,0.8625968264,0.5009375440,0.04327792359 0 0 0 0 0 0 0.04327792359 0 0 0 0 0 0 0.09488461708 0 0 0 0 0 0 0.0007607691158 0 0 0 0 0 0 0.0007607691158 0 0 0 0 0 0 0.001318320942
84,1785495444.149461031,map,7.7749152184,-4.1313519478,-1.1666179895,0.0435812438,0.0553276065,0.8676355768,0.4921869841,0.04325728302 0 0 0 0 0 0 0.04325728302 0 0 0 0 0 0 0.09485405358 0 0 0 0 0 0 0.0007602915032 0 0 0 0 0 0 0.0007602915032 0 0 0 0 0 0 0.001317692194
85,1785495444.349968910,map,7.7477951050,-4.1469364166,-1.1643459797,0.0462003718,0.0542572323,0.8786539182,0.4721111652,0.04336219492 0 0 0 0 0 0 0.04336219492 0 0 0 0 0 0 0.09500937725 0 0 0 0 0 0 0.0007627194868 0 0 0 0 0 0 0.0007627194868 0 0 0 0 0 0 0.001320887993
86,1785495444.450339079,map,7.7723689079,-4.1445746422,-1.1689409018,0.0478140863,0.0535711136,0.8844956750,0.4609895467,0.04346719561 0 0 0 0 0 0 0.04346719561 0 0 0 0 0 0 0.09516477138 0 0 0 0 0 0 0.0007651504552 0 0 0 0 0 0 0.0007651504552 0 0 0 0 0 0 0.001324086497
87,1785495444.649785042,map,7.7665987015,-4.1060357094,-1.1648737192,0.0522871611,0.0501846335,0.8951582398,0.4398173369,0.0433299452 0 0 0 0 0 0 0.0433299452 0 0 0 0 0 0 0.09496163755 0 0 0 0 0 0 0.0007619730302 0 0 0 0 0 0 0.0007619730302 0 0 0 0 0 0 0.001319905611
88,1785495444.849252939,map,7.7554097176,-4.0763497353,-1.1652263403,0.0534618642,0.0489963134,0.9051144902,0.4189378842,0.04337307355 0 0 0 0 0 0 0.04337307355 0 0 0 0 0 0 0.09502547975 0 0 0 0 0 0 0.0007629713051 0 0 0 0 0 0 0.0007629713051 0 0 0 0 0 0 0.001321219375
89,1785495445.049653053,map,7.7856087685,-4.0942282677,-1.1673754454,0.0559292420,0.0474890494,0.9138241971,0.3994271651,0.04328852514 0 0 0 0 0 0 0.04328852514 0 0 0 0 0 0 0.09490031441 0 0 0 0 0 0 0.0007610144446 0 0 0 0 0 0 0.0007610144446 0 0 0 0 0 0 0.001318643884
90,1785495445.249355078,map,7.7709155083,-4.0845599174,-1.1653137207,0.0549338686,0.0455873665,0.9217926166,0.3810543564,0.0432289301 0 0 0 0 0 0 0.0432289301 0 0 0 0 0 0 0.09481206615 0 0 0 0 0 0 0.0007596354891 0 0 0 0 0 0 0.0007596354891 0 0 0 0 0 0 0.001316828515
91,1785495445.449702024,map,7.7835435867,-4.0911922455,-1.1691721678,0.0557525741,0.0445140391,0.9281847533,0.3652166516,0.04334306276 0 0 0 0 0 0 0.04334306276 0 0 0 0 0 0 0.09498105635 0 0 0 0 0 0 0.0007622766405 0 0 0 0 0 0 0.0007622766405 0 0 0 0 0 0 0.001320305194
92,1785495445.550033092,map,7.7876210213,-4.0938396454,-1.1677852869,0.0565690004,0.0441402728,0.9304483570,0.3593291525,0.04329953994 0 0 0 0 0 0 0.04329953994 0 0 0 0 0 0 0.09491662295 0 0 0 0 0 0 0.0007612693463 0 0 0 0 0 0 0.0007612693463 0 0 0 0 0 0 0.001318979414
93,1785495445.749820948,map,7.7670273781,-4.0972208977,-1.1635694504,0.0577065039,0.0426952611,0.9353820401,0.3462766273,0.04328755008 0 0 0 0 0 0 0.04328755008 0 0 0 0 0 0 0.09489887069 0 0 0 0 0 0 0.0007609918804 0 0 0 0 0 0 0.0007609918804 0 0 0 0 0 0 0.001318614181
94,1785495445.849170923,map,7.7840852737,-4.1098294258,-1.1669167280,0.0581065147,0.0436747704,0.9373454125,0.3407340819,0.0433343157 0 0 0 0 0 0 0.0433343157 0 0 0 0 0 0 0.0949681076 0 0 0 0 0 0 0.0007620741853 0 0 0 0 0 0 0.0007620741853 0 0 0 0 0 0 0.001320038744
95,1785495446.049406052,map,7.7590599060,-4.1285524368,-1.1656650305,0.0613361887,0.0439168457,0.9407377362,0.3306383393,0.04337738096 0 0 0 0 0 0 0.04337738096 0 0 0 0 0 0 0.09503185538 0 0 0 0 0 0 0.0007630710157 0 0 0 0 0 0 0.0007630710157 0 0 0 0 0 0 0.001321350587
96,1785495446.249042034,map,7.7457132339,-4.1023683548,-1.1620316505,0.0613762728,0.0412485485,0.9450303752,0.3185107395,0.0434283209 0 0 0 0 0 0 0.0434283209 0 0 0 0 0 0 0.09510724646 0 0 0 0 0 0 0.0007642503225 0 0 0 0 0 0 0.0007642503225 0 0 0 0 0 0 0.001322902306
97,1785495446.449839115,map,7.7637681961,-4.0871257782,-1.1650648117,0.0667765785,0.0379390457,0.9487795265,0.3064619340,0.04334749186 0 0 0 0 0 0 0.04334749186 0 0 0 0 0 0 0.09498761284 0 0 0 0 0 0 0.000762379157 0 0 0 0 0 0 0.000762379157 0 0 0 0 0 0 0.001320440113
98,1785495446.649688005,map,7.7461681366,-4.0983743668,-1.1588810682,0.0661965794,0.0363049662,0.9537445306,0.2909834045,0.04325103435 0 0 0 0 0 0 0.04325103435 0 0 0 0 0 0 0.0948448004 0 0 0 0 0 0 0.000760146919 0 0 0 0 0 0 0.000760146919 0 0 0 0 0 0 0.001317501849
99,1785495446.849490881,map,7.7484631538,-4.0920057297,-1.1558862925,0.0701625098,0.0327168101,0.9567267576,0.2805008837,0.04342968155 0 0 0 0 0 0 0.04342968155 0 0 0 0 0 0 0.09510926003 0 0 0 0 0 0 0.0007642818259 0 0 0 0 0 0 0.0007642818259 0 0 0 0 0 0 0.001322943754
100,1785495446.949672937,map,7.7378430367,-4.0754733086,-1.1572598219,0.0674940028,0.0291918656,0.9589641903,0.2738248730,0.04328294154 0 0 0 0 0 0 0.04328294154 0 0 0 0 0 0 0.09489204705 0 0 0 0 0 0 0.0007608852342 0 0 0 0 0 0 0.0007608852342 0 0 0 0 0 0 0.001318473797
101,1785495447.149368048,map,7.7086873055,-4.0788292885,-1.1576173306,0.0694634754,0.0279402816,0.9606883183,0.2673427083,0.04342624503 0 0 0 0 0 0 0.04342624503 0 0 0 0 0 0 0.09510417445 0 0 0 0 0 0 0.0007642022599 0 0 0 0 0 0 0.0007642022599 0 0 0 0 0 0 0.001322839071
102,1785495447.348818064,map,7.7356653214,-4.0587334633,-1.1637430191,0.0739695985,0.0271201568,0.9585124251,0.2739469673,0.04356630436 0 0 0 0 0 0 0.04356630436 0 0 0 0 0 0 0.09531138999 0 0 0 0 0 0 0.0007674458636 0 0 0 0 0 0 0.0007674458636 0 0 0 0 0 0 0.001327105522
103,1785495447.549590111,map,7.7692375183,-4.0467677116,-1.1662455797,0.0768132491,0.0271067617,0.9533986652,0.2905097662,0.04346702336 0 0 0 0 0 0 0.04346702336 0 0 0 0 0 0 0.0951645165 0 0 0 0 0 0 0.0007651464664 0 0 0 0 0 0 0.0007651464664 0 0 0 0 0 0 0.00132408125
104,1785495447.648853064,map,7.7679543495,-4.0437998772,-1.1694790125,0.0763828769,0.0272565761,0.9503125376,0.3005475010,0.0434188295 0 0 0 0 0 0 0.0434188295 0 0 0 0 0 0 0.09509320028 0 0 0 0 0 0 0.0007640305712 0 0 0 0 0 0 0.0007640305712 0 0 0 0 0 0 0.001322613181
105,1785495447.848512888,map,7.7780056000,-4.0349001884,-1.1690546274,0.0757433380,0.0272054003,0.9450634163,0.3168247783,0.04358972722 0 0 0 0 0 0 0.04358972722 0 0 0 0 0 0 0.0953460332 0 0 0 0 0 0 0.0007679884692 0 0 0 0 0 0 0.0007679884692 0 0 0 0 0 0 0.001327819024
106,1785495448.048907995,map,7.7728185654,-4.0242781639,-1.1669210196,0.0766717105,0.0270268496,0.9388773734,0.3345150066,0.04356937127 0 0 0 0 0 0 0.04356937127 0 0 0 0 0 0 0.09531592622 0 0 0 0 0 0 0.0007675169079 0 0 0 0 0 0 0.0007675169079 0 0 0 0 0 0 0.001327198946
107,1785495448.249659061,map,7.7668247223,-4.0224800110,-1.1681038141,0.0739751918,0.0287857186,0.9329987390,0.3510162682,0.04347565164 0 0 0 0 0 0 0.04347565164 0 0 0 0 0 0 0.09517728309 0 0 0 0 0 0 0.0007653462689 0 0 0 0 0 0 0.0007653462689 0 0 0 0 0 0 0.001324344083
108,1785495448.449238062,map,7.7899756432,-4.0297656059,-1.1720016003,0.0732433877,0.0290694829,0.9274457141,0.3655609699,0.04351227026 0 0 0 0 0 0 0.04351227026 0 0 0 0 0 0 0.09523146022 0 0 0 0 0 0 0.0007661943046 0 0 0 0 0 0 0.0007661943046 0 0 0 0 0 0 0.00132545955
109,1785495448.648749113,map,7.7849187851,-4.0286054611,-1.1687383652,0.0757475636,0.0260040500,0.9200907753,0.3834306580,0.04368273301 0 0 0 0 0 0 0.04368273301 0 0 0 0 0 0 0.09548356219 0 0 0 0 0 0 0.0007701434602 0 0 0 0 0 0 0.0007701434602 0 0 0 0 0 0 0.001330652142
110,1785495448.849306107,map,7.7906889915,-4.0235910416,-1.1747239828,0.0758474770,0.0284993299,0.9105135090,0.4054628287,0.04366547075 0 0 0 0 0 0 0.04366547075 0 0 0 0 0 0 0.09545803982 0 0 0 0 0 0 0.0007697434304 0 0 0 0 0 0 0.0007697434304 0 0 0 0 0 0 0.001330126303
111,1785495449.048813105,map,7.7466397285,-3.9831457138,-1.1580412388,0.0768631207,0.0294691420,0.8993897492,0.4293270464,0.04376551783 0 0 0 0 0 0 0.04376551783 0 0 0 0 0 0 0.09560593744 0 0 0 0 0 0 0.0007720622335 0 0 0 0 0 0 0.0007720622335 0 0 0 0 0 0 0.001333173912
112,1785495449.248466015,map,7.6946339607,-3.9569571018,-1.1578649282,0.0748915587,0.0270673745,0.8977357114,0.4332772749,0.04356937287 0 0 0 0 0 0 0.04356937287 0 0 0 0 0 0 0.0953159286 0 0 0 0 0 0 0.0007675169451 0 0 0 0 0 0 0.0007675169451 0 0 0 0 0 0 0.001327198995
113,1785495449.448721886,map,7.6501832008,-3.9474983215,-1.1510596275,0.0757443328,0.0265862365,0.9004909600,0.4274014479,0.04363144164 0 0 0 0 0 0 0.04363144164 0 0 0 0 0 0 0.09540772277 0 0 0 0 0 0 0.0007689549239 0 0 0 0 0 0 0.0007689549239 0 0 0 0 0 0 0.001329089717
114,1785495449.649141073,map,7.5754599571,-3.8860483170,-1.1319439411,0.0811178875,0.0258660645,0.9046081271,0.4176541509,0.04353730693 0 0 0 0 0 0 0.04353730693 0 0 0 0 0 0 0.09526849764 0 0 0 0 0 0 0.0007667741834 0 0 0 0 0 0 0.0007667741834 0 0 0 0 0 0 0.00132622221
115,1785495449.848632097,map,7.5325274467,-3.8730216026,-1.1228128672,0.0824002546,0.0255989413,0.9131288080,0.3984352921,0.04365603592 0 0 0 0 0 0 0.04365603592 0 0 0 0 0 0 0.09544408968 0 0 0 0 0 0 0.0007695248013 0 0 0 0 0 0 0.0007695248013 0 0 0 0 0 0 0.001329838902
116,1785495449.948101997,map,7.4960188866,-3.8190777302,-1.1198828220,0.0825891082,0.0252676447,0.9195482909,0.3833686417,0.04367588672 0 0 0 0 0 0 0.04367588672 0 0 0 0 0 0 0.09547344011 0 0 0 0 0 0 0.0007699848037 0 0 0 0 0 0 0.0007699848037 0 0 0 0 0 0 0.001330443592
117,1785495450.148680925,map,7.5135607719,-3.8178353310,-1.1189682484,0.0836767562,0.0225000376,0.9277851452,0.3629141477,0.04365777125 0 0 0 0 0 0 0.04365777125 0 0 0 0 0 0 0.09544665554 0 0 0 0 0 0 0.0007695650127 0 0 0 0 0 0 0.0007695650127 0 0 0 0 0 0 0.001329891763
118,1785495450.349345922,map,7.4942536354,-3.8153440952,-1.1144627333,0.0866479442,0.0201660108,0.9340554058,0.3458698790,0.04374561651 0 0 0 0 0 0 0.04374561651 0 0 0 0 0 0 0.09557652207 0 0 0 0 0 0 0.0007716009116 0 0 0 0 0 0 0.0007716009116 0 0 0 0 0 0 0.001332567683
119,1785495450.548806906,map,7.5043830872,-3.8528525829,-1.1208387613,0.0867398654,0.0176988890,0.9435742057,0.3191091627,0.04366795757 0 0 0 0 0 0 0.04366795757 0 0 0 0 0 0 0.09546171671 0 0 0 0 0 0 0.0007698010577 0 0 0 0 0 0 0.0007698010577 0 0 0 0 0 0 0.001330202056
120,1785495450.749181986,map,7.5143890381,-3.8565943241,-1.1262558699,0.0809936714,0.0152079147,0.9544288675,0.2868349144,0.04364965861 0 0 0 0 0 0 0.04364965861 0 0 0 0 0 0 0.09543466004 0 0 0 0 0 0 0.000769377027 0 0 0 0 0 0 0.000769377027 0 0 0 0 0 0 0.001329644638
121,1785495450.949321985,map,7.4922938347,-3.8785185814,-1.1265990734,0.0716260185,0.0150172163,0.9641289708,0.2551460784,0.04359956069 0 0 0 0 0 0 0.04359956069 0 0 0 0 0 0 0.09536057634 0 0 0 0 0 0 0.0007682162814 0 0 0 0 0 0 0.0007682162814 0 0 0 0 0 0 0.001328118568
122,1785495451.148902893,map,7.4867033958,-3.8865494728,-1.1220858097,0.0657483541,0.0133740153,0.9728290680,0.2215894843,0.04335119645 0 0 0 0 0 0 0.04335119645 0 0 0 0 0 0 0.09499309672 0 0 0 0 0 0 0.0007624649049 0 0 0 0 0 0 0.0007624649049 0 0 0 0 0 0 0.001320552961
123,1785495451.348601103,map,7.4960432053,-3.9191992283,-1.1228839159,0.0613274853,0.0108509809,0.9803295037,0.1872839393,0.04336870472 0 0 0 0 0 0 0.04336870472 0 0 0 0 0 0 0.09501901311 0 0 0 0 0 0 0.0007628701743 0 0 0 0 0 0 0.0007628701743 0 0 0 0 0 0 0.001321086293
124,1785495451.548172951,map,7.4969148636,-3.9054768085,-1.1243947744,0.0634848858,0.0081565386,0.9865785866,0.1502192444,0.04345967524 0 0 0 0 0 0 0.04345967524 0 0 0 0 0 0 0.09515364375 0 0 0 0 0 0 0.0007649763133 0 0 0 0 0 0 0.0007649763133 0 0 0 0 0 0 0.001323857414
125,1785495451.648359060,map,7.4703927040,-3.9119822979,-1.1167585850,0.0630852618,0.0047254270,0.9892660293,0.1317218184,0.04339590814 0 0 0 0 0 0 0.04339590814 0 0 0 0 0 0 0.09505927725 0 0 0 0 0 0 0.0007634999117 0 0 0 0 0 0 0.0007634999117 0 0 0 0 0 0 0.001321914957
126,1785495451.848891973,map,7.4567098618,-3.9152305126,-1.1162000895,0.0635191171,0.0014967212,0.9928114649,0.1014321158,0.04341883538 0 0 0 0 0 0 0.04341883538 0 0 0 0 0 0 0.09509320898 0 0 0 0 0 0 0.0007640307073 0 0 0 0 0 0 0.0007640307073 0 0 0 0 0 0 0.00132261336
127,1785495451.948299885,map,7.4463815689,-3.9254789352,-1.1148506403,0.0629307083,0.0000394748,0.9947331280,0.0809056297,0.04341029886 0 0 0 0 0 0 0.04341029886 0 0 0 0 0 0 0.09508057549 0 0 0 0 0 0 0.0007638330706 0 0 0 0 0 0 0.0007638330706 0 0 0 0 0 0 0.001322353323
128,1785495452.148870945,map,7.4440369606,-3.9321951866,-1.1178412437,0.0632971090,-0.0025309299,0.9973823888,0.0348632074,0.04346128275 0 0 0 0 0 0 0.04346128275 0 0 0 0 0 0 0.09515602234 0 0 0 0 0 0 0.0007650135363 0 0 0 0 0 0 0.0007650135363 0 0 0 0 0 0 0.001323906381
129,1785495452.348536968,map,7.4532842636,-3.9438865185,-1.1181436777,0.0636630843,-0.0038864666,0.9979448658,-0.0061603922,0.04336646637 0 0 0 0 0 0 0.04336646637 0 0 0 0 0 0 0.09501569991 0 0 0 0 0 0 0.0007628183611 0 0 0 0 0 0 0.0007628183611 0 0 0 0 0 0 0.001321018109
130,1785495452.448662043,map,7.4375181198,-3.9583775997,-1.1140983105,0.0648724428,-0.0039031352,0.9975326393,-0.0265511686,0.04344693932 0 0 0 0 0 0 0.04344693932 0 0 0 0 0 0 0.09513479814 0 0 0 0 0 0 0.0007646814109 0 0 0 0 0 0 0.0007646814109 0 0 0 0 0 0 0.001323469455
131,1785495452.648294926,map,7.5104236603,-3.9376072884,-1.1246299744,0.0649667917,-0.0075737299,0.9956307326,-0.0666435659,0.04348506903 0 0 0 0 0 0 0.04348506903 0 0 0 0 0 0 0.09519121679 0 0 0 0 0 0 0.0007655643515 0 0 0 0 0 0 0.0007655643515 0 0 0 0 0 0 0.001324630953
132,1785495452.848217964,map,7.4292192459,-3.9596855640,-1.1129974127,0.0642004292,-0.0096885858,0.9926920682,-0.1017196711,0.04355166386 0 0 0 0 0 0 0.04355166386 0 0 0 0 0 0 0.09528973466 0 0 0 0 0 0 0.0007671067304 0 0 0 0 0 0 0.0007671067304 0 0 0 0 0 0 0.001326659547
133,1785495453.048947096,map,7.4205412865,-3.9763417244,-1.1040114164,0.0641445887,-0.0156803216,0.9889867925,-0.1324564957,0.04352092731 0 0 0 0 0 0 0.04352092731 0 0 0 0 0 0 0.09524426721 0 0 0 0 0 0 0.000766394806 0 0 0 0 0 0 0.000766394806 0 0 0 0 0 0 0.001325723258
134,1785495453.248739958,map,7.4462847710,-3.9802703857,-1.1084630489,0.0671692336,-0.0225765847,0.9844013619,-0.1610358875,0.04343893618 0 0 0 0 0 0 0.04343893618 0 0 0 0 0 0 0.09512295526 0 0 0 0 0 0 0.0007644961036 0 0 0 0 0 0 0.0007644961036 0 0 0 0 0 0 0.001323225666
135,1785495453.448164940,map,7.3892831802,-3.9841146469,-1.1013433933,0.0722605614,-0.0250652382,0.9802242673,-0.1825117280,0.04364754258 0 0 0 0 0 0 0.04364754258 0 0 0 0 0 0 0.09543153118 0 0 0 0 0 0 0.0007693279952 0 0 0 0 0 0 0.0007693279952 0 0 0 0 0 0 0.00132958018
136,1785495453.648405075,map,7.4204878807,-3.9875385761,-1.1107561588,0.0666763274,-0.0282382282,0.9788898354,-0.1911322942,0.04360690121 0 0 0 0 0 0 0.04360690121 0 0 0 0 0 0 0.0953714322 0 0 0 0 0 0 0.0007683863448 0 0 0 0 0 0 0.0007683863448 0 0 0 0 0 0 0.001328342173
137,1785495453.848185062,map,7.4252238274,-3.9801540375,-1.1034127474,0.0726037807,-0.0269333351,0.9785916267,-0.1906874943,0.04361405989 0 0 0 0 0 0 0.04361405989 0 0 0 0 0 0 0.09538201885 0 0 0 0 0 0 0.0007685521995 0 0 0 0 0 0 0.0007685521995 0 0 0 0 0 0 0.001328560239
138,1785495453.948399067,map,7.4335446358,-3.9683144093,-1.1118507385,0.0728370247,-0.0267560736,0.9789720183,-0.1886602346,0.04375603097 0 0 0 0 0 0 0.04375603097 0 0 0 0 0 0 0.09559191555 0 0 0 0 0 0 0.0007718423195 0 0 0 0 0 0 0.0007718423195 0 0 0 0 0 0 0.001332884925
139,1785495454.148185968,map,7.4677767754,-3.9565756321,-1.1126440763,0.0735434483,-0.0245816217,0.9807132781,-0.1794117377,0.04366374603 0 0 0 0 0 0 0.04366374603 0 0 0 0 0 0 0.09545548973 0 0 0 0 0 0 0.0007697034637 0 0 0 0 0 0 0.0007697034637 0 0 0 0 0 0 0.001330073765
140,1785495454.248543978,map,7.4580278397,-3.9721682072,-1.1134042740,0.0744711188,-0.0232085423,0.9817720771,-0.1733176593,0.0436874469 0 0 0 0 0 0 0.0436874469 0 0 0 0 0 0 0.09549053143 0 0 0 0 0 0 0.0007702527027 0 0 0 0 0 0 0.0007702527027 0 0 0 0 0 0 0.001330795735
141,1785495454.448097944,map,7.4692649841,-3.9696469307,-1.1145167351,0.0756626493,-0.0219625509,0.9847652101,-0.1550170374,0.04368681918 0 0 0 0 0 0 0.04368681918 0 0 0 0 0 0 0.09548960338 0 0 0 0 0 0 0.0007702381554 0 0 0 0 0 0 0.0007702381554 0 0 0 0 0 0 0.001330776614
142,1785495454.648950100,map,7.5232267380,-3.9519312382,-1.1264082193,0.0783103766,-0.0195274978,0.9889932186,-0.1240103968,0.04379182454 0 0 0 0 0 0 0.04379182454 0 0 0 0 0 0 0.09564481704 0 0 0 0 0 0 0.0007726720854 0 0 0 0 0 0 0.0007726720854 0 0 0 0 0 0 0.00133397526
143,1785495454.847742081,map,7.5127029419,-3.9389123917,-1.1199333668,0.0791392194,-0.0179073241,0.9932511778,-0.0828759146,0.04380223576 0 0 0 0 0 0 0.04380223576 0 0 0 0 0 0 0.09566020311 0 0 0 0 0 0 0.0007729134582 0 0 0 0 0 0 0.0007729134582 0 0 0 0 0 0 0.001334292404
144,1785495454.947994947,map,7.5086855888,-3.9558749199,-1.1238048077,0.0791466110,-0.0149155671,0.9948890207,-0.0609030146,0.04374737573 0 0 0 0 0 0 0.04374737573 0 0 0 0 0 0 0.0955791224 0 0 0 0 0 0 0.00077164169 0 0 0 0 0 0 0.00077164169 0 0 0 0 0 0 0.001332621272
145,1785495455.148749113,map,7.5333347321,-3.9597442150,-1.1248490810,0.0792479872,-0.0090654151,0.9966501814,-0.0180550386,0.04382532765 0 0 0 0 0 0 0.04382532765 0 0 0 0 0 0 0.09569432699 0 0 0 0 0 0 0.0007734488504 0 0 0 0 0 0 0.0007734488504 0 0 0 0 0 0 0.001334995823
146,1785495455.348277092,map,7.5398421288,-3.9657032490,-1.1250739098,0.0783052347,-0.0040648650,0.9966161891,0.0246563488,0.04367665205 0 0 0 0 0 0 0.04367665205 0 0 0 0 0 0 0.09547457163 0 0 0 0 0 0 0.0007700025392 0 0 0 0 0 0 0.0007700025392 0 0 0 0 0 0 0.001330466905
147,1785495455.547857046,map,7.5080275536,-3.9708371162,-1.1237328053,0.0760526011,0.0005147059,0.9950793243,0.0635049068,0.04357754873 0 0 0 0 0 0 0.04357754873 0 0 0 0 0 0 0.09532802117 0 0 0 0 0 0 0.0007677063408 0 0 0 0 0 0 0.0007677063408 0 0 0 0 0 0 0.001327448045
148,1785495455.748316050,map,7.5018930435,-3.9807345867,-1.1195652485,0.0754697077,0.0037406232,0.9923500994,0.0976300078,0.04366562475 0 0 0 0 0 0 0.04366562475 0 0 0 0 0 0 0.09545826752 0 0 0 0 0 0 0.000769746999 0 0 0 0 0 0 0.000769746999 0 0 0 0 0 0 0.001330130994
149,1785495455.947808027,map,7.5263156891,-3.9782178402,-1.1260442734,0.0680164417,0.0097293476,0.9883029769,0.1361481585,0.04356383092 0 0 0 0 0 0 0.04356383092 0 0 0 0 0 0 0.09530773151 0 0 0 0 0 0 0.0007673885674 0 0 0 0 0 0 0.0007673885674 0 0 0 0 0 0 0.001327030177
150,1785495456.148214102,map,7.4811344147,-3.9812078476,-1.1164407730,0.0653758631,0.0130401254,0.9823738905,0.1746352915,0.04344251186 0 0 0 0 0 0 0.04344251186 0 0 0 0 0 0 0.09512824652 0 0 0 0 0 0 0.0007645788953 0 0 0 0 0 0 0.0007645788953 0 0 0 0 0 0 0.001323334587
151,1785495456.347515106,map,7.5117263794,-3.9755289555,-1.1192716360,0.0643500307,0.0139229141,0.9760055327,0.2075534258,0.04353491537 0 0 0 0 0 0 0.04353491537 0 0 0 0 0 0 0.09526495988 0 0 0 0 0 0 0.0007667187898 0 0 0 0 0 0 0.0007667187898 0 0 0 0 0 0 0.001326149359
152,1785495456.547900915,map,7.4953188896,-3.9905188084,-1.1160387993,0.0636106862,0.0156172970,0.9674278358,0.2445264104,0.04349448946 0 0 0 0 0 0 0.04349448946 0 0 0 0 0 0 0.0952051545 0 0 0 0 0 0 0.0007657825122 0 0 0 0 0 0 0.0007657825122 0 0 0 0 0 0 0.001324917915
153,1785495456.748199940,map,7.5083351135,-4.0005054474,-1.1228681803,0.0634376199,0.0173969203,0.9586058606,0.2770339768,0.04345761089 0 0 0 0 0 0 0.04345761089 0 0 0 0 0 0 0.09515058914 0 0 0 0 0 0 0.000764928512 0 0 0 0 0 0 0.000764928512 0 0 0 0 0 0 0.00132379453
154,1785495456.947773933,map,7.4827737808,-3.9872429371,-1.1198173761,0.0633285948,0.0199288318,0.9503887015,0.3038974301,0.04340000718 0 0 0 0 0 0 0.04340000718 0 0 0 0 0 0 0.09506534393 0 0 0 0 0 0 0.0007635948065 0 0 0 0 0 0 0.0007635948065 0 0 0 0 0 0 0.00132203982
155,1785495457.148147106,map,7.4579210281,-3.9680657387,-1.1213524342,0.0655813812,0.0230163642,0.9434415098,0.3241719338,0.04348536195 0 0 0 0 0 0 0.04348536195 0 0 0 0 0 0 0.09519165018 0 0 0 0 0 0 0.0007655711349 0 0 0 0 0 0 0.0007655711349 0 0 0 0 0 0 0.001324639875
156,1785495457.248233080,map,7.4744963646,-3.9419796467,-1.1152516603,0.0672372158,0.0235852889,0.9399840427,0.3336958008,0.04350363288 0 0 0 0 0 0 0.04350363288 0 0 0 0 0 0 0.0952186819 0 0 0 0 0 0 0.0007659942648 0 0 0 0 0 0 0.0007659942648 0 0 0 0 0 0 0.00132519644
157,1785495457.447664022,map,7.3819689751,-3.9413578510,-1.1083644629,0.0725770040,0.0229787034,0.9364896655,0.3423326488,0.04354599947 0 0 0 0 0 0 0.04354599947 0 0 0 0 0 0 0.09528135592 0 0 0 0 0 0 0.000766975525 0 0 0 0 0 0 0.000766975525 0 0 0 0 0 0 0.001326487
158,1785495457.648264885,map,7.3244514465,-3.9022860527,-1.0934457779,0.0796019174,0.0247156056,0.9366583463,0.3401820390,0.04363938682 0 0 0 0 0 0 0.04363938682 0 0 0 0 0 0 0.09541947146 0 0 0 0 0 0 0.0007691390172 0 0 0 0 0 0 0.0007691390172 0 0 0 0 0 0 0.001329331741
159,1785495457.847779989,map,7.2675137520,-3.8882718086,-1.0790103674,0.0871160167,0.0241207994,0.9396395984,0.3300097182,0.04369776525 0 0 0 0 0 0 0.04369776525 0 0 0 0 0 0 0.09550578613 0 0 0 0 0 0 0.0007704918327 0 0 0 0 0 0 0.0007704918327 0 0 0 0 0 0 0.00133111005
160,1785495458.047487974,map,7.2311892509,-3.9057655334,-1.0775910616,0.0875029520,0.0267379184,0.9428310771,0.3204650974,0.04380411839 0 0 0 0 0 0 0.04380411839 0 0 0 0 0 0 0.09566298526 0 0 0 0 0 0 0.0007729571059 0 0 0 0 0 0 0.0007729571059 0 0 0 0 0 0 0.001334349752
161,1785495458.248130083,map,7.2536692619,-3.8584594727,-1.0696003437,0.0886454423,0.0279839392,0.9411348767,0.3249985110,0.04380798545 0 0 0 0 0 0 0.04380798545 0 0 0 0 0 0 0.09566869995 0 0 0 0 0 0 0.0007730467624 0 0 0 0 0 0 0.0007730467624 0 0 0 0 0 0 0.00133446755
162,1785495458.447789907,map,7.2679457664,-3.8336720467,-1.0734177828,0.0902450137,0.0257596345,0.9375154256,0.3350478993,0.04389983705 0 0 0 0 0 0 0.04389983705 0 0 0 0 0 0 0.09580441296 0 0 0 0 0 0 0.0007751766746 0 0 0 0 0 0 0.0007751766746 0 0 0 0 0 0 0.001337265509
163,1785495458.647501945,map,7.2637267113,-3.8120987415,-1.0705833435,0.0879069016,0.0263936807,0.9324291659,0.3495019401,0.04373080163 0 0 0 0 0 0 0.04373080163 0 0 0 0 0 0 0.09555462337 0 0 0 0 0 0 0.0007712575174 0 0 0 0 0 0 0.0007712575174 0 0 0 0 0 0 0.001332116396
164,1785495458.747806072,map,7.2642383575,-3.8030915260,-1.0736942291,0.0883891983,0.0254028814,0.9285767515,0.3595653885,0.04382975368 0 0 0 0 0 0 0.04382975368 0 0 0 0 0 0 0.09570086719 0 0 0 0 0 0 0.0007735514743 0 0 0 0 0 0 0.0007735514743 0 0 0 0 0 0 0.001335130648
165,1785495458.948473930,map,7.2412323952,-3.8153650761,-1.0743778944,0.0839402867,0.0296733986,0.9197672169,0.3822326363,0.04377696739 0 0 0 0 0 0 0.04377696739 0 0 0 0 0 0 0.09562285962 0 0 0 0 0 0 0.0007723276545 0 0 0 0 0 0 0.0007723276545 0 0 0 0 0 0 0.001333522685
166,1785495459.147989988,map,7.2357439995,-3.8014316559,-1.0761727095,0.0833328915,0.0293985414,0.9131818099,0.3978571802,0.04380037196 0 0 0 0 0 0 0.04380037196 0 0 0 0 0 0 0.09565744877 0 0 0 0 0 0 0.0007728702475 0 0 0 0 0 0 0.0007728702475 0 0 0 0 0 0 0.001334235629
167,1785495459.248125076,map,7.2085700035,-3.7716495991,-1.0685676336,0.0833462592,0.0293010743,0.9121311357,0.4002644783,0.04367390899 0 0 0 0 0 0 0.04367390899 0 0 0 0 0 0 0.09547051602 0 0 0 0 0 0 0.0007699389723 0 0 0 0 0 0 0.0007699389723 0 0 0 0 0 0 0.001330383347
168,1785495459.448663950,map,7.1984114647,-3.7832617760,-1.0704958439,0.0834207318,0.0296726913,0.9126501584,0.3990366022,0.04364926052 0 0 0 0 0 0 0.04364926052 0 0 0 0 0 0 0.09543407141 0 0 0 0 0 0 0.0007693678026 0 0 0 0 0 0 0.0007693678026 0 0 0 0 0 0 0.001329632512
169,1785495459.647929907,map,7.1928591728,-3.7783641815,-1.0687565804,0.0829561942,0.0303380637,0.9145688423,0.3946665936,0.04367359346 0 0 0 0 0 0 0.04367359346 0 0 0 0 0 0 0.09547004951 0 0 0 0 0 0 0.0007699316602 0 0 0 0 0 0 0.0007699316602 0 0 0 0 0 0 0.001330373735
170,1785495459.747967958,map,7.2171950340,-3.7792906761,-1.0740687847,0.0826434640,0.0313823367,0.9158770166,0.3916050218,0.04370436209 0 0 0 0 0 0 0.04370436209 0 0 0 0 0 0 0.09551553863 0 0 0 0 0 0 0.0007706447205 0 0 0 0 0 0 0.0007706447205 0 0 0 0 0 0 0.001331311001
171,1785495459.948296070,map,7.1791710854,-3.7994780540,-1.0629357100,0.0834765833,0.0327029946,0.9217355914,0.3773137590,0.04365296768 0 0 0 0 0 0 0.04365296768 0 0 0 0 0 0 0.09543955294 0 0 0 0 0 0 0.0007694537039 0 0 0 0 0 0 0.0007694537039 0 0 0 0 0 0 0.001329745438
172,1785495460.147986889,map,7.1491508484,-3.8088130951,-1.0573803186,0.0846601079,0.0341387408,0.9286240979,0.3596171469,0.04361388546 0 0 0 0 0 0 0.04361388546 0 0 0 0 0 0 0.09538176089 0 0 0 0 0 0 0.0007685481581 0 0 0 0 0 0 0.0007685481581 0 0 0 0 0 0 0.001328554925
173,1785495460.348408937,map,7.1643176079,-3.8387541771,-1.0637621880,0.0863472327,0.0329093463,0.9378762682,0.3344386754,0.04364929981 0 0 0 0 0 0 0.04364929981 0 0 0 0 0 0 0.0954341295 0 0 0 0 0 0 0.0007693687129 0 0 0 0 0 0 0.0007693687129 0 0 0 0 0 0 0.001329633708
174,1785495460.547884941,map,7.1506385803,-3.8461670876,-1.0580922365,0.0865703433,0.0303558325,0.9473163945,0.3068806824,0.04368945398 0 0 0 0 0 0 0.04368945398 0 0 0 0 0 0 0.09549349876 0 0 0 0 0 0 0.0007702992166 0 0 0 0 0 0 0.0007702992166 0 0 0 0 0 0 0.001330856874
175,1785495460.748308897,map,7.1857562065,-3.8385610580,-1.0632120371,0.0845400833,0.0249166904,0.9589558459,0.2695103195,0.04358490782 0 0 0 0 0 0 0.04358490782 0 0 0 0 0 0 0.09533890539 0 0 0 0 0 0 0.0007678768209 0 0 0 0 0 0 0.0007678768209 0 0 0 0 0 0 0.001327672216
176,1785495460.947901011,map,7.1695852280,-3.8430883884,-1.0638639927,0.0816652035,0.0198421282,0.9680979211,0.2360582655,0.0437911652 0 0 0 0 0 0 0.0437911652 0 0 0 0 0 0 0.09564384263 0 0 0 0 0 0 0.0007726567997 0 0 0 0 0 0 0.0007726567997 0 0 0 0 0 0 0.001333955175
177,1785495461.147418976,map,7.1442503929,-3.9002070427,-1.0615853071,0.0804281079,0.0174636687,0.9755244651,0.2039077223,0.0436413568 0 0 0 0 0 0 0.0436413568 0 0 0 0 0 0 0.09542238445 0 0 0 0 0 0 0.0007691846633 0 0 0 0 0 0 0.0007691846633 0 0 0 0 0 0 0.00132939175
178,1785495461.348052025,map,7.1726026535,-3.8819932938,-1.0701431036,0.0824047970,0.0160072164,0.9819799457,0.1693180536,0.04375784627 0 0 0 0 0 0 0.04375784627 0 0 0 0 0 0 0.09559459866 0 0 0 0 0 0 0.0007718843993 0 0 0 0 0 0 0.0007718843993 0 0 0 0 0 0 0.001332940223
179,1785495461.548593998,map,7.1318159103,-3.8807899952,-1.0613938570,0.0839971033,0.0142570384,0.9873461389,0.1337491262,0.04375951323 0 0 0 0 0 0 0.04375951323 0 0 0 0 0 0 0.09559706251 0 0 0 0 0 0 0.0007719230407 0 0 0 0 0 0 0.0007719230407 0 0 0 0 0 0 0.001332991001
180,1785495461.748104095,map,7.1865816116,-3.8910350800,-1.0650957823,0.0835530834,0.0113119234,0.9920597820,0.0933184186,0.0436522128 0 0 0 0 0 0 0.0436522128 0 0 0 0 0 0 0.09543843675 0 0 0 0 0 0 0.0007694362119 0 0 0 0 0 0 0.0007694362119 0 0 0 0 0 0 0.001329722443
181,1785495461.947863102,map,7.1534299850,-3.9004421234,-1.0620789528,0.0812501314,0.0061382882,0.9950386518,0.0570861995,0.04352397578 0 0 0 0 0 0 0.04352397578 0 0 0 0 0 0 0.09524877693 0 0 0 0 0 0 0.0007664654116 0 0 0 0 0 0 0.0007664654116 0 0 0 0 0 0 0.00132581612
182,1785495462.148657084,map,7.1814990044,-3.8891339302,-1.0668029785,0.0790775532,0.0045229332,0.9962823652,0.0338783478,0.04351905866 0 0 0 0 0 0 0.04351905866 0 0 0 0 0 0 0.09524150282 0 0 0 0 0 0 0.0007663515267 0 0 0 0 0 0 0.0007663515267 0 0 0 0 0 0 0.001325666336
183,1785495462.348077059,map,7.2112984657,-3.8829588890,-1.0714470148,0.0801866312,0.0039546508,0.9962907708,0.0309705839,0.04344786603 0 0 0 0 0 0 0.04344786603 0 0 0 0 0 0 0.09513616944 0 0 0 0 0 0 0.0007647028685 0 0 0 0 0 0 0.0007647028685 0 0 0 0 0 0 0.001323497685
184,1785495462.448297977,map,7.2352423668,-3.8817670345,-1.0755206347,0.0803357134,0.0042275500,0.9962753056,0.0310452797,0.04348363815 0 0 0 0 0 0 0.04348363815 0 0 0 0 0 0 0.09518909973 0 0 0 0 0 0 0.0007655312156 0 0 0 0 0 0 0.0007655312156 0 0 0 0 0 0 0.001324587366
185,1785495462.548378944,map,7.2392587662,-3.8799543381,-1.0759797096,0.0803437687,0.0042199296,0.9962406574,0.0321188418,0.04351978931 0 0 0 0 0 0 0.04351978931 0 0 0 0 0 0 0.09524258371 0 0 0 0 0 0 0.000766368449 0 0 0 0 0 0 0.000766368449 0 0 0 0 0 0 0.001325688593
186,1785495462.747872114,map,7.2435145378,-3.8841547966,-1.0783160925,0.0804398059,0.0044708170,0.9961549404,0.0344205861,0.04351402247 0 0 0 0 0 0 0.04351402247 0 0 0 0 0 0 0.09523405242 0 0 0 0 0 0 0.0007662348861 0 0 0 0 0 0 0.0007662348861 0 0 0 0 0 0 0.001325512925
187,1785495462.948016882,map,7.2790660858,-3.8785972595,-1.0821213722,0.0813128583,0.0047335722,0.9958693757,0.0401248379,0.04357496172 0 0 0 0 0 0 0.04357496172 0 0 0 0 0 0 0.09532419488 0 0 0 0 0 0 0.0007676464116 0 0 0 0 0 0 0.0007676464116 0 0 0 0 0 0 0.001327369241
188,1785495463.048387051,map,7.2602667809,-3.8811721802,-1.0777986050,0.0823496448,0.0050710444,0.9955246814,0.0460805152,0.04357245532 0 0 0 0 0 0 0.04357245532 0 0 0 0 0 0 0.09532048776 0 0 0 0 0 0 0.00076758835 0 0 0 0 0 0 0.00076758835 0 0 0 0 0 0 0.001327292891
189,1785495463.248836040,map,7.2762789726,-3.8821735382,-1.0819168091,0.0851805990,0.0065498091,0.9942755692,0.0641676245,0.04367638252 0 0 0 0 0 0 0.04367638252 0 0 0 0 0 0 0.09547417314 0 0 0 0 0 0 0.0007699962933 0 0 0 0 0 0 0.0007699962933 0 0 0 0 0 0 0.001330458695
190,1785495463.448587894,map,7.3052220345,-3.8395714760,-1.0787256956,0.0876583769,0.0071726494,0.9919528083,0.0910724787,0.04373884045 0 0 0 0 0 0 0.04373884045 0 0 0 0 0 0 0.09556650615 0 0 0 0 0 0 0.0007714438471 0 0 0 0 0 0 0.0007714438471 0 0 0 0 0 0 0.001332361272
191,1785495463.648205996,map,7.3462991714,-3.8668045998,-1.0897573233,0.0853053435,0.0097965263,0.9886205943,0.1235165789,0.0437183963 0 0 0 0 0 0 0.0437183963 0 0 0 0 0 0 0.09553628544 0 0 0 0 0 0 0.0007709699882 0 0 0 0 0 0 0.0007709699882 0 0 0 0 0 0 0.001331738508
192,1785495463.847646952,map,7.2051305771,-3.8479311466,-1.0881202221,0.0826062370,0.0145269520,0.9855788076,0.1469679790,0.04363072254 0 0 0 0 0 0 0.04363072254 0 0 0 0 0 0 0.09540665941 0 0 0 0 0 0 0.0007689382623 0 0 0 0 0 0 0.0007689382623 0 0 0 0 0 0 0.001329067812
193,1785495464.048295021,map,7.1805734634,-3.8442344666,-1.0706371069,0.0864757516,0.0110319660,0.9857788067,0.1436676279,0.04371021214 0 0 0 0 0 0 0.04371021214 0 0 0 0 0 0 0.0955241869 0 0 0 0 0 0 0.0007707803037 0 0 0 0 0 0 0.0007707803037 0 0 0 0 0 0 0.001331489204
194,1785495464.248743057,map,7.1878261566,-3.8458578587,-1.0686441660,0.0869574424,0.0109894955,0.9861107313,0.1410789143,0.04360041323 0 0 0 0 0 0 0.04360041323 0 0 0 0 0 0 0.09536183716 0 0 0 0 0 0 0.0007682360325 0 0 0 0 0 0 0.0007682360325 0 0 0 0 0 0 0.001328144538
195,1785495464.448523045,map,7.1949901581,-3.8602392673,-1.0658850670,0.0885560217,0.0109436879,0.9869398203,0.1341188019,0.0435450514 0 0 0 0 0 0 0.0435450514 0 0 0 0 0 0 0.09527995353 0 0 0 0 0 0 0.0007669535649 0 0 0 0 0 0 0.0007669535649 0 0 0 0 0 0 0.00132645812
196,1785495464.648020983,map,7.0938134193,-3.8548722267,-1.0448347330,0.0961368713,0.0059767159,0.9873519343,0.1259291594,0.04377695852 0 0 0 0 0 0 0.04377695852 0 0 0 0 0 0 0.09562284649 0 0 0 0 0 0 0.0007723274487 0 0 0 0 0 0 0.0007723274487 0 0 0 0 0 0 0.001333522415
197,1785495464.847757101,map,7.1126184464,-3.8553028107,-1.0545725822,0.0857023053,0.0089336457,0.9886748393,0.1228713207,0.04377316769 0 0 0 0 0 0 0.04377316769 0 0 0 0 0 0 0.09561724383 0 0 0 0 0 0 0.0007722395695 0 0 0 0 0 0 0.0007722395695 0 0 0 0 0 0 0.00133340694
198,1785495464.948153973,map,7.0141067505,-3.8124973774,-1.0413649082,0.0868181843,0.0081970204,0.9886206395,0.1225751225,0.04358482464 0 0 0 0 0 0 0.04358482464 0 0 0 0 0 0 0.09533878237 0 0 0 0 0 0 0.000767874894 0 0 0 0 0 0 0.000767874894 0 0 0 0 0 0 0.001327669682
199,1785495465.148612022,map,6.9681067467,-3.8249039650,-1.0430119038,0.0764282978,0.0144378220,0.9900705627,0.1170920155,0.04351535944 0 0 0 0 0 0 0.04351535944 0 0 0 0 0 0 0.09523603031 0 0 0 0 0 0 0.0007662658507 0 0 0 0 0 0 0.0007662658507 0 0 0 0 0 0 0.001325553651
200,1785495465.348272085,map,6.8786735535,-3.7737808228,-1.0169130564,0.0648243738,0.0147407972,0.9911871771,0.1145795317,0.04333524268 0 0 0 0 0 0 0.04333524268 0 0 0 0 0 0 0.09496947988 0 0 0 0 0 0 0.0007620956405 0 0 0 0 0 0 0.0007620956405 0 0 0 0 0 0 0.001320066981
201,1785495465.547962904,map,6.8255662918,-3.7918660641,-1.0071161985,0.0697248162,0.0192686073,0.9908993236,0.1135151392,0.04338483677 0 0 0 0 0 0 0.04338483677 0 0 0 0 0 0 0.09504289086 0 0 0 0 0 0 0.0007632436108 0 0 0 0 0 0 0.0007632436108 0 0 0 0 0 0 0.001321577703
202,1785495465.748684883,map,6.8068118095,-3.8041570187,-0.9961877465,0.0661655276,0.0206807585,0.9910680132,0.1139237382,0.04329967431 0 0 0 0 0 0 0.04329967431 0 0 0 0 0 0 0.09491682188 0 0 0 0 0 0 0.0007612724558 0 0 0 0 0 0 0.0007612724558 0 0 0 0 0 0 0.001318983507
203,1785495465.947807074,map,6.8345222473,-3.7697010040,-1.0035427809,0.0697473353,0.0204688775,0.9900722559,0.1203049183,0.04338482724 0 0 0 0 0 0 0.04338482724 0 0 0 0 0 0 0.09504287676 0 0 0 0 0 0 0.0007632433903 0 0 0 0 0 0 0.0007632433903 0 0 0 0 0 0 0.001321577413
204,1785495466.048361063,map,6.8380532265,-3.7605042458,-1.0047454834,0.0692847766,0.0205313501,0.9898877487,0.1220668549,0.04333207456 0 0 0 0 0 0 0.04333207456 0 0 0 0 0 0 0.09496478985 0 0 0 0 0 0 0.0007620223141 0 0 0 0 0 0 0.0007620223141 0 0 0 0 0 0 0.001319970475
205,1785495466.247770071,map,6.8217282295,-3.7645399570,-1.0021411180,0.0692413912,0.0202353408,0.9895426349,0.1249061054,0.04338403674 0 0 0 0 0 0 0.04338403674 0 0 0 0 0 0 0.09504170673 0 0 0 0 0 0 0.0007632250906 0 0 0 0 0 0 0.0007632250906 0 0 0 0 0 0 0.001321553333
206,1785495466.448452950,map,6.8112645149,-3.7700276375,-1.0007202625,0.0698674003,0.0203116217,0.9889061200,0.1295016132,0.04338117874 0 0 0 0 0 0 0.04338117874 0 0 0 0 0 0 0.09503747657 0 0 0 0 0 0 0.0007631589301 0 0 0 0 0 0 0.0007631589301 0 0 0 0 0 0 0.001321466273
207,1785495466.648071051,map,6.8536305428,-3.7434682846,-1.0081071854,0.0692041669,0.0208176210,0.9871420571,0.1425762017,0.04340221464 0 0 0 0 0 0 0.04340221464 0 0 0 0 0 0 0.095068611 0 0 0 0 0 0 0.0007636459111 0 0 0 0 0 0 0.0007636459111 0 0 0 0 0 0 0.001322107064
208,1785495466.748450994,map,6.8287715912,-3.7673909664,-1.0039228201,0.0685062125,0.0220561598,0.9856693523,0.1525659446,0.04337060265 0 0 0 0 0 0 0.04337060265 0 0 0 0 0 0 0.0950218224 0 0 0 0 0 0 0.000762914108 0 0 0 0 0 0 0.000762914108 0 0 0 0 0 0 0.001321144107
209,1785495466.948971033,map,6.8557610512,-3.7515590191,-1.0053827763,0.0665514473,0.0222734836,0.9824789725,0.1726553510,0.04338941981 0 0 0 0 0 0 0.04338941981 0 0 0 0 0 0 0.09504967416 0 0 0 0 0 0 0.0007633497065 0 0 0 0 0 0 0.0007633497065 0 0 0 0 0 0 0.001321717311
210,1785495467.148463011,map,6.8199834824,-3.7368240356,-1.0027928352,0.0648996683,0.0212705203,0.9771013986,0.2015153995,0.04347607882 0 0 0 0 0 0 0.04347607882 0 0 0 0 0 0 0.09517791514 0 0 0 0 0 0 0.0007653561611 0 0 0 0 0 0 0.0007653561611 0 0 0 0 0 0 0.001324357095
211,1785495467.348727942,map,6.8334865570,-3.7215168476,-1.0054098368,0.0622064554,0.0227764272,0.9707713497,0.2306828462,0.04343308852 0 0 0 0 0 0 0.04343308852 0 0 0 0 0 0 0.09511430181 0 0 0 0 0 0 0.0007643607086 0 0 0 0 0 0 0.0007643607086 0 0 0 0 0 0 0.001323047536
212,1785495467.548402071,map,6.8325347900,-3.7336180210,-1.0017796755,0.0584888364,0.0251462136,0.9619387706,0.2657452324,0.04346134983 0 0 0 0 0 0 0.04346134983 0 0 0 0 0 0 0.0951561216 0 0 0 0 0 0 0.0007650150896 0 0 0 0 0 0 0.0007650150896 0 0 0 0 0 0 0.001323908424
213,1785495467.647617102,map,6.8296442032,-3.7309510708,-1.0054724216,0.0577120926,0.0249861615,0.9575575724,0.2812978987,0.04350297273 0 0 0 0 0 0 0.04350297273 0 0 0 0 0 0 0.09521770525 0 0 0 0 0 0 0.0007659789762 0 0 0 0 0 0 0.0007659789762 0 0 0 0 0 0 0.001325176331
214,1785495467.848417044,map,6.8032093048,-3.7405703068,-1.0050239563,0.0565134570,0.0273015041,0.9488157508,0.3095311328,0.04342524896 0 0 0 0 0 0 0.04342524896 0 0 0 0 0 0 0.0951027004 0 0 0 0 0 0 0.0007641791981 0 0 0 0 0 0 0.0007641791981 0 0 0 0 0 0 0.001322808729
215,1785495468.047425985,map,6.7776098251,-3.7304663658,-0.9995047450,0.0557120997,0.0292957512,0.9395753143,0.3365057972,0.04345837035 0 0 0 0 0 0 0.04345837035 0 0 0 0 0 0 0.09515171291 0 0 0 0 0 0 0.0007649460976 0 0 0 0 0 0 0.0007649460976 0 0 0 0 0 0 0.001323817664
216,1785495468.248058081,map,6.7550272942,-3.7193410397,-0.9961027503,0.0584873285,0.0317730104,0.9313107512,0.3580921621,0.04345105425 0 0 0 0 0 0 0.04345105425 0 0 0 0 0 0 0.09514088719 0 0 0 0 0 0 0.0007647766913 0 0 0 0 0 0 0.0007647766913 0 0 0 0 0 0 0.001323594803
217,1785495468.448514938,map,6.7260127068,-3.7154164314,-0.9956895113,0.0607729969,0.0340616961,0.9240019637,0.3759877837,0.04336271813 0 0 0 0 0 0 0.04336271813 0 0 0 0 0 0 0.09501015173 0 0 0 0 0 0 0.000762731598 0 0 0 0 0 0 0.000762731598 0 0 0 0 0 0 0.001320903931
218,1785495468.648005962,map,6.7005748749,-3.6803033352,-0.9954048395,0.0635211199,0.0351008638,0.9168787389,0.3925129032,0.04345828313 0 0 0 0 0 0 0.04345828313 0 0 0 0 0 0 0.09515158385 0 0 0 0 0 0 0.000764944078 0 0 0 0 0 0 0.000764944078 0 0 0 0 0 0 0.001323815007
219,1785495468.847635031,map,6.6722426414,-3.6485836506,-0.9834350348,0.0640897311,0.0358731405,0.9136356678,0.3998443283,0.04366793369 0 0 0 0 0 0 0.04366793369 0 0 0 0 0 0 0.09546168139 0 0 0 0 0 0 0.0007698005042 0 0 0 0 0 0 0.0007698005042 0 0 0 0 0 0 0.001330201329
220,1785495469.048290014,map,6.6380662918,-3.6024994850,-0.9768022895,0.0590996621,0.0384604327,0.9122839930,0.4034426000,0.04344711324 0 0 0 0 0 0 0.04344711324 0 0 0 0 0 0 0.09513505549 0 0 0 0 0 0 0.0007646854378 0 0 0 0 0 0 0.0007646854378 0 0 0 0 0 0 0.001323474753
221,1785495469.247487068,map,6.5816507339,-3.5955722332,-0.9795914292,0.0564143931,0.0422260542,0.9117476177,0.4046611583,0.04331562268 0 0 0 0 0 0 0.04331562268 0 0 0 0 0 0 0.09494043388 0 0 0 0 0 0 0.0007616415474 0 0 0 0 0 0 0.0007616415474 0 0 0 0 0 0 0.001319469322
222,1785495469.447837114,map,6.5699434280,-3.5686905384,-0.9661660790,0.0598738305,0.0388362591,0.9073146781,0.4143512475,0.04346682631 0 0 0 0 0 0 0.04346682631 0 0 0 0 0 0 0.09516422494 0 0 0 0 0 0 0.0007651419036 0 0 0 0 0 0 0.0007651419036 0 0 0 0 0 0 0.001324075248
223,1785495469.647408009,map,6.5499548912,-3.5475702286,-0.9672695398,0.0634903489,0.0359690265,0.8990836929,0.4316523225,0.04349690485 0 0 0 0 0 0 0.04349690485 0 0 0 0 0 0 0.09520872804 0 0 0 0 0 0 0.0007658384496 0 0 0 0 0 0 0.0007658384496 0 0 0 0 0 0 0.001324991492
224,1785495469.847850084,map,6.5253758430,-3.5117778778,-0.9606099725,0.0584684492,0.0356635590,0.8895597780,0.4516557725,0.04351539343 0 0 0 0 0 0 0.04351539343 0 0 0 0 0 0 0.0952360806 0 0 0 0 0 0 0.000766266638 0 0 0 0 0 0 0.000766266638 0 0 0 0 0 0 0.001325554687
225,1785495470.048378944,map,6.5039887428,-3.4688086510,-0.9593493342,0.0588657071,0.0348056493,0.8835146483,0.4633845632,0.04347988594 0 0 0 0 0 0 0.04347988594 0 0 0 0 0 0 0.0951835481 0 0 0 0 0 0 0.0007654443236 0 0 0 0 0 0 0.0007654443236 0 0 0 0 0 0 0.001324473067
226,1785495470.247997046,map,6.4598474503,-3.3907299042,-0.9591436386,0.0545875253,0.0380776948,0.8797298726,0.4707925784,0.04338539232 0 0 0 0 0 0 0.04338539232 0 0 0 0 0 0 0.09504371312 0 0 0 0 0 0 0.0007632564714 0 0 0 0 0 0 0.0007632564714 0 0 0 0 0 0 0.001321594626
227,1785495470.448415041,map,6.4380774498,-3.3776936531,-0.9466904998,0.0543519389,0.0404122026,0.8846134030,0.4613803452,0.04337075683 0 0 0 0 0 0 0.04337075683 0 0 0 0 0 0 0.0950220506 0 0 0 0 0 0 0.0007629176768 0 0 0 0 0 0 0.0007629176768 0 0 0 0 0 0 0.001321148804
228,1785495470.647924900,map,6.3741779327,-3.4125213623,-0.9476940632,0.0542769673,0.0423790133,0.8943123029,0.4421125868,0.04333046594 0 0 0 0 0 0 0.04333046594 0 0 0 0 0 0 0.09496240846 0 0 0 0 0 0 0.0007619850828 0 0 0 0 0 0 0.0007619850828 0 0 0 0 0 0 0.001319921473
229,1785495470.847778082,map,6.3725943565,-3.3649454117,-0.9399859309,0.0551450839,0.0398389148,0.9054021075,0.4190691010,0.04328639556 0 0 0 0 0 0 0.04328639556 0 0 0 0 0 0 0.09489716127 0 0 0 0 0 0 0.0007609651636 0 0 0 0 0 0 0.0007609651636 0 0 0 0 0 0 0.001318579013
230,1785495471.048408985,map,6.3198795319,-3.3891744614,-0.9279307127,0.0577000472,0.0353754331,0.9154118010,0.3967877713,0.04338683897 0 0 0 0 0 0 0.04338683897 0 0 0 0 0 0 0.0950458543 0 0 0 0 0 0 0.0007632899607 0 0 0 0 0 0 0.0007632899607 0 0 0 0 0 0 0.001321638694
231,1785495471.248130083,map,6.3283166885,-3.3510847092,-0.9298292994,0.0613351428,0.0290291434,0.9238036396,0.3768051851,0.04350302602 0 0 0 0 0 0 0.04350302602 0 0 0 0 0 0 0.09521778409 0 0 0 0 0 0 0.0007659802104 0 0 0 0 0 0 0.0007659802104 0 0 0 0 0 0 0.001325177954
232,1785495471.447999001,map,6.3294639587,-3.3570134640,-0.9328070283,0.0674853608,0.0256121157,0.9343476862,0.3489758366,0.04346183837 0 0 0 0 0 0 0.04346183837 0 0 0 0 0 0 0.09515684449 0 0 0 0 0 0 0.0007650264023 0 0 0 0 0 0 0.0007650264023 0 0 0 0 0 0 0.001323923306
233,1785495471.548226118,map,6.2922577858,-3.3583219051,-0.9236887693,0.0695824267,0.0230545400,0.9393367735,0.3350719097,0.04357209587 0 0 0 0 0 0 0.04357209587 0 0 0 0 0 0 0.09531995611 0 0 0 0 0 0 0.0007675800233 0 0 0 0 0 0 0.0007675800233 0 0 0 0 0 0 0.001327281942
234,1785495471.748869896,map,6.3197879791,-3.3483285904,-0.9220235348,0.0705796107,0.0194403792,0.9496342256,0.3046890797,0.04351964775 0 0 0 0 0 0 0.04351964775 0 0 0 0 0 0 0.09524237429 0 0 0 0 0 0 0.0007663651704 0 0 0 0 0 0 0.0007663651704 0 0 0 0 0 0 0.001325684281
235,1785495471.848124027,map,6.3287830353,-3.3768751621,-0.9276726246,0.0689601113,0.0160966437,0.9545624478,0.2894752632,0.04350121326 0 0 0 0 0 0 0.04350121326 0 0 0 0 0 0 0.09521510221 0 0 0 0 0 0 0.0007659382282 0 0 0 0 0 0 0.0007659382282 0 0 0 0 0 0 0.001325122734
236,1785495472.048638105,map,6.3073248863,-3.3759591579,-0.9250240326,0.0777470070,0.0141664832,0.9627057840,0.2587513825,0.04368142435 0 0 0 0 0 0 0.04368142435 0 0 0 0 0 0 0.09548162738 0 0 0 0 0 0 0.0007701131329 0 0 0 0 0 0 0.0007701131329 0 0 0 0 0 0 0.001330612278
237,1785495472.148000956,map,6.2890801430,-3.3832738400,-0.9184652567,0.0790262286,0.0121579592,0.9664003272,0.2442896834,0.0435674828 0 0 0 0 0 0 0.0435674828 0 0 0 0 0 0 0.09531313301 0 0 0 0 0 0 0.0007674731618 0 0 0 0 0 0 0.0007674731618 0 0 0 0 0 0 0.00132714142
238,1785495472.347426891,map,6.2770915031,-3.4113779068,-0.9197348356,0.0716854921,0.0066742085,0.9749489386,0.2104547797,0.04361220217 0 0 0 0 0 0 0.04361220217 0 0 0 0 0 0 0.09537927158 0 0 0 0 0 0 0.0007685091589 0 0 0 0 0 0 0.0007685091589 0 0 0 0 0 0 0.00132850365
239,1785495472.447791100,map,6.2786941528,-3.3960986137,-0.9256988168,0.0709096642,0.0060122423,0.9782716443,0.1947312404,0.04355313863 0 0 0 0 0 0 0.04355313863 0 0 0 0 0 0 0.09529191611 0 0 0 0 0 0 0.0007671408913 0 0 0 0 0 0 0.0007671408913 0 0 0 0 0 0 0.001326704471
240,1785495472.648283005,map,6.2660470009,-3.4138119221,-0.9222272635,0.0708530808,0.0083973318,0.9848962191,0.1577617364,0.04347272203 0 0 0 0 0 0 0.04347272203 0 0 0 0 0 0 0.09517294842 0 0 0 0 0 0 0.0007652784282 0 0 0 0 0 0 0.0007652784282 0 0 0 0 0 0 0.001324254842
241,1785495472.848064899,map,6.2986383438,-3.4048576355,-0.9345139861,0.0730369572,0.0086540159,0.9901881687,0.1188195613,0.04347761958 0 0 0 0 0 0 0.04347761958 0 0 0 0 0 0 0.09518019484 0 0 0 0 0 0 0.0007653918408 0 0 0 0 0 0 0.0007653918408 0 0 0 0 0 0 0.00132440403
242,1785495473.047930956,map,6.2869834900,-3.3884446621,-0.9393144846,0.0746764436,0.0093531900,0.9937640228,0.0822740167,0.04346786525 0 0 0 0 0 0 0.04346786525 0 0 0 0 0 0 0.09516576219 0 0 0 0 0 0 0.0007651659615 0 0 0 0 0 0 0.0007651659615 0 0 0 0 0 0 0.001324106895
243,1785495473.247736931,map,6.2809729576,-3.4279394150,-0.9339957237,0.0753455593,0.0086977237,0.9960657153,0.0458311115,0.04354950477 0 0 0 0 0 0 0.04354950477 0 0 0 0 0 0 0.09528654097 0 0 0 0 0 0 0.0007670567187 0 0 0 0 0 0 0.0007670567187 0 0 0 0 0 0 0.001326593778
244,1785495473.448338985,map,6.3460159302,-3.4150784016,-0.9360081553,0.0757527180,0.0054792921,0.9968031807,0.0247978887,0.04345980764 0 0 0 0 0 0 0.04345980764 0 0 0 0 0 0 0.09515383966 0 0 0 0 0 0 0.0007649793791 0 0 0 0 0 0 0.0007649793791 0 0 0 0 0 0 0.001323861447
245,1785495473.648052931,map,6.3895792961,-3.3895699978,-0.9414026141,0.0749229412,0.0049710655,0.9967729235,0.0283826545,0.04346155267 0 0 0 0 0 0 0.04346155267 0 0 0 0 0 0 0.09515642174 0 0 0 0 0 0 0.0007650197867 0 0 0 0 0 0 0.0007650197867 0 0 0 0 0 0 0.001323914603
246,1785495473.748156071,map,6.3728337288,-3.3946869373,-0.9438388348,0.0735524632,0.0057582783,0.9965646939,0.0376256753,0.04343120869 0 0 0 0 0 0 0.04343120869 0 0 0 0 0 0 0.09511151996 0 0 0 0 0 0 0.0007643171841 0 0 0 0 0 0 0.0007643171841 0 0 0 0 0 0 0.001322990273
247,1785495473.947686911,map,6.4214472771,-3.3960363865,-0.9435330629,0.0703074738,0.0088775558,0.9955446562,0.0622005449,0.04347483919 0 0 0 0 0 0 0.04347483919 0 0 0 0 0 0 0.09517608099 0 0 0 0 0 0 0.0007653274551 0 0 0 0 0 0 0.0007653274551 0 0 0 0 0 0 0.001324319334
248,1785495474.148108959,map,6.3773460388,-3.4137461185,-0.9426609874,0.0715626477,0.0116373644,0.9933922805,0.0889669275,0.04353473392 0 0 0 0 0 0 0.04353473392 0 0 0 0 0 0 0.09526469147 0 0 0 0 0 0 0.0007667145869 0 0 0 0 0 0 0.0007667145869 0 0 0 0 0 0 0.001326143832
249,1785495474.347729921,map,6.3763890266,-3.3890335560,-0.9385015965,0.0714981618,0.0131670472,0.9909835404,0.1125444830,0.04351681938 0 0 0 0 0 0 0.04351681938 0 0 0 0 0 0 0.0952381901 0 0 0 0 0 0 0.0007662996635 0 0 0 0 0 0 0.0007662996635 0 0 0 0 0 0 0.001325598124
250,1785495474.548357010,map,6.3625245094,-3.3835930824,-0.9408442974,0.0691131140,0.0169014251,0.9882871680,0.1350044564,0.04348943109 0 0 0 0 0 0 0.04348943109 0 0 0 0 0 0 0.09519767061 0 0 0 0 0 0 0.0007656653683 0 0 0 0 0 0 0.0007656653683 0 0 0 0 0 0 0.001324763829
251,1785495474.748169899,map,6.4013533592,-3.3759188652,-0.9420737028,0.0734938784,0.0168616525,0.9841201846,0.1606916607,0.04356770533 0 0 0 0 0 0 0.04356770533 0 0 0 0 0 0 0.09531346216 0 0 0 0 0 0 0.0007674783167 0 0 0 0 0 0 0.0007674783167 0 0 0 0 0 0 0.001327148198
252,1785495474.948113918,map,6.3886289597,-3.3998742104,-0.9420433640,0.0747618953,0.0204698165,0.9786155787,0.1905339474,0.04350346242 0 0 0 0 0 0 0.04350346242 0 0 0 0 0 0 0.09521842972 0 0 0 0 0 0 0.0007659903171 0 0 0 0 0 0 0.0007659903171 0 0 0 0 0 0 0.001325191247
253,1785495475.047426939,map,6.3923416138,-3.4139413834,-0.9431687593,0.0754113562,0.0217689685,0.9756656725,0.2047333663,0.04344854894 0 0 0 0 0 0 0.04344854894 0 0 0 0 0 0 0.09513717997 0 0 0 0 0 0 0.000764718681 0 0 0 0 0 0 0.000764718681 0 0 0 0 0 0 0.001323518487
254,1785495475.247946024,map,6.3656620979,-3.3863091469,-0.9391638041,0.0759419898,0.0244554279,0.9687005000,0.2350618816,0.0435701859 0 0 0 0 0 0 0.0435701859 0 0 0 0 0 0 0.09531713113 0 0 0 0 0 0 0.0007675357788 0 0 0 0 0 0 0.0007675357788 0 0 0 0 0 0 0.001327223761
255,1785495475.448260069,map,6.3482656479,-3.3909175396,-0.9374498129,0.0747667857,0.0261850956,0.9614642723,0.2632693026,0.0435159636 0 0 0 0 0 0 0.0435159636 0 0 0 0 0 0 0.09523692408 0 0 0 0 0 0 0.0007662798432 0 0 0 0 0 0 0.0007662798432 0 0 0 0 0 0 0.001325572055
256,1785495475.647349119,map,6.2825489044,-3.4038434029,-0.9289931655,0.0705756461,0.0269417783,0.9540213529,0.2900629009,0.04350163187 0 0 0 0 0 0 0.04350163187 0 0 0 0 0 0 0.09521572152 0 0 0 0 0 0 0.0007659479229 0 0 0 0 0 0 0.0007659479229 0 0 0 0 0 0 0.001325135486
257,1785495475.847945929,map,6.3213272095,-3.4294593334,-0.9338990450,0.0695287747,0.0297863274,0.9458316292,0.3157230848,0.04357184207 0 0 0 0 0 0 0.04357184207 0 0 0 0 0 0 0.09531958072 0 0 0 0 0 0 0.000767574144 0 0 0 0 0 0 0.000767574144 0 0 0 0 0 0 0.001327274211
258,1785495476.047411919,map,6.3053498268,-3.3876810074,-0.9278513193,0.0686868351,0.0313381779,0.9362479910,0.3431322620,0.04349602342 0 0 0 0 0 0 0.04349602342 0 0 0 0 0 0 0.09520742397 0 0 0 0 0 0 0.0007658180366 0 0 0 0 0 0 0.0007658180366 0 0 0 0 0 0 0.001324964642
259,1785495476.247942924,map,6.2832942009,-3.3865141869,-0.9269779921,0.0697336855,0.0329606547,0.9275167672,0.3657368872,0.04359953737 0 0 0 0 0 0 0.04359953737 0 0 0 0 0 0 0.09536054184 0 0 0 0 0 0 0.0007682157411 0 0 0 0 0 0 0.0007682157411 0 0 0 0 0 0 0.001328117858
260,1785495476.447556019,map,6.2359647751,-3.3565053940,-0.9207368493,0.0715078585,0.0364657785,0.9179715014,0.3884394427,0.0434849979 0 0 0 0 0 0 0.0434849979 0 0 0 0 0 0 0.09519111156 0 0 0 0 0 0 0.0007655627045 0 0 0 0 0 0 0.0007655627045 0 0 0 0 0 0 0.001324628786
261,1785495476.547880888,map,6.2369174957,-3.3608858585,-0.9177769423,0.0714739705,0.0371904148,0.9152324965,0.3947883240,0.04360703282 0 0 0 0 0 0 0.04360703282 0 0 0 0 0 0 0.09537162683 0 0 0 0 0 0 0.0007683893938 0 0 0 0 0 0 0.0007683893938 0 0 0 0 0 0 0.001328346182
262,1785495476.747208118,map,6.1775527000,-3.3295650482,-0.9077062607,0.0735521780,0.0361184626,0.9132093622,0.3991668823,0.04346412526 0 0 0 0 0 0 0.04346412526 0 0 0 0 0 0 0.09516022832 0 0 0 0 0 0 0.0007650793575 0 0 0 0 0 0 0.0007650793575 0 0 0 0 0 0 0.001323992969
263,1785495476.947729111,map,6.1366324425,-3.3149259090,-0.9044255614,0.0735926695,0.0337754245,0.9162782240,0.3922723001,0.04345142352 0 0 0 0 0 0 0.04345142352 0 0 0 0 0 0 0.0951414336 0 0 0 0 0 0 0.0007647852416 0 0 0 0 0 0 0.0007647852416 0 0 0 0 0 0 0.001323606052
264,1785495477.047895908,map,6.1414618492,-3.2803401947,-0.8956972957,0.0731381546,0.0314689421,0.9193415907,0.3853200636,0.04346517018 0 0 0 0 0 0 0.04346517018 0 0 0 0 0 0 0.09516177445 0 0 0 0 0 0 0.0007651035538 0 0 0 0 0 0 0.0007651035538 0 0 0 0 0 0 0.001324024799
265,1785495477.247340918,map,6.0570468903,-3.2773253918,-0.8940700293,0.0733444025,0.0312723087,0.9265499223,0.3676246479,0.04350793616 0 0 0 0 0 0 0.04350793616 0 0 0 0 0 0 0.09522504831 0 0 0 0 0 0 0.000766093927 0 0 0 0 0 0 0.000766093927 0 0 0 0 0 0 0.001325327525
266,1785495477.447654009,map,6.0069103241,-3.2508168221,-0.8793755174,0.0750543809,0.0290708920,0.9327647946,0.3513852147,0.04350604226 0 0 0 0 0 0 0.04350604226 0 0 0 0 0 0 0.09522224644 0 0 0 0 0 0 0.000766050065 0 0 0 0 0 0 0.000766050065 0 0 0 0 0 0 0.001325269834
267,1785495477.647562981,map,5.9733748436,-3.2338488102,-0.8754943609,0.0739608586,0.0260246961,0.9398728304,0.3324027517,0.04355242797 0 0 0 0 0 0 0.04355242797 0 0 0 0 0 0 0.09529086492 0 0 0 0 0 0 0.00076712443 0 0 0 0 0 0 0.00076712443 0 0 0 0 0 0 0.001326682824
268,1785495477.848124981,map,5.9341964722,-3.2322764397,-0.8690993786,0.0715007923,0.0245902798,0.9480915834,0.3088774878,0.04355798345 0 0 0 0 0 0 0.04355798345 0 0 0 0 0 0 0.09529908236 0 0 0 0 0 0 0.0007672531156 0 0 0 0 0 0 0.0007672531156 0 0 0 0 0 0 0.001326852053
269,1785495478.047707081,map,5.9076108932,-3.1808323860,-0.8615105152,0.0721160789,0.0224167373,0.9544454402,0.2886705394,0.04355688929 0 0 0 0 0 0 0.04355688929 0 0 0 0 0 0 0.09529746394 0 0 0 0 0 0 0.0007672277706 0 0 0 0 0 0 0.0007672277706 0 0 0 0 0 0 0.001326818723
270,1785495478.147897005,map,5.9161667824,-3.1722364426,-0.8628726006,0.0733822234,0.0194875618,0.9574307056,0.2784990626,0.04348575884 0 0 0 0 0 0 0.04348575884 0 0 0 0 0 0 0.0951922374 0 0 0 0 0 0 0.0007655803262 0 0 0 0 0 0 0.0007655803262 0 0 0 0 0 0 0.001324651966
271,1785495478.347620964,map,5.8433675766,-3.1626865864,-0.8614219427,0.0711138754,0.0164176255,0.9647079249,0.2530057292,0.04343643495 0 0 0 0 0 0 0.04343643495 0 0 0 0 0 0 0.09511925393 0 0 0 0 0 0 0.0007644381906 0 0 0 0 0 0 0.0007644381906 0 0 0 0 0 0 0.001323149474
272,1785495478.548101902,map,5.8577933311,-3.1416778564,-0.8549767733,0.0717074343,0.0156686714,0.9693664389,0.2343954641,0.04347489029 0 0 0 0 0 0 0.04347489029 0 0 0 0 0 0 0.0951761566 0 0 0 0 0 0 0.0007653286384 0 0 0 0 0 0 0.0007653286384 0 0 0 0 0 0 0.001324320891
273,1785495478.747646093,map,5.8421483040,-3.1511423588,-0.8632351160,0.0698882376,0.0185354346,0.9693713118,0.2347153682,0.0432991817 0 0 0 0 0 0 0.0432991817 0 0 0 0 0 0 0.09491609254 0 0 0 0 0 0 0.0007612610557 0 0 0 0 0 0 0.0007612610557 0 0 0 0 0 0 0.001318968501
274,1785495478.948339939,map,5.8521423340,-3.1356813908,-0.8611144423,0.0602749336,0.0215882317,0.9677871103,0.2434932979,0.0432610015 0 0 0 0 0 0 0.0432610015 0 0 0 0 0 0 0.09485955988 0 0 0 0 0 0 0.0007603775441 0 0 0 0 0 0 0.0007603775441 0 0 0 0 0 0 0.001317805465
275,1785495479.148121119,map,5.8180465698,-3.0760660172,-0.8581061363,0.0572688331,0.0207282865,0.9648068147,0.2558093372,0.04327997425 0 0 0 0 0 0 0.04327997425 0 0 0 0 0 0 0.09488765347 0 0 0 0 0 0 0.000760816569 0 0 0 0 0 0 0.000760816569 0 0 0 0 0 0 0.001318383408
276,1785495479.347851038,map,5.7888731956,-3.0590062141,-0.8423981071,0.0532396958,0.0202429804,0.9609648693,0.2707439317,0.04324087764 0 0 0 0 0 0 0.04324087764 0 0 0 0 0 0 0.09482975963 0 0 0 0 0 0 0.0007599119162 0 0 0 0 0 0 0.0007599119162 0 0 0 0 0 0 0.001317192457
277,1785495479.548336029,map,5.7417497635,-3.0178108215,-0.8397745490,0.0500878934,0.0214707089,0.9579648116,0.2816622642,0.04326713567 0 0 0 0 0 0 0.04326713567 0 0 0 0 0 0 0.09486864318 0 0 0 0 0 0 0.0007605194841 0 0 0 0 0 0 0.0007605194841 0 0 0 0 0 0 0.001317992323
278,1785495479.747927904,map,5.6563992500,-3.0027999878,-0.8262935877,0.0484238577,0.0221474173,0.9573978423,0.2838203830,0.04318155436 0 0 0 0 0 0 0.04318155436 0 0 0 0 0 0 0.09474189814 0 0 0 0 0 0 0.0007585394879 0 0 0 0 0 0 0.0007585394879 0 0 0 0 0 0 0.001315385367
279,1785495479.947846889,map,5.6181397438,-2.9699184895,-0.8287132382,0.0431764417,0.0229150942,0.9569364929,0.2861524723,0.04310904246 0 0 0 0 0 0 0.04310904246 0 0 0 0 0 0 0.09463447681 0 0 0 0 0 0 0.0007568623498 0 0 0 0 0 0 0.0007568623498 0 0 0 0 0 0 0.001313176528
280,1785495480.048100948,map,5.5718703270,-2.9854555130,-0.8261484504,0.0430022389,0.0254147855,0.9579226021,0.2826467357,0.04314913855 0 0 0 0 0 0 0.04314913855 0 0 0 0 0 0 0.09469388 0 0 0 0 0 0 0.0007577896828 0 0 0 0 0 0 0.0007577896828 0 0 0 0 0 0 0.001314397925
281,1785495480.247875929,map,5.5271649361,-2.9357345104,-0.8185506463,0.0406514152,0.0312454655,0.9591395530,0.2782489655,0.04306987512 0 0 0 0 0 0 0.04306987512 0 0 0 0 0 0 0.09457644092 0 0 0 0 0 0 0.0007559566289 0 0 0 0 0 0 0.0007559566289 0 0 0 0 0 0 0.001311983423
282,1785495480.447696924,map,5.4832363129,-2.9303269386,-0.8114082217,0.0431663820,0.0307771290,0.9613688206,0.2701100380,0.04310197834 0 0 0 0 0 0 0.04310197834 0 0 0 0 0 0 0.09462401025 0 0 0 0 0 0 0.0007566989868 0 0 0 0 0 0 0.0007566989868 0 0 0 0 0 0 0.001312961343
283,1785495480.748460054,map,5.4646496773,-2.8892629147,-0.8121243119,0.0416529476,0.0302554495,0.9624050920,0.2666947226,0.04305805551 0 0 0 0 0 0 0.04305805551 0 0 0 0 0 0 0.09455892563 0 0 0 0 0 0 0.0007556833333 0 0 0 0 0 0 0.0007556833333 0 0 0 0 0 0 0.001311623377
284,1785495480.947945118,map,5.4106049538,-2.9068949223,-0.8058800697,0.0420807548,0.0295175066,0.9673044279,0.2483547282,0.04308056963 0 0 0 0 0 0 0.04308056963 0 0 0 0 0 0 0.09459228827 0 0 0 0 0 0 0.0007562039199 0 0 0 0 0 0 0.0007562039199 0 0 0 0 0 0 0.001312309196
285,1785495481.147726059,map,5.3898725510,-2.8916399479,-0.7973878384,0.0414446498,0.0233754557,0.9740500747,0.2212744400,0.04313633102 0 0 0 0 0 0 0.04313633102 0 0 0 0 0 0 0.09467490636 0 0 0 0 0 0 0.0007574934585 0 0 0 0 0 0 0.0007574934585 0 0 0 0 0 0 0.001314007786
286,1785495481.348354101,map,5.3902711868,-2.9133050442,-0.8000974655,0.0397373355,0.0207126597,0.9792205723,0.1977852482,0.04304415913 0 0 0 0 0 0 0.04304415913 0 0 0 0 0 0 0.09453833179 0 0 0 0 0 0 0.0007553620333 0 0 0 0 0 0 0.0007553620333 0 0 0 0 0 0 0.001311200069
287,1785495481.547856092,map,5.4025983810,-2.9137442112,-0.7955571413,0.0418700773,0.0172782708,0.9834882587,0.1752118314,0.04315176388 0 0 0 0 0 0 0.04315176388 0 0 0 0 0 0 0.09469776917 0 0 0 0 0 0 0.0007578504057 0 0 0 0 0 0 0.0007578504057 0 0 0 0 0 0 0.001314477897
288,1785495481.747498035,map,5.3906416893,-2.9211118221,-0.7933594584,0.0409793369,0.0130729343,0.9870488621,0.1545456002,0.04318233812 0 0 0 0 0 0 0.04318233812 0 0 0 0 0 0 0.09474305906 0 0 0 0 0 0 0.000758557618 0 0 0 0 0 0 0.000758557618 0 0 0 0 0 0 0.001315409242
289,1785495481.847949028,map,5.3771677017,-2.9245138168,-0.7920431495,0.0410684112,0.0118734513,0.9883583401,0.1460143772,0.04313915758 0 0 0 0 0 0 0.04313915758 0 0 0 0 0 0 0.09467909382 0 0 0 0 0 0 0.0007575588325 0 0 0 0 0 0 0.0007575588325 0 0 0 0 0 0 0.001314093887
290,1785495482.047560930,map,5.3964128494,-2.9017004967,-0.7912814617,0.0420123086,0.0092518102,0.9907598437,0.1286246506,0.04316699532 0 0 0 0 0 0 0.04316699532 0 0 0 0 0 0 0.09472033228 0 0 0 0 0 0 0.0007582027138 0 0 0 0 0 0 0.0007582027138 0 0 0 0 0 0 0.001314941873
291,1785495482.247946978,map,5.3809690475,-2.9065980911,-0.7957267761,0.0422264500,0.0066373622,0.9926100304,0.1135702569,0.04314063316 0 0 0 0 0 0 0.04314063316 0 0 0 0 0 0 0.09468127984 0 0 0 0 0 0 0.0007575929607 0 0 0 0 0 0 0.0007575929607 0 0 0 0 0 0 0.001314138836
292,1785495482.447423935,map,5.3656921387,-2.9075336456,-0.7937694192,0.0429484802,0.0053638604,0.9942062221,0.0983902475,0.04325717393 0 0 0 0 0 0 0.04325717393 0 0 0 0 0 0 0.09485389203 0 0 0 0 0 0 0.0007602889788 0 0 0 0 0 0 0.0007602889788 0 0 0 0 0 0 0.001317688871
293,1785495482.647778988,map,5.3548588753,-2.9204175472,-0.7882486582,0.0435036149,0.0045869570,0.9958988223,0.0791954412,0.04312979049 0 0 0 0 0 0 0.04312979049 0 0 0 0 0 0 0.09466521657 0 0 0 0 0 0 0.0007573421884 0 0 0 0 0 0 0.0007573421884 0 0 0 0 0 0 0.00131380855
294,1785495482.847115993,map,5.3568525314,-2.9204940796,-0.7880066037,0.0460710797,0.0005715823,0.9970340853,0.0616454797,0.04321202551 0 0 0 0 0 0 0.04321202551 0 0 0 0 0 0 0.09478703026 0 0 0 0 0 0 0.0007592443926 0 0 0 0 0 0 0.0007592443926 0 0 0 0 0 0 0.001316313571
295,1785495482.947388887,map,5.3897976875,-2.9179258347,-0.7982304692,0.0478330932,-0.0007104635,0.9973203325,0.0553503166,0.04312773469 0 0 0 0 0 0 0.04312773469 0 0 0 0 0 0 0.09466217086 0 0 0 0 0 0 0.0007572946424 0 0 0 0 0 0 0.0007572946424 0 0 0 0 0 0 0.001313745926
296,1785495483.146910906,map,5.2931380272,-2.9323098660,-0.7734201550,0.0552984628,-0.0050467171,0.9979176820,0.0328162433,0.04336194482 0 0 0 0 0 0 0.04336194482 0 0 0 0 0 0 0.09500900705 0 0 0 0 0 0 0.0007627136977 0 0 0 0 0 0 0.0007627136977 0 0 0 0 0 0 0.001320880375
297,1785495483.347089052,map,5.2554717064,-2.9394116402,-0.7849803567,0.0478766181,-0.0117839250,0.9987545453,-0.0076362371,0.04336338626 0 0 0 0 0 0 0.04336338626 0 0 0 0 0 0 0.0950111407 0 0 0 0 0 0 0.0007627470635 0 0 0 0 0 0 0.0007627470635 0 0 0 0 0 0 0.001320924283
298,1785495483.546875954,map,5.3035078049,-2.9380762577,-0.7775957584,0.0478775133,-0.0112275829,0.9981057361,-0.0369677269,0.04317263839 0 0 0 0 0 0 0.04317263839 0 0 0 0 0 0 0.09472869133 0 0 0 0 0 0 0.000758333245 0 0 0 0 0 0 0.000758333245 0 0 0 0 0 0 0.001315113771
299,1785495483.747360945,map,5.3013257980,-2.9556317329,-0.7823153138,0.0577834003,-0.0102777530,0.9975507291,-0.0380523459,0.04340539599 0 0 0 0 0 0 0.04340539599 0 0 0 0 0 0 0.09507331938 0 0 0 0 0 0 0.0007637195625 0 0 0 0 0 0 0.0007637195625 0 0 0 0 0 0 0.001322203973
300,1785495483.947968960,map,5.3239121437,-2.9233415127,-0.7740686536,0.0647540251,-0.0121360187,0.9974219574,-0.0284442921,0.04334377399 0 0 0 0 0 0 0.04334377399 0 0 0 0 0 0 0.0949821092 0 0 0 0 0 0 0.0007622931027 0 0 0 0 0 0 0.0007622931027 0 0 0 0 0 0 0.00132032686
301,1785495484.047234058,map,5.3330645561,-2.9039580822,-0.7798075080,0.0641172999,-0.0151556160,0.9976561616,-0.0184793767,0.04342364945 0 0 0 0 0 0 0.04342364945 0 0 0 0 0 0 0.09510033331 0 0 0 0 0 0 0.000764142165 0 0 0 0 0 0 0.000764142165 0 0 0 0 0 0 0.001322760005
302,1785495484.247586012,map,5.3269953728,-2.9154877663,-0.7763617039,0.0684802990,-0.0154121454,0.9975302492,0.0025105228,0.04355751264 0 0 0 0 0 0 0.04355751264 0 0 0 0 0 0 0.09529838596 0 0 0 0 0 0 0.0007672422097 0 0 0 0 0 0 0.0007672422097 0 0 0 0 0 0 0.001326837711
303,1785495484.447534084,map,5.3120594025,-2.9152054787,-0.7734090090,0.0737479140,-0.0172385588,0.9966261843,0.0316277630,0.04346522051 0 0 0 0 0 0 0.04346522051 0 0 0 0 0 0 0.09516184891 0 0 0 0 0 0 0.0007651047192 0 0 0 0 0 0 0.0007651047192 0 0 0 0 0 0 0.001324026332
304,1785495484.647402048,map,5.2721018791,-2.9249696732,-0.7754347920,0.0746653029,-0.0186840292,0.9952131156,0.0602233247,0.04346143092 0 0 0 0 0 0 0.04346143092 0 0 0 0 0 0 0.09515624159 0 0 0 0 0 0 0.0007650169674 0 0 0 0 0 0 0.0007650169674 0 0 0 0 0 0 0.001323910895
305,1785495484.847093105,map,5.2645411491,-2.9196102619,-0.7649226785,0.0737939848,-0.0221529411,0.9931877681,0.0874169489,0.04361314634 0 0 0 0 0 0 0.04361314634 0 0 0 0 0 0 0.09538066786 0 0 0 0 0 0 0.000768531034 0 0 0 0 0 0 0.000768531034 0 0 0 0 0 0 0.001328532411
306,1785495485.047930002,map,5.1852746010,-2.9411442280,-0.7570160627,0.0725943706,-0.0250680539,0.9905587367,0.1135563470,0.04369023173 0 0 0 0 0 0 0.04369023173 0 0 0 0 0 0 0.0954946486 0 0 0 0 0 0 0.000770317241 0 0 0 0 0 0 0.000770317241 0 0 0 0 0 0 0.001330880566
307,1785495485.247659922,map,5.1384630203,-2.9031441212,-0.7526857853,0.0670820712,-0.0302971714,0.9879552733,0.1361118448,0.04367483934 0 0 0 0 0 0 0.04367483934 0 0 0 0 0 0 0.09547189156 0 0 0 0 0 0 0.000769960532 0 0 0 0 0 0 0.000769960532 0 0 0 0 0 0 0.001330411687
308,1785495485.547499895,map,5.0638985634,-2.9010479450,-0.7599853873,0.0655988662,-0.0277119372,0.9830547441,0.1689148404,0.04361381726 0 0 0 0 0 0 0.04361381726 0 0 0 0 0 0 0.09538166003 0 0 0 0 0 0 0.0007685465781 0 0 0 0 0 0 0.0007685465781 0 0 0 0 0 0 0.001328552848
309,1785495485.747169971,map,5.0236597061,-2.9003484249,-0.7626257539,0.0563891314,-0.0170237573,0.9797468529,0.1913806728,0.04351803079 0 0 0 0 0 0 0.04351803079 0 0 0 0 0 0 0.09523998222 0 0 0 0 0 0 0.0007663277205 0 0 0 0 0 0 0.0007663277205 0 0 0 0 0 0 0.001325635025
310,1785495485.847357035,map,4.9869136810,-2.8959059715,-0.7473887205,0.0547525557,-0.0102781998,0.9775992422,0.2029686057,0.04344745881 0 0 0 0 0 0 0.04344745881 0 0 0 0 0 0 0.09513556685 0 0 0 0 0 0 0.0007646934394 0 0 0 0 0 0 0.0007646934394 0 0 0 0 0 0 0.00132348528
311,1785495486.148092031,map,4.9065270424,-2.8658430576,-0.7359161377,0.0687473746,-0.0062484369,0.9706290234,0.2304648980,0.04342212158 0 0 0 0 0 0 0.04342212158 0 0 0 0 0 0 0.09509807223 0 0 0 0 0 0 0.0007641067908 0 0 0 0 0 0 0.0007641067908 0 0 0 0 0 0 0.001322713464
312,1785495486.347424030,map,4.8509125710,-2.8727231026,-0.7175063491,0.0697282157,0.0013231571,0.9683211131,0.2397716528,0.0434310807 0 0 0 0 0 0 0.0434310807 0 0 0 0 0 0 0.09511133056 0 0 0 0 0 0 0.0007643142208 0 0 0 0 0 0 0.0007643142208 0 0 0 0 0 0 0.001322986374
313,1785495486.447639942,map,4.9176125526,-2.8221652508,-0.7190791965,0.0642105757,-0.0003285216,0.9659432467,0.2506602174,0.04358566666 0 0 0 0 0 0 0.04358566666 0 0 0 0 0 0 0.0953400277 0 0 0 0 0 0 0.0007678944003 0 0 0 0 0 0 0.0007678944003 0 0 0 0 0 0 0.001327695332
314,1785495486.647336006,map,4.7885541916,-2.7963321209,-0.7157158256,0.0434772271,-0.0160756858,0.9605399682,0.2742522089,0.04334604863 0 0 0 0 0 0 0.04334604863 0 0 0 0 0 0 0.0949854764 0 0 0 0 0 0 0.0007623457516 0 0 0 0 0 0 0.0007623457516 0 0 0 0 0 0 0.001320396149
315,1785495486.846990108,map,4.6944642067,-2.8328390121,-0.7084357738,0.0498555431,-0.0105209591,0.9617619660,0.2691052705,0.0432890971 0 0 0 0 0 0 0.0432890971 0 0 0 0 0 0 0.09490116126 0 0 0 0 0 0 0.0007610276803 0 0 0 0 0 0 0.0007610276803 0 0 0 0 0 0 0.001318661306
316,1785495487.047481060,map,4.6482472420,-2.7807960510,-0.6793740988,0.0711719027,-0.0185571155,0.9616496851,0.2642349177,0.04354081657 0 0 0 0 0 0 0.04354081657 0 0 0 0 0 0 0.09527368926 0 0 0 0 0 0 0.0007668554749 0 0 0 0 0 0 0.0007668554749 0 0 0 0 0 0 0.00132632912
317,1785495487.148211956,map,4.7052531242,-2.7690527439,-0.7164657116,0.0679725049,-0.0145592580,0.9620395095,0.2639085994,0.04351155381 0 0 0 0 0 0 0.04351155381 0 0 0 0 0 0 0.09523040031 0 0 0 0 0 0 0.0007661777116 0 0 0 0 0 0 0.0007661777116 0 0 0 0 0 0 0.001325437725
318,1785495487.347564936,map,4.6244416237,-2.8042659760,-0.6961251497,0.0714911114,0.0052242776,0.9623842668,0.2620653268,0.04345606374 0 0 0 0 0 0 0.04345606374 0 0 0 0 0 0 0.09514829983 0 0 0 0 0 0 0.0007648926871 0 0 0 0 0 0 0.0007648926871 0 0 0 0 0 0 0.001323747401
319,1785495487.547728062,map,4.5801143646,-2.7362415791,-0.6875827909,0.0748135646,0.0043957442,0.9624170760,0.2610305783,0.04331424986 0 0 0 0 0 0 0.04331424986 0 0 0 0 0 0 0.09493840144 0 0 0 0 0 0 0.0007616097756 0 0 0 0 0 0 0.0007616097756 0 0 0 0 0 0 0.001319427503
320,1785495487.648047924,map,4.5872201920,-2.7237851620,-0.6911168098,0.0704210453,0.0066762934,0.9636490487,0.2576369785,0.04345288128 0 0 0 0 0 0 0.04345288128 0 0 0 0 0 0 0.09514359069 0 0 0 0 0 0 0.0007648189962 0 0 0 0 0 0 0.0007648189962 0 0 0 0 0 0 0.001323650458
321,1785495487.846704006,map,4.5266299248,-2.6894147396,-0.6849931479,0.0630745140,0.0133757181,0.9661069547,0.2499601205,0.04323235969 0 0 0 0 0 0 0.04323235969 0 0 0 0 0 0 0.09481714521 0 0 0 0 0 0 0.0007597148373 0 0 0 0 0 0 0.0007597148373 0 0 0 0 0 0 0.001316932986
322,1785495488.147275925,map,4.4609866142,-2.6723871231,-0.6495540738,0.0688733854,0.0134759468,0.9689821073,0.2369568125,0.04328395776 0 0 0 0 0 0 0.04328395776 0 0 0 0 0 0 0.09489355173 0 0 0 0 0 0 0.0007609087503 0 0 0 0 0 0 0.0007609087503 0 0 0 0 0 0 0.001318504753
323,1785495488.346822977,map,4.3632864952,-2.6067972183,-0.6386739612,0.0861204472,0.0008543090,0.9698560384,0.2279512855,0.04348013782 0 0 0 0 0 0 0.04348013782 0 0 0 0 0 0 0.09518392078 0 0 0 0 0 0 0.0007654501565 0 0 0 0 0 0 0.0007654501565 0 0 0 0 0 0 0.00132448074
324,1785495488.547355890,map,4.3331799507,-2.5987529755,-0.6584984660,0.0935785469,0.0075346618,0.9722647511,0.2142137588,0.04347486685 0 0 0 0 0 0 0.04347486685 0 0 0 0 0 0 0.09517612191 0 0 0 0 0 0 0.0007653280955 0 0 0 0 0 0 0.0007653280955 0 0 0 0 0 0 0.001324320177
325,1785495488.747879982,map,4.3048820496,-2.6023616791,-0.6220912933,0.1056712175,0.0107576250,0.9726714321,0.2064658344,0.0436392569 0 0 0 0 0 0 0.0436392569 0 0 0 0 0 0 0.09541927935 0 0 0 0 0 0 0.0007691360069 0 0 0 0 0 0 0.0007691360069 0 0 0 0 0 0 0.001329327784
326,1785495488.947622061,map,4.2763848305,-2.5562117100,-0.6303799152,0.1131752819,0.0076491309,0.9730388930,0.2008187203,0.0437092208 0 0 0 0 0 0 0.0437092208 0 0 0 0 0 0 0.0955227214 0 0 0 0 0 0 0.0007707573279 0 0 0 0 0 0 0.0007707573279 0 0 0 0 0 0 0.001331459006
327,1785495489.247383118,map,4.2159595490,-2.5275530815,-0.6020281315,0.1037561683,0.0050270825,0.9761681638,0.1905389682,0.04355993992 0 0 0 0 0 0 0.04355993992 0 0 0 0 0 0 0.09530197624 0 0 0 0 0 0 0.0007672984351 0 0 0 0 0 0 0.0007672984351 0 0 0 0 0 0 0.00132691165
328,1785495489.347821951,map,4.1709051132,-2.5103626251,-0.6022479534,0.1020434735,0.0023122103,0.9772910567,0.1856985735,0.04350551638 0 0 0 0 0 0 0.04350551638 0 0 0 0 0 0 0.09522146843 0 0 0 0 0 0 0.0007660378857 0 0 0 0 0 0 0.0007660378857 0 0 0 0 0 0 0.001325253815
329,1785495489.547470093,map,4.1177325249,-2.5142428875,-0.6080859303,0.0897958841,0.0035506191,0.9799826127,0.1776461590,0.04356477614 0 0 0 0 0 0 0.04356477614 0 0 0 0 0 0 0.09530912959 0 0 0 0 0 0 0.0007674104629 0 0 0 0 0 0 0.0007674104629 0 0 0 0 0 0 0.00132705897
330,1785495489.747905016,map,4.1015205383,-2.4831542969,-0.6016314626,0.0697427476,0.0035340844,0.9823857295,0.1733255547,0.04332939365 0 0 0 0 0 0 0.04332939365 0 0 0 0 0 0 0.09496082104 0 0 0 0 0 0 0.0007619602649 0 0 0 0 0 0 0.0007619602649 0 0 0 0 0 0 0.00131988881
331,1785495489.947588921,map,4.0559511185,-2.4253275394,-0.6000590920,0.0466550755,0.0032958529,0.9833759961,0.1754539397,0.04323883706 0 0 0 0 0 0 0.04323883706 0 0 0 0 0 0 0.09482673773 0 0 0 0 0 0 0.000759864703 0 0 0 0 0 0 0.000759864703 0 0 0 0 0 0 0.001317130298
332,1785495490.046890020,map,3.9866003990,-2.4549920559,-0.6072518826,0.0267231308,0.0074680787,0.9840202373,0.1758814742,0.0430507859 0 0 0 0 0 0 0.0430507859 0 0 0 0 0 0 0.09454815251 0 0 0 0 0 0 0.0007555152496 0 0 0 0 0 0 0.0007555152496 0 0 0 0 0 0 0.001311401932
333,1785495490.247435093,map,3.9928340912,-2.3637855053,-0.5976902843,-0.0360442146,0.0104498248,0.9825724871,0.1820519666,0.04288731822 0 0 0 0 0 0 0.04288731822 0 0 0 0 0 0 0.0943058253 0 0 0 0 0 0 0.0007517368388 0 0 0 0 0 0 0.0007517368388 0 0 0 0 0 0 0.001306422422
334,1785495490.446966887,map,3.8338885307,-2.4006202221,-0.6056907773,-0.0650965224,0.0183557554,0.9769568372,0.2024372528,0.04255041877 0 0 0 0 0 0 0.04255041877 0 0 0 0 0 0 0.09380592448 0 0 0 0 0 0 0.0007439569477 0 0 0 0 0 0 0.0007439569477 0 0 0 0 0 0 0.001296159878
335,1785495490.747715950,map,3.7481846809,-2.3949527740,-0.5787022114,-0.0368329581,0.0280661826,0.9743545138,0.2202019504,0.04267224542 0 0 0 0 0 0 0.04267224542 0 0 0 0 0 0 0.0939867685 0 0 0 0 0 0 0.0007467691137 0 0 0 0 0 0 0.0007467691137 0 0 0 0 0 0 0.00129987093
336,1785495490.847997904,map,3.7586770058,-2.3539488316,-0.5881170034,-0.0380329810,0.0204914370,0.9722994414,0.2297115471,0.04261803833 0 0 0 0 0 0 0.04261803833 0 0 0 0 0 0 0.09390631189 0 0 0 0 0 0 0.0007455176743 0 0 0 0 0 0 0.0007455176743 0 0 0 0 0 0 0.001298219687
337,1785495491.047466993,map,3.6437127590,-2.3421721458,-0.5706909895,-0.0242639963,0.0171801117,0.9703905612,0.2397045311,0.04260395371 0 0 0 0 0 0 0.04260395371 0 0 0 0 0 0 0.09388540413 0 0 0 0 0 0 0.0007451925547 0 0 0 0 0 0 0.0007451925547 0 0 0 0 0 0 0.001297790645
338,1785495491.246978998,map,3.5591528416,-2.2853138447,-0.5650020242,0.0029440889,0.0004762517,0.9704350076,0.2413441759,0.04285743277 0 0 0 0 0 0 0.04285743277 0 0 0 0 0 0 0.09426150637 0 0 0 0 0 0 0.0007510463103 0 0 0 0 0 0 0.0007510463103 0 0 0 0 0 0 0.001305512059
339,1785495491.448132038,map,3.5202243328,-2.2618541718,-0.5943008065,0.0176846435,0.0044781184,0.9705127169,0.2403585994,0.04286165717 0 0 0 0 0 0 0.04286165717 0 0 0 0 0 0 0.09426777129 0 0 0 0 0 0 0.000751143914 0 0 0 0 0 0 0.000751143914 0 0 0 0 0 0 0.001305640741
340,1785495491.547389030,map,3.5056967735,-2.2680079937,-0.6008142233,0.0210216525,0.0113990652,0.9699075997,0.2422960986,0.04290508271 0 0 0 0 0 0 0.04290508271 0 0 0 0 0 0 0.09433216695 0 0 0 0 0 0 0.0007521473385 0 0 0 0 0 0 0.0007521473385 0 0 0 0 0 0 0.001306963559
341,1785495491.747832060,map,3.4554884434,-2.2475206852,-0.5751007795,0.0345444926,0.0151674416,0.9691821796,0.2434389902,0.04293244463 0 0 0 0 0 0 0.04293244463 0 0 0 0 0 0 0.09437273644 0 0 0 0 0 0 0.0007527796675 0 0 0 0 0 0 0.0007527796675 0 0 0 0 0 0 0.001307797051
342,1785495491.947331905,map,3.4261031151,-2.1862587929,-0.5678448677,0.0473658770,0.0132873785,0.9675939723,0.2476728407,0.0429915197 0 0 0 0 0 0 0.0429915197 0 0 0 0 0 0 0.09446031264 0 0 0 0 0 0 0.0007541450999 0 0 0 0 0 0 0.0007541450999 0 0 0 0 0 0 0.00130959658
343,1785495492.147798061,map,3.3417940140,-2.1839377880,-0.6051732302,0.0444274993,0.0257638243,0.9670195121,0.2494707925,0.04290248524 0 0 0 0 0 0 0.04290248524 0 0 0 0 0 0 0.09432831546 0 0 0 0 0 0 0.0007520873148 0 0 0 0 0 0 0.0007520873148 0 0 0 0 0 0 0.001306884436
344,1785495492.347284079,map,3.3232159615,-2.1619856358,-0.5571711659,0.0513997133,0.0354702084,0.9687261963,0.2401446930,0.04302602804 0 0 0 0 0 0 0.04302602804 0 0 0 0 0 0 0.09451146069 0 0 0 0 0 0 0.000754942847 0 0 0 0 0 0 0.000754942847 0 0 0 0 0 0 0.001310647765
345,1785495492.547903061,map,3.2816560268,-2.1080410480,-0.5221288204,0.0721687379,0.0125496370,0.9684124712,0.2383515441,0.04315699924 0 0 0 0 0 0 0.04315699924 0 0 0 0 0 0 0.09470552473 0 0 0 0 0 0 0.0007579714991 0 0 0 0 0 0 0.0007579714991 0 0 0 0 0 0 0.001314637376
346,1785495492.747508049,map,3.1735618114,-2.1063115597,-0.5779875517,0.0880092863,0.0221209899,0.9693104061,0.2284783600,0.04327719061 0 0 0 0 0 0 0.04327719061 0 0 0 0 0 0 0.09488353176 0 0 0 0 0 0 0.0007607521543 0 0 0 0 0 0 0.0007607521543 0 0 0 0 0 0 0.001318298614
347,1785495492.847982883,map,3.1436421871,-2.1326034069,-0.5955590010,0.0942715179,0.0414428430,0.9695294613,0.2222790927,0.04347386671 0 0 0 0 0 0 0.04347386671 0 0 0 0 0 0 0.0951746421 0 0 0 0 0 0 0.0007653049353 0 0 0 0 0 0 0.0007653049353 0 0 0 0 0 0 0.001324289711
348,1785495493.047671080,map,3.1565539837,-2.0989480019,-0.5304769278,0.0960907044,0.0499942246,0.9694493907,0.2200796065,0.04337073847 0 0 0 0 0 0 0.04337073847 0 0 0 0 0 0 0.09502202343 0 0 0 0 0 0 0.0007629172519 0 0 0 0 0 0 0.0007629172519 0 0 0 0 0 0 0.001321148245
349,1785495493.247332096,map,3.1168127060,-2.0552113056,-0.5562775135,0.1030590378,0.0490326279,0.9703879737,0.2128892279,0.04326045586 0 0 0 0 0 0 0.04326045586 0 0 0 0 0 0 0.09485875191 0 0 0 0 0 0 0.0007603649187 0 0 0 0 0 0 0.0007603649187 0 0 0 0 0 0 0.001317788844
350,1785495493.448084116,map,3.1006226540,-2.0393359661,-0.5312379599,0.1048270700,0.0446009823,0.9709224722,0.2105506753,0.04329937467 0 0 0 0 0 0 0.04329937467 0 0 0 0 0 0 0.09491637825 0 0 0 0 0 0 0.0007612655216 0 0 0 0 0 0 0.0007612655216 0 0 0 0 0 0 0.001318974379
351,1785495493.646914959,map,3.0652959347,-1.9824486971,-0.5161918998,0.1123040280,0.0333770700,0.9711927641,0.2075051484,0.04342693329 0 0 0 0 0 0 0.04342693329 0 0 0 0 0 0 0.09510519299 0 0 0 0 0 0 0.0007642181952 0 0 0 0 0 0 0.0007642181952 0 0 0 0 0 0 0.001322860037
352,1785495493.747070074,map,3.0256953239,-1.9828534126,-0.5080859661,0.1183166004,0.0278083875,0.9710212585,0.2057804388,0.04351021781 0 0 0 0 0 0 0.04351021781 0 0 0 0 0 0 0.09522842382 0 0 0 0 0 0 0.0007661467698 0 0 0 0 0 0 0.0007661467698 0 0 0 0 0 0 0.001325397028
353,1785495493.947504044,map,3.0402741432,-1.9787329435,-0.5263767242,0.1148427579,0.0259775136,0.9704843655,0.2104671149,0.04350583882 0 0 0 0 0 0 0.04350583882 0 0 0 0 0 0 0.09522194546 0 0 0 0 0 0 0.0007660453533 0 0 0 0 0 0 0.0007660453533 0 0 0 0 0 0 0.001325263637
354,1785495494.147949934,map,3.0283789635,-1.9751942158,-0.5232175589,0.1150039003,0.0274915647,0.9705661700,0.2098085849,0.04353408121 0 0 0 0 0 0 0.04353408121 0 0 0 0 0 0 0.09526372593 0 0 0 0 0 0 0.0007666994688 0 0 0 0 0 0 0.0007666994688 0 0 0 0 0 0 0.001326123949
355,1785495494.347323895,map,3.0309665203,-1.9739778042,-0.5242111087,0.1149862457,0.0279729572,0.9705587391,0.2097889655,0.04351413597 0 0 0 0 0 0 0.04351413597 0 0 0 0 0 0 0.09523422033 0 0 0 0 0 0 0.0007662375148 0 0 0 0 0 0 0.0007662375148 0 0 0 0 0 0 0.001325516382
356,1785495494.547837973,map,3.0374252796,-1.9737348557,-0.5251062512,0.1148675827,0.0281821326,0.9705643353,0.2098000998,0.04351499996 0 0 0 0 0 0 0.04351499996 0 0 0 0 0 0 0.0952354985 0 0 0 0 0 0 0.0007662575251 0 0 0 0 0 0 0.0007662575251 0 0 0 0 0 0 0.001325542701
357,1785495494.648015022,map,3.0414185524,-1.9751569033,-0.5268381238,0.1148298577,0.0283086622,0.9705979657,0.2096480634,0.04355092056 0 0 0 0 0 0 0.04355092056 0 0 0 0 0 0 0.0952886352 0 0 0 0 0 0 0.0007670895132 0 0 0 0 0 0 0.0007670895132 0 0 0 0 0 0 0.001326636905
358,1785495494.847584963,map,3.0451962948,-1.9754669666,-0.5267553926,0.1147574594,0.0282140382,0.9706234122,0.2095825940,0.04346298763 0 0 0 0 0 0 0.04346298763 0 0 0 0 0 0 0.095158545 0 0 0 0 0 0 0.0007650530144 0 0 0 0 0 0 0.0007650530144 0 0 0 0 0 0 0.001323958315
359,1785495495.047800064,map,3.0451841354,-1.9758497477,-0.5266680121,0.1148319209,0.0284136870,0.9706238037,0.2095130717,0.04353256827 0 0 0 0 0 0 0.04353256827 0 0 0 0 0 0 0.09526148786 0 0 0 0 0 0 0.0007666644263 0 0 0 0 0 0 0.0007666644263 0 0 0 0 0 0 0.001326077862
360,1785495495.247174978,map,3.0414848328,-1.9796477556,-0.5265145302,0.1146966691,0.0283186110,0.9706577390,0.2094427976,0.0435337305 0 0 0 0 0 0 0.0435337305 0 0 0 0 0 0 0.09526320714 0 0 0 0 0 0 0.0007666913459 0 0 0 0 0 0 0.0007666913459 0 0 0 0 0 0 0.001326113266
361,1785495495.347323895,map,3.0468008518,-1.9754604101,-0.5267707705,0.1147700350,0.0282394909,0.9706348188,0.2095195061,0.04351320176 0 0 0 0 0 0 0.04351320176 0 0 0 0 0 0 0.09523283826 0 0 0 0 0 0 0.0007662158781 0 0 0 0 0 0 0.0007662158781 0 0 0 0 0 0 0.001325487925
362,1785495495.547739029,map,3.0476989746,-1.9735267162,-0.5283348560,0.1146530293,0.0281963317,0.9706543847,0.2094987182,0.04347163977 0 0 0 0 0 0 0.04347163977 0 0 0 0 0 0 0.09517134709 0 0 0 0 0 0 0.0007652533665 0 0 0 0 0 0 0.0007652533665 0 0 0 0 0 0 0.001324221874
363,1785495495.748181105,map,3.0534060001,-1.9739334583,-0.5299651623,0.1145250773,0.0283900651,0.9706486892,0.2095689306,0.04348008393 0 0 0 0 0 0 0.04348008393 0 0 0 0 0 0 0.09518384104 0 0 0 0 0 0 0.0007654489085 0 0 0 0 0 0 0.0007654489085 0 0 0 0 0 0 0.001324479098
364,1785495495.947674036,map,3.0501422882,-1.9750834703,-0.5274110436,0.1145895460,0.0282563664,0.9706390099,0.2095966044,0.04350263116 0 0 0 0 0 0 0.04350263116 0 0 0 0 0 0 0.09521719991 0 0 0 0 0 0 0.0007659710655 0 0 0 0 0 0 0.0007659710655 0 0 0 0 0 0 0.001325165926
365,1785495496.148083925,map,3.0541062355,-1.9759347439,-0.5284281373,0.1144933042,0.0283135627,0.9706661517,0.2095157671,0.04350315518 0 0 0 0 0 0 0.04350315518 0 0 0 0 0 0 0.09521797518 0 0 0 0 0 0 0.0007659832016 0 0 0 0 0 0 0.0007659832016 0 0 0 0 0 0 0.001325181888
366,1785495496.347563982,map,3.0533311367,-1.9760092497,-0.5281353593,0.1144342936,0.0283182345,0.9706670267,0.2095433029,0.04357103309 0 0 0 0 0 0 0.04357103309 0 0 0 0 0 0 0.09531838419 0 0 0 0 0 0 0.0007675554041 0 0 0 0 0 0 0.0007675554041 0 0 0 0 0 0 0.001327249568
367,1785495496.446835041,map,3.0519363880,-1.9801743031,-0.5290812254,0.1143587562,0.0283988619,0.9706701584,0.2095591066,0.0435097974 0 0 0 0 0 0 0.0435097974 0 0 0 0 0 0 0.09522780185 0 0 0 0 0 0 0.000766137033 0 0 0 0 0 0 0.000766137033 0 0 0 0 0 0 0.001325384222
368,1785495496.647120953,map,3.0424027443,-1.9887350798,-0.5275002122,0.1144014147,0.0285569103,0.9706222838,0.2097360600,0.04365769274 0 0 0 0 0 0 0.04365769274 0 0 0 0 0 0 0.09544653945 0 0 0 0 0 0 0.0007695631935 0 0 0 0 0 0 0.0007695631935 0 0 0 0 0 0 0.001329889372
369,1785495496.846657991,map,3.0450518131,-1.9898823500,-0.5274714828,0.1143188189,0.0285475513,0.9706221303,0.2097830324,0.04356218954 0 0 0 0 0 0 0.04356218954 0 0 0 0 0 0 0.09530530373 0 0 0 0 0 0 0.000767350546 0 0 0 0 0 0 0.000767350546 0 0 0 0 0 0 0.001326980178
370,1785495496.947016001,map,3.0445683002,-1.9825078249,-0.5261836648,0.1143144696,0.0284483001,0.9706144465,0.2098344653,0.04356673488 0 0 0 0 0 0 0.04356673488 0 0 0 0 0 0 0.09531202677 0 0 0 0 0 0 0.0007674558364 0 0 0 0 0 0 0.0007674558364 0 0 0 0 0 0 0.001327118637
371,1785495497.147351980,map,3.0460340977,-1.9825689793,-0.5270931125,0.1143348721,0.0283824349,0.9706278106,0.2097703981,0.0435892008 0 0 0 0 0 0 0.0435892008 0 0 0 0 0 0 0.09534525463 0 0 0 0 0 0 0.0007679762737 0 0 0 0 0 0 0.0007679762737 0 0 0 0 0 0 0.001327802988
372,1785495497.347760916,map,3.0523135662,-1.9826574326,-0.5280792713,0.1142863643,0.0284678096,0.9706370602,0.2097424697,0.0435049918 0 0 0 0 0 0 0.0435049918 0 0 0 0 0 0 0.09522069235 0 0 0 0 0 0 0.0007660257367 0 0 0 0 0 0 0.0007660257367 0 0 0 0 0 0 0.001325237835
373,1785495497.547425032,map,3.0555772781,-1.9777296782,-0.5277920961,0.1143270555,0.0282635298,0.9706484896,0.2096949886,0.04355240898 0 0 0 0 0 0 0.04355240898 0 0 0 0 0 0 0.09529083683 0 0 0 0 0 0 0.0007671239901 0 0 0 0 0 0 0.0007671239901 0 0 0 0 0 0 0.001326682245
374,1785495497.746876001,map,3.0558943748,-1.9825384617,-0.5290147066,0.1142328752,0.0283600731,0.9706600111,0.2096800341,0.04357035159 0 0 0 0 0 0 0.04357035159 0 0 0 0 0 0 0.0953173762 0 0 0 0 0 0 0.0007675396171 0 0 0 0 0 0 0.0007675396171 0 0 0 0 0 0 0.001327228808
375,1785495497.848026991,map,3.0518910885,-1.9766976833,-0.5273424387,0.1142603304,0.0282535967,0.9706461638,0.2097434808,0.04352152819 0 0 0 0 0 0 0.04352152819 0 0 0 0 0 0 0.09524515612 0 0 0 0 0 0 0.000766408723 0 0 0 0 0 0 0.000766408723 0 0 0 0 0 0 0.001325741562
376,1785495498.047352076,map,3.0546112061,-1.9766246080,-0.5292258859,0.1142338597,0.0284153233,0.9706604179,0.2096700982,0.04355895115 0 0 0 0 0 0 0.04355895115 0 0 0 0 0 0 0.09530051372 0 0 0 0 0 0 0.0007672755312 0 0 0 0 0 0 0.0007672755312 0 0 0 0 0 0 0.001326881531
377,1785495498.247864962,map,3.0568213463,-1.9740865231,-0.5284664631,0.1142836136,0.0282571316,0.9706660289,0.2096384135,0.04347384265 0 0 0 0 0 0 0.04347384265 0 0 0 0 0 0 0.0951746065 0 0 0 0 0 0 0.0007653043781 0 0 0 0 0 0 0.0007653043781 0 0 0 0 0 0 0.001324288978
378,1785495498.447544098,map,3.0559635162,-1.9787540436,-0.5286844373,0.1142062782,0.0284018437,0.9706749864,0.2096195004,0.04350493305 0 0 0 0 0 0 0.04350493305 0 0 0 0 0 0 0.09522060542 0 0 0 0 0 0 0.000766024376 0 0 0 0 0 0 0.000766024376 0 0 0 0 0 0 0.001325236045
379,1785495498.648096085,map,3.0541722775,-1.9771254063,-0.5271376371,0.1143845839,0.0281404995,0.9706464248,0.2096897545,0.04351755328 0 0 0 0 0 0 0.04351755328 0 0 0 0 0 0 0.09523927581 0 0 0 0 0 0 0.000766316661 0 0 0 0 0 0 0.000766316661 0 0 0 0 0 0 0.001325620479
380,1785495498.847444057,map,3.0547990799,-1.9773451090,-0.5269317627,0.1144372277,0.0281488286,0.9706197430,0.2097834102,0.04351236792 0 0 0 0 0 0 0.04351236792 0 0 0 0 0 0 0.0952316047 0 0 0 0 0 0 0.0007661965664 0 0 0 0 0 0 0.0007661965664 0 0 0 0 0 0 0.001325462525
381,1785495498.947557926,map,3.0517196655,-1.9806441069,-0.5278418660,0.1143714845,0.0283960588,0.9706332375,0.2097235070,0.04345220536 0 0 0 0 0 0 0.04345220536 0 0 0 0 0 0 0.09514259051 0 0 0 0 0 0 0.0007648033452 0 0 0 0 0 0 0.0007648033452 0 0 0 0 0 0 0.001323629868
382,1785495499.147347927,map,3.0526757240,-1.9776400328,-0.5279470682,0.1143630677,0.0283149532,0.9706436615,0.2096908351,0.0434569922 0 0 0 0 0 0 0.0434569922 0 0 0 0 0 0 0.09514967367 0 0 0 0 0 0 0.0007649141859 0 0 0 0 0 0 0.0007649141859 0 0 0 0 0 0 0.001323775684
383,1785495499.347863913,map,3.0529980659,-1.9755873680,-0.5272296071,0.1143419999,0.0282442831,0.9706657295,0.2096095867,0.04355497353 0 0 0 0 0 0 0.04355497353 0 0 0 0 0 0 0.09529463023 0 0 0 0 0 0 0.0007671833942 0 0 0 0 0 0 0.0007671833942 0 0 0 0 0 0 0.001326760366
384,1785495499.547250032,map,3.0557582378,-1.9760019779,-0.5282369256,0.1142722973,0.0282918319,0.9706668962,0.2096358314,0.04339447249 0 0 0 0 0 0 0.04339447249 0 0 0 0 0 0 0.09505715242 0 0 0 0 0 0 0.000763466676 0 0 0 0 0 0 0.000763466676 0 0 0 0 0 0 0.001321871224
385,1785495499.746906996,map,3.0567188263,-1.9702361822,-0.5278823972,0.1141858523,0.0281820557,0.9706717319,0.2096753761,0.04353127496 0 0 0 0 0 0 0.04353127496 0 0 0 0 0 0 0.09525957469 0 0 0 0 0 0 0.000766634471 0 0 0 0 0 0 0.000766634471 0 0 0 0 0 0 0.001326038466
386,1785495499.947516918,map,3.0563836098,-1.9674712420,-0.5282435417,0.1142419661,0.0282579303,0.9706727374,0.2096299491,0.0435509134 0 0 0 0 0 0 0.0435509134 0 0 0 0 0 0 0.09528862459 0 0 0 0 0 0 0.0007670893471 0 0 0 0 0 0 0.0007670893471 0 0 0 0 0 0 0.001326636687
387,1785495500.147114992,map,3.0519266129,-1.9691925049,-0.5273205638,0.1143352497,0.0283998800,0.9706442525,0.2096918127,0.04351499227 0 0 0 0 0 0 0.04351499227 0 0 0 0 0 0 0.09523548712 0 0 0 0 0 0 0.0007662573469 0 0 0 0 0 0 0.0007662573469 0 0 0 0 0 0 0.001325542467
388,1785495500.346990108,map,3.0504901409,-1.9676225185,-0.5280107260,0.1143348001,0.0281511614,0.9706417809,0.2097369746,0.04350919097 0 0 0 0 0 0 0.04350919097 0 0 0 0 0 0 0.0952269047 0 0 0 0 0 0 0.0007661229882 0 0 0 0 0 0 0.0007661229882 0 0 0 0 0 0 0.001325365749
389,1785495500.547508955,map,3.0523707867,-1.9722007513,-0.5282668471,0.1143014939,0.0283248710,0.9706466397,0.2097092433,0.04353948276 0 0 0 0 0 0 0.04353948276 0 0 0 0 0 0 0.09527171623 0 0 0 0 0 0 0.0007668245805 0 0 0 0 0 0 0.0007668245805 0 0 0 0 0 0 0.00132628849
390,1785495500.746349096,map,3.0520031452,-1.9704765081,-0.5285781622,0.1143741175,0.0283120582,0.9706194590,0.2097971735,0.0434810312 0 0 0 0 0 0 0.0434810312 0 0 0 0 0 0 0.09518524259 0 0 0 0 0 0 0.0007654708448 0 0 0 0 0 0 0.0007654708448 0 0 0 0 0 0 0.001324507953
391,1785495500.846597910,map,3.0545387268,-1.9719897509,-0.5277245045,0.1142955659,0.0282451344,0.9706354789,0.2097748970,0.04350462424 0 0 0 0 0 0 0.04350462424 0 0 0 0 0 0 0.09522014857 0 0 0 0 0 0 0.0007660172242 0 0 0 0 0 0 0.0007660172242 0 0 0 0 0 0 0.001325226639
392,1785495501.046478033,map,3.0584206581,-1.9764307737,-0.5293241143,0.1142882827,0.0284822056,0.9706523199,0.2096688923,0.04352755977 0 0 0 0 0 0 0.04352755977 0 0 0 0 0 0 0.0952540788 0 0 0 0 0 0 0.0007665484213 0 0 0 0 0 0 0.0007665484213 0 0 0 0 0 0 0.001325925295
393,1785495501.246779919,map,3.0548844337,-1.9728572369,-0.5273296833,0.1144255820,0.0282843567,0.9706446901,0.2096560713,0.04361297483 0 0 0 0 0 0 0.04361297483 0 0 0 0 0 0 0.09538041421 0 0 0 0 0 0 0.0007685270601 0 0 0 0 0 0 0.0007685270601 0 0 0 0 0 0 0.001328527186
394,1785495501.446582079,map,3.0560395718,-1.9736983776,-0.5288825631,0.1143397369,0.0282646205,0.9706354175,0.2097484742,0.04371890975 0 0 0 0 0 0 0.04371890975 0 0 0 0 0 0 0.09553704445 0 0 0 0 0 0 0.0007709818887 0 0 0 0 0 0 0.0007709818887 0 0 0 0 0 0 0.001331754148
395,1785495501.546760082,map,3.0600330830,-1.9711226225,-0.5288740993,0.1141435717,0.0283278115,0.9706728986,0.2096733894,0.0436268824 0 0 0 0 0 0 0.0436268824 0 0 0 0 0 0 0.09540098078 0 0 0 0 0 0 0.0007688492867 0 0 0 0 0 0 0.0007688492867 0 0 0 0 0 0 0.001328950835
396,1785495501.746386051,map,3.0560848713,-1.9691700935,-0.5288085341,0.1141092579,0.0283727214,0.9706595428,0.2097477130,0.0436350667 0 0 0 0 0 0 0.0436350667 0 0 0 0 0 0 0.09541308327 0 0 0 0 0 0 0.0007690389176 0 0 0 0 0 0 0.0007690389176 0 0 0 0 0 0 0.001329200143
397,1785495501.946898937,map,3.0529308319,-1.9697648287,-0.5301824808,0.1142135507,0.0285943498,0.9706381962,0.2097596487,0.04352789888 0 0 0 0 0 0 0.04352789888 0 0 0 0 0 0 0.09525458045 0 0 0 0 0 0 0.0007665562756 0 0 0 0 0 0 0.0007665562756 0 0 0 0 0 0 0.001325935624
398,1785495502.146298885,map,3.0497758389,-1.9659943581,-0.5262168646,0.1142503666,0.0283670835,0.9706317561,0.2098002879,0.04349442039 0 0 0 0 0 0 0.04349442039 0 0 0 0 0 0 0.09520505232 0 0 0 0 0 0 0.0007657809127 0 0 0 0 0 0 0.0007657809127 0 0 0 0 0 0 0.001324915811
399,1785495502.246323109,map,3.0476682186,-1.9662096500,-0.5258117318,0.1143227394,0.0283231583,0.9706182692,0.2098291714,0.04347009188 0 0 0 0 0 0 0.04347009188 0 0 0 0 0 0 0.0951690568 0 0 0 0 0 0 0.0007652175225 0 0 0 0 0 0 0.0007652175225 0 0 0 0 0 0 0.001324174723
400,1785495502.447048903,map,3.0458707809,-1.9670263529,-0.5271238089,0.1142381338,0.0283306103,0.9706149378,0.2098896427,0.04352759191 0 0 0 0 0 0 0.04352759191 0 0 0 0 0 0 0.09525412635 0 0 0 0 0 0 0.0007665491657 0 0 0 0 0 0 0.0007665491657 0 0 0 0 0 0 0.001325926274
401,1785495502.646495104,map,3.0498595238,-1.9689342976,-0.5277330875,0.1141655686,0.0284676793,0.9706349953,0.2098177951,0.0435948773 0 0 0 0 0 0 0.0435948773 0 0 0 0 0 0 0.09535364994 0 0 0 0 0 0 0.0007681077802 0 0 0 0 0 0 0.0007681077802 0 0 0 0 0 0 0.001327975904
402,1785495502.746707916,map,3.0499954224,-1.9637378454,-0.5280723572,0.1141733782,0.0282975379,0.9706316409,0.2098520951,0.04351648257 0 0 0 0 0 0 0.04351648257 0 0 0 0 0 0 0.09523769183 0 0 0 0 0 0 0.0007662918629 0 0 0 0 0 0 0.0007662918629 0 0 0 0 0 0 0.001325587864
403,1785495502.946275949,map,3.0512354374,-1.9637032747,-0.5278223753,0.1142065032,0.0282985802,0.9706140013,0.2099155219,0.04345777739 0 0 0 0 0 0 0.04345777739 0 0 0 0 0 0 0.09515083552 0 0 0 0 0 0 0.0007649323674 0 0 0 0 0 0 0.0007649323674 0 0 0 0 0 0 0.001323799602
404,1785495503.146559000,map,3.0510969162,-1.9640123844,-0.5277771950,0.1142157006,0.0282835171,0.9706407677,0.2097887451,0.04341618068 0 0 0 0 0 0 0.04341618068 0 0 0 0 0 0 0.09508928025 0 0 0 0 0 0 0.0007639692454 0 0 0 0 0 0 0.0007639692454 0 0 0 0 0 0 0.001322532494
405,1785495503.346045017,map,3.0511927605,-1.9640314579,-0.5275034308,0.1140875664,0.0282208015,0.9706681934,0.2097400332,0.04345098963 0 0 0 0 0 0 0.04345098963 0 0 0 0 0 0 0.09514079157 0 0 0 0 0 0 0.000764775195 0 0 0 0 0 0 0.000764775195 0 0 0 0 0 0 0.001323592835
406,1785495503.546663046,map,3.0496833324,-1.9684654474,-0.5274076462,0.1141411545,0.0284533255,0.9706398312,0.2098107012,0.04350788435 0 0 0 0 0 0 0.04350788435 0 0 0 0 0 0 0.09522497167 0 0 0 0 0 0 0.0007660927272 0 0 0 0 0 0 0.0007660927272 0 0 0 0 0 0 0.001325325947
407,1785495503.646974087,map,3.0518121719,-1.9678443670,-0.5283123255,0.1141150400,0.0285169673,0.9706369988,0.2098293750,0.04353319801 0 0 0 0 0 0 0.04353319801 0 0 0 0 0 0 0.09526241942 0 0 0 0 0 0 0.0007666790122 0 0 0 0 0 0 0.0007666790122 0 0 0 0 0 0 0.001326097045
408,1785495503.846750975,map,3.0547044277,-1.9608500004,-0.5276518464,0.1141816889,0.0283973737,0.9706367838,0.2098102699,0.04345553504 0 0 0 0 0 0 0.04345553504 0 0 0 0 0 0 0.0951475175 0 0 0 0 0 0 0.0007648804447 0 0 0 0 0 0 0.0007648804447 0 0 0 0 0 0 0.001323731296
409,1785495504.046992064,map,3.0490648746,-1.9724727869,-0.5276278853,0.1139649980,0.0284365869,0.9706463788,0.2098783843,0.04343746064 0 0 0 0 0 0 0.04343746064 0 0 0 0 0 0 0.09512077175 0 0 0 0 0 0 0.0007644619391 0 0 0 0 0 0 0.0007644619391 0 0 0 0 0 0 0.001323180718
410,1785495504.247185946,map,3.0502159595,-1.9720556736,-0.5280585885,0.1139068570,0.0283618811,0.9706791159,0.2097686827,0.04335495956 0 0 0 0 0 0 0.04335495956 0 0 0 0 0 0 0.09499866716 0 0 0 0 0 0 0.0007625520087 0 0 0 0 0 0 0.0007625520087 0 0 0 0 0 0 0.001320667592
411,1785495504.346479893,map,3.0389735699,-1.9732041359,-0.5295145512,0.1138144475,0.0287039979,0.9706389101,0.2099582402,0.04347964629 0 0 0 0 0 0 0.04347964629 0 0 0 0 0 0 0.09518319351 0 0 0 0 0 0 0.0007654387738 0 0 0 0 0 0 0.0007654387738 0 0 0 0 0 0 0.001324465766
412,1785495504.546991110,map,3.0468187332,-1.9670361280,-0.5287697315,0.1139040994,0.0284847227,0.9706515293,0.2098811162,0.04342060351 0 0 0 0 0 0 0.04342060351 0 0 0 0 0 0 0.09509582566 0 0 0 0 0 0 0.0007640716439 0 0 0 0 0 0 0.0007640716439 0 0 0 0 0 0 0.001322667221
413,1785495504.747437000,map,3.0454084873,-1.9693890810,-0.5278949142,0.1138975574,0.0285689265,0.9706353254,0.2099482002,0.04358193881 0 0 0 0 0 0 0.04358193881 0 0 0 0 0 0 0.09533451421 0 0 0 0 0 0 0.0007678080405 0 0 0 0 0 0 0.0007678080405 0 0 0 0 0 0 0.001327581775
414,1785495504.846482992,map,3.0515160561,-1.9712028503,-0.5283204913,0.1139689626,0.0285397613,0.9706607940,0.2097955314,0.04349648078 0 0 0 0 0 0 0.04349648078 0 0 0 0 0 0 0.09520810063 0 0 0 0 0 0 0.0007658286286 0 0 0 0 0 0 0.0007658286286 0 0 0 0 0 0 0.001324978574
415,1785495505.046892881,map,3.0507645607,-1.9688150883,-0.5280551910,0.1140394234,0.0284123076,0.9706417732,0.2098625852,0.0435132291 0 0 0 0 0 0 0.0435132291 0 0 0 0 0 0 0.09523287872 0 0 0 0 0 0 0.0007662165115 0 0 0 0 0 0 0.0007662165115 0 0 0 0 0 0 0.001325488758
416,1785495505.247278929,map,3.0517134666,-1.9683798552,-0.5283226967,0.1141378979,0.0285590368,0.9706359318,0.2098161266,0.0435106872 0 0 0 0 0 0 0.0435106872 0 0 0 0 0 0 0.09522911824 0 0 0 0 0 0 0.0007661576409 0 0 0 0 0 0 0.0007661576409 0 0 0 0 0 0 0.001325411327
417,1785495505.446474075,map,3.0524644852,-1.9672356844,-0.5279191136,0.1140863258,0.0284452719,0.9706370832,0.2098542729,0.04344161167 0 0 0 0 0 0 0.04344161167 0 0 0 0 0 0 0.09512691443 0 0 0 0 0 0 0.0007645580521 0 0 0 0 0 0 0.0007645580521 0 0 0 0 0 0 0.001323307166
418,1785495505.647195101,map,3.0550465584,-1.9640245438,-0.5273934603,0.1140567794,0.0284427921,0.9706606788,0.2097615602,0.04350660598 0 0 0 0 0 0 0.04350660598 0 0 0 0 0 0 0.09522308042 0 0 0 0 0 0 0.0007660631205 0 0 0 0 0 0 0.0007660631205 0 0 0 0 0 0 0.001325287006
419,1785495505.846527100,map,3.0549232960,-1.9676615000,-0.5287908316,0.1140429296,0.0285437579,0.9706549527,0.2097818567,0.04341605396 0 0 0 0 0 0 0.04341605396 0 0 0 0 0 0 0.0950890927 0 0 0 0 0 0 0.0007639663114 0 0 0 0 0 0 0.0007639663114 0 0 0 0 0 0 0.001322528633
420,1785495505.946873903,map,3.0584194660,-1.9641703367,-0.5279551744,0.1140919199,0.0284714576,0.9706641329,0.2097225501,0.04354791993 0 0 0 0 0 0 0.04354791993 0 0 0 0 0 0 0.09528419668 0 0 0 0 0 0 0.0007670200088 0 0 0 0 0 0 0.0007670200088 0 0 0 0 0 0 0.001326545501
421,1785495506.146275997,map,3.0533144474,-1.9634798765,-0.5285915136,0.1140783015,0.0283348590,0.9706469698,0.2098278950,0.04351432125 0 0 0 0 0 0 0.04351432125 0 0 0 0 0 0 0.09523449443 0 0 0 0 0 0 0.000766241806 0 0 0 0 0 0 0.000766241806 0 0 0 0 0 0 0.001325522026
422,1785495506.346806049,map,3.0485713482,-1.9700446129,-0.5292743444,0.1141368412,0.0285398885,0.9706228211,0.2098799088,0.04353292272 0 0 0 0 0 0 0.04353292272 0 0 0 0 0 0 0.0952620122 0 0 0 0 0 0 0.000766672636 0 0 0 0 0 0 0.000766672636 0 0 0 0 0 0 0.001326088659
423,1785495506.546238899,map,3.0507023335,-1.9735176563,-0.5288960338,0.1138945006,0.0284786910,0.9706434849,0.2099243593,0.04345737859 0 0 0 0 0 0 0.04345737859 0 0 0 0 0 0 0.0951502454 0 0 0 0 0 0 0.0007649231328 0 0 0 0 0 0 0.0007649231328 0 0 0 0 0 0 0.001323787454
424,1785495506.747008085,map,3.0511231422,-1.9732238054,-0.5283291936,0.1139559473,0.0285665092,0.9706400768,0.2098947764,0.0435514295 0 0 0 0 0 0 0.0435514295 0 0 0 0 0 0 0.09528938801 0 0 0 0 0 0 0.000767101302 0 0 0 0 0 0 0.000767101302 0 0 0 0 0 0 0.001326652408
425,1785495506.946577072,map,3.0501573086,-1.9736907482,-0.5269072056,0.1141712580,0.0284391870,0.9706189294,0.2098929016,0.04350018664 0 0 0 0 0 0 0.04350018664 0 0 0 0 0 0 0.09521358335 0 0 0 0 0 0 0.0007659144525 0 0 0 0 0 0 0.0007659144525 0 0 0 0 0 0 0.001325091461
426,1785495507.045897007,map,3.0533080101,-1.9738612175,-0.5293648839,0.1140754599,0.0284328786,0.9706263445,0.2099115552,0.04356299272 0 0 0 0 0 0 0.04356299272 0 0 0 0 0 0 0.09530649173 0 0 0 0 0 0 0.0007673691512 0 0 0 0 0 0 0.0007673691512 0 0 0 0 0 0 0.001327004644
427,1785495507.246433020,map,3.0535931587,-1.9750493765,-0.5298786163,0.1140215484,0.0285518904,0.9706401536,0.2098608629,0.04350038843 0 0 0 0 0 0 0.04350038843 0 0 0 0 0 0 0.09521388189 0 0 0 0 0 0 0.0007659191257 0 0 0 0 0 0 0.0007659191257 0 0 0 0 0 0 0.001325097608
428,1785495507.447047949,map,3.0529870987,-1.9740382433,-0.5294466615,0.1139129700,0.0285688086,0.9706436385,0.2099013214,0.04351372336 0 0 0 0 0 0 0.04351372336 0 0 0 0 0 0 0.09523360992 0 0 0 0 0 0 0.0007662279587 0 0 0 0 0 0 0.0007662279587 0 0 0 0 0 0 0.001325503814
429,1785495507.546226025,map,3.0517890453,-1.9680505991,-0.5276154280,0.1140463166,0.0282937450,0.9706264519,0.2099456904,0.04358880957 0 0 0 0 0 0 0.04358880957 0 0 0 0 0 0 0.09534467601 0 0 0 0 0 0 0.0007679672102 0 0 0 0 0 0 0.0007679672102 0 0 0 0 0 0 0.00132779107
430,1785495507.746664047,map,3.0488076210,-1.9698470831,-0.5270089507,0.1142963679,0.0284446379,0.9706098945,0.2098658394,0.04345130358 0 0 0 0 0 0 0.04345130358 0 0 0 0 0 0 0.09514125613 0 0 0 0 0 0 0.0007647824646 0 0 0 0 0 0 0.0007647824646 0 0 0 0 0 0 0.001323602398
431,1785495507.946997881,map,3.0509972572,-1.9699369669,-0.5277181268,0.1141261337,0.0285415567,0.9706212168,0.2098930057,0.0435587066 0 0 0 0 0 0 0.0435587066 0 0 0 0 0 0 0.09530015199 0 0 0 0 0 0 0.0007672698664 0 0 0 0 0 0 0.0007672698664 0 0 0 0 0 0 0.001326874081
432,1785495508.146408081,map,3.0533814430,-1.9671792984,-0.5273717046,0.1141255433,0.0284676907,0.9706308733,0.2098586399,0.04356814 0 0 0 0 0 0 0.04356814 0 0 0 0 0 0 0.09531410507 0 0 0 0 0 0 0.0007674883856 0 0 0 0 0 0 0.0007674883856 0 0 0 0 0 0 0.001327161439
433,1785495508.346611023,map,3.0537283421,-1.9634795189,-0.5270997882,0.1140175224,0.0281651094,0.9706652459,0.2097992283,0.04349192223 0 0 0 0 0 0 0.04349192223 0 0 0 0 0 0 0.09520135629 0 0 0 0 0 0 0.000765723059 0 0 0 0 0 0 0.000765723059 0 0 0 0 0 0 0.001324839713
434,1785495508.446723938,map,3.0521500111,-1.9673235416,-0.5284885168,0.1140575099,0.0285027469,0.9706495950,0.2098042615,0.04347525335 0 0 0 0 0 0 0.04347525335 0 0 0 0 0 0 0.09517669379 0 0 0 0 0 0 0.0007653370458 0 0 0 0 0 0 0.0007653370458 0 0 0 0 0 0 0.00132433195
435,1785495508.646019936,map,3.0553474426,-1.9628605843,-0.5292636156,0.1140046892,0.0284114916,0.9706819712,0.2096955694,0.04352746573 0 0 0 0 0 0 0.04352746573 0 0 0 0 0 0 0.0952539397 0 0 0 0 0 0 0.0007665462433 0 0 0 0 0 0 0.0007665462433 0 0 0 0 0 0 0.00132592243
436,1785495508.846118927,map,3.0486221313,-1.9740489721,-0.5288327336,0.1139295685,0.0284903486,0.9706453118,0.2098952717,0.04350485262 0 0 0 0 0 0 0.04350485262 0 0 0 0 0 0 0.09522048643 0 0 0 0 0 0 0.0007660225133 0 0 0 0 0 0 0.0007660225133 0 0 0 0 0 0 0.001325233595
437,1785495509.046408892,map,3.0517153740,-1.9705142975,-0.5281147361,0.1141785632,0.0283389226,0.9706182001,0.2099058631,0.04352915933 0 0 0 0 0 0 0.04352915933 0 0 0 0 0 0 0.09525644505 0 0 0 0 0 0 0.0007665854696 0 0 0 0 0 0 0.0007665854696 0 0 0 0 0 0 0.00132597402
438,1785495509.145608902,map,3.0535104275,-1.9673012495,-0.5291191339,0.1140703570,0.0283999989,0.9706381195,0.2098643270,0.04355076626 0 0 0 0 0 0 0.04355076626 0 0 0 0 0 0 0.09528840695 0 0 0 0 0 0 0.0007670859389 0 0 0 0 0 0 0.0007670859389 0 0 0 0 0 0 0.001326632205
439,1785495509.346220970,map,3.0554304123,-1.9684015512,-0.5282956958,0.1140057585,0.0283493582,0.9706597961,0.2098060019,0.0435529533 0 0 0 0 0 0 0.0435529533 0 0 0 0 0 0 0.09529164197 0 0 0 0 0 0 0.0007671365983 0 0 0 0 0 0 0.0007671365983 0 0 0 0 0 0 0.001326698826
440,1785495509.546011925,map,3.0551311970,-1.9700745344,-0.5278117061,0.1140169209,0.0283180065,0.9706498483,0.2098501929,0.04348354901 0 0 0 0 0 0 0.04348354901 0 0 0 0 0 0 0.09518896785 0 0 0 0 0 0 0.0007655291513 0 0 0 0 0 0 0.0007655291513 0 0 0 0 0 0 0.00132458465
441,1785495509.645236969,map,3.0521025658,-1.9674100876,-0.5281407833,0.1141950139,0.0283412243,0.9706418116,0.2097873911,0.04347965656 0 0 0 0 0 0 0.04347965656 0 0 0 0 0 0 0.09518320872 0 0 0 0 0 0 0.0007654390118 0 0 0 0 0 0 0.0007654390118 0 0 0 0 0 0 0.00132446608
442,1785495509.846002102,map,3.0528759956,-1.9637537003,-0.5269355178,0.1141874272,0.0282438138,0.9706540700,0.2097479745,0.04351245832 0 0 0 0 0 0 0.04351245832 0 0 0 0 0 0 0.09523173842 0 0 0 0 0 0 0.0007661986599 0 0 0 0 0 0 0.0007661986599 0 0 0 0 0 0 0.001325465278
443,1785495510.045433044,map,3.0535018444,-1.9643840790,-0.5279161930,0.1140985361,0.0284666048,0.9706743877,0.2096721543,0.04340133383 0 0 0 0 0 0 0.04340133383 0 0 0 0 0 0 0.09506730739 0 0 0 0 0 0 0.0007636255195 0 0 0 0 0 0 0.0007636255195 0 0 0 0 0 0 0.001322080233
444,1785495510.244911909,map,3.0552098751,-1.9622769356,-0.5277225971,0.1141142313,0.0283444865,0.9706718547,0.2096919137,0.04358356959 0 0 0 0 0 0 0.04358356959 0 0 0 0 0 0 0.09533692615 0 0 0 0 0 0 0.0007678458193 0 0 0 0 0 0 0.0007678458193 0 0 0 0 0 0 0.001327631451
445,1785495510.445111036,map,3.0534079075,-1.9627485275,-0.5276591778,0.1141081412,0.0281379891,0.9706552981,0.2097995670,0.04344243357 0 0 0 0 0 0 0.04344243357 0 0 0 0 0 0 0.09512813067 0 0 0 0 0 0 0.0007645770826 0 0 0 0 0 0 0.0007645770826 0 0 0 0 0 0 0.001323332202
446,1785495510.645535946,map,3.0515091419,-1.9717595577,-0.5265380144,0.1141956948,0.0283094088,0.9706011513,0.2099793349,0.04349639874 0 0 0 0 0 0 0.04349639874 0 0 0 0 0 0 0.09520797926 0 0 0 0 0 0 0.0007658267287 0 0 0 0 0 0 0.0007658267287 0 0 0 0 0 0 0.001324976075
447,1785495510.845674038,map,3.0513048172,-1.9657757282,-0.5263166428,0.1140680396,0.0283505676,0.9706355327,0.2098842451,0.04354622413 0 0 0 0 0 0 0.04354622413 0 0 0 0 0 0 0.09528168825 0 0 0 0 0 0 0.0007669807289 0 0 0 0 0 0 0.0007669807289 0 0 0 0 0 0 0.001326493844
448,1785495511.046080112,map,3.0495994091,-1.9618304968,-0.5274562240,0.1139838011,0.0283445108,0.9706539855,0.2098455296,0.04349292729 0 0 0 0 0 0 0.04349292729 0 0 0 0 0 0 0.09520284328 0 0 0 0 0 0 0.0007657463346 0 0 0 0 0 0 0.0007657463346 0 0 0 0 0 0 0.001324870329
449,1785495511.245685101,map,3.0505783558,-1.9634692669,-0.5278661251,0.1139648920,0.0283020069,0.9706302516,0.2099711973,0.04351487725 0 0 0 0 0 0 0.04351487725 0 0 0 0 0 0 0.09523531697 0 0 0 0 0 0 0.0007662546831 0 0 0 0 0 0 0.0007662546831 0 0 0 0 0 0 0.001325538963
450,1785495511.345772982,map,3.0504636765,-1.9621142149,-0.5264908671,0.1140270714,0.0283317185,0.9706369834,0.2099023154,0.04349065296 0 0 0 0 0 0 0.04349065296 0 0 0 0 0 0 0.09519947838 0 0 0 0 0 0 0.0007656936646 0 0 0 0 0 0 0.0007656936646 0 0 0 0 0 0 0.001324801049
451,1785495511.545387983,map,3.0549864769,-1.9624392986,-0.5274124742,0.1139070370,0.0283412329,0.9706755544,0.2097878125,0.04344034035 0 0 0 0 0 0 0.04344034035 0 0 0 0 0 0 0.09512503316 0 0 0 0 0 0 0.0007645286159 0 0 0 0 0 0 0.0007645286159 0 0 0 0 0 0 0.001323268439
452,1785495511.745943069,map,3.0497317314,-1.9737432003,-0.5285052061,0.1140456130,0.0285599512,0.9706182308,0.2099480137,0.04341628071 0 0 0 0 0 0 0.04341628071 0 0 0 0 0 0 0.09508942828 0 0 0 0 0 0 0.0007639715612 0 0 0 0 0 0 0.0007639715612 0 0 0 0 0 0 0.001322535541
453,1785495511.845134020,map,3.0506041050,-1.9679543972,-0.5272790790,0.1141117034,0.0283375898,0.9706285552,0.2098944739,0.04341405647 0 0 0 0 0 0 0.04341405647 0 0 0 0 0 0 0.09508613656 0 0 0 0 0 0 0.0007639200658 0 0 0 0 0 0 0.0007639200658 0 0 0 0 0 0 0.001322467787
454,1785495512.045608997,map,3.0515444279,-1.9639046192,-0.5268353224,0.1141525404,0.0282559053,0.9706391250,0.2098344267,0.04345686495 0 0 0 0 0 0 0.04345686495 0 0 0 0 0 0 0.09514948538 0 0 0 0 0 0 0.0007649112393 0 0 0 0 0 0 0.0007649112393 0 0 0 0 0 0 0.001323771807
455,1785495512.245975971,map,3.0562317371,-1.9641096592,-0.5293349624,0.1140126548,0.0284424422,0.9706650924,0.2097651428,0.04357633489 0 0 0 0 0 0 0.04357633489 0 0 0 0 0 0 0.09532622586 0 0 0 0 0 0 0.0007676782217 0 0 0 0 0 0 0.0007676782217 0 0 0 0 0 0 0.00132741107
456,1785495512.445555925,map,3.0529360771,-1.9631906748,-0.5279626250,0.1139940127,0.0284848232,0.9706598115,0.2097939860,0.04357807947 0 0 0 0 0 0 0.04357807947 0 0 0 0 0 0 0.09532880616 0 0 0 0 0 0 0.0007677186358 0 0 0 0 0 0 0.0007677186358 0 0 0 0 0 0 0.001327464213
457,1785495512.645134926,map,3.0497753620,-1.9618254900,-0.5274759531,0.1140255701,0.0284006021,0.9706479984,0.2098428555,0.04347328717 0 0 0 0 0 0 0.04347328717 0 0 0 0 0 0 0.09517378461 0 0 0 0 0 0 0.000765291515 0 0 0 0 0 0 0.000765291515 0 0 0 0 0 0 0.001324272057
458,1785495512.745363951,map,3.0496885777,-1.9616847038,-0.5280146003,0.1139502349,0.0283499377,0.9706514986,0.2098744372,0.04354313562 0 0 0 0 0 0 0.04354313562 0 0 0 0 0 0 0.09527711967 0 0 0 0 0 0 0.0007669091901 0 0 0 0 0 0 0.0007669091901 0 0 0 0 0 0 0.001326399762
459,1785495512.945595026,map,3.0499737263,-1.9637812376,-0.5286723971,0.1140472193,0.0283502456,0.9706433007,0.2098596528,0.04352807595 0 0 0 0 0 0 0.04352807595 0 0 0 0 0 0 0.0952548424 0 0 0 0 0 0 0.0007665603768 0 0 0 0 0 0 0.0007665603768 0 0 0 0 0 0 0.001325941018
460,1785495513.145844936,map,3.0434563160,-1.9671838284,-0.5269700885,0.1140113442,0.0283870912,0.9706261602,0.2099534449,0.04355190194 0 0 0 0 0 0 0.04355190194 0 0 0 0 0 0 0.09529008683 0 0 0 0 0 0 0.0007671122452 0 0 0 0 0 0 0.0007671122452 0 0 0 0 0 0 0.0013266668
461,1785495513.244992971,map,3.0425808430,-1.9684572220,-0.5256714821,0.1140555852,0.0282989759,0.9705999001,0.2100626858,0.04344465986 0 0 0 0 0 0 0.04344465986 0 0 0 0 0 0 0.09513142507 0 0 0 0 0 0 0.0007646286309 0 0 0 0 0 0 0.0007646286309 0 0 0 0 0 0 0.001323400019
462,1785495513.345056057,map,3.0482800007,-1.9663128853,-0.5260535479,0.1140765155,0.0282202849,0.9706009364,0.2100570344,0.04349474608 0 0 0 0 0 0 0.04349474608 0 0 0 0 0 0 0.09520553417 0 0 0 0 0 0 0.0007657884552 0 0 0 0 0 0 0.0007657884552 0 0 0 0 0 0 0.001324925733
463,1785495513.545351028,map,3.0492713451,-1.9663766623,-0.5280784369,0.1140881101,0.0284821506,0.9706183767,0.2099348253,0.0435088894 0 0 0 0 0 0 0.0435088894 0 0 0 0 0 0 0.09522645855 0 0 0 0 0 0 0.0007661160038 0 0 0 0 0 0 0.0007661160038 0 0 0 0 0 0 0.001325356563
464,1785495513.745017052,map,3.0506131649,-1.9637691975,-0.5271353722,0.1141117469,0.0282644197,0.9706193055,0.2099471057,0.04347718047 0 0 0 0 0 0 0.04347718047 0 0 0 0 0 0 0.09517954513 0 0 0 0 0 0 0.0007653816721 0 0 0 0 0 0 0.0007653816721 0 0 0 0 0 0 0.001324390653
465,1785495513.845057964,map,3.0532286167,-1.9649618864,-0.5276773572,0.1140371585,0.0283902043,0.9706493570,0.2098317158,0.0435628534 0 0 0 0 0 0 0.0435628534 0 0 0 0 0 0 0.09530628566 0 0 0 0 0 0 0.0007673659239 0 0 0 0 0 0 0.0007673659239 0 0 0 0 0 0 0.0013270004
466,1785495514.045028925,map,3.0551292896,-1.9655302763,-0.5272220969,0.1139655936,0.0282192503,0.9706415353,0.2099298241,0.04353768916 0 0 0 0 0 0 0.04353768916 0 0 0 0 0 0 0.09526906304 0 0 0 0 0 0 0.0007667830365 0 0 0 0 0 0 0.0007667830365 0 0 0 0 0 0 0.001326233853
467,1785495514.245481968,map,3.0569779873,-1.9658584595,-0.5283637047,0.1139653523,0.0282453257,0.9706612085,0.2098355017,0.04356809949 0 0 0 0 0 0 0.04356809949 0 0 0 0 0 0 0.09531404516 0 0 0 0 0 0 0.0007674874475 0 0 0 0 0 0 0.0007674874475 0 0 0 0 0 0 0.001327160205
468,1785495514.445235014,map,3.0557041168,-1.9638664722,-0.5287497044,0.1138169479,0.0282444914,0.9706617074,0.2099137865,0.04354565217 0 0 0 0 0 0 0.04354565217 0 0 0 0 0 0 0.0952808422 0 0 0 0 0 0 0.0007669674806 0 0 0 0 0 0 0.0007669674806 0 0 0 0 0 0 0.001326476421
469,1785495514.644792080,map,3.0555360317,-1.9653199911,-0.5296632051,0.1137705254,0.0284305624,0.9706907137,0.2097797160,0.04348503741 0 0 0 0 0 0 0.04348503741 0 0 0 0 0 0 0.09519117001 0 0 0 0 0 0 0.0007655636193 0 0 0 0 0 0 0.0007655636193 0 0 0 0 0 0 0.001324629989
470,1785495514.844961882,map,3.0521934032,-1.9661756754,-0.5290630460,0.1138852851,0.0284434083,0.9706560503,0.2098760244,0.04353573866 0 0 0 0 0 0 0.04353573866 0 0 0 0 0 0 0.09526617774 0 0 0 0 0 0 0.0007667378587 0 0 0 0 0 0 0.0007667378587 0 0 0 0 0 0 0.001326174438
471,1785495515.044351101,map,3.0517299175,-1.9662039280,-0.5293771029,0.1137805501,0.0286358659,0.9706617995,0.2098800392,0.04354062622 0 0 0 0 0 0 0.04354062622 0 0 0 0 0 0 0.09527340768 0 0 0 0 0 0 0.0007668510659 0 0 0 0 0 0 0.0007668510659 0 0 0 0 0 0 0.001326323321
472,1785495515.144577026,map,3.0465049744,-1.9644000530,-0.5283304453,0.1139923979,0.0284442048,0.9706203264,0.2099829856,0.04358418054 0 0 0 0 0 0 0.04358418054 0 0 0 0 0 0 0.09533782974 0 0 0 0 0 0 0.0007678599725 0 0 0 0 0 0 0.0007678599725 0 0 0 0 0 0 0.001327650062
473,1785495515.344805002,map,3.0482594967,-1.9597609043,-0.5264281034,0.1141610991,0.0281965878,0.9706092344,0.2099759973,0.04347480976 0 0 0 0 0 0 0.04347480976 0 0 0 0 0 0 0.09517603744 0 0 0 0 0 0 0.0007653267734 0 0 0 0 0 0 0.0007653267734 0 0 0 0 0 0 0.001324318437
474,1785495515.444924116,map,3.0514962673,-1.9620810747,-0.5284211040,0.1139101431,0.0283818134,0.9706346960,0.2099695758,0.04352763176 0 0 0 0 0 0 0.04352763176 0 0 0 0 0 0 0.0952541853 0 0 0 0 0 0 0.0007665500887 0 0 0 0 0 0 0.0007665500887 0 0 0 0 0 0 0.001325927488
475,1785495515.644021988,map,3.0492696762,-1.9649090767,-0.5281817317,0.1138214328,0.0285819458,0.9706504623,0.2099176998,0.04355755326 0 0 0 0 0 0 0.04355755326 0 0 0 0 0 0 0.09529844605 0 0 0 0 0 0 0.0007672431507 0 0 0 0 0 0 0.0007672431507 0 0 0 0 0 0 0.001326838949
476,1785495515.844588041,map,3.0512094498,-1.9645340443,-0.5280259848,0.1139783838,0.0282946591,0.9706257304,0.2099858004,0.04344304876 0 0 0 0 0 0 0.04344304876 0 0 0 0 0 0 0.09512904101 0 0 0 0 0 0 0.0007645913269 0 0 0 0 0 0 0.0007645913269 0 0 0 0 0 0 0.001323350942
477,1785495516.043812037,map,3.0512540340,-1.9586684704,-0.5268637538,0.1138417994,0.0282619501,0.9706635956,0.2098891918,0.04351013114 0 0 0 0 0 0 0.04351013114 0 0 0 0 0 0 0.0952282956 0 0 0 0 0 0 0.0007661447626 0 0 0 0 0 0 0.0007661447626 0 0 0 0 0 0 0.001325394388
478,1785495516.144254923,map,3.0502986908,-1.9574960470,-0.5266014934,0.1141066364,0.0282798298,0.9706296068,0.2099002184,0.04352472858 0 0 0 0 0 0 0.04352472858 0 0 0 0 0 0 0.09524989058 0 0 0 0 0 0 0.0007664828474 0 0 0 0 0 0 0.0007664828474 0 0 0 0 0 0 0.001325839052
479,1785495516.344643116,map,3.0547494888,-1.9563009739,-0.5271447301,0.1141135373,0.0281802065,0.9706533715,0.2097999220,0.04347104324 0 0 0 0 0 0 0.04347104324 0 0 0 0 0 0 0.09517046445 0 0 0 0 0 0 0.0007652395527 0 0 0 0 0 0 0.0007652395527 0 0 0 0 0 0 0.001324203703
480,1785495516.544085026,map,3.0512845516,-1.9598951340,-0.5269809365,0.1140594934,0.0283485202,0.9706621756,0.2097658806,0.04351131591 0 0 0 0 0 0 0.04351131591 0 0 0 0 0 0 0.09523004835 0 0 0 0 0 0 0.0007661722017 0 0 0 0 0 0 0.0007661722017 0 0 0 0 0 0 0.001325430478
481,1785495516.743752956,map,3.0508050919,-1.9604679346,-0.5271553993,0.1141977156,0.0283636584,0.9706506542,0.2097419578,0.04362262411 0 0 0 0 0 0 0.04362262411 0 0 0 0 0 0 0.09539468373 0 0 0 0 0 0 0.0007687506241 0 0 0 0 0 0 0.0007687506241 0 0 0 0 0 0 0.00132882112
482,1785495516.944396973,map,3.0482373238,-1.9596778154,-0.5268207192,0.1141168449,0.0282111064,0.9706386875,0.2098619628,0.04343351826 0 0 0 0 0 0 0.04343351826 0 0 0 0 0 0 0.09511493774 0 0 0 0 0 0 0.0007643706585 0 0 0 0 0 0 0.0007643706585 0 0 0 0 0 0 0.001323060626
483,1785495517.144017935,map,3.0524816513,-1.9643803835,-0.5282079577,0.1139950352,0.0284786326,0.9706487199,0.2098455933,0.04347261117 0 0 0 0 0 0 0.04347261117 0 0 0 0 0 0 0.09517278439 0 0 0 0 0 0 0.0007652758609 0 0 0 0 0 0 0.0007652758609 0 0 0 0 0 0 0.001324251465
484,1785495517.244299889,map,3.0502033234,-1.9657205343,-0.5284855962,0.1139048792,0.0284959998,0.9706393246,0.2099355909,0.04342770836 0 0 0 0 0 0 0.04342770836 0 0 0 0 0 0 0.09510633998 0 0 0 0 0 0 0.0007642361403 0 0 0 0 0 0 0.0007642361403 0 0 0 0 0 0 0.001322883647
485,1785495517.444957972,map,3.0467157364,-1.9602047205,-0.5264555812,0.1139157791,0.0284315065,0.9706503779,0.2098873140,0.04357038769 0 0 0 0 0 0 0.04357038769 0 0 0 0 0 0 0.09531742959 0 0 0 0 0 0 0.0007675404532 0 0 0 0 0 0 0.0007675404532 0 0 0 0 0 0 0.001327229908
486,1785495517.545160055,map,3.0479822159,-1.9608645439,-0.5272449255,0.1138984353,0.0283984244,0.9706358243,0.2099684950,0.04355717631 0 0 0 0 0 0 0.04355717631 0 0 0 0 0 0 0.09529788847 0 0 0 0 0 0 0.0007672344189 0 0 0 0 0 0 0.0007672344189 0 0 0 0 0 0 0.001326827466
487,1785495517.744815111,map,3.0477030277,-1.9619051218,-0.5281386375,0.1139923822,0.0284586185,0.9706353945,0.2099114096,0.04347710012 0 0 0 0 0 0 0.04347710012 0 0 0 0 0 0 0.09517942625 0 0 0 0 0 0 0.0007653798115 0 0 0 0 0 0 0.0007653798115 0 0 0 0 0 0 0.001324388206
488,1785495517.945080042,map,3.0483198166,-1.9607239962,-0.5258239508,0.1142361383,0.0282737353,0.9706049894,0.2099444068,0.04354080183 0 0 0 0 0 0 0.04354080183 0 0 0 0 0 0 0.09527366745 0 0 0 0 0 0 0.0007668551335 0 0 0 0 0 0 0.0007668551335 0 0 0 0 0 0 0.001326328671
489,1785495518.045099020,map,3.0485663414,-1.9599364996,-0.5271677375,0.1139111335,0.0283319373,0.9706392402,0.2099548144,0.04353081687 0 0 0 0 0 0 0.04353081687 0 0 0 0 0 0 0.09525889704 0 0 0 0 0 0 0.0007666238608 0 0 0 0 0 0 0.0007666238608 0 0 0 0 0 0 0.001326024512
490,1785495518.244393110,map,3.0519721508,-1.9605019093,-0.5280731916,0.1138483255,0.0284680094,0.9706501323,0.2099200970,0.0434857933 0 0 0 0 0 0 0.0434857933 0 0 0 0 0 0 0.09519228838 0 0 0 0 0 0 0.0007655811241 0 0 0 0 0 0 0.0007655811241 0 0 0 0 0 0 0.001324653015
491,1785495518.444813967,map,3.0514883995,-1.9630128145,-0.5278275609,0.1137980256,0.0284433832,0.9706591667,0.2099089475,0.04360141734 0 0 0 0 0 0 0.04360141734 0 0 0 0 0 0 0.09536332215 0 0 0 0 0 0 0.0007682592954 0 0 0 0 0 0 0.0007682592954 0 0 0 0 0 0 0.001328175125
492,1785495518.644928932,map,3.0493373871,-1.9638388157,-0.5285388231,0.1138208607,0.0284525306,0.9706760917,0.2098170251,0.04353792264 0 0 0 0 0 0 0.04353792264 0 0 0 0 0 0 0.09526940842 0 0 0 0 0 0 0.0007667884444 0 0 0 0 0 0 0.0007667884444 0 0 0 0 0 0 0.001326240966
493,1785495518.744162083,map,3.0475594997,-1.9630409479,-0.5274015665,0.1139628544,0.0283204333,0.9706539472,0.2098602678,0.04347021101 0 0 0 0 0 0 0.04347021101 0 0 0 0 0 0 0.09516923307 0 0 0 0 0 0 0.0007652202813 0 0 0 0 0 0 0.0007652202813 0 0 0 0 0 0 0.001324178352
494,1785495518.944637060,map,3.0494561195,-1.9626145363,-0.5272641778,0.1139778947,0.0283487723,0.9706413357,0.2099066475,0.04346845198 0 0 0 0 0 0 0.04346845198 0 0 0 0 0 0 0.09516663035 0 0 0 0 0 0 0.0007651795483 0 0 0 0 0 0 0.0007651795483 0 0 0 0 0 0 0.001324124769
495,1785495519.145024061,map,3.0516436100,-1.9636535645,-0.5269116163,0.1140508693,0.0282812714,0.9706274575,0.2099401918,0.04343390094 0 0 0 0 0 0 0.04343390094 0 0 0 0 0 0 0.09511550405 0 0 0 0 0 0 0.0007643795189 0 0 0 0 0 0 0.0007643795189 0 0 0 0 0 0 0.001323072284
496,1785495519.244415045,map,3.0543711185,-1.9635848999,-0.5282403231,0.1139535685,0.0282115787,0.9706370295,0.2099581865,0.04357741281 0 0 0 0 0 0 0.04357741281 0 0 0 0 0 0 0.09532782014 0 0 0 0 0 0 0.0007677031921 0 0 0 0 0 0 0.0007677031921 0 0 0 0 0 0 0.001327443905
497,1785495519.444792986,map,3.0520875454,-1.9627116919,-0.5279591084,0.1139408592,0.0283381479,0.9706510380,0.2098833026,0.04358684568 0 0 0 0 0 0 0.04358684568 0 0 0 0 0 0 0.09534177147 0 0 0 0 0 0 0.000767921714 0 0 0 0 0 0 0.000767921714 0 0 0 0 0 0 0.001327731247
498,1785495519.644119978,map,3.0520353317,-1.9637790918,-0.5290241241,0.1141624895,0.0283768775,0.9706296528,0.2098564935,0.04348470806 0 0 0 0 0 0 0.04348470806 0 0 0 0 0 0 0.09519068272 0 0 0 0 0 0 0.0007655559924 0 0 0 0 0 0 0.0007655559924 0 0 0 0 0 0 0.001324619957
499,1785495519.844630003,map,3.0531866550,-1.9632754326,-0.5286698937,0.1140109792,0.0284137857,0.9706239419,0.2099602959,0.0435925917 0 0 0 0 0 0 0.0435925917 0 0 0 0 0 0 0.09535026965 0 0 0 0 0 0 0.0007680548298 0 0 0 0 0 0 0.0007680548298 0 0 0 0 0 0 0.001327906281
500,1785495520.044087887,map,3.0569891930,-1.9629542828,-0.5287760496,0.1139673358,0.0285027359,0.9706475839,0.2098625877,0.04357167166 0 0 0 0 0 0 0.04357167166 0 0 0 0 0 0 0.09531932868 0 0 0 0 0 0 0.0007675701966 0 0 0 0 0 0 0.0007675701966 0 0 0 0 0 0 0.00132726902
501,1785495520.244415998,map,3.0554149151,-1.9608798027,-0.5295326114,0.1137665955,0.0285328714,0.9706779108,0.2098271398,0.04347665062 0 0 0 0 0 0 0.04347665062 0 0 0 0 0 0 0.09517876117 0 0 0 0 0 0 0.0007653694023 0 0 0 0 0 0 0.0007653694023 0 0 0 0 0 0 0.001324374513
502,1785495520.343822956,map,3.0532026291,-1.9614467621,-0.5281102061,0.1138787940,0.0283410521,0.9706557663,0.2098946997,0.04352396884 0 0 0 0 0 0 0.04352396884 0 0 0 0 0 0 0.09524876666 0 0 0 0 0 0 0.0007664652508 0 0 0 0 0 0 0.0007664652508 0 0 0 0 0 0 0.001325815909
503,1785495520.544359922,map,3.0488379002,-1.9598011971,-0.5275126100,0.1139474904,0.0282742941,0.9706479063,0.2099027396,0.04352185156 0 0 0 0 0 0 0.04352185156 0 0 0 0 0 0 0.0952456345 0 0 0 0 0 0 0.0007664162126 0 0 0 0 0 0 0.0007664162126 0 0 0 0 0 0 0.001325751413
504,1785495520.743599892,map,3.0495982170,-1.9618523121,-0.5254672766,0.1140007062,0.0281348642,0.9706392555,0.2099326276,0.04351752437 0 0 0 0 0 0 0.04351752437 0 0 0 0 0 0 0.09523923304 0 0 0 0 0 0 0.0007663159915 0 0 0 0 0 0 0.0007663159915 0 0 0 0 0 0 0.001325619599
505,1785495520.843988895,map,3.0466208458,-1.9578330517,-0.5258499384,0.1139329955,0.0282223815,0.9706435156,0.2099379621,0.04351574137 0 0 0 0 0 0 0.04351574137 0 0 0 0 0 0 0.09523659532 0 0 0 0 0 0 0.0007662746964 0 0 0 0 0 0 0.0007662746964 0 0 0 0 0 0 0.001325565286
506,1785495521.044321060,map,3.0485510826,-1.9547423124,-0.5267053843,0.1140994315,0.0282576719,0.9706383651,0.2098665843,0.04344470697 0 0 0 0 0 0 0.04344470697 0 0 0 0 0 0 0.09513149479 0 0 0 0 0 0 0.0007646297217 0 0 0 0 0 0 0.0007646297217 0 0 0 0 0 0 0.001323401454
507,1785495521.243730068,map,3.0541384220,-1.9529814720,-0.5289643407,0.1138309071,0.0283350174,0.9706651692,0.2098780672,0.04350688313 0 0 0 0 0 0 0.04350688313 0 0 0 0 0 0 0.09522349043 0 0 0 0 0 0 0.000766069539 0 0 0 0 0 0 0.000766069539 0 0 0 0 0 0 0.001325295448
508,1785495521.443263054,map,3.0543768406,-1.9595721960,-0.5295337439,0.1139353239,0.0285323159,0.9706540546,0.2098460519,0.04350437379 0 0 0 0 0 0 0.04350437379 0 0 0 0 0 0 0.09521977803 0 0 0 0 0 0 0.0007660114238 0 0 0 0 0 0 0.0007660114238 0 0 0 0 0 0 0.001325219009
509,1785495521.643712044,map,3.0563366413,-1.9593480825,-0.5290868282,0.1139846961,0.0282794114,0.9706459719,0.2098908151,0.04351072057 0 0 0 0 0 0 0.04351072057 0 0 0 0 0 0 0.09522916761 0 0 0 0 0 0 0.0007661584137 0 0 0 0 0 0 0.0007661584137 0 0 0 0 0 0 0.001325412343
510,1785495521.744071960,map,3.0544416904,-1.9630006552,-0.5290632248,0.1140712229,0.0283698586,0.9706411361,0.2098539570,0.04334011457 0 0 0 0 0 0 0.04334011457 0 0 0 0 0 0 0.09497669203 0 0 0 0 0 0 0.0007622084024 0 0 0 0 0 0 0.0007622084024 0 0 0 0 0 0 0.001320215387
511,1785495521.943259954,map,3.0565161705,-1.9629931450,-0.5286434293,0.1140337634,0.0283479092,0.9706339898,0.2099103547,0.04354195884 0 0 0 0 0 0 0.04354195884 0 0 0 0 0 0 0.09527537895 0 0 0 0 0 0 0.0007668819329 0 0 0 0 0 0 0.0007668819329 0 0 0 0 0 0 0.001326363915
512,1785495522.143769026,map,3.0560576916,-1.9687255621,-0.5301036835,0.1138718442,0.0284696247,0.9706367531,0.2099689772,0.04345759941 0 0 0 0 0 0 0.04345759941 0 0 0 0 0 0 0.09515057216 0 0 0 0 0 0 0.0007649282462 0 0 0 0 0 0 0.0007649282462 0 0 0 0 0 0 0.00132379418
513,1785495522.244071960,map,3.0572178364,-1.9646277428,-0.5289504528,0.1138413620,0.0283481529,0.9706849954,0.2097788103,0.04357013064 0 0 0 0 0 0 0.04357013064 0 0 0 0 0 0 0.0953170494 0 0 0 0 0 0 0.0007675344988 0 0 0 0 0 0 0.0007675344988 0 0 0 0 0 0 0.001327222078
514,1785495522.444097042,map,3.0581738949,-1.9609751701,-0.5290501714,0.1140220362,0.0283309206,0.9706804668,0.2097039462,0.0434335034 0 0 0 0 0 0 0.0434335034 0 0 0 0 0 0 0.09511491576 0 0 0 0 0 0 0.0007643703145 0 0 0 0 0 0 0.0007643703145 0 0 0 0 0 0 0.001323060174
515,1785495522.643683910,map,3.0499644279,-1.9700076580,-0.5300341845,0.1138874270,0.0284007536,0.9706343275,0.2099810543,0.04383806153 0 0 0 0 0 0 0.04383806153 0 0 0 0 0 0 0.09571314315 0 0 0 0 0 0 0.0007737441082 0 0 0 0 0 0 0.0007737441082 0 0 0 0 0 0 0.001335383719
516,1785495522.843981981,map,3.0521790981,-1.9660581350,-0.5278198719,0.1140142269,0.0284032190,0.9706227597,0.2099654029,0.04351255761 0 0 0 0 0 0 0.04351255761 0 0 0 0 0 0 0.09523188532 0 0 0 0 0 0 0.0007662009596 0 0 0 0 0 0 0.0007662009596 0 0 0 0 0 0 0.001325468303
517,1785495523.043668985,map,3.0557510853,-1.9676243067,-0.5292750001,0.1139078333,0.0284727882,0.9706478372,0.2098977729,0.04361691035 0 0 0 0 0 0 0.04361691035 0 0 0 0 0 0 0.09538623418 0 0 0 0 0 0 0.0007686182411 0 0 0 0 0 0 0.0007686182411 0 0 0 0 0 0 0.001328647069
518,1785495523.244436979,map,3.0568459034,-1.9650033712,-0.5300790668,0.1138195818,0.0283791104,0.9706803210,0.2098081129,0.04349418787 0 0 0 0 0 0 0.04349418787 0 0 0 0 0 0 0.0952047083 0 0 0 0 0 0 0.0007657755278 0 0 0 0 0 0 0.0007657755278 0 0 0 0 0 0 0.001324908728
519,1785495523.344692945,map,3.0575890541,-1.9616994858,-0.5285605788,0.1138812454,0.0282395668,0.9706846270,0.2097735401,0.04349584933 0 0 0 0 0 0 0.04349584933 0 0 0 0 0 0 0.09520716641 0 0 0 0 0 0 0.000765814005 0 0 0 0 0 0 0.000765814005 0 0 0 0 0 0 0.001324959339
520,1785495523.544178963,map,3.0594899654,-1.9634743929,-0.5294085145,0.1137741092,0.0283359203,0.9706985120,0.2097544209,0.04347280734 0 0 0 0 0 0 0.04347280734 0 0 0 0 0 0 0.09517307465 0 0 0 0 0 0 0.0007652804036 0 0 0 0 0 0 0.0007652804036 0 0 0 0 0 0 0.00132425744
521,1785495523.744321108,map,3.0616312027,-1.9655483961,-0.5293958783,0.1138222879,0.0283145848,0.9706988421,0.2097296729,0.04343485126 0 0 0 0 0 0 0.04343485126 0 0 0 0 0 0 0.09511691035 0 0 0 0 0 0 0.0007644015222 0 0 0 0 0 0 0.0007644015222 0 0 0 0 0 0 0.001323101232
522,1785495523.944710970,map,3.0600674152,-1.9633511305,-0.5293887854,0.1140703118,0.0282463731,0.9706717166,0.2097296696,0.04350935249 0 0 0 0 0 0 0.04350935249 0 0 0 0 0 0 0.09522714365 0 0 0 0 0 0 0.0007661267289 0 0 0 0 0 0 0.0007661267289 0 0 0 0 0 0 0.001325370669
523,1785495524.143997908,map,3.0584580898,-1.9645149708,-0.5281115770,0.1140134649,0.0282176835,0.9706739118,0.2097542794,0.04349725985 0 0 0 0 0 0 0.04349725985 0 0 0 0 0 0 0.09520925325 0 0 0 0 0 0 0.0007658466709 0 0 0 0 0 0 0.0007658466709 0 0 0 0 0 0 0.001325002306
524,1785495524.344192028,map,3.0604927540,-1.9683943987,-0.5296890736,0.1138507742,0.0282942697,0.9706751629,0.2098264980,0.04339115842 0 0 0 0 0 0 0.04339115842 0 0 0 0 0 0 0.09505224742 0 0 0 0 0 0 0.000763389955 0 0 0 0 0 0 0.000763389955 0 0 0 0 0 0 0.001321770272
525,1785495524.444226027,map,3.0580191612,-1.9684338570,-0.5297478437,0.1137955060,0.0285289316,0.9706795457,0.2098044350,0.04343580261 0 0 0 0 0 0 0.04343580261 0 0 0 0 0 0 0.09511831819 0 0 0 0 0 0 0.0007644235496 0 0 0 0 0 0 0.0007644235496 0 0 0 0 0 0 0.001323130212
526,1785495524.643392086,map,3.0540642738,-1.9640858173,-0.5268982649,0.1140650099,0.0283028714,0.9706441681,0.2098523497,0.04347816623 0 0 0 0 0 0 0.04347816623 0 0 0 0 0 0 0.09518100365 0 0 0 0 0 0 0.0007654044996 0 0 0 0 0 0 0.0007654044996 0 0 0 0 0 0 0.001324420681
527,1785495524.843930960,map,3.0566356182,-1.9655603170,-0.5278251171,0.1140131529,0.0284046356,0.9706457570,0.2098594057,0.04345423743 0 0 0 0 0 0 0.04345423743 0 0 0 0 0 0 0.09514559741 0 0 0 0 0 0 0.0007648503982 0 0 0 0 0 0 0.0007648503982 0 0 0 0 0 0 0.001323691768
528,1785495524.944238901,map,3.0549714565,-1.9606406689,-0.5285086036,0.1137410679,0.0283932318,0.9706572631,0.2099554294,0.04349777349 0 0 0 0 0 0 0.04349777349 0 0 0 0 0 0 0.09521001318 0 0 0 0 0 0 0.0007658585664 0 0 0 0 0 0 0.0007658585664 0 0 0 0 0 0 0.001325017953
529,1785495525.143560886,map,3.0523824692,-1.9633041620,-0.5285361409,0.1138804689,0.0283961853,0.9706298447,0.2100062266,0.04351315544 0 0 0 0 0 0 0.04351315544 0 0 0 0 0 0 0.09523276975 0 0 0 0 0 0 0.0007662148055 0 0 0 0 0 0 0.0007662148055 0 0 0 0 0 0 0.001325486514
530,1785495525.243711948,map,3.0525615215,-1.9622609615,-0.5275281072,0.1138703042,0.0283038274,0.9706521050,0.2099212746,0.04346042383 0 0 0 0 0 0 0.04346042383 0 0 0 0 0 0 0.09515475142 0 0 0 0 0 0 0.0007649936474 0 0 0 0 0 0 0.0007649936474 0 0 0 0 0 0 0.001323880217
531,1785495525.443830013,map,3.0525779724,-1.9613378048,-0.5281097293,0.1138904453,0.0282505367,0.9706690838,0.2098390034,0.04358626123 0 0 0 0 0 0 0.04358626123 0 0 0 0 0 0 0.09534090708 0 0 0 0 0 0 0.0007679081744 0 0 0 0 0 0 0.0007679081744 0 0 0 0 0 0 0.001327713444
532,1785495525.643062115,map,3.0499410629,-1.9631280899,-0.5270709991,0.1138614192,0.0283033879,0.9706608093,0.2098858797,0.04351868312 0 0 0 0 0 0 0.04351868312 0 0 0 0 0 0 0.09524094725 0 0 0 0 0 0 0.0007663428288 0 0 0 0 0 0 0.0007663428288 0 0 0 0 0 0 0.001325654896
533,1785495525.743279934,map,3.0513942242,-1.9630175829,-0.5279644132,0.1139144474,0.0283300020,0.9706367071,0.2099649343,0.04340633326 0 0 0 0 0 0 0.04340633326 0 0 0 0 0 0 0.09507470652 0 0 0 0 0 0 0.0007637412613 0 0 0 0 0 0 0.0007637412613 0 0 0 0 0 0 0.001322232524
534,1785495525.943603039,map,3.0532891750,-1.9645035267,-0.5294243693,0.1138494199,0.0283778649,0.9706758461,0.2098127645,0.04348000089 0 0 0 0 0 0 0.04348000089 0 0 0 0 0 0 0.09518371817 0 0 0 0 0 0 0.0007654469854 0 0 0 0 0 0 0.0007654469854 0 0 0 0 0 0 0.001324476568
535,1785495526.144068956,map,3.0590050220,-1.9653776884,-0.5289325118,0.1142557932,0.0282723271,0.9706086740,0.2099168736,0.04354546203 0 0 0 0 0 0 0.04354546203 0 0 0 0 0 0 0.09528056095 0 0 0 0 0 0 0.0007669630765 0 0 0 0 0 0 0.0007669630765 0 0 0 0 0 0 0.001326470629
536,1785495526.343383074,map,3.0503706932,-1.9684244394,-0.5231960416,0.1159760030,0.0275963436,0.9703964040,0.2100448378,0.04340159709 0 0 0 0 0 0 0.04340159709 0 0 0 0 0 0 0.09506769702 0 0 0 0 0 0 0.0007636316142 0 0 0 0 0 0 0.0007636316142 0 0 0 0 0 0 0.001322088252
537,1785495526.443795919,map,3.0224955082,-1.9650346041,-0.5202550292,0.1170024778,0.0266898039,0.9701603729,0.2106820730,0.04350002619 0 0 0 0 0 0 0.04350002619 0 0 0 0 0 0 0.09521334597 0 0 0 0 0 0 0.0007659107365 0 0 0 0 0 0 0.0007659107365 0 0 0 0 0 0 0.001325086574
538,1785495526.643162966,map,3.0521156788,-1.9374723434,-0.5345189571,0.1163504195,0.0258761411,0.9698419416,0.2126020192,0.04352647004 0 0 0 0 0 0 0.04352647004 0 0 0 0 0 0 0.09525246675 0 0 0 0 0 0 0.0007665231817 0 0 0 0 0 0 0.0007665231817 0 0 0 0 0 0 0.0013258921
539,1785495526.843552113,map,3.0431377888,-1.9545332193,-0.5252606273,0.1156022102,0.0273790579,0.9700888104,0.2116936816,0.0434544548 0 0 0 0 0 0 0.0434544548 0 0 0 0 0 0 0.09514591905 0 0 0 0 0 0 0.0007648554313 0 0 0 0 0 0 0.0007648554313 0 0 0 0 0 0 0.00132369839
540,1785495527.043925047,map,3.0484957695,-1.9569314718,-0.5248588324,0.1150639891,0.0276119781,0.9702605039,0.2111691531,0.04336256008 0 0 0 0 0 0 0.04336256008 0 0 0 0 0 0 0.09500991778 0 0 0 0 0 0 0.0007627279396 0 0 0 0 0 0 0.0007627279396 0 0 0 0 0 0 0.001320899117
541,1785495527.243151903,map,3.0547962189,-1.9582656622,-0.5279973745,0.1145615629,0.0280810776,0.9703496370,0.2109708297,0.04340178184 0 0 0 0 0 0 0.04340178184 0 0 0 0 0 0 0.09506797045 0 0 0 0 0 0 0.0007636358913 0 0 0 0 0 0 0.0007636358913 0 0 0 0 0 0 0.00132209388
542,1785495527.443715096,map,3.0583512783,-1.9593708515,-0.5285179019,0.1142339552,0.0282588273,0.9703875975,0.2109501001,0.04348563289 0 0 0 0 0 0 0.04348563289 0 0 0 0 0 0 0.09519205104 0 0 0 0 0 0 0.0007655774094 0 0 0 0 0 0 0.0007655774094 0 0 0 0 0 0 0.001324648129
543,1785495527.644069910,map,3.0581176281,-1.9616303444,-0.5298462510,0.1138178958,0.0282971395,0.9704271304,0.2109880099,0.04342475423 0 0 0 0 0 0 0.04342475423 0 0 0 0 0 0 0.09510196825 0 0 0 0 0 0 0.0007641677436 0 0 0 0 0 0 0.0007641677436 0 0 0 0 0 0 0.001322793659
544,1785495527.744208097,map,3.0570228100,-1.9646846056,-0.5300065875,0.1138079538,0.0283111546,0.9704280748,0.2109871366,0.04348353726 0 0 0 0 0 0 0.04348353726 0 0 0 0 0 0 0.09518895047 0 0 0 0 0 0 0.0007655288793 0 0 0 0 0 0 0.0007655288793 0 0 0 0 0 0 0.001324584292
545,1785495527.943689108,map,3.0597217083,-1.9658269882,-0.5298618674,0.1139923919,0.0283239434,0.9704062240,0.2109863671,0.0435098775 0 0 0 0 0 0 0.0435098775 0 0 0 0 0 0 0.09522792036 0 0 0 0 0 0 0.0007661388882 0 0 0 0 0 0 0.0007661388882 0 0 0 0 0 0 0.001325386662
546,1785495528.144150019,map,3.0613200665,-1.9664641619,-0.5293898582,0.1138885424,0.0282590699,0.9704317677,0.2109336424,0.04344633633 0 0 0 0 0 0 0.04344633633 0 0 0 0 0 0 0.09513390585 0 0 0 0 0 0 0.0007646674487 0 0 0 0 0 0 0.0007646674487 0 0 0 0 0 0 0.001323451087
547,1785495528.343290091,map,3.0640127659,-1.9673137665,-0.5303073525,0.1137869524,0.0282583357,0.9704333723,0.2109812094,0.04345768116 0 0 0 0 0 0 0.04345768116 0 0 0 0 0 0 0.09515069313 0 0 0 0 0 0 0.0007649301392 0 0 0 0 0 0 0.0007649301392 0 0 0 0 0 0 0.001323796671
548,1785495528.543442011,map,3.0607941151,-1.9737968445,-0.5282095671,0.1140564262,0.0281847759,0.9704212033,0.2109015043,0.04345405532 0 0 0 0 0 0 0.04345405532 0 0 0 0 0 0 0.09514532794 0 0 0 0 0 0 0.0007648461814 0 0 0 0 0 0 0.0007648461814 0 0 0 0 0 0 0.001323686221
549,1785495528.743685007,map,3.0612442493,-1.9716238976,-0.5269960165,0.1140965221,0.0280984283,0.9704357063,0.2108245941,0.04348743847 0 0 0 0 0 0 0.04348743847 0 0 0 0 0 0 0.09519472247 0 0 0 0 0 0 0.000765619223 0 0 0 0 0 0 0.000765619223 0 0 0 0 0 0 0.00132470313
550,1785495528.942887068,map,3.0638389587,-1.9657373428,-0.5296186805,0.1139461125,0.0281921603,0.9704470383,0.2108412492,0.04343329924 0 0 0 0 0 0 0.04343329924 0 0 0 0 0 0 0.09511461364 0 0 0 0 0 0 0.0007643655875 0 0 0 0 0 0 0.0007643655875 0 0 0 0 0 0 0.001323053955
551,1785495529.143189907,map,3.0654010773,-1.9725718498,-0.5294889212,0.1137919974,0.0283321971,0.9704586389,0.2108523331,0.04351503469 0 0 0 0 0 0 0.04351503469 0 0 0 0 0 0 0.09523554987 0 0 0 0 0 0 0.0007662583293 0 0 0 0 0 0 0.0007662583293 0 0 0 0 0 0 0.001325543759
552,1785495529.343656063,map,3.0679948330,-1.9672021866,-0.5290974975,0.1137891311,0.0282450526,0.9704668460,0.2108277637,0.04337841862 0 0 0 0 0 0 0.04337841862 0 0 0 0 0 0 0.09503339124 0 0 0 0 0 0 0.0007630950361 0 0 0 0 0 0 0.0007630950361 0 0 0 0 0 0 0.001321382195
553,1785495529.543204069,map,3.0551025867,-1.9649268389,-0.5278901458,0.1138933707,0.0282417910,0.9704023697,0.2110685670,0.0434475054 0 0 0 0 0 0 0.0434475054 0 0 0 0 0 0 0.0951356358 0 0 0 0 0 0 0.0007646945183 0 0 0 0 0 0 0.0007646945183 0 0 0 0 0 0 0.001323486699
554,1785495529.743335962,map,3.0584094524,-1.9633274078,-0.5281485319,0.1138232270,0.0281398390,0.9704381017,0.2109557128,0.04342657639 0 0 0 0 0 0 0.04342657639 0 0 0 0 0 0 0.09510466482 0 0 0 0 0 0 0.0007642099319 0 0 0 0 0 0 0.0007642099319 0 0 0 0 0 0 0.001322849165
555,1785495529.843441010,map,3.0601694584,-1.9632301331,-0.5296945572,0.1138057872,0.0281702845,0.9704446506,0.2109309036,0.04361041267 0 0 0 0 0 0 0.04361041267 0 0 0 0 0 0 0.09537662517 0 0 0 0 0 0 0.0007684676989 0 0 0 0 0 0 0.0007684676989 0 0 0 0 0 0 0.001328449138
556,1785495530.042603016,map,3.0656590462,-1.9631214142,-0.5301126242,0.1136619585,0.0281451280,0.9704918353,0.2107946744,0.0435442644 0 0 0 0 0 0 0.0435442644 0 0 0 0 0 0 0.09527878939 0 0 0 0 0 0 0.0007669353359 0 0 0 0 0 0 0.0007669353359 0 0 0 0 0 0 0.001326434147
557,1785495530.243356943,map,3.0655465126,-1.9644343853,-0.5285851955,0.1137954613,0.0279834922,0.9704796440,0.2108003089,0.04349834822 0 0 0 0 0 0 0.04349834822 0 0 0 0 0 0 0.09521086348 0 0 0 0 0 0 0.0007658718765 0 0 0 0 0 0 0.0007658718765 0 0 0 0 0 0 0.00132503546
558,1785495530.442946911,map,3.0662970543,-1.9630123377,-0.5295899510,0.1139818223,0.0281938577,0.9704683968,0.2107233763,0.04346594184 0 0 0 0 0 0 0.04346594184 0 0 0 0 0 0 0.09516291623 0 0 0 0 0 0 0.0007651214224 0 0 0 0 0 0 0.0007651214224 0 0 0 0 0 0 0.001324048305
559,1785495530.642292976,map,3.0658180714,-1.9619455338,-0.5295790434,0.1137836702,0.0280320580,0.9704769493,0.2108125943,0.0434654411 0 0 0 0 0 0 0.0434654411 0 0 0 0 0 0 0.09516217532 0 0 0 0 0 0 0.0007651098273 0 0 0 0 0 0 0.0007651098273 0 0 0 0 0 0 0.001324033052
560,1785495530.842724085,map,3.0661182404,-1.9676069021,-0.5305604935,0.1137482001,0.0282849872,0.9704826918,0.2107715407,0.04344460004 0 0 0 0 0 0 0.04344460004 0 0 0 0 0 0 0.09513133656 0 0 0 0 0 0 0.0007646272458 0 0 0 0 0 0 0.0007646272458 0 0 0 0 0 0 0.001323398197
561,1785495531.042372942,map,3.0699417591,-1.9721928835,-0.5305293798,0.1136138922,0.0282111392,0.9705069822,0.2107420291,0.04352511343 0 0 0 0 0 0 0.04352511343 0 0 0 0 0 0 0.09525045988 0 0 0 0 0 0 0.0007664917608 0 0 0 0 0 0 0.0007664917608 0 0 0 0 0 0 0.001325850775
562,1785495531.142513990,map,3.0658564568,-1.9712709188,-0.5281108022,0.1138040383,0.0279192576,0.9704943611,0.2107364247,0.04351554956 0 0 0 0 0 0 0.04351554956 0 0 0 0 0 0 0.09523631156 0 0 0 0 0 0 0.000766270254 0 0 0 0 0 0 0.000766270254 0 0 0 0 0 0 0.001325559443
563,1785495531.342822075,map,3.0634927750,-1.9687067270,-0.5286387801,0.1139443184,0.0281403924,0.9704400211,0.2108814455,0.04353308806 0 0 0 0 0 0 0.04353308806 0 0 0 0 0 0 0.09526225678 0 0 0 0 0 0 0.0007666764656 0 0 0 0 0 0 0.0007666764656 0 0 0 0 0 0 0.001326093696
564,1785495531.542587996,map,3.0623083115,-1.9687062502,-0.5287450552,0.1138468829,0.0281015546,0.9704455182,0.2109139244,0.04351632574 0 0 0 0 0 0 0.04351632574 0 0 0 0 0 0 0.09523745983 0 0 0 0 0 0 0.0007662882308 0 0 0 0 0 0 0.0007662882308 0 0 0 0 0 0 0.001325583087
565,1785495531.743146896,map,3.0586967468,-1.9678410292,-0.5298247933,0.1136637863,0.0282420167,0.9704634142,0.2109116011,0.04352072736 0 0 0 0 0 0 0.04352072736 0 0 0 0 0 0 0.09524397142 0 0 0 0 0 0 0.0007663901751 0 0 0 0 0 0 0.0007663901751 0 0 0 0 0 0 0.001325717168
566,1785495531.843357086,map,3.0598144531,-1.9693622589,-0.5294086933,0.1137951800,0.0283166962,0.9704403358,0.2109368702,0.04341918971 0 0 0 0 0 0 0.04341918971 0 0 0 0 0 0 0.09509373337 0 0 0 0 0 0 0.000764038911 0 0 0 0 0 0 0.000764038911 0 0 0 0 0 0 0.001322624154
567,1785495531.943542957,map,3.0603928566,-1.9676897526,-0.5290156603,0.1137751973,0.0281867404,0.9704721126,0.2108188732,0.04345148568 0 0 0 0 0 0 0.04345148568 0 0 0 0 0 0 0.09514152558 0 0 0 0 0 0 0.0007647866809 0 0 0 0 0 0 0.0007647866809 0 0 0 0 0 0 0.001323607945
568,1785495532.142910957,map,3.0606050491,-1.9744677544,-0.5296385884,0.1139028063,0.0285994096,0.9704453493,0.2108175779,0.04346466898 0 0 0 0 0 0 0.04346466898 0 0 0 0 0 0 0.09516103284 0 0 0 0 0 0 0.0007650919479 0 0 0 0 0 0 0.0007650919479 0 0 0 0 0 0 0.001324009532
569,1785495532.243108988,map,3.0599939823,-1.9680949450,-0.5293553472,0.1139908960,0.0283413736,0.9704280440,0.2108844551,0.04347625525 0 0 0 0 0 0 0.04347625525 0 0 0 0 0 0 0.09517817619 0 0 0 0 0 0 0.0007653602467 0 0 0 0 0 0 0.0007653602467 0 0 0 0 0 0 0.00132436247
570,1785495532.442689896,map,3.0564992428,-1.9684944153,-0.5274597406,0.1139978421,0.0281788174,0.9704187157,0.2109454239,0.04342978953 0 0 0 0 0 0 0.04342978953 0 0 0 0 0 0 0.09510941982 0 0 0 0 0 0 0.0007642843259 0 0 0 0 0 0 0.0007642843259 0 0 0 0 0 0 0.001322947043
571,1785495532.542721033,map,3.0597367287,-1.9685236216,-0.5278549790,0.1139302877,0.0281485991,0.9704511381,0.2108367270,0.04352584658 0 0 0 0 0 0 0.04352584658 0 0 0 0 0 0 0.09525154445 0 0 0 0 0 0 0.0007665087416 0 0 0 0 0 0 0.0007665087416 0 0 0 0 0 0 0.001325873108
572,1785495532.742862940,map,3.0616245270,-1.9708186388,-0.5290440917,0.1137201817,0.0280998005,0.9704719514,0.2108609029,0.04344551142 0 0 0 0 0 0 0.04344551142 0 0 0 0 0 0 0.09513268519 0 0 0 0 0 0 0.0007646483485 0 0 0 0 0 0 0.0007646483485 0 0 0 0 0 0 0.001323425959
573,1785495532.942985058,map,3.0634813309,-1.9729807377,-0.5292666554,0.1137425756,0.0281816613,0.9704895782,0.2107567560,0.04350605337 0 0 0 0 0 0 0.04350605337 0 0 0 0 0 0 0.09522226287 0 0 0 0 0 0 0.0007660503222 0 0 0 0 0 0 0.0007660503222 0 0 0 0 0 0 0.001325270172
574,1785495533.043240070,map,3.0590939522,-1.9716432095,-0.5280166268,0.1137771047,0.0281432344,0.9704478214,0.2109354274,0.04353129245 0 0 0 0 0 0 0.04353129245 0 0 0 0 0 0 0.09525960057 0 0 0 0 0 0 0.0007666348762 0 0 0 0 0 0 0.0007666348762 0 0 0 0 0 0 0.001326038999
575,1785495533.242439985,map,3.0609011650,-1.9728010893,-0.5287936926,0.1137043985,0.0283310575,0.9704591302,0.2108974615,0.0434650491 0 0 0 0 0 0 0.0434650491 0 0 0 0 0 0 0.09516159528 0 0 0 0 0 0 0.00076510075 0 0 0 0 0 0 0.00076510075 0 0 0 0 0 0 0.001324021111
576,1785495533.342719078,map,3.0565888882,-1.9692240953,-0.5275605321,0.1136895221,0.0282127315,0.9704479366,0.2109728454,0.04344185638 0 0 0 0 0 0 0.04344185638 0 0 0 0 0 0 0.09512727655 0 0 0 0 0 0 0.0007645637182 0 0 0 0 0 0 0.0007645637182 0 0 0 0 0 0 0.00132331462
577,1785495533.543082952,map,3.0601849556,-1.9651875496,-0.5292292237,0.1137042734,0.0283547596,0.9704545622,0.2109153599,0.04350250461 0 0 0 0 0 0 0.04350250461 0 0 0 0 0 0 0.0952170127 0 0 0 0 0 0 0.000765968135 0 0 0 0 0 0 0.000765968135 0 0 0 0 0 0 0.001325162071
578,1785495533.742284060,map,3.0648972988,-1.9579657316,-0.5293455720,0.1133548003,0.0277099732,0.9705364691,0.2108122174,0.04346100976 0 0 0 0 0 0 0.04346100976 0 0 0 0 0 0 0.09515561841 0 0 0 0 0 0 0.0007650072151 0 0 0 0 0 0 0.0007650072151 0 0 0 0 0 0 0.001323898065
579,1785495533.943303108,map,3.0649864674,-1.9629517794,-0.5305380821,0.1133749244,0.0278446074,0.9705298363,0.2108142646,0.04345278174 0 0 0 0 0 0 0.04345278174 0 0 0 0 0 0 0.0951434434 0 0 0 0 0 0 0.0007648166913 0 0 0 0 0 0 0.0007648166913 0 0 0 0 0 0 0.001323647426
580,1785495534.142453909,map,3.0621001720,-1.9633741379,-0.5290375948,0.1135197518,0.0280776132,0.9704837590,0.2109174748,0.04355387434 0 0 0 0 0 0 0.04355387434 0 0 0 0 0 0 0.09529300434 0 0 0 0 0 0 0.0007671579329 0 0 0 0 0 0 0.0007671579329 0 0 0 0 0 0 0.001326726882
581,1785495534.242629051,map,3.0640437603,-1.9672454596,-0.5297319293,0.1135968907,0.0281893337,0.9704752449,0.2109002088,0.04346441754 0 0 0 0 0 0 0.04346441754 0 0 0 0 0 0 0.09516066079 0 0 0 0 0 0 0.0007650861254 0 0 0 0 0 0 0.0007650861254 0 0 0 0 0 0 0.001324001872
582,1785495534.442023993,map,3.0689036846,-1.9632153511,-0.5316575170,0.1134031105,0.0280620429,0.9705035505,0.2108913017,0.04342550313 0 0 0 0 0 0 0.04342550313 0 0 0 0 0 0 0.09510307654 0 0 0 0 0 0 0.0007641850829 0 0 0 0 0 0 0.0007641850829 0 0 0 0 0 0 0.001322816472
583,1785495534.642234087,map,3.0665040016,-1.9655345678,-0.5321616530,0.1134719532,0.0284245709,0.9704928564,0.2108548561,0.04343248503 0 0 0 0 0 0 0.04343248503 0 0 0 0 0 0 0.09511340873 0 0 0 0 0 0 0.0007643467356 0 0 0 0 0 0 0.0007643467356 0 0 0 0 0 0 0.001323029152
584,1785495534.842576027,map,3.0710349083,-1.9564731121,-0.5320698023,0.1132743748,0.0278813635,0.9705566280,0.2107401004,0.04348237828 0 0 0 0 0 0 0.04348237828 0 0 0 0 0 0 0.09518723568 0 0 0 0 0 0 0.0007655020399 0 0 0 0 0 0 0.0007655020399 0 0 0 0 0 0 0.001324548988
585,1785495534.942692995,map,3.0656216145,-1.9596269131,-0.5303499103,0.1134131400,0.0281345674,0.9704994817,0.2108948575,0.04345092959 0 0 0 0 0 0 0.04345092959 0 0 0 0 0 0 0.09514070271 0 0 0 0 0 0 0.0007647738046 0 0 0 0 0 0 0.0007647738046 0 0 0 0 0 0 0.001323591006
586,1785495535.142090082,map,3.0620629787,-1.9723339081,-0.5292851329,0.1136646062,0.0285970253,0.9704405508,0.2109685163,0.04352709628 0 0 0 0 0 0 0.04352709628 0 0 0 0 0 0 0.09525339316 0 0 0 0 0 0 0.0007665376863 0 0 0 0 0 0 0.0007665376863 0 0 0 0 0 0 0.001325911176
587,1785495535.342308998,map,3.0676755905,-1.9706711769,-0.5306397676,0.1135964091,0.0282864461,0.9704730953,0.2108973978,0.04357079737 0 0 0 0 0 0 0.04357079737 0 0 0 0 0 0 0.09531803554 0 0 0 0 0 0 0.0007675499435 0 0 0 0 0 0 0.0007675499435 0 0 0 0 0 0 0.001327242387
588,1785495535.542512894,map,3.0638287067,-1.9675753117,-0.5285697579,0.1137247210,0.0281488919,0.9704704927,0.2108586173,0.04348771859 0 0 0 0 0 0 0.04348771859 0 0 0 0 0 0 0.09519513692 0 0 0 0 0 0 0.00076562571 0 0 0 0 0 0 0.00076562571 0 0 0 0 0 0 0.001324711663
589,1785495535.741935015,map,3.0643904209,-1.9728087187,-0.5303388834,0.1133804739,0.0282911583,0.9705008636,0.2108852142,0.04351161517 0 0 0 0 0 0 0.04351161517 0 0 0 0 0 0 0.09523049108 0 0 0 0 0 0 0.0007661791327 0 0 0 0 0 0 0.0007661791327 0 0 0 0 0 0 0.001325439595
590,1785495535.841932058,map,3.0670218468,-1.9726378918,-0.5283864141,0.1143381455,0.0280913299,0.9704106925,0.2108097361,0.0436722884 0 0 0 0 0 0 0.0436722884 0 0 0 0 0 0 0.09546811997 0 0 0 0 0 0 0.0007699014174 0 0 0 0 0 0 0.0007699014174 0 0 0 0 0 0 0.001330333981
591,1785495536.042289019,map,3.0531904697,-1.9735336304,-0.5196768045,0.1191882200,0.0272912166,0.9700069118,0.2100856119,0.04353235517 0 0 0 0 0 0 0.04353235517 0 0 0 0 0 0 0.09526117263 0 0 0 0 0 0 0.0007666594905 0 0 0 0 0 0 0.0007666594905 0 0 0 0 0 0 0.001326071371
592,1785495536.242769957,map,2.9678096771,-1.9283707142,-0.5127050281,0.1391792413,0.0268360944,0.9674395034,0.2096897227,0.0440059398 0 0 0 0 0 0 0.0440059398 0 0 0 0 0 0 0.09596112532 0 0 0 0 0 0 0.0007776379207 0 0 0 0 0 0 0.0007776379207 0 0 0 0 0 0 0.001340497584
593,1785495536.442212105,map,2.9224760532,-1.8942426443,-0.4881882370,0.1342349577,0.0371076931,0.9690953839,0.2036126752,0.04375263067 0 0 0 0 0 0 0.04375263067 0 0 0 0 0 0 0.09558688967 0 0 0 0 0 0 0.0007717634993 0 0 0 0 0 0 0.0007717634993 0 0 0 0 0 0 0.001332781346
594,1785495536.742815018,map,2.8012673855,-1.8497335911,-0.4747613072,0.1082877309,0.0226343909,0.9723372415,0.2057224897,0.04347982845 0 0 0 0 0 0 0.04347982845 0 0 0 0 0 0 0.09518346304 0 0 0 0 0 0 0.0007654429922 0 0 0 0 0 0 0.0007654429922 0 0 0 0 0 0 0.001324471315
595,1785495536.942136049,map,2.7684335709,-1.7884156704,-0.4448641837,0.0861858394,0.0276259352,0.9748435418,0.2036881855,0.0432417679 0 0 0 0 0 0 0.0432417679 0 0 0 0 0 0 0.09483107802 0 0 0 0 0 0 0.0007599325145 0 0 0 0 0 0 0.0007599325145 0 0 0 0 0 0 0.001317219577
596,1785495537.142154932,map,2.6400418282,-1.7959026098,-0.4344080985,0.0550740977,0.0231702057,0.9769707322,0.2048369184,0.04290568738 0 0 0 0 0 0 0.04290568738 0 0 0 0 0 0 0.09433306353 0 0 0 0 0 0 0.0007521613116 0 0 0 0 0 0 0.0007521613116 0 0 0 0 0 0 0.001306981978
597,1785495537.342708111,map,2.5664577484,-1.7691713572,-0.4099377692,0.0532073844,0.0279840313,0.9763894882,0.2074835665,0.04278704667 0 0 0 0 0 0 0.04278704667 0 0 0 0 0 0 0.09415710669 0 0 0 0 0 0 0.0007494202834 0 0 0 0 0 0 0.0007494202834 0 0 0 0 0 0 0.001303367976
598,1785495537.542048931,map,2.4904720783,-1.7284792662,-0.4139115214,0.0478022896,0.0244495698,0.9768040549,0.2072944894,0.04282538001 0 0 0 0 0 0 0.04282538001 0 0 0 0 0 0 0.09421396782 0 0 0 0 0 0 0.0007503057897 0 0 0 0 0 0 0.0007503057897 0 0 0 0 0 0 0.001304535676
599,1785495537.742336035,map,2.4277369976,-1.7281557322,-0.4089048505,0.0502482500,0.0348931341,0.9763654968,0.2072872158,0.04280983335 0 0 0 0 0 0 0.04280983335 0 0 0 0 0 0 0.09419090794 0 0 0 0 0 0 0.0007499466441 0 0 0 0 0 0 0.0007499466441 0 0 0 0 0 0 0.001304062098
600,1785495537.942456007,map,2.3151633739,-1.6522476673,-0.4143999219,0.0559735277,0.0302881799,0.9754320086,0.2109075273,0.04281306766 0 0 0 0 0 0 0.04281306766 0 0 0 0 0 0 0.09419570541 0 0 0 0 0 0 0.0007500213588 0 0 0 0 0 0 0.0007500213588 0 0 0 0 0 0 0.00130416062
601,1785495538.142688990,map,2.2302007675,-1.6023678780,-0.4132152796,0.0603089171,0.0350211535,0.9757368336,0.2075427223,0.0428711587 0 0 0 0 0 0 0.0428711587 0 0 0 0 0 0 0.094281862 0 0 0 0 0 0 0.0007513634499 0 0 0 0 0 0 0.0007513634499 0 0 0 0 0 0 0.001305930175
602,1785495538.342948914,map,2.1787791252,-1.5913206339,-0.3509619534,0.0737771710,0.0358594315,0.9748501681,0.2072152734,0.04304278082 0 0 0 0 0 0 0.04304278082 0 0 0 0 0 0 0.09453628914 0 0 0 0 0 0 0.0007553301661 0 0 0 0 0 0 0.0007553301661 0 0 0 0 0 0 0.001311158083
603,1785495538.442174911,map,2.1371591091,-1.5591336489,-0.3502838016,0.0859710787,0.0292640059,0.9737150106,0.2088819446,0.04316287109 0 0 0 0 0 0 0.04316287109 0 0 0 0 0 0 0.09471422297 0 0 0 0 0 0 0.000758107317 0 0 0 0 0 0 0.000758107317 0 0 0 0 0 0 0.001314816242
604,1785495538.642354012,map,2.0850458145,-1.5311282873,-0.3557845950,0.0973183758,0.0323888177,0.9727500503,0.2079361234,0.0431700478 0 0 0 0 0 0 0.0431700478 0 0 0 0 0 0 0.09472485393 0 0 0 0 0 0 0.0007582733213 0 0 0 0 0 0 0.0007582733213 0 0 0 0 0 0 0.001315034857
605,1785495538.842628002,map,2.0292711258,-1.5155578852,-0.3232873976,0.1064081825,0.0380011224,0.9720835474,0.2056374968,0.04331225283 0 0 0 0 0 0 0.04331225283 0 0 0 0 0 0 0.09493544484 0 0 0 0 0 0 0.0007615635575 0 0 0 0 0 0 0.0007615635575 0 0 0 0 0 0 0.00131936667
606,1785495539.042124987,map,1.9196740389,-1.5077714920,-0.2943006158,0.1303077968,0.0458710210,0.9700449165,0.1998214021,0.04358135045 0 0 0 0 0 0 0.04358135045 0 0 0 0 0 0 0.09533364402 0 0 0 0 0 0 0.0007677944107 0 0 0 0 0 0 0.0007677944107 0 0 0 0 0 0 0.001327563853
607,1785495539.242826939,map,1.9117133617,-1.3891707659,-0.3144005835,0.1273927961,0.0367332103,0.9685653311,0.2104826511,0.04370725438 0 0 0 0 0 0 0.04370725438 0 0 0 0 0 0 0.0955198144 0 0 0 0 0 0 0.0007707117532 0 0 0 0 0 0 0.0007707117532 0 0 0 0 0 0 0.001331399106
608,1785495539.442133904,map,1.7735413313,-1.3915145397,-0.2841311991,0.0861774398,0.0554335875,0.9735298829,0.2043039783,0.04298067693 0 0 0 0 0 0 0.04298067693 0 0 0 0 0 0 0.09444424017 0 0 0 0 0 0 0.000753894463 0 0 0 0 0 0 0.000753894463 0 0 0 0 0 0 0.001309266291
609,1785495539.742410898,map,1.6330188513,-1.3459641933,-0.2866785824,0.0987759686,0.0587853570,0.9730298730,0.2000011274,0.04313360412 0 0 0 0 0 0 0.04313360412 0 0 0 0 0 0 0.09467086648 0 0 0 0 0 0 0.0007574303898 0 0 0 0 0 0 0.0007574303898 0 0 0 0 0 0 0.001313924719
610,1785495539.842477083,map,1.6020977497,-1.2807726860,-0.2702249289,0.0974457303,0.0629899669,0.9735683163,0.1967265166,0.04316507362 0 0 0 0 0 0 0.04316507362 0 0 0 0 0 0 0.09471748563 0 0 0 0 0 0 0.0007581582631 0 0 0 0 0 0 0.0007581582631 0 0 0 0 0 0 0.001314883335
611,1785495540.041893959,map,1.5708762407,-1.2480688095,-0.2226337194,0.0377345789,0.0625053856,0.9787490094,0.1916235014,0.04286715281 0 0 0 0 0 0 0.04286715281 0 0 0 0 0 0 0.09427592136 0 0 0 0 0 0 0.0007512708918 0 0 0 0 0 0 0.0007512708918 0 0 0 0 0 0 0.001305808148
612,1785495540.242521048,map,1.4202347994,-1.2591823339,-0.2175980508,0.0098691341,0.0307487467,0.9801841186,0.1954385085,0.04250718081 0 0 0 0 0 0 0.04250718081 0 0 0 0 0 0 0.09374172012 0 0 0 0 0 0 0.0007429591804 0 0 0 0 0 0 0.0007429591804 0 0 0 0 0 0 0.001294842774
613,1785495540.442110062,map,1.3121223450,-1.2155103683,-0.2370125055,0.0369603724,0.0345179056,0.9805166149,0.1898146289,0.04260924631 0 0 0 0 0 0 0.04260924631 0 0 0 0 0 0 0.0938932608 0 0 0 0 0 0 0.0007453147233 0 0 0 0 0 0 0.0007453147233 0 0 0 0 0 0 0.001297951867
614,1785495540.642560959,map,1.3005713224,-1.1889730692,-0.2122245580,0.0326135713,0.0307092697,0.9807904844,0.1898507713,0.0426771915 0 0 0 0 0 0 0.0426771915 0 0 0 0 0 0 0.09399410886 0 0 0 0 0 0 0.0007468833128 0 0 0 0 0 0 0.0007468833128 0 0 0 0 0 0 0.001300021596
615,1785495540.841949940,map,1.1605530977,-1.1752278805,-0.2160573453,0.0414457977,0.0300529969,0.9814019417,0.1850115722,0.04263956255 0 0 0 0 0 0 0.04263956255 0 0 0 0 0 0 0.0939382611 0 0 0 0 0 0 0.0007460145577 0 0 0 0 0 0 0.0007460145577 0 0 0 0 0 0 0.001298875352
616,1785495541.042241096,map,1.1337645054,-1.1463129520,-0.2078611404,0.0377320480,0.0238964239,0.9811484652,0.1880238417,0.04259081615 0 0 0 0 0 0 0.04259081615 0 0 0 0 0 0 0.09386590121 0 0 0 0 0 0 0.0007448893118 0 0 0 0 0 0 0.0007448893118 0 0 0 0 0 0 0.001297390452
617,1785495541.242625952,map,1.0224982500,-1.0868940353,-0.2161390781,0.0411541162,0.0186349578,0.9815426982,0.1858305748,0.0426357804 0 0 0 0 0 0 0.0426357804 0 0 0 0 0 0 0.0939326473 0 0 0 0 0 0 0.0007459272445 0 0 0 0 0 0 0.0007459272445 0 0 0 0 0 0 0.001298760142
618,1785495541.342782974,map,0.9700214267,-1.0547636747,-0.2240738571,0.0379342256,0.0236886423,0.9816885348,0.1851687547,0.04262318271 0 0 0 0 0 0 0.04262318271 0 0 0 0 0 0 0.09391394812 0 0 0 0 0 0 0.0007456364279 0 0 0 0 0 0 0.0007456364279 0 0 0 0 0 0 0.001298376394
619,1785495541.542289019,map,0.9138471484,-1.0251531601,-0.1989030242,0.0319015302,0.0249368349,0.9815993155,0.1866098037,0.04263734095 0 0 0 0 0 0 0.04263734095 0 0 0 0 0 0 0.09393496361 0 0 0 0 0 0 0.0007459632706 0 0 0 0 0 0 0.0007459632706 0 0 0 0 0 0 0.001298807679
620,1785495541.742597103,map,0.8201119900,-1.0471209288,-0.1983620822,0.0264403096,0.0332773844,0.9820132761,0.1839658757,0.04255129722 0 0 0 0 0 0 0.04255129722 0 0 0 0 0 0 0.09380722877 0 0 0 0 0 0 0.0007439772205 0 0 0 0 0 0 0.0007439772205 0 0 0 0 0 0 0.001296186637
621,1785495541.942212105,map,0.7574003339,-0.9854870439,-0.1764170378,0.0322779123,0.0315878088,0.9814546196,0.1862986875,0.04258199688 0 0 0 0 0 0 0.04258199688 0 0 0 0 0 0 0.09385280829 0 0 0 0 0 0 0.0007446857524 0 0 0 0 0 0 0.0007446857524 0 0 0 0 0 0 0.001297121802
622,1785495542.142435074,map,0.6726746559,-0.9704767466,-0.1917427480,0.0330394758,0.0332778330,0.9821199291,0.1823223022,0.0425724827 0 0 0 0 0 0 0.0425724827 0 0 0 0 0 0 0.09383868324 0 0 0 0 0 0 0.0007444661614 0 0 0 0 0 0 0.0007444661614 0 0 0 0 0 0 0.001296831983
623,1785495542.341916084,map,0.5912653804,-0.9378337264,-0.1616009027,0.0283394938,0.0252123361,0.9825249423,0.1822249957,0.04254938024 0 0 0 0 0 0 0.04254938024 0 0 0 0 0 0 0.09380438247 0 0 0 0 0 0 0.0007439329803 0 0 0 0 0 0 0.0007439329803 0 0 0 0 0 0 0.001296128242
624,1785495542.542376995,map,0.4867681861,-0.9101447463,-0.1631352156,0.0280279214,0.0258683797,0.9830198800,0.1794914754,0.04249873664 0 0 0 0 0 0 0.04249873664 0 0 0 0 0 0 0.09372918007 0 0 0 0 0 0 0.0007427643401 0 0 0 0 0 0 0.0007427643401 0 0 0 0 0 0 0.00129458555
625,1785495542.742722034,map,0.4497957230,-0.8917741179,-0.1604252756,0.0294020331,0.0248700608,0.9833634644,0.1775198752,0.04255486333 0 0 0 0 0 0 0.04255486333 0 0 0 0 0 0 0.09381252362 0 0 0 0 0 0 0.0007440595203 0 0 0 0 0 0 0.0007440595203 0 0 0 0 0 0 0.001296295267
626,1785495542.942147017,map,0.4297407568,-0.9044024348,-0.1598224491,0.0243630345,0.0247574593,0.9835955092,0.1770123853,0.04251595595 0 0 0 0 0 0 0.04251595595 0 0 0 0 0 0 0.09375475125 0 0 0 0 0 0 0.000743161664 0 0 0 0 0 0 0.000743161664 0 0 0 0 0 0 0.00129511008
627,1785495543.142191887,map,0.4229282737,-0.8825409412,-0.1627840102,0.0281605210,0.0248887067,0.9833884291,0.1775801547,0.04253254683 0 0 0 0 0 0 0.04253254683 0 0 0 0 0 0 0.0937793876 0 0 0 0 0 0 0.0007435445118 0 0 0 0 0 0 0.0007435445118 0 0 0 0 0 0 0.001295615467
628,1785495543.242270947,map,0.4216304123,-0.8801378012,-0.1596275568,0.0282886590,0.0246654395,0.9833934144,0.1775633592,0.04250214363 0 0 0 0 0 0 0.04250214363 0 0 0 0 0 0 0.09373423969 0 0 0 0 0 0 0.0007428429521 0 0 0 0 0 0 0.0007428429521 0 0 0 0 0 0 0.001294689333
629,1785495543.441692114,map,0.4210796356,-0.8821276426,-0.1594394445,0.0286342159,0.0246602321,0.9833681695,0.1776485174,0.04252770499 0 0 0 0 0 0 0.04252770499 0 0 0 0 0 0 0.09377219795 0 0 0 0 0 0 0.00074343278 0 0 0 0 0 0 0.00074343278 0 0 0 0 0 0 0.001295467976
630,1785495543.541955948,map,0.4266060293,-0.9170712829,-0.1579337120,0.0288929448,0.0249704008,0.9833070017,0.1779016327,0.04267430084 0 0 0 0 0 0 0.04267430084 0 0 0 0 0 0 0.09398981892 0 0 0 0 0 0 0.0007468165707 0 0 0 0 0 0 0.0007468165707 0 0 0 0 0 0 0.001299933541
631,1785495543.742126942,map,0.4255346060,-0.9109385014,-0.1602426320,0.0288669135,0.0251825431,0.9833178520,0.1778159971,0.04260191855 0 0 0 0 0 0 0.04260191855 0 0 0 0 0 0 0.09388238296 0 0 0 0 0 0 0.0007451455778 0 0 0 0 0 0 0.0007451455778 0 0 0 0 0 0 0.001297728651
632,1785495543.942137957,map,0.4236905277,-0.9025534987,-0.1607830822,0.0291200994,0.0254158773,0.9833306722,0.1776705970,0.04255516395 0 0 0 0 0 0 0.04255516395 0 0 0 0 0 0 0.09381296998 0 0 0 0 0 0 0.0007440664583 0 0 0 0 0 0 0.0007440664583 0 0 0 0 0 0 0.001296304424
633,1785495544.042228937,map,0.4201845825,-0.8810838461,-0.1568731964,0.0291105861,0.0244437734,0.9833534708,0.1776823358,0.04261614321 0 0 0 0 0 0 0.04261614321 0 0 0 0 0 0 0.09390349877 0 0 0 0 0 0 0.0007454739277 0 0 0 0 0 0 0.0007454739277 0 0 0 0 0 0 0.001298161959
634,1785495544.241669893,map,0.4150642753,-0.8992409706,-0.1580191702,0.0291879764,0.0247842175,0.9832999626,0.1779184015,0.04254617352 0 0 0 0 0 0 0.04254617352 0 0 0 0 0 0 0.09379962115 0 0 0 0 0 0 0.0007438589764 0 0 0 0 0 0 0.0007438589764 0 0 0 0 0 0 0.00129603056
635,1785495544.441857100,map,0.4130673110,-0.8985301852,-0.1580897719,0.0292911215,0.0250011024,0.9833068426,0.1778331800,0.04259148664 0 0 0 0 0 0 0.04259148664 0 0 0 0 0 0 0.09386689658 0 0 0 0 0 0 0.0007449047876 0 0 0 0 0 0 0.0007449047876 0 0 0 0 0 0 0.001297410876
636,1785495544.641303062,map,0.4152333736,-0.8960288763,-0.1566834003,0.0292718090,0.0248069339,0.9833099416,0.1778463794,0.04254799463 0 0 0 0 0 0 0.04254799463 0 0 0 0 0 0 0.09380232513 0 0 0 0 0 0 0.0007439010034 0 0 0 0 0 0 0.0007439010034 0 0 0 0 0 0 0.001296086034
637,1785495544.741516113,map,0.4190263450,-0.8909372091,-0.1577143818,0.0290756085,0.0249004655,0.9833398781,0.1776998546,0.0425431152 0 0 0 0 0 0 0.0425431152 0 0 0 0 0 0 0.0937950801 0 0 0 0 0 0 0.0007437883977 0 0 0 0 0 0 0.0007437883977 0 0 0 0 0 0 0.001295937398
638,1785495544.941682100,map,0.4232411385,-0.8845865130,-0.1580502689,0.0289359308,0.0247235452,0.9833627370,0.1776209121,0.04251677959 0 0 0 0 0 0 0.04251677959 0 0 0 0 0 0 0.09375597434 0 0 0 0 0 0 0.0007431806697 0 0 0 0 0 0 0.0007431806697 0 0 0 0 0 0 0.00129513517
639,1785495545.041691065,map,0.4283047616,-0.8850708604,-0.1596928239,0.0289532694,0.0248434091,0.9833790949,0.1775107499,0.04252247267 0 0 0 0 0 0 0.04252247267 0 0 0 0 0 0 0.09376442834 0 0 0 0 0 0 0.0007433120397 0 0 0 0 0 0 0.0007433120397 0 0 0 0 0 0 0.001295308591
640,1785495545.241030931,map,0.4282102287,-0.8788394928,-0.1574936360,0.0291950228,0.0245090490,0.9833757991,0.1775359307,0.04252246567 0 0 0 0 0 0 0.04252246567 0 0 0 0 0 0 0.09376441793 0 0 0 0 0 0 0.0007433118781 0 0 0 0 0 0 0.0007433118781 0 0 0 0 0 0 0.001295308377
641,1785495545.441308022,map,0.4309062064,-0.8734841943,-0.1585830599,0.0292305832,0.0243807345,0.9833947933,0.1774424260,0.04253248067 0 0 0 0 0 0 0.04253248067 0 0 0 0 0 0 0.09377928936 0 0 0 0 0 0 0.0007435429851 0 0 0 0 0 0 0.0007435429851 0 0 0 0 0 0 0.001295613452
642,1785495545.640664101,map,0.4370849729,-0.8831508756,-0.1618381292,0.0292137109,0.0248999286,0.9834161736,0.1772545569,0.04254749619 0 0 0 0 0 0 0.04254749619 0 0 0 0 0 0 0.09380158505 0 0 0 0 0 0 0.0007438895005 0 0 0 0 0 0 0.0007438895005 0 0 0 0 0 0 0.001296070851
643,1785495545.740758896,map,0.4368064404,-0.8777204156,-0.1604990363,0.0304166428,0.0246094479,0.9834561298,0.1768707414,0.04253069098 0 0 0 0 0 0 0.04253069098 0 0 0 0 0 0 0.09377663186 0 0 0 0 0 0 0.0007435016854 0 0 0 0 0 0 0.0007435016854 0 0 0 0 0 0 0.001295558935
644,1785495545.940897942,map,0.3645766079,-0.8434142470,-0.1542074084,0.0443600353,0.0249775622,0.9833847393,0.1742491158,0.04258624548 0 0 0 0 0 0 0.04258624548 0 0 0 0 0 0 0.09385911573 0 0 0 0 0 0 0.0007447838143 0 0 0 0 0 0 0.0007447838143 0 0 0 0 0 0 0.001297251222
645,1785495546.140906096,map,0.3067160547,-0.7978088260,-0.1483563930,0.0248122368,0.0226921563,0.9852210678,0.1679549935,0.04261880578 0 0 0 0 0 0 0.04261880578 0 0 0 0 0 0 0.09390745109 0 0 0 0 0 0 0.0007455353901 0 0 0 0 0 0 0.0007455353901 0 0 0 0 0 0 0.001298243065
