stamp_sec,recv_wall_sec,accepted_gap_sec,x,y,z,qx,qy,qz,qw
1785495429.852205038,1789399669.639393,0.000000,-0.011454012225801655,-0.021630923050775658,-0.0029625805294039576,-0.01108216594319955,0.002621809514413566,0.00035618500145710957,0.9999350903159275
1785495429.951565027,1789399669.675890,0.099360,-0.01203686683764978,-0.019381235794040545,-0.004531197489375138,-0.011059732453036696,0.0026187735706302375,0.00032767366707266203,0.9999353563971127
1785495430.051863909,1789399669.803424,0.100299,0.04276147454606137,-0.04158329803187581,-0.0005249181835118577,-0.01103360364232594,0.0026003519275184044,0.00031926008668096154,0.9999356958492451
1785495430.152066946,1789399669.913159,0.100203,-0.007819860606011211,-0.05287264669814048,-0.000579300411069128,-0.011030961936114053,0.0024848866423533423,0.00033779312316289326,0.9999360125092728
1785495430.251229048,1789399669.997774,0.099162,-0.0022132311112837352,-0.0407706412507795,0.0012272374806565067,-0.011184734188119454,0.002530207624261838,0.0002993590250631331,0.9999342029127183
1785495430.351475954,1789399670.117412,0.100247,0.007867493568594716,-0.022853357281377277,-0.0031277931610818044,-0.0113124569087465,0.002571098437696196,0.0002605959613004555,0.9999326726641431
1785495430.451785088,1789399670.245080,0.100309,-0.005915811959070115,-0.03269490420474253,-0.002135443845624918,-0.010968422891414106,0.0020998692597581224,0.00029477352562676284,0.9999375967313838
1785495430.552309036,1789399670.296713,0.100524,0.00024315128152397475,-0.02768911279041468,-0.003670416904330176,-0.01132053844652226,0.002448670178129396,0.0002625867746194387,0.9999328879839013
1785495430.652524948,1789399670.419955,0.100216,0.0018038996695896245,-0.016660548989343944,-0.002934236722789141,-0.011841598111741855,0.002397211088373124,0.0002283661579650035,0.9999269862255222
1785495430.751563072,1789399670.494258,0.099038,0.0027686450342129174,-0.027128638610491237,-0.004159277266231609,-0.010721177847776575,0.0023683277529913953,0.00022911184359822523,0.9999396956201778
1785495430.851839066,1789399670.599148,0.100276,0.002377831154031902,-0.022527824548810596,-0.003504439842955731,-0.011316714459258167,0.0021725291235653588,0.00019949715864849783,0.9999335839404228
1785495430.952213049,1789399670.734083,0.100374,-0.0014333746022316615,-0.03135372505924229,-0.0018201383747644129,-0.01040343776803875,0.0018223051866947558,0.00019354252765244672,0.99994420355723
1785495431.052498102,1789399670.799028,0.100285,0.0009562946876874381,-0.029860609793456373,-0.0020162908853690875,-0.01074732907008083,0.0021538588151952484,0.0001287030452434372,0.9999399178178606
1785495431.152724028,1789399670.909879,0.100226,0.0003132904055076144,-0.03144964684071452,-0.0009974291674910152,-0.01072324867419594,0.0021076642168660923,0.00015739559057690886,0.999940270674228
1785495431.251972914,1789399671.010733,0.099249,0.0023727833228126896,-0.025582406251994635,-0.0015833308910441768,-0.01127463858857718,0.002307880391516028,0.00014485832971364404,0.9999337654209202
1785495431.352257013,1789399671.110827,0.100284,0.008147849192318993,-0.015127892248332093,-0.0031755849391205127,-0.01198284869787075,0.002774683647917545,0.00011503697052954943,0.99992434675541
1785495431.451512098,1789399671.210312,0.099255,-0.0001540281183888062,-0.01345008651775158,-0.004271501796187627,-0.011578511724559046,0.001835145031347385,5.625177990753373e-05,0.9999312812112118
1785495431.551650047,1789399671.303421,0.100138,-0.013174589133040444,-0.024769957606830425,-0.004140111620202114,-0.010272638564389298,0.0009702736905761454,0.00012820231993609932,0.9999467560975714
1785495431.651865959,1789399671.414722,0.100216,-0.008306247201990132,-0.01363595887717208,-0.0036635054421157442,-0.011458563281514499,0.0020080083414893545,0.00016046518143874092,0.9999323194501464
1785495431.752110004,1789399671.485033,0.100244,-0.0010275834755822597,-0.01844682337001845,-0.005266495528489401,-0.010708741225020897,0.0027307351483093142,0.00015009012795683853,0.9999389198445466
1785495431.851408005,1789399671.617285,0.099298,0.008646710018502278,-0.016025284635255665,-0.004603755629071338,-0.01093029537168649,0.003391802996575088,9.814611401331367e-05,0.9999345051966455
1785495431.951628923,1789399671.687806,0.100221,0.01879533350478107,-0.021698890078460677,-0.004080502089695182,-0.010314024137944168,0.0038457511315595863,6.176192613330105e-05,0.9999394118094258
1785495432.052097082,1789399671.819620,0.100468,0.008855340684902645,-0.015288034592306925,-0.0025028003420058953,-0.011023400138503494,0.002365666362311131,7.67746173816781e-05,0.9999364391688638
1785495432.152303934,1789399671.892009,0.100207,0.0051517879517162316,-0.02232021269258929,-0.002960417794348136,-0.010197357478968418,0.0021164411403118925,3.0433797897025335e-05,0.9999457653548665
1785495432.251545906,1789399672.024462,0.099242,-0.011733520458639568,-0.02733762557901128,-0.0021182186619629895,-0.009944589657564937,0.0008304161780866929,0.00014002845294462337,0.9999501967285902
1785495432.351875067,1789399672.084223,0.100329,-0.013186390104879632,-0.029536289626075587,-0.002174337740325105,-0.010088854381103197,0.001356606592083292,0.0001870507851576802,0.9999481684806644
1785495432.451059103,1789399672.226392,0.099184,-0.003438926814965139,-0.02635067655412122,-0.002837579123917633,-0.010566658816082122,0.002655545082675379,0.00014199163315841738,0.9999406350579791
1785495432.551098108,1789399672.277570,0.100039,-0.006747291505895078,-0.028300815969845176,-0.002394723452685099,-0.010517390715975886,0.0022512333682402374,0.00013769022128428762,0.9999421470676452
1785495432.651318073,1789399672.427841,0.100220,-0.007084997626432346,-0.032162786722280325,-0.0022529296811873434,-0.010337512303489607,0.002326440506109119,0.0001399126532311581,0.9999438503928089
1785495432.751388073,1789399672.476504,0.100070,0.0028615754815721622,-0.04265494143727792,0.00010315407864924797,-0.009704685799932786,0.0032425383442613457,0.00013745365343452727,0.9999476416918557
1785495432.851555109,1789399672.636088,0.100167,0.0014547450990308464,-0.02953584927621563,-0.0018221553319681116,-0.011362238153543761,0.002814021651133223,0.0001184871104453621,0.9999314810461234
1785495432.951648951,1789399672.701016,0.100094,-0.00632698605041929,-0.03320117248199552,-0.0013694401053834238,-0.010847531033599693,0.002069111003513468,0.00021358925361601716,0.9999390002543961
1785495433.051076889,1789399672.778459,0.099428,-0.006295000052290917,-0.01784108973204287,-0.0016701967659593642,-0.012178114884923355,0.0023447451296786034,0.00024447798474483136,0.9999230649998236
1785495433.151295900,1789399672.939982,0.100219,0.006016304214316814,-0.031185728962443544,-0.0017562471609475216,-0.0105250936924545,0.0034604697108086705,0.00023122102930714123,0.9999385951592134
1785495433.251557112,1789399672.994949,0.100261,0.00031572794797116166,-0.032358496404710425,-0.0030988841553544755,-0.010612666316454179,0.002553448384613171,0.0002771184347566568,0.9999403854332396
1785495433.351826906,1789399673.118810,0.100270,0.006232820583873158,-0.02320200044047878,-0.003724552829023786,-0.011495494565083458,0.0029806588198566697,0.00018635742260615575,0.9999294647866993
1785495433.451190948,1789399673.178019,0.099364,-0.006909281035791918,-0.02118791219565301,-0.004398771067483487,-0.01136722361858703,0.0015956340372494265,0.0001832970521637035,0.9999341011193762
1785495433.550651073,1789399673.325665,0.099460,0.0005918212237256762,-0.015907051546625747,-0.004309561025458264,-0.011521851346790592,0.002600621501589225,0.0002022909811257425,0.9999302189591567
1785495433.651020050,1789399673.374811,0.100369,0.011226793684696389,-0.011925648964840255,-0.004142909464377509,-0.01151979729029883,0.0034343646261582443,0.0001181228109236208,0.999927740117758
1785495433.751178026,1789399673.531415,0.100158,0.011606680737386896,-0.014862561479493556,-0.0037079022033847386,-0.010914194573945326,0.00300867724762434,0.000158038467382381,0.9999358995664995
1785495433.851310015,1789399673.601778,0.100132,0.010616746477113762,-0.012487230894812894,-0.003872182803580204,-0.011028494194860053,0.0026671484286863206,0.000138735719846172,0.9999356176211813
1785495433.950403929,1789399673.678122,0.099094,0.021067556471400205,-0.018256725567244482,-0.004403056427042751,-0.010362649365997314,0.003372483166120461,0.00010469154125656225,0.9999406136841792
1785495434.051543951,1789399673.829002,0.101140,0.005953920360931245,-0.01816735320886022,-0.005222713176261606,-0.010470164968750936,0.0015733904014035387,0.00019427420263414,0.9999439296009083
1785495434.150707960,1789399673.892794,0.099164,0.004951649643472347,-0.016209582854627064,-0.005288331687714476,-0.010652659401850388,0.0017700758150078087,0.00014776019718713796,0.9999416812225608
1785495434.250870943,1789399674.024699,0.100163,0.010195461272067677,-0.03736227671700937,-0.0032774429381242642,-0.00885563228719295,0.0023055367290698765,0.00014619032772433655,0.9999581195758016
1785495434.351070881,1789399674.087622,0.100200,0.005139904524728095,-0.024606109100704085,-0.004766175462812661,-0.010732309349186626,0.0018560057021895443,0.00013922564767443994,0.9999406749378115
1785495434.451294899,1789399674.233543,0.100224,0.0008742133655202169,-0.025231559244017696,-0.005007337227808939,-0.010583135762223146,0.001630127851461504,0.00013490496594651492,0.9999426592166555
1785495434.551486015,1789399674.295384,0.100191,0.001727968487676812,-0.025084260189347,-0.004711424631235861,-0.010632652486710636,0.0020018226533988067,0.00010168894516165889,0.9999414628199591
1785495434.651634932,1789399674.435416,0.100149,-0.004405818010486479,-0.03278890718887409,-0.005936972302409638,-0.01006337059066319,0.0015932695071982997,0.00011072925379869021,0.9999480875543814
1785495434.751907110,1789399674.501899,0.100272,-0.008628659568722934,-0.028716141206194874,-0.004933512249784777,-0.01072094537275004,0.0015987004013032588,0.00018758012920099478,0.999941233423763
1785495434.851048946,1789399674.578387,0.099142,-0.0036909888810380334,-0.03016384150960931,-0.004299394393463218,-0.010636112475997142,0.0024264257076885686,0.00016924119971554268,0.9999404766920376
1785495434.951306105,1789399674.713284,0.100257,-0.0010036698752461867,-0.0302878797868614,-0.0036184102099294235,-0.010714391399334016,0.002721144836982654,0.00019783533420901603,0.9999388771564482
1785495435.051502943,1789399674.792071,0.100197,-0.007093752549948186,-0.026501221769340638,-0.00457364440036323,-0.011140336557499346,0.002100365133409848,0.0002211460774602363,0.9999357141647179
1785495435.151707888,1789399674.873360,0.100205,-0.007610213298473587,-0.011765207052036361,-0.005447607739624494,-0.012221576737112218,0.0022909127897141218,0.0002694264763155517,0.9999226531037402
1785495435.250991106,1789399674.985829,0.099283,0.0049924711193110455,-0.016243797984696415,-0.0026659049425998838,-0.011225713270337718,0.0035232294450125764,0.00019904646120643402,0.9999307629012902
1785495435.351385117,1789399675.117460,0.100394,0.00385219040944227,-0.019582993269281375,-0.0030425425399335237,-0.010808060794797302,0.002962855836645875,0.00020495816120315183,0.999937180676516
1785495435.451620102,1789399675.166335,0.100235,0.006481317642094496,-0.02024079021832359,-0.004634706817800316,-0.010687902352175803,0.00305616364069094,0.00016138660782325266,0.9999381993710784
1785495435.550599098,1789399675.314333,0.098979,-0.0022515654646037622,-0.021572079751892802,-0.00337893644820747,-0.010578877552786832,0.0020721811247996157,0.00016348183289722346,0.9999418816555288
1785495435.651580095,1789399675.391717,0.100981,0.001881654457511761,-0.017931124837316653,-0.004565208922598651,-0.010902280948212148,0.002529027546248848,0.00013203656791480216,0.9999373614662777
1785495435.751743078,1789399675.485181,0.100163,-0.0004387250254891048,-0.027504778823306254,-0.004161885951277644,-0.00995776527836514,0.002252038872366006,0.00014635663641697982,0.999947873547073
1785495435.851042032,1789399675.623147,0.099299,0.003347384634881455,-0.02515506798766961,-0.0035767530771183,-0.010477719172100148,0.002606762235764812,0.00013847442473122047,0.9999416998087591
1785495435.951189041,1789399675.673922,0.100147,-0.0036097898510285206,-0.026488913745555915,-0.005091013531126398,-0.010414736731936805,0.0019484238744689884,0.00013517055176467656,0.9999438577400892
1785495436.051346064,1789399675.781326,0.100157,0.010139589131426228,-0.02664619576292017,-0.003180195595436419,-0.010533557668227573,0.0032706294823768947,4.1582849902310756e-05,0.9999391708581605
1785495436.151390076,1789399675.934431,0.100044,0.008196989519872709,-0.026480080478038327,-0.0024625335797849868,-0.010677984988281567,0.0026767840935896835,6.691040559095681e-05,0.9999394036572936
1785495436.251375914,1789399675.983270,0.099986,0.00843988075234476,-0.02103071623537607,-0.004783580150822975,-0.011117063897178179,0.0025890910818760163,4.517735525171881e-05,0.9999348506061194
1785495436.351551056,1789399676.092123,0.100175,0.010900406387480369,-0.021319182842163165,-0.005004429033189095,-0.010904181285139501,0.002702878833494836,4.056465531802691e-05,0.9999368938243158
1785495436.450613022,1789399676.188776,0.099062,0.018652223777891365,-0.012548752855627808,-0.004202552334290066,-0.011586142357785037,0.00312968177485986,-2.155322861396965e-05,0.9999279803729424
1785495436.550844908,1789399676.261334,0.100232,0.021863691227815292,-0.017093769948266932,-0.004520130645364107,-0.010795176997639934,0.003016762549462782,7.993272882603188e-06,0.9999371796435101
1785495436.651091099,1789399676.410495,0.100246,0.014684137143537716,-0.02699139324648016,-0.003377651826813488,-0.008428224977671553,0.0022665646336829065,-3.5973831029371554e-05,0.9999619124818557
1785495436.750401974,1789399676.493189,0.099311,0.011784085633816256,-0.022769870077657912,-0.004226284126684021,-0.00915215062438426,0.002037554663212799,-5.437785194836486e-06,0.9999560422740459
1785495436.850744963,1789399676.574409,0.100343,0.01699534180476394,-0.00922227395855709,-0.0053565168021851295,-0.010187242028933981,0.0025158923607178805,-7.490779647834093e-05,0.9999449408713937
1785495436.950962067,1789399676.710666,0.100217,0.011152734973314753,-0.02315379263741565,-0.004732255696078658,-0.008579999189516503,0.0018614296081117705,-3.393872542280525e-05,0.9999614580282007
1785495437.050416946,1789399676.793510,0.099455,0.011762245542727874,-0.007309904191578127,-0.005197984132822242,-0.010221515447646877,0.0020745524258161687,-6.559501985095231e-05,0.9999456047963206
1785495437.150521994,1789399676.872046,0.100105,0.011294002590399511,-0.008883433568498378,-0.005518231854382272,-0.00959619185930467,0.002111686689853677,-4.2214614257068197e-05,0.9999517248842815
1785495437.250828028,1789399677.006373,0.100306,0.009218426976452913,-0.013879067452783389,-0.004822025657364781,-0.009008066842865979,0.0019961683841621383,-6.361337784116127e-05,0.9999574320924239
1785495437.350404024,1789399677.079107,0.099576,-0.008790841168233261,-0.023050419016522397,-0.006568017800547665,-0.008204504276906596,0.0006223351804448648,3.067562496366193e-05,0.9999661483607829
1785495437.450459003,1789399677.192130,0.100055,-0.015536519691250365,-0.0054659856256487616,-0.007015064971511886,-0.01012797866187749,0.0008528684597583629,0.00016937133455169256,0.9999483326537256
1785495437.550647020,1789399677.275634,0.100188,-0.004072140067374816,-0.016049437829420882,-0.006234550446498566,-0.00873908067435158,0.002517052140658537,0.00020016682837515682,0.9999586255694428
1785495437.649825096,1789399677.409164,0.099178,0.0011877121574157476,-0.018237966280229976,-0.004847359493062753,-0.008812456020798753,0.002976612474363959,0.00015645311567254845,0.9999567270234655
1785495437.750036955,1789399677.483731,0.100212,-0.0040933157307621384,-0.006028806311886416,-0.005576642623825179,-0.009987206579345325,0.00237469841896834,0.00015522810310830972,0.9999472948192801
1785495437.850322008,1789399677.580006,0.100285,0.0007480171407549877,-0.009279109904401266,-0.0036627492013257545,-0.009420454545491654,0.0029095793125980176,0.00012754709713621635,0.9999513853763682
1785495437.950532913,1789399677.667696,0.100211,-0.0013160259111902259,-0.02198741505484436,-0.00482154184369904,-0.008261182429647027,0.0026204775197201636,0.00016540758765330016,0.9999624285955762
1785495438.050498962,1789399677.789620,0.099966,0.017184304438536815,-0.03317388021738976,-0.003482856853547378,-0.007808854600388126,0.00420900588592668,-4.844846085619906e-06,0.9999606522437818
1785495438.150568008,1789399677.873421,0.100069,0.01199171516746611,-0.026386640877412305,-0.0034344438034674685,-0.008992714728545783,0.0030973478334236993,-2.6579713365454206e-05,0.9999547673828695
1785495438.249728918,1789399677.969583,0.099161,0.010696205956252744,-0.02504232029413902,-0.003230795915177276,-0.009262508058529401,0.002833907448422174,-4.175362444843099e-05,0.9999530854843512
1785495438.350084066,1789399678.068814,0.100355,0.0007977606614565508,-0.02384160325324905,-0.0025128873643457394,-0.011255305501272926,0.0013720929593511973,2.9427440848949435e-05,0.999935715230239
1785495438.450418949,1789399678.210970,0.100335,0.005576466891074279,-0.012925731470753711,-0.002924507336834248,-0.012665638496481647,0.0019374779481388352,1.1911372034881602e-05,0.999917910450051
1785495438.550498009,1789399678.291907,0.100079,0.01176426201023327,-0.00437857016287054,-0.0030387384102281145,-0.013247766588344255,0.0022882267953132245,-1.6586331199306865e-05,0.9999096261280054
1785495438.650702953,1789399678.380581,0.100205,0.007872505592022773,-0.02618029698855949,-0.003657157563534408,-0.011045668185291896,0.0016726043368815175,-1.811346373856227e-05,0.9999375956933388
1785495438.750828981,1789399678.490955,0.100126,0.00012209073393061598,-0.025297637144701547,-0.004750072910888525,-0.011731831966200975,0.001058576720290682,3.22108288880811e-05,0.9999306188413807
1785495438.850050926,1789399678.579251,0.099222,-0.004281060133135832,-0.025805960123219982,-0.004559769821746162,-0.011967137792906089,0.0009918626457776857,6.643416025549808e-05,0.9999278971046062
1785495438.951114893,1789399678.696457,0.101064,-0.0038361364888711003,-0.019068308343654534,-0.004371196768895691,-0.012764568185065342,0.0013361391973310001,6.375849107412846e-05,0.9999176348409649
1785495439.050390005,1789399678.777876,0.099275,-0.011666423387928723,-0.01726136023727789,-0.003901460854772054,-0.012760754185457943,0.000820962500794097,0.00012562851103104037,0.9999182333524416
1785495439.150552988,1789399678.894135,0.100163,-0.017839315961869762,-0.02183870605201472,-0.0033643357986578026,-0.012236868939271972,0.0007221640571071959,0.00015702287189112618,0.9999248536072375
1785495439.250768900,1789399678.992704,0.100216,-0.012329748353572423,-0.013675258912612625,-0.004068699192705361,-0.013014142655807531,0.0016763501269217377,0.00012489867335176085,0.9999138994641027
1785495439.351068020,1789399679.073461,0.100299,-0.022086620764700547,-0.024047644681020577,-0.002374572737507352,-0.011916599049685618,0.0008917142959653784,0.00018338564890352902,0.9999285803908233
1785495439.450486898,1789399679.167082,0.099419,-0.011370020697180974,-0.016019725849869354,-0.0027403259227161136,-0.012797030647876632,0.0022691686510774027,0.00013549602631516148,0.9999155306929967
1785495439.550635099,1789399679.272938,0.100148,-0.005830747713279454,-0.004142016310071256,-0.0034999344958431267,-0.013583113115922307,0.002572020009924062,8.280247647191006e-05,0.9999044338810077
1785495439.650706053,1789399679.370936,0.100071,0.00146540836288684,-0.0058446177937781195,-0.004275640795309232,-0.012854722854900965,0.002951352611313032,9.588339865590437e-05,0.9999130144289858
1785495439.750830889,1789399679.463741,0.100125,-0.001029434969347709,-0.0020332462930006713,-0.0023628211782679154,-0.014172736267768134,0.0037711000373236198,5.5361188526282124e-05,0.9998924488595419
1785495439.850075960,1789399679.599730,0.099245,-5.096879011784461e-05,-0.00408675960767156,-0.0022160210934231706,-0.01359541687418672,0.0034633276825166027,3.927764799594556e-05,0.9999015793860149
1785495439.950311899,1789399679.681978,0.100236,-0.004889448531539477,-0.007216599190011716,-0.002040189929045755,-0.01310634342820983,0.002716679768667923,5.584766003193045e-05,0.9999104161343731
1785495440.050415993,1789399679.794097,0.100104,-2.7374504152806456e-05,-0.00536427481239179,-0.0033461541108306125,-0.013206723690861406,0.0030875823495698797,2.9378520491569413e-05,0.9999080199805832
1785495440.150779963,1789399679.886874,0.100364,0.008034044451046309,-0.00026485134651369445,-0.002908407999004159,-0.01352187781634269,0.003497015195158345,4.180141667354691e-06,0.9999024600867682
1785495440.249979019,1789399679.984958,0.099199,-0.0014122013396526203,-0.010172437588756775,-0.0038435215302347614,-0.012449327778293167,0.0022377761414549826,2.4437640472114766e-05,0.9999199997992895
1785495440.349999905,1789399680.075031,0.100021,-0.002252887717687835,-0.018101411323800512,-0.0022843783666114392,-0.012063770170336958,0.0022378429155807903,3.826908176752919e-05,0.9999247251887714
1785495440.450159073,1789399680.179903,0.100159,-0.0034296229980513987,-0.009727272420791444,-0.0033989981107296896,-0.013128663972910624,0.002220464259310941,2.9728274224027343e-05,0.999911349489038
1785495440.550283909,1789399680.309226,0.100125,0.002817230327942122,-0.00528663717804409,-0.0028907301487879344,-0.013436132321349856,0.002837425322225746,-3.318942491493416e-05,0.9999057046863199
1785495440.650466919,1789399680.394056,0.100183,0.0022812457501279262,-0.016221175623280033,-0.0014823633053000496,-0.012390988093438105,0.0025723553279309542,-3.56811440293547e-05,0.9999199193580409
1785495440.750621080,1789399680.480062,0.100154,-0.0015203466757253911,-0.01289639347844692,-0.003182000422132625,-0.012976985399523838,0.002169342035168016,-4.052505263630418e-05,0.9999134413351963
1785495440.849910975,1789399680.594171,0.099290,0.0005895542539393964,-0.015075389592262761,-0.004154058557324647,-0.012832274859198642,0.002432655197022472,-2.552530255329097e-05,0.9999147034917976
1785495440.950042009,1789399680.700517,0.100131,-0.006538280390459172,-0.015649110659271825,-0.003616492394831805,-0.01297745748019389,0.0018208761729320174,-2.959257688489987e-06,0.999914131312562
1785495441.050295115,1789399680.770501,0.100253,-0.005215634044826223,0.0010390999597006956,-0.005417284109058451,-0.014421109874488278,0.002087010295343337,4.6044484034125215e-05,0.9998938312930631
1785495441.150340080,1789399680.913428,0.100045,-0.0013433928779260293,-0.0031781256881350667,-0.004006849412654279,-0.013573624606778726,0.002535128984839046,2.4236759009806984e-05,0.9999046600794718
1785495441.250361919,1789399680.998170,0.100022,0.006631498633213509,-0.009250815344473882,-0.002139848859236626,-0.011708320207626542,0.0013312788645508998,0.00012687879023846058,0.9999305610072498
1785495441.349659920,1789399681.065540,0.099298,0.005170106229493633,-0.013105522515508753,-0.0001046577194431797,-0.011365672229076564,0.0015002808302240732,9.187340972910246e-05,0.9999342789461156
1785495441.449783087,1789399681.193058,0.100123,0.00943118655959159,-0.014658240552689335,0.0003946376517762751,-0.01144147757674985,0.002024435968941425,9.276462348190625e-05,0.9999324905435332
1785495441.549351931,1789399681.286106,0.099569,0.012766081337626183,-0.008492598642104986,2.8433120142223878e-06,-0.012074702147171903,0.0023054064499504457,9.350661826555505e-05,0.9999244361078841
1785495441.650333881,1789399681.389324,0.100982,0.019227200403747965,-0.0041807408004255866,-0.00013153586770919823,-0.012298744942865281,0.002738643108025992,3.940290270727661e-05,0.9999206164262083
1785495441.749810934,1789399681.482038,0.099477,0.018722493517012447,-0.001104316791349546,0.0004992990243730122,-0.012372548261784765,0.0023726867139686426,4.9152339637914126e-05,0.9999206408467197
1785495441.849881887,1789399681.583419,0.100071,0.018526713380007852,-0.007088959474689559,-0.0002894981216492454,-0.011599420018676592,0.0022047248867420434,4.642076153074976e-05,0.9999302928147127
1785495441.950114965,1789399681.693475,0.100233,0.01828182902485144,-0.018219714115480356,-0.000162421950608449,-0.010767388993435384,0.0020884836353041005,7.738190883857601e-05,0.9999398459819517
1785495442.050329924,1789399681.781692,0.100215,0.01287300906808695,-0.01595450193788104,0.00012965460473229884,-0.011400611963715605,0.0015637594158349555,7.010862754172456e-05,0.9999337857018946
1785495442.149733067,1789399681.895108,0.099403,0.021411896032707343,-0.012448605447350823,-1.4626885779134291e-05,-0.011844729043459203,0.002448375891671358,6.343004615165934e-05,0.9999268492374876
1785495442.249936104,1789399681.987044,0.100203,0.02272891809211061,-0.016761317440717145,0.0004542740217298724,-0.011460599720541169,0.0023312040602172543,5.815731960471629e-05,0.9999316060408339
1785495442.350284100,1789399682.095224,0.100348,0.015379766750304412,-0.012354780599436392,0.00044270253520445335,-0.012016024679418216,0.0015477699841320322,6.249609149677987e-05,0.999926605133206
1785495442.450529099,1789399682.187832,0.100245,0.01668799703198765,-0.012770803279358025,0.0007440646639956805,-0.011935553895680127,0.0018503569194951602,5.324107373100298e-05,0.9999270552884655
1785495442.549712896,1789399682.270107,0.099184,0.008434786491778055,-0.0013830074842599085,-0.00046541690014251236,-0.012842291978137172,0.001155657608343472,9.408152823054758e-05,0.9999168621144994
1785495442.649858952,1789399682.398699,0.100146,0.006407419805493662,-0.003628442764886491,-0.0008444999784874008,-0.012183723369664577,0.0013509019937728425,0.00011311823317445396,0.9999248567532062
1785495442.750119925,1789399682.498510,0.100261,0.0011824591297494233,-0.0002816959603360661,-0.00172511917298801,-0.012251085869972114,0.0012234388376885727,0.00015018817180399154,0.9999241928946064
1785495442.850130081,1789399682.570804,0.100010,0.006890438146606864,-0.015587727508052701,-0.0012940223489391611,-0.01031098384968727,0.004285969128806601,0.0003148553358128775,0.9999376055268628
1785495442.950367928,1789399682.680751,0.100238,-0.004453043069414672,-0.011510920727681468,-0.003375878552366429,-0.010626344300577436,0.0029704675816578344,0.0003652448963509814,0.9999390600058173
1785495443.049598932,1789399682.817159,0.099231,-0.0024910218541430093,-0.018720783151095703,-0.002262100063311512,-0.00991104289723611,0.0034512835670216964,0.0003455800741215569,0.9999448687026907
1785495443.149811983,1789399682.893068,0.100213,-0.0010842200800545987,-0.030188791104962885,-0.002656449153204954,-0.00907827036458316,0.0035821162505060697,0.0003532480342976093,0.9999523131960752
1785495443.250076056,1789399682.981888,0.100264,0.001866152054644063,-0.026700786050885033,-8.896822466464283e-05,-0.009940795838061551,0.0038123372518422778,0.00033633977872271864,0.9999432651597476
1785495443.350562096,1789399683.121821,0.100486,0.0008323308045446523,-0.032055013727896806,-0.00039912001871295066,-0.009646322848237982,0.0035981126125631327,0.000356900000796427,0.9999469359238641
1785495443.450715065,1789399683.171451,0.100153,0.0022972094285518274,-0.026570233204724493,0.0013644107507443382,-0.010507509293548422,0.003687228845255124,0.0003696365139567099,0.9999379280539049
1785495443.549992085,1789399683.309350,0.099277,0.008536876734370945,-0.021210873047523674,-0.00018327664775530383,-0.010946654362891063,0.004106335249098907,0.00035301492873764844,0.9999315897347886
1785495443.650274992,1789399683.379309,0.100283,0.008579830039368769,-0.016350438679223717,-4.6062393322554573e-05,-0.01118624042967778,0.003825809315337315,0.0003222687532078813,0.9999300612297757
1785495443.749706030,1789399683.497834,0.099431,0.018848362415350817,-0.03545754405342465,0.0005165702314186005,-0.00959841419061577,0.004435986205903206,0.0008474559560816195,0.999943735562061
1785495443.850054979,1789399683.575902,0.100349,-0.009393450118348079,-0.03700151211472332,0.001400547076839842,-0.010918098713414622,0.001477190941854394,0.0037577925293111256,0.9999322437158991
1785495443.950197935,1789399683.676875,0.100143,0.003440354629743174,-0.04435540403004574,0.0010939606944259106,-0.011438358122868524,0.00314340760541067,0.0073845385856619525,0.9999023710052678
1785495444.049441099,1789399683.843483,0.099243,0.005065819695809846,-0.03838460493903747,0.0015561436615216806,-0.0127297355565412,0.003210593531570386,0.015271291664533986,0.9997971962216798
1785495444.149461031,1789399683.937859,0.100020,0.011560015073047762,-0.01636752359319995,-0.0004156992458812514,-0.015427609431443806,0.003626079362545908,0.02528838861379235,0.9995545697044285
1785495444.249598026,1789399683.987840,0.100137,0.01035031414124507,-0.019980758178192493,-0.0023915658014955765,-0.015341122151054709,0.0029462839208428664,0.0366968718171829,0.999204337951471
1785495444.349968910,1789399684.066518,0.100371,0.021361969189036288,0.0011105395804788722,-0.0061647225421600504,-0.0182317927933647,0.003962015885590683,0.04942912292136393,0.9986033576795578
1785495444.450339079,1789399684.171531,0.100370,0.018010152132753886,-0.016425124806937537,-0.005074098335271948,-0.016626286623749598,0.002712659318506128,0.06039815677515779,0.9980321992454402
1785495444.550585032,1789399684.307688,0.100246,0.03232539638569562,-0.013528936550966129,-0.0029340548069825556,-0.018297502426066477,0.003242125077726749,0.07117916159768227,0.9972904376279758
1785495444.649785042,1789399684.376589,0.099200,0.015430326220071351,-0.0213862109287963,0.0020209716980176262,-0.019151789882130607,0.001731879101052879,0.083540490394941,0.9963188224678196
1785495444.749943972,1789399684.497287,0.100159,0.014502137697552625,-0.03640218735126152,0.004413925512593647,-0.01941406686582825,0.002873503402185414,0.09590107025692034,0.9951973782669967
1785495444.849252939,1789399684.599682,0.099309,0.025806229760161593,-0.03660536906601991,0.006223672797440599,-0.01988859415389152,0.00440402351568604,0.10780757998983621,0.9939630647545158
1785495444.949502945,1789399684.676841,0.100250,0.014068031798237145,-0.011763087640557572,0.0033096162454099853,-0.02281901517490388,0.0030287640306565122,0.11855879127438897,0.9926801761627203
1785495445.049653053,1789399684.811369,0.100150,0.018215104888144054,-0.022136000868798716,0.0034294654374867894,-0.022149214333532917,0.0032111279412325865,0.12887643008444308,0.9914080727583579
1785495445.149149895,1789399684.894489,0.099497,0.01888699921905178,-0.022490526492565922,0.002378526036158679,-0.022102537205251006,0.0042381421970565875,0.13964336806219377,0.9899460822469343
1785495445.249355078,1789399684.979676,0.100205,0.041072906821821346,-0.0035940811968740716,-0.0006878153723158253,-0.022390277105821116,0.007543178872851209,0.14999448454453707,0.988404487317735
1785495445.349560022,1789399685.086873,0.100205,0.05144881416876651,-0.010813024427195807,-0.0015841236297198802,-0.020185844497556824,0.007967857257963581,0.15917685857113023,0.9870115362183274
1785495445.449702024,1789399685.185453,0.100142,0.05134184799819855,-0.0050586853221403025,0.001214781477683835,-0.021446362288178426,0.007353707372701791,0.16766950098004485,0.9855825257042571
1785495445.550033092,1789399685.305914,0.100331,0.04659661064618839,-0.011500592973312681,0.001881817085348625,-0.02080497278568146,0.006657430475248919,0.17429042592909363,0.9844519689432839
1785495445.649450064,1789399685.410264,0.099417,0.03929416752458929,-0.01770513396965824,-0.00017158150999657673,-0.020625700361107172,0.005863592976301113,0.18062255718272302,0.9833187126251564
1785495445.749820948,1789399685.508414,0.100371,0.04415164000681318,-0.013404107043014934,-0.0005487624897795862,-0.02126325491761837,0.0072200671101396675,0.18822220448360544,0.981869719647451
1785495445.849170923,1789399685.599218,0.099350,0.048635619104198655,-0.04711833737382773,-0.0008714184212013643,-0.019518707450491342,0.004488411535168112,0.1942943466058669,0.9807387935114785
1785495445.949228048,1789399685.663547,0.100057,0.039163804435135285,-0.058417350136412416,0.00019104263691605006,-0.019465397173318834,0.0026731130214340203,0.20034411993379575,0.9795285531252321
1785495446.049406052,1789399685.787543,0.100178,0.04879983586506117,-0.04134105142383157,0.0022144758690129107,-0.02241352814426615,0.0035574046887659723,0.2056856847756313,0.9783549344212377
1785495446.149697065,1789399685.892741,0.100291,0.045420540503791476,-0.045052231473943154,0.006963803636756721,-0.022063794383652954,0.002548361229990154,0.2112297412597011,0.977184062108974
1785495446.249042034,1789399685.984156,0.099345,0.048527915752848524,-0.06217376773811466,0.01037870416507733,-0.02079375229070222,0.004242634947983326,0.2170726936406782,0.975924723321399
1785495446.349375963,1789399686.091324,0.100334,0.049385925120366415,-0.046744352952835314,0.005804334267284772,-0.025435958895040925,0.005457856982203114,0.2232019674060532,0.9744250127835987
1785495446.449839115,1789399686.179906,0.100463,0.06233511596034603,-0.04282019236140057,0.01315988877780594,-0.028897531604490597,0.0055591812736551565,0.2283647657995243,0.9731308041122017
1785495446.549367905,1789399686.281400,0.099529,0.07268617523163357,-0.046898077392015215,0.010824648005244769,-0.029446955270165782,0.005076091260297882,0.23632266573950306,0.9712150677273322
1785495446.649688005,1789399686.411035,0.100320,0.06917251708775796,-0.03902492983829491,0.011345619458239281,-0.029138308366962226,0.0054702887164065975,0.2447334987584293,0.9691370127656492
1785495446.748944998,1789399686.485762,0.099257,0.07799680454221097,-0.03285995115658732,0.010601271184817795,-0.029984984147873567,0.006896625412575685,0.25249718207596816,0.9671083239881988
1785495446.849490881,1789399686.576143,0.100546,0.06969127273584949,-0.037956955645188015,0.009475879278862537,-0.03240136531816127,0.004885855277234842,0.25738400915498616,0.9657534632477545
1785495446.949672937,1789399686.680074,0.100182,0.08935361585212005,-0.03955624104681686,0.010478819477043322,-0.033597039612706825,0.00857626446048347,0.26169830837400004,0.9645266621568062
1785495447.048916101,1789399686.780380,0.099243,0.10902619864319113,-0.05900231092012226,0.007778708535345263,-0.02968171459590531,0.014096303379034354,0.268965103194241,0.9625892495313884
1785495447.149368048,1789399686.911518,0.100452,0.09509610731897152,-0.06807447359642343,0.007591638740107237,-0.03214449074329529,0.011204970885696384,0.2728750188113216,0.9614470367373453
1785495447.249625921,1789399686.993785,0.100258,0.09516469426562355,-0.07699030734832665,0.007038363947278137,-0.03447592075154135,0.010084559384710126,0.2732912248367458,0.9612604324414781
1785495447.348818064,1789399687.063772,0.099192,0.11579648075818433,-0.08274001841986389,0.005608724796513032,-0.03576241953417422,0.01110811929222224,0.2697110790389569,0.9622128625613404
1785495447.449228048,1789399687.185586,0.100410,0.16096275718462338,-0.12691306534997998,0.005434263146257029,-0.034377933481455986,0.01174821528584838,0.2627178860527646,0.964188492710375
1785495447.549590111,1789399687.296479,0.100362,0.13372215956076228,-0.11336484013412493,0.005202813820061242,-0.039759509235629126,0.0074038402446868525,0.2534739938227317,0.9664964040442796
1785495447.648853064,1789399687.377928,0.099263,0.12884066233350763,-0.12284441775077591,0.010862430003734103,-0.04087386216380514,0.007499852983002194,0.24286775908994637,0.9691688868260641
1785495447.749209881,1789399687.495015,0.100357,0.12980379359580774,-0.11716067975774835,0.009581833567455539,-0.04179168594840238,0.008171782999251434,0.23402846981743824,0.9712967374922602
1785495447.848512888,1789399687.580638,0.099303,0.13011228393439248,-0.11202063374409155,0.009144012995229656,-0.043561498350409976,0.007937417863815962,0.22535306152333803,0.9732704613421587
1785495447.949485064,1789399687.693905,0.100972,0.11554216184872008,-0.13093076219201824,0.013806408950439941,-0.04339457726547913,0.006082528003089645,0.21463119724690607,0.9757117210966564
1785495448.048907995,1789399687.781789,0.099423,0.1045741262645393,-0.1356593709701593,0.015933739123873053,-0.04411824010553787,0.005294345847876555,0.20546427369113945,0.9776553498184334
1785495448.149271965,1789399687.893940,0.100364,0.10006228861789408,-0.14272895805693345,0.014286317450700331,-0.044883298507912756,0.005590650027897877,0.19665004044949694,0.9794299340629345
1785495448.249659061,1789399687.987981,0.100387,0.10308276726251045,-0.14053836888871715,0.010202561700171031,-0.04440358950326919,0.006723245449216465,0.18833563268182513,0.9810773713995189
1785495448.349092960,1789399688.083744,0.099434,0.11133582054278068,-0.12796287611759657,0.007566618236365119,-0.044114733128238284,0.008145456887985698,0.17979658803454499,0.9826803797696607
1785495448.449238062,1789399688.181238,0.100145,0.09958816297958561,-0.13672346309719582,0.011002038507920725,-0.04270831700208484,0.006955902017071473,0.1722932342198482,0.9840948412262109
1785495448.549432039,1789399688.319835,0.100194,0.08897095522698334,-0.1290455793197659,0.011517450916379346,-0.04334811663545373,0.007610966270030157,0.16270754478060812,0.9856922789836899
1785495448.648749113,1789399688.424732,0.099317,0.08611403725349125,-0.12161750969897786,0.004527147755994859,-0.04505834583814672,0.008307882631380388,0.15388581187348477,0.9870257754793186
1785495448.749059916,1789399688.516593,0.100311,0.07872335514512126,-0.11487820525106865,0.007407702708135483,-0.0484653962909929,0.008794130804096752,0.14376663703551112,0.9883850073231867
1785495448.849306107,1789399688.598238,0.100246,0.08898025483503938,-0.11668692770976177,0.007423054336200607,-0.048453187219045686,0.008981987479076662,0.132586715615619,0.9899456426448392
1785495448.948558092,1789399688.662781,0.099252,0.08500146081130486,-0.1360658824712441,0.009938502949398215,-0.04852897282938778,0.006896220349041351,0.1183372559011973,0.9917629125989716
1785495449.048813105,1789399688.787209,0.100255,0.08867206466385932,-0.15967261799912802,0.013892817387623269,-0.04960956121031464,0.005752261527356351,0.10477535664550126,0.9932411225697656
1785495449.149168015,1789399688.882994,0.100355,0.10974853923325667,-0.17565758766755563,0.019060390892277346,-0.052421806771111946,0.008211520805832189,0.09736993331811043,0.9938327933744859
1785495449.248466015,1789399688.995525,0.099298,0.10066769520588394,-0.21621801862232604,0.020992805209267495,-0.05012247187626018,0.0076518105589074,0.09553873309334235,0.9941335614931741
1785495449.349567890,1789399689.082231,0.101102,0.09649663681629571,-0.23325329195379318,0.02649369621376002,-0.05247963421102956,0.007478332593658442,0.09749061809863305,0.9938236976030713
1785495449.448721886,1789399689.192464,0.099154,0.09505437266681738,-0.24487311983112112,0.02870309895419859,-0.053927498597133784,0.00774583886875164,0.10098942486323262,0.9933946662535833
1785495449.548907042,1789399689.284747,0.100185,0.1278191346304137,-0.2814472202068002,0.03195721038007421,-0.05348546708350951,0.009890057616120352,0.10531697642049256,0.9929500622130265
1785495449.649141073,1789399689.383239,0.100234,0.13775753945922722,-0.283825737845095,0.029306830605978995,-0.056120454766731075,0.008108161594615122,0.11108816724168225,0.9921916001313527
1785495449.749274015,1789399689.487774,0.100133,0.13935947902516824,-0.31802820277864624,0.03636313549048581,-0.05605141722701735,0.006872887241788234,0.1185620224912468,0.9913395225000305
1785495449.848632097,1789399689.605312,0.099358,0.14847763484691912,-0.3402508605533515,0.041215286496380954,-0.0562507286606235,0.005699160397197039,0.13002098614135876,0.9898979332530922
1785495449.948101997,1789399689.677960,0.099470,0.1588589961566911,-0.33756832137286663,0.04173948439140088,-0.05876285238104769,0.007479506151610383,0.14385456106843525,0.9878243008893726
1785495450.048582077,1789399689.871378,0.100480,0.17270695513855133,-0.37531477103700267,0.04092489614665301,-0.05423093100165065,0.007550132920015744,0.16030229147028377,0.9855481606522123
1785495450.148680925,1789399690.113886,0.100099,0.17035278286287264,-0.34603084070312756,0.036949558113748504,-0.0564768186847614,0.008431767151581093,0.17261661779237422,0.9833324857421671
1785495450.248894930,1789399690.131518,0.100214,0.1866538545474163,-0.34350953556230296,0.03653555474546688,-0.055887418698814674,0.010216252593489036,0.17872840128442824,0.9822567806782703
1785495450.349345922,1789399690.194654,0.100451,0.15616413615583785,-0.36771941383778944,0.03867078457995374,-0.055272747922583416,0.006936131697239077,0.18845191616888485,0.9805012436026984
1785495450.448597908,1789399690.223818,0.099252,0.16082556929892738,-0.32982974253308756,0.037314784621684416,-0.05976718159913655,0.009698806828825646,0.200406157710592,0.9778400631501387
1785495450.548806906,1789399690.279374,0.100209,0.18405336430921698,-0.32470074496552004,0.03635076612593824,-0.05777380931990767,0.01281059247840031,0.21404291947055884,0.975030104305265
1785495450.648957014,1789399690.388282,0.100150,0.15165324732537483,-0.33500265493898856,0.03362704817916784,-0.05601829225490808,0.010475779901910343,0.22933966497562613,0.9716766576578622
1785495450.749181986,1789399690.493371,0.100225,0.14243208839389324,-0.32156598200900727,0.03313658531362612,-0.05463580942351646,0.012975221964226381,0.24597162799123432,0.9676489705295789
1785495450.848906994,1789399690.587114,0.099725,0.173164604357588,-0.3205704009740703,0.03352234513033006,-0.04857511283867832,0.0184939117699661,0.26211709842015035,0.96363533577591
1785495450.949321985,1789399690.692515,0.100415,0.19714835860884888,-0.2912192254735203,0.03384976545933499,-0.04576042851665365,0.023063949629177193,0.27783465917923933,0.959261142530138
1785495451.048682928,1789399690.783424,0.099361,0.19572719345847142,-0.28509417166876594,0.028628826442259503,-0.04022836049830974,0.024955193626674217,0.29436132792339487,0.9545209929309271
1785495451.148902893,1789399690.891516,0.100220,0.2251314408612281,-0.29195350096738815,0.02925877600610413,-0.0349203454114279,0.028486117964201495,0.31098917404063575,0.9493444286396758
1785495451.248246908,1789399690.985651,0.099344,0.16841822550090502,-0.30904864871768095,0.028152595411713888,-0.03214083074205653,0.023957024934052728,0.3273018968366546,0.94406911626355
1785495451.348601103,1789399691.087642,0.100354,0.1976339605199312,-0.29866978391653837,0.028075266426118822,-0.02894809156104037,0.030303515604040335,0.34256058935734,0.9385605721295526
1785495451.448751926,1789399691.186509,0.100151,0.21514451357253886,-0.27133220309227885,0.027593293997956125,-0.030156297629113968,0.033472849713472475,0.36040627382704277,0.9317067584983277
1785495451.548172951,1789399691.274430,0.099421,0.2109774737083656,-0.26551799824307315,0.030907396072043375,-0.030530555188894134,0.03224634143484385,0.37755904132340756,0.9249201203232984
1785495451.648359060,1789399691.424211,0.100186,0.2102448925496171,-0.24617750020805196,0.021102614038778555,-0.031169503570620743,0.032616618070445885,0.39570986650505546,0.9172667658992927
1785495451.748536110,1789399691.706942,0.100177,0.21986371562149234,-0.24148728255285273,0.021034708207248426,-0.030397698487572098,0.0350783546197377,0.41235623362931967,0.9098394504256564
1785495451.848891973,1789399691.764430,0.100356,0.22377525826462272,-0.24498078553305272,0.01919725534178393,-0.030101650182649153,0.03683378018228107,0.42495269606786285,0.9039648053980892
1785495451.948299885,1789399691.801353,0.099408,0.23625156843731163,-0.248352892376411,0.0200947639357614,-0.02952508701173091,0.03741101089175583,0.44093994153430843,0.896270413134737
1785495452.048491001,1789399691.825546,0.100191,0.24541923853363645,-0.24887145988961035,0.022423431916407693,-0.028030926312919195,0.03911157261362703,0.4600968470840122,0.8865638405445279
1785495452.148870945,1789399691.883432,0.100380,0.24650708026060208,-0.22352343573468966,0.02612033645516887,-0.029959120476135036,0.03929748470688838,0.48045334345931595,0.8756270573450518
1785495452.248162985,1789399691.973815,0.099292,0.24014538845690356,-0.23141322184132246,0.02464903822752551,-0.02753379595194195,0.038658494566695595,0.49939066480245364,0.8650759358498288
1785495452.348536968,1789399692.090898,0.100374,0.2775210321681371,-0.22300160111852627,0.02395277552664274,-0.025878585446748908,0.04192638842962455,0.516010599287479,0.8551640416852658
1785495452.448662043,1789399692.194320,0.100125,0.278697194475154,-0.21162113256553522,0.023953546218610955,-0.027305388437333947,0.03947073848444279,0.5344915067421147,0.8438099938886124
1785495452.549010992,1789399692.280462,0.100349,0.27252459603564416,-0.22535869203183462,0.024522352509399825,-0.026567865708728336,0.03644246343092223,0.551887285365383,0.8326983365077493
1785495452.648294926,1789399692.380435,0.099284,0.2762719599338651,-0.21527689314997578,0.020676469556423577,-0.027766100899082744,0.03772777391800176,0.5676886361059647,0.8219095273521155
1785495452.748744965,1789399692.505332,0.100450,0.2928510263080127,-0.19835397883652486,0.02070190610677128,-0.027129991502721783,0.039881045593157735,0.5819885917486772,0.8117652030222922
1785495452.848217964,1789399692.619598,0.099473,0.31136710260582107,-0.21188262316595766,0.01843690792641936,-0.02435063165444795,0.040381628736384005,0.5967121961568659,0.8010686148865451
1785495452.948604107,1789399692.688888,0.100386,0.3127028014691942,-0.20932973632941582,0.017559959765491073,-0.025209132217603743,0.03953254958387354,0.611917144453984,0.7895309275129672
1785495453.048947096,1789399692.849126,0.100343,0.34609688331691535,-0.17881644378691147,0.014859470699692734,-0.02577063104201864,0.04447174499155691,0.6236981133527298,0.7799735904973429
1785495453.148159981,1789399693.113771,0.099213,0.30611196802079155,-0.1977323010882611,0.021705339904531745,-0.026169716378883833,0.040866226745079996,0.6344216847890666,0.7714623926839446
1785495453.248739958,1789399693.131543,0.100580,0.3386534468089476,-0.21505839135671773,0.019918236188516514,-0.02522640936619505,0.04390382882333136,0.6446458166797105,0.7628026305162137
1785495453.348999977,1789399693.187655,0.100260,0.3677705657818323,-0.22396648019035964,0.017609456304771315,-0.02679858288720472,0.044351318837421425,0.6548471212347543,0.7539827877897072
1785495453.448164940,1789399693.215597,0.099165,0.3647888927614414,-0.2343018047814732,0.020455713519989815,-0.030555762542586233,0.04147124092187373,0.663327686896958,0.746553990912738
1785495453.548300982,1789399693.279778,0.100136,0.3886613926091112,-0.21641076887650545,0.019222841602896362,-0.033089945667646295,0.0437896322933632,0.6714502626266672,0.7390142545430823
1785495453.648405075,1789399693.375472,0.100104,0.40083199767878197,-0.219481961607775,0.021919608022355125,-0.032712807068796736,0.04402069951060257,0.6784254194945524,0.732619273874146
1785495453.748985052,1789399693.506216,0.100580,0.40161555717012043,-0.20935129099238106,0.020075924442802873,-0.030674146611376647,0.04844299798017786,0.6743003766280088,0.7362278008576185
1785495453.848185062,1789399693.584640,0.099200,0.37087944941621365,-0.2027619498291783,0.021424536493117707,-0.036039459429371756,0.04362003838829492,0.6742143066121026,0.7363650713977188
1785495453.948399067,1789399693.691243,0.100214,0.3641856661352927,-0.20366078502688617,0.02242210946928966,-0.035424848157231854,0.04384548954868833,0.6742027625762393,0.7363920749938877
1785495454.048850060,1789399693.784278,0.100451,0.3616466183147984,-0.20052437423091987,0.022434568254758147,-0.03562209480929838,0.04329713108380423,0.6715362684124936,0.7388473895249925
1785495454.148185968,1789399693.889851,0.099336,0.3846452811984611,-0.19216399179108745,0.02637327067353712,-0.034553444166576526,0.04491902765843229,0.6668912881369982,0.7429968709606974
1785495454.248543978,1789399693.986516,0.100358,0.3928351529065874,-0.18285568579556644,0.027110979842260574,-0.03536745507832377,0.044323018391925255,0.662578395172142,0.746843011223232
1785495454.347975969,1789399694.089519,0.099432,0.3907394031634645,-0.20127351868049775,0.027371140267604732,-0.03438595997578481,0.04144066251080779,0.6579768377564409,0.7511103502303824
1785495454.448097944,1789399694.197776,0.100122,0.3973853271326996,-0.20347543373232563,0.02766442600917446,-0.03465357228861299,0.04114720994254954,0.650060257112917,0.7579760544791866
1785495454.548491955,1789399694.273354,0.100394,0.3983317754226908,-0.2112520028116642,0.028423238523595573,-0.03564333655184477,0.03974670042017063,0.641718737942218,0.7650796126802579
1785495454.648950100,1789399694.430113,0.100458,0.41824649863629,-0.20829541698664156,0.02697414622618785,-0.036530361633700485,0.040412007246100945,0.6294982717356443,0.7750898839689855
1785495454.748471975,1789399694.721688,0.099522,0.4147107930156857,-0.20042728911454316,0.02639766101423019,-0.03832151734612102,0.039249662253210714,0.6137869474079576,0.787563653626098
1785495454.847742081,1789399694.781157,0.099270,0.4124921236204861,-0.18190650357915444,0.026150396638459333,-0.04130231994652594,0.038175261230674676,0.5979879218127885,0.7995293697938768
1785495454.947994947,1789399694.816787,0.100253,0.4057892241787931,-0.1941692704320103,0.025859526901890834,-0.042411382675607755,0.03733194526523092,0.5817594173423324,0.8113960690166889
1785495455.048388004,1789399694.873468,0.100393,0.4152274656144919,-0.19765854065683502,0.023382915750907896,-0.04177854410577264,0.03669876078696249,0.5636069296956698,0.8241692684200824
1785495455.148749113,1789399694.907228,0.100361,0.42310203744469776,-0.20246132810562442,0.024257015450025954,-0.04061966942689788,0.035217539119261926,0.5451158421506863,0.8366352168241263
1785495455.248013020,1789399694.968620,0.099264,0.4184577100668845,-0.19079695707042107,0.028220655257348654,-0.04409386647154897,0.032994763315757854,0.5256642470948975,0.8489076368247932
1785495455.348277092,1789399695.086344,0.100264,0.41244136246723684,-0.19435332703880734,0.029432625444952787,-0.04245625595892765,0.03100174266191145,0.5065453780552149,0.8606091669583528
1785495455.448481083,1789399695.189821,0.100204,0.4256586738769327,-0.20865617040019563,0.030496963184473008,-0.04145810068490561,0.03055588268257774,0.48854228180119,0.8710189451519139
1785495455.547857046,1789399695.284354,0.099376,0.42065923833303787,-0.2062059392011204,0.02956929141334047,-0.04161639747295196,0.029232149069925488,0.4714054101274456,0.8804490310203544
1785495455.648190022,1789399695.386337,0.100333,0.42112318491949563,-0.2131195962966705,0.029375806948912703,-0.03976463397454082,0.027865113339350968,0.4552870966782045,0.8890196673537475
1785495455.748316050,1789399695.484472,0.100126,0.40520546311704253,-0.23913565564955327,0.03468859631454713,-0.03945569061530417,0.024853749349152413,0.44015979998797083,0.8967078064207372
1785495455.847723961,1789399695.581646,0.099408,0.3900094130741781,-0.23959358634546143,0.03529218266311154,-0.0394475613846442,0.024436098822716957,0.42457541295482454,0.9042026795411273
1785495455.947808027,1789399695.694082,0.100084,0.41252974361901384,-0.2665102320824293,0.03334876693253139,-0.033028323239953056,0.02633428366225793,0.40679583897817406,0.9125419336983813
1785495456.048088074,1789399695.849783,0.100280,0.403415698751009,-0.2756574815625016,0.03246042979406644,-0.03130588899755084,0.024911469212686322,0.38734351459747207,0.9210669691803102
1785495456.148214102,1789399696.224328,0.100126,0.3995316756659221,-0.27899343908098856,0.0317410761407628,-0.03167353727012421,0.024877377295654746,0.36911832081589124,0.9285093259487123
1785495456.248390913,1789399696.271955,0.100177,0.48000759258295905,-0.2802115095064331,0.03194383817970292,-0.030464008104228203,0.03149287513749602,0.3520698351187378,0.9349475783300645
1785495456.347515106,1789399696.309929,0.099124,0.4567339681667254,-0.2883371987181523,0.03226099656739373,-0.031277177997806,0.028447561631138502,0.3363244294405874,0.9407966584417635
1785495456.447710991,1789399696.366864,0.100196,0.4371396741701667,-0.26145623406062757,0.031125682331530208,-0.0337358259196795,0.028085090419735424,0.31888262290261976,0.9467771620378092
1785495456.547900915,1789399696.403946,0.100190,0.4376267104833685,-0.26916780435423615,0.030816694057493238,-0.0324544931538006,0.02793358157764503,0.3008011825253362,0.9527250754996036
1785495456.648058891,1789399696.424071,0.100158,0.4320858162972531,-0.26937223862880866,0.03186180686768933,-0.03375419924142522,0.027409743620258272,0.2841633895159039,0.9577893964995993
1785495456.748199940,1789399696.481136,0.100141,0.42295001405358523,-0.2771413698991392,0.03088277420985383,-0.03432398713335769,0.026884757784356735,0.26717416424278967,0.9626614356393972
1785495456.847419024,1789399696.569578,0.099219,0.424037694804052,-0.28958973874845223,0.03217199091958434,-0.03337001947130429,0.026009776675095422,0.25256206470154247,0.9666552316061212
1785495456.947773933,1789399696.688408,0.100355,0.41508435774643654,-0.28084409142555067,0.031399442696497554,-0.03481827484629765,0.02499168373955011,0.23872936413757007,0.9701398838203983
1785495457.047911882,1789399696.785900,0.100138,0.42264628081146116,-0.2875345352117336,0.03196559584991007,-0.03527374728049405,0.024748431572174177,0.22689879494133075,0.9729646523598254
1785495457.148147106,1789399696.897542,0.100235,0.42162088401929276,-0.29361537482674205,0.03230640936938603,-0.03771641792683155,0.02237094894996485,0.217131883287885,0.975156786225527
1785495457.248233080,1789399696.978569,0.100086,0.4112678990606817,-0.3272593064032326,0.03193189632976712,-0.03568375086419511,0.018939668737178013,0.20623448003911463,0.9776682965686163
1785495457.348457098,1789399697.101311,0.100224,0.3942317590212792,-0.3293784498876037,0.03443437595479856,-0.03935997071627215,0.017195480039823317,0.19517560352939098,0.9798273276237749
1785495457.447664022,1789399697.212188,0.099207,0.4209592100262713,-0.3325990559691734,0.038595783630562874,-0.04350201803175362,0.019917402050464612,0.19201609207099601,0.9802248170233725
1785495457.548054934,1789399697.274543,0.100391,0.41354643595472346,-0.36866052062823274,0.04041764585785279,-0.04385295993677228,0.015273485814749927,0.1935170973381076,0.9799973324319204
1785495457.648264885,1789399697.450071,0.100210,0.43017056040528834,-0.39258744827131803,0.04173209119553195,-0.047242783589659124,0.013918191914005552,0.19492499775854275,0.9795808535191843
1785495457.748473883,1789399697.838448,0.100209,0.43860130650827034,-0.41168051032165126,0.046953989320665135,-0.04951104678377299,0.011826305155607371,0.19895200903972174,0.9786863097294229
1785495457.847779989,1789399697.915603,0.099306,0.43731434698703786,-0.42082141991271943,0.0516522212600839,-0.054026599280731835,0.008869644321408576,0.20512308443437924,0.9772036513500617
1785495457.948096037,1789399697.976480,0.100316,0.44809847657366625,-0.42782036773989807,0.04925193805361966,-0.05559742875540641,0.007756755797901466,0.21125148285877135,0.9758184101794988
1785495458.047487974,1789399698.008925,0.099392,0.4433238994029688,-0.4417415487694642,0.05303938103786701,-0.055944733290447135,0.005289577518553003,0.2169073989188725,0.97457343873152
1785495458.147892952,1789399698.057236,0.100405,0.458893309454348,-0.4739209825277278,0.056212880446825236,-0.0528430778385039,0.0036266989414702176,0.22007512219528153,0.9740438371911545
1785495458.248130083,1789399698.092060,0.100237,0.4572427823186079,-0.47861529099184974,0.060437958430098554,-0.05400814488813542,0.002410494725240932,0.2169351956499578,0.9746878632101823
1785495458.348507881,1789399698.118856,0.100378,0.4584018833501794,-0.5050329222250257,0.061240019319299704,-0.05317645786977124,0.002108023261666316,0.21083686871840662,0.9760715318845055
1785495458.447789907,1789399698.188269,0.099282,0.45934711575859916,-0.5140000321082219,0.061996800157215926,-0.055064368036438216,0.0029294205564398476,0.20544940382390517,0.9771130315047223
1785495458.548197985,1789399698.281454,0.100408,0.45559083286044405,-0.515367689266457,0.05929092991544074,-0.05678198262240555,0.00259568248788449,0.19824824841495775,0.9785022743367987
1785495458.647501945,1789399698.394528,0.099304,0.4719267167950279,-0.5212103633273298,0.058851641280201206,-0.05511334511430846,0.00407942110873116,0.19059053589121072,0.9801128124570282
1785495458.747806072,1789399698.497948,0.100304,0.48023709349092186,-0.5352916230684597,0.059483285003253394,-0.05546896856676451,0.005345499568067857,0.1814639270526167,0.9818174282111445
1785495458.848160982,1789399698.586797,0.100355,0.47076350352458946,-0.549116097496013,0.06251341677526256,-0.05619535946437266,0.003835049157231845,0.17018431169921924,0.9838011354049614
1785495458.948473930,1789399698.692464,0.100313,0.4718495952869601,-0.5497535230040034,0.06116509028264233,-0.05449989620506132,0.0034581500501586144,0.1589224633388205,0.9857796169317898
1785495459.047702074,1789399698.861046,0.099228,0.4835088862462215,-0.5623342793594471,0.05967644876862821,-0.052749348106085066,0.0043537154446461656,0.14574065760297716,0.9879059733383838
1785495459.147989988,1789399699.241217,0.100288,0.48421339003231884,-0.5827770377463767,0.06146996010116568,-0.05354375322148589,0.004034581616310229,0.13650262648205116,0.9891834115095326
1785495459.248125076,1789399699.286175,0.100135,0.47647065857196313,-0.5872241802049597,0.0653521053564593,-0.05341799392052302,0.0031547619008341883,0.1326464931429554,0.9897178755886598
1785495459.348294973,1789399699.324981,0.100170,0.45835955643577675,-0.5865197491740781,0.07189815012000261,-0.052065436015790244,0.004275278579609404,0.1310288646293084,0.9900011863626753
1785495459.448663950,1789399699.376345,0.100369,0.4722503287579788,-0.5624157501309113,0.06803405028886533,-0.05452419628683047,0.005913410388886208,0.1316842037466417,0.9897734155252192
1785495459.547813892,1789399699.420483,0.099150,0.4640522136388284,-0.5785802067133491,0.0699027674467382,-0.05223222202513848,0.004039176409256039,0.13390406794903562,0.9896085997114967
1785495459.647929907,1789399699.459372,0.100116,0.46028277871835394,-0.5613800292204317,0.07051451916713503,-0.05375217504600667,0.003680082465676578,0.13688528139150818,0.9891206096372851
1785495459.747967958,1789399699.491668,0.100038,0.46267667760116293,-0.5634267525454469,0.06925530535102656,-0.052289122298474724,0.0035493548856959695,0.13887149353937028,0.9889226249061616
1785495459.848088980,1789399699.580704,0.100121,0.47391408888293785,-0.5484410603035296,0.06762797004896978,-0.05078885289181674,0.004072564073896857,0.14339889677601447,0.9883524993883592
1785495459.948296070,1789399699.670697,0.100207,0.44380419036250485,-0.5603102646695166,0.06604759610261718,-0.0478619995166525,6.01521200429326e-05,0.15259879930116507,0.9871285791809647
1785495460.047681093,1789399699.819354,0.099385,0.41865445834452586,-0.5588813348561241,0.06683490096473044,-0.04916716651895768,-0.0015357262815405687,0.16217370788832502,0.9855353467791169
1785495460.147986889,1789399699.882708,0.100306,0.4291455177034918,-0.5398218692126727,0.06339005353663091,-0.04831386816808795,9.54321585074805e-05,0.17203885358837537,0.9839046670746784
1785495460.248173952,1789399699.976144,0.100187,0.4251303455917923,-0.5234568404006161,0.06613809437477214,-0.04869648444012469,-0.0005259593497116439,0.18363012440482573,0.9817883443904798
1785495460.348408937,1789399700.086835,0.100235,0.4368917617475016,-0.5121527901974161,0.06790204151130355,-0.04887387978964094,0.001121470196434329,0.19651146178682388,0.9792820490365926
1785495460.447659969,1789399700.183660,0.099251,0.43778346649296906,-0.49973317937488315,0.06785689779214035,-0.04787470212552706,0.0007322286259346107,0.2105927995784118,0.9764006091268855
1785495460.547884941,1789399700.265346,0.100225,0.4529860576983057,-0.5019398136759001,0.06690644319984129,-0.04691316030348224,0.0023498251967608696,0.22442336596524834,0.9733590224170662
1785495460.648122072,1789399700.410346,0.100237,0.45593714783731293,-0.5027969236830933,0.06616974353493743,-0.04614736964227569,0.0036071145613934042,0.24092551445892593,0.9694391705941819
1785495460.748308897,1789399700.511668,0.100187,0.4734544183433762,-0.4934869917983527,0.06552026398179722,-0.045866551528603874,0.00693657411053181,0.26081451172521086,0.964273785739307
1785495460.848469019,1789399700.726267,0.100160,0.458108278152761,-0.47143206140555194,0.06132345016419219,-0.04778632734538822,0.007806404483037619,0.2781222260439702,0.959324530254608
1785495460.947901011,1789399700.839641,0.099432,0.44558315787180186,-0.48537513521570347,0.06148679479489602,-0.04469009183284274,0.008689213213013714,0.294197188656922,0.9546597862338522
1785495461.048054934,1789399700.884911,0.100154,0.4499341540569759,-0.4666108779246505,0.05919017558613926,-0.04521387807426219,0.012232560748137177,0.31179421959732084,0.9489944332358938
1785495461.147418976,1789399700.967771,0.099364,0.47902438703387534,-0.451543661974633,0.056062474563719045,-0.042956337225749486,0.017146949792301986,0.32855989101031907,0.9433499526815289
1785495461.247625113,1789399701.034942,0.100206,0.4862777330920363,-0.43718659598962467,0.053991343322213003,-0.043218346564120616,0.01718292791752736,0.34360848395987,0.9379606235121124
1785495461.348052025,1789399701.113107,0.100427,0.48999327402335136,-0.41346781610770933,0.05033295694999412,-0.043975688433809376,0.017398508800722724,0.35940802112545384,0.9319813866537003
1785495461.448363066,1789399701.187217,0.100311,0.4845999213172188,-0.4352238363470462,0.04573660512289421,-0.04173548451086113,0.012526122068774244,0.3764374720353436,0.9254167035699022
1785495461.548593998,1789399701.275038,0.100231,0.5027163539251986,-0.41917776172910143,0.047116156095914435,-0.041007115857652696,0.01410417977204718,0.3938663415746441,0.9181442117317854
1785495461.647764921,1789399701.396224,0.099171,0.4862018261348962,-0.4137171053459449,0.04836899895839439,-0.04067709897731335,0.011979291796107823,0.4106518844106758,0.910805632402871
1785495461.748104095,1789399701.516726,0.100339,0.4968543882318515,-0.43346556964039773,0.049250401081199796,-0.03747373836222772,0.012006690735641144,0.4280287337082066,0.9029080581271078
1785495461.848556995,1789399701.581100,0.100453,0.5386881776512792,-0.40776765815724764,0.04938781407010742,-0.03753606119653615,0.017281607438664987,0.4461439517192984,0.8940066915289
1785495461.947863102,1789399701.684232,0.099306,0.53208741398723,-0.41509738029887083,0.04826183186353816,-0.036423988146713854,0.01637128455401892,0.46307259541147733,0.8854202649072312
1785495462.048233986,1789399701.769626,0.100371,0.5200711130267436,-0.4274389437813297,0.04828694209345416,-0.03580746439611128,0.016310573300147267,0.4776140400618252,0.8776882245011238
1785495462.148657084,1789399701.909410,0.100423,0.5142807899420284,-0.42734220629665565,0.04518847732258971,-0.03552103553605788,0.016739454047633533,0.4886147637371525,0.8716155456224326
1785495462.247826099,1789399702.009057,0.099169,0.5115160758756515,-0.44452948032064415,0.04557853340658427,-0.034505202322328,0.016910374168658947,0.4942849243194055,0.8684502541013509
1785495462.348077059,1789399702.116853,0.100251,0.520740391482768,-0.44615442444197906,0.04392725687442389,-0.035050940210168996,0.018479769030943765,0.4947012086335087,0.8681593424616602
1785495462.448297977,1789399702.228018,0.100221,0.5085846877591552,-0.4429883045850674,0.044089727984906096,-0.03646035011630302,0.017936046218881715,0.494091771563848,0.8684597068306044
1785495462.548378944,1789399702.333414,0.100081,0.5039216877172751,-0.4413771267796111,0.04413723255656249,-0.03690358263603564,0.018211963672002975,0.49292013382824346,0.8691007948647567
1785495462.648555040,1789399702.433696,0.100176,0.49726970553451705,-0.43782036847588907,0.04491753990514896,-0.037296892995745304,0.018494148312627964,0.49244803764387374,0.8693456380932286
1785495462.747872114,1789399702.509438,0.099317,0.5058323638530466,-0.42992980392935576,0.043205178844350794,-0.03719959909727222,0.019783426721162962,0.4913842356831063,0.8699231798131779
1785495462.847765923,1789399702.621375,0.099894,0.4959465988172918,-0.4362132507871221,0.046149766870155096,-0.03910158288960693,0.021021066667049625,0.49072958813455425,0.8701802412724426
1785495462.948016882,1789399702.671483,0.100251,0.5041956719824021,-0.42798603620153686,0.04472814632825714,-0.04004147330615,0.02223888997597648,0.4872039915424303,0.8720862244143076
1785495463.048387051,1789399702.770567,0.100370,0.5045986093609682,-0.3996907953170291,0.045724730420231174,-0.0425809708770973,0.022789603664220028,0.48348684920646934,0.8740182844359505
1785495463.148773909,1789399702.897372,0.100387,0.5046201478292143,-0.40696717985960906,0.04617286287960756,-0.0422089155240887,0.02113051146506246,0.47905607998627125,0.8765142218832863
1785495463.248836040,1789399702.980894,0.100062,0.4837175883203421,-0.4129186212185413,0.046646402986807556,-0.044907902256023854,0.017754405343405902,0.47006688267427627,0.8813087922055045
1785495463.348287106,1789399703.080564,0.099451,0.49544876978851055,-0.42944414732388,0.0495682649961906,-0.04349310186202468,0.017309370218705492,0.45957081588768933,0.8869066472731769
1785495463.448587894,1789399703.198541,0.100301,0.491232020711827,-0.42320483838711337,0.051272654428552195,-0.04670186870589119,0.01619103253328197,0.4476269715508912,0.8928532243683928
1785495463.548899889,1789399703.304359,0.100312,0.48834000003723715,-0.4346743975225651,0.0479825111259265,-0.04708752277484994,0.016415125278734212,0.4318791674517802,0.9005518827819663
1785495463.648205996,1789399703.405736,0.099306,0.5134957967163103,-0.4522578316882631,0.048019950232263076,-0.04466889248912584,0.017479855866157763,0.41661204259108764,0.9078180162624845
1785495463.748425007,1789399703.505042,0.100219,0.526866996744193,-0.4681526838629976,0.05035831076247749,-0.04444124701709714,0.016719858695913657,0.40199769119194295,0.9144087041170815
1785495463.847646952,1789399703.640253,0.099222,0.530805270734883,-0.491848574211638,0.051272680048325636,-0.045315477999036034,0.014966075293267668,0.38909433824049117,0.9199609339494854
1785495463.947876930,1789399703.734508,0.100230,0.5750442818247097,-0.49615152175491356,0.04905471456041266,-0.039350748370019374,0.01742086434606761,0.38777329448029263,0.9207496425066024
1785495464.048295021,1789399703.811725,0.100418,0.5623341592266703,-0.47321413100438003,0.051809157323463834,-0.04688999039498429,0.01635690273604248,0.3893037306029471,0.919769746117065
1785495464.148422956,1789399703.916805,0.100128,0.5784501554990275,-0.49730899602165946,0.05036494784966841,-0.04453895141488091,0.016246507430897842,0.3908506611354507,0.9192323392337336
1785495464.248743057,1789399703.980669,0.100320,0.5783841920039017,-0.4880113790573233,0.0493193683975455,-0.046220707032922734,0.015420875993684746,0.39200213916966015,0.918673046143923
1785495464.348175049,1789399704.063272,0.099432,0.5823699022036907,-0.5050081047152805,0.047428482655651666,-0.04504161032900485,0.014935924960606225,0.3937976063423656,0.9179714683602879
1785495464.448523045,1789399704.206708,0.100348,0.5699019081589628,-0.504588573237202,0.04561715051374443,-0.045695286673899604,0.013449348863184721,0.3976484720496585,0.916300577576756
1785495464.548695087,1789399704.275172,0.100172,0.5552953986832105,-0.4981557173041807,0.04754440303171306,-0.04846764740448754,0.01232690537824562,0.39985557124208,0.915212793128198
1785495464.648020983,1789399704.375637,0.099326,0.5623222813615134,-0.5095787412158987,0.054399952532785595,-0.05340818988663756,0.011928147019227826,0.4045093142835457,0.9128951195069198
1785495464.748328924,1789399704.502802,0.100308,0.5751143118287585,-0.5210459851377861,0.057915281999239704,-0.05608225012384621,0.012731343701513574,0.4102098831027952,0.9101761070877262
1785495464.847757101,1789399704.582211,0.099428,0.6061018295114607,-0.5666726908671778,0.06392763518945743,-0.048859715564049354,0.012611953927979265,0.4115173042889661,0.9100039423452174
1785495464.948153973,1789399704.685202,0.100397,0.6420561410593457,-0.6091697425851725,0.06473820322255744,-0.043466003901753134,0.016529245202777237,0.40919925668595303,0.9112592709462437
1785495465.048379898,1789399704.842369,0.100226,0.6768906324801808,-0.6418336571468227,0.06427928780710426,-0.04545415792938364,0.015700438057052395,0.412209403603806,0.9098191157325276
1785495465.148612022,1789399705.220191,0.100232,0.7206955836361392,-0.6654273142187237,0.06559001155614366,-0.04084771379693048,0.017209310628387885,0.4142115234845806,0.9091007192373235
1785495465.247891903,1789399705.262694,0.099280,0.7683202280547835,-0.7160359918075462,0.062118399979705335,-0.02835011634952048,0.018728335878251384,0.41621365570254604,0.9086317808358338
1785495465.348272085,1789399705.314259,0.100380,0.8001746671725452,-0.7432899283404105,0.06620850514045326,-0.020487049074871283,0.024250920210689402,0.4157765172826367,0.9089125708039449
1785495465.448523045,1789399705.373957,0.100251,0.7917094050341857,-0.7438285325291054,0.07485668447158747,-0.02623095185850707,0.02071882293738917,0.417741700173732,0.9079507362608503
1785495465.547962904,1789399705.405930,0.099440,0.8251819344872502,-0.7668073089381402,0.08301010978452897,-0.029721890189869756,0.017499824624137295,0.4195549926100308,0.9070744035401049
1785495465.648452997,1789399705.463494,0.100490,0.8470092659398073,-0.7641352164856043,0.08406590342118153,-0.027561020873133977,0.017679892205468596,0.41829665022226614,0.9077200691583499
1785495465.748684883,1789399705.495705,0.100232,0.889616267886441,-0.7735278922005637,0.08075968701350064,-0.020969799775498857,0.020544292927679765,0.41996418077644526,0.9070657563761411
1785495465.848155975,1789399705.573633,0.099471,0.8703367110771333,-0.7690762105253428,0.08302898645097981,-0.024419525291478728,0.01730518464858061,0.4183896931838569,0.9077743563277771
1785495465.947807074,1789399705.685236,0.099651,0.8516800397057628,-0.7657945665839353,0.08093052514530913,-0.027014864452956987,0.015279065911859202,0.414005637594763,0.9097450627968136
1785495466.048361063,1789399705.835848,0.100554,0.853720955245457,-0.7514191136847951,0.07967601429175736,-0.027260852291685414,0.016235739444612738,0.4109663601979675,0.9110981821311178
1785495466.148706913,1789399705.913042,0.100346,0.8450587080258026,-0.7501639640484443,0.08095560591318127,-0.026422520600128473,0.015979260891828252,0.4092357916657032,0.9119060151387354
1785495466.247770071,1789399705.982111,0.099063,0.8477589063333241,-0.7502232525217617,0.07979247494049488,-0.026188734869896264,0.01634442537520949,0.408733894722264,0.912131357442673
1785495466.348022938,1789399706.103403,0.100253,0.8419655833326465,-0.7478250154820945,0.07873147594736254,-0.026530493211278528,0.015704437147397526,0.40804352532107147,0.9124417707598539
1785495466.448452950,1789399706.214853,0.100430,0.8382775692309572,-0.7529567101430817,0.0759355079677731,-0.02723693253077285,0.014776936694532138,0.40641322466274377,0.9131637763662366
1785495466.548676968,1789399706.280986,0.100224,0.8337415464332596,-0.7613780304127994,0.07639893727087732,-0.027388949341286713,0.014343870539670706,0.4028489757693709,0.9147441180753593
1785495466.648071051,1789399706.459787,0.099394,0.8341367722544303,-0.7870273333100329,0.07858053140197005,-0.026101149507461622,0.013913169358909305,0.39616505170766947,0.9177027871365632
1785495466.748450994,1789399706.825568,0.100380,0.8349726078276843,-0.79098940645469,0.07974748999356962,-0.026528882122052753,0.01448472771108632,0.38733715587468365,0.921442531444788
1785495466.848628998,1789399706.920198,0.100178,0.8366640670769682,-0.7897768971411206,0.08087294816948076,-0.026731020961206678,0.014829446776160632,0.3788323155212649,0.9249603325242983
1785495466.948971033,1789399706.984977,0.100342,0.8437803215517188,-0.8077953553298166,0.07831410600909641,-0.024766135532340094,0.015516092080233185,0.36924877653827776,0.9288709439111101
1785495467.048291922,1789399707.025956,0.099321,0.8687055765026699,-0.79868325796504,0.08010524377093284,-0.025657958602850986,0.012786057225858618,0.35636957979354417,0.933905192457299
1785495467.148463011,1789399707.096254,0.100171,0.8828004649496325,-0.7951866750445697,0.08147476605976514,-0.026095003460481714,0.014773805130966928,0.3437916242598681,0.9385670485186943
1785495467.248358965,1789399707.117655,0.099896,0.8883222025658972,-0.7974458835580326,0.0782307356766149,-0.026144850123173014,0.015984873506700355,0.3282207034593888,0.9441038610511128
1785495467.348727942,1789399707.185474,0.100369,0.8845317794998595,-0.8139890015604659,0.07783846189191174,-0.024492239664957546,0.01478263487951495,0.3134545708253063,0.9491721845539518
1785495467.448008060,1789399707.206053,0.099280,0.8886874115676479,-0.8353730018844971,0.0762666026345366,-0.022037040225625092,0.015661947452023945,0.2981929395709637,0.9541226561874098
1785495467.548402071,1789399707.267938,0.100394,0.8739634616238857,-0.8346729981864074,0.07596105656982347,-0.02248225006134484,0.013964103319336781,0.2801579243892858,0.9595890212234305
1785495467.647617102,1789399707.402217,0.099215,0.8837398083284805,-0.8462392298547919,0.07514121522600134,-0.021388377947539366,0.01591532087685104,0.26270838576756067,0.9645068915759762
1785495467.748016119,1789399707.485552,0.100399,0.9078368750096957,-0.8552981678692018,0.07578749700818183,-0.02178543765682322,0.018152386194388317,0.247110295025856,0.968572345090327
1785495467.848417044,1789399707.600259,0.100401,0.9210726661066209,-0.8720138467414329,0.07573603763514514,-0.02078441691039076,0.017940816348453,0.23343341419533706,0.9719850699776956
1785495467.948791981,1789399707.676322,0.100375,0.9125643225019742,-0.8859306532789846,0.0781971403905121,-0.020974674155811605,0.015853318885660755,0.2183990391416607,0.9755053024081207
1785495468.047425985,1789399707.820679,0.098634,0.8926382594999266,-0.9042932101550737,0.07879754821357801,-0.020475703856363298,0.013691576341928356,0.2040881815924854,0.9786425805283182
1785495468.147655010,1789399708.035064,0.100229,0.8969398480875262,-0.9118985377217094,0.07990808811411726,-0.022238144142092495,0.013646331454088235,0.1919968455987909,0.9810486501000187
1785495468.248058081,1789399708.071980,0.100403,0.8868684018033984,-0.9182227448607647,0.07957275517561943,-0.023957824383981478,0.011206999995148199,0.17999915886564935,0.9833111046914648
1785495468.348321915,1789399708.244963,0.100264,0.8856784853951497,-0.9346691246464349,0.08244379047115225,-0.02503482438512716,0.00988851917253079,0.1715736469699382,0.9848035125963
1785495468.448514938,1789399708.323085,0.100193,0.9103591831055519,-0.9213649269571017,0.08224181136748634,-0.028658786338357698,0.011218518568339345,0.16190739232081525,0.9863259172903314
1785495468.548609018,1789399708.377393,0.100094,0.9114723504892743,-0.9308643927296693,0.08496197095414554,-0.0302137695209048,0.008896509441311203,0.15271198503802008,0.9877687127444573
1785495468.648005962,1789399708.422408,0.099397,0.8859711244455922,-0.9398364108465309,0.08701391872289008,-0.03195255891262355,0.010697108730397628,0.14201383369565168,0.9892909970695204
1785495468.748279095,1789399708.495089,0.100273,0.8875233524605093,-0.9412048274453084,0.09017254362106095,-0.033919418793813085,0.008649819883133429,0.13607958259075395,0.9900792901816512
1785495468.847635031,1789399708.571577,0.099356,0.8893895083530179,-0.9781415270582794,0.0936556502411093,-0.032227429063024685,0.008178955459503623,0.13286125399758578,0.9905767939386452
1785495468.947932005,1789399708.691522,0.100297,0.8920789264634482,-0.9824362859209842,0.10335659445854656,-0.03414262539140227,0.008575844027855894,0.13020697641060253,0.9908616852641938
1785495469.048290014,1789399708.786186,0.100358,0.8971316450711545,-1.003490518887228,0.1044479713445719,-0.031303477997956304,0.008775048299379385,0.12860968120565333,0.9911622675892946
1785495469.147460938,1789399708.893708,0.099171,0.9177092971076439,-1.0288257813485306,0.10380639353565685,-0.027573728172450726,0.010071116878731502,0.12725181124755222,0.9914359478320832
1785495469.247487068,1789399708.984777,0.100026,0.9245185534872331,-1.0650707291609565,0.10127803522504861,-0.02392872245771751,0.009544067017762592,0.12670285566948594,0.9916061281534603
1785495469.348550081,1789399709.087517,0.101063,0.9532984345826437,-1.0933360522147455,0.09682000399636806,-0.02245223896970888,0.00962319543143416,0.12569546866854905,0.9917680879273777
1785495469.447837114,1789399709.196763,0.099287,0.9515753810309631,-1.103736938111893,0.0983383407316239,-0.026419985252066878,0.00952167451889846,0.11916444173600202,0.9924772833266167
1785495469.548090935,1789399709.271924,0.100254,0.9350007399084813,-1.0967527710332274,0.09990362687555313,-0.033975207800882645,0.006999205327745947,0.11298168211832187,0.9929913574071927
1785495469.647408009,1789399709.425239,0.099317,0.9337187505194455,-1.1242860052417325,0.09899286216263994,-0.03463876662280365,0.00749833442606595,0.10328581500878778,0.9940201060570427
1785495469.747720957,1789399709.736837,0.100313,0.9433499677350203,-1.1481796156225061,0.10062584483179315,-0.034305339733544236,0.009098218467097128,0.09225167143109472,0.9951030073337427
1785495469.847850084,1789399709.846465,0.100129,0.9517373527718734,-1.175492360777678,0.09933983829273757,-0.03132429051894689,0.01127947383136894,0.08081222259761134,0.9961731510999505
1785495469.948121071,1789399709.902449,0.100271,0.9499503400420677,-1.2081246126091347,0.10268324011744018,-0.03053185013015162,0.012422778746527514,0.07066225448046622,0.9969555288414733
1785495470.048378944,1789399709.971330,0.100258,0.950420923465602,-1.2333858244472018,0.11067616666118268,-0.03127625204441316,0.011988121349309638,0.06429953109640732,0.9973683628957507
1785495470.147730112,1789399710.190597,0.099351,0.9202379710192593,-1.2766210915189262,0.12503864233526177,-0.03558084482830347,0.006631463277484308,0.05994842117666148,0.997545093704805
1785495470.247997046,1789399710.205547,0.100267,0.9262891599909041,-1.27490492164213,0.12313959424748949,-0.035627173686573706,0.007466317331824354,0.055095308909770456,0.9978173507895839
1785495470.348119020,1789399710.229778,0.100122,0.9331531021566146,-1.3123902220610728,0.1288880458498638,-0.02961881506864799,0.00794171734895676,0.05390028048046019,0.9980753552130248
1785495470.448415041,1789399710.283811,0.100296,0.9276011282694722,-1.3331386521639803,0.13235491295157653,-0.026948210022000915,0.006577280220965675,0.06069067884852224,0.9977711034412702
1785495470.547590017,1789399710.313012,0.099175,0.922307860028275,-1.3365129811500622,0.1311011086161032,-0.03010587326130681,0.004865644247261394,0.06912644197236632,0.997141663416725
1785495470.647924900,1789399710.382962,0.100335,0.9453020184309089,-1.3682263483382893,0.12841276421267186,-0.02624228965742024,0.006479468427271111,0.08084388173572676,0.996360188640802
1785495470.748245955,1789399710.473373,0.100321,0.9612724994105918,-1.3676136092602373,0.12708560198253643,-0.026437196845345772,0.005959447743354453,0.09407533027023007,0.9951961574685164
1785495470.847778082,1789399710.587380,0.099532,0.9583044586963877,-1.3706569349591289,0.12701440804439934,-0.026751719328195166,0.005480048027806859,0.10672168434595079,0.9939138778973556
1785495470.948005915,1789399710.746179,0.100228,0.9614214680276355,-1.3680483573392042,0.12629102576852136,-0.027901611815333124,0.006815718076397731,0.11961952704803078,0.9924042597621255
1785495471.048408985,1789399711.229603,0.100403,0.9672163731383087,-1.3630048199169025,0.12626708233857736,-0.02909973281232018,0.008724917964819775,0.1339253387809322,0.9905256609443129
1785495471.148669958,1789399711.279244,0.100261,0.9589998725716563,-1.35797899693111,0.1300761716851751,-0.032724881930087386,0.009021720184609238,0.14461719795953715,0.988905231415984
1785495471.248130083,1789399711.330445,0.099460,0.9841274221498229,-1.394050285315341,0.13482203609348836,-0.030699397144467136,0.012115447055463349,0.1553196353118184,0.9873128044567294
1785495471.347644091,1789399711.417001,0.099514,0.9661712192123126,-1.3885665988590972,0.13743284200270928,-0.03552799140034621,0.011260335328132236,0.16681988121024233,0.9852827482039613
1785495471.447999001,1789399711.493113,0.100355,0.9643938636126999,-1.388966488493545,0.1403606134993895,-0.039530199486841805,0.010474420149959836,0.18163394597573657,0.9825155263507697
1785495471.548226118,1789399711.539113,0.100227,0.976917199546706,-1.3773760044301402,0.1267934513428223,-0.037472905638363196,0.011251078747088476,0.19715884470857634,0.979590518800186
1785495471.648561001,1789399711.608710,0.100335,0.9678931699369114,-1.3355064179028715,0.1245473163412675,-0.04379516123136851,0.011134347898026607,0.21313837568414862,0.9759764561506177
1785495471.748869896,1789399711.656529,0.100309,0.9807376549774214,-1.328663414042208,0.12499762836558861,-0.04353290310344648,0.011148397648790042,0.2283465318688562,0.972542266927616
1785495471.848124027,1789399711.705731,0.099254,0.9913385228035598,-1.3269133745103718,0.12183463372501002,-0.03838604637539577,0.01696936618798995,0.24342661271185465,0.9690108545720557
1785495471.948344946,1789399711.728360,0.100221,1.0143256769172004,-1.3036792687130976,0.12276995854823888,-0.03983239258516735,0.020866856412121906,0.25950242473624474,0.9646950017287403
1785495472.048638105,1789399711.783425,0.100293,1.0106339831142732,-1.3125792220252717,0.12317166801409718,-0.041275314224385046,0.0169041028379158,0.2746056644440786,0.9605219043822665
1785495472.148000956,1789399711.876831,0.099363,1.0074447459240627,-1.305923683856515,0.12376696258233905,-0.04441736478318565,0.01521829018315378,0.29009777094257005,0.9558445399978783
1785495472.248308897,1789399711.993321,0.100308,1.016342415094087,-1.3198479938904883,0.12382408089059485,-0.0435521603472807,0.016340025401338443,0.30539725995228617,0.9510881801981282
1785495472.347426891,1789399712.104581,0.099118,1.0356955929156482,-1.2968549608300153,0.122824265355919,-0.04261202847638984,0.02176805571534373,0.32145048638120094,0.9457166338733668
1785495472.447791100,1789399712.207508,0.100364,1.0462790738120433,-1.292687016968594,0.11917540227021989,-0.039824756580131196,0.025342841194145364,0.3380112721498319,0.9399575038602401
1785495472.548084974,1789399712.277072,0.100294,1.0512436823636386,-1.2901623000692757,0.11891569716824071,-0.03764949122900761,0.025713439297221582,0.35282032465174173,0.9345796666749829
1785495472.648283005,1789399712.445692,0.100198,1.0913422534760269,-1.2963632150025772,0.11290645625885665,-0.03341311398054998,0.02580598086012794,0.3693956594745335,0.9283126962006496
1785495472.748641968,1789399712.911432,0.100359,1.0866216242878974,-1.3074987542924252,0.11644611462052828,-0.031475515558915236,0.023219672410890027,0.3896861998145617,0.9201167341199104
1785495472.848064899,1789399712.997645,0.099423,1.0715551983210763,-1.3061174638450432,0.11253628612679123,-0.03248836522034355,0.01991416568650313,0.4077416551248912,0.9123018550930962
1785495472.948587894,1789399713.063584,0.100523,1.0594247032688335,-1.2772395212796541,0.11196755077786907,-0.0352757279514676,0.019417315340581845,0.42359970101620514,0.9049540784931621
1785495473.047930956,1789399713.111215,0.099343,1.0794125512473636,-1.2995631345867977,0.110048768580885,-0.033046552171713386,0.02104645429721244,0.43947426993648164,0.8974003221610958
1785495473.148372889,1789399713.129061,0.100442,1.0673799545671827,-1.2838480814882391,0.11206558422375715,-0.0345855210624491,0.018822755722005098,0.4561748889082337,0.8890185691701783
1785495473.247736931,1789399713.195695,0.099364,1.0558031249975963,-1.2834428243801066,0.11259113265120649,-0.03392808468196793,0.017815604179615297,0.47250164478791945,0.8804962719910849
1785495473.347940922,1789399713.222653,0.100204,1.0777990843583973,-1.279604266593828,0.11164793763972936,-0.03187720872421665,0.01961471425068426,0.4891644956764038,0.8713880896124431
1785495473.448338985,1789399713.272714,0.100398,1.074056257297639,-1.2887998847098474,0.11017450938431766,-0.03175618205698552,0.01914570674927424,0.49995001757014884,0.8652600572924867
1785495473.547705889,1789399713.305192,0.099367,1.077082194614336,-1.293463329721578,0.11409428143411929,-0.032386576442512104,0.020124451847220354,0.5004171931305821,0.864944361750192
1785495473.648052931,1789399713.374741,0.100347,1.0834322053701326,-1.2883626169142035,0.11254239738985608,-0.03242129781395857,0.021343907339352132,0.4983670184723845,0.8660967682461638
1785495473.748156071,1789399713.480433,0.100103,1.104356445907675,-1.307102917915904,0.11375434518205593,-0.03079102214861126,0.022210260633732104,0.49318806407508065,0.8690938676181392
1785495473.848465919,1789399713.589713,0.100310,1.1051875954271844,-1.328339416110982,0.11617982525752807,-0.02916830801848832,0.02188284485251592,0.48390299469426834,0.8743616200602448
1785495473.947686911,1789399713.669291,0.099221,1.1108432208458505,-1.340969832442952,0.11811395823926821,-0.027716679591831342,0.021827124645102326,0.47215780903690924,0.8808077915570207
1785495474.047928095,1789399713.817506,0.100241,1.1109706762659726,-1.3395305848633001,0.11736563478325199,-0.028532005552814182,0.021879469976125398,0.45929947814954375,0.8875534929367448
1785495474.148108959,1789399713.944301,0.100181,1.117570701982065,-1.335707740656859,0.11761519160928066,-0.03034279147806905,0.021789920751801323,0.44761087748948325,0.89344782540001
1785495474.248466969,1789399714.206608,0.100358,1.1188434167912882,-1.3229213223038192,0.12045036222877742,-0.03187613492091505,0.02070149092762421,0.43513134730174224,0.8995643784027983
1785495474.347729921,1789399714.243832,0.099263,1.131504834131383,-1.3173943905945373,0.12063571565748468,-0.0316713652277426,0.021351389912080583,0.4240512218525562,0.9048323623847426
1785495474.448065042,1789399714.305672,0.100335,1.1529681310544995,-1.3071478603512774,0.11955629616834673,-0.03179922254150416,0.021785530406166296,0.41394678434394366,0.9094846122073506
1785495474.548357010,1789399714.380270,0.100292,1.150164687067984,-1.326437206021511,0.11705240724688953,-0.027928027022853207,0.018758764017757393,0.4033015837984492,0.9144484493861692
1785495474.647702932,1789399714.453874,0.099346,1.1439421622165833,-1.3439903660988697,0.12009832294255315,-0.026952829289442974,0.0168183295700422,0.39255820940529396,0.9191782966390409
1785495474.748169899,1789399714.491924,0.100467,1.112100489054356,-1.323779079321658,0.11740100533433792,-0.029280174974214646,0.014304709489769252,0.38128092935762425,0.9238846787061962
1785495474.848597050,1789399714.570639,0.100427,1.0953745381242084,-1.3261689939648187,0.11787218962507448,-0.0327671816170449,0.012883598281183259,0.36739647565341416,0.9293977374523941
1785495474.948113918,1789399714.674024,0.099517,1.079729144185481,-1.3352379972375619,0.11989688937033341,-0.032996759560033714,0.010661880307684547,0.353271291052034,0.9348780311277227
1785495475.047426939,1789399714.822546,0.099313,1.0890762685744306,-1.3562459143129493,0.12096393373656952,-0.03189214790441385,0.011500099080388218,0.3398317034621352,0.9398750193218168
1785495475.147552013,1789399714.885460,0.100125,1.0932806690802013,-1.362004978087622,0.12399373186897211,-0.03301366233695072,0.010440431422791567,0.3251507110857928,0.9450281004135226
1785495475.247946024,1789399714.978453,0.100394,1.1031535408313922,-1.3762682049646504,0.12601104246056585,-0.033216806108239585,0.010575196528781621,0.30982985343341096,0.9501527618924012
1785495475.348134995,1789399715.081907,0.100189,1.111862934081601,-1.3634940715206942,0.12409578612968891,-0.03600412454729728,0.010193242816944448,0.2959534272762745,0.9544691559709343
1785495475.448260069,1789399715.180240,0.100125,1.116951707289496,-1.3736260128693063,0.12266495636399075,-0.03622069668637794,0.009534826589928146,0.2815782013901983,0.9588070007646476
1785495475.547274113,1789399715.310166,0.099014,1.1231305817537707,-1.3958245356935137,0.12484089872716528,-0.034819027968081326,0.009346143665762141,0.2674861966910816,0.9628870232117905
1785495475.647349119,1789399715.403529,0.100075,1.1446627768110118,-1.398663653653962,0.1265118983384298,-0.03413288962473312,0.012384810124941586,0.2544945200881059,0.9663923124534607
1785495475.747637033,1789399715.511771,0.100288,1.149212926518884,-1.398848142890449,0.12328436359274186,-0.03419121208324152,0.011400730877993549,0.24159632051409866,0.9697072765869935
1785495475.847945929,1789399715.642054,0.100309,1.1589506815972335,-1.4372180656306754,0.1233552323712547,-0.030473941172343234,0.010401025557536334,0.22936375438530363,0.9728080107354401
1785495475.948328972,1789399715.902421,0.100383,1.1653686478253966,-1.4373002573707985,0.12278902324114885,-0.03224237978411323,0.009914760272026663,0.21317714817888006,0.9764310676995669
1785495476.047411919,1789399715.928859,0.099083,1.1534191117630248,-1.4325634827104365,0.12248725587727902,-0.03394327188255771,0.008226105325108462,0.1992978941313261,0.9793163609783603
1785495476.147669077,1789399716.013541,0.100257,1.1504270126355767,-1.423861542969315,0.12668108018534432,-0.03648654228919498,0.00694194444983217,0.1853342009569656,0.9819734088022295
1785495476.247942924,1789399716.086943,0.100274,1.1339677902605372,-1.4492627326175611,0.12353311714871168,-0.034176176685264355,0.005176192733088042,0.1746761328058157,0.9840190265457098
1785495476.348170042,1789399716.165127,0.100227,1.1482589034073476,-1.4417269717387706,0.12380743637727157,-0.03665927960217334,0.005914661563527653,0.16170093074465444,0.9861409245102577
1785495476.447556019,1789399716.225028,0.099386,1.1313759261937204,-1.4466310287538133,0.1262475848924048,-0.036647991232639995,0.0035904680254964625,0.14997537300773986,0.9880037554428399
1785495476.547880888,1789399716.296428,0.100325,1.1340859410796191,-1.444189888660027,0.12897267362702056,-0.038309186067283715,0.0020007177825117624,0.14001322844751987,0.9894062357044833
1785495476.647962093,1789399716.362810,0.100081,1.1334844263492505,-1.4478283605947524,0.13111659424104138,-0.04106086835990221,0.0024774702571792435,0.13458140340467878,0.9900483387634559
1785495476.747208118,1789399716.485554,0.099246,1.1434035096140092,-1.4631753264049168,0.13586723988702787,-0.0430178189598741,0.0017243457255175698,0.13254988078573107,0.990240891393321
1785495476.847533941,1789399716.574652,0.100326,1.163451789548563,-1.4766809030321155,0.13427174896710609,-0.041968838705940585,0.005060312287300105,0.13506457081686,0.9899346299262811
1785495476.947729111,1789399716.670816,0.100195,1.1759719496391736,-1.5116824068846408,0.14030953150600328,-0.041118283011471926,0.006162058603653271,0.13854223978707572,0.9894833821902872
1785495477.047895908,1789399716.804854,0.100167,1.1892675903116032,-1.5273123363770227,0.1378615738675265,-0.040204221533136186,0.006966987335543428,0.1463503044716846,0.988390949998745
1785495477.148106098,1789399716.914516,0.100210,1.177574255578038,-1.5520111059172474,0.14340184986093418,-0.04150930600707204,0.006953208377397838,0.15306392200721256,0.98731963729475
1785495477.247340918,1789399717.022444,0.099235,1.208280784522174,-1.5533020547921135,0.14322858151643353,-0.04272980969993954,0.009126660096373595,0.16298709968013605,0.9856602217683049
1785495477.347548008,1789399717.133745,0.100207,1.2328988445080702,-1.5746879792971664,0.1454597789091971,-0.03935387153523876,0.009299193660038084,0.17611415873414096,0.9835388151394028
1785495477.447654009,1789399717.326154,0.100106,1.2391568679148453,-1.579826325777925,0.14882837303457425,-0.04220510342312839,0.008813322270494625,0.1837022250225345,0.982035919463928
1785495477.548239946,1789399717.391568,0.100586,1.2486467864674127,-1.6088994594991801,0.1502556655973452,-0.041744149062506425,0.009027011573996322,0.19232881626524148,0.9804007168067013
1785495477.647562981,1789399717.437531,0.099323,1.2612072751004026,-1.6080274437260742,0.1512593906905908,-0.04254009568691005,0.010363926177767463,0.20319219956138584,0.9781594242916274
1785495477.747836113,1789399717.509242,0.100273,1.2696420295169104,-1.6228318778930682,0.15205401828429965,-0.040940786003943144,0.011188514743689886,0.21388222350674557,0.9759370182788492
1785495477.848124981,1789399717.618567,0.100289,1.3001486209932394,-1.6435417722205135,0.15169670500666216,-0.03762329843226444,0.014078273914116271,0.22672143114029913,0.9731308659580993
1785495477.948431969,1789399717.684371,0.100307,1.2946500137797594,-1.6721850864487098,0.15235259735543036,-0.03637457196691039,0.012081332290908136,0.23892943597085844,0.9702801948668934
1785495478.047707081,1789399717.768095,0.099275,1.3273465639845836,-1.6686822495848452,0.14901970051623617,-0.035791119877240284,0.014605466305246801,0.24790064609709503,0.9680139181626314
1785495478.147897005,1789399717.885657,0.100190,1.331789885887986,-1.6905893746010616,0.1534590467905791,-0.03686348415684197,0.014182496802606965,0.2568706883136348,0.9656383328169653
1785495478.247282028,1789399717.970434,0.099385,1.3532763365050793,-1.7044807675295037,0.1514577123876107,-0.039075096845745116,0.01626278258185725,0.26816063675643526,0.9624440407647393
1785495478.347620964,1789399718.124920,0.100339,1.3624469594579327,-1.701819178061015,0.14808714794043168,-0.03933594615053511,0.019331865305608802,0.2813170133148406,0.9586134259146643
1785495478.447861910,1789399718.176100,0.100241,1.3884072200503046,-1.7516336165743236,0.1468827239839618,-0.03327011405597109,0.020265711469415054,0.2946186590555925,0.9548205308777185
1785495478.548101902,1789399718.278534,0.100240,1.3860225283188903,-1.752167758693659,0.1487811038229072,-0.033991075205946276,0.020218759818271894,0.30478916446343124,0.9515983258620305
1785495478.648283958,1789399718.417409,0.100182,1.3915171680174834,-1.7919996272972731,0.15579179933756854,-0.03461697641980146,0.01808462353313437,0.30799490391722223,0.9505860037346529
1785495478.747646093,1789399718.532636,0.099362,1.4279455415190534,-1.7916510955461011,0.1559056394141155,-0.03567413055863126,0.02012055281793819,0.3080896354580497,0.9504753001980077
1785495478.848027945,1789399718.652209,0.100382,1.4445464616224375,-1.8109895344755373,0.15468146242972453,-0.030907372622572267,0.02039095203197715,0.3044759932121309,0.9518000383222658
1785495478.948339939,1789399718.823386,0.100312,1.4550789847855223,-1.8376460510530035,0.15773967508149167,-0.02505886436282513,0.02073897254063041,0.29899996677806256,0.9536985730310725
1785495479.047823906,1789399718.872079,0.099484,1.445152268455591,-1.850237683705757,0.16374550850787206,-0.02430364741932001,0.020320623680140922,0.29345264207250904,0.9554485605389826
1785495479.148121119,1789399718.923177,0.100297,1.4615630945711793,-1.8710882109053044,0.1649075295542167,-0.024470677444667,0.022319676950243197,0.28694490514415405,0.9573743465217937
1785495479.247387886,1789399718.996186,0.099267,1.4914768664691238,-1.9020151630520032,0.16475231641336074,-0.020050087618974817,0.02519999741997879,0.2791215662134475,0.9597156377756073
1785495479.347851038,1789399719.075337,0.100463,1.485478119344674,-1.9317985170406333,0.1649683492541644,-0.020496259032659902,0.024189120583072064,0.27162680923815335,0.9618802764971162
1785495479.448020935,1789399719.175810,0.100170,1.5014956748808048,-1.9372576856824675,0.1642039675283539,-0.020987583530627636,0.026967319938151213,0.26458232395268555,0.9637574792678292
1785495479.548336029,1789399719.266304,0.100315,1.5213076023228367,-1.9702840630690404,0.17172756246959514,-0.020329362080776157,0.02959982059328551,0.25743129499897316,0.9656291710658764
1785495479.647612095,1789399719.382412,0.099276,1.512886681083099,-1.9932847282479897,0.1717088446229212,-0.019047948911646906,0.028182832934772466,0.253239206326244,0.9668054654113569
1785495479.747927904,1789399719.519013,0.100316,1.5427639924396772,-2.047670931490763,0.1724695442048751,-0.015653810324811817,0.029748875778686682,0.2511666041883537,0.9673599637946035
1785495479.847356081,1789399719.586717,0.099428,1.5725671158959473,-2.041394396539568,0.17266518916729312,-0.0170500915741963,0.03256712035609805,0.2507804192661583,0.9673457801436358
1785495479.947846889,1789399719.692711,0.100491,1.5873719039677587,-2.053338017128853,0.17238293813347355,-0.014647339661199448,0.0342693105390827,0.24896374590001222,0.9677954964885125
1785495480.048100948,1789399719.769750,0.100254,1.6197704824154755,-2.0792094661920237,0.17082213731795187,-0.013932703390766363,0.034694519000483565,0.25045367129890356,0.9674063927122032
1785495480.147486925,1789399719.928298,0.099386,1.6341162893323915,-2.1047043429946153,0.170373068695502,-0.01048088949818284,0.03159123358365667,0.25453497205927866,0.9664906067390197
1785495480.247875929,1789399720.211392,0.100389,1.63597672619568,-2.139671767775026,0.17078745637888662,-0.0061196987883964165,0.026861933088956697,0.2575579241205767,0.9658700231191302
1785495480.347346067,1789399720.255286,0.099470,1.6527443289421326,-2.185538091839014,0.17428349170804946,-0.0054117903072370055,0.025801303099672313,0.25974536829488787,0.9653172270986198
1785495480.447696924,1789399720.306428,0.100351,1.642911590174113,-2.187406957598249,0.1728781889291045,-0.009964990521131535,0.023698881860185744,0.2642274949549966,0.964117675842676
1785495480.547919035,1789399720.382165,0.100222,1.6414246993191266,-2.1848633400042745,0.1726440904943543,-0.010681136406242478,0.024410581266593085,0.26854644094105856,0.9628981492895153
1785495480.648037910,1789399720.456275,0.100119,1.6622590268770074,-2.215102839496228,0.17137102132895626,-0.00591400148185654,0.027149800617602717,0.26781538636035784,0.9630694843787411
1785495480.748460054,1789399720.541190,0.100422,1.6742913645072726,-2.241431265653581,0.1702639866405199,-0.004875829896807558,0.027255435776191467,0.26793626257171027,0.963038694291437
1785495480.847726107,1789399720.687420,0.099266,1.650104765328256,-2.22442276637107,0.179548636107067,-0.009071372917330062,0.026666673581433504,0.27295043115587786,0.9616156513104913
1785495480.947945118,1789399720.703131,0.100219,1.664209920517191,-2.2028842527372876,0.17963270686568442,-0.010033753094512864,0.028377318227921985,0.2819851600636531,0.9589465162942552
1785495481.047435999,1789399720.772813,0.099491,1.6728006540300049,-2.2167328016199335,0.17746673933530283,-0.0072010588590786665,0.028499747734286592,0.2956388677273022,0.9548474061436676
1785495481.147726059,1789399720.890249,0.100290,1.6869672096845398,-2.208736862127716,0.18274411110998276,-0.007539598822807901,0.03249567114980663,0.30994405751818166,0.9501693885909291
1785495481.248039961,1789399720.989121,0.100314,1.69307909961574,-2.190106500057259,0.18130036169151287,-0.009428749256617162,0.03379685211228592,0.3213448835642749,0.9463119661516474
1785495481.348354101,1789399721.091413,0.100314,1.6806793990064415,-2.176593576649015,0.17946752000633828,-0.008812669652387159,0.03358051019283029,0.3335852119767695,0.9420804596950182
1785495481.447685957,1789399721.199397,0.099332,1.684621879535949,-2.1843579888517284,0.17587635141052754,-0.0064462851349962125,0.03547134899552063,0.344153898202967,0.9382208285686652
1785495481.547856092,1789399721.335716,0.100170,1.69445342306158,-2.1655066214386944,0.1708637590436902,-0.008812096248525513,0.03672353977096255,0.35517774155562476,0.9340355991555225
1785495481.648076057,1789399721.709421,0.100220,1.687981279255222,-2.1629641909466075,0.17417757776096637,-0.009660971964394967,0.0366265873656333,0.3659238338684776,0.9298735970687719
1785495481.747498035,1789399721.761098,0.099422,1.706400511286657,-2.1373134932824276,0.18046064755078634,-0.011139482144160402,0.04001234279739219,0.37560674652081927,0.9258479877007018
1785495481.847949028,1789399721.851657,0.100451,1.709758164264128,-2.139351010343772,0.17351308885961347,-0.009206034071739633,0.04088773729991368,0.3849668159501887,0.9219783036993361
1785495481.947264910,1789399721.904078,0.099316,1.721898537826447,-2.162438385611753,0.17256408539904505,-0.007035747676232141,0.0407852310743008,0.39290700170014575,0.9186463689558791
1785495482.047560930,1789399721.987560,0.100296,1.7265291956811888,-2.1590368194872647,0.17287098866426653,-0.008224932092087292,0.04123440490368882,0.400415787454764,0.915368380217094
1785495482.147675037,1789399722.037802,0.100114,1.72158459302426,-2.1594546699597856,0.17404441483203786,-0.008976942038481215,0.04176146901758685,0.408100854446341,0.9119369971753871
1785495482.247946978,1789399722.111316,0.100272,1.7155085226833153,-2.1333412550634123,0.1706116023564066,-0.007824280186563526,0.04245932894989607,0.41638589746369875,0.9081623040062825
1785495482.348192930,1789399722.153276,0.100246,1.7061200041920088,-2.1345755236171065,0.1726637511570654,-0.008794177475586987,0.0424850806247219,0.4230736391535608,0.905056007228372
1785495482.447423935,1789399722.196297,0.099231,1.7212133764475332,-2.1403869377132283,0.1720011326235695,-0.00811996240418175,0.044380153187399206,0.42985293828602034,0.9017709906957824
1785495482.547549009,1789399722.268334,0.100125,1.714938671562466,-2.1312195118767363,0.1704658325220079,-0.009600971169062888,0.04461573072945729,0.4373679626744436,0.8981238907578692
1785495482.647778988,1789399722.386958,0.100230,1.7417778765848786,-2.1283114121689266,0.17312162659255936,-0.008372024893419674,0.047067245752497516,0.4457979729072988,0.8938561131010734
1785495482.747976065,1789399722.483862,0.100197,1.7320109661902194,-2.1403677976782762,0.1755096173843768,-0.008579415157667155,0.04517472097341384,0.4555065607065845,0.8890440997913104
1785495482.847115993,1789399722.578113,0.099140,1.7581354651316823,-2.1310961140479137,0.17802480207576202,-0.01068804343767542,0.04785243638807754,0.4646082158483067,0.8841578568476374
1785495482.947388887,1789399722.678664,0.100273,1.7541887030661878,-2.1456889769751535,0.17982688708220954,-0.010742945784734451,0.04696049821499738,0.4687996937706049,0.8819898796719873
1785495483.047607899,1789399722.792448,0.100219,1.7526635067048904,-2.143336847042034,0.17938062017213652,-0.01480882040945687,0.04626026345246898,0.4755905513311744,0.8783247203328909
1785495483.146910906,1789399722.945783,0.099303,1.768222079953043,-2.1270953544911975,0.18638009404805958,-0.018846247273941286,0.04753949590391658,0.48511118549519794,0.8729558711643367
1785495483.247021914,1789399723.322763,0.100111,1.7927426483386906,-2.120648880317742,0.18788129292416578,-0.020814068469105943,0.04852578507109205,0.4999627010550394,0.8644358393141135
1785495483.347089052,1789399723.367479,0.100067,1.8142482014357075,-2.112243595600174,0.18179833292125086,-0.018461226867360646,0.052702757985601895,0.5178528947400276,0.8536451146773951
1785495483.447441101,1789399723.419998,0.100352,1.8445058305205295,-2.1370522140961703,0.17581594899452857,-0.010891624164248787,0.056850431060299016,0.5342985547852328,0.8433116003979068
1785495483.546875954,1789399723.497952,0.099435,1.8530015859767397,-2.1257972016993127,0.17614938145476033,-0.011660371069170542,0.0552138826427774,0.5490634794037087,0.8338733467949881
1785495483.647058964,1789399723.570133,0.100183,1.854014934311282,-2.161804267106737,0.1808686006551029,-0.012078958840046942,0.05210886900733756,0.5543467173982526,0.830565157849666
1785495483.747360945,1789399723.628497,0.100302,1.8523531439681196,-2.1410413547777902,0.18017490387124063,-0.01660766848022906,0.05301863799546689,0.5542426097393715,0.8304988494404971
1785495483.847620964,1789399723.788575,0.100260,1.8217196043306507,-2.1663691856424094,0.18031990053049918,-0.0272932377497174,0.04154969133646648,0.5527251386680057,0.8318795726590225
1785495483.947968960,1789399723.808264,0.100348,1.8551024337743725,-2.1659114620345234,0.18116155219013352,-0.03003090672803672,0.04001793549577269,0.5486189915490673,0.8345740899353244
1785495484.047234058,1789399723.833503,0.099265,1.8739372398493026,-2.1778401433403607,0.18508194432842595,-0.029770800641747915,0.04337291172857079,0.5422386677485858,0.8385760055925264
1785495484.147334099,1789399723.904175,0.100100,1.8695646260599685,-2.1723496825088486,0.18492373091483144,-0.03276134540951884,0.04479927239714727,0.5321851554691385,0.844806889021318
1785495484.247586012,1789399723.978447,0.100252,1.8939866212272953,-2.1685309193623836,0.18101247094870793,-0.03426490161588972,0.045749486344655255,0.5249007976199519,0.8492420465770267
1785495484.347994089,1789399724.088977,0.100408,1.9063039736342464,-2.193330256005323,0.18227141250425943,-0.037493535247897704,0.04287368562677084,0.5127408052484813,0.8566521747643421
1785495484.447534084,1789399724.188739,0.099540,1.9178812134531555,-2.195214960065242,0.1840128623365802,-0.04046632574461368,0.043055593379119225,0.5011651024953949,0.8633320522256955
1785495484.547190905,1789399724.353229,0.099657,1.920746082351236,-2.20940340240617,0.18741630678685897,-0.04356502907888581,0.04206023407766607,0.4870925509556868,0.8712484558116126
1785495484.647402048,1789399724.829829,0.100211,1.9220328475190254,-2.2175586242707985,0.1900542916168091,-0.04622895178808669,0.04106292568170019,0.4743807132668665,0.8781455796343821
1785495484.746738911,1789399724.879122,0.099337,1.920517278433239,-2.2135794194926137,0.18701735073027986,-0.048001565627620334,0.0433428293493364,0.4623904714401681,0.8843145937745144
1785495484.847093105,1789399725.004808,0.100354,1.9416084400463096,-2.2059508256038347,0.19026188277901476,-0.05018802581865293,0.046172481388077204,0.4496438113015464,0.8906007562230501
1785495484.947556973,1789399725.079433,0.100464,1.9713901040567288,-2.2336510507789904,0.19038732023869687,-0.04977572134668607,0.049587406219795585,0.4359939185794173,0.8972027472486541
1785495485.047930002,1789399725.127491,0.100373,2.0015981074876015,-2.2395221331519104,0.18802422670603194,-0.05006831075220718,0.05496735377788334,0.42384897395827165,0.9026759116934258
1785495485.147319078,1789399725.204763,0.099389,2.0224731673083047,-2.2484309799703017,0.1920144374125219,-0.05228505591766597,0.053912877644482715,0.4146743942606384,0.9068653821247734
1785495485.247659922,1789399725.277813,0.100341,2.009522505975863,-2.2573931079090195,0.18983068748798176,-0.05586892927879234,0.05521778024591069,0.4029505342301243,0.9118445736251192
1785495485.347877026,1789399725.320923,0.100217,2.040463604351918,-2.278859972089899,0.18866669926878635,-0.05210262559889216,0.0612241646366072,0.39332804720543046,0.9158766103312049
1785495485.447113991,1789399725.354783,0.099237,2.0671419533653337,-2.290448118773666,0.19405108985097025,-0.050083990462359756,0.06502659679604754,0.3825032216534716,0.9203012664520087
1785495485.547499895,1789399725.387199,0.100386,2.083828267218516,-2.2986860932620936,0.19113947475564252,-0.05352867358796635,0.06417075582807137,0.37005998366249887,0.9252418082274738
1785495485.646874905,1789399725.405772,0.099375,2.12679895669006,-2.303716481201636,0.1901724747475429,-0.05286665273477919,0.060983811655513656,0.3616406689346507,0.9288175915200209
1785495485.747169971,1789399725.468895,0.100295,2.1369628497692092,-2.3427306945589863,0.18628982855990234,-0.04591240662970883,0.0563409915712082,0.35109624125879935,0.9335144203279107
1785495485.847357035,1789399725.570368,0.100187,2.169935634192949,-2.392386204785765,0.18632895877201658,-0.035686924220914365,0.0553002598174321,0.3397084942278235,0.9382251668193583
1785495485.947535038,1789399725.673351,0.100178,2.1409294185506575,-2.420993179912367,0.19865729470861326,-0.03854342325163179,0.04736165956856073,0.3274876830707653,0.9428802125211209
1785495486.047722101,1789399725.836007,0.100187,2.1596395191525675,-2.4325872034064058,0.20156308346986085,-0.04706367364729648,0.044614546216558915,0.31749211244767517,0.9460408613914095
1785495486.148092031,1789399725.931815,0.100370,2.1609112731349436,-2.4309525778153205,0.19862308049436325,-0.05154217515029451,0.040072256319738105,0.31103284473792836,0.9481540950438543
1785495486.247229099,1789399726.049228,0.099137,2.1424736953996946,-2.4978020177782434,0.20371733781680276,-0.04660833566259135,0.03546954504620676,0.30485879206784283,0.9505949144193293
1785495486.347424030,1789399726.219820,0.100195,2.1749722318824207,-2.4951955217413664,0.21071264596908051,-0.04707467108918084,0.03438475560971253,0.3021158692890603,0.9514870810721497
1785495486.447639942,1789399726.257794,0.100216,2.1912755170635445,-2.5065353376148667,0.21333869953817036,-0.0476609174941241,0.033703289304009565,0.29366919602097363,0.954123120221957
1785495486.548049927,1789399726.310988,0.100410,2.2256933439670035,-2.5230221596166125,0.21408773155450478,-0.04418354634024827,0.04190339404760521,0.27759045154764317,0.9587676783296605
1785495486.647336006,1789399726.408238,0.099286,2.257659317210263,-2.5521272035245106,0.2070195953562401,-0.03954308502559417,0.056998472959759516,0.2635285946699387,0.9621539369031258
1785495486.746684074,1789399726.501670,0.099348,2.2950682772517985,-2.5750007653831535,0.20295129937395096,-0.034965720268669204,0.0649127649485632,0.26142494473321,0.9624036209533123
1785495486.846990108,1789399726.608546,0.100306,2.280323664314938,-2.6057256062630905,0.20697940208324614,-0.034253333275829766,0.05879870453253995,0.26597354243418997,0.9615755280942734
1785495486.947124958,1789399726.700981,0.100135,2.2785347647371026,-2.595865563197901,0.21173074020349347,-0.04283730899289489,0.05292914443669374,0.27210928032043524,0.9598541608968122
1785495487.047481060,1789399726.779658,0.100356,2.2940999199800207,-2.590915470281675,0.2226041604118455,-0.05523870282669303,0.049251224109790666,0.27589298140979024,0.9583350486351364
1785495487.148211956,1789399726.890041,0.100731,2.337567182848639,-2.599614481613476,0.22137016384868813,-0.060766701272297385,0.05291125680934608,0.2768071138216645,0.9575414500986572
1785495487.247342110,1789399726.989650,0.099130,2.3708674830690226,-2.653785154215111,0.22176461511167295,-0.04950761873503989,0.050626304823845794,0.27349920545153295,0.9592622986255794
1785495487.347564936,1789399727.120721,0.100223,2.3619118487331616,-2.6801946885273025,0.224620490477348,-0.04453902172192748,0.03713264323555754,0.27550535568486556,0.9595489780825841
1785495487.447875023,1789399727.236168,0.100310,2.353137533890701,-2.684056930451815,0.2258227658655758,-0.05155527385106394,0.028812214211194637,0.27834538866357145,0.9586635252580001
1785495487.547728062,1789399727.305904,0.099853,2.355886188365765,-2.6904482205490243,0.2300540928311398,-0.05385524964355275,0.029075258008437986,0.2786458797379244,0.9584418162635813
1785495487.648047924,1789399727.454275,0.100320,2.366597011973487,-2.715208070410184,0.23189008908827083,-0.051171777625331615,0.02824119807473043,0.2801598367247567,0.9581724008717355
1785495487.747298956,1789399727.829159,0.099251,2.3758315381964814,-2.7386208962312844,0.23213809404938257,-0.04505513331788628,0.02903471041159114,0.28232948276567715,0.9578189201066496
1785495487.846704006,1789399727.917719,0.099405,2.387063397588046,-2.763941786022758,0.23122668611425695,-0.040827458348231496,0.027672218397825764,0.2867946871600181,0.9567215762125019
1785495487.946829081,1789399727.978954,0.100125,2.4051003348524502,-2.792526268842711,0.23449183435431,-0.034777695496919545,0.02698967860906203,0.2919567682345908,0.9554178743494891
1785495488.047096014,1789399728.032233,0.100267,2.4186009157672403,-2.823240389419736,0.23928042178537046,-0.03186696413188183,0.02471487994897415,0.29808057206863003,0.9536884417152922
1785495488.147275925,1789399728.105539,0.100180,2.456015116651315,-2.839201948861837,0.24366675105254645,-0.03433217995075122,0.02572217172570549,0.30189315592425914,0.952376077874498
1785495488.247522116,1789399728.279064,0.100246,2.487023584114668,-2.8745947336934856,0.24086894258854605,-0.041612668459241255,0.03052949167400143,0.30389415308194934,0.9513068273088396
1785495488.346822977,1789399728.310244,0.099301,2.48978091525688,-2.8673497744753544,0.24557857332212632,-0.05491305701536037,0.030797952661032156,0.30939849489129356,0.9488459377792029
1785495488.447052956,1789399728.327207,0.100230,2.4882195674085295,-2.8691562380032494,0.24374437797267043,-0.06313365111382739,0.029288227404248048,0.31548106415136346,0.9463762676623146
1785495488.547355890,1789399728.369795,0.100303,2.510718043185046,-2.883209449400384,0.24777684594813257,-0.06397186675497413,0.026682261537507735,0.32168281611071514,0.9443070597015475
1785495488.647566080,1789399728.395961,0.100210,2.523348745666704,-2.922568975083648,0.25326881070062107,-0.05889988076839603,0.018373238970922873,0.3295669570005382,0.9421140318393336
1785495488.747879982,1789399728.474425,0.100314,2.524569575475382,-2.9529757293431964,0.2582339892878033,-0.06332422016323788,0.011355889447831193,0.3334064885014692,0.9405855624772574
1785495488.847287893,1789399728.591263,0.099408,2.5439848746117364,-2.9609751426121895,0.26082098027166145,-0.07236498900984958,0.010366519451375077,0.3343077770133207,0.939624474919876
1785495488.947622061,1789399728.759594,0.100334,2.5675672304005515,-2.962109274788453,0.25877722611904963,-0.07947347349450504,0.010408427244025768,0.3383242106711921,0.9376099189570842
1785495489.047029018,1789399729.219243,0.099407,2.550888488520428,-2.989383878221567,0.2605905988910337,-0.07510222795098467,0.006836999734303604,0.34068553839322485,0.9371479470825943
1785495489.147283077,1789399729.272312,0.100254,2.5931338984138166,-3.0445965861815547,0.2629427339774165,-0.06355331497582732,0.010401982404642827,0.342472338567117,0.9373182342374323
1785495489.247383118,1789399729.321819,0.100100,2.630531200307362,-3.0439776898493993,0.26918502456925064,-0.06597067514224887,0.015182196857417353,0.3455420358390476,0.9359583710764254
1785495489.347821951,1789399729.397465,0.100439,2.6396025964049716,-3.0879350068947686,0.2703792728681927,-0.0667827474492188,0.016538039253368216,0.3504234712632562,0.9340609983767483
1785495489.447304010,1789399729.469149,0.099482,2.659473967447815,-3.107917523630683,0.2734972513722852,-0.06695797062351168,0.019632466909567707,0.35458579282233565,0.9324162761028738
1785495489.547470093,1789399729.541610,0.100166,2.6718362033655723,-3.1289064755074283,0.2662183643770228,-0.05974383941971681,0.018174831247905462,0.3569000593339881,0.9320529474272724
1785495489.647710085,1789399729.593287,0.100240,2.684014987764457,-3.152675972993051,0.2675900886570643,-0.05317313590709252,0.01985036366647308,0.3599830627882246,0.9312307851363658
1785495489.747905016,1789399729.626142,0.100195,2.718453972654272,-3.182173259947579,0.2686336263824121,-0.044739467609103134,0.025330418213526492,0.36202046595367676,0.9307512729950107
1785495489.847304106,1789399729.706307,0.099399,2.737337152459838,-3.1959165884862104,0.2671069409412628,-0.03637460679897382,0.03187388359484178,0.3612433118410964,0.9312165232505529
1785495489.947588921,1789399729.735110,0.100285,2.7707508379539205,-3.240569516097135,0.2686337085791767,-0.02600797872690954,0.03799174679794102,0.35975735692616323,0.9319092532834149
1785495490.046890020,1789399729.790887,0.099301,2.800062480865072,-3.2613842139753495,0.26444791093381365,-0.01464114200551712,0.04494526013684724,0.35782355294200574,0.932592014501483
1785495490.147238016,1789399729.881292,0.100348,2.841676351531906,-3.319666208809286,0.2538720002117936,0.00902171165352571,0.05210138184579602,0.35591077151112227,0.9330228172188108
1785495490.247435093,1789399729.994397,0.100197,2.897742577439588,-3.3741858526697657,0.24379165868597014,0.03615146895017743,0.06463017796251426,0.3515772445413093,0.9332252956869459
1785495490.347762108,1789399730.082148,0.100327,2.9773022973764016,-3.42269352212863,0.22754863907492065,0.06397623496058123,0.08755161997871679,0.3408651426265984,0.9338376249335258
1785495490.446966887,1789399730.190681,0.099205,3.016047480245131,-3.4661845778191847,0.21337559123648903,0.07945373349883976,0.09219945530253584,0.3284301689817981,0.9366536119492458
1785495490.547204971,1789399730.342627,0.100238,3.043803999092821,-3.4935317359108202,0.2104862211231014,0.08064383896979006,0.08933715749594683,0.32099167163994907,0.9394039547843733
1785495490.647274017,1789399730.839943,0.100069,3.040667840550463,-3.5308742552715424,0.21030628154529182,0.07537830379648323,0.08097071876237023,0.31768325100010447,0.9417214057532339
1785495490.747715950,1789399730.883447,0.100442,3.045320239944054,-3.543121790179239,0.21762049410996626,0.06525416115529445,0.06821003681796754,0.3158618652665355,0.9440977530952654
1785495490.847997904,1789399730.993619,0.100282,3.053368422969748,-3.5654003004219272,0.2189522729853545,0.05794777279344451,0.06586645381592036,0.3048875158730358,0.9483392159742943
1785495490.947341919,1789399731.135231,0.099344,3.080355338699527,-3.5925804846850258,0.20974916472673202,0.05507821579998315,0.07304737559684071,0.294752464986115,0.9511842384350627
1785495491.047466993,1789399731.172644,0.100125,3.1124243156162716,-3.592422558459841,0.21403507893220183,0.04684263047785733,0.07284594474751824,0.2920813792396663,0.9524640172758171
1785495491.146819115,1789399731.230776,0.099352,3.1128363801855663,-3.609121411617452,0.22120489741712873,0.036837673249751825,0.06928687866486262,0.2917987006226412,0.9532553868661541
1785495491.246978998,1789399731.294984,0.100160,3.1336673225348295,-3.5900039110150437,0.22239716451771183,0.017515699727368727,0.07138566456706716,0.2922853774165955,0.953502252386325
1785495491.347096920,1789399731.343800,0.100118,3.1698220047420693,-3.6385067996934444,0.22413790859598093,0.006593258442047988,0.06887417838905868,0.29483333608284257,0.9530404925440407
1785495491.448132038,1789399731.381953,0.101035,3.16943015083459,-3.666270370237853,0.2232655166099089,-0.0011387419762695118,0.06105458003491276,0.2972091813775695,0.9528576724927623
1785495491.547389030,1789399731.420058,0.099257,3.1680592515251162,-3.706507402162477,0.2251088483530451,0.0011962766925291723,0.05475999901220511,0.2941917104740781,0.954175638401323
1785495491.647634029,1789399731.467441,0.100245,3.175490847723001,-3.7469103558456167,0.22649309544615898,0.0030993422865267183,0.04743199152690594,0.29259409044658913,0.9550546049796808
1785495491.747832060,1789399731.501556,0.100198,3.1813391666862927,-3.7576003853549165,0.23254126442666265,-0.0021110372913907952,0.041908015452658584,0.2938005805837199,0.9549452762389171
1785495491.847922087,1789399731.580780,0.100090,3.1963569704762844,-3.759860774173487,0.23192631328873903,-0.01345650941492962,0.03924677746062595,0.2928007991816166,0.9552728954659538
1785495491.947331905,1789399731.687733,0.099410,3.2011735734286777,-3.7788310696721124,0.2362361592616502,-0.01936568253127196,0.03567746742204599,0.2908924943085741,0.9558941601523476
1785495492.047414064,1789399731.835788,0.100082,3.2033013527616565,-3.798289452365331,0.23297905498658528,-0.022498565862887523,0.03442713002729119,0.2877744189646562,0.9568147527299791
1785495492.147798061,1789399732.222481,0.100384,3.2227157103154727,-3.8300570537900334,0.23162673562140149,-0.016930114559137257,0.03380981203568841,0.28764681967982264,0.9569898510220414
1785495492.247023106,1789399732.272838,0.099225,3.259165440478596,-3.860431278151238,0.23167399080462137,-0.009615230466233304,0.026154946964518633,0.28739235901371724,0.9574074879970778
1785495492.347284079,1789399732.333408,0.100261,3.26334610642181,-3.8817560278075236,0.2325099974040889,-0.008833034585815231,0.016599167562152586,0.2942226740505472,0.9555519154974123
1785495492.447618961,1789399732.389729,0.100335,3.256449477158532,-3.877983889268763,0.23738761106308773,-0.015367529722156485,0.014917431529773326,0.2977620128069068,0.9543998601194108
1785495492.547903061,1789399732.544462,0.100284,3.260275565134514,-3.8749442227943827,0.24344454183512407,-0.030387590173963874,0.0187354900249093,0.29905969115455455,0.9535663987911204
1785495492.647207022,1789399732.625578,0.099304,3.2720506252955697,-3.885900258971006,0.24539197431623716,-0.046161135657053785,0.020479073290195986,0.30344536781030573,0.9515096772321712
1785495492.747508049,1789399732.660940,0.100301,3.2740188180867484,-3.9188667772753485,0.24955068407497707,-0.05020870396739733,0.01354800367150106,0.3089182033663362,0.9496657734547044
1785495492.847982883,1789399732.723543,0.100475,3.2835472578468647,-3.933993187344848,0.24473404681000796,-0.048003032728612206,0.001196895314392633,0.314501263777655,0.9480417877776774
1785495492.948288918,1789399732.775987,0.100306,3.2767776151890033,-3.971991547924172,0.2327470259531887,-0.042320558458292516,-0.02066555029814094,0.3183599200200509,0.9467992747607353
1785495493.047671080,1789399732.803883,0.099382,3.271992225303582,-4.006290665983831,0.23743808321164583,-0.037510230490379756,-0.027761845792792967,0.3194186352338914,0.9464639443697939
1785495493.147131920,1789399732.875749,0.099461,3.271989746609921,-4.006587930993765,0.24181749542229,-0.04606052835629624,-0.02441265341118212,0.32037546654314364,0.9458551741774219
1785495493.247332096,1789399732.988077,0.100200,3.3050474742865337,-4.025054487955789,0.23744738660198272,-0.04766802642033273,-0.023579665135085453,0.3247445892355037,0.9443054116182671
1785495493.347856998,1789399733.102003,0.100525,3.3251419098116077,-4.057423064394943,0.2465329235685135,-0.044529920391187,-0.0256314530007296,0.32682074107671805,0.9436886764230371
1785495493.448084116,1789399733.172843,0.100227,3.341846378057437,-4.089871737349245,0.24991320748837922,-0.045806091494684405,-0.024891894846916902,0.32728348833707566,0.9434869971625464
1785495493.547514915,1789399733.354353,0.099431,3.3353892717561573,-4.137264881821254,0.2540251876747191,-0.04896587491293615,-0.02502126014201626,0.328860143567338,0.9427763709426316
1785495493.646914959,1789399733.839774,0.099400,3.3539063660025814,-4.132424644088998,0.2584059176693604,-0.05790147658199141,-0.021011680674055375,0.33090443902719807,0.9416518361458994
1785495493.747070074,1789399733.881773,0.100155,3.3703666031848067,-4.12841149033867,0.2667779690146876,-0.06648034439413315,-0.017335796372596142,0.33237352171763773,0.9406421615228353
1785495493.847369909,1789399734.048289,0.100300,3.380328693419213,-4.13588890245727,0.2707459869025239,-0.07317998145239848,-0.015876855322643588,0.3346615082084946,0.9393584463362624
1785495493.947504044,1789399734.093208,0.100134,3.381605106440462,-4.13233709738929,0.2640858430660187,-0.06996335146065294,-0.010806443605593607,0.32991077216130027,0.9413539359034404
1785495494.047745943,1789399734.145416,0.100242,3.3764840593903944,-4.117757508071815,0.2646227179123132,-0.07170115281684507,-0.013218425692095562,0.3289641618234976,0.9415236577711117
1785495494.147949934,1789399734.217889,0.100204,3.3689669330761567,-4.112883420817093,0.2675752503299718,-0.07068461099707116,-0.015336464501333073,0.3294436261165052,0.9414007519839637
1785495494.247189999,1789399734.282188,0.099240,3.3803065604941316,-4.096378352712037,0.26497325082729517,-0.0697964483028238,-0.012733596020351417,0.3294395354374169,0.9415072510753448
1785495494.347323895,1789399734.328857,0.100134,3.3591971508313168,-4.086962007566587,0.2665502643992304,-0.07010698804726445,-0.014552597150130263,0.3287816118370238,0.9416877847041166
1785495494.447599888,1789399734.394318,0.100276,3.3623866579202812,-4.095590051017062,0.2668903872584022,-0.0685952100316248,-0.014732511844749106,0.328778389199449,0.9417974416247098
1785495494.547837973,1789399734.456589,0.100238,3.3648955573538384,-4.0890729533338686,0.26621880060180547,-0.06887572259498866,-0.014458585569031493,0.3287584234065011,0.9417881838182109
1785495494.648015022,1789399734.489742,0.100177,3.3645465104694625,-4.088550416526963,0.26699981167564707,-0.06860079778119198,-0.014771263724609582,0.3287314336305979,0.9418128183747051
1785495494.747235060,1789399734.523382,0.099220,3.3498707312731564,-4.093571431192053,0.2712069407011491,-0.06853154598627183,-0.016219995121957848,0.32876375953335885,0.9417827400098382
1785495494.847584963,1789399734.601111,0.100350,3.366337450469603,-4.087847575049705,0.27032104594614215,-0.06842476140142034,-0.014435353695814694,0.32885253243041895,0.9417885561552056
1785495494.947633028,1789399734.697371,0.100048,3.3695949837164605,-4.090701907707809,0.2698297250700167,-0.06791014156418353,-0.014650981887918519,0.3288571664882699,0.9418208563478143
1785495495.047800064,1789399734.778254,0.100167,3.3675688992518364,-4.077095064080548,0.2691806177492122,-0.06918537470768671,-0.014725951007764738,0.3288460740195126,0.9417307417172908
1785495495.148109913,1789399734.930601,0.100310,3.3686478870913543,-4.077833058257221,0.2699221334669619,-0.068592868437551,-0.014979906844854505,0.3288387260878045,0.9417726440151835
1785495495.247174978,1789399735.325572,0.099065,3.3616836562269206,-4.077594550370075,0.26788823229979164,-0.06855507057578825,-0.015658084003916158,0.328831602876152,0.9417668520677223
1785495495.347323895,1789399735.349927,0.100149,3.3646822561574967,-4.085804284846716,0.2639621916445042,-0.06752908299394932,-0.015540392814884223,0.3288582389088747,0.9418336253515693
1785495495.447570086,1789399735.400217,0.100246,3.3624102121935593,-4.085897037556492,0.2630793604020309,-0.06773021964920088,-0.015621915951584752,0.32883102092261784,0.9418273370248036
1785495495.547739029,1789399735.464972,0.100169,3.3565552729342953,-4.091521168634446,0.2636224383440199,-0.06748519632510962,-0.01609971619509454,0.3288431269051125,0.9418326524933388
1785495495.647967100,1789399735.556368,0.100228,3.368380957612753,-4.102661932009591,0.2652690947347907,-0.06644515165785486,-0.015141006182478671,0.32875746761349467,0.9419523975452689
1785495495.748181105,1789399735.721756,0.100214,3.3675791435863056,-4.089844528990701,0.26391030135405225,-0.06803851764744648,-0.015129669685212347,0.3286493846705544,0.9418765498552302
1785495495.847368956,1789399735.798608,0.099188,3.385819183971961,-4.072822273865769,0.25161909085566836,-0.06835664941353578,-0.010640289553561744,0.3284056091567869,0.9419999514827494
1785495495.947674036,1789399735.825779,0.100305,3.390993754695397,-4.0788468469324295,0.25404032701819146,-0.06736249686835089,-0.010696837161509005,0.3284296079971412,0.9420625585815503
1785495496.047862053,1789399735.887949,0.100188,3.3882717508682076,-4.080697255814486,0.25350139960456175,-0.06730050801472834,-0.011261216976083495,0.32840054343652103,0.9420705438998429
1785495496.148083925,1789399735.912756,0.100222,3.391907033476865,-4.09252332966797,0.2517486674563687,-0.06626697112979722,-0.011294783229167164,0.3283573510152848,0.9421584614295437
1785495496.247364998,1789399735.967242,0.099281,3.3956650853096884,-4.096299340610373,0.25392079029434483,-0.06637379978000646,-0.011043467027902749,0.3283187872588978,0.9421673601179278
1785495496.347563982,1789399736.062366,0.100199,3.3932188748056937,-4.094091576319956,0.2562563705801361,-0.06705938201001327,-0.011210745800692314,0.3282528494245411,0.9421398119746709
1785495496.446835041,1789399736.243163,0.099271,3.384848980953356,-4.099051300519846,0.2566374446541355,-0.06706173945210567,-0.012038108212288321,0.3282238905272483,0.9421395250914035
1785495496.547034979,1789399736.429042,0.100200,3.3806648383723217,-4.100965487018511,0.25755380456076366,-0.06731714390836928,-0.012039921992946174,0.32825485544230626,0.9421104989824418
1785495496.647120953,1789399736.492272,0.100086,3.3804564988581554,-4.102000953458407,0.25596254593419443,-0.06732204893688447,-0.011634333713364163,0.32825500889048953,0.942115191016609
1785495496.747404099,1789399736.604124,0.100283,3.387478270023767,-4.11246276045637,0.2582091278806139,-0.06650144440150024,-0.011142583027204798,0.3282167370393217,0.9421927479360197
1785495496.846657991,1789399736.919337,0.099254,3.3891259484509937,-4.087196992318825,0.2549970527043372,-0.06897796307366014,-0.010053163278334007,0.3281700987089643,0.9420431841649446
1785495496.947016001,1789399736.964824,0.100358,3.3839003414816933,-4.079836020807946,0.2538052329825046,-0.06905558597292782,-0.010608599502290084,0.32814838006541946,0.9420389717644104
1785495497.047147989,1789399737.027235,0.100132,3.3807732521678866,-4.09229442466457,0.2574279897074054,-0.06759790136915096,-0.011224617205956586,0.3280862491198906,0.9421591929379443
1785495497.147351980,1789399737.100477,0.100204,3.37771676731351,-4.08725174502922,0.25668887376613286,-0.06811615018716806,-0.011174049018942641,0.32809818130148,0.9421183121767848
1785495497.247467041,1789399737.174217,0.100115,3.3800917628023535,-4.09247814095658,0.25719608365388624,-0.06737310911826978,-0.010963893719021721,0.3281571642970869,0.9421536672553589
1785495497.347760916,1789399737.219503,0.100294,3.3852413445729646,-4.083036490071282,0.2589469218840246,-0.0680574788156036,-0.010262688740707146,0.328201069287633,0.9420970835935649
1785495497.446933985,1789399737.297091,0.099173,3.3869481444886795,-4.087217744559763,0.26122153647835017,-0.06743048652305794,-0.010569998500878345,0.32821705919149996,0.94213320007025
1785495497.547425032,1789399737.339952,0.100491,3.3776960797216096,-4.087411045571697,0.25950156558718357,-0.06764019609738364,-0.011379953165441584,0.32820620191762695,0.9421125142787548
1785495497.646692038,1789399737.386246,0.099267,3.355110223099646,-4.127734217824997,0.257947752762339,-0.06464286105521433,-0.015258555561567832,0.32832128883671086,0.9422280022867834
1785495497.746876001,1789399737.470165,0.100184,3.3568960612324363,-4.141119783040925,0.2592027709970817,-0.06340567126993556,-0.01483412522265762,0.3283406696857515,0.9423120896019378
1785495497.848026991,1789399737.573797,0.101151,3.3534075054465995,-4.126667572783712,0.25908884619724587,-0.06502875349598308,-0.014317861299422446,0.32835604954361713,0.9422040993302087
1785495497.947161913,1789399737.674590,0.099135,3.3576930043010793,-4.123258003243223,0.26000635109245773,-0.06484704747485745,-0.013630271515704673,0.32841430955852885,0.9422065152658239
1785495498.047352076,1789399737.825190,0.100190,3.3611204788463547,-4.122404661163539,0.26153666898456834,-0.06464628094738589,-0.013343671221673355,0.32842860167552623,0.9422194321915829
1785495498.147583008,1789399737.942738,0.100231,3.3625499073084817,-4.115163956133861,0.2621193022878838,-0.06501057270391636,-0.013199437692550506,0.3284323815600881,0.9421950811928753
1785495498.247864962,1789399738.127207,0.100282,3.361894638531125,-4.122856825455328,0.26394929373884335,-0.06413939685808755,-0.013627689046784394,0.32843335415775543,0.9422483514119736
1785495498.348174095,1789399738.194372,0.100309,3.360362137895899,-4.116790153942582,0.2593786968067166,-0.06465613136066964,-0.013502774633348895,0.3284150401836048,0.9422212166661526
1785495498.447544098,1789399738.310049,0.099370,3.3586795157435603,-4.126339147997011,0.2605708364566025,-0.06375730422875465,-0.014037203165407025,0.32838034002903793,0.9422867479526386
1785495498.547754049,1789399738.516685,0.100210,3.365511816640115,-4.105293892353782,0.2565970031047785,-0.06536351873413583,-0.012780346881164847,0.32842184317547607,0.9421801133952484
1785495498.648096085,1789399738.577556,0.100342,3.371621954449891,-4.115307270204273,0.2594703301921864,-0.06395005473806213,-0.013004368858100804,0.3284859792826709,0.9422516852223066
1785495498.747258902,1789399738.653390,0.099163,3.371052904923052,-4.122376745624608,0.2584335914406778,-0.06357978957055017,-0.013569066638641557,0.32847299448074235,0.9422733057269242
1785495498.847444057,1789399738.725493,0.100185,3.3670588315974825,-4.12045195448374,0.25941657512342725,-0.06414892734041566,-0.013923592129334627,0.32842971881249394,0.9422446436589634
1785495498.947557926,1789399738.787395,0.100114,3.3691147213307255,-4.117512802505168,0.25836191491077487,-0.06432770017034083,-0.013693585026434004,0.32845470932006987,0.942227115214457
1785495499.046716928,1789399738.827813,0.099159,3.372418100442171,-4.104524337302855,0.259531482501352,-0.06523235321572361,-0.013146860361933903,0.328399252682675,0.9421920350936928
1785495499.147347927,1789399738.904788,0.100631,3.374050650050806,-4.110000994753313,0.2588758287724185,-0.06430857982464107,-0.013559570817844988,0.32837019141090024,0.942259816607348
1785495499.247549057,1789399738.985675,0.100201,3.3895782364828944,-4.092365301839586,0.26214499546212483,-0.06644737860462241,-0.01167525834043081,0.32809995284028715,0.9422307865727111
1785495499.347863913,1789399739.076910,0.100315,3.3924126958619745,-4.086727380241033,0.26083066079565115,-0.06721787418769185,-0.011400282367184577,0.3280715488514313,0.9421893916754897
1785495499.447114944,1789399739.197295,0.099251,3.3951337757196804,-4.0979399970353985,0.2597234848942022,-0.06623812198284162,-0.01174087713930167,0.3280745627123607,0.9422535456559713
1785495499.547250032,1789399739.296908,0.100135,3.4039486858152013,-4.101343688068054,0.26160988269114843,-0.066265245750963,-0.011223683625716258,0.3279839099997458,0.9422894995237309
1785495499.646600008,1789399739.403626,0.099350,3.3918329050268925,-4.10163822400385,0.2605413850068788,-0.0671534916315334,-0.012555822030406292,0.3279325236459172,0.9422276900144808
1785495499.746906996,1789399739.525906,0.100307,3.388867295961541,-4.108722244268123,0.2624889092385113,-0.06698861395904877,-0.012765709649501826,0.32795572901530856,0.942228529637581
1785495499.847188950,1789399739.799858,0.100282,3.3864808697866113,-4.093241165546375,0.26147910902775723,-0.06857725253237243,-0.012236505239672237,0.32794353562455625,0.942125504280967
1785495499.947516918,1789399739.827255,0.100328,3.385760385190316,-4.098184224136582,0.2618542489716375,-0.06780871262848702,-0.012305284022643952,0.3279419133648508,0.9421808000247937
1785495500.046848059,1789399739.904081,0.099331,3.3827642826057165,-4.1040600269207035,0.26247549381566704,-0.06741289252199978,-0.01253043489121636,0.3279297063544692,0.9422104848777136
1785495500.147114992,1789399739.994416,0.100267,3.382697925990353,-4.096815479323859,0.26266413033165864,-0.06808244597455045,-0.012066034627472737,0.32795720674350975,0.942158830507604
1785495500.246704102,1789399740.058977,0.099589,3.384517304908776,-4.092344971875364,0.2627890294909966,-0.06822814800484762,-0.011706262140902134,0.32798565182489453,0.9421429272904862
1785495500.346990108,1789399740.104005,0.100286,3.385261610453708,-4.089966892603237,0.2614177039892732,-0.06811194218598071,-0.011624791934271272,0.32793805146284266,0.942168913702242
1785495500.447287083,1789399740.177930,0.100297,3.3759291684937796,-4.091976711773181,0.26003744970677606,-0.0679209009920901,-0.012468470823420954,0.327931445973662,0.9421742170030666
1785495500.547508955,1789399740.261859,0.100222,3.3839613791674488,-4.10746562780632,0.25831334210273604,-0.06398254298171557,-0.014790399563623942,0.3277307351990778,0.9424860972344278
1785495500.646950006,1789399740.383462,0.099441,3.383558843011563,-4.106970660935215,0.25904767807833157,-0.06402242515709353,-0.014737222214664239,0.3277276016494828,0.9424853115436058
1785495500.746349096,1789399740.483011,0.099399,3.3840902796754633,-4.114416858988852,0.2605681843311566,-0.06334483986949947,-0.014791638011697259,0.3277602510841136,0.9425188892091697
1785495500.846597910,1789399740.579269,0.100249,3.3816119057534233,-4.110364856821115,0.2600236788498932,-0.06398650417339224,-0.014789775777879927,0.32778846593095395,0.942465761403941
1785495500.946779013,1789399740.673665,0.100181,3.3850354218575616,-4.114102331735544,0.2592518760918493,-0.06349583802029898,-0.014501519713135205,0.32778810126641644,0.9425035517960858
1785495501.046478033,1789399740.813178,0.099699,3.3769132337142516,-4.128000902703516,0.2599666433761308,-0.06276839699566195,-0.015530325876538138,0.32781819652278393,0.942525419999526
1785495501.146583080,1789399740.917672,0.100105,3.3864241331517353,-4.128258188366182,0.2610405680503049,-0.06295809272674367,-0.014342335423625771,0.3278385134289202,0.9425245275787217
1785495501.246779919,1789399741.138812,0.100197,3.3866375014868404,-4.112712097177139,0.2613520691120128,-0.06457210932352697,-0.013931573358505048,0.32777154398862074,0.9424447829515279
1785495501.347013950,1789399741.188967,0.100234,3.3940681761123335,-4.123483267272555,0.26260508201736005,-0.06320486318028959,-0.013904646895350835,0.3277578215770461,0.9425426337625878
1785495501.446582079,1789399741.262507,0.099568,3.392542217200125,-4.116423948225328,0.2618831764651873,-0.06420996766121048,-0.014106656394177313,0.3277383262506339,0.9424784728601104
1785495501.546760082,1789399741.318672,0.100178,3.3889971111373955,-4.1165404713041305,0.261003480984471,-0.06418510038102276,-0.01455327088406631,0.32773237158632074,0.942475446794254
1785495501.646095991,1789399741.413618,0.099336,3.388625528368711,-4.10504499932147,0.2596251769210445,-0.06505710829329352,-0.014307876022850522,0.3277647107555512,0.9424081662037577
1785495501.746386051,1789399741.486974,0.100290,3.385804163886795,-4.1006396916913905,0.2600708636732874,-0.06506823535025955,-0.014567642547839398,0.3277814758446728,0.9423975873441419
1785495501.846560955,1789399741.586765,0.100175,3.389295070911334,-4.105731277988231,0.2591199975758275,-0.06412075545129726,-0.01447070047815095,0.3277850610650442,0.9424627744853278
1785495501.946898937,1789399741.667227,0.100338,3.387911166644331,-4.103835163065863,0.2572360002880198,-0.06727205036603325,-0.013373388388584335,0.3277539272975888,0.9422701241488739
1785495502.046050072,1789399741.777439,0.099151,3.387503909341494,-4.107717074106995,0.25817535691074694,-0.06697238186243205,-0.01356174682059004,0.3277593621665417,0.942286888162516
1785495502.146298885,1789399741.888248,0.100249,3.390460563530578,-4.112942783223023,0.25746644539760505,-0.0665115572002219,-0.013465947609831674,0.32775728015006383,0.9423216257320921
1785495502.246323109,1789399741.983833,0.100024,3.387641849130713,-4.107035147315865,0.2568322669295376,-0.06728599277056745,-0.013586317121070553,0.3277531084750181,0.9422663673552704
1785495502.346499920,1789399742.078624,0.100177,3.385457594871128,-4.1066394220116145,0.2551981891870096,-0.0672803395279445,-0.013702224102857395,0.32773537820984644,0.9422712596897234
1785495502.447048903,1789399742.178634,0.100549,3.385158935312393,-4.091797730839944,0.2532634622587664,-0.06834111083568208,-0.013197057202232724,0.3277766525765367,0.9421877712412934
1785495502.547116041,1789399742.304631,0.100067,3.390025233257703,-4.095089578513183,0.2524109297542348,-0.06734401722650518,-0.013045301858570463,0.3277872359434566,0.9422579961962293
1785495502.646495104,1789399742.407334,0.099379,3.3862506083711272,-4.093535687599211,0.2542119865240417,-0.06754420573397046,-0.013462820276302665,0.3277270272478458,0.9422587374777875
1785495502.746707916,1789399742.520184,0.100213,3.394673606862405,-4.103105832755657,0.2540868266362666,-0.06633275113617774,-0.01310536679979509,0.32771365096087296,0.942354486624653
1785495502.846036911,1789399742.607008,0.099329,3.4018101371170926,-4.0955811169181615,0.25449527416905726,-0.06705192093898436,-0.012465448481455015,0.32764345395225764,0.9423366805843614
1785495502.946275949,1789399742.692681,0.100239,3.4046094811722387,-4.103094810451771,0.25541082354436595,-0.06639159300495452,-0.012917285669190669,0.3276087940293375,0.9423893983825464
1785495503.046478987,1789399742.779728,0.100203,3.3936079782256408,-4.114242825707868,0.2566646288175252,-0.06606507963501636,-0.014318740409773966,0.3275716143074399,0.9424050171905304
1785495503.146559000,1789399742.873947,0.100080,3.386938472899372,-4.127505641184572,0.2575299239130778,-0.06559748270289865,-0.014841181839032058,0.3275589844202903,0.9424339877732452
1785495503.245791912,1789399742.961418,0.099233,3.380447278065022,-4.115622576838926,0.25708353989418653,-0.06638990205120072,-0.01355957999445071,0.3279365448615522,0.9422664916255074
1785495503.346045017,1789399743.082979,0.100253,3.3841576826626896,-4.106897315450955,0.25773541780402554,-0.06727942526768137,-0.012601741769858064,0.3279861834135656,0.9421994154794346
1785495503.446295023,1789399743.187426,0.100250,3.3728191053882335,-4.118092261843734,0.25742891540177104,-0.06664847548218393,-0.013781408315868207,0.3279936549005544,0.9422251407416792
1785495503.546663046,1789399743.278711,0.100368,3.3786907315137436,-4.098228883803786,0.25708031956683947,-0.06835380230646282,-0.012225660610263396,0.3280812809162791,0.9420939252777263
1785495503.646974087,1789399743.386889,0.100311,3.3872773313782543,-4.102528790602096,0.2567752246065707,-0.06729880066373581,-0.011745326764966885,0.3281791634182055,0.9421418977131325
1785495503.746407986,1789399743.486055,0.099434,3.3799820954015547,-4.106467643167723,0.25839968302055016,-0.06722553762793892,-0.012713423077270572,0.32814174639351507,0.9421475947207402
1785495503.846750975,1789399743.576895,0.100343,3.375505945956014,-4.109366299847789,0.2566112321396216,-0.06706134043963902,-0.012958740582697106,0.3281170663997511,0.942164549533753
1785495503.947073936,1789399743.685494,0.100323,3.375281520550523,-4.1136807454526085,0.2587287274857312,-0.06671435107760629,-0.012822136250707628,0.3281265715282331,0.9421877420341228
1785495504.046992064,1789399743.828761,0.099918,3.3805217756745662,-4.113450402022237,0.2574578257675108,-0.06674445001312827,-0.012242892024247472,0.32814855605320337,0.9421856585341842
1785495504.147046089,1789399744.010108,0.100054,3.376224826937759,-4.114981342879009,0.25941291742887074,-0.06690908280983908,-0.012637006164005716,0.3281429668978694,0.942170724438087
1785495504.247185946,1789399744.055140,0.100140,3.3819217249894655,-4.114390042750463,0.2599083498738262,-0.06689362650951171,-0.011972204366215064,0.3281626359739303,0.9421736535297675
1785495504.346479893,1789399744.106379,0.099294,3.3854359236819223,-4.116271461234324,0.2609389281124532,-0.06676228708556209,-0.011913207462910597,0.3281605556196202,0.9421844417344418
1785495504.446754932,1789399744.189607,0.100275,3.37925804055972,-4.120024232037578,0.26146892871795496,-0.06682470381037069,-0.012660905654415173,0.32816677127677085,0.9421681010618089
1785495504.546991110,1789399744.281537,0.100236,3.3879462352824192,-4.1132615073256575,0.26180519160563803,-0.06731684626090462,-0.011590247486307626,0.3281598835739373,0.9421492446451363
1785495504.647241116,1789399744.384960,0.100250,3.3827917587296983,-4.111867197589025,0.26161413780247045,-0.06752351496924809,-0.012335603048253287,0.3281265325576462,0.9421366071092337
1785495504.747437000,1789399744.468187,0.100196,3.3889296061437966,-4.117794132534902,0.25519959250489505,-0.06773261623086548,-0.013736614265453384,0.32776580895954044,0.9422277710851613
1785495504.846482992,1789399744.588748,0.099046,3.37943336229302,-4.109014128264274,0.2545227552225962,-0.0687544224227335,-0.014359069733481403,0.3278081055886246,0.942129764111118
1785495504.946623087,1789399744.720668,0.100140,3.3864873512570126,-4.107697974027683,0.25514937873858934,-0.06821131049792827,-0.013586041053598402,0.327826973975022,0.9421741408800147
1785495505.046892881,1789399744.770414,0.100270,3.385234803304091,-4.103993046093451,0.2536185198571749,-0.06836835536989767,-0.013808595717266897,0.32782726815001456,0.942159420122518
1785495505.147120953,1789399744.911352,0.100228,3.386106953333963,-4.0950948435473435,0.2518685811653431,-0.06878521100192976,-0.013628956391921828,0.327827447669166,0.942131631381611
1785495505.247278929,1789399744.995486,0.100158,3.3856998538923464,-4.103698816533876,0.25231650957362106,-0.06760866546598036,-0.014111659319866755,0.3278326621755517,0.9422078725185904
1785495505.347341061,1789399745.092577,0.100062,3.382180249087219,-4.10066244704064,0.25375974385440725,-0.06790800383218203,-0.014212937758908766,0.32783892304594375,0.9421826446882972
1785495505.446474075,1789399745.229430,0.099133,3.3806271035605917,-4.107790487954052,0.25268875369062826,-0.06719527106949043,-0.014464054478439499,0.3277870927019975,0.9422479549098969
1785495505.546713114,1789399745.399935,0.100239,3.392482898294883,-4.094034209087907,0.2525532833541388,-0.06809093372662414,-0.012942077425263076,0.3277721973354004,0.9422109710834654
1785495505.647195101,1789399745.421127,0.100482,3.388335549882821,-4.107199282984012,0.25419759496176364,-0.06689146086183617,-0.014152346776360732,0.327745196301346,0.9422888781291285
1785495505.747324944,1789399745.498554,0.100130,3.3941241238272024,-4.098411547453554,0.2566388734516536,-0.06772529185252983,-0.013325425126646934,0.3277193618682702,0.9422503583152972
1785495505.846527100,1789399745.626867,0.099202,3.388707741929427,-4.104523788121938,0.256276924053089,-0.06722851012579766,-0.014276326508815012,0.32768524558360773,0.9422838711102183
1785495505.946873903,1789399745.692818,0.100347,3.382385740456959,-4.105548254364008,0.2555988967699633,-0.06744352012458601,-0.014684414361073154,0.32768676834681887,0.9422617053761995
1785495506.047142982,1789399745.787102,0.100269,3.3877188948671795,-4.107542472080477,0.2549997383431537,-0.0671743725743371,-0.014063153103345374,0.3277016036805566,0.9422852489236982
1785495506.146275997,1789399745.870544,0.099133,3.3913172679540438,-4.092336364826057,0.2522737296395762,-0.06710320622982059,-0.01108989832759159,0.32787857230172296,0.9422684414189587
1785495506.246577978,1789399745.985353,0.100302,3.3978109528691633,-4.103683295376716,0.25334366860370816,-0.06552384116287574,-0.011382557074605202,0.3278470014195408,0.9423870793330569
1785495506.346806049,1789399746.083847,0.100228,3.381547503405344,-4.109411394334552,0.2517565394771897,-0.06572657969055457,-0.013230828557705122,0.3278502919779814,0.9423476789103786
1785495506.446005106,1789399746.181934,0.099199,3.380090707169805,-4.112273305395262,0.25200524434743427,-0.06563245519451848,-0.013032117666502438,0.3278738121596081,0.9423488250293306
1785495506.546238899,1789399746.337402,0.100234,3.3951281239890663,-4.112959532825994,0.25166955848625094,-0.06532122855389784,-0.0115779348245236,0.32790038117131826,0.9423801932092379
1785495506.646478891,1789399746.401125,0.100240,3.38783941179509,-4.110325046523862,0.25157926879831854,-0.06604570018954083,-0.012478584140033385,0.327859987727694,0.9423322550308345
1785495506.747008085,1789399746.479465,0.100529,3.386201233867617,-4.109028708731278,0.25141994319896255,-0.0661952547017151,-0.012498243738113916,0.32787572448668706,0.9423160252541266
1785495506.846240044,1789399746.585521,0.099232,3.3936117492531044,-4.104239061591477,0.25238145315066285,-0.06633077599854616,-0.011715295198453254,0.3278987195801349,0.9423085533473204
1785495506.946577072,1789399746.724071,0.100337,3.387684476906293,-4.1044488848468506,0.25085588020478466,-0.06640313082567276,-0.012520214918805781,0.327825883913129,0.9423184484405891
1785495507.045897007,1789399746.841316,0.099320,3.3856235281392744,-4.09887327890383,0.2538924576884618,-0.06681433797453895,-0.012459427583299827,0.32783749599936424,0.94228614715603
1785495507.146096945,1789399746.931479,0.100200,3.3737104745011095,-4.10782699294935,0.2541825329668857,-0.06606873719128264,-0.013597280685959598,0.32782647311248053,0.9423268219946286
1785495507.246433020,1789399747.015965,0.100336,3.3742198238478682,-4.100161688249737,0.2560763677391867,-0.0667317003030954,-0.012804977034758924,0.3278977753734437,0.9422663963247929
1785495507.346697092,1789399747.107255,0.100264,3.3759112741953627,-4.10444095275131,0.25504303347444346,-0.06603885263110654,-0.012581782673629817,0.32790546901596085,0.9423155374275175
1785495507.447047949,1789399747.202859,0.100351,3.377199371365143,-4.104624311325345,0.2538510465024987,-0.06599664397424929,-0.012400172722942195,0.3279673519490982,0.9422993657835294
1785495507.546226025,1789399747.294477,0.099178,3.377576056966944,-4.101142032029834,0.25371325232541997,-0.06630202530585175,-0.012193023084325358,0.3279577126580593,0.9422839860341833
1785495507.646471977,1789399747.376752,0.100246,3.376789016636602,-4.1027900295997375,0.2554275632248903,-0.06541956646011388,-0.013000098352957429,0.3278875146736794,0.9423593027545646
1785495507.746664047,1789399747.474745,0.100192,3.3779968709624026,-4.108209013999591,0.25534198589013046,-0.06495225014777654,-0.012942681654268063,0.327879773909732,0.9423951114332073
1785495507.846965075,1789399747.578779,0.100301,3.37960517705839,-4.112090087670974,0.25538328958691825,-0.06485903436538679,-0.012949135745001606,0.32786602406881105,0.9424062265318095
1785495507.946997881,1789399747.701069,0.100033,3.37664693130252,-4.104534729652755,0.25504172213266485,-0.06579076072391213,-0.012942159622755706,0.3278648866713815,0.9423421312854464
1785495508.046061039,1789399747.785126,0.099063,3.3780063606905744,-4.105558151996917,0.2539606773878693,-0.06551993740894059,-0.012824896902911083,0.3278851073289023,0.942355567826306
1785495508.146408081,1789399747.901986,0.100347,3.3789241851387413,-4.122707048400347,0.2559806991354516,-0.06416626786801294,-0.013247142882628508,0.3278947871799802,0.9424395003465742
1785495508.246478081,1789399747.992332,0.100070,3.375286173382153,-4.10191836266382,0.25527831482981905,-0.0665714977604913,-0.012842855653913412,0.3279266479419132,0.9422671650408526
1785495508.346611023,1789399748.098710,0.100133,3.378541561501214,-4.0937936794725855,0.25358783299647114,-0.06659642977738581,-0.012386028725816605,0.3279485902182072,0.9422638823637286
1785495508.446723938,1789399748.219126,0.100113,3.3779886345393737,-4.102181556164555,0.25572007257417817,-0.06552053046547003,-0.012855698644703789,0.3279310075489659,0.942339135018687
1785495508.546008110,1789399748.340418,0.099284,3.3731472364273194,-4.111178763858424,0.2564433482754141,-0.06497670749632899,-0.013481247268880739,0.32790581094693066,0.9423768156115763
1785495508.646019936,1789399748.433098,0.100012,3.3765302107281436,-4.106522332664655,0.25572686617937795,-0.065485886133065,-0.012793115800251166,0.32791206238171355,0.9423489875041131
1785495508.746041059,1789399748.508178,0.100021,3.3732292934703576,-4.104300381401086,0.25851939270110424,-0.06581862825860657,-0.012978115107866062,0.3279067968553583,0.9423251080590119
1785495508.846118927,1789399748.614442,0.100078,3.3802646037512205,-4.110451380261948,0.2567434320051272,-0.06499654695388266,-0.012679743915087856,0.3279263800082473,0.942379415242594
1785495508.946329117,1789399748.710184,0.100210,3.375471660590391,-4.1205355018664225,0.2576570851053638,-0.06453003574442816,-0.013418611318206928,0.32792589960793195,0.9424014111425182
1785495509.046408892,1789399748.806048,0.100080,3.375301890718175,-4.109656911761087,0.25697843603189086,-0.0658405336661905,-0.01290862062199516,0.3279482035706893,0.942310122738217
1785495509.145608902,1789399748.883910,0.099200,3.3728108135764487,-4.090740975193529,0.26050935230332395,-0.0682905756773999,-0.011201575359001736,0.32824586088895297,0.9420539139520427
1785495509.245861053,1789399748.981715,0.100252,3.3472700450125266,-4.108823802403044,0.26378326046710304,-0.06760711858428396,-0.01362542476267873,0.3282738237613189,0.9420615276880042
1785495509.346220970,1789399749.098047,0.100360,3.366246355839027,-4.096934613986338,0.2595498323099987,-0.06821742991408117,-0.010669238272564193,0.3283401651993774,0.9420325289115089
1785495509.445620060,1789399749.196045,0.099399,3.37010574836755,-4.097390458458069,0.25960574055819213,-0.0680987241692922,-0.010581648314559308,0.32835512554963164,0.9420368910030615
1785495509.546011925,1789399749.292980,0.100392,3.372001246015467,-4.0853489563067225,0.2588619695419095,-0.06905937181117297,-0.010278746832463645,0.3283583950737297,0.9419691687699611
1785495509.645236969,1789399749.391921,0.099225,3.3652023426942974,-4.093564555035836,0.259050103151272,-0.06819855130790599,-0.011292841953876122,0.3283441688536605,0.942025231137613
1785495509.745548964,1789399749.483906,0.100312,3.37313484760869,-4.086049147923232,0.2580670994736522,-0.06861034464670583,-0.01026017045638567,0.32835819553121715,0.9420022531486407
1785495509.846002102,1789399749.573665,0.100453,3.380250206701131,-4.081107430128441,0.25933567345772335,-0.06866677309329061,-0.009998519150895979,0.3283513036487364,0.94200335736126
1785495509.945202112,1789399749.684345,0.099200,3.382048849441963,-4.08775061371847,0.2591460704075832,-0.0677429202496297,-0.010679375576830144,0.3282809173172307,0.9420873032891727
1785495510.045433044,1789399749.778452,0.100231,3.380530843483219,-4.088170816571925,0.2593384788850421,-0.06783521958148264,-0.011223958227257554,0.3282513892689973,0.9420846199726354
1785495510.145792961,1789399749.925198,0.100360,3.3757880428938676,-4.097801313904309,0.2607340113412703,-0.06720565963248697,-0.012048792051649201,0.3282270070781074,0.9421280474266612
1785495510.244911909,1789399750.112454,0.099119,3.379039310775033,-4.096325610647861,0.2617683503478093,-0.06751593154438146,-0.011583675225479949,0.32820452604386274,0.9421195287967739
1785495510.344995022,1789399750.161304,0.100083,3.3758055011033608,-4.08941748713008,0.259489125026665,-0.06830702483739949,-0.011797050632451232,0.32821957736851076,0.9420546104054909
1785495510.445111036,1789399750.218223,0.100116,3.374068886217334,-4.089495236573805,0.26026892882443464,-0.06814240866430173,-0.011889741070638706,0.3282306730738685,0.9420615008862969
1785495510.545259953,1789399750.318034,0.100149,3.3727231060533676,-4.092368588126693,0.2619420095771922,-0.06788807535176516,-0.011990798636104354,0.3282407222010497,0.9420750810110633
1785495510.645535946,1789399750.430525,0.100276,3.3761119015988936,-4.089554313521821,0.2605066359698254,-0.06808590909429503,-0.01147714189362473,0.328220291658462,0.9420743199665077
1785495510.745632887,1789399750.513715,0.100097,3.376365628958924,-4.091610398914116,0.26023659083212713,-0.06790742995437407,-0.01156983276553694,0.32820879819460963,0.9420900725060136
1785495510.845674038,1789399750.624148,0.100041,3.3534205143306988,-4.079606062660603,0.2606328630354728,-0.0677276719532389,-0.014205998169674907,0.3281528889489506,0.9420864257286705
1785495510.945910931,1789399750.678500,0.100237,3.3487946850786807,-4.073060720244704,0.2621599630073697,-0.06798747074058731,-0.013952431342369632,0.3282231970635041,0.9420470085889094
1785495511.046080112,1789399750.770831,0.100169,3.361424195105437,-4.075042854100794,0.25991895336182264,-0.06691535481163106,-0.012636535010622788,0.3282492809985757,0.9421332510835415
1785495511.146358013,1789399750.891662,0.100278,3.36771792363592,-4.075768073562782,0.2600530038042263,-0.06658572870336447,-0.012316826877095016,0.32826325412026114,0.9421559703695906
1785495511.245685101,1789399750.979875,0.099327,3.363899908154807,-4.079628514396652,0.2578754101268891,-0.06636397570422396,-0.013012474739770092,0.3282428859629291,0.9421693616566875
1785495511.345772982,1789399751.091983,0.100088,3.3677479005013224,-4.095163948993233,0.258142190237467,-0.06510549400922461,-0.013016414345527506,0.3281649743386807,0.9422842443894835
1785495511.446065903,1789399751.208452,0.100293,3.3712590671261156,-4.087712339992823,0.25763078384070176,-0.0662499445074747,-0.012478095099759993,0.3281438146885124,0.9422191246610715
1785495511.545387983,1789399751.268355,0.099322,3.3625976309731636,-4.093344276293543,0.25675460789857435,-0.06615157959729782,-0.013553002883144994,0.3281079960377007,0.9422236611154077
1785495511.645665884,1789399751.421978,0.100278,3.371123543368848,-4.083047358642748,0.25551567280717763,-0.06696678203188294,-0.012282780191353617,0.32814063969002744,0.9421721201557873
1785495511.745943069,1789399751.516171,0.100277,3.3701400457778203,-4.089250772944244,0.254220157850232,-0.06639502867191134,-0.012799262253482055,0.328138478683118,0.9422064624385242
1785495511.845134020,1789399751.612176,0.099191,3.3752101147941365,-4.10018518895182,0.25504727630326846,-0.06561544753052401,-0.012707205611026241,0.3281168146076836,0.9422698636497941
1785495511.945416927,1789399751.703095,0.100283,3.3759416250823495,-4.095143232626639,0.25561017132003955,-0.06655137393378414,-0.012578737732873317,0.32810868879674004,0.9422087763975794
1785495512.045608997,1789399751.798460,0.100192,3.3680257552668573,-4.085382771843382,0.2563313526057341,-0.06769351336301226,-0.013069846893756369,0.32806201515590455,0.9421369760085627
1785495512.145756960,1789399751.887734,0.100148,3.3627060428126025,-4.090429033305506,0.2583362707073369,-0.06717018279690914,-0.013581169113466296,0.3280850531226893,0.9421591777964007
1785495512.245975971,1789399751.984513,0.100219,3.3688996530165145,-4.087921065933433,0.25710477553490996,-0.06712148882209322,-0.012738452363006662,0.3281085265728536,0.9421662445449097
1785495512.345247984,1789399752.070571,0.099272,3.363490890792997,-4.08826362056035,0.2534579324480988,-0.06891172398785567,-0.013190418267928888,0.32808092110702897,0.9420403899878541
1785495512.445555925,1789399752.209550,0.100308,3.3545548633754487,-4.098201453268248,0.2533894224886053,-0.06795030827936728,-0.014544365440694974,0.3280662738815636,0.9420953969636512
1785495512.545857906,1789399752.289402,0.100302,3.3569282348979335,-4.098223104987969,0.25231579831468537,-0.0678293664652755,-0.01408103480458634,0.3280596218602248,0.9421134676930608
1785495512.645134926,1789399752.394863,0.099277,3.3667797743028585,-4.118097606411084,0.2518573781727505,-0.06602470515889025,-0.013780239546947556,0.3280339574219462,0.9422550430137127
1785495512.745363951,1789399752.494044,0.100229,3.3586456442573316,-4.106119931899619,0.25137762401627645,-0.06800534645088964,-0.0141903423528573,0.3280514360556214,0.9421019914742851
1785495512.845575094,1789399752.578576,0.100211,3.3715969642666495,-4.0849818122097314,0.2533230946443574,-0.0691840200039244,-0.012452148386199582,0.32811222588675876,0.9420195765483154
1785495512.945595026,1789399752.688633,0.100020,3.362531764537435,-4.092781857394727,0.2504125261926464,-0.06818209927131913,-0.014078463227651227,0.32807894872324966,0.9420813136968152
1785495513.045676947,1789399752.776970,0.100082,3.3538362532395545,-4.102528896678154,0.2511072114127524,-0.06752487195730576,-0.015009415662196334,0.328067503684224,0.9421182633486078
1785495513.145844936,1789399752.930874,0.100168,3.353985974557063,-4.095569373825224,0.2501456099162908,-0.06816971297183894,-0.014355586506787,0.3280912170551503,0.9420737554250302
1785495513.244992971,1789399753.121457,0.099148,3.3517884131728692,-4.092825965109078,0.2518466135248299,-0.06830232598296689,-0.014344646008731851,0.3281089491703529,0.9420581409183266
1785495513.345056057,1789399753.179768,0.100063,3.361181348554045,-4.1213412937551395,0.25358745459060666,-0.06562095671252642,-0.0142650217164525,0.3280826487103573,0.9422590805138067
1785495513.445218086,1789399753.263631,0.100162,3.3503647149794755,-4.118503187806377,0.2546673282488601,-0.06712705761886671,-0.014917590799820028,0.3281284437712343,0.9421269277588856
1785495513.545351028,1789399753.336929,0.100133,3.3591579669630547,-4.11129311205896,0.2529866138323894,-0.0677281407372593,-0.013639818731371671,0.3282118988956784,0.9420742028739076
1785495513.644817114,1789399753.428504,0.099466,3.3670354180145763,-4.093954176411392,0.2528597509439921,-0.06893505958026365,-0.012695793164568214,0.3282041449193631,0.942002555014743
1785495513.745017052,1789399753.528734,0.100200,3.360562859367543,-4.098671438022454,0.2533555160762177,-0.06826190296136678,-0.013867791873012517,0.32813549712788975,0.9420589644376081
1785495513.845057964,1789399753.628555,0.100041,3.371923587077567,-4.107990927778392,0.25804341909345474,-0.06723738716399325,-0.012770592088506982,0.3281556397936385,0.9421411368880259
1785495513.945000887,1789399753.695394,0.099943,3.3699623782489203,-4.104973133034628,0.25649230510904186,-0.06772771054293807,-0.012801422627381135,0.32818379642685924,0.9420957894854147
1785495514.045028925,1789399753.766662,0.100028,3.3693950999947218,-4.106748843119379,0.2565584681194517,-0.06758823460571638,-0.01285238532270931,0.32820251277833146,0.9420985921549583
1785495514.145226002,1789399753.884457,0.100197,3.362672395274074,-4.096194658267042,0.2561363945123671,-0.06864758696651493,-0.013044754568255268,0.3281940119031781,0.942022310634303
1785495514.245481968,1789399753.987869,0.100256,3.363541161854058,-4.093004524299406,0.25526588873938727,-0.06843019853722077,-0.012788919625442407,0.32821912101176287,0.9420328869339977
1785495514.344831944,1789399754.082859,0.099350,3.365718286864097,-4.092533919665276,0.25637274243276836,-0.068093557334772,-0.01256000793991593,0.3282331183169525,0.9420554833394584
1785495514.445235014,1789399754.187228,0.100403,3.3599273577773214,-4.089031301110951,0.2565402128285656,-0.0683711518779472,-0.012950294434911344,0.32822376351984944,0.9420333521302543
1785495514.544337034,1789399754.346167,0.099102,3.3600649034884102,-4.085974955959133,0.2537876059290978,-0.06825881111560043,-0.012802890343458774,0.3282714665925325,0.9420268918269222
1785495514.644792080,1789399754.530912,0.100455,3.3665764408831427,-4.065807735623026,0.2517646530418773,-0.06933411588664015,-0.011681290865758538,0.3282736981517364,0.9419621579021505
1785495514.744888067,1789399754.621706,0.100096,3.365582287376834,-4.090685537765994,0.25334337959126846,-0.06653385750524328,-0.012902609056210535,0.32826729145346767,0.942150388126431
1785495514.844961882,1789399754.738928,0.100074,3.360756061274921,-4.091802275435204,0.2545817619495731,-0.06700575222148909,-0.013267013065338184,0.328266697422561,0.942112090410057
1785495514.945053101,1789399754.779825,0.100091,3.3577939707677764,-4.09947517746986,0.2554115035603048,-0.06662956102731274,-0.013521154007213383,0.3282580318039339,0.9421381769930536
1785495515.044351101,1789399754.839590,0.099298,3.3587712238955563,-4.105560048892419,0.2559349742105627,-0.06648105965970345,-0.013334351921696542,0.32831471611603164,0.9421315783620496
1785495515.144577026,1789399754.939677,0.100226,3.3596944069128565,-4.104810650811736,0.256860593973242,-0.06695407319469336,-0.012983329751425235,0.3283026898778212,0.9421071749276504
1785495515.244687080,1789399755.027269,0.100110,3.3579512882115616,-4.091224782305727,0.2550369784049729,-0.06832485705371964,-0.012647909732522633,0.32829295312150253,0.9420167096281868
1785495515.344805002,1789399755.085766,0.100118,3.3899161984926134,-4.0876215993836675,0.24793401508225754,-0.06634661466447674,-0.010395457895457231,0.3281675591970294,0.9422293320993234
1785495515.444924116,1789399755.167667,0.100119,3.3932092437065484,-4.086639227317362,0.2487059621223062,-0.06679312536707081,-0.010091211824156253,0.32814797470922735,0.9422079136484773
1785495515.544919014,1789399755.289630,0.099995,3.391248330977435,-4.085287368710456,0.24887959793090772,-0.06722683105269528,-0.010328952593403247,0.32814669290498877,0.9421749380345563
1785495515.644021988,1789399755.382029,0.099103,3.3884449706488105,-4.088744071389907,0.2496823731358481,-0.06709042538688129,-0.010665204852844444,0.3281525290170786,0.9421788821272291
1785495515.744318008,1789399755.489198,0.100296,3.379399963580306,-4.06948853318229,0.247387491026607,-0.06897201203972449,-0.010710909154026503,0.32821439050657375,0.9420209402368134
1785495515.844588041,1789399755.578118,0.100270,3.3878234780383725,-4.077555915397675,0.24837054402489278,-0.06743855718902046,-0.010117425136194715,0.3282212329269409,0.9421361371737956
1785495515.944588900,1789399755.691078,0.100001,3.404364266767102,-4.075972642417641,0.2477961229574771,-0.06710443256713455,-0.008897469899668461,0.32817510222650403,0.9421883741788669
1785495516.043812037,1789399755.814194,0.099223,3.393310626479738,-4.07944715797979,0.24773715162807244,-0.06725261648808845,-0.01052109451401935,0.3281004568364155,0.9421870739770495
1785495516.144254923,1789399755.940880,0.100443,3.4031646888966187,-4.078160767026782,0.2474798990954135,-0.06714022874178063,-0.009653813437577846,0.3281075805920062,0.9422018940379177
1785495516.244421959,1789399756.030978,0.100167,3.3985039547257223,-4.084250077483061,0.24871476156147143,-0.0668701929112075,-0.010548783727315674,0.32807201136509256,0.9422238883729919
1785495516.344643116,1789399756.125565,0.100221,3.3955012837506464,-4.085646583138627,0.24788996423113266,-0.06707325039211355,-0.010775468367282989,0.32808590169485685,0.9422020534218447
1785495516.443768024,1789399756.219593,0.099125,3.4154589192877682,-4.095735338697691,0.24966812264917082,-0.06579867331054942,-0.009359864235224126,0.3280551038951398,0.9423177682397719
1785495516.544085026,1789399756.316820,0.100317,3.404335872158566,-4.093215960337325,0.2482386236183344,-0.06695906312490672,-0.010718002463904523,0.3279595542994141,0.9422548164017597
1785495516.644361973,1789399756.405699,0.100277,3.3997007993509305,-4.078562700206952,0.2475283558906183,-0.06847229626252004,-0.01059594754135203,0.3280391912043652,0.9421197161582969
1785495516.743752956,1789399756.503847,0.099391,3.390535494335284,-4.088240099268776,0.24896798654548813,-0.06754883787601662,-0.01158086548457356,0.32801440461526443,0.9421834154882408
1785495516.844223976,1789399756.595989,0.100471,3.366781668436721,-4.089869336054056,0.25416325408131896,-0.06726810694220636,-0.011995099315697096,0.3281942533605088,0.942135686322263
1785495516.944396973,1789399756.665749,0.100173,3.3727439282514178,-4.0860271536492325,0.2547220642034826,-0.06734509191334266,-0.011383799191197502,0.3282306675251326,0.9421250854356488
1785495517.044775009,1789399756.777648,0.100378,3.379774310626537,-4.073948537841398,0.2523028601341225,-0.06784581115665654,-0.010727707716514297,0.32817640196699893,0.942115763262458
1785495517.144017935,1789399756.902313,0.099243,3.373853580385334,-4.080218604423812,0.2521799739465006,-0.06704713208765367,-0.011847441991910427,0.3281160994003462,0.9421805270283058
1785495517.244299889,1789399756.981083,0.100282,3.3724064485318426,-4.08303964096692,0.25253301671921163,-0.06676514078402983,-0.012039159116991226,0.32811700992947296,0.9421978042952295
1785495517.344644070,1789399757.095817,0.100344,3.3767940454816574,-4.081046056593432,0.2533024718789083,-0.06677063856054202,-0.011539819730750979,0.328111474030386,0.9422055906204184
1785495517.444957972,1789399757.200334,0.100314,3.3771019826508355,-4.085478137879328,0.2541686761279714,-0.06633914309432574,-0.01178568558448832,0.32809030278552537,0.9422403986917995
1785495517.545160055,1789399757.273196,0.100202,3.3655248795146955,-4.086577357360841,0.25380848472652257,-0.06674438124752749,-0.012749777505981807,0.32807686320018076,0.9422039071125355
1785495517.644429922,1789399757.438115,0.099270,3.3645020959577976,-4.0845295853103325,0.2525275888002711,-0.06690648038651201,-0.012351308737652942,0.32810497238925934,0.9421879298463576
1785495517.744815111,1789399757.617559,0.100385,3.3905764824879077,-4.089673451428872,0.2515666299711494,-0.06565558744270832,-0.010194373565337417,0.32813013265546387,0.9422929664539771
1785495517.845021009,1789399757.700742,0.100206,3.374806245176287,-4.0878446779486275,0.24993861686747423,-0.06670498976039146,-0.01218249768967437,0.3280617446661295,0.9422194663546744
1785495517.945080042,1789399757.776265,0.100059,3.3767812491004268,-4.083408533899801,0.25064999192218823,-0.06703843666180545,-0.011716687939659378,0.32810910190178866,0.9421852177161518
1785495518.045099020,1789399757.924833,0.100019,3.3712730278468044,-4.0929301651682275,0.25141460836567264,-0.0662832751793871,-0.012465048658611134,0.3280928527181005,0.9422347000555095
1785495518.145203114,1789399757.989999,0.100104,3.3702979900076633,-4.097449579222392,0.2533210591016601,-0.0661941224914259,-0.012352329299566572,0.32811476092951275,0.9422348230502834
1785495518.244393110,1789399758.078573,0.099190,3.369503952231623,-4.084585163987797,0.25160169741222443,-0.0675067386637047,-0.011808512906884908,0.32813905433388363,0.9421402020287362
1785495518.344636917,1789399758.135689,0.100244,3.365178232437303,-4.089731236989449,0.2517845587569822,-0.06690787078312402,-0.012271537061587064,0.32813243252070756,0.9421793103934214
1785495518.444813967,1789399758.215453,0.100177,3.373879537185476,-4.095353914983292,0.2542133039625925,-0.06635106381383626,-0.01306224535177422,0.3280389164301918,0.9422406186237209
1785495518.544967890,1789399758.271155,0.100154,3.3721072871707882,-4.09364435214636,0.254495162628795,-0.06668518775235174,-0.013125404120887769,0.32805897131634604,0.942209170428691
1785495518.644928932,1789399758.370225,0.099961,3.373173442105448,-4.089560654889568,0.25292174483406005,-0.06688973399723555,-0.012835363458610905,0.32804806743276327,0.9422024635842648
1785495518.744162083,1789399758.497042,0.099233,3.3739221096817897,-4.078661715139298,0.2526391755041154,-0.06759725468909042,-0.012483586886172444,0.3280524807776029,0.9421551576426138
1785495518.844391108,1789399758.582042,0.100229,3.3857127222028063,-4.079576299734708,0.25179948341654235,-0.06675714339441509,-0.011707580893862715,0.3280665458141632,0.9422201217724864
1785495518.944637060,1789399758.694142,0.100246,3.3787743835758457,-4.084599001031076,0.2513843789547101,-0.06641580911969747,-0.012886671742776502,0.3280312617199873,0.9422411396902214
1785495519.044749975,1789399758.800418,0.100113,3.386748698192391,-4.06841725953919,0.2496962497448377,-0.06746969661750486,-0.011829089161494754,0.32807231164413486,0.942165840508129
1785495519.145024061,1789399758.927354,0.100274,3.3778745029437967,-4.083216659820931,0.2517251714884324,-0.0660572919103685,-0.013417337221011238,0.328028647247336,0.9422598451766971
1785495519.244415045,1789399759.043534,0.099391,3.3728284193030964,-4.090812568274909,0.25415445990072527,-0.06580387797964586,-0.013803191485061664,0.3280104776498723,0.942278328361389
1785495519.344681978,1789399759.127133,0.100267,3.3659776374385557,-4.081597733257006,0.2553416850113236,-0.06695998458115802,-0.013777540375408773,0.32803757143917955,0.9421878218117365
1785495519.444792986,1789399759.230846,0.100111,3.368923588710446,-4.081611385375952,0.2539376050912221,-0.06652939150818442,-0.013243199629999326,0.3280762147772487,0.9422125317711009
1785495519.544917107,1789399759.323949,0.100124,3.3798055752553937,-4.074420746864094,0.25356623352355456,-0.0667308815908328,-0.012093502011596079,0.3280863449519806,0.94221021375658
1785495519.644119978,1789399759.417390,0.099203,3.3758911739066106,-4.087634367900505,0.2542988390781501,-0.06563220868714485,-0.013112765708321705,0.32806405783836945,0.94228150916428
1785495519.744319916,1789399759.519652,0.100200,3.372055410197998,-4.0957109573907395,0.25546584237099856,-0.06544725860810116,-0.01348745992841723,0.3280665922809983,0.9422882020881198
1785495519.844630003,1789399759.619121,0.100310,3.373033835428839,-4.09644057875394,0.25350589541081325,-0.06570226794725677,-0.01315626082863493,0.3280878812517065,0.9422677257358051
1785495519.944696903,1789399759.693082,0.100067,3.371721555675117,-4.10149218670862,0.255929882029705,-0.06571482150963313,-0.013094230918270031,0.3280236025681078,0.9422900930758107
1785495520.044087887,1789399759.766464,0.099391,3.3769163680631284,-4.096732660170678,0.25562792068576506,-0.06633504143259014,-0.012582236525255539,0.32801193758708974,0.9422576709172953
1785495520.144352913,1789399759.890336,0.100265,3.3703446588740267,-4.090429207717115,0.2556458672153136,-0.06712414466286126,-0.013118649277799122,0.3279721514098805,0.9422083199292731
1785495520.244415998,1789399759.978881,0.100063,3.3695826557960658,-4.091139912903634,0.2559906363788576,-0.06692898260144406,-0.013188176730275348,0.32797591591489383,0.9422199222380181
1785495520.343822956,1789399760.103352,0.099407,3.3702975272831615,-4.088239144877361,0.2546783149890778,-0.06704036751314542,-0.012994386951564803,0.3279678434008612,0.9422175060602553
1785495520.444072962,1789399760.197360,0.100250,3.372256072561103,-4.0851168365402195,0.2546019977038957,-0.06707782622153799,-0.012808830398827718,0.32794657326584764,0.9422247843144219
1785495520.544359922,1789399760.305013,0.100287,3.371939184365726,-4.078973363536275,0.2537311465866595,-0.06743951511471878,-0.012863268040474449,0.3279266512831416,0.9422051578688153
1785495520.644486904,1789399760.443895,0.100127,3.366741292662276,-4.083326598681691,0.2540575393002792,-0.0669133136740742,-0.01350468264116324,0.32793259342525793,0.9422316308473541
1785495520.743599892,1789399760.614856,0.099113,3.360104576469026,-4.087442451259309,0.25645955159626543,-0.0667050229545239,-0.014000386052516677,0.3279436245771842,0.9422353252782234
1785495520.843988895,1789399760.688158,0.100389,3.3604749677012555,-4.101913041961274,0.25692610692106543,-0.06553982900263179,-0.014018578958278691,0.3279601705989377,0.9423110615709527
1785495520.944109917,1789399760.720160,0.100121,3.3618026518363213,-4.104576420565283,0.25639879820594264,-0.06581788575840918,-0.013596757632220574,0.3279822651222876,0.9422901717949735
1785495521.044321060,1789399760.826346,0.100211,3.377218534112772,-4.1111492250880355,0.25848134077124046,-0.06525336365022788,-0.012381990548136117,0.3279967701492228,0.9423411291109174
1785495521.143558025,1789399760.924219,0.099237,3.374988751188144,-4.098753431886642,0.25668462576339557,-0.06689257683558375,-0.012569038751140895,0.32799124677697405,0.9422256335224688
1785495521.243730068,1789399761.020395,0.100172,3.3747238518775253,-4.09741347642721,0.25694850116942014,-0.06692335853945121,-0.012724472788252008,0.32798994910870766,0.942221813140458
1785495521.344048977,1789399761.106007,0.100319,3.384737456589413,-4.104639499127584,0.25503974591466333,-0.06700821853089471,-0.012484557063159596,0.3279150986505057,0.9422450437976551
1785495521.443263054,1789399761.180091,0.099214,3.381044408164207,-4.090531686793807,0.252775550104108,-0.06808918033055808,-0.01236890039057655,0.3279598010780804,0.942153513341552
1785495521.543438911,1789399761.281658,0.100176,3.3816776398053427,-4.099110415872536,0.25158843019142635,-0.06680023843432696,-0.012687922086860284,0.3279687732687942,0.9422384138522268
1785495521.643712044,1789399761.383514,0.100273,3.382325270387145,-4.111725101342369,0.25325406764305514,-0.06575267554435393,-0.012894358503535427,0.32797811006019834,0.9423060439681181
1785495521.744071960,1789399761.483067,0.100360,3.3702506931368097,-4.101662056438527,0.25226625629373645,-0.06725083015966331,-0.013406804646732908,0.3280095722143941,0.9421822031686302
1785495521.844289064,1789399761.578976,0.100217,3.3737717105281004,-4.099037288719387,0.25179372109044745,-0.06701719377193671,-0.012666927089060278,0.3280840266692714,0.9421831648578185
1785495521.943259954,1789399761.678551,0.098971,3.379647759293076,-4.106636788063845,0.2534363432025619,-0.06613925485980703,-0.01240091085314216,0.32813170542761094,0.9422321371454769
1785495522.043515921,1789399761.845163,0.100256,3.3822885410737062,-4.094518053676003,0.25406695081881103,-0.06726691666071062,-0.011971260544284221,0.32809074528822935,0.9421721253041395
1785495522.143769026,1789399762.029655,0.100253,3.3795642400032553,-4.098285087079059,0.2536748665856586,-0.06670359031682963,-0.012547844270447814,0.32806115773341354,0.9422149751673367
1785495522.244071960,1789399762.065709,0.100303,3.382807950429698,-4.10281781041955,0.25298270160303543,-0.06620163550910563,-0.01242787529433563,0.3280139547574915,0.9422683995846945
1785495522.344444036,1789399762.125226,0.100372,3.378012505294582,-4.110418712992324,0.2534229257377642,-0.06589490364885375,-0.013069779041790193,0.32803084914106756,0.9422753337324821
1785495522.444097042,1789399762.315484,0.099653,3.3749851349955335,-4.10575409596898,0.2547579698316856,-0.06664141043996331,-0.012920893341343862,0.3280296527573348,0.9422253020598097
1785495522.544342995,1789399762.361520,0.100246,3.376815399876489,-4.105643882581843,0.2522231827087647,-0.0664839253770319,-0.012654541608941418,0.32803234366170064,0.9422391054052597
1785495522.643683910,1789399762.441014,0.099341,3.379645452875322,-4.1020468148576334,0.25304142642288097,-0.06667502360959504,-0.012281493916999774,0.3280232669580491,0.9422336984357746
1785495522.743927002,1789399762.508277,0.100243,3.385889626472477,-4.102251298985091,0.25469123242283354,-0.06650205426601188,-0.011932249201888245,0.3280553183580967,0.9422392510951322
1785495522.843981981,1789399762.611474,0.100055,3.394212424334119,-4.081011504485694,0.25440970634449833,-0.06676789096054503,-0.010420903379654603,0.32807369631986716,0.9422319795530266
1785495522.944346905,1789399762.670800,0.100365,3.3840106787970883,-4.082156618891832,0.2545438765088089,-0.06678051698134715,-0.011724333322669209,0.32799515849865024,0.9422431101160949
1785495523.043668985,1789399762.772174,0.099322,3.3777523836921093,-4.083184134644536,0.25390079841669766,-0.06675952028021181,-0.012206853404890122,0.3279958265366991,0.942238237897602
1785495523.144290924,1789399762.895000,0.100622,3.3766075723068747,-4.085015027981349,0.25509304730515553,-0.06655024659023658,-0.012074020487828487,0.3280204998806839,0.9422461644209689
1785495523.244436979,1789399762.978771,0.100146,3.383913187622665,-4.065799896605944,0.2541434708082911,-0.06782864597614376,-0.01084240295672814,0.328031145906582,0.9421662721613125
1785495523.344692945,1789399763.082862,0.100256,3.3883733470208863,-4.069341985265967,0.25352542706448006,-0.06676116863412435,-0.010963688700360527,0.3280675168210631,0.9422284480419342
1785495523.443953037,1789399763.188937,0.099260,3.38596129211424,-4.071068844360878,0.25396542553952034,-0.06646961503840883,-0.011503487528972067,0.32805251111595796,0.9422478495607159
1785495523.544178963,1789399763.267407,0.100226,3.3665779168738927,-4.070833301134443,0.25528443807053663,-0.0669995041836772,-0.013076386898327625,0.3280344873525665,0.9421960781345508
1785495523.644186974,1789399763.414852,0.100008,3.3704830888678674,-4.077015912716946,0.2548504010421887,-0.0660260152972839,-0.012374259000423665,0.3280627840442096,0.9422644282489276
1785495523.744321108,1789399763.531603,0.100134,3.3686781323339883,-4.081042677081143,0.25432425239772016,-0.06582009241746309,-0.012334095366184572,0.32811178014936754,0.9422623017253904
1785495523.844635010,1789399763.637691,0.100314,3.374595300348905,-4.077452460770262,0.2537991832485924,-0.06613601310058426,-0.011481787775238525,0.32817218009888044,0.9422299170211879
1785495523.944710970,1789399763.725323,0.100076,3.376757600450218,-4.084345395459919,0.2544382532676339,-0.06555011233443175,-0.011538175476785834,0.3281556677645177,0.9422759208393243
1785495524.043858051,1789399763.805474,0.099147,3.3776877242621737,-4.092333554020904,0.25365664749216327,-0.0652059479396503,-0.011694286670623291,0.3281625324258136,0.942295484614246
1785495524.143997908,1789399763.901654,0.100140,3.3792477087686112,-4.0990326943567466,0.25502068613165835,-0.06516224337211898,-0.011718809400126939,0.32821170336647715,0.9422810776611164
1785495524.244055986,1789399763.993855,0.100058,3.3599836445303217,-4.115971159607625,0.2563691728808933,-0.06490047238629362,-0.013618590552943356,0.32822465522419914,0.9422690902169644
1785495524.344192028,1789399764.086513,0.100136,3.369903265899843,-4.107328098869978,0.2556181692360555,-0.06594228527961446,-0.011681766899605659,0.3282877140675073,0.9422007897080636
1785495524.444226027,1789399764.174946,0.100034,3.3630906965364886,-4.1070654711196575,0.25697915338437644,-0.06651834232645797,-0.011553204728103676,0.3283031231705554,0.9421565118976105
1785495524.544424057,1789399764.280562,0.100198,3.367730275903772,-4.102578532344242,0.256617290086349,-0.06673890737448274,-0.011254568752844047,0.32828150116090277,0.9421520625250228
1785495524.643392086,1789399764.379341,0.098968,3.3707700615423337,-4.098836583370183,0.25598498464024255,-0.06685947638080537,-0.011237426489422992,0.32824221518457525,0.9421574066124327
1785495524.743753910,1789399764.515861,0.100362,3.361517728235287,-4.0942048588137085,0.2556967938265162,-0.06736163750625429,-0.01224349867457826,0.32824254074211107,0.9421089857228874
1785495524.843930960,1789399764.591764,0.100177,3.3655961302464723,-4.091043204617401,0.256633519082057,-0.06711414388188229,-0.01180635668155575,0.3282547410997788,0.9421279778132
1785495524.944238901,1789399764.698946,0.100308,3.364721334384511,-4.095544006530757,0.25680515493342954,-0.06645616580434859,-0.012219705235874382,0.32823922615062556,0.942174754091052
1785495525.044450045,1789399764.823618,0.100211,3.3611526166372783,-4.093754607120593,0.2563796064293994,-0.06669181538048047,-0.012543775852775139,0.3282506902822387,0.942149849959022
1785495525.143560886,1789399765.028263,0.099111,3.366301300746823,-4.082089463365389,0.25469406642376813,-0.06730266667557162,-0.011739293227910294,0.32825591487997796,0.9421149581654763
1785495525.243711948,1789399765.071575,0.100151,3.3767420832803574,-4.081950405348679,0.25461570475807466,-0.06652140946294141,-0.011159115007220739,0.32824384321164396,0.942181699901315
1785495525.343746901,1789399765.126138,0.100035,3.378121593303266,-4.083298621960311,0.2552560261588901,-0.06619219355181609,-0.01163619774444367,0.32817440278458027,0.9422233035601475
1785495525.443830013,1789399765.228677,0.100083,3.376886494520183,-4.085053259528847,0.25428114643459754,-0.06604688489767012,-0.012141851976074576,0.32813740276762804,0.9422400062249443
1785495525.544106960,1789399765.313540,0.100277,3.370840682350825,-4.092241799226767,0.25512861564558503,-0.06571025690527026,-0.012994785761076391,0.3281193890531123,0.9422584381197348
1785495525.643062115,1789399765.416023,0.098955,3.3747244008093653,-4.092565406816211,0.25486529609537284,-0.0656877222634,-0.012440145029167824,0.32808359883732346,0.9422799573955781
1785495525.743279934,1789399765.497538,0.100218,3.368786385942279,-4.092810676010547,0.2553328208425839,-0.0660036619044548,-0.01299265670793899,0.32804547050033595,0.9422636981074076
1785495525.843272924,1789399765.603502,0.099993,3.370603607612189,-4.086384167305449,0.2550545768326922,-0.06651086058509308,-0.012462874619586672,0.3280753063498616,0.9422248009598632
1785495525.943603039,1789399765.681149,0.100330,3.377257821341618,-4.072133012693005,0.2492216611673059,-0.06822031472943221,-0.011531705664824619,0.3281203588210826,0.9420987414012201
1785495526.043834925,1789399765.769398,0.100232,3.373602106737881,-4.070869781663618,0.24943641802491756,-0.06836165247545199,-0.012103754132186185,0.3281312456669585,0.942077528244754
1785495526.144068956,1789399765.877883,0.100234,3.372354106199823,-4.073982116577294,0.25050444481458267,-0.06799413257783342,-0.01228479772480605,0.328096839620515,0.9421137646329347
1785495526.243256092,1789399765.986795,0.099187,3.371274693884911,-4.079940560180505,0.24828041339453572,-0.06757924353903298,-0.012506925210393984,0.3280513865223421,0.9421565212135427
1785495526.343383074,1789399766.101820,0.100127,3.371374548272044,-4.07222576979778,0.24770336322736713,-0.06934580691211742,-0.01240776393127911,0.32821597493301585,0.9419721228659927
1785495526.443795919,1789399766.216287,0.100413,3.354784166437421,-4.050609780805154,0.24502054950044438,-0.07315252230209371,-0.013195027875615549,0.3280062751898355,0.9417465068457939
1785495526.543019056,1789399766.283117,0.099223,3.3598089958396806,-4.073259357929396,0.24867582488680423,-0.07239834255376372,-0.013299755881664625,0.3276187715610911,0.9419381810977403
1785495526.643162966,1789399766.445205,0.100144,3.3552502411124845,-4.080497964516928,0.24973078566239706,-0.07419956794583453,-0.014273302781260867,0.32695060321332536,0.9420159234337657
1785495526.743489981,1789399766.705509,0.100327,3.36079777199343,-4.09976512274903,0.2503267329998218,-0.06891025099650756,-0.011535589697746129,0.32449047180316914,0.9433049566215811
1785495526.843552113,1789399766.766911,0.100062,3.3446624747174654,-4.1039148121830085,0.24637832153376843,-0.06907422080507464,-0.013921247724695994,0.32608435567374283,0.9427109545702552
1785495526.943670034,1789399766.809078,0.100118,3.3452544886654842,-4.102326261729402,0.2494770327782112,-0.06764728419865042,-0.01244161682015724,0.32699594671752197,0.9425193377017371
1785495527.043925047,1789399766.901517,0.100255,3.3417708846162513,-4.099910849327163,0.2506345527258388,-0.06802111260598898,-0.012427007192473246,0.32726016219198256,0.9424009146717341
1785495527.144100904,1789399766.979855,0.100176,3.341112341995987,-4.078188311199269,0.24989519892053652,-0.06980783733121065,-0.011467775653121914,0.3274236347410455,0.9422256202108035
1785495527.243151903,1789399767.053349,0.099051,3.331274406614644,-4.07839073898486,0.24759694561888276,-0.06933471311672197,-0.012246281879321,0.32742909252407054,0.9422488607082419
1785495527.343538046,1789399767.211603,0.100386,3.339741430724755,-4.077881118022287,0.24704673135513391,-0.06870732640071917,-0.011196157336908728,0.32746228920194326,0.9422963432542532
1785495527.443715096,1789399767.227785,0.100177,3.3453107724876925,-4.071587210993938,0.24838376673829995,-0.06888675721260284,-0.010685527345361445,0.32750336878016234,0.9422748949344297
1785495527.543936968,1789399767.311270,0.100222,3.339665227475939,-4.071038921292554,0.24795196292121577,-0.06714502255050571,-0.011754387923968782,0.32755963823514683,0.9423683269881509
1785495527.644069910,1789399767.389116,0.100133,3.352002289131558,-4.069887569408332,0.24916409686893512,-0.06667589238209534,-0.011165413672533856,0.32751320631091746,0.9424249352624731
1785495527.744208097,1789399767.471014,0.100138,3.3512487265445077,-4.043652414780029,0.24898435004263397,-0.06874333965591486,-0.01126655605254878,0.3274547079703157,0.9422955121381525
1785495527.843396902,1789399767.584239,0.099189,3.347007192193272,-4.0497881458659535,0.25028938013121976,-0.0674487794725152,-0.012518983095076312,0.327360958794479,0.9424058254632419
1785495527.943689108,1789399767.724579,0.100292,3.3424873493909995,-4.047840390055731,0.249850874206303,-0.06734189367679265,-0.012975509422193632,0.3273591030034739,0.9424079388417634
1785495528.044035912,1789399767.824543,0.100347,3.3422407185917296,-4.076086616271514,0.24981549643309015,-0.06470913548121852,-0.013811555208195781,0.32729523910117847,0.9426026709009839
1785495528.144150019,1789399767.924447,0.100114,3.3534016487570066,-4.0879855075594245,0.2492304933204772,-0.06424917868938256,-0.01304831088474299,0.32727557568615756,0.9426518350801907
1785495528.244206905,1789399768.012108,0.100057,3.347183848026591,-4.077693203226493,0.2503477026368548,-0.06613592539043422,-0.013299666729518577,0.32722902601127857,0.9425339902482597
1785495528.343290091,1789399768.106803,0.099083,3.3490178031849016,-4.075674377437219,0.2503108108327192,-0.06630107472751964,-0.013135951984180612,0.327300868569549,0.9424997377660249
1785495528.443290949,1789399768.195921,0.100001,3.348687208373047,-4.088373844000303,0.2503646105364998,-0.06542657330282022,-0.01355636499646619,0.32728388732043484,0.9425607914475969
1785495528.543442011,1789399768.295872,0.100151,3.3513127090925607,-4.084208605069237,0.24747451440727994,-0.06615589002298682,-0.013098946271373608,0.32728194668298904,0.9425170254150326
1785495528.643716097,1789399768.388718,0.100274,3.353583715832281,-4.087786666870861,0.24711899295616144,-0.06602305368797737,-0.013111484944266812,0.32729429564105067,0.9425218774039471
1785495528.743685007,1789399768.463593,0.099969,3.3460006680520924,-4.071934227518156,0.24840948658427425,-0.0675898329023284,-0.014370841089069573,0.32716773040651415,0.9424364008224851
1785495528.842823029,1789399768.576555,0.099138,3.342870603780748,-4.08926990688209,0.2502015851202084,-0.0659238432276842,-0.014889271342543005,0.32715203295851597,0.9425518043184955
1785495528.942887068,1789399768.687211,0.100064,3.358338841830847,-4.087558172581961,0.2507263861165862,-0.06607473514609162,-0.013167682949016917,0.3271232295333334,0.9425768585111622
1785495529.042993069,1789399768.781220,0.100106,3.348065480990498,-4.083602469990388,0.25059124018604906,-0.06699352550108975,-0.014201882088392319,0.3271021405434689,0.9425043043604228
1785495529.143189907,1789399768.905908,0.100197,3.3557293947034754,-4.0790346458685915,0.25098304595287807,-0.067075480161916,-0.013275276915723309,0.32714169836070167,0.9424982526124367
1785495529.243484974,1789399768.986108,0.100295,3.3592269378986677,-4.075267871124053,0.2519731283491624,-0.06719365832445262,-0.01309690573668825,0.32716785888604505,0.9424832494283298
1785495529.343656063,1789399769.094114,0.100171,3.3633753771660886,-4.06558144477299,0.24997345987435038,-0.06766149798040609,-0.012764882538843664,0.3271478077765011,0.9424612943414747
1785495529.442902088,1789399769.196574,0.099246,3.365274705465085,-4.069372735842411,0.24766409675123172,-0.06690492911165997,-0.013186733903771057,0.327135795542474,0.9425136666299694
1785495529.543204069,1789399769.348119,0.100302,3.358324228959064,-4.065658219399737,0.2480397322255776,-0.06730960374526254,-0.013904421344813492,0.3271132019524326,0.9424823804289978
1785495529.643260956,1789399769.603632,0.100057,3.3510636697321026,-4.085056913612489,0.24974119407967096,-0.06569142002937169,-0.01497539206968198,0.32705802290400543,0.9425992916510009
1785495529.743335962,1789399769.655085,0.100075,3.3465714040345973,-4.07088332573248,0.24836993509373909,-0.06734383270070264,-0.014464972116548487,0.3271106959431542,0.9424723684959649
1785495529.843441010,1789399769.739659,0.100105,3.3424879815022526,-4.076656364357867,0.24896776511182425,-0.06667313571738673,-0.014691238714351707,0.3271406210664638,0.9425061668375749
1785495529.942537069,1789399769.818740,0.099096,3.3385015412466448,-4.076241463242847,0.24818075454581678,-0.06675933510030752,-0.014620528083244717,0.32717126130079677,0.9424905289255373
1785495530.042603016,1789399769.877129,0.100066,3.346305955934347,-4.079111536565495,0.24815546179045617,-0.06623614608886737,-0.013712619556039578,0.3272192097894734,0.9425244430575366
1785495530.143018007,1789399770.030647,0.100415,3.3579212613101683,-4.095443642460006,0.2514504016004674,-0.06475210164632612,-0.013223585043777833,0.32724955598407784,0.9426240131882697
1785495530.243356943,1789399770.071904,0.100339,3.3654226943266354,-4.081780453440391,0.2511783216841025,-0.06647442957731164,-0.012452322703303959,0.3272026338227254,0.9425309152972632
1785495530.342643023,1789399770.133511,0.099286,3.357279969430085,-4.0796336940237845,0.25178571417649825,-0.06688047803974288,-0.013509991662179078,0.3271286719710185,0.942513296328971
1785495530.442946911,1789399770.237559,0.100304,3.3573545937928544,-4.0907810652229335,0.2520945106662703,-0.06594059630314413,-0.013806528883526608,0.3270823167069877,0.9425913089016498
1785495530.542120934,1789399770.325424,0.099174,3.386964791827599,-4.057162503773638,0.25261154429677696,-0.07001207000156155,-0.009156568689088882,0.3271221477658125,0.9423404733667027
1785495530.642292976,1789399770.382073,0.100172,3.3855519132881637,-4.0631174921304964,0.25352283000450837,-0.06935371843805163,-0.009721347414009351,0.327093063289008,0.9423935935114613
1785495530.742450953,1789399770.471070,0.100158,3.383161331675993,-4.0644174183839805,0.2536323925658607,-0.06941813054743763,-0.010073872496282332,0.32711328375793464,0.9423781299633864
1785495530.842724085,1789399770.570888,0.100273,3.3837955313508954,-4.072040226956714,0.2524279074702601,-0.06882490475787154,-0.010183687436193793,0.32709126267855193,0.9424281038225586
1785495530.942992926,1789399770.682841,0.100269,3.3963213072609486,-4.062426942120127,0.25199918624612,-0.06954420851636846,-0.008847775009394617,0.3270590472176043,0.9423999679394566
1785495531.042372942,1789399770.765493,0.099380,3.390187730881572,-4.066945524640163,0.25322085784215215,-0.06934067155517466,-0.009977154263345738,0.32702630793214704,0.9424150474081535
1785495531.142513990,1789399770.915338,0.100141,3.3841281740388776,-4.065870178357624,0.25300457361334666,-0.06963030007339488,-0.010434543244204801,0.3270699024190721,0.9423736098546656
1785495531.242698908,1789399771.030252,0.100185,3.3844425544682335,-4.059991416401685,0.2520753199769943,-0.0700385758824374,-0.010062765196200243,0.32711599998161756,0.9423313966970184
1785495531.342822075,1789399771.125485,0.100123,3.3735284703867654,-4.05380189328936,0.2521569811421936,-0.07065345652006451,-0.010790824607174815,0.3271001636974884,0.9422829352668453
1785495531.443301916,1789399771.225342,0.100480,3.3728343512875982,-4.056153360461818,0.25301662463216357,-0.07000044197135953,-0.010553901763836774,0.32714548225857465,0.9423186227169339
1785495531.542587996,1789399771.306096,0.099286,3.3700119270424373,-4.056215978032752,0.25208024557800107,-0.06986086640184479,-0.010578639131517421,0.3271912933984967,0.9423127979943223
1785495531.642842054,1789399771.404853,0.100254,3.3672285924827636,-4.0247486255402,0.24960865691930414,-0.07213197182301931,-0.009642045991161424,0.32725919731666764,0.9421281374429057
1785495531.743146896,1789399771.500621,0.100305,3.3752736146186777,-4.036713483912583,0.24969060528533135,-0.06969488609655475,-0.009458896606858922,0.32730755620400276,0.9422966177264426
1785495531.843357086,1789399771.594950,0.100210,3.38091431929585,-4.040089063930141,0.2510957792507829,-0.06908249078543494,-0.009288258449134645,0.3272656756494825,0.9423579549531648
1785495531.943542957,1789399771.694033,0.100186,3.380572713949408,-4.044430880173827,0.2504566718355002,-0.06871810913311,-0.009709909831530755,0.32722898368238273,0.9423930874992608
1785495532.042686939,1789399771.768972,0.099144,3.366795013491813,-4.070413780710615,0.2513313854717506,-0.06568090593027957,-0.012437625562889179,0.3272083597676997,0.942584751290104
1785495532.142910957,1789399771.882883,0.100224,3.354556964047359,-4.066006379357425,0.24950452753426647,-0.06671895945544408,-0.013388266412324285,0.3272065177627132,0.9424994586233009
1785495532.243108988,1789399771.981639,0.100198,3.3574898090534147,-4.078159707360924,0.25023170001945116,-0.06558674941503925,-0.013226063606775775,0.32722140225199525,0.9425760465080983
1785495532.343385935,1789399772.088375,0.100277,3.3593868701577634,-4.080783636323673,0.25090517186591527,-0.06580365808350316,-0.012957877703648764,0.3272114750040264,0.942568099722188
1785495532.442689896,1789399772.205797,0.099304,3.3600565533105393,-4.08085862365266,0.24864777993392817,-0.06615583445137177,-0.012775778956085077,0.3272282880413807,0.9425400959882692
1785495532.542721033,1789399772.351501,0.100031,3.3616823659321207,-4.079088653584588,0.24866681633568555,-0.06653163428670135,-0.012608170565676981,0.32726794487984634,0.9425021315244915
1785495532.642709970,1789399772.627451,0.099989,3.361400755178661,-4.076069922814855,0.24970759105003107,-0.06691855981827362,-0.012529644594967018,0.3272690647940625,0.9424753968072334
1785495532.742862940,1789399772.669502,0.100153,3.3630952288042657,-4.075025294753799,0.2511191441674745,-0.06696604184603148,-0.012379447411610114,0.32725638213804814,0.9424784129470207
1785495532.842946053,1789399772.752650,0.100083,3.3627312575788517,-4.083680173853126,0.2522609368517155,-0.06635546863981495,-0.012734108279772147,0.32724784729011064,0.9425198357126805
1785495532.942985058,1789399772.904135,0.100039,3.356808714231378,-4.088332591247459,0.2522903545790248,-0.06647684292480917,-0.013258096940485799,0.32724845448380646,0.9425038468134692
1785495533.043240070,1789399772.934055,0.100255,3.354134399942171,-4.09195546068891,0.2510574940608142,-0.06655031972498561,-0.013294022930380612,0.3272868753159951,0.942484814278024
1785495533.142355919,1789399773.007942,0.099116,3.354711430556611,-4.086425943266359,0.25067724779201883,-0.06717707603247634,-0.012764209633800145,0.3272942689441405,0.9424451055230921
1785495533.242439985,1789399773.094517,0.100084,3.3587199034930064,-4.080880946906395,0.2483120951831072,-0.06746546446580957,-0.012206500308646624,0.3273075999624414,0.9424272637511154
1785495533.342719078,1789399773.154813,0.100279,3.3589636023523384,-4.075755594942179,0.2483242765303002,-0.06771763803625179,-0.012176485286784585,0.32732453042775184,0.942403685521796
1785495533.442873955,1789399773.211735,0.100155,3.356135411858167,-4.0719334698231116,0.25041338189599543,-0.06791552954412522,-0.012457542204857343,0.32732202750010503,0.9423866408232536
1785495533.543082952,1789399773.293088,0.100209,3.362234327264684,-4.069036201850199,0.25068913503408563,-0.06764671801788619,-0.011907015218475852,0.32732122172857797,0.9424133712634106
1785495533.642244101,1789399773.372051,0.099161,3.365756396796807,-4.077602855543609,0.2518459077827857,-0.06664535145489346,-0.012186540564430937,0.3273274969887745,0.942478962668955
1785495533.742284060,1789399773.458971,0.100040,3.386044069144233,-4.076094046736175,0.2518151396968459,-0.06513323726923512,-0.011434015852890708,0.3272883504330514,0.9426076916485869
1785495533.842295885,1789399773.571261,0.100012,3.384884156048091,-4.085841273454222,0.2528753004898692,-0.06436357584086602,-0.011925539272524831,0.3272435477570146,0.9426700228974076
1785495533.943303108,1789399773.673052,0.101007,3.3823504845934322,-4.0812644357188015,0.25468337396732005,-0.0651266998225475,-0.011960268114722995,0.32721876303326053,0.9426257720197293
1785495534.042402029,1789399773.796227,0.099099,3.396690454945705,-4.072295133515838,0.2525138579683538,-0.06534488887686282,-0.010598010575113188,0.327255385904741,0.9426142583611916
1785495534.142453909,1789399773.918237,0.100052,3.3828190736238373,-4.0822136067666115,0.25327815206236937,-0.06484382634044206,-0.012648670588340788,0.3272117626603174,0.9426387174811813
1785495534.242629051,1789399774.012262,0.100175,3.387038848929479,-4.088168121968984,0.25543667005931536,-0.06446106917598837,-0.01227781758417413,0.3271773642319483,0.9426818116895294
1785495534.342773914,1789399774.109849,0.100145,3.3774205715780687,-4.077664456511582,0.25360474629966967,-0.06584859013454537,-0.012736437460826151,0.3271765989042274,0.9425800865006227
1785495534.442023993,1789399774.176248,0.099250,3.378002735311635,-4.094398914799508,0.2557798969317609,-0.06421878916170559,-0.012877444315395337,0.327202337891397,0.9426816793726673
1785495534.542992115,1789399774.276954,0.100968,3.3770417330954503,-4.080913610706114,0.2546253902070091,-0.06572523512660673,-0.012189778119662794,0.3272040346955775,0.9425864005256182
1785495534.642234087,1789399774.375664,0.099242,3.3761310124319923,-4.076750743140254,0.25533096605570316,-0.06582196698075696,-0.012080286510435925,0.32724212281574666,0.9425678375563287
1785495534.742373943,1789399774.472366,0.100140,3.3699464840694033,-4.072599183974206,0.2546192303380671,-0.06601983772529257,-0.012323686744508901,0.32725852839844494,0.9425451518957558
1785495534.842576027,1789399774.576859,0.100202,3.3708606495996,-4.069376037769655,0.2547601826795204,-0.0658678438558044,-0.011962973829809296,0.3273076954516548,0.9425433607537753
1785495534.942692995,1789399774.682626,0.100117,3.3741196226853267,-4.0593649747806415,0.2533299699795115,-0.06621839710575192,-0.011291495364472269,0.32732213021016887,0.9425220682253632
1785495535.041914940,1789399774.772277,0.099222,3.3646485496190617,-4.070455028386802,0.25335211145521874,-0.06690030534939695,-0.011078626417361282,0.32740641214870775,0.9424471626912205
1785495535.142090082,1789399774.912635,0.100175,3.3685786235461905,-4.069728957093817,0.2528219759709597,-0.06652692600022259,-0.010956118834977858,0.32740454131601765,0.9424756749660133
1785495535.242273092,1789399774.985450,0.100183,3.3718275532727993,-4.072367829176846,0.2535103741520571,-0.06605604441767628,-0.011097695528370692,0.32735781221835575,0.9425233699645971
1785495535.342308998,1789399775.093752,0.100036,3.3663481723076574,-4.076201494507123,0.2527172230471419,-0.06589647597913169,-0.011913911069245017,0.32735835497730936,0.9425243872723269
1785495535.442456007,1789399775.194666,0.100147,3.3696258180735525,-4.078990141238162,0.2521870698020034,-0.06561387701115205,-0.01166008959169674,0.3273600320776046,0.9425466942557214
1785495535.542512894,1789399775.263194,0.100057,3.3658422130373897,-4.0810480673850345,0.25274169773596544,-0.06567141590319094,-0.012061373022902975,0.32733137389292916,0.9425475903525504
1785495535.642587900,1789399775.423704,0.100075,3.367001134675793,-4.091089226804336,0.2526015345202094,-0.0649995346986868,-0.012168095675504757,0.3273411039631084,0.9425894119884642
1785495535.741935015,1789399775.705964,0.099347,3.3757190011332074,-4.092084900163794,0.2537553311981326,-0.06512228458710417,-0.011292912721230895,0.32734198062772196,0.9425915265326261
1785495535.841932058,1789399775.771558,0.099997,3.3699868592567417,-4.07786365809369,0.25292219994255216,-0.06681139682617795,-0.011556609598693689,0.3272893418377341,0.9424883918373216
1785495535.942256927,1789399775.842071,0.100325,3.3741244717685106,-4.080472095178196,0.2508202944012125,-0.06617221396170757,-0.011418904987625846,0.32731565219918396,0.9425260264489633
1785495536.042289019,1789399775.905924,0.100032,3.3700170209024503,-4.084573262315697,0.25241389140352477,-0.06663843076757608,-0.012400209865431786,0.32763531955530234,0.9423697001283426
1785495536.142537117,1789399775.970888,0.100248,3.3641759594484446,-4.099522968951468,0.2579650403403389,-0.07317312514155584,-0.015353952300216621,0.3284142336587778,0.941569987327579
1785495536.242769957,1789399776.032697,0.100233,3.3621086193076097,-4.095950851040731,0.2687776655075724,-0.08566465768214608,-0.01984998089886437,0.3287753472652575,0.9403054374580009
1785495536.342072010,1789399776.134826,0.099302,3.3769225419215703,-4.123326008946147,0.2810824269022923,-0.09069048474271439,-0.02815064396230438,0.33099646065767546,0.9388419037589275
1785495536.442212105,1789399776.229137,0.100140,3.402045032904245,-4.166166036918097,0.28783395861354927,-0.08425581255627292,-0.033673252142572246,0.33472345549266147,0.937937779644062
1785495536.542520046,1789399776.310071,0.100308,3.4335450807378454,-4.2095035721486225,0.2937170787999418,-0.07602823878066306,-0.029494482879934496,0.3336808113498614,0.9391522232973795
1785495536.642672062,1789399776.403810,0.100152,3.495016243508083,-4.248250170699085,0.3013244262690534,-0.0708321046799361,-0.016481879152628373,0.332163066750351,0.940414194753125
1785495536.742815018,1789399776.489231,0.100143,3.505787271967168,-4.28785944630909,0.30219713079846094,-0.0697433763946694,-0.009298391883818157,0.3310091917166538,0.9410006994452724
1785495536.841965914,1789399776.562217,0.099151,3.5599606233152756,-4.314054653833342,0.2987853090768144,-0.06217462275618303,-0.0039320326618895425,0.3341712596934942,0.9404511814012959
1785495536.942136049,1789399776.665970,0.100170,3.5730893332788827,-4.36355701864662,0.2984075745017001,-0.05152437754160748,-0.006814502780459149,0.33430417790864064,0.9410310928463476
1785495537.042120934,1789399776.783380,0.099985,3.6449628564792484,-4.409599143020484,0.29915459194866467,-0.03883045188100481,0.006973202333952262,0.33228361061343525,0.9423540590317341
1785495537.142154932,1789399776.922657,0.100034,3.708572046062786,-4.449320265410653,0.30210896342530524,-0.024867071979755465,0.02096620983081214,0.3310220094916141,0.9430622863886444
1785495537.242472887,1789399777.034945,0.100318,3.721195750172427,-4.5034590799177305,0.313216428347456,-0.016967766607253857,0.02163370607498427,0.3318007137047974,0.9429487600303474
1785495537.342708111,1789399777.123660,0.100235,3.7549511582732933,-4.532359599900936,0.3168710948919259,-0.015660886875799383,0.019670109810852803,0.3313085979966744,0.9431873813276609
1785495537.441881895,1789399777.204290,0.099174,3.785758378653065,-4.565483433928116,0.320514999640348,-0.01578911420131291,0.019834526022859678,0.3272670734141514,0.9445917414995135
1785495537.542048931,1789399777.303501,0.100167,3.800955463354134,-4.610815328205773,0.3172501434573941,-0.014457288967119002,0.022348028924008796,0.3268899967345659,0.944687505175002
1785495537.642014980,1789399777.390565,0.099966,3.840445298176401,-4.647122501964835,0.3167673671477017,-0.009816443156995626,0.0246198159369643,0.3297576447582576,0.943693487224757
1785495537.742336035,1789399777.491423,0.100321,3.8488114439428305,-4.695818357359372,0.31906824876573775,-0.007648697732086904,0.015812937972048288,0.3302051367308582,0.9437457369928677
1785495537.842365980,1789399777.595777,0.100030,3.8449561199400786,-4.721373997149767,0.3181506850001329,-0.014979390894822359,0.010721744371595272,0.32642107829970896,0.9450449416232366
1785495537.942456007,1789399777.686651,0.100090,3.884999471184813,-4.748850833014164,0.3161773235070591,-0.020540993518994945,0.014338685078988419,0.32430240577244285,0.9456217104665192
1785495538.042645931,1789399777.762465,0.100190,3.916669197482038,-4.79776659520717,0.3091819038843847,-0.01606793732644101,0.014623472598127943,0.3268300309839805,0.9448333748795161
1785495538.142688990,1789399777.875309,0.100043,3.9505664082164715,-4.813274660713105,0.31398656415151077,-0.021763105755390918,0.01314117195601919,0.32855055364105323,0.9441441682972042
1785495538.242930889,1789399778.000583,0.100242,3.973754372628146,-4.85711985409039,0.3145085220233384,-0.015533924381066551,0.008042224909856354,0.3310599378852099,0.9434475805995917
1785495538.342948914,1789399778.107453,0.100018,3.996965975081789,-4.878047367918744,0.32390731723371036,-0.01937323605779436,0.0039003615899048934,0.33155729661431776,0.9432280869258939
1785495538.442174911,1789399778.168107,0.099226,4.007828527175894,-4.913075069173252,0.3337158109171951,-0.03276951875557705,0.0006794892884569293,0.32961100444396874,0.9435477108679944
1785495538.542155027,1789399778.366545,0.099980,4.014623337789849,-4.918569837127357,0.3336370431780282,-0.04604661818615624,-0.0003044533926433537,0.3289542044236771,0.9432225334743094
1785495538.642354012,1789399778.623030,0.100199,4.037262090502037,-4.948877284698073,0.3374355605011164,-0.04913225845368997,-0.00441170930999561,0.3299911308367226,0.9426942301559206
1785495538.742532015,1789399778.678776,0.100178,4.04424563632745,-5.005642204068426,0.3392722902661404,-0.04688163847684249,-0.009337170367207196,0.33007118456478624,0.9427448978081069
1785495538.842628002,1789399778.780598,0.100096,4.083260863355455,-5.041999019553173,0.3406594585822759,-0.04691537503598744,-0.014902664866601443,0.3316838795722523,0.9421054411248054
1785495538.942780018,1789399778.832627,0.100152,4.116487920256826,-5.054290528748934,0.34737634770685727,-0.057174626973556984,-0.015036654530527018,0.3319312616977188,0.941449201262969
1785495539.042124987,1789399779.030813,0.099345,4.124668103395415,-5.085651622578874,0.3605661972927555,-0.0615650238776219,-0.026522617878286674,0.3360980545916351,0.939438340858784
1785495539.142414093,1789399779.072805,0.100289,4.132596184403461,-5.097680437722756,0.3728285394209196,-0.07620467457288813,-0.03596278713870529,0.3374071814089337,0.9375798203076311
1785495539.242826939,1789399779.126033,0.100413,4.153419887595265,-5.109068165614759,0.37799662877183293,-0.08226111550831289,-0.03252470957469062,0.3291524205770381,0.9401244258983183
1785495539.342044115,1789399779.197119,0.099217,4.181761532797886,-5.1790303252915235,0.3785604358329752,-0.06542172825365175,-0.02672370415935665,0.32690374969469904,0.9424116826227337
1785495539.442133904,1789399779.323071,0.100090,4.223564209331629,-5.245480219371168,0.3795287358966178,-0.035043059868004524,-0.02415094008268359,0.3286746675140816,0.9434837990038177
1785495539.542277098,1789399779.384565,0.100143,4.265740812209616,-5.30314329617427,0.38493561330287424,-0.025712260170731933,-0.019131127404537932,0.3312517469770902,0.9429979638184423
1785495539.642302990,1789399779.401193,0.100026,4.278392268068966,-5.307287579772056,0.3838221241217193,-0.03433163722641776,-0.0152668402619383,0.3285940977419134,0.9437235724527107
1785495539.742410898,1789399779.472541,0.100108,4.30162417862514,-5.339867143263486,0.38577904569713006,-0.037128167231036825,-0.020906364182601594,0.33410291872398135,0.9415729726552279
1785495539.842477083,1789399779.567391,0.100066,4.329046814451164,-5.372078901907464,0.39352160346176296,-0.037434686367977636,-0.03057994391960345,0.33742908408349676,0.9401091024455267
1785495539.942581892,1789399779.665083,0.100105,4.366756070438431,-5.395072822580466,0.38782947738911655,-0.028287036906228046,-0.030154323536897776,0.3420972222457433,0.9387545210792861
1785495540.041893959,1789399779.834632,0.099312,4.438777171782164,-5.453983170011667,0.3856935861019282,0.002629599838197097,-0.016026059783652253,0.34512200187278996,0.9384173135848333
1785495540.142131090,1789399779.934643,0.100237,4.524717615191007,-5.555665254053277,0.3862265594928015,0.027432437150568135,0.007182211397011181,0.3399373989354723,0.9400204476692892
1785495540.242521048,1789399780.014333,0.100390,4.598448049067179,-5.551975021775451,0.37781978217387086,0.027162471310879704,0.034285583978262466,0.33933868358757846,0.9396467190942352
1785495540.341924906,1789399780.122650,0.099404,4.6376360596942225,-5.576229849914841,0.3800684205458063,0.02219603368785986,0.042453185814248985,0.337762021789264,0.940011638087281
1785495540.442110062,1789399780.206104,0.100185,4.643684467805844,-5.642338303657929,0.38224711192656957,0.014216280050845355,0.03181573692595431,0.34215583339520905,0.9389968274381764
1785495540.542337894,1789399780.299442,0.100228,4.651309899509333,-5.628050935587917,0.38491684694539374,0.0005927337021707553,0.02030652591146825,0.34585997759405895,0.9380661861354761
1785495540.642560959,1789399780.392392,0.100223,4.654218560936764,-5.681344020161205,0.38977858322641673,0.0023847649216307246,0.016914911896570847,0.345142622690359,0.9383947829427527
1785495540.742696047,1789399780.493457,0.100135,4.684788961961548,-5.69642134229356,0.3870225800625997,0.0032740389796610866,0.028924039517976948,0.34402459332115065,0.9385093285614666
1785495540.841949940,1789399780.597275,0.099254,4.7120434753749665,-5.696464745180454,0.3873817585876523,-0.003503456679714128,0.029423384865088133,0.34568131856775197,0.9378840099967533
1785495540.942255974,1789399780.686332,0.100306,4.740866964034473,-5.7112526361897435,0.37520678809656655,-0.005600557393669423,0.02359089846039964,0.3520224093330592,0.9356774693204984
1785495541.042241096,1789399780.764606,0.099985,4.760287116819975,-5.747569161865182,0.3697248988116648,-0.0029756236294328983,0.02609833225360789,0.3489811448115308,0.9367615402457465
1785495541.142383099,1789399780.885057,0.100142,4.79615815492641,-5.771882037041508,0.36937680768549486,-0.004417047586011364,0.033140574954526575,0.34645678085833786,0.9374699413738757
1785495541.242625952,1789399780.986384,0.100243,4.828715817957867,-5.798778816700625,0.3682791070758062,-0.007746536635648672,0.035005535486078765,0.3480644379679769,0.9367847942176876
1785495541.342782974,1789399781.093552,0.100157,4.8627574483468505,-5.834545736291138,0.3608755088159401,-0.004113603640744942,0.03450909213192646,0.3496291520117893,0.936243374817033
1785495541.442091942,1789399781.173620,0.099309,4.893261226625598,-5.8886704613215155,0.366557225018475,0.003112230460367439,0.03069204199084713,0.3492896364715827,0.9365068405695159
1785495541.542289019,1789399781.318913,0.100197,4.910717635903093,-5.908979601802739,0.3623646010089532,0.0040676856561321145,0.03060798540418679,0.3479230304009849,0.9370144983293743
1785495541.642374992,1789399781.511256,0.100086,4.9595526248726465,-5.950503017155687,0.3619860332446115,0.008035397874791066,0.035666107424297724,0.3491743905914663,0.9363442775588601
1785495541.742597103,1789399781.547644,0.100222,4.994458041834311,-6.002404426285928,0.3625057071860095,0.0149933231078159,0.03494119062322147,0.3509606744265633,0.9356179340232961
1785495541.842089891,1789399781.640536,0.099493,5.011746423603988,-6.041245068396627,0.363937513975534,0.015381948030056164,0.028351873035409716,0.3499706786106625,0.9362051543774634
1785495541.942212105,1789399781.800555,0.100122,5.044697551715598,-6.083244736996362,0.3694105416008323,0.01268378816342944,0.027264904842402408,0.3491401326148976,0.9365879105985541
1785495542.042314053,1789399781.822423,0.100102,5.062204338970833,-6.096061999201665,0.3699549824852796,0.00694008473552254,0.028430098854146508,0.3479040295821868,0.9370732900384249
1785495542.142435074,1789399781.915702,0.100121,5.108353098666207,-6.107019541899969,0.3600597823423538,0.006550670724916873,0.030768228078838437,0.3505602649881819,0.936011701564308
1785495542.241699934,1789399782.013050,0.099265,5.150122044933492,-6.140124009279196,0.3593420680451066,0.009753601350462464,0.02842427849258202,0.3518719649957552,0.9355656299281474
1785495542.341916084,1789399782.098215,0.100216,5.186967174571019,-6.180760218268089,0.36194051317273945,0.011548385351999091,0.032553121967424326,0.3513121666968249,0.9356210186697769
1785495542.442147970,1789399782.201997,0.100232,5.218675795145914,-6.219503140892934,0.36154086468845803,0.008744543759271561,0.036970907568341635,0.3533352630229937,0.9347250274024118
1785495542.542376995,1789399782.292844,0.100229,5.243901058389597,-6.263279483608653,0.3631375595631115,0.009397513254392533,0.03530534904287349,0.3539395783437199,0.9345544360578555
1785495542.642612934,1789399782.383934,0.100236,5.254089537459808,-6.318796178479274,0.36364990481753157,0.00881360446823571,0.0340529073273683,0.356293300825122,0.933711841879453
1785495542.742722034,1789399782.475412,0.100109,5.29160362355699,-6.311391773681999,0.3717442738426022,0.005632240630530588,0.03674726542095981,0.357668628234356,0.9331082834947214
1785495542.841959000,1789399782.587005,0.099237,5.30807704525756,-6.3434813331254425,0.3738207602273017,0.007781217152500539,0.036790579030881364,0.35731025783006753,0.9332284209150291
1785495542.942147017,1789399782.711853,0.100188,5.325939738390467,-6.3634521185802155,0.3706657532933091,0.014156210379308554,0.04158789418968132,0.3568910142079466,0.9331124544995302
1785495543.041949034,1789399782.830520,0.099802,5.310263016649401,-6.34951065930421,0.3696651092314013,0.007516832501694048,0.03763173784894532,0.3572752134992776,0.9332104646619676
1785495543.142191887,1789399783.120139,0.100243,5.286848595697914,-6.327760665825578,0.3729306365696611,0.002740963393737773,0.0341213866788446,0.35740871979582267,0.9333205371707237
1785495543.242270947,1789399783.165934,0.100079,5.289704900812236,-6.336565481466772,0.37032623108451884,0.006017024366676492,0.03620636098796376,0.35707211888885415,0.9333554503799473
1785495543.341603041,1789399783.216145,0.099332,5.286547231795988,-6.34835425857957,0.36995467969723095,0.006926884088950633,0.03561563948925142,0.357152885211829,0.9333409672169148
1785495543.441692114,1789399783.291207,0.100089,5.286927060521524,-6.351492657783369,0.3724757073255707,0.006811246057810464,0.03593644099126592,0.35707858365022593,0.9333579507532573
1785495543.541955948,1789399783.367326,0.100264,5.2916943661309475,-6.344937279828542,0.37048427803861794,0.006498113947269611,0.0369055827479923,0.3570079328324144,0.9333493924419921
1785495543.641858101,1789399783.511868,0.099902,5.295535714047424,-6.345565191211464,0.37117623667364347,0.006628060494461343,0.037086184603855626,0.35694416171884347,0.9333657102874482
1785495543.742126942,1789399783.557431,0.100269,5.284404153755475,-6.346413274117759,0.371296341771018,0.006432923076636256,0.03614461277608936,0.3570674646220664,0.9333568503933938
1785495543.842000008,1789399783.636297,0.099873,5.295834262893724,-6.361689215287252,0.37614564131650263,0.007938199123578953,0.03684334634165642,0.3569702959065793,0.9333551096262036
1785495543.942137957,1789399783.733212,0.100138,5.297789498142851,-6.346359204582018,0.3744260356270005,0.0061889242128502445,0.037474224224620226,0.35684052114475406,0.9333928552356403
1785495544.042228937,1789399783.869461,0.100091,5.275111870665193,-6.330746558834447,0.37049115007225775,0.005446699720400889,0.03705597859757537,0.3565447908038201,0.9335271822839124
1785495544.141464949,1789399783.884975,0.099236,5.27450955464345,-6.317473588124285,0.3720164006921671,0.004450519438564588,0.03767101493257555,0.3565342324448507,0.933511879198967
1785495544.241669893,1789399783.969523,0.100205,5.2794023151561245,-6.313197097765214,0.36980939237454274,0.004801381096451114,0.038100172564638164,0.35650605734351903,0.9335034840146232
1785495544.341825008,1789399784.089299,0.100155,5.27394494576752,-6.30262029154929,0.3682060889728265,0.004164769387022979,0.03768608950923638,0.35656560955340094,0.9335006049474287
1785495544.441857100,1789399784.199756,0.100032,5.270748182159178,-6.296764353314068,0.3677543403528728,0.004284212862849657,0.03745351594736818,0.35660027480722367,0.9334961829973851
1785495544.542045116,1789399784.263752,0.100188,5.275501590327872,-6.296717454113373,0.36767626599238445,0.005070486197109376,0.03781520703110107,0.3565683922262899,0.9334898403046642
1785495544.641303062,1789399784.448704,0.099258,5.278882717140993,-6.29054128670234,0.36732821444100683,0.005063243591514404,0.03802354285983253,0.35655524906056046,0.933486437030571
1785495544.741516113,1789399784.927123,0.100213,5.27839431521463,-6.3138412457676445,0.3698602732466256,0.007289307722057524,0.036950665123454546,0.35666798362757907,0.9334717262964387
1785495544.841653109,1789399785.003934,0.100137,5.274541472148187,-6.313396757288015,0.3671536384940258,0.006569380065290551,0.036724510001861194,0.35670611850395156,0.9334714235757166
1785495544.941682100,1789399785.198845,0.100029,5.264516890182888,-6.326251251726032,0.36860445069967196,0.007146310011547127,0.035718283572310175,0.3567688991586703,0.9334822371448352
1785495545.041691065,1789399785.238881,0.100009,5.273832198440898,-6.326882643608495,0.3719096107192635,0.006971289912170173,0.0370174317161869,0.3567213367733027,0.9334511228536365
1785495545.141921043,1789399785.317586,0.100230,5.26362412968909,-6.3259239649414685,0.37682603396542996,0.006101153491265649,0.03632352035727205,0.3567746639767102,0.9334640951526659
1785495545.241030931,1789399785.386804,0.099110,5.26723790277578,-6.332505320407003,0.37617061611250646,0.006599380621939774,0.03687067655985494,0.3567820614875391,0.9334364263226907
1785495545.341226101,1789399785.520226,0.100195,5.2695893819295625,-6.329208376383837,0.3764356588519072,0.005948317264602247,0.0373933454455562,0.3566893089313011,0.9334554580333058
1785495545.441308022,1789399785.580431,0.100082,5.275199651401547,-6.32997851551225,0.3720666564684756,0.006070792602151626,0.03778379224124352,0.35664890695889584,0.9334543843627421
1785495545.541501045,1789399785.643039,0.100193,5.281769429250145,-6.3286676897463625,0.3722810914277046,0.0059105365415783335,0.03818987415585588,0.3565904526119142,0.9334612194278505
1785495545.640664101,1789399785.687643,0.099163,5.284296039188286,-6.361086685700727,0.37038957020587865,0.007519083991406481,0.03648090923623474,0.3568172608853597,0.9334313306137975
1785495545.740758896,1789399785.712654,0.100095,5.280305049452234,-6.356665427867506,0.3677292569017978,0.0070392291574921505,0.0361056866502431,0.3568401257922271,0.9334409211454777
1785495545.840857029,1789399785.798424,0.100098,5.282162562408389,-6.353622140459867,0.37033303826266806,0.0057594308048922686,0.035605340748075115,0.3576935382595186,0.9331422299705179
1785495545.940897942,1789399785.852714,0.100041,5.2808608431044775,-6.361736381700627,0.3746520100847193,-0.0017446416850945045,0.031458357500327445,0.35957624806304,0.9325836422528686
1785495546.040826082,1789399785.883973,0.099928,5.285386002832258,-6.388607552762031,0.37583193569706597,-0.006091032704672943,0.025331336390512188,0.36296706792105676,0.9314376685114247
1785495546.140906096,1789399785.965923,0.100080,5.325383163590522,-6.448226310060273,0.37156478591450126,0.0021600581006995983,0.029237910004260168,0.36500627550964587,0.9305433346202135
1785495546.241136074,1789399786.023764,0.100230,5.398614403243612,-6.497184984116849,0.3598562975791913,0.018214538297210363,0.04291718887608797,0.3659417605355988,0.9294691890480529
