message_index,stamp_sec,frame_id,position_x,position_y,position_z,orientation_x,orientation_y,orientation_z,orientation_w,covariance
0,0.000000000,map,7.8200000000,-4.1100000000,-1.1700000000,0.0000000000,0.0000000000,0.8550024007,0.5186240400,0 0 0 0 0 0 0 0 0 0 0 0 0 0 0 0 0 0 0 0 0 0 0 0 0 0 0 0 0 0 0 0 0 0 0 0
1,1785495426.753357887,map,7.8592238426,-4.2462177277,-1.1709017754,0.0331654223,0.0596428274,0.8535636999,0.5164996157,0.04342167753 0 0 0 0 0 0 0.04342167753 0 0 0 0 0 0 0.09509741509 0 0 0 0 0 0 0.00076409651 0 0 0 0 0 0 0.00076409651 0 0 0 0 0 0 0.001322699937
2,1785495429.152035952,map,7.8580279350,-4.2486448288,-1.1680963039,0.0331568862,0.0593439010,0.8536465001,0.5163976559,0.04368363542 0 0 0 0 0 0 0.04368363542 0 0 0 0 0 0 0.09548489637 0 0 0 0 0 0 0.0007701643731 0 0 0 0 0 0 0.0007701643731 0 0 0 0 0 0 0.001330679631
3,1785495429.351785898,map,7.8718729019,-4.2596468925,-1.1691764593,0.0336053642,0.0605328670,0.8535025984,0.5164685718,0.04344216056 0 0 0 0 0 0 0.04344216056 0 0 0 0 0 0 0.09512772667 0 0 0 0 0 0 0.0007645707612 0 0 0 0 0 0 0.0007645707612 0 0 0 0 0 0 0.001323323886
4,1785495429.452049017,map,7.8708391190,-4.2712364197,-1.1698020697,0.0319693301,0.0598286717,0.8532450527,0.5170796135,0.04383356462 0 0 0 0 0 0 0.04383356462 0 0 0 0 0 0 0.09570649842 0 0 0 0 0 0 0.0007736398378 0 0 0 0 0 0 0.0007736398378 0 0 0 0 0 0 0.001335246736
5,1785495429.651681900,map,7.8493185043,-4.2382831573,-1.1661635637,0.0336949835,0.0596660749,0.8535084312,0.5165539595,0.0434411984 0 0 0 0 0 0 0.0434411984 0 0 0 0 0 0 0.09512630289 0 0 0 0 0 0 0.0007645484833 0 0 0 0 0 0 0.0007645484833 0 0 0 0 0 0 0.001323294577
6,1785495429.751981974,map,7.8721537590,-4.2817015648,-1.1703913212,0.0325891921,0.0597055476,0.8531706220,0.5171780461,0.04334874409 0 0 0 0 0 0 0.04334874409 0 0 0 0 0 0 0.09498946651 0 0 0 0 0 0 0.0007624081414 0 0 0 0 0 0 0.0007624081414 0 0 0 0 0 0 0.001320478258
7,1785495429.852205038,map,7.8738808632,-4.2830710411,-1.1693626642,0.0326409553,0.0595182379,0.8531122187,0.5172926637,0.04318866571 0 0 0 0 0 0 0.04318866571 0 0 0 0 0 0 0.09475243151 0 0 0 0 0 0 0.0007587039912 0 0 0 0 0 0 0.0007587039912 0 0 0 0 0 0 0.001315601991
8,1785495429.951565027,map,7.8798761368,-4.2852349281,-1.1701775789,0.0326108905,0.0595985551,0.8531365192,0.5172452324,0.04342015446 0 0 0 0 0 0 0.04342015446 0 0 0 0 0 0 0.0950951611 0 0 0 0 0 0 0.0007640612472 0 0 0 0 0 0 0.0007640612472 0 0 0 0 0 0 0.001322653542
9,1785495430.051863909,map,7.8824958801,-4.2836809158,-1.1717252731,0.0328885650,0.0597293473,0.8531568745,0.5171789393,0.0434211876 0 0 0 0 0 0 0.0434211876 0 0 0 0 0 0 0.09509669005 0 0 0 0 0 0 0.0007640851669 0 0 0 0 0 0 0.0007640851669 0 0 0 0 0 0 0.001322685013
10,1785495430.152066946,map,7.8901667595,-4.2847890854,-1.1751717329,0.0323101978,0.0598019852,0.8532090464,0.5171210304,0.04343801174 0 0 0 0 0 0 0.04343801174 0 0 0 0 0 0 0.09512158727 0 0 0 0 0 0 0.0007644746992 0 0 0 0 0 0 0.0007644746992 0 0 0 0 0 0 0.001323197506
11,1785495430.251229048,map,7.8930664062,-4.2771077156,-1.1739116907,0.0329708225,0.0595083941,0.8532432761,0.5170566595,0.0433159727 0 0 0 0 0 0 0.0433159727 0 0 0 0 0 0 0.09494095207 0 0 0 0 0 0 0.0007616496481 0 0 0 0 0 0 0.0007616496481 0 0 0 0 0 0 0.001319479984
12,1785495430.351475954,map,7.8956112862,-4.2776279449,-1.1746989489,0.0330557654,0.0595426178,0.8533661414,0.5168444778,0.04340869786 0 0 0 0 0 0 0.04340869786 0 0 0 0 0 0 0.09507820607 0 0 0 0 0 0 0.000763796005 0 0 0 0 0 0 0.000763796005 0 0 0 0 0 0 0.001322304554
13,1785495430.451785088,map,7.8953289986,-4.2722597122,-1.1765331030,0.0333775595,0.0595408196,0.8533639184,0.5168277339,0.04308382934 0 0 0 0 0 0 0.04308382934 0 0 0 0 0 0 0.09459711845 0 0 0 0 0 0 0.0007562792967 0 0 0 0 0 0 0.0007562792967 0 0 0 0 0 0 0.001312408493
14,1785495430.552309036,map,7.8927960396,-4.2703852654,-1.1744570732,0.0332359168,0.0596927242,0.8534434466,0.5166879953,0.04319902724 0 0 0 0 0 0 0.04319902724 0 0 0 0 0 0 0.09476777861 0 0 0 0 0 0 0.0007589436874 0 0 0 0 0 0 0.0007589436874 0 0 0 0 0 0 0.001315917622
15,1785495430.652524948,map,7.8964967728,-4.2732887268,-1.1750010252,0.0325640348,0.0596626666,0.8535187183,0.5166098336,0.04370745865 0 0 0 0 0 0 0.04370745865 0 0 0 0 0 0 0.09552011638 0 0 0 0 0 0 0.0007707164874 0 0 0 0 0 0 0.0007707164874 0 0 0 0 0 0 0.001331405328
16,1785495430.751563072,map,7.8966555595,-4.2743673325,-1.1736055613,0.0322140629,0.0595585982,0.8534439679,0.5167672625,0.04334379959 0 0 0 0 0 0 0.04334379959 0 0 0 0 0 0 0.0949821471 0 0 0 0 0 0 0.0007622936952 0 0 0 0 0 0 0.0007622936952 0 0 0 0 0 0 0.001320327639
17,1785495430.851839066,map,7.8998632431,-4.2710542679,-1.1757781506,0.0322898060,0.0596351967,0.8534392188,0.5167614954,0.04337656113 0 0 0 0 0 0 0.04337656113 0 0 0 0 0 0 0.09503064191 0 0 0 0 0 0 0.0007630520376 0 0 0 0 0 0 0.0007630520376 0 0 0 0 0 0 0.001321325613
18,1785495430.952213049,map,7.8960804939,-4.2676978111,-1.1741091013,0.0325681039,0.0592464545,0.8534949975,0.5166967337,0.04334886532 0 0 0 0 0 0 0.04334886532 0 0 0 0 0 0 0.09498964596 0 0 0 0 0 0 0.0007624109474 0 0 0 0 0 0 0.0007624109474 0 0 0 0 0 0 0.00132048195
19,1785495431.052498102,map,7.9036870003,-4.2645039558,-1.1767631769,0.0323650884,0.0589957388,0.8534034689,0.5168893225,0.04323923414 0 0 0 0 0 0 0.04323923414 0 0 0 0 0 0 0.09482732578 0 0 0 0 0 0 0.0007598738904 0 0 0 0 0 0 0.0007598738904 0 0 0 0 0 0 0.001317142394
20,1785495431.152724028,map,7.9044356346,-4.2693538666,-1.1788682938,0.0325995348,0.0592498399,0.8534927403,0.5166979954,0.04353771564 0 0 0 0 0 0 0.04353771564 0 0 0 0 0 0 0.09526910221 0 0 0 0 0 0 0.0007667836499 0 0 0 0 0 0 0.0007667836499 0 0 0 0 0 0 0.00132623466
21,1785495431.251972914,map,7.9031014442,-4.2717270851,-1.1778042316,0.0328635922,0.0593644486,0.8535129714,0.5166347688,0.04325365525 0 0 0 0 0 0 0.04325365525 0 0 0 0 0 0 0.09484868151 0 0 0 0 0 0 0.0007602075619 0 0 0 0 0 0 0.0007602075619 0 0 0 0 0 0 0.001317581686
22,1785495431.352257013,map,7.8991508484,-4.2649078369,-1.1769776344,0.0331527106,0.0593665147,0.8536163202,0.5164452228,0.04334149324 0 0 0 0 0 0 0.04334149324 0 0 0 0 0 0 0.09497873294 0 0 0 0 0 0 0.0007622403129 0 0 0 0 0 0 0.0007622403129 0 0 0 0 0 0 0.001320257384
23,1785495431.451512098,map,7.9193615913,-4.2921514511,-1.1789008379,0.0327468914,0.0592304263,0.8539629153,0.5159134636,0.04381390939 0 0 0 0 0 0 0.04381390939 0 0 0 0 0 0 0.0956774541 0 0 0 0 0 0 0.0007731841092 0 0 0 0 0 0 0.0007731841092 0 0 0 0 0 0 0.001334648003
24,1785495431.551650047,map,7.9131994247,-4.2877058983,-1.1762225628,0.0326348983,0.0594429638,0.8538712239,0.5160479184,0.04330579703 0 0 0 0 0 0 0.04330579703 0 0 0 0 0 0 0.0949258869 0 0 0 0 0 0 0.0007614141507 0 0 0 0 0 0 0.0007614141507 0 0 0 0 0 0 0.001319170015
25,1785495431.651865959,map,7.9015755653,-4.2855367661,-1.1762299538,0.0329469084,0.0595225662,0.8539198758,0.5159383674,0.04319125852 0 0 0 0 0 0 0.04319125852 0 0 0 0 0 0 0.09475627193 0 0 0 0 0 0 0.0007587639705 0 0 0 0 0 0 0.0007587639705 0 0 0 0 0 0 0.001315680973
26,1785495431.752110004,map,7.8996343613,-4.2830700874,-1.1742831469,0.0330050302,0.0596876811,0.8539011617,0.5159465336,0.04331394917 0 0 0 0 0 0 0.04331394917 0 0 0 0 0 0 0.09493795627 0 0 0 0 0 0 0.0007616028165 0 0 0 0 0 0 0.0007616028165 0 0 0 0 0 0 0.001319418344
27,1785495431.851408005,map,7.9011211395,-4.2748994827,-1.1752513647,0.0331392882,0.0594380711,0.8537927466,0.5161461220,0.04316563692 0 0 0 0 0 0 0.04316563692 0 0 0 0 0 0 0.09471832007 0 0 0 0 0 0 0.0007581712929 0 0 0 0 0 0 0.0007581712929 0 0 0 0 0 0 0.001314900494
28,1785495431.951628923,map,7.9015860558,-4.2683205605,-1.1743144989,0.0329372981,0.0594659915,0.8537714053,0.5161912078,0.04325248198 0 0 0 0 0 0 0.04325248198 0 0 0 0 0 0 0.09484694411 0 0 0 0 0 0 0.0007601804146 0 0 0 0 0 0 0.0007601804146 0 0 0 0 0 0 0.001317545946
29,1785495432.052097082,map,7.9005203247,-4.2622265816,-1.1795777082,0.0332684648,0.0596718114,0.8537942483,0.5161084235,0.04321374515 0 0 0 0 0 0 0.04321374515 0 0 0 0 0 0 0.09478957714 0 0 0 0 0 0 0.0007592841762 0 0 0 0 0 0 0.0007592841762 0 0 0 0 0 0 0.001316365955
30,1785495432.152303934,map,7.9117975235,-4.2749814987,-1.1782832146,0.0318198029,0.0591382231,0.8538304573,0.5162012319,0.04344790337 0 0 0 0 0 0 0.04344790337 0 0 0 0 0 0 0.09513622469 0 0 0 0 0 0 0.000764703733 0 0 0 0 0 0 0.000764703733 0 0 0 0 0 0 0.001323498822
31,1785495432.251545906,map,7.9100241661,-4.2686481476,-1.1783244610,0.0323450656,0.0590753308,0.8538530474,0.5161384136,0.04352860406 0 0 0 0 0 0 0.04352860406 0 0 0 0 0 0 0.09525562363 0 0 0 0 0 0 0.0007665726087 0 0 0 0 0 0 0.0007665726087 0 0 0 0 0 0 0.001325957106
32,1785495432.351875067,map,7.9041299820,-4.2713689804,-1.1798564196,0.0327607706,0.0591264506,0.8537797779,0.5162275796,0.04362767924 0 0 0 0 0 0 0.04362767924 0 0 0 0 0 0 0.09540215913 0 0 0 0 0 0 0.0007688677494 0 0 0 0 0 0 0.0007688677494 0 0 0 0 0 0 0.001328975108
33,1785495432.451059103,map,7.9036989212,-4.2678775787,-1.1771906614,0.0328479615,0.0591046144,0.8537365423,0.5162959790,0.04362644155 0 0 0 0 0 0 0.04362644155 0 0 0 0 0 0 0.09540032887 0 0 0 0 0 0 0.0007688390724 0 0 0 0 0 0 0.0007688390724 0 0 0 0 0 0 0.001328937406
34,1785495432.551098108,map,7.8989591599,-4.2689580917,-1.1789577007,0.0329423225,0.0593011071,0.8535593000,0.5165604645,0.0433239555 0 0 0 0 0 0 0.0433239555 0 0 0 0 0 0 0.09495277028 0 0 0 0 0 0 0.0007618344015 0 0 0 0 0 0 0.0007618344015 0 0 0 0 0 0 0.001319723154
35,1785495432.651318073,map,7.9072871208,-4.2690677643,-1.1790370941,0.0327676869,0.0594511635,0.8535708991,0.5165351147,0.04328017449 0 0 0 0 0 0 0.04328017449 0 0 0 0 0 0 0.09488794996 0 0 0 0 0 0 0.0007608212027 0 0 0 0 0 0 0.0007608212027 0 0 0 0 0 0 0.001318389508
36,1785495432.751388073,map,7.9044198990,-4.2677202225,-1.1792744398,0.0332525484,0.0592929167,0.8534043327,0.5167975315,0.04337116716 0 0 0 0 0 0 0.04337116716 0 0 0 0 0 0 0.09502265797 0 0 0 0 0 0 0.0007629271754 0 0 0 0 0 0 0.0007629271754 0 0 0 0 0 0 0.001321161303
37,1785495432.851555109,map,7.8987460136,-4.2746596336,-1.1762287617,0.0329690134,0.0596215251,0.8534089590,0.5167702326,0.04356897271 0 0 0 0 0 0 0.04356897271 0 0 0 0 0 0 0.09531533672 0 0 0 0 0 0 0.0007675076753 0 0 0 0 0 0 0.0007675076753 0 0 0 0 0 0 0.001327186805
38,1785495432.951648951,map,7.8592662811,-4.3081684113,-1.1672881842,0.0330385235,0.0594066070,0.8531486669,0.5172201394,0.04344538361 0 0 0 0 0 0 0.04344538361 0 0 0 0 0 0 0.09513249606 0 0 0 0 0 0 0.000764645389 0 0 0 0 0 0 0.000764645389 0 0 0 0 0 0 0.001323422066
39,1785495433.051076889,map,7.8547539711,-4.2888598442,-1.1694920063,0.0331794146,0.0597536264,0.8532817400,0.5169515884,0.04356529468 0 0 0 0 0 0 0.04356529468 0 0 0 0 0 0 0.09530989658 0 0 0 0 0 0 0.0007674224748 0 0 0 0 0 0 0.0007674224748 0 0 0 0 0 0 0.001327074766
40,1785495433.151295900,map,7.8564848900,-4.2824993134,-1.1670600176,0.0330930720,0.0598499140,0.8532353883,0.5170224067,0.04322474449 0 0 0 0 0 0 0.04322474449 0 0 0 0 0 0 0.09480586736 0 0 0 0 0 0 0.0007595386505 0 0 0 0 0 0 0.0007595386505 0 0 0 0 0 0 0.001316701014
41,1785495433.251557112,map,7.8627409935,-4.2783579826,-1.1687377691,0.0332142705,0.0596299473,0.8532116369,0.5170792389,0.04349159292 0 0 0 0 0 0 0.04349159292 0 0 0 0 0 0 0.09520086906 0 0 0 0 0 0 0.0007657154326 0 0 0 0 0 0 0.0007657154326 0 0 0 0 0 0 0.001324829682
42,1785495433.351826906,map,7.8755097389,-4.2965202332,-1.1697636843,0.0319042167,0.0595313299,0.8533363062,0.5169673915,0.04333866645 0 0 0 0 0 0 0.04333866645 0 0 0 0 0 0 0.09497454831 0 0 0 0 0 0 0.000762174885 0 0 0 0 0 0 0.000762174885 0 0 0 0 0 0 0.001320171275
43,1785495433.451190948,map,7.8722262383,-4.2892827988,-1.1705609560,0.0327809697,0.0594522830,0.8533680245,0.5168692503,0.0434598616 0 0 0 0 0 0 0.0434598616 0 0 0 0 0 0 0.0951539195 0 0 0 0 0 0 0.0007649806286 0 0 0 0 0 0 0.0007649806286 0 0 0 0 0 0 0.001323863091
44,1785495433.550651073,map,7.8729648590,-4.2901449203,-1.1697347164,0.0325498298,0.0595016868,0.8533866658,0.5168473609,0.04335401703 0 0 0 0 0 0 0.04335401703 0 0 0 0 0 0 0.09499727196 0 0 0 0 0 0 0.0007625301921 0 0 0 0 0 0 0.0007625301921 0 0 0 0 0 0 0.001320638881
45,1785495433.651020050,map,7.8814644814,-4.2891144753,-1.1709543467,0.0323854548,0.0591213229,0.8533561009,0.5169518551,0.04328218686 0 0 0 0 0 0 0.04328218686 0 0 0 0 0 0 0.09489092962 0 0 0 0 0 0 0.0007608677702 0 0 0 0 0 0 0.0007608677702 0 0 0 0 0 0 0.001318450808
46,1785495433.751178026,map,7.8850827217,-4.2995190620,-1.1715108156,0.0308062768,0.0595667447,0.8532743552,0.5171321819,0.04372977533 0 0 0 0 0 0 0.04372977533 0 0 0 0 0 0 0.09555310629 0 0 0 0 0 0 0.0007712337295 0 0 0 0 0 0 0.0007712337295 0 0 0 0 0 0 0.001332085133
47,1785495433.851310015,map,7.8927249908,-4.2974357605,-1.1736273766,0.0316836162,0.0594024573,0.8532968339,0.5170608959,0.04325133737 0 0 0 0 0 0 0.04325133737 0 0 0 0 0 0 0.09484524912 0 0 0 0 0 0 0.0007601539303 0 0 0 0 0 0 0.0007601539303 0 0 0 0 0 0 0.001317511079
48,1785495433.950403929,map,7.8892164230,-4.2949547768,-1.1732784510,0.0322304889,0.0594536216,0.8530115467,0.5174918409,0.0436720944 0 0 0 0 0 0 0.0436720944 0 0 0 0 0 0 0.09546783313 0 0 0 0 0 0 0.0007698969217 0 0 0 0 0 0 0.0007698969217 0 0 0 0 0 0 0.001330328071
49,1785495434.051543951,map,7.8731837273,-4.2835388184,-1.1723638773,0.0332105353,0.0596875734,0.8530180060,0.5173921935,0.04335689127 0 0 0 0 0 0 0.04335689127 0 0 0 0 0 0 0.09500152659 0 0 0 0 0 0 0.0007625967219 0 0 0 0 0 0 0.0007625967219 0 0 0 0 0 0 0.001320726435
50,1785495434.150707960,map,7.8750929832,-4.2824034691,-1.1693845987,0.0334034069,0.0599356468,0.8530209968,0.5173462186,0.04367249283 0 0 0 0 0 0 0.04367249283 0 0 0 0 0 0 0.09546842221 0 0 0 0 0 0 0.0007699061547 0 0 0 0 0 0 0.0007699061547 0 0 0 0 0 0 0.001330340208
51,1785495434.250870943,map,7.8847589493,-4.2783131599,-1.1710684299,0.0331860260,0.0599595702,0.8531382694,0.5171640359,0.04341411772 0 0 0 0 0 0 0.04341411772 0 0 0 0 0 0 0.0950862272 0 0 0 0 0 0 0.0007639214838 0 0 0 0 0 0 0.0007639214838 0 0 0 0 0 0 0.001322469652
52,1785495434.351070881,map,7.8854084015,-4.2801156044,-1.1714117527,0.0327882799,0.0597776793,0.8531828630,0.5171369003,0.04324273852 0 0 0 0 0 0 0.04324273852 0 0 0 0 0 0 0.0948325154 0 0 0 0 0 0 0.0007599549721 0 0 0 0 0 0 0.0007599549721 0 0 0 0 0 0 0.001317249143
53,1785495434.451294899,map,7.8905682564,-4.2803430557,-1.1737303734,0.0328524319,0.0598062368,0.8533058150,0.5169265605,0.04383510283 0 0 0 0 0 0 0.04383510283 0 0 0 0 0 0 0.09570877133 0 0 0 0 0 0 0.0007736755043 0 0 0 0 0 0 0.0007736755043 0 0 0 0 0 0 0.001335293592
54,1785495434.551486015,map,7.8919410706,-4.2771787643,-1.1728417873,0.0324583980,0.0598146876,0.8533379152,0.5168975458,0.04341588234 0 0 0 0 0 0 0.04341588234 0 0 0 0 0 0 0.09508883872 0 0 0 0 0 0 0.0007639623382 0 0 0 0 0 0 0.0007639623382 0 0 0 0 0 0 0.001322523406
55,1785495434.651634932,map,7.8943285942,-4.2751302719,-1.1740791798,0.0325743148,0.0597353607,0.8532184217,0.5170966086,0.04290277414 0 0 0 0 0 0 0.04290277414 0 0 0 0 0 0 0.09432874384 0 0 0 0 0 0 0.0007520939909 0 0 0 0 0 0 0.0007520939909 0 0 0 0 0 0 0.001306893236
56,1785495434.751907110,map,7.9042253494,-4.2931127548,-1.1717705727,0.0321431266,0.0596913491,0.8533248912,0.5169529504,0.04351846619 0 0 0 0 0 0 0.04351846619 0 0 0 0 0 0 0.09524062633 0 0 0 0 0 0 0.0007663378046 0 0 0 0 0 0 0.0007663378046 0 0 0 0 0 0 0.001325648288
57,1785495434.851048946,map,7.9093141556,-4.2887964249,-1.1771510839,0.0323882121,0.0595102148,0.8534407484,0.5167672914,0.04393477007 0 0 0 0 0 0 0.04393477007 0 0 0 0 0 0 0.09585601531 0 0 0 0 0 0 0.0007759869066 0 0 0 0 0 0 0.0007759869066 0 0 0 0 0 0 0.00133832963
58,1785495434.951306105,map,7.9093070030,-4.2902617455,-1.1749690771,0.0326995557,0.0592288796,0.8534964115,0.5166880386,0.04348560832 0 0 0 0 0 0 0.04348560832 0 0 0 0 0 0 0.09519201469 0 0 0 0 0 0 0.0007655768404 0 0 0 0 0 0 0.0007655768404 0 0 0 0 0 0 0.00132464738
59,1785495435.051502943,map,7.9115710258,-4.2785634995,-1.1766387224,0.0328458679,0.0595522798,0.8532705710,0.5170145529,0.04356112329 0 0 0 0 0 0 0.04356112329 0 0 0 0 0 0 0.09530372661 0 0 0 0 0 0 0.0007673258471 0 0 0 0 0 0 0.0007673258471 0 0 0 0 0 0 0.001326947698
60,1785495435.151707888,map,7.9117732048,-4.2795419693,-1.1777919531,0.0329307850,0.0592888342,0.8533723764,0.5168713116,0.04356724397 0 0 0 0 0 0 0.04356724397 0 0 0 0 0 0 0.09531277976 0 0 0 0 0 0 0.0007674676293 0 0 0 0 0 0 0.0007674676293 0 0 0 0 0 0 0.001327134144
61,1785495435.250991106,map,7.9290447235,-4.2901263237,-1.1805515289,0.0321566545,0.0589216111,0.8535873307,0.5166071151,0.04365812792 0 0 0 0 0 0 0.04365812792 0 0 0 0 0 0 0.09544718291 0 0 0 0 0 0 0.0007695732777 0 0 0 0 0 0 0.0007695732777 0 0 0 0 0 0 0.001329902628
62,1785495435.351385117,map,7.9250025749,-4.2906661034,-1.1824949980,0.0323942509,0.0588999433,0.8536631003,0.5164694807,0.04332514978 0 0 0 0 0 0 0.04332514978 0 0 0 0 0 0 0.09495453833 0 0 0 0 0 0 0.0007618620423 0 0 0 0 0 0 0.0007618620423 0 0 0 0 0 0 0.001319759534
63,1785495435.451620102,map,7.9337840080,-4.2805247307,-1.1816608906,0.0322623255,0.0587937070,0.8538076727,0.5162508374,0.04345621413 0 0 0 0 0 0 0.04345621413 0 0 0 0 0 0 0.09514852236 0 0 0 0 0 0 0.0007648961693 0 0 0 0 0 0 0.0007648961693 0 0 0 0 0 0 0.001323751982
64,1785495435.550599098,map,7.9312391281,-4.2748208046,-1.1797001362,0.0327489937,0.0587448449,0.8537015236,0.5164012196,0.04330915245 0 0 0 0 0 0 0.04330915245 0 0 0 0 0 0 0.09493085469 0 0 0 0 0 0 0.0007614918049 0 0 0 0 0 0 0.0007614918049 0 0 0 0 0 0 0.001319272227
65,1785495435.651580095,map,7.9384760857,-4.2686920166,-1.1824191809,0.0325697653,0.0588261964,0.8537720729,0.5162866927,0.04390865079 0 0 0 0 0 0 0.04390865079 0 0 0 0 0 0 0.09581743306 0 0 0 0 0 0 0.0007753810897 0 0 0 0 0 0 0.0007753810897 0 0 0 0 0 0 0.001337533991
66,1785495435.751743078,map,7.9402227402,-4.2729735374,-1.1824604273,0.0323118471,0.0589477224,0.8538255959,0.5162004886,0.04361426042 0 0 0 0 0 0 0.04361426042 0 0 0 0 0 0 0.09538231541 0 0 0 0 0 0 0.0007685568457 0 0 0 0 0 0 0.0007685568457 0 0 0 0 0 0 0.001328566348
67,1785495435.851042032,map,7.9482526779,-4.2750878334,-1.1836014986,0.0321270669,0.0589584649,0.8538096676,0.5162371701,0.04364692213 0 0 0 0 0 0 0.04364692213 0 0 0 0 0 0 0.09543061374 0 0 0 0 0 0 0.0007693136185 0 0 0 0 0 0 0.0007693136185 0 0 0 0 0 0 0.00132956128
68,1785495435.951189041,map,7.9482154846,-4.2779631615,-1.1826008558,0.0315422448,0.0588320070,0.8538519971,0.5162176858,0.04362904764 0 0 0 0 0 0 0.04362904764 0 0 0 0 0 0 0.09540418266 0 0 0 0 0 0 0.0007688994549 0 0 0 0 0 0 0.0007688994549 0 0 0 0 0 0 0.001329016792
69,1785495436.051346064,map,7.9522199631,-4.2656736374,-1.1837291718,0.0319889749,0.0588081827,0.8538693339,0.5161641871,0.04349482286 0 0 0 0 0 0 0.04349482286 0 0 0 0 0 0 0.09520564777 0 0 0 0 0 0 0.0007657902334 0 0 0 0 0 0 0.0007657902334 0 0 0 0 0 0 0.001324928071
70,1785495436.151390076,map,7.9356441498,-4.2722702026,-1.1806451082,0.0319655841,0.0589999789,0.8536189688,0.5165576808,0.0436962874 0 0 0 0 0 0 0.0436962874 0 0 0 0 0 0 0.09550360131 0 0 0 0 0 0 0.0007704575827 0 0 0 0 0 0 0.0007704575827 0 0 0 0 0 0 0.001331065032
71,1785495436.251375914,map,7.9429073334,-4.2742362022,-1.1806591749,0.0322125561,0.0591201356,0.8536077590,0.5165471299,0.04338559016 0 0 0 0 0 0 0.04338559016 0 0 0 0 0 0 0.09504400595 0 0 0 0 0 0 0.0007632610514 0 0 0 0 0 0 0.0007632610514 0 0 0 0 0 0 0.001321600653
72,1785495436.351551056,map,7.9331955910,-4.2725710869,-1.1802850962,0.0329829804,0.0588121378,0.8534968269,0.5167169785,0.04350415895 0 0 0 0 0 0 0.04350415895 0 0 0 0 0 0 0.09521946019 0 0 0 0 0 0 0.0007660064482 0 0 0 0 0 0 0.0007660064482 0 0 0 0 0 0 0.001325212465
73,1785495436.450613022,map,7.9413232803,-4.2891349792,-1.1794196367,0.0313011438,0.0589664174,0.8536498334,0.5165512407,0.04342131935 0 0 0 0 0 0 0.04342131935 0 0 0 0 0 0 0.09509688503 0 0 0 0 0 0 0.0007640882173 0 0 0 0 0 0 0.0007640882173 0 0 0 0 0 0 0.001322689027
74,1785495436.550844908,map,7.9343738556,-4.2842130661,-1.1798504591,0.0320991960,0.0589588225,0.8535592385,0.5166528528,0.04336723679 0 0 0 0 0 0 0.04336723679 0 0 0 0 0 0 0.09501684028 0 0 0 0 0 0 0.0007628361946 0 0 0 0 0 0 0.0007628361946 0 0 0 0 0 0 0.001321041577
75,1785495436.651091099,map,7.9368348122,-4.2820301056,-1.1803185940,0.0320492932,0.0589153004,0.8536591792,0.5164957497,0.04371760531 0 0 0 0 0 0 0.04371760531 0 0 0 0 0 0 0.09553511615 0 0 0 0 0 0 0.0007709516552 0 0 0 0 0 0 0.0007709516552 0 0 0 0 0 0 0.001331714413
76,1785495436.750401974,map,7.9291133881,-4.2813358307,-1.1808741093,0.0325197382,0.0587673200,0.8535998627,0.5165811834,0.04348035419 0 0 0 0 0 0 0.04348035419 0 0 0 0 0 0 0.09518424091 0 0 0 0 0 0 0.0007654551671 0 0 0 0 0 0 0.0007654551671 0 0 0 0 0 0 0.001324487331
77,1785495436.850744963,map,7.9297208786,-4.2750086784,-1.1800676584,0.0324284535,0.0589894912,0.8536460064,0.5164853562,0.04312377888 0 0 0 0 0 0 0.04312377888 0 0 0 0 0 0 0.09465631017 0 0 0 0 0 0 0.0007572031544 0 0 0 0 0 0 0.0007572031544 0 0 0 0 0 0 0.001313625425
78,1785495436.950962067,map,7.9241976738,-4.2768564224,-1.1798119545,0.0322227438,0.0592651637,0.8536607697,0.5164423158,0.04350706684 0 0 0 0 0 0 0.04350706684 0 0 0 0 0 0 0.09522376223 0 0 0 0 0 0 0.0007660737939 0 0 0 0 0 0 0.0007660737939 0 0 0 0 0 0 0.001325301044
79,1785495437.050416946,map,7.8977794647,-4.2616786957,-1.1740107536,0.0328148992,0.0593576909,0.8537042939,0.5163223940,0.04350576319 0 0 0 0 0 0 0.04350576319 0 0 0 0 0 0 0.09522183356 0 0 0 0 0 0 0.0007660436017 0 0 0 0 0 0 0.0007660436017 0 0 0 0 0 0 0.001325261333
80,1785495437.150521994,map,7.9035706520,-4.2689237595,-1.1760275364,0.0319162380,0.0594968969,0.8537639482,0.5162640643,0.04335402509 0 0 0 0 0 0 0.04335402509 0 0 0 0 0 0 0.0949972839 0 0 0 0 0 0 0.0007625303787 0 0 0 0 0 0 0.0007625303787 0 0 0 0 0 0 0.001320639126
81,1785495437.250828028,map,7.9090676308,-4.2644085884,-1.1778820753,0.0321957760,0.0591185108,0.8536916661,0.5164096959,0.04389719272 0 0 0 0 0 0 0.04389719272 0 0 0 0 0 0 0.09580050653 0 0 0 0 0 0 0.0007751153464 0 0 0 0 0 0 0.0007751153464 0 0 0 0 0 0 0.001337184958
82,1785495437.350404024,map,7.9063630104,-4.2601141930,-1.1787546873,0.0323723604,0.0591037865,0.8536483508,0.5164719980,0.04325357096 0 0 0 0 0 0 0.04325357096 0 0 0 0 0 0 0.0948485567 0 0 0 0 0 0 0.0007602056116 0 0 0 0 0 0 0.0007602056116 0 0 0 0 0 0 0.001317579118
83,1785495437.450459003,map,7.9066524506,-4.2549815178,-1.1782244444,0.0326922969,0.0589605499,0.8536998310,0.5163830257,0.0431991806 0 0 0 0 0 0 0.0431991806 0 0 0 0 0 0 0.09476800574 0 0 0 0 0 0 0.0007589472351 0 0 0 0 0 0 0.0007589472351 0 0 0 0 0 0 0.001315922293
84,1785495437.550647020,map,7.9058318138,-4.2615413666,-1.1769779921,0.0322329284,0.0588948601,0.8536090651,0.5165693998,0.04319133197 0 0 0 0 0 0 0.04319133197 0 0 0 0 0 0 0.09475638074 0 0 0 0 0 0 0.0007587656698 0 0 0 0 0 0 0.0007587656698 0 0 0 0 0 0 0.00131568321
85,1785495437.649825096,map,7.9103627205,-4.2629799843,-1.1787871122,0.0328038387,0.0591636536,0.8536663131,0.5164081882,0.04354704371 0 0 0 0 0 0 0.04354704371 0 0 0 0 0 0 0.09528290058 0 0 0 0 0 0 0.0007669997128 0 0 0 0 0 0 0.0007669997128 0 0 0 0 0 0 0.001326518809
86,1785495437.750036955,map,7.8804054260,-4.2596936226,-1.1714173555,0.0338642347,0.0591267037,0.8535460280,0.5165427811,0.04324263655 0 0 0 0 0 0 0.04324263655 0 0 0 0 0 0 0.0948323644 0 0 0 0 0 0 0.0007599526129 0 0 0 0 0 0 0.0007599526129 0 0 0 0 0 0 0.001317246037
87,1785495437.850322008,map,7.8925294876,-4.2687988281,-1.1730284691,0.0322180421,0.0593477595,0.8533862795,0.5168865334,0.04416710539 0 0 0 0 0 0 0.04416710539 0 0 0 0 0 0 0.09619904819 0 0 0 0 0 0 0.000781378225 0 0 0 0 0 0 0.000781378225 0 0 0 0 0 0 0.001345406968
88,1785495437.950532913,map,7.8724031448,-4.2969174385,-1.1670213938,0.0331275421,0.0598563333,0.8529024107,0.5175686458,0.04322942604 0 0 0 0 0 0 0.04322942604 0 0 0 0 0 0 0.09481280063 0 0 0 0 0 0 0.0007596469634 0 0 0 0 0 0 0.0007596469634 0 0 0 0 0 0 0.001316843622
89,1785495438.050498962,map,7.8782095909,-4.2939667702,-1.1689730883,0.0324479319,0.0597221539,0.8530640833,0.5173606488,0.043325779 0 0 0 0 0 0 0.043325779 0 0 0 0 0 0 0.09495546984 0 0 0 0 0 0 0.0007618766052 0 0 0 0 0 0 0.0007618766052 0 0 0 0 0 0 0.001319778701
90,1785495438.150568008,map,7.8768563271,-4.2928056717,-1.1696697474,0.0328409717,0.0596092897,0.8530877866,0.5173097671,0.04344926007 0 0 0 0 0 0 0.04344926007 0 0 0 0 0 0 0.09513823227 0 0 0 0 0 0 0.0007647351472 0 0 0 0 0 0 0.0007647351472 0 0 0 0 0 0 0.001323540149
91,1785495438.249728918,map,7.8756747246,-4.2844872475,-1.1713382006,0.0328239376,0.0597002466,0.8530921381,0.5172931894,0.04325644954 0 0 0 0 0 0 0.04325644954 0 0 0 0 0 0 0.09485281935 0 0 0 0 0 0 0.0007602722175 0 0 0 0 0 0 0.0007602722175 0 0 0 0 0 0 0.001317666805
92,1785495438.350084066,map,7.8711652756,-4.2807927132,-1.1709583998,0.0328109584,0.0596748204,0.8531165355,0.5172567197,0.04335957056 0 0 0 0 0 0 0.04335957056 0 0 0 0 0 0 0.0950054926 0 0 0 0 0 0 0.0007626587398 0 0 0 0 0 0 0.0007626587398 0 0 0 0 0 0 0.001320808051
93,1785495438.450418949,map,7.8817076683,-4.2735247612,-1.1694638729,0.0325615372,0.0598168914,0.8530947042,0.5172920876,0.04332909148 0 0 0 0 0 0 0.04332909148 0 0 0 0 0 0 0.09496037369 0 0 0 0 0 0 0.0007619532711 0 0 0 0 0 0 0.0007619532711 0 0 0 0 0 0 0.001319879605
94,1785495438.550498009,map,7.8849234581,-4.2747020721,-1.1699967384,0.0322178055,0.0594899656,0.8532149822,0.5171529211,0.04343142498 0 0 0 0 0 0 0.04343142498 0 0 0 0 0 0 0.09511184003 0 0 0 0 0 0 0.0007643221919 0 0 0 0 0 0 0.0007643221919 0 0 0 0 0 0 0.001322996861
95,1785495438.650702953,map,7.8876447678,-4.2702393532,-1.1715356112,0.0320963413,0.0593111199,0.8532577303,0.5171104910,0.04335826255 0 0 0 0 0 0 0.04335826255 0 0 0 0 0 0 0.09500355643 0 0 0 0 0 0 0.000762628463 0 0 0 0 0 0 0.000762628463 0 0 0 0 0 0 0.001320768206
96,1785495438.750828981,map,7.8932127953,-4.2725157738,-1.1738374233,0.0320347216,0.0592250046,0.8533148363,0.5170299578,0.04325194142 0 0 0 0 0 0 0.04325194142 0 0 0 0 0 0 0.09484614363 0 0 0 0 0 0 0.000760167907 0 0 0 0 0 0 0.000760167907 0 0 0 0 0 0 0.00131752948
97,1785495438.850050926,map,7.8961515427,-4.2727594376,-1.1766545773,0.0320331277,0.0593356879,0.8533301484,0.5169921293,0.04337691348 0 0 0 0 0 0 0.04337691348 0 0 0 0 0 0 0.09503116343 0 0 0 0 0 0 0.0007630601939 0 0 0 0 0 0 0.0007630601939 0 0 0 0 0 0 0.001321336346
98,1785495438.951114893,map,7.8907384872,-4.2679910660,-1.1752241850,0.0326862640,0.0591473025,0.8533376130,0.5169604881,0.04358600047 0 0 0 0 0 0 0.04358600047 0 0 0 0 0 0 0.09534052141 0 0 0 0 0 0 0.0007679021335 0 0 0 0 0 0 0.0007679021335 0 0 0 0 0 0 0.0013277055
99,1785495439.050390005,map,7.8935217857,-4.2601342201,-1.1754040718,0.0324224177,0.0590953605,0.8533996337,0.5168806451,0.04319769407 0 0 0 0 0 0 0.04319769407 0 0 0 0 0 0 0.09476580399 0 0 0 0 0 0 0.0007589128462 0 0 0 0 0 0 0.0007589128462 0 0 0 0 0 0 0.001315877011
100,1785495439.150552988,map,7.8956289291,-4.2758836746,-1.1745383739,0.0321379499,0.0594987100,0.8533742813,0.5168939927,0.04327151701 0 0 0 0 0 0 0.04327151701 0 0 0 0 0 0 0.09487513079 0 0 0 0 0 0 0.0007606208667 0 0 0 0 0 0 0.0007606208667 0 0 0 0 0 0 0.001318125786
101,1785495439.250768900,map,7.8861808777,-4.2639651299,-1.1757904291,0.0328591349,0.0591691163,0.8534037081,0.5168379475,0.04343646277 0 0 0 0 0 0 0.04343646277 0 0 0 0 0 0 0.09511929509 0 0 0 0 0 0 0.0007644388346 0 0 0 0 0 0 0.0007644388346 0 0 0 0 0 0 0.001323150321
102,1785495439.351068020,map,7.8968768120,-4.2798929214,-1.1787767410,0.0324539714,0.0593528214,0.8535687372,0.5165698541,0.04304330951 0 0 0 0 0 0 0.04304330951 0 0 0 0 0 0 0.09453707266 0 0 0 0 0 0 0.0007553423897 0 0 0 0 0 0 0.0007553423897 0 0 0 0 0 0 0.001311174188
103,1785495439.450486898,map,7.8966612816,-4.2763967514,-1.1743960381,0.0324839981,0.0591706759,0.8537072641,0.5163598532,0.04354317582 0 0 0 0 0 0 0.04354317582 0 0 0 0 0 0 0.09527717914 0 0 0 0 0 0 0.0007669101214 0 0 0 0 0 0 0.0007669101214 0 0 0 0 0 0 0.001326400987
104,1785495439.550635099,map,7.8904309273,-4.2709746361,-1.1733723879,0.0326106028,0.0592176175,0.8536595359,0.5164254146,0.04340516559 0 0 0 0 0 0 0.04340516559 0 0 0 0 0 0 0.09507297839 0 0 0 0 0 0 0.0007637142285 0 0 0 0 0 0 0.0007637142285 0 0 0 0 0 0 0.001322196955
105,1785495439.650706053,map,7.8783192635,-4.3217811584,-1.1732923985,0.0319388175,0.0593755534,0.8528391708,0.5178028554,0.04357704416 0 0 0 0 0 0 0.04357704416 0 0 0 0 0 0 0.09532727489 0 0 0 0 0 0 0.0007676946522 0 0 0 0 0 0 0.0007676946522 0 0 0 0 0 0 0.001327432675
106,1785495439.750830889,map,7.8710093498,-4.3222823143,-1.1708391905,0.0321626503,0.0594299015,0.8528184775,0.5178168700,0.04361530088 0 0 0 0 0 0 0.04361530088 0 0 0 0 0 0 0.09538385407 0 0 0 0 0 0 0.0007685809518 0 0 0 0 0 0 0.0007685809518 0 0 0 0 0 0 0.001328598042
107,1785495439.850075960,map,7.8786382675,-4.3170418739,-1.1699322462,0.0324771954,0.0596886510,0.8529435848,0.5175613760,0.04338927177 0 0 0 0 0 0 0.04338927177 0 0 0 0 0 0 0.09504945505 0 0 0 0 0 0 0.0007633462794 0 0 0 0 0 0 0.0007633462794 0 0 0 0 0 0 0.001321712801
108,1785495439.950311899,map,7.8803725243,-4.3177728653,-1.1687866449,0.0319777953,0.0596716127,0.8530315901,0.5174493737,0.043544027 0 0 0 0 0 0 0.043544027 0 0 0 0 0 0 0.09527843821 0 0 0 0 0 0 0.0007669298369 0 0 0 0 0 0 0.0007669298369 0 0 0 0 0 0 0.001326426915
109,1785495440.050415993,map,7.8717179298,-4.3068342209,-1.1702642441,0.0333301324,0.0592008474,0.8529929274,0.5174818417,0.04340089908 0 0 0 0 0 0 0.04340089908 0 0 0 0 0 0 0.09506666395 0 0 0 0 0 0 0.0007636154547 0 0 0 0 0 0 0.0007636154547 0 0 0 0 0 0 0.001322066989
110,1785495440.150779963,map,7.8570117950,-4.3601884842,-1.1675009727,0.0327791497,0.0601209930,0.8526008835,0.5180566483,0.04363262022 0 0 0 0 0 0 0.04363262022 0 0 0 0 0 0 0.09540946559 0 0 0 0 0 0 0.0007689822319 0 0 0 0 0 0 0.0007689822319 0 0 0 0 0 0 0.001329125619
111,1785495440.249979019,map,7.8484978676,-4.3762083054,-1.1650253534,0.0328048503,0.0602259932,0.8515480467,0.5197716135,0.04328432414 0 0 0 0 0 0 0.04328432414 0 0 0 0 0 0 0.09489409422 0 0 0 0 0 0 0.0007609172288 0 0 0 0 0 0 0.0007609172288 0 0 0 0 0 0 0.001318515914
112,1785495440.349999905,map,7.8515882492,-4.3692526817,-1.1655461788,0.0326255395,0.0600394842,0.8518441323,0.5193191468,0.04355262744 0 0 0 0 0 0 0.04355262744 0 0 0 0 0 0 0.09529115996 0 0 0 0 0 0 0.0007671290502 0 0 0 0 0 0 0.0007671290502 0 0 0 0 0 0 0.001326688899
113,1785495440.450159073,map,7.8592367172,-4.3540487289,-1.1655105352,0.0326687135,0.0598597288,0.8521129847,0.5188959583,0.04316661241 0 0 0 0 0 0 0.04316661241 0 0 0 0 0 0 0.09471976507 0 0 0 0 0 0 0.0007581938568 0 0 0 0 0 0 0.0007581938568 0 0 0 0 0 0 0.001314930209
114,1785495440.550283909,map,7.8649172783,-4.3510022163,-1.1658341885,0.0322715510,0.0600627750,0.8524213532,0.5183906152,0.04341979032 0 0 0 0 0 0 0.04341979032 0 0 0 0 0 0 0.0950946222 0 0 0 0 0 0 0.0007640528164 0 0 0 0 0 0 0.0007640528164 0 0 0 0 0 0 0.001322642449
115,1785495440.650466919,map,7.8662724495,-4.3294796944,-1.1681884527,0.0329294084,0.0596100677,0.8524108763,0.5184186983,0.04335196262 0 0 0 0 0 0 0.04335196262 0 0 0 0 0 0 0.09499423087 0 0 0 0 0 0 0.0007624826392 0 0 0 0 0 0 0.0007624826392 0 0 0 0 0 0 0.0013205763
116,1785495440.750621080,map,7.8654861450,-4.3212084770,-1.1674327850,0.0326151454,0.0595243584,0.8525979379,0.5181407390,0.04330882741 0 0 0 0 0 0 0.04330882741 0 0 0 0 0 0 0.09493037347 0 0 0 0 0 0 0.0007614842825 0 0 0 0 0 0 0.0007614842825 0 0 0 0 0 0 0.001319262326
117,1785495440.849910975,map,7.8671369553,-4.3167386055,-1.1682958603,0.0328016963,0.0597234623,0.8526745090,0.5179801100,0.04339382015 0 0 0 0 0 0 0.04339382015 0 0 0 0 0 0 0.09505618693 0 0 0 0 0 0 0.0007634515742 0 0 0 0 0 0 0.0007634515742 0 0 0 0 0 0 0.001321851353
118,1785495440.950042009,map,7.8719372749,-4.3222370148,-1.1694172621,0.0319259974,0.0597241269,0.8527661704,0.5178837719,0.0434299436 0 0 0 0 0 0 0.0434299436 0 0 0 0 0 0 0.09510964783 0 0 0 0 0 0 0.0007642878933 0 0 0 0 0 0 0.0007642878933 0 0 0 0 0 0 0.001322951736
119,1785495441.050295115,map,7.8729877472,-4.3121905327,-1.1674884558,0.0324125678,0.0595778983,0.8528690400,0.5177009437,0.04323136722 0 0 0 0 0 0 0.04323136722 0 0 0 0 0 0 0.09481567543 0 0 0 0 0 0 0.0007596918752 0 0 0 0 0 0 0.0007596918752 0 0 0 0 0 0 0.001316902754
120,1785495441.150340080,map,7.8709931374,-4.3090953827,-1.1690430641,0.0324945499,0.0595282700,0.8527922908,0.5178279130,0.04326896335 0 0 0 0 0 0 0.04326896335 0 0 0 0 0 0 0.09487134951 0 0 0 0 0 0 0.0007605617758 0 0 0 0 0 0 0.0007605617758 0 0 0 0 0 0 0.001318047997
121,1785495441.250361919,map,7.8807077408,-4.3103575706,-1.1687839031,0.0319603439,0.0596123753,0.8528778883,0.5177105284,0.04339990044 0 0 0 0 0 0 0.04339990044 0 0 0 0 0 0 0.09506518597 0 0 0 0 0 0 0.0007635923356 0 0 0 0 0 0 0.0007635923356 0 0 0 0 0 0 0.001322036569
122,1785495441.349659920,map,7.8688974380,-4.2932815552,-1.1693766117,0.0328924764,0.0598244407,0.8530195596,0.5173942383,0.04339523273 0 0 0 0 0 0 0.04339523273 0 0 0 0 0 0 0.09505827762 0 0 0 0 0 0 0.0007634842758 0 0 0 0 0 0 0.0007634842758 0 0 0 0 0 0 0.001321894383
123,1785495441.449783087,map,7.8775672913,-4.2863402367,-1.1719816923,0.0325087152,0.0598147108,0.8530892694,0.5173046757,0.04328785658 0 0 0 0 0 0 0.04328785658 0 0 0 0 0 0 0.09489932452 0 0 0 0 0 0 0.0007609989733 0 0 0 0 0 0 0.0007609989733 0 0 0 0 0 0 0.001318623518
124,1785495441.549351931,map,7.8727211952,-4.2808690071,-1.1703095436,0.0326940556,0.0597944589,0.8530150364,0.5174177173,0.04336593079 0 0 0 0 0 0 0.04336593079 0 0 0 0 0 0 0.09501490715 0 0 0 0 0 0 0.0007628059637 0 0 0 0 0 0 0.0007628059637 0 0 0 0 0 0 0.001321001794
125,1785495441.650333881,map,7.8747758865,-4.2748594284,-1.1700091362,0.0331311886,0.0595105479,0.8531598141,0.5171839166,0.04355715865 0 0 0 0 0 0 0.04355715865 0 0 0 0 0 0 0.09529786236 0 0 0 0 0 0 0.00076723401 0 0 0 0 0 0 0.00076723401 0 0 0 0 0 0 0.001326826928
126,1785495441.749810934,map,7.8783164024,-4.2969708443,-1.1695454121,0.0314602023,0.0595745321,0.8529036942,0.5177030233,0.043303374 0 0 0 0 0 0 0.043303374 0 0 0 0 0 0 0.0949222995 0 0 0 0 0 0 0.0007613580755 0 0 0 0 0 0 0.0007613580755 0 0 0 0 0 0 0.001319096206
127,1785495441.849881887,map,7.8860378265,-4.2930483818,-1.1719940901,0.0322260728,0.0595081043,0.8529265797,0.5176258713,0.04350628131 0 0 0 0 0 0 0.04350628131 0 0 0 0 0 0 0.09522260009 0 0 0 0 0 0 0.0007660556013 0 0 0 0 0 0 0.0007660556013 0 0 0 0 0 0 0.001325277116
128,1785495441.950114965,map,7.8879613876,-4.2921380997,-1.1709395647,0.0326414528,0.0590083526,0.8529314053,0.5176491311,0.04335875715 0 0 0 0 0 0 0.04335875715 0 0 0 0 0 0 0.09500428856 0 0 0 0 0 0 0.0007626399118 0 0 0 0 0 0 0.0007626399118 0 0 0 0 0 0 0.001320783273
129,1785495442.050329924,map,7.8903756142,-4.2856521606,-1.1748129129,0.0327497094,0.0593732537,0.8530638296,0.5173822356,0.04318746542 0 0 0 0 0 0 0.04318746542 0 0 0 0 0 0 0.09475065367 0 0 0 0 0 0 0.0007586762254 0 0 0 0 0 0 0.0007586762254 0 0 0 0 0 0 0.001315565428
130,1785495442.149733067,map,7.8834047318,-4.2845115662,-1.1730529070,0.0330914208,0.0592231854,0.8530791078,0.5173524977,0.04341931354 0 0 0 0 0 0 0.04341931354 0 0 0 0 0 0 0.09509391661 0 0 0 0 0 0 0.0007640417778 0 0 0 0 0 0 0.0007640417778 0 0 0 0 0 0 0.001322627926
131,1785495442.249936104,map,7.8883204460,-4.2964715958,-1.1745986938,0.0318409288,0.0594644168,0.8532749570,0.5170802475,0.04356869113 0 0 0 0 0 0 0.04356869113 0 0 0 0 0 0 0.09531492024 0 0 0 0 0 0 0.0007675011525 0 0 0 0 0 0 0.0007675011525 0 0 0 0 0 0 0.001327178227
132,1785495442.350284100,map,7.8851661682,-4.3040170670,-1.1727590561,0.0316242924,0.0594847505,0.8531726051,0.5172600327,0.04323516229 0 0 0 0 0 0 0.04323516229 0 0 0 0 0 0 0.09482129569 0 0 0 0 0 0 0.0007597796802 0 0 0 0 0 0 0.0007597796802 0 0 0 0 0 0 0.001317018358
133,1785495442.450529099,map,7.8919372559,-4.3047752380,-1.1727349758,0.0314112179,0.0593758813,0.8531359996,0.5173459090,0.04334316369 0 0 0 0 0 0 0.04334316369 0 0 0 0 0 0 0.09498120576 0 0 0 0 0 0 0.0007622789767 0 0 0 0 0 0 0.0007622789767 0 0 0 0 0 0 0.001320308269
134,1785495442.549712896,map,7.8898677826,-4.2968873978,-1.1765788794,0.0319704285,0.0592679974,0.8531157693,0.5173574085,0.04343079939 0 0 0 0 0 0 0.04343079939 0 0 0 0 0 0 0.09511091426 0 0 0 0 0 0 0.0007643077075 0 0 0 0 0 0 0.0007643077075 0 0 0 0 0 0 0.001322977805
135,1785495442.649858952,map,7.8848009109,-4.2997021675,-1.1773135662,0.0316590061,0.0593234533,0.8532211812,0.5171963705,0.04355690668 0 0 0 0 0 0 0.04355690668 0 0 0 0 0 0 0.09529748966 0 0 0 0 0 0 0.0007672281733 0 0 0 0 0 0 0.0007672281733 0 0 0 0 0 0 0.001326819253
136,1785495442.750119925,map,7.8744373322,-4.2889242172,-1.1700773239,0.0320936442,0.0598716496,0.8530858273,0.5173296278,0.04326882596 0 0 0 0 0 0 0.04326882596 0 0 0 0 0 0 0.09487114607 0 0 0 0 0 0 0.0007605585967 0 0 0 0 0 0 0.0007605585967 0 0 0 0 0 0 0.001318043812
137,1785495442.850130081,map,7.8728194237,-4.2855315208,-1.1709959507,0.0326067042,0.0592395670,0.8531094974,0.5173312912,0.0433700209 0 0 0 0 0 0 0.0433700209 0 0 0 0 0 0 0.09502096129 0 0 0 0 0 0 0.0007629006413 0 0 0 0 0 0 0.0007629006413 0 0 0 0 0 0 0.001321126386
138,1785495442.950367928,map,7.8772759438,-4.2879695892,-1.1716789007,0.0321797434,0.0593793551,0.8532489763,0.5171118669,0.04341392188 0 0 0 0 0 0 0.04341392188 0 0 0 0 0 0 0.09508593737 0 0 0 0 0 0 0.0007639169497 0 0 0 0 0 0 0.0007639169497 0 0 0 0 0 0 0.001322463687
139,1785495443.049598932,map,7.8798289299,-4.2905321121,-1.1723276377,0.0315678177,0.0592646377,0.8531883667,0.5172627550,0.0431678077 0 0 0 0 0 0 0.0431678077 0 0 0 0 0 0 0.09472153566 0 0 0 0 0 0 0.000758221505 0 0 0 0 0 0 0.000758221505 0 0 0 0 0 0 0.00131496662
140,1785495443.149811983,map,7.8691124916,-4.2720074654,-1.1734900475,0.0330808089,0.0595663565,0.8532069137,0.5171029195,0.04356487981 0 0 0 0 0 0 0.04356487981 0 0 0 0 0 0 0.09530928293 0 0 0 0 0 0 0.0007674128644 0 0 0 0 0 0 0.0007674128644 0 0 0 0 0 0 0.001327062128
141,1785495443.250076056,map,7.8713083267,-4.2814817429,-1.1722228527,0.0323587077,0.0598894922,0.8532633297,0.5170182421,0.04356286837 0 0 0 0 0 0 0.04356286837 0 0 0 0 0 0 0.0953063078 0 0 0 0 0 0 0.0007673662706 0 0 0 0 0 0 0.0007673662706 0 0 0 0 0 0 0.001327000856
142,1785495443.350562096,map,7.8762426376,-4.2816843987,-1.1705486774,0.0325994258,0.0596718907,0.8531770258,0.5171707061,0.04313732361 0 0 0 0 0 0 0.04313732361 0 0 0 0 0 0 0.09467637685 0 0 0 0 0 0 0.0007575164154 0 0 0 0 0 0 0.0007575164154 0 0 0 0 0 0 0.001314038021
143,1785495443.450715065,map,7.8824825287,-4.2807197571,-1.1700921059,0.0326408640,0.0595407674,0.8531184840,0.5172797297,0.04352002995 0 0 0 0 0 0 0.04352002995 0 0 0 0 0 0 0.0952429397 0 0 0 0 0 0 0.0007663740224 0 0 0 0 0 0 0.0007663740224 0 0 0 0 0 0 0.001325695923
144,1785495443.549992085,map,7.8855648041,-4.2793884277,-1.1738339663,0.0326050123,0.0594006256,0.8533319043,0.5169459603,0.04343927699 0 0 0 0 0 0 0.04343927699 0 0 0 0 0 0 0.0951234596 0 0 0 0 0 0 0.0007645039948 0 0 0 0 0 0 0.0007645039948 0 0 0 0 0 0 0.001323236047
145,1785495443.650274992,map,7.8761882782,-4.2771873474,-1.1714005470,0.0330135458,0.0594725579,0.8532837517,0.5169912862,0.04354569817 0 0 0 0 0 0 0.04354569817 0 0 0 0 0 0 0.09528091024 0 0 0 0 0 0 0.000766968546 0 0 0 0 0 0 0.000766968546 0 0 0 0 0 0 0.001326477822
146,1785495443.749706030,map,7.8815002441,-4.2692518234,-1.1719186306,0.0334933653,0.0590847670,0.8549691617,0.5142128638,0.04360817574 0 0 0 0 0 0 0.04360817574 0 0 0 0 0 0 0.09537331706 0 0 0 0 0 0 0.0007684158732 0 0 0 0 0 0 0.0007684158732 0 0 0 0 0 0 0.001328380998
147,1785495443.850054979,map,7.8821787834,-4.2717127800,-1.1740250587,0.0335973627,0.0588853339,0.8550738348,0.5140549062,0.04323223884 0 0 0 0 0 0 0.04323223884 0 0 0 0 0 0 0.09481696625 0 0 0 0 0 0 0.0007597120414 0 0 0 0 0 0 0.0007597120414 0 0 0 0 0 0 0.001316929305
148,1785495443.950197935,map,7.8952345848,-4.2637486458,-1.1763128042,0.0346627866,0.0592455855,0.8599035473,0.5058204901,0.0432378939 0 0 0 0 0 0 0.0432378939 0 0 0 0 0 0 0.09482534099 0 0 0 0 0 0 0.0007598428811 0 0 0 0 0 0 0.0007598428811 0 0 0 0 0 0 0.001317101568
149,1785495444.049441099,map,7.8569340706,-4.2676587105,-1.1690582037,0.0386945881,0.0587689945,0.8622664200,0.5015431596,0.04341065548 0 0 0 0 0 0 0.04341065548 0 0 0 0 0 0 0.09508110327 0 0 0 0 0 0 0.0007638413269 0 0 0 0 0 0 0.0007638413269 0 0 0 0 0 0 0.001322364186
150,1785495444.149461031,map,7.8615865707,-4.2577128410,-1.1711778641,0.0393959362,0.0579722232,0.8693166662,0.4892603828,0.04313511694 0 0 0 0 0 0 0.04313511694 0 0 0 0 0 0 0.09467310772 0 0 0 0 0 0 0.0007574653788 0 0 0 0 0 0 0.0007574653788 0 0 0 0 0 0 0.001313970802
151,1785495444.249598026,map,7.8084225655,-4.2518110275,-1.1625070572,0.0410346551,0.0572336228,0.8730339203,0.4825476579,0.04343588791 0 0 0 0 0 0 0.04343588791 0 0 0 0 0 0 0.09511844442 0 0 0 0 0 0 0.0007644255246 0 0 0 0 0 0 0.0007644255246 0 0 0 0 0 0 0.00132313281
152,1785495444.349968910,map,7.7985091209,-4.2417721748,-1.1645148993,0.0432150013,0.0560577516,0.8790522391,0.4714415692,0.04345132123 0 0 0 0 0 0 0.04345132123 0 0 0 0 0 0 0.09514128224 0 0 0 0 0 0 0.0007647828732 0 0 0 0 0 0 0.0007647828732 0 0 0 0 0 0 0.001323602936
153,1785495444.450339079,map,7.8013849258,-4.2438569069,-1.1613103151,0.0448033025,0.0551175165,0.8839066991,0.4622376818,0.04343897385 0 0 0 0 0 0 0.04343897385 0 0 0 0 0 0 0.09512301101 0 0 0 0 0 0 0.0007644969759 0 0 0 0 0 0 0.0007644969759 0 0 0 0 0 0 0.001323226813
154,1785495444.550585032,map,7.7967844009,-4.2484750748,-1.1585929394,0.0470931208,0.0546590783,0.8895932127,0.4510194297,0.04334622955 0 0 0 0 0 0 0.04334622955 0 0 0 0 0 0 0.09498574422 0 0 0 0 0 0 0.0007623499393 0 0 0 0 0 0 0.0007623499393 0 0 0 0 0 0 0.00132040166
155,1785495444.649785042,map,7.7794189453,-4.2085642815,-1.1589962244,0.0482838993,0.0529927408,0.8946794695,0.4409184727,0.04357175608 0 0 0 0 0 0 0.04357175608 0 0 0 0 0 0 0.09531945354 0 0 0 0 0 0 0.0007675721521 0 0 0 0 0 0 0.0007675721521 0 0 0 0 0 0 0.001327271591
156,1785495444.749943972,map,7.7884855270,-4.1988286972,-1.1617356539,0.0486256414,0.0521992739,0.8998872007,0.4302485272,0.04343273108 0 0 0 0 0 0 0.04343273108 0 0 0 0 0 0 0.09511377285 0 0 0 0 0 0 0.0007643524326 0 0 0 0 0 0 0.0007643524326 0 0 0 0 0 0 0.001323036648
157,1785495444.849252939,map,7.8138861656,-4.2187142372,-1.1625324488,0.0482841524,0.0517231163,0.9046064387,0.4203338588,0.04362523374 0 0 0 0 0 0 0.04362523374 0 0 0 0 0 0 0.09539854279 0 0 0 0 0 0 0.0007688110878 0 0 0 0 0 0 0.0007688110878 0 0 0 0 0 0 0.001328900614
158,1785495444.949502945,map,7.8150382042,-4.2162737846,-1.1604459286,0.0505308205,0.0522890445,0.9093841831,0.4095520368,0.04362527747 0 0 0 0 0 0 0.04362527747 0 0 0 0 0 0 0.09539860746 0 0 0 0 0 0 0.000768812101 0 0 0 0 0 0 0.000768812101 0 0 0 0 0 0 0.001328901946
159,1785495445.049653053,map,7.7916440964,-4.1771459579,-1.1649904251,0.0512664131,0.0496043615,0.9132584108,0.4010863218,0.04335585906 0 0 0 0 0 0 0.04335585906 0 0 0 0 0 0 0.09499999865 0 0 0 0 0 0 0.0007625728293 0 0 0 0 0 0 0.0007625728293 0 0 0 0 0 0 0.001320694992
160,1785495445.149149895,map,7.7999944687,-4.1707859039,-1.1695032120,0.0502385413,0.0483294527,0.9172550186,0.3921525055,0.04324740334 0 0 0 0 0 0 0.04324740334 0 0 0 0 0 0 0.0948394234 0 0 0 0 0 0 0.0007600629047 0 0 0 0 0 0 0.0007600629047 0 0 0 0 0 0 0.001317391242
161,1785495445.249355078,map,7.7938532829,-4.1826782227,-1.1685088873,0.0511712844,0.0480233304,0.9213926460,0.3822444874,0.04364314086 0 0 0 0 0 0 0.04364314086 0 0 0 0 0 0 0.09542502251 0 0 0 0 0 0 0.0007692260017 0 0 0 0 0 0 0.0007692260017 0 0 0 0 0 0 0.001329446096
162,1785495445.349560022,map,7.7908749580,-4.1857604980,-1.1647040844,0.0510286771,0.0476988223,0.9246143036,0.3744453193,0.04362728019 0 0 0 0 0 0 0.04362728019 0 0 0 0 0 0 0.09540156902 0 0 0 0 0 0 0.0007688585034 0 0 0 0 0 0 0.0007688585034 0 0 0 0 0 0 0.001328962952
163,1785495445.449702024,map,7.8192119598,-4.2596778870,-1.1676480770,0.0514155633,0.0467995391,0.9281456367,0.3656663892,0.04328994697 0 0 0 0 0 0 0.04328994697 0 0 0 0 0 0 0.0949024196 0 0 0 0 0 0 0.0007610473475 0 0 0 0 0 0 0.0007610473475 0 0 0 0 0 0 0.001318687195
164,1785495445.550033092,map,7.7969551086,-4.2128748894,-1.1719022989,0.0521031570,0.0460571537,0.9315737654,0.3568393074,0.04336535095 0 0 0 0 0 0 0.04336535095 0 0 0 0 0 0 0.09501404886 0 0 0 0 0 0 0.0007627925415 0 0 0 0 0 0 0.0007627925415 0 0 0 0 0 0 0.001320984131
165,1785495445.649450064,map,7.7870945930,-4.2006192207,-1.1626094580,0.0521414847,0.0453756742,0.9324750542,0.3545597246,0.04359415133 0 0 0 0 0 0 0.04359415133 0 0 0 0 0 0 0.09535257626 0 0 0 0 0 0 0.0007680909615 0 0 0 0 0 0 0.0007680909615 0 0 0 0 0 0 0.001327953789
166,1785495445.749820948,map,7.7993283272,-4.1757421494,-1.1666038036,0.0527778904,0.0454536361,0.9350282430,0.3476645547,0.0434751359 0 0 0 0 0 0 0.0434751359 0 0 0 0 0 0 0.09517652 0 0 0 0 0 0 0.0007653343258 0 0 0 0 0 0 0.0007653343258 0 0 0 0 0 0 0.001324328372
167,1785495445.849170923,map,7.7925376892,-4.1818513870,-1.1664669514,0.0539073934,0.0454480259,0.9372805736,0.3413701507,0.0434950612 0 0 0 0 0 0 0.0434950612 0 0 0 0 0 0 0.09520600038 0 0 0 0 0 0 0.0007657957529 0 0 0 0 0 0 0.0007657957529 0 0 0 0 0 0 0.001324935332
168,1785495445.949228048,map,7.7984428406,-4.1814851761,-1.1635895967,0.0549500944,0.0461094622,0.9394925321,0.3349748661,0.04325794221 0 0 0 0 0 0 0.04325794221 0 0 0 0 0 0 0.09485502971 0 0 0 0 0 0 0.0007603067558 0 0 0 0 0 0 0.0007603067558 0 0 0 0 0 0 0.001317712274
169,1785495446.049406052,map,7.7877650261,-4.1914887428,-1.1600791216,0.0565131951,0.0467707461,0.9410800764,0.3301318521,0.04358034762 0 0 0 0 0 0 0.04358034762 0 0 0 0 0 0 0.09533216081 0 0 0 0 0 0 0.0007677711791 0 0 0 0 0 0 0.0007677711791 0 0 0 0 0 0 0.001327533304
170,1785495446.149697065,map,7.8007702827,-4.1953206062,-1.1598892212,0.0558018684,0.0457017317,0.9432275099,0.3242212005,0.04319021814 0 0 0 0 0 0 0.04319021814 0 0 0 0 0 0 0.09475473095 0 0 0 0 0 0 0.0007587399035 0 0 0 0 0 0 0.0007587399035 0 0 0 0 0 0 0.001315649281
171,1785495446.249042034,map,7.8073425293,-4.2103576660,-1.1653150320,0.0552070436,0.0432031262,0.9448773983,0.3198317508,0.04383499264 0 0 0 0 0 0 0.04383499264 0 0 0 0 0 0 0.0957086085 0 0 0 0 0 0 0.0007736729493 0 0 0 0 0 0 0.0007736729493 0 0 0 0 0 0 0.001335290235
172,1785495446.349375963,map,7.8132958412,-4.2038893700,-1.1607546806,0.0580859125,0.0427794179,0.9473350342,0.3120132706,0.04365256777 0 0 0 0 0 0 0.04365256777 0 0 0 0 0 0 0.09543896162 0 0 0 0 0 0 0.0007694444373 0 0 0 0 0 0 0.0007694444373 0 0 0 0 0 0 0.001329733256
173,1785495446.449839115,map,7.8072247505,-4.2188587189,-1.1598775387,0.0607211229,0.0412123255,0.9479611783,0.3098130155,0.04373315744 0 0 0 0 0 0 0.04373315744 0 0 0 0 0 0 0.0955581057 0 0 0 0 0 0 0.0007713121216 0 0 0 0 0 0 0.0007713121216 0 0 0 0 0 0 0.001332188158
174,1785495446.549367905,map,7.8130640984,-4.1331844330,-1.1549769640,0.0596317962,0.0408323470,0.9515045649,0.2990248261,0.04336595562 0 0 0 0 0 0 0.04336595562 0 0 0 0 0 0 0.09501494389 0 0 0 0 0 0 0.0007628065383 0 0 0 0 0 0 0.0007628065383 0 0 0 0 0 0 0.001321002551
175,1785495446.649688005,map,7.8183836937,-4.1520252228,-1.1540739536,0.0594756894,0.0394030389,0.9531378120,0.2940039747,0.04365364596 0 0 0 0 0 0 0.04365364596 0 0 0 0 0 0 0.09544055585 0 0 0 0 0 0 0.000769469421 0 0 0 0 0 0 0.000769469421 0 0 0 0 0 0 0.0013297661
176,1785495446.748944998,map,7.8038773537,-4.2452530861,-1.1545990705,0.0634678309,0.0382900298,0.9546406998,0.2883866140,0.04406735902 0 0 0 0 0 0 0.04406735902 0 0 0 0 0 0 0.09605181282 0 0 0 0 0 0 0.0007790630757 0 0 0 0 0 0 0.0007790630757 0 0 0 0 0 0 0.00134236852
177,1785495446.849490881,map,7.8011784554,-4.2242999077,-1.1525002718,0.0639332327,0.0363200797,0.9559728570,0.2840938099,0.04326962174 0 0 0 0 0 0 0.04326962174 0 0 0 0 0 0 0.09487232441 0 0 0 0 0 0 0.0007605770108 0 0 0 0 0 0 0.0007605770108 0 0 0 0 0 0 0.001318068053
178,1785495446.949672937,map,7.7892475128,-4.2153463364,-1.1579995155,0.0602141882,0.0350434718,0.9591296100,0.2742564393,0.04380801433 0 0 0 0 0 0 0.04380801433 0 0 0 0 0 0 0.09566874262 0 0 0 0 0 0 0.0007730474319 0 0 0 0 0 0 0.0007730474319 0 0 0 0 0 0 0.001334468429
179,1785495447.048916101,map,7.7533850670,-4.2079114914,-1.1553443670,0.0611543457,0.0317715596,0.9603704082,0.2700729546,0.04322973064 0 0 0 0 0 0 0.04322973064 0 0 0 0 0 0 0.09481325173 0 0 0 0 0 0 0.0007596540107 0 0 0 0 0 0 0.0007596540107 0 0 0 0 0 0 0.001316852901
180,1785495447.149368048,map,7.7751421928,-4.1901745796,-1.1566023827,0.0646058068,0.0329159855,0.9609658850,0.2669966225,0.04321035685 0 0 0 0 0 0 0.04321035685 0 0 0 0 0 0 0.09478455888 0 0 0 0 0 0 0.0007592057887 0 0 0 0 0 0 0.0007592057887 0 0 0 0 0 0 0.001316262741
181,1785495447.249625921,map,7.7884817123,-4.1594443321,-1.1552443504,0.0687496834,0.0289096677,0.9608396155,0.2668800372,0.04331090258 0 0 0 0 0 0 0.04331090258 0 0 0 0 0 0 0.09493344579 0 0 0 0 0 0 0.0007615323083 0 0 0 0 0 0 0.0007615323083 0 0 0 0 0 0 0.001319325539
182,1785495447.348818064,map,7.7896094322,-4.1012463570,-1.1685148478,0.0751349345,0.0279513414,0.9583908777,0.2739715264,0.04313046333 0 0 0 0 0 0 0.04313046333 0 0 0 0 0 0 0.09466621338 0 0 0 0 0 0 0.0007573577496 0 0 0 0 0 0 0.0007573577496 0 0 0 0 0 0 0.001313829045
183,1785495447.449228048,map,7.7653756142,-4.0951352119,-1.1748700142,0.0789693616,0.0280035139,0.9564957113,0.2794559008,0.04284563191 0 0 0 0 0 0 0.04284563191 0 0 0 0 0 0 0.09424400478 0 0 0 0 0 0 0.0007507736627 0 0 0 0 0 0 0.0007507736627 0 0 0 0 0 0 0.001305152584
184,1785495447.549590111,map,7.7773633003,-4.0772061348,-1.1579372883,0.0767099440,0.0263383140,0.9540085449,0.2885993251,0.04278413065 0 0 0 0 0 0 0.04278413065 0 0 0 0 0 0 0.09415278093 0 0 0 0 0 0 0.0007493529281 0 0 0 0 0 0 0.0007493529281 0 0 0 0 0 0 0.001303279149
185,1785495447.648853064,map,7.7482247353,-4.0668349266,-1.1750081778,0.0781524001,0.0271196360,0.9511153892,0.2975504117,0.04317377755 0 0 0 0 0 0 0.04317377755 0 0 0 0 0 0 0.09473037874 0 0 0 0 0 0 0.0007583595956 0 0 0 0 0 0 0.0007583595956 0 0 0 0 0 0 0.001315148472
186,1785495447.749209881,map,7.7443490028,-4.0754866600,-1.1664334536,0.0778336656,0.0269449098,0.9480462780,0.3072851392,0.04284027763 0 0 0 0 0 0 0.04284027763 0 0 0 0 0 0 0.0942360637 0 0 0 0 0 0 0.000750649961 0 0 0 0 0 0 0.000750649961 0 0 0 0 0 0 0.001304989483
187,1785495447.848512888,map,7.7642083168,-4.0326623917,-1.1616308689,0.0761996183,0.0257972863,0.9459174955,0.3142741384,0.04325819235 0 0 0 0 0 0 0.04325819235 0 0 0 0 0 0 0.09485540012 0 0 0 0 0 0 0.0007603125438 0 0 0 0 0 0 0.0007603125438 0 0 0 0 0 0 0.001317719894
188,1785495447.949485064,map,7.7694334984,-4.0234613419,-1.1775089502,0.0782824744,0.0271289755,0.9423775233,0.3241303447,0.04297003526 0 0 0 0 0 0 0.04297003526 0 0 0 0 0 0 0.09442846517 0 0 0 0 0 0 0.0007536484846 0 0 0 0 0 0 0.0007536484846 0 0 0 0 0 0 0.001308942127
189,1785495448.048907995,map,7.7429852486,-4.0232892036,-1.1681927443,0.0787547907,0.0274308350,0.9395710877,0.3320412816,0.04281264323 0 0 0 0 0 0 0.04281264323 0 0 0 0 0 0 0.09419507584 0 0 0 0 0 0 0.000750011554 0 0 0 0 0 0 0.000750011554 0 0 0 0 0 0 0.001304147691
190,1785495448.149271965,map,7.7573094368,-4.0568218231,-1.1734894514,0.0783271722,0.0272638786,0.9361011321,0.3418131224,0.04272244427 0 0 0 0 0 0 0.04272244427 0 0 0 0 0 0 0.09406126103 0 0 0 0 0 0 0.0007479282441 0 0 0 0 0 0 0.0007479282441 0 0 0 0 0 0 0.001301400074
191,1785495448.249659061,map,7.7659754753,-4.0647807121,-1.1643067598,0.0746623906,0.0271285214,0.9339259207,0.3485282315,0.04287679108 0 0 0 0 0 0 0.04287679108 0 0 0 0 0 0 0.09429021455 0 0 0 0 0 0 0.0007514935918 0 0 0 0 0 0 0.0007514935918 0 0 0 0 0 0 0.001306101747
192,1785495448.349092960,map,7.7367691994,-4.0621314049,-1.1795375347,0.0767480292,0.0298152936,0.9299786056,0.3582744412,0.04297178934 0 0 0 0 0 0 0.04297178934 0 0 0 0 0 0 0.09443106542 0 0 0 0 0 0 0.0007536890287 0 0 0 0 0 0 0.0007536890287 0 0 0 0 0 0 0.001308995559
193,1785495448.449238062,map,7.7490849495,-4.0650243759,-1.1720221043,0.0756628373,0.0294335965,0.9277239187,0.3643310652,0.04339836029 0 0 0 0 0 0 0.04339836029 0 0 0 0 0 0 0.09506290651 0 0 0 0 0 0 0.0007635566801 0 0 0 0 0 0 0.0007635566801 0 0 0 0 0 0 0.001321989653
194,1785495448.549432039,map,7.7779259682,-4.0822262764,-1.1753380299,0.0761829820,0.0284206914,0.9236575931,0.3744931013,0.0429232056 0 0 0 0 0 0 0.0429232056 0 0 0 0 0 0 0.0943590382 0 0 0 0 0 0 0.000752566148 0 0 0 0 0 0 0.000752566148 0 0 0 0 0 0 0.001307515614
195,1785495448.648749113,map,7.7433686256,-4.0691642761,-1.1736227274,0.0781597099,0.0270197976,0.9200914231,0.3828743546,0.04275004285 0 0 0 0 0 0 0.04275004285 0 0 0 0 0 0 0.09410220983 0 0 0 0 0 0 0.0007485656094 0 0 0 0 0 0 0.0007485656094 0 0 0 0 0 0 0.001302240775
196,1785495448.749059916,map,7.7752742767,-4.0945744514,-1.1817449331,0.0778816602,0.0281700198,0.9148798410,0.3951401545,0.04283171081 0 0 0 0 0 0 0.04283171081 0 0 0 0 0 0 0.09422335771 0 0 0 0 0 0 0.0007504520444 0 0 0 0 0 0 0.0007504520444 0 0 0 0 0 0 0.001304728523
197,1785495448.849306107,map,7.7533836365,-4.0562672615,-1.1785063744,0.0776632601,0.0290077248,0.9113869430,0.4031138876,0.04279065009 0 0 0 0 0 0 0.04279065009 0 0 0 0 0 0 0.09416245213 0 0 0 0 0 0 0.0007495035177 0 0 0 0 0 0 0.0007495035177 0 0 0 0 0 0 0.001303477742
198,1785495448.948558092,map,7.7194576263,-4.0696554184,-1.1706811190,0.0785936252,0.0309676461,0.9048271519,0.4173150989,0.04275186528 0 0 0 0 0 0 0.04275186528 0 0 0 0 0 0 0.09410491368 0 0 0 0 0 0 0.0007486076993 0 0 0 0 0 0 0.0007486076993 0 0 0 0 0 0 0.001302296289
199,1785495449.048813105,map,7.7057642937,-4.0321164131,-1.1576699018,0.0788109498,0.0309041332,0.9005596888,0.4264106020,0.04418360194 0 0 0 0 0 0 0.04418360194 0 0 0 0 0 0 0.09622339354 0 0 0 0 0 0 0.0007817611947 0 0 0 0 0 0 0.0007817611947 0 0 0 0 0 0 0.001345909482
200,1785495449.149168015,map,7.7002663612,-4.0380277634,-1.1617453098,0.0774667831,0.0291415160,0.8993110971,0.4294056539,0.04292837367 0 0 0 0 0 0 0.04292837367 0 0 0 0 0 0 0.0943667007 0 0 0 0 0 0 0.0007526855844 0 0 0 0 0 0 0.0007526855844 0 0 0 0 0 0 0.001307673042
201,1785495449.248466015,map,7.6750521660,-3.9920589924,-1.1532708406,0.0748860783,0.0265343210,0.8995031505,0.4296301829,0.0428640556 0 0 0 0 0 0 0.0428640556 0 0 0 0 0 0 0.0942713282 0 0 0 0 0 0 0.0007511993299 0 0 0 0 0 0 0.0007511993299 0 0 0 0 0 0 0.001305713802
202,1785495449.349567890,map,7.6809930801,-3.9950082302,-1.1571087837,0.0755257214,0.0270759857,0.8998147939,0.4288310960,0.04280464988 0 0 0 0 0 0 0.04280464988 0 0 0 0 0 0 0.09418321916 0 0 0 0 0 0 0.0007498269048 0 0 0 0 0 0 0.0007498269048 0 0 0 0 0 0 0.0013039042
203,1785495449.448721886,map,7.6426091194,-4.0045847893,-1.1511017084,0.0754207743,0.0269656848,0.9004221433,0.4275798608,0.04317134155 0 0 0 0 0 0 0.04317134155 0 0 0 0 0 0 0.09472677034 0 0 0 0 0 0 0.0007583032472 0 0 0 0 0 0 0.0007583032472 0 0 0 0 0 0 0.001315074267
204,1785495449.548907042,map,7.6290512085,-3.9966926575,-1.1320981979,0.0781979582,0.0275728055,0.9029459327,0.4216793305,0.04283182789 0 0 0 0 0 0 0.04283182789 0 0 0 0 0 0 0.09422353136 0 0 0 0 0 0 0.0007504547492 0 0 0 0 0 0 0.0007504547492 0 0 0 0 0 0 0.00130473209
205,1785495449.649141073,map,7.5456204414,-3.9562008381,-1.1302330494,0.0825223803,0.0284955448,0.9043015877,0.4178716415,0.04270127092 0 0 0 0 0 0 0.04270127092 0 0 0 0 0 0 0.0940298426 0 0 0 0 0 0 0.0007474393085 0 0 0 0 0 0 0.0007474393085 0 0 0 0 0 0 0.001300755097
206,1785495449.749274015,map,7.5394988060,-3.9651987553,-1.1278914213,0.0816621755,0.0276166854,0.9094579990,0.4067613227,0.04283904714 0 0 0 0 0 0 0.04283904714 0 0 0 0 0 0 0.09423423872 0 0 0 0 0 0 0.0007506215332 0 0 0 0 0 0 0.0007506215332 0 0 0 0 0 0 0.001304952001
207,1785495449.848632097,map,7.5063939095,-3.9237844944,-1.1187155247,0.0822843786,0.0270228275,0.9130984790,0.3984347038,0.04269343926 0 0 0 0 0 0 0.04269343926 0 0 0 0 0 0 0.09401822081 0 0 0 0 0 0 0.0007472584693 0 0 0 0 0 0 0.0007472584693 0 0 0 0 0 0 0.001300516531
208,1785495449.948101997,map,7.5062685013,-3.9270730019,-1.1207482815,0.0822945223,0.0267225647,0.9196630628,0.3830579232,0.04292113347 0 0 0 0 0 0 0.04292113347 0 0 0 0 0 0 0.0943559659 0 0 0 0 0 0 0.0007525182609 0 0 0 0 0 0 0.0007525182609 0 0 0 0 0 0 0.001307452493
209,1785495450.048582077,map,7.4757413864,-3.8574306965,-1.1086800098,0.0820026516,0.0243099716,0.9262009245,0.3672007823,0.04281080484 0 0 0 0 0 0 0.04281080484 0 0 0 0 0 0 0.09419234896 0 0 0 0 0 0 0.0007499690861 0 0 0 0 0 0 0.0007499690861 0 0 0 0 0 0 0.001304091691
210,1785495450.148680925,map,7.5202288628,-3.8815591335,-1.1199053526,0.0832765175,0.0241512933,0.9287469097,0.3604315612,0.04282169831 0 0 0 0 0 0 0.04282169831 0 0 0 0 0 0 0.09420850699 0 0 0 0 0 0 0.0007502207365 0 0 0 0 0 0 0.0007502207365 0 0 0 0 0 0 0.001304423525
211,1785495450.248894930,map,7.4732408524,-3.8968048096,-1.1152175665,0.0845586219,0.0233300215,0.9312488044,0.3536682221,0.04291270967 0 0 0 0 0 0 0.04291270967 0 0 0 0 0 0 0.09434347585 0 0 0 0 0 0 0.0007523235897 0 0 0 0 0 0 0.0007523235897 0 0 0 0 0 0 0.00130719589
212,1785495450.349345922,map,7.5322332382,-3.8974242210,-1.1239837408,0.0858184718,0.0223724893,0.9350094297,0.3433540817,0.04352952247 0 0 0 0 0 0 0.04352952247 0 0 0 0 0 0 0.09525698224 0 0 0 0 0 0 0.0007665938804 0 0 0 0 0 0 0.0007665938804 0 0 0 0 0 0 0.001325985082
213,1785495450.448597908,map,7.5457034111,-3.9229869843,-1.1287114620,0.0855954242,0.0215581751,0.9386442037,0.3334002409,0.04293168415 0 0 0 0 0 0 0.04293168415 0 0 0 0 0 0 0.09437160894 0 0 0 0 0 0 0.0007527620921 0 0 0 0 0 0 0.0007527620921 0 0 0 0 0 0 0.001307773885
214,1785495450.548806906,map,7.5069642067,-3.9487664700,-1.1262111664,0.0856785406,0.0198845829,0.9441888215,0.3174448901,0.0428332115 0 0 0 0 0 0 0.0428332115 0 0 0 0 0 0 0.09422558351 0 0 0 0 0 0 0.000750486714 0 0 0 0 0 0 0.000750486714 0 0 0 0 0 0 0.001304774237
215,1785495450.648957014,map,7.4584598541,-3.9347467422,-1.1246722937,0.0869136096,0.0186273569,0.9492501854,0.3017003964,0.0428405627 0 0 0 0 0 0 0.0428405627 0 0 0 0 0 0 0.09423648651 0 0 0 0 0 0 0.0007506565472 0 0 0 0 0 0 0.0007506565472 0 0 0 0 0 0 0.001304998167
216,1785495450.749181986,map,7.4622850418,-3.8904507160,-1.1207135916,0.0826186646,0.0153806838,0.9553550912,0.2832564550,0.04279947529 0 0 0 0 0 0 0.04279947529 0 0 0 0 0 0 0.09417554339 0 0 0 0 0 0 0.0007497073727 0 0 0 0 0 0 0.0007497073727 0 0 0 0 0 0 0.001303746573
217,1785495450.848906994,map,7.5439777374,-3.8937096596,-1.1436039209,0.0786115273,0.0151189030,0.9598594294,0.2688150368,0.04311316812 0 0 0 0 0 0 0.04311316812 0 0 0 0 0 0 0.09464058948 0 0 0 0 0 0 0.0007569577608 0 0 0 0 0 0 0.0007569577608 0 0 0 0 0 0 0.001313302203
218,1785495450.949321985,map,7.5049419403,-3.8908638954,-1.1368678808,0.0755115575,0.0143098030,0.9635896834,0.2561018673,0.04276766238 0 0 0 0 0 0 0.04276766238 0 0 0 0 0 0 0.09412835017 0 0 0 0 0 0 0.0007489725514 0 0 0 0 0 0 0.0007489725514 0 0 0 0 0 0 0.001302777496
219,1785495451.048682928,map,7.5130887032,-3.9208784103,-1.1243863106,0.0709152771,0.0133712069,0.9679499291,0.2405518051,0.0431038686 0 0 0 0 0 0 0.0431038686 0 0 0 0 0 0 0.09462681097 0 0 0 0 0 0 0.0007567426999 0 0 0 0 0 0 0.0007567426999 0 0 0 0 0 0 0.001313018923
220,1785495451.148902893,map,7.5325460434,-3.9381053448,-1.1148926020,0.0647276056,0.0134128964,0.9723900580,0.2238034779,0.042956902 0 0 0 0 0 0 0.042956902 0 0 0 0 0 0 0.09440899579 0 0 0 0 0 0 0.000753344927 0 0 0 0 0 0 0.000753344927 0 0 0 0 0 0 0.001308542065
221,1785495451.248246908,map,7.5169219971,-3.9356949329,-1.1147854328,0.0629774037,0.0126651324,0.9763571790,0.2063978947,0.04323320497 0 0 0 0 0 0 0.04323320497 0 0 0 0 0 0 0.09481839703 0 0 0 0 0 0 0.0007597343943 0 0 0 0 0 0 0.0007597343943 0 0 0 0 0 0 0.001316958735
222,1785495451.348601103,map,7.5132765770,-3.9527366161,-1.1073621511,0.0624314506,0.0116989035,0.9799839128,0.1886716331,0.04287517191 0 0 0 0 0 0 0.04287517191 0 0 0 0 0 0 0.09428781342 0 0 0 0 0 0 0.0007514561789 0 0 0 0 0 0 0.0007514561789 0 0 0 0 0 0 0.001306052424
223,1785495451.448751926,map,7.5283584595,-3.9409160614,-1.1108592749,0.0631207033,0.0092134285,0.9833131467,0.1703706253,0.04299408646 0 0 0 0 0 0 0.04299408646 0 0 0 0 0 0 0.09446411731 0 0 0 0 0 0 0.0007542044336 0 0 0 0 0 0 0.0007542044336 0 0 0 0 0 0 0.001309674768
224,1785495451.548172951,map,7.5184969902,-3.9623587132,-1.1095590591,0.0636996579,0.0081140433,0.9861173877,0.1531306749,0.04326593086 0 0 0 0 0 0 0.04326593086 0 0 0 0 0 0 0.09486685915 0 0 0 0 0 0 0.0007604916055 0 0 0 0 0 0 0.0007604916055 0 0 0 0 0 0 0.001317955622
225,1785495451.648359060,map,7.4986572266,-3.9362018108,-1.1127936840,0.0634945946,0.0057207917,0.9890407614,0.1331693305,0.04307412889 0 0 0 0 0 0 0.04307412889 0 0 0 0 0 0 0.09458274433 0 0 0 0 0 0 0.0007560549886 0 0 0 0 0 0 0.0007560549886 0 0 0 0 0 0 0.001312113
226,1785495451.748536110,map,7.5269837379,-3.9479391575,-1.1137585640,0.0629671793,0.0035736789,0.9910186431,0.1179170043,0.04290178506 0 0 0 0 0 0 0.04290178506 0 0 0 0 0 0 0.09432727724 0 0 0 0 0 0 0.0007520711347 0 0 0 0 0 0 0.0007520711347 0 0 0 0 0 0 0.001306863107
227,1785495451.848891973,map,7.5125641823,-3.9504468441,-1.1111658812,0.0633935258,0.0020036688,0.9928331377,0.1012896451,0.04316901345 0 0 0 0 0 0 0.04316901345 0 0 0 0 0 0 0.09472332175 0 0 0 0 0 0 0.0007582493955 0 0 0 0 0 0 0.0007582493955 0 0 0 0 0 0 0.001315003349
228,1785495451.948299885,map,7.4979801178,-4.0803422928,-1.1057142019,0.0627697375,0.0010199172,0.9944864882,0.0839973237,0.0431486981 0 0 0 0 0 0 0.0431486981 0 0 0 0 0 0 0.09469322752 0 0 0 0 0 0 0.0007577794955 0 0 0 0 0 0 0.0007577794955 0 0 0 0 0 0 0.001314384508
229,1785495452.048491001,map,7.4995403290,-4.0123558044,-1.1034213305,0.0629527417,-0.0000290746,0.9961550451,0.0609268096,0.04327369718 0 0 0 0 0 0 0.04327369718 0 0 0 0 0 0 0.09487835902 0 0 0 0 0 0 0.0007606713158 0 0 0 0 0 0 0.0007606713158 0 0 0 0 0 0 0.001318192198
230,1785495452.148870945,map,7.5077219009,-3.9912071228,-1.1102195978,0.0627497609,-0.0019990474,0.9973714674,0.0361748418,0.04291977417 0 0 0 0 0 0 0.04291977417 0 0 0 0 0 0 0.09435395048 0 0 0 0 0 0 0.0007524868475 0 0 0 0 0 0 0.0007524868475 0 0 0 0 0 0 0.001307411086
231,1785495452.248162985,map,7.4775099754,-3.9963581562,-1.1065492630,0.0629114403,-0.0031778111,0.9978667169,0.0171479658,0.04312458671 0 0 0 0 0 0 0.04312458671 0 0 0 0 0 0 0.09465750701 0 0 0 0 0 0 0.0007572218374 0 0 0 0 0 0 0.0007572218374 0 0 0 0 0 0 0.001313650033
232,1785495452.348536968,map,7.4851269722,-3.9934442043,-1.1070526838,0.0641012443,-0.0032120976,0.9979304565,-0.0039393291,0.04285170071 0 0 0 0 0 0 0.04285170071 0 0 0 0 0 0 0.09425300537 0 0 0 0 0 0 0.000750913875 0 0 0 0 0 0 0.000750913875 0 0 0 0 0 0 0.00130533745
233,1785495452.448662043,map,7.4819064140,-3.9913105965,-1.1085619926,0.0654198873,-0.0039253218,0.9975571299,-0.0241781693,0.04280066576 0 0 0 0 0 0 0.04280066576 0 0 0 0 0 0 0.0941773093 0 0 0 0 0 0 0.0007497348722 0 0 0 0 0 0 0.0007497348722 0 0 0 0 0 0 0.001303782837
234,1785495452.549010992,map,7.4945969582,-3.9862720966,-1.1077373028,0.0659003350,-0.0063464042,0.9967824462,-0.0451845177,0.04281692342 0 0 0 0 0 0 0.04281692342 0 0 0 0 0 0 0.09420142459 0 0 0 0 0 0 0.0007501104303 0 0 0 0 0 0 0.0007501104303 0 0 0 0 0 0 0.001304278074
235,1785495452.648294926,map,7.5160450935,-3.9969596863,-1.1098203659,0.0648339695,-0.0073839782,0.9958189342,-0.0639273099,0.04289990771 0 0 0 0 0 0 0.04289990771 0 0 0 0 0 0 0.0943244935 0 0 0 0 0 0 0.0007520277524 0 0 0 0 0 0 0.0007520277524 0 0 0 0 0 0 0.001306805919
236,1785495452.748744965,map,7.4842185974,-3.9821734428,-1.1103141308,0.0641234609,-0.0084533649,0.9946022536,-0.0811362343,0.04285990997 0 0 0 0 0 0 0.04285990997 0 0 0 0 0 0 0.09426518015 0 0 0 0 0 0 0.0007511035452 0 0 0 0 0 0 0.0007511035452 0 0 0 0 0 0 0.001305587519
237,1785495452.848217964,map,7.4818615913,-3.9839246273,-1.1121265888,0.0647048106,-0.0096402484,0.9929157198,-0.0991903976,0.04296244331 0 0 0 0 0 0 0.04296244331 0 0 0 0 0 0 0.09441721062 0 0 0 0 0 0 0.0007534730052 0 0 0 0 0 0 0.0007534730052 0 0 0 0 0 0 0.001308710863
238,1785495452.948604107,map,7.4576926231,-3.9864549637,-1.1034560204,0.0646078123,-0.0119982109,0.9912058863,-0.1148598309,0.04274456904 0 0 0 0 0 0 0.04274456904 0 0 0 0 0 0 0.09409408853 0 0 0 0 0 0 0.0007484391914 0 0 0 0 0 0 0.0007484391914 0 0 0 0 0 0 0.001302074033
239,1785495453.048947096,map,7.4872636795,-4.0050258636,-1.1148548126,0.0657063028,-0.0168509780,0.9891835568,-0.1300562038,0.04352705032 0 0 0 0 0 0 0.04352705032 0 0 0 0 0 0 0.09525332517 0 0 0 0 0 0 0.0007665366217 0 0 0 0 0 0 0.0007665366217 0 0 0 0 0 0 0.001325909776
240,1785495453.148159981,map,7.4776616096,-4.0507788658,-1.1124873161,0.0657222835,-0.0207871364,0.9870526212,-0.1448295196,0.04283660886 0 0 0 0 0 0 0.04283660886 0 0 0 0 0 0 0.09423062237 0 0 0 0 0 0 0.0007505652017 0 0 0 0 0 0 0.0007505652017 0 0 0 0 0 0 0.001304877726
241,1785495453.248739958,map,7.4698867798,-4.0485773087,-1.1144367456,0.0676943051,-0.0236339331,0.9851490036,-0.1560139542,0.04355348605 0 0 0 0 0 0 0.04355348605 0 0 0 0 0 0 0.09529243001 0 0 0 0 0 0 0.0007671489389 0 0 0 0 0 0 0.0007671489389 0 0 0 0 0 0 0.001326715054
242,1785495453.348999977,map,7.4352779388,-4.0407614708,-1.1122447252,0.0713940888,-0.0247206617,0.9824662170,-0.1704462525,0.04284921406 0 0 0 0 0 0 0.04284921406 0 0 0 0 0 0 0.09424931746 0 0 0 0 0 0 0.0007508564235 0 0 0 0 0 0 0.0007508564235 0 0 0 0 0 0 0.001305261703
243,1785495453.448164940,map,7.5268597603,-4.0561757088,-1.1290891171,0.0718184765,-0.0267216940,0.9797826623,-0.1848079793,0.04295783514 0 0 0 0 0 0 0.04295783514 0 0 0 0 0 0 0.09441037915 0 0 0 0 0 0 0.0007533664948 0 0 0 0 0 0 0.0007533664948 0 0 0 0 0 0 0.00130857049
244,1785495453.548300982,map,7.5177721977,-4.0637865067,-1.1202099323,0.0726112951,-0.0261213824,0.9782972949,-0.1923009842,0.04283271802 0 0 0 0 0 0 0.04283271802 0 0 0 0 0 0 0.09422485158 0 0 0 0 0 0 0.0007504753133 0 0 0 0 0 0 0.0007504753133 0 0 0 0 0 0 0.001304759205
245,1785495453.648405075,map,7.5273513794,-3.9837868214,-1.1221249104,0.0658280297,-0.0283918540,0.9787814984,-0.1919566023,0.04282706354 0 0 0 0 0 0 0.04282706354 0 0 0 0 0 0 0.09421646486 0 0 0 0 0 0 0.0007503446825 0 0 0 0 0 0 0.0007503446825 0 0 0 0 0 0 0.001304586959
246,1785495453.748985052,map,7.4980278015,-4.0223870277,-1.1115602255,0.0701342212,-0.0276836545,0.9785430432,-0.1917506643,0.04322867651 0 0 0 0 0 0 0.04322867651 0 0 0 0 0 0 0.09481169059 0 0 0 0 0 0 0.0007596296219 0 0 0 0 0 0 0.0007596296219 0 0 0 0 0 0 0.00131682079
247,1785495453.848185062,map,7.5392408371,-4.0301871300,-1.1194320917,0.0722154336,-0.0273339566,0.9782787272,-0.1923759427,0.04348748736 0 0 0 0 0 0 0.04348748736 0 0 0 0 0 0 0.0951947948 0 0 0 0 0 0 0.0007656203551 0 0 0 0 0 0 0.0007656203551 0 0 0 0 0 0 0.001324704619
248,1785495453.948399067,map,7.5450367928,-4.0281162262,-1.1257283688,0.0720886639,-0.0268204838,0.9789726043,-0.1889352224,0.0431243831 0 0 0 0 0 0 0.0431243831 0 0 0 0 0 0 0.09465720535 0 0 0 0 0 0 0.0007572171284 0 0 0 0 0 0 0.0007572171284 0 0 0 0 0 0 0.001313643831
249,1785495454.048850060,map,7.4935851097,-3.9639556408,-1.1172879934,0.0725520251,-0.0251754048,0.9796229510,-0.1855835985,0.04345260475 0 0 0 0 0 0 0.04345260475 0 0 0 0 0 0 0.0951431815 0 0 0 0 0 0 0.000764812593 0 0 0 0 0 0 0.000764812593 0 0 0 0 0 0 0.001323642034
250,1785495454.148185968,map,7.5323681831,-3.9652054310,-1.1209162474,0.0730003564,-0.0251945086,0.9802554989,-0.1820311612,0.04294412836 0 0 0 0 0 0 0.04294412836 0 0 0 0 0 0 0.0943900586 0 0 0 0 0 0 0.0007530496957 0 0 0 0 0 0 0.0007530496957 0 0 0 0 0 0 0.001308152957
251,1785495454.248543978,map,7.6406068802,-3.9640619755,-1.1374648809,0.0733897962,-0.0242473115,0.9811091668,-0.1773437209,0.04300812443 0 0 0 0 0 0 0.04300812443 0 0 0 0 0 0 0.09448492491 0 0 0 0 0 0 0.0007545289474 0 0 0 0 0 0 0.0007545289474 0 0 0 0 0 0 0.00131010239
252,1785495454.347975969,map,7.5714325905,-3.9987547398,-1.1271144152,0.0736427405,-0.0237564075,0.9830602919,-0.1661470416,0.0430327234 0 0 0 0 0 0 0.0430327234 0 0 0 0 0 0 0.09452138373 0 0 0 0 0 0 0.0007550976388 0 0 0 0 0 0 0.0007550976388 0 0 0 0 0 0 0.001310851717
253,1785495454.448097944,map,7.6118278503,-3.9797084332,-1.1356129646,0.0742277815,-0.0220987701,0.9842534217,-0.1588933567,0.0431983856 0 0 0 0 0 0 0.0431983856 0 0 0 0 0 0 0.09476682824 0 0 0 0 0 0 0.0007589288437 0 0 0 0 0 0 0.0007589288437 0 0 0 0 0 0 0.001315898076
254,1785495454.548491955,map,7.6133828163,-3.9756953716,-1.1354748011,0.0754623333,-0.0213502948,0.9867007468,-0.1423770819,0.04298297321 0 0 0 0 0 0 0.04298297321 0 0 0 0 0 0 0.09444764406 0 0 0 0 0 0 0.0007539475421 0 0 0 0 0 0 0.0007539475421 0 0 0 0 0 0 0.001309336239
255,1785495454.648950100,map,7.5825462341,-3.9803824425,-1.1377120018,0.0766408103,-0.0196654221,0.9888118104,-0.1264541997,0.04307646762 0 0 0 0 0 0 0.04307646762 0 0 0 0 0 0 0.0945862099 0 0 0 0 0 0 0.0007561090673 0 0 0 0 0 0 0.0007561090673 0 0 0 0 0 0 0.001312184242
256,1785495454.748471975,map,7.5474672318,-3.9183707237,-1.1287157536,0.0765605128,-0.0181089179,0.9912566151,-0.1059286039,0.04319749874 0 0 0 0 0 0 0.04319749874 0 0 0 0 0 0 0.09476551469 0 0 0 0 0 0 0.0007589083277 0 0 0 0 0 0 0.0007589083277 0 0 0 0 0 0 0.001315871061
257,1785495454.847742081,map,7.5478053093,-3.9696290493,-1.1307625771,0.0770485742,-0.0182605753,0.9932103629,-0.0852247396,0.04316766598 0 0 0 0 0 0 0.04316766598 0 0 0 0 0 0 0.09472132574 0 0 0 0 0 0 0.000758218227 0 0 0 0 0 0 0.000758218227 0 0 0 0 0 0 0.001314962303
258,1785495454.947994947,map,7.5580949783,-3.9730455875,-1.1304152012,0.0764899861,-0.0151646332,0.9949461740,-0.0632566778,0.04310136265 0 0 0 0 0 0 0.04310136265 0 0 0 0 0 0 0.09462309799 0 0 0 0 0 0 0.0007566847486 0 0 0 0 0 0 0.0007566847486 0 0 0 0 0 0 0.001312942588
259,1785495455.048388004,map,7.5374064445,-3.9735157490,-1.1296389103,0.0774821555,-0.0126066397,0.9959517808,-0.0437907961,0.04286778035 0 0 0 0 0 0 0.04286778035 0 0 0 0 0 0 0.09427685199 0 0 0 0 0 0 0.0007512853912 0 0 0 0 0 0 0.0007512853912 0 0 0 0 0 0 0.001305827264
260,1785495455.148749113,map,7.5351219177,-3.9759161472,-1.1291705370,0.0794367088,-0.0092594118,0.9966007588,-0.0197737126,0.04366276509 0 0 0 0 0 0 0.04366276509 0 0 0 0 0 0 0.09545403934 0 0 0 0 0 0 0.0007696807325 0 0 0 0 0 0 0.0007696807325 0 0 0 0 0 0 0.001330043884
261,1785495455.248013020,map,7.5127940178,-3.9501740932,-1.1369596720,0.0789760816,-0.0063525301,0.9968548803,0.0016627917,0.04301831995 0 0 0 0 0 0 0.04301831995 0 0 0 0 0 0 0.09450003638 0 0 0 0 0 0 0.0007547646463 0 0 0 0 0 0 0.0007547646463 0 0 0 0 0 0 0.001310412963
262,1785495455.348277092,map,7.5206656456,-3.9535408020,-1.1303967237,0.0786322721,-0.0043932187,0.9966367326,0.0226466754,0.04283505526 0 0 0 0 0 0 0.04283505526 0 0 0 0 0 0 0.09422831812 0 0 0 0 0 0 0.0007505293094 0 0 0 0 0 0 0.0007505293094 0 0 0 0 0 0 0.001304830401
263,1785495455.448481083,map,7.5028820038,-3.9498951435,-1.1289523840,0.0775111114,-0.0027903711,0.9960863375,0.0423820452,0.04292520181 0 0 0 0 0 0 0.04292520181 0 0 0 0 0 0 0.09436199793 0 0 0 0 0 0 0.0007526122811 0 0 0 0 0 0 0.0007526122811 0 0 0 0 0 0 0.001307576422
264,1785495455.547857046,map,7.5050764084,-4.0088863373,-1.1283651590,0.0773348889,-0.0003345361,0.9950232644,0.0628324445,0.04281694807 0 0 0 0 0 0 0.04281694807 0 0 0 0 0 0 0.09420146115 0 0 0 0 0 0 0.0007501109997 0 0 0 0 0 0 0.0007501109997 0 0 0 0 0 0 0.001304278824
265,1785495455.648190022,map,7.4660468102,-3.9798829556,-1.1199246645,0.0771169086,0.0018740366,0.9938975863,0.0788484775,0.04311842488 0 0 0 0 0 0 0.04311842488 0 0 0 0 0 0 0.09464837786 0 0 0 0 0 0 0.0007570793319 0 0 0 0 0 0 0.0007570793319 0 0 0 0 0 0 0.001313462333
266,1785495455.748316050,map,7.4311332703,-3.9645457268,-1.1196043491,0.0762782671,0.0024871256,0.9924419332,0.0960959891,0.04287797272 0 0 0 0 0 0 0.04287797272 0 0 0 0 0 0 0.09429196684 0 0 0 0 0 0 0.0007515208949 0 0 0 0 0 0 0.0007515208949 0 0 0 0 0 0 0.001306137742
267,1785495455.847723961,map,7.4714217186,-3.9863977432,-1.1170238256,0.0722548253,0.0059122317,0.9910065915,0.1124731865,0.04305551963 0 0 0 0 0 0 0.04305551963 0 0 0 0 0 0 0.09455516764 0 0 0 0 0 0 0.0007556246996 0 0 0 0 0 0 0.0007556246996 0 0 0 0 0 0 0.00131154613
268,1785495455.947808027,map,7.4794363976,-3.9459497929,-1.1143628359,0.0687089034,0.0092468120,0.9885825802,0.1337836591,0.04341743103 0 0 0 0 0 0 0.04341743103 0 0 0 0 0 0 0.09509113066 0 0 0 0 0 0 0.0007639981936 0 0 0 0 0 0 0.0007639981936 0 0 0 0 0 0 0.001322570581
269,1785495456.048088074,map,7.4583325386,-3.9262604713,-1.1068022251,0.0669847853,0.0111905100,0.9857691399,0.1537758867,0.04290980572 0 0 0 0 0 0 0.04290980572 0 0 0 0 0 0 0.09433917005 0 0 0 0 0 0 0.0007522564819 0 0 0 0 0 0 0.0007522564819 0 0 0 0 0 0 0.00130710743
270,1785495456.148214102,map,7.4408202171,-3.8952529430,-1.1044347286,0.0659791414,0.0123380918,0.9829476317,0.1711971846,0.04324785757 0 0 0 0 0 0 0.04324785757 0 0 0 0 0 0 0.09484009606 0 0 0 0 0 0 0.0007600734148 0 0 0 0 0 0 0.0007600734148 0 0 0 0 0 0 0.001317405078
271,1785495456.248390913,map,7.4003582001,-3.8738148212,-1.1021034718,0.0664311077,0.0131223016,0.9802878239,0.1856084590,0.04325813717 0 0 0 0 0 0 0.04325813717 0 0 0 0 0 0 0.09485531841 0 0 0 0 0 0 0.000760311267 0 0 0 0 0 0 0.000760311267 0 0 0 0 0 0 0.001317718213
272,1785495456.347515106,map,7.4443955421,-3.8827474117,-1.1082201004,0.0653863901,0.0140147120,0.9766895593,0.2039747962,0.04311368743 0 0 0 0 0 0 0.04311368743 0 0 0 0 0 0 0.0946413589 0 0 0 0 0 0 0.0007569697707 0 0 0 0 0 0 0.0007569697707 0 0 0 0 0 0 0.001313318022
273,1785495456.447710991,map,7.4355859756,-3.8903124332,-1.0991091728,0.0650107251,0.0150042794,0.9722982613,0.2240191446,0.0429162651 0 0 0 0 0 0 0.0429162651 0 0 0 0 0 0 0.09434874757 0 0 0 0 0 0 0.0007524057537 0 0 0 0 0 0 0.0007524057537 0 0 0 0 0 0 0.001307304194
274,1785495456.547900915,map,7.4474143982,-3.9221527576,-1.1014132500,0.0647198931,0.0149829019,0.9680587471,0.2417625176,0.0433497273 0 0 0 0 0 0 0.0433497273 0 0 0 0 0 0 0.09499092195 0 0 0 0 0 0 0.0007624308992 0 0 0 0 0 0 0.0007624308992 0 0 0 0 0 0 0.001320508208
275,1785495456.648058891,map,7.4357223511,-3.9210789204,-1.1097205877,0.0669125450,0.0147411324,0.9633851165,0.2592190613,0.04320367002 0 0 0 0 0 0 0.04320367002 0 0 0 0 0 0 0.0947746551 0 0 0 0 0 0 0.0007590510929 0 0 0 0 0 0 0.0007590510929 0 0 0 0 0 0 0.001316059049
276,1785495456.748199940,map,7.4448590279,-3.9426734447,-1.1083152294,0.0643743776,0.0165832392,0.9596054024,0.2733832607,0.04319428949 0 0 0 0 0 0 0.04319428949 0 0 0 0 0 0 0.09476076131 0 0 0 0 0 0 0.0007588340866 0 0 0 0 0 0 0.0007588340866 0 0 0 0 0 0 0.001315773301
277,1785495456.847419024,map,7.4467020035,-3.9466769695,-1.1013786793,0.0641326724,0.0183467535,0.9553983967,0.2876878782,0.04278435971 0 0 0 0 0 0 0.04278435971 0 0 0 0 0 0 0.09415312073 0 0 0 0 0 0 0.000749358219 0 0 0 0 0 0 0.000749358219 0 0 0 0 0 0 0.001303286126
278,1785495456.947773933,map,7.4331960678,-3.9277045727,-1.1050341129,0.0652929715,0.0196959126,0.9510696011,0.3013561233,0.04281771631 0 0 0 0 0 0 0.04281771631 0 0 0 0 0 0 0.09420260065 0 0 0 0 0 0 0.0007501287469 0 0 0 0 0 0 0.0007501287469 0 0 0 0 0 0 0.001304302226
279,1785495457.047911882,map,7.4117617607,-3.9434583187,-1.1041325331,0.0660670177,0.0208662457,0.9470519700,0.3135160189,0.0429862476 0 0 0 0 0 0 0.0429862476 0 0 0 0 0 0 0.09445249778 0 0 0 0 0 0 0.000754023231 0 0 0 0 0 0 0.000754023231 0 0 0 0 0 0 0.001309435983
280,1785495457.148147106,map,7.4246964455,-3.9437599182,-1.1110788584,0.0681099610,0.0214946241,0.9440928859,0.3218503504,0.04299809097 0 0 0 0 0 0 0.04299809097 0 0 0 0 0 0 0.09447005305 0 0 0 0 0 0 0.0007542970035 0 0 0 0 0 0 0.0007542970035 0 0 0 0 0 0 0.001309796753
281,1785495457.248233080,map,7.4386482239,-4.0107278824,-1.1037915945,0.0681463507,0.0237662368,0.9400980475,0.3331769772,0.04325496139 0 0 0 0 0 0 0.04325496139 0 0 0 0 0 0 0.09485061568 0 0 0 0 0 0 0.000760237784 0 0 0 0 0 0 0.000760237784 0 0 0 0 0 0 0.001317621473
282,1785495457.348457098,map,7.3764796257,-4.0013847351,-1.0970487595,0.0706822900,0.0220754923,0.9378332420,0.3390951101,0.04305891496 0 0 0 0 0 0 0.04305891496 0 0 0 0 0 0 0.09456019926 0 0 0 0 0 0 0.0007557032054 0 0 0 0 0 0 0.0007557032054 0 0 0 0 0 0 0.001311649557
283,1785495457.447664022,map,7.3012342453,-3.9756300449,-1.1194592714,0.0782288296,0.0252974942,0.9368644308,0.3398901797,0.04304189761 0 0 0 0 0 0 0.04304189761 0 0 0 0 0 0 0.09453498022 0 0 0 0 0 0 0.0007553097461 0 0 0 0 0 0 0.0007553097461 0 0 0 0 0 0 0.001311131179
284,1785495457.548054934,map,7.2720341682,-3.9698581696,-1.1143900156,0.0816850905,0.0271162601,0.9362362211,0.3406669971,0.04272463969 0 0 0 0 0 0 0.04272463969 0 0 0 0 0 0 0.09406451859 0 0 0 0 0 0 0.0007479789431 0 0 0 0 0 0 0.0007479789431 0 0 0 0 0 0 0.00130146695
285,1785495457.648264885,map,7.2242593765,-3.9448375702,-1.1081774235,0.0868868648,0.0282771427,0.9366262258,0.3382046802,0.04278768998 0 0 0 0 0 0 0.04278768998 0 0 0 0 0 0 0.09415806101 0 0 0 0 0 0 0.000749435143 0 0 0 0 0 0 0.000749435143 0 0 0 0 0 0 0.001303387572
286,1785495457.748473883,map,7.2489018440,-3.9358081818,-1.0780457258,0.0842252842,0.0259447853,0.9377200981,0.3360267751,0.04357408063 0 0 0 0 0 0 0.04357408063 0 0 0 0 0 0 0.0953228917 0 0 0 0 0 0 0.0007676260008 0 0 0 0 0 0 0.0007676260008 0 0 0 0 0 0 0.001327342401
287,1785495457.847779989,map,7.2363710403,-3.9362730980,-1.0795512199,0.0860519986,0.0249653307,0.9400374881,0.3290916548,0.04414178011 0 0 0 0 0 0 0.04414178011 0 0 0 0 0 0 0.09616167069 0 0 0 0 0 0 0.0007807903388 0 0 0 0 0 0 0.0007807903388 0 0 0 0 0 0 0.001344635516
288,1785495457.948096037,map,7.1911931038,-3.9587211609,-1.0696961880,0.0876018892,0.0239702804,0.9414851128,0.3245876068,0.04320496786 0 0 0 0 0 0 0.04320496786 0 0 0 0 0 0 0.09477657734 0 0 0 0 0 0 0.0007590811174 0 0 0 0 0 0 0.0007590811174 0 0 0 0 0 0 0.001316098583
289,1785495458.047487974,map,7.1738090515,-3.9369068146,-1.0700896978,0.0880159341,0.0257833491,0.9421942409,0.3222707368,0.04322962249 0 0 0 0 0 0 0.04322962249 0 0 0 0 0 0 0.09481309156 0 0 0 0 0 0 0.0007596515084 0 0 0 0 0 0 0.0007596515084 0 0 0 0 0 0 0.001316849606
290,1785495458.147892952,map,7.1797547340,-3.9313614368,-1.0710830688,0.0890875836,0.0273474640,0.9424121516,0.3212084450,0.04410843204 0 0 0 0 0 0 0.04410843204 0 0 0 0 0 0 0.0961124471 0 0 0 0 0 0 0.0007800162963 0 0 0 0 0 0 0.0007800162963 0 0 0 0 0 0 0.001343619676
291,1785495458.248130083,map,7.1974706650,-3.9409461021,-1.0686588287,0.0891115485,0.0271034871,0.9404807468,0.3268340414,0.04294611377 0 0 0 0 0 0 0.04294611377 0 0 0 0 0 0 0.09439300208 0 0 0 0 0 0 0.0007530955827 0 0 0 0 0 0 0.0007530955827 0 0 0 0 0 0 0.001308213437
292,1785495458.348507881,map,7.1541795731,-3.9080467224,-1.0687713623,0.0918275516,0.0280660234,0.9397162467,0.3281971661,0.04287744909 0 0 0 0 0 0 0.04287744909 0 0 0 0 0 0 0.09429119032 0 0 0 0 0 0 0.0007515087957 0 0 0 0 0 0 0.0007515087957 0 0 0 0 0 0 0.001306121791
293,1785495458.447789907,map,7.2068910599,-3.8956608772,-1.0685091019,0.0898614327,0.0276736054,0.9374390185,0.3352121643,0.0432795485 0 0 0 0 0 0 0.0432795485 0 0 0 0 0 0 0.09488702307 0 0 0 0 0 0 0.0007608067169 0 0 0 0 0 0 0.0007608067169 0 0 0 0 0 0 0.001318370439
294,1785495458.548197985,map,7.1664505005,-3.8922472000,-1.0712254047,0.0906028971,0.0288453885,0.9362182438,0.3383111569,0.04344483201 0 0 0 0 0 0 0.04344483201 0 0 0 0 0 0 0.09513167982 0 0 0 0 0 0 0.000764632617 0 0 0 0 0 0 0.000764632617 0 0 0 0 0 0 0.001323405263
295,1785495458.647501945,map,7.1530427933,-3.9242708683,-1.0650728941,0.0876446312,0.0280818245,0.9326730362,0.3487848376,0.04316884826 0 0 0 0 0 0 0.04316884826 0 0 0 0 0 0 0.09472307705 0 0 0 0 0 0 0.0007582455743 0 0 0 0 0 0 0.0007582455743 0 0 0 0 0 0 0.001314998317
296,1785495458.747806072,map,7.1678824425,-3.9249429703,-1.0718969107,0.0913209592,0.0293999239,0.9293977061,0.3563930774,0.04357259158 0 0 0 0 0 0 0.04357259158 0 0 0 0 0 0 0.0953206893 0 0 0 0 0 0 0.0007675915065 0 0 0 0 0 0 0.0007675915065 0 0 0 0 0 0 0.001327297042
297,1785495458.848160982,map,7.1907444000,-3.9201388359,-1.0663577318,0.0851517970,0.0286836788,0.9259659144,0.3667608796,0.04377749562 0 0 0 0 0 0 0.04377749562 0 0 0 0 0 0 0.0956236403 0 0 0 0 0 0 0.0007723398999 0 0 0 0 0 0 0.0007723398999 0 0 0 0 0 0 0.001333538776
298,1785495458.948473930,map,7.1965203285,-3.8951978683,-1.0691574812,0.0836039643,0.0298781502,0.9209468825,0.3794397317,0.04369106242 0 0 0 0 0 0 0.04369106242 0 0 0 0 0 0 0.09549587669 0 0 0 0 0 0 0.0007703364921 0 0 0 0 0 0 0.0007703364921 0 0 0 0 0 0 0.00133090587
299,1785495459.047702074,map,7.1740531921,-3.8816695213,-1.0668419600,0.0858464891,0.0306455550,0.9155038164,0.3918469024,0.04278697211 0 0 0 0 0 0 0.04278697211 0 0 0 0 0 0 0.0941569961 0 0 0 0 0 0 0.0007494185613 0 0 0 0 0 0 0.0007494185613 0 0 0 0 0 0 0.001303365705
300,1785495459.147989988,map,7.1606707573,-3.8776206970,-1.0761553049,0.0858417669,0.0310775306,0.9146764275,0.3937415727,0.04318661059 0 0 0 0 0 0 0.04318661059 0 0 0 0 0 0 0.0947493875 0 0 0 0 0 0 0.0007586564508 0 0 0 0 0 0 0.0007586564508 0 0 0 0 0 0 0.001315539389
301,1785495459.248125076,map,7.1790256500,-3.8669495583,-1.0746575594,0.0844595853,0.0304823121,0.9132296281,0.3974280477,0.0427962319 0 0 0 0 0 0 0.0427962319 0 0 0 0 0 0 0.09417073221 0 0 0 0 0 0 0.0007496324522 0 0 0 0 0 0 0.0007496324522 0 0 0 0 0 0 0.001303647774
302,1785495459.348294973,map,7.1733126640,-3.8462018967,-1.0660319328,0.0833157746,0.0297328441,0.9126495869,0.3990553673,0.04430577008 0 0 0 0 0 0 0.04430577008 0 0 0 0 0 0 0.0964036418 0 0 0 0 0 0 0.0007845980383 0 0 0 0 0 0 0.0007845980383 0 0 0 0 0 0 0.001349630936
303,1785495459.448663950,map,7.1402540207,-3.8214235306,-1.0679486990,0.0838833037,0.0302709460,0.9135069504,0.3969285820,0.04285836371 0 0 0 0 0 0 0.04285836371 0 0 0 0 0 0 0.09426288699 0 0 0 0 0 0 0.0007510678193 0 0 0 0 0 0 0.0007510678193 0 0 0 0 0 0 0.001305540417
304,1785495459.547813892,map,7.1380906105,-3.8193852901,-1.0633052588,0.0836302713,0.0302029846,0.9136731468,0.3966045200,0.04326699208 0 0 0 0 0 0 0.04326699208 0 0 0 0 0 0 0.09486843056 0 0 0 0 0 0 0.0007605161616 0 0 0 0 0 0 0.0007605161616 0 0 0 0 0 0 0.001317987949
305,1785495459.647929907,map,7.1532378197,-3.8183133602,-1.0657407045,0.0830380905,0.0307630663,0.9149723904,0.3936798427,0.04294628547 0 0 0 0 0 0 0.04294628547 0 0 0 0 0 0 0.09439325664 0 0 0 0 0 0 0.0007530995512 0 0 0 0 0 0 0.0007530995512 0 0 0 0 0 0 0.001308218667
306,1785495459.747967958,map,7.0915303230,-3.8016765118,-1.0698709488,0.0891018644,0.0339440544,0.9152211239,0.3915085698,0.04277793097 0 0 0 0 0 0 0.04277793097 0 0 0 0 0 0 0.09414358385 0 0 0 0 0 0 0.0007492097279 0 0 0 0 0 0 0.0007492097279 0 0 0 0 0 0 0.001303090295
307,1785495459.848088980,map,7.1696782112,-3.8476250172,-1.0655896664,0.0830495484,0.0323415509,0.9187194920,0.3847223831,0.04270268406 0 0 0 0 0 0 0.04270268406 0 0 0 0 0 0 0.09403193958 0 0 0 0 0 0 0.0007474719395 0 0 0 0 0 0 0.0007474719395 0 0 0 0 0 0 0.001300798144
308,1785495459.948296070,map,7.1519598961,-3.8854534626,-1.0576472282,0.0840202267,0.0317946014,0.9204971960,0.3802822887,0.04342416991 0 0 0 0 0 0 0.04342416991 0 0 0 0 0 0 0.09510110354 0 0 0 0 0 0 0.0007641542152 0 0 0 0 0 0 0.0007641542152 0 0 0 0 0 0 0.00132277586
309,1785495460.047681093,map,7.1543364525,-3.8767144680,-1.0614558458,0.0846386683,0.0320427006,0.9246619254,0.3698781974,0.04299006732 0 0 0 0 0 0 0.04299006732 0 0 0 0 0 0 0.09445815979 0 0 0 0 0 0 0.0007541115268 0 0 0 0 0 0 0.0007541115268 0 0 0 0 0 0 0.001309552338
310,1785495460.147986889,map,7.1414136887,-3.8546972275,-1.0572837591,0.0853142586,0.0326557541,0.9281899388,0.3607194271,0.04328370004 0 0 0 0 0 0 0.04328370004 0 0 0 0 0 0 0.09489317014 0 0 0 0 0 0 0.0007609027866 0 0 0 0 0 0 0.0007609027866 0 0 0 0 0 0 0.001318496903
311,1785495460.248173952,map,7.1413016319,-3.8504347801,-1.0568783283,0.0864934183,0.0312128091,0.9331747416,0.3474615941,0.04281465639 0 0 0 0 0 0 0.04281465639 0 0 0 0 0 0 0.09419806194 0 0 0 0 0 0 0.0007500580596 0 0 0 0 0 0 0.0007500580596 0 0 0 0 0 0 0.001304209016
312,1785495460.348408937,map,7.1326098442,-3.8881044388,-1.0569921732,0.0870816770,0.0312459942,0.9375167448,0.3354144110,0.0430871336 0 0 0 0 0 0 0.0430871336 0 0 0 0 0 0 0.09460201459 0 0 0 0 0 0 0.0007563557046 0 0 0 0 0 0 0.0007563557046 0 0 0 0 0 0 0.001312509146
313,1785495460.447659969,map,7.1372823715,-3.8866844177,-1.0533963442,0.0867979952,0.0300213954,0.9426034778,0.3210350222,0.04291071924 0 0 0 0 0 0 0.04291071924 0 0 0 0 0 0 0.09434052456 0 0 0 0 0 0 0.0007522775924 0 0 0 0 0 0 0.0007522775924 0 0 0 0 0 0 0.001307135257
314,1785495460.547884941,map,7.1433405876,-3.8666257858,-1.0530899763,0.0871925510,0.0292911372,0.9463235004,0.3098569367,0.04308081025 0 0 0 0 0 0 0.04308081025 0 0 0 0 0 0 0.09459264483 0 0 0 0 0 0 0.0007562094841 0 0 0 0 0 0 0.0007562094841 0 0 0 0 0 0 0.001312316526
315,1785495460.648122072,map,7.1533102989,-3.8785393238,-1.0578893423,0.0857840902,0.0267695986,0.9530425896,0.2891959423,0.04291055727 0 0 0 0 0 0 0.04291055727 0 0 0 0 0 0 0.09434028441 0 0 0 0 0 0 0.0007522738496 0 0 0 0 0 0 0.0007522738496 0 0 0 0 0 0 0.001307130324
316,1785495460.748308897,map,7.1104736328,-3.9152255058,-1.0670309067,0.0913234071,0.0269034854,0.9574958919,0.2722826556,0.04318524023 0 0 0 0 0 0 0.04318524023 0 0 0 0 0 0 0.09474735771 0 0 0 0 0 0 0.0007586247509 0 0 0 0 0 0 0.0007586247509 0 0 0 0 0 0 0.001315497645
317,1785495460.848469019,map,7.1196608543,-3.9059050083,-1.0781625509,0.0898078481,0.0236149030,0.9623585405,0.2554269629,0.04291145596 0 0 0 0 0 0 0.04291145596 0 0 0 0 0 0 0.09434161693 0 0 0 0 0 0 0.0007522946174 0 0 0 0 0 0 0.0007522946174 0 0 0 0 0 0 0.001307157699
318,1785495460.947901011,map,7.1344647408,-3.9110898972,-1.0658835173,0.0885876148,0.0208144609,0.9671309539,0.2374378046,0.0433160204 0 0 0 0 0 0 0.0433160204 0 0 0 0 0 0 0.09494102269 0 0 0 0 0 0 0.000761650752 0 0 0 0 0 0 0.000761650752 0 0 0 0 0 0 0.001319481437
319,1785495461.048054934,map,7.1130509377,-3.9208672047,-1.0818098783,0.0846659961,0.0200404383,0.9712052610,0.2217890580,0.04363664956 0 0 0 0 0 0 0.04363664956 0 0 0 0 0 0 0.09541542386 0 0 0 0 0 0 0.000769075593 0 0 0 0 0 0 0.000769075593 0 0 0 0 0 0 0.00132924836
320,1785495461.147418976,map,7.1158556938,-3.9205358028,-1.0695829391,0.0850867292,0.0170162521,0.9749219542,0.2049338337,0.04312891715 0 0 0 0 0 0 0.04312891715 0 0 0 0 0 0 0.0946639227 0 0 0 0 0 0 0.00075732199 0 0 0 0 0 0 0.00075732199 0 0 0 0 0 0 0.001313781946
321,1785495461.247625113,map,7.1349434853,-3.9183671474,-1.0677551031,0.0858767833,0.0152073413,0.9781461768,0.1887431201,0.04300649689 0 0 0 0 0 0 0.04300649689 0 0 0 0 0 0 0.09448251255 0 0 0 0 0 0 0.0007544913228 0 0 0 0 0 0 0.0007544913228 0 0 0 0 0 0 0.001310052812
322,1785495461.348052025,map,7.1213855743,-3.9419829845,-1.0710773468,0.0897781023,0.0177501417,0.9807314502,0.1725996428,0.04332862993 0 0 0 0 0 0 0.04332862993 0 0 0 0 0 0 0.09495969042 0 0 0 0 0 0 0.0007619425888 0 0 0 0 0 0 0.0007619425888 0 0 0 0 0 0 0.001319865545
323,1785495461.448363066,map,7.1106781960,-3.9514672756,-1.0742709637,0.0884329365,0.0157081521,0.9839944785,0.1539082036,0.04316307553 0 0 0 0 0 0 0.04316307553 0 0 0 0 0 0 0.09471452582 0 0 0 0 0 0 0.000758112046 0 0 0 0 0 0 0.000758112046 0 0 0 0 0 0 0.00131482247
324,1785495461.548593998,map,7.1288261414,-3.9362151623,-1.0709395409,0.0888769378,0.0158121313,0.9867196316,0.1350379124,0.04280907599 0 0 0 0 0 0 0.04280907599 0 0 0 0 0 0 0.09418978454 0 0 0 0 0 0 0.0007499291489 0 0 0 0 0 0 0.0007499291489 0 0 0 0 0 0 0.001304039027
325,1785495461.647764921,map,7.1476178169,-3.9362089634,-1.0719676018,0.0895531215,0.0143796509,0.9890991114,0.1160017949,0.04314388509 0 0 0 0 0 0 0.04314388509 0 0 0 0 0 0 0.0946860974 0 0 0 0 0 0 0.0007576681742 0 0 0 0 0 0 0.0007576681742 0 0 0 0 0 0 0.001314237896
326,1785495461.748104095,map,7.1735277176,-3.9116244316,-1.0735738277,0.0869695598,0.0120972492,0.9916307359,0.0946489949,0.04287205788 0 0 0 0 0 0 0.04287205788 0 0 0 0 0 0 0.09428319546 0 0 0 0 0 0 0.0007513842264 0 0 0 0 0 0 0.0007513842264 0 0 0 0 0 0 0.001305957565
327,1785495461.848556995,map,7.1550259590,-3.9281270504,-1.0666664839,0.0861802027,0.0102226813,0.9931911814,0.0777157931,0.04288934701 0 0 0 0 0 0 0.04288934701 0 0 0 0 0 0 0.09430883373 0 0 0 0 0 0 0.0007517837185 0 0 0 0 0 0 0.0007517837185 0 0 0 0 0 0 0.001306484222
328,1785495461.947863102,map,7.1273345947,-3.9647524357,-1.0694490671,0.0842709076,0.0067517843,0.9946462623,0.0594276448,0.04268898343 0 0 0 0 0 0 0.04268898343 0 0 0 0 0 0 0.09401160843 0 0 0 0 0 0 0.0007471555831 0 0 0 0 0 0 0.0007471555831 0 0 0 0 0 0 0.001300380798
329,1785495462.048233986,map,7.1069884300,-3.9510569572,-1.0714354515,0.0844445680,0.0064025264,0.9953611036,0.0456553158,0.0433873567 0 0 0 0 0 0 0.0433873567 0 0 0 0 0 0 0.09504662059 0 0 0 0 0 0 0.000763301946 0 0 0 0 0 0 0.000763301946 0 0 0 0 0 0 0.001321654465
330,1785495462.148657084,map,7.1324419975,-3.9832262993,-1.0782270432,0.0830142981,0.0043397755,0.9959159917,0.0352297710,0.04292069017 0 0 0 0 0 0 0.04292069017 0 0 0 0 0 0 0.09435530862 0 0 0 0 0 0 0.0007525080161 0 0 0 0 0 0 0.0007525080161 0 0 0 0 0 0 0.001307438989
331,1785495462.247826099,map,7.1794810295,-3.9728157520,-1.0785286427,0.0842378991,0.0046724389,0.9958971765,0.0327254345,0.04394840337 0 0 0 0 0 0 0.04394840337 0 0 0 0 0 0 0.09587615235 0 0 0 0 0 0 0.0007763031431 0 0 0 0 0 0 0.0007763031431 0 0 0 0 0 0 0.001338744924
332,1785495462.348077059,map,7.1792273521,-3.9749701023,-1.0824574232,0.0850234858,0.0048202740,0.9958356111,0.0325453765,0.0427904973 0 0 0 0 0 0 0.0427904973 0 0 0 0 0 0 0.09416222548 0 0 0 0 0 0 0.0007494999885 0 0 0 0 0 0 0.0007494999885 0 0 0 0 0 0 0.001303473088
333,1785495462.448297977,map,7.1781935692,-3.9706878662,-1.0859823227,0.0851069873,0.0050162363,0.9958334040,0.0323648167,0.04305892122 0 0 0 0 0 0 0.04305892122 0 0 0 0 0 0 0.09456020854 0 0 0 0 0 0 0.0007557033501 0 0 0 0 0 0 0.0007557033501 0 0 0 0 0 0 0.001311649748
334,1785495462.548378944,map,7.1813092232,-3.9602649212,-1.0872209072,0.0852041298,0.0052032180,0.9958070904,0.0328848894,0.04270497084 0 0 0 0 0 0 0.04270497084 0 0 0 0 0 0 0.09403533297 0 0 0 0 0 0 0.0007475247444 0 0 0 0 0 0 0.0007475247444 0 0 0 0 0 0 0.001300867803
335,1785495462.648555040,map,7.1969714165,-3.9554088116,-1.0838867426,0.0844369362,0.0048172182,0.9958737748,0.0329033830,0.04270984171 0 0 0 0 0 0 0.04270984171 0 0 0 0 0 0 0.09404256081 0 0 0 0 0 0 0.0007476372208 0 0 0 0 0 0 0.0007476372208 0 0 0 0 0 0 0.001301016178
336,1785495462.747872114,map,7.1877293587,-3.9516842365,-1.0846973658,0.0857866592,0.0048517900,0.9956772102,0.0352703383,0.04344479997 0 0 0 0 0 0 0.04344479997 0 0 0 0 0 0 0.09513163241 0 0 0 0 0 0 0.0007646318751 0 0 0 0 0 0 0.0007646318751 0 0 0 0 0 0 0.001323404287
337,1785495462.847765923,map,7.1908488274,-3.9523792267,-1.0865099430,0.0862154561,0.0051213461,0.9956061872,0.0361798462,0.04306504706 0 0 0 0 0 0 0.04306504706 0 0 0 0 0 0 0.09456928639 0 0 0 0 0 0 0.000755844992 0 0 0 0 0 0 0.000755844992 0 0 0 0 0 0 0.001311836352
338,1785495462.948016882,map,7.2245268822,-3.9506065845,-1.0867179632,0.0860054995,0.0046682351,0.9953954680,0.0420608223,0.04307788664 0 0 0 0 0 0 0.04307788664 0 0 0 0 0 0 0.09458831262 0 0 0 0 0 0 0.0007561418797 0 0 0 0 0 0 0.0007561418797 0 0 0 0 0 0 0.001312227468
339,1785495463.048387051,map,7.2159433365,-3.9519429207,-1.0898454189,0.0870304595,0.0047995807,0.9952148449,0.0441597680,0.04249062265 0 0 0 0 0 0 0.04249062265 0 0 0 0 0 0 0.09371712997 0 0 0 0 0 0 0.0007425771243 0 0 0 0 0 0 0.0007425771243 0 0 0 0 0 0 0.001294338384
340,1785495463.148773909,map,7.1941766739,-3.9402618408,-1.0853805542,0.0905208266,0.0057851715,0.9942408588,0.0570757695,0.04371991505 0 0 0 0 0 0 0.04371991505 0 0 0 0 0 0 0.09553853055 0 0 0 0 0 0 0.0007710051889 0 0 0 0 0 0 0.0007710051889 0 0 0 0 0 0 0.001331784772
341,1785495463.248836040,map,7.1936030388,-3.9154524803,-1.0843273401,0.0916192739,0.0060108852,0.9937975353,0.0627393315,0.04334534356 0 0 0 0 0 0 0.04334534356 0 0 0 0 0 0 0.09498443267 0 0 0 0 0 0 0.0007623294319 0 0 0 0 0 0 0.0007623294319 0 0 0 0 0 0 0.001320374671
342,1785495463.348287106,map,7.1915044785,-3.9096314907,-1.0918982029,0.0938430145,0.0080046153,0.9924879145,0.0780842065,0.04300531981 0 0 0 0 0 0 0.04300531981 0 0 0 0 0 0 0.09448076787 0 0 0 0 0 0 0.0007544641119 0 0 0 0 0 0 0.0007544641119 0 0 0 0 0 0 0.001310016956
343,1785495463.448587894,map,7.1918878555,-3.8986690044,-1.0881297588,0.0952357239,0.0072587629,0.9913400726,0.0901240603,0.0430926721 0 0 0 0 0 0 0.0430926721 0 0 0 0 0 0 0.09461022121 0 0 0 0 0 0 0.0007564837794 0 0 0 0 0 0 0.0007564837794 0 0 0 0 0 0 0.001312677859
344,1785495463.548899889,map,7.1984834671,-3.9184899330,-1.0840157270,0.0912476757,0.0074887644,0.9899514451,0.1077678718,0.04293703094 0 0 0 0 0 0 0.04293703094 0 0 0 0 0 0 0.09437953614 0 0 0 0 0 0 0.0007528856625 0 0 0 0 0 0 0.0007528856625 0 0 0 0 0 0 0.001307936758
345,1785495463.648205996,map,7.1887006760,-3.9149603844,-1.0855776072,0.0908435958,0.0095866864,0.9879607408,0.1248564292,0.04266467519 0 0 0 0 0 0 0.04266467519 0 0 0 0 0 0 0.09397553342 0 0 0 0 0 0 0.00074659433 0 0 0 0 0 0 0.00074659433 0 0 0 0 0 0 0.001299640327
346,1785495463.748425007,map,7.1535396576,-3.8900845051,-1.0811238289,0.0910933636,0.0097495582,0.9862404662,0.1376106265,0.04267297587 0 0 0 0 0 0 0.04267297587 0 0 0 0 0 0 0.09398785255 0 0 0 0 0 0 0.0007467859787 0 0 0 0 0 0 0.0007467859787 0 0 0 0 0 0 0.00129989318
347,1785495463.847646952,map,7.1143965721,-3.9238197803,-1.0954748392,0.0885109968,0.0147561770,0.9852399281,0.1457749562,0.04337920832 0 0 0 0 0 0 0.04337920832 0 0 0 0 0 0 0.09503456012 0 0 0 0 0 0 0.000763113317 0 0 0 0 0 0 0.000763113317 0 0 0 0 0 0 0.001321406251
348,1785495463.947876930,map,7.1157655716,-3.9056768417,-1.0719921589,0.0901874794,0.0133906901,0.9851458347,0.1455149580,0.0431229847 0 0 0 0 0 0 0.0431229847 0 0 0 0 0 0 0.09465513355 0 0 0 0 0 0 0.0007571847872 0 0 0 0 0 0 0.0007571847872 0 0 0 0 0 0 0.001313601233
349,1785495464.048295021,map,7.1191244125,-3.8848755360,-1.0698019266,0.0905567153,0.0118666447,0.9853255360,0.1441951839,0.04270478393 0 0 0 0 0 0 0.04270478393 0 0 0 0 0 0 0.09403505562 0 0 0 0 0 0 0.0007475204285 0 0 0 0 0 0 0.0007475204285 0 0 0 0 0 0 0.001300862109
350,1785495464.148422956,map,7.1097474098,-3.8977944851,-1.0692514181,0.0912739898,0.0120222674,0.9854154311,0.1431116776,0.0427440232 0 0 0 0 0 0 0.0427440232 0 0 0 0 0 0 0.09409327867 0 0 0 0 0 0 0.0007484265852 0 0 0 0 0 0 0.0007484265852 0 0 0 0 0 0 0.001302057406
351,1785495464.248743057,map,7.1081953049,-3.8985502720,-1.0735132694,0.0921095877,0.0118705681,0.9856232041,0.1411445927,0.0427354093 0 0 0 0 0 0 0.0427354093 0 0 0 0 0 0 0.09408049815 0 0 0 0 0 0 0.000748227652 0 0 0 0 0 0 0.000748227652 0 0 0 0 0 0 0.001301795011
352,1785495464.348175049,map,7.1229143143,-3.9024996758,-1.0715844631,0.0918884626,0.0111967300,0.9860216628,0.1385367621,0.04352288787 0 0 0 0 0 0 0.04352288787 0 0 0 0 0 0 0.09524716755 0 0 0 0 0 0 0.0007664402145 0 0 0 0 0 0 0.0007664402145 0 0 0 0 0 0 0.001325782981
353,1785495464.448523045,map,7.1547217369,-3.9128985405,-1.0631207228,0.0888957191,0.0103074951,0.9866112784,0.1363433036,0.04333006728 0 0 0 0 0 0 0.04333006728 0 0 0 0 0 0 0.09496181828 0 0 0 0 0 0 0.0007619758559 0 0 0 0 0 0 0.0007619758559 0 0 0 0 0 0 0.00131990933
354,1785495464.548695087,map,7.1697387695,-3.9157807827,-1.0586998463,0.0920445213,0.0088624131,0.9872923793,0.1292401888,0.04303948768 0 0 0 0 0 0 0.04303948768 0 0 0 0 0 0 0.09453140867 0 0 0 0 0 0 0.000755254028 0 0 0 0 0 0 0.000755254028 0 0 0 0 0 0 0.001311057769
355,1785495464.648020983,map,7.0631465912,-3.9403176308,-1.0382114649,0.0951927636,0.0074931640,0.9875913783,0.1246813946,0.04315293641 0 0 0 0 0 0 0.04315293641 0 0 0 0 0 0 0.09469950614 0 0 0 0 0 0 0.0007578775259 0 0 0 0 0 0 0.0007578775259 0 0 0 0 0 0 0.001314513615
356,1785495464.748328924,map,7.0547261238,-3.9499502182,-1.0468338728,0.0922925817,0.0091308749,0.9880020969,0.1234931829,0.04295799063 0 0 0 0 0 0 0.04295799063 0 0 0 0 0 0 0.09441060967 0 0 0 0 0 0 0.0007533700886 0 0 0 0 0 0 0.0007533700886 0 0 0 0 0 0 0.001308575226
357,1785495464.847757101,map,7.0252718925,-3.8925487995,-1.0668929815,0.0913890928,0.0100523854,0.9881920378,0.1225702914,0.04273781188 0 0 0 0 0 0 0.04273781188 0 0 0 0 0 0 0.09408406293 0 0 0 0 0 0 0.0007482831377 0 0 0 0 0 0 0.0007482831377 0 0 0 0 0 0 0.001301868198
358,1785495464.948153973,map,6.9779815674,-3.8707189560,-1.0423531532,0.0921197146,0.0095662404,0.9881883585,0.1220909781,0.04263359781 0 0 0 0 0 0 0.04263359781 0 0 0 0 0 0 0.09392940767 0 0 0 0 0 0 0.0007458768585 0 0 0 0 0 0 0.0007458768585 0 0 0 0 0 0 0.001298693656
359,1785495465.048379898,map,6.9323468208,-3.8590483665,-1.0453969240,0.0896649650,0.0098529357,0.9886225914,0.1203681203,0.04275524028 0 0 0 0 0 0 0.04275524028 0 0 0 0 0 0 0.09410992093 0 0 0 0 0 0 0.000748685647 0 0 0 0 0 0 0.000748685647 0 0 0 0 0 0 0.001302399098
360,1785495465.148612022,map,6.8448476791,-3.8895394802,-1.0444322824,0.0853091976,0.0163460888,0.9893891604,0.1164655831,0.0433842108 0 0 0 0 0 0 0.0433842108 0 0 0 0 0 0 0.09504196436 0 0 0 0 0 0 0.00076322912 0 0 0 0 0 0 0.00076322912 0 0 0 0 0 0 0.001321558635
361,1785495465.247891903,map,6.9124360085,-3.7824494839,-1.0211528540,0.0613135719,0.0182797555,0.9912933391,0.1150826231,0.04369839851 0 0 0 0 0 0 0.04369839851 0 0 0 0 0 0 0.09550672233 0 0 0 0 0 0 0.000770506509 0 0 0 0 0 0 0.000770506509 0 0 0 0 0 0 0.00133112934
362,1785495465.348272085,map,6.8871083260,-3.7844202518,-1.0233318806,0.0632647236,0.0175104964,0.9913732086,0.1134465198,0.04374147238 0 0 0 0 0 0 0.04374147238 0 0 0 0 0 0 0.09557039652 0 0 0 0 0 0 0.000771504853 0 0 0 0 0 0 0.000771504853 0 0 0 0 0 0 0.001332441445
363,1785495465.448523045,map,6.7849464417,-3.7573094368,-1.0060733557,0.0693175155,0.0208100105,0.9911161180,0.1115834546,0.04430959871 0 0 0 0 0 0 0.04430959871 0 0 0 0 0 0 0.09640928931 0 0 0 0 0 0 0.0007846869619 0 0 0 0 0 0 0.0007846869619 0 0 0 0 0 0 0.001349747563
364,1785495465.547962904,map,6.7724399567,-3.7772488594,-1.0062022209,0.0669083870,0.0233846661,0.9913632882,0.1103415144,0.04350131243 0 0 0 0 0 0 0.04350131243 0 0 0 0 0 0 0.09521524892 0 0 0 0 0 0 0.0007659405249 0 0 0 0 0 0 0.0007659405249 0 0 0 0 0 0 0.001325125755
365,1785495465.648452997,map,6.7885870934,-3.8070621490,-0.9981147051,0.0629618178,0.0262770068,0.9915122941,0.1106738389,0.04311367346 0 0 0 0 0 0 0.04311367346 0 0 0 0 0 0 0.0946413382 0 0 0 0 0 0 0.0007569694476 0 0 0 0 0 0 0.0007569694476 0 0 0 0 0 0 0.001313317597
366,1785495465.748684883,map,6.7961702347,-3.8112504482,-1.0014781952,0.0641959233,0.0264161719,0.9910237178,0.1142500696,0.0434384895 0 0 0 0 0 0 0.0434384895 0 0 0 0 0 0 0.09512229427 0 0 0 0 0 0 0.0007644857613 0 0 0 0 0 0 0.0007644857613 0 0 0 0 0 0 0.001323212059
367,1785495465.848155975,map,6.7402415276,-3.7558231354,-0.9918808341,0.0678340794,0.0245348098,0.9907615808,0.1148393802,0.04391883727 0 0 0 0 0 0 0.04391883727 0 0 0 0 0 0 0.09583248053 0 0 0 0 0 0 0.0007756173509 0 0 0 0 0 0 0.0007756173509 0 0 0 0 0 0 0.001337844289
368,1785495465.947807074,map,6.7328290939,-3.7602066994,-0.9982500672,0.0676664549,0.0248270651,0.9904474259,0.1175532448,0.04355057745 0 0 0 0 0 0 0.04355057745 0 0 0 0 0 0 0.09528812766 0 0 0 0 0 0 0.0007670815655 0 0 0 0 0 0 0.0007670815655 0 0 0 0 0 0 0.001326626453
369,1785495466.048361063,map,6.7389545441,-3.7652585506,-0.9986766577,0.0682888517,0.0240639755,0.9902205231,0.1192512904,0.04356908415 0 0 0 0 0 0 0.04356908415 0 0 0 0 0 0 0.09531550155 0 0 0 0 0 0 0.0007675102568 0 0 0 0 0 0 0.0007675102568 0 0 0 0 0 0 0.0013271902
370,1785495466.148706913,map,6.7520661354,-3.7754285336,-0.9995018244,0.0677531649,0.0243019754,0.9900493637,0.1209180679,0.0433766439 0 0 0 0 0 0 0.0433766439 0 0 0 0 0 0 0.09503076441 0 0 0 0 0 0 0.0007630539535 0 0 0 0 0 0 0.0007630539535 0 0 0 0 0 0 0.001321328134
371,1785495466.247770071,map,6.7688879967,-3.7882823944,-0.9997762442,0.0673137071,0.0245740429,0.9899625988,0.1218155854,0.04343980935 0 0 0 0 0 0 0.04343980935 0 0 0 0 0 0 0.09512424738 0 0 0 0 0 0 0.000764516321 0 0 0 0 0 0 0.000764516321 0 0 0 0 0 0 0.001323252264
372,1785495466.348022938,map,6.7426867485,-3.7643399239,-0.9986835718,0.0676420399,0.0257640103,0.9894490109,0.1255046116,0.04336868356 0 0 0 0 0 0 0.04336868356 0 0 0 0 0 0 0.09501898179 0 0 0 0 0 0 0.0007628696846 0 0 0 0 0 0 0.0007628696846 0 0 0 0 0 0 0.001321085649
373,1785495466.448452950,map,6.7432608604,-3.7604641914,-1.0021897554,0.0681539319,0.0255841192,0.9892884652,0.1265259689,0.04336490658 0 0 0 0 0 0 0.04336490658 0 0 0 0 0 0 0.0950133911 0 0 0 0 0 0 0.0007627822554 0 0 0 0 0 0 0.0007627822554 0 0 0 0 0 0 0.001320970595
374,1785495466.548676968,map,6.7503166199,-3.7630512714,-0.9983134866,0.0674493342,0.0255896302,0.9881950612,0.1351527524,0.04352226888 0 0 0 0 0 0 0.04352226888 0 0 0 0 0 0 0.09524625186 0 0 0 0 0 0 0.0007664258781 0 0 0 0 0 0 0.0007664258781 0 0 0 0 0 0 0.001325764125
375,1785495466.648071051,map,6.7523903847,-3.7642285824,-1.0019644499,0.0677149859,0.0243770807,0.9874756662,0.1404002992,0.04445122099 0 0 0 0 0 0 0.04445122099 0 0 0 0 0 0 0.09661813741 0 0 0 0 0 0 0.0007879771156 0 0 0 0 0 0 0.0007879771156 0 0 0 0 0 0 0.001354061625
376,1785495466.748450994,map,6.7559943199,-3.7597157955,-1.0021376610,0.0665950594,0.0267540594,0.9858599845,0.1514246454,0.04324972019 0 0 0 0 0 0 0.04324972019 0 0 0 0 0 0 0.09484285433 0 0 0 0 0 0 0.0007601165119 0 0 0 0 0 0 0.0007601165119 0 0 0 0 0 0 0.001317461817
377,1785495466.848628998,map,6.7647237778,-3.7673897743,-1.0011705160,0.0656997322,0.0272001370,0.9848827687,0.1579545199,0.04327701096 0 0 0 0 0 0 0.04327701096 0 0 0 0 0 0 0.09488326576 0 0 0 0 0 0 0.0007607479972 0 0 0 0 0 0 0.0007607479972 0 0 0 0 0 0 0.001318293141
378,1785495466.948971033,map,6.7785005569,-3.8050987720,-1.0045033693,0.0645234991,0.0276005592,0.9826362558,0.1717583133,0.04342633862 0 0 0 0 0 0 0.04342633862 0 0 0 0 0 0 0.09510431295 0 0 0 0 0 0 0.0007642044268 0 0 0 0 0 0 0.0007642044268 0 0 0 0 0 0 0.001322841922
379,1785495467.048291922,map,6.7913308144,-3.7963764668,-0.9974312782,0.0641401427,0.0267310946,0.9808308590,0.1820503181,0.04364710433 0 0 0 0 0 0 0.04364710433 0 0 0 0 0 0 0.09543088316 0 0 0 0 0 0 0.0007693178405 0 0 0 0 0 0 0.0007693178405 0 0 0 0 0 0 0.00132956683
380,1785495467.148463011,map,6.8199429512,-3.8087770939,-1.0084000826,0.0624998840,0.0268674548,0.9776566289,0.1988954842,0.04347171756 0 0 0 0 0 0 0.04347171756 0 0 0 0 0 0 0.09517146219 0 0 0 0 0 0 0.0007652551678 0 0 0 0 0 0 0.0007652551678 0 0 0 0 0 0 0.001324224244
381,1785495467.248358965,map,6.8036880493,-3.7788112164,-1.0033466816,0.0627859450,0.0276477975,0.9749090464,0.2117684039,0.04352614082 0 0 0 0 0 0 0.04352614082 0 0 0 0 0 0 0.09525197974 0 0 0 0 0 0 0.0007665155566 0 0 0 0 0 0 0.0007665155566 0 0 0 0 0 0 0.001325882071
382,1785495467.348727942,map,6.8193354607,-3.7691631317,-1.0037201643,0.0604893694,0.0275484879,0.9713372322,0.2282237449,0.04335376765 0 0 0 0 0 0 0.04335376765 0 0 0 0 0 0 0.09499690281 0 0 0 0 0 0 0.0007625244196 0 0 0 0 0 0 0.0007625244196 0 0 0 0 0 0 0.001320631284
383,1785495467.448008060,map,6.8140082359,-3.7084984779,-1.0140625238,0.0579152314,0.0281664224,0.9682347481,0.2416069935,0.04447327851 0 0 0 0 0 0 0.04447327851 0 0 0 0 0 0 0.09665065562 0 0 0 0 0 0 0.0007884897002 0 0 0 0 0 0 0.0007884897002 0 0 0 0 0 0 0.001354733535
384,1785495467.548402071,map,6.8063840866,-3.7676539421,-0.9999861121,0.0565629592,0.0283321993,0.9632416370,0.2610813623,0.04357927913 0 0 0 0 0 0 0.04357927913 0 0 0 0 0 0 0.09533058049 0 0 0 0 0 0 0.0007677464268 0 0 0 0 0 0 0.0007677464268 0 0 0 0 0 0 0.001327500756
385,1785495467.647617102,map,6.8132233620,-3.8655753136,-1.0109450817,0.0550562044,0.0294132254,0.9577942512,0.2805955435,0.04347295298 0 0 0 0 0 0 0.04347295298 0 0 0 0 0 0 0.09517329014 0 0 0 0 0 0 0.0007652837761 0 0 0 0 0 0 0.0007652837761 0 0 0 0 0 0 0.001324261877
386,1785495467.748016119,map,6.8187732697,-3.8602995872,-1.0107867718,0.0535583623,0.0304064811,0.9541254031,0.2930045655,0.04350263687 0 0 0 0 0 0 0.04350263687 0 0 0 0 0 0 0.09521720836 0 0 0 0 0 0 0.0007659711978 0 0 0 0 0 0 0.0007659711978 0 0 0 0 0 0 0.0013251661
387,1785495467.848417044,map,6.7916293144,-3.7671093941,-1.0162748098,0.0528842649,0.0317534111,0.9495325316,0.3075433880,0.04374119185 0 0 0 0 0 0 0.04374119185 0 0 0 0 0 0 0.09556998187 0 0 0 0 0 0 0.0007714983506 0 0 0 0 0 0 0.0007714983506 0 0 0 0 0 0 0.0013324329
388,1785495467.948791981,map,6.7877635956,-3.7890741825,-1.0084677935,0.0520089457,0.0328620550,0.9438047049,0.3247273500,0.04338624531 0 0 0 0 0 0 0.04338624531 0 0 0 0 0 0 0.09504497564 0 0 0 0 0 0 0.0007632762179 0 0 0 0 0 0 0.0007632762179 0 0 0 0 0 0 0.00132162061
389,1785495468.047425985,map,6.7767019272,-3.8060688972,-1.0056843758,0.0524411118,0.0343727104,0.9399736434,0.3354370167,0.04321356217 0 0 0 0 0 0 0.04321356217 0 0 0 0 0 0 0.09478930615 0 0 0 0 0 0 0.0007592799431 0 0 0 0 0 0 0.0007592799431 0 0 0 0 0 0 0.001316360381
390,1785495468.147655010,map,6.7827448845,-3.8183283806,-1.0084184408,0.0534990013,0.0360968656,0.9360835262,0.3458070550,0.04351128488 0 0 0 0 0 0 0.04351128488 0 0 0 0 0 0 0.09523000244 0 0 0 0 0 0 0.000766171483 0 0 0 0 0 0 0.000766171483 0 0 0 0 0 0 0.001325429533
391,1785495468.248058081,map,6.7294874191,-3.8058059216,-1.0009901524,0.0549931226,0.0380699826,0.9319804310,0.3562848758,0.04342571624 0 0 0 0 0 0 0.04342571624 0 0 0 0 0 0 0.09510339192 0 0 0 0 0 0 0.0007641900171 0 0 0 0 0 0 0.0007641900171 0 0 0 0 0 0 0.001322822963
392,1785495468.348321915,map,6.7120351791,-3.7775559425,-0.9952189922,0.0572201869,0.0376408442,0.9282763534,0.3655297709,0.04379423942 0 0 0 0 0 0 0.04379423942 0 0 0 0 0 0 0.09564838589 0 0 0 0 0 0 0.0007727280711 0 0 0 0 0 0 0.0007727280711 0 0 0 0 0 0 0.001334048821
393,1785495468.448514938,map,6.6932802200,-3.7834784985,-0.9944638610,0.0582430597,0.0384397174,0.9256037208,0.3720052210,0.04362623963 0 0 0 0 0 0 0.04362623963 0 0 0 0 0 0 0.09540003028 0 0 0 0 0 0 0.0007688343939 0 0 0 0 0 0 0.0007688343939 0 0 0 0 0 0 0.001328931255
394,1785495468.548609018,map,6.6794228554,-3.7477140427,-0.9984495044,0.0610473825,0.0366630172,0.9213595970,0.3821328576,0.04345397885 0 0 0 0 0 0 0.04345397885 0 0 0 0 0 0 0.09514521478 0 0 0 0 0 0 0.0007648444106 0 0 0 0 0 0 0.0007648444106 0 0 0 0 0 0 0.001323683892
395,1785495468.648005962,map,6.6552619934,-3.7008290291,-0.9873422980,0.0622380100,0.0366132551,0.9185016060,0.3887681499,0.04350287115 0 0 0 0 0 0 0.04350287115 0 0 0 0 0 0 0.09521755497 0 0 0 0 0 0 0.0007659766236 0 0 0 0 0 0 0.0007659766236 0 0 0 0 0 0 0.001325173236
396,1785495468.748279095,map,6.6484212875,-3.6979281902,-0.9869652390,0.0620185327,0.0380461322,0.9162694096,0.3938991884,0.04360352415 0 0 0 0 0 0 0.04360352415 0 0 0 0 0 0 0.09536643792 0 0 0 0 0 0 0.0007683081054 0 0 0 0 0 0 0.0007683081054 0 0 0 0 0 0 0.001328239302
397,1785495468.847635031,map,6.6379117966,-3.6606040001,-0.9795405269,0.0631797080,0.0361887522,0.9149028306,0.3970535426,0.04345234207 0 0 0 0 0 0 0.04345234207 0 0 0 0 0 0 0.09514279281 0 0 0 0 0 0 0.0007648065107 0 0 0 0 0 0 0.0007648065107 0 0 0 0 0 0 0.001323634032
398,1785495468.947932005,map,6.6372914314,-3.6425843239,-0.9832565784,0.0600634038,0.0414631152,0.9134895208,0.4002625374,0.04336218185 0 0 0 0 0 0 0.04336218185 0 0 0 0 0 0 0.09500935791 0 0 0 0 0 0 0.0007627191844 0 0 0 0 0 0 0.0007627191844 0 0 0 0 0 0 0.001320887595
399,1785495469.048290014,map,6.6306519508,-3.6386485100,-0.9795294404,0.0572335892,0.0412758660,0.9131682904,0.4014278222,0.04364561545 0 0 0 0 0 0 0.04364561545 0 0 0 0 0 0 0.09542868162 0 0 0 0 0 0 0.000769283341 0 0 0 0 0 0 0.000769283341 0 0 0 0 0 0 0.001329521476
400,1785495469.147460938,map,6.6284031868,-3.6457405090,-0.9862586260,0.0544423430,0.0438069347,0.9126742246,0.4026695307,0.04328790504 0 0 0 0 0 0 0.04328790504 0 0 0 0 0 0 0.09489939626 0 0 0 0 0 0 0.0007610000947 0 0 0 0 0 0 0.0007610000947 0 0 0 0 0 0 0.001318624994
401,1785495469.247487068,map,6.6094603539,-3.6621885300,-0.9808969498,0.0523502646,0.0455807109,0.9126722245,0.4027545786,0.04368323221 0 0 0 0 0 0 0.04368323221 0 0 0 0 0 0 0.09548430023 0 0 0 0 0 0 0.0007701550289 0 0 0 0 0 0 0.0007701550289 0 0 0 0 0 0 0.001330667348
402,1785495469.348550081,map,6.6087665558,-3.6535441875,-0.9777603149,0.0529418675,0.0441602752,0.9101072961,0.4085973050,0.04317383113 0 0 0 0 0 0 0.04317383113 0 0 0 0 0 0 0.0947304581 0 0 0 0 0 0 0.0007583608349 0 0 0 0 0 0 0.0007583608349 0 0 0 0 0 0 0.001315150104
403,1785495469.447837114,map,6.5562791824,-3.5748741627,-0.9738935828,0.0577970119,0.0417976880,0.9077918649,0.4133114897,0.04502677818 0 0 0 0 0 0 0.04502677818 0 0 0 0 0 0 0.09746580653 0 0 0 0 0 0 0.0008013650883 0 0 0 0 0 0 0.0008013650883 0 0 0 0 0 0 0.001371594099
404,1785495469.548090935,map,6.5278778076,-3.5290129185,-0.9633899927,0.0631978822,0.0384701879,0.9042818056,0.4204765176,0.04351530567 0 0 0 0 0 0 0.04351530567 0 0 0 0 0 0 0.09523595076 0 0 0 0 0 0 0.0007662646054 0 0 0 0 0 0 0.0007662646054 0 0 0 0 0 0 0.001325552013
405,1785495469.647408009,map,6.5380277634,-3.5099532604,-0.9716993570,0.0629396623,0.0361340872,0.9005046532,0.4287473483,0.04368140927 0 0 0 0 0 0 0.04368140927 0 0 0 0 0 0 0.09548160509 0 0 0 0 0 0 0.0007701127835 0 0 0 0 0 0 0.0007701127835 0 0 0 0 0 0 0.001330611818
406,1785495469.747720957,map,6.5397181511,-3.4889316559,-0.9730826616,0.0601020734,0.0369666361,0.8958406651,0.4387376385,0.04347266686 0 0 0 0 0 0 0.04347266686 0 0 0 0 0 0 0.0951728668 0 0 0 0 0 0 0.0007652771507 0 0 0 0 0 0 0.0007652771507 0 0 0 0 0 0 0.001324253161
407,1785495469.847850084,map,6.5207934380,-3.4730613232,-0.9615740180,0.0561639838,0.0370267152,0.8902032255,0.4505694754,0.04317150932 0 0 0 0 0 0 0.04317150932 0 0 0 0 0 0 0.09472701885 0 0 0 0 0 0 0.000758307128 0 0 0 0 0 0 0.000758307128 0 0 0 0 0 0 0.001315079378
408,1785495469.948121071,map,6.4991436005,-3.4522128105,-0.9683993459,0.0571087598,0.0376741738,0.8871123831,0.4564546790,0.04353464376 0 0 0 0 0 0 0.04353464376 0 0 0 0 0 0 0.0952645581 0 0 0 0 0 0 0.0007667124987 0 0 0 0 0 0 0.0007667124987 0 0 0 0 0 0 0.001326141085
409,1785495470.048378944,map,6.5285649300,-3.4053032398,-0.9654460549,0.0579435382,0.0366405300,0.8849293050,0.4606518613,0.04359674422 0 0 0 0 0 0 0.04359674422 0 0 0 0 0 0 0.09535641099 0 0 0 0 0 0 0.0007681510313 0 0 0 0 0 0 0.0007681510313 0 0 0 0 0 0 0.001328032773
410,1785495470.147730112,map,6.4791984558,-3.4096443653,-0.9604346752,0.0574563749,0.0367464646,0.8819459612,0.4663901831,0.04352694572 0 0 0 0 0 0 0.04352694572 0 0 0 0 0 0 0.09525317043 0 0 0 0 0 0 0.000766534199 0 0 0 0 0 0 0.000766534199 0 0 0 0 0 0 0.00132590659
411,1785495470.247997046,map,6.4491710663,-3.4032564163,-0.9541069269,0.0537826603,0.0398403688,0.8810708158,0.4682247238,0.04349734185 0 0 0 0 0 0 0.04349734185 0 0 0 0 0 0 0.09520937457 0 0 0 0 0 0 0.00076584857 0 0 0 0 0 0 0.00076584857 0 0 0 0 0 0 0.001325004804
412,1785495470.348119020,map,6.4333505630,-3.4432775974,-0.9647837877,0.0494103774,0.0441238509,0.8826723325,0.4652969530,0.04374601649 0 0 0 0 0 0 0.04374601649 0 0 0 0 0 0 0.09557711329 0 0 0 0 0 0 0.0007716101831 0 0 0 0 0 0 0.0007716101831 0 0 0 0 0 0 0.001332579867
413,1785495470.448415041,map,6.3556575775,-3.4139971733,-0.9457106590,0.0509902200,0.0445508675,0.8847833678,0.4610570612,0.04361126107 0 0 0 0 0 0 0.04361126107 0 0 0 0 0 0 0.09537787983 0 0 0 0 0 0 0.0007684873549 0 0 0 0 0 0 0.0007684873549 0 0 0 0 0 0 0.001328474982
414,1785495470.547590017,map,6.3415231705,-3.3751945496,-0.9473657608,0.0529601213,0.0429101572,0.8895246585,0.4517740987,0.04324050039 0 0 0 0 0 0 0.04324050039 0 0 0 0 0 0 0.09482920096 0 0 0 0 0 0 0.0007599031877 0 0 0 0 0 0 0.0007599031877 0 0 0 0 0 0 0.001317180966
415,1785495470.647924900,map,6.3369054794,-3.4316730499,-0.9506320953,0.0509502026,0.0458893412,0.8944520790,0.4418752365,0.04352572579 0 0 0 0 0 0 0.04352572579 0 0 0 0 0 0 0.09525136576 0 0 0 0 0 0 0.0007665059438 0 0 0 0 0 0 0.0007665059438 0 0 0 0 0 0 0.001325869428
416,1785495470.748245955,map,6.3420429230,-3.4250667095,-0.9489874244,0.0513083854,0.0445733353,0.9000278743,0.4305002871,0.04365686829 0 0 0 0 0 0 0.04365686829 0 0 0 0 0 0 0.09544532043 0 0 0 0 0 0 0.0007695440892 0 0 0 0 0 0 0.0007695440892 0 0 0 0 0 0 0.001329864258
417,1785495470.847778082,map,6.3403992653,-3.4117813110,-0.9482468367,0.0509151220,0.0433849032,0.9045186028,0.4211549739,0.04347620522 0 0 0 0 0 0 0.04347620522 0 0 0 0 0 0 0.09517810217 0 0 0 0 0 0 0.0007653590883 0 0 0 0 0 0 0.0007653590883 0 0 0 0 0 0 0.001324360946
418,1785495470.948005915,map,6.3426513672,-3.4137451649,-0.9443628192,0.0522133722,0.0399317935,0.9106161896,0.4079918745,0.04324290109 0 0 0 0 0 0 0.04324290109 0 0 0 0 0 0 0.09483275614 0 0 0 0 0 0 0.0007599587334 0 0 0 0 0 0 0.0007599587334 0 0 0 0 0 0 0.001317254095
419,1785495471.048408985,map,6.3265266418,-3.4013228416,-0.9420679808,0.0545752519,0.0371685152,0.9158266682,0.3961080282,0.04322623996 0 0 0 0 0 0 0.04322623996 0 0 0 0 0 0 0.09480808213 0 0 0 0 0 0 0.0007595732497 0 0 0 0 0 0 0.0007595732497 0 0 0 0 0 0 0.001316746568
420,1785495471.148669958,map,6.3437433243,-3.3133213520,-0.9356669784,0.0597762572,0.0330911730,0.9197304318,0.3865587810,0.04346956154 0 0 0 0 0 0 0.04346956154 0 0 0 0 0 0 0.09516827209 0 0 0 0 0 0 0.0007652052417 0 0 0 0 0 0 0.0007652052417 0 0 0 0 0 0 0.001324158568
421,1785495471.248130083,map,6.3535499573,-3.3417453766,-0.9375386834,0.0609973367,0.0301805456,0.9223461160,0.3803236794,0.04312016689 0 0 0 0 0 0 0.04312016689 0 0 0 0 0 0 0.09465095879 0 0 0 0 0 0 0.0007571196194 0 0 0 0 0 0 0.0007571196194 0 0 0 0 0 0 0.001313515398
422,1785495471.347644091,map,6.3139052391,-3.3087427616,-0.9349780679,0.0663267569,0.0273490657,0.9284964152,0.3643448764,0.04354462121 0 0 0 0 0 0 0.04354462121 0 0 0 0 0 0 0.09527931719 0 0 0 0 0 0 0.0007669436006 0 0 0 0 0 0 0.0007669436006 0 0 0 0 0 0 0.001326445016
423,1785495471.447999001,map,6.3405065536,-3.2950613499,-0.9443780780,0.0684645568,0.0254382826,0.9338382736,0.3501593616,0.04382341574 0 0 0 0 0 0 0.04382341574 0 0 0 0 0 0 0.09569150178 0 0 0 0 0 0 0.0007734045205 0 0 0 0 0 0 0.0007734045205 0 0 0 0 0 0 0.001334937583
424,1785495471.548226118,map,6.3464050293,-3.3252439499,-0.9396048188,0.0697173514,0.0221951092,0.9395800086,0.3344193046,0.0435583106 0 0 0 0 0 0 0.0435583106 0 0 0 0 0 0 0.09529956626 0 0 0 0 0 0 0.0007672606935 0 0 0 0 0 0 0.0007672606935 0 0 0 0 0 0 0.001326862018
425,1785495471.648561001,map,6.2335982323,-3.3776507378,-0.9375867248,0.0802224243,0.0261190361,0.9437261781,0.3197859175,0.04329537244 0 0 0 0 0 0 0.04329537244 0 0 0 0 0 0 0.09491045261 0 0 0 0 0 0 0.0007611729018 0 0 0 0 0 0 0.0007611729018 0 0 0 0 0 0 0.001318852464
426,1785495471.748869896,map,6.3330898285,-3.3829309940,-0.9318584800,0.0698698174,0.0191005947,0.9498019526,0.3043511361,0.04339376534 0 0 0 0 0 0 0.04339376534 0 0 0 0 0 0 0.09505610581 0 0 0 0 0 0 0.0007634503053 0 0 0 0 0 0 0.0007634503053 0 0 0 0 0 0 0.001321849683
427,1785495471.848124027,map,6.3674159050,-3.4066550732,-0.9454288483,0.0693397565,0.0167317029,0.9544005379,0.2898821302,0.04347176731 0 0 0 0 0 0 0.04347176731 0 0 0 0 0 0 0.0951715358 0 0 0 0 0 0 0.0007652563199 0 0 0 0 0 0 0.0007652563199 0 0 0 0 0 0 0.001324225759
428,1785495471.948344946,map,6.3331356049,-3.3905243874,-0.9451465011,0.0734520628,0.0142862926,0.9587910801,0.2740809225,0.04335624533 0 0 0 0 0 0 0.04335624533 0 0 0 0 0 0 0.09500057043 0 0 0 0 0 0 0.0007625817702 0 0 0 0 0 0 0.0007625817702 0 0 0 0 0 0 0.001320706758
429,1785495472.048638105,map,6.2680373192,-3.4242470264,-0.9387056231,0.0826665648,0.0155724934,0.9622120352,0.2589821402,0.04325077947 0 0 0 0 0 0 0.04325077947 0 0 0 0 0 0 0.09484442296 0 0 0 0 0 0 0.0007601410216 0 0 0 0 0 0 0.0007601410216 0 0 0 0 0 0 0.001317494085
430,1785495472.148000956,map,6.2313566208,-3.4009273052,-0.9312563539,0.0854252210,0.0144389541,0.9659735825,0.2436987738,0.04319601058 0 0 0 0 0 0 0.04319601058 0 0 0 0 0 0 0.0947633105 0 0 0 0 0 0 0.0007588739011 0 0 0 0 0 0 0.0007588739011 0 0 0 0 0 0 0.001315825729
431,1785495472.248308897,map,6.2274093628,-3.3577671051,-0.9639691710,0.0865478345,0.0115194783,0.9702647503,0.2257500586,0.04356918709 0 0 0 0 0 0 0.04356918709 0 0 0 0 0 0 0.09531565381 0 0 0 0 0 0 0.0007675126415 0 0 0 0 0 0 0.0007675126415 0 0 0 0 0 0 0.001327193335
432,1785495472.347426891,map,6.3453602791,-3.3625292778,-0.9535926580,0.0711706612,0.0025198336,0.9749416022,0.2107540223,0.04440395926 0 0 0 0 0 0 0.04440395926 0 0 0 0 0 0 0.09654845321 0 0 0 0 0 0 0.0007868789544 0 0 0 0 0 0 0.0007868789544 0 0 0 0 0 0 0.00135262195
433,1785495472.447791100,map,6.3111929893,-3.3910892010,-0.9552026987,0.0693694329,0.0016775093,0.9783246507,0.1951050060,0.04330418824 0 0 0 0 0 0 0.04330418824 0 0 0 0 0 0 0.09492350502 0 0 0 0 0 0 0.0007613769191 0 0 0 0 0 0 0.0007613769191 0 0 0 0 0 0 0.001319121009
434,1785495472.548084974,map,6.3070936203,-3.4263787270,-0.9461871386,0.0725062233,0.0070156896,0.9814290895,0.1774559013,0.04302948254 0 0 0 0 0 0 0.04302948254 0 0 0 0 0 0 0.09451658055 0 0 0 0 0 0 0.0007550227119 0 0 0 0 0 0 0.0007550227119 0 0 0 0 0 0 0.001310752995
435,1785495472.648283005,map,6.3161730766,-3.4432830811,-0.9389655590,0.0708229688,0.0082892409,0.9849325675,0.1575539028,0.04370077332 0 0 0 0 0 0 0.04370077332 0 0 0 0 0 0 0.09551023316 0 0 0 0 0 0 0.0007705615469 0 0 0 0 0 0 0.0007705615469 0 0 0 0 0 0 0.001331201681
436,1785495472.748641968,map,6.3000655174,-3.4433267117,-0.9386466146,0.0719096695,0.0082350342,0.9878811762,0.1373024570,0.04377883961 0 0 0 0 0 0 0.04377883961 0 0 0 0 0 0 0.09562562664 0 0 0 0 0 0 0.0007723710567 0 0 0 0 0 0 0.0007723710567 0 0 0 0 0 0 0.001333579716
437,1785495472.848064899,map,6.3561058044,-3.4117677212,-0.9510090351,0.0734888477,0.0082854315,0.9903185882,0.1174726484,0.0435179755 0 0 0 0 0 0 0.0435179755 0 0 0 0 0 0 0.09523990044 0 0 0 0 0 0 0.0007663264401 0 0 0 0 0 0 0.0007663264401 0 0 0 0 0 0 0.001325633341
438,1785495472.948587894,map,6.3327188492,-3.4340107441,-0.9476738572,0.0735674875,0.0083880981,0.9919342183,0.1028784492,0.04402304302 0 0 0 0 0 0 0.04402304302 0 0 0 0 0 0 0.09598638084 0 0 0 0 0 0 0.000778034748 0 0 0 0 0 0 0.000778034748 0 0 0 0 0 0 0.001341018578
439,1785495473.047930956,map,6.3312435150,-3.4235017300,-0.9491229653,0.0737881953,0.0097241505,0.9934176081,0.0870759210,0.04353463367 0 0 0 0 0 0 0.04353463367 0 0 0 0 0 0 0.09526454318 0 0 0 0 0 0 0.0007667122651 0 0 0 0 0 0 0.0007667122651 0 0 0 0 0 0 0.001326140778
440,1785495473.148372889,map,6.3079705238,-3.4112005234,-0.9427927136,0.0753595394,0.0088281782,0.9949610235,0.0655406299,0.04352783312 0 0 0 0 0 0 0.04352783312 0 0 0 0 0 0 0.09525448318 0 0 0 0 0 0 0.0007665547526 0 0 0 0 0 0 0.0007665547526 0 0 0 0 0 0 0.001325933621
441,1785495473.247736931,map,6.1520466805,-3.3893077374,-0.9738744497,0.0890863764,0.0103767491,0.9947586612,0.0491033925,0.04335832709 0 0 0 0 0 0 0.04335832709 0 0 0 0 0 0 0.09500365197 0 0 0 0 0 0 0.0007626299571 0 0 0 0 0 0 0.0007626299571 0 0 0 0 0 0 0.001320770173
442,1785495473.347940922,map,6.2078304291,-3.4868519306,-0.9543448687,0.0890582875,0.0102250954,0.9954609226,0.0319628749,0.0436564488 0 0 0 0 0 0 0.0436564488 0 0 0 0 0 0 0.09544470016 0 0 0 0 0 0 0.0007695343685 0 0 0 0 0 0 0.0007695343685 0 0 0 0 0 0 0.001329851479
443,1785495473.448338985,map,6.2399663925,-3.4609413147,-0.9585006237,0.0888273082,0.0054126117,0.9956756313,0.0266544544,0.04379381132 0 0 0 0 0 0 0.04379381132 0 0 0 0 0 0 0.09564775323 0 0 0 0 0 0 0.0007727181462 0 0 0 0 0 0 0.0007727181462 0 0 0 0 0 0 0.001334035781
444,1785495473.547705889,map,6.2377009392,-3.4573087692,-0.9680602551,0.0889609014,0.0063204558,0.9956300666,0.0276907047,0.04388556827 0 0 0 0 0 0 0.04388556827 0 0 0 0 0 0 0.0957833335 0 0 0 0 0 0 0.0007748457554 0 0 0 0 0 0 0.0007748457554 0 0 0 0 0 0 0.001336830857
445,1785495473.648052931,map,6.2679390907,-3.4499795437,-0.9705212712,0.0879373345,0.0062317300,0.9956234139,0.0310194964,0.04364601309 0 0 0 0 0 0 0.04364601309 0 0 0 0 0 0 0.09542926959 0 0 0 0 0 0 0.0007692925549 0 0 0 0 0 0 0.0007692925549 0 0 0 0 0 0 0.001329533589
446,1785495473.748156071,map,6.2832636833,-3.3966653347,-0.9816389084,0.0862600922,0.0060301052,0.9952578310,0.0445498693,0.04374379601 0 0 0 0 0 0 0.04374379601 0 0 0 0 0 0 0.09557383116 0 0 0 0 0 0 0.0007715587134 0 0 0 0 0 0 0.0007715587134 0 0 0 0 0 0 0.001332512227
447,1785495473.848465919,map,6.4020457268,-3.3772819042,-0.9489748478,0.0717316610,0.0070716915,0.9962067035,0.0487521594,0.04339925148 0 0 0 0 0 0 0.04339925148 0 0 0 0 0 0 0.09506422548 0 0 0 0 0 0 0.0007635773116 0 0 0 0 0 0 0.0007635773116 0 0 0 0 0 0 0.001322016801
448,1785495473.947686911,map,6.4367198944,-3.3879857063,-0.9493343234,0.0695769807,0.0078269581,0.9957250174,0.0602450712,0.04374340818 0 0 0 0 0 0 0.04374340818 0 0 0 0 0 0 0.0955732579 0 0 0 0 0 0 0.0007715497237 0 0 0 0 0 0 0.0007715497237 0 0 0 0 0 0 0.001332500413
449,1785495474.047928095,map,6.4166269302,-3.3872749805,-0.9495850801,0.0705473710,0.0094966193,0.9949574590,0.0706579625,0.04378790104 0 0 0 0 0 0 0.04378790104 0 0 0 0 0 0 0.0956390186 0 0 0 0 0 0 0.0007725811257 0 0 0 0 0 0 0.0007725811257 0 0 0 0 0 0 0.001333855743
450,1785495474.148108959,map,6.4266800880,-3.4017195702,-0.9473108649,0.0714731025,0.0119078489,0.9935579372,0.0871344383,0.04404032233 0 0 0 0 0 0 0.04404032233 0 0 0 0 0 0 0.09601189477 0 0 0 0 0 0 0.0007784356853 0 0 0 0 0 0 0.0007784356853 0 0 0 0 0 0 0.001341544935
451,1785495474.248466969,map,6.3932108879,-3.3396048546,-0.9445289373,0.0713904757,0.0132197600,0.9926401668,0.0969233050,0.04358149329 0 0 0 0 0 0 0.04358149329 0 0 0 0 0 0 0.09533385527 0 0 0 0 0 0 0.0007677977195 0 0 0 0 0 0 0.0007677977195 0 0 0 0 0 0 0.001327568203
452,1785495474.347729921,map,6.3878893852,-3.3208563328,-0.9488554597,0.0706034081,0.0145179046,0.9913860223,0.1093532751,0.04314375729 0 0 0 0 0 0 0.04314375729 0 0 0 0 0 0 0.09468590807 0 0 0 0 0 0 0.0007576652183 0 0 0 0 0 0 0.0007576652183 0 0 0 0 0 0 0.001314234003
453,1785495474.448065042,map,6.3923153877,-3.3368389606,-0.9544598460,0.0704964607,0.0166813489,0.9905367282,0.1165716362,0.04350932102 0 0 0 0 0 0 0.04350932102 0 0 0 0 0 0 0.0952270971 0 0 0 0 0 0 0.0007661260002 0 0 0 0 0 0 0.0007661260002 0 0 0 0 0 0 0.001325369711
454,1785495474.548357010,map,6.3799190521,-3.3756785393,-0.9477178454,0.0689889054,0.0191299506,0.9886143692,0.1323487702,0.0432772831 0 0 0 0 0 0 0.0432772831 0 0 0 0 0 0 0.09488366871 0 0 0 0 0 0 0.0007607542946 0 0 0 0 0 0 0.0007607542946 0 0 0 0 0 0 0.001318301431
455,1785495474.647702932,map,6.3971438408,-3.3935742378,-0.9445337057,0.0705409732,0.0184270195,0.9870598751,0.1428187850,0.04373533042 0 0 0 0 0 0 0.04373533042 0 0 0 0 0 0 0.09556131777 0 0 0 0 0 0 0.0007713624885 0 0 0 0 0 0 0.0007713624885 0 0 0 0 0 0 0.001332254351
456,1785495474.748169899,map,6.3540935516,-3.3396301270,-0.9481126070,0.0732992739,0.0173999572,0.9845422799,0.1581168778,0.04364565699 0 0 0 0 0 0 0.04364565699 0 0 0 0 0 0 0.09542874303 0 0 0 0 0 0 0.0007692843034 0 0 0 0 0 0 0.0007692843034 0 0 0 0 0 0 0.001329522742
457,1785495474.848597050,map,6.2805504799,-3.4522581100,-0.9759490490,0.0850224539,0.0206736476,0.9801387916,0.1779655322,0.04361089141 0 0 0 0 0 0 0.04361089141 0 0 0 0 0 0 0.09537733316 0 0 0 0 0 0 0.0007684787906 0 0 0 0 0 0 0.0007684787906 0 0 0 0 0 0 0.001328463722
458,1785495474.948113918,map,6.2932939529,-3.4717183113,-0.9654430151,0.0876835865,0.0240661328,0.9775347791,0.1901530196,0.04410711418 0 0 0 0 0 0 0.04410711418 0 0 0 0 0 0 0.09611050175 0 0 0 0 0 0 0.0007799857094 0 0 0 0 0 0 0.0007799857094 0 0 0 0 0 0 0.001343579532
459,1785495475.047426939,map,6.3044419289,-3.4881005287,-0.9661359191,0.0867146757,0.0264701027,0.9748031485,0.2038104860,0.04344199266 0 0 0 0 0 0 0.04344199266 0 0 0 0 0 0 0.09512747823 0 0 0 0 0 0 0.0007645668738 0 0 0 0 0 0 0.0007645668738 0 0 0 0 0 0 0.001323318772
460,1785495475.147552013,map,6.3276290894,-3.4669082165,-0.9631744623,0.0843818946,0.0270069116,0.9721831355,0.2168185380,0.04356370424 0 0 0 0 0 0 0.04356370424 0 0 0 0 0 0 0.09530754414 0 0 0 0 0 0 0.000767385633 0 0 0 0 0 0 0.000767385633 0 0 0 0 0 0 0.001327026318
461,1785495475.247946024,map,6.3057208061,-3.4800288677,-0.9601715803,0.0841807263,0.0276102466,0.9680033314,0.2347782549,0.04341248548 0 0 0 0 0 0 0.04341248548 0 0 0 0 0 0 0.09508381158 0 0 0 0 0 0 0.0007638836944 0 0 0 0 0 0 0.0007638836944 0 0 0 0 0 0 0.001322419931
462,1785495475.348134995,map,6.3444452286,-3.4409112930,-0.9568850994,0.0817914785,0.0272200381,0.9653495590,0.2463117303,0.04357562209 0 0 0 0 0 0 0.04357562209 0 0 0 0 0 0 0.09532517159 0 0 0 0 0 0 0.0007676617092 0 0 0 0 0 0 0.0007676617092 0 0 0 0 0 0 0.001327389357
463,1785495475.448260069,map,6.3025689125,-3.4229283333,-0.9571612477,0.0827517120,0.0296721544,0.9608059149,0.2629138616,0.04332614329 0 0 0 0 0 0 0.04332614329 0 0 0 0 0 0 0.09495600915 0 0 0 0 0 0 0.0007618850365 0 0 0 0 0 0 0.0007618850365 0 0 0 0 0 0 0.001319789798
464,1785495475.547274113,map,6.2371506691,-3.4922468662,-0.9597839117,0.0859560050,0.0325908116,0.9565019896,0.2768634041,0.04347796749 0 0 0 0 0 0 0.04347796749 0 0 0 0 0 0 0.09518070961 0 0 0 0 0 0 0.0007653998974 0 0 0 0 0 0 0.0007653998974 0 0 0 0 0 0 0.001324414628
465,1785495475.647349119,map,6.1584548950,-3.4264230728,-0.9588071704,0.0804366195,0.0343515090,0.9513399105,0.2954696105,0.04394672955 0 0 0 0 0 0 0.04394672955 0 0 0 0 0 0 0.09587368009 0 0 0 0 0 0 0.0007762643166 0 0 0 0 0 0 0.0007762643166 0 0 0 0 0 0 0.001338693936
466,1785495475.747637033,map,6.1589097977,-3.4667201042,-0.9518394470,0.0827364104,0.0357240400,0.9487746734,0.3028284667,0.04395755993 0 0 0 0 0 0 0.04395755993 0 0 0 0 0 0 0.09588967647 0 0 0 0 0 0 0.0007765155464 0 0 0 0 0 0 0.0007765155464 0 0 0 0 0 0 0.001339023849
467,1785495475.847945929,map,6.1668891907,-3.4539325237,-0.9525390267,0.0795318837,0.0358983274,0.9434849199,0.3197220557,0.04417182816 0 0 0 0 0 0 0.04417182816 0 0 0 0 0 0 0.09620601813 0 0 0 0 0 0 0.0007814878626 0 0 0 0 0 0 0.0007814878626 0 0 0 0 0 0 0.001345550832
468,1785495475.948328972,map,6.1458730698,-3.4971928596,-0.9455795884,0.0830897767,0.0385037711,0.9395428414,0.3299587891,0.04440249683 0 0 0 0 0 0 0.04440249683 0 0 0 0 0 0 0.09654629677 0 0 0 0 0 0 0.0007868449768 0 0 0 0 0 0 0.0007868449768 0 0 0 0 0 0 0.001352577402
469,1785495476.047411919,map,6.2013540268,-3.5055825710,-0.9528474808,0.0806072982,0.0369751333,0.9360024492,0.3406386984,0.04372879227 0 0 0 0 0 0 0.04372879227 0 0 0 0 0 0 0.09555165313 0 0 0 0 0 0 0.0007712109438 0 0 0 0 0 0 0.0007712109438 0 0 0 0 0 0 0.001332055187
470,1785495476.147669077,map,6.2221498489,-3.4589941502,-0.9744720459,0.0815235959,0.0369042378,0.9300298862,0.3564216782,0.04393083609 0 0 0 0 0 0 0.04393083609 0 0 0 0 0 0 0.09585020445 0 0 0 0 0 0 0.0007758956574 0 0 0 0 0 0 0.0007758956574 0 0 0 0 0 0 0.001338209794
471,1785495476.247942924,map,6.2250404358,-3.4446845055,-0.9556806684,0.0798383534,0.0372449401,0.9270888723,0.3643417182,0.04374039936 0 0 0 0 0 0 0.04374039936 0 0 0 0 0 0 0.09556881046 0 0 0 0 0 0 0.0007714799814 0 0 0 0 0 0 0.0007714799814 0 0 0 0 0 0 0.001332408759
472,1785495476.348170042,map,6.2185959816,-3.4132070541,-0.9469354749,0.0769088702,0.0377242440,0.9214737552,0.3788773175,0.04364091179 0 0 0 0 0 0 0.04364091179 0 0 0 0 0 0 0.09542172642 0 0 0 0 0 0 0.000769174352 0 0 0 0 0 0 0.000769174352 0 0 0 0 0 0 0.001329378195
473,1785495476.447556019,map,6.2227249146,-3.3758444786,-0.9450897574,0.0792275385,0.0404040637,0.9179483939,0.3866021847,0.04331295695 0 0 0 0 0 0 0.04331295695 0 0 0 0 0 0 0.09493648729 0 0 0 0 0 0 0.0007615798531 0 0 0 0 0 0 0.0007615798531 0 0 0 0 0 0 0.001319388119
474,1785495476.547880888,map,6.1562809944,-3.4151353836,-0.9328739047,0.0784559778,0.0400075701,0.9147090011,0.3944001902,0.04448042629 0 0 0 0 0 0 0.04448042629 0 0 0 0 0 0 0.09666119266 0 0 0 0 0 0 0.0007886558129 0 0 0 0 0 0 0.0007886558129 0 0 0 0 0 0 0.001354951269
475,1785495476.647962093,map,6.1169829369,-3.3989195824,-0.9079357386,0.0819708320,0.0404248553,0.9130134839,0.3975587902,0.04331367514 0 0 0 0 0 0 0.04331367514 0 0 0 0 0 0 0.09493755056 0 0 0 0 0 0 0.0007615964744 0 0 0 0 0 0 0.0007615964744 0 0 0 0 0 0 0.001319409996
476,1785495476.747208118,map,6.1283731461,-3.3804948330,-0.9168589115,0.0814373616,0.0392168204,0.9133769994,0.3969539763,0.0433375448 0 0 0 0 0 0 0.0433375448 0 0 0 0 0 0 0.09497288786 0 0 0 0 0 0 0.0007621489238 0 0 0 0 0 0 0.0007621489238 0 0 0 0 0 0 0.001320137108
477,1785495476.847533941,map,6.0996227264,-3.3642280102,-0.9170219302,0.0804659443,0.0380740429,0.9138388890,0.3961995521,0.04355807241 0 0 0 0 0 0 0.04355807241 0 0 0 0 0 0 0.09529921394 0 0 0 0 0 0 0.0007672551761 0 0 0 0 0 0 0.0007672551761 0 0 0 0 0 0 0.001326854763
478,1785495476.947729111,map,6.0846810341,-3.3559167385,-0.9128318429,0.0806168761,0.0373181248,0.9166705753,0.3896451180,0.04322636886 0 0 0 0 0 0 0.04322636886 0 0 0 0 0 0 0.09480827304 0 0 0 0 0 0 0.000759576232 0 0 0 0 0 0 0.000759576232 0 0 0 0 0 0 0.001316750495
479,1785495477.047895908,map,6.0490345955,-3.2857935429,-0.9090804458,0.0803044787,0.0351181984,0.9178937597,0.3870257879,0.04367628497 0 0 0 0 0 0 0.04367628497 0 0 0 0 0 0 0.09547402891 0 0 0 0 0 0 0.0007699940326 0 0 0 0 0 0 0.0007699940326 0 0 0 0 0 0 0.001330455723
480,1785495477.148106098,map,6.0337438583,-3.2632555962,-0.9124289155,0.0803866239,0.0337417961,0.9231630637,0.3743920628,0.04343210758 0 0 0 0 0 0 0.04343210758 0 0 0 0 0 0 0.09511285018 0 0 0 0 0 0 0.0007643379966 0 0 0 0 0 0 0.0007643379966 0 0 0 0 0 0 0.001323017655
481,1785495477.247340918,map,5.9837045670,-3.2498641014,-0.9169663787,0.0825250440,0.0343848768,0.9251413266,0.3689455635,0.04354646636 0 0 0 0 0 0 0.04354646636 0 0 0 0 0 0 0.09528204655 0 0 0 0 0 0 0.0007669863396 0 0 0 0 0 0 0.0007669863396 0 0 0 0 0 0 0.001326501222
482,1785495477.347548008,map,5.9679164886,-3.2502601147,-0.9069447517,0.0814201756,0.0340120562,0.9294590228,0.3582176159,0.04407931214 0 0 0 0 0 0 0.04407931214 0 0 0 0 0 0 0.09606945962 0 0 0 0 0 0 0.0007793404687 0 0 0 0 0 0 0.0007793404687 0 0 0 0 0 0 0.001342732633
483,1785495477.447654009,map,5.9467315674,-3.2481625080,-0.8947502375,0.0831319902,0.0320837183,0.9310560092,0.3538282336,0.04359823427 0 0 0 0 0 0 0.04359823427 0 0 0 0 0 0 0.09535861467 0 0 0 0 0 0 0.0007681855518 0 0 0 0 0 0 0.0007681855518 0 0 0 0 0 0 0.001328078163
484,1785495477.548239946,map,5.9178028107,-3.2266318798,-0.8869541287,0.0845484054,0.0320177162,0.9357394138,0.3409078691,0.04416053611 0 0 0 0 0 0 0.04416053611 0 0 0 0 0 0 0.09618935294 0 0 0 0 0 0 0.0007812257244 0 0 0 0 0 0 0.0007812257244 0 0 0 0 0 0 0.001345206856
485,1785495477.647562981,map,5.8937025070,-3.2400653362,-0.8955981135,0.0839243060,0.0309821103,0.9387161552,0.3328795926,0.04367814011 0 0 0 0 0 0 0.04367814011 0 0 0 0 0 0 0.09547677172 0 0 0 0 0 0 0.0007700370236 0 0 0 0 0 0 0.0007700370236 0 0 0 0 0 0 0.001330512234
486,1785495477.747836113,map,5.8933672905,-3.2377624512,-0.9033629298,0.0849915348,0.0314786758,0.9428143240,0.3207595330,0.04400966055 0 0 0 0 0 0 0.04400966055 0 0 0 0 0 0 0.09596661972 0 0 0 0 0 0 0.0007777242472 0 0 0 0 0 0 0.0007777242472 0 0 0 0 0 0 0.001340610924
487,1785495477.848124981,map,5.8660378456,-3.2295672894,-0.9032346010,0.0834555578,0.0304855831,0.9468486379,0.3091657430,0.04384391503 0 0 0 0 0 0 0.04384391503 0 0 0 0 0 0 0.09572179226 0 0 0 0 0 0 0.0007738798366 0 0 0 0 0 0 0.0007738798366 0 0 0 0 0 0 0.001335562027
488,1785495477.948431969,map,5.8576316833,-3.2337858677,-0.9062689543,0.0828541304,0.0298088824,0.9504114044,0.2982696437,0.04355980863 0 0 0 0 0 0 0.04355980863 0 0 0 0 0 0 0.09530178205 0 0 0 0 0 0 0.000767295394 0 0 0 0 0 0 0.000767295394 0 0 0 0 0 0 0.001326907651
489,1785495478.047707081,map,5.8038740158,-3.2258801460,-0.8994078636,0.0839688254,0.0282835744,0.9530439186,0.2895799650,0.04359345518 0 0 0 0 0 0 0.04359345518 0 0 0 0 0 0 0.0953515467 0 0 0 0 0 0 0.0007680748339 0 0 0 0 0 0 0.0007680748339 0 0 0 0 0 0 0.001327932584
490,1785495478.147897005,map,5.7889051437,-3.2104024887,-0.8776282072,0.0853384822,0.0247845479,0.9571539742,0.2756072396,0.04398579288 0 0 0 0 0 0 0.04398579288 0 0 0 0 0 0 0.09593137328 0 0 0 0 0 0 0.0007771705047 0 0 0 0 0 0 0.0007771705047 0 0 0 0 0 0 0.001339883873
491,1785495478.247282028,map,5.7484984398,-3.1987061501,-0.8769622445,0.0862206147,0.0247519769,0.9596288035,0.2665818934,0.04375383541 0 0 0 0 0 0 0.04375383541 0 0 0 0 0 0 0.09558867038 0 0 0 0 0 0 0.0007717914257 0 0 0 0 0 0 0.0007717914257 0 0 0 0 0 0 0.001332818045
492,1785495478.347620964,map,5.8363618851,-3.2044982910,-0.8756678700,0.0753289990,0.0187441138,0.9645923488,0.2520630658,0.04317219616 0 0 0 0 0 0 0.04317219616 0 0 0 0 0 0 0.09472803626 0 0 0 0 0 0 0.0007583230156 0 0 0 0 0 0 0.0007583230156 0 0 0 0 0 0 0.0013151003
493,1785495478.447861910,map,5.8407707214,-3.1820034981,-0.8854092360,0.0719969269,0.0166942924,0.9673423538,0.2424593210,0.04312637517 0 0 0 0 0 0 0.04312637517 0 0 0 0 0 0 0.09466015668 0 0 0 0 0 0 0.0007572631999 0 0 0 0 0 0 0.0007572631999 0 0 0 0 0 0 0.001313704513
494,1785495478.548101902,map,5.7113485336,-3.1882567406,-0.8760885000,0.0855504741,0.0209579342,0.9682364256,0.2340087230,0.0438011413 0 0 0 0 0 0 0.0438011413 0 0 0 0 0 0 0.09565858571 0 0 0 0 0 0 0.000772888084 0 0 0 0 0 0 0.000772888084 0 0 0 0 0 0 0.001334259065
495,1785495478.648283958,map,5.8188953400,-3.0581333637,-0.8712706566,0.0778312974,0.0173637885,0.9696256387,0.2312291169,0.04348465381 0 0 0 0 0 0 0.04348465381 0 0 0 0 0 0 0.09519060246 0 0 0 0 0 0 0.0007655547361 0 0 0 0 0 0 0.0007655547361 0 0 0 0 0 0 0.001324618305
496,1785495478.747646093,map,5.8726930618,-3.0872929096,-0.8887446523,0.0711406059,0.0179481290,0.9694840895,0.2339176486,0.04346265453 0 0 0 0 0 0 0.04346265453 0 0 0 0 0 0 0.09515805213 0 0 0 0 0 0 0.0007650453012 0 0 0 0 0 0 0.0007650453012 0 0 0 0 0 0 0.001323948168
497,1785495478.848027945,map,5.8824467659,-3.0869698524,-0.8808777928,0.0653989163,0.0211925648,0.9691088612,0.2368583186,0.04343649303 0 0 0 0 0 0 0.04343649303 0 0 0 0 0 0 0.09511933988 0 0 0 0 0 0 0.0007644395353 0 0 0 0 0 0 0.0007644395353 0 0 0 0 0 0 0.001323151243
498,1785495478.948339939,map,5.8738985062,-3.0930814743,-0.8648201823,0.0605232685,0.0228112008,0.9679301546,0.2427504888,0.04341401889 0 0 0 0 0 0 0.04341401889 0 0 0 0 0 0 0.09508608095 0 0 0 0 0 0 0.0007639191958 0 0 0 0 0 0 0.0007639191958 0 0 0 0 0 0 0.001322466642
499,1785495479.047823906,map,5.8351645470,-3.0440025330,-0.8522543907,0.0604868167,0.0214508378,0.9666101988,0.2480845351,0.04320521621 0 0 0 0 0 0 0.04320521621 0 0 0 0 0 0 0.09477694516 0 0 0 0 0 0 0.0007590868627 0 0 0 0 0 0 0.0007590868627 0 0 0 0 0 0 0.001316106148
500,1785495479.148121119,map,5.8320851326,-3.0695147514,-0.8562957048,0.0563380378,0.0209140262,0.9646464080,0.2566046358,0.04290670922 0 0 0 0 0 0 0.04290670922 0 0 0 0 0 0 0.09433457869 0 0 0 0 0 0 0.0007521849251 0 0 0 0 0 0 0.0007521849251 0 0 0 0 0 0 0.001307013105
501,1785495479.247387886,map,5.7982344627,-3.0644295216,-0.8452737927,0.0547776544,0.0205378457,0.9633591926,0.2617569286,0.04284765244 0 0 0 0 0 0 0.04284765244 0 0 0 0 0 0 0.09424700143 0 0 0 0 0 0 0.0007508203442 0 0 0 0 0 0 0.0007508203442 0 0 0 0 0 0 0.001305214133
502,1785495479.347851038,map,5.7798166275,-2.9701974392,-0.8461475372,0.0533573766,0.0214891417,0.9615397078,0.2685751092,0.04302151391 0 0 0 0 0 0 0.04302151391 0 0 0 0 0 0 0.09450477025 0 0 0 0 0 0 0.0007548384857 0 0 0 0 0 0 0.0007548384857 0 0 0 0 0 0 0.001310510256
503,1785495479.448020935,map,5.7584609985,-3.0228226185,-0.8486528397,0.0518929605,0.0213584919,0.9601861761,0.2736666673,0.04300472282 0 0 0 0 0 0 0.04300472282 0 0 0 0 0 0 0.09447988301 0 0 0 0 0 0 0.0007544503112 0 0 0 0 0 0 0.0007544503112 0 0 0 0 0 0 0.00130999877
504,1785495479.548336029,map,5.7269759178,-2.9569847584,-0.8473054171,0.0502371299,0.0230161765,0.9590021975,0.2779591135,0.04350188251 0 0 0 0 0 0 0.04350188251 0 0 0 0 0 0 0.09521609232 0 0 0 0 0 0 0.0007659537274 0 0 0 0 0 0 0.0007659537274 0 0 0 0 0 0 0.00132514312
505,1785495479.647612095,map,5.6842374802,-3.0239560604,-0.8595733643,0.0465262021,0.0255731693,0.9581427678,0.2813250049,0.04281531241 0 0 0 0 0 0 0.04281531241 0 0 0 0 0 0 0.09419903501 0 0 0 0 0 0 0.0007500732142 0 0 0 0 0 0 0.0007500732142 0 0 0 0 0 0 0.001304228999
506,1785495479.747927904,map,5.6512413025,-3.0303516388,-0.8433327675,0.0455172288,0.0257695032,0.9574082158,0.2839606217,0.04293669466 0 0 0 0 0 0 0.04293669466 0 0 0 0 0 0 0.09437903758 0 0 0 0 0 0 0.0007528778907 0 0 0 0 0 0 0.0007528778907 0 0 0 0 0 0 0.001307926514
507,1785495479.847356081,map,5.6622815132,-3.0386261940,-0.8424859643,0.0433390416,0.0268916575,0.9573172006,0.2845037098,0.04316776567 0 0 0 0 0 0 0.04316776567 0 0 0 0 0 0 0.09472147341 0 0 0 0 0 0 0.000758220533 0 0 0 0 0 0 0.000758220533 0 0 0 0 0 0 0.00131496534
508,1785495479.947846889,map,5.6547603607,-3.0172493458,-0.8411902785,0.0422666012,0.0263124540,0.9575626611,0.2838924442,0.04305553881 0 0 0 0 0 0 0.04305553881 0 0 0 0 0 0 0.09455519607 0 0 0 0 0 0 0.0007556251432 0 0 0 0 0 0 0.0007556251432 0 0 0 0 0 0 0.001311546714
509,1785495480.048100948,map,5.6371970177,-3.0290758610,-0.8437057734,0.0411971012,0.0271358990,0.9578734837,0.2829219409,0.04339673178 0 0 0 0 0 0 0.04339673178 0 0 0 0 0 0 0.09506049627 0 0 0 0 0 0 0.0007635189794 0 0 0 0 0 0 0.0007635189794 0 0 0 0 0 0 0.001321940046
510,1785495480.147486925,map,5.5998902321,-3.0702149868,-0.8515323400,0.0379568789,0.0355992803,0.9590740278,0.2783324855,0.04297557532 0 0 0 0 0 0 0.04297557532 0 0 0 0 0 0 0.09443667772 0 0 0 0 0 0 0.0007537765399 0 0 0 0 0 0 0.0007537765399 0 0 0 0 0 0 0.001309110887
511,1785495480.247875929,map,5.5643820763,-3.0143914223,-0.8356532454,0.0371019116,0.0348297329,0.9595848115,0.2767803129,0.04311995057 0 0 0 0 0 0 0.04311995057 0 0 0 0 0 0 0.0946506383 0 0 0 0 0 0 0.0007571146166 0 0 0 0 0 0 0.0007571146166 0 0 0 0 0 0 0.001313508808
512,1785495480.347346067,map,5.5536947250,-2.9844293594,-0.8261645436,0.0412285081,0.0341882921,0.9605977458,0.2727330907,0.04311040054 0 0 0 0 0 0 0.04311040054 0 0 0 0 0 0 0.09463648899 0 0 0 0 0 0 0.0007568937571 0 0 0 0 0 0 0.0007568937571 0 0 0 0 0 0 0.001313217898
513,1785495480.447696924,map,5.5340461731,-2.9792399406,-0.8372941017,0.0413561990,0.0336562594,0.9609866866,0.2714065323,0.04288834351 0 0 0 0 0 0 0.04288834351 0 0 0 0 0 0 0.09430734567 0 0 0 0 0 0 0.0007517605303 0 0 0 0 0 0 0.0007517605303 0 0 0 0 0 0 0.001306453654
514,1785495480.547919035,map,5.5227112770,-2.9806928635,-0.8331425190,0.0383585178,0.0347025493,0.9617058466,0.2691583777,0.04292546885 0 0 0 0 0 0 0.04292546885 0 0 0 0 0 0 0.09436239385 0 0 0 0 0 0 0.0007526184523 0 0 0 0 0 0 0.0007526184523 0 0 0 0 0 0 0.001307584556
515,1785495480.648037910,map,5.5233540535,-2.9872200489,-0.8306440115,0.0378546411,0.0348656633,0.9620627584,0.2679303067,0.0430631945 0 0 0 0 0 0 0.0430631945 0 0 0 0 0 0 0.09456654111 0 0 0 0 0 0 0.0007558021567 0 0 0 0 0 0 0.0007558021567 0 0 0 0 0 0 0.00131177992
516,1785495480.748460054,map,5.5087804794,-2.9403290749,-0.8300909400,0.0403852978,0.0340327871,0.9631188994,0.2638423546,0.04288170901 0 0 0 0 0 0 0.04288170901 0 0 0 0 0 0 0.09429750745 0 0 0 0 0 0 0.0007516072275 0 0 0 0 0 0 0.0007516072275 0 0 0 0 0 0 0.001306251556
517,1785495480.847726107,map,5.5231428146,-2.9305880070,-0.8255062103,0.0411801140,0.0327965307,0.9653456074,0.2556099416,0.04312512659 0 0 0 0 0 0 0.04312512659 0 0 0 0 0 0 0.09465830686 0 0 0 0 0 0 0.0007572343233 0 0 0 0 0 0 0.0007572343233 0 0 0 0 0 0 0.001313666479
518,1785495480.947945118,map,5.4741082191,-2.9681890011,-0.8194144964,0.0413759325,0.0329862457,0.9667556908,0.2501666586,0.04318115018 0 0 0 0 0 0 0.04318115018 0 0 0 0 0 0 0.09474129945 0 0 0 0 0 0 0.0007585301383 0 0 0 0 0 0 0.0007585301383 0 0 0 0 0 0 0.001315373055
519,1785495481.047435999,map,5.4681344032,-2.9920191765,-0.8150542974,0.0407257844,0.0309591954,0.9708049882,0.2343514746,0.04346102442 0 0 0 0 0 0 0.04346102442 0 0 0 0 0 0 0.0951556401 0 0 0 0 0 0 0.0007650075545 0 0 0 0 0 0 0.0007650075545 0 0 0 0 0 0 0.001323898512
520,1785495481.147726059,map,5.4638209343,-3.0043058395,-0.8154636621,0.0412924861,0.0287181841,0.9738910834,0.2213737785,0.04369449072 0 0 0 0 0 0 0.04369449072 0 0 0 0 0 0 0.09550094512 0 0 0 0 0 0 0.0007704159439 0 0 0 0 0 0 0.0007704159439 0 0 0 0 0 0 0.001331010302
521,1785495481.248039961,map,5.4450354576,-2.9854764938,-0.8238667846,0.0420275736,0.0270155818,0.9767300500,0.2085718887,0.04333254426 0 0 0 0 0 0 0.04333254426 0 0 0 0 0 0 0.09496548519 0 0 0 0 0 0 0.0007620331852 0 0 0 0 0 0 0.0007620331852 0 0 0 0 0 0 0.001319984782
522,1785495481.348354101,map,5.4280762672,-3.0044543743,-0.8182856441,0.0419188787,0.0243570330,0.9788137275,0.1989302163,0.04269994922 0 0 0 0 0 0 0.04269994922 0 0 0 0 0 0 0.09402788129 0 0 0 0 0 0 0.0007474087891 0 0 0 0 0 0 0.0007474087891 0 0 0 0 0 0 0.001300714836
523,1785495481.447685957,map,5.4656982422,-2.9889140129,-0.8134536147,0.0403893543,0.0234339015,0.9814608976,0.1858872231,0.04296113641 0 0 0 0 0 0 0.04296113641 0 0 0 0 0 0 0.09441527319 0 0 0 0 0 0 0.0007534427981 0 0 0 0 0 0 0.0007534427981 0 0 0 0 0 0 0.001308671052
524,1785495481.547856092,map,5.4365253448,-2.9429106712,-0.8072627187,0.0418261004,0.0212911971,0.9834258711,0.1751308889,0.04313004532 0 0 0 0 0 0 0.04313004532 0 0 0 0 0 0 0.0946655941 0 0 0 0 0 0 0.000757348082 0 0 0 0 0 0 0.000757348082 0 0 0 0 0 0 0.001313816312
525,1785495481.648076057,map,5.4391942024,-2.9372000694,-0.8140048981,0.0407168036,0.0192731587,0.9854407899,0.1639424912,0.04320642195 0 0 0 0 0 0 0.04320642195 0 0 0 0 0 0 0.09477873098 0 0 0 0 0 0 0.0007591147567 0 0 0 0 0 0 0.0007591147567 0 0 0 0 0 0 0.001316142877
526,1785495481.747498035,map,5.4015631676,-2.9529304504,-0.8022171259,0.0431668571,0.0174528697,0.9869361137,0.1542372207,0.04311865712 0 0 0 0 0 0 0.04311865712 0 0 0 0 0 0 0.09464872195 0 0 0 0 0 0 0.0007570847031 0 0 0 0 0 0 0.0007570847031 0 0 0 0 0 0 0.001313469408
527,1785495481.847949028,map,5.4023566246,-2.9516737461,-0.8076264262,0.0432736743,0.0166640714,0.9884509895,0.1442717691,0.0426936859 0 0 0 0 0 0 0.0426936859 0 0 0 0 0 0 0.09401858681 0 0 0 0 0 0 0.0007472641643 0 0 0 0 0 0 0.0007472641643 0 0 0 0 0 0 0.001300524044
528,1785495481.947264910,map,5.4365816116,-2.9499576092,-0.8047760725,0.0431868209,0.0140814995,0.9896296248,0.1362710827,0.04297394315 0 0 0 0 0 0 0.04297394315 0 0 0 0 0 0 0.09443425822 0 0 0 0 0 0 0.0007537388128 0 0 0 0 0 0 0.0007537388128 0 0 0 0 0 0 0.001309061168
529,1785495482.047560930,map,5.4293398857,-2.9515717030,-0.7979362607,0.0427830046,0.0124546775,0.9908420421,0.1274619939,0.04273749077 0 0 0 0 0 0 0.04273749077 0 0 0 0 0 0 0.09408358649 0 0 0 0 0 0 0.000748275722 0 0 0 0 0 0 0.000748275722 0 0 0 0 0 0 0.001301858417
530,1785495482.147675037,map,5.3562097549,-2.9358587265,-0.7797316313,0.0434839427,0.0096541126,0.9915667266,0.1217020708,0.04299390836 0 0 0 0 0 0 0.04299390836 0 0 0 0 0 0 0.09446385332 0 0 0 0 0 0 0.0007542003166 0 0 0 0 0 0 0.0007542003166 0 0 0 0 0 0 0.001309669343
531,1785495482.247946978,map,5.3654851913,-2.9307653904,-0.7838277817,0.0438703851,0.0086211521,0.9925016071,0.1137612596,0.04261920692 0 0 0 0 0 0 0.04261920692 0 0 0 0 0 0 0.09390804654 0 0 0 0 0 0 0.00074554465 0 0 0 0 0 0 0.00074554465 0 0 0 0 0 0 0.001298255285
532,1785495482.348192930,map,5.3579473495,-2.9392659664,-0.7817297578,0.0458563032,0.0077198781,0.9931508216,0.1071869991,0.04279788825 0 0 0 0 0 0 0.04279788825 0 0 0 0 0 0 0.09417318921 0 0 0 0 0 0 0.0007496707128 0 0 0 0 0 0 0.0007496707128 0 0 0 0 0 0 0.001303698229
533,1785495482.447423935,map,5.4030256271,-2.9243257046,-0.8125488758,0.0436344866,0.0036986307,0.9942715302,0.0975011584,0.04268687333 0 0 0 0 0 0 0.04268687333 0 0 0 0 0 0 0.09400847703 0 0 0 0 0 0 0.0007471068609 0 0 0 0 0 0 0.0007471068609 0 0 0 0 0 0 0.001300316521
534,1785495482.547549009,map,5.4344120026,-2.8381440639,-0.8455895185,0.0403237623,-0.0018209211,0.9951036656,0.0902184419,0.04291209982 0 0 0 0 0 0 0.04291209982 0 0 0 0 0 0 0.0943425716 0 0 0 0 0 0 0.0007523094965 0 0 0 0 0 0 0.0007523094965 0 0 0 0 0 0 0.001307177312
535,1785495482.647778988,map,5.3769822121,-2.9296627045,-0.7788850665,0.0445666385,0.0053395463,0.9959590522,0.0777873417,0.04336085111 0 0 0 0 0 0 0.04336085111 0 0 0 0 0 0 0.09500738811 0 0 0 0 0 0 0.0007626883811 0 0 0 0 0 0 0.0007626883811 0 0 0 0 0 0 0.001320847058
536,1785495482.747976065,map,5.4411020279,-2.8992509842,-0.8468957543,0.0400722924,-0.0038414899,0.9967450350,0.0698482908,0.04275344582 0 0 0 0 0 0 0.04275344582 0 0 0 0 0 0 0.09410725861 0 0 0 0 0 0 0.0007486442025 0 0 0 0 0 0 0.0007486442025 0 0 0 0 0 0 0.001302344435
537,1785495482.847115993,map,5.4464836121,-2.8940932751,-0.8515496254,0.0405948563,-0.0055800279,0.9971847767,0.0627969878,0.04297218073 0 0 0 0 0 0 0.04297218073 0 0 0 0 0 0 0.09443164563 0 0 0 0 0 0 0.0007536980756 0 0 0 0 0 0 0.0007536980756 0 0 0 0 0 0 0.001309007482
538,1785495482.947388887,map,5.3565258980,-2.9229736328,-0.7822735310,0.0485560232,0.0020245738,0.9972702708,0.0555896878,0.04295662629 0 0 0 0 0 0 0.04295662629 0 0 0 0 0 0 0.09440858706 0 0 0 0 0 0 0.0007533385545 0 0 0 0 0 0 0.0007533385545 0 0 0 0 0 0 0.001308533666
539,1785495483.047607899,map,5.3465137482,-2.9228854179,-0.7742228508,0.0529579462,-0.0000590328,0.9975689753,0.0452944896,0.04296668365 0 0 0 0 0 0 0.04296668365 0 0 0 0 0 0 0.09442349667 0 0 0 0 0 0 0.0007535710152 0 0 0 0 0 0 0.0007535710152 0 0 0 0 0 0 0.001308840031
540,1785495483.146910906,map,5.3065662384,-2.9076342583,-0.7604991198,0.0562770259,-0.0041280063,0.9979068561,0.0315874971,0.04292999387 0 0 0 0 0 0 0.04292999387 0 0 0 0 0 0 0.09436910287 0 0 0 0 0 0 0.0007527230282 0 0 0 0 0 0 0.0007527230282 0 0 0 0 0 0 0.001307722396
541,1785495483.247021914,map,5.3069481850,-2.8957424164,-0.7741578221,0.0560956455,-0.0091526741,0.9982901723,0.0136472351,0.04317891708 0 0 0 0 0 0 0.04317891708 0 0 0 0 0 0 0.0947379917 0 0 0 0 0 0 0.000758478482 0 0 0 0 0 0 0.000758478482 0 0 0 0 0 0 0.001315305031
542,1785495483.347089052,map,5.2938036919,-2.9457612038,-0.7757543921,0.0489447641,-0.0097743585,0.9987311285,-0.0067096243,0.04299715144 0 0 0 0 0 0 0.04299715144 0 0 0 0 0 0 0.09446866043 0 0 0 0 0 0 0.0007542752848 0 0 0 0 0 0 0.0007542752848 0 0 0 0 0 0 0.001309768133
543,1785495483.447441101,map,5.2565612793,-2.9619052410,-0.7750639319,0.0462205448,-0.0094291383,0.9985809465,-0.0247150047,0.04294360008 0 0 0 0 0 0 0.04294360008 0 0 0 0 0 0 0.0943892754 0 0 0 0 0 0 0.0007530374862 0 0 0 0 0 0 0.0007530374862 0 0 0 0 0 0 0.001308136865
544,1785495483.546875954,map,5.2788109779,-2.9408011436,-0.7588664293,0.0504723057,-0.0092700022,0.9980516452,-0.0354899429,0.0427860165 0 0 0 0 0 0 0.0427860165 0 0 0 0 0 0 0.09415557851 0 0 0 0 0 0 0.0007493964883 0 0 0 0 0 0 0.0007493964883 0 0 0 0 0 0 0.001303336595
545,1785495483.647058964,map,5.2970447540,-2.9274551868,-0.7633296847,0.0515659628,-0.0115059344,0.9978697483,-0.0382690843,0.04295267296 0 0 0 0 0 0 0.04295267296 0 0 0 0 0 0 0.09440272625 0 0 0 0 0 0 0.0007532471816 0 0 0 0 0 0 0.0007532471816 0 0 0 0 0 0 0.001308413241
546,1785495483.747360945,map,5.2738103867,-2.8975019455,-0.7698886991,0.0590280651,-0.0109197752,0.9974577148,-0.0384000473,0.04355474958 0 0 0 0 0 0 0.04355474958 0 0 0 0 0 0 0.09529429897 0 0 0 0 0 0 0.0007671782067 0 0 0 0 0 0 0.0007671782067 0 0 0 0 0 0 0.001326753544
547,1785495483.847620964,map,5.3256917000,-2.9200069904,-0.8166968226,0.0622161598,-0.0147064944,0.9973846672,-0.0337149483,0.04325871245 0 0 0 0 0 0 0.04325871245 0 0 0 0 0 0 0.09485617028 0 0 0 0 0 0 0.0007603245782 0 0 0 0 0 0 0.0007603245782 0 0 0 0 0 0 0.001317735737
548,1785495483.947968960,map,5.3312520981,-2.9129567146,-0.7787154913,0.0666644535,-0.0135264071,0.9972050470,-0.0309027900,0.04280266106 0 0 0 0 0 0 0.04280266106 0 0 0 0 0 0 0.09418026904 0 0 0 0 0 0 0.0007497809631 0 0 0 0 0 0 0.0007497809631 0 0 0 0 0 0 0.001303843617
549,1785495484.047234058,map,5.3397417068,-2.8942251205,-0.7875316143,0.0666347523,-0.0159607506,0.9974418419,-0.0203674299,0.04370629169 0 0 0 0 0 0 0.04370629169 0 0 0 0 0 0 0.09551839123 0 0 0 0 0 0 0.0007706894414 0 0 0 0 0 0 0.0007706894414 0 0 0 0 0 0 0.00133136978
550,1785495484.147334099,map,5.3078317642,-2.9176306725,-0.7828166485,0.0673491055,-0.0166236081,0.9975259620,-0.0113892353,0.04355509744 0 0 0 0 0 0 0.04355509744 0 0 0 0 0 0 0.09529481351 0 0 0 0 0 0 0.0007671862644 0 0 0 0 0 0 0.0007671862644 0 0 0 0 0 0 0.00132676414
551,1785495484.247586012,map,5.3052363396,-2.9166440964,-0.7832185626,0.0697376738,-0.0169613340,0.9974180506,0.0024918802,0.04376378688 0 0 0 0 0 0 0.04376378688 0 0 0 0 0 0 0.09560337907 0 0 0 0 0 0 0.0007720221078 0 0 0 0 0 0 0.0007720221078 0 0 0 0 0 0 0.001333121184
552,1785495484.347994089,map,5.3291602135,-2.9435787201,-0.7839720249,0.0724644194,-0.0156307933,0.9971479335,0.0141633181,0.0435869689 0 0 0 0 0 0 0.0435869689 0 0 0 0 0 0 0.09534195371 0 0 0 0 0 0 0.0007679245686 0 0 0 0 0 0 0.0007679245686 0 0 0 0 0 0 0.001327735
553,1785495484.447534084,map,5.3098154068,-2.9563415051,-0.7747669816,0.0732238169,-0.0147587425,0.9967330527,0.0307190185,0.04341167629 0 0 0 0 0 0 0.04341167629 0 0 0 0 0 0 0.09508261403 0 0 0 0 0 0 0.0007638649604 0 0 0 0 0 0 0.0007638649604 0 0 0 0 0 0 0.001322395282
554,1785495484.547190905,map,5.2812032700,-2.9378125668,-0.7800496221,0.0745915610,-0.0149910626,0.9961530930,0.0434783483,0.04326814056 0 0 0 0 0 0 0.04326814056 0 0 0 0 0 0 0.09487013116 0 0 0 0 0 0 0.0007605427367 0 0 0 0 0 0 0.0007605427367 0 0 0 0 0 0 0.001318022934
555,1785495484.647402048,map,5.2616367340,-2.9654467106,-0.7813934088,0.0736395264,-0.0149307402,0.9954423158,0.0587273356,0.04330899027 0 0 0 0 0 0 0.04330899027 0 0 0 0 0 0 0.09493061459 0 0 0 0 0 0 0.0007614880516 0 0 0 0 0 0 0.0007614880516 0 0 0 0 0 0 0.001319267287
556,1785495484.746738911,map,5.2736644745,-2.9636054039,-0.7808130383,0.0721695087,-0.0154495250,0.9946881868,0.0717515724,0.04342067309 0 0 0 0 0 0 0.04342067309 0 0 0 0 0 0 0.09509592862 0 0 0 0 0 0 0.0007640732546 0 0 0 0 0 0 0.0007640732546 0 0 0 0 0 0 0.00132266934
557,1785495484.847093105,map,5.2522058487,-2.9861986637,-0.7756317854,0.0716739566,-0.0170750697,0.9934230081,0.0876470232,0.04366997148 0 0 0 0 0 0 0.04366997148 0 0 0 0 0 0 0.09546469434 0 0 0 0 0 0 0.0007698477264 0 0 0 0 0 0 0.0007698477264 0 0 0 0 0 0 0.001330263403
558,1785495484.947556973,map,5.1957001686,-2.9923305511,-0.7664614320,0.0720736692,-0.0205371965,0.9919312439,0.1022546758,0.04344032105 0 0 0 0 0 0 0.04344032105 0 0 0 0 0 0 0.0951250046 0 0 0 0 0 0 0.0007645281691 0 0 0 0 0 0 0.0007645281691 0 0 0 0 0 0 0.001323267851
559,1785495485.047930002,map,5.1702618599,-3.0162651539,-0.7557172775,0.0718198861,-0.0221056442,0.9906448025,0.1139127361,0.04365595842 0 0 0 0 0 0 0.04365595842 0 0 0 0 0 0 0.09544397508 0 0 0 0 0 0 0.0007695230054 0 0 0 0 0 0 0.0007695230054 0 0 0 0 0 0 0.001329836541
560,1785495485.147319078,map,5.1597270966,-2.9704751968,-0.7485199571,0.0714427022,-0.0258811813,0.9894452007,0.1233868253,0.04487047702 0 0 0 0 0 0 0.04487047702 0 0 0 0 0 0 0.09723578218 0 0 0 0 0 0 0.0007977267513 0 0 0 0 0 0 0.0007977267513 0 0 0 0 0 0 0.001366832894
561,1785495485.247659922,map,5.1515669823,-2.9705162048,-0.7579084635,0.0666960386,-0.0273952898,0.9881055623,0.1358253556,0.04328789457 0 0 0 0 0 0 0.04328789457 0 0 0 0 0 0 0.09489938076 0 0 0 0 0 0 0.0007609998524 0 0 0 0 0 0 0.0007609998524 0 0 0 0 0 0 0.001318624675
562,1785495485.347877026,map,5.1450333595,-2.9451556206,-0.7588266730,0.0614838173,-0.0294160867,0.9873822386,0.1429362026,0.04354253564 0 0 0 0 0 0 0.04354253564 0 0 0 0 0 0 0.09527623217 0 0 0 0 0 0 0.0007668952931 0 0 0 0 0 0 0.0007668952931 0 0 0 0 0 0 0.001326381486
563,1785495485.447113991,map,5.0540633202,-2.9723212719,-0.7566741705,0.0613589332,-0.0293000692,0.9849851852,0.1586844967,0.04310677968 0 0 0 0 0 0 0.04310677968 0 0 0 0 0 0 0.0946311242 0 0 0 0 0 0 0.000756810021 0 0 0 0 0 0 0.000756810021 0 0 0 0 0 0 0.0013131076
564,1785495485.547499895,map,5.0583882332,-2.9892735481,-0.7648409009,0.0640940407,-0.0263767688,0.9834580541,0.1673513367,0.04326962449 0 0 0 0 0 0 0.04326962449 0 0 0 0 0 0 0.09487232849 0 0 0 0 0 0 0.0007605770744 0 0 0 0 0 0 0.0007605770744 0 0 0 0 0 0 0.001318068137
565,1785495485.646874905,map,5.0457835197,-3.0153729916,-0.7716975808,0.0608185101,-0.0189498498,0.9818362847,0.1787163410,0.04319093028 0 0 0 0 0 0 0.04319093028 0 0 0 0 0 0 0.09475578576 0 0 0 0 0 0 0.0007587563774 0 0 0 0 0 0 0.0007587563774 0 0 0 0 0 0 0.001315670974
566,1785495485.747169971,map,4.9853887558,-2.9341797829,-0.7625051141,0.0551807554,-0.0152148300,0.9804559456,0.1882278510,0.04350516764 0 0 0 0 0 0 0.04350516764 0 0 0 0 0 0 0.0952209525 0 0 0 0 0 0 0.0007660298092 0 0 0 0 0 0 0.0007660298092 0 0 0 0 0 0 0.001325243192
567,1785495485.847357035,map,4.9424500465,-2.9132509232,-0.7451755404,0.0559992690,-0.0107395418,0.9776113904,0.2025455985,0.04316197245 0 0 0 0 0 0 0.04316197245 0 0 0 0 0 0 0.09471289178 0 0 0 0 0 0 0.0007580865309 0 0 0 0 0 0 0.0007580865309 0 0 0 0 0 0 0.001314788868
568,1785495485.947535038,map,4.9373869896,-2.8764550686,-0.7475051880,0.0630056201,-0.0090003383,0.9753502761,0.2112844421,0.04313892097 0 0 0 0 0 0 0.04313892097 0 0 0 0 0 0 0.0946787433 0 0 0 0 0 0 0.0007575533601 0 0 0 0 0 0 0.0007575533601 0 0 0 0 0 0 0.00131408668
569,1785495486.047722101,map,4.8998951912,-2.8778996468,-0.7470740080,0.0674532910,-0.0072690096,0.9728166532,0.2214158541,0.04383208415 0 0 0 0 0 0 0.04383208415 0 0 0 0 0 0 0.09570431082 0 0 0 0 0 0 0.0007736055103 0 0 0 0 0 0 0.0007736055103 0 0 0 0 0 0 0.001335201638
570,1785495486.148092031,map,4.8964734077,-2.8979291916,-0.7445078492,0.0684929650,-0.0046053799,0.9713913303,0.2273464100,0.04348724616 0 0 0 0 0 0 0.04348724616 0 0 0 0 0 0 0.09519443794 0 0 0 0 0 0 0.0007656147694 0 0 0 0 0 0 0.0007656147694 0 0 0 0 0 0 0.001324697272
571,1785495486.247229099,map,4.8187146187,-2.8694567680,-0.7343325019,0.0710406635,-0.0000698715,0.9696374950,0.2340007167,0.04349584749 0 0 0 0 0 0 0.04349584749 0 0 0 0 0 0 0.0952071637 0 0 0 0 0 0 0.0007658139624 0 0 0 0 0 0 0.0007658139624 0 0 0 0 0 0 0.001324959283
572,1785495486.347424030,map,4.8129653931,-2.8671751022,-0.7322591543,0.0721394595,0.0009742638,0.9686812638,0.2375953579,0.04330714976 0 0 0 0 0 0 0.04330714976 0 0 0 0 0 0 0.09492788967 0 0 0 0 0 0 0.0007614454568 0 0 0 0 0 0 0.0007614454568 0 0 0 0 0 0 0.001319211222
573,1785495486.447639942,map,4.8180370331,-2.8856201172,-0.7187900543,0.0639190017,-0.0013170028,0.9653650489,0.2529485278,0.04308160304 0 0 0 0 0 0 0.04308160304 0 0 0 0 0 0 0.09459381957 0 0 0 0 0 0 0.0007562278163 0 0 0 0 0 0 0.0007562278163 0 0 0 0 0 0 0.001312340676
574,1785495486.548049927,map,4.8294062614,-2.8159792423,-0.7215727568,0.0538616679,-0.0095991013,0.9626855613,0.2650345390,0.04295214317 0 0 0 0 0 0 0.04295214317 0 0 0 0 0 0 0.09440194084 0 0 0 0 0 0 0.0007532349368 0 0 0 0 0 0 0.0007532349368 0 0 0 0 0 0 0.001308397103
575,1785495486.647336006,map,4.7674307823,-2.7935435772,-0.7320681810,0.0475312784,-0.0146336834,0.9609101997,0.2723567929,0.04346124918 0 0 0 0 0 0 0.04346124918 0 0 0 0 0 0 0.09515597267 0 0 0 0 0 0 0.000765012759 0 0 0 0 0 0 0.000765012759 0 0 0 0 0 0 0.001323905359
576,1785495486.746684074,map,4.7089328766,-2.8239440918,-0.7095796466,0.0445257601,-0.0120515593,0.9607326630,0.2736146541,0.0428807836 0 0 0 0 0 0 0.0428807836 0 0 0 0 0 0 0.09429613515 0 0 0 0 0 0 0.0007515858444 0 0 0 0 0 0 0.0007515858444 0 0 0 0 0 0 0.001306223366
577,1785495486.846990108,map,4.7044086456,-2.8485438824,-0.7035847306,0.0496752285,-0.0100603781,0.9616097681,0.2696994761,0.04292241151 0 0 0 0 0 0 0.04292241151 0 0 0 0 0 0 0.09435786083 0 0 0 0 0 0 0.0007525477965 0 0 0 0 0 0 0.0007525477965 0 0 0 0 0 0 0.001307491425
578,1785495486.947124958,map,4.6595830917,-2.8684358597,-0.6993143559,0.0607338573,-0.0098346146,0.9618126675,0.2667041107,0.04346059938 0 0 0 0 0 0 0.04346059938 0 0 0 0 0 0 0.09515501117 0 0 0 0 0 0 0.0007649977124 0 0 0 0 0 0 0.0007649977124 0 0 0 0 0 0 0.001323885564
579,1785495487.047481060,map,4.6651854515,-2.8528063297,-0.6920810938,0.0685731194,-0.0162362304,0.9614406215,0.2658308465,0.04384101666 0 0 0 0 0 0 0.04384101666 0 0 0 0 0 0 0.09571750966 0 0 0 0 0 0 0.0007738126301 0 0 0 0 0 0 0.0007738126301 0 0 0 0 0 0 0.001335473738
580,1785495487.148211956,map,4.6790142059,-2.8691973686,-0.7143427730,0.0640807750,-0.0084062145,0.9620122327,0.2652460172,0.04330953326 0 0 0 0 0 0 0.04330953326 0 0 0 0 0 0 0.09493141849 0 0 0 0 0 0 0.000761500618 0 0 0 0 0 0 0.000761500618 0 0 0 0 0 0 0.001319283827
581,1785495487.247342110,map,4.6399321556,-2.7706170082,-0.7291530967,0.0652942163,-0.0019686232,0.9621535337,0.2645625903,0.04311132626 0 0 0 0 0 0 0.04311132626 0 0 0 0 0 0 0.09463786056 0 0 0 0 0 0 0.0007569151654 0 0 0 0 0 0 0.0007569151654 0 0 0 0 0 0 0.001313246097
582,1785495487.347564936,map,4.5751333237,-2.7788922787,-0.6973238587,0.0747918723,0.0052925545,0.9621311311,0.2620722169,0.04322685862 0 0 0 0 0 0 0.04322685862 0 0 0 0 0 0 0.09480899836 0 0 0 0 0 0 0.0007595875631 0 0 0 0 0 0 0.0007595875631 0 0 0 0 0 0 0.001316765414
583,1785495487.447875023,map,4.5771312714,-2.7710638046,-0.6936244369,0.0756447394,0.0050376991,0.9622022400,0.2615708933,0.04362185735 0 0 0 0 0 0 0.04362185735 0 0 0 0 0 0 0.09539354985 0 0 0 0 0 0 0.0007687328588 0 0 0 0 0 0 0.0007687328588 0 0 0 0 0 0 0.001328797763
584,1785495487.547728062,map,4.5704994202,-2.7764267921,-0.6923852563,0.0748469872,0.0054753923,0.9625886595,0.2603671126,0.04310360131 0 0 0 0 0 0 0.04310360131 0 0 0 0 0 0 0.09462641495 0 0 0 0 0 0 0.0007567365188 0 0 0 0 0 0 0.0007567365188 0 0 0 0 0 0 0.001313010781
585,1785495487.648047924,map,4.5437884331,-2.7239720821,-0.7003446221,0.0729660681,0.0061863210,0.9634122384,0.2578265643,0.04288792032 0 0 0 0 0 0 0.04288792032 0 0 0 0 0 0 0.09430671814 0 0 0 0 0 0 0.0007517507516 0 0 0 0 0 0 0.0007517507516 0 0 0 0 0 0 0.001306440763
586,1785495487.747298956,map,4.4764623642,-2.6608633995,-0.6910805106,0.0713535666,0.0099607417,0.9647884894,0.2529676434,0.04292673919 0 0 0 0 0 0 0.04292673919 0 0 0 0 0 0 0.09436427734 0 0 0 0 0 0 0.0007526478105 0 0 0 0 0 0 0.0007526478105 0 0 0 0 0 0 0.001307623253
587,1785495487.846704006,map,4.5285983086,-2.7073771954,-0.7057718635,0.0622887969,0.0137272654,0.9664360298,0.2488635664,0.04285397513 0 0 0 0 0 0 0.04285397513 0 0 0 0 0 0 0.0942563785 0 0 0 0 0 0 0.0007509664237 0 0 0 0 0 0 0.0007509664237 0 0 0 0 0 0 0.001305406733
588,1785495487.946829081,map,4.5123906136,-2.7013797760,-0.6934115887,0.0599522097,0.0174977033,0.9679833039,0.2431211178,0.04314308746 0 0 0 0 0 0 0.04314308746 0 0 0 0 0 0 0.09468491575 0 0 0 0 0 0 0.0007576497257 0 0 0 0 0 0 0.0007576497257 0 0 0 0 0 0 0.001314213598
589,1785495488.047096014,map,4.4384589195,-2.7182989120,-0.6603251696,0.0633110406,0.0184796018,0.9686630887,0.2394619860,0.04311831964 0 0 0 0 0 0 0.04311831964 0 0 0 0 0 0 0.09464822195 0 0 0 0 0 0 0.0007570768982 0 0 0 0 0 0 0.0007570768982 0 0 0 0 0 0 0.001313459128
590,1785495488.147275925,map,4.3822870255,-2.6899578571,-0.6382624507,0.0725107286,0.0145356661,0.9688575593,0.2363174457,0.04274602937 0 0 0 0 0 0 0.04274602937 0 0 0 0 0 0 0.09409625518 0 0 0 0 0 0 0.0007484729174 0 0 0 0 0 0 0.0007484729174 0 0 0 0 0 0 0.001302118517
591,1785495488.247522116,map,4.3152055740,-2.6678137779,-0.6395294070,0.0846286661,0.0101360221,0.9686383291,0.2333988392,0.04281998249 0 0 0 0 0 0 0.04281998249 0 0 0 0 0 0 0.094205962 0 0 0 0 0 0 0.0007501810986 0 0 0 0 0 0 0.0007501810986 0 0 0 0 0 0 0.001304371258
592,1785495488.346822977,map,4.3373727798,-2.6830389500,-0.6426072121,0.0909390813,0.0066750917,0.9696427662,0.2268886340,0.04338750712 0 0 0 0 0 0 0.04338750712 0 0 0 0 0 0 0.09504684322 0 0 0 0 0 0 0.0007633054281 0 0 0 0 0 0 0.0007633054281 0 0 0 0 0 0 0.001321659047
593,1785495488.447052956,map,4.3023118973,-2.6932532787,-0.6377404928,0.0940890470,0.0059272825,0.9697273155,0.2252577601,0.04355817997 0 0 0 0 0 0 0.04355817997 0 0 0 0 0 0 0.09529937304 0 0 0 0 0 0 0.0007672576678 0 0 0 0 0 0 0.0007672576678 0 0 0 0 0 0 0.001326858039
594,1785495488.547355890,map,4.2913222313,-2.6901831627,-0.6612976193,0.0963021269,0.0124422700,0.9718797334,0.2145248189,0.04320517956 0 0 0 0 0 0 0.04320517956 0 0 0 0 0 0 0.09477689088 0 0 0 0 0 0 0.0007590860148 0 0 0 0 0 0 0.0007590860148 0 0 0 0 0 0 0.001316105032
595,1785495488.647566080,map,4.3432312012,-2.6802213192,-0.6469557285,0.0973658995,0.0151770293,0.9725563580,0.2107692155,0.04320416788 0 0 0 0 0 0 0.04320416788 0 0 0 0 0 0 0.09477539248 0 0 0 0 0 0 0.0007590626105 0 0 0 0 0 0 0.0007590626105 0 0 0 0 0 0 0.001316074214
596,1785495488.747879982,map,4.3408460617,-2.6637873650,-0.6327424049,0.1046823063,0.0126580842,0.9725557835,0.2074045367,0.04313501276 0 0 0 0 0 0 0.04313501276 0 0 0 0 0 0 0.09467295337 0 0 0 0 0 0 0.0007574629692 0 0 0 0 0 0 0.0007574629692 0 0 0 0 0 0 0.001313967629
597,1785495488.847287893,map,4.2512545586,-2.6540434361,-0.6259552836,0.1130198016,0.0095812336,0.9722888283,0.2044239815,0.04296941283 0 0 0 0 0 0 0.04296941283 0 0 0 0 0 0 0.09442754247 0 0 0 0 0 0 0.0007536340976 0 0 0 0 0 0 0.0007536340976 0 0 0 0 0 0 0.001308923167
598,1785495488.947622061,map,4.2260732651,-2.6670250893,-0.6298164129,0.1123927946,0.0097787485,0.9735744616,0.1985572811,0.04415039084 0 0 0 0 0 0 0.04415039084 0 0 0 0 0 0 0.09617437963 0 0 0 0 0 0 0.0007809902174 0 0 0 0 0 0 0.0007809902174 0 0 0 0 0 0 0.001344897814
599,1785495489.047029018,map,4.2739877701,-2.6026244164,-0.6519674063,0.1047238814,0.0131719885,0.9746949382,0.1970512225,0.04340897139 0 0 0 0 0 0 0.04340897139 0 0 0 0 0 0 0.09507861088 0 0 0 0 0 0 0.0007638023376 0 0 0 0 0 0 0.0007638023376 0 0 0 0 0 0 0.001322312886
600,1785495489.147283077,map,4.2580032349,-2.6294655800,-0.6239646673,0.1012930123,0.0142525682,0.9757454391,0.1935392021,0.04318102467 0 0 0 0 0 0 0.04318102467 0 0 0 0 0 0 0.09474111353 0 0 0 0 0 0 0.0007585272349 0 0 0 0 0 0 0.0007585272349 0 0 0 0 0 0 0.001315369232
601,1785495489.247383118,map,4.1727037430,-2.5584049225,-0.6155447364,0.1042292139,0.0067823791,0.9759059301,0.1915669366,0.04286518647 0 0 0 0 0 0 0.04286518647 0 0 0 0 0 0 0.09427300528 0 0 0 0 0 0 0.0007512254587 0 0 0 0 0 0 0.0007512254587 0 0 0 0 0 0 0.00130574825
602,1785495489.347821951,map,4.1388416290,-2.5796520710,-0.6044926643,0.1033080339,0.0055343632,0.9773557036,0.1845877718,0.04309455186 0 0 0 0 0 0 0.04309455186 0 0 0 0 0 0 0.09461300649 0 0 0 0 0 0 0.0007565272484 0 0 0 0 0 0 0.0007565272484 0 0 0 0 0 0 0.001312735119
603,1785495489.447304010,map,4.1300964355,-2.6159849167,-0.6070804596,0.1006116262,0.0072406466,0.9780408122,0.1823761498,0.04338847196 0 0 0 0 0 0 0.04338847196 0 0 0 0 0 0 0.09504827127 0 0 0 0 0 0 0.000763327764 0 0 0 0 0 0 0.000763327764 0 0 0 0 0 0 0.001321688438
604,1785495489.547470093,map,4.0177097321,-2.5486927032,-0.6231454611,0.0928941277,0.0049889338,0.9798613259,0.1766849503,0.04299118428 0 0 0 0 0 0 0.04299118428 0 0 0 0 0 0 0.09445981546 0 0 0 0 0 0 0.0007541373464 0 0 0 0 0 0 0.0007541373464 0 0 0 0 0 0 0.001309586363
605,1785495489.647710085,map,4.0107893944,-2.4721639156,-0.6109070778,0.0903910187,0.0065147930,0.9806739471,0.1733944694,0.04301659491 0 0 0 0 0 0 0.04301659491 0 0 0 0 0 0 0.09449747962 0 0 0 0 0 0 0.0007547247663 0 0 0 0 0 0 0.0007547247663 0 0 0 0 0 0 0.001310360415
606,1785495489.747905016,map,4.0449523926,-2.4148991108,-0.6243337393,0.0730829312,-0.0013886874,0.9821139739,0.1735197552,0.0430186274 0 0 0 0 0 0 0.0430186274 0 0 0 0 0 0 0.09450049207 0 0 0 0 0 0 0.000754771754 0 0 0 0 0 0 0.000754771754 0 0 0 0 0 0 0.001310422328
607,1785495489.847304106,map,4.0445551872,-2.3724138737,-0.6461208463,0.0574527227,-0.0008566518,0.9834088928,0.1720622236,0.04295641261 0 0 0 0 0 0 0.04295641261 0 0 0 0 0 0 0.09440827028 0 0 0 0 0 0 0.0007533336158 0 0 0 0 0 0 0.0007533336158 0 0 0 0 0 0 0.001308527157
608,1785495489.947588921,map,4.0066723824,-2.3701114655,-0.6079981923,0.0448857388,0.0011472601,0.9838401537,0.1733277524,0.04284948401 0 0 0 0 0 0 0.04284948401 0 0 0 0 0 0 0.09424971784 0 0 0 0 0 0 0.0007508626606 0 0 0 0 0 0 0.0007508626606 0 0 0 0 0 0 0.001305269926
609,1785495490.046890020,map,3.9910831451,-2.3852033615,-0.6363928914,0.0327933421,0.0018265178,0.9838908988,0.1757269424,0.04275150257 0 0 0 0 0 0 0.04275150257 0 0 0 0 0 0 0.09410437554 0 0 0 0 0 0 0.0007485993223 0 0 0 0 0 0 0.0007485993223 0 0 0 0 0 0 0.001302285241
610,1785495490.147238016,map,3.9656398296,-2.4884812832,-0.6184641123,0.0007728735,0.0174809763,0.9843138797,0.1755562295,0.04273926464 0 0 0 0 0 0 0.04273926464 0 0 0 0 0 0 0.0940862184 0 0 0 0 0 0 0.0007483166882 0 0 0 0 0 0 0.0007483166882 0 0 0 0 0 0 0.001301912452
611,1785495490.247435093,map,3.8537273407,-2.4464576244,-0.5981453657,-0.0326772514,0.0148334962,0.9822033588,0.1843603150,0.04285685193 0 0 0 0 0 0 0.04285685193 0 0 0 0 0 0 0.09426064496 0 0 0 0 0 0 0.0007510328904 0 0 0 0 0 0 0.0007510328904 0 0 0 0 0 0 0.001305494366
612,1785495490.347762108,map,3.8847310543,-2.4724481106,-0.5889886022,-0.0610993902,0.0164105945,0.9794503885,0.1915058610,0.04267142982 0 0 0 0 0 0 0.04267142982 0 0 0 0 0 0 0.09398555807 0 0 0 0 0 0 0.0007467502826 0 0 0 0 0 0 0.0007467502826 0 0 0 0 0 0 0.001299846085
613,1785495490.446966887,map,3.8283720016,-2.4841210842,-0.5954877138,-0.0652495059,0.0223260890,0.9769433690,0.2020537654,0.04252848636 0 0 0 0 0 0 0.04252848636 0 0 0 0 0 0 0.09377335822 0 0 0 0 0 0 0.0007434508111 0 0 0 0 0 0 0.0007434508111 0 0 0 0 0 0 0.001295491778
614,1785495490.547204971,map,3.8144648075,-2.4473350048,-0.5937346220,-0.0595119172,0.0223667573,0.9763177107,0.2067892004,0.04252710254 0 0 0 0 0 0 0.04252710254 0 0 0 0 0 0 0.09377130336 0 0 0 0 0 0 0.0007434188778 0 0 0 0 0 0 0.0007434188778 0 0 0 0 0 0 0.001295449625
615,1785495490.647274017,map,3.7341845036,-2.4794142246,-0.5712995529,-0.0448208665,0.0271071083,0.9758685126,0.2119833701,0.04256000013 0 0 0 0 0 0 0.04256000013 0 0 0 0 0 0 0.09382015046 0 0 0 0 0 0 0.0007441780708 0 0 0 0 0 0 0.0007441780708 0 0 0 0 0 0 0.001296451743
616,1785495490.747715950,map,3.6578524113,-2.4153897762,-0.5927082300,-0.0299539867,0.0281487050,0.9743642633,0.2211892410,0.04251082037 0 0 0 0 0 0 0.04251082037 0 0 0 0 0 0 0.09374712494 0 0 0 0 0 0 0.0007430431613 0 0 0 0 0 0 0.0007430431613 0 0 0 0 0 0 0.001294953641
617,1785495490.847997904,map,3.7010574341,-2.4339377880,-0.5686991811,-0.0392559464,0.0221036292,0.9718226725,0.2313678975,0.04249248602 0 0 0 0 0 0 0.04249248602 0 0 0 0 0 0 0.0937198973 0 0 0 0 0 0 0.0007426201177 0 0 0 0 0 0 0.0007426201177 0 0 0 0 0 0 0.001294395145
618,1785495490.947341919,map,3.6650521755,-2.3699812889,-0.5729206800,-0.0363677688,0.0195326751,0.9703839581,0.2380143519,0.04256519535 0 0 0 0 0 0 0.04256519535 0 0 0 0 0 0 0.09382786387 0 0 0 0 0 0 0.0007442979719 0 0 0 0 0 0 0.0007442979719 0 0 0 0 0 0 0.001296609998
619,1785495491.047466993,map,3.6345555782,-2.3526065350,-0.5741541982,-0.0242459778,0.0176484103,0.9703041116,0.2400221052,0.04246198927 0 0 0 0 0 0 0.04246198927 0 0 0 0 0 0 0.0936746035 0 0 0 0 0 0 0.0007419165058 0 0 0 0 0 0 0.0007419165058 0 0 0 0 0 0 0.001293466161
620,1785495491.146819115,map,3.6001403332,-2.3215272427,-0.5591306686,-0.0135670222,0.0089175977,0.9706629969,0.2398952741,0.04272608451 0 0 0 0 0 0 0.04272608451 0 0 0 0 0 0 0.0940666624 0 0 0 0 0 0 0.0007480123085 0 0 0 0 0 0 0.0007480123085 0 0 0 0 0 0 0.001301510962
621,1785495491.246978998,map,3.6171565056,-2.2784321308,-0.5758897066,0.0009901823,0.0016079490,0.9708645876,0.2396213150,0.04246423041 0 0 0 0 0 0 0.04246423041 0 0 0 0 0 0 0.09367793221 0 0 0 0 0 0 0.0007419682098 0 0 0 0 0 0 0.0007419682098 0 0 0 0 0 0 0.00129353443
622,1785495491.347096920,map,3.5174663067,-2.3041117191,-0.5465348363,0.0173817905,0.0015060405,0.9709112531,0.2388031356,0.04253817964 0 0 0 0 0 0 0.04253817964 0 0 0 0 0 0 0.09378775158 0 0 0 0 0 0 0.0007436744987 0 0 0 0 0 0 0.0007436744987 0 0 0 0 0 0 0.001295787052
623,1785495491.448132038,map,3.4834055901,-2.1494719982,-0.6433746815,0.0286578820,-0.0018557651,0.9704155678,0.2397267387,0.04282667802 0 0 0 0 0 0 0.04282667802 0 0 0 0 0 0 0.09421589305 0 0 0 0 0 0 0.0007503357761 0 0 0 0 0 0 0.0007503357761 0 0 0 0 0 0 0.001304575216
624,1785495491.547389030,map,3.4859926701,-2.2873401642,-0.6216464639,0.0233538640,0.0178411193,0.9701868369,0.2405697098,0.04342066947 0 0 0 0 0 0 0.04342066947 0 0 0 0 0 0 0.09509592326 0 0 0 0 0 0 0.0007640731708 0 0 0 0 0 0 0.0007640731708 0 0 0 0 0 0 0.00132266923
625,1785495491.647634029,map,3.4546093941,-2.2617151737,-0.6012173295,0.0249627302,0.0218206062,0.9695051542,0.2428177802,0.04280903863 0 0 0 0 0 0 0.04280903863 0 0 0 0 0 0 0.09418972912 0 0 0 0 0 0 0.0007499282859 0 0 0 0 0 0 0.0007499282859 0 0 0 0 0 0 0.001304037889
626,1785495491.747832060,map,3.3629503250,-2.2111973763,-0.5619428158,0.0381483148,0.0169898788,0.9687634744,0.2444450388,0.04250043076 0 0 0 0 0 0 0.04250043076 0 0 0 0 0 0 0.09373169596 0 0 0 0 0 0 0.0007428034296 0 0 0 0 0 0 0.0007428034296 0 0 0 0 0 0 0.001294637156
627,1785495491.847922087,map,3.3594474792,-2.1951148510,-0.5613697171,0.0442583002,0.0153710512,0.9680272221,0.2464310060,0.04439541441 0 0 0 0 0 0 0.04439541441 0 0 0 0 0 0 0.09653585315 0 0 0 0 0 0 0.0007866804281 0 0 0 0 0 0 0.0007866804281 0 0 0 0 0 0 0.001352361659
628,1785495491.947331905,map,3.3844370842,-2.1933903694,-0.5633714795,0.0476370779,0.0141765866,0.9674865421,0.2479909537,0.04265545776 0 0 0 0 0 0 0.04265545776 0 0 0 0 0 0 0.09396185327 0 0 0 0 0 0 0.0007463815221 0 0 0 0 0 0 0.0007463815221 0 0 0 0 0 0 0.001299359548
629,1785495492.047414064,map,3.3311483860,-2.1672074795,-0.5699751377,0.0459300262,0.0161001514,0.9673668231,0.2486616816,0.04229165424 0 0 0 0 0 0 0.04229165424 0 0 0 0 0 0 0.0934215238 0 0 0 0 0 0 0.0007379880773 0 0 0 0 0 0 0.0007379880773 0 0 0 0 0 0 0.001288277459
630,1785495492.147798061,map,3.2869532108,-2.1516981125,-0.6082349420,0.0442705270,0.0270729095,0.9674419139,0.2477161971,0.04263853266 0 0 0 0 0 0 0.04263853266 0 0 0 0 0 0 0.09393673246 0 0 0 0 0 0 0.0007459907821 0 0 0 0 0 0 0.0007459907821 0 0 0 0 0 0 0.00129884398
631,1785495492.247023106,map,3.3213398457,-2.2442669868,-0.6026424170,0.0448491717,0.0415209068,0.9678578884,0.2439583570,0.04292023765 0 0 0 0 0 0 0.04292023765 0 0 0 0 0 0 0.09435463768 0 0 0 0 0 0 0.0007524975585 0 0 0 0 0 0 0.0007524975585 0 0 0 0 0 0 0.001307425205
632,1785495492.347284079,map,3.3312036991,-2.2172603607,-0.5864922404,0.0472564915,0.0411963444,0.9682828715,0.2418634822,0.04273738673 0 0 0 0 0 0 0.04273738673 0 0 0 0 0 0 0.09408343211 0 0 0 0 0 0 0.0007482733191 0 0 0 0 0 0 0.0007482733191 0 0 0 0 0 0 0.001301855247
633,1785495492.447618961,map,3.2927854061,-2.1725492477,-0.5256666541,0.0581969724,0.0291220529,0.9688997076,0.2387432962,0.04255058667 0 0 0 0 0 0 0.04255058667 0 0 0 0 0 0 0.09380617376 0 0 0 0 0 0 0.0007439608224 0 0 0 0 0 0 0.0007439608224 0 0 0 0 0 0 0.001296164992
634,1785495492.547903061,map,3.1802692413,-2.0975785255,-0.5330887437,0.0807653092,0.0138788525,0.9678734844,0.2377083528,0.04292791842 0 0 0 0 0 0 0.04292791842 0 0 0 0 0 0 0.09436602572 0 0 0 0 0 0 0.0007526750632 0 0 0 0 0 0 0.0007526750632 0 0 0 0 0 0 0.001307659175
635,1785495492.647207022,map,3.2106776237,-2.1318187714,-0.5470580459,0.0838996798,0.0104782535,0.9686536356,0.2335833667,0.04301186931 0 0 0 0 0 0 0.04301186931 0 0 0 0 0 0 0.09449047551 0 0 0 0 0 0 0.00075461552 0 0 0 0 0 0 0.00075461552 0 0 0 0 0 0 0.001310216465
636,1785495492.747508049,map,3.1475188732,-2.1692435741,-0.5605657697,0.0886112460,0.0227814725,0.9691078002,0.2290395906,0.04283188968 0 0 0 0 0 0 0.04283188968 0 0 0 0 0 0 0.094223623 0 0 0 0 0 0 0.0007504561767 0 0 0 0 0 0 0.0007504561767 0 0 0 0 0 0 0.001304733972
637,1785495492.847982883,map,3.1609301567,-2.2004861832,-0.6172984838,0.0957642074,0.0462271349,0.9696190689,0.2202978094,0.0428260261 0 0 0 0 0 0 0.0428260261 0 0 0 0 0 0 0.09421492611 0 0 0 0 0 0 0.0007503207155 0 0 0 0 0 0 0.0007503207155 0 0 0 0 0 0 0.001304555357
638,1785495492.948288918,map,3.1878020763,-2.1085219383,-0.5725981593,0.0940311681,0.0559486290,0.9695868877,0.2189272985,0.04285121467 0 0 0 0 0 0 0.04285121467 0 0 0 0 0 0 0.09425228454 0 0 0 0 0 0 0.0007509026455 0 0 0 0 0 0 0.0007509026455 0 0 0 0 0 0 0.001305322645
639,1785495493.047671080,map,3.1834344864,-2.1109664440,-0.5527867675,0.0974829329,0.0538837456,0.9698194630,0.2168959461,0.04247882601 0 0 0 0 0 0 0.04247882601 0 0 0 0 0 0 0.09369961009 0 0 0 0 0 0 0.000742304948 0 0 0 0 0 0 0.000742304948 0 0 0 0 0 0 0.001293979037
640,1785495493.147131920,map,3.1648688316,-2.1077964306,-0.5705478787,0.0996926082,0.0511026809,0.9700559458,0.2155025581,0.04288486139 0 0 0 0 0 0 0.04288486139 0 0 0 0 0 0 0.09430218211 0 0 0 0 0 0 0.0007516800687 0 0 0 0 0 0 0.0007516800687 0 0 0 0 0 0 0.001306347582
641,1785495493.247332096,map,3.1285369396,-2.1152782440,-0.5746346116,0.1015082662,0.0526225628,0.9703166353,0.2131022479,0.04271718386 0 0 0 0 0 0 0.04271718386 0 0 0 0 0 0 0.09405345551 0 0 0 0 0 0 0.0007478067669 0 0 0 0 0 0 0.0007478067669 0 0 0 0 0 0 0.001301239833
642,1785495493.347856998,map,3.1313748360,-2.1103119850,-0.5665999651,0.1010025133,0.0524820784,0.9704699630,0.2126785805,0.04296573826 0 0 0 0 0 0 0.04296573826 0 0 0 0 0 0 0.09442209519 0 0 0 0 0 0 0.0007535491635 0 0 0 0 0 0 0.0007535491635 0 0 0 0 0 0 0.001308811233
643,1785495493.448084116,map,3.1056678295,-2.0890800953,-0.5598636866,0.1029152813,0.0485504717,0.9709948863,0.2102860103,0.04313618288 0 0 0 0 0 0 0.04313618288 0 0 0 0 0 0 0.09467468689 0 0 0 0 0 0 0.0007574900321 0 0 0 0 0 0 0.0007574900321 0 0 0 0 0 0 0.001314003273
644,1785495493.547514915,map,3.0330007076,-2.0626771450,-0.5348302722,0.1083436173,0.0440285506,0.9709755345,0.2086376501,0.04306316913 0 0 0 0 0 0 0.04306316913 0 0 0 0 0 0 0.09456650351 0 0 0 0 0 0 0.00075580157 0 0 0 0 0 0 0.00075580157 0 0 0 0 0 0 0.001311779147
645,1785495493.646914959,map,3.0196568966,-2.0351610184,-0.5103237629,0.1142038609,0.0367166372,0.9709001875,0.2072732244,0.04281022572 0 0 0 0 0 0 0.04281022572 0 0 0 0 0 0 0.09419148995 0 0 0 0 0 0 0.0007499557081 0 0 0 0 0 0 0.0007499557081 0 0 0 0 0 0 0.00130407405
646,1785495493.747070074,map,2.9901225567,-1.9854688644,-0.4830799699,0.1190668526,0.0308207888,0.9707707357,0.2061002853,0.04301831865 0 0 0 0 0 0 0.04301831865 0 0 0 0 0 0 0.09450003446 0 0 0 0 0 0 0.0007547646163 0 0 0 0 0 0 0.0007547646163 0 0 0 0 0 0 0.001310412923
647,1785495493.847369909,map,3.0206608772,-1.9774641991,-0.5082514286,0.1169856093,0.0273133038,0.9708946315,0.2072002957,0.04305739431 0 0 0 0 0 0 0.04305739431 0 0 0 0 0 0 0.09455794578 0 0 0 0 0 0 0.0007556680452 0 0 0 0 0 0 0.0007556680452 0 0 0 0 0 0 0.001311603236
648,1785495493.947504044,map,3.0187306404,-1.9813889265,-0.5087342858,0.1154964884,0.0268857902,0.9707999152,0.2085311397,0.04308703305 0 0 0 0 0 0 0.04308703305 0 0 0 0 0 0 0.09460186561 0 0 0 0 0 0 0.0007563533796 0 0 0 0 0 0 0.0007563533796 0 0 0 0 0 0 0.001312506083
649,1785495494.047745943,map,2.9876461029,-1.9721305370,-0.5162573457,0.1181754685,0.0303215762,0.9702200580,0.2092563113,0.04300212132 0 0 0 0 0 0 0.04300212132 0 0 0 0 0 0 0.09447602701 0 0 0 0 0 0 0.0007543901722 0 0 0 0 0 0 0.0007543901722 0 0 0 0 0 0 0.001309919524
650,1785495494.147949934,map,3.0161139965,-2.0002577305,-0.5110061169,0.1156781792,0.0296908538,0.9705401232,0.2092579056,0.04284470511 0 0 0 0 0 0 0.04284470511 0 0 0 0 0 0 0.09424263023 0 0 0 0 0 0 0.0007507522504 0 0 0 0 0 0 0.0007507522504 0 0 0 0 0 0 0.001305124352
651,1785495494.247189999,map,3.0268964767,-1.9968968630,-0.5108401775,0.1151610263,0.0299837342,0.9706558815,0.2089643039,0.04324432166 0 0 0 0 0 0 0.04324432166 0 0 0 0 0 0 0.09483485985 0 0 0 0 0 0 0.000759991602 0 0 0 0 0 0 0.000759991602 0 0 0 0 0 0 0.001317297369
652,1785495494.347323895,map,3.0245673656,-1.9961826801,-0.5156119466,0.1149757353,0.0300211213,0.9706711793,0.2089899096,0.04318298197 0 0 0 0 0 0 0.04318298197 0 0 0 0 0 0 0.09474401273 0 0 0 0 0 0 0.0007585725116 0 0 0 0 0 0 0.0007585725116 0 0 0 0 0 0 0.001315428854
653,1785495494.447599888,map,3.0286560059,-1.9955101013,-0.5112975240,0.1147714289,0.0298729065,0.9707111228,0.2089378519,0.04336592179 0 0 0 0 0 0 0.04336592179 0 0 0 0 0 0 0.09501489383 0 0 0 0 0 0 0.0007628057554 0 0 0 0 0 0 0.0007628057554 0 0 0 0 0 0 0.00132100152
654,1785495494.547837973,map,3.0286824703,-1.9931175709,-0.5117660165,0.1147317057,0.0298358517,0.9706845886,0.2090882023,0.04285242932 0 0 0 0 0 0 0.04285242932 0 0 0 0 0 0 0.09425408596 0 0 0 0 0 0 0.0007509307089 0 0 0 0 0 0 0.0007509307089 0 0 0 0 0 0 0.001305359645
655,1785495494.648015022,map,3.0344998837,-1.9922665358,-0.5150677562,0.1143753851,0.0292360784,0.9707123739,0.2092391251,0.04308219972 0 0 0 0 0 0 0.04308219972 0 0 0 0 0 0 0.09459470373 0 0 0 0 0 0 0.0007562416138 0 0 0 0 0 0 0.0007562416138 0 0 0 0 0 0 0.001312358852
656,1785495494.747235060,map,3.0325272083,-2.0007355213,-0.5130035281,0.1147395737,0.0292143757,0.9707822787,0.2087177808,0.04279959863 0 0 0 0 0 0 0.04279959863 0 0 0 0 0 0 0.09417572634 0 0 0 0 0 0 0.0007497102217 0 0 0 0 0 0 0.0007497102217 0 0 0 0 0 0 0.00130375033
657,1785495494.847584963,map,3.0374476910,-1.9962480068,-0.5158324838,0.1145311195,0.0300529247,0.9707019890,0.2090862887,0.04295706717 0 0 0 0 0 0 0.04295706717 0 0 0 0 0 0 0.09440924066 0 0 0 0 0 0 0.0007533487447 0 0 0 0 0 0 0.0007533487447 0 0 0 0 0 0 0.001308547096
658,1785495494.947633028,map,3.0235171318,-2.0062689781,-0.5114617944,0.1147851495,0.0304033957,0.9706381578,0.2091926030,0.04326912259 0 0 0 0 0 0 0.04326912259 0 0 0 0 0 0 0.09487158531 0 0 0 0 0 0 0.0007605654606 0 0 0 0 0 0 0.0007605654606 0 0 0 0 0 0 0.001318052848
659,1785495495.047800064,map,3.0290682316,-2.0064487457,-0.5070202947,0.1148614526,0.0301252855,0.9706908596,0.2089463430,0.04303814022 0 0 0 0 0 0 0.04303814022 0 0 0 0 0 0 0.09452941169 0 0 0 0 0 0 0.0007552228745 0 0 0 0 0 0 0.0007552228745 0 0 0 0 0 0 0.001311016723
660,1785495495.148109913,map,3.0292301178,-2.0076527596,-0.5098506212,0.1147592914,0.0300837970,0.9707350697,0.2088030329,0.04299372983 0 0 0 0 0 0 0.04299372983 0 0 0 0 0 0 0.09446358868 0 0 0 0 0 0 0.0007541961896 0 0 0 0 0 0 0.0007541961896 0 0 0 0 0 0 0.001309663905
661,1785495495.247174978,map,3.0332083702,-2.0098798275,-0.5065259933,0.1147790811,0.0298418934,0.9707399127,0.2088043475,0.04334535415 0 0 0 0 0 0 0.04334535415 0 0 0 0 0 0 0.09498444836 0 0 0 0 0 0 0.0007623296772 0 0 0 0 0 0 0.0007623296772 0 0 0 0 0 0 0.001320374994
662,1785495495.347323895,map,3.0285813808,-2.0122060776,-0.5096913576,0.1146222124,0.0304073330,0.9707457305,0.2087818821,0.04314073961 0 0 0 0 0 0 0.04314073961 0 0 0 0 0 0 0.09468143754 0 0 0 0 0 0 0.0007575954227 0 0 0 0 0 0 0.0007575954227 0 0 0 0 0 0 0.001314142079
663,1785495495.447570086,map,3.0290150642,-2.0034554005,-0.5092218518,0.1145797907,0.0298529821,0.9707626156,0.2088066174,0.04326319707 0 0 0 0 0 0 0.04326319707 0 0 0 0 0 0 0.09486281105 0 0 0 0 0 0 0.0007604283477 0 0 0 0 0 0 0.0007604283477 0 0 0 0 0 0 0.001317872346
664,1785495495.547739029,map,3.0249829292,-2.0230255127,-0.5090665221,0.1157632271,0.0311100124,0.9707195503,0.2081695962,0.04303567894 0 0 0 0 0 0 0.04303567894 0 0 0 0 0 0 0.094525764 0 0 0 0 0 0 0.00075516597 0 0 0 0 0 0 0.00075516597 0 0 0 0 0 0 0.001310941748
665,1785495495.647967100,map,3.0472235680,-1.9974859953,-0.5138505101,0.1149191330,0.0294597750,0.9707102555,0.2089193644,0.04293273642 0 0 0 0 0 0 0.04293273642 0 0 0 0 0 0 0.09437316906 0 0 0 0 0 0 0.0007527864111 0 0 0 0 0 0 0.0007527864111 0 0 0 0 0 0 0.001307805939
666,1785495495.748181105,map,3.0461740494,-1.9978837967,-0.5159780979,0.1145477498,0.0297078197,0.9707337189,0.2089792162,0.04319373894 0 0 0 0 0 0 0.04319373894 0 0 0 0 0 0 0.09475994585 0 0 0 0 0 0 0.0007588213504 0 0 0 0 0 0 0.0007588213504 0 0 0 0 0 0 0.001315756531
667,1785495495.847368956,map,3.0523490906,-1.9970736504,-0.5130519867,0.1143698815,0.0296521365,0.9707951109,0.2087992443,0.04337406112 0 0 0 0 0 0 0.04337406112 0 0 0 0 0 0 0.0950269415 0 0 0 0 0 0 0.0007629941657 0 0 0 0 0 0 0.0007629941657 0 0 0 0 0 0 0.001321249458
668,1785495495.947674036,map,3.0334250927,-2.0047910213,-0.5153070688,0.1148007349,0.0301913168,0.9706858321,0.2089935247,0.04328387105 0 0 0 0 0 0 0.04328387105 0 0 0 0 0 0 0.09489342335 0 0 0 0 0 0 0.0007609067439 0 0 0 0 0 0 0.0007609067439 0 0 0 0 0 0 0.001318502112
669,1785495496.047862053,map,3.0382816792,-1.9971734285,-0.5122051835,0.1148664228,0.0297744474,0.9706766520,0.2090598616,0.04304587308 0 0 0 0 0 0 0.04304587308 0 0 0 0 0 0 0.09454087185 0 0 0 0 0 0 0.0007554016609 0 0 0 0 0 0 0.0007554016609 0 0 0 0 0 0 0.001311252279
670,1785495496.148083925,map,3.0367510319,-2.0044238567,-0.5095259547,0.1148831644,0.0300162592,0.9706960022,0.2089261854,0.04316112185 0 0 0 0 0 0 0.04316112185 0 0 0 0 0 0 0.09471163177 0 0 0 0 0 0 0.0007580668563 0 0 0 0 0 0 0.0007580668563 0 0 0 0 0 0 0.001314762957
671,1785495496.247364998,map,3.0405588150,-1.9948269129,-0.5124030113,0.1147752395,0.0293596177,0.9706794460,0.2091556121,0.04290051448 0 0 0 0 0 0 0.04290051448 0 0 0 0 0 0 0.09432539323 0 0 0 0 0 0 0.0007520417738 0 0 0 0 0 0 0.0007520417738 0 0 0 0 0 0 0.001306824403
672,1785495496.347563982,map,3.0382523537,-2.0027744770,-0.5129888058,0.1143861678,0.0299425103,0.9707503586,0.2089568839,0.04315837148 0 0 0 0 0 0 0.04315837148 0 0 0 0 0 0 0.09470755751 0 0 0 0 0 0 0.0007580032392 0 0 0 0 0 0 0.0007580032392 0 0 0 0 0 0 0.001314679176
673,1785495496.446835041,map,3.0375294685,-1.9993257523,-0.5068894625,0.1145867160,0.0298213167,0.9707089199,0.2090568496,0.04304734891 0 0 0 0 0 0 0.04304734891 0 0 0 0 0 0 0.094543059 0 0 0 0 0 0 0.0007554357831 0 0 0 0 0 0 0.0007554357831 0 0 0 0 0 0 0.001311297235
674,1785495496.547034979,map,3.0337266922,-2.0048277378,-0.5052148104,0.1146832615,0.0300775530,0.9706753932,0.2091228583,0.04309385832 0 0 0 0 0 0 0.04309385832 0 0 0 0 0 0 0.09461197886 0 0 0 0 0 0 0.0007565112104 0 0 0 0 0 0 0.0007565112104 0 0 0 0 0 0 0.001312713993
675,1785495496.647120953,map,3.0377092361,-1.9987657070,-0.5121808052,0.1141616999,0.0297502852,0.9707353383,0.2091767724,0.0432610076 0 0 0 0 0 0 0.0432610076 0 0 0 0 0 0 0.09485956892 0 0 0 0 0 0 0.0007603776854 0 0 0 0 0 0 0.0007603776854 0 0 0 0 0 0 0.001317805651
676,1785495496.747404099,map,3.0371336937,-1.9905511141,-0.5152314305,0.1142370782,0.0300001312,0.9706321245,0.2095785481,0.04291451718 0 0 0 0 0 0 0.04291451718 0 0 0 0 0 0 0.09434615589 0 0 0 0 0 0 0.0007523653601 0 0 0 0 0 0 0.0007523653601 0 0 0 0 0 0 0.001307250949
677,1785495496.846657991,map,3.0343105793,-1.9876168966,-0.5131139755,0.1142568515,0.0298215982,0.9706310499,0.2095981698,0.0433245145 0 0 0 0 0 0 0.0433245145 0 0 0 0 0 0 0.09495359785 0 0 0 0 0 0 0.0007618473392 0 0 0 0 0 0 0.0007618473392 0 0 0 0 0 0 0.001319740182
678,1785495496.947016001,map,3.0286452770,-1.9885981083,-0.5111288428,0.1145540360,0.0300052372,0.9706127424,0.2094945494,0.04328198217 0 0 0 0 0 0 0.04328198217 0 0 0 0 0 0 0.09489062655 0 0 0 0 0 0 0.0007608630336 0 0 0 0 0 0 0.0007608630336 0 0 0 0 0 0 0.001318444573
679,1785495497.047147989,map,3.0403673649,-1.9816496372,-0.5121741295,0.1142064856,0.0294217416,0.9706794536,0.2094579614,0.04288552856 0 0 0 0 0 0 0.04288552856 0 0 0 0 0 0 0.09430317145 0 0 0 0 0 0 0.000751695485 0 0 0 0 0 0 0.000751695485 0 0 0 0 0 0 0.001306367906
680,1785495497.147351980,map,3.0254101753,-1.9857633114,-0.5127672553,0.1143858546,0.0301633118,0.9706549220,0.2093682744,0.04343333741 0 0 0 0 0 0 0.04343333741 0 0 0 0 0 0 0.09511467011 0 0 0 0 0 0 0.0007643664711 0 0 0 0 0 0 0.0007643664711 0 0 0 0 0 0 0.001323055117
681,1785495497.247467041,map,3.0271263123,-2.0015237331,-0.5097107887,0.1144827006,0.0302964014,0.9707009989,0.2090823035,0.04322905389 0 0 0 0 0 0 0.04322905389 0 0 0 0 0 0 0.09481224949 0 0 0 0 0 0 0.0007596383532 0 0 0 0 0 0 0.0007596383532 0 0 0 0 0 0 0.001316832286
682,1785495497.347760916,map,3.0309689045,-1.9925215244,-0.5115810037,0.1144120126,0.0297911840,0.9706745335,0.2093163707,0.04297699745 0 0 0 0 0 0 0.04297699745 0 0 0 0 0 0 0.09443878586 0 0 0 0 0 0 0.0007538094121 0 0 0 0 0 0 0.0007538094121 0 0 0 0 0 0 0.001309154207
683,1785495497.446933985,map,3.0419886112,-1.9890016317,-0.5122757554,0.1144197540,0.0293780303,0.9706954649,0.2092734259,0.0428761588 0 0 0 0 0 0 0.0428761588 0 0 0 0 0 0 0.09428927691 0 0 0 0 0 0 0.000751478982 0 0 0 0 0 0 0.000751478982 0 0 0 0 0 0 0.001306082486
684,1785495497.547425032,map,3.0342888832,-1.9916948080,-0.5120567679,0.1143965710,0.0295320336,0.9706734436,0.2093664977,0.04286157136 0 0 0 0 0 0 0.04286157136 0 0 0 0 0 0 0.09426764403 0 0 0 0 0 0 0.0007511419313 0 0 0 0 0 0 0.0007511419313 0 0 0 0 0 0 0.001305638127
685,1785495497.646692038,map,3.0354003906,-1.9970501661,-0.5124551058,0.1145401590,0.0301818217,0.9706451890,0.2093263525,0.04334475181 0 0 0 0 0 0 0.04334475181 0 0 0 0 0 0 0.0949835567 0 0 0 0 0 0 0.0007623157353 0 0 0 0 0 0 0.0007623157353 0 0 0 0 0 0 0.001320356646
686,1785495497.746876001,map,3.0321617126,-2.0150191784,-0.5138849616,0.1144166433,0.0306450092,0.9706330994,0.2093826917,0.04344454824 0 0 0 0 0 0 0.04344454824 0 0 0 0 0 0 0.09513125991 0 0 0 0 0 0 0.0007646260466 0 0 0 0 0 0 0.0007646260466 0 0 0 0 0 0 0.001323396619
687,1785495497.848026991,map,3.0415492058,-2.0138573647,-0.5146253109,0.1141427559,0.0301144428,0.9706627667,0.2094715945,0.04297555071 0 0 0 0 0 0 0.04297555071 0 0 0 0 0 0 0.09443664124 0 0 0 0 0 0 0.000753775971 0 0 0 0 0 0 0.000753775971 0 0 0 0 0 0 0.001309110137
688,1785495497.947161913,map,3.0237369537,-2.0173299313,-0.5124098659,0.1147829151,0.0313076640,0.9705908114,0.2092801467,0.04293733044 0 0 0 0 0 0 0.04293733044 0 0 0 0 0 0 0.09437998018 0 0 0 0 0 0 0.0007528925844 0 0 0 0 0 0 0.0007528925844 0 0 0 0 0 0 0.001307945881
689,1785495498.047352076,map,3.0276811123,-2.0100016594,-0.5120884180,0.1149382496,0.0298822741,0.9705368145,0.2096533965,0.04315299225 0 0 0 0 0 0 0.04315299225 0 0 0 0 0 0 0.09469958886 0 0 0 0 0 0 0.0007578788175 0 0 0 0 0 0 0.0007578788175 0 0 0 0 0 0 0.001314515316
690,1785495498.147583008,map,3.0335886478,-2.0119504929,-0.5106092095,0.1146370720,0.0300100488,0.9705471397,0.2097522066,0.04296628185 0 0 0 0 0 0 0.04296628185 0 0 0 0 0 0 0.09442290103 0 0 0 0 0 0 0.000753561728 0 0 0 0 0 0 0.000753561728 0 0 0 0 0 0 0.001308827792
691,1785495498.247864962,map,3.0364551544,-2.0146186352,-0.5181419849,0.1144427748,0.0303750492,0.9706407293,0.2093723336,0.04292161291 0 0 0 0 0 0 0.04292161291 0 0 0 0 0 0 0.09435667676 0 0 0 0 0 0 0.0007525293408 0 0 0 0 0 0 0.0007525293408 0 0 0 0 0 0 0.001307467098
692,1785495498.348174095,map,3.0384709835,-2.0091774464,-0.5188127756,0.1142500024,0.0295470382,0.9706285245,0.2096525395,0.04288366587 0 0 0 0 0 0 0.04288366587 0 0 0 0 0 0 0.09430040928 0 0 0 0 0 0 0.000751652444 0 0 0 0 0 0 0.000751652444 0 0 0 0 0 0 0.001306311165
693,1785495498.447544098,map,3.0300426483,-2.0233628750,-0.5083683133,0.1143463554,0.0296792980,0.9705330068,0.2100231887,0.04306599204 0 0 0 0 0 0 0.04306599204 0 0 0 0 0 0 0.09457068673 0 0 0 0 0 0 0.0007558668421 0 0 0 0 0 0 0.0007558668421 0 0 0 0 0 0 0.001311865138
694,1785495498.547754049,map,3.0307340622,-2.0231020451,-0.5088729858,0.1145740596,0.0304625127,0.9705538568,0.2096903552,0.04317288723 0 0 0 0 0 0 0.04317288723 0 0 0 0 0 0 0.09472905992 0 0 0 0 0 0 0.000758339001 0 0 0 0 0 0 0.000758339001 0 0 0 0 0 0 0.001315121351
695,1785495498.648096085,map,3.0353870392,-2.0200304985,-0.5147442222,0.1144413383,0.0301816741,0.9706132644,0.2095283577,0.04335514566 0 0 0 0 0 0 0.04335514566 0 0 0 0 0 0 0.09499894263 0 0 0 0 0 0 0.0007625563162 0 0 0 0 0 0 0.0007625563162 0 0 0 0 0 0 0.00132067326
696,1785495498.747258902,map,3.0390236378,-2.0102431774,-0.5162664652,0.1146562447,0.0302236570,0.9706316793,0.2093194560,0.04292133095 0 0 0 0 0 0 0.04292133095 0 0 0 0 0 0 0.0943562587 0 0 0 0 0 0 0.0007525228246 0 0 0 0 0 0 0.0007525228246 0 0 0 0 0 0 0.001307458509
697,1785495498.847444057,map,3.0372402668,-2.0165371895,-0.5126541257,0.1144820239,0.0306593190,0.9706528495,0.2092532614,0.04297428813 0 0 0 0 0 0 0.04297428813 0 0 0 0 0 0 0.09443476962 0 0 0 0 0 0 0.000753746787 0 0 0 0 0 0 0.000753746787 0 0 0 0 0 0 0.001309071677
698,1785495498.947557926,map,3.0429267883,-2.0106909275,-0.5124228597,0.1145201464,0.0303047888,0.9706442909,0.2093237137,0.04302302433 0 0 0 0 0 0 0.04302302433 0 0 0 0 0 0 0.09450700886 0 0 0 0 0 0 0.0007548734045 0 0 0 0 0 0 0.0007548734045 0 0 0 0 0 0 0.001310556266
699,1785495499.046716928,map,3.0368733406,-2.0184707642,-0.5116806030,0.1143977305,0.0304352413,0.9706611624,0.2092934635,0.04323587898 0 0 0 0 0 0 0.04323587898 0 0 0 0 0 0 0.09482235707 0 0 0 0 0 0 0.0007597962622 0 0 0 0 0 0 0.0007597962622 0 0 0 0 0 0 0.00131704019
700,1785495499.147347927,map,3.0527377129,-2.0183854103,-0.5154526830,0.1141244036,0.0301653623,0.9707190054,0.2092135107,0.04293553373 0 0 0 0 0 0 0.04293553373 0 0 0 0 0 0 0.09437731637 0 0 0 0 0 0 0.0007528510599 0 0 0 0 0 0 0.0007528510599 0 0 0 0 0 0 0.00130789115
701,1785495499.247549057,map,3.0434813499,-2.0188813210,-0.5179034472,0.1143762449,0.0305413438,0.9707105164,0.2090607042,0.04293646188 0 0 0 0 0 0 0.04293646188 0 0 0 0 0 0 0.09437869246 0 0 0 0 0 0 0.0007528725109 0 0 0 0 0 0 0.0007528725109 0 0 0 0 0 0 0.001307919423
702,1785495499.347863913,map,3.0487940311,-2.0220255852,-0.5179878473,0.1144215740,0.0310202576,0.9706844198,0.2090865807,0.04344191824 0 0 0 0 0 0 0.04344191824 0 0 0 0 0 0 0.09512736809 0 0 0 0 0 0 0.0007645651505 0 0 0 0 0 0 0.0007645651505 0 0 0 0 0 0 0.001323316504
703,1785495499.447114944,map,3.0329411030,-2.0200200081,-0.5087986588,0.1155297654,0.0309468383,0.9706811269,0.2085025381,0.04310275747 0 0 0 0 0 0 0.04310275747 0 0 0 0 0 0 0.09462516467 0 0 0 0 0 0 0.0007567170046 0 0 0 0 0 0 0.0007567170046 0 0 0 0 0 0 0.001312985077
704,1785495499.547250032,map,3.0413887501,-2.0056326389,-0.5084903240,0.1154598657,0.0305980183,0.9706951118,0.2085276266,0.04280434603 0 0 0 0 0 0 0.04280434603 0 0 0 0 0 0 0.09418276844 0 0 0 0 0 0 0.0007498198858 0 0 0 0 0 0 0.0007498198858 0 0 0 0 0 0 0.001303894944
705,1785495499.646600008,map,3.0429782867,-2.0041677952,-0.5086964369,0.1152093054,0.0304556738,0.9707083443,0.2086254239,0.04320872912 0 0 0 0 0 0 0.04320872912 0 0 0 0 0 0 0.0947821481 0 0 0 0 0 0 0.0007591681318 0 0 0 0 0 0 0.0007591681318 0 0 0 0 0 0 0.001316213158
706,1785495499.746906996,map,3.0418760777,-2.0029661655,-0.5112256408,0.1150971758,0.0305420414,0.9706698897,0.2088535213,0.04325941976 0 0 0 0 0 0 0.04325941976 0 0 0 0 0 0 0.09485721767 0 0 0 0 0 0 0.0007603409445 0 0 0 0 0 0 0.0007603409445 0 0 0 0 0 0 0.001317757283
707,1785495499.847188950,map,3.0396347046,-2.0038020611,-0.5123534799,0.1149679716,0.0303284702,0.9706965164,0.2088320268,0.04281063502 0 0 0 0 0 0 0.04281063502 0 0 0 0 0 0 0.09419209706 0 0 0 0 0 0 0.0007499651631 0 0 0 0 0 0 0.0007499651631 0 0 0 0 0 0 0.001304086518
708,1785495499.947516918,map,3.0316543579,-2.0110321045,-0.5168572664,0.1146973230,0.0311619408,0.9706944287,0.2088678601,0.04333662187 0 0 0 0 0 0 0.04333662187 0 0 0 0 0 0 0.0949715216 0 0 0 0 0 0 0.0007621275624 0 0 0 0 0 0 0.0007621275624 0 0 0 0 0 0 0.001320108994
709,1785495500.046848059,map,3.0267386436,-2.0122778416,-0.5124441981,0.1150393862,0.0314003531,0.9706442679,0.2088771034,0.04337386774 0 0 0 0 0 0 0.04337386774 0 0 0 0 0 0 0.09502665528 0 0 0 0 0 0 0.0007629896894 0 0 0 0 0 0 0.0007629896894 0 0 0 0 0 0 0.001321243568
710,1785495500.147114992,map,3.0327556133,-2.0092422962,-0.5108630061,0.1151826472,0.0309284161,0.9706693524,0.2087520411,0.04319742454 0 0 0 0 0 0 0.04319742454 0 0 0 0 0 0 0.09476540479 0 0 0 0 0 0 0.0007589066111 0 0 0 0 0 0 0.0007589066111 0 0 0 0 0 0 0.001315868801
711,1785495500.246704102,map,3.0325088501,-2.0043754578,-0.5108070970,0.1151439870,0.0304332062,0.9706479139,0.2089457088,0.04312091251 0 0 0 0 0 0 0.04312091251 0 0 0 0 0 0 0.09465206347 0 0 0 0 0 0 0.0007571368633 0 0 0 0 0 0 0.0007571368633 0 0 0 0 0 0 0.001313538111
712,1785495500.346990108,map,3.0340404510,-1.9991700649,-0.5113379955,0.1153368129,0.0301609033,0.9706320554,0.2089525154,0.04318461342 0 0 0 0 0 0 0.04318461342 0 0 0 0 0 0 0.09474642927 0 0 0 0 0 0 0.000758610251 0 0 0 0 0 0 0.000758610251 0 0 0 0 0 0 0.001315478551
713,1785495500.447287083,map,3.0349776745,-1.9987176657,-0.5108282566,0.1150055340,0.0301011143,0.9706470005,0.2090742463,0.0430708394 0 0 0 0 0 0 0.0430708394 0 0 0 0 0 0 0.09457786984 0 0 0 0 0 0 0.0007559789258 0 0 0 0 0 0 0.0007559789258 0 0 0 0 0 0 0.001312012797
714,1785495500.547508955,map,3.0116183758,-1.9904243946,-0.5147860050,0.1155140688,0.0303384552,0.9705876026,0.2090353563,0.0431881221 0 0 0 0 0 0 0.0431881221 0 0 0 0 0 0 0.09475162633 0 0 0 0 0 0 0.000758691416 0 0 0 0 0 0 0.000758691416 0 0 0 0 0 0 0.001315585432
715,1785495500.646950006,map,3.0187044144,-1.9726644754,-0.5149298906,0.1144328615,0.0291464217,0.9707936680,0.2088426482,0.04309783505 0 0 0 0 0 0 0.04309783505 0 0 0 0 0 0 0.09461787121 0 0 0 0 0 0 0.0007566031721 0 0 0 0 0 0 0.0007566031721 0 0 0 0 0 0 0.001312835131
716,1785495500.746349096,map,2.9924848080,-1.9703073502,-0.5139907002,0.1156497533,0.0296902108,0.9705698778,0.2091356981,0.0430953827 0 0 0 0 0 0 0.0430953827 0 0 0 0 0 0 0.09461423754 0 0 0 0 0 0 0.0007565464613 0 0 0 0 0 0 0.0007565464613 0 0 0 0 0 0 0.001312760428
717,1785495500.846597910,map,2.9997019768,-1.9733786583,-0.5113078356,0.1154113518,0.0301605520,0.9705958624,0.2090795047,0.04315340358 0 0 0 0 0 0 0.04315340358 0 0 0 0 0 0 0.0947001982 0 0 0 0 0 0 0.0007578883315 0 0 0 0 0 0 0.0007578883315 0 0 0 0 0 0 0.001314527845
718,1785495500.946779013,map,3.0074822903,-1.9631136656,-0.5120261312,0.1152290573,0.0296495768,0.9706655146,0.2089297156,0.04337990947 0 0 0 0 0 0 0.04337990947 0 0 0 0 0 0 0.09503559791 0 0 0 0 0 0 0.0007631295478 0 0 0 0 0 0 0.0007631295478 0 0 0 0 0 0 0.001321427609
719,1785495501.046478033,map,3.0038807392,-1.9692770243,-0.5080535412,0.1153107677,0.0298079726,0.9706874977,0.2087599209,0.04328286497 0 0 0 0 0 0 0.04328286497 0 0 0 0 0 0 0.09489193367 0 0 0 0 0 0 0.0007608834622 0 0 0 0 0 0 0.0007608834622 0 0 0 0 0 0 0.001318471465
720,1785495501.146583080,map,3.0067307949,-1.9591329098,-0.5049776435,0.1151342986,0.0299943895,0.9706963629,0.2087893764,0.04313937617 0 0 0 0 0 0 0.04313937617 0 0 0 0 0 0 0.09467941766 0 0 0 0 0 0 0.0007575638882 0 0 0 0 0 0 0.0007575638882 0 0 0 0 0 0 0.001314100546
721,1785495501.246779919,map,3.0061438084,-1.9615693092,-0.5074123144,0.1152657083,0.0302852622,0.9706591207,0.2088480091,0.04340849449 0 0 0 0 0 0 0.04340849449 0 0 0 0 0 0 0.09507790509 0 0 0 0 0 0 0.0007637912967 0 0 0 0 0 0 0.0007637912967 0 0 0 0 0 0 0.001322298359
722,1785495501.347013950,map,3.0083205700,-1.9571605921,-0.5085349083,0.1152049492,0.0301485936,0.9706610396,0.2088923614,0.04349280244 0 0 0 0 0 0 0.04349280244 0 0 0 0 0 0 0.09520265855 0 0 0 0 0 0 0.0007657434431 0 0 0 0 0 0 0.0007657434431 0 0 0 0 0 0 0.001324866526
723,1785495501.446582079,map,3.0041787624,-1.9541951418,-0.5114769340,0.1152031064,0.0295603410,0.9706227904,0.2091550476,0.04336912549 0 0 0 0 0 0 0.04336912549 0 0 0 0 0 0 0.09501963593 0 0 0 0 0 0 0.0007628799144 0 0 0 0 0 0 0.0007628799144 0 0 0 0 0 0 0.001321099111
724,1785495501.546760082,map,2.9829871655,-1.9564990997,-0.5044407845,0.1155928732,0.0297412294,0.9705869348,0.2090807446,0.04335800837 0 0 0 0 0 0 0.04335800837 0 0 0 0 0 0 0.09500318017 0 0 0 0 0 0 0.0007626225794 0 0 0 0 0 0 0.0007626225794 0 0 0 0 0 0 0.001320760464
725,1785495501.646095991,map,2.9853031635,-1.9580307007,-0.5050736666,0.1151627402,0.0297295674,0.9705936900,0.2092882771,0.04298875064 0 0 0 0 0 0 0.04298875064 0 0 0 0 0 0 0.09445620807 0 0 0 0 0 0 0.0007540810906 0 0 0 0 0 0 0.0007540810906 0 0 0 0 0 0 0.00130951223
726,1785495501.746386051,map,2.9861340523,-1.9568107128,-0.5048552155,0.1152363247,0.0298996310,0.9705773700,0.2092992116,0.04333681512 0 0 0 0 0 0 0.04333681512 0 0 0 0 0 0 0.09497180767 0 0 0 0 0 0 0.0007621320351 0 0 0 0 0 0 0.0007621320351 0 0 0 0 0 0 0.00132011488
727,1785495501.846560955,map,2.9248375893,-1.9118298292,-0.5018189549,0.1156418054,0.0288685377,0.9706128422,0.2090557509,0.0431561976 0 0 0 0 0 0 0.0431561976 0 0 0 0 0 0 0.09470433719 0 0 0 0 0 0 0.0007579529569 0 0 0 0 0 0 0.0007579529569 0 0 0 0 0 0 0.001314612956
728,1785495501.946898937,map,2.9298794270,-1.9147824049,-0.4999268651,0.1157221037,0.0297263518,0.9705840792,0.2090246082,0.04340442145 0 0 0 0 0 0 0.04340442145 0 0 0 0 0 0 0.09507187708 0 0 0 0 0 0 0.0007636970009 0 0 0 0 0 0 0.0007636970009 0 0 0 0 0 0 0.001322174287
729,1785495502.046050072,map,2.9595167637,-1.9496387243,-0.5021847486,0.1155152425,0.0301859468,0.9705488132,0.2092368173,0.04348766908 0 0 0 0 0 0 0.04348766908 0 0 0 0 0 0 0.09519506367 0 0 0 0 0 0 0.0007656245635 0 0 0 0 0 0 0.0007656245635 0 0 0 0 0 0 0.001324710155
730,1785495502.146298885,map,2.9732003212,-1.9429463148,-0.4991927147,0.1151482154,0.0294954961,0.9705606045,0.2094827890,0.04293199649 0 0 0 0 0 0 0.04293199649 0 0 0 0 0 0 0.09437207202 0 0 0 0 0 0 0.0007527693106 0 0 0 0 0 0 0.0007527693106 0 0 0 0 0 0 0.0013077834
731,1785495502.246323109,map,2.9735343456,-1.9507335424,-0.4990209341,0.1151178692,0.0296229546,0.9705629075,0.2094707694,0.04310200254 0 0 0 0 0 0 0.04310200254 0 0 0 0 0 0 0.09462404611 0 0 0 0 0 0 0.0007566995464 0 0 0 0 0 0 0.0007566995464 0 0 0 0 0 0 0.00131296208
732,1785495502.346499920,map,2.9848754406,-1.9684211016,-0.5066757798,0.1151531337,0.0301050137,0.9704949522,0.2096973937,0.04294904009 0 0 0 0 0 0 0.04294904009 0 0 0 0 0 0 0.09439734046 0 0 0 0 0 0 0.0007531632168 0 0 0 0 0 0 0.0007531632168 0 0 0 0 0 0 0.001308302578
733,1785495502.447048903,map,2.9886193275,-1.9774044752,-0.5051330924,0.1153185702,0.0301385329,0.9705075272,0.2095434168,0.04312085059 0 0 0 0 0 0 0.04312085059 0 0 0 0 0 0 0.09465197173 0 0 0 0 0 0 0.0007571354313 0 0 0 0 0 0 0.0007571354313 0 0 0 0 0 0 0.001313536224
734,1785495502.547116041,map,3.0042498112,-1.9902946949,-0.5133364797,0.1148781742,0.0297721515,0.9705364000,0.2097038840,0.04313698181 0 0 0 0 0 0 0.04313698181 0 0 0 0 0 0 0.09467587049 0 0 0 0 0 0 0.0007575085101 0 0 0 0 0 0 0.0007575085101 0 0 0 0 0 0 0.00131402761
735,1785495502.646495104,map,3.0023462772,-1.9928678274,-0.5132444501,0.1151084516,0.0301124194,0.9705452896,0.2094877681,0.04316157071 0 0 0 0 0 0 0.04316157071 0 0 0 0 0 0 0.09471229667 0 0 0 0 0 0 0.0007580772385 0 0 0 0 0 0 0.0007580772385 0 0 0 0 0 0 0.00131477663
736,1785495502.746707916,map,3.0137343407,-1.9811857939,-0.5123675466,0.1149999656,0.0298965600,0.9705967221,0.2093399371,0.04318765724 0 0 0 0 0 0 0.04318765724 0 0 0 0 0 0 0.09475093779 0 0 0 0 0 0 0.0007586806626 0 0 0 0 0 0 0.0007586806626 0 0 0 0 0 0 0.001315571272
737,1785495502.846036911,map,3.0074150562,-1.9810656309,-0.5188491344,0.1151427109,0.0302529276,0.9705909879,0.2092368295,0.0430881019 0 0 0 0 0 0 0.0430881019 0 0 0 0 0 0 0.09460344938 0 0 0 0 0 0 0.000756378096 0 0 0 0 0 0 0.000756378096 0 0 0 0 0 0 0.001312538643
738,1785495502.946275949,map,3.0279133320,-1.9691137075,-0.5134302974,0.1150169887,0.0293630360,0.9705491663,0.2096263626,0.04324722824 0 0 0 0 0 0 0.04324722824 0 0 0 0 0 0 0.09483916412 0 0 0 0 0 0 0.0007600588535 0 0 0 0 0 0 0.0007600588535 0 0 0 0 0 0 0.001317385908
739,1785495503.046478987,map,3.0380687714,-1.9866673946,-0.5234817863,0.1145691115,0.0307189316,0.9706070236,0.2094093497,0.04305202692 0 0 0 0 0 0 0.04305202692 0 0 0 0 0 0 0.09454999165 0 0 0 0 0 0 0.0007555439436 0 0 0 0 0 0 0.0007555439436 0 0 0 0 0 0 0.001311439736
740,1785495503.146559000,map,3.0289764404,-1.9776860476,-0.5216828585,0.1153258149,0.0306716169,0.9706528111,0.2087877450,0.04323722079 0 0 0 0 0 0 0.04323722079 0 0 0 0 0 0 0.09482434418 0 0 0 0 0 0 0.0007598273074 0 0 0 0 0 0 0.0007598273074 0 0 0 0 0 0 0.001317081064
741,1785495503.245791912,map,3.0310127735,-1.9792528152,-0.5130124092,0.1151593929,0.0302118843,0.9707131261,0.2086662039,0.04300950525 0 0 0 0 0 0 0.04300950525 0 0 0 0 0 0 0.09448697154 0 0 0 0 0 0 0.0007545608683 0 0 0 0 0 0 0.0007545608683 0 0 0 0 0 0 0.001310144451
742,1785495503.346045017,map,3.0321056843,-1.9762314558,-0.5120827556,0.1150887759,0.0298433890,0.9707213463,0.2087199294,0.04297491782 0 0 0 0 0 0 0.04297491782 0 0 0 0 0 0 0.09443570306 0 0 0 0 0 0 0.000753761342 0 0 0 0 0 0 0.000753761342 0 0 0 0 0 0 0.001309090858
743,1785495503.446295023,map,3.0215809345,-1.9918526411,-0.5122025013,0.1149436928,0.0304159980,0.9706823627,0.2088984647,0.04290676606 0 0 0 0 0 0 0.04290676606 0 0 0 0 0 0 0.09433466296 0 0 0 0 0 0 0.0007521862385 0 0 0 0 0 0 0.0007521862385 0 0 0 0 0 0 0.001307014837
744,1785495503.546663046,map,3.0295956135,-1.9800883532,-0.5115447640,0.1148933415,0.0296342636,0.9706990877,0.2089607671,0.04300964392 0 0 0 0 0 0 0.04300964392 0 0 0 0 0 0 0.09448717708 0 0 0 0 0 0 0.0007545640742 0 0 0 0 0 0 0.0007545640742 0 0 0 0 0 0 0.001310148676
745,1785495503.646974087,map,3.0279872417,-1.9867346287,-0.5149307847,0.1148333861,0.0306178723,0.9706865843,0.2089100214,0.04363466838 0 0 0 0 0 0 0.04363466838 0 0 0 0 0 0 0.09541249426 0 0 0 0 0 0 0.0007690296883 0 0 0 0 0 0 0.0007690296883 0 0 0 0 0 0 0.001329188009
746,1785495503.746407986,map,3.0300931931,-1.9851939678,-0.5179460645,0.1147201602,0.0307723257,0.9707175931,0.2088053953,0.04309611018 0 0 0 0 0 0 0.04309611018 0 0 0 0 0 0 0.09461531546 0 0 0 0 0 0 0.0007565632843 0 0 0 0 0 0 0.0007565632843 0 0 0 0 0 0 0.001312782589
747,1785495503.846750975,map,3.0155463219,-1.9578632116,-0.5238235593,0.1148503446,0.0295026526,0.9705814001,0.2095488929,0.04303440335 0 0 0 0 0 0 0.04303440335 0 0 0 0 0 0 0.09452387351 0 0 0 0 0 0 0.0007551364786 0 0 0 0 0 0 0.0007551364786 0 0 0 0 0 0 0.001310902891
748,1785495503.947073936,map,3.0200133324,-1.9595366716,-0.5171465278,0.1149231817,0.0293913069,0.9705964458,0.2094548571,0.04320365503 0 0 0 0 0 0 0.04320365503 0 0 0 0 0 0 0.0947746329 0 0 0 0 0 0 0.0007590507461 0 0 0 0 0 0 0.0007590507461 0 0 0 0 0 0 0.001316058592
749,1785495504.046992064,map,3.0173034668,-1.9593149424,-0.5148915648,0.1147391138,0.0295776803,0.9705946111,0.2095380420,0.04287324742 0 0 0 0 0 0 0.04287324742 0 0 0 0 0 0 0.09428495949 0 0 0 0 0 0 0.0007514117116 0 0 0 0 0 0 0.0007514117116 0 0 0 0 0 0 0.001305993801
750,1785495504.147046089,map,3.0190291405,-1.9547802210,-0.5137227774,0.1147146839,0.0293886107,0.9706244562,0.2094397625,0.04292915715 0 0 0 0 0 0 0.04292915715 0 0 0 0 0 0 0.09436786231 0 0 0 0 0 0 0.0007527036909 0 0 0 0 0 0 0.0007527036909 0 0 0 0 0 0 0.001307696908
751,1785495504.247185946,map,3.0125799179,-1.9599006176,-0.5168989897,0.1146279139,0.0296138931,0.9706278336,0.2094398704,0.04314016472 0 0 0 0 0 0 0.04314016472 0 0 0 0 0 0 0.09468058586 0 0 0 0 0 0 0.0007575821263 0 0 0 0 0 0 0.0007575821263 0 0 0 0 0 0 0.001314124567
752,1785495504.346479893,map,3.0185286999,-1.9597535133,-0.5129495859,0.1145670202,0.0296563189,0.9706627206,0.2093054701,0.04296960018 0 0 0 0 0 0 0.04296960018 0 0 0 0 0 0 0.0944278202 0 0 0 0 0 0 0.000753638428 0 0 0 0 0 0 0.000753638428 0 0 0 0 0 0 0.001308928874
753,1785495504.446754932,map,3.0206129551,-1.9570661783,-0.5161508322,0.1145871159,0.0292860506,0.9706478909,0.2094153474,0.04305630524 0 0 0 0 0 0 0.04305630524 0 0 0 0 0 0 0.09455633186 0 0 0 0 0 0 0.0007556428642 0 0 0 0 0 0 0.0007556428642 0 0 0 0 0 0 0.001311570061
754,1785495504.546991110,map,3.0208497047,-1.9510672092,-0.5186141729,0.1144385868,0.0291139007,0.9706483208,0.2095185566,0.04325726312 0 0 0 0 0 0 0.04325726312 0 0 0 0 0 0 0.09485402411 0 0 0 0 0 0 0.0007602910426 0 0 0 0 0 0 0.0007602910426 0 0 0 0 0 0 0.001317691588
755,1785495504.647241116,map,3.0145218372,-1.9529262781,-0.5203568935,0.1145940808,0.0290526079,0.9706164960,0.2095894683,0.0428351185 0 0 0 0 0 0 0.0428351185 0 0 0 0 0 0 0.09422841192 0 0 0 0 0 0 0.0007505307705 0 0 0 0 0 0 0.0007505307705 0 0 0 0 0 0 0.001304832327
756,1785495504.747437000,map,3.0156762600,-1.9612599611,-0.5148227811,0.1147987714,0.0302064417,0.9705966454,0.2094062078,0.04299695846 0 0 0 0 0 0 0.04299695846 0 0 0 0 0 0 0.09446837438 0 0 0 0 0 0 0.0007542708239 0 0 0 0 0 0 0.0007542708239 0 0 0 0 0 0 0.001309762255
757,1785495504.846482992,map,3.0150396824,-1.9626044035,-0.5158364773,0.1146370714,0.0301085498,0.9706322857,0.2093436966,0.042967505 0 0 0 0 0 0 0.042967505 0 0 0 0 0 0 0.09442471426 0 0 0 0 0 0 0.0007535899998 0 0 0 0 0 0 0.0007535899998 0 0 0 0 0 0 0.001308865051
758,1785495504.946623087,map,3.0076072216,-1.9634928703,-0.5078346133,0.1152275616,0.0302618403,0.9705595605,0.2093345876,0.04316398734 0 0 0 0 0 0 0.04316398734 0 0 0 0 0 0 0.0947158765 0 0 0 0 0 0 0.0007581331367 0 0 0 0 0 0 0.0007581331367 0 0 0 0 0 0 0.001314850245
759,1785495505.046892881,map,3.0087549686,-1.9676537514,-0.5104019642,0.1150747753,0.0306119470,0.9705428177,0.2094452890,0.04320781519 0 0 0 0 0 0 0.04320781519 0 0 0 0 0 0 0.09478079449 0 0 0 0 0 0 0.0007591469885 0 0 0 0 0 0 0.0007591469885 0 0 0 0 0 0 0.001316185318
760,1785495505.147120953,map,3.0120873451,-1.9637984037,-0.5147001743,0.1151475362,0.0304337798,0.9705984877,0.2091731424,0.04300372454 0 0 0 0 0 0 0.04300372454 0 0 0 0 0 0 0.09447840335 0 0 0 0 0 0 0.000754427234 0 0 0 0 0 0 0.000754427234 0 0 0 0 0 0 0.001309968361
761,1785495505.247278929,map,3.0198128223,-1.9619641304,-0.5162105560,0.1149259532,0.0301781220,0.9705695707,0.2094660611,0.04321216436 0 0 0 0 0 0 0.04321216436 0 0 0 0 0 0 0.09478723591 0 0 0 0 0 0 0.0007592476049 0 0 0 0 0 0 0.0007592476049 0 0 0 0 0 0 0.001316317801
762,1785495505.347341061,map,3.0170662403,-1.9749757051,-0.5182405114,0.1151566982,0.0314817369,0.9705615411,0.2091844213,0.04311076267 0 0 0 0 0 0 0.04311076267 0 0 0 0 0 0 0.09463702553 0 0 0 0 0 0 0.0007569021317 0 0 0 0 0 0 0.0007569021317 0 0 0 0 0 0 0.001313228929
763,1785495505.446474075,map,3.0224080086,-1.9684752226,-0.5134551525,0.1148993219,0.0305360028,0.9705931219,0.2093196268,0.0430282809 0 0 0 0 0 0 0.0430282809 0 0 0 0 0 0 0.09451479962 0 0 0 0 0 0 0.0007549949309 0 0 0 0 0 0 0.0007549949309 0 0 0 0 0 0 0.00131071639
764,1785495505.546713114,map,3.0234041214,-1.9663983583,-0.5136762857,0.1146284763,0.0304117592,0.9706277185,0.2093256911,0.04278874412 0 0 0 0 0 0 0.04278874412 0 0 0 0 0 0 0.09415962477 0 0 0 0 0 0 0.0007494594923 0 0 0 0 0 0 0.0007494594923 0 0 0 0 0 0 0.001303419683
765,1785495505.647195101,map,3.0269315243,-1.9691008329,-0.5141918063,0.1145112603,0.0303508367,0.9706107927,0.2094771999,0.04309750004 0 0 0 0 0 0 0.04309750004 0 0 0 0 0 0 0.09461737482 0 0 0 0 0 0 0.0007565954248 0 0 0 0 0 0 0.0007565954248 0 0 0 0 0 0 0.001312824926
766,1785495505.747324944,map,3.0175230503,-1.9743801355,-0.5144382119,0.1145539486,0.0311875097,0.9706406372,0.2091924678,0.04336758034 0 0 0 0 0 0 0.04336758034 0 0 0 0 0 0 0.09501734881 0 0 0 0 0 0 0.0007628441472 0 0 0 0 0 0 0.0007628441472 0 0 0 0 0 0 0.001321052043
767,1785495505.846527100,map,3.0208957195,-1.9710592031,-0.5095471740,0.1144143940,0.0302988367,0.9706739962,0.2092446729,0.0431881847 0 0 0 0 0 0 0.0431881847 0 0 0 0 0 0 0.09475171905 0 0 0 0 0 0 0.0007586928641 0 0 0 0 0 0 0.0007586928641 0 0 0 0 0 0 0.001315587339
768,1785495505.946873903,map,3.0237774849,-1.9726401567,-0.5104257464,0.1145791943,0.0306878530,0.9706292614,0.2093052932,0.04286319335 0 0 0 0 0 0 0.04286319335 0 0 0 0 0 0 0.09427004947 0 0 0 0 0 0 0.0007511794075 0 0 0 0 0 0 0.0007511794075 0 0 0 0 0 0 0.001305687536
769,1785495506.047142982,map,3.0201675892,-1.9769508839,-0.5165315270,0.1146588416,0.0310494110,0.9706239265,0.2092330680,0.04310848043 0 0 0 0 0 0 0.04310848043 0 0 0 0 0 0 0.0946336441 0 0 0 0 0 0 0.0007568493524 0 0 0 0 0 0 0.0007568493524 0 0 0 0 0 0 0.001313159408
770,1785495506.146275997,map,3.0231077671,-1.9726434946,-0.5139738917,0.1146821401,0.0306750448,0.9706552597,0.2091301281,0.04311875448 0 0 0 0 0 0 0.04311875448 0 0 0 0 0 0 0.0946488662 0 0 0 0 0 0 0.0007570869546 0 0 0 0 0 0 0.0007570869546 0 0 0 0 0 0 0.001313472373
771,1785495506.246577978,map,3.0258486271,-1.9714509249,-0.5128784180,0.1145176461,0.0303256850,0.9706495105,0.2092977874,0.04340052137 0 0 0 0 0 0 0.04340052137 0 0 0 0 0 0 0.09506610495 0 0 0 0 0 0 0.0007636067106 0 0 0 0 0 0 0.0007636067106 0 0 0 0 0 0 0.001322055484
772,1785495506.346806049,map,3.0249969959,-1.9673821926,-0.5115644932,0.1147086445,0.0304996336,0.9706085282,0.2093580168,0.04308017105 0 0 0 0 0 0 0.04308017105 0 0 0 0 0 0 0.09459169767 0 0 0 0 0 0 0.0007561947034 0 0 0 0 0 0 0.0007561947034 0 0 0 0 0 0 0.001312297055
773,1785495506.446005106,map,3.0201170444,-1.9745284319,-0.5100679398,0.1147188325,0.0309263552,0.9705873416,0.2093880799,0.04309346535 0 0 0 0 0 0 0.04309346535 0 0 0 0 0 0 0.09461139659 0 0 0 0 0 0 0.000756502123 0 0 0 0 0 0 0.000756502123 0 0 0 0 0 0 0.001312702022
774,1785495506.546238899,map,3.0231041908,-1.9759858847,-0.5144314766,0.1145628703,0.0311858154,0.9706076454,0.2093408743,0.04322252344 0 0 0 0 0 0 0.04322252344 0 0 0 0 0 0 0.09480257801 0 0 0 0 0 0 0.0007594872649 0 0 0 0 0 0 0.0007594872649 0 0 0 0 0 0 0.001316633357
775,1785495506.646478891,map,3.0286154747,-1.9595528841,-0.5128234029,0.1142468652,0.0295963483,0.9706154291,0.2097078652,0.04324720951 0 0 0 0 0 0 0.04324720951 0 0 0 0 0 0 0.09483913638 0 0 0 0 0 0 0.0007600584201 0 0 0 0 0 0 0.0007600584201 0 0 0 0 0 0 0.001317385338
776,1785495506.747008085,map,3.0124156475,-1.9840309620,-0.5101373196,0.1147354706,0.0307532180,0.9705581557,0.2095396637,0.04320743738 0 0 0 0 0 0 0.04320743738 0 0 0 0 0 0 0.09478023492 0 0 0 0 0 0 0.0007591382481 0 0 0 0 0 0 0.0007591382481 0 0 0 0 0 0 0.001316173809
777,1785495506.846240044,map,3.0193946362,-1.9866725206,-0.5120756030,0.1146050319,0.0305899176,0.9705583015,0.2096342155,0.04304007942 0 0 0 0 0 0 0.04304007942 0 0 0 0 0 0 0.09453228563 0 0 0 0 0 0 0.000755267709 0 0 0 0 0 0 0.000755267709 0 0 0 0 0 0 0.001311075794
778,1785495506.946577072,map,3.0213620663,-1.9862352610,-0.5095236301,0.1144650991,0.0302531355,0.9705528665,0.2097847461,0.04348072144 0 0 0 0 0 0 0.04348072144 0 0 0 0 0 0 0.09518478428 0 0 0 0 0 0 0.0007654636715 0 0 0 0 0 0 0.0007654636715 0 0 0 0 0 0 0.001324498517
779,1785495507.045897007,map,3.0154004097,-1.9902395010,-0.5099754930,0.1146059011,0.0305758076,0.9705203861,0.2098113123,0.04335673839 0 0 0 0 0 0 0.04335673839 0 0 0 0 0 0 0.09500130029 0 0 0 0 0 0 0.0007625931832 0 0 0 0 0 0 0.0007625931832 0 0 0 0 0 0 0.001320721778
780,1785495507.146096945,map,3.0172092915,-1.9883704185,-0.5092242956,0.1145831655,0.0302602074,0.9705373289,0.2097911139,0.04302964608 0 0 0 0 0 0 0.04302964608 0 0 0 0 0 0 0.09451682294 0 0 0 0 0 0 0.000755026493 0 0 0 0 0 0 0.000755026493 0 0 0 0 0 0 0.001310757976
781,1785495507.246433020,map,3.0135595798,-1.9945156574,-0.5112195015,0.1146968468,0.0305740257,0.9705418428,0.2096625357,0.04347251423 0 0 0 0 0 0 0.04347251423 0 0 0 0 0 0 0.09517264096 0 0 0 0 0 0 0.0007652736161 0 0 0 0 0 0 0.0007652736161 0 0 0 0 0 0 0.001324248512
782,1785495507.346697092,map,3.0193121433,-1.9880462885,-0.5105531216,0.1147183111,0.0306354594,0.9705349567,0.2096737497,0.0427688554 0 0 0 0 0 0 0.0427688554 0 0 0 0 0 0 0.09413012009 0 0 0 0 0 0 0.0007490001067 0 0 0 0 0 0 0.0007490001067 0 0 0 0 0 0 0.001302813838
783,1785495507.447047949,map,3.0173919201,-1.9898571968,-0.5094763637,0.1147325829,0.0307414157,0.9705010862,0.2098071398,0.04315171757 0 0 0 0 0 0 0.04315171757 0 0 0 0 0 0 0.09469770056 0 0 0 0 0 0 0.0007578493343 0 0 0 0 0 0 0.0007578493343 0 0 0 0 0 0 0.001314476486
784,1785495507.546226025,map,3.0206532478,-1.9888021946,-0.5099079609,0.1146576321,0.0310600010,0.9705088170,0.2097654484,0.04310176811 0 0 0 0 0 0 0.04310176811 0 0 0 0 0 0 0.09462369876 0 0 0 0 0 0 0.0007566941251 0 0 0 0 0 0 0.0007566941251 0 0 0 0 0 0 0.001312954939
785,1785495507.646471977,map,3.0236706734,-1.9901993275,-0.5079426765,0.1146638691,0.0305476696,0.9705598292,0.2096011833,0.04305114071 0 0 0 0 0 0 0.04305114071 0 0 0 0 0 0 0.09454867833 0 0 0 0 0 0 0.0007555234534 0 0 0 0 0 0 0.0007555234534 0 0 0 0 0 0 0.00131141274
786,1785495507.746664047,map,3.0174806118,-1.9977658987,-0.5115931034,0.1146815369,0.0308167519,0.9705776617,0.2094694812,0.04277805511 0 0 0 0 0 0 0.04277805511 0 0 0 0 0 0 0.09414376802 0 0 0 0 0 0 0.0007492125953 0 0 0 0 0 0 0.0007492125953 0 0 0 0 0 0 0.001303094077
787,1785495507.846965075,map,3.0158438683,-1.9966855049,-0.5151300430,0.1146438729,0.0304265848,0.9705784370,0.2095435757,0.04284415706 0 0 0 0 0 0 0.04284415706 0 0 0 0 0 0 0.09424181741 0 0 0 0 0 0 0.0007507395885 0 0 0 0 0 0 0.0007507395885 0 0 0 0 0 0 0.001305107658
788,1785495507.946997881,map,3.0266759396,-1.9920281172,-0.5150411725,0.1140885577,0.0300231945,0.9706373595,0.2096318711,0.04324875527 0 0 0 0 0 0 0.04324875527 0 0 0 0 0 0 0.09484142543 0 0 0 0 0 0 0.0007600941857 0 0 0 0 0 0 0.0007600941857 0 0 0 0 0 0 0.001317432424
789,1785495508.046061039,map,3.0220544338,-1.9923316240,-0.5127214193,0.1142706882,0.0304183793,0.9705903585,0.2096933619,0.04300584426 0 0 0 0 0 0 0.04300584426 0 0 0 0 0 0 0.09448154523 0 0 0 0 0 0 0.0007544762359 0 0 0 0 0 0 0.0007544762359 0 0 0 0 0 0 0.001310032932
790,1785495508.146408081,map,3.0289654732,-1.9910514355,-0.5114991665,0.1142825211,0.0304638036,0.9706062023,0.2096069668,0.04307555613 0 0 0 0 0 0 0.04307555613 0 0 0 0 0 0 0.09458485924 0 0 0 0 0 0 0.0007560879907 0 0 0 0 0 0 0.0007560879907 0 0 0 0 0 0 0.001312156476
791,1785495508.246478081,map,3.0256278515,-1.9922062159,-0.5111210346,0.1143190092,0.0307048444,0.9705688645,0.2097247354,0.0432492711 0 0 0 0 0 0 0.0432492711 0 0 0 0 0 0 0.0948421893 0 0 0 0 0 0 0.000760106121 0 0 0 0 0 0 0.000760106121 0 0 0 0 0 0 0.001317448137
792,1785495508.346611023,map,3.0254786015,-1.9846221209,-0.5095127225,0.1142733250,0.0304458420,0.9705610190,0.2098236774,0.04298133761 0 0 0 0 0 0 0.04298133761 0 0 0 0 0 0 0.09444521954 0 0 0 0 0 0 0.0007539097348 0 0 0 0 0 0 0.0007539097348 0 0 0 0 0 0 0.001309286416
793,1785495508.446723938,map,3.0115010738,-1.9912817478,-0.5177671313,0.1149319711,0.0310830197,0.9704438445,0.2099124437,0.04305184025 0 0 0 0 0 0 0.04305184025 0 0 0 0 0 0 0.09454971501 0 0 0 0 0 0 0.0007555396274 0 0 0 0 0 0 0.0007555396274 0 0 0 0 0 0 0.001311434049
794,1785495508.546008110,map,3.0134944916,-1.9878338575,-0.5173231959,0.1149852813,0.0310060069,0.9704617482,0.2098118364,0.04293043358 0 0 0 0 0 0 0.04293043358 0 0 0 0 0 0 0.0943697548 0 0 0 0 0 0 0.0007527331902 0 0 0 0 0 0 0.0007527331902 0 0 0 0 0 0 0.001307735791
795,1785495508.646019936,map,3.0305113792,-1.9770313501,-0.5131921172,0.1144567697,0.0299082573,0.9705460343,0.2098702596,0.04318815949 0 0 0 0 0 0 0.04318815949 0 0 0 0 0 0 0.09475168171 0 0 0 0 0 0 0.0007586922809 0 0 0 0 0 0 0.0007586922809 0 0 0 0 0 0 0.001315586571
796,1785495508.746041059,map,3.0343415737,-1.9728982449,-0.5112183094,0.1144706881,0.0299180560,0.9705685497,0.2097571675,0.04304569848 0 0 0 0 0 0 0.04304569848 0 0 0 0 0 0 0.0945406131 0 0 0 0 0 0 0.000755397624 0 0 0 0 0 0 0.000755397624 0 0 0 0 0 0 0.00131124696
797,1785495508.846118927,map,3.0215673447,-1.9843966961,-0.5129644871,0.1144457068,0.0304574024,0.9706256920,0.2094284884,0.04312841423 0 0 0 0 0 0 0.04312841423 0 0 0 0 0 0 0.09466317761 0 0 0 0 0 0 0.0007573103585 0 0 0 0 0 0 0.0007573103585 0 0 0 0 0 0 0.001313766626
798,1785495508.946329117,map,3.0239763260,-1.9748220444,-0.5147734284,0.1145754512,0.0297905423,0.9706297910,0.2094344587,0.04339937269 0 0 0 0 0 0 0.04339937269 0 0 0 0 0 0 0.09506440489 0 0 0 0 0 0 0.0007635801178 0 0 0 0 0 0 0.0007635801178 0 0 0 0 0 0 0.001322020493
799,1785495509.046408892,map,3.0262184143,-1.9821491241,-0.5179912448,0.1146634107,0.0303326159,0.9706128652,0.2093869492,0.04324325692 0 0 0 0 0 0 0.04324325692 0 0 0 0 0 0 0.09483328308 0 0 0 0 0 0 0.0007599669664 0 0 0 0 0 0 0.0007599669664 0 0 0 0 0 0 0.001317264935
800,1785495509.145608902,map,3.0274989605,-1.9804586172,-0.5163887143,0.1144337557,0.0303262423,0.9706209021,0.2094762309,0.04289841922 0 0 0 0 0 0 0.04289841922 0 0 0 0 0 0 0.09432228636 0 0 0 0 0 0 0.0007519933563 0 0 0 0 0 0 0.0007519933563 0 0 0 0 0 0 0.001306760578
801,1785495509.245861053,map,3.0272440910,-1.9820815325,-0.5110772252,0.1144361223,0.0301442892,0.9706054193,0.2095729230,0.04333074776 0 0 0 0 0 0 0.04333074776 0 0 0 0 0 0 0.09496282567 0 0 0 0 0 0 0.0007619916055 0 0 0 0 0 0 0.0007619916055 0 0 0 0 0 0 0.001319930058
802,1785495509.346220970,map,3.0220248699,-1.9794708490,-0.5162885189,0.1147747142,0.0306217498,0.9705767789,0.2094511331,0.04308184088 0 0 0 0 0 0 0.04308184088 0 0 0 0 0 0 0.094594172 0 0 0 0 0 0 0.0007562333159 0 0 0 0 0 0 0.0007562333159 0 0 0 0 0 0 0.001312347921
803,1785495509.445620060,map,3.0151472092,-1.9852688313,-0.5184734464,0.1147754184,0.0309188080,0.9706074689,0.2092648028,0.04309705693 0 0 0 0 0 0 0.04309705693 0 0 0 0 0 0 0.09461671826 0 0 0 0 0 0 0.0007565851779 0 0 0 0 0 0 0.0007565851779 0 0 0 0 0 0 0.001312811428
804,1785495509.546011925,map,3.0182943344,-1.9880475998,-0.5168130994,0.1147372506,0.0314791427,0.9706004374,0.2092348078,0.04297705229 0 0 0 0 0 0 0.04297705229 0 0 0 0 0 0 0.09443886715 0 0 0 0 0 0 0.0007538106796 0 0 0 0 0 0 0.0007538106796 0 0 0 0 0 0 0.001309155878
805,1785495509.645236969,map,3.0166988373,-1.9863846302,-0.5152819157,0.1150756806,0.0302381724,0.9705542176,0.2094462757,0.04302103716 0 0 0 0 0 0 0.04302103716 0 0 0 0 0 0 0.09450406364 0 0 0 0 0 0 0.0007548274639 0 0 0 0 0 0 0.0007548274639 0 0 0 0 0 0 0.001310495734
806,1785495509.745548964,map,3.0208346844,-1.9843087196,-0.5168498158,0.1148569813,0.0305041165,0.9705866508,0.2093774898,0.04299697206 0 0 0 0 0 0 0.04299697206 0 0 0 0 0 0 0.09446839454 0 0 0 0 0 0 0.0007542711381 0 0 0 0 0 0 0.0007542711381 0 0 0 0 0 0 0.001309762669
807,1785495509.846002102,map,3.0174362659,-1.9863362312,-0.5145201683,0.1149361018,0.0307029083,0.9705410137,0.2095165499,0.04306625492 0 0 0 0 0 0 0.04306625492 0 0 0 0 0 0 0.09457107629 0 0 0 0 0 0 0.0007558729206 0 0 0 0 0 0 0.0007558729206 0 0 0 0 0 0 0.001311873145
808,1785495509.945202112,map,3.0187158585,-1.9763677120,-0.5155175924,0.1149030841,0.0303709951,0.9705350489,0.2096105807,0.04294962585 0 0 0 0 0 0 0.04294962585 0 0 0 0 0 0 0.09439820886 0 0 0 0 0 0 0.000753176755 0 0 0 0 0 0 0.000753176755 0 0 0 0 0 0 0.001308320421
809,1785495510.045433044,map,3.0195767879,-1.9794992208,-0.5173945427,0.1147963095,0.0309539183,0.9705584320,0.2094755429,0.0432482315 0 0 0 0 0 0 0.0432482315 0 0 0 0 0 0 0.0948406498 0 0 0 0 0 0 0.0007600820668 0 0 0 0 0 0 0.0007600820668 0 0 0 0 0 0 0.001317416469
810,1785495510.145792961,map,3.0098345280,-1.9793924093,-0.5124014616,0.1149194093,0.0311398108,0.9705678819,0.2093366081,0.04284094838 0 0 0 0 0 0 0.04284094838 0 0 0 0 0 0 0.09423705853 0 0 0 0 0 0 0.0007506654576 0 0 0 0 0 0 0.0007506654576 0 0 0 0 0 0 0.001305009916
811,1785495510.244911909,map,3.0176594257,-1.9787759781,-0.5145625472,0.1147564092,0.0304886323,0.9706344043,0.2092134617,0.04282177266 0 0 0 0 0 0 0.04282177266 0 0 0 0 0 0 0.09420861726 0 0 0 0 0 0 0.0007502224539 0 0 0 0 0 0 0.0007502224539 0 0 0 0 0 0 0.00130442579
812,1785495510.344995022,map,3.0057148933,-1.9868500233,-0.5138859749,0.1151411354,0.0307131970,0.9706001918,0.2091279227,0.04313527065 0 0 0 0 0 0 0.04313527065 0 0 0 0 0 0 0.09467333543 0 0 0 0 0 0 0.0007574689338 0 0 0 0 0 0 0.0007574689338 0 0 0 0 0 0 0.001313975485
813,1785495510.445111036,map,3.0064587593,-1.9898949862,-0.5133821368,0.1152108526,0.0309875590,0.9705510318,0.2092771711,0.0430771787 0 0 0 0 0 0 0.0430771787 0 0 0 0 0 0 0.0945872636 0 0 0 0 0 0 0.0007561255099 0 0 0 0 0 0 0.0007561255099 0 0 0 0 0 0 0.001312205903
814,1785495510.545259953,map,3.0184426308,-1.9842559099,-0.5120658875,0.1151185051,0.0304701485,0.9705841790,0.2092501958,0.04320666851 0 0 0 0 0 0 0.04320666851 0 0 0 0 0 0 0.09477909616 0 0 0 0 0 0 0.0007591204606 0 0 0 0 0 0 0.0007591204606 0 0 0 0 0 0 0.001316150388
815,1785495510.645535946,map,3.0340723991,-1.9812612534,-0.5205109715,0.1140491224,0.0294364833,0.9706777650,0.2095494280,0.04345708413 0 0 0 0 0 0 0.04345708413 0 0 0 0 0 0 0.09514980969 0 0 0 0 0 0 0.0007649163145 0 0 0 0 0 0 0.0007649163145 0 0 0 0 0 0 0.001323778484
816,1785495510.745632887,map,3.0218441486,-1.9859246016,-0.5243382454,0.1145238335,0.0304443651,0.9706014277,0.2095001082,0.04287422518 0 0 0 0 0 0 0.04287422518 0 0 0 0 0 0 0.09428640947 0 0 0 0 0 0 0.0007514343038 0 0 0 0 0 0 0.0007514343038 0 0 0 0 0 0 0.001306023585
817,1785495510.845674038,map,3.0195038319,-1.9899636507,-0.5194006562,0.1143799740,0.0304391005,0.9705531505,0.2098029474,0.04336249062 0 0 0 0 0 0 0.04336249062 0 0 0 0 0 0 0.09500981496 0 0 0 0 0 0 0.0007627263316 0 0 0 0 0 0 0.0007627263316 0 0 0 0 0 0 0.001320897001
818,1785495510.945910931,map,3.0188131332,-1.9898341894,-0.5241251588,0.1145998989,0.0305046952,0.9705183287,0.2098344577,0.04331286822 0 0 0 0 0 0 0.04331286822 0 0 0 0 0 0 0.09493635592 0 0 0 0 0 0 0.0007615777996 0 0 0 0 0 0 0.0007615777996 0 0 0 0 0 0 0.001319385416
819,1785495511.046080112,map,3.0125286579,-1.9727983475,-0.5216302276,0.1146560618,0.0293402887,0.9705593763,0.2097799383,0.04293037966 0 0 0 0 0 0 0.04293037966 0 0 0 0 0 0 0.09436967486 0 0 0 0 0 0 0.0007527319441 0 0 0 0 0 0 0.0007527319441 0 0 0 0 0 0 0.001307734148
820,1785495511.146358013,map,3.0091147423,-1.9764505625,-0.5144910216,0.1152337749,0.0310111412,0.9705728870,0.2091596681,0.04334227012 0 0 0 0 0 0 0.04334227012 0 0 0 0 0 0 0.09497988299 0 0 0 0 0 0 0.0007622582944 0 0 0 0 0 0 0.0007622582944 0 0 0 0 0 0 0.001320281049
821,1785495511.245685101,map,3.0155646801,-1.9726719856,-0.5145307779,0.1148400260,0.0302541959,0.9706024333,0.2093498589,0.04307777982 0 0 0 0 0 0 0.04307777982 0 0 0 0 0 0 0.09458815434 0 0 0 0 0 0 0.0007561394099 0 0 0 0 0 0 0.0007561394099 0 0 0 0 0 0 0.001312224214
822,1785495511.345772982,map,3.0179064274,-1.9761745930,-0.5162201524,0.1150966277,0.0306050957,0.9705505481,0.2093984667,0.04327584784 0 0 0 0 0 0 0.04327584784 0 0 0 0 0 0 0.09488154353 0 0 0 0 0 0 0.0007607210823 0 0 0 0 0 0 0.0007607210823 0 0 0 0 0 0 0.001318257711
823,1785495511.446065903,map,3.0176336765,-1.9765889645,-0.5149749517,0.1149574341,0.0301170332,0.9705675978,0.2094666635,0.04341291633 0 0 0 0 0 0 0.04341291633 0 0 0 0 0 0 0.09508444921 0 0 0 0 0 0 0.0007638936693 0 0 0 0 0 0 0.0007638936693 0 0 0 0 0 0 0.001322433056
824,1785495511.545387983,map,3.0243992805,-1.9670544863,-0.5180386305,0.1147345583,0.0292502404,0.9705983418,0.2095692159,0.04328677135 0 0 0 0 0 0 0.04328677135 0 0 0 0 0 0 0.09489771768 0 0 0 0 0 0 0.0007609738598 0 0 0 0 0 0 0.0007609738598 0 0 0 0 0 0 0.00131859046
825,1785495511.645665884,map,3.0228934288,-1.9699018002,-0.5110954046,0.1145288439,0.0297657803,0.9706194667,0.2095113058,0.04309475715 0 0 0 0 0 0 0.04309475715 0 0 0 0 0 0 0.09461331066 0 0 0 0 0 0 0.0007565319955 0 0 0 0 0 0 0.0007565319955 0 0 0 0 0 0 0.001312741373
826,1785495511.745943069,map,3.0100431442,-1.9670575857,-0.5175521970,0.1146745226,0.0295581518,0.9705741689,0.2096708288,0.04316966202 0 0 0 0 0 0 0.04316966202 0 0 0 0 0 0 0.09472428247 0 0 0 0 0 0 0.0007582643976 0 0 0 0 0 0 0.0007582643976 0 0 0 0 0 0 0.001315023106
827,1785495511.845134020,map,3.0158541203,-1.9749671221,-0.5082646608,0.1144713812,0.0302955143,0.9705783910,0.2096570433,0.04288520771 0 0 0 0 0 0 0.04288520771 0 0 0 0 0 0 0.09430269566 0 0 0 0 0 0 0.0007516880712 0 0 0 0 0 0 0.0007516880712 0 0 0 0 0 0 0.001306358132
828,1785495511.945416927,map,3.0204954147,-1.9726471901,-0.5132949948,0.1146266745,0.0304979343,0.9705721270,0.2095718057,0.04280567278 0 0 0 0 0 0 0.04280567278 0 0 0 0 0 0 0.09418473646 0 0 0 0 0 0 0.0007498505337 0 0 0 0 0 0 0.0007498505337 0 0 0 0 0 0 0.001303935359
829,1785495512.045608997,map,3.0212519169,-1.9683511257,-0.5100049376,0.1146172218,0.0301258341,0.9705828126,0.2095813662,0.04304463874 0 0 0 0 0 0 0.04304463874 0 0 0 0 0 0 0.09453904257 0 0 0 0 0 0 0.0007553731221 0 0 0 0 0 0 0.0007553731221 0 0 0 0 0 0 0.001311214679
830,1785495512.145756960,map,3.0212259293,-1.9666005373,-0.5118690729,0.1148488576,0.0300185314,0.9705860520,0.2094548663,0.04314139148 0 0 0 0 0 0 0.04314139148 0 0 0 0 0 0 0.09468240325 0 0 0 0 0 0 0.0007576104996 0 0 0 0 0 0 0.0007576104996 0 0 0 0 0 0 0.001314161936
831,1785495512.245975971,map,3.0222854614,-1.9704793692,-0.5187833905,0.1147705721,0.0296278171,0.9705869118,0.2095494071,0.04293406702 0 0 0 0 0 0 0.04293406702 0 0 0 0 0 0 0.09437514183 0 0 0 0 0 0 0.0007528171627 0 0 0 0 0 0 0.0007528171627 0 0 0 0 0 0 0.001307846472
832,1785495512.345247984,map,3.0212695599,-1.9862327576,-0.5161644816,0.1150884703,0.0303813352,0.9705674520,0.2093572124,0.04305083182 0 0 0 0 0 0 0.04305083182 0 0 0 0 0 0 0.09454822057 0 0 0 0 0 0 0.0007555163114 0 0 0 0 0 0 0.0007555163114 0 0 0 0 0 0 0.001311403331
833,1785495512.445555925,map,3.0183243752,-1.9857636690,-0.5209069252,0.1152855939,0.0304681497,0.9705460112,0.2093355371,0.04315799892 0 0 0 0 0 0 0.04315799892 0 0 0 0 0 0 0.0947070056 0 0 0 0 0 0 0.0007579946217 0 0 0 0 0 0 0.0007579946217 0 0 0 0 0 0 0.001314667827
834,1785495512.545857906,map,3.0279564857,-1.9843202829,-0.5217308998,0.1151462139,0.0304691921,0.9706378124,0.2089861710,0.04315699104 0 0 0 0 0 0 0.04315699104 0 0 0 0 0 0 0.09470551257 0 0 0 0 0 0 0.0007579713093 0 0 0 0 0 0 0.0007579713093 0 0 0 0 0 0 0.001314637126
835,1785495512.645134926,map,3.0282101631,-1.9856071472,-0.5201375484,0.1149037794,0.0304508101,0.9706536401,0.2090487294,0.04315275939 0 0 0 0 0 0 0.04315275939 0 0 0 0 0 0 0.09469924391 0 0 0 0 0 0 0.0007578734315 0 0 0 0 0 0 0.0007578734315 0 0 0 0 0 0 0.001314508222
836,1785495512.745363951,map,3.0311686993,-1.9842097759,-0.5178247690,0.1144976304,0.0303703699,0.9706805896,0.2091581366,0.04262232428 0 0 0 0 0 0 0.04262232428 0 0 0 0 0 0 0.09391267389 0 0 0 0 0 0 0.0007456166116 0 0 0 0 0 0 0.0007456166116 0 0 0 0 0 0 0.001298350245
837,1785495512.845575094,map,3.0255646706,-1.9864498377,-0.5194213390,0.1146480178,0.0301490677,0.9706564572,0.2092197309,0.04341791882 0 0 0 0 0 0 0.04341791882 0 0 0 0 0 0 0.09509185255 0 0 0 0 0 0 0.000764009487 0 0 0 0 0 0 0.000764009487 0 0 0 0 0 0 0.00132258544
838,1785495512.945595026,map,3.0338861942,-1.9804203510,-0.5202402472,0.1146880234,0.0294421610,0.9706494798,0.2093309000,0.04338075456 0 0 0 0 0 0 0.04338075456 0 0 0 0 0 0 0.09503684874 0 0 0 0 0 0 0.0007631491108 0 0 0 0 0 0 0.0007631491108 0 0 0 0 0 0 0.001321453352
839,1785495513.045676947,map,3.0222740173,-1.9979355335,-0.5159058571,0.1142887703,0.0302794614,0.9706362158,0.2094912563,0.04313987523 0 0 0 0 0 0 0.04313987523 0 0 0 0 0 0 0.094680157 0 0 0 0 0 0 0.0007575754308 0 0 0 0 0 0 0.0007575754308 0 0 0 0 0 0 0.001314115748
840,1785495513.145844936,map,3.0197188854,-1.9958106279,-0.5150302649,0.1144739659,0.0303095099,0.9706447975,0.2093459721,0.04295910428 0 0 0 0 0 0 0.04295910428 0 0 0 0 0 0 0.09441226062 0 0 0 0 0 0 0.0007533958286 0 0 0 0 0 0 0.0007533958286 0 0 0 0 0 0 0.00130860915
841,1785495513.244992971,map,3.0210020542,-1.9969893694,-0.5070812702,0.1146691958,0.0296621994,0.9706068778,0.2095075599,0.0428785138 0 0 0 0 0 0 0.0428785138 0 0 0 0 0 0 0.09429276922 0 0 0 0 0 0 0.0007515333973 0 0 0 0 0 0 0.0007515333973 0 0 0 0 0 0 0.001306154224
842,1785495513.345056057,map,3.0219736099,-1.9960567951,-0.5100702047,0.1146473446,0.0299016152,0.9706034081,0.2095015460,0.04318215855 0 0 0 0 0 0 0.04318215855 0 0 0 0 0 0 0.09474279308 0 0 0 0 0 0 0.0007585534642 0 0 0 0 0 0 0.0007585534642 0 0 0 0 0 0 0.001315403772
843,1785495513.445218086,map,3.0223157406,-1.9997969866,-0.5182267427,0.1147431207,0.0295028263,0.9706424026,0.2093249346,0.04314925823 0 0 0 0 0 0 0.04314925823 0 0 0 0 0 0 0.09469405729 0 0 0 0 0 0 0.0007577924509 0 0 0 0 0 0 0.0007577924509 0 0 0 0 0 0 0.001314401571
844,1785495513.545351028,map,3.0308268070,-2.0042185783,-0.5181231499,0.1145414532,0.0302230280,0.9706904221,0.2091098649,0.04334304146 0 0 0 0 0 0 0.04334304146 0 0 0 0 0 0 0.09498102482 0 0 0 0 0 0 0.0007622761476 0 0 0 0 0 0 0.0007622761476 0 0 0 0 0 0 0.001320304546
845,1785495513.644817114,map,3.0287933350,-2.0009839535,-0.5197941065,0.1146525063,0.0302871552,0.9706635880,0.2091642640,0.04317136534 0 0 0 0 0 0 0.04317136534 0 0 0 0 0 0 0.09472680558 0 0 0 0 0 0 0.0007583037977 0 0 0 0 0 0 0.0007583037977 0 0 0 0 0 0 0.001315074992
846,1785495513.745017052,map,3.0310266018,-2.0071096420,-0.5218033791,0.1144340371,0.0307014263,0.9707015285,0.2090474119,0.04302471576 0 0 0 0 0 0 0.04302471576 0 0 0 0 0 0 0.09450951575 0 0 0 0 0 0 0.0007549125084 0 0 0 0 0 0 0.0007549125084 0 0 0 0 0 0 0.00131060779
847,1785495513.845057964,map,3.0290935040,-2.0027675629,-0.5193220377,0.1144562922,0.0305926191,0.9706831379,0.2091365487,0.04363417239 0 0 0 0 0 0 0.04363417239 0 0 0 0 0 0 0.09541176083 0 0 0 0 0 0 0.0007690181961 0 0 0 0 0 0 0.0007690181961 0 0 0 0 0 0 0.001329172901
848,1785495513.945000887,map,3.0335314274,-1.9978575706,-0.5151266456,0.1143691955,0.0303791583,0.9707093728,0.2090935556,0.04311326067 0 0 0 0 0 0 0.04311326067 0 0 0 0 0 0 0.0946407266 0 0 0 0 0 0 0.0007569599012 0 0 0 0 0 0 0.0007569599012 0 0 0 0 0 0 0.001313305022
849,1785495514.045028925,map,3.0370211601,-2.0001051426,-0.5189712644,0.1143171521,0.0304135031,0.9707333274,0.2090058030,0.043324163 0 0 0 0 0 0 0.043324163 0 0 0 0 0 0 0.09495307747 0 0 0 0 0 0 0.000761839204 0 0 0 0 0 0 0.000761839204 0 0 0 0 0 0 0.001319729475
850,1785495514.145226002,map,3.0413064957,-1.9977548122,-0.5210844874,0.1142626290,0.0303472861,0.9707640585,0.2089024973,0.04313195402 0 0 0 0 0 0 0.04313195402 0 0 0 0 0 0 0.09466842186 0 0 0 0 0 0 0.0007573922262 0 0 0 0 0 0 0.0007573922262 0 0 0 0 0 0 0.001313874454
851,1785495514.245481968,map,3.0411171913,-1.9998543262,-0.5246772170,0.1142828689,0.0305836824,0.9707831843,0.2087679482,0.04315370855 0 0 0 0 0 0 0.04315370855 0 0 0 0 0 0 0.09470064997 0 0 0 0 0 0 0.0007578953852 0 0 0 0 0 0 0.0007578953852 0 0 0 0 0 0 0.001314537135
852,1785495514.344831944,map,3.0435247421,-1.9972784519,-0.5230607390,0.1141460664,0.0302726322,0.9708250802,0.2086933604,0.04325298152 0 0 0 0 0 0 0.04325298152 0 0 0 0 0 0 0.09484768383 0 0 0 0 0 0 0.0007601919729 0 0 0 0 0 0 0.0007601919729 0 0 0 0 0 0 0.001317561163
853,1785495514.445235014,map,3.0384721756,-1.9983381033,-0.5149196386,0.1142329756,0.0301109264,0.9707857553,0.2088520636,0.04304376241 0 0 0 0 0 0 0.04304376241 0 0 0 0 0 0 0.09453774386 0 0 0 0 0 0 0.000755352861 0 0 0 0 0 0 0.000755352861 0 0 0 0 0 0 0.001311187984
854,1785495514.544337034,map,3.0249342918,-1.9894605875,-0.5134044290,0.1150337077,0.0294053900,0.9706875514,0.2089694677,0.04288721109 0 0 0 0 0 0 0.04288721109 0 0 0 0 0 0 0.09430566644 0 0 0 0 0 0 0.0007517343633 0 0 0 0 0 0 0.0007517343633 0 0 0 0 0 0 0.001306419158
855,1785495514.644792080,map,3.0141384602,-2.0014464855,-0.5180669427,0.1149223889,0.0296258278,0.9706105317,0.2093570089,0.04295822192 0 0 0 0 0 0 0.04295822192 0 0 0 0 0 0 0.09441095256 0 0 0 0 0 0 0.0007533754346 0 0 0 0 0 0 0.0007533754346 0 0 0 0 0 0 0.001308582272
856,1785495514.744888067,map,3.0198733807,-1.9969034195,-0.5129835606,0.1146934880,0.0292658735,0.9706384419,0.2094037765,0.04359743195 0 0 0 0 0 0 0.04359743195 0 0 0 0 0 0 0.0953574281 0 0 0 0 0 0 0.0007681669642 0 0 0 0 0 0 0.0007681669642 0 0 0 0 0 0 0.001328053723
857,1785495514.844961882,map,3.0198094845,-1.9919611216,-0.5150336623,0.1146871560,0.0288893002,0.9706330763,0.2094843577,0.04314673105 0 0 0 0 0 0 0.04314673105 0 0 0 0 0 0 0.09469031349 0 0 0 0 0 0 0.0007577339989 0 0 0 0 0 0 0.0007577339989 0 0 0 0 0 0 0.001314324589
858,1785495514.945053101,map,3.0199160576,-1.9812867641,-0.5160730481,0.1145279437,0.0284178961,0.9706846040,0.2093971339,0.04275447917 0 0 0 0 0 0 0.04275447917 0 0 0 0 0 0 0.09410879172 0 0 0 0 0 0 0.0007486680684 0 0 0 0 0 0 0.0007486680684 0 0 0 0 0 0 0.001302375913
859,1785495515.044351101,map,3.0166409016,-2.0017375946,-0.5125539899,0.1145503194,0.0306025046,0.9706183153,0.2093843074,0.04334607507 0 0 0 0 0 0 0.04334607507 0 0 0 0 0 0 0.09498551554 0 0 0 0 0 0 0.0007623463636 0 0 0 0 0 0 0.0007623463636 0 0 0 0 0 0 0.001320396955
860,1785495515.144577026,map,3.0229747295,-1.9934481382,-0.5101401806,0.1144262467,0.0302816160,0.9706651615,0.2092816249,0.04355587862 0 0 0 0 0 0 0.04355587862 0 0 0 0 0 0 0.09529596899 0 0 0 0 0 0 0.0007672043594 0 0 0 0 0 0 0.0007672043594 0 0 0 0 0 0 0.001326787936
861,1785495515.244687080,map,3.0222024918,-1.9879148006,-0.5126058459,0.1142435955,0.0297946091,0.9706651538,0.2094512989,0.04296218831 0 0 0 0 0 0 0.04296218831 0 0 0 0 0 0 0.09441683259 0 0 0 0 0 0 0.0007534671111 0 0 0 0 0 0 0.0007534671111 0 0 0 0 0 0 0.001308703095
862,1785495515.344805002,map,3.0257806778,-1.9811953306,-0.5090111494,0.1145302823,0.0297763267,0.9706108541,0.2095489436,0.04297854248 0 0 0 0 0 0 0.04297854248 0 0 0 0 0 0 0.09444107617 0 0 0 0 0 0 0.0007538451253 0 0 0 0 0 0 0.0007538451253 0 0 0 0 0 0 0.001309201272
863,1785495515.444924116,map,3.0236835480,-1.9948775768,-0.5141530037,0.1143070594,0.0307296350,0.9706681781,0.2092674806,0.043150172 0 0 0 0 0 0 0.043150172 0 0 0 0 0 0 0.09469541096 0 0 0 0 0 0 0.000757813586 0 0 0 0 0 0 0.000757813586 0 0 0 0 0 0 0.001314429406
864,1785495515.544919014,map,3.0292134285,-1.9898968935,-0.5117335916,0.1144205503,0.0300224216,0.9706507463,0.2093889251,0.04335943759 0 0 0 0 0 0 0.04335943759 0 0 0 0 0 0 0.09500529577 0 0 0 0 0 0 0.0007626556619 0 0 0 0 0 0 0.0007626556619 0 0 0 0 0 0 0.001320804
865,1785495515.644021988,map,3.0263926983,-1.9867346287,-0.5119025111,0.1144294538,0.0295400624,0.9706746794,0.2093417380,0.04287061225 0 0 0 0 0 0 0.04287061225 0 0 0 0 0 0 0.09428105163 0 0 0 0 0 0 0.0007513508239 0 0 0 0 0 0 0.0007513508239 0 0 0 0 0 0 0.001305913529
866,1785495515.744318008,map,3.0346400738,-1.9818252325,-0.5124756694,0.1141888179,0.0291465682,0.9706844965,0.2094827016,0.04300876214 0 0 0 0 0 0 0.04300876214 0 0 0 0 0 0 0.09448587011 0 0 0 0 0 0 0.0007545436896 0 0 0 0 0 0 0.0007545436896 0 0 0 0 0 0 0.001310121815
867,1785495515.844588041,map,3.0205237865,-1.9731903076,-0.5149146318,0.1142721947,0.0286868304,0.9706101632,0.2098448100,0.0427951915 0 0 0 0 0 0 0.0427951915 0 0 0 0 0 0 0.09416918889 0 0 0 0 0 0 0.0007496084199 0 0 0 0 0 0 0.0007496084199 0 0 0 0 0 0 0.001303616081
868,1785495515.944588900,map,3.0192754269,-1.9834570885,-0.5162964463,0.1144017330,0.0299737283,0.9705875412,0.2096988988,0.04331038444 0 0 0 0 0 0 0.04331038444 0 0 0 0 0 0 0.09493267868 0 0 0 0 0 0 0.000761520317 0 0 0 0 0 0 0.000761520317 0 0 0 0 0 0 0.001319309756
869,1785495516.043812037,map,3.0173125267,-1.9849616289,-0.5168537498,0.1142939903,0.0301385482,0.9705973285,0.2096887625,0.04299518863 0 0 0 0 0 0 0.04299518863 0 0 0 0 0 0 0.09446575103 0 0 0 0 0 0 0.0007542299117 0 0 0 0 0 0 0.0007542299117 0 0 0 0 0 0 0.001309708342
870,1785495516.144254923,map,3.0185673237,-1.9767475128,-0.5219141245,0.1144096738,0.0298523012,0.9705724033,0.2097819665,0.04301653243 0 0 0 0 0 0 0.04301653243 0 0 0 0 0 0 0.09449738702 0 0 0 0 0 0 0.0007547233219 0 0 0 0 0 0 0.0007547233219 0 0 0 0 0 0 0.001310358512
871,1785495516.244421959,map,3.0139715672,-1.9819949865,-0.5070289373,0.1141242693,0.0293809724,0.9705809933,0.2099641518,0.04295795698 0 0 0 0 0 0 0.04295795698 0 0 0 0 0 0 0.09441055979 0 0 0 0 0 0 0.000753369311 0 0 0 0 0 0 0.000753369311 0 0 0 0 0 0 0.001308574202
872,1785495516.344643116,map,3.0126078129,-1.9773138762,-0.5203220844,0.1142802329,0.0300002503,0.9706281790,0.2095732746,0.0431125755 0 0 0 0 0 0 0.0431125755 0 0 0 0 0 0 0.09463971144 0 0 0 0 0 0 0.0007569440556 0 0 0 0 0 0 0.0007569440556 0 0 0 0 0 0 0.001313284151
873,1785495516.443768024,map,3.0115787983,-1.9772174358,-0.5118312836,0.1144375106,0.0296756456,0.9706301364,0.2095246235,0.0430459503 0 0 0 0 0 0 0.0430459503 0 0 0 0 0 0 0.09454098629 0 0 0 0 0 0 0.0007554034462 0 0 0 0 0 0 0.0007554034462 0 0 0 0 0 0 0.001311254631
874,1785495516.544085026,map,3.0043232441,-1.9767496586,-0.5160623193,0.1151706511,0.0297960295,0.9705324234,0.2095584388,0.04303502027 0 0 0 0 0 0 0.04303502027 0 0 0 0 0 0 0.09452478781 0 0 0 0 0 0 0.0007551507416 0 0 0 0 0 0 0.0007551507416 0 0 0 0 0 0 0.001310921683
875,1785495516.644361973,map,3.0170223713,-1.9898897409,-0.5152289867,0.1145431578,0.0295284092,0.9705731710,0.2097513864,0.0429810967 0 0 0 0 0 0 0.0429810967 0 0 0 0 0 0 0.09444486242 0 0 0 0 0 0 0.0007539041661 0 0 0 0 0 0 0.0007539041661 0 0 0 0 0 0 0.001309279078
876,1785495516.743752956,map,3.0206396580,-1.9869178534,-0.5074436665,0.1145809681,0.0294180858,0.9705909572,0.2096639397,0.04289850583 0 0 0 0 0 0 0.04289850583 0 0 0 0 0 0 0.09432241478 0 0 0 0 0 0 0.0007519953576 0 0 0 0 0 0 0.0007519953576 0 0 0 0 0 0 0.001306763216
877,1785495516.844223976,map,3.0183565617,-1.9889165163,-0.5063213706,0.1143733771,0.0292594673,0.9706342431,0.2095991152,0.0426299172 0 0 0 0 0 0 0.0426299172 0 0 0 0 0 0 0.09392394447 0 0 0 0 0 0 0.0007457918913 0 0 0 0 0 0 0.0007457918913 0 0 0 0 0 0 0.001298581538
878,1785495516.944396973,map,3.0204336643,-1.9903265238,-0.5077233315,0.1144298307,0.0297107907,0.9706330994,0.2095100903,0.04293290861 0 0 0 0 0 0 0.04293290861 0 0 0 0 0 0 0.09437342435 0 0 0 0 0 0 0.0007527903906 0 0 0 0 0 0 0.0007527903906 0 0 0 0 0 0 0.001307811185
879,1785495517.044775009,map,3.0199983120,-1.9958585501,-0.5098879337,0.1144132679,0.0299762131,0.9706553211,0.2093783127,0.04304256649 0 0 0 0 0 0 0.04304256649 0 0 0 0 0 0 0.0945359715 0 0 0 0 0 0 0.0007553252107 0 0 0 0 0 0 0.0007553252107 0 0 0 0 0 0 0.001311151554
880,1785495517.144017935,map,3.0279619694,-1.9910311699,-0.5151838064,0.1143481677,0.0297811677,0.9706821785,0.2093171860,0.04330915938 0 0 0 0 0 0 0.04330915938 0 0 0 0 0 0 0.09493086495 0 0 0 0 0 0 0.0007614919652 0 0 0 0 0 0 0.0007614919652 0 0 0 0 0 0 0.001319272438
881,1785495517.244299889,map,3.0291941166,-1.9917588234,-0.5085743666,0.1142691868,0.0296761782,0.9706692910,0.2094349627,0.04307433999 0 0 0 0 0 0 0.04307433999 0 0 0 0 0 0 0.09458305715 0 0 0 0 0 0 0.0007560598698 0 0 0 0 0 0 0.0007560598698 0 0 0 0 0 0 0.001312119431
882,1785495517.344644070,map,3.0306844711,-1.9809560776,-0.5137066841,0.1143435573,0.0288395292,0.9706630967,0.2095399527,0.04367313705 0 0 0 0 0 0 0.04367313705 0 0 0 0 0 0 0.0954693747 0 0 0 0 0 0 0.0007699210836 0 0 0 0 0 0 0.0007699210836 0 0 0 0 0 0 0.001330359832
883,1785495517.444957972,map,3.0178544521,-1.9868781567,-0.5202219486,0.1146090619,0.0294257820,0.9706012741,0.2095997560,0.0430139318 0 0 0 0 0 0 0.0430139318 0 0 0 0 0 0 0.09449353248 0 0 0 0 0 0 0.0007546632005 0 0 0 0 0 0 0.0007546632005 0 0 0 0 0 0 0.001310279292
884,1785495517.545160055,map,3.0062441826,-1.9838991165,-0.5203749537,0.1150609468,0.0298553819,0.9705164862,0.2096840353,0.04307310791 0 0 0 0 0 0 0.04307310791 0 0 0 0 0 0 0.09458123141 0 0 0 0 0 0 0.0007560313804 0 0 0 0 0 0 0.0007560313804 0 0 0 0 0 0 0.001312081899
885,1785495517.644429922,map,3.0081233978,-1.9789772034,-0.5187632442,0.1151292763,0.0294314081,0.9705034047,0.2097669867,0.04305045646 0 0 0 0 0 0 0.04305045646 0 0 0 0 0 0 0.0945476643 0 0 0 0 0 0 0.0007555076326 0 0 0 0 0 0 0.0007555076326 0 0 0 0 0 0 0.001311391897
886,1785495517.744815111,map,3.0118584633,-1.9776835442,-0.5188496709,0.1149914719,0.0303528610,0.9705508475,0.2094916043,0.04308354711 0 0 0 0 0 0 0.04308354711 0 0 0 0 0 0 0.09459670026 0 0 0 0 0 0 0.0007562727705 0 0 0 0 0 0 0.0007562727705 0 0 0 0 0 0 0.001312399896
887,1785495517.845021009,map,3.0102155209,-1.9766104221,-0.5164697170,0.1150229146,0.0307060307,0.9705388719,0.2094783291,0.04326341959 0 0 0 0 0 0 0.04326341959 0 0 0 0 0 0 0.09486314055 0 0 0 0 0 0 0.0007604334966 0 0 0 0 0 0 0.0007604334966 0 0 0 0 0 0 0.001317879125
888,1785495517.945080042,map,3.0156009197,-1.9823094606,-0.5032377839,0.1155437390,0.0295790962,0.9706745489,0.2087238361,0.04314791139 0 0 0 0 0 0 0.04314791139 0 0 0 0 0 0 0.09469206207 0 0 0 0 0 0 0.0007577612993 0 0 0 0 0 0 0.0007577612993 0 0 0 0 0 0 0.001314360544
889,1785495518.045099020,map,3.0157344341,-1.9904326200,-0.5178242326,0.1153739854,0.0299263852,0.9705360161,0.2094113285,0.04320645127 0 0 0 0 0 0 0.04320645127 0 0 0 0 0 0 0.0947787744 0 0 0 0 0 0 0.0007591154349 0 0 0 0 0 0 0.0007591154349 0 0 0 0 0 0 0.00131614377
890,1785495518.145203114,map,3.0227181911,-1.9910310507,-0.5118783712,0.1154337214,0.0301746740,0.9705784601,0.2091458547,0.04306039346 0 0 0 0 0 0 0.04306039346 0 0 0 0 0 0 0.09456239026 0 0 0 0 0 0 0.0007557373909 0 0 0 0 0 0 0.0007557373909 0 0 0 0 0 0 0.001311694595
891,1785495518.244393110,map,3.0178596973,-1.9974724054,-0.5128478408,0.1150406587,0.0308380292,0.9706026712,0.2091533265,0.04298310182 0 0 0 0 0 0 0.04298310182 0 0 0 0 0 0 0.0944478347 0 0 0 0 0 0 0.000753950515 0 0 0 0 0 0 0.000753950515 0 0 0 0 0 0 0.001309340157
892,1785495518.344636917,map,3.0218539238,-1.9909956455,-0.5114711523,0.1149097173,0.0304359792,0.9706240033,0.2091852065,0.04321433873 0 0 0 0 0 0 0.04321433873 0 0 0 0 0 0 0.09479045627 0 0 0 0 0 0 0.0007592979088 0 0 0 0 0 0 0.0007592979088 0 0 0 0 0 0 0.001316384036
893,1785495518.444813967,map,3.0221428871,-1.9870035648,-0.5171834826,0.1149299510,0.0302345268,0.9705866661,0.2093764962,0.04318874827 0 0 0 0 0 0 0.04318874827 0 0 0 0 0 0 0.09475255381 0 0 0 0 0 0 0.0007587059012 0 0 0 0 0 0 0.0007587059012 0 0 0 0 0 0 0.001315604506
894,1785495518.544967890,map,3.0285942554,-1.9773778915,-0.5177271962,0.1144749703,0.0299190360,0.9706628357,0.2093179261,0.04304888712 0 0 0 0 0 0 0.04304888712 0 0 0 0 0 0 0.09454533859 0 0 0 0 0 0 0.000755471348 0 0 0 0 0 0 0.000755471348 0 0 0 0 0 0 0.001311344092
895,1785495518.644928932,map,3.0323383808,-1.9789661169,-0.5113595128,0.1144714019,0.0295133284,0.9706645858,0.2093693216,0.04294109173 0 0 0 0 0 0 0.04294109173 0 0 0 0 0 0 0.09438555661 0 0 0 0 0 0 0.0007529795136 0 0 0 0 0 0 0.0007529795136 0 0 0 0 0 0 0.001308060456
896,1785495518.744162083,map,3.0164666176,-1.9743970633,-0.5166369081,0.1146701767,0.0289318409,0.9706550371,0.2093859730,0.04311800703 0 0 0 0 0 0 0.04311800703 0 0 0 0 0 0 0.09464775878 0 0 0 0 0 0 0.0007570696684 0 0 0 0 0 0 0.0007570696684 0 0 0 0 0 0 0.001313449605
897,1785495518.844391108,map,3.0150847435,-1.9677541256,-0.5170020461,0.1143870635,0.0286254619,0.9706393553,0.2096555195,0.04331116715 0 0 0 0 0 0 0.04331116715 0 0 0 0 0 0 0.09493383749 0 0 0 0 0 0 0.0007615384313 0 0 0 0 0 0 0.0007615384313 0 0 0 0 0 0 0.001319333598
898,1785495518.944637060,map,3.0224170685,-1.9675906897,-0.5173710585,0.1144381688,0.0283616889,0.9706033621,0.2098299837,0.04312323858 0 0 0 0 0 0 0.04312323858 0 0 0 0 0 0 0.09465550969 0 0 0 0 0 0 0.0007571906589 0 0 0 0 0 0 0.0007571906589 0 0 0 0 0 0 0.001313608967
899,1785495519.044749975,map,3.0199198723,-1.9870810509,-0.5123058558,0.1145341285,0.0299404820,0.9706091269,0.2095314540,0.04334310231 0 0 0 0 0 0 0.04334310231 0 0 0 0 0 0 0.09498111489 0 0 0 0 0 0 0.000762277556 0 0 0 0 0 0 0.000762277556 0 0 0 0 0 0 0.001320306399
900,1785495519.145024061,map,3.0246953964,-1.9752982855,-0.5145840049,0.1146280250,0.0291618871,0.9705823366,0.2097139483,0.04318241614 0 0 0 0 0 0 0.04318241614 0 0 0 0 0 0 0.09474317462 0 0 0 0 0 0 0.0007585594228 0 0 0 0 0 0 0.0007585594228 0 0 0 0 0 0 0.001315411618
901,1785495519.244415045,map,3.0161631107,-1.9828035831,-0.5235487223,0.1150366742,0.0297644813,0.9705720732,0.2094528702,0.04286479241 0 0 0 0 0 0 0.04286479241 0 0 0 0 0 0 0.09427242089 0 0 0 0 0 0 0.0007512163539 0 0 0 0 0 0 0.0007512163539 0 0 0 0 0 0 0.001305736246
902,1785495519.344681978,map,3.0253512859,-1.9759395123,-0.5242760181,0.1145692758,0.0295841645,0.9706362619,0.2094371077,0.04265962776 0 0 0 0 0 0 0.04265962776 0 0 0 0 0 0 0.09396804228 0 0 0 0 0 0 0.0007464777962 0 0 0 0 0 0 0.0007464777962 0 0 0 0 0 0 0.001299486574
903,1785495519.444792986,map,3.0244209766,-1.9719238281,-0.5217931867,0.1146337432,0.0294325592,0.9706079832,0.2095542382,0.0430878437 0 0 0 0 0 0 0.0430878437 0 0 0 0 0 0 0.09460306679 0 0 0 0 0 0 0.0007563721253 0 0 0 0 0 0 0.0007563721253 0 0 0 0 0 0 0.001312530777
904,1785495519.544917107,map,3.0288541317,-1.9742612839,-0.5155608058,0.1144971883,0.0298205247,0.9706758461,0.2092594796,0.04365430492 0 0 0 0 0 0 0.04365430492 0 0 0 0 0 0 0.0954415302 0 0 0 0 0 0 0.0007694846903 0 0 0 0 0 0 0.0007694846903 0 0 0 0 0 0 0.001329786173
905,1785495519.644119978,map,3.0263769627,-1.9743436575,-0.5125287175,0.1143242096,0.0298745374,0.9706963092,0.2092514378,0.04317421695 0 0 0 0 0 0 0.04317421695 0 0 0 0 0 0 0.09473102961 0 0 0 0 0 0 0.0007583697596 0 0 0 0 0 0 0.0007583697596 0 0 0 0 0 0 0.001315161857
906,1785495519.744319916,map,3.0313119888,-1.9728162289,-0.5149428248,0.1141910302,0.0297775256,0.9707218683,0.2092194407,0.04310349315 0 0 0 0 0 0 0.04310349315 0 0 0 0 0 0 0.0946262547 0 0 0 0 0 0 0.0007567340176 0 0 0 0 0 0 0.0007567340176 0 0 0 0 0 0 0.001313007487
907,1785495519.844630003,map,3.0278739929,-1.9789514542,-0.5158990622,0.1140466532,0.0300375641,0.9707253375,0.2092448887,0.04326934939 0 0 0 0 0 0 0.04326934939 0 0 0 0 0 0 0.09487192113 0 0 0 0 0 0 0.0007605707086 0 0 0 0 0 0 0.0007605707086 0 0 0 0 0 0 0.001318059757
908,1785495519.944696903,map,3.0322144032,-1.9750914574,-0.5160138607,0.1143393142,0.0298685072,0.9706739655,0.2093476488,0.0430127863 0 0 0 0 0 0 0.0430127863 0 0 0 0 0 0 0.09449183464 0 0 0 0 0 0 0.0007546367187 0 0 0 0 0 0 0.0007546367187 0 0 0 0 0 0 0.001310244398
909,1785495520.044087887,map,3.0165567398,-1.9849529266,-0.5116584897,0.1148335340,0.0306487610,0.9706097794,0.2092619711,0.04307893893 0 0 0 0 0 0 0.04307893893 0 0 0 0 0 0 0.09458987191 0 0 0 0 0 0 0.0007561662124 0 0 0 0 0 0 0.0007561662124 0 0 0 0 0 0 0.001312259522
910,1785495520.144352913,map,3.0266149044,-1.9837739468,-0.5134642720,0.1146424623,0.0303956505,0.9706661900,0.2091419656,0.04311203574 0 0 0 0 0 0 0.04311203574 0 0 0 0 0 0 0.09463891173 0 0 0 0 0 0 0.0007569315731 0 0 0 0 0 0 0.0007569315731 0 0 0 0 0 0 0.001313267709
911,1785495520.244415998,map,3.0192754269,-1.9662312269,-0.5188659430,0.1144383946,0.0303584438,0.9705954248,0.2095870637,0.04314800855 0 0 0 0 0 0 0.04314800855 0 0 0 0 0 0 0.094692206 0 0 0 0 0 0 0.0007577635465 0 0 0 0 0 0 0.0007577635465 0 0 0 0 0 0 0.001314363503
912,1785495520.343822956,map,3.0112340450,-1.9704527855,-0.5165967941,0.1146410100,0.0311587015,0.9706021876,0.2093274052,0.04328564684 0 0 0 0 0 0 0.04328564684 0 0 0 0 0 0 0.09489605268 0 0 0 0 0 0 0.0007609478374 0 0 0 0 0 0 0.0007609478374 0 0 0 0 0 0 0.001318556205
913,1785495520.444072962,map,3.0185265541,-1.9678734541,-0.5100157857,0.1146115496,0.0307974038,0.9705948338,0.2094310937,0.04312996054 0 0 0 0 0 0 0.04312996054 0 0 0 0 0 0 0.09466546851 0 0 0 0 0 0 0.0007573461213 0 0 0 0 0 0 0.0007573461213 0 0 0 0 0 0 0.00131381373
914,1785495520.544359922,map,3.0208246708,-1.9624745846,-0.5081978440,0.1148818380,0.0302018481,0.9705923850,0.2093810581,0.04326091992 0 0 0 0 0 0 0.04326091992 0 0 0 0 0 0 0.09485943909 0 0 0 0 0 0 0.0007603756565 0 0 0 0 0 0 0.0007603756565 0 0 0 0 0 0 0.00131780298
915,1785495520.644486904,map,3.0246345997,-1.9663454294,-0.5159129500,0.1148250108,0.0304102922,0.9705620784,0.2095225195,0.04331007195 0 0 0 0 0 0 0.04331007195 0 0 0 0 0 0 0.09493221603 0 0 0 0 0 0 0.0007615130849 0 0 0 0 0 0 0.0007615130849 0 0 0 0 0 0 0.001319300237
916,1785495520.743599892,map,3.0237467289,-1.9975687265,-0.5078509450,0.1151120661,0.0297411665,0.9707264965,0.2086977841,0.0429759384 0 0 0 0 0 0 0.0429759384 0 0 0 0 0 0 0.09443721594 0 0 0 0 0 0 0.0007537849323 0 0 0 0 0 0 0.0007537849323 0 0 0 0 0 0 0.001309121947
917,1785495520.843988895,map,3.0281825066,-1.9994714260,-0.5075968504,0.1148163328,0.0298416146,0.9707615180,0.2086833859,0.04295852473 0 0 0 0 0 0 0.04295852473 0 0 0 0 0 0 0.09441140146 0 0 0 0 0 0 0.0007533824334 0 0 0 0 0 0 0.0007533824334 0 0 0 0 0 0 0.001308591496
918,1785495520.944109917,map,3.0280277729,-2.0006792545,-0.5092259049,0.1147757933,0.0304014506,0.9707438961,0.2087069069,0.04308565478 0 0 0 0 0 0 0.04308565478 0 0 0 0 0 0 0.09459982334 0 0 0 0 0 0 0.0007563215083 0 0 0 0 0 0 0.0007563215083 0 0 0 0 0 0 0.001312464099
919,1785495521.044321060,map,3.0288541317,-1.9948130846,-0.5109901428,0.1146667486,0.0305256694,0.9706961096,0.2089707723,0.04336284049 0 0 0 0 0 0 0.04336284049 0 0 0 0 0 0 0.09501033285 0 0 0 0 0 0 0.0007627344304 0 0 0 0 0 0 0.0007627344304 0 0 0 0 0 0 0.001320907659
920,1785495521.143558025,map,3.0342376232,-1.9913089275,-0.5139317513,0.1146826704,0.0299070035,0.9706452811,0.2092873620,0.04286653961 0 0 0 0 0 0 0.04286653961 0 0 0 0 0 0 0.09427501198 0 0 0 0 0 0 0.0007512567234 0 0 0 0 0 0 0.0007512567234 0 0 0 0 0 0 0.001305789469
921,1785495521.243730068,map,3.0346698761,-1.9946329594,-0.5142509937,0.1143973178,0.0302442585,0.9706767134,0.2092492606,0.04311580883 0 0 0 0 0 0 0.04311580883 0 0 0 0 0 0 0.09464450196 0 0 0 0 0 0 0.0007570188313 0 0 0 0 0 0 0.0007570188313 0 0 0 0 0 0 0.001313382644
922,1785495521.344048977,map,3.0282685757,-2.0039362907,-0.5182390213,0.1147350769,0.0315952629,0.9707406802,0.2085668361,0.0429472578 0 0 0 0 0 0 0.0429472578 0 0 0 0 0 0 0.09439469815 0 0 0 0 0 0 0.0007531220238 0 0 0 0 0 0 0.0007531220238 0 0 0 0 0 0 0.001308248286
923,1785495521.443263054,map,3.0290400982,-1.9981703758,-0.5140662193,0.1147649720,0.0309707707,0.9707190591,0.2087446214,0.04311408223 0 0 0 0 0 0 0.04311408223 0 0 0 0 0 0 0.09464194383 0 0 0 0 0 0 0.0007569789009 0 0 0 0 0 0 0.0007569789009 0 0 0 0 0 0 0.001313330048
924,1785495521.543438911,map,3.0365650654,-1.9874289036,-0.5134562254,0.1144893855,0.0302416674,0.9707381935,0.2089138505,0.04293929535 0 0 0 0 0 0 0.04293929535 0 0 0 0 0 0 0.09438289333 0 0 0 0 0 0 0.0007529379963 0 0 0 0 0 0 0.0007529379963 0 0 0 0 0 0 0.001308005736
925,1785495521.643712044,map,3.0341773033,-1.9877703190,-0.5179796815,0.1144023202,0.0301639607,0.9707481098,0.2089266676,0.04308143215 0 0 0 0 0 0 0.04308143215 0 0 0 0 0 0 0.09459356636 0 0 0 0 0 0 0.0007562238647 0 0 0 0 0 0 0.0007562238647 0 0 0 0 0 0 0.00131233547
926,1785495521.744071960,map,3.0400609970,-1.9838923216,-0.5163112879,0.1143718337,0.0300208148,0.9707023882,0.2091762895,0.04302510448 0 0 0 0 0 0 0.04302510448 0 0 0 0 0 0 0.09451009187 0 0 0 0 0 0 0.0007549214952 0 0 0 0 0 0 0.0007549214952 0 0 0 0 0 0 0.001310619631
927,1785495521.844289064,map,3.0408477783,-1.9836442471,-0.5118095279,0.1142998448,0.0298198707,0.9707327057,0.2091036500,0.04295563851 0 0 0 0 0 0 0.04295563851 0 0 0 0 0 0 0.09440712269 0 0 0 0 0 0 0.000753315724 0 0 0 0 0 0 0.000753315724 0 0 0 0 0 0 0.001308503577
928,1785495521.943259954,map,3.0383980274,-1.9698096514,-0.5154805779,0.1138413997,0.0282215993,0.9707691009,0.2094064070,0.04305017136 0 0 0 0 0 0 0.04305017136 0 0 0 0 0 0 0.0945472418 0 0 0 0 0 0 0.0007555010409 0 0 0 0 0 0 0.0007555010409 0 0 0 0 0 0 0.001311383212
929,1785495522.043515921,map,3.0293450356,-1.9706369638,-0.5191413760,0.1141192228,0.0281000298,0.9707794620,0.2092233834,0.0432080884 0 0 0 0 0 0 0.0432080884 0 0 0 0 0 0 0.09478119913 0 0 0 0 0 0 0.000759153309 0 0 0 0 0 0 0.000759153309 0 0 0 0 0 0 0.00131619364
930,1785495522.143769026,map,3.0125670433,-1.9955528975,-0.5162550807,0.1153891901,0.0316713425,0.9706430321,0.2086488802,0.04345842517 0 0 0 0 0 0 0.04345842517 0 0 0 0 0 0 0.09515179403 0 0 0 0 0 0 0.0007649473671 0 0 0 0 0 0 0.0007649473671 0 0 0 0 0 0 0.001323819334
931,1785495522.244071960,map,3.0142912865,-1.9875432253,-0.5169066191,0.1154568433,0.0308105947,0.9706389868,0.2087591551,0.04359640612 0 0 0 0 0 0 0.04359640612 0 0 0 0 0 0 0.09535591096 0 0 0 0 0 0 0.0007681431985 0 0 0 0 0 0 0.0007681431985 0 0 0 0 0 0 0.001328022474
932,1785495522.344444036,map,3.0227544308,-1.9845927954,-0.5205608606,0.1150836068,0.0310549999,0.9706606174,0.2088284515,0.04309029701 0 0 0 0 0 0 0.04309029701 0 0 0 0 0 0 0.09460670197 0 0 0 0 0 0 0.0007564288565 0 0 0 0 0 0 0.0007564288565 0 0 0 0 0 0 0.001312605509
933,1785495522.444097042,map,3.0219526291,-1.9814976454,-0.5183342695,0.1148101339,0.0312292945,0.9706664587,0.2089257820,0.04307754365 0 0 0 0 0 0 0.04307754365 0 0 0 0 0 0 0.09458780439 0 0 0 0 0 0 0.0007561339489 0 0 0 0 0 0 0.0007561339489 0 0 0 0 0 0 0.00131221702
934,1785495522.544342995,map,3.0265231133,-1.9751718044,-0.5168334246,0.1147567386,0.0309148655,0.9706742419,0.2089657320,0.04303359076 0 0 0 0 0 0 0.04303359076 0 0 0 0 0 0 0.0945226692 0 0 0 0 0 0 0.0007551176917 0 0 0 0 0 0 0.0007551176917 0 0 0 0 0 0 0.001310878138
935,1785495522.643683910,map,3.0176250935,-1.9696377516,-0.5072112679,0.1149761848,0.0295169987,0.9706667043,0.2090822144,0.04312758332 0 0 0 0 0 0 0.04312758332 0 0 0 0 0 0 0.0946619466 0 0 0 0 0 0 0.0007572911416 0 0 0 0 0 0 0.0007572911416 0 0 0 0 0 0 0.001313741315
936,1785495522.743927002,map,3.0205869675,-1.9672023058,-0.5153701305,0.1149836574,0.0294478324,0.9706566260,0.2091346388,0.04284187803 0 0 0 0 0 0 0.04284187803 0 0 0 0 0 0 0.09423843733 0 0 0 0 0 0 0.0007506869355 0 0 0 0 0 0 0.0007506869355 0 0 0 0 0 0 0.001305038235
937,1785495522.843981981,map,3.0249733925,-1.9728986025,-0.5132870078,0.1145168173,0.0296055183,0.9706886106,0.2092200310,0.04338922838 0 0 0 0 0 0 0.04338922838 0 0 0 0 0 0 0.09504939083 0 0 0 0 0 0 0.000763345275 0 0 0 0 0 0 0.000763345275 0 0 0 0 0 0 0.00132171148
938,1785495522.944346905,map,3.0325183868,-1.9754385948,-0.5165244341,0.1143531337,0.0303663392,0.9707406879,0.2089588197,0.04336824585 0 0 0 0 0 0 0.04336824585 0 0 0 0 0 0 0.09501833389 0 0 0 0 0 0 0.0007628595523 0 0 0 0 0 0 0.0007628595523 0 0 0 0 0 0 0.001321072315
939,1785495523.043668985,map,3.0327470303,-1.9785535336,-0.5134567618,0.1142828332,0.0299095814,0.9707051897,0.2092277559,0.04282843263 0 0 0 0 0 0 0.04282843263 0 0 0 0 0 0 0.09421849551 0 0 0 0 0 0 0.0007503763111 0 0 0 0 0 0 0.0007503763111 0 0 0 0 0 0 0.001304628664
940,1785495523.144290924,map,3.0302371979,-1.9757246971,-0.5174648166,0.1142291464,0.0296308779,0.9706992949,0.2093241256,0.04283084445 0 0 0 0 0 0 0.04283084445 0 0 0 0 0 0 0.09422207272 0 0 0 0 0 0 0.0007504320294 0 0 0 0 0 0 0.0007504320294 0 0 0 0 0 0 0.001304702132
941,1785495523.244436979,map,3.0271763802,-1.9831598997,-0.5133375525,0.1141851985,0.0296244614,0.9707021502,0.2093357369,0.04345632897 0 0 0 0 0 0 0.04345632897 0 0 0 0 0 0 0.09514869229 0 0 0 0 0 0 0.0007648988285 0 0 0 0 0 0 0.0007648988285 0 0 0 0 0 0 0.00132375548
942,1785495523.344692945,map,3.0214447975,-1.9875868559,-0.5147148371,0.1143079269,0.0301583177,0.9707066327,0.2091717060,0.04365827234 0 0 0 0 0 0 0.04365827234 0 0 0 0 0 0 0.09544739645 0 0 0 0 0 0 0.0007695766242 0 0 0 0 0 0 0.0007695766242 0 0 0 0 0 0 0.001329907027
943,1785495523.443953037,map,3.0214080811,-1.9898525476,-0.5151739717,0.1142406108,0.0303457359,0.9707053509,0.2091873638,0.04304909252 0 0 0 0 0 0 0.04304909252 0 0 0 0 0 0 0.09454564298 0 0 0 0 0 0 0.0007554760969 0 0 0 0 0 0 0.0007554760969 0 0 0 0 0 0 0.001311350349
944,1785495523.544178963,map,3.0230886936,-1.9821314812,-0.5160520077,0.1142964411,0.0300628633,0.9707374950,0.2090484316,0.04281609812 0 0 0 0 0 0 0.04281609812 0 0 0 0 0 0 0.09420020044 0 0 0 0 0 0 0.000750091365 0 0 0 0 0 0 0.000750091365 0 0 0 0 0 0 0.001304252934
945,1785495523.644186974,map,3.0182917118,-1.9833350182,-0.5123089552,0.1144878060,0.0299367610,0.9706961403,0.2091538725,0.04306322204 0 0 0 0 0 0 0.04306322204 0 0 0 0 0 0 0.09456658192 0 0 0 0 0 0 0.0007558027935 0 0 0 0 0 0 0.0007558027935 0 0 0 0 0 0 0.001311780758
946,1785495523.744321108,map,3.0252232552,-1.9832321405,-0.5156062841,0.1143793343,0.0300434173,0.9706808122,0.2092689861,0.04283538371 0 0 0 0 0 0 0.04283538371 0 0 0 0 0 0 0.09422880527 0 0 0 0 0 0 0.0007505368976 0 0 0 0 0 0 0.0007505368976 0 0 0 0 0 0 0.001304840406
947,1785495523.844635010,map,3.0172445774,-1.9865099192,-0.5157558322,0.1145664891,0.0305073428,0.9705823520,0.2095560260,0.04293315381 0 0 0 0 0 0 0.04293315381 0 0 0 0 0 0 0.09437378789 0 0 0 0 0 0 0.0007527960575 0 0 0 0 0 0 0.0007527960575 0 0 0 0 0 0 0.001307818654
948,1785495523.944710970,map,3.0177066326,-1.9808936119,-0.5152323842,0.1150188611,0.0302115959,0.9705910186,0.2093107613,0.04295082037 0 0 0 0 0 0 0.04295082037 0 0 0 0 0 0 0.09439997977 0 0 0 0 0 0 0.0007532043635 0 0 0 0 0 0 0.0007532043635 0 0 0 0 0 0 0.001308356808
949,1785495524.043858051,map,3.0162060261,-1.9838913679,-0.5113662481,0.1148531976,0.0302766515,0.9705586854,0.2095421441,0.04255229942 0 0 0 0 0 0 0.04255229942 0 0 0 0 0 0 0.09380871682 0 0 0 0 0 0 0.0007440003495 0 0 0 0 0 0 0.0007440003495 0 0 0 0 0 0 0.001296217166
950,1785495524.143997908,map,3.0269241333,-1.9761006832,-0.5096522570,0.1145673369,0.0300425187,0.9705938665,0.2095693762,0.04281306073 0 0 0 0 0 0 0.04281306073 0 0 0 0 0 0 0.09419569512 0 0 0 0 0 0 0.0007500211985 0 0 0 0 0 0 0.0007500211985 0 0 0 0 0 0 0.001304160409
951,1785495524.244055986,map,3.0207519531,-1.9797673225,-0.5116478205,0.1145208071,0.0305935455,0.9706330303,0.2093335802,0.0430321458 0 0 0 0 0 0 0.0430321458 0 0 0 0 0 0 0.09452052769 0 0 0 0 0 0 0.0007550842849 0 0 0 0 0 0 0.0007550842849 0 0 0 0 0 0 0.001310834122
952,1785495524.344192028,map,3.0202202797,-1.9731421471,-0.5120973587,0.1144547580,0.0302303639,0.9706468393,0.2093583888,0.04306923255 0 0 0 0 0 0 0.04306923255 0 0 0 0 0 0 0.09457548872 0 0 0 0 0 0 0.0007559417709 0 0 0 0 0 0 0.0007559417709 0 0 0 0 0 0 0.001311963849
953,1785495524.444226027,map,3.0156466961,-1.9754471779,-0.5152310133,0.1146097449,0.0301628133,0.9705943194,0.2095268131,0.04291062964 0 0 0 0 0 0 0.04291062964 0 0 0 0 0 0 0.09434039171 0 0 0 0 0 0 0.0007522755218 0 0 0 0 0 0 0.0007522755218 0 0 0 0 0 0 0.001307132528
954,1785495524.544424057,map,3.0175657272,-1.9722415209,-0.5127307177,0.1145742030,0.0302222786,0.9705925692,0.2095457906,0.04298742349 0 0 0 0 0 0 0.04298742349 0 0 0 0 0 0 0.09445424083 0 0 0 0 0 0 0.0007540504126 0 0 0 0 0 0 0.0007540504126 0 0 0 0 0 0 0.001309471803
955,1785495524.643392086,map,3.0101313591,-1.9725151062,-0.5117717385,0.1148201446,0.0304973853,0.9705712212,0.2094701803,0.04297101904 0 0 0 0 0 0 0.04297101904 0 0 0 0 0 0 0.09442992353 0 0 0 0 0 0 0.0007536712237 0 0 0 0 0 0 0.0007536712237 0 0 0 0 0 0 0.001308972094
956,1785495524.743753910,map,3.0137879848,-1.9722343683,-0.5093659759,0.1147841254,0.0306100112,0.9705627923,0.2095125547,0.04307766792 0 0 0 0 0 0 0.04307766792 0 0 0 0 0 0 0.09458798852 0 0 0 0 0 0 0.0007561368223 0 0 0 0 0 0 0.0007561368223 0 0 0 0 0 0 0.001312220805
957,1785495524.843930960,map,3.0176577568,-1.9714684486,-0.5082392693,0.1149067020,0.0301598391,0.9706031779,0.2093234840,0.04293935154 0 0 0 0 0 0 0.04293935154 0 0 0 0 0 0 0.09438297665 0 0 0 0 0 0 0.0007529392951 0 0 0 0 0 0 0.0007529392951 0 0 0 0 0 0 0.001308007447
958,1785495524.944238901,map,3.0177204609,-1.9800463915,-0.5177426934,0.1146602357,0.0315596223,0.9706334064,0.2091119084,0.04323117619 0 0 0 0 0 0 0.04323117619 0 0 0 0 0 0 0.09481539251 0 0 0 0 0 0 0.0007596874553 0 0 0 0 0 0 0.0007596874553 0 0 0 0 0 0 0.001316896934
959,1785495525.044450045,map,3.0184669495,-1.9790246487,-0.5148316026,0.1146105507,0.0308648799,0.9706199349,0.2093053239,0.0432534952 0 0 0 0 0 0 0.0432534952 0 0 0 0 0 0 0.09484844451 0 0 0 0 0 0 0.0007602038586 0 0 0 0 0 0 0.0007602038586 0 0 0 0 0 0 0.00131757681
960,1785495525.143560886,map,3.0195033550,-1.9724594355,-0.5164006948,0.1145696586,0.0306722331,0.9706578925,0.2091799986,0.04282839956 0 0 0 0 0 0 0.04282839956 0 0 0 0 0 0 0.09421844646 0 0 0 0 0 0 0.0007503755471 0 0 0 0 0 0 0.0007503755471 0 0 0 0 0 0 0.001304627657
961,1785495525.243711948,map,3.0157124996,-1.9801146984,-0.5183168650,0.1147708335,0.0305604842,0.9706913278,0.2089307376,0.04333507844 0 0 0 0 0 0 0.04333507844 0 0 0 0 0 0 0.09496923674 0 0 0 0 0 0 0.0007620918391 0 0 0 0 0 0 0.0007620918391 0 0 0 0 0 0 0.001320061978
962,1785495525.343746901,map,3.0206763744,-1.9907730818,-0.5175931454,0.1151115811,0.0305310128,0.9707325599,0.2085557171,0.04299570099 0 0 0 0 0 0 0.04299570099 0 0 0 0 0 0 0.09446651048 0 0 0 0 0 0 0.0007542417556 0 0 0 0 0 0 0.0007542417556 0 0 0 0 0 0 0.00130972395
963,1785495525.443830013,map,3.0179672241,-1.9917507172,-0.5185045600,0.1150402265,0.0308564960,0.9706784328,0.2087989208,0.04293005532 0 0 0 0 0 0 0.04293005532 0 0 0 0 0 0 0.09436919398 0 0 0 0 0 0 0.0007527244484 0 0 0 0 0 0 0.0007527244484 0 0 0 0 0 0 0.001307724268
964,1785495525.544106960,map,3.0263907909,-1.9871677160,-0.5135871172,0.1147827802,0.0304944881,0.9706966853,0.2089089527,0.04326547566 0 0 0 0 0 0 0.04326547566 0 0 0 0 0 0 0.09486618511 0 0 0 0 0 0 0.0007604810726 0 0 0 0 0 0 0.0007604810726 0 0 0 0 0 0 0.001317941756
965,1785495525.643062115,map,3.0299825668,-1.9803577662,-0.5110800266,0.1143972648,0.0296600856,0.9707594535,0.2089488552,0.04307955793 0 0 0 0 0 0 0.04307955793 0 0 0 0 0 0 0.09459078915 0 0 0 0 0 0 0.0007561805259 0 0 0 0 0 0 0.0007561805259 0 0 0 0 0 0 0.001312278378
966,1785495525.743279934,map,3.0379960537,-1.9800276756,-0.5139380693,0.1142211282,0.0295129120,0.9707807437,0.2089671591,0.04293030035 0 0 0 0 0 0 0.04293030035 0 0 0 0 0 0 0.09436955726 0 0 0 0 0 0 0.0007527301111 0 0 0 0 0 0 0.0007527301111 0 0 0 0 0 0 0.001307731732
967,1785495525.843272924,map,3.0283017159,-1.9950319529,-0.5202126503,0.1143356635,0.0306494978,0.9707094879,0.2090718785,0.04315627778 0 0 0 0 0 0 0.04315627778 0 0 0 0 0 0 0.09470445597 0 0 0 0 0 0 0.0007579548114 0 0 0 0 0 0 0.0007579548114 0 0 0 0 0 0 0.001314615398
968,1785495525.943603039,map,3.0271511078,-1.9917039871,-0.5189918876,0.1143933366,0.0310948341,0.9706459182,0.2092696392,0.0429700934 0 0 0 0 0 0 0.0429700934 0 0 0 0 0 0 0.09442855136 0 0 0 0 0 0 0.0007536498285 0 0 0 0 0 0 0.0007536498285 0 0 0 0 0 0 0.001308943898
969,1785495526.043834925,map,3.0224275589,-1.9850380421,-0.5165927410,0.1145886921,0.0309219178,0.9706402611,0.2092146326,0.04277118896 0 0 0 0 0 0 0.04277118896 0 0 0 0 0 0 0.09413358201 0 0 0 0 0 0 0.0007490540049 0 0 0 0 0 0 0.0007490540049 0 0 0 0 0 0 0.001302884922
970,1785495526.144068956,map,3.0310807228,-1.9771573544,-0.5132772326,0.1151095597,0.0299385575,0.9706954956,0.2088150917,0.0437947446 0 0 0 0 0 0 0.0437947446 0 0 0 0 0 0 0.09564913246 0 0 0 0 0 0 0.0007727397829 0 0 0 0 0 0 0.0007727397829 0 0 0 0 0 0 0.00133406421
971,1785495526.243256092,map,3.0347030163,-1.9765155315,-0.5168320537,0.1150382901,0.0293653117,0.9706817870,0.2089993925,0.04370771168 0 0 0 0 0 0 0.04370771168 0 0 0 0 0 0 0.09552049044 0 0 0 0 0 0 0.0007707223517 0 0 0 0 0 0 0.0007707223517 0 0 0 0 0 0 0.001331413036
972,1785495526.343383074,map,3.0439662933,-1.9525502920,-0.5125040412,0.1160454804,0.0273880010,0.9705122255,0.2094979144,0.04297451617 0 0 0 0 0 0 0.04297451617 0 0 0 0 0 0 0.09443510767 0 0 0 0 0 0 0.0007537520581 0 0 0 0 0 0 0.0007537520581 0 0 0 0 0 0 0.001309078623
973,1785495526.443795919,map,3.0319550037,-1.9468612671,-0.5129442215,0.1181718579,0.0267791680,0.9702777276,0.2094741384,0.04295829021 0 0 0 0 0 0 0.04295829021 0 0 0 0 0 0 0.09441105378 0 0 0 0 0 0 0.0007533770129 0 0 0 0 0 0 0.0007533770129 0 0 0 0 0 0 0.001308584352
974,1785495526.543019056,map,3.0175783634,-1.9417291880,-0.5045803189,0.1186150999,0.0273254466,0.9699074614,0.2108631751,0.04311046758 0 0 0 0 0 0 0.04311046758 0 0 0 0 0 0 0.09463658831 0 0 0 0 0 0 0.0007568953073 0 0 0 0 0 0 0.0007568953073 0 0 0 0 0 0 0.00131321994
975,1785495526.643162966,map,3.0232245922,-1.9334619045,-0.5207844973,0.1175905161,0.0264288106,0.9700242706,0.2110140042,0.04295544073 0 0 0 0 0 0 0.04295544073 0 0 0 0 0 0 0.09440682948 0 0 0 0 0 0 0.0007533111526 0 0 0 0 0 0 0.0007533111526 0 0 0 0 0 0 0.001308497552
976,1785495526.743489981,map,3.0286860466,-1.9294103384,-0.5126056075,0.1160834567,0.0271297640,0.9702694344,0.2106319763,0.04271329254 0 0 0 0 0 0 0.04271329254 0 0 0 0 0 0 0.09404768139 0 0 0 0 0 0 0.0007477169074 0 0 0 0 0 0 0.0007477169074 0 0 0 0 0 0 0.001301121296
977,1785495526.843552113,map,3.0482809544,-1.9632123709,-0.5105874538,0.1148406943,0.0282780629,0.9704706309,0.2102349076,0.04269459752 0 0 0 0 0 0 0.04269459752 0 0 0 0 0 0 0.09401993963 0 0 0 0 0 0 0.0007472852142 0 0 0 0 0 0 0.0007472852142 0 0 0 0 0 0 0.001300551814
978,1785495526.943670034,map,3.0557615757,-1.9624183178,-0.5250519514,0.1144083854,0.0277900310,0.9705283700,0.2102691367,0.04289739771 0 0 0 0 0 0 0.04289739771 0 0 0 0 0 0 0.09432077164 0 0 0 0 0 0 0.0007519697511 0 0 0 0 0 0 0.0007519697511 0 0 0 0 0 0 0.00130672946
979,1785495527.043925047,map,3.0604164600,-1.9693996906,-0.5257235765,0.1141400370,0.0284042080,0.9705479611,0.2102425148,0.04306885678 0 0 0 0 0 0 0.04306885678 0 0 0 0 0 0 0.09457493189 0 0 0 0 0 0 0.0007559330822 0 0 0 0 0 0 0.0007559330822 0 0 0 0 0 0 0.001311952403
980,1785495527.144100904,map,3.0615949631,-1.9655541182,-0.5268555880,0.1140096463,0.0282435132,0.9706024179,0.2100834348,0.04325394165 0 0 0 0 0 0 0.04325394165 0 0 0 0 0 0 0.09484910563 0 0 0 0 0 0 0.0007602141888 0 0 0 0 0 0 0.0007602141888 0 0 0 0 0 0 0.00131759041
981,1785495527.243151903,map,3.0601823330,-1.9745261669,-0.5237367749,0.1136306168,0.0287679764,0.9705849082,0.2102983867,0.04310388858 0 0 0 0 0 0 0.04310388858 0 0 0 0 0 0 0.09462684058 0 0 0 0 0 0 0.000756743162 0 0 0 0 0 0 0.000756743162 0 0 0 0 0 0 0.001313019532
982,1785495527.343538046,map,3.0592410564,-1.9695011377,-0.5189022422,0.1136704837,0.0290448654,0.9706167340,0.2100918197,0.04298027531 0 0 0 0 0 0 0.04298027531 0 0 0 0 0 0 0.09444364484 0 0 0 0 0 0 0.0007538851797 0 0 0 0 0 0 0.0007538851797 0 0 0 0 0 0 0.001309254057
983,1785495527.443715096,map,3.0510301590,-1.9709001780,-0.5173021555,0.1137812247,0.0288719443,0.9705751745,0.2102476510,0.04290148549 0 0 0 0 0 0 0.04290148549 0 0 0 0 0 0 0.09432683303 0 0 0 0 0 0 0.0007520642121 0 0 0 0 0 0 0.0007520642121 0 0 0 0 0 0 0.001306853981
984,1785495527.543936968,map,3.0567307472,-1.9639018774,-0.5178029537,0.1135816010,0.0290084422,0.9706144772,0.2101553217,0.04309587878 0 0 0 0 0 0 0.04309587878 0 0 0 0 0 0 0.0946149726 0 0 0 0 0 0 0.0007565579333 0 0 0 0 0 0 0.0007565579333 0 0 0 0 0 0 0.00131277554
985,1785495527.644069910,map,3.0488471985,-1.9675185680,-0.5222350359,0.1137020266,0.0285206321,0.9705832348,0.2103012902,0.04269411084 0 0 0 0 0 0 0.04269411084 0 0 0 0 0 0 0.09401921741 0 0 0 0 0 0 0.0007472739764 0 0 0 0 0 0 0.0007472739764 0 0 0 0 0 0 0.001300536988
986,1785495527.744208097,map,3.0528721809,-1.9616287947,-0.5262070298,0.1138029366,0.0279172472,0.9705277175,0.2105836598,0.04318428296 0 0 0 0 0 0 0.04318428296 0 0 0 0 0 0 0.09474593979 0 0 0 0 0 0 0.0007586026068 0 0 0 0 0 0 0.0007586026068 0 0 0 0 0 0 0.001315468485
987,1785495527.843396902,map,3.0440452099,-1.9643974304,-0.5249968767,0.1141752375,0.0283281922,0.9704734792,0.2105771802,0.04319114566 0 0 0 0 0 0 0.04319114566 0 0 0 0 0 0 0.09475610478 0 0 0 0 0 0 0.0007587613598 0 0 0 0 0 0 0.0007587613598 0 0 0 0 0 0 0.001315677535
988,1785495527.943689108,map,3.0379941463,-1.9702923298,-0.5144859552,0.1145556305,0.0288447082,0.9704359520,0.2104733998,0.04308018979 0 0 0 0 0 0 0.04308018979 0 0 0 0 0 0 0.09459172544 0 0 0 0 0 0 0.0007561951368 0 0 0 0 0 0 0.0007561951368 0 0 0 0 0 0 0.001312297626
989,1785495528.044035912,map,3.0395567417,-1.9634879827,-0.5163792968,0.1143183731,0.0289222797,0.9704930253,0.2103285536,0.04298577823 0 0 0 0 0 0 0.04298577823 0 0 0 0 0 0 0.09445180202 0 0 0 0 0 0 0.0007540123812 0 0 0 0 0 0 0.0007540123812 0 0 0 0 0 0 0.001309421685
990,1785495528.144150019,map,3.0343716145,-1.9766095877,-0.5174456835,0.1143317591,0.0295027233,0.9704612492,0.2103872473,0.04285445996 0 0 0 0 0 0 0.04285445996 0 0 0 0 0 0 0.09425709754 0 0 0 0 0 0 0.0007509776254 0 0 0 0 0 0 0.0007509776254 0 0 0 0 0 0 0.001305421502
991,1785495528.244206905,map,3.0363962650,-1.9794582129,-0.5179899335,0.1145612370,0.0297169585,0.9704164584,0.2104388630,0.04325966807 0 0 0 0 0 0 0.04325966807 0 0 0 0 0 0 0.09485758536 0 0 0 0 0 0 0.0007603466902 0 0 0 0 0 0 0.0007603466902 0 0 0 0 0 0 0.001317764847
992,1785495528.343290091,map,3.0413501263,-1.9671595097,-0.5204006433,0.1144576907,0.0293429026,0.9704325431,0.2104735326,0.04320331217 0 0 0 0 0 0 0.04320331217 0 0 0 0 0 0 0.09477412509 0 0 0 0 0 0 0.0007590428144 0 0 0 0 0 0 0.0007590428144 0 0 0 0 0 0 0.001316048148
993,1785495528.443290949,map,3.0430004597,-1.9695961475,-0.5180079937,0.1142632195,0.0287643553,0.9705027521,0.2103352358,0.0430441656 0 0 0 0 0 0 0.0430441656 0 0 0 0 0 0 0.09453834138 0 0 0 0 0 0 0.000755362183 0 0 0 0 0 0 0.000755362183 0 0 0 0 0 0 0.001311200266
994,1785495528.543442011,map,3.0434858799,-1.9662975073,-0.5197882056,0.1141463305,0.0285410423,0.9705343963,0.2102832154,0.04339292801 0 0 0 0 0 0 0.04339292801 0 0 0 0 0 0 0.09505486652 0 0 0 0 0 0 0.000763430921 0 0 0 0 0 0 0.000763430921 0 0 0 0 0 0 0.001321824177
995,1785495528.643716097,map,3.0431759357,-1.9673186541,-0.5161826015,0.1142660274,0.0286301312,0.9705178297,0.2102824981,0.04334462559 0 0 0 0 0 0 0.04334462559 0 0 0 0 0 0 0.09498336986 0 0 0 0 0 0 0.0007623128139 0 0 0 0 0 0 0.0007623128139 0 0 0 0 0 0 0.001320352801
996,1785495528.743685007,map,3.0388143063,-1.9743894339,-0.5133671165,0.1142989321,0.0288484493,0.9705372751,0.2101450087,0.04282916207 0 0 0 0 0 0 0.04282916207 0 0 0 0 0 0 0.09421957742 0 0 0 0 0 0 0.0007503931628 0 0 0 0 0 0 0.0007503931628 0 0 0 0 0 0 0.001304650884
997,1785495528.842823029,map,3.0380489826,-1.9771146774,-0.5186759830,0.1143237752,0.0282794754,0.9705343656,0.2102222223,0.04299456047 0 0 0 0 0 0 0.04299456047 0 0 0 0 0 0 0.09446481992 0 0 0 0 0 0 0.0007542153909 0 0 0 0 0 0 0.0007542153909 0 0 0 0 0 0 0.001309689208
998,1785495528.942887068,map,3.0371165276,-1.9706715345,-0.5241573453,0.1143696202,0.0284696602,0.9705082489,0.2102921896,0.04310304897 0 0 0 0 0 0 0.04310304897 0 0 0 0 0 0 0.09462559656 0 0 0 0 0 0 0.0007567237455 0 0 0 0 0 0 0.0007567237455 0 0 0 0 0 0 0.001312993956
999,1785495529.042993069,map,3.0404191017,-1.9746599197,-0.5187652111,0.1142198219,0.0291461945,0.9705458961,0.2101071308,0.04332255315 0 0 0 0 0 0 0.04332255315 0 0 0 0 0 0 0.09495069419 0 0 0 0 0 0 0.0007618019453 0 0 0 0 0 0 0.0007618019453 0 0 0 0 0 0 0.001319680436
1000,1785495529.143189907,map,3.0422554016,-1.9613693953,-0.5193968415,0.1142455590,0.0284116511,0.9705830275,0.2100221906,0.04315470717 0 0 0 0 0 0 0.04315470717 0 0 0 0 0 0 0.09470212931 0 0 0 0 0 0 0.0007579184833 0 0 0 0 0 0 0.0007579184833 0 0 0 0 0 0 0.001314567555
1001,1785495529.243484974,map,3.0393731594,-1.9597775936,-0.5250363946,0.1142310291,0.0282722143,0.9705559141,0.2101741744,0.04259765119 0 0 0 0 0 0 0.04259765119 0 0 0 0 0 0 0.09387604806 0 0 0 0 0 0 0.0007450470772 0 0 0 0 0 0 0.0007450470772 0 0 0 0 0 0 0.00129759866
1002,1785495529.343656063,map,3.0452501774,-1.9538471699,-0.5212559700,0.1137839625,0.0282518522,0.9706250933,0.2100999124,0.0429489452 0 0 0 0 0 0 0.0429489452 0 0 0 0 0 0 0.09439719979 0 0 0 0 0 0 0.0007531610236 0 0 0 0 0 0 0.0007531610236 0 0 0 0 0 0 0.001308299687
1003,1785495529.442902088,map,3.0402362347,-1.9590247869,-0.5215561390,0.1138381834,0.0278113731,0.9705865356,0.2103073302,0.04275241143 0 0 0 0 0 0 0.04275241143 0 0 0 0 0 0 0.09410572397 0 0 0 0 0 0 0.0007486203129 0 0 0 0 0 0 0.0007486203129 0 0 0 0 0 0 0.001302312926
1004,1785495529.543204069,map,3.0389018059,-1.9775028229,-0.5176649094,0.1136773355,0.0291361821,0.9705350949,0.2104523369,0.04314796175 0 0 0 0 0 0 0.04314796175 0 0 0 0 0 0 0.09469213667 0 0 0 0 0 0 0.000757762464 0 0 0 0 0 0 0.000757762464 0 0 0 0 0 0 0.001314362078
1005,1785495529.643260956,map,3.0334961414,-1.9807629585,-0.5193011165,0.1137435322,0.0300738802,0.9705353252,0.2102835054,0.04343601494 0 0 0 0 0 0 0.04343601494 0 0 0 0 0 0 0.0951186324 0 0 0 0 0 0 0.0007644284658 0 0 0 0 0 0 0.0007644284658 0 0 0 0 0 0 0.00132313668
1006,1785495529.743335962,map,3.0397021770,-1.9828745127,-0.5144092441,0.1139592619,0.0296444163,0.9705050476,0.2103673964,0.04306342141 0 0 0 0 0 0 0.04306342141 0 0 0 0 0 0 0.09456687736 0 0 0 0 0 0 0.0007558074033 0 0 0 0 0 0 0.0007558074033 0 0 0 0 0 0 0.001311786832
1007,1785495529.843441010,map,3.0376539230,-1.9822096825,-0.5143065453,0.1140879320,0.0295207461,0.9705042031,0.2103189301,0.04305953913 0 0 0 0 0 0 0.04305953913 0 0 0 0 0 0 0.09456112423 0 0 0 0 0 0 0.0007557176373 0 0 0 0 0 0 0.0007557176373 0 0 0 0 0 0 0.001311668571
1008,1785495529.942537069,map,3.0407140255,-1.9950987101,-0.5169081688,0.1140947414,0.0293628910,0.9705165784,0.2102802359,0.04366542365 0 0 0 0 0 0 0.04366542365 0 0 0 0 0 0 0.09545797019 0 0 0 0 0 0 0.000769742339 0 0 0 0 0 0 0.000769742339 0 0 0 0 0 0 0.001330124869
1009,1785495530.042603016,map,3.0438122749,-1.9951556921,-0.5136896968,0.1139833302,0.0289967796,0.9705183748,0.2103831548,0.04314923576 0 0 0 0 0 0 0.04314923576 0 0 0 0 0 0 0.09469402401 0 0 0 0 0 0 0.0007577919312 0 0 0 0 0 0 0.0007577919312 0 0 0 0 0 0 0.001314400886
1010,1785495530.143018007,map,3.0499823093,-1.9860435724,-0.5198054314,0.1138336070,0.0293190739,0.9705381119,0.2103284785,0.04294233064 0 0 0 0 0 0 0.04294233064 0 0 0 0 0 0 0.09438739338 0 0 0 0 0 0 0.0007530081471 0 0 0 0 0 0 0.0007530081471 0 0 0 0 0 0 0.001308098196
1011,1785495530.243356943,map,3.0567588806,-1.9914263487,-0.5169719458,0.1136986723,0.0292005931,0.9705348723,0.2104328938,0.04331676882 0 0 0 0 0 0 0.04331676882 0 0 0 0 0 0 0.09494213071 0 0 0 0 0 0 0.0007616680732 0 0 0 0 0 0 0.0007616680732 0 0 0 0 0 0 0.001319504235
1012,1785495530.342643023,map,3.0509121418,-1.9737341404,-0.5257967710,0.1137761682,0.0279888762,0.9705912643,0.2102955433,0.04320310207 0 0 0 0 0 0 0.04320310207 0 0 0 0 0 0 0.0947738139 0 0 0 0 0 0 0.0007590379538 0 0 0 0 0 0 0.0007590379538 0 0 0 0 0 0 0.001316041748
1013,1785495530.442946911,map,3.0474476814,-1.9791092873,-0.5222191215,0.1135701723,0.0283277887,0.9705791740,0.2104172781,0.04301147708 0 0 0 0 0 0 0.04301147708 0 0 0 0 0 0 0.09448989416 0 0 0 0 0 0 0.0007546064525 0 0 0 0 0 0 0.0007546064525 0 0 0 0 0 0 0.001310204517
1014,1785495530.542120934,map,3.0414800644,-1.9716753960,-0.5300152302,0.1136851826,0.0288400275,0.9705340662,0.2104935924,0.04321490823 0 0 0 0 0 0 0.04321490823 0 0 0 0 0 0 0.09479129972 0 0 0 0 0 0 0.0007593110841 0 0 0 0 0 0 0.0007593110841 0 0 0 0 0 0 0.001316401384
1015,1785495530.642292976,map,3.0423614979,-1.9772911072,-0.5151033998,0.1137857578,0.0289765418,0.9705484908,0.2103539804,0.04297551004 0 0 0 0 0 0 0.04297551004 0 0 0 0 0 0 0.09443658095 0 0 0 0 0 0 0.0007537750309 0 0 0 0 0 0 0.0007537750309 0 0 0 0 0 0 0.001309108898
1016,1785495530.742450953,map,3.0430603027,-1.9780572653,-0.5175537467,0.1137935434,0.0293692646,0.9705464488,0.2103047318,0.04330174086 0 0 0 0 0 0 0.04330174086 0 0 0 0 0 0 0.09491988155 0 0 0 0 0 0 0.0007613202806 0 0 0 0 0 0 0.0007613202806 0 0 0 0 0 0 0.001319046457
1017,1785495530.842724085,map,3.0368237495,-1.9795285463,-0.5217922926,0.1140836141,0.0290280766,0.9704903536,0.2104537555,0.04272083572 0 0 0 0 0 0 0.04272083572 0 0 0 0 0 0 0.09405887423 0 0 0 0 0 0 0.000747891098 0 0 0 0 0 0 0.000747891098 0 0 0 0 0 0 0.001301351075
1018,1785495530.942992926,map,3.0434293747,-1.9718148708,-0.5196841955,0.1137794210,0.0287685836,0.9705333293,0.2104558596,0.04312047475 0 0 0 0 0 0 0.04312047475 0 0 0 0 0 0 0.0946514149 0 0 0 0 0 0 0.0007571267392 0 0 0 0 0 0 0.0007571267392 0 0 0 0 0 0 0.001313524776
1019,1785495531.042372942,map,3.0349004269,-1.9742897749,-0.5172219276,0.1139799038,0.0292575205,0.9705359470,0.2102678559,0.04317860443 0 0 0 0 0 0 0.04317860443 0 0 0 0 0 0 0.09473752858 0 0 0 0 0 0 0.0007584712497 0 0 0 0 0 0 0.0007584712497 0 0 0 0 0 0 0.001315295507
1020,1785495531.142513990,map,3.0354301929,-1.9735383987,-0.5150488019,0.1139916001,0.0289205431,0.9705117572,0.2104196423,0.04295786999 0 0 0 0 0 0 0.04295786999 0 0 0 0 0 0 0.09441043082 0 0 0 0 0 0 0.0007533673003 0 0 0 0 0 0 0.0007533673003 0 0 0 0 0 0 0.001308571552
1021,1785495531.242698908,map,3.0340309143,-1.9743318558,-0.5195551515,0.1136958330,0.0282712283,0.9705466254,0.2105070970,0.04298388472 0 0 0 0 0 0 0.04298388472 0 0 0 0 0 0 0.09444899522 0 0 0 0 0 0 0.0007539686119 0 0 0 0 0 0 0.0007539686119 0 0 0 0 0 0 0.001309364006
1022,1785495531.342822075,map,3.0329961777,-1.9720382690,-0.5214041471,0.1136751403,0.0283095461,0.9705754662,0.2103801295,0.04321556838 0 0 0 0 0 0 0.04321556838 0 0 0 0 0 0 0.09479227743 0 0 0 0 0 0 0.0007593263568 0 0 0 0 0 0 0.0007593263568 0 0 0 0 0 0 0.001316421494
1023,1785495531.443301916,map,3.0280799866,-1.9849423170,-0.5138153434,0.1139676675,0.0289139607,0.9705685651,0.2101714348,0.04308042767 0 0 0 0 0 0 0.04308042767 0 0 0 0 0 0 0.09459207792 0 0 0 0 0 0 0.0007562006374 0 0 0 0 0 0 0.0007562006374 0 0 0 0 0 0 0.001312304872
1024,1785495531.542587996,map,3.0396597385,-1.9862078428,-0.5155283213,0.1137298568,0.0286188456,0.9706183537,0.2101106440,0.04336348554 0 0 0 0 0 0 0.04336348554 0 0 0 0 0 0 0.09501128767 0 0 0 0 0 0 0.0007627493617 0 0 0 0 0 0 0.0007627493617 0 0 0 0 0 0 0.001320927308
1025,1785495531.642842054,map,3.0448129177,-1.9859042168,-0.5156484842,0.1136613150,0.0286149134,0.9705859215,0.2102980981,0.04338432165 0 0 0 0 0 0 0.04338432165 0 0 0 0 0 0 0.09504212844 0 0 0 0 0 0 0.0007632316862 0 0 0 0 0 0 0.0007632316862 0 0 0 0 0 0 0.001321562012
1026,1785495531.743146896,map,3.0363485813,-1.9865442514,-0.5246818066,0.1142649075,0.0283347441,0.9704786997,0.2105036282,0.04346924053 0 0 0 0 0 0 0.04346924053 0 0 0 0 0 0 0.09516779711 0 0 0 0 0 0 0.0007651978081 0 0 0 0 0 0 0.0007651978081 0 0 0 0 0 0 0.001324148789
1027,1785495531.843357086,map,3.0425395966,-1.9877460003,-0.5175902247,0.1134863018,0.0295953193,0.9704671531,0.2108043733,0.0431072302 0 0 0 0 0 0 0.0431072302 0 0 0 0 0 0 0.09463179171 0 0 0 0 0 0 0.0007568204396 0 0 0 0 0 0 0.0007568204396 0 0 0 0 0 0 0.001313121324
1028,1785495531.943542957,map,3.0423169136,-1.9834297895,-0.5200476050,0.1137442493,0.0293529976,0.9705327765,0.2103967069,0.04322040177 0 0 0 0 0 0 0.04322040177 0 0 0 0 0 0 0.0947994358 0 0 0 0 0 0 0.0007594381788 0 0 0 0 0 0 0.0007594381788 0 0 0 0 0 0 0.001316568727
1029,1785495532.042686939,map,3.0439517498,-1.9857209921,-0.5190308690,0.1137787773,0.0294293363,0.9705632452,0.2102267756,0.04305921856 0 0 0 0 0 0 0.04305921856 0 0 0 0 0 0 0.09456064917 0 0 0 0 0 0 0.0007557102251 0 0 0 0 0 0 0.0007557102251 0 0 0 0 0 0 0.001311658806
1030,1785495532.142910957,map,3.0344491005,-1.9819345474,-0.5208429694,0.1141702192,0.0288399911,0.9705637749,0.2100937261,0.04291750795 0 0 0 0 0 0 0.04291750795 0 0 0 0 0 0 0.09435059036 0 0 0 0 0 0 0.0007524344757 0 0 0 0 0 0 0.0007524344757 0 0 0 0 0 0 0.001307342054
1031,1785495532.243108988,map,3.0444216728,-1.9685921669,-0.5257467031,0.1136126592,0.0278163068,0.9706365075,0.2101979356,0.04292838147 0 0 0 0 0 0 0.04292838147 0 0 0 0 0 0 0.09436671226 0 0 0 0 0 0 0.0007526857645 0 0 0 0 0 0 0.0007526857645 0 0 0 0 0 0 0.00130767328
1032,1785495532.343385935,map,3.0249075890,-1.9762772322,-0.5108342171,0.1141194049,0.0289679880,0.9705056310,0.2103721755,0.04312869789 0 0 0 0 0 0 0.04312869789 0 0 0 0 0 0 0.09466359786 0 0 0 0 0 0 0.0007573169189 0 0 0 0 0 0 0.0007573169189 0 0 0 0 0 0 0.001313775267
1033,1785495532.442689896,map,3.0266609192,-1.9727212191,-0.5169352889,0.1139104182,0.0286199512,0.9705237102,0.2104496544,0.04353771314 0 0 0 0 0 0 0.04353771314 0 0 0 0 0 0 0.09526909852 0 0 0 0 0 0 0.0007667835921 0 0 0 0 0 0 0.0007667835921 0 0 0 0 0 0 0.001326234584
1034,1785495532.542721033,map,3.0333766937,-1.9700279236,-0.5160249472,0.1138380478,0.0286947671,0.9705387030,0.2104094399,0.04328329378 0 0 0 0 0 0 0.04328329378 0 0 0 0 0 0 0.0948925686 0 0 0 0 0 0 0.0007608933853 0 0 0 0 0 0 0.0007608933853 0 0 0 0 0 0 0.001318484527
1035,1785495532.642709970,map,3.0203084946,-1.9820984602,-0.5142652392,0.1141563246,0.0297540110,0.9706062637,0.2097772810,0.04298770596 0 0 0 0 0 0 0.04298770596 0 0 0 0 0 0 0.09445465953 0 0 0 0 0 0 0.0007540569421 0 0 0 0 0 0 0.0007540569421 0 0 0 0 0 0 0.001309480407
1036,1785495532.742862940,map,3.0446405411,-1.9631260633,-0.5183714628,0.1137548724,0.0282178253,0.9706258609,0.2101166797,0.04306807583 0 0 0 0 0 0 0.04306807583 0 0 0 0 0 0 0.09457377463 0 0 0 0 0 0 0.0007559150245 0 0 0 0 0 0 0.0007559150245 0 0 0 0 0 0 0.001311928613
1037,1785495532.842946053,map,3.0471374989,-1.9721337557,-0.5163702369,0.1137933064,0.0284054836,0.9706295607,0.2100534573,0.04321577439 0 0 0 0 0 0 0.04321577439 0 0 0 0 0 0 0.09479258253 0 0 0 0 0 0 0.0007593311227 0 0 0 0 0 0 0.0007593311227 0 0 0 0 0 0 0.001316427769
1038,1785495532.942985058,map,3.0388052464,-1.9707326889,-0.5252473354,0.1141829637,0.0285328016,0.9705921470,0.2099976565,0.04293166926 0 0 0 0 0 0 0.04293166926 0 0 0 0 0 0 0.09437158686 0 0 0 0 0 0 0.000752761748 0 0 0 0 0 0 0.000752761748 0 0 0 0 0 0 0.001307773432
1039,1785495533.043240070,map,3.0403692722,-1.9726122618,-0.5213027596,0.1140033407,0.0288426065,0.9705819912,0.2100998237,0.04339636601 0 0 0 0 0 0 0.04339636601 0 0 0 0 0 0 0.09505995492 0 0 0 0 0 0 0.0007635105117 0 0 0 0 0 0 0.0007635105117 0 0 0 0 0 0 0.001321928904
1040,1785495533.142355919,map,3.0420022011,-1.9627995491,-0.5205895901,0.1138889158,0.0280960825,0.9705761725,0.2102898626,0.04292117873 0 0 0 0 0 0 0.04292117873 0 0 0 0 0 0 0.094356033 0 0 0 0 0 0 0.0007525193068 0 0 0 0 0 0 0.0007525193068 0 0 0 0 0 0 0.001307453872
1041,1785495533.242439985,map,3.0376110077,-1.9706021547,-0.5187917352,0.1138844475,0.0287636977,0.9705720886,0.2102208837,0.04308830725 0 0 0 0 0 0 0.04308830725 0 0 0 0 0 0 0.09460375365 0 0 0 0 0 0 0.0007563828445 0 0 0 0 0 0 0.0007563828445 0 0 0 0 0 0 0.001312544898
1042,1785495533.342719078,map,3.0346765518,-1.9660221338,-0.5201785564,0.1140652374,0.0283641758,0.9705854379,0.2101154206,0.0429533825 0 0 0 0 0 0 0.0429533825 0 0 0 0 0 0 0.09440377815 0 0 0 0 0 0 0.000753263581 0 0 0 0 0 0 0.000753263581 0 0 0 0 0 0 0.001308434855
1043,1785495533.442873955,map,3.0321443081,-1.9664876461,-0.5169249177,0.1141407901,0.0285683413,0.9705707682,0.2101144971,0.04305631257 0 0 0 0 0 0 0.04305631257 0 0 0 0 0 0 0.09455634272 0 0 0 0 0 0 0.0007556430336 0 0 0 0 0 0 0.0007556430336 0 0 0 0 0 0 0.001311570284
1044,1785495533.543082952,map,3.0392210484,-1.9568527937,-0.5219103098,0.1136376017,0.0277996396,0.9705758654,0.2104665182,0.04283953069 0 0 0 0 0 0 0.04283953069 0 0 0 0 0 0 0.09423495589 0 0 0 0 0 0 0.0007506327045 0 0 0 0 0 0 0.0007506327045 0 0 0 0 0 0 0.00130496673
1045,1785495533.642244101,map,3.0379955769,-1.9642361403,-0.5203073025,0.1135305514,0.0283240668,0.9706079755,0.2103062387,0.04284569426 0 0 0 0 0 0 0.04284569426 0 0 0 0 0 0 0.09424409726 0 0 0 0 0 0 0.0007507751033 0 0 0 0 0 0 0.0007507751033 0 0 0 0 0 0 0.001305154484
1046,1785495533.742284060,map,3.0420103073,-1.9636884928,-0.5188059211,0.1137948388,0.0283910353,0.9705966837,0.2102064756,0.04300086441 0 0 0 0 0 0 0.04300086441 0 0 0 0 0 0 0.09447416397 0 0 0 0 0 0 0.0007543611164 0 0 0 0 0 0 0.0007543611164 0 0 0 0 0 0 0.001309881237
1047,1785495533.842295885,map,3.0413565636,-1.9702278376,-0.5200496912,0.1138683733,0.0286815581,0.9705862516,0.2101753504,0.04269559163 0 0 0 0 0 0 0.04269559163 0 0 0 0 0 0 0.09402141486 0 0 0 0 0 0 0.0007473081688 0 0 0 0 0 0 0.0007473081688 0 0 0 0 0 0 0.001300582096
1048,1785495533.943303108,map,3.0439455509,-1.9646576643,-0.5224882960,0.1137696214,0.0282961192,0.9706261602,0.2100968106,0.04292670128 0 0 0 0 0 0 0.04292670128 0 0 0 0 0 0 0.09436422112 0 0 0 0 0 0 0.0007526469343 0 0 0 0 0 0 0.0007526469343 0 0 0 0 0 0 0.001307622098
1049,1785495534.042402029,map,3.0413362980,-1.9604521990,-0.5218257308,0.1138914499,0.0282592850,0.9705722728,0.2102845816,0.04291053388 0 0 0 0 0 0 0.04291053388 0 0 0 0 0 0 0.09434024973 0 0 0 0 0 0 0.000752273309 0 0 0 0 0 0 0.000752273309 0 0 0 0 0 0 0.001307129611
1050,1785495534.142453909,map,3.0312309265,-1.9657865763,-0.5205233097,0.1142982359,0.0279181587,0.9705837645,0.2100563446,0.04305371149 0 0 0 0 0 0 0.04305371149 0 0 0 0 0 0 0.09455248809 0 0 0 0 0 0 0.0007555828928 0 0 0 0 0 0 0.0007555828928 0 0 0 0 0 0 0.001311491051
1051,1785495534.242629051,map,3.0306351185,-1.9726307392,-0.5188516974,0.1142989281,0.0286072521,0.9705298133,0.2102124148,0.04291539107 0 0 0 0 0 0 0.04291539107 0 0 0 0 0 0 0.09434745163 0 0 0 0 0 0 0.0007523855552 0 0 0 0 0 0 0.0007523855552 0 0 0 0 0 0 0.00130727757
1052,1785495534.342773914,map,3.0340151787,-1.9629225731,-0.5221756101,0.1140964654,0.0283110472,0.9706057417,0.2100118639,0.04290049372 0 0 0 0 0 0 0.04290049372 0 0 0 0 0 0 0.09432536245 0 0 0 0 0 0 0.0007520412942 0 0 0 0 0 0 0.0007520412942 0 0 0 0 0 0 0.001306823771
1053,1785495534.442023993,map,3.0359513760,-1.9607523680,-0.5208111405,0.1140509689,0.0280995506,0.9705891456,0.2101416541,0.0427849993 0 0 0 0 0 0 0.0427849993 0 0 0 0 0 0 0.09415406954 0 0 0 0 0 0 0.0007493729926 0 0 0 0 0 0 0.0007493729926 0 0 0 0 0 0 0.001303305609
1054,1785495534.542992115,map,3.0404696465,-1.9651161432,-0.5201401711,0.1138633972,0.0286666887,0.9706138478,0.2100526052,0.04312465925 0 0 0 0 0 0 0.04312465925 0 0 0 0 0 0 0.09465761447 0 0 0 0 0 0 0.000757223515 0 0 0 0 0 0 0.000757223515 0 0 0 0 0 0 0.001313652243
1055,1785495534.642234087,map,3.0355901718,-1.9655488729,-0.5226522684,0.1142599369,0.0286784774,0.9705398929,0.2101773751,0.04379541976 0 0 0 0 0 0 0.04379541976 0 0 0 0 0 0 0.09565013026 0 0 0 0 0 0 0.0007727554358 0 0 0 0 0 0 0.0007727554358 0 0 0 0 0 0 0.001334084777
1056,1785495534.742373943,map,3.0273661613,-1.9675040245,-0.5165434480,0.1145920834,0.0292117055,0.9705038653,0.2100894373,0.04278309692 0 0 0 0 0 0 0.04278309692 0 0 0 0 0 0 0.09415124743 0 0 0 0 0 0 0.0007493290508 0 0 0 0 0 0 0.0007493290508 0 0 0 0 0 0 0.001303247659
1057,1785495534.842576027,map,3.0212390423,-1.9654284716,-0.5135686994,0.1143081604,0.0287484435,0.9705142599,0.2102599644,0.04307968735 0 0 0 0 0 0 0.04307968735 0 0 0 0 0 0 0.09459098093 0 0 0 0 0 0 0.0007561835186 0 0 0 0 0 0 0.0007561835186 0 0 0 0 0 0 0.001312282321
1058,1785495534.942692995,map,3.0220704079,-1.9584153891,-0.5123199224,0.1143030075,0.0287085912,0.9704925032,0.2103685724,0.04332049283 0 0 0 0 0 0 0.04332049283 0 0 0 0 0 0 0.09494764398 0 0 0 0 0 0 0.0007617542609 0 0 0 0 0 0 0.0007617542609 0 0 0 0 0 0 0.001319617675
1059,1785495535.041914940,map,3.0172929764,-1.9636455774,-0.5138390660,0.1142843175,0.0290358506,0.9705235029,0.2101907586,0.04309259815 0 0 0 0 0 0 0.04309259815 0 0 0 0 0 0 0.09461011163 0 0 0 0 0 0 0.0007564820692 0 0 0 0 0 0 0.0007564820692 0 0 0 0 0 0 0.001312675606
1060,1785495535.142090082,map,3.0184435844,-1.9583458900,-0.5192362070,0.1143877927,0.0286495522,0.9705297672,0.2101585258,0.04320123287 0 0 0 0 0 0 0.04320123287 0 0 0 0 0 0 0.09477104541 0 0 0 0 0 0 0.0007589947119 0 0 0 0 0 0 0.0007589947119 0 0 0 0 0 0 0.001315984809
1061,1785495535.242273092,map,3.0154418945,-1.9572637081,-0.5210687518,0.1144538037,0.0284665293,0.9705476847,0.2100646907,0.04346959006 0 0 0 0 0 0 0.04346959006 0 0 0 0 0 0 0.09516831429 0 0 0 0 0 0 0.0007652059021 0 0 0 0 0 0 0.0007652059021 0 0 0 0 0 0 0.001324159436
1062,1785495535.342308998,map,3.0247955322,-1.9554026127,-0.5215893984,0.1141820189,0.0293048687,0.9704939158,0.2103455190,0.04330416419 0 0 0 0 0 0 0.04330416419 0 0 0 0 0 0 0.09492346941 0 0 0 0 0 0 0.0007613763624 0 0 0 0 0 0 0.0007613763624 0 0 0 0 0 0 0.001319120276
1063,1785495535.442456007,map,3.0232720375,-1.9552353621,-0.5212172270,0.1141488652,0.0286782867,0.9705050783,0.2103984355,0.04325237316 0 0 0 0 0 0 0.04325237316 0 0 0 0 0 0 0.09484678296 0 0 0 0 0 0 0.0007601778967 0 0 0 0 0 0 0.0007601778967 0 0 0 0 0 0 0.001317542631
1064,1785495535.542512894,map,3.0154583454,-1.9547388554,-0.5124828219,0.1142508632,0.0291094130,0.9704772871,0.2104120227,0.0433023709 0 0 0 0 0 0 0.0433023709 0 0 0 0 0 0 0.09492081435 0 0 0 0 0 0 0.0007613348612 0 0 0 0 0 0 0.0007613348612 0 0 0 0 0 0 0.001319065649
1065,1785495535.642587900,map,2.9860391617,-1.9462859631,-0.5069504976,0.1149971453,0.0291292508,0.9703278075,0.2106919275,0.04310656703 0 0 0 0 0 0 0.04310656703 0 0 0 0 0 0 0.09463080912 0 0 0 0 0 0 0.0007568051031 0 0 0 0 0 0 0.0007568051031 0 0 0 0 0 0 0.001313101122
1066,1785495535.741935015,map,2.9890205860,-1.9383440018,-0.5096898675,0.1150205900,0.0291505095,0.9703038198,0.2107866688,0.04283542622 0 0 0 0 0 0 0.04283542622 0 0 0 0 0 0 0.09422886831 0 0 0 0 0 0 0.0007505378795 0 0 0 0 0 0 0.0007505378795 0 0 0 0 0 0 0.001304841701
1067,1785495535.841932058,map,2.9895360470,-1.9422748089,-0.5105918050,0.1149201544,0.0292987906,0.9703601868,0.2105612710,0.04311255482 0 0 0 0 0 0 0.04311255482 0 0 0 0 0 0 0.0946396808 0 0 0 0 0 0 0.0007569435773 0 0 0 0 0 0 0.0007569435773 0 0 0 0 0 0 0.001313283521
1068,1785495535.942256927,map,2.9918973446,-1.9448962212,-0.5213587284,0.1160227454,0.0286520433,0.9703489843,0.2100967416,0.04345801789 0 0 0 0 0 0 0.04345801789 0 0 0 0 0 0 0.09515119138 0 0 0 0 0 0 0.0007649379363 0 0 0 0 0 0 0.0007649379363 0 0 0 0 0 0 0.001323806928
1069,1785495536.042289019,map,2.9552996159,-1.9925367832,-0.4981877208,0.1216051959,0.0299049321,0.9695865342,0.2102850919,0.04294930227 0 0 0 0 0 0 0.04294930227 0 0 0 0 0 0 0.09439772915 0 0 0 0 0 0 0.0007531692763 0 0 0 0 0 0 0.0007531692763 0 0 0 0 0 0 0.001308310564
1070,1785495536.142537117,map,2.8540098667,-1.9380432367,-0.5323918462,0.1426675381,0.0296224833,0.9668976471,0.2094694337,0.04362622506 0 0 0 0 0 0 0.04362622506 0 0 0 0 0 0 0.09540000873 0 0 0 0 0 0 0.0007688340563 0 0 0 0 0 0 0.0007688340563 0 0 0 0 0 0 0.001328930811
1071,1785495536.242769957,map,2.8143055439,-1.9398759604,-0.5122379065,0.1489664341,0.0307265856,0.9659446582,0.2093222016,0.04409929382 0 0 0 0 0 0 0.04409929382 0 0 0 0 0 0 0.09609895755 0 0 0 0 0 0 0.0007798042051 0 0 0 0 0 0 0.0007798042051 0 0 0 0 0 0 0.00134334131
1072,1785495536.342072010,map,2.7655589581,-1.9835610390,-0.4896771908,0.1502749402,0.0402101594,0.9665800834,0.2037732461,0.04424214122 0 0 0 0 0 0 0.04424214122 0 0 0 0 0 0 0.09630977307 0 0 0 0 0 0 0.0007831203721 0 0 0 0 0 0 0.0007831203721 0 0 0 0 0 0 0.001347692691
1073,1785495536.442212105,map,2.7571406364,-1.9018218517,-0.5108318329,0.1444526720,0.0386186816,0.9674155211,0.2043262530,0.04326729715 0 0 0 0 0 0 0.04326729715 0 0 0 0 0 0 0.09486888228 0 0 0 0 0 0 0.0007605232206 0 0 0 0 0 0 0.0007605232206 0 0 0 0 0 0 0.001317997242
1074,1785495536.542520046,map,2.7720150948,-1.8953648806,-0.4356983304,0.1263535247,0.0348987734,0.9698090072,0.2056389008,0.04358025508 0 0 0 0 0 0 0.04358025508 0 0 0 0 0 0 0.09533202394 0 0 0 0 0 0 0.0007677690354 0 0 0 0 0 0 0.0007677690354 0 0 0 0 0 0 0.001327530486
1075,1785495536.642672062,map,2.8063871861,-1.8317310810,-0.4451352358,0.1172623886,0.0240527256,0.9711071992,0.2064504979,0.04310987711 0 0 0 0 0 0 0.04310987711 0 0 0 0 0 0 0.09463571346 0 0 0 0 0 0 0.0007568816522 0 0 0 0 0 0 0.0007568816522 0 0 0 0 0 0 0.001313201953
1076,1785495536.742815018,map,2.7690925598,-1.7289125919,-0.4826167524,0.1072623373,0.0185705636,0.9726761352,0.2050635380,0.04296129658 0 0 0 0 0 0 0.04296129658 0 0 0 0 0 0 0.09441551063 0 0 0 0 0 0 0.0007534465001 0 0 0 0 0 0 0.0007534465001 0 0 0 0 0 0 0.001308675931
1077,1785495536.841965914,map,2.6661577225,-1.7598204613,-0.4942753315,0.1011607828,0.0293476951,0.9735648266,0.2026739274,0.0429728843 0 0 0 0 0 0 0.0429728843 0 0 0 0 0 0 0.09443268859 0 0 0 0 0 0 0.000753714338 0 0 0 0 0 0 0.000753714338 0 0 0 0 0 0 0.001309028913
1078,1785495536.942136049,map,2.5828051567,-1.7173154354,-0.4408961236,0.0931812081,0.0262355331,0.9742753980,0.2035101810,0.04289335283 0 0 0 0 0 0 0.04289335283 0 0 0 0 0 0 0.09431477377 0 0 0 0 0 0 0.0007518762828 0 0 0 0 0 0 0.0007518762828 0 0 0 0 0 0 0.001306606246
1079,1785495537.042120934,map,2.6611032486,-1.8082334995,-0.4419623017,0.0679356325,0.0219300055,0.9759595306,0.2059291891,0.04296249808 0 0 0 0 0 0 0.04296249808 0 0 0 0 0 0 0.09441729181 0 0 0 0 0 0 0.0007534742711 0 0 0 0 0 0 0.0007534742711 0 0 0 0 0 0 0.001308712531
1080,1785495537.142154932,map,2.6395804882,-1.7804280519,-0.4380272031,0.0545892646,0.0236736728,0.9771178764,0.2042062926,0.04261250436 0 0 0 0 0 0 0.04261250436 0 0 0 0 0 0 0.09389809717 0 0 0 0 0 0 0.0007453899298 0 0 0 0 0 0 0.0007453899298 0 0 0 0 0 0 0.001298051113
1081,1785495537.242472887,map,2.5948133469,-1.7750331163,-0.4295384288,0.0525435038,0.0275693153,0.9772867874,0.2034444558,0.04255637237 0 0 0 0 0 0 0.04255637237 0 0 0 0 0 0 0.09381476417 0 0 0 0 0 0 0.0007440943466 0 0 0 0 0 0 0.0007440943466 0 0 0 0 0 0 0.001296341235
1082,1785495537.342708111,map,2.5433719158,-1.7281527519,-0.4090255797,0.0525927398,0.0284121659,0.9765731124,0.2067165036,0.04244284745 0 0 0 0 0 0 0.04244284745 0 0 0 0 0 0 0.09364617133 0 0 0 0 0 0 0.0007414749127 0 0 0 0 0 0 0.0007414749127 0 0 0 0 0 0 0.001292883068
1083,1785495537.441881895,map,2.5408101082,-1.7130038738,-0.4021515548,0.0523018224,0.0257828008,0.9765011425,0.2074735840,0.04254543296 0 0 0 0 0 0 0.04254543296 0 0 0 0 0 0 0.09379852156 0 0 0 0 0 0 0.0007438418859 0 0 0 0 0 0 0.0007438418859 0 0 0 0 0 0 0.001296008001
1084,1785495537.542048931,map,2.4140841961,-1.6795746088,-0.4074749649,0.0480566907,0.0261505758,0.9771101980,0.2055781463,0.04241642625 0 0 0 0 0 0 0.04241642625 0 0 0 0 0 0 0.09360692334 0 0 0 0 0 0 0.00074086544 0 0 0 0 0 0 0.00074086544 0 0 0 0 0 0 0.001292078232
1085,1785495537.642014980,map,2.3358755112,-1.6535576582,-0.4323878586,0.0464188578,0.0382501884,0.9769552967,0.2047939469,0.04283449349 0 0 0 0 0 0 0.04283449349 0 0 0 0 0 0 0.09422748491 0 0 0 0 0 0 0.000750516331 0 0 0 0 0 0 0.000750516331 0 0 0 0 0 0 0.001304813288
1086,1785495537.742336035,map,2.3290944099,-1.6684858799,-0.4050769508,0.0482868143,0.0405640433,0.9762144308,0.2074326984,0.04280977976 0 0 0 0 0 0 0.04280977976 0 0 0 0 0 0 0.09419082845 0 0 0 0 0 0 0.0007499454062 0 0 0 0 0 0 0.0007499454062 0 0 0 0 0 0 0.001304060465
1087,1785495537.842365980,map,2.3213918209,-1.6378771067,-0.3913982809,0.0582358046,0.0330884843,0.9749881719,0.2119240657,0.04253569669 0 0 0 0 0 0 0.04253569669 0 0 0 0 0 0 0.09378406474 0 0 0 0 0 0 0.0007436171999 0 0 0 0 0 0 0.0007436171999 0 0 0 0 0 0 0.001295711417
1088,1785495537.942456007,map,2.2674436569,-1.5786616802,-0.4104645550,0.0560615550,0.0337523546,0.9756687958,0.2092564507,0.04266685626 0 0 0 0 0 0 0.04266685626 0 0 0 0 0 0 0.0939787704 0 0 0 0 0 0 0.0007466446866 0 0 0 0 0 0 0.0007466446866 0 0 0 0 0 0 0.001299706766
1089,1785495538.042645931,map,2.2061300278,-1.6297630072,-0.3842002451,0.0609574031,0.0335883255,0.9757002572,0.2077619700,0.04249608094 0 0 0 0 0 0 0.04249608094 0 0 0 0 0 0 0.09372523613 0 0 0 0 0 0 0.000742703064 0 0 0 0 0 0 0.000742703064 0 0 0 0 0 0 0.001294504653
1090,1785495538.142688990,map,2.1962258816,-1.6158238649,-0.4183759093,0.0595106398,0.0396856078,0.9757910542,0.2066769156,0.04259818109 0 0 0 0 0 0 0.04259818109 0 0 0 0 0 0 0.0938768347 0 0 0 0 0 0 0.0007450593084 0 0 0 0 0 0 0.0007450593084 0 0 0 0 0 0 0.001297614801
1091,1785495538.242930889,map,2.1962718964,-1.6895622015,-0.4094328880,0.0605389316,0.0457134523,0.9758804304,0.2047015043,0.04273129463 0 0 0 0 0 0 0.04273129463 0 0 0 0 0 0 0.09407439303 0 0 0 0 0 0 0.0007481326283 0 0 0 0 0 0 0.0007481326283 0 0 0 0 0 0 0.001301669671
1092,1785495538.342948914,map,2.1742916107,-1.6221777201,-0.3728448749,0.0707288042,0.0389832258,0.9749149998,0.2074089893,0.04286780407 0 0 0 0 0 0 0.04286780407 0 0 0 0 0 0 0.09427688717 0 0 0 0 0 0 0.0007512859393 0 0 0 0 0 0 0.0007512859393 0 0 0 0 0 0 0.001305827987
1093,1785495538.442174911,map,2.0272893906,-1.5229002237,-0.3585062325,0.0900394092,0.0280682082,0.9733906084,0.2088439399,0.04331855441 0 0 0 0 0 0 0.04331855441 0 0 0 0 0 0 0.09494477423 0 0 0 0 0 0 0.0007617093985 0 0 0 0 0 0 0.0007617093985 0 0 0 0 0 0 0.001319558627
1094,1785495538.542155027,map,2.0142059326,-1.5258972645,-0.3588153124,0.0938093842,0.0288551076,0.9730326755,0.2087452484,0.04291086724 0 0 0 0 0 0 0.04291086724 0 0 0 0 0 0 0.09434074402 0 0 0 0 0 0 0.0007522810126 0 0 0 0 0 0 0.0007522810126 0 0 0 0 0 0 0.001307139766
1095,1785495538.642354012,map,2.0215890408,-1.5088934898,-0.3620402813,0.0980735483,0.0345781488,0.9726605549,0.2076472548,0.04298442731 0 0 0 0 0 0 0.04298442731 0 0 0 0 0 0 0.09444979952 0 0 0 0 0 0 0.0007539811541 0 0 0 0 0 0 0.0007539811541 0 0 0 0 0 0 0.001309380534
1096,1785495538.742532015,map,1.9773441553,-1.5585782528,-0.3729818761,0.1005201434,0.0422546227,0.9725222974,0.2056954331,0.04277138523 0 0 0 0 0 0 0.04277138523 0 0 0 0 0 0 0.09413387318 0 0 0 0 0 0 0.0007490585382 0 0 0 0 0 0 0.0007490585382 0 0 0 0 0 0 0.001302890901
1097,1785495538.842628002,map,1.9952239990,-1.4647005796,-0.3251033127,0.1069748239,0.0397373781,0.9725142379,0.2029615238,0.04296270222 0 0 0 0 0 0 0.04296270222 0 0 0 0 0 0 0.09441759444 0 0 0 0 0 0 0.0007534789895 0 0 0 0 0 0 0.0007534789895 0 0 0 0 0 0 0.00130871875
1098,1785495538.942780018,map,1.9168360233,-1.4892998934,-0.3358157873,0.1147368558,0.0457671244,0.9714871700,0.2023697289,0.04315679198 0 0 0 0 0 0 0.04315679198 0 0 0 0 0 0 0.0947052177 0 0 0 0 0 0 0.0007579667051 0 0 0 0 0 0 0.0007579667051 0 0 0 0 0 0 0.001314631062
1099,1785495539.042124987,map,1.8570507765,-1.4925453663,-0.2965305448,0.1288347747,0.0489781116,0.9698161903,0.2011449631,0.04302798736 0 0 0 0 0 0 0.04302798736 0 0 0 0 0 0 0.09451436457 0 0 0 0 0 0 0.0007549881445 0 0 0 0 0 0 0.0007549881445 0 0 0 0 0 0 0.001310707449
1100,1785495539.142414093,map,1.7888885736,-1.4455616474,-0.2879391611,0.1464820979,0.0413399677,0.9666060597,0.2061716039,0.0432316557 0 0 0 0 0 0 0.0432316557 0 0 0 0 0 0 0.09481610265 0 0 0 0 0 0 0.0007596985496 0 0 0 0 0 0 0.0007596985496 0 0 0 0 0 0 0.001316911541
1101,1785495539.242826939,map,1.8359442949,-1.4236115217,-0.3017230630,0.1284274730,0.0391549334,0.9685885310,0.2093072561,0.04294696742 0 0 0 0 0 0 0.04294696742 0 0 0 0 0 0 0.09439426765 0 0 0 0 0 0 0.0007531153125 0 0 0 0 0 0 0.0007531153125 0 0 0 0 0 0 0.00130823944
1102,1785495539.342044115,map,1.7286078930,-1.4571005106,-0.3309097886,0.1083590129,0.0521742563,0.9708734359,0.2072219401,0.04298041954 0 0 0 0 0 0 0.04298041954 0 0 0 0 0 0 0.09444385864 0 0 0 0 0 0 0.0007538885135 0 0 0 0 0 0 0.0007538885135 0 0 0 0 0 0 0.00130925845
1103,1785495539.442133904,map,1.7607290745,-1.4110808372,-0.3013116121,0.0845603980,0.0592194858,0.9734255801,0.2044143572,0.04302551064 0 0 0 0 0 0 0.04302551064 0 0 0 0 0 0 0.09451069385 0 0 0 0 0 0 0.0007549308852 0 0 0 0 0 0 0.0007549308852 0 0 0 0 0 0 0.001310632004
1104,1785495539.542277098,map,1.7713805437,-1.3578964472,-0.3089158535,0.0824009329,0.0515020538,0.9736006951,0.2065412802,0.04297618715 0 0 0 0 0 0 0.04297618715 0 0 0 0 0 0 0.09443758468 0 0 0 0 0 0 0.0007537906821 0 0 0 0 0 0 0.0007537906821 0 0 0 0 0 0 0.001309129524
1105,1785495539.642302990,map,1.6792629957,-1.3796645403,-0.3081251681,0.0908251440,0.0528345728,0.9734091621,0.2035532273,0.04245469547 0 0 0 0 0 0 0.04245469547 0 0 0 0 0 0 0.09366376995 0 0 0 0 0 0 0.0007417482374 0 0 0 0 0 0 0.0007417482374 0 0 0 0 0 0 0.001293243979
1106,1785495539.742410898,map,1.5615023375,-1.4037548304,-0.2631255388,0.0994183741,0.0640049109,0.9726816350,0.1997743809,0.04328935368 0 0 0 0 0 0 0.04328935368 0 0 0 0 0 0 0.09490154117 0 0 0 0 0 0 0.0007610336181 0 0 0 0 0 0 0.0007610336181 0 0 0 0 0 0 0.001318669122
1107,1785495539.842477083,map,1.5527727604,-1.3570156097,-0.2424858212,0.0932230784,0.0682255127,0.9740584351,0.1945891147,0.04392589692 0 0 0 0 0 0 0.04392589692 0 0 0 0 0 0 0.0958429087 0 0 0 0 0 0 0.0007757810944 0 0 0 0 0 0 0.0007757810944 0 0 0 0 0 0 0.001338059338
1108,1785495539.942581892,map,1.5201864243,-1.2335870266,-0.2815729380,0.0746259818,0.0666237401,0.9768426798,0.1891312309,0.04302591886 0 0 0 0 0 0 0.04302591886 0 0 0 0 0 0 0.09451129887 0 0 0 0 0 0 0.0007549403228 0 0 0 0 0 0 0.0007549403228 0 0 0 0 0 0 0.001310644439
1109,1785495540.041893959,map,1.5731060505,-1.2606472969,-0.2374261320,0.0388133058,0.0643490659,0.9787118224,0.1909866083,0.0425050792 0 0 0 0 0 0 0.0425050792 0 0 0 0 0 0 0.09373859915 0 0 0 0 0 0 0.0007429106874 0 0 0 0 0 0 0.0007429106874 0 0 0 0 0 0 0.001294778755
1110,1785495540.142131090,map,1.4576110840,-1.2134251595,-0.2130409926,0.0151708907,0.0452230365,0.9799097907,0.1936530709,0.04253799711 0 0 0 0 0 0 0.04253799711 0 0 0 0 0 0 0.09378748055 0 0 0 0 0 0 0.0007436702865 0 0 0 0 0 0 0.0007436702865 0 0 0 0 0 0 0.001295781492
1111,1785495540.242521048,map,1.4344221354,-1.2749062777,-0.2075044662,0.0102594963,0.0315140374,0.9803253388,0.1945863432,0.0424888673 0 0 0 0 0 0 0.0424888673 0 0 0 0 0 0 0.09371452305 0 0 0 0 0 0 0.0007425366235 0 0 0 0 0 0 0.0007425366235 0 0 0 0 0 0 0.001294284913
1112,1785495540.341924906,map,1.3374383450,-1.2628914118,-0.2256195843,0.0211337895,0.0317823340,0.9804859388,0.1928485634,0.04255824427 0 0 0 0 0 0 0.04255824427 0 0 0 0 0 0 0.09381754348 0 0 0 0 0 0 0.0007441375477 0 0 0 0 0 0 0.0007441375477 0 0 0 0 0 0 0.001296398256
1113,1785495540.442110062,map,1.3029444218,-1.2863061428,-0.2191472054,0.0343817850,0.0366419987,0.9804754067,0.1901137298,0.04252255434 0 0 0 0 0 0 0.04252255434 0 0 0 0 0 0 0.09376454961 0 0 0 0 0 0 0.0007433139244 0 0 0 0 0 0 0.0007433139244 0 0 0 0 0 0 0.001295311079
1114,1785495540.542337894,map,1.2936762571,-1.2807269096,-0.2079589367,0.0410405412,0.0411723528,0.9800635713,0.1899891813,0.04238837161 0 0 0 0 0 0 0.04238837161 0 0 0 0 0 0 0.09356524454 0 0 0 0 0 0 0.0007402183544 0 0 0 0 0 0 0.0007402183544 0 0 0 0 0 0 0.001291223639
1115,1785495540.642560959,map,1.2965775728,-1.2242503166,-0.2069242448,0.0306250333,0.0350470116,0.9807841489,0.1894630768,0.04245327626 0 0 0 0 0 0 0.04245327626 0 0 0 0 0 0 0.09366166194 0 0 0 0 0 0 0.0007417154966 0 0 0 0 0 0 0.0007417154966 0 0 0 0 0 0 0.001293200748
1116,1785495540.742696047,map,1.2123086452,-1.2088143826,-0.2160151750,0.0306883463,0.0310893954,0.9807901426,0.1901114585,0.04262509304 0 0 0 0 0 0 0.04262509304 0 0 0 0 0 0 0.09391678375 0 0 0 0 0 0 0.0007456805269 0 0 0 0 0 0 0.0007456805269 0 0 0 0 0 0 0.001298434586
1117,1785495540.841949940,map,1.1624331474,-1.2259223461,-0.2180928439,0.0379588075,0.0347661265,0.9814183246,0.1848472372,0.04234160032 0 0 0 0 0 0 0.04234160032 0 0 0 0 0 0 0.09349574972 0 0 0 0 0 0 0.0007391397187 0 0 0 0 0 0 0.0007391397187 0 0 0 0 0 0 0.001289798904
1118,1785495540.942255974,map,1.1544202566,-1.1733587980,-0.2179031819,0.0394263946,0.0353577033,0.9815380755,0.1837890302,0.04257461786 0 0 0 0 0 0 0.04257461786 0 0 0 0 0 0 0.09384185322 0 0 0 0 0 0 0.0007445154411 0 0 0 0 0 0 0.0007445154411 0 0 0 0 0 0 0.001296897024
1119,1785495541.042241096,map,1.1768072844,-1.2112156153,-0.2106638998,0.0330403309,0.0295183518,0.9814201542,0.1866855631,0.04256123634 0 0 0 0 0 0 0.04256123634 0 0 0 0 0 0 0.09382198589 0 0 0 0 0 0 0.0007442066013 0 0 0 0 0 0 0.0007442066013 0 0 0 0 0 0 0.0012964894
1120,1785495541.142383099,map,1.0956301689,-1.1302324533,-0.2239911556,0.0393775129,0.0199726923,0.9813782247,0.1869419709,0.0423290752 0 0 0 0 0 0 0.0423290752 0 0 0 0 0 0 0.09347713722 0 0 0 0 0 0 0.0007388508979 0 0 0 0 0 0 0.0007388508979 0 0 0 0 0 0 0.001289417367
1121,1785495541.242625952,map,1.0485335588,-1.1433809996,-0.2410517037,0.0398240432,0.0215288003,0.9815890762,0.1855624940,0.0423894095 0 0 0 0 0 0 0.0423894095 0 0 0 0 0 0 0.09356678654 0 0 0 0 0 0 0.0007402422923 0 0 0 0 0 0 0.0007402422923 0 0 0 0 0 0 0.001291255255
1122,1785495541.342782974,map,1.0144320726,-1.1836075783,-0.2496576011,0.0350215756,0.0300585064,0.9818872169,0.1837592887,0.0430893408 0 0 0 0 0 0 0.0430893408 0 0 0 0 0 0 0.09460528512 0 0 0 0 0 0 0.0007564067447 0 0 0 0 0 0 0.0007564067447 0 0 0 0 0 0 0.001312576382
1123,1785495541.442091942,map,1.0025953054,-1.1160135269,-0.2124972790,0.0317597998,0.0326268802,0.9816379795,0.1852395420,0.04242771063 0 0 0 0 0 0 0.04242771063 0 0 0 0 0 0 0.09362368647 0 0 0 0 0 0 0.0007411257358 0 0 0 0 0 0 0.0007411257358 0 0 0 0 0 0 0.001292421974
1124,1785495541.542289019,map,0.9629293084,-1.0652402639,-0.2107131481,0.0288163926,0.0300812442,0.9818800841,0.1848681261,0.04265418876 0 0 0 0 0 0 0.04265418876 0 0 0 0 0 0 0.09395996984 0 0 0 0 0 0 0.0007463522246 0 0 0 0 0 0 0.0007463522246 0 0 0 0 0 0 0.001299320892
1125,1785495541.642374992,map,0.8561807275,-1.0461701155,-0.2120197266,0.0266347092,0.0301028407,0.9823297416,0.1827913924,0.04261610343 0 0 0 0 0 0 0.04261610343 0 0 0 0 0 0 0.09390343971 0 0 0 0 0 0 0.0007454730093 0 0 0 0 0 0 0.0007454730093 0 0 0 0 0 0 0.001298160747
1126,1785495541.742597103,map,0.7942121029,-1.0489987135,-0.1955731809,0.0287702673,0.0350725380,0.9820414616,0.1831304070,0.04239588706 0 0 0 0 0 0 0.04239588706 0 0 0 0 0 0 0.09357641016 0 0 0 0 0 0 0.000740391693 0 0 0 0 0 0 0.000740391693 0 0 0 0 0 0 0.001291452573
1127,1785495541.842089891,map,0.7535237074,-1.0223230124,-0.1790155023,0.0315208183,0.0363843194,0.9815680052,0.1849510179,0.04240267221 0 0 0 0 0 0 0.04240267221 0 0 0 0 0 0 0.09358649049 0 0 0 0 0 0 0.0007405481919 0 0 0 0 0 0 0.0007405481919 0 0 0 0 0 0 0.00129165926
1128,1785495541.942212105,map,0.7302776575,-0.9839487672,-0.1800898612,0.0327311925,0.0345351444,0.9815988601,0.1849315190,0.04255294465 0 0 0 0 0 0 0.04255294465 0 0 0 0 0 0 0.09380967484 0 0 0 0 0 0 0.0007440152403 0 0 0 0 0 0 0.0007440152403 0 0 0 0 0 0 0.00129623682
1129,1785495542.042314053,map,0.6694219112,-0.9846130013,-0.1834194213,0.0320829979,0.0336865333,0.9817119711,0.1846009218,0.04354740815 0 0 0 0 0 0 0.04354740815 0 0 0 0 0 0 0.09528343965 0 0 0 0 0 0 0.0007670081543 0 0 0 0 0 0 0.0007670081543 0 0 0 0 0 0 0.001326529911
1130,1785495542.142435074,map,0.6531466842,-0.9939421415,-0.1768451184,0.0318305333,0.0357881634,0.9821149601,0.1820885285,0.04242383121 0 0 0 0 0 0 0.04242383121 0 0 0 0 0 0 0.09361792361 0 0 0 0 0 0 0.0007410362482 0 0 0 0 0 0 0.0007410362482 0 0 0 0 0 0 0.0012923038
1131,1785495542.241699934,map,0.6435053945,-0.9675470591,-0.1671389639,0.0277040999,0.0350367519,0.9823087092,0.1818639957,0.04250237922 0 0 0 0 0 0 0.04250237922 0 0 0 0 0 0 0.09373458955 0 0 0 0 0 0 0.0007428483881 0 0 0 0 0 0 0.0007428483881 0 0 0 0 0 0 0.001294696509
1132,1785495542.341916084,map,0.5951700807,-0.9791420102,-0.1479752660,0.0262800534,0.0304107971,0.9826689499,0.1809593266,0.04257782068 0 0 0 0 0 0 0.04257782068 0 0 0 0 0 0 0.09384660824 0 0 0 0 0 0 0.0007445893631 0 0 0 0 0 0 0.0007445893631 0 0 0 0 0 0 0.001296994587
1133,1785495542.442147970,map,0.5645070672,-0.9641087055,-0.1652497947,0.0253097251,0.0293022984,0.9828455791,0.1803201592,0.0425286865 0 0 0 0 0 0 0.0425286865 0 0 0 0 0 0 0.09377365541 0 0 0 0 0 0 0.0007434554294 0 0 0 0 0 0 0.0007434554294 0 0 0 0 0 0 0.001295497875
1134,1785495542.542376995,map,0.5435714126,-0.9625402689,-0.1633441150,0.0260938893,0.0300675754,0.9832772992,0.1777098986,0.04259217341 0 0 0 0 0 0 0.04259217341 0 0 0 0 0 0 0.09386791612 0 0 0 0 0 0 0.0007449206394 0 0 0 0 0 0 0.0007449206394 0 0 0 0 0 0 0.001297431797
1135,1785495542.642612934,map,0.4836015403,-0.9483646750,-0.1594094336,0.0269441718,0.0309196537,0.9835434383,0.1759553745,0.0426576237 0 0 0 0 0 0 0.0426576237 0 0 0 0 0 0 0.09396506791 0 0 0 0 0 0 0.0007464315276 0 0 0 0 0 0 0.0007464315276 0 0 0 0 0 0 0.001299425526
1136,1785495542.742722034,map,0.4738847613,-0.9074141979,-0.1703488231,0.0255085007,0.0290725277,0.9834942814,0.1767571928,0.04267666556 0 0 0 0 0 0 0.04267666556 0 0 0 0 0 0 0.09399332833 0 0 0 0 0 0 0.0007468711694 0 0 0 0 0 0 0.0007468711694 0 0 0 0 0 0 0.001300005575
1137,1785495542.841959000,map,0.4450957477,-0.9308017492,-0.1551651061,0.0215636200,0.0283140173,0.9837320741,0.1760810170,0.04256967794 0 0 0 0 0 0 0.04256967794 0 0 0 0 0 0 0.09383451912 0 0 0 0 0 0 0.0007444014281 0 0 0 0 0 0 0.0007444014281 0 0 0 0 0 0 0.001296746546
1138,1785495542.942147017,map,0.3326642215,-0.9429803491,-0.1762074083,0.0306409122,0.0300447285,0.9836140446,0.1751052550,0.04263035938 0 0 0 0 0 0 0.04263035938 0 0 0 0 0 0 0.09392460081 0 0 0 0 0 0 0.0007458020991 0 0 0 0 0 0 0.0007458020991 0 0 0 0 0 0 0.001298595008
1139,1785495543.041949034,map,0.4088473618,-0.9318907857,-0.1569540799,0.0301655972,0.0306085698,0.9834763724,0.1758618279,0.04247626536 0 0 0 0 0 0 0.04247626536 0 0 0 0 0 0 0.09369580702 0 0 0 0 0 0 0.0007422458693 0 0 0 0 0 0 0.0007422458693 0 0 0 0 0 0 0.001293901036
1140,1785495543.142191887,map,0.4338311255,-0.9234984517,-0.1636822969,0.0279522603,0.0298601262,0.9835516423,0.1759352795,0.04241410133 0 0 0 0 0 0 0.04241410133 0 0 0 0 0 0 0.09360346954 0 0 0 0 0 0 0.0007408118126 0 0 0 0 0 0 0.0007408118126 0 0 0 0 0 0 0.001292007411
1141,1785495543.242270947,map,0.4384312034,-0.9214069843,-0.1681150049,0.0277453689,0.0294223658,0.9835534528,0.1760316223,0.04257725839 0 0 0 0 0 0 0.04257725839 0 0 0 0 0 0 0.09384577346 0 0 0 0 0 0 0.0007445763854 0 0 0 0 0 0 0.0007445763854 0 0 0 0 0 0 0.001296977459
1142,1785495543.341603041,map,0.4503068626,-0.9173418880,-0.1667915881,0.0272850854,0.0295288415,0.9835955849,0.1758502167,0.0425315921 0 0 0 0 0 0 0.0425315921 0 0 0 0 0 0 0.09377796992 0 0 0 0 0 0 0.0007435224799 0 0 0 0 0 0 0.0007435224799 0 0 0 0 0 0 0.001295586384
1143,1785495543.441692114,map,0.4508418739,-0.9230341315,-0.1636965573,0.0270308133,0.0296792094,0.9835799049,0.1759518658,0.04247563917 0 0 0 0 0 0 0.04247563917 0 0 0 0 0 0 0.09369487699 0 0 0 0 0 0 0.000742231422 0 0 0 0 0 0 0.000742231422 0 0 0 0 0 0 0.001293881961
1144,1785495543.541955948,map,0.4567870200,-0.9227091074,-0.1670768857,0.0264712285,0.0297072850,0.9835832303,0.1760135520,0.04254788928 0 0 0 0 0 0 0.04254788928 0 0 0 0 0 0 0.09380216872 0 0 0 0 0 0 0.0007438985723 0 0 0 0 0 0 0.0007438985723 0 0 0 0 0 0 0.001296082825
1145,1785495543.641858101,map,0.4501710236,-0.9360381365,-0.1588497460,0.0265736261,0.0300576050,0.9835489001,0.1761304603,0.04269701529 0 0 0 0 0 0 0.04269701529 0 0 0 0 0 0 0.09402352751 0 0 0 0 0 0 0.0007473410421 0 0 0 0 0 0 0.0007473410421 0 0 0 0 0 0 0.001300625463
1146,1785495543.742126942,map,0.4569982290,-0.9246612191,-0.1656328738,0.0266057426,0.0290583824,0.9835842378,0.1760959915,0.04261875901 0 0 0 0 0 0 0.04261875901 0 0 0 0 0 0 0.09390738166 0 0 0 0 0 0 0.0007455343105 0 0 0 0 0 0 0.0007455343105 0 0 0 0 0 0 0.00129824164
1147,1785495543.842000008,map,0.4590738416,-0.9267095327,-0.1619866490,0.0266269741,0.0296258438,0.9835979483,0.1759216035,0.04249378198 0 0 0 0 0 0 0.04249378198 0 0 0 0 0 0 0.09372182195 0 0 0 0 0 0 0.0007426500196 0 0 0 0 0 0 0.0007426500196 0 0 0 0 0 0 0.001294434622
1148,1785495543.942137957,map,0.4623391926,-0.9220257998,-0.1663285345,0.0265618602,0.0298552406,0.9836136129,0.1758049692,0.04263598257 0 0 0 0 0 0 0.04263598257 0 0 0 0 0 0 0.09393294739 0 0 0 0 0 0 0.0007459319117 0 0 0 0 0 0 0.0007459319117 0 0 0 0 0 0 0.0012987663
1149,1785495544.042228937,map,0.4589146674,-0.9128966928,-0.1691492051,0.0270695351,0.0298075554,0.9836560909,0.1754977350,0.04249209509 0 0 0 0 0 0 0.04249209509 0 0 0 0 0 0 0.09371931673 0 0 0 0 0 0 0.0007426110978 0 0 0 0 0 0 0.0007426110978 0 0 0 0 0 0 0.001294383237
1150,1785495544.141464949,map,0.4552201033,-0.9118826389,-0.1675256342,0.0270798628,0.0298841398,0.9836232479,0.1756670629,0.04257363431 0 0 0 0 0 0 0.04257363431 0 0 0 0 0 0 0.093840393 0 0 0 0 0 0 0.0007444927407 0 0 0 0 0 0 0.0007444927407 0 0 0 0 0 0 0.001296867063
1151,1785495544.241669893,map,0.4571282864,-0.9121230245,-0.1665611267,0.0272663226,0.0296975289,0.9836245810,0.1756624391,0.04246223422 0 0 0 0 0 0 0.04246223422 0 0 0 0 0 0 0.09367496732 0 0 0 0 0 0 0.0007419221569 0 0 0 0 0 0 0.0007419221569 0 0 0 0 0 0 0.001293473623
1152,1785495544.341825008,map,0.4677426219,-0.9128202200,-0.1631660461,0.0266625184,0.0294887003,0.9836380713,0.1757147483,0.04278449459 0 0 0 0 0 0 0.04278449459 0 0 0 0 0 0 0.09415332082 0 0 0 0 0 0 0.0007493613346 0 0 0 0 0 0 0.0007493613346 0 0 0 0 0 0 0.001303290235
1153,1785495544.441857100,map,0.4756980836,-0.9143242240,-0.1614246368,0.0262940331,0.0293936022,0.9836812602,0.1755443855,0.04264105952 0 0 0 0 0 0 0.04264105952 0 0 0 0 0 0 0.09394048302 0 0 0 0 0 0 0.0007460491166 0 0 0 0 0 0 0.0007460491166 0 0 0 0 0 0 0.001298920953
1154,1785495544.542045116,map,0.4820743501,-0.9121785760,-0.1636077315,0.0263219190,0.0294248337,0.9836579542,0.1756654625,0.04270380586 0 0 0 0 0 0 0.04270380586 0 0 0 0 0 0 0.09403360425 0 0 0 0 0 0 0.0007474978435 0 0 0 0 0 0 0.0007474978435 0 0 0 0 0 0 0.001300832316
1155,1785495544.641303062,map,0.4627695680,-0.9291617274,-0.1607458442,0.0265823439,0.0299900705,0.9836036370,0.1758347714,0.04269382363 0 0 0 0 0 0 0.04269382363 0 0 0 0 0 0 0.09401879121 0 0 0 0 0 0 0.0007472673447 0 0 0 0 0 0 0.0007472673447 0 0 0 0 0 0 0.00130052824
1156,1785495544.741516113,map,0.4690811336,-0.9210666418,-0.1682788879,0.0266712565,0.0298343381,0.9836491073,0.1755933205,0.04245998011 0 0 0 0 0 0 0.04245998011 0 0 0 0 0 0 0.09367161929 0 0 0 0 0 0 0.0007418701537 0 0 0 0 0 0 0.0007418701537 0 0 0 0 0 0 0.001293404958
1157,1785495544.841653109,map,0.4654400647,-0.9235205054,-0.1689438224,0.0266720181,0.0297997127,0.9835795034,0.1759885020,0.04281436957 0 0 0 0 0 0 0.04281436957 0 0 0 0 0 0 0.09419763651 0 0 0 0 0 0 0.0007500514338 0 0 0 0 0 0 0.0007500514338 0 0 0 0 0 0 0.001304200279
1158,1785495544.941682100,map,0.4689112604,-0.9149893522,-0.1693740338,0.0268779252,0.0296147926,0.9836066441,0.1758366577,0.0424939875 0 0 0 0 0 0 0.0424939875 0 0 0 0 0 0 0.09372212717 0 0 0 0 0 0 0.0007426547616 0 0 0 0 0 0 0.0007426547616 0 0 0 0 0 0 0.001294440883
1159,1785495545.041691065,map,0.4645020068,-0.9198780656,-0.1731789857,0.0267648343,0.0296041938,0.9836266792,0.1757435747,0.04261945408 0 0 0 0 0 0 0.04261945408 0 0 0 0 0 0 0.09390841341 0 0 0 0 0 0 0.0007455503553 0 0 0 0 0 0 0.0007455503553 0 0 0 0 0 0 0.001298262813
1160,1785495545.141921043,map,0.4719116688,-0.9198164344,-0.1664553881,0.0266144026,0.0295756806,0.9836402982,0.1756949673,0.04266063787 0 0 0 0 0 0 0.04266063787 0 0 0 0 0 0 0.09396954145 0 0 0 0 0 0 0.0007465011173 0 0 0 0 0 0 0.0007465011173 0 0 0 0 0 0 0.001299517343
1161,1785495545.241030931,map,0.4702996612,-0.9222239852,-0.1649639010,0.0266668393,0.0295401544,0.9836034400,0.1758992074,0.04249975675 0 0 0 0 0 0 0.04249975675 0 0 0 0 0 0 0.09373069501 0 0 0 0 0 0 0.0007427878777 0 0 0 0 0 0 0.0007427878777 0 0 0 0 0 0 0.001294616624
1162,1785495545.341226101,map,0.4616463482,-0.9226422310,-0.1712985188,0.0266183712,0.0297641120,0.9836091741,0.1758367130,0.04265965387 0 0 0 0 0 0 0.04265965387 0 0 0 0 0 0 0.09396808104 0 0 0 0 0 0 0.0007464783992 0 0 0 0 0 0 0.0007464783992 0 0 0 0 0 0 0.001299487369
1163,1785495545.441308022,map,0.4629193544,-0.9153184891,-0.1701712012,0.0266206076,0.0293269072,0.9836516826,0.1756719755,0.04267310318 0 0 0 0 0 0 0.04267310318 0 0 0 0 0 0 0.09398804149 0 0 0 0 0 0 0.0007467889182 0 0 0 0 0 0 0.0007467889182 0 0 0 0 0 0 0.001299897059
1164,1785495545.541501045,map,0.4649620056,-0.9126739502,-0.1668862104,0.0270641967,0.0296056894,0.9836454716,0.1755921971,0.04248437656 0 0 0 0 0 0 0.04248437656 0 0 0 0 0 0 0.09370785364 0 0 0 0 0 0 0.0007424330107 0 0 0 0 0 0 0.0007424330107 0 0 0 0 0 0 0.001294148117
1165,1785495545.640664101,map,0.4525623024,-0.8965604305,-0.1725756824,0.0276272984,0.0297390226,0.9836690203,0.1753498961,0.04275259719 0 0 0 0 0 0 0.04275259719 0 0 0 0 0 0 0.09410599956 0 0 0 0 0 0 0.000748624603 0 0 0 0 0 0 0.000748624603 0 0 0 0 0 0 0.001302318585
1166,1785495545.740758896,map,0.4882489741,-0.9053397179,-0.1716503352,0.0280523657,0.0298575077,0.9838306042,0.1743529225,0.04259517616 0 0 0 0 0 0 0.04259517616 0 0 0 0 0 0 0.09387237381 0 0 0 0 0 0 0.0007449899482 0 0 0 0 0 0 0.0007449899482 0 0 0 0 0 0 0.001297523266
1167,1785495545.840857029,map,0.4494906664,-0.9077407122,-0.1750010550,0.0325256202,0.0294165675,0.9837562191,0.1740702582,0.04237622413 0 0 0 0 0 0 0.04237622413 0 0 0 0 0 0 0.09354719648 0 0 0 0 0 0 0.0007399381918 0 0 0 0 0 0 0.0007399381918 0 0 0 0 0 0 0.001290853605
1168,1785495545.940897942,map,0.3640185595,-0.9192312360,-0.1853947788,0.0434966875,0.0325726675,0.9833526676,0.1733914097,0.04257688717 0 0 0 0 0 0 0.04257688717 0 0 0 0 0 0 0.09384522233 0 0 0 0 0 0 0.0007445678175 0 0 0 0 0 0 0.0007445678175 0 0 0 0 0 0 0.001296966151
1169,1785495546.040826082,map,0.3169727027,-0.8993483782,-0.1877811253,0.0432631591,0.0325287326,0.9840990240,0.1691724103,0.04250124059 0 0 0 0 0 0 0.04250124059 0 0 0 0 0 0 0.09373289861 0 0 0 0 0 0 0.0007428221154 0 0 0 0 0 0 0.0007428221154 0 0 0 0 0 0 0.001294661824
1170,1785495546.140906096,map,0.3417109549,-0.8471825123,-0.1643064022,0.0233756532,0.0277274262,0.9854026683,0.1663320526,0.04260118939 0 0 0 0 0 0 0.04260118939 0 0 0 0 0 0 0.09388130052 0 0 0 0 0 0 0.0007451287469 0 0 0 0 0 0 0.0007451287469 0 0 0 0 0 0 0.001297706439
1171,1785495546.241136074,map,0.2535591424,-0.8835546970,-0.1705672592,0.0153028739,0.0278835005,0.9857981552,0.1648948986,0.04255554369 0 0 0 0 0 0 0.04255554369 0 0 0 0 0 0 0.09381353379 0 0 0 0 0 0 0.0007440752219 0 0 0 0 0 0 0.0007440752219 0 0 0 0 0 0 0.001296315992
