stamp_sec,recv_wall_sec,accepted_gap_sec,x,y,z,qx,qy,qz,qw
1785497054.405941248,1789401515.100964,0.000000,0.010270510979377562,0.003007989356787628,-0.0019336068397344808,0.005052082908792312,-0.02492771913771477,-6.305961963615831e-05,0.9996764883202771
1785497054.505706787,1789401515.109756,0.099766,0.014717143368806904,0.0019824210685757794,-0.002065892108425005,0.0050844166345969674,-0.02493179084255051,-8.692206533767003e-05,0.999676221062313
1785497054.605535746,1789401515.122864,0.099829,0.01839156162737353,0.006081458429384914,0.018113623207968554,0.005081978248792452,-0.02486352794671618,-0.00011973458472442998,0.9996779302049004
1785497054.705661774,1789401515.168413,0.100126,-0.007713564648591874,-0.009329859305283905,0.009890565061905332,0.005141573709875652,-0.02463476028930991,-0.00017667976465455856,0.9996832806391921
1785497054.805952787,1789401515.301667,0.100291,-0.017304687484700598,-0.004445393679503454,0.005227659536711171,0.004976734715509525,-0.024621871056135156,-0.0001911645233702882,0.9996844297243977
1785497054.905803442,1789401515.389587,0.099851,-0.020978952060604482,-0.005290925114860661,-0.002529789138716154,0.005137059690465013,-0.02470801408351675,-0.0002747559960719728,0.9996814738540125
1785497055.005619049,1789401515.514067,0.099816,-0.0001938788835011418,0.008990647586849372,-0.0003941830097508592,0.005068415507860715,-0.02495398047433743,-0.0001510954203414938,0.9996757410245098
1785497055.105588913,1789401515.583001,0.099970,-0.003139146779275223,0.010527469644344822,-0.0017543474232806222,0.00520542368585871,-0.024887756514417093,-7.568361360561586e-05,0.9996766964433668
1785497055.205743551,1789401515.770878,0.100155,0.0012860997777693894,0.00980795102670565,0.002664566395587431,0.004993773452674054,-0.02488201521304089,-5.1721159455517524e-05,0.9996779205677027
1785497055.305948734,1789401515.830713,0.100205,0.00337186915822503,-0.0005306641442667836,-0.0027748888485215617,0.005040479058738751,-0.024838599219959883,-0.00013105135900029933,0.9996787585945761
1785497055.405633688,1789401515.889362,0.099685,0.010912563589146745,-0.0014072802507551284,0.001773401030513988,0.005148983291604407,-0.024898083314844513,-0.000187731601634632,0.9996767168315758
1785497055.505555868,1789401515.994938,0.099922,0.014099907308472909,0.008805110165591667,0.002878440911629976,0.0052914144576151345,-0.02502534441195074,-0.00012544332626354164,0.9996728051387993
1785497055.605664492,1789401516.101659,0.100109,0.022212350328490116,0.00446157243331799,0.00398228919202126,0.005335444222288503,-0.025078388690503196,-0.00010794968095246906,0.9996712438609547
1785497055.705973864,1789401516.202522,0.100309,0.00812375116247066,0.01604978406270021,0.005591098941395589,0.005097796431035215,-0.02494567929913097,-2.5174249075326184e-05,0.9996758099114496
1785497055.805754423,1789401516.300034,0.099781,0.00705274404621721,0.004795795997708408,0.0009632102405979781,0.00520934846326064,-0.0248270032700257,-7.529739129910933e-05,0.9996781866818563
1785497055.905592203,1789401516.402507,0.099838,-0.0005572952813885368,-0.0012405349906348343,-0.0017151618662114565,0.005099513709361013,-0.024469529028679292,-0.00015001916040695303,0.9996875584918006
1785497056.005571604,1789401516.500744,0.099979,0.005867706562602673,0.003927884935325474,0.004781987441131452,0.005285882912033545,-0.02481318216628291,-9.040380153275566e-05,0.9996781268287201
1785497056.106098890,1789401516.604046,0.100527,0.007028377942605829,0.0019863636010626308,-0.0019027501256207446,0.00518166609581714,-0.024975648998114493,-0.00017501832705003762,0.9996746153935202
1785497056.205844879,1789401516.701676,0.099746,0.019011350637231916,0.001373715935461782,-0.003860219726751879,0.005074310281935774,-0.02505157847043572,-9.848988459148508e-05,0.9996732766714572
1785497056.305691481,1789401516.803721,0.099847,0.018559286544056613,0.0029031644490985567,-0.0017611247001873553,0.005098028703354862,-0.024949626833640864,-6.055469223275518e-05,0.9996757086962422
1785497056.405519724,1789401516.894478,0.099828,0.006157693534222894,-0.001985078940708105,0.001601725665533682,0.004912479698016389,-0.02472968420075662,3.7875187425410293e-06,0.9996821045953584
1785497056.505740404,1789401517.004862,0.100221,0.0029403368634689925,0.0011711981544679068,0.001131901826587789,0.004987081367625232,-0.02470319356192463,-0.00011122532929097336,0.9996823839981396
1785497056.605889320,1789401517.099988,0.100149,0.005571099722660136,0.00015629585569641204,0.0016292486759204583,0.0048465786477838255,-0.024874286056411357,-0.00011633487101603396,0.9996788319429373
1785497056.705776453,1789401517.198560,0.099887,0.0073223793320890684,-0.0027014184847469597,-0.0009042057912677093,0.004933396308009716,-0.02493369628857881,-0.00015891481170277194,0.9996769213782734
1785497056.805559397,1789401517.295278,0.099783,-0.0018571023581880758,-0.008340733006294504,-0.0035906906597219512,0.004965117990804729,-0.0249634774348825,-0.00015015239419411772,0.9996760224452504
1785497056.905585766,1789401517.493567,0.100026,0.00046160007227932787,0.004070683829926465,-0.0027191560300402484,0.00504968585217732,-0.024914106181284715,-0.00012137971954014755,0.9996768344084745
1785497057.005833149,1789401517.565624,0.100247,-0.004435315440450616,0.009614741926191793,-0.004841196221658517,0.005264991751561526,-0.024879560606310067,-7.339340873766746e-05,0.9996765886722082
1785497057.105914116,1789401517.582703,0.100081,0.000748129015020596,0.01131975155118443,-0.0043421001941736925,0.005264200278353986,-0.024926485457181395,-0.00018942103155652814,0.9996754086391533
1785497057.205642939,1789401517.699845,0.099729,0.007817593506312018,0.005438830438607033,-0.0026994999844106027,0.005160110346595498,-0.024860394346709395,-8.039389688542721e-05,0.9996776118284141
1785497057.305518866,1789401517.801524,0.099876,0.0088792620419096,0.007232219661048321,-0.005540479878086202,0.005159363694086964,-0.024921050757442192,-5.171877069094374e-05,0.9996761073070561
1785497057.405603170,1789401517.902468,0.100084,0.00598978681172746,0.013792045218173232,-0.004830035975808167,0.005286235061593416,-0.024927917643196424,9.15386335370319e-08,0.9996752745971275
1785497057.506054163,1789401517.999835,0.100451,0.018740355501937575,0.008453598535802607,-0.004047425705515362,0.0052442308927149505,-0.0250016105257039,-2.6191351327304092e-05,0.9996736551632642
1785497057.605827808,1789401518.097499,0.099774,0.013399709193799,0.011461105989469582,0.0011190309167616874,0.005403647020160236,-0.02491640666483439,-2.2701558405346883e-05,0.9996749335471187
1785497057.705650806,1789401518.198599,0.099823,0.012924865570171876,0.012222951520053586,0.0017708899592249194,0.005330963807833213,-0.02499005696742492,-7.334792867683633e-05,0.9996734829421697
1785497057.805523872,1789401518.298931,0.099873,0.016870632342238984,0.004099521454109313,-0.0013235576875873512,0.004968313842514181,-0.024970185366073087,-3.0328641850305444e-05,0.9996758498536026
1785497057.905591249,1789401518.400376,0.100067,0.002759471165827407,0.004589677646855445,-0.0026459331698817645,0.004868173200017706,-0.024949302237307906,-8.927696738498061e-05,0.9996768604089984
1785497058.005958796,1789401518.493546,0.100368,0.0044670719208647625,0.004719881279545718,-0.0033207282541175553,0.005175286690560416,-0.024935345257889648,-7.498709251370153e-05,0.9996756670748164
1785497058.105751276,1789401518.598421,0.099792,0.0011168725504319132,0.006157401154989056,0.00712798561724981,0.00517398027424654,-0.02490946029985306,-6.81484678117974e-05,0.9996763196512565
1785497058.205631495,1789401518.700570,0.099880,0.014266180941041082,0.005948004805540396,-0.0005125292807179327,0.004965037974642059,-0.024856957861386763,-6.311489092001129e-05,0.9996786864089386
1785497058.305483341,1789401518.795901,0.099852,0.020472461151123764,0.002154497430926581,0.005260471378868814,0.005046338842767088,-0.02475024566125528,-5.404422488385244e-05,0.99968092753799
1785497058.405687332,1789401518.901880,0.100204,0.010917574922209253,-0.0009275016887716095,0.0006609711004444407,0.005173287057517921,-0.024776556587836004,-8.213019350094025e-05,0.9996796249795754
1785497058.506133080,1789401519.000659,0.100446,0.014564843269077185,0.0008534087258923809,-0.0035941245591510906,0.005211882220179087,-0.024933323387461306,-8.016915730198883e-05,0.9996755269793736
1785497058.605814695,1789401519.095582,0.099682,0.025052035722140556,0.005189793521152753,0.0018711738218716856,0.004960837728195613,-0.024815844264109824,-2.247748948962971e-05,0.9996797304423349
1785497058.705622435,1789401519.197183,0.099808,0.015316531961626481,0.002221104037645019,0.0035010886257526574,0.005246213009325092,-0.024647458539587056,-3.599280994697428e-05,0.9996824389480494
1785497058.805493832,1789401519.299169,0.099871,0.022430613345575945,0.009664102933784183,-0.004187266668974177,0.005130863963835614,-0.024745780388459714,-3.302935145931671e-05,0.9996806087431203
1785497058.905643940,1789401519.392075,0.100150,0.01284733873545929,0.003831438296164352,-0.00031220300069523255,0.005180869058862901,-0.02482466327504712,-7.039765347752633e-05,0.9996783931511418
1785497059.005920410,1789401519.504127,0.100276,0.01663021691880308,0.007378031199534839,0.004382760009800868,0.005277461024706227,-0.024923174480964465,-3.013566766829727e-05,0.9996754387653868
1785497059.105730772,1789401519.689435,0.099810,0.009905610532774306,0.013109910111568956,0.007257553863033894,0.005323645796067292,-0.0247723980292607,-2.2079928255309955e-05,0.999678941762703
1785497059.205543995,1789401519.736748,0.099813,-0.0014340684452323615,0.0068111044497871295,-0.003782609735360487,0.00520410611746936,-0.024829788690541067,-0.00010999334748530339,0.9996781415908661
1785497059.305551767,1789401519.756446,0.100008,-0.0013235032113341622,-0.0032977139825825386,-0.0008912806045333621,0.005082933700199827,-0.02483313707374698,-0.00017795394965767924,0.9996786720844206
1785497059.405975819,1789401519.889381,0.100424,0.0100611461100346,0.0007919474778806945,0.0003142596291500488,0.005232450531866258,-0.02502953233685168,-5.8327452168851975e-06,0.9996730185107588
1785497059.505888700,1789401519.998248,0.099913,0.008192668524961949,0.004568627020177286,-0.0016216857459618872,0.0050853733306760115,-0.024833800604520076,-6.723937569095308e-05,0.9996786567715107
1785497059.605641365,1789401520.079480,0.099753,0.005946656609476117,0.0018948924043613192,-0.00250225896141959,0.005208603345291539,-0.02485188008262102,-6.60374999328809e-05,0.999677573093746
1785497059.705504417,1789401520.153323,0.099863,0.011390925788319337,-0.0029847586173373003,0.0015970698874197553,0.004939170995275705,-0.02481876172847744,-0.00014936410231252252,0.9996797543946323
1785497059.805650949,1789401520.284377,0.100147,0.007280589327370024,-0.007878559809965142,-0.0012108392988770533,0.00483994614198071,-0.024776663118830488,-8.229501329834459e-05,0.999681291769318
1785497059.905936241,1789401520.375707,0.100285,0.009049254593411465,-0.010005492927064897,-0.0011588355145868978,0.004936670565752439,-0.02488148489185216,-0.00012940355568475303,0.9996782103497227
1785497060.005677700,1789401520.460360,0.099741,-0.004531380323481396,-0.0054394478144996865,0.0005236266695954339,0.005107401069092943,-0.02486709482071242,-9.302965741376795e-05,0.9996777147636047
1785497060.105610609,1789401520.578038,0.099933,0.002719158887781334,0.006497181257864853,-0.003508186379714673,0.005206911385512448,-0.02487729529271526,-7.819957632727665e-05,0.9996769488877754
1785497060.205538273,1789401520.663058,0.099928,0.005219464731165496,0.007477082784261904,-0.0033321983412438194,0.005084379401421815,-0.02482427980505007,-2.720887486154555e-05,0.9996789001864264
1785497060.305945158,1789401520.779953,0.100407,0.012270812411011384,0.004447057976538596,-0.0009718369238546631,0.0050708164308783275,-0.024882799921095274,-2.5129182971244953e-05,0.9996775142301333
1785497060.405777693,1789401520.865450,0.099833,0.004115520979785819,0.0025639015153608846,-0.0014802675497714302,0.0049508333055498,-0.024758565506185343,1.7713668555140215e-05,0.9996812003683402
1785497060.505597591,1789401520.980902,0.099820,-0.005503059386820976,0.001563037407664997,0.0015243747457471257,0.00507100410293459,-0.02479719777108939,-0.00016655320383798566,0.9996796267605551
1785497060.605550289,1789401521.058300,0.099953,-0.0026040257532105315,0.00516552293795722,0.002182899577922559,0.005286773166031493,-0.02480773141522461,-0.000140295253352746,0.9996782516433804
1785497060.705601454,1789401521.182122,0.100051,-0.002069377079608775,0.004936606814609067,0.0005561958050827598,0.005173728964457611,-0.02480520031052494,-6.0418992822889225e-05,0.9996789139097141
1785497060.806074619,1789401521.279440,0.100473,-0.0006223396013097654,0.006297650291997796,-0.0016590251319081317,0.005008236695490444,-0.024876439384742988,-8.963329261059838e-05,0.999677984300252
1785497060.905608892,1789401521.377876,0.099534,0.004450769078748723,0.0028250594005505107,-0.004469275605280487,0.004927300438578333,-0.0248591091489597,-5.906745660559963e-05,0.9996788198785382
1785497061.005550623,1789401521.483009,0.099942,0.01659378243840373,-0.001020685025880832,0.00306159325786326,0.005008353115226428,-0.02482452324814535,-0.00011365874059279639,0.999679271829855
1785497061.105510950,1789401521.584270,0.099960,0.015740912184548886,-0.0029171789035582017,0.001400874893648263,0.004908121262304948,-0.024935077142279244,-7.926847776426672e-05,0.9996770208372775
1785497061.205703735,1789401521.685688,0.100193,0.015764749199474695,-0.0011186771823553472,0.002668581025017047,0.005169957933267675,-0.024940379704772715,-9.977710141641376e-05,0.9996755668914206
1785497061.305658102,1789401521.779820,0.099954,0.001681412132024468,-0.0010069614107006586,-0.0064497737532777655,0.005111579194648801,-0.024838092443749144,-0.00011556890332876139,0.9996784120734649
1785497061.405664206,1789401521.883291,0.100006,0.0019561545742009384,-0.0005774707829534218,-0.001900234127849676,0.005116270066326696,-0.02483995197330594,-0.00014433162459079454,0.9996783381343007
1785497061.505549431,1789401522.106711,0.099885,0.013526510895461044,0.002990626438183672,-0.0016154305514857192,0.005150792420463191,-0.024792837874740632,-4.847783188380849e-05,0.9996793396772092
1785497061.605491400,1789401522.146298,0.099942,-0.00014250420755722304,8.914527988879411e-05,0.0005811316246374654,0.004968797666606151,-0.024566211742824726,-0.00013358498840140102,0.9996858478769263
1785497061.705799341,1789401522.187145,0.100308,-0.003233831858747413,0.0011630314636370937,-0.002607674325296405,0.0049348351939093055,-0.02532799674764778,2.334976433015851e-05,0.9996670142788333
1785497061.805864096,1789401522.287460,0.100065,0.0025836464998253428,0.006663187284385598,0.0009798956732663955,0.005260747905305685,-0.025021952113702495,-7.176569411590683e-05,0.9996730572009982
1785497061.905599594,1789401522.373055,0.099735,-0.006970515019961432,0.00788019867632761,-0.00023188606996371597,0.0051241197114654385,-0.02477420572458182,-5.562120017751681e-05,0.9996799382973479
1785497062.005496502,1789401522.456289,0.099897,0.012774240667712836,-0.0015149134936589194,-0.003147090599620761,0.004924276686853036,-0.024786543095351443,-6.006864389027148e-05,0.9996806365896362
1785497062.105610847,1789401522.575337,0.100114,0.0015223932128433926,0.0017271383974075223,-0.0007170585126877738,0.0048993377283096905,-0.02461692900211327,-0.0001259273575286438,0.9996849440892057
1785497062.205840111,1789401522.679832,0.100229,0.0019776222231348284,0.0027344983700996707,0.0028021009690192278,0.00498303059026916,-0.024762452956886227,-0.00010762694454954104,0.999680938472943
1785497062.305722237,1789401522.774505,0.099882,0.0019527445316056546,0.0005141323078439591,0.0023757874302358095,0.005122560833601396,-0.024795633598127,-0.0001584738998291143,0.9996794040146098
1785497062.405528307,1789401522.880242,0.099806,0.002960361662265515,0.00512922223680249,0.004065844403006558,0.005151387966920365,-0.024894934504319607,-7.02732462016783e-05,0.9996767980200999
1785497062.505491495,1789401522.982570,0.099963,0.0097236890710964,-0.0019911730287565784,0.0007663548057942338,0.005048248119199133,-0.024942156420493366,-7.892035765216031e-05,0.9996761464572458
1785497062.605791807,1789401523.079482,0.100300,0.0076950384376661685,0.0066890756498292955,0.0034798226420272305,0.005195117496852648,-0.02485052148691699,-5.683189468198597e-05,0.9996776776072209
1785497062.705613613,1789401523.178963,0.099822,0.018096140837877764,0.005643259265955515,0.0018966142535153385,0.005033831253689858,-0.024731036212682918,-8.493506772373894e-05,0.9996814638557622
1785497062.805601358,1789401523.283672,0.099988,0.01936703126011742,0.007366582179637143,0.002522344411926447,0.005207276362526174,-0.024846385040950575,-2.061306120219591e-05,0.9996777185665346
1785497062.905307055,1789401523.381032,0.099706,0.005391579481759598,-0.003812299608259213,0.0017054563465970785,0.005061153259881658,-0.024892285032199906,-0.00016738025979368145,0.9996773133653746
1785497063.005633831,1789401523.484662,0.100327,0.007783649392299877,0.0011408640095738392,0.0045228982037463505,0.005324765473924193,-0.02483752233875187,-2.7354065720317615e-05,0.9996773197429677
1785497063.106091022,1789401523.585206,0.100457,0.0025285235196760986,0.0008284002723404462,0.0009195402960670007,0.0054217455579794105,-0.02494022721685268,-0.00010576945416453955,0.9996742362161324
1785497063.205692053,1789401523.684515,0.099601,0.006964906933902934,-0.0030409854693433866,0.002065249458873042,0.005232951719424727,-0.024892346539132172,-0.0001177321013032494,0.9996764343722618
1785497063.305520773,1789401523.907307,0.099829,0.010860852773014337,-0.007339731960581252,0.0008481130207629861,0.005085233912374078,-0.02490532848708297,-0.00013438632922374984,0.9996768712685766
1785497063.405500650,1789401523.946156,0.099980,0.021226716553894034,0.0037368377611457296,-0.0024600881925999074,0.0050449983045918086,-0.025010176136050145,-9.635051360103979e-05,0.9996744619116454
1785497063.505856991,1789401523.986487,0.100356,0.02027576237754017,0.005060134931927184,-0.0012127695556913287,0.005246544600006831,-0.02504816111296182,-2.46586866514319e-05,0.9996724777578879
1785497063.605792999,1789401524.081722,0.099936,0.020210259002475153,-0.0007380757761444941,-0.0009161858538904166,0.004973026025134236,-0.025063575620919317,-7.667685181743398e-05,0.9996734868495486
1785497063.705622435,1789401524.186636,0.099829,-0.007402214199797037,0.002248972272110752,0.00858620290767681,0.004885659645723717,-0.024949567007399785,-9.165497314709734e-05,0.999676768278308
1785497063.805514336,1789401524.284339,0.099892,0.00868421251447507,0.01319913187703592,0.004220226711618591,0.0049169768843450295,-0.024902009202961067,-6.85550641590626e-05,0.9996778023824497
1785497063.905493259,1789401524.388653,0.099979,0.005542724930807014,-0.0011653186203835902,0.008915350946654632,0.004988860476586762,-0.024881089035209383,-4.4114408471311684e-05,0.9996779685146175
1785497064.005741119,1789401524.478913,0.100248,0.015134240594895695,-0.0016441455399827409,-8.210044269912897e-05,0.005053878111444525,-0.024974553682405875,-5.6323949884027455e-05,0.9996753106944467
1785497064.105951548,1789401524.560627,0.100210,0.014908788102680343,0.010298084511256002,-0.003538162779989973,0.005181621739959993,-0.024950606070579272,-1.4533979959599335e-06,0.9996752562961478
1785497064.205644131,1789401524.661560,0.099693,0.0073837152834514,0.004832565782519885,-0.0006208517954379711,0.005102777531805229,-0.02492725226615517,-3.806417048908556e-05,0.9996762437444764
1785497064.305518150,1789401524.792672,0.099874,0.00956061835928955,0.008082437698000768,0.002461767753713484,0.005149442283100214,-0.02502195255722412,-4.6480752773297075e-05,0.9996736382309795
1785497064.405558348,1789401524.889734,0.100040,0.007670424460796493,0.009080390726467866,0.002321794473171268,0.00513546839659761,-0.024869307705947172,-9.717270260563047e-05,0.9996775155299167
1785497064.505767107,1789401524.992359,0.100209,-0.004810116929933592,0.002667810585853309,0.010327814773750221,0.005120794885269589,-0.024853246715308672,-0.0005313500657355425,0.9996778537381855
1785497064.605648756,1789401525.089148,0.099882,0.0028471845356018433,0.010471846318591464,0.003078945763702323,0.005175391290567141,-0.024670677008030044,-0.00047687036708192373,0.9996821222846963
1785497064.705572844,1789401525.176719,0.099924,-0.0020489997656108483,0.014667422566721442,0.0022456829258926114,0.005251209841382185,-0.024611872430840506,-0.0007003572519090892,0.9996830447848939
1785497064.805576086,1789401525.268499,0.100003,-0.0013982271084956172,0.016420199612950367,0.0023853807323128695,0.005275027756127137,-0.02449605155429173,-0.000918140465381859,0.9996855878517675
1785497064.905728817,1789401525.392242,0.100153,0.010695270010441293,0.02493587015268975,-0.001006355311949203,0.00533802822204661,-0.02392574424333266,-0.0011175920536023618,0.9996988622605967
1785497065.005765200,1789401525.490784,0.100036,0.02393043730536687,0.015108483585435668,-0.003325177834927251,0.005175888468694007,-0.023968110380025383,-0.0015235895751601995,0.9996981637165306
1785497065.105611086,1789401525.600104,0.099846,0.012830012965884915,0.011531727440935193,-0.00011373309012113753,0.004950474476907974,-0.02365329549697141,-0.001764078092402728,0.9997064081234533
1785497065.205482006,1789401525.820237,0.099871,0.01621991122223458,0.0060590513022694276,0.0028307020639506963,0.005151091011369652,-0.023291122012290572,-0.0016478817893579023,0.999714096320761
1785497065.305991173,1789401525.864565,0.100509,0.014897138482741448,-0.0035160146602359675,0.0068127985565921145,0.004910189935681846,-0.022732070651625236,-0.001912448983040855,0.9997277056967055
1785497065.405821800,1789401525.953972,0.099831,0.0025387685648274455,0.013334688120929708,-0.0005658197584090807,0.005032796930973149,-0.022830280073020758,-0.0018190658609974512,0.9997250323295458
1785497065.505584955,1789401526.018066,0.099763,0.0024155529024811745,0.0173377776905967,-0.002980419540144663,0.005061942943992315,-0.02259462515105724,-0.0021677726811101233,0.9997295436314748
1785497065.605372429,1789401526.073947,0.099787,-0.012006306512352773,0.005605649107092854,0.0026195033293717196,0.005084414703764244,-0.02244769532469593,-0.0018831901085609628,0.9997333160882574
1785497065.705708504,1789401526.159895,0.100336,-0.019881544240314457,-0.008181554731767784,-0.0017962409820548308,0.004604087754968473,-0.022065492158129172,-0.0018070404208662095,0.9997442928253005
1785497065.806258440,1789401526.262561,0.100550,-0.008374744244172352,0.009336440480932882,-0.0051167982765519815,0.004536276230342533,-0.022004187912445853,-0.0017656680445923782,0.9997460279134451
1785497065.905811787,1789401526.368361,0.099553,-0.0006270016812438411,0.01462856832855432,-0.0044716010764813685,0.0049246083062994255,-0.021963637225784968,-0.0015420297203707766,0.9997454521113182
1785497066.005471945,1789401526.460455,0.099660,-0.0035390385794407467,0.018274888067022373,0.00255330305621726,0.00489359030671918,-0.02169047183374641,-0.0007316639690047155,0.9997524898060796
1785497066.105477333,1789401526.596256,0.100005,0.011102494104335406,0.01323599062614985,0.008490613772474342,0.005443926172568217,-0.021700989646190813,-0.0008285628593125632,0.9997493406848893
1785497066.205750942,1789401526.681819,0.100274,0.007967470686871023,0.008295364333661511,0.00284607070358861,0.005222741733066671,-0.021628525222890983,-0.0007513872071412776,0.9997521519270747
1785497066.305711508,1789401526.785883,0.099961,0.011284267037973347,0.0070105921919579595,-0.0018676940166779676,0.005322433427463436,-0.021627727990273633,-0.000772116675941616,0.9997516276157328
1785497066.405564547,1789401526.886345,0.099853,0.014895907510204018,0.010837241535384923,0.0015474149841908091,0.005334349582318115,-0.02143240469988634,-0.0007251786262782175,0.9997558056142275
1785497066.505451679,1789401526.987863,0.099887,0.014037707160990315,0.015663171758114013,-0.005154750713521783,0.005358524271848137,-0.0213831211307095,-0.000704035009903503,0.9997567467554902
1785497066.605485439,1789401527.085119,0.100034,0.0037756862502072996,0.0078722868197387,-0.003034964439423249,0.0053669908521288435,-0.021442143518570836,-0.0007148553314873679,0.9997554295288705
1785497066.705686808,1789401527.187736,0.100201,0.012353984412514049,0.007604535562574844,-0.003182277112806886,0.005373313419018625,-0.021248922468305394,-0.0007230395401255157,0.9997595150888735
1785497066.805686474,1789401527.287869,0.100000,0.0007224087683711938,0.009326783804449724,0.0016595363774863925,0.005416004671319968,-0.021434774942798194,-0.0006703027855360741,0.9997553540795902
1785497066.905511618,1789401527.376191,0.099825,-0.020655491379524757,0.011798144522619493,0.0012169305389827523,0.005488741363962567,-0.021280086369946435,-0.000720358056953477,0.9997582271362793
1785497067.005470753,1789401527.483849,0.099959,-0.020862953910273777,0.021588711145232756,0.005217272807718831,0.005443658270407781,-0.021188163646695936,-0.0007156812023888658,0.999760429356159
1785497067.105576277,1789401527.584180,0.100106,-0.01061966154043524,0.018223810191126698,-0.005068943614071564,0.005421014664744944,-0.02141388011936062,-0.0007198078861964319,0.9997557402760557
1785497067.205717802,1789401527.836242,0.100142,0.009544336211707263,0.011223535122342955,-0.0038601406460087584,0.00552382880636558,-0.02134549291362517,-0.0007892033132433744,0.9997565875780973
1785497067.305515528,1789401527.873810,0.099798,0.008964737591823632,0.01303643072522925,0.002425687349587091,0.005505736297175214,-0.02143136732444925,-0.000772997567461686,0.9997548628725295
1785497067.405409813,1789401527.916534,0.099894,0.013426206962445925,0.009316549621625552,0.007619948084747918,0.004962067614834722,-0.021344507633842498,-0.0008530425495017687,0.9997595021791492
1785497067.505628109,1789401527.990408,0.100218,0.013260172058525518,0.019672404503667935,0.005441737348625686,0.005486179974170913,-0.021650054916992467,-0.0006294561648859634,0.9997503592080154
1785497067.605815649,1789401528.080984,0.100188,-0.007330148374680483,0.006889357467611117,0.0020649121915912727,0.005404241024643616,-0.02149385659386879,-0.0006690194620432393,0.9997541501393561
1785497067.705622673,1789401528.195119,0.099807,0.011264508706188184,0.023594561724100745,-0.005725743506439562,0.005355683495978781,-0.0214551474946909,-0.0006020505983302066,0.9997552854751938
1785497067.805482864,1789401528.287057,0.099860,0.019123616489388248,0.02273204961748064,0.0015369594130489883,0.005624705303128946,-0.021375204870702356,-0.0006244570452923841,0.9997555067918477
1785497067.905465603,1789401528.392281,0.099983,0.034202888031565126,0.02086401337377365,0.0002827280703701085,0.005326196156851595,-0.02149460698644589,-0.0006486585582841012,0.9997545662547926
1785497068.005597353,1789401528.477132,0.100132,0.015680303413174418,0.023389521116789706,0.003814443222712849,0.005505163044660398,-0.021499239588430186,-0.0006288784860605247,0.9997535098158234
1785497068.105582476,1789401528.595093,0.099985,0.02777447313384522,0.023901104093867722,0.001278359317445188,0.005602158400108371,-0.0213110069923222,-0.0005297884861998823,0.9997570585530419
1785497068.205604553,1789401528.687170,0.100022,0.02818598692685524,0.024358496842462406,0.0017653020882240633,0.005559149572592357,-0.021553725799282792,-0.0005597334290434734,0.9997520789970503
1785497068.305296183,1789401528.787466,0.099692,0.021650838708766593,0.02682575490377244,0.0011485742650869102,0.00547977981625949,-0.0214133792489838,-0.0006103707202684401,0.9997555034357778
1785497068.405486584,1789401528.887122,0.100190,0.01852178148656522,0.026525562824704498,-0.003377766050353892,0.005463105510281863,-0.021570818513037795,-0.0006545761034320239,0.9997521821917784
1785497068.505443335,1789401528.991550,0.099957,0.024260003375181194,0.017954283323667053,0.0024073965384036056,0.005754517181539369,-0.02166518825453528,-0.0005356024689752669,0.9997485775334394
1785497068.605718613,1789401529.091670,0.100275,-0.007487065541822324,0.009493586660279121,-0.0015868166771387804,0.005842902358003726,-0.021644954826933533,-0.0006047986610250183,0.999748463685437
1785497068.705538273,1789401529.257231,0.099820,-0.01786953098530384,0.01380060825021535,-0.008612198887541611,0.005496864016634074,-0.021501501469137492,-0.0007711625621403191,0.9997534072105456
1785497068.805410624,1789401529.355954,0.099872,-0.015210275181108283,0.007989597265048979,-0.00905009423383607,0.00531329631735654,-0.021324858065364705,-0.0008375202109856442,0.9997581296848098
1785497068.905607224,1789401529.460381,0.100197,-0.009116960501251548,0.012673644057870824,-0.0029649319795411744,0.00558094119007054,-0.021338014819183918,-0.0007883390416021861,0.9997564307074006
1785497069.005856991,1789401529.526015,0.100250,-0.013006819463732507,0.014536062990188298,0.004540210646926002,0.005523594634660234,-0.021284851488735244,-0.0007423764421184095,0.9997579176364995
1785497069.105632782,1789401529.619244,0.099776,-0.0025334818118012553,0.01460045920624433,-0.00230911110122739,0.005379852556455767,-0.021387850475628686,-0.0006879247130910145,0.9997565422633298
1785497069.205518246,1789401529.667614,0.099885,-0.0007613247461931705,0.010476575961109721,0.00026885846084862,0.005461789819215454,-0.02123801245929495,-0.000746240930702138,0.9997592504215501
1785497069.305425167,1789401529.910972,0.099907,-0.0049535806721276165,0.011532465626724515,-0.0011433548488422596,0.005437069979912209,-0.021230742883671674,-0.0007578553357587276,0.9997595308283728
1785497069.405623436,1789401529.948249,0.100198,-0.010512617975879102,0.013391569319357855,-0.008527558779039102,0.005517900608594939,-0.021442650638688034,-0.0007697281022245977,0.9997545563913907
1785497069.505617619,1789401529.991865,0.099994,0.002088139177415224,0.016865124839657884,-0.001433915190871271,0.0053762523305667,-0.021354295858333167,-0.0006773422213453481,0.9997572861287378
1785497069.605538607,1789401530.089054,0.099921,0.0013072905856010425,0.023537031475967758,-0.000585461752068972,0.005624756448273302,-0.021304499832914468,-0.0006466776420905797,0.9997570015807813
1785497069.705382824,1789401530.191614,0.099844,-0.005079534712594494,0.024034220913370864,0.0023027232495060335,0.005634576325565245,-0.021474903508364028,-0.0006081516082480977,0.9997533246859244
1785497069.805571318,1789401530.286323,0.100188,0.010115121834532267,0.014465486675016527,0.0028329966445146404,0.005662853262055457,-0.02260234425403308,0.0018686787430170473,0.9997267497506056
1785497069.905566454,1789401530.391781,0.099995,0.019772020233614088,-0.001327073513504689,0.0348197739694347,0.0035117329858934754,-0.02208650347241392,0.0006206775383839415,0.9997497031033279
1785497070.005582333,1789401530.490933,0.100016,0.032352268224625155,-0.03445901642968738,0.041145534757875024,0.004585576209895211,-0.0189368513049367,-0.000491000476648444,0.9998100454946479
1785497070.105434418,1789401530.596317,0.099852,0.002130515179862069,-0.0533848278135026,0.023781476348747776,0.008964141303457698,-0.01662228076268268,-0.00018336867304326944,0.9998216392581569
1785497070.205447435,1789401530.660625,0.100013,-0.010498577272540909,-0.0406991395628684,0.0018850217444165152,0.01340707472134914,-0.009441398658070218,-0.000273236314508215,0.9998655087964141
1785497070.305851936,1789401530.763275,0.100405,-0.08017683084319943,-0.016379259253963434,-0.052894524170646384,0.01617368834987706,-0.01496321982567159,0.0014136909091950554,0.9997562279554066
1785497070.405661583,1789401530.863902,0.099810,-0.2262975360962603,-0.01281327037756183,-0.009534505656767556,0.01486543312063927,-0.0194615804898796,-7.103765538259478e-05,0.9997000853939262
1785497070.505505800,1789401530.962038,0.099844,-0.31611698313694214,-0.03080955858827271,0.002815572209958095,0.014582373544656958,-0.01926014795930526,0.00019914856008519758,0.9997081381194418
1785497070.605406046,1789401531.061677,0.099900,-0.3521593338900646,-0.027962235204822994,-0.035492033445650106,0.013347836592900971,-0.01654257224900839,0.00011729405227350216,0.999774056876743
1785497070.705529213,1789401531.163323,0.100123,-0.3508927861706746,-0.012847397507394907,-0.018263334516625374,0.010843152888401878,-0.018601122204663152,0.00392442810659597,0.9997604828918786
1785497070.805766106,1789401531.282436,0.100237,-0.3549584519759139,-0.01593548700749546,-0.015375423335024674,0.009928746588268386,-0.019401364298390348,0.0031998529022640816,0.9997573545595706
1785497070.905753136,1789401531.384643,0.099987,-0.367451310161782,-0.003647450820091909,-0.013157747630521965,0.008627581927949584,-0.01948607350291344,0.002405452198275589,0.9997700093367662
1785497071.005509853,1789401531.488592,0.099757,-0.37066015262181234,0.009982937262222786,-0.000594027890694182,0.007565471355288068,-0.01818740099686547,-0.00014189932133252978,0.9998059621510237
1785497071.105371714,1789401531.579853,0.099862,-0.3910653975157154,0.015060412061805577,0.013797115332077725,0.005983565141272624,-0.019930388170339187,0.002368583900153646,0.999780659137737
1785497071.205624342,1789401531.826131,0.100253,-0.3919639550641645,0.0017898050832452451,0.004158053240363946,0.006098778178263772,-0.02048545198321072,0.0005554467758374339,0.999771395190248
1785497071.305789948,1789401531.869846,0.100166,-0.392083193800456,0.0025382383179293373,-0.009751695813256356,0.005753172426689687,-0.019993702082960804,-0.0019456949472590225,0.9997816597413751
1785497071.405505657,1789401531.900282,0.099716,-0.36680183906619845,0.00041233239901351283,-0.019162263444898353,0.006588211812185326,-0.021594533933831508,-0.008450857915082663,0.9997093850563761
1785497071.505411863,1789401531.969162,0.099906,-0.4060385960516124,-0.016643483196279996,-0.016470925898467437,0.006440425245125895,-0.019900338470823252,-0.011156717281848881,0.9997189730673823
1785497071.605499744,1789401532.089988,0.100088,-0.45744310223312457,0.005260690480967743,-0.01914418186554029,0.0075699485573639405,-0.022395072946435786,-0.02144669960597825,0.9994904680198674
1785497071.705689430,1789401532.161597,0.100190,-0.473440543919024,0.0012251744677230327,-0.02429236788648781,0.007336123312118,-0.02424827150491107,-0.034216981734612566,0.9990932893302541
1785497071.805499554,1789401532.261120,0.099810,-0.46763304375938164,0.005239657663230646,-0.0018755439444222977,0.006105530385513332,-0.025789622425366112,-0.04369849743229554,0.9986931757031428
1785497071.907017708,1789401532.389688,0.101518,-0.4834139127158531,0.013367095951378931,-0.014919538707219238,0.006714190943530626,-0.025284043042152395,-0.04170617415142148,0.9987873806997501
1785497072.005706310,1789401532.468006,0.098689,-0.47308854050101545,0.021852660988390792,-0.024757095665049245,0.005737035866092678,-0.0251893926801669,-0.04355059276462047,0.9987171405286512
1785497072.105653048,1789401532.589810,0.099947,-0.4773845816110878,0.02130155960480464,0.005225119153271951,0.0018908841290078296,-0.026924646897335282,-0.04765455496174084,0.9984991393777277
1785497072.205528498,1789401532.690191,0.099875,-0.5224216818847596,0.005781967823906331,-0.004491418358726185,0.003476067614791476,-0.03152126249356328,-0.048901030370726725,0.9983000632041603
1785497072.305508375,1789401532.787739,0.099980,-0.5354710900205142,0.003949132958763411,-0.00048823262162178693,0.004815055409823468,-0.029306513090384963,-0.051278985615697555,0.9982426604619282
1785497072.405422688,1789401532.887866,0.099914,-0.5322078792289449,0.004575980169226824,0.05231338844243244,0.006347181035483756,-0.023028031852382544,-0.05089799012533791,0.9984181577090381
1785497072.505682230,1789401532.986495,0.100260,-0.5856346375246031,-0.005355004063074858,0.01405882578768003,0.011597668636383491,-0.026589970297863894,-0.04974326295575951,0.9983406609731338
1785497072.605579853,1789401533.068197,0.099898,-0.6403499858131599,0.019110518686707347,-0.04064786933805825,0.017598233945153946,-0.02114512525230237,-0.04710843608056934,0.9985108818085655
1785497072.705433369,1789401533.188997,0.099854,-0.7260728899052908,0.01571149252955014,-0.018860234671541465,0.01493763966794868,-0.027662861050471776,-0.044324132078614076,0.9985224105422624
1785497072.805423975,1789401533.287434,0.099991,-0.7776667836029825,0.03652121831879593,-0.04630428336396708,0.010725184553520395,-0.0333414162575037,-0.04262126866353845,0.9984772144800037
1785497072.905470371,1789401533.454385,0.100046,-0.8198879250788451,0.03255933404263691,-0.01580852874154831,0.01395981355199437,-0.029691591776822623,-0.040444754513741986,0.9986429566244761
1785497073.005629063,1789401533.560588,0.100159,-0.8952032016502465,0.07189236109932792,0.03434063636213597,0.0074894368051427705,-0.03501679738185888,-0.045005303683564264,0.9983447575250796
1785497073.105459213,1789401533.652632,0.099830,-0.9758581175432114,0.07055211484550405,-0.02756581777874556,0.009438484997489541,-0.034588221099721435,-0.04989840331181086,0.9981105746905204
1785497073.205421686,1789401533.754202,0.099962,-1.064373848479716,0.0762560762537787,-0.00038952972579203715,0.0079588380100449,-0.028816752271588968,-0.051395175675495924,0.9982308288183314
1785497073.305598259,1789401533.775595,0.100177,-1.1668590883802057,0.05914388884554047,-0.006913719815352326,0.00776125018703936,-0.027897338233632094,-0.05504382503685794,0.9980639653049921
1785497073.405668974,1789401534.014205,0.100071,-1.2062503925105164,0.05238507774199559,-0.03041032240718411,0.00767001912089135,-0.024311785414872267,-0.05894775595465817,0.9979355039102159
1785497073.505483389,1789401534.062219,0.099814,-1.2271510188687134,0.03914053544819357,-0.010491080246278872,0.007299374076766612,-0.021523828529870465,-0.05767095965471259,0.9980769030270207
1785497073.605350971,1789401534.098829,0.099868,-1.2474057329190142,0.06018872477883747,-0.029838689118752648,0.00845072899307673,-0.015090232381032057,-0.056921666088292217,0.9982288284736647
1785497073.705525160,1789401534.177921,0.100174,-1.3098770930618722,0.011030886956924042,-0.03904913172155672,0.010122768390621482,-0.01655105581263962,-0.047729594058766756,0.998671856999376
1785497073.805709839,1789401534.278201,0.100185,-1.2633588800637057,0.07272925387130155,-0.03552719895061757,0.007094642715939418,-0.017732877981110565,-0.04098637851938738,0.9989771408090906
1785497073.905567169,1789401534.384975,0.099857,-1.2588919720832412,0.09384462544850936,-0.03349706037275674,0.003876027142392407,-0.012225250532348339,-0.03771486506989817,0.9992062392798456
1785497074.005388737,1789401534.482788,0.099822,-1.2677293570807102,0.09934476544234383,-0.008188961654279847,0.0014964330840595923,-0.009955126410038456,-0.03651538053145688,0.999282384079109
1785497074.105341434,1789401534.587823,0.099953,-1.2623852567874785,0.09597257431410458,0.0104845976086414,0.001344306660845703,-0.011754214537671717,-0.034303205616508625,0.999341443834206
1785497074.205655098,1789401534.678616,0.100314,-1.2586263463247023,0.09960042833937867,-0.019930141115062694,0.004776264753731342,-0.012713750084939983,-0.029676798872454113,0.9994672758337133
1785497074.305424929,1789401534.781933,0.099770,-1.2584160704258736,0.09525059380893662,-0.02955098855136007,0.00764862664079313,-0.004451833731522283,-0.025651064269508004,0.9996317835026945
1785497074.405412912,1789401534.884019,0.099988,-1.3221009605993046,0.08616202258190027,0.022348739508812776,0.007168050031691811,-0.0028999626701943474,-0.018398312620133226,0.999800835850814
1785497074.505369186,1789401534.983419,0.099956,-1.4021903362972845,0.10307162242684985,-0.015906934349529722,0.003018124487841843,2.0574744012673102e-05,-0.015259002424906928,0.9998790193549679
1785497074.605573416,1789401535.079225,0.100204,-1.458895553214892,0.09726227081748656,-0.0097362968841182,0.0002167356269092481,0.00063332399076011,-0.014405391762722321,0.999896012900618
1785497074.705606937,1789401535.173491,0.100034,-1.4899620761881385,0.10322801067978359,0.00688937749208357,-0.0013042290776696412,0.003796655146970458,-0.015201733034824616,0.9998763882145361
1785497074.805516481,1789401535.286724,0.099910,-1.4912271400340007,0.08629903320427017,0.0033539023070844887,0.0008106465409251485,0.00277771570586108,-0.017765042828187718,0.9998380020788146
1785497074.905416250,1789401535.380171,0.099900,-1.4836001327013209,0.08697030043522568,0.03475844351361901,0.0029060528481960634,0.007966729942776148,-0.02670797518793605,0.9996073079625933
1785497075.005427122,1789401535.479795,0.100011,-1.5307655192139282,0.09060336786111547,0.024061563452123624,0.00615113110861553,0.006852484731344012,-0.03624195727815832,0.9993006192191314
1785497075.105987787,1789401535.587793,0.100561,-1.617683718000148,0.07361702268930813,-0.005854219375818148,0.01224711714863417,0.006634096537866517,-0.036331910733219855,0.9992427078278566
1785497075.205539703,1789401535.703692,0.099552,-1.6815164267830702,0.10148240446662156,0.010456427112722766,0.01318054247009475,0.006079952230252891,-0.03869985176645183,0.9991454493487554
1785497075.305404425,1789401535.794612,0.099865,-1.7081500250377912,0.0935952766503328,0.022087917801543955,0.011645018536149089,0.0023897685285540126,-0.042815143522410774,0.9990122852271778
1785497075.405414104,1789401535.888440,0.100010,-1.7156123110736965,0.07470313432870915,0.01283055411556705,0.010083599311084978,0.004630859241911849,-0.047113000959605716,0.9988279337844909
1785497075.505567551,1789401536.059368,0.100153,-1.7072246192702487,0.08829483254996372,0.010047273221710784,0.008764952331362614,0.006395169173050924,-0.05092778666021951,0.9986433988004768
1785497075.605616808,1789401536.152617,0.100049,-1.7527625824815947,0.11532541982049764,-0.02232039119418444,0.01052069065206393,0.013672077468109858,-0.05751510288774536,0.998195573174777
1785497075.705533266,1789401536.261868,0.099916,-1.7530948243218818,0.13210451930434908,-0.006209869399115053,0.00989420879151201,0.012536849580938602,-0.0649635963908605,0.9977598223916115
1785497075.805398941,1789401536.370242,0.099866,-1.7980051880827672,0.1317966990598991,0.01276699007193588,0.010185941466466546,0.006094441705577484,-0.07557868735871566,0.9970691883685266
1785497075.905543566,1789401536.403245,0.100145,-1.8667620440505608,0.1441795473607157,0.015367827340644957,0.011525295062761733,0.004225764255360384,-0.08560134451078781,0.9962538433090834
1785497076.005600214,1789401536.481641,0.100057,-1.9243875178941492,0.16051276067207373,-0.011880483939870401,0.012992375098604169,-0.00041384860683900035,-0.09416024201468269,0.995472187327383
1785497076.105404615,1789401536.575288,0.099804,-1.9495527951160228,0.17746364218811528,0.029068126249652437,0.007756327770903896,-0.008684572197572613,-0.10555200450880962,0.9943456099010182
1785497076.205360651,1789401536.652278,0.099956,-1.993819322930408,0.17253948412707562,0.018207121662821624,0.009197935897696935,-0.011143858312994276,-0.11696334633330353,0.993031111300969
1785497076.305521011,1789401536.790848,0.100160,-2.048400342850455,0.1775752597238246,-0.0035786907610072527,0.010084837364870347,-0.01666987534997069,-0.13157489595752095,0.9911147552452784
1785497076.405567646,1789401536.886177,0.100047,-2.072721143085322,0.18505432270739053,0.00467938589311917,0.008006839755026644,-0.02311745712599317,-0.1482863476724406,0.9886418121782699
1785497076.505436420,1789401536.972625,0.099869,-2.083102829551915,0.1695868936699585,0.015019498801065345,0.007057347569647217,-0.022266107963103396,-0.15933094783002333,0.9869488656181955
1785497076.605355978,1789401537.091305,0.099920,-2.0943156763828323,0.16141090662324778,0.0014721582622823637,0.008145057698041804,-0.02219273456837452,-0.16978216138618177,0.9851980299627633
1785497076.705473423,1789401537.190528,0.100117,-2.0914042470784904,0.15104167373513327,-0.009406724314488135,0.008815127259301647,-0.02296646124668114,-0.179047929727063,0.98353275189475
1785497076.805614710,1789401537.275788,0.100141,-2.0875603504450844,0.15705311374862135,-0.006320369867138131,0.00917921211657654,-0.02137514378729091,-0.18821626901849908,0.981852066947841
1785497076.905428886,1789401537.388077,0.099814,-2.0792767253651467,0.1546642173375773,-0.01564153300647514,0.009667182317584929,-0.02168512469141265,-0.197371966379281,0.9800411255864381
1785497077.005359650,1789401537.491414,0.099931,-2.0627631173016567,0.1580818711187929,-0.0052890080901349945,0.009031567009593988,-0.01949444086598627,-0.2052398620810957,0.9784758538592594
1785497077.105474949,1789401537.571956,0.100115,-2.0517979333936727,0.16410483862029476,-0.016017465188327973,0.009562378726189055,-0.021210426875764857,-0.210079266822172,0.9774074791796427
1785497077.205591679,1789401537.696989,0.100117,-2.048819555579831,0.17025096040425622,0.00425747223229983,0.009996238390880286,-0.021613268268621335,-0.21081107570933108,0.97723673294195
1785497077.305471897,1789401537.791007,0.099880,-2.0445391247508518,0.1715016453257755,0.00974530629706638,0.008474166056351009,-0.02242337991693917,-0.2154583031058456,0.976218776794167
1785497077.405344009,1789401537.886095,0.099872,-2.053290247541166,0.19202297423440687,0.017920552776408694,0.0103361152581578,-0.022319289944531574,-0.22816306744583958,0.9733121948642416
1785497077.505390882,1789401537.992910,0.100047,-2.1017588728393193,0.22025042888076327,0.004388882857633836,0.01215509554663689,-0.025137448133758004,-0.23922851551409346,0.9705617341099422
1785497077.605606794,1789401538.089452,0.100216,-2.158402130367067,0.24398577232305535,0.008359756280477137,0.010074231010810482,-0.02775748658252535,-0.24423075286595705,0.9692674404738301
1785497077.705482244,1789401538.180943,0.099875,-2.1673406618615516,0.24066966541315926,0.00703345525259591,0.010485266312350335,-0.028728697367658956,-0.2546815665386335,0.9665412669945056
1785497077.805340528,1789401538.455110,0.099858,-2.1915657004165148,0.25430987262230637,0.0010110334256780984,0.009003548092327469,-0.030117775267782643,-0.26116781613803053,0.9647814403005276
1785497077.905395508,1789401538.530776,0.100055,-2.190337964576022,0.2458368813187495,0.004817917754310175,0.008247328543307864,-0.030206595886443935,-0.261840433437339,0.9646030948292663
1785497078.005592346,1789401538.559837,0.100197,-2.216130188289567,0.2730061915588561,0.013446391103916211,0.00928637383057825,-0.030691431594640373,-0.26749489074820015,0.9630255877760252
1785497078.105507135,1789401538.697448,0.099915,-2.2471299273138587,0.2710143361752023,0.0011886569705937822,0.009632457867767487,-0.03269288329864065,-0.2772460685693729,0.9601942556586526
1785497078.205921650,1789401538.806808,0.100415,-2.2534008086400683,0.29027465015420634,0.009017027623139162,0.007442224401071534,-0.03348034179361894,-0.28302437096689326,0.9584992881834296
1785497078.305381536,1789401538.896843,0.099460,-2.216739865860475,0.2707644310942176,0.020490277452748784,0.0065660620365019205,-0.03200045193507821,-0.2823112936086539,0.9587664947244935
1785497078.405627489,1789401538.915959,0.100246,-2.2154198084984102,0.27241644072229154,-0.0008870664631165925,0.006181247585414883,-0.03329273151481653,-0.2810924978307517,0.959083100606949
1785497078.505529404,1789401539.004575,0.099902,-2.247649562676789,0.28075330801219217,0.02250371836196091,0.004930600859593402,-0.03208706500066483,-0.281063801222491,0.9591398485503408
1785497078.605396271,1789401539.073520,0.099867,-2.2748783416830785,0.2928482756749463,0.027044831055662244,0.0037441086356552393,-0.03638595353412756,-0.28567205816593183,0.9576291136025353
1785497078.705296278,1789401539.158552,0.099900,-2.2933579321895077,0.2778949125407041,0.028951605536875702,0.008875166016093592,-0.03496586869455657,-0.2882533564430612,0.9568744023924621
1785497078.805564165,1789401539.287346,0.100268,-2.329099483422469,0.30794568930808347,0.006902027328711147,0.010702071972758373,-0.03871466745675458,-0.2847243150085315,0.9577675629410956
1785497078.905773878,1789401539.379853,0.100210,-2.3571068498928587,0.32606025584870607,0.006200376363529214,0.012828622363874814,-0.040779711764064225,-0.28236328559267215,0.9583545359135085
1785497079.005425453,1789401539.482676,0.099652,-2.35664997358142,0.32272799640025557,-0.01021335491365255,0.01250504904909163,-0.04071331308108291,-0.2801395461821132,0.9590140168689514
1785497079.105295420,1789401539.576805,0.099870,-2.3487903128004635,0.32404978637342274,0.025505908428328394,0.012792136913336463,-0.0387981719407745,-0.27475267197993725,0.96064667403116
1785497079.205484390,1789401539.676195,0.100189,-2.3763461610217855,0.32204886406077016,0.01571423405795075,0.01373535454491729,-0.04056815790660012,-0.2709022183359137,0.9616535512856341
1785497079.305796385,1789401539.788048,0.100312,-2.3780351573584486,0.34623719170628686,0.009398300172573038,0.014590609279375964,-0.04026327362917255,-0.2652535991299359,0.9632271336845398
1785497079.405495644,1789401539.883217,0.099699,-2.3760261549237507,0.3347419636225752,-0.008118934738614247,0.015861750043350754,-0.041220660257666714,-0.26333130919036507,0.9636938744505814
1785497079.505350351,1789401540.076076,0.099855,-2.3648017058925523,0.3418865965779895,-0.010964840193129655,0.016837881399144373,-0.04015001074490947,-0.26093027845188077,0.9643753689172054
1785497079.605337620,1789401540.116457,0.099987,-2.3991526547442024,0.4172810852579976,0.002532006243945506,0.011618729697290128,-0.03946480304373123,-0.25498669924005446,0.9660690025311872
1785497079.705617189,1789401540.199489,0.100280,-2.45022732800854,0.4140945753080489,0.01405752970995694,0.009874287403089372,-0.03972328465604829,-0.24654482817093445,0.9682665990348838
1785497079.805525780,1789401540.311781,0.099909,-2.482630619405051,0.4136861174911088,0.021667127397203778,0.012386627647954687,-0.039944701524778546,-0.2379807289990822,0.9703690869461336
1785497079.905348301,1789401540.400347,0.099823,-2.5039747432216717,0.4102804687585153,-0.024136627649737674,0.013812513693231773,-0.04275552614744956,-0.23485343421962362,0.9709917836339184
1785497080.005341530,1789401540.464782,0.099993,-2.503993935661334,0.4112605216088772,-0.015601275824679683,0.013861218531982897,-0.04205811537589415,-0.2331491017734051,0.9714321787413114
1785497080.105556965,1789401540.563717,0.100215,-2.5145856948975993,0.4180790641263459,0.025435760955320574,0.012154356420131738,-0.04307368274309345,-0.23115283649029517,0.9718874912547495
1785497080.205499411,1789401540.695588,0.099942,-2.5584248089228896,0.3940351731872566,0.01105804381106873,0.01880160146673569,-0.03885888826202152,-0.2281285385223949,0.972673561117481
1785497080.305373669,1789401540.784643,0.099874,-2.5967970093420623,0.4246226716824237,-0.017806107324894294,0.01769775674425341,-0.03756838461848681,-0.226962102023076,0.9730177851039752
1785497080.405324221,1789401540.891125,0.099951,-2.637761821953059,0.4670082209425902,0.023196466833887097,0.015823777840716067,-0.03830461661170302,-0.22842838460065992,0.9726781777699196
1785497080.505463362,1789401540.972485,0.100139,-2.667711490384511,0.42917458138636594,0.015506516020799666,0.020077477067585694,-0.04149200952323227,-0.22092413987459752,0.9742011252718784
1785497080.605595589,1789401541.091108,0.100132,-2.6766386077380178,0.41835021011377377,-0.0030945934803823794,0.026303776066576117,-0.03657830433415268,-0.21181014447774024,0.9762717868058036
1785497080.705427170,1789401541.189326,0.099832,-2.7124912691224985,0.46517566330773436,-0.03133232127275176,0.02843280174804959,-0.036601201602994723,-0.20250276011534668,0.9781843179951514
1785497080.805308104,1789401541.283405,0.099881,-2.7509433806618744,0.48707516158266284,-0.030415222966342637,0.027184058392104006,-0.035532720807407055,-0.19605554124864016,0.9795716806171259
1785497080.905375481,1789401541.392805,0.100067,-2.787196285618525,0.5186263124435261,0.02000163212580819,0.020420024868209978,-0.04139928221448277,-0.18904803205537335,0.9808822373723045
1785497081.005618334,1789401541.469449,0.100243,-2.821895637756221,0.524273864360707,-0.016051124693570173,0.02480587112000567,-0.03215170877456723,-0.18014003021286665,0.9828023737739753
1785497081.105479717,1789401541.585430,0.099861,-2.8913006688679026,0.6027861851314579,-0.0020143937744548923,0.020103040779801528,-0.035100706780002905,-0.17603140529593572,0.9835531264169151
1785497081.205339670,1789401541.674650,0.099860,-2.9881834375365774,0.6525073217983823,0.02349159738432416,0.014520436913954242,-0.0380374438953119,-0.17825912774993663,0.9831408816378102
1785497081.305310488,1789401541.762406,0.099971,-3.0812962981133785,0.6532996452811295,0.05451464557618341,0.012493126477699481,-0.039638781342101116,-0.18383943745158157,0.9820772627660267
1785497081.405517817,1789401541.892603,0.100207,-3.168400318082984,0.6412540353679923,0.016795919831959716,0.0188951067408234,-0.048486295280974354,-0.1865778913817918,0.9810610299867708
1785497081.505539656,1789401541.999971,0.100022,-3.1895279310039952,0.6129521528651621,-0.03278010590066588,0.0271408637433703,-0.05208728016510055,-0.1881251776003576,0.9803872736388923
1785497081.605306625,1789401542.069845,0.099767,-3.2410927131516303,0.6637891196983361,0.0007807229450855768,0.022494710042309393,-0.05737150061035935,-0.19194952878693983,0.9794681604505069
1785497081.705315351,1789401542.200593,0.100009,-3.331911686094231,0.5951488960351408,0.0008913329102954726,0.02705631041066369,-0.06627086746017523,-0.1891685900649023,0.9793321054299684
1785497081.805595160,1789401542.288951,0.100280,-3.3895492750399208,0.5723732830812975,-0.0764136742264282,0.03946968245779122,-0.05963640225074545,-0.19132056995970967,0.9789188338179833
1785497081.905460596,1789401542.387834,0.099865,-3.4255307074534986,0.6046844647700866,-0.061929829481892795,0.037845153066742354,-0.054851508453616235,-0.1953250160265393,0.9784718670068905
1785497082.005370140,1789401542.488411,0.099910,-3.441768804150084,0.6333464670450841,-0.0635244679774814,0.036982195816628184,-0.047007617906638516,-0.19603152928325862,0.9787718020959691
1785497082.105305195,1789401542.727759,0.099935,-3.4434715362334263,0.6537175519875225,-0.0697776801267293,0.03482455137236633,-0.047447414893623606,-0.1959490086341606,0.9788462491407501
1785497082.205502987,1789401542.769398,0.100198,-3.4500929760859824,0.683798622335872,-0.041379224429844486,0.030904446463027573,-0.04637006179145823,-0.20134716259284485,0.977933562505184
1785497082.305521488,1789401542.816255,0.100019,-3.4723839884273655,0.7274807178398278,-0.03875854949478552,0.02673338021259329,-0.028468819524608585,-0.20714483001014874,0.9775304967607665
1785497082.405407906,1789401542.890218,0.099886,-3.4561255946655294,0.7645190290481066,-0.022884100246453876,0.028573144733071133,-0.024468119880286986,-0.21398221759204877,0.9761129530254049
1785497082.505321980,1789401542.982097,0.099914,-3.439417281557789,0.7466467494316003,-0.08555658006318778,0.029449666226479702,-0.031639134859373814,-0.21337874260362985,0.9760129069379121
1785497082.605475903,1789401543.091772,0.100154,-3.425392686487306,0.7739013768224081,-0.0583363121911169,0.019170121254007255,-0.029365491126469547,-0.21264975438211345,0.9764989791818705
1785497082.705476999,1789401543.192993,0.100001,-3.365376287896972,0.7171751073227177,-0.02961489318584204,0.014343462680133444,-0.01821553020488027,-0.2155881009665131,0.9762091119526346
1785497082.805330276,1789401543.288018,0.099853,-3.3538272962590714,0.7307604736987018,0.0017916473579943082,0.022882080154115726,0.008693735519810307,-0.223765417609752,0.9743356029892707
1785497082.905276299,1789401543.392967,0.099946,-3.344536176062417,0.7677813504262296,0.005466121138649471,0.03425806039717954,-2.8510309926749032e-05,-0.23246530679315788,0.9720011654429992
1785497083.005462885,1789401543.490272,0.100187,-3.44287828460898,0.8227606692833127,0.006158183007852813,0.03787941537040894,-0.014342895270341955,-0.24215808552920004,0.9693909907046243
1785497083.105642796,1789401543.577640,0.100180,-3.6296885061152646,0.8903829784092864,-0.13438036730396213,0.04868161162334619,-0.01801728750262453,-0.24996354394102363,0.9668628158850902
1785497083.205398321,1789401543.686185,0.099756,-3.690442867293975,0.9362862165149411,-0.05068395327071856,0.03837360751015014,-0.004680287735460953,-0.2602075711160914,0.9647785140057975
1785497083.305118084,1789401543.770122,0.099720,-3.806985500893753,1.0225985106898912,0.04413523402218905,0.028518679456289844,-0.011283406628054514,-0.2679657862373614,0.9629401368014153
1785497083.405309677,1789401543.886444,0.100192,-3.932549812411025,1.0762703641612723,0.03849738470792957,0.02501426038215797,-0.017488131381997115,-0.2564519199976187,0.9660749788540406
1785497083.505658388,1789401543.987518,0.100349,-4.0187331048333155,1.0935951356318774,0.029760158619971944,0.025041329818656574,-0.021189084204953888,-0.24171642226599555,0.9697923106100583
1785497083.605532646,1789401544.085720,0.099874,-4.0734118266805215,1.110590340679397,-0.0098076883093286,0.026236053245905534,-0.02474933535652022,-0.22957376344888597,0.9726227568000884
1785497083.705367804,1789401544.168308,0.099835,-4.093759305877609,1.1008011762600978,0.004216526543979082,0.025821344137340548,-0.025230875954253298,-0.23007279391801216,0.97250355813451
1785497083.805259466,1789401544.290499,0.099892,-4.089361795541974,1.09108939060671,-0.01825206272060148,0.026242199419353726,-0.02495988335021688,-0.23092698244314788,0.972296806521795
1785497083.905364990,1789401544.378466,0.100106,-4.069474801089666,1.0962507634958594,-0.021472938603181335,0.026505475347838668,-0.02500139848500016,-0.23012036033649458,0.9724798247824894
1785497084.005666733,1789401544.485276,0.100302,-4.059732662696333,1.084031078045973,-0.009384557982426045,0.02636850492209761,-0.02479035992062328,-0.2187580923645945,0.9751077053475595
1785497084.105606079,1789401544.690449,0.099939,-4.018700945131343,1.0587860692747688,0.0069283569931699596,0.026359073711096456,-0.026598017484739136,-0.2049891135391156,0.9780476512059226
1785497084.205374241,1789401544.754150,0.099768,-4.026509675116791,1.1070802108889206,-0.0014072865282920288,0.027652252049734302,-0.023571921652738595,-0.20120747014496118,0.9788744921715142
1785497084.305282831,1789401544.785473,0.099909,-4.005943478885869,1.0144793532833016,-0.017555765497290265,0.028571650818344698,-0.023019253678864413,-0.19985990333035578,0.9791372701365032
1785497084.405327082,1789401544.880471,0.100044,-3.9804251266397834,1.0206519902090727,-0.01785476003066616,0.027834470127097145,-0.023489625622628494,-0.20094745340712025,0.9789247165793934
1785497084.505390167,1789401544.987824,0.100063,-3.973674344914204,1.0347410690284788,-0.0221446744707684,0.028426948467321078,-0.023823487456168982,-0.1967972071028401,0.979742419885341
1785497084.605485201,1789401545.080789,0.100095,-3.973437170555495,1.0492326226274782,-0.026377927155989744,0.02796627608962768,-0.024012857209060354,-0.18325236158456024,0.982374593555848
1785497084.705296040,1789401545.188185,0.099811,-3.9526769217330884,1.0453072763384827,-0.020352119403587332,0.0265443321171405,-0.02553098567862757,-0.17145199386444912,0.9845038247780643
1785497084.805321932,1789401545.281785,0.100026,-3.9546322692802827,1.0399701682431979,-0.03268639525307049,0.026054167700627233,-0.026242744019535753,-0.15880278361759093,0.9866175422356209
1785497084.905451775,1789401545.390310,0.100130,-3.9634134148254465,1.0296658408106587,-0.042748581080047754,0.02631607591476313,-0.026837826540640236,-0.14720463022104202,0.9883916187708742
1785497085.005528927,1789401545.489809,0.100077,-3.95371301932949,1.0166789073085254,-0.03643442763696075,0.025107604472240877,-0.0283917603312193,-0.1352368649541983,0.990088130673386
1785497085.105347157,1789401545.590151,0.099818,-3.9532478262489805,1.0400121419429054,-0.02849799084094623,0.023627962245965327,-0.025854147600665425,-0.13668042415789905,0.989995830346756
1785497085.205361605,1789401545.684422,0.100014,-3.966439353307506,1.0318131460758633,-0.015951592684595728,0.023833384698836946,-0.025157950203820993,-0.13914454746614674,0.9896655203783652
1785497085.305436850,1789401545.783943,0.100075,-3.9784383136964476,1.033228441577453,-0.02689219387554448,0.024520657136162347,-0.024485338754900766,-0.13957660172440814,0.9896047583812106
1785497085.405460835,1789401545.888527,0.100024,-3.976253545661121,1.0323411666239295,-0.0321810509377467,0.024164737712554542,-0.02489574882391335,-0.14160075693502733,0.9893156689233256
1785497085.505287647,1789401545.979177,0.099827,-3.9701594311717763,1.0209476783764029,-0.016859557031390915,0.025026250046579414,-0.023450659607716886,-0.14161690650556427,0.9893272487728028
1785497085.605283976,1789401546.090658,0.099996,-3.989172688270913,1.0149566062584485,-0.06060590171334995,0.027363011930907837,-0.022058665987106974,-0.13819698769277056,0.989780921934537
1785497085.705492973,1789401546.188213,0.100209,-4.005489324846936,1.0382177381459377,-0.0025492239000374783,0.016428626750647064,-0.02046541718078241,-0.1411581157689945,0.9896391530629998
1785497085.805461645,1789401546.285863,0.099969,-4.027442285762146,1.0080903783666157,0.0195051942926735,0.022989840343147275,-0.02278364101016787,-0.14345417263763588,0.98912753136093
1785497085.905327320,1789401546.391444,0.099866,-4.054471798337994,1.0265002062980386,-0.027523910950876862,0.03724856242989751,-0.02330718923358111,-0.14535392902684122,0.988403538461592
1785497086.005315542,1789401546.642185,0.099988,-4.086272368434573,1.0586543019213634,0.00246124757066829,0.03224933639745946,-0.02846837223090879,-0.1446249398568974,0.9885510400863653
1785497086.105647564,1789401546.754581,0.100332,-4.148909833930987,1.132158052099849,0.007998782798751658,0.03190367612778668,-0.015869232694711324,-0.15422716010519144,0.9873926807451542
1785497086.205468416,1789401546.913929,0.099821,-4.2463810754170295,1.1334621156455407,-0.004373781630920004,0.025796598623641146,-0.012159619122199365,-0.16326765473281266,0.9861695351613231
1785497086.305280447,1789401547.083529,0.099812,-4.334603243454879,1.09630581003296,0.050741624811841246,0.02179604671872566,-0.018130017087845774,-0.1635119188366489,0.9861339093785316
1785497086.405228138,1789401547.154549,0.099948,-4.521326186853837,1.0274129098833984,-0.0017441059735210374,0.04001438223466963,-0.019575536470911675,-0.15633274250473073,0.9866994077261841
1785497086.505545855,1789401547.188596,0.100318,-4.689613180891821,1.1069185513132822,0.06719021799845631,0.044917710453183664,-0.03834864448006208,-0.15359886873618775,0.9863666500227734
1785497086.605500460,1789401547.283348,0.099955,-4.798363628999316,1.3359205422910416,0.06226866333746017,0.04363062660274478,-0.006048195384862686,-0.16114035380604358,0.9859480585355908
1785497086.705332041,1789401547.382019,0.099832,-4.961225770085303,1.4277251703502865,0.06434090080511246,0.035975968749720214,-0.028859943651792105,-0.1583917957949431,0.9862985716048598
1785497086.805260420,1789401547.474353,0.099928,-5.100962481996674,1.362697992592395,-0.028211788188379883,0.04054460334695144,-0.028750814776671657,-0.15327683276801124,0.9869324892441844
1785497086.905417681,1789401547.493955,0.100157,-5.220752931230004,1.3842684399789253,-0.02983376899307938,0.038145884881085876,-0.03290612924699821,-0.1566970821284253,0.986361040682901
1785497087.005520821,1789401547.583869,0.100103,-5.269411464843997,1.3566089567436344,-0.01713699184819195,0.03249501109462609,-0.03841454614364587,-0.15679533059802725,0.9863486306581423
1785497087.105185032,1789401547.670961,0.099664,-5.335707600487462,1.3423807450917542,-0.03345313041608128,0.03094657031927907,-0.04050345769450684,-0.15662282593995025,0.986342268228857
1785497087.205351830,1789401547.692479,0.100167,-5.324784611705151,1.3471850387680302,-0.03540644723378067,0.03127908840170949,-0.04010132542302652,-0.15658198028281453,0.9863546957250146
1785497087.305449724,1789401547.780665,0.100098,-5.247648413170425,1.3381227945083285,-0.0322549941688145,0.03119875991849437,-0.040403844215550336,-0.15670313063379424,0.9863256539306482
1785497087.405521393,1789401547.869130,0.100072,-5.186429910756795,1.3469491509879998,-0.0318011736527245,0.03137026438675245,-0.040514012586128904,-0.15665567688389706,0.9863232331221462
1785497087.505355597,1789401547.963349,0.099834,-5.137067916521998,1.3349197396345327,-0.0351164518090909,0.031127251997712428,-0.04084622542279924,-0.15664856096153262,0.9863183605715048
1785497087.605340719,1789401548.068683,0.099985,-5.072423713226083,1.325362014974562,-0.03288318761763437,0.031151840242257388,-0.04111744586704056,-0.15683481557544326,0.9862767152875037
1785497087.705371380,1789401548.156571,0.100031,-5.058258492164241,1.3205102866489884,-0.03798078631301521,0.031039721077665557,-0.04106279928584246,-0.15691942304586165,0.9862690692205572
1785497087.805525541,1789401548.287013,0.100154,-5.053512846984447,1.3242625638686445,-0.0344803316558393,0.03090194411487282,-0.04100017643869477,-0.15697564104857994,0.9862670548585224
1785497087.905359507,1789401548.382999,0.099834,-5.049409071267652,1.3153071298085068,-0.0379119038022136,0.03058548675724001,-0.0411023888795989,-0.15704617336818869,0.9862614364653121
1785497088.005172491,1789401548.459846,0.099813,-5.031706914419465,1.3175760029723402,-0.047393729168312526,0.030360206370293304,-0.04122566601671913,-0.15709486870287337,0.9862554965919619
1785497088.105386257,1789401548.730760,0.100214,-5.0337418327924155,1.3178596779324552,-0.04379384358790883,0.030425402892141074,-0.04111161300177184,-0.15711404032397128,0.9862551943935809
1785497088.205632687,1789401548.798245,0.100246,-5.023375308903804,1.3163733660656194,-0.04388604289005399,0.03019946464806831,-0.0408789684933917,-0.15702553848919384,0.9862859030382946
1785497088.305430889,1789401548.916263,0.099798,-5.009180934775685,1.3366772969764233,-0.044145341623969714,0.030610412869414065,-0.04093463448299547,-0.15708003395318965,0.986262247709487
1785497088.405299425,1789401549.068888,0.099869,-5.000170347775431,1.3280702857028828,-0.045367033624589326,0.03052416440787772,-0.040849085681653165,-0.15706224410161623,0.9862713009430698
1785497088.505281448,1789401549.102476,0.099982,-4.949971742648553,1.326329097371825,-0.04765697989823753,0.030352163132368555,-0.04104592779456306,-0.15712512085097644,0.9862584217142244
1785497088.605430841,1789401549.211571,0.100149,-4.96472047232872,1.3144680405799074,-0.04617625673153114,0.030220161009667734,-0.04128095907129819,-0.15733277622864322,0.9862195606511202
1785497088.705343723,1789401549.358895,0.099913,-4.98056805399911,1.3149288595830453,-0.0342557094688854,0.030206549516873293,-0.04080999518990169,-0.15706160070694522,0.9862828003378413
1785497088.805243492,1789401549.477432,0.099900,-4.9972801916463645,1.3201743063085412,-0.033943296066512085,0.030296239266025305,-0.04090619847660166,-0.15709746834125363,0.9862703515027178
1785497088.905165195,1789401549.579052,0.099922,-5.017034927448382,1.3237528776869345,-0.0328375670353005,0.030426832045486244,-0.04078854479139692,-0.15702983864710074,0.9862819740215973
1785497089.005455732,1789401549.657611,0.100291,-5.013495399479952,1.3166740533904289,-0.03970392919412441,0.029994049648773478,-0.04029739021117261,-0.15712121881057653,0.986300866838974
1785497089.105335951,1789401549.788213,0.099880,-5.015728009753021,1.3269144653442595,-0.048203358647226635,0.030079489196163232,-0.040350921492388045,-0.1568581969666016,0.9863379408239333
1785497089.205320358,1789401549.869651,0.099984,-5.014201120959694,1.327700306163462,-0.04094859679347462,0.030177386779476283,-0.04034647080258082,-0.15685165054850178,0.986336173594554
1785497089.305344343,1789401549.924637,0.100024,-5.012104287587266,1.321622865735295,-0.04697205262574056,0.030131039973803474,-0.04040196337341307,-0.15704632464503915,0.9863043413171984
1785497089.405503035,1789401550.048407,0.100159,-5.008187372210717,1.3070005929102861,-0.04585286189355209,0.03009734920695249,-0.04036007822817656,-0.15700974709109525,0.9863129082469304
1785497089.505374193,1789401550.151350,0.099871,-5.004372816030716,1.3108051243045855,-0.051106140127671784,0.030047517811058834,-0.040288019288083246,-0.15717566136300903,0.9862909477686262
1785497089.605252028,1789401550.253477,0.099878,-5.003490119656015,1.3106251633461214,-0.044714685632412265,0.029869133183217756,-0.04043135512468477,-0.15717084036532922,0.9862912690197141
1785497089.705301523,1789401550.277018,0.100049,-5.009458038641134,1.316662689148073,-0.043058616942945604,0.02992377094095488,-0.04027482107217248,-0.15722930458380463,0.9862866989371641
1785497089.805456161,1789401550.355258,0.100155,-5.009687293033376,1.320336071927361,-0.04479221509246817,0.0295699897705041,-0.04022513369546259,-0.1571950538607969,0.98630485620109
1785497089.905346394,1789401550.462977,0.099890,-5.016591969410525,1.315807030692883,-0.050711233734379746,0.029615867567236588,-0.04021311699011454,-0.15716099590112062,0.9863093971860678
1785497090.005219698,1789401550.499809,0.099873,-5.014773232929492,1.294338339507107,-0.052638957453807256,0.02961551771419858,-0.0402920477923467,-0.1573544581870598,0.9862753400972131
1785497090.105333805,1789401550.551180,0.100114,-5.005066600001445,1.2988961229567773,-0.05166898447465734,0.029820384019211648,-0.04070393412249897,-0.1575724132991724,0.9862174552353878
1785497090.205542326,1789401550.691148,0.100209,-5.004070474911041,1.307533240703051,-0.06066694202446071,0.030081065024989827,-0.04086342331031418,-0.15722532140796805,0.9862583375923759
1785497090.305203438,1789401550.770594,0.099661,-4.950268284785988,1.3245293832228249,-0.04969964033949076,0.02996555197554406,-0.04101809211261776,-0.15730833905187366,0.9862421955478147
1785497090.405245304,1789401550.891109,0.100042,-4.9943053736458225,1.3058285158517717,-0.05330692033293016,0.030119810011381334,-0.0409317748300255,-0.1572991557501344,0.9862425474772566
1785497090.505059004,1789401550.972166,0.099814,-4.997533434523043,1.309868251487333,-0.042504398791205655,0.03020426877803732,-0.040560944149460196,-0.15738532741110128,0.986241537693977
1785497090.605480909,1789401551.072954,0.100422,-4.986796317686788,1.3174311271937702,-0.045111787787308455,0.030309469916037945,-0.04055580206872087,-0.1572919211389182,0.9862534230594038
1785497090.705495596,1789401551.187166,0.100015,-5.001189470523361,1.312549991456649,-0.05353897215077552,0.030101172479557542,-0.04065074201031652,-0.1571820656978609,0.9862734077386003
1785497090.805269241,1789401551.273416,0.099774,-5.002838774082755,1.2971388959644796,-0.05197902882872485,0.030150993175294807,-0.040559735999829316,-0.15716717665721547,0.9862780054364786
1785497090.905201674,1789401551.374464,0.099932,-5.000608737739111,1.3064027910501066,-0.04537670485716577,0.030068681331834372,-0.04062131018515636,-0.15731404214848962,0.9862545694214555
1785497091.005395412,1789401551.475674,0.100194,-5.017694558253309,1.3053830224724894,-0.047347743475438075,0.03001407250735599,-0.040729401202395606,-0.1571726367119124,0.9862743196485622
1785497091.105535269,1789401551.580215,0.100140,-5.007499166494117,1.3088118123078871,-0.04996146995402301,0.03039415556112804,-0.04070029044380079,-0.157320236123423,0.9862403484808244
1785497091.205247402,1789401551.658613,0.099712,-5.01042805618077,1.3052927548151725,-0.044981156877665796,0.030477652788468538,-0.04066430097230317,-0.15727994951790542,0.9862456817581388
1785497091.305320024,1789401551.771669,0.100073,-5.0230222933710476,1.3211224497574976,-0.04150842251512832,0.030399157192800886,-0.04029409890285957,-0.15732602955955083,0.9862559491625856
1785497091.405436754,1789401551.869398,0.100117,-5.018653107298562,1.3204285134977607,-0.04578142157690801,0.03033912042291925,-0.04030582834585727,-0.15723706331890502,0.9862715061747227
1785497091.505515099,1789401551.957968,0.100078,-5.005632075752115,1.3246960447816696,-0.043021186349243734,0.030337509540451536,-0.04034179691738662,-0.15732625292248995,0.9862558618724248
1785497091.605229378,1789401552.085580,0.099714,-5.003340146074605,1.310213772495207,-0.03683205382740812,0.030240655515350972,-0.04004562470573406,-0.15744215244262905,0.9862524115712735
1785497091.705219030,1789401552.157001,0.099990,-5.012658257063201,1.3122846274280564,-0.05487815437478383,0.03000485198798446,-0.04038439659204964,-0.15729109142071634,0.9862699031850999
1785497091.805359364,1789401552.285173,0.100140,-5.001666139837147,1.3076407490575248,-0.04826265271525315,0.030201178511206635,-0.040540370771266404,-0.1574342659430429,0.9862346673389802
1785497091.905419111,1789401552.387237,0.100060,-5.012068538460059,1.3143042031881376,-0.04785946473247682,0.030186279505516507,-0.040438751817683895,-0.15732703898108236,0.9862564061573841
1785497092.005231142,1789401552.664982,0.099812,-5.0164954007225475,1.3167810205191797,-0.0479278059935086,0.030397709573177584,-0.040548240794786305,-0.1573062072737526,0.9862487397073273
1785497092.105339289,1789401552.724837,0.100108,-5.006083226643493,1.3114673796831808,-0.050787359719156044,0.030358907859655074,-0.04039187253655751,-0.15739636322860634,0.9862419673634658
1785497092.205441475,1789401552.857097,0.100102,-5.019339038168716,1.3061244249697987,-0.047132334709268864,0.030354236521569537,-0.040431272064848076,-0.15738016861920104,0.9862430811365898
1785497092.305378437,1789401552.972140,0.099937,-5.018045987984062,1.315263709252994,-0.050002068982078596,0.029962314786038717,-0.04013641922522364,-0.15728104521415165,0.9862829210529678
1785497092.405241013,1789401553.002319,0.099863,-5.002694797416023,1.306679505582731,-0.042220082133172965,0.030277071498614184,-0.04007650391398527,-0.15746276851148647,0.9862467486933427
1785497092.505203247,1789401553.116856,0.099962,-5.014884484122574,1.300916895683276,-0.04813824754969653,0.030231338144530495,-0.040045985498288666,-0.1574120517797735,0.9862574872688852
1785497092.605360508,1789401553.251286,0.100157,-5.024126145639639,1.3054117400435303,-0.0519855666940196,0.030259474257914656,-0.04023495298669375,-0.1574607416453134,0.9862411609825927
1785497092.705433846,1789401553.365005,0.100073,-5.034341832401624,1.3143130002354289,-0.04138586487967699,0.030098502320473466,-0.04005577115764369,-0.15744187088047915,0.986256392957063
1785497092.805273533,1789401553.467153,0.099840,-5.040965024780204,1.314850027933927,-0.05253281487548872,0.03021657421900771,-0.0401084029823046,-0.15739628458364985,0.9862579197410433
1785497092.905055046,1789401553.481291,0.099782,-5.032725433171836,1.3138759496515608,-0.05912814168100561,0.03013243805042493,-0.040381807203640784,-0.15720335768487462,0.9862801073512016
1785497093.005249023,1789401553.502031,0.100194,-5.020424894588595,1.3060952582745828,-0.047889500428667575,0.030550006448252,-0.04065822724364796,-0.15736983456121606,0.9862293550861191
1785497093.105543375,1789401553.546456,0.100294,-5.01812239702122,1.304591401338432,-0.050594324586097195,0.030068840512293065,-0.04044082982588915,-0.15726777282275808,0.9862693606437343
1785497093.205418348,1789401553.679336,0.099875,-5.004559632611483,1.3156118949733904,-0.05051328281471118,0.030432474905582936,-0.04058366420000078,-0.15728862843910146,0.9862490142124148
1785497093.305111408,1789401553.756515,0.099693,-4.995799876010759,1.313450454099552,-0.058457219948251316,0.0303223108893371,-0.04073879640478621,-0.1573208701893862,0.9862408690237214
1785497093.405194283,1789401553.878076,0.100083,-5.002060011440835,1.3184189024259336,-0.05774494060043184,0.030471320859355406,-0.04077647123919288,-0.15718999581319595,0.9862555871652157
1785497093.605427742,1789401554.095668,0.200233,-5.023038088892021,1.2968471489658342,-0.038024900446846865,0.030323981092812615,-0.040547727482219055,-0.15733174994588417,0.9862469561046399
1785497093.705269098,1789401554.357299,0.099841,-5.0009691687384645,1.3069846903319016,-0.04801580910439057,0.030205218367694537,-0.040509305331398744,-0.15733524786801853,0.9862516214147522
1785497093.805195332,1789401554.459480,0.099926,-4.996816516734861,1.3030609464660021,-0.04774378264740026,0.03018080482335224,-0.04054411904215795,-0.1572615147080866,0.9862626979780892
1785497093.905339956,1789401554.564537,0.100145,-4.997541846577352,1.3007488607797995,-0.04834602938909749,0.030178641422708492,-0.040624769649542564,-0.15736999537073065,0.9862421417936919
1785497094.005485535,1789401554.727185,0.100146,-5.00350003363634,1.3096494292286947,-0.05108080138771387,0.03025358886124421,-0.0405065776761309,-0.15737052695734824,0.9862446221760299
1785497094.105286121,1789401554.809348,0.099801,-4.994557111832639,1.301901529316518,-0.04673091914978478,0.030574374112909704,-0.04042700967266308,-0.15753531466613732,0.9862116857802702
1785497094.205189943,1789401554.894915,0.099904,-4.994137205363163,1.306448167274544,-0.04320283073697484,0.030535764727085284,-0.04014499884624398,-0.15760958276557008,0.9862125356943204
1785497094.305105209,1789401554.922538,0.099915,-5.009846079854335,1.3006166999656152,-0.04950626197540453,0.03007705375146109,-0.03995875598587559,-0.15754733084879896,0.9862441417824003
1785497094.405456781,1789401554.958430,0.100352,-5.013574790906005,1.3063903499560887,-0.038009363414345576,0.03052241040957763,-0.03991203266667711,-0.15751820725093535,0.9862370032074673
1785497094.505335808,1789401554.975755,0.099879,-5.013368360716158,1.318698674198574,-0.038642092185357135,0.029979473414549398,-0.040123238266628176,-0.15727411824045867,0.9862840405564947
1785497094.605164051,1789401555.054443,0.099828,-5.0040840806830555,1.3230008951705716,-0.04199734601213562,0.030262645951312284,-0.04015644870698615,-0.1572145296461195,0.9862835411560873
1785497094.705086708,1789401555.187224,0.099923,-4.994898209057646,1.3073828742037132,-0.04053192776476139,0.03034573227592806,-0.039924555641057645,-0.1573192737287945,0.9862737006039043
1785497094.805453300,1789401555.293335,0.100367,-4.9993361645559595,1.3066201134663191,-0.04611923656920042,0.030090087864901062,-0.03992574114503961,-0.15728031866034958,0.9862876979707158
1785497094.905342102,1789401555.367499,0.099889,-4.989961466356689,1.3009053687901633,-0.04679161576152069,0.030114703923294836,-0.04016876762905785,-0.15735356732031694,0.986265395097242
1785497095.005178928,1789401555.492435,0.099837,-5.001308648074025,1.2925348186773478,-0.038498490498381555,0.03005034377506141,-0.03998062596695033,-0.15756662295529458,0.9862409876479119
1785497095.105219126,1789401555.585130,0.100040,-5.00079453519127,1.2892541823859451,-0.04709239038967472,0.029867082251454603,-0.04001335063283459,-0.15740653040780542,0.9862707910882632
1785497095.205443621,1789401555.663159,0.100224,-4.997026270536444,1.303896652430284,-0.059119870136119246,0.03001845713496676,-0.04025261602798361,-0.15750107111936495,0.9862413658584626
1785497095.305373907,1789401555.791453,0.099930,-4.995727838699979,1.3028315654170761,-0.0510548145898827,0.02995200370856007,-0.040028031413734406,-0.1573884453331149,0.9862705062256408
1785497095.405207872,1789401555.871911,0.099834,-5.01121539071279,1.2878907251603617,-0.057448173614332076,0.02967956126636213,-0.04015602460860639,-0.15747834367737126,0.9862591893631584
1785497095.505156755,1789401555.990351,0.099949,-5.0094132561818485,1.2980078732126872,-0.055577254668917275,0.029864833135748652,-0.04028462437695935,-0.15737689605911342,0.9862645453261277
1785497095.605435610,1789401556.078351,0.100279,-5.012167873365111,1.311570999394503,-0.050454807211071706,0.030003594884082642,-0.04008699936562258,-0.15727367837952128,0.9862848507732644
1785497095.705515146,1789401556.187042,0.100080,-5.010087702372208,1.3064273289638642,-0.04727926981362757,0.02987835175058269,-0.03991049286591302,-0.15725993629490043,0.9862980021739705
1785497095.805328131,1789401556.444656,0.099813,-5.007922920083209,1.3138452979400692,-0.04874399766009502,0.03003380127003124,-0.039916728541572535,-0.15722466879941707,0.9862986510609743
1785497095.905149937,1789401556.486548,0.099822,-5.013589228649038,1.3077589383823833,-0.04018342410139686,0.02992426077925691,-0.039765018793764186,-0.15732449254671038,0.9862921909566352
1785497096.005306482,1789401556.530078,0.100157,-5.01196566929243,1.3202767964672046,-0.04252634829455665,0.029907045686142907,-0.0397446956587995,-0.15734138418864432,0.986290837738462
1785497096.105612040,1789401556.600318,0.100306,-5.0066903030458265,1.3209884214231842,-0.047309701343084876,0.030120323889397848,-0.040009578066050516,-0.15720703669721697,0.9862950610058705
1785497096.205307961,1789401556.662826,0.099696,-5.007068493706512,1.3389470394315752,-0.027503234213193783,0.030153781251668614,-0.03995660028905681,-0.15718874986490933,0.9862991009249645
1785497096.305011511,1789401556.790304,0.099704,-4.986389364678728,1.3063720751307102,-0.04232636315194077,0.03000171535146335,-0.03982261951841872,-0.15746478354363977,0.9862651256098105
1785497096.405195713,1789401556.865374,0.100184,-4.974343527433679,1.3094555368647907,-0.043593438669488394,0.030082822727050203,-0.03992492000912186,-0.15740150898356609,0.9862686193470084
1785497096.505544186,1789401556.988332,0.100348,-4.987765393601204,1.3128941664934806,-0.040679836387428225,0.029837592361513243,-0.0400226992617459,-0.15743329763965824,0.9862670320050724
1785497096.605332375,1789401557.088038,0.099788,-4.988061475160024,1.2957334067872341,-0.04775418847822932,0.029757790086310253,-0.03992681832333555,-0.15741775426316157,0.9862758101821301
1785497096.705145121,1789401557.189465,0.099813,-4.9875727297973675,1.310094120927012,-0.04552549271751988,0.029838897656743506,-0.04014973459588121,-0.15732411059798015,0.9862792521507207
1785497096.805199146,1789401557.273874,0.100054,-4.999491822717503,1.3020162834048523,-0.0444165396327621,0.029928971304352084,-0.03984242585966677,-0.15724294085333823,0.9863019290916921
1785497096.905529976,1789401557.386774,0.100331,-5.000736560729882,1.29548432666058,-0.04929377859639095,0.029753010714009123,-0.040141301978049264,-0.15723788261910696,0.9862959406275271
1785497097.005364895,1789401557.489636,0.099835,-5.016515945420787,1.2977659151595258,-0.04838878822511217,0.029677974112517762,-0.040127634473376125,-0.15719520098382803,0.9863055609656275
1785497097.105194807,1789401557.576905,0.099830,-5.032016720602435,1.3005471865328602,-0.04962989096028608,0.029801815995614243,-0.040206606373008,-0.1573453820863146,0.9862746632167739
1785497097.205268383,1789401557.686977,0.100074,-5.041321308884231,1.3160807768195124,-0.04463409733818413,0.029845022275009216,-0.04007962117911888,-0.1572225690837008,0.9862981103004217
1785497097.305363178,1789401557.787117,0.100095,-5.041068713675499,1.3205879222831138,-0.04382761896268089,0.029921042707944677,-0.0398397624196031,-0.15726158202610077,0.9862993051564958
1785497097.405434847,1789401557.871670,0.100072,-5.028256594056963,1.3208501407878448,-0.030599385817716984,0.02984694959170043,-0.03971089456396826,-0.15720888464390098,0.9863151479329211
1785497097.505216360,1789401557.989571,0.099782,-5.0174294651090765,1.3118522641081694,-0.03369239441956384,0.029942921531701562,-0.03958252269291794,-0.15723813487635685,0.9863127365536426
1785497097.605154037,1789401558.070966,0.099938,-5.013671817626355,1.305983410398412,-0.035143934265683185,0.030142176137074917,-0.03953188800207033,-0.15738882949244715,0.9862846624578678
1785497097.705280304,1789401558.371285,0.100126,-4.983336035662047,1.2914222567065423,-0.038353974964553506,0.030487068182786733,-0.039991474287953084,-0.15745092837803312,0.9862456214405767
1785497097.805438757,1789401558.413403,0.100158,-4.971008847124689,1.2868878975361497,-0.041537200957269815,0.030548523419873585,-0.04010809469826748,-0.15739595799249656,0.9862477583569376
1785497097.905248642,1789401558.474903,0.099810,-4.991457230346398,1.2828435023735252,-0.0470518105487544,0.03020951895131955,-0.04011827962208021,-0.15764965734367928,0.9862172651825939
1785497098.005145073,1789401558.515754,0.099896,-4.988672793711382,1.2997362667432644,-0.04463981612826906,0.030509154504441804,-0.040126346761435026,-0.157488295440006,0.9862334939487334
1785497098.105299473,1789401558.572450,0.100154,-5.001081364047121,1.3054986502922372,-0.0415352095774037,0.030452553332050113,-0.03989545924762647,-0.15741975672472783,0.9862555523390613
1785497098.205385208,1789401558.685972,0.100086,-5.010687680427038,1.3038601773776086,-0.041924942271320376,0.030671901843535854,-0.04011820897870547,-0.15745457834961146,0.9862341605837365
1785497098.304996729,1789401558.789887,0.099612,-5.023994069458941,1.3147236747253173,-0.0429029493910108,0.030386996475380148,-0.03995861567192426,-0.15733729687622108,0.986268175746532
1785497098.405117512,1789401558.887286,0.100121,-5.01974861297354,1.3123623151225474,-0.043032367527663595,0.03033461777178727,-0.039926569360954636,-0.15719297254788628,0.986294098839278
1785497098.505385160,1789401558.991662,0.100268,-5.018274511950621,1.307865093520818,-0.043303259232961855,0.029974401849366217,-0.03971714505615856,-0.15734381867052327,0.9862895144674599
1785497098.605478764,1789401559.071633,0.100094,-5.0175085526531085,1.313948406578374,-0.051388824042805814,0.030035410876977083,-0.04000035058304183,-0.15730038318065362,0.9862831416473791
1785497098.705090523,1789401559.189883,0.099612,-5.013943702037346,1.3077485742184922,-0.0573209904654744,0.02986332739523353,-0.039822765520644565,-0.157361705130708,0.9862857713570893
1785497098.805096388,1789401559.286919,0.100006,-5.017816362454328,1.3089092999957728,-0.05100324643795667,0.030087322194603597,-0.039837084409914535,-0.15736098413542984,0.9862785004352088
1785497098.905303240,1789401559.390820,0.100207,-5.019745619052267,1.316448253254138,-0.05356863070290152,0.030142070148586077,-0.03965062145758606,-0.15725693357467224,0.9863009381866142
1785497099.005443096,1789401559.490692,0.100140,-5.030899166347143,1.3194293739867746,-0.05970082722161968,0.030112232979547807,-0.03981913240189015,-0.1571290569858038,0.9863154412105782
1785497099.105197668,1789401559.565830,0.099755,-5.0227575815439165,1.3064649082873396,-0.05229716166178455,0.02999159125480744,-0.03978694642629612,-0.15731041523387768,0.9862915069120995
1785497099.205181360,1789401559.690642,0.099984,-5.006965166113964,1.3102802808128888,-0.05159595977002035,0.029959209794835396,-0.03985316420729822,-0.15733781211917605,0.9862854474890145
1785497099.305235624,1789401559.778473,0.100054,-5.016845211370303,1.3122744372602189,-0.04730401765854636,0.030001689731471912,-0.03957770101859615,-0.15728960117221483,0.9863029380258097
1785497099.405482531,1789401559.884986,0.100247,-5.011339620049762,1.318325536404703,-0.04439515160237423,0.030170064200226217,-0.03981512007728356,-0.15729727395157483,0.9862870226494459
1785497099.505269289,1789401559.987635,0.099787,-5.027476390872587,1.3218450715856462,-0.045006425433537056,0.030370812812319795,-0.03986221859583002,-0.15728493947961592,0.9862809260401169
1785497099.605048418,1789401560.087341,0.099779,-5.02597265737201,1.312777304890797,-0.056856895450511646,0.03044724270900149,-0.04013706780426092,-0.15730479897950372,0.9862642553684245
1785497099.705265284,1789401560.337975,0.100217,-5.025992214096612,1.3132321980901984,-0.045753401928277426,0.030661640065317873,-0.04000727524491922,-0.1572055544381962,0.9862787108164107
1785497099.805601835,1789401560.378315,0.100337,-5.017072679546393,1.3073493773049651,-0.0400999798110101,0.03012293729301311,-0.03980590290228997,-0.1572849158198604,0.9862908059991402
1785497099.905534983,1789401560.409359,0.099933,-5.007246555914516,1.3105375058872504,-0.05169699992376697,0.02999232336738486,-0.04037450626316204,-0.15742452879273267,0.986249399248069
1785497100.005264759,1789401560.461395,0.099730,-5.005994409482704,1.3097731217724482,-0.05000125203811018,0.03065742527377331,-0.0405178439048101,-0.1573243441036439,0.9862390568991105
1785497100.105071306,1789401560.565874,0.099807,-4.978146776711631,1.3071460546642515,-0.050718652100746,0.0301822166887775,-0.04020977099157632,-0.15738286526294676,0.9862569856960112
1785497100.205209255,1789401560.687893,0.100138,-4.983605439051448,1.3029294090576553,-0.055142973498740644,0.030262382153444616,-0.04023872744800867,-0.15746013335441816,0.9862410148862055
1785497100.305338144,1789401560.776267,0.100129,-4.998661230054499,1.2924996989205584,-0.04594846219359894,0.03006507878216038,-0.040249637815518095,-0.1574545079139829,0.9862475022179309
1785497100.405366421,1789401560.892291,0.100028,-4.988380129402221,1.2977318209793827,-0.04522892617374197,0.0302745576995367,-0.04026483168607515,-0.1575294762629641,0.9862285022213187
1785497100.505157471,1789401560.985648,0.099791,-5.00173331614591,1.3059019650974375,-0.04803935645906027,0.03048155659073166,-0.04018861227660249,-0.15742620705469942,0.9862417246717247
1785497100.605101347,1789401561.084354,0.099944,-4.998414988965928,1.3098044507842441,-0.04385467619183897,0.030244109153206793,-0.03996680574888211,-0.15756716944715302,0.9862355374920194
1785497100.705366373,1789401561.184449,0.100265,-5.002470891951681,1.3044663104229823,-0.04825648310499542,0.030164027286676026,-0.040074624547374794,-0.15751823575232088,0.9862414315626331
1785497100.805414438,1789401561.289608,0.100048,-5.01001989857214,1.3068939499852539,-0.05311219377620929,0.02986724756839775,-0.039973330435427445,-0.15749354288621967,0.9862585179990766
1785497100.905133724,1789401561.367958,0.099719,-4.9964396947156615,1.294350342271675,-0.045185699660681644,0.030194035139738177,-0.03990927400452377,-0.1576835789911497,0.9862207962758411
1785497101.005124807,1789401561.494501,0.099991,-4.988253481950449,1.2959412694030377,-0.047098778191189905,0.030125948816247576,-0.039890050884643986,-0.15752249311908656,0.9862493980783404
1785497101.105443954,1789401561.585853,0.100319,-4.995022955587776,1.3021739587592922,-0.05260191977046763,0.030232759105419713,-0.04002895786532684,-0.15765389119813975,0.9862195056878437
1785497101.205367088,1789401561.692899,0.099923,-5.007750577665413,1.3040185015570467,-0.05766264721858044,0.030049981549904344,-0.04004786200057029,-0.15756909655997842,0.9862378755489499
1785497101.305142403,1789401561.770567,0.099775,-5.001609267160123,1.3084746277024468,-0.04703371448581073,0.03010797726998991,-0.04009661643772409,-0.15745893626668864,0.9862517196155953
1785497101.405255079,1789401562.070049,0.100113,-5.0024488314582864,1.2958303950678238,-0.04273580068198579,0.030263385490377825,-0.0402073300514823,-0.15753613588727344,0.9862301273021924
1785497101.505342722,1789401562.112804,0.100088,-5.011317617080099,1.299341639739286,-0.04380916707248511,0.030301886513005985,-0.040051725622127034,-0.15733058890132262,0.9862680876640012
1785497101.605397224,1789401562.172464,0.100055,-4.984978522986056,1.308795163114704,-0.04039297492913435,0.030360668829747053,-0.040247865148875475,-0.15776494305717423,0.9861889078068843
1785497101.705251455,1789401562.213355,0.099854,-4.961810969489959,1.2985576174159696,-0.04063714723438283,0.030420940267297265,-0.040309959665672405,-0.15764383250857836,0.9862038813637943
1785497101.805073023,1789401562.292986,0.099822,-4.987493217443668,1.3244469520518993,-0.05017875294398194,0.030408566340286672,-0.04020600031889006,-0.15754066949124804,0.9862249916158764
1785497101.905306101,1789401562.362000,0.100233,-4.994527405941006,1.3174275645288793,-0.04578885150200568,0.03035869732197268,-0.04022879667330712,-0.15741885123294644,0.9862450500213578
1785497102.005479574,1789401562.495176,0.100173,-4.997311397516511,1.307470580685096,-0.04253062228019372,0.030336827738937564,-0.04020084852118286,-0.15743138470974816,0.9862448619735803
1785497102.105117321,1789401562.777563,0.099638,-5.007777191012267,1.3147063653455837,-0.03786772870157895,0.03052740337192653,-0.03998606073826684,-0.157350446306382,0.9862606296700613
1785497102.205054998,1789401562.869693,0.099938,-5.0035596893521035,1.3207550744787822,-0.033903842919393024,0.030377614570649632,-0.039881726896561186,-0.15729174531138926,0.986278842543853
1785497102.305244684,1789401562.966643,0.100190,-4.991970255183729,1.3129958613385944,-0.04782718227547855,0.03009762334685639,-0.03989414070314866,-0.15725973623077202,0.9862920287455721
1785497102.405443907,1789401563.077114,0.100199,-4.999119211131197,1.302998744665059,-0.03998580880296221,0.029996744312442775,-0.039719285885689654,-0.15738402848326744,0.98628233343083
1785497102.505213976,1789401563.160446,0.099770,-5.004211654354483,1.3126907952834694,-0.05058701389431708,0.030276056080213422,-0.03958995263571624,-0.15737376001656364,0.9862806374134995
1785497102.605069637,1789401563.256721,0.099856,-5.0125025221026815,1.3100095531410982,-0.04956828500692684,0.03042711444816365,-0.03964913227112551,-0.15737275104792384,0.9862737724608283
1785497102.705035210,1789401563.447670,0.099966,-5.023664762481058,1.3052096744665445,-0.05539350167578305,0.03020809918408519,-0.039891977195408664,-0.15735146829544427,0.9862741081080825
1785497102.805399418,1789401563.542637,0.100364,-5.016919308510414,1.3029832320290438,-0.045756788355673206,0.03041936808030342,-0.03997956331887784,-0.1573751487558082,0.9862602897392323
1785497102.905354023,1789401563.658218,0.099955,-5.001065264318499,1.3013025921823471,-0.04688600919428304,0.03032210972486134,-0.03998886005027456,-0.15740184506126587,0.9862586475691976
1785497103.005063057,1789401563.811861,0.099709,-5.007168784102469,1.3001170098228478,-0.04989200248814252,0.03017821120473682,-0.04013905992666135,-0.1574570935149305,0.9862481407528821
1785497103.105225086,1789401563.906204,0.100162,-4.995222740760947,1.2994468097023013,-0.039048700236793854,0.03011702134325135,-0.040052361727277414,-0.15752963224600353,0.9862419522155386
1785497103.205463171,1789401564.000962,0.100238,-5.003570161566289,1.3025742660401831,-0.0423644125779416,0.03018712367606816,-0.04000390875606092,-0.1574980581128629,0.9862468182656308
1785497103.305342197,1789401564.142198,0.099879,-5.009863199296685,1.2975942204998547,-0.041246018975190146,0.030231503798690634,-0.040238087371265024,-0.1574547426544908,0.9862428486525925
1785497103.405105114,1789401564.248850,0.099763,-5.0138878511368565,1.3055886833504233,-0.04629797239698785,0.03035118808851071,-0.040203763427918086,-0.15741541469371,0.9862468504409306
1785497103.505060673,1789401564.345897,0.099956,-5.017407342038718,1.2962812710788145,-0.04489367738021349,0.030544718714751028,-0.04013600511615551,-0.15758035155148642,0.9862172955575575
1785497103.605400801,1789401564.502082,0.100340,-5.015745338079429,1.288456097932477,-0.04257396894792609,0.030535515263688136,-0.03995311966248677,-0.1575947823291665,0.9862227005699266
1785497103.705473661,1789401564.586193,0.100073,-5.030377116051882,1.3026141622279468,-0.04392132000203758,0.030545442587406303,-0.0399928857177722,-0.15748058382246174,0.9862390231318378
1785497103.805152655,1789401564.664387,0.099679,-5.022591806781662,1.315167865861159,-0.03944830096888369,0.029866218491803775,-0.040088911215160124,-0.15751538142880725,0.9862503702427294
1785497103.905055285,1789401564.716962,0.099903,-5.027482296534869,1.3159397180096115,-0.04184185182723793,0.03025853191591356,-0.03979692291297829,-0.15738682844295868,0.9862707601899284
1785497104.005399704,1789401564.801769,0.100344,-5.027643127112401,1.333100306152256,-0.044904460947475355,0.030213392077303197,-0.03978431496168729,-0.15719649104143485,0.9863030074102345
1785497104.105551958,1789401564.860381,0.100152,-5.026992693007791,1.3312139681149429,-0.04058259422626814,0.030393848374159243,-0.03978500064401165,-0.15718706368298463,0.9862989378051091
1785497104.205308437,1789401564.999808,0.099756,-5.013699134729839,1.305085760520209,-0.05151837472937787,0.030212734260786772,-0.04015129090839485,-0.1573346842101469,0.9862661211211559
1785497104.305117607,1789401565.071732,0.099809,-5.020047110310158,1.295788099852874,-0.04121298372681104,0.029976557989134407,-0.040035613175676124,-0.15742927927260067,0.9862629353658596
1785497104.405202389,1789401565.157189,0.100085,-5.026647548770143,1.3060412158619479,-0.0461797136854325,0.029919513934336475,-0.04015581466943276,-0.15735739832322299,0.9862712519520755
1785497104.505457401,1789401565.304601,0.100255,-5.010617340634599,1.3039035992482388,-0.047476304015664716,0.029937708988314146,-0.04026292980428191,-0.15737479111993183,0.9862635576680632
1785497104.605374575,1789401565.369753,0.099917,-5.002556491823453,1.3026152123203187,-0.04327710131267626,0.03028424154682867,-0.04008456026864463,-0.1574630986351239,0.9862461484387295
1785497104.705209970,1789401565.453221,0.099835,-4.992162715707996,1.302090169325555,-0.04662307341916405,0.030047346661058197,-0.04027469578402129,-0.15738686926782822,0.9862578157967656
1785497104.805038929,1789401565.521600,0.099829,-4.994532515069741,1.3049694027584116,-0.05273460040383526,0.030208444004630484,-0.04036921313945437,-0.15744549109739722,0.9862396736465332
1785497104.905224800,1789401565.615450,0.100186,-4.984598392692833,1.305507616158696,-0.0433809683329755,0.02994054381884018,-0.04027622497976766,-0.15734008860858872,0.9862684655071627
1785497105.005427122,1789401565.709105,0.100202,-4.990839783327586,1.301843990470739,-0.04831704204818099,0.02988077884292961,-0.04018338257548049,-0.15742805743628907,0.9862600273520009
1785497105.105274439,1789401565.865626,0.099847,-4.995335532528204,1.2992601563058557,-0.046457425338814806,0.030059525126948643,-0.040000930316357014,-0.15765271178439902,0.986226126702185
1785497105.205122709,1789401565.918456,0.099848,-4.995009295396234,1.2987387463502096,-0.04398976085823464,0.030087730506165165,-0.03980411385309674,-0.1575681397175666,0.9862467451603093
1785497105.305074215,1789401566.005024,0.099952,-5.007762353042312,1.3028608019278491,-0.0428491674761286,0.03021847561442558,-0.039999442829530364,-0.15750282322407747,0.9862452783062199
1785497105.405356169,1789401566.161835,0.100282,-5.013472350706747,1.3046672715259604,-0.04443850253322573,0.029985119757280295,-0.03986671485030794,-0.15738599924398636,0.9862764241743581
1785497105.505525827,1789401566.223577,0.100170,-5.012227752206298,1.3153920734791091,-0.04252496505102066,0.030425605617067232,-0.039915575290001906,-0.15738550033615376,0.9862610372797062
1785497105.605158806,1789401566.270121,0.099633,-5.008490326700936,1.318567149174303,-0.052240097835986266,0.030802614113185172,-0.03987126327568618,-0.15743646555767435,0.9862429926956656
1785497105.705113173,1789401566.400433,0.099954,-5.000574463316209,1.3209681238200393,-0.043998122504888604,0.03057232152174327,-0.04002142025017364,-0.15734843453995387,0.9862581250492979
1785497105.805236340,1789401566.464734,0.100123,-5.013384230513772,1.313809926780998,-0.03897130845076319,0.03051345266765256,-0.040136855853445404,-0.1572962469717689,0.9862635817554533
1785497105.905271769,1789401566.531645,0.100035,-5.009130717069716,1.3203111344910599,-0.05153018593975445,0.030406516212653795,-0.040091640953804096,-0.15732652956216947,0.9862638932828096
1785497106.005307198,1789401566.655549,0.100035,-5.014318778326386,1.3268362249855816,-0.04549687163610705,0.030340154939704784,-0.039910729638543044,-0.15718449722061073,0.9862959203461501
1785497106.105099440,1789401566.715523,0.099792,-5.00508911656824,1.3179772897301747,-0.04394461865576271,0.03034043070048962,-0.040137351068908686,-0.15714709976285415,0.9862926747929365
1785497106.205060482,1789401566.803901,0.099961,-5.002481607171994,1.3196303892149017,-0.03887299110147324,0.03021577749071582,-0.04014822981411505,-0.15716827910143813,0.9862926839826597
1785497106.305275917,1789401566.956275,0.100215,-5.0082160988148585,1.324121026872073,-0.034339068123311,0.03020681484404106,-0.0399241538905731,-0.15723934791543678,0.98629072678406
1785497106.405407667,1789401567.044705,0.100132,-4.9892619475899735,1.3228755513986372,-0.04858944652591757,0.030450041182903,-0.04011265706996828,-0.15718626319977266,0.9862840607026152
1785497106.505170584,1789401567.090883,0.099763,-4.998457683208076,1.3239494395251399,-0.04571075817626036,0.030556832884205225,-0.03996105811414499,-0.1573067159604321,0.9862677075278447
1785497106.605043888,1789401567.163680,0.099873,-5.014174828603342,1.3257835058254583,-0.036163365751844034,0.03077327304153894,-0.04000291309395692,-0.15725066678802602,0.9862682193019457
1785497106.705147505,1789401567.175148,0.100104,-5.008101014680034,1.3110573165358896,-0.04086279385149544,0.030335289060699266,-0.03988368596683237,-0.15738019820866378,0.9862659555328401
1785497106.805429935,1789401567.254629,0.100282,-5.003779245054837,1.3133164051818478,-0.03864081350760318,0.030503292542842765,-0.03991282929253698,-0.15731697208294687,0.9862696819311467
1785497106.905267477,1789401567.369522,0.099838,-5.011754298345354,1.314865824079911,-0.03977393349031766,0.030505789874974522,-0.039927473856054274,-0.157207141916874,0.9862865243659712
1785497107.005175591,1789401567.471579,0.099908,-5.004338503484386,1.3176461505451718,-0.04676444154951226,0.03025937937598289,-0.03993388680694235,-0.15723054012737092,0.9862901256200061
1785497107.105046988,1789401567.571133,0.099871,-4.999705269282355,1.311105197040494,-0.04764447311387926,0.030505650631363783,-0.03966691381396641,-0.1573811630025871,0.9862692891700456
1785497107.205170393,1789401567.678897,0.100123,-4.997412653500217,1.3084702366325565,-0.040995113414223405,0.030424902240211743,-0.03978403672887582,-0.15736224943124946,0.9862700838001565
1785497107.305591583,1789401567.776962,0.100421,-5.011126769045714,1.311296040033878,-0.052886898988161235,0.03075368508406578,-0.03976602509974689,-0.16082413118295547,0.9857020203544099
1785497107.405290365,1789401567.876995,0.099699,-5.002687604914486,1.3155265336115205,-0.04600149532980846,0.03106558810894301,-0.03994662042150025,-0.16507719816599511,0.9849815812481025
1785497107.505061388,1789401567.993727,0.099771,-5.006148362818368,1.310838640750277,-0.05046996429461936,0.031199863006991686,-0.03958428978801987,-0.17003465670678403,0.9841482957709832
1785497107.605070591,1789401568.092280,0.100009,-4.999642467328751,1.3263286337503573,-0.0527547959116238,0.030231726329440895,-0.03944701808006013,-0.18082476190529098,0.9822588156741733
1785497107.705433846,1789401568.191727,0.100363,-5.019409621868992,1.330163682828319,-0.04722228406289508,0.03154700700124259,-0.03817330431175002,-0.19407381623445208,0.9797361578707726
1785497107.805431366,1789401568.443366,0.099998,-5.033993896036172,1.3102288275604201,-0.08818989642689834,0.03563976678655082,-0.03831317412802765,-0.208645273034415,0.9765905271668528
1785497107.905224323,1789401568.482413,0.099793,-4.997696514557639,1.3540262227598532,-0.01004269981212752,0.03246380608205171,-0.03290100273353416,-0.2163468535734432,0.9752218538684762
1785497108.005113602,1789401568.533939,0.099889,-4.979143122802961,1.320045024972319,-0.027744178376376494,0.028032449987273868,-0.027491179395069048,-0.21736470474297165,0.9753004675151055
1785497108.105072021,1789401568.594422,0.099958,-4.950589354148826,1.312396814784377,-0.0482201885928043,0.03011073504964724,-0.02961944218985512,-0.2287539730284188,0.9725675565752996
1785497108.205465078,1789401568.678786,0.100393,-4.976917995893977,1.3760842752968914,0.029160157220799343,0.028958313703233794,-0.02765830129634747,-0.2359292561027485,0.9709448081902867
1785497108.305299282,1789401568.793867,0.099834,-5.041251469304235,1.3406929250287236,-0.00021863599843408021,0.030241142536161236,-0.02959641368413301,-0.2523742682677609,0.9667040675984873
1785497108.405164480,1789401568.888459,0.099865,-5.069587216778196,1.3235788334098189,-0.01492065043879004,0.03242259815928861,-0.03130495728336487,-0.25249631464600936,0.9665476635263646
1785497108.505035162,1789401568.995763,0.099871,-5.081739254953216,1.3135376898847426,-0.03922633096540984,0.033999136710275796,-0.03284425495485701,-0.24665714044670667,0.967949156043887
1785497108.605130434,1789401569.094219,0.100095,-5.099784937268045,1.3152883264948732,-0.07537668713230578,0.03623175895526282,-0.03502548680372472,-0.24156819849328176,0.9690744452279626
1785497108.705465317,1789401569.195119,0.100335,-5.072621496845223,1.3158988472565383,-0.05752166172783019,0.035396619074365664,-0.03373015501824068,-0.2390109692337421,0.9697850857723582
1785497108.805362701,1789401569.369730,0.099897,-5.030954932115267,1.3130953521598172,-0.06538231791418092,0.0343605313660581,-0.03328841970486872,-0.23987264419096332,0.9696248499118788
1785497108.905066252,1789401569.470276,0.099704,-5.018873340626455,1.3076930077364572,-0.06731309362165389,0.032692530583583214,-0.0337667301556387,-0.23956213061710058,0.9697427452437251
1785497109.005023956,1789401569.673637,0.099958,-4.994079731313354,1.2984479939236244,-0.05486664995900592,0.03209462993062561,-0.031839848135282955,-0.2405885261121797,0.9695737825990915
1785497109.105128527,1789401569.759981,0.100105,-4.98202157862565,1.3069532929736798,-0.038571081399780105,0.03179861633936594,-0.03145498850824888,-0.24088010527105064,0.9695237008869141
1785497109.205339909,1789401569.860314,0.100211,-4.981352884347063,1.3178301712573428,-0.045464914788152455,0.031962095964275204,-0.03168733318141591,-0.2410987888188512,0.969456399931171
1785497109.305141211,1789401570.048672,0.099801,-5.002006897150233,1.3157239906642808,-0.040782287735487754,0.03133994603146455,-0.0316282564670953,-0.24154491977560913,0.9693675839980386
1785497109.404988766,1789401570.161379,0.099848,-4.983574113257316,1.3100530663056333,-0.01982899421064982,0.03064944375758993,-0.031194380398624356,-0.2426748478937058,0.9691214786747151
1785497109.505224228,1789401570.250609,0.100235,-4.999107203757361,1.3002609213597045,-0.0010938652854663444,0.03263034991702747,-0.029112320228400674,-0.24291116929158638,0.9690623802978882
1785497109.605356455,1789401570.381931,0.100132,-5.068977515109142,1.290425285750215,-0.029413671932139007,0.035302417333472315,-0.033909616479241976,-0.23891864387653428,0.969805010736099
1785497109.705177546,1789401570.457772,0.099821,-5.109746273363635,1.3028399845547096,-0.052915761617326695,0.038554388077011774,-0.038545394383232845,-0.23822970502000124,0.9696774821444163
1785497109.805067539,1789401570.564193,0.099890,-5.122238507860563,1.314916771014423,-0.09679018723452976,0.04254399391233302,-0.035719336969609175,-0.23697814651561214,0.9699255103472983
1785497109.905153751,1789401570.701826,0.100086,-5.134697818141428,1.3647396349548278,-0.12378488522128045,0.04136737994685503,-0.03497456277293159,-0.2370894439737942,0.9699763478515212
1785497110.005482912,1789401570.765585,0.100329,-5.160273913783662,1.4102491279085507,-0.0570089805511077,0.03393742314101161,-0.033677274507564164,-0.23904579539565365,0.9698305007556489
1785497110.105215073,1789401570.809237,0.099732,-5.204529387921727,1.428411845935705,-0.014611145432037176,0.033075333018868586,-0.027955905156712795,-0.2389838209879681,0.9700573297586903
1785497110.205036402,1789401570.876281,0.099821,-5.262425872469771,1.4281418833888062,-0.011221420415306937,0.03465642242152707,-0.02356998643120086,-0.2391969678245213,0.9700660795575414
1785497110.305032492,1789401570.960180,0.099996,-5.255911737690646,1.4384720342331017,-0.0363350432470273,0.03435210041640914,-0.02434434585208281,-0.24095195044842785,0.9696233514087432
1785497110.405276775,1789401571.043760,0.100244,-5.3147854732138065,1.4528657460908354,-0.05069872322622199,0.03695630804606617,-0.02247416470251841,-0.23977588394170754,0.9698642527160751
1785497110.505112410,1789401571.162922,0.099836,-5.346443452588465,1.4706329760517372,-0.052420669160580524,0.038989973173395205,-0.02167148865388726,-0.2350769777932671,0.970952595693042
1785497110.605391502,1789401571.251904,0.100279,-5.372636394814767,1.4969784479984716,-0.07002063550681653,0.03845719556238258,-0.019810134089852317,-0.23767574246774337,0.9703807727584236
1785497110.705002069,1789401571.325140,0.099611,-5.402757546604466,1.5193805449812336,-0.06915565648976618,0.038805642506103216,-0.018452219793300563,-0.2371279130127998,0.9705276866553535
1785497110.805286646,1789401571.414500,0.100285,-5.429503161580954,1.5370967548173304,-0.033989760477465214,0.03447975613864564,-0.01890056963646546,-0.23593938682240478,0.9709719463660699
1785497110.905381918,1789401571.492193,0.100095,-5.465471574251618,1.5355937887908253,-0.012836832632933226,0.033683035288002906,-0.019471272760879548,-0.23357963560792747,0.9715589928049332
1785497111.005346060,1789401571.563462,0.099964,-5.501102045020151,1.534437766811908,-0.016928308027059802,0.03421557926462329,-0.019283360024460235,-0.23478447645659117,0.9712536722076099
1785497111.105079174,1789401571.664260,0.099733,-5.511253593217942,1.5159386906307555,-0.018100085688501577,0.039158404887088154,-0.016411256594291983,-0.23343233850792092,0.9714456409508606
1785497111.205189228,1789401571.748647,0.100110,-5.554794470656169,1.5402180914426113,-0.028453236590744946,0.044919526144265365,-0.014654786987265142,-0.23408348567626372,0.9710676573354674
1785497111.305239677,1789401571.815531,0.100050,-5.574472401790766,1.5829477701624959,-0.006410176505021348,0.044496940140417496,-0.01792856118414147,-0.234863718456988,0.970843768463584
1785497111.405312300,1789401571.879869,0.100073,-5.638270574534945,1.6132932273366258,0.020306228467100562,0.04220757304131017,-0.02103278926194189,-0.23610963875596253,0.9705814654321212
1785497111.505079508,1789401571.964269,0.099767,-5.709261557287637,1.6529984690589574,0.0144165415671631,0.04243034671244451,-0.025390448312095155,-0.2369033614612109,0.9702740788770775
1785497111.604983807,1789401572.054464,0.099904,-5.7350681258571585,1.6682187080858588,0.009306422267233605,0.03880526810365494,-0.030650579899916826,-0.23781299602082684,0.9700513759810921
1785497111.705118895,1789401572.193817,0.100135,-5.783044924610416,1.687662188812131,0.014435097121279106,0.03570623414816459,-0.03423968874498553,-0.23804350716876713,0.9699938129969726
1785497111.805367470,1789401572.373776,0.100249,-5.836554412806436,1.6812750533905627,-0.01530217737278633,0.039086472399568944,-0.03873838741734613,-0.23678290641234592,0.9700028042467678
1785497111.905168056,1789401572.471665,0.099801,-5.92222355752462,1.6858043223713568,-0.03905340026016729,0.04473779419458555,-0.04051954480232011,-0.23627394590894907,0.9698099394954871
1785497112.004963398,1789401572.660036,0.099795,-5.965635343813462,1.6983825946671134,-0.04781094094887334,0.04696005590899643,-0.03945894905048304,-0.23598925723475245,0.969817928767382
1785497112.105051517,1789401572.767237,0.100088,-5.995903220537358,1.7111416786229559,-0.05461837371048672,0.047275184856802654,-0.0404188974421131,-0.23503348843753752,0.9699951695442668
1785497112.205327511,1789401572.871642,0.100276,-5.991341034034581,1.7475868684982176,-0.04759505211164783,0.04617688160575212,-0.03965460855221304,-0.2338692781935323,0.9703609474535675
1785497112.305319071,1789401573.011467,0.099992,-6.032566408102676,1.7595977192507692,-0.06984083145906622,0.04811222116356779,-0.04146724276107083,-0.23434057361399235,0.9700774079993706
1785497112.405026436,1789401573.093395,0.099707,-6.057932102312088,1.7908814148063157,-0.05945736817770414,0.04637457518703287,-0.04439942188898197,-0.23462861280124894,0.9699626302941355
1785497112.505107641,1789401573.163764,0.100081,-6.0857493420303514,1.7960443292393775,-0.026307505114998908,0.045114852760019,-0.04482941885173278,-0.2340825182017458,0.9701341906861117
1785497112.605261087,1789401573.275429,0.100153,-6.139345323531735,1.800112987272654,-0.04822526360633245,0.04603464174406435,-0.04552232663254051,-0.2326651864669338,0.9703996292990702
1785497112.705495119,1789401573.360063,0.100234,-6.194225009401296,1.8106997396043618,-0.053167295183106755,0.04720262258983476,-0.04424110168305246,-0.23165462814971058,0.9706445129908997
1785497112.805156946,1789401573.404041,0.099662,-6.178899911727272,1.8095966555097815,-0.05445639446495043,0.04769166371745283,-0.04313655401739099,-0.2311233810768442,0.970796953867792
1785497112.905078411,1789401573.469464,0.099921,-6.187849243022984,1.813868562742232,-0.0621718777611876,0.048200981289386206,-0.04261667707745211,-0.23069553822570107,0.9708965201711152
1785497113.004993916,1789401573.558868,0.099916,-6.166011788732542,1.810103500010317,-0.06314817009943074,0.04783639549097299,-0.04177138085174805,-0.23083276038942951,0.9709186720519776
1785497113.105434179,1789401573.649652,0.100440,-6.161786414419491,1.8190341908949503,-0.0556723777080631,0.047610213156972565,-0.041163229371093686,-0.23073863027820132,0.9709781360299725
1785497113.205316067,1789401573.790761,0.099882,-6.16086092093296,1.8147187975143733,-0.041806773266236386,0.04708631389714139,-0.040945358698500973,-0.2311503912227582,0.9709149567712956
1785497113.305039167,1789401573.856753,0.099723,-6.1653815157194405,1.8065757966868308,-0.04486917971320109,0.0476413967794489,-0.040336394366208846,-0.23112401225262852,0.9709196483554617
1785497113.404919147,1789401573.918937,0.099880,-6.162119212900796,1.8182279942392219,-0.046749808746553934,0.04913585537528121,-0.04012804662626282,-0.23053311343855604,0.9709942796941884
1785497113.505075455,1789401574.066760,0.100156,-6.191447751256736,1.8271087638456465,-0.060121127318496226,0.05019871842618192,-0.040676742396959016,-0.229477704348905,0.9711670682756427
1785497113.605394602,1789401574.156503,0.100319,-6.217535656671707,1.833252766449539,-0.0701282531543807,0.05106766356451469,-0.04134778787129868,-0.2287130344130173,0.9712738038605858
1785497113.705170393,1789401574.222690,0.099776,-6.233555807123761,1.8461233031572875,-0.06444393169872431,0.05152176274563892,-0.04176879191065515,-0.2284225272778291,0.9713001724585073
1785497113.805078268,1789401574.333659,0.099908,-6.237399718161864,1.8389273889115512,-0.04898591306902045,0.05219121081600621,-0.04172411428469806,-0.22830278918533378,0.9712945033566923
1785497113.904969931,1789401574.409666,0.099892,-6.266031644551653,1.8397007911417524,-0.06265327721738556,0.05294976953197459,-0.04106196294019252,-0.2275243009429597,0.9714643223435623
1785497114.005290508,1789401574.502517,0.100321,-6.275543694563632,1.8364413950841632,-0.05594847811197473,0.053751784558714884,-0.03997783073501357,-0.22707595008722561,0.9715703945666881
1785497114.105437279,1789401574.652434,0.100147,-6.293258569578246,1.8460097158107567,-0.05616413001203041,0.054529032684308545,-0.039189830291502296,-0.2263738855793025,0.9717230087447636
1785497114.205138445,1789401574.748765,0.099701,-6.268023358125151,1.8462226810196793,-0.05523178886011049,0.05462304265923368,-0.03840831910752989,-0.22586627649602278,0.9718670430546629
1785497114.304967880,1789401574.846651,0.099829,-6.260654536722084,1.8641269377913618,-0.06211321379082835,0.055281275525704617,-0.03782328568402581,-0.22532932298972572,0.9719774050034896
1785497114.405033112,1789401575.012526,0.100065,-6.246177733365052,1.8675340959600353,-0.06045464749748841,0.055166652290908495,-0.03712372638771951,-0.22490100488737821,0.9721100798853808
1785497114.505339622,1789401575.112269,0.100307,-6.267865582410719,1.8689285090219903,-0.05763957714747475,0.05423216708156953,-0.03736735277208731,-0.22535577209745017,0.9720480075504581
1785497114.605224609,1789401575.212606,0.099885,-6.273215725581027,1.8786714089253767,-0.04958722566038837,0.053892424600409626,-0.03766035235224664,-0.22506943805203608,0.9721219329314326
1785497114.704971075,1789401575.313309,0.099746,-6.3029856617301405,1.8897600387310562,-0.04728917238158703,0.05492618339466341,-0.03760067044537902,-0.2260269983276127,0.9718441747455059
1785497114.804940224,1789401575.417152,0.099969,-6.317230506189298,1.8811917815422834,-0.0582116028120328,0.05470506738708264,-0.038623892291277696,-0.22594926802783732,0.9718345943750619
1785497114.905382633,1789401575.517823,0.100442,-6.324432908576037,1.8814249263800182,-0.06427864256364973,0.0550895962303588,-0.039037441760716086,-0.23227367433646123,0.9703041557873512
1785497115.005295038,1789401575.690177,0.099912,-6.300155390584438,1.8959261702624346,-0.053024037128568346,0.05567223692840244,-0.03641130309729129,-0.23628045447448978,0.969405160846322
1785497115.105091333,1789401575.768877,0.099796,-6.288873659684096,1.8998840310319125,-0.08280473064638239,0.0568088213966451,-0.04106704612342147,-0.24090008561154666,0.9680151880454045
1785497115.204934835,1789401575.781310,0.099844,-6.299992334094799,1.9107464364016966,-0.06693041421091328,0.05626049267915564,-0.03956611319723606,-0.24617734082003032,0.9667812557744127
1785497115.305220127,1789401575.794836,0.100285,-6.320523406457081,1.9116153687359225,-0.03726410504111283,0.055974618201176364,-0.038666365474633445,-0.2592303929058977,0.9634165027090191
1785497115.405294895,1789401575.863284,0.100075,-6.3804847481200255,1.9307224144567088,-0.08659385453103813,0.06080902502154668,-0.04104626567066186,-0.2754270571151732,0.958518337205557
1785497115.505146980,1789401575.965463,0.099852,-6.458379675280005,1.949894233241364,-0.12570622361945227,0.063397908997651,-0.045379804537949556,-0.29489380882797034,0.9523439609667105
1785497115.605054617,1789401576.080831,0.099908,-6.476530321070646,2.016903995860366,-0.052359133851866635,0.05971574372205922,-0.034760411627086894,-0.31814759029213846,0.9455198858440522
1785497115.705045700,1789401576.194314,0.099991,-6.542470525004346,2.0549583918556835,-0.0007388183731704134,0.05513539045812951,-0.03474813188785498,-0.33620670543692494,0.939530578144527
1785497115.805191994,1789401576.274532,0.100146,-6.582532592786913,2.073705051356516,-0.04421742465985523,0.05333258321907788,-0.036329067344194624,-0.3483786980370309,0.9351300001535137
1785497115.905182600,1789401576.387348,0.099991,-6.626986689480506,2.0601709024331374,-0.05901390690424069,0.05398000296026,-0.03649610546055987,-0.35482352177007803,0.932659885470211
1785497116.004913807,1789401576.488558,0.099731,-6.648484978410061,2.0557387244651295,-0.040102618295873416,0.056441119696555846,-0.034120868247772725,-0.36271984684017555,0.929561444481032
1785497116.105063200,1789401576.587030,0.100149,-6.680228956118131,2.060479371989024,-0.08119838096470255,0.06099731376783096,-0.03575414531049027,-0.37233554694635596,0.9254011072429017
1785497116.205296993,1789401576.685347,0.100234,-6.719781872488207,2.0738470915037897,-0.0757042658895336,0.06207073546865154,-0.035834481857962515,-0.38528282367986677,0.9200110105241273
1785497116.305266380,1789401577.208089,0.099969,-6.741351504371804,2.105303497423885,-0.06196726987950246,0.06491237310133077,-0.03167954364202687,-0.40052402998567505,0.9134348864243282
1785497116.505000353,1789401577.248229,0.199734,-6.827020079938697,2.083397715739014,-0.04686275157809239,0.06391650729862831,-0.027431662336128492,-0.4201899807194208,0.9047665798974
1785497116.605208874,1789401577.285190,0.100209,-6.784328789386661,2.1685441918915904,-0.04708128652150401,0.07240411998535347,-0.03172468711081099,-0.4552919125344229,0.8868260607456377
1785497116.705438614,1789401577.310552,0.100230,-6.732221096058737,2.0456826961353296,-0.08677940281109042,0.07350407636320047,-0.027093650455958913,-0.47479681133930257,0.8766020036510384
1785497116.805081129,1789401577.362600,0.099643,-6.664731547109671,2.0058783558339464,-0.06437669847983712,0.07770772997732085,-0.028095363787781727,-0.4890262061961993,0.8683464336823198
1785497116.904874563,1789401577.384413,0.099793,-6.611641113905082,2.0601189590291433,-0.02147288652723145,0.07821164428928709,-0.027726607592927638,-0.4898888219948809,0.8678266624236789
1785497117.005002499,1789401577.493749,0.100128,-6.538998590838334,1.9724646668502122,-0.04457081783454642,0.07971939120132988,-0.030894509478236205,-0.49437600165578344,0.8650333617482215
1785497117.105337143,1789401577.583225,0.100335,-6.5314226144070435,1.8975663113028765,-0.07022370491921248,0.08007374396095664,-0.03373781087229888,-0.4969979450246017,0.8633904089616373
1785497117.205237627,1789401577.679565,0.099900,-6.538323137259559,1.8560496464146972,-0.08380920009540122,0.08014146763233589,-0.03447436359463285,-0.5059597072855316,0.8581338112579061
1785497117.305128813,1789401577.793787,0.099891,-6.587593647505337,1.7719577849249373,-0.07572423921999155,0.08112560270911472,-0.03535328667853987,-0.514916461497644,0.8526604361554799
1785497117.404879570,1789401577.871903,0.099751,-6.614823402782783,1.6056618218830425,-0.05558535766329131,0.08100073166673512,-0.03579471323671201,-0.5169329562222577,0.8514328738926356
1785497117.505143166,1789401577.975370,0.100264,-6.647023362192004,1.522878518347734,-0.143864495749722,0.08051308527320412,-0.037503403429436755,-0.5104817499285113,0.8552891445709595
1785497117.605418205,1789401578.094359,0.100275,-6.678873888064327,1.491763797413421,-0.1603571472260965,0.08184619423391272,-0.03696630898929409,-0.5062476434553295,0.8576992573070461
1785497117.705271006,1789401578.181673,0.099853,-6.714478043730724,1.4764789128213684,-0.16820764788090142,0.08337976159789448,-0.03588769850753142,-0.5092978292589018,0.8557894656770914
1785497117.804958582,1789401578.268228,0.099688,-6.757387899817201,1.541363883319857,-0.1310179805955911,0.08102508253282331,-0.03258544953654195,-0.5114671196519763,0.8548535020656824
1785497117.904964209,1789401578.385702,0.100006,-6.783652465256811,1.5881105376017013,-0.12440147308643096,0.07435676082506594,-0.03251000648731648,-0.5146151587108135,0.853572146934776
1785497118.005239964,1789401578.490452,0.100276,-6.800255095292221,1.7363083996377908,-0.09280857463908171,0.06598885392558464,-0.030184240347263958,-0.5190284660806314,0.8516712007519296
1785497118.105299234,1789401578.580415,0.100059,-6.792723833278386,1.894344174433634,-0.0820224772923081,0.06404166897891309,-0.03257828407339583,-0.5225366719565214,0.849583866667577
1785497118.204980612,1789401578.693625,0.099681,-6.80054515674623,1.9227325529698676,-0.05803540856912898,0.0711308606971489,-0.021222938077149582,-0.5237997516725653,0.8486010886768973
1785497118.304918528,1789401578.787990,0.099938,-6.812535821612408,2.0783237535951438,-0.030234599463080103,0.06682671461905144,-0.020188825937676867,-0.5285752717428013,0.8460111013589041
1785497118.405164719,1789401579.222800,0.100246,-6.839742701067745,2.256673847779977,0.013671268545021709,0.06678588930726544,-0.019101195387682745,-0.5390677879573197,0.8393930600803188
1785497118.505286455,1789401579.253753,0.100122,-6.898189411239015,2.41083073320189,-0.021901124791913196,0.07097614094812878,-0.02489840489143831,-0.5361981389796694,0.8407342104403226
1785497118.605051994,1789401579.287492,0.099766,-6.9805181457524474,2.5841062080745156,-0.025489697372294173,0.05393479378004002,-0.03055051150434067,-0.5346827344285837,0.8427764103074437
1785497118.704864979,1789401579.325112,0.099813,-6.970395554876528,2.8792553724814205,0.01082952014491162,0.037705718073563974,-0.04160834679423464,-0.5353689125778971,0.8427497563018145
1785497118.805135250,1789401579.379866,0.100270,-7.010976182836246,2.8711544535738214,-0.08333734880189403,0.03159752831739294,-0.045492533428757954,-0.5278800883511254,0.8475108482661875
1785497118.905445814,1789401579.464569,0.100311,-7.122005261312454,2.8641564137167213,-0.07724340763097282,0.035809253208715114,-0.045745146934354275,-0.5126075762656596,0.8566554451304411
1785497119.005136967,1789401579.507135,0.099691,-7.055945843031455,2.674828007903449,-0.017828345910060828,0.04050638576588016,-0.03754913361831964,-0.5019427358170606,0.8631354385246752
1785497119.104986191,1789401579.574164,0.099849,-7.091606858124046,2.800144788493196,-0.004827064200599196,0.034566585274739874,-0.036326684593959505,-0.5003206173643007,0.8643869521279576
1785497119.204993725,1789401579.684999,0.100008,-7.142592531910665,2.9103213229301352,0.032761710688684276,0.036227947836808806,-0.03595933515862664,-0.4967962126451792,0.8663648106380409
1785497119.305099964,1789401579.779742,0.100106,-7.168069997208697,3.0689716566119087,0.014991550799485942,0.03305097475800434,-0.04018099592786571,-0.49205432627741935,0.8690084353016748
1785497119.405310392,1789401579.880411,0.100210,-7.186732654724742,3.132822729244341,0.003361809807693794,0.03609767883391685,-0.04554772920942669,-0.48390169886868195,0.8731904189686641
1785497119.505131721,1789401579.973363,0.099821,-7.233804966571608,3.1653175425968234,-0.04218071445867427,0.03808870600257382,-0.06008072959705966,-0.473379882572198,0.8779812316798498
1785497119.604910612,1789401580.085022,0.099779,-7.269580791647311,3.194240473216392,-0.07147286889273452,0.036885185013761125,-0.04757890734181806,-0.47211482354815104,0.8794790071904827
1785497119.704880476,1789401580.197014,0.099970,-7.318721519236837,3.3296207179946675,-0.0321133323407326,0.03233408949436775,-0.0468331160295955,-0.47111696789576935,0.8802329058040406
1785497119.805321932,1789401580.292642,0.100441,-7.384821207092974,3.3795259292983366,-0.026643097328712728,0.04907469411762686,-0.03887751699087902,-0.46647200883800394,0.882317447430641
1785497119.905354261,1789401580.376578,0.100032,-7.455211780083391,3.469800063102677,-0.04568998319673234,0.037813199468366546,-0.04166359911084455,-0.4677593246623184,0.8820632180555698
1785497120.005053043,1789401580.485916,0.099699,-7.482722505173148,3.5603830227936597,0.011059100968887237,0.02975827806575102,-0.04077981447081727,-0.4668316352202834,0.8829041148255244
1785497120.105003834,1789401580.580486,0.099951,-7.522660411467076,3.622758040751781,0.005512072871450224,0.02475553369086695,-0.03895940414950153,-0.46414459091530474,0.8845558925834252
1785497120.204927683,1789401581.094908,0.099924,-7.5630414840161455,3.642465881253472,0.0496499089281312,0.031526628856620734,-0.03406734532627774,-0.4676438267770749,0.8826974220720539
1785497120.305091143,1789401581.137643,0.100163,-7.612114791462502,3.7041166383721653,0.005819679739689831,0.028965987804166378,-0.0379251880107013,-0.4661890216858371,0.8833971064727818
1785497120.405387878,1789401581.184119,0.100297,-7.660885777685415,3.792418514200804,0.0005268780140771367,0.024945317683600837,-0.035947604284153487,-0.4724215303963734,0.8802859754022218
1785497120.505073071,1789401581.226636,0.099685,-7.70583816354524,3.8880136287544405,0.026515443333371858,0.02241138792541957,-0.03312627080687578,-0.4811465269499863,0.8757273545331609
1785497120.604882002,1789401581.252804,0.099809,-7.666617174173434,3.8089226539082297,0.015926567985123763,0.025296896137237537,-0.03629200458304484,-0.48683348018281863,0.8723738418947706
1785497120.705054045,1789401581.292245,0.100172,-7.698381031289096,3.7558050599321584,-0.020816953802028137,0.02492123010678334,-0.03858645697738843,-0.47040294903290375,0.881255401781478
1785497120.805334330,1789401581.319405,0.100280,-7.69209163672307,3.6993205339476125,0.00701469494912943,0.022267991707684648,-0.038776000239670344,-0.46113294632028123,0.8862036809722049
1785497120.905051231,1789401581.379620,0.099717,-7.706364040518933,3.6779084275085485,0.016636914514935486,0.026259833972508525,-0.03909189514694586,-0.44583421087203146,0.8938758869494454
1785497121.005091429,1789401581.514790,0.100040,-7.684193086600272,3.7110490196195096,-0.07517959170347394,0.028353311906008496,-0.04359817826057373,-0.42783525223642216,0.9023592884766598
1785497121.104875565,1789401581.584107,0.099784,-7.713308406995366,3.7438829652627326,-0.044044060697311704,0.022567309348175763,-0.04343368631186351,-0.4184982071054859,0.9068977241627783
1785497121.205306053,1789401581.684792,0.100430,-7.720876966225264,3.799413440897424,-0.06617170901452224,0.023935923825896557,-0.04215602115158701,-0.40526637645457386,0.912912430382363
1785497121.305306196,1789401581.787344,0.100000,-7.7659925633982825,3.846105744101375,-0.0650137257481791,0.028032561747022802,-0.03819655811957977,-0.38647783951931625,0.9210809291208795
1785497121.405102015,1789401581.867466,0.099796,-7.8184030999715,3.9090078558542096,-0.0008049039601963903,0.018758047217430223,-0.03806499375463856,-0.38171975728420954,0.9233034272729176
1785497121.504894733,1789401581.991283,0.099793,-7.884838395236689,3.9483036634746447,-0.0396823747277521,0.024667976337498843,-0.0331483353129769,-0.37353603224545173,0.9266949397853098
1785497121.604983091,1789401582.087994,0.100088,-7.915078843899327,3.978204054721895,-0.06207108928971744,0.02806176446616274,-0.03161567825930841,-0.36639372953118754,0.9294991238422222
1785497121.705413580,1789401582.188866,0.100430,-7.9216325258370315,4.002016563166078,-0.05216619363700753,0.0337849537957231,-0.028700354157172755,-0.3562710299532636,0.9333304986896636
1785497121.805203199,1789401582.291018,0.099790,-7.9626255724129384,4.030680043536255,-0.03324102568193049,0.029978249100559892,-0.030162358483150145,-0.35361331610293845,0.9344245070556868
1785497121.904988527,1789401582.391680,0.099785,-8.009959465026348,4.067724453159966,-0.00962061058401581,0.026703552258369498,-0.02705610153695708,-0.34965173626318136,0.9361081940644095
1785497122.004909277,1789401582.488607,0.099921,-8.038540315603221,4.078577767240724,0.012799944331414792,0.02303060197543972,-0.025552188997733045,-0.3460830747972179,0.9375730277418165
1785497122.105171204,1789401582.551788,0.100262,-8.009831466979254,4.066388348250511,0.022065179512353594,0.02838182907611925,-0.019195993184660587,-0.3345003002117061,0.9417725493887613
1785497122.205300808,1789401582.688942,0.100130,-8.009146663371414,4.094080961186525,0.00035029269493319637,0.028310367556353022,-0.020286525886916262,-0.3221024975777343,0.9460639307205555
1785497122.305103064,1789401582.789730,0.099802,-7.994257768277932,4.091856530584526,0.019099043254073522,0.026903131692801507,-0.022583335502189765,-0.3128206382380954,0.9491625059782988
1785497122.404979706,1789401582.855117,0.099877,-7.993770874969764,4.1127118340271585,0.039961671588015835,0.02305441180816195,-0.02461666641588892,-0.30778542200250286,0.9508578483840091
1785497122.505038738,1789401583.000063,0.100059,-8.005037133734794,4.122508496002489,0.008058169509113922,0.024804360353378706,-0.02911792404154138,-0.3032813210468853,0.9521330424426011
1785497122.604972363,1789401583.061451,0.099934,-8.049193877309511,4.159466174370654,0.026591754551060665,0.023159566628083435,-0.034465343875754444,-0.30137780631091127,0.9526002269621424
1785497122.705132484,1789401583.576398,0.100160,-8.11516147152822,4.182791605359708,0.011928044135674887,0.02797843673590545,-0.039413808973691435,-0.2883950479304039,0.9562907795588098
1785497122.805026054,1789401583.686377,0.099894,-8.175769079778958,4.211595020081923,-0.010565553954630436,0.03071969578740136,-0.04303126496610912,-0.27742300869227804,0.9592919705565376
1785497122.904926062,1789401583.782058,0.099900,-8.208296122189227,4.244009246264619,-0.022590073484868467,0.03130145487215518,-0.04553363428485066,-0.27197175684539787,0.9607175810559783
1785497123.004924536,1789401583.803433,0.099998,-8.186379644507902,4.339585317609944,-0.014250134432865935,0.033256573232283426,-0.046855801645495965,-0.26889065394540357,0.961455329388544
1785497123.105256796,1789401583.842968,0.100332,-8.188177419494318,4.259746214104445,-0.02432308410885692,0.03242120369525518,-0.04641683514922034,-0.2644865882383041,0.9627259151011208
1785497123.205140114,1789401583.865291,0.099883,-8.215107662185966,4.24037116336674,-0.03871400523061391,0.03015827675358792,-0.04827592967122561,-0.2516265977399002,0.9661490404008459
1785497123.304895163,1789401583.886825,0.099755,-8.316324134867031,4.218107650732504,-0.010231528664694511,0.026848194151804314,-0.048216800720368866,-0.2445650695864616,0.9680610731442767
1785497123.404837370,1789401583.904852,0.099942,-8.325456644403234,4.176638806352109,-0.03285891133913782,0.03104643982030899,-0.04709769323600359,-0.23478705530287,0.970408658518945
1785497123.505271673,1789401583.950038,0.100434,-8.360161629757426,4.158110691612717,-0.11412269145995263,0.03251583323163125,-0.04343867898075869,-0.22170288775289052,0.973603426103097
1785497123.605357885,1789401584.088220,0.100086,-8.406687955026245,4.179572660996226,-0.08104475229816793,0.03529732234137638,-0.04573557808042791,-0.21189462081769372,0.9755834283144134
1785497123.705027342,1789401584.188967,0.099669,-8.464515675241666,4.1847525082567305,-0.06433046055504332,0.03403118088303097,-0.044039988706410606,-0.2057892209704363,0.9770123615670514
1785497123.804818392,1789401584.261793,0.099791,-8.460422407444678,4.254139479848248,-0.07733575829701744,0.0353406132807308,-0.03085107110866257,-0.19897035004103852,0.9788820420607055
1785497123.905067444,1789401584.397325,0.100249,-8.49379764078667,4.222531994140937,-0.04048519936339756,0.03071676218270903,-0.03994496365438468,-0.19505017947390163,0.9794979876890303
1785497124.005300283,1789401584.469362,0.100233,-8.539252783923633,4.259311294396568,0.006696975966902441,0.021500565590848973,-0.04342922427084664,-0.1972235134697841,0.979160106363173
1785497124.105112791,1789401584.588815,0.099813,-8.5851768098815,4.306011890130764,-0.0653265484805774,0.026475944338761173,-0.03564622676784543,-0.1928603864558405,0.9802210170286547
1785497124.205027819,1789401584.670563,0.099915,-8.699788364851972,4.350465825734012,-0.12844903435731875,0.03167258850087122,-0.04163494442866051,-0.1950321186454081,0.9794007613008888
1785497124.304841280,1789401584.792347,0.099813,-8.837325561392829,4.396334137128327,-0.12044559033993785,0.04078631364406314,-0.03827411625254617,-0.19231552919893194,0.9797378761042923
1785497124.405098915,1789401584.882740,0.100258,-9.048924213342628,4.422046699457874,-0.060765957617682054,0.0439221458562743,-0.04912951915115957,-0.19189225270785135,0.9792009491427499
1785497124.505225420,1789401584.986231,0.100127,-9.231867264198137,4.4894482649037775,0.036262216800926006,0.03379988482455894,-0.04726197872426646,-0.19202365482672043,0.97966871397422
1785497124.605076075,1789401585.092749,0.099851,-9.384270532721509,4.538664876187327,0.02661566240689789,0.03536282548435634,-0.06368175682699476,-0.18343128113516394,0.980330081922565
1785497124.704967022,1789401585.201175,0.099891,-9.468696741816485,4.537764464074499,0.03360905676989984,0.03473624765549244,-0.05595307144076191,-0.1817941817846409,0.9811286981657474
1785497124.804840088,1789401585.288597,0.099873,-9.58012545400392,4.585732054144905,-0.05801771368453956,0.03970411515516173,-0.044017487933556705,-0.17760166274835718,0.9823154754887982
1785497124.905050516,1789401585.721321,0.100210,-9.706212101170035,4.654970317121427,-0.09148279137250703,0.03862548295828875,-0.04266675938319357,-0.17873391828739682,0.9822127092252523
1785497125.005216599,1789401585.843491,0.100166,-9.81700002487981,4.7019120920683495,-0.07960565592992647,0.03703733351269368,-0.03699290742641145,-0.1788295015326276,0.9824865241355744
1785497125.105041742,1789401585.875409,0.099825,-9.888140280999725,4.716656712640481,-0.08285181583624818,0.0337246102349075,-0.027013531889268222,-0.1789331570062525,0.982911921325175
1785497125.204850197,1789401585.896209,0.099808,-9.736293215193333,4.708623901770437,-0.05840931840713681,0.030655789442976762,-0.02192709621420103,-0.178854902590665,0.9831532682367103
1785497125.304916859,1789401585.926907,0.100067,-9.417388035857032,4.745376940465428,-0.03432793359886105,0.03019428874877449,-0.02323533052257305,-0.17829785965848075,0.9832386778314142
1785497125.405297041,1789401585.965954,0.100380,-9.539325625068438,4.739764798761411,-0.05311850183463701,0.030410739920114893,-0.02375731270533536,-0.17845308182658626,0.9831913723060869
1785497125.505092144,1789401586.071317,0.099795,-9.54476224599204,4.7162890722191655,-0.054114218177648554,0.030493375080147007,-0.023830420602033133,-0.1779976769845051,0.9832695927965391
1785497125.605016708,1789401586.179625,0.099925,-9.552653681064548,4.7167568893638165,-0.05873068191112901,0.030340509049063102,-0.023590115055401747,-0.17794565652316963,0.983289531779351
1785497125.704843521,1789401586.268737,0.099827,-9.558883938070108,4.708987380043078,-0.0690729503383537,0.030026603823406828,-0.023763477391032174,-0.17739863154835447,0.9833938304310688
1785497125.805095196,1789401586.286558,0.100252,-9.542254362794319,4.6973393487127275,-0.06230302561268891,0.030342739861541818,-0.023720944623386725,-0.1773154791086718,0.9834001503926729
1785497125.905245781,1789401586.383975,0.100151,-9.52587846435549,4.683537191500608,-0.053646835902675494,0.03048628011345921,-0.023991842461054895,-0.17741107377503004,0.9833718976674893
1785497126.005023241,1789401586.469903,0.099777,-9.508808165959652,4.6404273886003,-0.06043073904355817,0.030507831396364034,-0.02411993901921739,-0.17742872682268532,0.9833649107342003
1785497126.104857922,1789401586.556821,0.099835,-9.496612713717155,4.644401541139186,-0.05031574037083375,0.030691313585098176,-0.023745936528030268,-0.17749872995491206,0.9833556704637553
1785497126.204904079,1789401586.844999,0.100046,-9.477842337170898,4.630191091370321,-0.0556883613561045,0.030176935548525186,-0.023635239173810767,-0.17738706924599013,0.9833944049537885
1785497126.305278301,1789401586.990824,0.100374,-9.472543059485249,4.628799457238748,-0.059516034724995504,0.030196998814407947,-0.023897713348780464,-0.17738814069322734,0.983387252358247
1785497126.405070305,1789401587.086689,0.099792,-9.467617551307239,4.648544438027323,-0.06514127144956317,0.030044683964905006,-0.023631233262917422,-0.17743371475651223,0.9833901355248732
1785497126.504966497,1789401587.180380,0.099896,-9.461921070213224,4.666780758420524,-0.05893701140842156,0.03013675368753253,-0.023395858998275232,-0.17728666981603297,0.9834194662322137
1785497126.604859114,1789401587.273875,0.099893,-9.508500923256904,4.676365355486134,-0.04238815669572865,0.02979530110601036,-0.023284142471343507,-0.17710166411611677,0.9834658556903131
1785497126.705024958,1789401587.292046,0.100166,-9.484107109859075,4.682992314968785,-0.048325278434550756,0.029881450990994457,-0.0233085137500728,-0.17734447147759785,0.9834189089649275
1785497126.805159569,1789401587.367603,0.100135,-9.467398146374412,4.652899521089407,-0.04009851838836026,0.02987728668030032,-0.023333889969602523,-0.17750409304511905,0.9833896350235448
1785497126.904972553,1789401587.463657,0.099813,-9.464370030421268,4.658901319282182,-0.052945788498442614,0.029830708274062607,-0.023432566887785514,-0.17742213074031116,0.983403493575494
1785497127.004845381,1789401587.564653,0.099873,-9.466421177389408,4.644492733594779,-0.05110826084667475,0.030015464170773113,-0.023438517404052246,-0.17767833744007205,0.9833514713555098
1785497127.104817152,1789401587.661618,0.099972,-9.45586878243779,4.631905402282666,-0.05153583292748093,0.03009655000097793,-0.02345223091091223,-0.17758463812779599,0.9833655916516303
1785497127.205188274,1789401587.756835,0.100371,-9.460758872899367,4.6160784059044,-0.051541640759526275,0.030041851517882457,-0.02365854251119167,-0.17769047313215175,0.9833432037095172
1785497127.305056810,1789401587.840039,0.099869,-9.45827866976875,4.6217479700828195,-0.05602084221883186,0.03011994643850054,-0.023570298346487377,-0.1775525439722292,0.9833678477514863
1785497127.404844046,1789401587.865838,0.099787,-9.466312954353322,4.63639722360281,-0.06492166082116735,0.0297395661632651,-0.02371965142871517,-0.17761199561545152,0.9833650976895708
1785497127.504966497,1789401587.951430,0.100122,-9.471207281180124,4.630819966299093,-0.06526958241543324,0.030248102387785483,-0.02395231417098154,-0.17772247495361077,0.9833239856955373
1785497127.605207443,1789401588.069736,0.100241,-9.448368765856621,4.622078950243883,-0.06632629022964975,0.02975358384331555,-0.02397299901332497,-0.17771776035321354,0.9833394211673938
1785497127.704970360,1789401588.161848,0.099763,-9.440345036085008,4.610374445949126,-0.07642827641803163,0.030332588608861014,-0.024110723180223042,-0.1775877974300259,0.9833418435620268
1785497127.804863691,1789401588.277704,0.099893,-9.429944863935642,4.623349750202685,-0.06714692572788628,0.03037917213919682,-0.024141470139599358,-0.1776134232520859,0.983335022868764
1785497127.904888630,1789401588.361195,0.100025,-9.444028798191042,4.623819750956684,-0.061783339895515876,0.030211401384254155,-0.024238220829523337,-0.17722514997846645,0.9834078635502821
1785497128.005679369,1789401588.463133,0.100791,-9.440832044456506,4.629896070457803,-0.05915673704838986,0.03015426504114116,-0.024271718360723185,-0.1774478069378703,0.9833686388128249
1785497128.105112314,1789401588.578190,0.099433,-9.444015820040743,4.6481342439421365,-0.055591591744395374,0.030285552537634285,-0.023672789676041146,-0.17716112351063504,0.9834308926675503
1785497128.204861403,1789401588.666003,0.099749,-9.440791010238954,4.652081856619068,-0.0540135071977772,0.030038587188828195,-0.023517031677754263,-0.17726207074271333,0.983424013727941
1785497128.304871321,1789401589.012927,0.100010,-9.45376025799413,4.653311295048884,-0.05704382550621345,0.029958857990800128,-0.023439651576004594,-0.17712920842198734,0.9834522322338203
1785497128.405210733,1789401589.159377,0.100339,-9.44825678788889,4.655760370605558,-0.058155847980178255,0.029513003911279447,-0.023353571775906953,-0.17713689311362718,0.9834663768444212
1785497128.505073071,1789401589.273022,0.099862,-9.441933209150266,4.661733550629353,-0.06471817408132358,0.0297088355514352,-0.023792635640425358,-0.17705987185293226,0.9834638261567563
1785497128.604928017,1789401589.298905,0.099855,-9.446558250540306,4.6846743695402004,-0.06020404669017493,0.030276986653603146,-0.023964937948436574,-0.17720481689391682,0.9834162082749639
1785497128.704797506,1789401589.318449,0.099869,-9.459479505833917,4.680471662128697,-0.05319448524035253,0.03022405063715203,-0.023413098615274623,-0.17725777314676505,0.9834215858091447
1785497128.804978609,1789401589.358072,0.100181,-9.473551840487536,4.707801983735537,-0.04811861624510294,0.030106889738648994,-0.02348614055474751,-0.17732367018064388,0.9834115579887103
1785497128.905198574,1789401589.387251,0.100220,-9.474653712216112,4.686214927987267,-0.04635726994185296,0.030198310846219673,-0.02349272674104754,-0.17744925184526134,0.9833859450042345
1785497129.004948854,1789401589.448856,0.099750,-9.464747802900067,4.681122854266964,-0.057304290932847335,0.030598553784294776,-0.02402775236605188,-0.17740516220464594,0.9833686002947711
1785497129.104867220,1789401589.580406,0.099918,-9.48087777932158,4.661186393199129,-0.06396216304444091,0.03032140783588957,-0.024024181856224326,-0.17754892220645427,0.9833513264018735
1785497129.204923630,1789401589.662293,0.100056,-9.470348102344037,4.653050716946546,-0.05937318049452367,0.030214376450675706,-0.023811406694479575,-0.17765463308498114,0.9833407037799139
1785497129.305043459,1789401589.775014,0.100120,-9.44846127475159,4.646515184301095,-0.06479406138811561,0.030081881196225985,-0.023788776627047876,-0.17771044438589947,0.98333522894609
1785497129.404986620,1789401589.886603,0.099943,-9.435195521438443,4.6448564193799875,-0.06106945830857924,0.030126284614676414,-0.023540124326367227,-0.17776407959785265,0.983330158963281
1785497129.504880428,1789401589.944126,0.099894,-9.43117997080692,4.646956943503248,-0.059749540319051775,0.030069869745251637,-0.02356486404086981,-0.17774755102082473,0.983334281016556
1785497129.604836702,1789401590.052498,0.099956,-9.417700748959495,4.640888075921074,-0.06736932593323702,0.030100363687552836,-0.02368688091833505,-0.17779945499174254,0.9833210328183191
1785497129.705193520,1789401590.166778,0.100357,-9.419953882123373,4.63097146969392,-0.06392448878529572,0.0300678269982203,-0.023547964806345346,-0.17794582386680938,0.9832988878776663
1785497129.805100203,1789401590.278766,0.099907,-9.432249961288806,4.644715736187496,-0.062440932951669914,0.0298167653100626,-0.02336940276891949,-0.17797142178524938,0.9833061601293943
1785497129.905093431,1789401590.365206,0.099993,-9.428858356208286,4.628613164348982,-0.05026068706370257,0.029701423785334642,-0.023515851379691033,-0.17773340207395757,0.9833492095620141
1785497130.004852295,1789401590.467138,0.099759,-9.441178389347476,4.627966236370346,-0.04646166793415085,0.029556286451430946,-0.023582698629472494,-0.17782232389202338,0.9833359056712011
1785497130.104897738,1789401590.767113,0.100045,-9.452648988919176,4.6292558801559265,-0.053042423089647794,0.02937611848428552,-0.023334642636485194,-0.17767754207970202,0.9833733925403663
1785497130.205053568,1789401590.928735,0.100156,-9.43631918566222,4.632084175508852,-0.07153598132215244,0.02927089335787238,-0.023701292092348055,-0.17763729392433028,0.9833750329159445
1785497130.304940462,1789401591.097668,0.099887,-9.439065831923353,4.632071600127209,-0.07201214714163301,0.029153830075655137,-0.02379435298752758,-0.17752767929318206,0.9833960575691911
1785497130.404874802,1789401591.283878,0.099934,-9.426833572261897,4.632824842020473,-0.05881871957576129,0.029313349102491348,-0.02388767472393418,-0.1774674717893681,0.9833999201837443
1785497130.504823685,1789401591.315187,0.099949,-9.476533238330074,4.686452249420936,-0.06023580615875107,0.029377489438719765,-0.023654026746538995,-0.17739131131984834,0.9834173950064147
1785497130.605005503,1789401591.453346,0.100182,-9.482411595485374,4.692203809546936,-0.05778308979618613,0.029887532828667056,-0.023689386890940873,-0.17756390064068406,0.9833700267546484
1785497130.705043077,1789401591.577118,0.100038,-9.478266638183193,4.678087228002558,-0.05206037227308957,0.030161737312650237,-0.023612957113763273,-0.1777535945950122,0.9833292213024102
1785497130.804834843,1789401591.690310,0.099792,-9.479151412219446,4.662134809340935,-0.05413982065933548,0.030098229009322654,-0.02360110525383607,-0.1776804126551405,0.9833446778215789
1785497130.904587269,1789401591.712345,0.099752,-9.47574948374196,4.654870019186427,-0.05631056672972723,0.02985994946365913,-0.02353782589961647,-0.1776007213189003,0.983367854852384
1785497131.005048752,1789401591.843815,0.100461,-9.475098769960503,4.644494295104095,-0.05954844664393727,0.02999710673348928,-0.02366747858785296,-0.1776474792748639,0.9833521226662532
1785497131.105377913,1789401591.946629,0.100329,-9.443624865574815,4.647871204436756,-0.05936150397864959,0.029817183168909998,-0.023481504847710978,-0.17771380460274175,0.9833500689843893
1785497131.205054998,1789401592.049685,0.099677,-9.426697011220524,4.633357672075145,-0.06130069873333788,0.02993320418897416,-0.023732339855660204,-0.1779405596889434,0.9832995151781415
1785497131.304721355,1789401592.243465,0.099666,-9.43854249810161,4.638005338693211,-0.0692206293018795,0.029590007143765317,-0.023759681930948476,-0.17786526730169996,0.9833228644140707
1785497131.404811859,1789401592.314502,0.100091,-9.46247518494061,4.6281052066377235,-0.06258147543216747,0.029553966572600315,-0.023676773639255872,-0.17782592442762635,0.983333063641891
1785497131.505053282,1789401592.354964,0.100241,-9.47011632301729,4.6420945665310365,-0.056553842181205294,0.02962098124484196,-0.023402863086458663,-0.17742306699066174,0.9834103714976278
1785497131.605141640,1789401592.379939,0.100088,-9.468514571345292,4.639003647288163,-0.06132925160546199,0.029543827691469238,-0.023442742924421292,-0.17765894724825415,0.9833691567830386
1785497131.704936981,1789401592.401786,0.099795,-9.470805895620753,4.6509626406387605,-0.05538263408991989,0.029979584949863435,-0.02347884080996715,-0.17754365967325578,0.9833759288442581
1785497131.804787159,1789401592.419859,0.099850,-9.462396061060153,4.666329940118815,-0.0521173318822713,0.03016442217653108,-0.023732297720119352,-0.17740724156522733,0.9833888123829367
1785497131.904964924,1789401592.460197,0.100178,-9.462726701277797,4.679991798749545,-0.06833677744438293,0.030349851521214232,-0.023752090368481867,-0.1773960034410236,0.9833846565199937
1785497132.005144596,1789401592.480572,0.100180,-9.467081730848724,4.688184666183501,-0.06114859954816293,0.030091928892021565,-0.023371490287934015,-0.17732358921054095,0.9834147619223518
1785497132.104933023,1789401592.547514,0.099788,-9.456383788107072,4.6826240881124965,-0.061535788864114094,0.02998128858244981,-0.023592810210145185,-0.17752790255687573,0.9833759939387916
1785497132.204778194,1789401592.716107,0.099845,-9.441726694473271,4.680551387384123,-0.055537402349892795,0.030072895097478344,-0.023721888719031,-0.17768089668826342,0.9833424591301541
1785497132.304886580,1789401592.826130,0.100108,-9.43515690028363,4.670075778430261,-0.05712598157924137,0.029832511759353787,-0.02359921677236774,-0.17766858002600763,0.9833549582330009
1785497132.405159712,1789401593.035810,0.100273,-9.434083886185554,4.642924368666241,-0.046209643262975164,0.02971794996010698,-0.023620830326625545,-0.17799203443795,0.9832994129467967
1785497132.505018234,1789401593.096889,0.099859,-9.44314554905939,4.628535044783132,-0.046904178356988735,0.029413415157622986,-0.023312320420665496,-0.1781141395753579,0.9832938218094962
1785497132.604847670,1789401593.160775,0.099829,-9.450974462154457,4.633841091680084,-0.05427991696733658,0.029625582515284427,-0.023723627219443117,-0.17838189744214117,0.9832290745483484
1785497132.704838037,1789401593.196647,0.099990,-9.445881652979228,4.646172447274284,-0.06034947401475116,0.029612135262042084,-0.023415187534734705,-0.17802516150261044,0.983301526648862
1785497132.805129290,1789401593.463542,0.100291,-9.480591851967185,4.679277363223066,-0.058645722254238475,0.02975419816502044,-0.023395248239382514,-0.1777747748861632,0.9833430121100296
1785497132.905182123,1789401593.565941,0.100053,-9.501936692530117,4.683264921641132,-0.056858380211489035,0.02981623602533467,-0.02328830336594442,-0.1778555694626778,0.983329061609999
1785497133.005048752,1789401593.666643,0.099867,-9.478218818709605,4.679052732409476,-0.05734610332772616,0.029596001218012175,-0.02310711983779828,-0.177639331046033,0.9833790753266517
1785497133.104782581,1789401593.767038,0.099734,-9.47491377648782,4.668755061958195,-0.05122460744382573,0.029808741547659938,-0.02322404377835937,-0.17772079721281578,0.9833551753847866
1785497133.204844236,1789401593.784714,0.100062,-9.476550655635512,4.646940551129652,-0.04765754642269704,0.029421489549999347,-0.023127215189294125,-0.17774246521034257,0.983365203742371
1785497133.305165291,1789401593.801283,0.100321,-9.497900943563074,4.648443771350133,-0.053578709608964714,0.029117390565406912,-0.022917026934091287,-0.17746572153695786,0.9834291561279889
1785497133.404956818,1789401593.843183,0.099792,-9.482087957671046,4.633367763846081,-0.04653435014915458,0.029129428810284855,-0.022999326113085142,-0.17758353148418873,0.9834056114956902
1785497133.504821777,1789401593.960314,0.099865,-9.487551301084366,4.632627575834529,-0.05718206436505291,0.029229548687961873,-0.023088381892324743,-0.17798963763201295,0.9833271322407383
1785497133.604957342,1789401594.084819,0.100136,-9.442708293110568,4.625567990846258,-0.06002502064428594,0.02925458816621558,-0.023468584336029455,-0.17780119420996832,0.9833514783423445
1785497133.705013514,1789401594.172893,0.100056,-9.43126721088122,4.620419397725999,-0.060495191849073426,0.02925911582770921,-0.023477480472409457,-0.1777391690133495,0.983362344128638
1785497133.804975033,1789401594.276277,0.099962,-9.431156154442336,4.638532251730469,-0.06685580136787933,0.02948087749478025,-0.023869936951417817,-0.17776954856800525,0.9833407809981636
1785497133.904870033,1789401594.368803,0.099895,-9.433705269769794,4.636740911331715,-0.06756090369697809,0.029145288821233684,-0.023577036359422862,-0.1777158496957041,0.9833675570523185
1785497134.004775763,1789401594.476827,0.099906,-9.4577783859529,4.6365609981300295,-0.058723784084670105,0.029115206475834446,-0.02335034998655958,-0.17783042039035735,0.983353144852469
1785497134.104973793,1789401594.563782,0.100198,-9.451953839618593,4.626894572228521,-0.055864182617315294,0.029079997939167292,-0.02309660840203067,-0.17768155349901277,0.9833870885599608
1785497134.205173016,1789401594.679151,0.100199,-9.469974022883846,4.63966677497935,-0.06019631359389449,0.029407152996435496,-0.023501970765166354,-0.17752143813914203,0.9833966726219312
1785497134.305099726,1789401594.761203,0.099927,-9.465871884799975,4.638160763585145,-0.054834677344813065,0.029463966488371126,-0.02338401615397939,-0.17762907574638595,0.9833783472889999
1785497134.404787779,1789401595.003596,0.099688,-9.465960868224169,4.636601671069861,-0.05071120005214774,0.029676982862418586,-0.02313327432815301,-0.1777575003063676,0.9833546661260887
1785497134.504906416,1789401595.056569,0.100119,-9.469840770173349,4.622509754856107,-0.05366589950190981,0.029603279293669685,-0.023173636741354343,-0.17784644348262532,0.9833398552666822
1785497134.605066299,1789401595.083554,0.100160,-9.446799039641087,4.6428370689390315,-0.05579155026971133,0.028961302234001438,-0.02303938209404519,-0.17782663454759917,0.9833657091292853
1785497134.704917908,1789401595.163722,0.099852,-9.465322315678803,4.662101397237868,-0.05968091123964786,0.02933097429947905,-0.023377555288663,-0.17766326507968747,0.9833763003534435
1785497134.804766655,1789401595.285331,0.099849,-9.457091824507335,4.668202070656902,-0.05520900746205859,0.029485462270559704,-0.023201903133822574,-0.17769966358557288,0.9833692636886037
1785497134.904854059,1789401595.370379,0.100087,-9.46094033706285,4.6996914774620135,-0.05427574650715167,0.029414432807362754,-0.023028092566545658,-0.1774909602038921,0.9834131670572144
1785497135.005176306,1789401595.477788,0.100322,-9.464272517223609,4.6951240783619355,-0.05625835946290114,0.029593649318469785,-0.023036733370877787,-0.17762608946297093,0.9833831893915715
1785497135.104974747,1789401595.569814,0.099798,-9.467642005693548,4.675387160288218,-0.05542912005038092,0.02983979817299661,-0.023173393878362442,-0.17742179475329206,0.9834094198287437
1785497135.204874039,1789401595.680748,0.099899,-9.480012441545988,4.6673845408787615,-0.058105356463797,0.030132665279600342,-0.023778840621421393,-0.17751514190814377,0.9833691898851686
1785497135.304581881,1789401595.766499,0.099708,-9.475604523880792,4.6636486373149,-0.05798832504428014,0.029632229030546988,-0.023518583716175046,-0.17749306829169087,0.983394639974868
1785497135.404983759,1789401595.880713,0.100402,-9.472172909053032,4.654404462168271,-0.058885410525314597,0.029362622786843193,-0.02347334176515461,-0.17764667293205108,0.9833760716052934
1785497135.505116701,1789401595.976304,0.100133,-9.473230934029807,4.646941722690684,-0.05697682795036918,0.029534908667138902,-0.023509181478439292,-0.17766658463509838,0.9833664587835856
1785497135.604908705,1789401596.076389,0.099792,-9.473844927929798,4.613209567713183,-0.05340289130418868,0.02958455463387195,-0.023206673519877367,-0.1778561566681213,0.9833378829104135
1785497135.704770803,1789401596.172376,0.099862,-9.463822331961655,4.624000851922918,-0.056078368304324167,0.029364648944699825,-0.023136633341718803,-0.17793335585598602,0.9833321587663165
1785497135.804956198,1789401596.282146,0.100185,-9.467600315021402,4.6083290969518735,-0.04425372023690399,0.029637060958829325,-0.023018342517808016,-0.17808526742505362,0.9832992616959673
1785497135.904996872,1789401596.387934,0.100041,-9.47705691062785,4.621570457535401,-0.04806925349416147,0.029342171164148025,-0.023046170776778733,-0.17777556372210207,0.983363493296056
1785497136.004837275,1789401596.461501,0.099840,-9.474221692476895,4.629814849271191,-0.06362541111135522,0.02969201746393658,-0.02353398046419684,-0.17758516999658552,0.9833758402868907
1785497136.104739666,1789401596.579716,0.099902,-9.471402037348017,4.620933158095439,-0.060631024922608134,0.029555333484525114,-0.02326894675581416,-0.1777333448300869,0.9833594950552088
1785497136.204949617,1789401596.877165,0.100210,-9.47009079262933,4.629460206940467,-0.05276504254493397,0.029472635511370367,-0.02335497816428209,-0.17754486749060047,0.9833939845143134
1785497136.305152655,1789401596.918738,0.100203,-9.487393682281889,4.6191864618589324,-0.050932180590931686,0.029658255974743423,-0.023417157630734348,-0.17741744885699043,0.9834099213564728
1785497136.405054331,1789401596.980024,0.099902,-9.484669263029678,4.642456300070161,-0.05565325258934395,0.02944143796642716,-0.023598044520021823,-0.17728372120146058,0.9834362288541956
1785497136.504748821,1789401597.021374,0.099694,-9.48887250480869,4.653914317147759,-0.0629220979880381,0.029334662677120375,-0.0236217955575104,-0.17729433651950327,0.9834369357407046
1785497136.604840994,1789401597.078264,0.100092,-9.418000750182703,4.655186254598175,-0.05288053185892999,0.029638943836022565,-0.023648925948343294,-0.17746986299172698,0.9833954998067514
1785497136.705225945,1789401597.177053,0.100385,-9.425003325464122,4.672004816798567,-0.06128450790028245,0.02964404568830191,-0.023613603537555598,-0.17738635310408954,0.9834112618921601
1785497136.804970026,1789401597.278702,0.099744,-9.420434381801698,4.670325671587425,-0.0649243427859113,0.029705521014575784,-0.02381837972820769,-0.17738546448992024,0.9834046287244987
1785497136.904870510,1789401597.377520,0.099900,-9.413685723831707,4.673147525539773,-0.059481698191410415,0.029724868706448807,-0.023560153439729784,-0.17718361026001667,0.9834466531572551
1785497137.004766464,1789401597.476565,0.099896,-9.439494395866461,4.671683874076798,-0.04981464755748083,0.02962788774696552,-0.023297469004070384,-0.17747045554314472,0.9834041151101942
1785497137.104881763,1789401597.581421,0.100115,-9.450949911197121,4.663854252733197,-0.05280177106255901,0.029825821978239735,-0.02317313706900824,-0.17737939101972566,0.9834174991853016
1785497137.205028057,1789401597.682375,0.100146,-9.450226669741543,4.641191993883517,-0.0639968072387121,0.02956986267558366,-0.02325910678271279,-0.17761706137721425,0.9833803011457152
1785497137.304853439,1789401597.773861,0.099825,-9.45356250816591,4.642232089479051,-0.06386994603739876,0.029388302951349914,-0.023166502270299132,-0.17776301007066359,0.9833615576549215
1785497137.404711962,1789401597.881350,0.099859,-9.474796360292908,4.6494310338914495,-0.05764095111914708,0.029559724869330787,-0.023271185355533228,-0.17763905395590457,0.9833763476452676
1785497137.504900694,1789401597.961086,0.100189,-9.476985762475877,4.649295240824507,-0.057817799718225704,0.02932116424844441,-0.023517121647740138,-0.17751263130585032,0.9834004677872042
1785497137.605019569,1789401598.075184,0.100119,-9.480948902048784,4.658824459460097,-0.057021167365970515,0.029778958472520507,-0.023476790678635354,-0.17785730516670745,0.9833253952437393
1785497137.704871655,1789401598.178920,0.099852,-9.478747727628022,4.642220260665691,-0.06196207197315523,0.029605711561691537,-0.02344069420522149,-0.17759637135977865,0.9833786476117122
1785497137.804729462,1789401598.267483,0.099858,-9.457229012631105,4.644985878908958,-0.06224348800554236,0.02959857630088073,-0.023446296512318644,-0.17763415603568475,0.9833719042513898
1785497137.904908895,1789401598.381307,0.100179,-9.449310391849485,4.639034948720972,-0.06262047205877508,0.029828589303879032,-0.023526995190647076,-0.17749793668606323,0.983387623590173
1785497138.005163193,1789401598.472560,0.100254,-9.449686409490125,4.63055610884846,-0.05230374785999625,0.029772807199687824,-0.02329259293144049,-0.17741205250356445,0.983410391796401
1785497138.104959965,1789401598.577202,0.099797,-9.434641395263847,4.625628571241112,-0.05320189348593751,0.029499595483844985,-0.023442611027087692,-0.17744698285139082,0.983408758417454
1785497138.204742670,1789401598.663845,0.099783,-9.442496041310058,4.613596089897336,-0.06343285337299492,0.02969265134667769,-0.023585418111128714,-0.1775801012534318,0.9833755041427695
1785497138.304762840,1789401598.782883,0.100020,-9.443581963536962,4.628834243052329,-0.06596925117218805,0.02978770713815264,-0.023758287776493844,-0.17776886742242998,0.9833343612634636
1785497138.404976130,1789401599.072598,0.100213,-9.442105116176304,4.615944224870825,-0.07297750446092266,0.029595632897251898,-0.02362890384963372,-0.17780938341911512,0.9833359530623735
1785497138.504880667,1789401599.141026,0.099905,-9.453073927834625,4.617772930367716,-0.06695421165244042,0.029261628957636315,-0.023473809476281256,-0.17770042584639348,0.983369358885116
1785497138.604791403,1789401599.169783,0.099911,-9.449961353020791,4.6246210138537895,-0.06063866431087034,0.029601354001294385,-0.02306206683418433,-0.17749287811235778,0.983406416053968
1785497138.704711914,1789401599.215253,0.099921,-9.438149893912625,4.625176915161902,-0.06654264150499217,0.02954897024242571,-0.023697517674068514,-0.17787220808861265,0.9833243430351296
1785497138.804947853,1789401599.272261,0.100236,-9.432790898956526,4.652939877521285,-0.05636817966209734,0.029519081158016332,-0.023601027813363193,-0.17760603876833542,0.9833756710071955
1785497138.904989004,1789401599.398599,0.100041,-9.430946363143,4.641606822405376,-0.06442304280431738,0.029388219984252756,-0.023555430423530428,-0.17753663300124867,0.9833932164543299
1785497139.004819870,1789401599.476247,0.099831,-9.43179393456734,4.646870294584032,-0.0682721719460272,0.029732873438029533,-0.02380820044438628,-0.1774938823014205,0.9833844861377372
1785497139.104725361,1789401599.553319,0.099905,-9.428823830645445,4.634431574787412,-0.05599929190030262,0.02944931136866476,-0.023559121851348862,-0.17769176206805046,0.9833632815662516
1785497139.204901695,1789401599.681034,0.100176,-9.445662688622711,4.639033544966572,-0.05071173986736838,0.029239768902243415,-0.023414633438440517,-0.1779152804820382,0.9833325703080176
1785497139.305178404,1789401599.781368,0.100277,-9.4574964970768,4.63001662089078,-0.058653398193482975,0.029503090169818533,-0.02329924861944957,-0.17792334659363584,0.9833259863459364
1785497139.404854536,1789401599.869683,0.099676,-9.463705795080728,4.627062556153562,-0.0637865734727921,0.029619930333052862,-0.02342395978702016,-0.17793083343404797,0.9833181562192947
1785497139.504743576,1789401599.982895,0.099889,-9.460474992564395,4.611814818567086,-0.06946936789428365,0.029474803330368095,-0.02338925922412814,-0.1779696105907813,0.9833163256195002
1785497139.604774237,1789401600.063965,0.100031,-9.458842407884564,4.6072938486561625,-0.05592226315787591,0.029381621025490048,-0.02299094579735213,-0.17773001866527874,0.9833718407726484
1785497139.705096483,1789401600.183375,0.100322,-9.454831666342786,4.612681542114693,-0.06821373060312547,0.02946684045847571,-0.02323712350714893,-0.1776936022259976,0.9833700855397969
1785497139.804946184,1789401600.259070,0.099850,-9.476228726141883,4.614458152441697,-0.06945912690670836,0.02982180728074296,-0.02351105226773248,-0.17782111287165184,0.9833298236354626
1785497139.904578924,1789401600.393482,0.099633,-9.472580293215689,4.632413253472477,-0.06858399618429079,0.029660398982749574,-0.023429212107150783,-0.1776543318543203,0.9833668039585779
1785497140.004725933,1789401600.467703,0.100147,-9.462244871197763,4.631139019251721,-0.05542174665133015,0.029652601675025335,-0.02325142053933842,-0.17778652465472347,0.9833473680801151
1785497140.105084419,1789401600.588936,0.100358,-9.474467425534279,4.654435757862595,-0.05104534463634802,0.029528002723223278,-0.023047793720854866,-0.1775349381003921,0.9834013636433296
1785497140.204939604,1789401600.672729,0.099855,-9.462706660258172,4.640842920391769,-0.05920893445573244,0.02958080426990254,-0.023354298867598933,-0.17760965415341692,0.9833790538224534
1785497140.304772854,1789401600.948617,0.099833,-9.471112270564783,4.653256028232057,-0.05621642159897067,0.029747632465588036,-0.023616562063716054,-0.1777225578503128,0.9833473591728487
1785497140.404712915,1789401600.992531,0.099940,-9.460048056648178,4.668320420923808,-0.05469761921505417,0.029727986886122004,-0.02348180617182057,-0.1775788658432265,0.983377139241366
1785497140.504959583,1789401601.043304,0.100247,-9.446777996382503,4.672997591982459,-0.04921528390142205,0.029651023697733193,-0.023401636032655472,-0.17751461307068273,0.9833929745413662
1785497140.605013371,1789401601.081617,0.100054,-9.437972265205694,4.672625948273339,-0.04567919987092367,0.02970835803507238,-0.023386757645598166,-0.17724206526789502,0.9834407574070018
1785497140.704865217,1789401601.172389,0.099852,-9.422206789260107,4.700366292454488,-0.07018491067980664,0.02979362227562336,-0.0236990104584148,-0.17711584318365586,0.9834534432642615
1785497140.804749012,1789401601.297111,0.099884,-9.430368355258665,4.697011537844347,-0.0554017835414069,0.029925933086248538,-0.023475364328423766,-0.17717169993386075,0.9834447287677692
1785497140.904778242,1789401601.368182,0.100029,-9.442551697195633,4.69230317222188,-0.04921120975932636,0.02980086099672278,-0.023376031414157596,-0.1772169761475163,0.9834427350915299
1785497141.004977703,1789401601.490607,0.100199,-9.451053226248098,4.682180882621821,-0.05223090236286382,0.029697657836350526,-0.02326809191094603,-0.17722445336652642,0.9834470693162876
1785497141.104855776,1789401601.570906,0.099878,-9.453217430392147,4.660659569850312,-0.05346750303002984,0.029685213956365995,-0.023298985574532076,-0.17735745771588798,0.9834227359259698
1785497141.204714775,1789401601.690060,0.099859,-9.471736964382924,4.648547154384482,-0.0556899581502574,0.029578312941039367,-0.02331538969112975,-0.17748346053807804,0.9834028356896991
1785497141.304755688,1789401601.772690,0.100041,-9.4861262376237,4.615128266935556,-0.061690989030712406,0.02948749067567803,-0.023094900859402964,-0.17764825432873466,0.983381010179625
1785497141.404969692,1789401601.895855,0.100214,-9.468429622767164,4.607482885455828,-0.05564016117381365,0.029543546152919833,-0.02326536125872461,-0.17758931460323005,0.9833859553527122
1785497141.504895449,1789401601.968585,0.099926,-9.483239285251974,4.626564839956461,-0.05030367286854487,0.029461689958800098,-0.023379958405108873,-0.17751362762663497,0.9833993585398454
1785497141.604685068,1789401602.071439,0.099790,-9.477076832435563,4.6430651557468305,-0.06048861504170516,0.029581354060691574,-0.023305953095425862,-0.1773735618107988,0.9834227959595002
1785497141.704765320,1789401602.192724,0.100080,-9.478103268031912,4.644052159096487,-0.04898052238223527,0.029783871338583127,-0.023374552973961946,-0.1772945547860214,0.9834293020469651
1785497141.804979086,1789401602.290282,0.100214,-9.47169560760375,4.654978656871997,-0.059616151477853485,0.029952088597057752,-0.02363241662780204,-0.17734729565279125,0.9834085204011839
1785497141.904870510,1789401602.361280,0.099891,-9.472274407826571,4.668652752181952,-0.058437741665143705,0.029931910823290716,-0.023462356843931297,-0.17739204808333106,0.9834051351312927
1785497142.004755020,1789401602.493701,0.099885,-9.455195218206814,4.668953261030888,-0.06018135609622027,0.030228036179631764,-0.02364156629393296,-0.17743221860395852,0.983384538201191
1785497142.104740381,1789401602.589799,0.099985,-9.465372927815709,4.6912695995812115,-0.053017958719292546,0.029833477934116122,-0.023187126204497113,-0.17725998273940533,0.983438467466042
1785497142.204968691,1789401602.687793,0.100228,-9.454113449484717,4.6799736534987195,-0.05835024013588208,0.029643596691216294,-0.023431779725565663,-0.1772038119799034,0.9834485334240386
1785497142.304885864,1789401602.959593,0.099917,-9.436755779448717,4.659179895699187,-0.05065478916117466,0.029340440542673894,-0.023227002695019636,-0.17731304983675267,0.9834427930755082
1785497142.404658318,1789401603.019587,0.099772,-9.448708046636888,4.6575023969644604,-0.04951426521291663,0.029513506984878896,-0.023001901215177537,-0.17755260618694213,0.9833996834869155
1785497142.504600048,1789401603.068596,0.099942,-9.435620936449862,4.650714029550782,-0.0658679309529211,0.028912066709397787,-0.023617468688949022,-0.17776969987552535,0.9833637380834641
1785497142.605021715,1789401603.106720,0.100422,-9.462051158500527,4.648188580581548,-0.06578034168093139,0.028924640243189217,-0.02322327507238628,-0.17758742597558883,0.983405689843759
1785497142.704926252,1789401603.170574,0.099905,-9.492547874135463,4.680846461389968,-0.05318655959984314,0.029394299590505248,-0.023319130314764007,-0.17739693241169685,0.9834238769136465
1785497142.804739714,1789401603.289994,0.099813,-9.502454514758904,4.669956668612997,-0.056447216645815146,0.029383197650561174,-0.023378422199787127,-0.17735923146211505,0.9834296009814046
1785497142.904689550,1789401603.363947,0.099950,-9.497391129551556,4.6567029871284396,-0.057463810533826376,0.02921761313854308,-0.023304452360940062,-0.17760894220382675,0.9833912228771828
1785497143.004878044,1789401603.491835,0.100188,-9.487816593677987,4.653064364900247,-0.05690553004398963,0.029092702247108925,-0.023029140899554917,-0.17752448796467016,0.9834166611961949
1785497143.105063677,1789401603.587053,0.100186,-9.491974314609788,4.6479606919745295,-0.06064266620144371,0.028988931086205268,-0.022799130288390795,-0.17770524317695144,0.9833924384903481
1785497143.204778433,1789401603.689237,0.099715,-9.507802016008345,4.6508492298831525,-0.056217181504264246,0.02954023327274015,-0.0230171090335133,-0.17757175748101575,0.9833950672313926
1785497143.304653883,1789401603.764448,0.099875,-9.500669064753762,4.639826263310628,-0.05791938338278879,0.02951618741356296,-0.023014746585803644,-0.17766887284780944,0.9833783034728536
1785497143.404750824,1789401603.897550,0.100097,-9.487579253968633,4.631006835902223,-0.05906218732683266,0.029653724659563504,-0.023208576881280956,-0.17762468747986557,0.9833775922658807
1785497143.505143881,1789401603.990340,0.100393,-9.490437633404246,4.616283763559102,-0.06623334510104045,0.02953014714639347,-0.02301762757991422,-0.17746966380128165,0.9834137876094503
1785497143.604904890,1789401604.075638,0.099761,-9.499133644127376,4.611433110221901,-0.057075081525484905,0.0294759230870961,-0.02291776523116531,-0.17764386500180157,0.9833862939975291
1785497143.704713583,1789401604.195610,0.099809,-9.481127323151561,4.610112016381674,-0.06404234733332081,0.02999161181267603,-0.023278938919262825,-0.17756414996549813,0.98337661497043
1785497143.804657221,1789401604.290971,0.099944,-9.48763284399541,4.613614232133612,-0.059877585953081236,0.029812913884397024,-0.023204394774674595,-0.17732045960121925,0.9834277811998577
1785497143.904917479,1789401604.374099,0.100260,-9.485576929589666,4.620447130075164,-0.0534763303466545,0.029718123912101446,-0.023019328166582784,-0.17724799822206705,0.9834480620592907
1785497144.005018950,1789401604.490144,0.100101,-9.45518018248923,4.635721045421694,-0.04917062621407864,0.029721212751558743,-0.023371342481824115,-0.1771700932096684,0.9834537040121673
1785497144.104788303,1789401604.564737,0.099769,-9.470593117469864,4.640709409671015,-0.05991154494339057,0.029760742674796795,-0.02349761200897736,-0.17723809367798518,0.9834372468921004
1785497144.204697132,1789401604.692863,0.099909,-9.472839506297376,4.677251562446335,-0.05721999664635691,0.029941258686366108,-0.023673050338411272,-0.17678178606129308,0.9835096887336345
1785497144.304742813,1789401604.780420,0.100046,-9.458866876612857,4.6752455082217725,-0.06868544323052961,0.02989353963129493,-0.023629380720542117,-0.17688203655469265,0.9834941656153028
1785497144.404873371,1789401604.890440,0.100131,-9.458838135911428,4.651532067532565,-0.07150420757126341,0.030135659868267987,-0.023998589376283627,-0.1771236459528666,0.9834343515235862
1785497144.504827976,1789401605.163925,0.099955,-9.457808670469575,4.654208465017257,-0.06614688046353723,0.03027652605037928,-0.02394652287761272,-0.1770762641289789,0.9834398266770149
1785497144.604713678,1789401605.203635,0.099886,-9.45653936558231,4.653722662639593,-0.05603278059833705,0.029947366084071905,-0.023998917829632347,-0.1771272954240801,0.9834394381065792
1785497144.704749346,1789401605.263718,0.100036,-9.462163761312045,4.666568460276113,-0.06745446824865065,0.030186392674517535,-0.024028670936878688,-0.1773862175413778,0.9833847337114151
1785497144.804871082,1789401605.301726,0.100122,-9.461008916284335,4.666909526806538,-0.06369011356479343,0.030206465194743487,-0.0240074446230625,-0.17709533829395435,0.9834370611369392
1785497144.905036211,1789401605.371338,0.100165,-9.467536307046558,4.696342307806929,-0.0612483555951282,0.030440889865557815,-0.024021196230073923,-0.17722849724781695,0.9834055084852589
1785497145.004750252,1789401605.493032,0.099714,-9.48204474897071,4.6906876386726974,-0.06730176126232634,0.030013090459451396,-0.02395601387575366,-0.1772965114142712,0.9834079879890073
1785497145.104716301,1789401605.563255,0.099966,-9.485244447943632,4.681973885589788,-0.049415429578039516,0.03023580680518184,-0.02361909638674664,-0.17727192208610493,0.9834137480799279
1785497145.204800844,1789401605.700037,0.100085,-9.49071033379189,4.674210052517979,-0.05476392295882243,0.029908757023056117,-0.023679304693409342,-0.17708193778442227,0.983456528827323
1785497145.304889202,1789401605.788898,0.100088,-9.493239408202909,4.671390027590225,-0.06416334454092104,0.029997000465022745,-0.023606154132243724,-0.1770457691140124,0.9834621116692879
1785497145.404765129,1789401605.862642,0.099876,-9.489185816258457,4.664387910607696,-0.062054649269882245,0.030057219292648447,-0.02358556052176951,-0.17694573336377695,0.9834787706644326
1785497145.504677296,1789401605.990924,0.099912,-9.489959237969119,4.673230803593557,-0.05838725503324754,0.02996995038137579,-0.023580025118614668,-0.17702357200085503,0.9834675589187486
1785497145.604746819,1789401606.090511,0.100070,-9.485741874581647,4.660799727330755,-0.052148630115032846,0.03002167888895584,-0.02363596911554451,-0.17711664957769396,0.9834478797592838
1785497145.704877377,1789401606.171216,0.100131,-9.485038854062296,4.667784386761291,-0.05063890325295639,0.030048052587366873,-0.023655771924002634,-0.17714885675851555,0.9834407971705964
1785497145.804805994,1789401606.287350,0.099929,-9.478387621280923,4.655873258260356,-0.053017539202406816,0.030300333478244228,-0.023716437318232097,-0.1774176816690866,0.9833831331801481
1785497145.904660463,1789401606.375908,0.099854,-9.47081162937701,4.639185511400409,-0.058199276213356355,0.03013871927928484,-0.023753815434849473,-0.17732540748226902,0.983403840603513
1785497146.004781485,1789401606.486453,0.100121,-9.47583442344615,4.639183148743748,-0.05598122815685658,0.029930435127883886,-0.023568802067517946,-0.17727393296459057,0.9834239336692109
1785497146.105090618,1789401606.582570,0.100309,-9.468566445964889,4.6444140678088,-0.061253054585217626,0.030299569007814796,-0.02389255803773054,-0.1774486002241106,0.9833733147014204
1785497146.204766750,1789401606.677027,0.099676,-9.473518879293422,4.646266914779129,-0.06524573273578876,0.02983753497121299,-0.023665371370731464,-0.17743791814794196,0.9833948631694454
1785497146.304641962,1789401606.786565,0.099875,-9.471770431526041,4.649593342806884,-0.06889710330187976,0.029525795357617294,-0.023702007863162865,-0.17753694107159648,0.9833855178853794
1785497146.404789209,1789401607.092068,0.100147,-9.465580005916559,4.640360417166397,-0.05766029722565097,0.02965553155279465,-0.023486375276512025,-0.17744987212479732,0.9834025027970927
1785497146.505033731,1789401607.139966,0.100245,-9.470398129564236,4.646692040363598,-0.05959397561434998,0.029790903532486156,-0.02357691909488281,-0.17751909135194033,0.9833837517257918
1785497146.604787111,1789401607.199457,0.099753,-9.47526751820581,4.651142218088259,-0.05576623338323594,0.029702533878559367,-0.023964889393026434,-0.17725142477628728,0.9834253281120796
1785497146.704626322,1789401607.270192,0.099839,-9.459975212790637,4.690852898340566,-0.03784976183437072,0.03007448181509212,-0.023792746989432383,-0.17699286796066024,0.9834647708104816
1785497146.804760218,1789401607.295265,0.100134,-9.478955008883467,4.706379987957759,-0.06398641279633371,0.030085351596762504,-0.02390505458757899,-0.1767606782247235,0.9835034736176593
1785497146.904873848,1789401607.360194,0.100114,-9.47133542446241,4.708686539638504,-0.05581759438823519,0.03021490635697505,-0.023790124868665285,-0.17697541603214287,0.9834636706624321
1785497147.004794836,1789401607.490532,0.099921,-9.493503342781759,4.7203702672071515,-0.053395969493817586,0.030182224675219287,-0.023790372730112676,-0.1769205320337482,0.9834745430482248
1785497147.104681015,1789401607.586560,0.099886,-9.502679645840335,4.693305773448189,-0.05433631276220113,0.0305359545234398,-0.02380397393748625,-0.1772135919926354,0.9834105292903853
1785497147.204657793,1789401607.692953,0.099977,-9.493204025560928,4.68744899428356,-0.06275782831354726,0.03038957398451262,-0.023763184080557994,-0.17725592763137854,0.9834084202379676
1785497147.304890633,1789401607.886636,0.100233,-9.481058599685907,4.679179390782612,-0.06354062469833432,0.03031432807108758,-0.023911475994475087,-0.1775790592957834,0.9833488498640709
1785497147.404925346,1789401608.080603,0.100035,-9.488644313895117,4.6767702784099905,-0.05895251633865356,0.030109294184854325,-0.023612899305442542,-0.1774985715837168,0.983376895435226
1785497147.504775763,1789401608.270051,0.099850,-9.474099874082224,4.667625672675394,-0.056287861286654806,0.030470200341845555,-0.023738255274907492,-0.1774175052874119,0.9833773898891638
1785497147.604739189,1789401608.368792,0.099963,-9.483013391358028,4.650185954867819,-0.06000808773003807,0.030599744194336906,-0.02391516537489062,-0.17755742245655654,0.9833438270772431
1785497147.704677820,1789401608.435235,0.099939,-9.474682849821702,4.631090100683593,-0.052695295585905744,0.03019512719107893,-0.023721628170220752,-0.17771574120739694,0.983332422926233
1785497147.804785967,1789401608.602595,0.100108,-9.469971756308134,4.634666445014514,-0.045358063005835836,0.03033376087259461,-0.023502079022358225,-0.17772170897513376,0.9833323494078242
1785497147.904852152,1789401608.685202,0.100066,-9.456198954813713,4.630924656460379,-0.051399352280257105,0.029808041616269026,-0.023331850548823415,-0.1773315214672317,0.9834229186362747
1785497148.004705667,1789401608.765888,0.099854,-9.466121375422393,4.615845696936574,-0.05470859434475611,0.029588945099576453,-0.023249524370861765,-0.17719320216734058,0.9834564164466614
1785497148.104674339,1789401608.842149,0.099969,-9.461005979961593,4.635845083277919,-0.06275801877534476,0.02964261450116693,-0.023467159613496182,-0.17702239085559984,0.9834803917521586
1785497148.204765797,1789401608.911365,0.100091,-9.462818909174029,4.662659281436773,-0.06453987636086,0.029869033109223373,-0.023662698982411905,-0.1771194024740534,0.9834513891419487
1785497148.304878950,1789401608.979904,0.100113,-9.462515748513681,4.664132687498073,-0.05159182390671363,0.029948099781862168,-0.0232574941455258,-0.17727750531643602,0.983430163455603
1785497148.404681683,1789401609.142855,0.099803,-9.50153434478065,4.692994375782933,-0.058496097021236426,0.029887023892009562,-0.02320727703155702,-0.17748454848729506,0.9833958628873352
1785497148.504638195,1789401609.202372,0.099957,-9.467150554527326,4.673747417951728,-0.053587277464418326,0.030035065591095877,-0.02338737313956898,-0.17743737408685775,0.9833955988765335
1785497148.604835033,1789401609.280217,0.100197,-9.438051808556816,4.675310701857291,-0.05774029513240864,0.03018447462853209,-0.02360176302148648,-0.1774294527063381,0.9833873314142363
1785497148.705008268,1789401609.445080,0.100173,-9.453672909702613,4.67026193086242,-0.05683456350001054,0.030226887938699997,-0.023720849156475796,-0.17737028188450824,0.9833938375163094
1785497148.804704905,1789401609.512197,0.099697,-9.43786177734723,4.666529438481164,-0.05379335103170091,0.029953697482903614,-0.023447514960061512,-0.1776104460185376,0.983365404879795
1785497148.904645205,1789401609.605505,0.099940,-9.436563186050472,4.668974162080375,-0.057879819647484454,0.03024080204911719,-0.023820014246989582,-0.1774808094535719,0.9833710709027446
1785497149.004657269,1789401609.695095,0.100012,-9.443628118444597,4.643570940020523,-0.051388962073112554,0.03008174751469521,-0.023599990762241355,-0.17751429038473138,0.983375211001221
1785497149.104809046,1789401609.769786,0.100152,-9.450852282326167,4.629031502105692,-0.054049934010922396,0.029709585503793077,-0.023496199939708178,-0.1775293754520503,0.9833862872590798
1785497149.204806089,1789401609.863173,0.099997,-9.43055140864205,4.636406222959668,-0.06248963289458559,0.02966480617973671,-0.023741234534695076,-0.17736693525524688,0.9834110652902248
1785497149.304648876,1789401609.975867,0.099843,-9.430370289594729,4.642507578205869,-0.05600361894644851,0.029913492847891653,-0.023664020588701217,-0.1774610737685663,0.9833884097202542
1785497149.404649973,1789401610.056286,0.100001,-9.439718487403015,4.647300597276741,-0.07254288002476905,0.029846910302938137,-0.02359997684552266,-0.1774566904281724,0.9833927628676883
1785497149.504818201,1789401610.104787,0.100168,-9.451189019270789,4.645292560792499,-0.0626496350239214,0.02973087690087254,-0.023822390639864976,-0.17739737376938314,0.9834016170632622
1785497149.604882717,1789401610.254467,0.100065,-9.443775685104148,4.664151692464961,-0.06458150294975329,0.029813241025958226,-0.023903453731024524,-0.17742445594361117,0.9833922706592608
1785497149.704680443,1789401610.345176,0.099798,-9.430757334673066,4.648721111195742,-0.07396378707738138,0.029447572216017886,-0.02401962348085024,-0.17743505648718003,0.9833985453049127
1785497149.804611683,1789401610.413916,0.099931,-9.44435278675294,4.634358604895863,-0.06533051450405364,0.029412258719385808,-0.02387624392300776,-0.1777100309450536,0.9833534404854989
1785497149.904792786,1789401610.558939,0.100181,-9.452523438014728,4.639375679676334,-0.064858971451491,0.029686072510933404,-0.024154580257487374,-0.17754902311143828,0.9833674988241378
1785497150.004902840,1789401610.609239,0.100110,-9.477997625363392,4.637542116351209,-0.06176353220449521,0.02947127767311176,-0.023841239056436397,-0.17718439149267876,0.9834473704901263
1785497150.104666233,1789401610.693224,0.099763,-9.475805850262741,4.636342177199711,-0.06497030185410896,0.029685813085734845,-0.024071935807970152,-0.1772882732459678,0.9834165763181772
1785497150.204605818,1789401610.761768,0.099940,-9.480727792792884,4.655255977375476,-0.05321970895256578,0.029917087661947905,-0.02358305080643242,-0.1772269713940117,0.9834324624451855
1785497150.304794312,1789401610.852083,0.100188,-9.478979319836338,4.663370811073067,-0.03870863596513241,0.03016961090981363,-0.023623498303315355,-0.17719750481329988,0.9834290870181799
1785497150.404901028,1789401610.916345,0.100107,-9.494121863240355,4.664393010853693,-0.04357621332226652,0.030307032698278606,-0.023469382815966534,-0.17748690062344596,0.9833763633250255
1785497150.504719257,1789401611.055243,0.099818,-9.476522206233325,4.659471152415515,-0.05543715100772462,0.03020896192391904,-0.02368468138045101,-0.17745968592379827,0.9833791305286171
1785497150.604589939,1789401611.145731,0.099871,-9.47690350077262,4.661593550400997,-0.050343552062537156,0.029985483910901844,-0.023316750261662834,-0.17746660279395926,0.9833935147257388
1785497150.704722404,1789401611.217654,0.100132,-9.477179357103442,4.653497916889888,-0.061598387661915666,0.02964814880312161,-0.023286140499017744,-0.1776995070968487,0.9833624093439567
1785497150.804867744,1789401611.364642,0.100145,-9.458444467252557,4.640070492936642,-0.062283955553935955,0.029886947523209372,-0.023498504829458464,-0.17768647877535365,0.9833524830389899
1785497150.904790401,1789401611.413418,0.099923,-9.437772317644228,4.633355864435655,-0.05937188618230432,0.03008196244905495,-0.02347984132421211,-0.1776159353252008,0.9833597267049144
1785497151.004589319,1789401611.494214,0.099799,-9.44535670776257,4.617171934590375,-0.07381723982937594,0.029910970520986815,-0.023756264196915983,-0.17760102903114838,0.9833609958916322
1785497151.104665041,1789401611.562051,0.100076,-9.447176019602212,4.629189741136683,-0.06386775635079528,0.029410933923841406,-0.02335585861889676,-0.17765818343281503,0.9833753457827078
1785497151.204893589,1789401611.652164,0.100229,-9.440997201612978,4.642023633102815,-0.06299327188269804,0.0294943917997503,-0.023490586866997246,-0.17789225874870895,0.9833273195931738
1785497151.304660559,1789401611.746538,0.099767,-9.455975081207592,4.6339188378289045,-0.06951320613797213,0.029549930080433166,-0.023780850704198473,-0.17776661034301064,0.9833413979992852
1785497151.404676437,1789401611.850528,0.100016,-9.461368480435457,4.615573274813065,-0.0680589300339966,0.02937547266872827,-0.02343652679661775,-0.1777294043530248,0.9833616169271229
1785497151.504623890,1789401611.960053,0.099947,-9.46873332946642,4.596345962858561,-0.07002450789770204,0.029540094757316927,-0.02343759172820957,-0.1779322636047101,0.9833199742017961
1785497151.604801655,1789401612.063337,0.100178,-9.485858337418419,4.59201345810489,-0.06696903326022491,0.02920041656356605,-0.023196188349265706,-0.17768692947754525,0.9833802050130092
1785497151.704992294,1789401612.207497,0.100191,-9.50191677676565,4.603660417942956,-0.0536206785597646,0.0292636061038899,-0.02288633851094658,-0.17787145361900564,0.983352227258792
1785497151.804728985,1789401612.301538,0.099737,-9.494166443386693,4.60333700445664,-0.054130008623044956,0.02925683461549083,-0.023116783414734287,-0.17769844039118932,0.9833783179607853
1785497151.904626608,1789401612.388512,0.099898,-9.497145469573873,4.617042601097289,-0.06186108061586748,0.029541083702279546,-0.02336717278936176,-0.17754886303504458,0.9833909196471647
1785497152.004695654,1789401612.497938,0.100069,-9.497891737371152,4.617677428641253,-0.05135510992876552,0.02937243989178181,-0.023199605756071082,-0.17762917322729876,0.9833854355674377
1785497152.105019093,1789401612.740801,0.100323,-9.496082617912872,4.620374014754372,-0.05624913957040889,0.029186902808066337,-0.023256465249297247,-0.17753958228692493,0.9834057953103447
1785497152.204769135,1789401612.859885,0.099750,-9.487938131511685,4.641625752014234,-0.04950677174355572,0.029525619439125766,-0.023171136442206076,-0.1776270196988406,0.9833819085714495
1785497152.304612637,1789401613.073971,0.099844,-9.472369090709222,4.661851630610917,-0.04403136160338772,0.02944525380793521,-0.022665272564852207,-0.17715207663582352,0.9834817762375578
1785497152.404641390,1789401613.177279,0.100029,-9.476845142778203,4.699133339129021,-0.047950606242419036,0.029626822724353342,-0.023195123335812754,-0.17709874680322046,0.9834735743828831
1785497152.504827976,1789401613.270687,0.100187,-9.488943597126852,4.68998753966056,-0.04594947182680176,0.029656179432526245,-0.022851630325052004,-0.17721862869013014,0.9834591357337437
1785497152.604788780,1789401613.383748,0.099961,-9.473556602807221,4.696150512211611,-0.0512592963304318,0.029826030604732608,-0.023457881705566442,-0.17705814720471713,0.9834686310161118
1785497152.704608917,1789401613.463994,0.099820,-9.484404688900744,4.698501169742515,-0.06300994473170463,0.029933358362292623,-0.023288057405720524,-0.1770979087480845,0.9834622469401135
1785497152.804603815,1789401613.558429,0.099995,-9.509078180052096,4.689024018279425,-0.05543348699289319,0.029795884845372125,-0.023192690279083526,-0.17698453961485505,0.9834890833665806
1785497152.904983759,1789401613.685866,0.100380,-9.487460424888287,4.6840543432162685,-0.07123439319532826,0.02990415255149394,-0.023449318467240902,-0.17706841663383835,0.9834646139818166
1785497153.004834652,1789401613.764657,0.099851,-9.465493088193556,4.674990006182992,-0.0639542918331607,0.030128753458717655,-0.02369492019959251,-0.17714870198706675,0.9834374135429643
1785497153.104673386,1789401613.856560,0.099839,-9.4792073080749,4.667006749810698,-0.05224938756822467,0.029726438130280523,-0.02331097900339983,-0.176988483405236,0.9834876785582641
1785497153.204589844,1789401613.906556,0.099916,-9.488267551088326,4.655457653608303,-0.04782608921325354,0.029485056455631164,-0.023331095890154915,-0.17708833674666827,0.9834764930585228
1785497153.304753065,1789401613.917107,0.100163,-9.510599564520534,4.667054632660515,-0.05366570599829612,0.029557361187528847,-0.023358022767649336,-0.1770166201883633,0.9834865943921778
1785497153.404935598,1789401613.947118,0.100183,-9.509528640876427,4.6564603270563065,-0.0624942477532347,0.029376346044490766,-0.0233369127109067,-0.1772544652985399,0.9834496801209229
1785497153.504787445,1789401613.960388,0.099852,-9.50207253680465,4.6621132806292565,-0.053230241655793986,0.02937972706242026,-0.022977787834884092,-0.1773386146501654,0.9834428649687444
1785497153.604598522,1789401614.058568,0.099811,-9.487323537723857,4.643251138932098,-0.05578619385525102,0.029670138027170112,-0.02333146529313272,-0.1774590418409603,0.9834040950217929
1785497153.704653740,1789401614.168767,0.100055,-9.453510473621746,4.639819333507564,-0.05822222742526323,0.029515537784731562,-0.023336869046181364,-0.17738975442673585,0.9834211196617861
1785497153.804925919,1789401614.272588,0.100272,-9.433712439581747,4.626676468707907,-0.06728133115522816,0.029375838987567418,-0.02353039465718637,-0.17751040918616184,0.9833989196870384
1785497153.904572725,1789401614.372324,0.099647,-9.429438048021195,4.626230615222413,-0.07993673810223778,0.02980072199376814,-0.023631567636770445,-0.17754507695042177,0.9833774512517394
1785497154.004580975,1789401614.494569,0.100008,-9.438743575642192,4.633797258093721,-0.0730329775325172,0.0297577069768879,-0.02353114999844719,-0.17750789170659653,0.9833878747661712
1785497154.104624271,1789401614.596331,0.100043,-9.453722512364548,4.645266563601898,-0.061540366728251805,0.0299483016784014,-0.02353632430256291,-0.17749325287814946,0.9833846072863133
1785497154.204832554,1789401614.830829,0.100208,-9.469543674113279,4.661383679813621,-0.059280982248457625,0.029526552431767803,-0.02370866943097913,-0.17712614577115765,0.9834594095231285
1785497154.304757118,1789401614.871570,0.099925,-9.477804116113631,4.6644591947149,-0.05633774344232867,0.029802290460749444,-0.023684672155137608,-0.1771041894482932,0.9834556247579649
1785497154.404561281,1789401614.902230,0.099804,-9.484995558725632,4.684556979792821,-0.05277430997266108,0.029211701991385675,-0.023340530669786076,-0.17678770503910926,0.9835385114177695
1785497154.504654169,1789401614.972006,0.100093,-9.485119994255106,4.664151009156172,-0.054103266551953355,0.02932136188839978,-0.02327822221537865,-0.17702888647074067,0.9834933428663808
1785497154.605011940,1789401615.089946,0.100358,-9.502087161889335,4.673316954099366,-0.06409721319871597,0.02953300611852493,-0.02339326642319486,-0.17726201474227543,0.9834422884771753
1785497154.704913616,1789401615.191721,0.099902,-9.504844094129588,4.675414218722158,-0.05749312101323856,0.029803606762057906,-0.02348123270573397,-0.17744626116494153,0.9833988006568001
1785497154.804617643,1789401615.288150,0.099704,-9.46325313026138,4.661655269748908,-0.06216242044272807,0.02986887935780461,-0.023668016092346117,-0.17748220770244938,0.9833858556076978
1785497154.904589653,1789401615.392803,0.099972,-9.449597619943638,4.660245040871461,-0.058363888229693295,0.02984284893845485,-0.023535694124082743,-0.17730964223194298,0.9834209506823476
1785497155.004757404,1789401615.486809,0.100168,-9.438751186227536,4.650498518642128,-0.05333736036036629,0.02982290046157071,-0.023430252692943538,-0.17729560681297488,0.9834266041101801
1785497155.104776859,1789401615.591516,0.100019,-9.425124321127226,4.644259045742798,-0.0600118445136254,0.02969843990238166,-0.02354424357715214,-0.1773121271851495,0.9834246696188171
1785497155.204527140,1789401615.688997,0.099750,-9.41438068964871,4.649382432046411,-0.0656933811618925,0.02984972370432634,-0.02373880915859493,-0.17738743606898172,0.9834018306162734
1785497155.304631472,1789401615.787705,0.100104,-9.404750651089326,4.645023246397879,-0.05972269692778731,0.029347042022218845,-0.023672511733634553,-0.17740135755973152,0.9834160470771204
1785497155.404851675,1789401615.886195,0.100220,-9.430249437269074,4.632107098922667,-0.05522596679845887,0.029680930034754284,-0.023600294030135166,-0.17762720803072177,0.9833669932844155
1785497155.604584932,1789401616.098000,0.199733,-9.425932345008732,4.598885671256085,-0.0677397310724921,0.02949705369256053,-0.0235091241038072,-0.1775311994057913,0.9833920470213946
1785497155.704611540,1789401616.179227,0.100027,-9.42843632272793,4.615411327673173,-0.07792328973340923,0.029207237946514468,-0.023488918814422263,-0.1774825721956542,0.9834099575006027
1785497155.804834366,1789401616.484839,0.100223,-9.453397855069408,4.617048195982972,-0.07717486634067233,0.029504519211240574,-0.023583602949160502,-0.17781085481443074,0.9833395125429818
1785497155.904763222,1789401616.528054,0.099929,-9.442311104061325,4.626351068195914,-0.05686298589125788,0.029720212979912706,-0.023498877893396972,-0.1775225941796119,0.9833871263312218
1785497156.004712582,1789401616.579664,0.099949,-9.456297526083372,4.638674884528698,-0.05131174318832127,0.028870625467633602,-0.0230460967859123,-0.17763534936419803,0.9834027898396841
1785497156.104463339,1789401616.620532,0.099751,-9.460686748683528,4.661263491003782,-0.06043761900433786,0.029688029102531904,-0.0234737677102633,-0.1775038471153911,0.9833920822422396
1785497156.205120564,1789401616.678828,0.100657,-9.489347109136114,4.6606420002179885,-0.048403580563451065,0.029557041815502005,-0.023374460828065078,-0.17738883929956523,0.9834191454065082
1785497156.304843664,1789401616.786868,0.099723,-9.507268409901082,4.641842578108759,-0.0500589950578339,0.029882277117202583,-0.02323688083354462,-0.17771373888177563,0.9833539158899396
1785497156.404601097,1789401616.880770,0.099757,-9.504037604324623,4.6387778127143156,-0.05183052052646875,0.0297531709164061,-0.023395370150289318,-0.17779183608948185,0.9833399557100693
1785497156.504559994,1789401616.991872,0.099959,-9.509914979303357,4.639432304588583,-0.049085113689210425,0.029697561893039275,-0.022905514127391193,-0.17761075966505321,0.983385890833996
1785497156.604955196,1789401617.088025,0.100395,-9.516532739868273,4.648266550066608,-0.051292657028287,0.029892574894419963,-0.023123948822170916,-0.1776081953023227,0.983375333185912
1785497156.704623699,1789401617.189378,0.099669,-9.531276426872427,4.668551114298562,-0.05552043995504913,0.02986423819167206,-0.02284413647534634,-0.17728105487202728,0.9834417625306484
1785497156.804605484,1789401617.287585,0.099982,-9.51593146399141,4.662226678280896,-0.05779868227231555,0.029809562675882823,-0.0231554276801124,-0.17732969713659766,0.983427371317001
1785497156.904532433,1789401617.390514,0.099927,-9.506869706633344,4.645139923888417,-0.05092962235413184,0.029690145976406762,-0.022892675156879153,-0.17733362575564993,0.9834364269399505
1785497157.004705191,1789401617.489823,0.100173,-9.491291686781905,4.639384832907391,-0.05658327622648851,0.02948472761383858,-0.023287649932937683,-0.17753024992270428,0.9833978577160523
1785497157.104868174,1789401617.589547,0.100163,-9.474596186928585,4.637520696094736,-0.06957771637840582,0.029220160188828295,-0.023364466246161907,-0.17750536996083086,0.9834084235914597
1785497157.204738617,1789401617.675092,0.099870,-9.464092836369584,4.643898347635521,-0.06569936457792924,0.029383696115986905,-0.02341577628888563,-0.1773009709052357,0.9834392027672139
1785497157.304545164,1789401617.785537,0.099807,-9.456889901806328,4.651902307230549,-0.0568752698544297,0.029506456687107403,-0.02342529503263577,-0.17745701505273268,0.9834071549337946
1785497157.404679537,1789401617.887428,0.100134,-9.439037931110906,4.643469711971877,-0.062169035161657504,0.029462657661147643,-0.02357442981977438,-0.1775091404136671,0.9833954968026932
1785497157.504778385,1789401617.980614,0.100099,-9.44589490426056,4.652457396183523,-0.06335941147576041,0.02942419689748942,-0.0235198240606658,-0.17738299856895795,0.9834207168510222
1785497157.605028152,1789401618.092290,0.100250,-9.447954203951438,4.655015444708225,-0.0570587697488924,0.029461257090330126,-0.023366096100197114,-0.17750083255945084,0.9834020105350587
1785497157.704531908,1789401618.184994,0.099504,-9.445078680263197,4.649391964716409,-0.0585953394809029,0.02938809723579283,-0.023357413871424766,-0.17741434367148443,0.9834200128214369
1785497157.804710865,1789401618.290922,0.100179,-9.443009143399111,4.6572079727144,-0.06124026696789714,0.029428187255328715,-0.02359999145940789,-0.1773020432107055,0.9834332756579321
1785497157.904941082,1789401618.371319,0.100230,-9.45997877273007,4.645011574468285,-0.06689132536992942,0.029537702410460297,-0.02351754688171843,-0.17763525900902355,0.9833718339884332
1785497158.004737616,1789401618.489628,0.099797,-9.445176823897802,4.644077134539011,-0.06729712192757392,0.029595894594852165,-0.02356328790015647,-0.17760523672119566,0.9833744121013486
1785497158.104361057,1789401618.718733,0.099623,-9.445648635555587,4.635248542913835,-0.06506513981704526,0.029902015260358735,-0.023980536306485913,-0.17765869247249164,0.9833454084658083
1785497158.204624176,1789401618.765839,0.100263,-9.441278077376113,4.631355702512885,-0.06508387065385768,0.029893209591936466,-0.02388718441060064,-0.1775728117120996,0.983363460263745
1785497158.304794312,1789401618.816572,0.100170,-9.449893944014812,4.638704293111551,-0.060833439176069704,0.029364622738887344,-0.023234361005262265,-0.17796459484910118,0.9833242020718678
1785497158.404734135,1789401618.878287,0.099940,-9.457759537368359,4.646265033833358,-0.05938540916734486,0.029557037736201115,-0.023017610302982904,-0.17751885264840175,0.9834041021322801
1785497158.504541397,1789401618.986860,0.099807,-9.43671452887584,4.644747516712539,-0.05920759010425769,0.029854651765591097,-0.023108802752806742,-0.1777276395196151,0.9833552609073045
1785497158.604575634,1789401619.084993,0.100034,-9.424642739417342,4.637290235012265,-0.06293390778363833,0.030111093716141547,-0.02340983313819636,-0.17748830732302634,0.9833835480173881
1785497158.704791069,1789401619.189080,0.100215,-9.443016466927082,4.650481652916238,-0.05116051971348812,0.030113361641586744,-0.023274667221433523,-0.17752786427482065,0.9833795466260195
1785497158.804764986,1789401619.268884,0.099974,-9.415645995390227,4.662319430099483,-0.05749694687681545,0.029774722540329465,-0.023273273199615627,-0.1775846089824516,0.9833796455615564
1785497158.904570341,1789401619.390514,0.099805,-9.41430600850678,4.670805301825735,-0.055540160116018145,0.03011457107011129,-0.023434886344807192,-0.1775334906928332,0.9833746887090836
1785497159.004539490,1789401619.497622,0.099969,-9.411346123453203,4.6640265932847855,-0.06425771347535308,0.03010223821705807,-0.023668367469201403,-0.17734895777445633,0.9834027714075148
1785497159.105870008,1789401619.567846,0.101331,-9.417773233775156,4.636886175975293,-0.060562189821456724,0.02995151515316177,-0.023559356944430135,-0.17761194955881723,0.983362526647376
1785497159.204728127,1789401619.690751,0.098858,-9.429386528567294,4.637879999941786,-0.06499821128493577,0.029951300619072484,-0.02346288622352744,-0.17755701951638153,0.983374759378004
1785497159.304553986,1789401619.773538,0.099826,-9.43748097699756,4.647686244752029,-0.06228137150913082,0.0300820076895202,-0.02348802464149464,-0.17732918647123275,0.983411279748844
1785497159.404622078,1789401619.889108,0.100068,-9.466221544501552,4.646961748625525,-0.05662496610944989,0.02985764721661004,-0.023465919853260478,-0.17742858289491636,0.9834007166359148
1785497159.504715919,1789401619.960358,0.100094,-9.473333433554904,4.637391624587153,-0.06185039113894275,0.029879814588659542,-0.02330073701940681,-0.17750996938005165,0.9833892836029855
1785497159.604746580,1789401620.095749,0.100031,-9.47942377112182,4.6363859924834605,-0.06306726840583915,0.03002670823584297,-0.023330827550820058,-0.1776164965296876,0.9833648607911679
1785497159.704550743,1789401620.184312,0.099804,-9.478989003091321,4.646011393439471,-0.06390872470618547,0.030000621744101837,-0.023656088517061778,-0.17758512873131937,0.9833635514012714
1785497159.804536819,1789401620.276130,0.099986,-9.467407027345098,4.643129051738859,-0.05976353447458177,0.029826141352443023,-0.023381194906263465,-0.17740054574229092,0.983408748886808
1785497159.904679775,1789401620.359209,0.100143,-9.44469406749304,4.6529177554626715,-0.052963587552798674,0.02965210787243851,-0.023219640913366164,-0.17723803279434136,0.9834471416938317
1785497160.004761457,1789401620.490862,0.100082,-9.440860806554552,4.649853119534859,-0.05366568232810509,0.02967244723099117,-0.023122025537249867,-0.1773928852223576,0.9834209078939019
1785497160.104570866,1789401620.568856,0.099809,-9.44825126369825,4.660482850898531,-0.05820790691090055,0.029287013784102377,-0.023184393122863637,-0.17734113591457898,0.9834403267365343
1785497160.204542160,1789401620.879160,0.099971,-9.441291413156218,4.658018252004851,-0.05356805326243136,0.029346045438034932,-0.023014585390868172,-0.17747400576311056,0.9834185862362124
1785497160.304723978,1789401620.920292,0.100182,-9.438496507089557,4.647183540990622,-0.053025611617409374,0.02937109593928251,-0.02303205149100386,-0.17721044678756226,0.9834649566084162
1785497160.404960155,1789401620.984737,0.100236,-9.456797368381807,4.657515080918905,-0.05663863452966683,0.02968557821876698,-0.023452192343245994,-0.17770540325657128,0.983356268487435
1785497160.504428148,1789401621.018734,0.099468,-9.479955362038591,4.665739968392984,-0.055145483838388076,0.029832828796705606,-0.02346589849315783,-0.1776172750110699,0.9833674072042135
1785497160.604481697,1789401621.075668,0.100054,-9.404213148248376,4.667812704034004,-0.052953061271280744,0.02967579122021996,-0.02351821317383008,-0.17752277815200354,0.9833879724207322
1785497160.704649687,1789401621.173289,0.100168,-9.437649359389855,4.6703665579799525,-0.058458046753325166,0.029379576897226062,-0.02329181043107057,-0.17736749618659767,0.9834302737483123
1785497160.804833412,1789401621.282537,0.100184,-9.466335894647296,4.670239826171345,-0.05159986064525646,0.02979760432601825,-0.023333055659441673,-0.17745351765675801,0.9834012001015996
1785497160.904468775,1789401621.390434,0.099635,-9.466379835609967,4.671230169899772,-0.055509234519635686,0.029929530226544303,-0.02329340157233097,-0.17749674109040484,0.9833903332684811
1785497161.004498720,1789401621.469992,0.100030,-9.459533466171223,4.656480414738493,-0.05230108521080168,0.03000395662313607,-0.02343467069561547,-0.1774286621455078,0.9833969944257509
1785497161.104582310,1789401621.589455,0.100084,-9.456780760966241,4.641793553212625,-0.056075678723966405,0.029710458640759118,-0.02349437980260818,-0.17751996654889446,0.983388002896886
1785497161.204795599,1789401621.692817,0.100213,-9.464538326830084,4.652488505875812,-0.05683271846748,0.0298240248296485,-0.023346311187013052,-0.17739137279925943,0.9834112965353377
1785497161.304661751,1789401621.774659,0.099866,-9.492949786597709,4.657623655099291,-0.05842538717210444,0.029846935016387487,-0.02341451726447834,-0.17740556822233833,0.9834064191447544
1785497161.404470205,1789401621.891363,0.099808,-9.499477300225426,4.653083930032659,-0.05631043110214262,0.02999765688290184,-0.023188068868116207,-0.17741794439323905,0.9834049659478952
1785497161.504608393,1789401621.975675,0.100138,-9.499142614240027,4.638286527303443,-0.049544971393011505,0.029629333286729995,-0.02311456495443904,-0.17747869103255012,0.9834069014021224
1785497161.604877710,1789401622.088486,0.100269,-9.49226029727557,4.653665847852065,-0.05167080995558093,0.029983288804917338,-0.02325761908536679,-0.17729223248548995,0.983426433368166
1785497161.704536676,1789401622.168766,0.099659,-9.482738638564575,4.658731616258692,-0.04406658673841163,0.029557202025976788,-0.022916147559056566,-0.17678864294505878,0.9835380001378146
1785497161.804527521,1789401622.288584,0.099991,-9.471271526963552,4.665513724195459,-0.05730063278783354,0.029838211888363785,-0.02330003345805693,-0.1770580866167134,0.9834720247753806
1785497161.904518366,1789401622.375747,0.099991,-9.478800807221232,4.673232675037775,-0.04930095028215442,0.029752239495954867,-0.023305545300169643,-0.17708661710982618,0.983469361924323
1785497162.004769564,1789401622.484342,0.100251,-9.49339425778454,4.692569084260744,-0.05040093781561694,0.029726039652171077,-0.023193048910283398,-0.17732846726714724,0.9834292347421482
1785497162.104933500,1789401622.567582,0.100164,-9.489705825221833,4.6776472909004845,-0.057789750804082884,0.029448035077140437,-0.02329528931601417,-0.177261627755191,0.9834472319607996
1785497162.204580545,1789401622.673502,0.099647,-9.487917385489832,4.671764457353062,-0.04911622046940922,0.02938181207999108,-0.022948983777067788,-0.17728767488128774,0.98345265956104
1785497162.304536343,1789401622.773021,0.099956,-9.490123850501964,4.664827559783552,-0.05343252686671285,0.029165979048722018,-0.02305535357682743,-0.17714732968519822,0.9834818859150283
1785497162.404726982,1789401622.871439,0.100191,-9.48623732822658,4.656011872712735,-0.05586597471225091,0.029512727639830195,-0.023092896505085978,-0.1774113594764619,0.9834230659116026
1785497162.504712582,1789401622.969775,0.099986,-9.484510342304095,4.648029585939953,-0.06077868295889027,0.029644840114136983,-0.023268218554945083,-0.17734966729806287,0.9834260871916878
1785497162.604539633,1789401623.326043,0.099827,-9.493680190697892,4.629759771927437,-0.060467989990960425,0.029431553947504383,-0.023172681588027422,-0.1775933546105378,0.9833907722052464
1785497162.704514503,1789401623.438471,0.099975,-9.475678758859093,4.612861405263934,-0.056150216777100526,0.029542854048527637,-0.023149338175799155,-0.17740800673975535,0.9834214391914164
1785497162.804740429,1789401623.557149,0.100226,-9.467629632493653,4.632251197488551,-0.05304109245013494,0.029203253405653756,-0.022552198118285374,-0.17728872419559638,0.9834669677338718
1785497162.904743195,1789401623.719847,0.100003,-9.45870247469216,4.712872443808972,-0.05935340304301473,0.029422718086368593,-0.022990031910013378,-0.1766668483930788,0.9835621926304625
1785497163.004576206,1789401623.851700,0.099833,-9.455154854616008,4.681180233582407,-0.0469842137685223,0.029410637499003515,-0.022899474939164662,-0.17698196938737804,0.9835080126573333
1785497163.104432106,1789401623.967634,0.099856,-9.494561207643143,4.6647884296962046,-0.043721594788029394,0.029637577499444425,-0.023022447832292528,-0.17695391986855635,0.9835033762722555
1785497163.204646349,1789401624.168933,0.100214,-9.515224257229224,4.64427748899269,-0.050988129398085336,0.02991782078117606,-0.023066531522555264,-0.17730161372091613,0.98343123648539
1785497163.304957390,1789401624.262911,0.100311,-9.506367757616042,4.633109009950161,-0.05184114090799746,0.03002404408577334,-0.023107710185988332,-0.1773872324089024,0.9834115925109921
1785497163.404681444,1789401624.363732,0.099724,-9.499985231998759,4.622666772610632,-0.05831447955189634,0.029605526961463666,-0.02309550563367796,-0.17746544965253785,0.9834104557978224
1785497163.504496336,1789401624.441988,0.099815,-9.506611109883025,4.633888457211403,-0.05082706752166294,0.02936582985238,-0.023059350911459064,-0.1774709304069884,0.9834175019965329
1785497163.604530573,1789401624.543632,0.100034,-9.513131841895559,4.641805227596487,-0.047443976416716216,0.02951317099348858,-0.02300176324892744,-0.17713932880925218,0.9834742242755306
1785497163.704552650,1789401624.649666,0.100022,-9.50370637060664,4.626211632907267,-0.06001323610135445,0.02906442912958432,-0.023165120547075042,-0.1772640408478965,0.9834612834126647
1785497163.804880857,1789401624.812577,0.100328,-9.512705741375875,4.635611904499071,-0.049045707633906366,0.029170969880122143,-0.023068837571734422,-0.1770879616967916,0.9834921133753016
1785497163.904715061,1789401624.919535,0.099834,-9.487051543489759,4.645291852442201,-0.058131739002060756,0.029465163308454907,-0.02309254468612823,-0.1770957701049718,0.9834813809839268
1785497164.004486561,1789401625.031189,0.099771,-9.481720625829764,4.6424564430213175,-0.06929244870094114,0.02929131771643319,-0.023229983584834593,-0.1771824542139532,0.9834677241718729
1785497164.104374647,1789401625.093891,0.099888,-9.480691549687288,4.651776594119084,-0.06900064808424683,0.02955023793606965,-0.023018255767787908,-0.1770079779152933,0.983496374723196
1785497164.204791784,1789401625.166650,0.100417,-9.477149297876668,4.6324916591840815,-0.0635970673673385,0.029543778791175517,-0.023363331665046727,-0.1772585994548866,0.9834432921056194
1785497164.304873466,1789401625.275141,0.100082,-9.471770003276871,4.63870910820121,-0.06455063079056211,0.02964067629179676,-0.02343173154223488,-0.17733415391053112,0.9834251278682751
1785497164.404707909,1789401625.444464,0.099834,-9.457024624378981,4.655339453062357,-0.06075295108623613,0.029733327455825662,-0.023359600770981526,-0.17706491312332787,0.9834725592668323
1785497164.504415035,1789401625.515765,0.099707,-9.449516837371469,4.660772772315644,-0.06611536167424859,0.029917160377906312,-0.02356546727338669,-0.17698450846490069,0.983476545745015
1785497164.604604483,1789401625.585571,0.100189,-9.438411136467321,4.653507131210226,-0.05254501948858664,0.029743096307254926,-0.023285160059003527,-0.1770065483677751,0.9834845354035874
1785497164.704990625,1789401625.699147,0.100386,-9.47035325630656,4.6573267762647435,-0.037533413082681044,0.029636898881098956,-0.023176348738338595,-0.17718329906440206,0.9834584839313374
1785497164.804775476,1789401625.765435,0.099785,-9.468129885171134,4.65569173553314,-0.05734881321482915,0.029521202057758492,-0.023546132958058037,-0.1772737567993907,0.9834368781991121
1785497164.904598236,1789401625.852860,0.099823,-9.463272183912087,4.659909871120465,-0.06081954886490176,0.029833054519019655,-0.02351738862630441,-0.17730368655449824,0.9834227595619531
1785497165.004460335,1789401625.943786,0.099862,-9.506839865605587,4.666155722382779,-0.05346248092718797,0.0299406913321914,-0.023264866245611894,-0.17742185194876564,0.9834041831577659
1785497165.104662895,1789401626.039606,0.100203,-9.499766160332266,4.677480319063271,-0.05181221301269617,0.030181883942755335,-0.02325805440003258,-0.17744848982065484,0.9833921650326275
1785497165.204831362,1789401626.115018,0.100168,-9.506347912555269,4.690395693803203,-0.04852938620723202,0.030230310780278737,-0.023292754159407923,-0.17729832192880557,0.9834169415639661
1785497165.304634333,1789401626.264167,0.099803,-9.503380611450812,4.686788372412845,-0.05243609075921224,0.03050533200972784,-0.023508229270776188,-0.17709430641915716,0.9834400818094841
1785497165.405347347,1789401626.358880,0.100713,-9.497989760866343,4.651911258654141,-0.058350130863770056,0.030314229432698455,-0.023638204780422348,-0.1770989147216286,0.983442045660587
1785497165.504518986,1789401626.371061,0.099172,-9.481142673120635,4.661136632459171,-0.04842820296026318,0.03020226428647588,-0.023336142266803316,-0.17722252615563933,0.983430436746334
1785497165.604847431,1789401626.383062,0.100328,-9.460411054198255,4.659656762411894,-0.05216526668661742,0.030429082743596552,-0.023259329051085454,-0.17707218682495457,0.9834523451537972
1785497165.704879284,1789401626.394603,0.100032,-9.448876100498977,4.655098402872507,-0.04689567752395152,0.030299589905919598,-0.02333129189070656,-0.17722332573614208,0.9834274139382445
1785497165.804675102,1789401626.405842,0.099796,-9.438384244465363,4.638464890515779,-0.05830480621070344,0.029911211140554835,-0.023514328498257447,-0.17733166316717167,0.9834154142791053
1785497165.904490948,1789401626.417315,0.099816,-9.445502460029788,4.627575957391632,-0.0711156989887805,0.029691315554479406,-0.023756705522399845,-0.17733136488390527,0.9834163064296706
1785497166.004512310,1789401626.448775,0.100021,-9.457021830141146,4.638134868034688,-0.06679405238907848,0.02961499975067182,-0.023712201256195557,-0.17735444404605372,0.9834155197465957
1785497166.104755163,1789401626.563387,0.100243,-9.47159856398819,4.6181018576239525,-0.06767005848051028,0.029820046682145114,-0.023703042435186457,-0.177470684218572,0.9833885736768455
1785497166.204713345,1789401626.669940,0.099958,-9.463368232182544,4.629023057728873,-0.05675833226617294,0.02976039720621861,-0.023576906139360553,-0.17752593569023875,0.9833834401759709
1785497166.304620743,1789401626.769881,0.099907,-9.449307278834684,4.637180685215221,-0.059494508584308436,0.02967357007124677,-0.02393117057040759,-0.1776060413489212,0.983363042009776
1785497166.404548168,1789401626.892718,0.099927,-9.441461290025435,4.654245994026389,-0.07160086800156212,0.02958397686260932,-0.023773491772638173,-0.17762530182147931,0.9833660872507022
1785497166.504585266,1789401627.142015,0.100037,-9.443176956464878,4.660315710112257,-0.06504654527095904,0.029768585749334428,-0.023626651644625886,-0.1774238729499505,0.9834004179081816
1785497166.604732752,1789401627.180098,0.100147,-9.430555029541642,4.647403936427417,-0.06847274416705712,0.02988594110432627,-0.023699918609037182,-0.1776326881066913,0.9833573981509587
1785497166.704588413,1789401627.208683,0.099856,-9.42261042353816,4.669212786442239,-0.061796562279396394,0.0295740769040019,-0.023275926397576092,-0.17747995707671546,0.9834045302222543
1785497166.804495811,1789401627.277396,0.099907,-9.44852574587856,4.67407624912333,-0.06723537995887091,0.030076288440174733,-0.02367658602281032,-0.17766640964949126,0.9833460647352088
1785497166.904464960,1789401627.392019,0.099969,-9.43121558277251,4.664665870055826,-0.05096170583932802,0.030000572366668338,-0.023223370425840106,-0.1776358538402197,0.9833647055666516
1785497167.004782438,1789401627.488855,0.100317,-9.459093995664096,4.66860837885226,-0.06084625263627791,0.029881839613035636,-0.023406397052601422,-0.1774825068731828,0.983391669678141
1785497167.104794741,1789401627.583594,0.100012,-9.476005732189293,4.656407279198929,-0.0612379503696075,0.029939888779048643,-0.023371339481097136,-0.17761752740923395,0.9833663597600755
1785497167.204585552,1789401627.696360,0.099791,-9.471355863712516,4.645788892400875,-0.06939107895988245,0.029822193476885882,-0.023401064890700967,-0.1776625484598556,0.9833610963491246
1785497167.304408312,1789401627.791797,0.099823,-9.46571769135455,4.636661186757126,-0.0703106444283364,0.029321972128181942,-0.02329996656428934,-0.17758623916975408,0.9833923231173582
1785497167.404487371,1789401627.899487,0.100079,-9.459246210144329,4.636278456535943,-0.063304017257023,0.029622315437950273,-0.02340353238512218,-0.17765361944776134,0.9833686920972712
1785497167.504934072,1789401627.983009,0.100447,-9.440644161912783,4.6267060945667815,-0.05955048215650949,0.02982061095531364,-0.023624309787473128,-0.1778136818149298,0.9833284892184966
1785497167.604746103,1789401628.091138,0.099812,-9.429952449862002,4.630129107596263,-0.07773990984525958,0.02919471042870253,-0.023519756954847624,-0.1778848933003305,0.98333689783883
1785497167.704539776,1789401628.276268,0.099794,-9.42773507130887,4.634923441633822,-0.07813518144073439,0.029702684314226506,-0.023701383563062606,-0.17779165335668112,0.9833341868146446
1785497167.804459095,1789401628.367447,0.099919,-9.43316044424664,4.666544964817334,-0.06507394670252581,0.029539571767472437,-0.023608147705917498,-0.17769297236131354,0.9833591798702476
1785497167.904536486,1789401628.469105,0.100077,-9.40831706645961,4.667877754944302,-0.06710595538790481,0.029431695185153563,-0.023638751857212873,-0.177538770316922,0.9833895310422575
1785497168.004752636,1789401628.484854,0.100216,-9.417843460252083,4.653625832056529,-0.06778340010636569,0.0293180649975065,-0.023816856289004193,-0.1774719808495115,0.9834006835642612
1785497168.104825020,1789401628.793002,0.100072,-9.441339591574746,4.643313033406389,-0.060180997525960844,0.029448639510082225,-0.023254239889939674,-0.17764670670862,0.9833786989526072
1785497168.204576492,1789401628.836036,0.099751,-9.431704208979601,4.629328405702944,-0.05579348616450441,0.029384497153034195,-0.023136836738936413,-0.17754520657076575,0.9834017173752126
1785497168.304287195,1789401628.887497,0.099711,-9.43647216889126,4.647426484716293,-0.056592396176160076,0.029712744804945034,-0.023356755987593503,-0.17756036051093937,0.983383919494874
1785497168.404525280,1789401628.911735,0.100238,-9.445811805247574,4.654068413670118,-0.05685542950056488,0.02937028411485712,-0.02339164352259429,-0.17750214165937614,0.9834038881002264
1785497168.504824638,1789401628.961887,0.100299,-9.418683793959008,4.66095229413215,-0.06035298441692355,0.029689760181123046,-0.02333109879681753,-0.17766850534539003,0.9833656899534573
1785497168.604605436,1789401629.096010,0.099781,-9.483307852299601,4.662014719914881,-0.05647485052341905,0.029916807988080794,-0.02336982810532178,-0.17757682930898233,0.9833744482274716
1785497168.704439402,1789401629.186960,0.099834,-9.499700432309101,4.656432079324743,-0.0552104061675891,0.03004840259373103,-0.023353600658146956,-0.17761224510249946,0.9833644254433338
1785497168.804507256,1789401629.289220,0.100068,-9.495355487228414,4.645606514525204,-0.06446490165715973,0.0300268919423411,-0.023247301002364898,-0.17767581616477812,0.9833561171348617
1785497168.904804468,1789401629.386474,0.100297,-9.498172377833125,4.644733771137784,-0.05978084960350061,0.029918251377797987,-0.023146181766671225,-0.17726805052925942,0.9834354024366108
1785497169.004719257,1789401629.490555,0.099915,-9.487406772073019,4.622927580487965,-0.06731444444103563,0.029831708112298207,-0.02325934115532424,-0.1773197042268237,0.98342604944806
1785497169.104493141,1789401629.583511,0.099774,-9.483623419317281,4.628068579802197,-0.06125980984964158,0.029418690806542958,-0.023060518110039046,-0.17715605526812717,0.9834726662279666
1785497169.204390526,1789401629.691075,0.099897,-9.48057011909945,4.625223431704638,-0.0518429251929155,0.02969639417352959,-0.02304955240111591,-0.17725530672846038,0.9834466932903794
1785497169.304666042,1789401629.786332,0.100276,-9.4662804506556,4.642436552786404,-0.055808750936738594,0.029597977413013957,-0.023144832976863827,-0.17732674691845948,0.9834345434581968
1785497169.404809475,1789401629.892479,0.100143,-9.469704013741264,4.633759761615344,-0.0580689761372315,0.029352243467797794,-0.02292788906107502,-0.17732477106355835,0.9834473464674407
1785497169.504490614,1789401629.968541,0.099681,-9.458415648750737,4.630061522253632,-0.05742569071332232,0.029369313399437023,-0.022937208279534792,-0.177501913681412,0.9834146625641734
1785497169.604413271,1789401630.090858,0.099923,-9.453132499936695,4.645000752773562,-0.05572956383588401,0.02962351529465351,-0.023253844309351242,-0.1774422458258313,0.9834103698165343
1785497169.704582214,1789401630.188343,0.100169,-9.438351721375199,4.6551390231141765,-0.05632864349972583,0.029925108382832605,-0.023320166280452536,-0.17744465821338026,0.9833992327658426
1785497169.804773569,1789401630.372380,0.100191,-9.444903764377571,4.666361659956034,-0.049251064629903196,0.02976749580276536,-0.02316873071185223,-0.17761524942278206,0.9833767992398948
1785497169.904562712,1789401630.464839,0.099789,-9.429577863631641,4.6569335083088905,-0.05029380531301342,0.029572822072653344,-0.023433605499263828,-0.1733322871278423,0.9841403520672132
1785497170.004400492,1789401630.562842,0.099838,-9.415119115598,4.641676283454937,-0.06896648563749447,0.028066861969678406,-0.023799151559055435,-0.16071986390978021,0.9863138329097121
1785497170.104479313,1789401630.713482,0.100079,-9.392924281236846,4.638516630259676,-0.05383480221059661,0.028559698972124483,-0.024194228354409143,-0.14862977113230355,0.9881842814182461
1785497170.204729080,1789401630.778432,0.100250,-9.388350091365876,4.611343499022731,-0.04027078569076842,0.029773996710785865,-0.023506891460889315,-0.13388524683126635,0.990270506404498
1785497170.304802656,1789401630.852745,0.100074,-9.410956404606845,4.591123394729832,-0.04784530489556893,0.03075529378669348,-0.025772413742508007,-0.12373628406769277,0.9915035181980318
1785497170.404510498,1789401631.247144,0.099708,-9.407325814166569,4.57052523994214,-0.0923838916539304,0.033577239216507265,-0.026505767685316917,-0.11740960323780153,0.9921617803329893
1785497170.504450321,1789401631.357851,0.099940,-9.424945092800852,4.563929318547933,-0.09522470730217386,0.03457599214421462,-0.028928114714701157,-0.11240718102149999,0.9926390535340984
1785497170.604505777,1789401631.442738,0.100055,-9.436177469245367,4.587012882194338,-0.06260069424392872,0.036357284359087305,-0.029403007118543836,-0.10935406807916813,0.9929024618968763
1785497170.704849720,1789401631.676059,0.100344,-9.42226539270346,4.629514127723868,-0.02588140829555491,0.04067369867611143,-0.025806732489614972,-0.10446194228145003,0.993361648851421
1785497170.804594278,1789401631.774437,0.099745,-9.430626263585468,4.620206992163532,-0.058765818933239844,0.04531402386459621,-0.022261545703453154,-0.09827876170028944,0.9938774309854701
1785497170.904230833,1789401631.869444,0.099637,-9.444100323716768,4.598072810382204,-0.07061258598510495,0.042939827391556974,-0.023177317771868423,-0.09197714694333486,0.9945648232288119
1785497171.104799032,1789401632.019004,0.200568,-9.427339529058532,4.506323656688542,-0.06902692124464482,0.040679070280297366,-0.025442231351993368,-0.07941677392928168,0.9956861363517595
1785497171.204696655,1789401632.122306,0.099898,-9.435590095207136,4.472932111960894,-0.07413849152848528,0.04152649395675181,-0.02514579764663344,-0.07155347174831872,0.9962546561198987
1785497171.304441690,1789401632.221323,0.099745,-9.407189744936625,4.454549076950687,-0.09620720100379693,0.04079529626706325,-0.02289673364547587,-0.05837590839962471,0.9971979425915221
1785497171.404385090,1789401632.391885,0.099943,-9.401700144447252,4.4478318518061295,-0.0738991717700555,0.03968601938549414,-0.02459370510996412,-0.04938917805611183,0.9976877660994946
1785497171.504714012,1789401632.471836,0.100329,-9.40379653586576,4.452596132670589,-0.05687677060817625,0.03922168943962241,-0.02607182266142693,-0.03792855223555535,0.9981699975781881
1785497171.604792118,1789401632.568494,0.100078,-9.40136116683494,4.4273286415250315,-0.06484282621675136,0.036896170412460266,-0.028369728043255972,-0.02569283893330151,0.9985858546797324
1785497171.704649925,1789401632.747551,0.099858,-9.394327042221063,4.405766239411895,-0.07130511775160492,0.035270707456269014,-0.030175747454754313,-0.015743490765913585,0.9987980496370602
1785497171.804432392,1789401632.848322,0.099782,-9.38383359520413,4.40588670200051,-0.07229777681344446,0.03276730163475684,-0.03243262036854135,-0.007443445108496101,0.9989089168706485
1785497171.904435873,1789401632.919348,0.100003,-9.396741168433453,4.4177605632515835,-0.0861466016824059,0.0337831295426202,-0.031465042881568414,0.0023648323443665248,0.99893095797551
1785497172.004594326,1789401633.073710,0.100158,-9.415310200362486,4.428231302805054,-0.0818499413426178,0.03280094083441277,-0.03228174425394182,0.011934477057757716,0.9988691383383138
1785497172.104796171,1789401633.146070,0.100202,-9.44313080263707,4.452399737135116,-0.059325745831546484,0.032274821836103446,-0.033777040245098436,0.021066730719201635,0.9986859567869908
1785497172.204573154,1789401633.196161,0.099777,-9.46013656030843,4.472768905753874,-0.06764247190682082,0.033056277737311276,-0.0336850588272978,0.03141701106786503,0.9983914917147824
1785497172.304207563,1789401633.257995,0.099634,-9.482971196832692,4.473662476867302,-0.10066237261961974,0.034623730503060904,-0.03237862659670165,0.04329326872890618,0.9979371296366352
1785497172.404457569,1789401633.329550,0.100250,-9.482600922862684,4.4701574180823185,-0.11386798113963759,0.03412513602676601,-0.031392588981603964,0.05879523348713557,0.9971926097631041
1785497172.504736185,1789401633.402293,0.100279,-9.499417045936394,4.462704545235995,-0.11540500222769579,0.03277218729433941,-0.03260064711646633,0.07156580887207717,0.9963641485655185
1785497172.604725838,1789401633.503914,0.099990,-9.496882217503217,4.435168279726191,-0.08376751487271555,0.03103109239595621,-0.034551650428884514,0.08447285517004885,0.995342951698227
