message_index,stamp_sec,frame_id,position_x,position_y,position_z,orientation_x,orientation_y,orientation_z,orientation_w,covariance
0,0.000000000,map,7.8200000000,-4.1100000000,-1.1700000000,0.0000000000,0.0000000000,0.8550024007,0.5186240400,0 0 0 0 0 0 0 0 0 0 0 0 0 0 0 0 0 0 0 0 0 0 0 0 0 0 0 0 0 0 0 0 0 0 0 0
1,1785495426.753357887,map,7.8592238426,-4.2462177277,-1.1709017754,0.0331654223,0.0596428274,0.8535636999,0.5164996157,0.04342167753 0 0 0 0 0 0 0.04342167753 0 0 0 0 0 0 0.09509741509 0 0 0 0 0 0 0.00076409651 0 0 0 0 0 0 0.00076409651 0 0 0 0 0 0 0.001322699937
2,1785495429.252379894,map,7.9191412926,-4.2889099121,-1.1825718880,0.0301783371,0.0597344749,0.8532940517,0.5171173636,0.04333393583 0 0 0 0 0 0 0.04333393583 0 0 0 0 0 0 0.09496754525 0 0 0 0 0 0 0.0007620653933 0 0 0 0 0 0 0.0007620653933 0 0 0 0 0 0 0.001320027172
3,1785495429.351785898,map,7.8717260361,-4.2564630508,-1.1691980362,0.0336076037,0.0605356973,0.8534828266,0.5165007192,0.04343889336 0 0 0 0 0 0 0.04343889336 0 0 0 0 0 0 0.0951228919 0 0 0 0 0 0 0.0007644951122 0 0 0 0 0 0 0.0007644951122 0 0 0 0 0 0 0.001323224361
4,1785495429.552469015,map,7.8256564140,-4.2565488815,-1.1621758938,0.0336434705,0.0600594046,0.8533680455,0.5167435665,0.0432435038 0 0 0 0 0 0 0.0432435038 0 0 0 0 0 0 0.09483364869 0 0 0 0 0 0 0.0007599726787 0 0 0 0 0 0 0.0007599726787 0 0 0 0 0 0 0.001317272455
5,1785495429.651681900,map,7.8495683670,-4.2387924194,-1.1659973860,0.0336973944,0.0596728834,0.8535024030,0.5165628805,0.04344149054 0 0 0 0 0 0 0.04344149054 0 0 0 0 0 0 0.0951267352 0 0 0 0 0 0 0.0007645552476 0 0 0 0 0 0 0.0007645552476 0 0 0 0 0 0 0.001323303476
6,1785495429.852205038,map,7.8694210052,-4.2634406090,-1.1691393852,0.0328558540,0.0595383897,0.8533081591,0.5169534476,0.04317442786 0 0 0 0 0 0 0.04317442786 0 0 0 0 0 0 0.09473134201 0 0 0 0 0 0 0.0007583746381 0 0 0 0 0 0 0.0007583746381 0 0 0 0 0 0 0.001315168281
7,1785495429.951565027,map,7.8748292923,-4.2712802887,-1.1706988811,0.0327350287,0.0595276248,0.8532781601,0.5170118581,0.04340590287 0 0 0 0 0 0 0.04340590287 0 0 0 0 0 0 0.09507406955 0 0 0 0 0 0 0.0007637312974 0 0 0 0 0 0 0.0007637312974 0 0 0 0 0 0 0.001322219414
8,1785495430.051863909,map,7.8819475174,-4.2686405182,-1.1724196672,0.0328743328,0.0596393102,0.8532724606,0.5169995943,0.04341294909 0 0 0 0 0 0 0.04341294909 0 0 0 0 0 0 0.09508449771 0 0 0 0 0 0 0.0007638944279 0 0 0 0 0 0 0.0007638944279 0 0 0 0 0 0 0.001322434054
9,1785495430.152066946,map,7.8915162086,-4.2712602615,-1.1758949757,0.0323040408,0.0597096278,0.8533144839,0.5169581028,0.04343285355 0 0 0 0 0 0 0.04343285355 0 0 0 0 0 0 0.09511395408 0 0 0 0 0 0 0.0007643552682 0 0 0 0 0 0 0.0007643552682 0 0 0 0 0 0 0.001323040378
10,1785495430.251229048,map,7.8936476707,-4.2650017738,-1.1742546558,0.0329654834,0.0594447223,0.8532886647,0.5169894271,0.04331155341 0 0 0 0 0 0 0.04331155341 0 0 0 0 0 0 0.09493440935 0 0 0 0 0 0 0.0007615473707 0 0 0 0 0 0 0.0007615473707 0 0 0 0 0 0 0.001319345365
11,1785495430.351475954,map,7.8956127167,-4.2688817978,-1.1748106480,0.0330597612,0.0594952547,0.8533942128,0.5168033631,0.04340373875 0 0 0 0 0 0 0.04340373875 0 0 0 0 0 0 0.09507086668 0 0 0 0 0 0 0.0007636811956 0 0 0 0 0 0 0.0007636811956 0 0 0 0 0 0 0.001322153491
12,1785495430.451785088,map,7.8955221176,-4.2642416954,-1.1768674850,0.0333917480,0.0595112671,0.8534086587,0.5167563410,0.0430768041 0 0 0 0 0 0 0.0430768041 0 0 0 0 0 0 0.09458670851 0 0 0 0 0 0 0.000756116848 0 0 0 0 0 0 0.000756116848 0 0 0 0 0 0 0.001312194492
13,1785495430.552309036,map,7.8959546089,-4.2705545425,-1.1746152639,0.0327183976,0.0598885080,0.8535330832,0.5165502310,0.04323140034 0 0 0 0 0 0 0.04323140034 0 0 0 0 0 0 0.09481572448 0 0 0 0 0 0 0.0007596926415 0 0 0 0 0 0 0.0007596926415 0 0 0 0 0 0 0.001316903763
14,1785495430.652524948,map,7.9018001556,-4.2685327530,-1.1757031679,0.0323724279,0.0596243970,0.8535855940,0.5165158004,0.043707579 0 0 0 0 0 0 0.043707579 0 0 0 0 0 0 0.09552029429 0 0 0 0 0 0 0.0007707192766 0 0 0 0 0 0 0.0007707192766 0 0 0 0 0 0 0.001331408994
15,1785495430.751563072,map,7.9029211998,-4.2711462975,-1.1754318476,0.0320818687,0.0594120910,0.8535206612,0.5166656945,0.04335057457 0 0 0 0 0 0 0.04335057457 0 0 0 0 0 0 0.09499217615 0 0 0 0 0 0 0.0007624505105 0 0 0 0 0 0 0.0007624505105 0 0 0 0 0 0 0.001320534017
16,1785495430.851839066,map,7.9061536789,-4.2680144310,-1.1776728630,0.0322457463,0.0595537038,0.8535028369,0.5166685930,0.04338024732 0 0 0 0 0 0 0.04338024732 0 0 0 0 0 0 0.09503609797 0 0 0 0 0 0 0.0007631373687 0 0 0 0 0 0 0.0007631373687 0 0 0 0 0 0 0.001321437901
17,1785495430.952213049,map,7.9020090103,-4.2650642395,-1.1751313210,0.0325226770,0.0591770967,0.8535585030,0.5166026009,0.04335140755 0 0 0 0 0 0 0.04335140755 0 0 0 0 0 0 0.0949934092 0 0 0 0 0 0 0.0007624697911 0 0 0 0 0 0 0.0007624697911 0 0 0 0 0 0 0.001320559391
18,1785495431.052498102,map,7.9068031311,-4.2634520531,-1.1775722504,0.0323069751,0.0589284423,0.8534296742,0.5168573003,0.04324033839 0 0 0 0 0 0 0.04324033839 0 0 0 0 0 0 0.09482896106 0 0 0 0 0 0 0.0007598994395 0 0 0 0 0 0 0.0007598994395 0 0 0 0 0 0 0.001317176031
19,1785495431.152724028,map,7.9070734978,-4.2671136856,-1.1798071861,0.0326093457,0.0591966681,0.8535171377,0.5166632358,0.04353520094 0 0 0 0 0 0 0.04353520094 0 0 0 0 0 0 0.09526538231 0 0 0 0 0 0 0.000766725404 0 0 0 0 0 0 0.000766725404 0 0 0 0 0 0 0.001326158058
20,1785495431.251972914,map,7.9047751427,-4.2688822746,-1.1786937714,0.0328294794,0.0592881028,0.8535617410,0.5165650800,0.04324861763 0 0 0 0 0 0 0.04324861763 0 0 0 0 0 0 0.0948412216 0 0 0 0 0 0 0.0007600910008 0 0 0 0 0 0 0.0007600910008 0 0 0 0 0 0 0.001317428231
21,1785495431.352257013,map,7.9016828537,-4.2635526657,-1.1772637367,0.0331151139,0.0593357849,0.8536625751,0.5163747005,0.04334435027 0 0 0 0 0 0 0.04334435027 0 0 0 0 0 0 0.09498296229 0 0 0 0 0 0 0.0007623064413 0 0 0 0 0 0 0.0007623064413 0 0 0 0 0 0 0.001320344414
22,1785495431.451512098,map,7.9191298485,-4.2830338478,-1.1788592339,0.0327678055,0.0591649029,0.8539680427,0.5159112035,0.04381126059 0 0 0 0 0 0 0.04381126059 0 0 0 0 0 0 0.09567353984 0 0 0 0 0 0 0.0007731226963 0 0 0 0 0 0 0.0007731226963 0 0 0 0 0 0 0.001334567316
23,1785495431.551650047,map,7.9122624397,-4.2794346809,-1.1763061285,0.0326418606,0.0593960545,0.8538855332,0.5160291489,0.04329890454 0 0 0 0 0 0 0.04329890454 0 0 0 0 0 0 0.09491568219 0 0 0 0 0 0 0.0007612546418 0 0 0 0 0 0 0.0007612546418 0 0 0 0 0 0 0.001318960058
24,1785495431.651865959,map,7.8992462158,-4.2786779404,-1.1760244370,0.0329813262,0.0595447791,0.8538937478,0.5159768580,0.04319162604 0 0 0 0 0 0 0.04319162604 0 0 0 0 0 0 0.0947568163 0 0 0 0 0 0 0.0007587724724 0 0 0 0 0 0 0.0007587724724 0 0 0 0 0 0 0.001315692168
25,1785495431.752110004,map,7.8986253738,-4.2786574364,-1.1736849546,0.0330401543,0.0597202573,0.8538931290,0.5159538478,0.04330996661 0 0 0 0 0 0 0.04330996661 0 0 0 0 0 0 0.09493206008 0 0 0 0 0 0 0.0007615106471 0 0 0 0 0 0 0.0007615106471 0 0 0 0 0 0 0.001319297028
26,1785495431.851408005,map,7.8995652199,-4.2723741531,-1.1751394272,0.0331824907,0.0594685580,0.8537831171,0.5161558006,0.04316224995 0 0 0 0 0 0 0.04316224995 0 0 0 0 0 0 0.09471330286 0 0 0 0 0 0 0.0007580929497 0 0 0 0 0 0 0.0007580929497 0 0 0 0 0 0 0.001314797321
27,1785495431.951628923,map,7.9007019997,-4.2668905258,-1.1742639542,0.0329737773,0.0594884856,0.8537787976,0.5161740674,0.0432504377 0 0 0 0 0 0 0.0432504377 0 0 0 0 0 0 0.09484391685 0 0 0 0 0 0 0.0007601331137 0 0 0 0 0 0 0.0007601331137 0 0 0 0 0 0 0.001317483674
28,1785495432.052097082,map,7.9004678726,-4.2607293129,-1.1797395945,0.0332783877,0.0596669034,0.8538141192,0.5160754866,0.04321424158 0 0 0 0 0 0 0.04321424158 0 0 0 0 0 0 0.09479031237 0 0 0 0 0 0 0.0007592956611 0 0 0 0 0 0 0.0007592956611 0 0 0 0 0 0 0.001316381077
29,1785495432.152303934,map,7.9124050140,-4.2737474442,-1.1785275936,0.0318268949,0.0591283523,0.8538556563,0.5161602392,0.04344710092 0 0 0 0 0 0 0.04344710092 0 0 0 0 0 0 0.09513503727 0 0 0 0 0 0 0.0007646851526 0 0 0 0 0 0 0.0007646851526 0 0 0 0 0 0 0.001323474378
30,1785495432.251545906,map,7.9107642174,-4.2680048943,-1.1784682274,0.0323461574,0.0590843507,0.8538857732,0.5160831020,0.04352920716 0 0 0 0 0 0 0.04352920716 0 0 0 0 0 0 0.0952565158 0 0 0 0 0 0 0.0007665865773 0 0 0 0 0 0 0.0007665865773 0 0 0 0 0 0 0.001325975477
31,1785495432.351875067,map,7.9052410126,-4.2717442513,-1.1796864271,0.0326982067,0.0591885370,0.8538045286,0.5161833991,0.0436316555 0 0 0 0 0 0 0.0436316555 0 0 0 0 0 0 0.09540803901 0 0 0 0 0 0 0.000768959879 0 0 0 0 0 0 0.000768959879 0 0 0 0 0 0 0.001329096232
32,1785495432.451059103,map,7.9059329033,-4.2671728134,-1.1773397923,0.0328454371,0.0591359572,0.8537291252,0.5163048106,0.04362732036 0 0 0 0 0 0 0.04362732036 0 0 0 0 0 0 0.09540162843 0 0 0 0 0 0 0.0007688594342 0 0 0 0 0 0 0.0007688594342 0 0 0 0 0 0 0.001328964176
33,1785495432.551098108,map,7.8997621536,-4.2679138184,-1.1791265011,0.0329517389,0.0593129423,0.8535628544,0.5165526398,0.04332325056 0 0 0 0 0 0 0.04332325056 0 0 0 0 0 0 0.09495172667 0 0 0 0 0 0 0.0007618180863 0 0 0 0 0 0 0.0007618180863 0 0 0 0 0 0 0.00131970168
34,1785495432.651318073,map,7.9081897736,-4.2688827515,-1.1792269945,0.0327706229,0.0594516514,0.8535819066,0.5165166875,0.04327992783 0 0 0 0 0 0 0.04327992783 0 0 0 0 0 0 0.09488758474 0 0 0 0 0 0 0.0007608154949 0 0 0 0 0 0 0.0007608154949 0 0 0 0 0 0 0.001318381994
35,1785495432.751388073,map,7.9047956467,-4.2675786018,-1.1794074774,0.0332693949,0.0592924568,0.8534043012,0.5167965728,0.04337057765 0 0 0 0 0 0 0.04337057765 0 0 0 0 0 0 0.09502178538 0 0 0 0 0 0 0.0007629135291 0 0 0 0 0 0 0.0007629135291 0 0 0 0 0 0 0.001321143346
36,1785495432.851555109,map,7.8982663155,-4.2751517296,-1.1762616634,0.0329779787,0.0596231966,0.8533901391,0.5168004870,0.04356841167 0 0 0 0 0 0 0.04356841167 0 0 0 0 0 0 0.0953145069 0 0 0 0 0 0 0.000767494679 0 0 0 0 0 0 0.000767494679 0 0 0 0 0 0 0.001327169715
37,1785495432.951648951,map,7.8593873978,-4.3090267181,-1.1674313545,0.0330349731,0.0594152176,0.8531462237,0.5172234021,0.04344652919 0 0 0 0 0 0 0.04344652919 0 0 0 0 0 0 0.09513419124 0 0 0 0 0 0 0.0007646719143 0 0 0 0 0 0 0.0007646719143 0 0 0 0 0 0 0.001323456962
38,1785495433.051076889,map,7.8530063629,-4.2892804146,-1.1690584421,0.0331888173,0.0597513003,0.8532886799,0.5169397700,0.04356765121 0 0 0 0 0 0 0.04356765121 0 0 0 0 0 0 0.09531338211 0 0 0 0 0 0 0.000767477063 0 0 0 0 0 0 0.000767477063 0 0 0 0 0 0 0.00132714655
39,1785495433.151295900,map,7.8550486565,-4.2822456360,-1.1665896177,0.0331073685,0.0598719329,0.8532405489,0.5170104603,0.04322476011 0 0 0 0 0 0 0.04322476011 0 0 0 0 0 0 0.0948058905 0 0 0 0 0 0 0.000759539012 0 0 0 0 0 0 0.000759539012 0 0 0 0 0 0 0.00131670149
40,1785495433.251557112,map,7.8575606346,-4.2795886993,-1.1675559282,0.0332580128,0.0596963682,0.8532080688,0.5170746424,0.04349034186 0 0 0 0 0 0 0.04349034186 0 0 0 0 0 0 0.09519901811 0 0 0 0 0 0 0.0007656864603 0 0 0 0 0 0 0.0007656864603 0 0 0 0 0 0 0.001324791572
41,1785495433.351826906,map,7.8734269142,-4.2965884209,-1.1694948673,0.0319218758,0.0595451684,0.8533330751,0.5169700650,0.04333884891 0 0 0 0 0 0 0.04333884891 0 0 0 0 0 0 0.09497481841 0 0 0 0 0 0 0.000762179108 0 0 0 0 0 0 0.000762179108 0 0 0 0 0 0 0.001320176833
42,1785495433.451190948,map,7.8731837273,-4.2882676125,-1.1707450151,0.0327962481,0.0594563728,0.8533780533,0.5168512675,0.04345888716 0 0 0 0 0 0 0.04345888716 0 0 0 0 0 0 0.09515247764 0 0 0 0 0 0 0.0007649580648 0 0 0 0 0 0 0.0007649580648 0 0 0 0 0 0 0.001323833407
43,1785495433.550651073,map,7.8724093437,-4.2892074585,-1.1697643995,0.0325953222,0.0595081596,0.8533965008,0.5168275753,0.04335239346 0 0 0 0 0 0 0.04335239346 0 0 0 0 0 0 0.09499486863 0 0 0 0 0 0 0.0007624926117 0 0 0 0 0 0 0.0007624926117 0 0 0 0 0 0 0.001320589424
44,1785495433.651020050,map,7.8853158951,-4.2850556374,-1.1720923185,0.0323798833,0.0590630610,0.8533910122,0.5169012502,0.04327711379 0 0 0 0 0 0 0.04327711379 0 0 0 0 0 0 0.09488341802 0 0 0 0 0 0 0.0007607503768 0 0 0 0 0 0 0.0007607503768 0 0 0 0 0 0 0.001318296274
45,1785495433.751178026,map,7.8908057213,-4.2975635529,-1.1730242968,0.0307870413,0.0595134928,0.8533482143,0.5170175576,0.04372876694 0 0 0 0 0 0 0.04372876694 0 0 0 0 0 0 0.09555161568 0 0 0 0 0 0 0.0007712103567 0 0 0 0 0 0 0.0007712103567 0 0 0 0 0 0 0.001332054415
46,1785495433.851310015,map,7.8982162476,-4.2944207191,-1.1746600866,0.0316139928,0.0592950320,0.8533668201,0.5169620374,0.04325019378 0 0 0 0 0 0 0.04325019378 0 0 0 0 0 0 0.09484355564 0 0 0 0 0 0 0.0007601274697 0 0 0 0 0 0 0.0007601274697 0 0 0 0 0 0 0.001317476243
47,1785495433.950403929,map,7.8936753273,-4.2943463326,-1.1740008593,0.0322326672,0.0594070384,0.8530851662,0.5173756185,0.04366677965 0 0 0 0 0 0 0.04366677965 0 0 0 0 0 0 0.0954599751 0 0 0 0 0 0 0.0007697737615 0 0 0 0 0 0 0.0007697737615 0 0 0 0 0 0 0.001330166175
48,1785495434.051543951,map,7.8694572449,-4.2796816826,-1.1721593142,0.0333949926,0.0597433726,0.8530559164,0.5173114161,0.04335123075 0 0 0 0 0 0 0.04335123075 0 0 0 0 0 0 0.09499314749 0 0 0 0 0 0 0.0007624656988 0 0 0 0 0 0 0.0007624656988 0 0 0 0 0 0 0.001320554006
49,1785495434.150707960,map,7.8719735146,-4.2802228928,-1.1687028408,0.0335005618,0.0599984329,0.8530668595,0.5172570582,0.04366869109 0 0 0 0 0 0 0.04366869109 0 0 0 0 0 0 0.09546280125 0 0 0 0 0 0 0.0007698180557 0 0 0 0 0 0 0.0007698180557 0 0 0 0 0 0 0.001330224401
50,1785495434.250870943,map,7.8803157806,-4.2777714729,-1.1700510979,0.0332520593,0.0600219639,0.8531788984,0.5170854923,0.04341169136 0 0 0 0 0 0 0.04341169136 0 0 0 0 0 0 0.09508263633 0 0 0 0 0 0 0.0007638653093 0 0 0 0 0 0 0.0007638653093 0 0 0 0 0 0 0.001322395741
51,1785495434.351070881,map,7.8819146156,-4.2790455818,-1.1706428528,0.0328261486,0.0598096983,0.8532102109,0.5170856220,0.04324075048 0 0 0 0 0 0 0.04324075048 0 0 0 0 0 0 0.09482957133 0 0 0 0 0 0 0.0007599089742 0 0 0 0 0 0 0.0007599089742 0 0 0 0 0 0 0.001317188584
52,1785495434.451294899,map,7.8872046471,-4.2802062035,-1.1732565165,0.0328810496,0.0598214792,0.8533190615,0.5169011781,0.04383526841 0 0 0 0 0 0 0.04383526841 0 0 0 0 0 0 0.09570901599 0 0 0 0 0 0 0.0007736793436 0 0 0 0 0 0 0.0007736793436 0 0 0 0 0 0 0.001335298636
53,1785495434.551486015,map,7.8900184631,-4.2777609825,-1.1721113920,0.0324348422,0.0598052491,0.8533555409,0.5168710665,0.04341709625 0 0 0 0 0 0 0.04341709625 0 0 0 0 0 0 0.09509063521 0 0 0 0 0 0 0.0007639904427 0 0 0 0 0 0 0.0007639904427 0 0 0 0 0 0 0.001322560383
54,1785495434.651634932,map,7.8917450905,-4.2755508423,-1.1737670898,0.0325883537,0.0597410339,0.8532389355,0.5170612633,0.04290126124 0 0 0 0 0 0 0.04290126124 0 0 0 0 0 0 0.09432650052 0 0 0 0 0 0 0.0007520590301 0 0 0 0 0 0 0.0007520590301 0 0 0 0 0 0 0.00130684715
55,1785495434.751907110,map,7.9017243385,-4.2962007523,-1.1710028648,0.0327003538,0.0595959828,0.8532880120,0.5169899099,0.04350724269 0 0 0 0 0 0 0.04350724269 0 0 0 0 0 0 0.09522402238 0 0 0 0 0 0 0.0007660778665 0 0 0 0 0 0 0.0007660778665 0 0 0 0 0 0 0.001325306401
56,1785495434.851048946,map,7.9079203606,-4.2947740555,-1.1767704487,0.0325130964,0.0595535199,0.8533755061,0.5168621870,0.04393503841 0 0 0 0 0 0 0.04393503841 0 0 0 0 0 0 0.09585641168 0 0 0 0 0 0 0.000775993131 0 0 0 0 0 0 0.000775993131 0 0 0 0 0 0 0.001338337804
57,1785495434.951306105,map,7.9074511528,-4.2959685326,-1.1754204035,0.0327385850,0.0592876200,0.8534429386,0.5167672049,0.04348780174 0 0 0 0 0 0 0.04348780174 0 0 0 0 0 0 0.09519525994 0 0 0 0 0 0 0.0007656276356 0 0 0 0 0 0 0.0007656276356 0 0 0 0 0 0 0.001324714196
58,1785495435.051502943,map,7.9109582901,-4.2847952843,-1.1766082048,0.0328500916,0.0596199186,0.8532125146,0.5171022495,0.04356088847 0 0 0 0 0 0 0.04356088847 0 0 0 0 0 0 0.09530337927 0 0 0 0 0 0 0.0007673204076 0 0 0 0 0 0 0.0007673204076 0 0 0 0 0 0 0.001326940545
59,1785495435.151707888,map,7.9109320641,-4.2844219208,-1.1776050329,0.0329283611,0.0593284345,0.8532898572,0.5170031467,0.04357182736 0 0 0 0 0 0 0.04357182736 0 0 0 0 0 0 0.09531955897 0 0 0 0 0 0 0.0007675738034 0 0 0 0 0 0 0.0007675738034 0 0 0 0 0 0 0.001327273763
60,1785495435.250991106,map,7.9292731285,-4.2931365967,-1.1802895069,0.0321450291,0.0589312526,0.8535946911,0.5165945604,0.04365925617 0 0 0 0 0 0 0.04365925617 0 0 0 0 0 0 0.09544885113 0 0 0 0 0 0 0.0007695994218 0 0 0 0 0 0 0.0007695994218 0 0 0 0 0 0 0.001329936996
61,1785495435.351385117,map,7.9251885414,-4.2924437523,-1.1827820539,0.0323755119,0.0589247541,0.8536848808,0.5164318491,0.04332618895 0 0 0 0 0 0 0.04332618895 0 0 0 0 0 0 0.09495607674 0 0 0 0 0 0 0.0007618860932 0 0 0 0 0 0 0.0007618860932 0 0 0 0 0 0 0.001319791189
62,1785495435.451620102,map,7.9348998070,-4.2807765007,-1.1816371679,0.0322751472,0.0588078482,0.8538357428,0.5162020330,0.04345590572 0 0 0 0 0 0 0.04345590572 0 0 0 0 0 0 0.095148066 0 0 0 0 0 0 0.000764889028 0 0 0 0 0 0 0.000764889028 0 0 0 0 0 0 0.001323742588
63,1785495435.550599098,map,7.9322881699,-4.2747941017,-1.1797271967,0.0327268133,0.0587345302,0.8537229051,0.5163685105,0.04331000599 0 0 0 0 0 0 0.04331000599 0 0 0 0 0 0 0.09493211838 0 0 0 0 0 0 0.0007615115585 0 0 0 0 0 0 0.0007615115585 0 0 0 0 0 0 0.001319298228
64,1785495435.651580095,map,7.9383769035,-4.2696108818,-1.1824681759,0.0325413499,0.0588522450,0.8537840534,0.5162656951,0.04391049969 0 0 0 0 0 0 0.04391049969 0 0 0 0 0 0 0.09582016429 0 0 0 0 0 0 0.0007754239717 0 0 0 0 0 0 0.0007754239717 0 0 0 0 0 0 0.001337590312
65,1785495435.751743078,map,7.9397916794,-4.2734661102,-1.1824759245,0.0322956007,0.0589583960,0.8538321050,0.5161895551,0.04361483832 0 0 0 0 0 0 0.04361483832 0 0 0 0 0 0 0.09538317002 0 0 0 0 0 0 0.0007685702348 0 0 0 0 0 0 0.0007685702348 0 0 0 0 0 0 0.001328583951
66,1785495435.851042032,map,7.9494123459,-4.2723469734,-1.1836590767,0.0321129962,0.0589420362,0.8538122148,0.5162356474,0.04364674984 0 0 0 0 0 0 0.04364674984 0 0 0 0 0 0 0.09543035899 0 0 0 0 0 0 0.0007693096263 0 0 0 0 0 0 0.0007693096263 0 0 0 0 0 0 0.001329556032
67,1785495435.951189041,map,7.9478478432,-4.2762112617,-1.1826446056,0.0315737015,0.0588483742,0.8538617504,0.5161976885,0.04362711473 0 0 0 0 0 0 0.04362711473 0 0 0 0 0 0 0.09540132434 0 0 0 0 0 0 0.0007688546696 0 0 0 0 0 0 0.0007688546696 0 0 0 0 0 0 0.001328957912
68,1785495436.051346064,map,7.9492015839,-4.2686104774,-1.1834712029,0.0320494401,0.0588416747,0.8538761615,0.5161453136,0.04349191824 0 0 0 0 0 0 0.04349191824 0 0 0 0 0 0 0.09520135039 0 0 0 0 0 0 0.0007657229666 0 0 0 0 0 0 0.0007657229666 0 0 0 0 0 0 0.001324839592
69,1785495436.151390076,map,7.9409618378,-4.2711920738,-1.1814510822,0.0319627960,0.0589615337,0.8537588550,0.5163310592,0.04369762237 0 0 0 0 0 0 0.04369762237 0 0 0 0 0 0 0.0955055749 0 0 0 0 0 0 0.0007704885213 0 0 0 0 0 0 0.0007704885213 0 0 0 0 0 0 0.001331105698
70,1785495436.251375914,map,7.9481239319,-4.2719998360,-1.1819419861,0.0321818841,0.0590646134,0.8537367487,0.5163421773,0.04338282197 0 0 0 0 0 0 0.04338282197 0 0 0 0 0 0 0.09503990875 0 0 0 0 0 0 0.0007631969697 0 0 0 0 0 0 0.0007631969697 0 0 0 0 0 0 0.001321516329
71,1785495436.351551056,map,7.9304971695,-4.2720365524,-1.1806578636,0.0332043374,0.0588249182,0.8535013919,0.5166937704,0.04349798475 0 0 0 0 0 0 0.04349798475 0 0 0 0 0 0 0.09521032572 0 0 0 0 0 0 0.0007658634588 0 0 0 0 0 0 0.0007658634588 0 0 0 0 0 0 0.001325024388
72,1785495436.450613022,map,7.9399681091,-4.2893176079,-1.1793820858,0.0313273418,0.0590001973,0.8536454423,0.5165530076,0.04342084996 0 0 0 0 0 0 0.04342084996 0 0 0 0 0 0 0.09509619037 0 0 0 0 0 0 0.0007640773497 0 0 0 0 0 0 0.0007640773497 0 0 0 0 0 0 0.001322674728
73,1785495436.550844908,map,7.9334864616,-4.2844648361,-1.1797435284,0.0321030883,0.0589599852,0.8535558075,0.5166580371,0.04336720377 0 0 0 0 0 0 0.04336720377 0 0 0 0 0 0 0.09501679141 0 0 0 0 0 0 0.0007628354303 0 0 0 0 0 0 0.0007628354303 0 0 0 0 0 0 0.001321040571
74,1785495436.651091099,map,7.9365491867,-4.2819099426,-1.1803119183,0.0320577518,0.0589147958,0.8536602116,0.5164935715,0.04371707401 0 0 0 0 0 0 0.04371707401 0 0 0 0 0 0 0.09553433074 0 0 0 0 0 0 0.0007709393411 0 0 0 0 0 0 0.0007709393411 0 0 0 0 0 0 0.001331698228
75,1785495436.750401974,map,7.9289350510,-4.2807941437,-1.1808049679,0.0325076275,0.0587666493,0.8535959225,0.5165885606,0.04348034359 0 0 0 0 0 0 0.04348034359 0 0 0 0 0 0 0.09518422523 0 0 0 0 0 0 0.0007654549216 0 0 0 0 0 0 0.0007654549216 0 0 0 0 0 0 0.001324487008
76,1785495436.850744963,map,7.9295101166,-4.2749361992,-1.1800597906,0.0324323310,0.0589921611,0.8536478772,0.5164817282,0.04312359662 0 0 0 0 0 0 0.04312359662 0 0 0 0 0 0 0.09465604014 0 0 0 0 0 0 0.0007571989392 0 0 0 0 0 0 0.0007571989392 0 0 0 0 0 0 0.001313619873
77,1785495436.950962067,map,7.9239273071,-4.2770171165,-1.1799288988,0.0322007158,0.0592858672,0.8536700033,0.5164259773,0.0435076943 0 0 0 0 0 0 0.0435076943 0 0 0 0 0 0 0.09522469051 0 0 0 0 0 0 0.0007660883257 0 0 0 0 0 0 0.0007660883257 0 0 0 0 0 0 0.001325320158
78,1785495437.050416946,map,7.8977794647,-4.2616786957,-1.1740107536,0.0328148875,0.0593576924,0.8537042701,0.5163224084,0.04350576353 0 0 0 0 0 0 0.04350576353 0 0 0 0 0 0 0.09522183407 0 0 0 0 0 0 0.0007660436096 0 0 0 0 0 0 0.0007660436096 0 0 0 0 0 0 0.001325261343
79,1785495437.150521994,map,7.9036297798,-4.2692503929,-1.1759417057,0.0319129000,0.0594971648,0.8537609618,0.5162691514,0.04335433784 0 0 0 0 0 0 0.04335433784 0 0 0 0 0 0 0.09499774685 0 0 0 0 0 0 0.0007625376178 0 0 0 0 0 0 0.0007625376178 0 0 0 0 0 0 0.001320648653
80,1785495437.250828028,map,7.9088220596,-4.2651181221,-1.1778680086,0.0321962889,0.0591170712,0.8536763937,0.5164350807,0.04389649758 0 0 0 0 0 0 0.04389649758 0 0 0 0 0 0 0.09579947962 0 0 0 0 0 0 0.0007750992246 0 0 0 0 0 0 0.0007750992246 0 0 0 0 0 0 0.001337163783
81,1785495437.350404024,map,7.9060926437,-4.2604703903,-1.1787478924,0.0324026490,0.0591210404,0.8536437867,0.5164755972,0.04325300657 0 0 0 0 0 0 0.04325300657 0 0 0 0 0 0 0.09484772094 0 0 0 0 0 0 0.0007601925527 0 0 0 0 0 0 0.0007601925527 0 0 0 0 0 0 0.001317561926
82,1785495437.450459003,map,7.9063987732,-4.2550144196,-1.1781976223,0.0327002732,0.0589644922,0.8537026888,0.5163773697,0.04319892438 0 0 0 0 0 0 0.04319892438 0 0 0 0 0 0 0.09476762625 0 0 0 0 0 0 0.0007589413078 0 0 0 0 0 0 0.0007589413078 0 0 0 0 0 0 0.001315914488
83,1785495437.550647020,map,7.9052824974,-4.2619557381,-1.1770534515,0.0322432147,0.0588856864,0.8536202454,0.5165513921,0.04319204963 0 0 0 0 0 0 0.04319204963 0 0 0 0 0 0 0.09475744372 0 0 0 0 0 0 0.0007587822715 0 0 0 0 0 0 0.0007587822715 0 0 0 0 0 0 0.001315705072
84,1785495437.649825096,map,7.9110593796,-4.2628602982,-1.1788434982,0.0327765028,0.0591475182,0.8536682580,0.5164085128,0.04354768427 0 0 0 0 0 0 0.04354768427 0 0 0 0 0 0 0.09528384809 0 0 0 0 0 0 0.0007670145501 0 0 0 0 0 0 0.0007670145501 0 0 0 0 0 0 0.001326538322
85,1785495437.750036955,map,7.8802843094,-4.2594990730,-1.1712844372,0.0338171972,0.0591140249,0.8535332827,0.5165683541,0.04324397551 0 0 0 0 0 0 0.04324397551 0 0 0 0 0 0 0.09483434723 0 0 0 0 0 0 0.0007599835929 0 0 0 0 0 0 0.0007599835929 0 0 0 0 0 0 0.001317286824
86,1785495437.850322008,map,7.8926086426,-4.2686710358,-1.1730457544,0.0322110119,0.0593459970,0.8533795552,0.5168983242,0.0441669965 0 0 0 0 0 0 0.0441669965 0 0 0 0 0 0 0.09619888749 0 0 0 0 0 0 0.0007813756972 0 0 0 0 0 0 0.0007813756972 0 0 0 0 0 0 0.001345403651
87,1785495437.950532913,map,7.8727087975,-4.2965812683,-1.1670963764,0.0331230960,0.0598509431,0.8529046487,0.5175658027,0.04322936296 0 0 0 0 0 0 0.04322936296 0 0 0 0 0 0 0.09481270721 0 0 0 0 0 0 0.000759645504 0 0 0 0 0 0 0.000759645504 0 0 0 0 0 0 0.001316841701
88,1785495438.050498962,map,7.8776054382,-4.2943773270,-1.1688852310,0.0324482624,0.0597224946,0.8530705208,0.5173499846,0.0433254823 0 0 0 0 0 0 0.0433254823 0 0 0 0 0 0 0.0949550306 0 0 0 0 0 0 0.0007618697383 0 0 0 0 0 0 0.0007618697383 0 0 0 0 0 0 0.001319769663
89,1785495438.150568008,map,7.8769021034,-4.2933425903,-1.1695481539,0.0328343609,0.0596088811,0.8530886492,0.5173088597,0.04344956369 0 0 0 0 0 0 0.04344956369 0 0 0 0 0 0 0.09513868154 0 0 0 0 0 0 0.0007647421774 0 0 0 0 0 0 0.0007647421774 0 0 0 0 0 0 0.001323549398
90,1785495438.249728918,map,7.8753271103,-4.2853326797,-1.1711661816,0.0327910174,0.0596840364,0.8530876293,0.5173046397,0.04325778655 0 0 0 0 0 0 0.04325778655 0 0 0 0 0 0 0.09485479921 0 0 0 0 0 0 0.0007603031541 0 0 0 0 0 0 0.0007603031541 0 0 0 0 0 0 0.001317707533
91,1785495438.350084066,map,7.8709988594,-4.2819294930,-1.1709270477,0.0327777485,0.0596651728,0.8531250671,0.5172458878,0.04336167163 0 0 0 0 0 0 0.04336167163 0 0 0 0 0 0 0.09500860268 0 0 0 0 0 0 0.0007627073742 0 0 0 0 0 0 0.0007627073742 0 0 0 0 0 0 0.001320872053
92,1785495438.450418949,map,7.8826441765,-4.2735266685,-1.1696386337,0.0325536553,0.0598055928,0.8531186300,0.5172544367,0.04332887377 0 0 0 0 0 0 0.04332887377 0 0 0 0 0 0 0.0949600514 0 0 0 0 0 0 0.0007619482323 0 0 0 0 0 0 0.0007619482323 0 0 0 0 0 0 0.001319872973
93,1785495438.550498009,map,7.8857412338,-4.2747960091,-1.1703398228,0.0322046105,0.0594673208,0.8532268789,0.5171366986,0.04343149867 0 0 0 0 0 0 0.04343149867 0 0 0 0 0 0 0.09511194909 0 0 0 0 0 0 0.0007643238982 0 0 0 0 0 0 0.0007643238982 0 0 0 0 0 0 0.001322999106
94,1785495438.650702953,map,7.8906760216,-4.2653937340,-1.1724581718,0.0321346618,0.0593364622,0.8532341495,0.5171441328,0.04335268751 0 0 0 0 0 0 0.04335268751 0 0 0 0 0 0 0.0949953039 0 0 0 0 0 0 0.0007624994179 0 0 0 0 0 0 0.0007624994179 0 0 0 0 0 0 0.001320598381
95,1785495438.750828981,map,7.8948955536,-4.2685432434,-1.1744134426,0.0320724196,0.0592515951,0.8533021238,0.5170455712,0.04324971549 0 0 0 0 0 0 0.04324971549 0 0 0 0 0 0 0.09484284737 0 0 0 0 0 0 0.0007601164032 0 0 0 0 0 0 0.0007601164032 0 0 0 0 0 0 0.001317461674
96,1785495438.850050926,map,7.8950538635,-4.2715740204,-1.1764900684,0.0320754587,0.0593779699,0.8533139226,0.5170113898,0.04337582598 0 0 0 0 0 0 0.04337582598 0 0 0 0 0 0 0.09502955377 0 0 0 0 0 0 0.0007630350198 0 0 0 0 0 0 0.0007630350198 0 0 0 0 0 0 0.001321303219
97,1785495438.951114893,map,7.8905005455,-4.2673630714,-1.1752238274,0.0327029325,0.0591602060,0.8533156758,0.5169941397,0.04358569677 0 0 0 0 0 0 0.04358569677 0 0 0 0 0 0 0.09534007224 0 0 0 0 0 0 0.0007678950979 0 0 0 0 0 0 0.0007678950979 0 0 0 0 0 0 0.001327696249
98,1785495439.050390005,map,7.8906865120,-4.2614960670,-1.1746206284,0.0324358585,0.0591252509,0.8533844353,0.5169014448,0.0431978185 0 0 0 0 0 0 0.0431978185 0 0 0 0 0 0 0.09476598829 0 0 0 0 0 0 0.0007589157247 0 0 0 0 0 0 0.0007589157247 0 0 0 0 0 0 0.001315880801
99,1785495439.150552988,map,7.8944907188,-4.2767210007,-1.1742799282,0.0321544258,0.0595265364,0.8533511096,0.5169279874,0.04327223059 0 0 0 0 0 0 0.04327223059 0 0 0 0 0 0 0.09487618741 0 0 0 0 0 0 0.0007606373789 0 0 0 0 0 0 0.0007606373789 0 0 0 0 0 0 0.001318147523
100,1785495439.250768900,map,7.8852429390,-4.2656164169,-1.1748934984,0.0328799915,0.0592210379,0.8533874285,0.5168574804,0.0434377032 0 0 0 0 0 0 0.0434377032 0 0 0 0 0 0 0.09512113069 0 0 0 0 0 0 0.0007644675553 0 0 0 0 0 0 0.0007644675553 0 0 0 0 0 0 0.001323188107
101,1785495439.351068020,map,7.8959102631,-4.2813291550,-1.1784895658,0.0324530765,0.0593526851,0.8535430069,0.5166124512,0.04304391773 0 0 0 0 0 0 0.04304391773 0 0 0 0 0 0 0.09453797405 0 0 0 0 0 0 0.0007553564522 0 0 0 0 0 0 0.0007553564522 0 0 0 0 0 0 0.001311192716
102,1785495439.450486898,map,7.8775472641,-4.2861022949,-1.1680701971,0.0327179989,0.0594325434,0.8536661997,0.5163829463,0.0435477273 0 0 0 0 0 0 0.0435477273 0 0 0 0 0 0 0.09528391175 0 0 0 0 0 0 0.0007670155469 0 0 0 0 0 0 0.0007670155469 0 0 0 0 0 0 0.001326539633
103,1785495439.550635099,map,7.8741917610,-4.2802834511,-1.1690188646,0.0327511635,0.0594458688,0.8536079511,0.5164756333,0.04341105173 0 0 0 0 0 0 0.04341105173 0 0 0 0 0 0 0.09508168971 0 0 0 0 0 0 0.0007638505008 0 0 0 0 0 0 0.0007638505008 0 0 0 0 0 0 0.001322376257
104,1785495439.650706053,map,7.8724980354,-4.3149695396,-1.1715902090,0.0321057089,0.0595324244,0.8529567665,0.5175807881,0.04356216724 0 0 0 0 0 0 0.04356216724 0 0 0 0 0 0 0.09530527074 0 0 0 0 0 0 0.0007673500295 0 0 0 0 0 0 0.0007673500295 0 0 0 0 0 0 0.001326979499
105,1785495439.750830889,map,7.8652768135,-4.3155479431,-1.1690936089,0.0323659442,0.0596073731,0.8529348256,0.5175921456,0.0436047694 0 0 0 0 0 0 0.0436047694 0 0 0 0 0 0 0.09536827951 0 0 0 0 0 0 0.0007683369551 0 0 0 0 0 0 0.0007683369551 0 0 0 0 0 0 0.001328277235
106,1785495439.850075960,map,7.8708062172,-4.3110446930,-1.1676032543,0.0326370629,0.0598797771,0.8530123695,0.5174158238,0.04338204538 0 0 0 0 0 0 0.04338204538 0 0 0 0 0 0 0.09503875931 0 0 0 0 0 0 0.0007631789922 0 0 0 0 0 0 0.0007631789922 0 0 0 0 0 0 0.001321492673
107,1785495439.950311899,map,7.8731627464,-4.3099479675,-1.1675233841,0.0321181364,0.0597810071,0.8531014304,0.5173128996,0.04353060375 0 0 0 0 0 0 0.04353060375 0 0 0 0 0 0 0.09525858177 0 0 0 0 0 0 0.0007666189245 0 0 0 0 0 0 0.0007666189245 0 0 0 0 0 0 0.001326018019
108,1785495440.050415993,map,7.8646125793,-4.3036508560,-1.1686891317,0.0333823930,0.0592466429,0.8530838811,0.5173232621,0.04339703532 0 0 0 0 0 0 0.04339703532 0 0 0 0 0 0 0.09506094551 0 0 0 0 0 0 0.0007635260063 0 0 0 0 0 0 0.0007635260063 0 0 0 0 0 0 0.001321949292
109,1785495440.150779963,map,7.8531866074,-4.3593945503,-1.1669356823,0.0328651468,0.0602037963,0.8526356546,0.5179843676,0.04363166462 0 0 0 0 0 0 0.04363166462 0 0 0 0 0 0 0.09540805251 0 0 0 0 0 0 0.0007689600905 0 0 0 0 0 0 0.0007689600905 0 0 0 0 0 0 0.00132909651
110,1785495440.249979019,map,7.8458971977,-4.3770575523,-1.1646020412,0.0327308943,0.0603385514,0.8516000342,0.5196780808,0.04329043716 0 0 0 0 0 0 0.04329043716 0 0 0 0 0 0 0.09490314539 0 0 0 0 0 0 0.0007610586912 0 0 0 0 0 0 0.0007610586912 0 0 0 0 0 0 0.001318702127
111,1785495440.349999905,map,7.8483200073,-4.3696537018,-1.1646270752,0.0326069000,0.0601187551,0.8519020899,0.5192161408,0.04355487445 0 0 0 0 0 0 0.04355487445 0 0 0 0 0 0 0.09529448367 0 0 0 0 0 0 0.0007671810991 0 0 0 0 0 0 0.0007671810991 0 0 0 0 0 0 0.001326757347
112,1785495440.450159073,map,7.8554205894,-4.3539991379,-1.1650869846,0.0326619614,0.0599304370,0.8521532268,0.5188221071,0.04316750993 0 0 0 0 0 0 0.04316750993 0 0 0 0 0 0 0.09472109459 0 0 0 0 0 0 0.0007582146175 0 0 0 0 0 0 0.0007582146175 0 0 0 0 0 0 0.001314957549
113,1785495440.550283909,map,7.8609619141,-4.3517136574,-1.1652829647,0.0322878059,0.0600767517,0.8524558253,0.5183313180,0.04341851536 0 0 0 0 0 0 0.04341851536 0 0 0 0 0 0 0.09509273538 0 0 0 0 0 0 0.0007640232981 0 0 0 0 0 0 0.0007640232981 0 0 0 0 0 0 0.001322603612
114,1785495440.650466919,map,7.8642258644,-4.3294744492,-1.1679621935,0.0329361265,0.0596162373,0.8524430404,0.5183647009,0.04335132532 0 0 0 0 0 0 0.04335132532 0 0 0 0 0 0 0.09499328748 0 0 0 0 0 0 0.0007624678878 0 0 0 0 0 0 0.0007624678878 0 0 0 0 0 0 0.001320556886
115,1785495440.750621080,map,7.8638091087,-4.3213334084,-1.1672474146,0.0326190395,0.0595272850,0.8526142745,0.5181133166,0.04331094528 0 0 0 0 0 0 0.04331094528 0 0 0 0 0 0 0.094933509 0 0 0 0 0 0 0.0007615332965 0 0 0 0 0 0 0.0007615332965 0 0 0 0 0 0 0.00131932684
116,1785495440.849910975,map,7.8658604622,-4.3169331551,-1.1681178808,0.0328024292,0.0597196418,0.8526907087,0.5179537723,0.04339489578 0 0 0 0 0 0 0.04339489578 0 0 0 0 0 0 0.09505777892 0 0 0 0 0 0 0.0007634764753 0 0 0 0 0 0 0.0007634764753 0 0 0 0 0 0 0.001321884118
117,1785495440.950042009,map,7.8704833984,-4.3229894638,-1.1694200039,0.0319347977,0.0598081498,0.8527817061,0.5178479697,0.04343113732 0 0 0 0 0 0 0.04343113732 0 0 0 0 0 0 0.09511141435 0 0 0 0 0 0 0.0007643155317 0 0 0 0 0 0 0.0007643155317 0 0 0 0 0 0 0.001322988099
118,1785495441.050295115,map,7.8711738586,-4.3126678467,-1.1664811373,0.0324824613,0.0596703280,0.8528917178,0.5176485841,0.04322788923 0 0 0 0 0 0 0.04322788923 0 0 0 0 0 0 0.09481052466 0 0 0 0 0 0 0.0007596114073 0 0 0 0 0 0 0.0007596114073 0 0 0 0 0 0 0.001316796808
119,1785495441.150340080,map,7.8700246811,-4.3096666336,-1.1688308716,0.0325472986,0.0595693702,0.8528005533,0.5178063663,0.04326755831 0 0 0 0 0 0 0.04326755831 0 0 0 0 0 0 0.094869269 0 0 0 0 0 0 0.0007605292637 0 0 0 0 0 0 0.0007605292637 0 0 0 0 0 0 0.001318005197
120,1785495441.250361919,map,7.8797268867,-4.3103404045,-1.1685596704,0.0319836476,0.0596180482,0.8528808622,0.5177035342,0.04339935274 0 0 0 0 0 0 0.04339935274 0 0 0 0 0 0 0.09506437536 0 0 0 0 0 0 0.000763579656 0 0 0 0 0 0 0.000763579656 0 0 0 0 0 0 0.001322019885
121,1785495441.349659920,map,7.8683466911,-4.2932758331,-1.1693834066,0.0328871593,0.0598232432,0.8530219915,0.5173906671,0.04339566183 0 0 0 0 0 0 0.04339566183 0 0 0 0 0 0 0.0950589127 0 0 0 0 0 0 0.0007634942096 0 0 0 0 0 0 0.0007634942096 0 0 0 0 0 0 0.001321907454
122,1785495441.449783087,map,7.8762269020,-4.2865748405,-1.1718323231,0.0325292490,0.0598392647,0.8530925527,0.5172950690,0.04328782271 0 0 0 0 0 0 0.04328782271 0 0 0 0 0 0 0.09489927435 0 0 0 0 0 0 0.0007609981893 0 0 0 0 0 0 0.0007609981893 0 0 0 0 0 0 0.001318622486
123,1785495441.549351931,map,7.8722553253,-4.2811198235,-1.1702926159,0.0326922377,0.0597955554,0.8530146000,0.5174184013,0.04336612394 0 0 0 0 0 0 0.04336612394 0 0 0 0 0 0 0.09501519305 0 0 0 0 0 0 0.0007628104346 0 0 0 0 0 0 0.0007628104346 0 0 0 0 0 0 0.001321007678
124,1785495441.650333881,map,7.8762741089,-4.2740206718,-1.1700596809,0.0331071829,0.0594889586,0.8531559830,0.5171942385,0.04355649894 0 0 0 0 0 0 0.04355649894 0 0 0 0 0 0 0.09529688654 0 0 0 0 0 0 0.0007672187284 0 0 0 0 0 0 0.0007672187284 0 0 0 0 0 0 0.001326806832
125,1785495441.749810934,map,7.8788623810,-4.2967576981,-1.1696857214,0.0314667214,0.0595778959,0.8529060260,0.5176984107,0.0433027955 0 0 0 0 0 0 0.0433027955 0 0 0 0 0 0 0.094921443 0 0 0 0 0 0 0.0007613446875 0 0 0 0 0 0 0.0007613446875 0 0 0 0 0 0 0.001319078583
126,1785495441.849881887,map,7.8860850334,-4.2928605080,-1.1720093489,0.0322271164,0.0595076589,0.8529263644,0.5176261592,0.04350608782 0 0 0 0 0 0 0.04350608782 0 0 0 0 0 0 0.09522231384 0 0 0 0 0 0 0.0007660511201 0 0 0 0 0 0 0.0007660511201 0 0 0 0 0 0 0.001325271222
127,1785495441.950114965,map,7.8880844116,-4.2918419838,-1.1709514856,0.0326434441,0.0590123073,0.8529287139,0.5176529308,0.04335845802 0 0 0 0 0 0 0.04335845802 0 0 0 0 0 0 0.09500384576 0 0 0 0 0 0 0.0007626329876 0 0 0 0 0 0 0.0007626329876 0 0 0 0 0 0 0.001320774161
128,1785495442.050329924,map,7.8889698982,-4.2866539955,-1.1745510101,0.0327563199,0.0593768374,0.8530503774,0.5174035480,0.04318805908 0 0 0 0 0 0 0.04318805908 0 0 0 0 0 0 0.09475153298 0 0 0 0 0 0 0.0007586899582 0 0 0 0 0 0 0.0007586899582 0 0 0 0 0 0 0.001315583512
129,1785495442.149733067,map,7.8827376366,-4.2852354050,-1.1728700399,0.0330864983,0.0592252754,0.8530571891,0.5173887086,0.04341959299 0 0 0 0 0 0 0.04341959299 0 0 0 0 0 0 0.09509433018 0 0 0 0 0 0 0.0007640482479 0 0 0 0 0 0 0.0007640482479 0 0 0 0 0 0 0.001322636439
130,1785495442.249936104,map,7.8875641823,-4.2970242500,-1.1745202541,0.0318371919,0.0594583355,0.8532731974,0.5170840730,0.04356887167 0 0 0 0 0 0 0.04356887167 0 0 0 0 0 0 0.09531518728 0 0 0 0 0 0 0.0007675053347 0 0 0 0 0 0 0.0007675053347 0 0 0 0 0 0 0.001327183727
131,1785495442.350284100,map,7.8846659660,-4.3042054176,-1.1728451252,0.0316329996,0.0594858206,0.8531726457,0.5172593269,0.0432350198 0 0 0 0 0 0 0.0432350198 0 0 0 0 0 0 0.09482108467 0 0 0 0 0 0 0.0007597763833 0 0 0 0 0 0 0.0007597763833 0 0 0 0 0 0 0.001317014017
132,1785495442.450529099,map,7.8900632858,-4.3012361526,-1.1726977825,0.0318739677,0.0593323644,0.8531226255,0.5173446921,0.04331399455 0 0 0 0 0 0 0.04331399455 0 0 0 0 0 0 0.09493802345 0 0 0 0 0 0 0.0007616038667 0 0 0 0 0 0 0.0007616038667 0 0 0 0 0 0 0.001319419726
133,1785495442.549712896,map,7.8805308342,-4.2918114662,-1.1762984991,0.0328732024,0.0593898584,0.8530937969,0.5173231180,0.04341022655 0 0 0 0 0 0 0.04341022655 0 0 0 0 0 0 0.09508046847 0 0 0 0 0 0 0.0007638313964 0 0 0 0 0 0 0.0007638313964 0 0 0 0 0 0 0.00132235112
134,1785495442.649858952,map,7.8816113472,-4.2957715988,-1.1759639978,0.0321087978,0.0595983731,0.8532488226,0.5170913350,0.04354266364 0 0 0 0 0 0 0.04354266364 0 0 0 0 0 0 0.0952764215 0 0 0 0 0 0 0.0007668982578 0 0 0 0 0 0 0.0007668982578 0 0 0 0 0 0 0.001326385385
135,1785495442.750119925,map,7.8690719604,-4.2886781693,-1.1687823534,0.0322407742,0.0600367572,0.8531010108,0.5172763160,0.04326384048 0 0 0 0 0 0 0.04326384048 0 0 0 0 0 0 0.09486376379 0 0 0 0 0 0 0.0007604432356 0 0 0 0 0 0 0.0007604432356 0 0 0 0 0 0 0.001317891946
136,1785495442.850130081,map,7.8685741425,-4.2850537300,-1.1695562601,0.0327207201,0.0593613596,0.8531229345,0.5172879827,0.04336745484 0 0 0 0 0 0 0.04336745484 0 0 0 0 0 0 0.09501716305 0 0 0 0 0 0 0.0007628412422 0 0 0 0 0 0 0.0007628412422 0 0 0 0 0 0 0.00132104822
137,1785495442.950367928,map,7.8729386330,-4.2875375748,-1.1702541113,0.0322979422,0.0595079779,0.8532876868,0.5170259589,0.04341102435 0 0 0 0 0 0 0.04341102435 0 0 0 0 0 0 0.09508164919 0 0 0 0 0 0 0.0007638498669 0 0 0 0 0 0 0.0007638498669 0 0 0 0 0 0 0.001322375423
138,1785495443.049598932,map,7.8763895035,-4.2907266617,-1.1710685492,0.0316829806,0.0593694820,0.8532314616,0.5171726222,0.04316472319 0 0 0 0 0 0 0.04316472319 0 0 0 0 0 0 0.09471696654 0 0 0 0 0 0 0.0007581501575 0 0 0 0 0 0 0.0007581501575 0 0 0 0 0 0 0.00131487266
139,1785495443.149811983,map,7.8667416573,-4.2730488777,-1.1720663309,0.0331526085,0.0596693084,0.8532096213,0.5170820846,0.04356252796 0 0 0 0 0 0 0.04356252796 0 0 0 0 0 0 0.09530580428 0 0 0 0 0 0 0.0007673583851 0 0 0 0 0 0 0.0007673583851 0 0 0 0 0 0 0.001326990487
140,1785495443.250076056,map,7.8717651367,-4.2880167961,-1.1713417768,0.0321682977,0.0599785943,0.8532701705,0.5170085436,0.04356584626 0 0 0 0 0 0 0.04356584626 0 0 0 0 0 0 0.09531071241 0 0 0 0 0 0 0.0007674352519 0 0 0 0 0 0 0.0007674352519 0 0 0 0 0 0 0.001327091568
141,1785495443.350562096,map,7.8765020370,-4.2848548889,-1.1700363159,0.0325288835,0.0596812033,0.8531867562,0.5171580139,0.04314139149 0 0 0 0 0 0 0.04314139149 0 0 0 0 0 0 0.09468240326 0 0 0 0 0 0 0.0007576104998 0 0 0 0 0 0 0.0007576104998 0 0 0 0 0 0 0.001314161936
142,1785495443.450715065,map,7.8825154305,-4.2836985588,-1.1701302528,0.0326227888,0.0595477143,0.8531246178,0.5172699497,0.04352177622 0 0 0 0 0 0 0.04352177622 0 0 0 0 0 0 0.09524552304 0 0 0 0 0 0 0.0007664144676 0 0 0 0 0 0 0.0007664144676 0 0 0 0 0 0 0.001325749118
143,1785495443.549992085,map,7.8853802681,-4.2812247276,-1.1738367081,0.0326063879,0.0594042964,0.8533387848,0.5169340913,0.04344050155 0 0 0 0 0 0 0.04344050155 0 0 0 0 0 0 0.09512527169 0 0 0 0 0 0 0.0007645323482 0 0 0 0 0 0 0.0007645323482 0 0 0 0 0 0 0.00132327335
144,1785495443.650274992,map,7.8763947487,-4.2785830498,-1.1715217829,0.0330068780,0.0594651901,0.8532843867,0.5169914952,0.04354575857 0 0 0 0 0 0 0.04354575857 0 0 0 0 0 0 0.09528099958 0 0 0 0 0 0 0.000766969945 0 0 0 0 0 0 0.000766969945 0 0 0 0 0 0 0.001326479662
145,1785495443.749706030,map,7.8813247681,-4.2708268166,-1.1718790531,0.0334944510,0.0590956495,0.8549662277,0.5142164933,0.04360893388 0 0 0 0 0 0 0.04360893388 0 0 0 0 0 0 0.09537443824 0 0 0 0 0 0 0.0007684334378 0 0 0 0 0 0 0.0007684334378 0 0 0 0 0 0 0.001328404092
146,1785495443.850054979,map,7.8833565712,-4.2738590240,-1.1738901138,0.0335503633,0.0588525727,0.8554811671,0.5133835814,0.04324837163 0 0 0 0 0 0 0.04324837163 0 0 0 0 0 0 0.09484085731 0 0 0 0 0 0 0.0007600853089 0 0 0 0 0 0 0.0007600853089 0 0 0 0 0 0 0.001317420738
147,1785495443.950197935,map,7.8923778534,-4.2633066177,-1.1756467819,0.0348628433,0.0592563085,0.8601410566,0.5054014851,0.04323368507 0 0 0 0 0 0 0.04323368507 0 0 0 0 0 0 0.09481910804 0 0 0 0 0 0 0.0007597455023 0 0 0 0 0 0 0.0007597455023 0 0 0 0 0 0 0.00131697336
148,1785495444.049441099,map,7.8576135635,-4.2666273117,-1.1692419052,0.0387111776,0.0587778457,0.8623612729,0.5013777853,0.04340579859 0 0 0 0 0 0 0.04340579859 0 0 0 0 0 0 0.09507391522 0 0 0 0 0 0 0.0007637288831 0 0 0 0 0 0 0.0007637288831 0 0 0 0 0 0 0.001322216237
149,1785495444.149461031,map,7.8586239815,-4.2600507736,-1.1706258059,0.0394174428,0.0580509303,0.8690093123,0.4897950281,0.04313343093 0 0 0 0 0 0 0.04313343093 0 0 0 0 0 0 0.09467060991 0 0 0 0 0 0 0.0007574263844 0 0 0 0 0 0 0.0007574263844 0 0 0 0 0 0 0.001313919444
150,1785495444.249598026,map,7.8099637032,-4.2653627396,-1.1629228592,0.0409345744,0.0572649692,0.8736164019,0.4814970974,0.04341828858 0 0 0 0 0 0 0.04341828858 0 0 0 0 0 0 0.09509239976 0 0 0 0 0 0 0.0007640180477 0 0 0 0 0 0 0.0007640180477 0 0 0 0 0 0 0.001322596704
151,1785495444.349968910,map,7.7969427109,-4.2512412071,-1.1647400856,0.0429972452,0.0561054981,0.8789214239,0.4716996539,0.04345936471 0 0 0 0 0 0 0.04345936471 0 0 0 0 0 0 0.09515318425 0 0 0 0 0 0 0.0007649691226 0 0 0 0 0 0 0.0007649691226 0 0 0 0 0 0 0.001323847954
152,1785495444.450339079,map,7.8015165329,-4.2446956635,-1.1613539457,0.0447996701,0.0551216764,0.8839033527,0.4622439161,0.04343899672 0 0 0 0 0 0 0.04343899672 0 0 0 0 0 0 0.09512304486 0 0 0 0 0 0 0.0007644975055 0 0 0 0 0 0 0.0007644975055 0 0 0 0 0 0 0.00132322751
153,1785495444.550585032,map,7.7932763100,-4.2462291718,-1.1574814320,0.0474280485,0.0549151490,0.8894961548,0.4511446484,0.04333176548 0 0 0 0 0 0 0.04333176548 0 0 0 0 0 0 0.0949643323 0 0 0 0 0 0 0.0007620151605 0 0 0 0 0 0 0.0007620151605 0 0 0 0 0 0 0.00131996106
154,1785495444.649785042,map,7.7829480171,-4.2084836960,-1.1592323780,0.0483111780,0.0532180349,0.8944337700,0.4413866010,0.04356724166 0 0 0 0 0 0 0.04356724166 0 0 0 0 0 0 0.09531277635 0 0 0 0 0 0 0.0007674675759 0 0 0 0 0 0 0.0007674675759 0 0 0 0 0 0 0.001327134074
155,1785495444.749943972,map,7.7915401459,-4.2004146576,-1.1618987322,0.0486319261,0.0522811121,0.8995785806,0.4308828180,0.04344141964 0 0 0 0 0 0 0.04344141964 0 0 0 0 0 0 0.09512663027 0 0 0 0 0 0 0.0007645536059 0 0 0 0 0 0 0.0007645536059 0 0 0 0 0 0 0.001323301316
156,1785495444.849252939,map,7.8124094009,-4.2148590088,-1.1628651619,0.0483344882,0.0517815531,0.9044887512,0.4205740719,0.04363075798 0 0 0 0 0 0 0.04363075798 0 0 0 0 0 0 0.09540671182 0 0 0 0 0 0 0.0007689390835 0 0 0 0 0 0 0.0007689390835 0 0 0 0 0 0 0.001329068892
157,1785495444.949502945,map,7.8128066063,-4.2032275200,-1.1596605778,0.0508594375,0.0524312552,0.9093672070,0.4095309244,0.04360231936 0 0 0 0 0 0 0.04360231936 0 0 0 0 0 0 0.09536465616 0 0 0 0 0 0 0.0007682801931 0 0 0 0 0 0 0.0007682801931 0 0 0 0 0 0 0.001328202602
158,1785495445.049653053,map,7.7930059433,-4.1791424751,-1.1649079323,0.0513601470,0.0496103794,0.9133836964,0.4007882077,0.04334592632 0 0 0 0 0 0 0.04334592632 0 0 0 0 0 0 0.09498529535 0 0 0 0 0 0 0.0007623429206 0 0 0 0 0 0 0.0007623429206 0 0 0 0 0 0 0.001320392423
159,1785495445.149149895,map,7.7979903221,-4.1667017937,-1.1692793369,0.0501594811,0.0482216228,0.9173174232,0.3920299214,0.04324786267 0 0 0 0 0 0 0.04324786267 0 0 0 0 0 0 0.09484010361 0 0 0 0 0 0 0.0007600735327 0 0 0 0 0 0 0.0007600735327 0 0 0 0 0 0 0.001317405234
160,1785495445.249355078,map,7.7937235832,-4.1835951805,-1.1681674719,0.0511803179,0.0480913053,0.9214345316,0.3821337525,0.04364172872 0 0 0 0 0 0 0.04364172872 0 0 0 0 0 0 0.0954229344 0 0 0 0 0 0 0.000769193281 0 0 0 0 0 0 0.000769193281 0 0 0 0 0 0 0.00132940308
161,1785495445.349560022,map,7.7874560356,-4.1921801567,-1.1633301973,0.0507486000,0.0476878726,0.9245111066,0.3747394416,0.04365284071 0 0 0 0 0 0 0.04365284071 0 0 0 0 0 0 0.0954393652 0 0 0 0 0 0 0.0007694507618 0 0 0 0 0 0 0.0007694507618 0 0 0 0 0 0 0.00132974157
162,1785495445.449702024,map,7.8107910156,-4.2571439743,-1.1667931080,0.0515479711,0.0467912753,0.9284466148,0.3648839115,0.04330391532 0 0 0 0 0 0 0.04330391532 0 0 0 0 0 0 0.09492310096 0 0 0 0 0 0 0.0007613706031 0 0 0 0 0 0 0.0007613706031 0 0 0 0 0 0 0.001319112695
163,1785495445.550033092,map,7.8001766205,-4.2231030464,-1.1702569723,0.0514240498,0.0460242761,0.9305014773,0.3597281611,0.04337392896 0 0 0 0 0 0 0.04337392896 0 0 0 0 0 0 0.09502674589 0 0 0 0 0 0 0.0007629911065 0 0 0 0 0 0 0.0007629911065 0 0 0 0 0 0 0.001321245433
164,1785495445.649450064,map,7.7913599014,-4.2100157738,-1.1642396450,0.0521069374,0.0454228703,0.9329162757,0.3533961881,0.0435964407 0 0 0 0 0 0 0.0435964407 0 0 0 0 0 0 0.09535596211 0 0 0 0 0 0 0.0007681439996 0 0 0 0 0 0 0.0007681439996 0 0 0 0 0 0 0.001328023528
165,1785495445.749820948,map,7.8006386757,-4.1769261360,-1.1666874886,0.0526805152,0.0453940319,0.9349767744,0.3478255204,0.04348142045 0 0 0 0 0 0 0.04348142045 0 0 0 0 0 0 0.09518581852 0 0 0 0 0 0 0.000765479859 0 0 0 0 0 0 0.000765479859 0 0 0 0 0 0 0.001324519811
166,1785495445.849170923,map,7.8000969887,-4.1767716408,-1.1682651043,0.0538576236,0.0455699033,0.9370187716,0.3420797564,0.04348035782 0 0 0 0 0 0 0.04348035782 0 0 0 0 0 0 0.09518424629 0 0 0 0 0 0 0.0007654552512 0 0 0 0 0 0 0.0007654552512 0 0 0 0 0 0 0.001324487441
167,1785495445.949228048,map,7.7969865799,-4.1707243919,-1.1634703875,0.0551814907,0.0465098773,0.9391447184,0.3358556727,0.04323288257 0 0 0 0 0 0 0.04323288257 0 0 0 0 0 0 0.09481791958 0 0 0 0 0 0 0.0007597269351 0 0 0 0 0 0 0.0007597269351 0 0 0 0 0 0 0.001316948914
168,1785495446.049406052,map,7.7828440666,-4.1862459183,-1.1593203545,0.0566526998,0.0466222128,0.9414171400,0.3291665301,0.04356962799 0 0 0 0 0 0 0.04356962799 0 0 0 0 0 0 0.09531630593 0 0 0 0 0 0 0.0007675228548 0 0 0 0 0 0 0.0007675228548 0 0 0 0 0 0 0.001327206766
169,1785495446.149697065,map,7.7941384315,-4.1858005524,-1.1586140394,0.0554334011,0.0458707990,0.9427824132,0.3255523325,0.04323454036 0 0 0 0 0 0 0.04323454036 0 0 0 0 0 0 0.09482037466 0 0 0 0 0 0 0.0007597652908 0 0 0 0 0 0 0.0007597652908 0 0 0 0 0 0 0.001316999413
170,1785495446.249042034,map,7.8038210869,-4.2001996040,-1.1638326645,0.0560412999,0.0433504879,0.9452107272,0.3186797707,0.0437833482 0 0 0 0 0 0 0.0437833482 0 0 0 0 0 0 0.09563228997 0 0 0 0 0 0 0.0007724755774 0 0 0 0 0 0 0.0007724755774 0 0 0 0 0 0 0.001333717056
171,1785495446.349375963,map,7.8029298782,-4.2116956711,-1.1580462456,0.0569531039,0.0434398732,0.9462622372,0.3153681914,0.04373983944 0 0 0 0 0 0 0.04373983944 0 0 0 0 0 0 0.09556798281 0 0 0 0 0 0 0.0007714670029 0 0 0 0 0 0 0.0007714670029 0 0 0 0 0 0 0.001332391703
172,1785495446.449839115,map,7.8095860481,-4.2065024376,-1.1604321003,0.0605213817,0.0410398970,0.9490162276,0.3066286064,0.04365706664 0 0 0 0 0 0 0.04365706664 0 0 0 0 0 0 0.0954456137 0 0 0 0 0 0 0.0007695486853 0 0 0 0 0 0 0.0007695486853 0 0 0 0 0 0 0.001329870299
173,1785495446.549367905,map,7.8117852211,-4.1874670982,-1.1537364721,0.0588710549,0.0411631161,0.9504114985,0.3025851446,0.04349157308 0 0 0 0 0 0 0.04349157308 0 0 0 0 0 0 0.09520083971 0 0 0 0 0 0 0.0007657149731 0 0 0 0 0 0 0.0007657149731 0 0 0 0 0 0 0.001324829077
174,1785495446.649688005,map,7.8244132996,-4.1715483665,-1.1550896168,0.0596939231,0.0394215653,0.9534505695,0.2929412911,0.04358576638 0 0 0 0 0 0 0.04358576638 0 0 0 0 0 0 0.0953401752 0 0 0 0 0 0 0.0007678967106 0 0 0 0 0 0 0.0007678967106 0 0 0 0 0 0 0.00132769837
175,1785495446.748944998,map,7.8152556419,-4.2523064613,-1.1551394463,0.0632112194,0.0383382198,0.9544716842,0.2889953864,0.04409286668 0 0 0 0 0 0 0.04409286668 0 0 0 0 0 0 0.09608946972 0 0 0 0 0 0 0.0007796550398 0 0 0 0 0 0 0.0007796550398 0 0 0 0 0 0 0.001343145528
176,1785495446.849490881,map,7.8013014793,-4.2343478203,-1.1523749828,0.0638280721,0.0358520204,0.9567296390,0.2816185336,0.04321768355 0 0 0 0 0 0 0.04321768355 0 0 0 0 0 0 0.09479541006 0 0 0 0 0 0 0.0007593752916 0 0 0 0 0 0 0.0007593752916 0 0 0 0 0 0 0.001316485925
177,1785495446.949672937,map,7.7859430313,-4.2157711983,-1.1572062969,0.0599003271,0.0351113730,0.9590353010,0.2746460112,0.04383320267 0 0 0 0 0 0 0.04383320267 0 0 0 0 0 0 0.09570596358 0 0 0 0 0 0 0.0007736314452 0 0 0 0 0 0 0.0007736314452 0 0 0 0 0 0 0.00133523571
178,1785495447.048916101,map,7.7641248703,-4.2057390213,-1.1565771103,0.0612833853,0.0317225381,0.9605221898,0.2695090827,0.04321967653 0 0 0 0 0 0 0.04321967653 0 0 0 0 0 0 0.09479836171 0 0 0 0 0 0 0.0007594214 0 0 0 0 0 0 0.0007594214 0 0 0 0 0 0 0.001316546635
179,1785495447.149368048,map,7.7634558678,-4.1872568130,-1.1552078724,0.0643155776,0.0326369873,0.9609715758,0.2670804659,0.04322454459 0 0 0 0 0 0 0.04322454459 0 0 0 0 0 0 0.09480557132 0 0 0 0 0 0 0.0007595340258 0 0 0 0 0 0 0.0007595340258 0 0 0 0 0 0 0.001316694925
180,1785495447.249625921,map,7.7851614952,-4.1681184769,-1.1543115377,0.0697722059,0.0290602496,0.9599719663,0.2697057153,0.04319988567 0 0 0 0 0 0 0.04319988567 0 0 0 0 0 0 0.09476905005 0 0 0 0 0 0 0.000758963546 0 0 0 0 0 0 0.000758963546 0 0 0 0 0 0 0.001315943771
181,1785495447.348818064,map,7.7836513519,-4.1176404953,-1.1679977179,0.0754400403,0.0276628822,0.9588956306,0.2721446947,0.04314143191 0 0 0 0 0 0 0.04314143191 0 0 0 0 0 0 0.09468246315 0 0 0 0 0 0 0.0007576114348 0 0 0 0 0 0 0.0007576114348 0 0 0 0 0 0 0.001314163167
182,1785495447.449228048,map,7.7459044456,-4.1034541130,-1.1735755205,0.0789031238,0.0281798265,0.9555591394,0.2826427499,0.04280121842 0 0 0 0 0 0 0.04280121842 0 0 0 0 0 0 0.09417812909 0 0 0 0 0 0 0.0007497476384 0 0 0 0 0 0 0.0007497476384 0 0 0 0 0 0 0.001303799672
183,1785495447.549590111,map,7.7709679604,-4.0795097351,-1.1563924551,0.0765578557,0.0258944620,0.9543811463,0.2874456429,0.04283081844 0 0 0 0 0 0 0.04283081844 0 0 0 0 0 0 0.09422203415 0 0 0 0 0 0 0.0007504314285 0 0 0 0 0 0 0.0007504314285 0 0 0 0 0 0 0.00130470134
184,1785495447.648853064,map,7.7432045937,-4.0720963478,-1.1747399569,0.0781020477,0.0270136065,0.9511439889,0.2974818221,0.0431839065 0 0 0 0 0 0 0.0431839065 0 0 0 0 0 0 0.09474538217 0 0 0 0 0 0 0.0007585938982 0 0 0 0 0 0 0.0007585938982 0 0 0 0 0 0 0.001315457017
185,1785495447.749209881,map,7.7425875664,-4.0811567307,-1.1657092571,0.0775908871,0.0269228708,0.9489973226,0.3043992202,0.04292447154 0 0 0 0 0 0 0.04292447154 0 0 0 0 0 0 0.09436091519 0 0 0 0 0 0 0.0007525954043 0 0 0 0 0 0 0.0007525954043 0 0 0 0 0 0 0.001307554177
186,1785495447.848512888,map,7.7621150017,-4.0648946762,-1.1619791985,0.0761803868,0.0262095669,0.9454615058,0.3156139119,0.04319836071 0 0 0 0 0 0 0.04319836071 0 0 0 0 0 0 0.09476679139 0 0 0 0 0 0 0.0007589282681 0 0 0 0 0 0 0.0007589282681 0 0 0 0 0 0 0.001315897318
187,1785495447.949485064,map,7.7645726204,-4.0435495377,-1.1763180494,0.0787826197,0.0276627265,0.9424021823,0.3238922590,0.04296943089 0 0 0 0 0 0 0.04296943089 0 0 0 0 0 0 0.09442756925 0 0 0 0 0 0 0.0007536345151 0 0 0 0 0 0 0.0007536345151 0 0 0 0 0 0 0.001308923717
188,1785495448.048907995,map,7.7499923706,-4.0346179008,-1.1690357924,0.0787110699,0.0276636977,0.9394171742,0.3324675073,0.04278517194 0 0 0 0 0 0 0.04278517194 0 0 0 0 0 0 0.09415432563 0 0 0 0 0 0 0.0007493769802 0 0 0 0 0 0 0.0007493769802 0 0 0 0 0 0 0.001303310868
189,1785495448.149271965,map,7.7648639679,-4.0605263710,-1.1733330488,0.0784669606,0.0272498655,0.9365360390,0.3405886299,0.04273549454 0 0 0 0 0 0 0.04273549454 0 0 0 0 0 0 0.09408062462 0 0 0 0 0 0 0.0007482296206 0 0 0 0 0 0 0.0007482296206 0 0 0 0 0 0 0.001301797608
190,1785495448.249659061,map,7.7744288445,-4.0658898354,-1.1648607254,0.0750434832,0.0273837015,0.9337260899,0.3489616076,0.04284490107 0 0 0 0 0 0 0.04284490107 0 0 0 0 0 0 0.09424292086 0 0 0 0 0 0 0.0007507567778 0 0 0 0 0 0 0.0007507567778 0 0 0 0 0 0 0.001305130321
191,1785495448.349092960,map,7.7524046898,-4.0330419540,-1.1838221550,0.0770741711,0.0298139471,0.9313430551,0.3546418332,0.04312936358 0 0 0 0 0 0 0.04312936358 0 0 0 0 0 0 0.0946645841 0 0 0 0 0 0 0.0007573323149 0 0 0 0 0 0 0.0007573323149 0 0 0 0 0 0 0.001313795545
192,1785495448.449238062,map,7.7594799995,-4.0450787544,-1.1728135347,0.0758428594,0.0292954399,0.9275644247,0.3647106867,0.0433859277 0 0 0 0 0 0 0.0433859277 0 0 0 0 0 0 0.09504450555 0 0 0 0 0 0 0.0007632688654 0 0 0 0 0 0 0.0007632688654 0 0 0 0 0 0 0.001321610935
193,1785495448.549432039,map,7.7885613441,-4.0808749199,-1.1769810915,0.0760325718,0.0286118818,0.9237291311,0.3743326107,0.04293526599 0 0 0 0 0 0 0.04293526599 0 0 0 0 0 0 0.09437691942 0 0 0 0 0 0 0.0007528448722 0 0 0 0 0 0 0.0007528448722 0 0 0 0 0 0 0.001307882994
194,1785495448.648749113,map,7.7438549995,-4.0593314171,-1.1729618311,0.0778979095,0.0269267257,0.9193074793,0.3848124762,0.04271172556 0 0 0 0 0 0 0.04271172556 0 0 0 0 0 0 0.0940453562 0 0 0 0 0 0 0.0007476807224 0 0 0 0 0 0 0.0007476807224 0 0 0 0 0 0 0.001301073563
195,1785495448.749059916,map,7.7982888222,-4.0703701973,-1.1849808693,0.0771086151,0.0272958396,0.9160767151,0.3925718390,0.0428146759 0 0 0 0 0 0 0.0428146759 0 0 0 0 0 0 0.09419809089 0 0 0 0 0 0 0.0007500585103 0 0 0 0 0 0 0.0007500585103 0 0 0 0 0 0 0.00130420961
196,1785495448.849306107,map,7.7636213303,-4.0614995956,-1.1790510416,0.0775793988,0.0288261669,0.9104902612,0.4051641407,0.04268734433 0 0 0 0 0 0 0.04268734433 0 0 0 0 0 0 0.09400917601 0 0 0 0 0 0 0.0007471177363 0 0 0 0 0 0 0.0007471177363 0 0 0 0 0 0 0.001300330869
197,1785495448.948558092,map,7.7219672203,-4.0592598915,-1.1718178988,0.0786328035,0.0310576224,0.9051935599,0.4165055963,0.04279844517 0 0 0 0 0 0 0.04279844517 0 0 0 0 0 0 0.09417401534 0 0 0 0 0 0 0.0007496835774 0 0 0 0 0 0 0.0007496835774 0 0 0 0 0 0 0.001303715194
198,1785495449.048813105,map,7.7095861435,-4.0295939445,-1.1583955288,0.0786094130,0.0306349520,0.9005402794,0.4265082191,0.0441764085 0 0 0 0 0 0 0.0441764085 0 0 0 0 0 0 0.09621277776 0 0 0 0 0 0 0.0007815941953 0 0 0 0 0 0 0.0007815941953 0 0 0 0 0 0 0.001345690357
199,1785495449.149168015,map,7.7003345490,-4.0375437737,-1.1621898413,0.0775799961,0.0292403314,0.8993201771,0.4293594973,0.04293025986 0 0 0 0 0 0 0.04293025986 0 0 0 0 0 0 0.09436949724 0 0 0 0 0 0 0.0007527291755 0 0 0 0 0 0 0.0007527291755 0 0 0 0 0 0 0.001307730499
200,1785495449.248466015,map,7.6985177994,-4.0010404587,-1.1567420959,0.0750843522,0.0266446026,0.9000708949,0.4283979505,0.04292214079 0 0 0 0 0 0 0.04292214079 0 0 0 0 0 0 0.09435745944 0 0 0 0 0 0 0.0007525415401 0 0 0 0 0 0 0.0007525415401 0 0 0 0 0 0 0.001307483178
201,1785495449.349567890,map,7.6887245178,-4.0021920204,-1.1573357582,0.0750528444,0.0268567892,0.8997836105,0.4289932995,0.04280429888 0 0 0 0 0 0 0.04280429888 0 0 0 0 0 0 0.0941826985 0 0 0 0 0 0 0.0007498187966 0 0 0 0 0 0 0.0007498187966 0 0 0 0 0 0 0.001303893508
202,1785495449.448721886,map,7.6699419022,-3.9992682934,-1.1536667347,0.0764353507,0.0267891000,0.9016312102,0.4248542715,0.04319744186 0 0 0 0 0 0 0.04319744186 0 0 0 0 0 0 0.09476543044 0 0 0 0 0 0 0.0007589070117 0 0 0 0 0 0 0.0007589070117 0 0 0 0 0 0 0.001315869328
203,1785495449.548907042,map,7.6112484932,-3.9919872284,-1.1276496649,0.0785014914,0.0277411176,0.9022428778,0.4231143347,0.04278421798 0 0 0 0 0 0 0.04278421798 0 0 0 0 0 0 0.09415291047 0 0 0 0 0 0 0.0007493549453 0 0 0 0 0 0 0.0007493549453 0 0 0 0 0 0 0.001303281809
204,1785495449.649141073,map,7.5866322517,-3.9743092060,-1.1343221664,0.0822259406,0.0286669332,0.9059226991,0.4143925050,0.0428395415 0 0 0 0 0 0 0.0428395415 0 0 0 0 0 0 0.09423497193 0 0 0 0 0 0 0.0007506329543 0 0 0 0 0 0 0.0007506329543 0 0 0 0 0 0 0.00130496706
205,1785495449.749274015,map,7.4964866638,-3.9626841545,-1.1205279827,0.0815748399,0.0272780190,0.9092710062,0.4072194730,0.04287273831 0 0 0 0 0 0 0.04287273831 0 0 0 0 0 0 0.09428420451 0 0 0 0 0 0 0.0007513999482 0 0 0 0 0 0 0.0007513999482 0 0 0 0 0 0 0.001305978292
206,1785495449.848632097,map,7.5391955376,-3.9301633835,-1.1234365702,0.0821877523,0.0273152900,0.9149393213,0.3941891488,0.04275538616 0 0 0 0 0 0 0.04275538616 0 0 0 0 0 0 0.09411013736 0 0 0 0 0 0 0.0007486890162 0 0 0 0 0 0 0.0007486890162 0 0 0 0 0 0 0.001302403541
207,1785495449.948101997,map,7.5080018044,-3.9333965778,-1.1206303835,0.0822337176,0.0269304422,0.9189199349,0.3848356987,0.04293443603 0 0 0 0 0 0 0.04293443603 0 0 0 0 0 0 0.09437568892 0 0 0 0 0 0 0.0007528256909 0 0 0 0 0 0 0.0007528256909 0 0 0 0 0 0 0.001307857712
208,1785495450.048582077,map,7.4810447693,-3.8613874912,-1.1094744205,0.0819959174,0.0243615929,0.9262423273,0.3670944379,0.04281464877 0 0 0 0 0 0 0.04281464877 0 0 0 0 0 0 0.09419805064 0 0 0 0 0 0 0.0007500578835 0 0 0 0 0 0 0.0007500578835 0 0 0 0 0 0 0.001304208784
209,1785495450.148680925,map,7.4871473312,-3.8625900745,-1.1149543524,0.0827469650,0.0241058308,0.9274743208,0.3638175615,0.04284992635 0 0 0 0 0 0 0.04284992635 0 0 0 0 0 0 0.09425037386 0 0 0 0 0 0 0.0007508728802 0 0 0 0 0 0 0.0007508728802 0 0 0 0 0 0 0.0013052834
210,1785495450.248894930,map,7.4666981697,-3.8801734447,-1.1141682863,0.0844353041,0.0232572522,0.9312832625,0.3536117743,0.04291600352 0 0 0 0 0 0 0.04291600352 0 0 0 0 0 0 0.09434835973 0 0 0 0 0 0 0.0007523997088 0 0 0 0 0 0 0.0007523997088 0 0 0 0 0 0 0.001307296226
211,1785495450.349345922,map,7.5003461838,-3.8954174519,-1.1181461811,0.0854597497,0.0226742750,0.9338244708,0.3466329046,0.04349516675 0 0 0 0 0 0 0.04349516675 0 0 0 0 0 0 0.09520615654 0 0 0 0 0 0 0.0007657981973 0 0 0 0 0 0 0.0007657981973 0 0 0 0 0 0 0.001324938547
212,1785495450.448597908,map,7.5395984650,-3.9088397026,-1.1277288198,0.0855538994,0.0215596113,0.9389770396,0.3324723010,0.04290531514 0 0 0 0 0 0 0.04290531514 0 0 0 0 0 0 0.09433251159 0 0 0 0 0 0 0.0007521527097 0 0 0 0 0 0 0.0007521527097 0 0 0 0 0 0 0.001306970639
213,1785495450.548806906,map,7.4885196686,-3.9572646618,-1.1225305796,0.0857079371,0.0201063217,0.9437860902,0.3186184099,0.04280670896 0 0 0 0 0 0 0.04280670896 0 0 0 0 0 0 0.09418627346 0 0 0 0 0 0 0.0007498744697 0 0 0 0 0 0 0.0007498744697 0 0 0 0 0 0 0.001303966923
214,1785495450.648957014,map,7.4713602066,-3.9204759598,-1.1267055273,0.0866233312,0.0185586983,0.9494191339,0.3012561853,0.04284080949 0 0 0 0 0 0 0.04284080949 0 0 0 0 0 0 0.09423685253 0 0 0 0 0 0 0.0007506622487 0 0 0 0 0 0 0.0007506622487 0 0 0 0 0 0 0.001305005685
215,1785495450.749181986,map,7.4621944427,-3.8910901546,-1.1213119030,0.0824812533,0.0153538445,0.9553556917,0.2832959258,0.04279823673 0 0 0 0 0 0 0.04279823673 0 0 0 0 0 0 0.09417370615 0 0 0 0 0 0 0.0007496787627 0 0 0 0 0 0 0.0007496787627 0 0 0 0 0 0 0.001303708845
216,1785495450.848906994,map,7.5412836075,-3.8839230537,-1.1424199343,0.0785150572,0.0147467698,0.9600309267,0.2682508630,0.04313775967 0 0 0 0 0 0 0.04313775967 0 0 0 0 0 0 0.09467702286 0 0 0 0 0 0 0.0007575265007 0 0 0 0 0 0 0.0007575265007 0 0 0 0 0 0 0.001314051304
217,1785495450.949321985,map,7.4978456497,-3.8919856548,-1.1352182627,0.0755240813,0.0143450054,0.9635733840,0.2561574951,0.04276753336 0 0 0 0 0 0 0.04276753336 0 0 0 0 0 0 0.09412815877 0 0 0 0 0 0 0.0007489695716 0 0 0 0 0 0 0.0007489695716 0 0 0 0 0 0 0.001302773566
218,1785495451.048682928,map,7.4989247322,-3.9230203629,-1.1221532822,0.0709463640,0.0132668298,0.9684320436,0.2386000106,0.04306135122 0 0 0 0 0 0 0.04306135122 0 0 0 0 0 0 0.09456380957 0 0 0 0 0 0 0.0007557595363 0 0 0 0 0 0 0.0007557595363 0 0 0 0 0 0 0.00131172377
219,1785495451.148902893,map,7.5314998627,-3.9395632744,-1.1145755053,0.0647348384,0.0134121999,0.9723839053,0.2238281794,0.04295807953 0 0 0 0 0 0 0.04295807953 0 0 0 0 0 0 0.09441074146 0 0 0 0 0 0 0.0007533721434 0 0 0 0 0 0 0.0007533721434 0 0 0 0 0 0 0.001308577935
220,1785495451.248246908,map,7.5405273438,-3.9383988380,-1.1178293228,0.0632536631,0.0122230090,0.9766040641,0.2051683841,0.04323017117 0 0 0 0 0 0 0.04323017117 0 0 0 0 0 0 0.09481390413 0 0 0 0 0 0 0.0007596642029 0 0 0 0 0 0 0.0007596642029 0 0 0 0 0 0 0.00131686632
221,1785495451.348601103,map,7.4923934937,-3.9555466175,-1.1050164700,0.0621145942,0.0117742353,0.9800259247,0.1885532338,0.04287826415 0 0 0 0 0 0 0.04287826415 0 0 0 0 0 0 0.09429239901 0 0 0 0 0 0 0.0007515276288 0 0 0 0 0 0 0.0007515276288 0 0 0 0 0 0 0.001306146619
222,1785495451.448751926,map,7.5246982574,-3.9403424263,-1.1102824211,0.0630640366,0.0092389844,0.9833590472,0.1701250990,0.04299028811 0 0 0 0 0 0 0.04299028811 0 0 0 0 0 0 0.09445848706 0 0 0 0 0 0 0.0007541166304 0 0 0 0 0 0 0.0007541166304 0 0 0 0 0 0 0.001309559064
223,1785495451.548172951,map,7.5155897141,-3.9581313133,-1.1088643074,0.0637624622,0.0082287116,0.9861740974,0.1527326941,0.04325076156 0 0 0 0 0 0 0.04325076156 0 0 0 0 0 0 0.09484439644 0 0 0 0 0 0 0.0007601406072 0 0 0 0 0 0 0.0007601406072 0 0 0 0 0 0 0.001317493539
224,1785495451.648359060,map,7.4971270561,-3.9341597557,-1.1126406193,0.0634954046,0.0056469475,0.9890617033,0.1330165368,0.04306746934 0 0 0 0 0 0 0.04306746934 0 0 0 0 0 0 0.09457287589 0 0 0 0 0 0 0.0007559010009 0 0 0 0 0 0 0.0007559010009 0 0 0 0 0 0 0.001311910139
225,1785495451.748536110,map,7.5359883308,-3.9425187111,-1.1142120361,0.0626423084,0.0034827181,0.9911371138,0.1170940510,0.04286477457 0 0 0 0 0 0 0.04286477457 0 0 0 0 0 0 0.09427239443 0 0 0 0 0 0 0.0007512159417 0 0 0 0 0 0 0.0007512159417 0 0 0 0 0 0 0.001305735703
226,1785495451.848891973,map,7.5310359001,-3.9371378422,-1.1139819622,0.0627230702,0.0019682592,0.9930685517,0.0993820686,0.04312247419 0 0 0 0 0 0 0.04312247419 0 0 0 0 0 0 0.09465437721 0 0 0 0 0 0 0.0007571729806 0 0 0 0 0 0 0.0007571729806 0 0 0 0 0 0 0.001313585682
227,1785495451.948299885,map,7.5160565376,-4.0056176186,-1.1082822084,0.0628292757,0.0007191919,0.9946315730,0.0822192175,0.04303699804 0 0 0 0 0 0 0.04303699804 0 0 0 0 0 0 0.09452771896 0 0 0 0 0 0 0.0007551964674 0 0 0 0 0 0 0.0007551964674 0 0 0 0 0 0 0.00131098193
228,1785495452.048491001,map,7.4920229912,-3.9876661301,-1.1022647619,0.0629997275,-0.0004022392,0.9961857248,0.0603727469,0.04325605542 0 0 0 0 0 0 0.04325605542 0 0 0 0 0 0 0.09485223573 0 0 0 0 0 0 0.0007602630981 0 0 0 0 0 0 0.0007602630981 0 0 0 0 0 0 0.001317654799
229,1785495452.148870945,map,7.5075874329,-3.9911007881,-1.1102304459,0.0627600244,-0.0019903078,0.9973707652,0.0361769272,0.04291987854 0 0 0 0 0 0 0.04291987854 0 0 0 0 0 0 0.09435410523 0 0 0 0 0 0 0.0007524892595 0 0 0 0 0 0 0.0007524892595 0 0 0 0 0 0 0.001307414266
230,1785495452.248162985,map,7.4906477928,-3.9952778816,-1.1086142063,0.0630149842,-0.0031210274,0.9978555694,0.0174251950,0.04313993083 0 0 0 0 0 0 0.04313993083 0 0 0 0 0 0 0.09468023937 0 0 0 0 0 0 0.0007575767168 0 0 0 0 0 0 0.0007575767168 0 0 0 0 0 0 0.001314117442
231,1785495452.348536968,map,7.4832048416,-3.9921143055,-1.1071370840,0.0643275592,-0.0032159907,0.9979181076,-0.0033264911,0.04286905934 0 0 0 0 0 0 0.04286905934 0 0 0 0 0 0 0.09427874871 0 0 0 0 0 0 0.000751314943 0 0 0 0 0 0 0.000751314943 0 0 0 0 0 0 0.001305866224
232,1785495452.448662043,map,7.4781298637,-3.9846789837,-1.1081100702,0.0654634762,-0.0036685556,0.9975431182,-0.0246738876,0.0427871191 0 0 0 0 0 0 0.0427871191 0 0 0 0 0 0 0.09415721415 0 0 0 0 0 0 0.0007494219566 0 0 0 0 0 0 0.0007494219566 0 0 0 0 0 0 0.001303370182
233,1785495452.549010992,map,7.4941706657,-3.9862542152,-1.1077044010,0.0658859653,-0.0063544962,0.9967836870,-0.0451766860,0.04281723545 0 0 0 0 0 0 0.04281723545 0 0 0 0 0 0 0.09420188741 0 0 0 0 0 0 0.0007501176385 0 0 0 0 0 0 0.0007501176385 0 0 0 0 0 0 0.001304287579
234,1785495452.648294926,map,7.5106234550,-4.0023703575,-1.1087918282,0.0648902674,-0.0072495516,0.9959513095,-0.0617874651,0.04295614801 0 0 0 0 0 0 0.04295614801 0 0 0 0 0 0 0.09440787801 0 0 0 0 0 0 0.0007533275 0 0 0 0 0 0 0.0007533275 0 0 0 0 0 0 0.001308519097
235,1785495452.748744965,map,7.4849715233,-3.9863393307,-1.1104782820,0.0641229171,-0.0084127686,0.9946097595,-0.0810487719,0.04286378875 0 0 0 0 0 0 0.04286378875 0 0 0 0 0 0 0.09427093246 0 0 0 0 0 0 0.0007511931643 0 0 0 0 0 0 0.0007511931643 0 0 0 0 0 0 0.001305705673
236,1785495452.848217964,map,7.4773521423,-3.9842941761,-1.1115278006,0.0644804050,-0.0092128911,0.9930299201,-0.0982292389,0.04301792222 0 0 0 0 0 0 0.04301792222 0 0 0 0 0 0 0.09449944689 0 0 0 0 0 0 0.0007547554515 0 0 0 0 0 0 0.0007547554515 0 0 0 0 0 0 0.001310400847
237,1785495452.948604107,map,7.4594984055,-3.9872746468,-1.1033797264,0.0646022215,-0.0119699846,0.9911938671,-0.1149695817,0.04274118278 0 0 0 0 0 0 0.04274118278 0 0 0 0 0 0 0.09408906435 0 0 0 0 0 0 0.0007483609865 0 0 0 0 0 0 0.0007483609865 0 0 0 0 0 0 0.001301970882
238,1785495453.048947096,map,7.4870004654,-4.0018634796,-1.1148973703,0.0656344378,-0.0168875089,0.9892886986,-0.1292857393,0.04355332639 0 0 0 0 0 0 0.04355332639 0 0 0 0 0 0 0.09529219384 0 0 0 0 0 0 0.0007671452405 0 0 0 0 0 0 0.0007671452405 0 0 0 0 0 0 0.001326710191
239,1785495453.148159981,map,7.4781985283,-4.0461349487,-1.1125801802,0.0657309011,-0.0208022991,0.9870557764,-0.1448020036,0.04283099196 0 0 0 0 0 0 0.04283099196 0 0 0 0 0 0 0.09422229151 0 0 0 0 0 0 0.0007504354372 0 0 0 0 0 0 0.0007504354372 0 0 0 0 0 0 0.001304706626
240,1785495453.248739958,map,7.4615955353,-4.0497045517,-1.1129316092,0.0675491129,-0.0236797718,0.9852109871,-0.1556782059,0.0435702174 0 0 0 0 0 0 0.0435702174 0 0 0 0 0 0 0.09531717772 0 0 0 0 0 0 0.0007675365085 0 0 0 0 0 0 0.0007675365085 0 0 0 0 0 0 0.00132722472
241,1785495453.348999977,map,7.4376025200,-4.0429182053,-1.1112625599,0.0710450321,-0.0247224556,0.9825510733,-0.1701023057,0.04285462932 0 0 0 0 0 0 0.04285462932 0 0 0 0 0 0 0.09425734871 0 0 0 0 0 0 0.0007509815384 0 0 0 0 0 0 0.0007509815384 0 0 0 0 0 0 0.001305426661
242,1785495453.448164940,map,7.5274386406,-4.0682034492,-1.1286526918,0.0717676141,-0.0267308444,0.9798668690,-0.1843794997,0.04296388761 0 0 0 0 0 0 0.04296388761 0 0 0 0 0 0 0.09441935172 0 0 0 0 0 0 0.0007535063882 0 0 0 0 0 0 0.0007535063882 0 0 0 0 0 0 0.001308754859
243,1785495453.548300982,map,7.5074911118,-4.0604858398,-1.1180011034,0.0724351688,-0.0262338731,0.9783863431,-0.1918986871,0.04281373024 0 0 0 0 0 0 0.04281373024 0 0 0 0 0 0 0.0941966882 0 0 0 0 0 0 0.0007500366648 0 0 0 0 0 0 0.0007500366648 0 0 0 0 0 0 0.001304180804
244,1785495453.648405075,map,7.5218315125,-3.9871697426,-1.1217085123,0.0658104555,-0.0283721274,0.9787692961,-0.1920278096,0.04282157607 0 0 0 0 0 0 0.04282157607 0 0 0 0 0 0 0.09420832568 0 0 0 0 0 0 0.0007502179125 0 0 0 0 0 0 0.0007502179125 0 0 0 0 0 0 0.001304419801
245,1785495453.748985052,map,7.4969387054,-4.0228676796,-1.1109603643,0.0701639342,-0.0276664547,0.9785427844,-0.1917436188,0.04322912686 0 0 0 0 0 0 0.04322912686 0 0 0 0 0 0 0.09481235755 0 0 0 0 0 0 0.0007596400414 0 0 0 0 0 0 0.0007596400414 0 0 0 0 0 0 0.001316834508
246,1785495453.848185062,map,7.5416703224,-4.0302591324,-1.1194183826,0.0721785543,-0.0273490396,0.9783580904,-0.1919836725,0.04347743219 0 0 0 0 0 0 0.04347743219 0 0 0 0 0 0 0.09517991758 0 0 0 0 0 0 0.0007653875014 0 0 0 0 0 0 0.0007653875014 0 0 0 0 0 0 0.001324398321
247,1785495453.948399067,map,7.5444140434,-4.0283241272,-1.1253782511,0.0722936235,-0.0273285525,0.9783900822,-0.1917801551,0.04311500407 0 0 0 0 0 0 0.04311500407 0 0 0 0 0 0 0.09464330963 0 0 0 0 0 0 0.0007570002199 0 0 0 0 0 0 0.0007570002199 0 0 0 0 0 0 0.001313358129
248,1785495454.048850060,map,7.4904541969,-3.9677226543,-1.1168274879,0.0726097755,-0.0251905053,0.9797004562,-0.1851493513,0.04343654861 0 0 0 0 0 0 0.04343654861 0 0 0 0 0 0 0.09511942213 0 0 0 0 0 0 0.0007644408223 0 0 0 0 0 0 0.0007644408223 0 0 0 0 0 0 0.001323152936
249,1785495454.148185968,map,7.5361032486,-3.9681780338,-1.1208631992,0.0730189990,-0.0251103925,0.9799306388,-0.1837760884,0.04299311045 0 0 0 0 0 0 0.04299311045 0 0 0 0 0 0 0.09446267059 0 0 0 0 0 0 0.000754181872 0 0 0 0 0 0 0.000754181872 0 0 0 0 0 0 0.001309645038
250,1785495454.248543978,map,7.6287965775,-3.9869012833,-1.1350460052,0.0733211453,-0.0243443227,0.9815198576,-0.1750717798,0.04294075647 0 0 0 0 0 0 0.04294075647 0 0 0 0 0 0 0.09438505956 0 0 0 0 0 0 0.0007529717653 0 0 0 0 0 0 0.0007529717653 0 0 0 0 0 0 0.001308050244
251,1785495454.347975969,map,7.5806140900,-3.9871449471,-1.1313923597,0.0736896496,-0.0238332517,0.9826711410,-0.1684019946,0.04308625337 0 0 0 0 0 0 0.04308625337 0 0 0 0 0 0 0.0946007103 0 0 0 0 0 0 0.00075633535 0 0 0 0 0 0 0.00075633535 0 0 0 0 0 0 0.001312482333
252,1785495454.448097944,map,7.6255145073,-4.0217266083,-1.1369472742,0.0741691551,-0.0220749789,0.9847298543,-0.1559446404,0.04312450339 0 0 0 0 0 0 0.04312450339 0 0 0 0 0 0 0.09465738356 0 0 0 0 0 0 0.0007572199104 0 0 0 0 0 0 0.0007572199104 0 0 0 0 0 0 0.001313647495
253,1785495454.548491955,map,7.6294026375,-3.9735577106,-1.1375381947,0.0757267084,-0.0213791898,0.9862376936,-0.1454083576,0.04310311351 0 0 0 0 0 0 0.04310311351 0 0 0 0 0 0 0.09462569219 0 0 0 0 0 0 0.000756725238 0 0 0 0 0 0 0.000756725238 0 0 0 0 0 0 0.001312995922
254,1785495454.648950100,map,7.6049408913,-4.0005488396,-1.1409158707,0.0766102384,-0.0194340937,0.9891531570,-0.1238112088,0.04302366732 0 0 0 0 0 0 0.04302366732 0 0 0 0 0 0 0.09450796185 0 0 0 0 0 0 0.0007548882697 0 0 0 0 0 0 0.0007548882697 0 0 0 0 0 0 0.001310575853
255,1785495454.748471975,map,7.5527195930,-3.9206750393,-1.1286725998,0.0765083301,-0.0180384956,0.9912561867,-0.1059823349,0.04319991815 0 0 0 0 0 0 0.04319991815 0 0 0 0 0 0 0.09476909815 0 0 0 0 0 0 0.0007589642974 0 0 0 0 0 0 0.0007589642974 0 0 0 0 0 0 0.00131594476
256,1785495454.847742081,map,7.5420041084,-3.9782478809,-1.1287224293,0.0771835549,-0.0181263351,0.9933356303,-0.0836567956,0.04311553478 0 0 0 0 0 0 0.04311553478 0 0 0 0 0 0 0.09464409593 0 0 0 0 0 0 0.0007570124934 0 0 0 0 0 0 0.0007570124934 0 0 0 0 0 0 0.001313374296
257,1785495454.947994947,map,7.5957021713,-3.9577147961,-1.1342335939,0.0768818824,-0.0150791255,0.9947182826,-0.0663124390,0.04322385819 0 0 0 0 0 0 0.04322385819 0 0 0 0 0 0 0.09480455476 0 0 0 0 0 0 0.0007595181453 0 0 0 0 0 0 0.0007595181453 0 0 0 0 0 0 0.001316674015
258,1785495455.048388004,map,7.5559735298,-4.0352606773,-1.1332191229,0.0777676949,-0.0115782974,0.9961115069,-0.0397491531,0.04275423805 0 0 0 0 0 0 0.04275423805 0 0 0 0 0 0 0.094108434 0 0 0 0 0 0 0.0007486624998 0 0 0 0 0 0 0.0007486624998 0 0 0 0 0 0 0.001302368568
259,1785495455.148749113,map,7.5487890244,-3.9707703590,-1.1299042702,0.0792910606,-0.0099070735,0.9965684470,-0.0215894239,0.04370604682 0 0 0 0 0 0 0.04370604682 0 0 0 0 0 0 0.09551802923 0 0 0 0 0 0 0.0007706837663 0 0 0 0 0 0 0.0007706837663 0 0 0 0 0 0 0.001331362321
260,1785495455.248013020,map,7.5195908546,-3.9604423046,-1.1378154755,0.0790060997,-0.0063115275,0.9968529669,0.0015331375,0.04302755631 0 0 0 0 0 0 0.04302755631 0 0 0 0 0 0 0.09451372572 0 0 0 0 0 0 0.0007549781792 0 0 0 0 0 0 0.0007549781792 0 0 0 0 0 0 0.001310694318
261,1785495455.348277092,map,7.5233783722,-3.9529435635,-1.1305755377,0.0787030868,-0.0044000083,0.9966276795,0.0227976678,0.04282893363 0 0 0 0 0 0 0.04282893363 0 0 0 0 0 0 0.09421923859 0 0 0 0 0 0 0.0007503878852 0 0 0 0 0 0 0.0007503878852 0 0 0 0 0 0 0.001304643925
262,1785495455.448481083,map,7.5080924034,-3.9502875805,-1.1294445992,0.0774640500,-0.0028041232,0.9960892472,0.0423989474,0.04292265221 0 0 0 0 0 0 0.04292265221 0 0 0 0 0 0 0.09435821772 0 0 0 0 0 0 0.0007525533592 0 0 0 0 0 0 0.0007525533592 0 0 0 0 0 0 0.001307498757
263,1785495455.547857046,map,7.5082926750,-3.9627690315,-1.1289851665,0.0773306024,-0.0004052003,0.9951606045,0.0606232455,0.0428869066 0 0 0 0 0 0 0.0428869066 0 0 0 0 0 0 0.09430521492 0 0 0 0 0 0 0.0007517273275 0 0 0 0 0 0 0.0007517273275 0 0 0 0 0 0 0.001306409883
264,1785495455.648190022,map,7.4673562050,-4.0029945374,-1.1187764406,0.0769680052,0.0020017296,0.9937622609,0.0806751584,0.04307188287 0 0 0 0 0 0 0.04307188287 0 0 0 0 0 0 0.09457941609 0 0 0 0 0 0 0.0007560030537 0 0 0 0 0 0 0.0007560030537 0 0 0 0 0 0 0.001312044582
265,1785495455.748316050,map,7.4396920204,-3.9688773155,-1.1236947775,0.0771444831,0.0024455716,0.9924059725,0.0957765546,0.04286853285 0 0 0 0 0 0 0.04286853285 0 0 0 0 0 0 0.09427796794 0 0 0 0 0 0 0.0007513027782 0 0 0 0 0 0 0.0007513027782 0 0 0 0 0 0 0.001305850187
266,1785495455.847723961,map,7.4616880417,-4.0020899773,-1.1154859066,0.0721049039,0.0061015470,0.9904684133,0.1172005729,0.0428444777 0 0 0 0 0 0 0.0428444777 0 0 0 0 0 0 0.09424229296 0 0 0 0 0 0 0.0007507469965 0 0 0 0 0 0 0.0007507469965 0 0 0 0 0 0 0.001305117425
267,1785495455.947808027,map,7.4808478355,-3.9439799786,-1.1142325401,0.0686374737,0.0091951827,0.9886653139,0.1332113484,0.04344695736 0 0 0 0 0 0 0.04344695736 0 0 0 0 0 0 0.09513482483 0 0 0 0 0 0 0.0007646818284 0 0 0 0 0 0 0.0007646818284 0 0 0 0 0 0 0.001323470005
268,1785495456.048088074,map,7.4583458900,-3.9491481781,-1.1065045595,0.0669198155,0.0114714264,0.9857270553,0.1540529391,0.04288966405 0 0 0 0 0 0 0.04288966405 0 0 0 0 0 0 0.09430930387 0 0 0 0 0 0 0.0007517910445 0 0 0 0 0 0 0.0007517910445 0 0 0 0 0 0 0.00130649388
269,1785495456.148214102,map,7.4347462654,-3.8925786018,-1.1040248871,0.0661087411,0.0124449707,0.9828296369,0.1718157828,0.04322960075 0 0 0 0 0 0 0.04322960075 0 0 0 0 0 0 0.09481305936 0 0 0 0 0 0 0.0007596510055 0 0 0 0 0 0 0.0007596510055 0 0 0 0 0 0 0.001316848944
270,1785495456.248390913,map,7.3952832222,-3.8843729496,-1.1021888256,0.0662156498,0.0132654607,0.9799889686,0.1872461839,0.04317759163 0 0 0 0 0 0 0.04317759163 0 0 0 0 0 0 0.09473602838 0 0 0 0 0 0 0.0007584478217 0 0 0 0 0 0 0.0007584478217 0 0 0 0 0 0 0.001315264655
271,1785495456.347515106,map,7.4457168579,-3.8841404915,-1.1081634760,0.0653636672,0.0140584358,0.9766805806,0.2040220989,0.04310917073 0 0 0 0 0 0 0.04310917073 0 0 0 0 0 0 0.09463466686 0 0 0 0 0 0 0.0007568653162 0 0 0 0 0 0 0.0007568653162 0 0 0 0 0 0 0.001313180436
272,1785495456.447710991,map,7.4361519814,-3.8945960999,-1.0990729332,0.0649990733,0.0149890213,0.9722988974,0.2240207835,0.04291481348 0 0 0 0 0 0 0.04291481348 0 0 0 0 0 0 0.09434659523 0 0 0 0 0 0 0.0007523722075 0 0 0 0 0 0 0.0007523722075 0 0 0 0 0 0 0.001307259975
273,1785495456.547900915,map,7.4468040466,-3.9252662659,-1.1013876200,0.0647175943,0.0150019791,0.9680712306,0.2417119523,0.04335099055 0 0 0 0 0 0 0.04335099055 0 0 0 0 0 0 0.09499279193 0 0 0 0 0 0 0.0007624601391 0 0 0 0 0 0 0.0007624601391 0 0 0 0 0 0 0.001320546689
274,1785495456.648058891,map,7.4338760376,-3.9190952778,-1.1104090214,0.0671712522,0.0147368081,0.9636286447,0.2582454056,0.04325473926 0 0 0 0 0 0 0.04325473926 0 0 0 0 0 0 0.09485028675 0 0 0 0 0 0 0.0007602326443 0 0 0 0 0 0 0.0007602326443 0 0 0 0 0 0 0.001317614707
275,1785495456.748199940,map,7.4367408752,-3.9337162971,-1.1069886684,0.0650237152,0.0166778676,0.9598132124,0.2724928429,0.04324206242 0 0 0 0 0 0 0.04324206242 0 0 0 0 0 0 0.09483151417 0 0 0 0 0 0 0.0007599393289 0 0 0 0 0 0 0.0007599393289 0 0 0 0 0 0 0.001317228548
276,1785495456.847419024,map,7.4358305931,-3.9347913265,-1.1014070511,0.0646210770,0.0186188792,0.9557520901,0.2863833212,0.04285575561 0 0 0 0 0 0 0.04285575561 0 0 0 0 0 0 0.09425901906 0 0 0 0 0 0 0.0007510075605 0 0 0 0 0 0 0.0007510075605 0 0 0 0 0 0 0.00130546097
277,1785495456.947773933,map,7.4360308647,-3.9348483086,-1.1055345535,0.0651735647,0.0197312904,0.9509283690,0.3018249926,0.04279735295 0 0 0 0 0 0 0.04279735295 0 0 0 0 0 0 0.09417239516 0 0 0 0 0 0 0.0007496583477 0 0 0 0 0 0 0.0007496583477 0 0 0 0 0 0 0.001303681923
278,1785495457.047911882,map,7.4061203003,-3.9530394077,-1.1035495996,0.0662303840,0.0205924499,0.9473475863,0.3126052474,0.04301373538 0 0 0 0 0 0 0.04301373538 0 0 0 0 0 0 0.09449324135 0 0 0 0 0 0 0.0007546586596 0 0 0 0 0 0 0.0007546586596 0 0 0 0 0 0 0.001310273309
279,1785495457.148147106,map,7.4065089226,-3.9646887779,-1.1077177525,0.0681078878,0.0216603368,0.9437482360,0.3228488856,0.04297074283 0 0 0 0 0 0 0.04297074283 0 0 0 0 0 0 0.09442951408 0 0 0 0 0 0 0.0007536648395 0 0 0 0 0 0 0.0007536648395 0 0 0 0 0 0 0.001308963681
280,1785495457.248233080,map,7.4352211952,-4.0091838837,-1.1041752100,0.0680912739,0.0238329243,0.9401618362,0.3330034520,0.04326567816 0 0 0 0 0 0 0.04326567816 0 0 0 0 0 0 0.09486648496 0 0 0 0 0 0 0.0007604857581 0 0 0 0 0 0 0.0007604857581 0 0 0 0 0 0 0.001317947925
281,1785495457.348457098,map,7.3893070221,-4.0004067421,-1.0989071131,0.0706403855,0.0220668509,0.9379901241,0.3386702152,0.04307653919 0 0 0 0 0 0 0.04307653919 0 0 0 0 0 0 0.09458631596 0 0 0 0 0 0 0.0007561107223 0 0 0 0 0 0 0.0007561107223 0 0 0 0 0 0 0.001312186422
282,1785495457.447664022,map,7.2940530777,-3.9686391354,-1.1146548986,0.0775074229,0.0247349067,0.9367534924,0.3404022412,0.04300771105 0 0 0 0 0 0 0.04300771105 0 0 0 0 0 0 0.09448431218 0 0 0 0 0 0 0.0007545193909 0 0 0 0 0 0 0.0007545193909 0 0 0 0 0 0 0.001310089797
283,1785495457.548054934,map,7.2852606773,-3.9711489677,-1.1146626472,0.0811857381,0.0264262911,0.9366719881,0.3396411549,0.04272429432 0 0 0 0 0 0 0.04272429432 0 0 0 0 0 0 0.09406400613 0 0 0 0 0 0 0.0007479709674 0 0 0 0 0 0 0.0007479709674 0 0 0 0 0 0 0.00130145643
284,1785495457.648264885,map,7.2186632156,-3.9359915257,-1.1084333658,0.0867579947,0.0280759819,0.9363538650,0.3390077123,0.04277127398 0 0 0 0 0 0 0.04277127398 0 0 0 0 0 0 0.09413370813 0 0 0 0 0 0 0.0007490559685 0 0 0 0 0 0 0.0007490559685 0 0 0 0 0 0 0.001302887512
285,1785495457.748473883,map,7.2506422997,-3.9415216446,-1.0778425932,0.0845881276,0.0258771587,0.9382454134,0.3344708837,0.04357607733 0 0 0 0 0 0 0.04357607733 0 0 0 0 0 0 0.09532584491 0 0 0 0 0 0 0.0007676722551 0 0 0 0 0 0 0.0007676722551 0 0 0 0 0 0 0.001327403224
286,1785495457.847779989,map,7.2312698364,-3.9468731880,-1.0791302919,0.0859859508,0.0247840431,0.9396761830,0.3301527517,0.0441308763 0 0 0 0 0 0 0.0441308763 0 0 0 0 0 0 0.09614557673 0 0 0 0 0 0 0.0007805372402 0 0 0 0 0 0 0.0007805372402 0 0 0 0 0 0 0.001344303367
287,1785495457.948096037,map,7.1917247772,-3.9463572502,-1.0690736771,0.0875079895,0.0240153241,0.9414175991,0.3248053526,0.04319647107 0 0 0 0 0 0 0.04319647107 0 0 0 0 0 0 0.09476399255 0 0 0 0 0 0 0.0007588845538 0 0 0 0 0 0 0.0007588845538 0 0 0 0 0 0 0.001315839756
288,1785495458.047487974,map,7.1784105301,-3.9273145199,-1.0711183548,0.0879169061,0.0257119043,0.9422971222,0.3220025841,0.04321634135 0 0 0 0 0 0 0.04321634135 0 0 0 0 0 0 0.09479342223 0 0 0 0 0 0 0.0007593442396 0 0 0 0 0 0 0.0007593442396 0 0 0 0 0 0 0.00131644504
289,1785495458.147892952,map,7.1840167046,-3.9279267788,-1.0693907738,0.0894399937,0.0276804997,0.9420118165,0.3222545756,0.04412898764 0 0 0 0 0 0 0.04412898764 0 0 0 0 0 0 0.09614278901 0 0 0 0 0 0 0.0007804934017 0 0 0 0 0 0 0.0007804934017 0 0 0 0 0 0 0.001344245835
290,1785495458.248130083,map,7.2105655670,-3.9270870686,-1.0694863796,0.0891091535,0.0271396531,0.9414264234,0.3240976331,0.04301415822 0 0 0 0 0 0 0.04301415822 0 0 0 0 0 0 0.09449386807 0 0 0 0 0 0 0.0007546684348 0 0 0 0 0 0 0.0007546684348 0 0 0 0 0 0 0.001310286189
291,1785495458.348507881,map,7.1450452805,-3.9105851650,-1.0679627657,0.0918677002,0.0281817978,0.9394320844,0.3289885576,0.04285655218 0 0 0 0 0 0 0.04285655218 0 0 0 0 0 0 0.09426020041 0 0 0 0 0 0 0.0007510259648 0 0 0 0 0 0 0.0007510259648 0 0 0 0 0 0 0.001305485235
292,1785495458.447789907,map,7.2191047668,-3.8990185261,-1.0710033178,0.0898457496,0.0272899592,0.9380333734,0.3335811737,0.04332951218 0 0 0 0 0 0 0.04332951218 0 0 0 0 0 0 0.09496099651 0 0 0 0 0 0 0.0007619630082 0 0 0 0 0 0 0.0007619630082 0 0 0 0 0 0 0.00131989242
293,1785495458.548197985,map,7.1509842873,-3.8865361214,-1.0677220821,0.0908791098,0.0288886465,0.9355635592,0.3400400958,0.04337951067 0 0 0 0 0 0 0.04337951067 0 0 0 0 0 0 0.09503500762 0 0 0 0 0 0 0.0007631203159 0 0 0 0 0 0 0.0007631203159 0 0 0 0 0 0 0.001321415461
294,1785495458.647501945,map,7.1981382370,-3.9249341488,-1.0706552267,0.0867253046,0.0272621512,0.9336133181,0.3465568655,0.04330131211 0 0 0 0 0 0 0.04330131211 0 0 0 0 0 0 0.09491924676 0 0 0 0 0 0 0.0007613103583 0 0 0 0 0 0 0.0007613103583 0 0 0 0 0 0 0.001319033397
295,1785495458.747806072,map,7.1673469543,-3.8952498436,-1.0760896206,0.0901887611,0.0287796133,0.9284604654,0.3591641391,0.04344518294 0 0 0 0 0 0 0.04344518294 0 0 0 0 0 0 0.09513219912 0 0 0 0 0 0 0.0007646407426 0 0 0 0 0 0 0.0007646407426 0 0 0 0 0 0 0.001323415953
296,1785495458.848160982,map,7.1923418045,-3.9084370136,-1.0678745508,0.0849589974,0.0285752311,0.9262279366,0.3661519304,0.04382407954 0 0 0 0 0 0 0.04382407954 0 0 0 0 0 0 0.09569248268 0 0 0 0 0 0 0.0007734199116 0 0 0 0 0 0 0.0007734199116 0 0 0 0 0 0 0.001334957803
297,1785495458.948473930,map,7.1996121407,-3.8938951492,-1.0693802834,0.0837375948,0.0298563064,0.9208740361,0.3795887628,0.0436834695 0 0 0 0 0 0 0.0436834695 0 0 0 0 0 0 0.09548465106 0 0 0 0 0 0 0.000770160528 0 0 0 0 0 0 0.000770160528 0 0 0 0 0 0 0.001330674577
298,1785495459.047702074,map,7.1802024841,-3.8839695454,-1.0684454441,0.0858321510,0.0306611876,0.9157867390,0.3911871797,0.04280721183 0 0 0 0 0 0 0.04280721183 0 0 0 0 0 0 0.09418701939 0 0 0 0 0 0 0.0007498860862 0 0 0 0 0 0 0.0007498860862 0 0 0 0 0 0 0.001303982242
299,1785495459.147989988,map,7.1553840637,-3.8703193665,-1.0763349533,0.0854511694,0.0311700640,0.9143813303,0.3945038797,0.04312299503 0 0 0 0 0 0 0.04312299503 0 0 0 0 0 0 0.09465514885 0 0 0 0 0 0 0.000757185026 0 0 0 0 0 0 0.000757185026 0 0 0 0 0 0 0.001313601548
300,1785495459.248125076,map,7.1714992523,-3.8623042107,-1.0738521814,0.0844299553,0.0305487316,0.9130474715,0.3978475480,0.0427811842 0 0 0 0 0 0 0.0427811842 0 0 0 0 0 0 0.09414840997 0 0 0 0 0 0 0.0007492848707 0 0 0 0 0 0 0.0007492848707 0 0 0 0 0 0 0.001303189395
301,1785495459.348294973,map,7.1725778580,-3.8439428806,-1.0662143230,0.0833061514,0.0297133866,0.9127843920,0.3987503829,0.0443060995 0 0 0 0 0 0 0.0443060995 0 0 0 0 0 0 0.09640412772 0 0 0 0 0 0 0.0007846056893 0 0 0 0 0 0 0.0007846056893 0 0 0 0 0 0 0.001349640971
302,1785495459.448663950,map,7.1351857185,-3.8309018612,-1.0678747892,0.0839852854,0.0304727172,0.9130691200,0.3978978132,0.0428184582 0 0 0 0 0 0 0.0428184582 0 0 0 0 0 0 0.09420370108 0 0 0 0 0 0 0.0007501458855 0 0 0 0 0 0 0.0007501458855 0 0 0 0 0 0 0.001304324826
303,1785495459.547813892,map,7.1372246742,-3.8116493225,-1.0607796907,0.0836118338,0.0300142213,0.9138260152,0.3962703754,0.04327555759 0 0 0 0 0 0 0.04327555759 0 0 0 0 0 0 0.09488111375 0 0 0 0 0 0 0.0007607143658 0 0 0 0 0 0 0.0007607143658 0 0 0 0 0 0 0.001318248869
304,1785495459.647929907,map,7.1376523972,-3.8163983822,-1.0616543293,0.0835454738,0.0300624524,0.9140409972,0.3957846084,0.04288405046 0 0 0 0 0 0 0.04288405046 0 0 0 0 0 0 0.09430097959 0 0 0 0 0 0 0.0007516613307 0 0 0 0 0 0 0.0007516613307 0 0 0 0 0 0 0.00130632288
305,1785495459.747967958,map,7.0963888168,-3.7946174145,-1.0716768503,0.0890588437,0.0339212131,0.9161108899,0.3894338108,0.04282283596 0 0 0 0 0 0 0.04282283596 0 0 0 0 0 0 0.09421019439 0 0 0 0 0 0 0.0007502470177 0 0 0 0 0 0 0.0007502470177 0 0 0 0 0 0 0.00130445818
306,1785495459.848088980,map,7.1740832329,-3.8614547253,-1.0659416914,0.0825264578,0.0319531433,0.9181720265,0.3861716085,0.04271732218 0 0 0 0 0 0 0.04271732218 0 0 0 0 0 0 0.09405366077 0 0 0 0 0 0 0.0007478099612 0 0 0 0 0 0 0.0007478099612 0 0 0 0 0 0 0.001301244046
307,1785495459.948296070,map,7.1611604691,-3.8573696613,-1.0612642765,0.0838808831,0.0316132841,0.9217349932,0.3773184173,0.04334438521 0 0 0 0 0 0 0.04334438521 0 0 0 0 0 0 0.09498301401 0 0 0 0 0 0 0.00076230725 0 0 0 0 0 0 0.00076230725 0 0 0 0 0 0 0.001320345478
308,1785495460.047681093,map,7.1364216805,-3.8783271313,-1.0628415346,0.0840705714,0.0312376784,0.9240787642,0.3715303001,0.04301605405 0 0 0 0 0 0 0.04301605405 0 0 0 0 0 0 0.09449667798 0 0 0 0 0 0 0.0007547122626 0 0 0 0 0 0 0.0007547122626 0 0 0 0 0 0 0.001310343939
309,1785495460.147986889,map,7.1498737335,-3.8738055229,-1.0593254566,0.0856138690,0.0321537931,0.9291347014,0.3582528756,0.04331168231 0 0 0 0 0 0 0.04331168231 0 0 0 0 0 0 0.09493460018 0 0 0 0 0 0 0.0007615503537 0 0 0 0 0 0 0.0007615503537 0 0 0 0 0 0 0.001319349291
310,1785495460.248173952,map,7.1525292397,-3.8868913651,-1.0581896305,0.0867431073,0.0311288550,0.9325051924,0.3492000806,0.04281514721 0 0 0 0 0 0 0.04281514721 0 0 0 0 0 0 0.09419878997 0 0 0 0 0 0 0.0007500693979 0 0 0 0 0 0 0.0007500693979 0 0 0 0 0 0 0.001304223967
311,1785495460.348408937,map,7.1447362900,-3.8901088238,-1.0573512316,0.0872318995,0.0309227089,0.9377218858,0.3348313839,0.04308914094 0 0 0 0 0 0 0.04308914094 0 0 0 0 0 0 0.09460498897 0 0 0 0 0 0 0.000756402123 0 0 0 0 0 0 0.000756402123 0 0 0 0 0 0 0.001312570293
312,1785495460.447659969,map,7.1352829933,-3.8949432373,-1.0518420935,0.0867447185,0.0305752854,0.9416867863,0.3236765298,0.04292149881 0 0 0 0 0 0 0.04292149881 0 0 0 0 0 0 0.09435650758 0 0 0 0 0 0 0.0007525267038 0 0 0 0 0 0 0.0007525267038 0 0 0 0 0 0 0.001307463622
313,1785495460.547884941,map,7.1435384750,-3.8729486465,-1.0541266203,0.0872587455,0.0292235073,0.9472778398,0.3069146290,0.04301031613 0 0 0 0 0 0 0.04301031613 0 0 0 0 0 0 0.09448817341 0 0 0 0 0 0 0.000754579614 0 0 0 0 0 0 0.000754579614 0 0 0 0 0 0 0.001310169152
314,1785495460.648122072,map,7.1494498253,-3.9094102383,-1.0571318865,0.0854707280,0.0273603058,0.9522895435,0.2917032678,0.04294022225 0 0 0 0 0 0 0.04294022225 0 0 0 0 0 0 0.09438426754 0 0 0 0 0 0 0.0007529594186 0 0 0 0 0 0 0.0007529594186 0 0 0 0 0 0 0.001308033971
315,1785495460.748308897,map,7.1037263870,-3.8980460167,-1.0632029772,0.0904614507,0.0262536584,0.9578333316,0.2714457134,0.04315162953 0 0 0 0 0 0 0.04315162953 0 0 0 0 0 0 0.09469757014 0 0 0 0 0 0 0.0007578472981 0 0 0 0 0 0 0.0007578472981 0 0 0 0 0 0 0.001314473805
316,1785495460.848469019,map,7.1102294922,-3.9119458199,-1.0787920952,0.0896866034,0.0235266646,0.9624081887,0.2552905862,0.04291104569 0 0 0 0 0 0 0.04291104569 0 0 0 0 0 0 0.09434100861 0 0 0 0 0 0 0.0007522851365 0 0 0 0 0 0 0.0007522851365 0 0 0 0 0 0 0.001307145202
317,1785495460.947901011,map,7.1178145409,-3.9046831131,-1.0658513308,0.0880432780,0.0206194333,0.9673300535,0.2368454817,0.0432864279 0 0 0 0 0 0 0.0432864279 0 0 0 0 0 0 0.09489720914 0 0 0 0 0 0 0.0007609659118 0 0 0 0 0 0 0.0007609659118 0 0 0 0 0 0 0.001318579998
318,1785495461.048054934,map,7.0990843773,-3.9317884445,-1.0785771608,0.0841043365,0.0202067154,0.9709933593,0.2229126370,0.04367124479 0 0 0 0 0 0 0.04367124479 0 0 0 0 0 0 0.09546657697 0 0 0 0 0 0 0.0007698772333 0 0 0 0 0 0 0.0007698772333 0 0 0 0 0 0 0.001330302191
319,1785495461.147418976,map,7.1131167412,-3.9149172306,-1.0693249702,0.0850497642,0.0171323841,0.9749084579,0.2050036940,0.04312809903 0 0 0 0 0 0 0.04312809903 0 0 0 0 0 0 0.09466271064 0 0 0 0 0 0 0.0007573030687 0 0 0 0 0 0 0.0007573030687 0 0 0 0 0 0 0.001313757025
320,1785495461.247625113,map,7.1491103172,-3.9329392910,-1.0686737299,0.0859996194,0.0151868843,0.9780794264,0.1890345601,0.04301106829 0 0 0 0 0 0 0.04301106829 0 0 0 0 0 0 0.09448928825 0 0 0 0 0 0 0.0007545970021 0 0 0 0 0 0 0.0007545970021 0 0 0 0 0 0 0.001310192064
321,1785495461.348052025,map,7.1294465065,-3.9356098175,-1.0731884241,0.0893648680,0.0171120753,0.9813577186,0.1692871113,0.0432419278 0 0 0 0 0 0 0.0432419278 0 0 0 0 0 0 0.09483131481 0 0 0 0 0 0 0.0007599362142 0 0 0 0 0 0 0.0007599362142 0 0 0 0 0 0 0.001317224447
322,1785495461.448363066,map,7.1070632935,-3.9565479755,-1.0739157200,0.0884168874,0.0157684314,0.9839630552,0.1541120052,0.04316605763 0 0 0 0 0 0 0.04316605763 0 0 0 0 0 0 0.09471894327 0 0 0 0 0 0 0.0007581810242 0 0 0 0 0 0 0.0007581810242 0 0 0 0 0 0 0.00131491331
323,1785495461.548593998,map,7.1311240196,-3.9396164417,-1.0702855587,0.0888599794,0.0158014481,0.9867362660,0.1349286798,0.04280658671 0 0 0 0 0 0 0.04280658671 0 0 0 0 0 0 0.09418609213 0 0 0 0 0 0 0.0007498716458 0 0 0 0 0 0 0.0007498716458 0 0 0 0 0 0 0.001303963199
324,1785495461.647764921,map,7.1629123688,-3.9312434196,-1.0721256733,0.0900571810,0.0142345912,0.9890741477,0.1158421970,0.04316104 0 0 0 0 0 0 0.04316104 0 0 0 0 0 0 0.09471151051 0 0 0 0 0 0 0.0007580649629 0 0 0 0 0 0 0.0007580649629 0 0 0 0 0 0 0.001314760464
325,1785495461.748104095,map,7.1789402962,-3.9200475216,-1.0729471445,0.0865452157,0.0121087002,0.9917000226,0.0943098896,0.0428699387 0 0 0 0 0 0 0.0428699387 0 0 0 0 0 0 0.09428005278 0 0 0 0 0 0 0.0007513352611 0 0 0 0 0 0 0.0007513352611 0 0 0 0 0 0 0.001305893011
326,1785495461.848556995,map,7.1487274170,-3.9426009655,-1.0659599304,0.0861621668,0.0102873584,0.9931529822,0.0782138995,0.04289858515 0 0 0 0 0 0 0.04289858515 0 0 0 0 0 0 0.09432253241 0 0 0 0 0 0 0.0007519971906 0 0 0 0 0 0 0.0007519971906 0 0 0 0 0 0 0.001306765632
327,1785495461.947863102,map,7.1299781799,-3.9606995583,-1.0696015358,0.0842639482,0.0067421608,0.9946637754,0.0591449369,0.04268597566 0 0 0 0 0 0 0.04268597566 0 0 0 0 0 0 0.09400714488 0 0 0 0 0 0 0.0007470861339 0 0 0 0 0 0 0.0007470861339 0 0 0 0 0 0 0.001300289177
328,1785495462.048233986,map,7.1060142517,-3.9533736706,-1.0713996887,0.0844449893,0.0064255199,0.9953542844,0.0457996805,0.04338927563 0 0 0 0 0 0 0.04338927563 0 0 0 0 0 0 0.09504946075 0 0 0 0 0 0 0.0007633463686 0 0 0 0 0 0 0.0007633463686 0 0 0 0 0 0 0.001321712919
329,1785495462.148657084,map,7.1485176086,-3.9838929176,-1.0804346800,0.0828394625,0.0042784325,0.9959622839,0.0343285279,0.04291244844 0 0 0 0 0 0 0.04291244844 0 0 0 0 0 0 0.09434308852 0 0 0 0 0 0 0.0007523175529 0 0 0 0 0 0 0.0007523175529 0 0 0 0 0 0 0.001307187932
330,1785495462.247826099,map,7.1799049377,-3.9747917652,-1.0781023502,0.0841442640,0.0046875778,0.9959053161,0.0327167021,0.04394774181 0 0 0 0 0 0 0.04394774181 0 0 0 0 0 0 0.09587517523 0 0 0 0 0 0 0.0007762877974 0 0 0 0 0 0 0.0007762877974 0 0 0 0 0 0 0.001338724772
331,1785495462.348077059,map,7.1825690269,-3.9767804146,-1.0809845924,0.0845544059,0.0048240031,0.9958617071,0.0329656054,0.04278110662 0 0 0 0 0 0 0.04278110662 0 0 0 0 0 0 0.09414829488 0 0 0 0 0 0 0.0007492830787 0 0 0 0 0 0 0.0007492830787 0 0 0 0 0 0 0.001303187031
332,1785495462.448297977,map,7.1790776253,-3.9711725712,-1.0862469673,0.0849312001,0.0050944424,0.9958354615,0.0327487220,0.0430611819 0 0 0 0 0 0 0.0430611819 0 0 0 0 0 0 0.09456355865 0 0 0 0 0 0 0.0007557556213 0 0 0 0 0 0 0.0007557556213 0 0 0 0 0 0 0.001311718612
333,1785495462.548378944,map,7.1830081940,-3.9587564468,-1.0873392820,0.0851148689,0.0051649099,0.9958041724,0.0332090076,0.04270362444 0 0 0 0 0 0 0.04270362444 0 0 0 0 0 0 0.09403333503 0 0 0 0 0 0 0.0007474936541 0 0 0 0 0 0 0.0007474936541 0 0 0 0 0 0 0.001300826789
334,1785495462.648555040,map,7.1915426254,-3.9568274021,-1.0839810371,0.0845719995,0.0048614914,0.9958537243,0.0331557808,0.04270886435 0 0 0 0 0 0 0.04270886435 0 0 0 0 0 0 0.09404111053 0 0 0 0 0 0 0.0007476146518 0 0 0 0 0 0 0.0007476146518 0 0 0 0 0 0 0.001300986406
335,1785495462.747872114,map,7.1818599701,-3.9537324905,-1.0847398043,0.0859367144,0.0048786980,0.9956570958,0.0354685330,0.04344625012 0 0 0 0 0 0 0.04344625012 0 0 0 0 0 0 0.09513377828 0 0 0 0 0 0 0.0007646654526 0 0 0 0 0 0 0.0007646654526 0 0 0 0 0 0 0.001323448461
336,1785495462.847765923,map,7.1840357780,-3.9542250633,-1.0859298706,0.0862735625,0.0051216870,0.9956092404,0.0359564238,0.04307420027 0 0 0 0 0 0 0.04307420027 0 0 0 0 0 0 0.0945828501 0 0 0 0 0 0 0.000756056639 0 0 0 0 0 0 0.000756056639 0 0 0 0 0 0 0.001312115175
337,1785495462.948016882,map,7.2201685905,-3.9529561996,-1.0862540007,0.0859201495,0.0046822296,0.9954144798,0.0417831730,0.04306091665 0 0 0 0 0 0 0.04306091665 0 0 0 0 0 0 0.09456316558 0 0 0 0 0 0 0.0007557494881 0 0 0 0 0 0 0.0007557494881 0 0 0 0 0 0 0.001311710532
338,1785495463.048387051,map,7.2119770050,-3.9548594952,-1.0882886648,0.0867888331,0.0047970112,0.9952632509,0.0435402484,0.04251247419 0 0 0 0 0 0 0.04251247419 0 0 0 0 0 0 0.09374958087 0 0 0 0 0 0 0.0007430813228 0 0 0 0 0 0 0.0007430813228 0 0 0 0 0 0 0.00129500402
339,1785495463.148773909,map,7.1909561157,-3.9415755272,-1.0848960876,0.0903603866,0.0057168319,0.9943489051,0.0554308072,0.04374352308 0 0 0 0 0 0 0.04374352308 0 0 0 0 0 0 0.09557342773 0 0 0 0 0 0 0.000771552387 0 0 0 0 0 0 0.000771552387 0 0 0 0 0 0 0.001332503913
340,1785495463.248836040,map,7.1936125755,-3.9132061005,-1.0838656425,0.0916443037,0.0059616645,0.9937841529,0.0629192597,0.04334325224 0 0 0 0 0 0 0.04334325224 0 0 0 0 0 0 0.09498133684 0 0 0 0 0 0 0.0007622810263 0 0 0 0 0 0 0.0007622810263 0 0 0 0 0 0 0.001320310966
341,1785495463.348287106,map,7.1950287819,-3.9110550880,-1.0922899246,0.0938625243,0.0080007132,0.9925145939,0.0777211820,0.04299749278 0 0 0 0 0 0 0.04299749278 0 0 0 0 0 0 0.09446916639 0 0 0 0 0 0 0.0007542831755 0 0 0 0 0 0 0.0007542831755 0 0 0 0 0 0 0.001309778531
342,1785495463.448587894,map,7.1912612915,-3.9013659954,-1.0881547928,0.0952439988,0.0072619843,0.9913307230,0.0902177222,0.04308850427 0 0 0 0 0 0 0.04308850427 0 0 0 0 0 0 0.09460404559 0 0 0 0 0 0 0.0007563874005 0 0 0 0 0 0 0.0007563874005 0 0 0 0 0 0 0.001312550899
343,1785495463.548899889,map,7.2047519684,-3.9151408672,-1.0854867697,0.0914677414,0.0078001990,0.9897272440,0.1096028339,0.0428773778 0 0 0 0 0 0 0.0428773778 0 0 0 0 0 0 0.09429108462 0 0 0 0 0 0 0.0007515071487 0 0 0 0 0 0 0.0007515071487 0 0 0 0 0 0 0.001306119619
344,1785495463.648205996,map,7.1821174622,-3.9119684696,-1.0863096714,0.0911085746,0.0096881664,0.9878949779,0.1251754547,0.04266163188 0 0 0 0 0 0 0.04266163188 0 0 0 0 0 0 0.09397101672 0 0 0 0 0 0 0.0007465240667 0 0 0 0 0 0 0.0007465240667 0 0 0 0 0 0 0.001299547623
345,1785495463.748425007,map,7.1477422714,-3.8857562542,-1.0803194046,0.0910540282,0.0097261071,0.9861760995,0.1380986872,0.04266113406 0 0 0 0 0 0 0.04266113406 0 0 0 0 0 0 0.09397027787 0 0 0 0 0 0 0.0007465125731 0 0 0 0 0 0 0.0007465125731 0 0 0 0 0 0 0.001299532458
346,1785495463.847646952,map,7.1131567955,-3.9224278927,-1.0948174000,0.0886759717,0.0147585656,0.9852562925,0.1455637007,0.04338326776 0 0 0 0 0 0 0.04338326776 0 0 0 0 0 0 0.09504056857 0 0 0 0 0 0 0.0007632072894 0 0 0 0 0 0 0.0007632072894 0 0 0 0 0 0 0.001321529909
347,1785495463.947876930,map,7.1182794571,-3.8985106945,-1.0716810226,0.0904550484,0.0129599967,0.9852693824,0.1445480919,0.0431547206 0 0 0 0 0 0 0.0431547206 0 0 0 0 0 0 0.09470214921 0 0 0 0 0 0 0.0007579187939 0 0 0 0 0 0 0.0007579187939 0 0 0 0 0 0 0.001314567964
348,1785495464.048295021,map,7.1231975555,-3.8893492222,-1.0710231066,0.0907060745,0.0116289982,0.9853547383,0.1439208278,0.04269456486 0 0 0 0 0 0 0.04269456486 0 0 0 0 0 0 0.09401989116 0 0 0 0 0 0 0.00074728446 0 0 0 0 0 0 0.00074728446 0 0 0 0 0 0 0.001300550819
349,1785495464.148422956,map,7.1170291901,-3.9057271481,-1.0696152449,0.0913469583,0.0119714399,0.9854930931,0.1425334333,0.04275583889 0 0 0 0 0 0 0.04275583889 0 0 0 0 0 0 0.09411080903 0 0 0 0 0 0 0.0007486994722 0 0 0 0 0 0 0.0007486994722 0 0 0 0 0 0 0.001302417332
350,1785495464.248743057,map,7.1102781296,-3.9075515270,-1.0738918781,0.0920538487,0.0118615837,0.9855330483,0.1418097316,0.0427273762 0 0 0 0 0 0 0.0427273762 0 0 0 0 0 0 0.09406857898 0 0 0 0 0 0 0.0007480421379 0 0 0 0 0 0 0.0007480421379 0 0 0 0 0 0 0.001301550309
351,1785495464.348175049,map,7.1231250763,-3.9058198929,-1.0718303919,0.0920499132,0.0113148902,0.9859609468,0.1388517313,0.04352374161 0 0 0 0 0 0 0.04352374161 0 0 0 0 0 0 0.09524843052 0 0 0 0 0 0 0.000766459988 0 0 0 0 0 0 0.000766459988 0 0 0 0 0 0 0.001325808987
352,1785495464.448523045,map,7.1582670212,-3.9190700054,-1.0640579462,0.0889714431,0.0103185610,0.9866114521,0.1362917922,0.04333293394 0 0 0 0 0 0 0.04333293394 0 0 0 0 0 0 0.09496606206 0 0 0 0 0 0 0.0007620422044 0 0 0 0 0 0 0.0007620422044 0 0 0 0 0 0 0.001319996653
353,1785495464.548695087,map,7.1669859886,-3.9204335213,-1.0592244864,0.0918616195,0.0089316596,0.9872950734,0.1293448904,0.04304625582 0 0 0 0 0 0 0.04304625582 0 0 0 0 0 0 0.09454143907 0 0 0 0 0 0 0.0007554105102 0 0 0 0 0 0 0.0007554105102 0 0 0 0 0 0 0.001311263938
354,1785495464.648020983,map,7.0698494911,-3.9449300766,-1.0406374931,0.0952316800,0.0077736653,0.9874846675,0.1254771949,0.04312116889 0 0 0 0 0 0 0.04312116889 0 0 0 0 0 0 0.09465244331 0 0 0 0 0 0 0.0007571427926 0 0 0 0 0 0 0.0007571427926 0 0 0 0 0 0 0.00131354592
355,1785495464.748328924,map,7.0590963364,-3.9518284798,-1.0472314358,0.0923304053,0.0091438693,0.9879583050,0.1238139247,0.04296349187 0 0 0 0 0 0 0.04296349187 0 0 0 0 0 0 0.09441876505 0 0 0 0 0 0 0.0007534972411 0 0 0 0 0 0 0.0007534972411 0 0 0 0 0 0 0.001308742804
356,1785495464.847757101,map,7.0249452591,-3.8895022869,-1.0673252344,0.0913856894,0.0100418391,0.9882011607,0.1225001090,0.04273770879 0 0 0 0 0 0 0.04273770879 0 0 0 0 0 0 0.09408390996 0 0 0 0 0 0 0.0007482807568 0 0 0 0 0 0 0.0007482807568 0 0 0 0 0 0 0.001301865058
357,1785495464.948153973,map,6.9781689644,-3.8651468754,-1.0425900221,0.0921264600,0.0096115727,0.9882483948,0.1215953616,0.04263248384 0 0 0 0 0 0 0.04263248384 0 0 0 0 0 0 0.0939277542 0 0 0 0 0 0 0.0007458511424 0 0 0 0 0 0 0.0007458511424 0 0 0 0 0 0 0.001298659723
358,1785495465.048379898,map,6.9372363091,-3.8555147648,-1.0458816290,0.0896617406,0.0097982065,0.9886626311,0.1200457003,0.04275638779 0 0 0 0 0 0 0.04275638779 0 0 0 0 0 0 0.09411162339 0 0 0 0 0 0 0.0007487121496 0 0 0 0 0 0 0.0007487121496 0 0 0 0 0 0 0.001302434053
359,1785495465.148612022,map,6.8474469185,-3.8906970024,-1.0448238850,0.0853425196,0.0163589943,0.9893923082,0.1164126236,0.04338691474 0 0 0 0 0 0 0.04338691474 0 0 0 0 0 0 0.09504596645 0 0 0 0 0 0 0.0007632917147 0 0 0 0 0 0 0.0007632917147 0 0 0 0 0 0 0.001321641002
360,1785495465.247891903,map,6.9098544121,-3.7810127735,-1.0208510160,0.0613117184,0.0183200542,0.9912848459,0.1151503707,0.04369966853 0 0 0 0 0 0 0.04369966853 0 0 0 0 0 0 0.09550859989 0 0 0 0 0 0 0.0007705359427 0 0 0 0 0 0 0.0007705359427 0 0 0 0 0 0 0.001331168027
361,1785495465.348272085,map,6.8875694275,-3.7843656540,-1.0242079496,0.0631408162,0.0176839918,0.9913707736,0.1135098717,0.04375134296 0 0 0 0 0 0 0.04375134296 0 0 0 0 0 0 0.09558498634 0 0 0 0 0 0 0.0007717336502 0 0 0 0 0 0 0.0007717336502 0 0 0 0 0 0 0.001332742121
362,1785495465.448523045,map,6.7863469124,-3.7656438351,-1.0077985525,0.0687511490,0.0215136400,0.9911800135,0.1112323154,0.04435837191 0 0 0 0 0 0 0.04435837191 0 0 0 0 0 0 0.09648122646 0 0 0 0 0 0 0.000785819871 0 0 0 0 0 0 0.000785819871 0 0 0 0 0 0 0.00135123328
363,1785495465.547962904,map,6.7691159248,-3.7783331871,-1.0057880878,0.0667811061,0.0234129269,0.9913631003,0.1104142965,0.04350457215 0 0 0 0 0 0 0.04350457215 0 0 0 0 0 0 0.09522007151 0 0 0 0 0 0 0.0007660160179 0 0 0 0 0 0 0.0007660160179 0 0 0 0 0 0 0.001325225052
364,1785495465.648452997,map,6.7872357368,-3.8072686195,-0.9980875850,0.0629529879,0.0262740781,0.9915062676,0.1107335222,0.04311301236 0 0 0 0 0 0 0.04311301236 0 0 0 0 0 0 0.0946403587 0 0 0 0 0 0 0.0007569541586 0 0 0 0 0 0 0.0007569541586 0 0 0 0 0 0 0.001313297458
365,1785495465.748684883,map,6.7959923744,-3.8114573956,-1.0015565157,0.0641928744,0.0264291022,0.9910218082,0.1142652244,0.04343862451 0 0 0 0 0 0 0.04343862451 0 0 0 0 0 0 0.09512249405 0 0 0 0 0 0 0.0007644888872 0 0 0 0 0 0 0.0007644888872 0 0 0 0 0 0 0.001323216172
366,1785495465.848155975,map,6.7409682274,-3.7561562061,-0.9919832349,0.0678503154,0.0245339636,0.9907592722,0.1148498864,0.04391690747 0 0 0 0 0 0 0.04391690747 0 0 0 0 0 0 0.09582962986 0 0 0 0 0 0 0.0007755725911 0 0 0 0 0 0 0.0007755725911 0 0 0 0 0 0 0.001337785504
367,1785495465.947807074,map,6.7329196930,-3.7604112625,-0.9982693791,0.0676722395,0.0248298538,0.9904461621,0.1175600032,0.04355017486 0 0 0 0 0 0 0.04355017486 0 0 0 0 0 0 0.09528753216 0 0 0 0 0 0 0.0007670722402 0 0 0 0 0 0 0.0007670722402 0 0 0 0 0 0 0.00132661419
368,1785495466.048361063,map,6.7389712334,-3.7656683922,-0.9986682534,0.0682868178,0.0240643877,0.9902200115,0.1192566340,0.04356861849 0 0 0 0 0 0 0.04356861849 0 0 0 0 0 0 0.09531481281 0 0 0 0 0 0 0.00076749947 0 0 0 0 0 0 0.00076749947 0 0 0 0 0 0 0.001327176015
369,1785495466.148706913,map,6.7520294189,-3.7758393288,-0.9994937778,0.0677536220,0.0243027121,0.9900485133,0.1209246022,0.04337602869 0 0 0 0 0 0 0.04337602869 0 0 0 0 0 0 0.09502985381 0 0 0 0 0 0 0.0007630397122 0 0 0 0 0 0 0.0007630397122 0 0 0 0 0 0 0.001321309394
370,1785495466.247770071,map,6.7695283890,-3.7902748585,-0.9998084903,0.0673125418,0.0245748694,0.9899535599,0.1218894684,0.04343500225 0 0 0 0 0 0 0.04343500225 0 0 0 0 0 0 0.0951171338 0 0 0 0 0 0 0.0007644050183 0 0 0 0 0 0 0.0007644050183 0 0 0 0 0 0 0.001323105831
371,1785495466.348022938,map,6.7426962852,-3.7651565075,-0.9985989928,0.0676629562,0.0257770611,0.9894440862,0.1255295508,0.04336710482 0 0 0 0 0 0 0.04336710482 0 0 0 0 0 0 0.09501664495 0 0 0 0 0 0 0.0007628331399 0 0 0 0 0 0 0.0007628331399 0 0 0 0 0 0 0.001321037557
372,1785495466.448452950,map,6.7459683418,-3.7605121136,-1.0024898052,0.0681526163,0.0255088855,0.9893816826,0.1258108986,0.04337549989 0 0 0 0 0 0 0.04337549989 0 0 0 0 0 0 0.09502907111 0 0 0 0 0 0 0.0007630274711 0 0 0 0 0 0 0.0007630274711 0 0 0 0 0 0 0.001321293286
373,1785495466.548676968,map,6.7511658669,-3.7609846592,-0.9988496304,0.0674222487,0.0255585535,0.9882041162,0.1351059753,0.04352472577 0 0 0 0 0 0 0.04352472577 0 0 0 0 0 0 0.09524988641 0 0 0 0 0 0 0.0007664827823 0 0 0 0 0 0 0.0007664827823 0 0 0 0 0 0 0.001325838966
374,1785495466.648071051,map,6.7543973923,-3.7613801956,-1.0009146929,0.0678763018,0.0240694683,0.9875107049,0.1401288122,0.04444778682 0 0 0 0 0 0 0.04444778682 0 0 0 0 0 0 0.09661307435 0 0 0 0 0 0 0.0007878973139 0 0 0 0 0 0 0.0007878973139 0 0 0 0 0 0 0.001353957014
375,1785495466.748450994,map,6.7567129135,-3.7542259693,-1.0024564266,0.0667504190,0.0263149083,0.9860509729,0.1501845458,0.04329436358 0 0 0 0 0 0 0.04329436358 0 0 0 0 0 0 0.09490895889 0 0 0 0 0 0 0.0007611495549 0 0 0 0 0 0 0.0007611495549 0 0 0 0 0 0 0.001318821732
376,1785495466.848628998,map,6.7665657997,-3.7650702000,-1.0009524822,0.0656699331,0.0272160452,0.9849106905,0.1577899799,0.04328563915 0 0 0 0 0 0 0.04328563915 0 0 0 0 0 0 0.09489604128 0 0 0 0 0 0 0.0007609476593 0 0 0 0 0 0 0.0007609476593 0 0 0 0 0 0 0.001318555971
377,1785495466.948971033,map,6.7780323029,-3.7960035801,-1.0050910711,0.0645577622,0.0276822886,0.9826186421,0.1718330380,0.0434359616 0 0 0 0 0 0 0.0434359616 0 0 0 0 0 0 0.09511855346 0 0 0 0 0 0 0.0007644272307 0 0 0 0 0 0 0.0007644272307 0 0 0 0 0 0 0.001323135055
378,1785495467.048291922,map,6.7903513908,-3.7919435501,-0.9971559048,0.0641555962,0.0267062072,0.9808255037,0.1820773748,0.04364880109 0 0 0 0 0 0 0.04364880109 0 0 0 0 0 0 0.09543339207 0 0 0 0 0 0 0.0007693571568 0 0 0 0 0 0 0.0007693571568 0 0 0 0 0 0 0.001329618516
379,1785495467.148463011,map,6.8034896851,-3.7978730202,-1.0070313215,0.0625031766,0.0270469356,0.9774989178,0.1996438826,0.04345817371 0 0 0 0 0 0 0.04345817371 0 0 0 0 0 0 0.09515142194 0 0 0 0 0 0 0.0007649415443 0 0 0 0 0 0 0.0007649415443 0 0 0 0 0 0 0.001323811674
380,1785495467.248358965,map,6.8015408516,-3.7707009315,-1.0030099154,0.0628240040,0.0275435835,0.9749037655,0.2117950689,0.04352109328 0 0 0 0 0 0 0.04352109328 0 0 0 0 0 0 0.09524451274 0 0 0 0 0 0 0.0007663986501 0 0 0 0 0 0 0.0007663986501 0 0 0 0 0 0 0.001325728314
381,1785495467.348727942,map,6.8178834915,-3.7705259323,-1.0044654608,0.0605760351,0.0277952038,0.9711683375,0.2288886766,0.04335521921 0 0 0 0 0 0 0.04335521921 0 0 0 0 0 0 0.09499905151 0 0 0 0 0 0 0.0007625580187 0 0 0 0 0 0 0.0007625580187 0 0 0 0 0 0 0.001320675501
382,1785495467.448008060,map,6.8139457703,-3.7090501785,-1.0137631893,0.0580784478,0.0280532187,0.9683427416,0.2411477677,0.04450385065 0 0 0 0 0 0 0.04450385065 0 0 0 0 0 0 0.09669572221 0 0 0 0 0 0 0.0007892002178 0 0 0 0 0 0 0.0007892002178 0 0 0 0 0 0 0.001355664815
383,1785495467.548402071,map,6.8060336113,-3.7700474262,-0.9997346997,0.0565690926,0.0283787192,0.9631874447,0.2612748307,0.04357328533 0 0 0 0 0 0 0.04357328533 0 0 0 0 0 0 0.0953217154 0 0 0 0 0 0 0.0007676075775 0 0 0 0 0 0 0.0007676075775 0 0 0 0 0 0 0.001327318175
384,1785495467.647617102,map,6.8158245087,-3.8749518394,-1.0111559629,0.0549468539,0.0294132079,0.9577333794,0.2808246658,0.04347245626 0 0 0 0 0 0 0.04347245626 0 0 0 0 0 0 0.09517255519 0 0 0 0 0 0 0.0007652722738 0 0 0 0 0 0 0.0007652722738 0 0 0 0 0 0 0.001324246746
385,1785495467.748016119,map,6.8164072037,-3.8629376888,-1.0080044270,0.0537897837,0.0303840100,0.9539892859,0.2934073934,0.04347545373 0 0 0 0 0 0 0.04347545373 0 0 0 0 0 0 0.09517699027 0 0 0 0 0 0 0.0007653416859 0 0 0 0 0 0 0.0007653416859 0 0 0 0 0 0 0.001324338054
386,1785495467.848417044,map,6.7998104095,-3.7986595631,-1.0163664818,0.0530316585,0.0319381690,0.9494252392,0.3078300306,0.04371194145 0 0 0 0 0 0 0.04371194145 0 0 0 0 0 0 0.09552674335 0 0 0 0 0 0 0.0007708203835 0 0 0 0 0 0 0.0007708203835 0 0 0 0 0 0 0.001331541882
387,1785495467.948791981,map,6.7871103287,-3.7813315392,-1.0073966980,0.0521772550,0.0327253556,0.9439688978,0.3242364936,0.04338097554 0 0 0 0 0 0 0.04338097554 0 0 0 0 0 0 0.09503717581 0 0 0 0 0 0 0.0007631542262 0 0 0 0 0 0 0.0007631542262 0 0 0 0 0 0 0.001321460084
388,1785495468.047425985,map,6.7774367332,-3.8022227287,-1.0057965517,0.0524475823,0.0342299611,0.9400105320,0.3353472083,0.04321212195 0 0 0 0 0 0 0.04321212195 0 0 0 0 0 0 0.0947871731 0 0 0 0 0 0 0.0007592466237 0 0 0 0 0 0 0.0007592466237 0 0 0 0 0 0 0.001316316509
389,1785495468.147655010,map,6.7830371857,-3.8174724579,-1.0086662769,0.0535100530,0.0360599890,0.9360889545,0.3457944957,0.04351052294 0 0 0 0 0 0 0.04351052294 0 0 0 0 0 0 0.09522887523 0 0 0 0 0 0 0.0007661538365 0 0 0 0 0 0 0.0007661538365 0 0 0 0 0 0 0.001325406323
390,1785495468.248058081,map,6.7357592583,-3.8090775013,-1.0020695925,0.0550081404,0.0380250956,0.9321385219,0.3558735253,0.04344758496 0 0 0 0 0 0 0.04344758496 0 0 0 0 0 0 0.09513575353 0 0 0 0 0 0 0.0007646963604 0 0 0 0 0 0 0.0007646963604 0 0 0 0 0 0 0.001323489123
391,1785495468.348321915,map,6.7164535522,-3.7790036201,-0.9959088564,0.0572185537,0.0375826585,0.9283838749,0.3652628562,0.04379809886 0 0 0 0 0 0 0.04379809886 0 0 0 0 0 0 0.09565408952 0 0 0 0 0 0 0.0007728175477 0 0 0 0 0 0 0.0007728175477 0 0 0 0 0 0 0.001334166387
392,1785495468.448514938,map,6.6951498985,-3.7842056751,-0.9946505427,0.0582522422,0.0384331274,0.9256046787,0.3720020832,0.04362598726 0 0 0 0 0 0 0.04362598726 0 0 0 0 0 0 0.09539965708 0 0 0 0 0 0 0.0007688285466 0 0 0 0 0 0 0.0007688285466 0 0 0 0 0 0 0.001328923567
393,1785495468.548609018,map,6.6797266006,-3.7489128113,-0.9986891150,0.0611043329,0.0367043419,0.9213079713,0.3822442622,0.0434452247 0 0 0 0 0 0 0.0434452247 0 0 0 0 0 0 0.0951322609 0 0 0 0 0 0 0.0007646417094 0 0 0 0 0 0 0.0007646417094 0 0 0 0 0 0 0.001323417225
394,1785495468.648005962,map,6.6552176476,-3.7018709183,-0.9874580503,0.0622541218,0.0365534298,0.9184543624,0.3888828316,0.04349457727 0 0 0 0 0 0 0.04349457727 0 0 0 0 0 0 0.09520528442 0 0 0 0 0 0 0.0007657845458 0 0 0 0 0 0 0.0007657845458 0 0 0 0 0 0 0.00132492059
395,1785495468.748279095,map,6.6402373314,-3.7028632164,-0.9868883491,0.0618005682,0.0386570992,0.9160334701,0.3944223669,0.0435936484 0 0 0 0 0 0 0.0435936484 0 0 0 0 0 0 0.09535183246 0 0 0 0 0 0 0.0007680793103 0 0 0 0 0 0 0.0007680793103 0 0 0 0 0 0 0.00132793847
396,1785495468.847635031,map,6.6345157623,-3.6624093056,-0.9792563915,0.0631567290,0.0361748960,0.9148798247,0.3971114451,0.04345241908 0 0 0 0 0 0 0.04345241908 0 0 0 0 0 0 0.09514290677 0 0 0 0 0 0 0.000764808294 0 0 0 0 0 0 0.000764808294 0 0 0 0 0 0 0.001323636378
397,1785495468.947932005,map,6.6347570419,-3.6440973282,-0.9830039740,0.0599410892,0.0413604943,0.9133786553,0.4005443834,0.04335393411 0 0 0 0 0 0 0.04335393411 0 0 0 0 0 0 0.09499714922 0 0 0 0 0 0 0.0007625282728 0 0 0 0 0 0 0.0007625282728 0 0 0 0 0 0 0.001320636355
398,1785495469.048290014,map,6.6298909187,-3.6394631863,-0.9793956280,0.0571906232,0.0412823927,0.9131091844,0.4015677145,0.04364504503 0 0 0 0 0 0 0.04364504503 0 0 0 0 0 0 0.09542783815 0 0 0 0 0 0 0.0007692701237 0 0 0 0 0 0 0.0007692701237 0 0 0 0 0 0 0.0013295041
399,1785495469.147460938,map,6.6286802292,-3.6455159187,-0.9865928292,0.0543470704,0.0438019124,0.9126635467,0.4027071573,0.04329147425 0 0 0 0 0 0 0.04329147425 0 0 0 0 0 0 0.09490468093 0 0 0 0 0 0 0.0007610826911 0 0 0 0 0 0 0.0007610826911 0 0 0 0 0 0 0.001318733719
400,1785495469.247487068,map,6.6099281311,-3.6620318890,-0.9809858203,0.0523331285,0.0455766612,0.9126626324,0.4027790246,0.04368327339 0 0 0 0 0 0 0.04368327339 0 0 0 0 0 0 0.09548436112 0 0 0 0 0 0 0.0007701559832 0 0 0 0 0 0 0.0007701559832 0 0 0 0 0 0 0.001330668603
401,1785495469.348550081,map,6.6091341972,-3.6537022591,-0.9777877927,0.0529386010,0.0441703033,0.9100706363,0.4086782600,0.04317333311 0 0 0 0 0 0 0.04317333311 0 0 0 0 0 0 0.09472972039 0 0 0 0 0 0 0.0007583493149 0 0 0 0 0 0 0.0007583493149 0 0 0 0 0 0 0.001315134933
402,1785495469.447837114,map,6.5563244820,-3.5750856400,-0.9739098549,0.0577935602,0.0417964378,0.9077922917,0.4133111477,0.04502676858 0 0 0 0 0 0 0.04502676858 0 0 0 0 0 0 0.0974657924 0 0 0 0 0 0 0.0008013648648 0 0 0 0 0 0 0.0008013648648 0 0 0 0 0 0 0.001371593807
403,1785495469.548090935,map,6.5293607712,-3.5293405056,-0.9639014602,0.0631973147,0.0384422295,0.9041428816,0.4207777918,0.04350306725 0 0 0 0 0 0 0.04350306725 0 0 0 0 0 0 0.09521784509 0 0 0 0 0 0 0.0007659811652 0 0 0 0 0 0 0.0007659811652 0 0 0 0 0 0 0.00132517921
404,1785495469.647408009,map,6.5373706818,-3.5102684498,-0.9716588259,0.0629553977,0.0361332461,0.9004511203,0.4288575499,0.04367570133 0 0 0 0 0 0 0.04367570133 0 0 0 0 0 0 0.09547316601 0 0 0 0 0 0 0.0007699805075 0 0 0 0 0 0 0.0007699805075 0 0 0 0 0 0 0.001330437945
405,1785495469.747720957,map,6.5369915962,-3.4890475273,-0.9726853371,0.0601239831,0.0369881069,0.8957984561,0.4388189940,0.04346858317 0 0 0 0 0 0 0.04346858317 0 0 0 0 0 0 0.09516682446 0 0 0 0 0 0 0.000765182586 0 0 0 0 0 0 0.000765182586 0 0 0 0 0 0 0.001324128765
406,1785495469.847850084,map,6.5207562447,-3.4730083942,-0.9615771174,0.0561607753,0.0370260300,0.8902029409,0.4505704732,0.04317167373 0 0 0 0 0 0 0.04317167373 0 0 0 0 0 0 0.09472726239 0 0 0 0 0 0 0.000758310931 0 0 0 0 0 0 0.000758310931 0 0 0 0 0 0 0.001315084386
407,1785495469.948121071,map,6.4991436005,-3.4522128105,-0.9683993459,0.0571087603,0.0376741736,0.8871123747,0.4564546833,0.04353464387 0 0 0 0 0 0 0.04353464387 0 0 0 0 0 0 0.09526455826 0 0 0 0 0 0 0.0007667125012 0 0 0 0 0 0 0.0007667125012 0 0 0 0 0 0 0.001326141089
408,1785495470.048378944,map,6.5249991417,-3.4056844711,-0.9647116065,0.0579367982,0.0366720594,0.8847408165,0.4610121523,0.04359367546 0 0 0 0 0 0 0.04359367546 0 0 0 0 0 0 0.09535187248 0 0 0 0 0 0 0.0007680799372 0 0 0 0 0 0 0.0007680799372 0 0 0 0 0 0 0.001327939294
409,1785495470.147730112,map,6.4784498215,-3.4084897041,-0.9603486061,0.0575105357,0.0366939695,0.8818620866,0.4665461998,0.04352205525 0 0 0 0 0 0 0.04352205525 0 0 0 0 0 0 0.09524593582 0 0 0 0 0 0 0.0007664209302 0 0 0 0 0 0 0.0007664209302 0 0 0 0 0 0 0.001325757617
410,1785495470.247997046,map,6.4469418526,-3.4020292759,-0.9536151886,0.0538261161,0.0398721368,0.8809881095,0.4683726177,0.04349525961 0 0 0 0 0 0 0.04349525961 0 0 0 0 0 0 0.09520629394 0 0 0 0 0 0 0.0007658003479 0 0 0 0 0 0 0.0007658003479 0 0 0 0 0 0 0.001324941376
411,1785495470.348119020,map,6.4320969582,-3.4430737495,-0.9649728537,0.0493705533,0.0440656921,0.8825773669,0.4654867823,0.04374070851 0 0 0 0 0 0 0.04374070851 0 0 0 0 0 0 0.09556926742 0 0 0 0 0 0 0.0007714871472 0 0 0 0 0 0 0.0007714871472 0 0 0 0 0 0 0.001332418177
412,1785495470.448415041,map,6.3529262543,-3.4097344875,-0.9461849928,0.0510240597,0.0446010703,0.8848942038,0.4608356830,0.043615153 0 0 0 0 0 0 0.043615153 0 0 0 0 0 0 0.09538363538 0 0 0 0 0 0 0.0007685775255 0 0 0 0 0 0 0.0007685775255 0 0 0 0 0 0 0.001328593537
413,1785495470.547590017,map,6.3356223106,-3.3776335716,-0.9476365447,0.0527525102,0.0429504815,0.8892550640,0.4523249245,0.04325172033 0 0 0 0 0 0 0.04325172033 0 0 0 0 0 0 0.09484581623 0 0 0 0 0 0 0.0007601627914 0 0 0 0 0 0 0.0007601627914 0 0 0 0 0 0 0.001317522745
414,1785495470.647924900,map,6.3226208687,-3.3839330673,-0.9482535720,0.0511213901,0.0454572413,0.8952994234,0.4401808348,0.04349920493 0 0 0 0 0 0 0.04349920493 0 0 0 0 0 0 0.09521213095 0 0 0 0 0 0 0.000765891717 0 0 0 0 0 0 0.000765891717 0 0 0 0 0 0 0.001325061557
415,1785495470.748245955,map,6.3306131363,-3.4166123867,-0.9461650848,0.0513181262,0.0445499141,0.8994715918,0.4316626180,0.04369767772 0 0 0 0 0 0 0.04369767772 0 0 0 0 0 0 0.09550565674 0 0 0 0 0 0 0.0007704898042 0 0 0 0 0 0 0.0007704898042 0 0 0 0 0 0 0.001331107384
416,1785495470.847778082,map,6.3400325775,-3.4127948284,-0.9493638873,0.0512293904,0.0431089927,0.9053403219,0.4193757950,0.04344893622 0 0 0 0 0 0 0.04344893622 0 0 0 0 0 0 0.09513775305 0 0 0 0 0 0 0.0007647276484 0 0 0 0 0 0 0.0007647276484 0 0 0 0 0 0 0.001323530284
417,1785495470.948005915,map,6.3326210976,-3.4184341431,-0.9421002865,0.0521272622,0.0400470093,0.9105117333,0.4082246602,0.04325793361 0 0 0 0 0 0 0.04325793361 0 0 0 0 0 0 0.09485501698 0 0 0 0 0 0 0.0007603065569 0 0 0 0 0 0 0.0007603065569 0 0 0 0 0 0 0.001317712012
418,1785495471.048408985,map,6.3270764351,-3.3998117447,-0.9419094324,0.0545616626,0.0371697544,0.9158464206,0.3960640971,0.04322491189 0 0 0 0 0 0 0.04322491189 0 0 0 0 0 0 0.09480611528 0 0 0 0 0 0 0.0007595425236 0 0 0 0 0 0 0.0007595425236 0 0 0 0 0 0 0.001316706113
419,1785495471.148669958,map,6.3277554512,-3.3340902328,-0.9345569015,0.0595397884,0.0330064772,0.9187455077,0.3889373736,0.04354383917 0 0 0 0 0 0 0.04354383917 0 0 0 0 0 0 0.09527816038 0 0 0 0 0 0 0.0007669254864 0 0 0 0 0 0 0.0007669254864 0 0 0 0 0 0 0.001326421194
420,1785495471.248130083,map,6.3476052284,-3.3327395916,-0.9356235266,0.0614242032,0.0303663974,0.9228844289,0.3789317656,0.04303139301 0 0 0 0 0 0 0.04303139301 0 0 0 0 0 0 0.09451941201 0 0 0 0 0 0 0.0007550668809 0 0 0 0 0 0 0.0007550668809 0 0 0 0 0 0 0.001310811191
421,1785495471.347644091,map,6.3071875572,-3.3037936687,-0.9349368811,0.0667075957,0.0274751520,0.9277113580,0.3662606128,0.04359838246 0 0 0 0 0 0 0.04359838246 0 0 0 0 0 0 0.09535883382 0 0 0 0 0 0 0.0007681889848 0 0 0 0 0 0 0.0007681889848 0 0 0 0 0 0 0.001328082677
422,1785495471.447999001,map,6.3411855698,-3.2953462601,-0.9446476102,0.0684853613,0.0254300503,0.9337586293,0.3503682160,0.04383208017 0 0 0 0 0 0 0.04383208017 0 0 0 0 0 0 0.09570430494 0 0 0 0 0 0 0.0007736054181 0 0 0 0 0 0 0.0007736054181 0 0 0 0 0 0 0.001335201517
423,1785495471.548226118,map,6.3254332542,-3.3507699966,-0.9379214644,0.0695410924,0.0220629953,0.9389042510,0.3363570291,0.04359030512 0 0 0 0 0 0 0.04359030512 0 0 0 0 0 0 0.0953468879 0 0 0 0 0 0 0.0007680018572 0 0 0 0 0 0 0.0007680018572 0 0 0 0 0 0 0.001327836627
424,1785495471.648561001,map,6.2270259857,-3.3724246025,-0.9347509146,0.0804947990,0.0260780560,0.9438545318,0.3193417577,0.04330661578 0 0 0 0 0 0 0.04330661578 0 0 0 0 0 0 0.09492709909 0 0 0 0 0 0 0.0007614330989 0 0 0 0 0 0 0.0007614330989 0 0 0 0 0 0 0.001319194956
425,1785495471.748869896,map,6.3386135101,-3.3859698772,-0.9325165749,0.0697017892,0.0189120039,0.9499076729,0.3040714015,0.04340276839 0 0 0 0 0 0 0.04340276839 0 0 0 0 0 0 0.09506943055 0 0 0 0 0 0 0.0007636587309 0 0 0 0 0 0 0.0007636587309 0 0 0 0 0 0 0.001322123932
426,1785495471.848124027,map,6.3716235161,-3.4025380611,-0.9462422132,0.0693797577,0.0166849448,0.9545115173,0.2895096142,0.04347455235 0 0 0 0 0 0 0.04347455235 0 0 0 0 0 0 0.09517565658 0 0 0 0 0 0 0.0007653208126 0 0 0 0 0 0 0.0007653208126 0 0 0 0 0 0 0.001324310596
427,1785495471.948344946,map,6.3461756706,-3.3871893883,-0.9465054274,0.0735315316,0.0143075782,0.9589400194,0.2735369187,0.04334052625 0 0 0 0 0 0 0.04334052625 0 0 0 0 0 0 0.09497730146 0 0 0 0 0 0 0.0007622179311 0 0 0 0 0 0 0.0007622179311 0 0 0 0 0 0 0.001320227928
428,1785495472.048638105,map,6.2684135437,-3.4232478142,-0.9396196008,0.0825567881,0.0155380439,0.9621358393,0.2593020794,0.04324643523 0 0 0 0 0 0 0.04324643523 0 0 0 0 0 0 0.09483798977 0 0 0 0 0 0 0.0007600405049 0 0 0 0 0 0 0.0007600405049 0 0 0 0 0 0 0.001317361751
429,1785495472.148000956,map,6.2222542763,-3.3989217281,-0.9273048639,0.0855191016,0.0145963556,0.9656753045,0.2448359116,0.0432497745 0 0 0 0 0 0 0.0432497745 0 0 0 0 0 0 0.09484293475 0 0 0 0 0 0 0.0007601177684 0 0 0 0 0 0 0.0007601177684 0 0 0 0 0 0 0.001317463471
430,1785495472.248308897,map,6.2203969955,-3.3564033508,-0.9639748335,0.0864250180,0.0115283838,0.9701828512,0.2261482863,0.04354879509 0 0 0 0 0 0 0.04354879509 0 0 0 0 0 0 0.09528549122 0 0 0 0 0 0 0.0007670402802 0 0 0 0 0 0 0.0007670402802 0 0 0 0 0 0 0.00132657216
431,1785495472.347426891,map,6.3400912285,-3.3804473877,-0.9512594342,0.0709449358,0.0024797450,0.9748175404,0.2114034931,0.04439752782 0 0 0 0 0 0 0.04439752782 0 0 0 0 0 0 0.09653896957 0 0 0 0 0 0 0.0007867295293 0 0 0 0 0 0 0.0007867295293 0 0 0 0 0 0 0.001352426037
432,1785495472.447791100,map,6.3093147278,-3.3941316605,-0.9550085664,0.0693339750,0.0017402520,0.9784080309,0.1946984910,0.04330134508 0 0 0 0 0 0 0.04330134508 0 0 0 0 0 0 0.09491929557 0 0 0 0 0 0 0.0007613111213 0 0 0 0 0 0 0.0007613111213 0 0 0 0 0 0 0.001319034401
433,1785495472.548084974,map,6.3068280220,-3.4267206192,-0.9461738467,0.0725159303,0.0070192997,0.9814292793,0.1774506592,0.04302931792 0 0 0 0 0 0 0.04302931792 0 0 0 0 0 0 0.09451633658 0 0 0 0 0 0 0.0007550189062 0 0 0 0 0 0 0.0007550189062 0 0 0 0 0 0 0.00131074798
434,1785495472.648283005,map,6.3069343567,-3.4430842400,-0.9384673238,0.0708371633,0.0083008704,0.9849311529,0.1575557100,0.0437035918 0 0 0 0 0 0 0.0437035918 0 0 0 0 0 0 0.09551439987 0 0 0 0 0 0 0.000770626868 0 0 0 0 0 0 0.000770626868 0 0 0 0 0 0 0.001331287537
435,1785495472.748641968,map,6.3048162460,-3.4422771931,-0.9386442900,0.0718983900,0.0082508096,0.9878791096,0.1373222629,0.04377721835 0 0 0 0 0 0 0.04377721835 0 0 0 0 0 0 0.09562323051 0 0 0 0 0 0 0.0007723334722 0 0 0 0 0 0 0.0007723334722 0 0 0 0 0 0 0.00133353033
436,1785495472.848064899,map,6.3526096344,-3.4156444073,-0.9505943656,0.0734911976,0.0082834822,0.9902861617,0.1177444653,0.04351708269 0 0 0 0 0 0 0.04351708269 0 0 0 0 0 0 0.09523857964 0 0 0 0 0 0 0.000766305762 0 0 0 0 0 0 0.000766305762 0 0 0 0 0 0 0.001325606145
437,1785495472.948587894,map,6.3387012482,-3.4339122772,-0.9480096102,0.0735457379,0.0083867722,0.9919529735,0.1027131656,0.04402390476 0 0 0 0 0 0 0.04402390476 0 0 0 0 0 0 0.09598765329 0 0 0 0 0 0 0.0007780547426 0 0 0 0 0 0 0.0007780547426 0 0 0 0 0 0 0.001341044828
438,1785495473.047930956,map,6.3426795006,-3.4326655865,-0.9506081343,0.0737859069,0.0096169779,0.9934586170,0.0866205747,0.04351364239 0 0 0 0 0 0 0.04351364239 0 0 0 0 0 0 0.09523349013 0 0 0 0 0 0 0.0007662260833 0 0 0 0 0 0 0.0007662260833 0 0 0 0 0 0 0.001325501347
439,1785495473.148372889,map,6.2785568237,-3.4233508110,-0.9334913492,0.0774260298,0.0096107788,0.9947568711,0.0661181526,0.04350065219 0 0 0 0 0 0 0.04350065219 0 0 0 0 0 0 0.09521427212 0 0 0 0 0 0 0.0007659252342 0 0 0 0 0 0 0.0007659252342 0 0 0 0 0 0 0.001325105643
440,1785495473.247736931,map,6.1671609879,-3.4094045162,-0.9772796035,0.0893431787,0.0108016966,0.9947775279,0.0481537472,0.04334098149 0 0 0 0 0 0 0.04334098149 0 0 0 0 0 0 0.09497797538 0 0 0 0 0 0 0.0007622284681 0 0 0 0 0 0 0.0007622284681 0 0 0 0 0 0 0.001320241795
441,1785495473.347940922,map,6.2097249031,-3.4888119698,-0.9549617171,0.0889104647,0.0102331743,0.9954674491,0.0321681000,0.04365487527 0 0 0 0 0 0 0.04365487527 0 0 0 0 0 0 0.09544237353 0 0 0 0 0 0 0.0007694979066 0 0 0 0 0 0 0.0007694979066 0 0 0 0 0 0 0.001329803547
442,1785495473.448338985,map,6.2395334244,-3.4615943432,-0.9588424563,0.0888161761,0.0054215365,0.9956723313,0.0268124426,0.04379326635 0 0 0 0 0 0 0.04379326635 0 0 0 0 0 0 0.09564694784 0 0 0 0 0 0 0.0007727055118 0 0 0 0 0 0 0.0007727055118 0 0 0 0 0 0 0.00133401918
443,1785495473.547705889,map,6.2373967171,-3.4593751431,-0.9679734707,0.0889517119,0.0063061807,0.9956289366,0.0277638591,0.04388810874 0 0 0 0 0 0 0.04388810874 0 0 0 0 0 0 0.09578708664 0 0 0 0 0 0 0.0007749046722 0 0 0 0 0 0 0.0007749046722 0 0 0 0 0 0 0.001336908244
444,1785495473.648052931,map,6.2822823524,-3.4474897385,-0.9737659097,0.0879563827,0.0063026733,0.9955850911,0.0321600286,0.04368085108 0 0 0 0 0 0 0.04368085108 0 0 0 0 0 0 0.09548077983 0 0 0 0 0 0 0.0007700998479 0 0 0 0 0 0 0.0007700998479 0 0 0 0 0 0 0.001330594815
445,1785495473.748156071,map,6.3125295639,-3.3817374706,-0.9853658676,0.0863719689,0.0056945041,0.9953466269,0.0423384747,0.04364161185 0 0 0 0 0 0 0.04364161185 0 0 0 0 0 0 0.0954227616 0 0 0 0 0 0 0.0007691905732 0 0 0 0 0 0 0.0007691905732 0 0 0 0 0 0 0.00132939952
446,1785495473.848465919,map,6.4047503471,-3.4064836502,-0.9481449723,0.0718226434,0.0067840807,0.9961374984,0.0500556746,0.04336849884 0 0 0 0 0 0 0.04336849884 0 0 0 0 0 0 0.09501870837 0 0 0 0 0 0 0.0007628654086 0 0 0 0 0 0 0.0007628654086 0 0 0 0 0 0 0.001321080022
447,1785495473.947686911,map,6.4411053658,-3.4084057808,-0.9498130083,0.0695122943,0.0078766246,0.9957540045,0.0598327870,0.04376472889 0 0 0 0 0 0 0.04376472889 0 0 0 0 0 0 0.09560477139 0 0 0 0 0 0 0.0007720439449 0 0 0 0 0 0 0.0007720439449 0 0 0 0 0 0 0.001333149879
448,1785495474.047928095,map,6.4178476334,-3.3107318878,-0.9786117673,0.0678966597,0.0026010355,0.9950640049,0.0723251235,0.04371894473 0 0 0 0 0 0 0.04371894473 0 0 0 0 0 0 0.09553709616 0 0 0 0 0 0 0.0007709826994 0 0 0 0 0 0 0.0007709826994 0 0 0 0 0 0 0.001331755214
449,1785495474.148108959,map,6.4331574440,-3.4076423645,-0.9482395649,0.0717279645,0.0121518679,0.9934506223,0.0881095682,0.04404800388 0 0 0 0 0 0 0.04404800388 0 0 0 0 0 0 0.09602323652 0 0 0 0 0 0 0.0007786139307 0 0 0 0 0 0 0.0007786139307 0 0 0 0 0 0 0.001341778929
450,1785495474.248466969,map,6.4060058594,-3.3718464375,-0.9464837909,0.0713879705,0.0134580437,0.9925634843,0.0976747638,0.04356373167 0 0 0 0 0 0 0.04356373167 0 0 0 0 0 0 0.09530758471 0 0 0 0 0 0 0.0007673862685 0 0 0 0 0 0 0.0007673862685 0 0 0 0 0 0 0.001327027154
451,1785495474.347729921,map,6.3910870552,-3.3340635300,-0.9494898915,0.0706898849,0.0145402419,0.9913394112,0.1097163843,0.04312164268 0 0 0 0 0 0 0.04312164268 0 0 0 0 0 0 0.09465314526 0 0 0 0 0 0 0.00075715375 0 0 0 0 0 0 0.00075715375 0 0 0 0 0 0 0.001313560353
452,1785495474.448065042,map,6.3930182457,-3.3400590420,-0.9546414614,0.0705001106,0.0166996069,0.9905290410,0.1166321776,0.04350625218 0 0 0 0 0 0 0.04350625218 0 0 0 0 0 0 0.09522255699 0 0 0 0 0 0 0.0007660549265 0 0 0 0 0 0 0.0007660549265 0 0 0 0 0 0 0.001325276228
453,1785495474.548357010,map,6.3715958595,-3.3864026070,-0.9460634589,0.0689059168,0.0193429303,0.9884848027,0.1333252564,0.04325873159 0 0 0 0 0 0 0.04325873159 0 0 0 0 0 0 0.09485619862 0 0 0 0 0 0 0.0007603250211 0 0 0 0 0 0 0.0007603250211 0 0 0 0 0 0 0.00131773632
454,1785495474.647702932,map,6.3962612152,-3.3961341381,-0.9436248541,0.0705375568,0.0184787381,0.9870515946,0.1428710701,0.04373292177 0 0 0 0 0 0 0.04373292177 0 0 0 0 0 0 0.09555775734 0 0 0 0 0 0 0.0007713066591 0 0 0 0 0 0 0.0007713066591 0 0 0 0 0 0 0.001332180979
455,1785495474.748169899,map,6.3564052582,-3.3154845238,-0.9487310052,0.0733445406,0.0175081309,0.9848387322,0.1562264783,0.04377061111 0 0 0 0 0 0 0.04377061111 0 0 0 0 0 0 0.09561346527 0 0 0 0 0 0 0.0007721803032 0 0 0 0 0 0 0.0007721803032 0 0 0 0 0 0 0.001333329062
456,1785495474.848597050,map,6.2883768082,-3.4471733570,-0.9780479074,0.0850988968,0.0206437975,0.9801802724,0.1777038231,0.04361920843 0 0 0 0 0 0 0.04361920843 0 0 0 0 0 0 0.09538963262 0 0 0 0 0 0 0.0007686714854 0 0 0 0 0 0 0.0007686714854 0 0 0 0 0 0 0.001328717073
457,1785495474.948113918,map,6.2861714363,-3.4647738934,-0.9668670893,0.0875554161,0.0242411882,0.9775865831,0.1899234162,0.04408628121 0 0 0 0 0 0 0.04408628121 0 0 0 0 0 0 0.09607974795 0 0 0 0 0 0 0.0007795022038 0 0 0 0 0 0 0.0007795022038 0 0 0 0 0 0 0.001342944923
458,1785495475.047426939,map,6.2994470596,-3.4803624153,-0.9656831026,0.0866205500,0.0264123431,0.9747667663,0.2040318727,0.04342597761 0 0 0 0 0 0 0.04342597761 0 0 0 0 0 0 0.09510377871 0 0 0 0 0 0 0.0007641960684 0 0 0 0 0 0 0.0007641960684 0 0 0 0 0 0 0.001322830925
459,1785495475.147552013,map,6.3241724968,-3.4655737877,-0.9630736113,0.0843437436,0.0269757969,0.9721593392,0.2169439240,0.04355296557 0 0 0 0 0 0 0.04355296557 0 0 0 0 0 0 0.09529166011 0 0 0 0 0 0 0.0007671368825 0 0 0 0 0 0 0.0007671368825 0 0 0 0 0 0 0.001326699199
460,1785495475.247946024,map,6.3052744865,-3.4801313877,-0.9601138830,0.0841822970,0.0276113902,0.9680023077,0.2347817974,0.04341231862 0 0 0 0 0 0 0.04341231862 0 0 0 0 0 0 0.09508356464 0 0 0 0 0 0 0.0007638798314 0 0 0 0 0 0 0.0007638798314 0 0 0 0 0 0 0.001322414849
461,1785495475.348134995,map,6.3440866470,-3.4411416054,-0.9570495486,0.0817851792,0.0272178310,0.9653477530,0.2463210977,0.04357483246 0 0 0 0 0 0 0.04357483246 0 0 0 0 0 0 0.09532400369 0 0 0 0 0 0 0.0007676434171 0 0 0 0 0 0 0.0007676434171 0 0 0 0 0 0 0.001327365303
462,1785495475.448260069,map,6.3025693893,-3.4229283333,-0.9571612477,0.0827517120,0.0296721437,0.9608059149,0.2629138771,0.04332614375 0 0 0 0 0 0 0.04332614375 0 0 0 0 0 0 0.09495600983 0 0 0 0 0 0 0.0007618850471 0 0 0 0 0 0 0.0007618850471 0 0 0 0 0 0 0.001319789812
463,1785495475.547274113,map,6.2371506691,-3.4922468662,-0.9597839117,0.0859560050,0.0325908084,0.9565019896,0.2768634041,0.04347796767 0 0 0 0 0 0 0.04347796767 0 0 0 0 0 0 0.09518070987 0 0 0 0 0 0 0.0007653999015 0 0 0 0 0 0 0.0007653999015 0 0 0 0 0 0 0.001324414633
464,1785495475.647349119,map,6.1591773033,-3.4265263081,-0.9589455128,0.0804313732,0.0343376196,0.9513493476,0.2954422449,0.04394464502 0 0 0 0 0 0 0.04394464502 0 0 0 0 0 0 0.09587060118 0 0 0 0 0 0 0.0007762159633 0 0 0 0 0 0 0.0007762159633 0 0 0 0 0 0 0.001338630438
465,1785495475.747637033,map,6.1659579277,-3.4660241604,-0.9529798031,0.0823145046,0.0358548074,0.9486116579,0.3034380917,0.04395712369 0 0 0 0 0 0 0.04395712369 0 0 0 0 0 0 0.09588903216 0 0 0 0 0 0 0.0007765054267 0 0 0 0 0 0 0.0007765054267 0 0 0 0 0 0 0.00133901056
466,1785495475.847945929,map,6.1684279442,-3.4526996613,-0.9526431561,0.0794837441,0.0358897993,0.9435700839,0.3194835712,0.04416390213 0 0 0 0 0 0 0.04416390213 0 0 0 0 0 0 0.0961943207 0 0 0 0 0 0 0.0007813038636 0 0 0 0 0 0 0.0007813038636 0 0 0 0 0 0 0.001345309391
467,1785495475.948328972,map,6.1731271744,-3.4679100513,-0.9543375969,0.0829498952,0.0377318439,0.9400153431,0.3287351118,0.04439633995 0 0 0 0 0 0 0.04439633995 0 0 0 0 0 0 0.09653721795 0 0 0 0 0 0 0.0007867019313 0 0 0 0 0 0 0.0007867019313 0 0 0 0 0 0 0.001352389852
468,1785495476.047411919,map,6.2183508873,-3.4823544025,-0.9603844285,0.0798011297,0.0363055265,0.9354110492,0.3425198534,0.04360335756 0 0 0 0 0 0 0.04360335756 0 0 0 0 0 0 0.09536619154 0 0 0 0 0 0 0.0007683042458 0 0 0 0 0 0 0.0007683042458 0 0 0 0 0 0 0.001328234227
469,1785495476.147669077,map,6.2354378700,-3.4584581852,-0.9788526893,0.0816494551,0.0369632986,0.9300761893,0.3562658612,0.04396413748 0 0 0 0 0 0 0.04396413748 0 0 0 0 0 0 0.09589939113 0 0 0 0 0 0 0.0007766681288 0 0 0 0 0 0 0.0007766681288 0 0 0 0 0 0 0.001339224212
470,1785495476.247942924,map,6.2328400612,-3.4459118843,-0.9581633210,0.0797746369,0.0374666837,0.9259553898,0.3672041387,0.04368620404 0 0 0 0 0 0 0.04368620404 0 0 0 0 0 0 0.09548869393 0 0 0 0 0 0 0.0007702238997 0 0 0 0 0 0 0.0007702238997 0 0 0 0 0 0 0.001330757875
471,1785495476.348170042,map,6.2317347527,-3.4169156551,-0.9506394863,0.0774691173,0.0379115208,0.9220479140,0.3773445076,0.04371075096 0 0 0 0 0 0 0.04371075096 0 0 0 0 0 0 0.09552498344 0 0 0 0 0 0 0.0007707927918 0 0 0 0 0 0 0.0007707927918 0 0 0 0 0 0 0.001331505617
472,1785495476.447556019,map,6.2240514755,-3.3857524395,-0.9449095726,0.0792071765,0.0403834409,0.9179542216,0.3865946818,0.04331569606 0 0 0 0 0 0 0.04331569606 0 0 0 0 0 0 0.09494054252 0 0 0 0 0 0 0.0007616432457 0 0 0 0 0 0 0.0007616432457 0 0 0 0 0 0 0.001319471557
473,1785495476.547880888,map,6.2043366432,-3.3989455700,-0.9392608404,0.0792658469,0.0405397866,0.9158808562,0.3914533241,0.04466253709 0 0 0 0 0 0 0.04466253709 0 0 0 0 0 0 0.09692956305 0 0 0 0 0 0 0.0007928894163 0 0 0 0 0 0 0.0007928894163 0 0 0 0 0 0 0.001360498681
474,1785495476.647962093,map,6.1317553520,-3.3764758110,-0.9078657031,0.0823706070,0.0402906009,0.9131207628,0.3972432935,0.04333031955 0 0 0 0 0 0 0.04333031955 0 0 0 0 0 0 0.09496219175 0 0 0 0 0 0 0.0007619816947 0 0 0 0 0 0 0.0007619816947 0 0 0 0 0 0 0.001319917014
475,1785495476.747208118,map,6.1299862862,-3.3614380360,-0.9179943204,0.0816337445,0.0396636264,0.9130337297,0.3976583101,0.04333688032 0 0 0 0 0 0 0.04333688032 0 0 0 0 0 0 0.09497190419 0 0 0 0 0 0 0.0007621335441 0 0 0 0 0 0 0.0007621335441 0 0 0 0 0 0 0.001320116866
476,1785495476.847533941,map,6.1290092468,-3.3305220604,-0.9227583408,0.0806207500,0.0378954495,0.9152047446,0.3930197361,0.0436281121 0 0 0 0 0 0 0.0436281121 0 0 0 0 0 0 0.09540279922 0 0 0 0 0 0 0.0007688777786 0 0 0 0 0 0 0.0007688777786 0 0 0 0 0 0 0.001328988294
477,1785495476.947729111,map,6.0864996910,-3.3298413754,-0.9152580500,0.0805803343,0.0375886011,0.9157251902,0.3918434309,0.04316785248 0 0 0 0 0 0 0.04316785248 0 0 0 0 0 0 0.09472160201 0 0 0 0 0 0 0.000758222541 0 0 0 0 0 0 0.000758222541 0 0 0 0 0 0 0.001314967984
478,1785495477.047895908,map,6.0902328491,-3.2767364979,-0.9140586257,0.0804422944,0.0352762091,0.9191262273,0.3840463750,0.04361537951 0 0 0 0 0 0 0.04361537951 0 0 0 0 0 0 0.09538397035 0 0 0 0 0 0 0.0007685827736 0 0 0 0 0 0 0.0007685827736 0 0 0 0 0 0 0.001328600437
479,1785495477.148106098,map,6.0452065468,-3.3053085804,-0.9133197069,0.0813495833,0.0336104121,0.9213598639,0.3786140339,0.04338627637 0 0 0 0 0 0 0.04338627637 0 0 0 0 0 0 0.09504502161 0 0 0 0 0 0 0.0007632769369 0 0 0 0 0 0 0.0007632769369 0 0 0 0 0 0 0.001321621556
480,1785495477.247340918,map,6.0095348358,-3.2706367970,-0.9197032452,0.0825069027,0.0342963165,0.9255785821,0.3678595336,0.04353584197 0 0 0 0 0 0 0.04353584197 0 0 0 0 0 0 0.09526633057 0 0 0 0 0 0 0.0007667402517 0 0 0 0 0 0 0.0007667402517 0 0 0 0 0 0 0.001326177585
481,1785495477.347548008,map,5.9929285049,-3.2590332031,-0.9098446965,0.0814815828,0.0343627723,0.9284928765,0.3606673271,0.04413645011 0 0 0 0 0 0 0.04413645011 0 0 0 0 0 0 0.09615380372 0 0 0 0 0 0 0.000780666618 0 0 0 0 0 0 0.000780666618 0 0 0 0 0 0 0.001344473155
482,1785495477.447654009,map,5.9795665741,-3.2411472797,-0.9010537863,0.0828389095,0.0318260215,0.9328679172,0.3491164235,0.04338362992 0 0 0 0 0 0 0.04338362992 0 0 0 0 0 0 0.09504110461 0 0 0 0 0 0 0.0007632156732 0 0 0 0 0 0 0.0007632156732 0 0 0 0 0 0 0.001321540941
483,1785495477.548239946,map,5.9214406013,-3.2292633057,-0.8892112374,0.0848935247,0.0324394645,0.9353217011,0.3419270034,0.04421358731 0 0 0 0 0 0 0.04421358731 0 0 0 0 0 0 0.09626764172 0 0 0 0 0 0 0.0007824573662 0 0 0 0 0 0 0.0007824573662 0 0 0 0 0 0 0.001346822889
484,1785495477.647562981,map,5.9122262001,-3.2276372910,-0.8970937729,0.0838590319,0.0311696745,0.9389580435,0.3321956069,0.04366493617 0 0 0 0 0 0 0.04366493617 0 0 0 0 0 0 0.09545724942 0 0 0 0 0 0 0.0007697310426 0 0 0 0 0 0 0.0007697310426 0 0 0 0 0 0 0.001330110019
485,1785495477.747836113,map,5.8978433609,-3.2398297787,-0.9041056037,0.0848803230,0.0315401554,0.9427499402,0.3209721231,0.04401659197 0 0 0 0 0 0 0.04401659197 0 0 0 0 0 0 0.09597685507 0 0 0 0 0 0 0.0007778850685 0 0 0 0 0 0 0.0007778850685 0 0 0 0 0 0 0.001340822067
486,1785495477.848124981,map,5.8710298538,-3.2322862148,-0.9050906301,0.0834531481,0.0304912227,0.9469676227,0.3088012002,0.04385032976 0 0 0 0 0 0 0.04385032976 0 0 0 0 0 0 0.09573127042 0 0 0 0 0 0 0.0007740285818 0 0 0 0 0 0 0.0007740285818 0 0 0 0 0 0 0.001335757431
487,1785495477.948431969,map,5.8425750732,-3.2310957909,-0.9055722952,0.0826500405,0.0297086977,0.9504897082,0.2980867146,0.04353992299 0 0 0 0 0 0 0.04353992299 0 0 0 0 0 0 0.09527236743 0 0 0 0 0 0 0.0007668347773 0 0 0 0 0 0 0.0007668347773 0 0 0 0 0 0 0.0013263019
488,1785495478.047707081,map,5.8206954002,-3.2291536331,-0.9005020857,0.0839703383,0.0283188408,0.9532002122,0.2890611866,0.04358367478 0 0 0 0 0 0 0.04358367478 0 0 0 0 0 0 0.09533708171 0 0 0 0 0 0 0.000767848256 0 0 0 0 0 0 0.000767848256 0 0 0 0 0 0 0.001327634655
489,1785495478.147897005,map,5.7960267067,-3.1976468563,-0.8800380826,0.0852998795,0.0253378973,0.9561901289,0.2788949101,0.04398722366 0 0 0 0 0 0 0.04398722366 0 0 0 0 0 0 0.09593348627 0 0 0 0 0 0 0.0007772036983 0 0 0 0 0 0 0.0007772036983 0 0 0 0 0 0 0.001339927458
490,1785495478.247282028,map,5.7530140877,-3.1921427250,-0.8773796558,0.0862385581,0.0247662606,0.9596091836,0.2666453889,0.04375787342 0 0 0 0 0 0 0.04375787342 0 0 0 0 0 0 0.09559463879 0 0 0 0 0 0 0.0007718850286 0 0 0 0 0 0 0.0007718850286 0 0 0 0 0 0 0.00133294105
491,1785495478.347620964,map,5.8323779106,-3.2184510231,-0.8745279312,0.0748816955,0.0185369571,0.9644450240,0.2527744239,0.04318619343 0 0 0 0 0 0 0.04318619343 0 0 0 0 0 0 0.09474876959 0 0 0 0 0 0 0.0007586468008 0 0 0 0 0 0 0.0007586468008 0 0 0 0 0 0 0.001315526681
492,1785495478.447861910,map,5.8476638794,-3.1793413162,-0.8868256211,0.0716758276,0.0165063579,0.9675265786,0.2418313941,0.04311393343 0 0 0 0 0 0 0.04311393343 0 0 0 0 0 0 0.09464172337 0 0 0 0 0 0 0.0007569754598 0 0 0 0 0 0 0.0007569754598 0 0 0 0 0 0 0.001313325516
493,1785495478.548101902,map,5.7139821053,-3.1858794689,-0.8753637075,0.0851755946,0.0207548846,0.9682786549,0.2339889297,0.04377642558 0 0 0 0 0 0 0.04377642558 0 0 0 0 0 0 0.09562205884 0 0 0 0 0 0 0.000772315094 0 0 0 0 0 0 0.000772315094 0 0 0 0 0 0 0.001333506181
494,1785495478.648283958,map,5.8189616203,-3.0579564571,-0.8712896109,0.0778303652,0.0173627356,0.9696250471,0.2312319858,0.04348476118 0 0 0 0 0 0 0.04348476118 0 0 0 0 0 0 0.09519076132 0 0 0 0 0 0 0.0007655572225 0 0 0 0 0 0 0.0007655572225 0 0 0 0 0 0 0.001324621575
495,1785495478.747646093,map,5.8541879654,-3.0896244049,-0.8868246675,0.0719905973,0.0183384809,0.9694457939,0.2337860309,0.04345182176 0 0 0 0 0 0 0.04345182176 0 0 0 0 0 0 0.0951420229 0 0 0 0 0 0 0.000764794463 0 0 0 0 0 0 0.000764794463 0 0 0 0 0 0 0.001323618183
496,1785495478.848027945,map,5.8732137680,-3.1073179245,-0.8796204925,0.0655064777,0.0212460368,0.9686831482,0.2385591116,0.04337500991 0 0 0 0 0 0 0.04337500991 0 0 0 0 0 0 0.09502834587 0 0 0 0 0 0 0.0007630161289 0 0 0 0 0 0 0.0007630161289 0 0 0 0 0 0 0.00132127836
497,1785495478.948339939,map,5.8478159904,-3.0857996941,-0.8619278669,0.0601623683,0.0227564491,0.9680720464,0.2422790511,0.04338775505 0 0 0 0 0 0 0.04338775505 0 0 0 0 0 0 0.09504721019 0 0 0 0 0 0 0.0007633111678 0 0 0 0 0 0 0.0007633111678 0 0 0 0 0 0 0.001321666599
498,1785495479.047823906,map,5.8213872910,-3.0512666702,-0.8522639275,0.0594652760,0.0217349641,0.9663288641,0.2493992746,0.04321469432 0 0 0 0 0 0 0.04321469432 0 0 0 0 0 0 0.0947909829 0 0 0 0 0 0 0.0007593061352 0 0 0 0 0 0 0.0007593061352 0 0 0 0 0 0 0.001316394868
499,1785495479.148121119,map,5.8266849518,-3.0587418079,-0.8561421633,0.0564632619,0.0207003353,0.9652336584,0.2543764216,0.04292135516 0 0 0 0 0 0 0.04292135516 0 0 0 0 0 0 0.0943562946 0 0 0 0 0 0 0.0007525233841 0 0 0 0 0 0 0.0007525233841 0 0 0 0 0 0 0.001307459246
500,1785495479.247387886,map,5.7912101746,-3.0844264030,-0.8438504338,0.0546793433,0.0206851381,0.9627776863,0.2638965803,0.0428041339 0 0 0 0 0 0 0.0428041339 0 0 0 0 0 0 0.09418245378 0 0 0 0 0 0 0.0007498149857 0 0 0 0 0 0 0.0007498149857 0 0 0 0 0 0 0.001303888483
501,1785495479.347851038,map,5.7823624611,-2.9507446289,-0.8463348150,0.0534249853,0.0214269492,0.9616893758,0.2680302264,0.04304335412 0 0 0 0 0 0 0.04304335412 0 0 0 0 0 0 0.09453713878 0 0 0 0 0 0 0.0007553434212 0 0 0 0 0 0 0.0007553434212 0 0 0 0 0 0 0.001311175547
502,1785495479.448020935,map,5.7523283958,-3.0181026459,-0.8490511179,0.0518389495,0.0213185777,0.9598406758,0.2748892508,0.04298575435 0 0 0 0 0 0 0.04298575435 0 0 0 0 0 0 0.09445176663 0 0 0 0 0 0 0.0007540118293 0 0 0 0 0 0 0.0007540118293 0 0 0 0 0 0 0.001309420958
503,1785495479.548336029,map,5.7269415855,-2.9527401924,-0.8461373448,0.0503961040,0.0227408807,0.9590550336,0.2777706366,0.04350495319 0 0 0 0 0 0 0.04350495319 0 0 0 0 0 0 0.09522063523 0 0 0 0 0 0 0.0007660248426 0 0 0 0 0 0 0.0007660248426 0 0 0 0 0 0 0.001325236659
504,1785495479.647612095,map,5.6883602142,-3.0222113132,-0.8599219918,0.0465553164,0.0255268277,0.9582384164,0.2809984771,0.04281966352 0 0 0 0 0 0 0.04281966352 0 0 0 0 0 0 0.09420548888 0 0 0 0 0 0 0.0007501737299 0 0 0 0 0 0 0.0007501737299 0 0 0 0 0 0 0.001304361542
505,1785495479.747927904,map,5.6557831764,-3.0343370438,-0.8426230550,0.0460944557,0.0258307708,0.9575917841,0.2832420558,0.04292217903 0 0 0 0 0 0 0.04292217903 0 0 0 0 0 0 0.09435751614 0 0 0 0 0 0 0.0007525424238 0 0 0 0 0 0 0.0007525424238 0 0 0 0 0 0 0.001307484343
506,1785495479.847356081,map,5.6741280556,-3.0358135700,-0.8446035385,0.0429889611,0.0270216902,0.9574023792,0.2842577449,0.04318337746 0 0 0 0 0 0 0.04318337746 0 0 0 0 0 0 0.09474459856 0 0 0 0 0 0 0.0007585816604 0 0 0 0 0 0 0.0007585816604 0 0 0 0 0 0 0.001315440902
507,1785495479.947846889,map,5.6675567627,-3.0357441902,-0.8431935310,0.0426602594,0.0265937923,0.9573802934,0.2844219399,0.04307038252 0 0 0 0 0 0 0.04307038252 0 0 0 0 0 0 0.09457719281 0 0 0 0 0 0 0.0007559683613 0 0 0 0 0 0 0.0007559683613 0 0 0 0 0 0 0.001311998879
508,1785495480.048100948,map,5.6320776939,-3.0233597755,-0.8450343013,0.0408074080,0.0269644963,0.9581260569,0.2821384964,0.04339210999 0 0 0 0 0 0 0.04339210999 0 0 0 0 0 0 0.09505365581 0 0 0 0 0 0 0.0007634119839 0 0 0 0 0 0 0.0007634119839 0 0 0 0 0 0 0.001321799258
509,1785495480.147486925,map,5.5967307091,-3.0691390038,-0.8511790633,0.0376733323,0.0354926229,0.9590317973,0.2785300912,0.04296958972 0 0 0 0 0 0 0.04296958972 0 0 0 0 0 0 0.0944278047 0 0 0 0 0 0 0.0007536381863 0 0 0 0 0 0 0.0007536381863 0 0 0 0 0 0 0.001308928555
510,1785495480.247875929,map,5.5856633186,-3.0388848782,-0.8384475112,0.0379717968,0.0348699591,0.9600567775,0.2750149326,0.0431264198 0 0 0 0 0 0 0.0431264198 0 0 0 0 0 0 0.0946602228 0 0 0 0 0 0 0.000757264232 0 0 0 0 0 0 0.000757264232 0 0 0 0 0 0 0.001313705872
511,1785495480.347346067,map,5.5666141510,-3.0005390644,-0.8279124498,0.0411594688,0.0341739937,0.9604306551,0.2733331245,0.0431288311 0 0 0 0 0 0 0.0431288311 0 0 0 0 0 0 0.09466379522 0 0 0 0 0 0 0.0007573199999 0 0 0 0 0 0 0.0007573199999 0 0 0 0 0 0 0.001313779325
512,1785495480.447696924,map,5.5381441116,-2.9907348156,-0.8382587433,0.0413304029,0.0336362745,0.9610754395,0.2710985083,0.04289477438 0 0 0 0 0 0 0.04289477438 0 0 0 0 0 0 0.0943168817 0 0 0 0 0 0 0.0007519091316 0 0 0 0 0 0 0.0007519091316 0 0 0 0 0 0 0.001306649549
513,1785495480.547919035,map,5.5237636566,-2.9896328449,-0.8331818581,0.0384124080,0.0347335528,0.9618153555,0.2687550542,0.04293835933 0 0 0 0 0 0 0.04293835933 0 0 0 0 0 0 0.0943815056 0 0 0 0 0 0 0.0007529163635 0 0 0 0 0 0 0.0007529163635 0 0 0 0 0 0 0.001307977223
514,1785495480.648037910,map,5.5389084816,-2.9790885448,-0.8296592832,0.0380721235,0.0344876679,0.9625411415,0.2662248420,0.04308756608 0 0 0 0 0 0 0.04308756608 0 0 0 0 0 0 0.09460265542 0 0 0 0 0 0 0.0007563657054 0 0 0 0 0 0 0.0007563657054 0 0 0 0 0 0 0.00131252232
515,1785495480.748460054,map,5.4871115685,-2.9379968643,-0.8254669309,0.0405542190,0.0341330612,0.9627084618,0.2652974189,0.04283203693 0 0 0 0 0 0 0.04283203693 0 0 0 0 0 0 0.0942238414 0 0 0 0 0 0 0.0007504595784 0 0 0 0 0 0 0.0007504595784 0 0 0 0 0 0 0.001304738457
516,1785495480.847726107,map,5.5147037506,-2.9290325642,-0.8240153193,0.0412819339,0.0328056221,0.9653163787,0.2557026980,0.04311799395 0 0 0 0 0 0 0.04311799395 0 0 0 0 0 0 0.09464773941 0 0 0 0 0 0 0.000757069366 0 0 0 0 0 0 0.000757069366 0 0 0 0 0 0 0.001313449206
517,1785495480.947945118,map,5.4703030586,-2.9706058502,-0.8185330033,0.0414263137,0.0330091930,0.9667015106,0.2503646509,0.04318462926 0 0 0 0 0 0 0.04318462926 0 0 0 0 0 0 0.09474645274 0 0 0 0 0 0 0.0007586106176 0 0 0 0 0 0 0.0007586106176 0 0 0 0 0 0 0.001315479034
518,1785495481.047435999,map,5.4679012299,-2.9981253147,-0.8142682910,0.0406151510,0.0306916313,0.9709503120,0.2338031879,0.04343947515 0 0 0 0 0 0 0.04343947515 0 0 0 0 0 0 0.09512375283 0 0 0 0 0 0 0.0007645085829 0 0 0 0 0 0 0.0007645085829 0 0 0 0 0 0 0.001323242084
519,1785495481.147726059,map,5.4605593681,-3.0055780411,-0.8150036335,0.0412130280,0.0287392579,0.9738449355,0.2215887716,0.04369587136 0 0 0 0 0 0 0.04369587136 0 0 0 0 0 0 0.09550298624 0 0 0 0 0 0 0.0007704479407 0 0 0 0 0 0 0.0007704479407 0 0 0 0 0 0 0.001331052359
520,1785495481.248039961,map,5.4379200935,-2.9836969376,-0.8221011162,0.0423831951,0.0271197069,0.9766163544,0.2090184034,0.04333534871 0 0 0 0 0 0 0.04333534871 0 0 0 0 0 0 0.09496963685 0 0 0 0 0 0 0.0007620980947 0 0 0 0 0 0 0.0007620980947 0 0 0 0 0 0 0.001320070211
521,1785495481.348354101,map,5.4256515503,-2.9986851215,-0.8184375167,0.0418996901,0.0244367898,0.9786979901,0.1994931119,0.04270269954 0 0 0 0 0 0 0.04270269954 0 0 0 0 0 0 0.09403196256 0 0 0 0 0 0 0.000747472297 0 0 0 0 0 0 0.000747472297 0 0 0 0 0 0 0.001300798615
522,1785495481.447685957,map,5.4611725807,-2.9870767593,-0.8129477501,0.0404434621,0.0234362113,0.9814085161,0.1861515508,0.04296099788 0 0 0 0 0 0 0.04296099788 0 0 0 0 0 0 0.09441506783 0 0 0 0 0 0 0.0007534395962 0 0 0 0 0 0 0.0007534395962 0 0 0 0 0 0 0.001308666833
523,1785495481.547856092,map,5.4350624084,-2.9433236122,-0.8070321083,0.0418175354,0.0212914832,0.9834241816,0.1751423721,0.04312910056 0 0 0 0 0 0 0.04312910056 0 0 0 0 0 0 0.09466419443 0 0 0 0 0 0 0.0007573262318 0 0 0 0 0 0 0.0007573262318 0 0 0 0 0 0 0.001313787533
524,1785495481.648076057,map,5.4321899414,-2.9341607094,-0.8136419058,0.0409399470,0.0191417058,0.9854614907,0.1637778500,0.04320546292 0 0 0 0 0 0 0.04320546292 0 0 0 0 0 0 0.09477731057 0 0 0 0 0 0 0.0007590925702 0 0 0 0 0 0 0.0007590925702 0 0 0 0 0 0 0.001316113664
525,1785495481.747498035,map,5.4026098251,-2.9519882202,-0.8025652170,0.0431689634,0.0174372623,0.9869298554,0.1542784514,0.04311927591 0 0 0 0 0 0 0.04311927591 0 0 0 0 0 0 0.09464963874 0 0 0 0 0 0 0.0007570990137 0 0 0 0 0 0 0.0007570990137 0 0 0 0 0 0 0.001313488257
526,1785495481.847949028,map,5.3983163834,-2.9492142200,-0.8071302772,0.0429738732,0.0166550573,0.9884389669,0.1444446378,0.04268508031 0 0 0 0 0 0 0.04268508031 0 0 0 0 0 0 0.09400581618 0 0 0 0 0 0 0.0007470654606 0 0 0 0 0 0 0.0007470654606 0 0 0 0 0 0 0.001300261903
527,1785495481.947264910,map,5.4388732910,-2.9548277855,-0.8056106567,0.0432440011,0.0142579958,0.9896351357,0.1361946011,0.04297981009 0 0 0 0 0 0 0.04297981009 0 0 0 0 0 0 0.09444295522 0 0 0 0 0 0 0.0007538744261 0 0 0 0 0 0 0.0007538744261 0 0 0 0 0 0 0.001309239885
528,1785495482.047560930,map,5.4149127007,-2.9551925659,-0.7962471843,0.0427924811,0.0126568413,0.9907110222,0.1284534466,0.04273839572 0 0 0 0 0 0 0.04273839572 0 0 0 0 0 0 0.09408492918 0 0 0 0 0 0 0.0007482966211 0 0 0 0 0 0 0.0007482966211 0 0 0 0 0 0 0.001301885983
529,1785495482.147675037,map,5.3803701401,-2.9309213161,-0.7826982737,0.0435721085,0.0095993694,0.9916969198,0.1206090202,0.04297024949 0 0 0 0 0 0 0.04297024949 0 0 0 0 0 0 0.09442878274 0 0 0 0 0 0 0.0007536534363 0 0 0 0 0 0 0.0007536534363 0 0 0 0 0 0 0.001308948653
530,1785495482.247946978,map,5.3641834259,-2.9441239834,-0.7842813730,0.0440039102,0.0085162220,0.9923154343,0.1153309300,0.04264234581 0 0 0 0 0 0 0.04264234581 0 0 0 0 0 0 0.09394239221 0 0 0 0 0 0 0.000746078812 0 0 0 0 0 0 0.000746078812 0 0 0 0 0 0 0.001298960136
531,1785495482.348192930,map,5.3621854782,-2.9374022484,-0.7825875878,0.0454700094,0.0076624753,0.9932102804,0.1068040401,0.04280111818 0 0 0 0 0 0 0.04280111818 0 0 0 0 0 0 0.09417798041 0 0 0 0 0 0 0.000749745323 0 0 0 0 0 0 0.000749745323 0 0 0 0 0 0 0.001303796618
532,1785495482.447423935,map,5.3974189758,-2.9349408150,-0.8105515242,0.0427131938,0.0028809481,0.9941403102,0.0992588515,0.04269070091 0 0 0 0 0 0 0.04269070091 0 0 0 0 0 0 0.09401415716 0 0 0 0 0 0 0.0007471952401 0 0 0 0 0 0 0.0007471952401 0 0 0 0 0 0 0.001300433116
533,1785495482.547549009,map,5.4434156418,-2.8565492630,-0.8491916060,0.0401651305,-0.0021990629,0.9952292861,0.0888853563,0.04292663146 0 0 0 0 0 0 0.04292663146 0 0 0 0 0 0 0.09436411761 0 0 0 0 0 0 0.0007526453209 0 0 0 0 0 0 0.0007526453209 0 0 0 0 0 0 0.001307619972
534,1785495482.647778988,map,5.3572859764,-2.9422359467,-0.7754219770,0.0444622211,0.0056363712,0.9958920293,0.0786790713,0.04336873997 0 0 0 0 0 0 0.04336873997 0 0 0 0 0 0 0.09501906528 0 0 0 0 0 0 0.0007628709903 0 0 0 0 0 0 0.0007628709903 0 0 0 0 0 0 0.001321087367
535,1785495482.747976065,map,5.4421091080,-2.8986792564,-0.8468736410,0.0400812730,-0.0038195541,0.9967502525,0.0697697792,0.04275515496 0 0 0 0 0 0 0.04275515496 0 0 0 0 0 0 0.09410979434 0 0 0 0 0 0 0.0007486836763 0 0 0 0 0 0 0.0007486836763 0 0 0 0 0 0 0.001302396499
536,1785495482.847115993,map,5.4417572021,-2.8976900578,-0.8508391976,0.0402951944,-0.0055048005,0.9971731210,0.0631803738,0.04298026281 0 0 0 0 0 0 0.04298026281 0 0 0 0 0 0 0.09444362631 0 0 0 0 0 0 0.0007538848908 0 0 0 0 0 0 0.0007538848908 0 0 0 0 0 0 0.001309253676
537,1785495482.947388887,map,5.3483719826,-2.9267492294,-0.7820379734,0.0484713556,0.0019720718,0.9973495272,0.0542270280,0.04297246579 0 0 0 0 0 0 0.04297246579 0 0 0 0 0 0 0.0944320682 0 0 0 0 0 0 0.0007537046646 0 0 0 0 0 0 0.0007537046646 0 0 0 0 0 0 0.001309016165
538,1785495483.047607899,map,5.3331484795,-2.9230804443,-0.7702927589,0.0533200080,0.0003929885,0.9974066441,0.0483404534,0.04294637807 0 0 0 0 0 0 0.04294637807 0 0 0 0 0 0 0.09439339392 0 0 0 0 0 0 0.0007531016914 0 0 0 0 0 0 0.0007531016914 0 0 0 0 0 0 0.001308221488
539,1785495483.146910906,map,5.3120269775,-2.9003942013,-0.7616025209,0.0563899873,-0.0042708935,0.9979703840,0.0292754756,0.0429394525 0 0 0 0 0 0 0.0429394525 0 0 0 0 0 0 0.09438312633 0 0 0 0 0 0 0.0007529416285 0 0 0 0 0 0 0.0007529416285 0 0 0 0 0 0 0.001308010523
540,1785495483.247021914,map,5.3045992851,-2.8986449242,-0.7741933465,0.0561865360,-0.0090909663,0.9982850002,0.0136923021,0.04317799023 0 0 0 0 0 0 0.04317799023 0 0 0 0 0 0 0.09473661881 0 0 0 0 0 0 0.0007584570422 0 0 0 0 0 0 0.0007584570422 0 0 0 0 0 0 0.001315276798
541,1785495483.347089052,map,5.2952876091,-2.9316999912,-0.7748929858,0.0492043611,-0.0099659801,0.9987078007,-0.0078959242,0.04298434227 0 0 0 0 0 0 0.04298434227 0 0 0 0 0 0 0.09444967346 0 0 0 0 0 0 0.0007539791884 0 0 0 0 0 0 0.0007539791884 0 0 0 0 0 0 0.001309377943
542,1785495483.447441101,map,5.2520570755,-2.9576430321,-0.7759448290,0.0460229393,-0.0094788394,0.9985834609,-0.0249617386,0.04293797819 0 0 0 0 0 0 0.04293797819 0 0 0 0 0 0 0.09438094054 0 0 0 0 0 0 0.0007529075549 0 0 0 0 0 0 0.0007529075549 0 0 0 0 0 0 0.001307965613
543,1785495483.546875954,map,5.2786164284,-2.9408066273,-0.7586432695,0.0505048389,-0.0093105697,0.9980389544,-0.0357885868,0.04277799222 0 0 0 0 0 0 0.04277799222 0 0 0 0 0 0 0.09414367472 0 0 0 0 0 0 0.0007492111427 0 0 0 0 0 0 0.0007492111427 0 0 0 0 0 0 0.001303092161
544,1785495483.647058964,map,5.2758712769,-2.9288764000,-0.7611960769,0.0512613784,-0.0112828864,0.9979228038,-0.0373503932,0.04295333297 0 0 0 0 0 0 0.04295333297 0 0 0 0 0 0 0.09440370472 0 0 0 0 0 0 0.0007532624362 0 0 0 0 0 0 0.0007532624362 0 0 0 0 0 0 0.001308433346
545,1785495483.747360945,map,5.2776350975,-2.9100990295,-0.7702963352,0.0591437339,-0.0107691492,0.9975437456,-0.0359517322,0.04356127574 0 0 0 0 0 0 0.04356127574 0 0 0 0 0 0 0.0953039521 0 0 0 0 0 0 0.0007673293784 0 0 0 0 0 0 0.0007673293784 0 0 0 0 0 0 0.001326952342
546,1785495483.847620964,map,5.3321418762,-2.9162352085,-0.8177099824,0.0623498825,-0.0145617452,0.9973434986,-0.0347331900,0.04326725516 0 0 0 0 0 0 0.04326725516 0 0 0 0 0 0 0.09486882011 0 0 0 0 0 0 0.000760522249 0 0 0 0 0 0 0.000760522249 0 0 0 0 0 0 0.001317995963
547,1785495483.947968960,map,5.3132891655,-2.9057166576,-0.7774680853,0.0661827056,-0.0134181955,0.9973240827,-0.0280082109,0.04273444761 0 0 0 0 0 0 0.04273444761 0 0 0 0 0 0 0.09407907126 0 0 0 0 0 0 0.0007482054428 0 0 0 0 0 0 0.0007482054428 0 0 0 0 0 0 0.001301765717
548,1785495484.047234058,map,5.3233332634,-2.8721394539,-0.7868482471,0.0664546794,-0.0160712177,0.9974460622,-0.0206604409,0.0437066611 0 0 0 0 0 0 0.0437066611 0 0 0 0 0 0 0.09551893733 0 0 0 0 0 0 0.0007706980029 0 0 0 0 0 0 0.0007706980029 0 0 0 0 0 0 0.001331381033
549,1785495484.147334099,map,5.2757310867,-2.9083280563,-0.7802899480,0.0669942852,-0.0170714435,0.9975673173,-0.0089331568,0.04345195235 0 0 0 0 0 0 0.04345195235 0 0 0 0 0 0 0.09514221614 0 0 0 0 0 0 0.0007647974869 0 0 0 0 0 0 0.0007647974869 0 0 0 0 0 0 0.001323622161
550,1785495484.247586012,map,5.2940125465,-2.9073438644,-0.7807734013,0.0706584962,-0.0163666578,0.9973654763,0.0012651817,0.04377384926 0 0 0 0 0 0 0.04377384926 0 0 0 0 0 0 0.09561825116 0 0 0 0 0 0 0.0007722553696 0 0 0 0 0 0 0.0007722553696 0 0 0 0 0 0 0.001333427702
551,1785495484.347994089,map,5.3090782166,-2.9475815296,-0.7805243731,0.0724006547,-0.0156247402,0.9971321303,0.0155407081,0.0435518567 0 0 0 0 0 0 0.0435518567 0 0 0 0 0 0 0.09529001991 0 0 0 0 0 0 0.0007671111973 0 0 0 0 0 0 0.0007671111973 0 0 0 0 0 0 0.001326665421
552,1785495484.447534084,map,5.3053240776,-2.9570860863,-0.7741449475,0.0733492932,-0.0147216344,0.9967323799,0.0304585362,0.04341721371 0 0 0 0 0 0 0.04341721371 0 0 0 0 0 0 0.09509080905 0 0 0 0 0 0 0.0007639931622 0 0 0 0 0 0 0.0007639931622 0 0 0 0 0 0 0.001322563962
553,1785495484.547190905,map,5.2871513367,-2.9501256943,-0.7793653011,0.0739618159,-0.0154456105,0.9961461222,0.0445418051,0.04326080427 0 0 0 0 0 0 0.04326080427 0 0 0 0 0 0 0.09485926784 0 0 0 0 0 0 0.0007603729806 0 0 0 0 0 0 0.0007603729806 0 0 0 0 0 0 0.001317799458
554,1785495484.647402048,map,5.2673606873,-2.9747934341,-0.7821340561,0.0735535012,-0.0149532587,0.9954602939,0.0585243060,0.04330297426 0 0 0 0 0 0 0.04330297426 0 0 0 0 0 0 0.09492170767 0 0 0 0 0 0 0.0007613488245 0 0 0 0 0 0 0.0007613488245 0 0 0 0 0 0 0.001319084029
555,1785495484.746738911,map,5.2608375549,-2.9875059128,-0.7790941000,0.0722132839,-0.0156521828,0.9945698769,0.0732871934,0.04338480541 0 0 0 0 0 0 0.04338480541 0 0 0 0 0 0 0.09504284445 0 0 0 0 0 0 0.0007632428849 0 0 0 0 0 0 0.0007632428849 0 0 0 0 0 0 0.001321576748
556,1785495484.847093105,map,5.2557377815,-2.9882950783,-0.7744340301,0.0726862925,-0.0166590241,0.9934205181,0.0869186250,0.04368682413 0 0 0 0 0 0 0.04368682413 0 0 0 0 0 0 0.0954896107 0 0 0 0 0 0 0.0007702382702 0 0 0 0 0 0 0.0007702382702 0 0 0 0 0 0 0.001330776764
557,1785495484.947556973,map,5.1961922646,-2.9943494797,-0.7664880157,0.0720363684,-0.0202331169,0.9919310411,0.1023435052,0.04344974066 0 0 0 0 0 0 0.04344974066 0 0 0 0 0 0 0.09513894342 0 0 0 0 0 0 0.0007647462752 0 0 0 0 0 0 0.0007647462752 0 0 0 0 0 0 0.001323554789
558,1785495485.047930002,map,5.1840000153,-3.0005536079,-0.7569705844,0.0723322885,-0.0221736417,0.9908105276,0.1121199326,0.0436931064 0 0 0 0 0 0 0.0436931064 0 0 0 0 0 0 0.09549889853 0 0 0 0 0 0 0.0007703838617 0 0 0 0 0 0 0.0007703838617 0 0 0 0 0 0 0.001330968133
559,1785495485.147319078,map,5.1526536942,-2.9803535938,-0.7488875985,0.0708081149,-0.0258734124,0.9894115709,0.1240222215,0.04488629914 0 0 0 0 0 0 0.04488629914 0 0 0 0 0 0 0.09725907302 0 0 0 0 0 0 0.0007980949655 0 0 0 0 0 0 0.0007980949655 0 0 0 0 0 0 0.001367314863
560,1785495485.247659922,map,5.1545929909,-2.9903016090,-0.7609387636,0.0663242944,-0.0280097246,0.9881472893,0.1355783115,0.04330046953 0 0 0 0 0 0 0.04330046953 0 0 0 0 0 0 0.09491799927 0 0 0 0 0 0 0.0007612908591 0 0 0 0 0 0 0.0007612908591 0 0 0 0 0 0 0.00131900773
561,1785495485.347877026,map,5.1296939850,-3.0149593353,-0.7566532493,0.0607304016,-0.0291899344,0.9868180899,0.1471387796,0.04353746138 0 0 0 0 0 0 0.04353746138 0 0 0 0 0 0 0.0952687261 0 0 0 0 0 0 0.0007667777607 0 0 0 0 0 0 0.0007667777607 0 0 0 0 0 0 0.001326226915
562,1785495485.447113991,map,5.0554900169,-2.9753398895,-0.7564613223,0.0613722623,-0.0293408088,0.9850055930,0.1585451327,0.04310920314 0 0 0 0 0 0 0.04310920314 0 0 0 0 0 0 0.09463471489 0 0 0 0 0 0 0.0007568660658 0 0 0 0 0 0 0.0007568660658 0 0 0 0 0 0 0.001313181423
563,1785495485.547499895,map,5.0418663025,-2.9827892780,-0.7646348476,0.0635790996,-0.0260888245,0.9831793199,0.1692202713,0.04324512361 0 0 0 0 0 0 0.04324512361 0 0 0 0 0 0 0.09483604743 0 0 0 0 0 0 0.0007600101571 0 0 0 0 0 0 0.0007600101571 0 0 0 0 0 0 0.001317321797
564,1785495485.646874905,map,5.0546083450,-3.0132951736,-0.7716847062,0.0611702202,-0.0189055511,0.9818950780,0.1782774210,0.04319129467 0 0 0 0 0 0 0.04319129467 0 0 0 0 0 0 0.09475632549 0 0 0 0 0 0 0.0007587648069 0 0 0 0 0 0 0.0007587648069 0 0 0 0 0 0 0.001315682074
565,1785495485.747169971,map,4.9756684303,-2.9502587318,-0.7612206936,0.0550268232,-0.0152412754,0.9800449611,0.1903985838,0.04343261103 0 0 0 0 0 0 0.04343261103 0 0 0 0 0 0 0.09511359519 0 0 0 0 0 0 0.000764349653 0 0 0 0 0 0 0.000764349653 0 0 0 0 0 0 0.001323032991
566,1785495485.847357035,map,4.9298729897,-2.8980159760,-0.7443479896,0.0560454957,-0.0110167862,0.9780489862,0.2003938969,0.04322738661 0 0 0 0 0 0 0.04322738661 0 0 0 0 0 0 0.09480978029 0 0 0 0 0 0 0.0007595997786 0 0 0 0 0 0 0.0007595997786 0 0 0 0 0 0 0.001316781497
567,1785495485.947535038,map,4.9370183945,-2.8732335567,-0.7473717332,0.0630306101,-0.0089919152,0.9753402080,0.2113238477,0.04314056612 0 0 0 0 0 0 0.04314056612 0 0 0 0 0 0 0.09468118053 0 0 0 0 0 0 0.0007575914102 0 0 0 0 0 0 0.0007575914102 0 0 0 0 0 0 0.001314136794
568,1785495486.047722101,map,4.9018955231,-2.8778150082,-0.7477208972,0.0678606403,-0.0071436364,0.9729006127,0.2209260558,0.04384339124 0 0 0 0 0 0 0.04384339124 0 0 0 0 0 0 0.09572101831 0 0 0 0 0 0 0.000773867691 0 0 0 0 0 0 0.000773867691 0 0 0 0 0 0 0.001335546071
569,1785495486.148092031,map,4.8979158401,-2.8853254318,-0.7448656559,0.0685316031,-0.0044837990,0.9713999130,0.2273004832,0.04349148098 0 0 0 0 0 0 0.04349148098 0 0 0 0 0 0 0.09520070345 0 0 0 0 0 0 0.0007657128403 0 0 0 0 0 0 0.0007657128403 0 0 0 0 0 0 0.001324826272
570,1785495486.247229099,map,4.8495297432,-2.8758482933,-0.7370679975,0.0713253055,-0.0002044754,0.9698990575,0.2328271289,0.04349359822 0 0 0 0 0 0 0.04349359822 0 0 0 0 0 0 0.09520383592 0 0 0 0 0 0 0.0007657618724 0 0 0 0 0 0 0.0007657618724 0 0 0 0 0 0 0.001324890767
571,1785495486.347424030,map,4.8098545074,-2.8861341476,-0.7324331403,0.0723323419,0.0013166494,0.9683934217,0.2387058524,0.04326345602 0 0 0 0 0 0 0.04326345602 0 0 0 0 0 0 0.0948631945 0 0 0 0 0 0 0.0007604343396 0 0 0 0 0 0 0.0007604343396 0 0 0 0 0 0 0.001317880235
572,1785495486.447639942,map,4.8502507210,-2.8406102657,-0.7245365381,0.0672125259,-0.0006905292,0.9660448174,0.2494782666,0.0431516181 0 0 0 0 0 0 0.0431516181 0 0 0 0 0 0 0.09469755321 0 0 0 0 0 0 0.0007578470337 0 0 0 0 0 0 0.0007578470337 0 0 0 0 0 0 0.001314473456
573,1785495486.548049927,map,4.8205809593,-2.8102724552,-0.7215859294,0.0537450333,-0.0097923884,0.9627703036,0.2647431426,0.04296120313 0 0 0 0 0 0 0.04296120313 0 0 0 0 0 0 0.0944153721 0 0 0 0 0 0 0.0007534443401 0 0 0 0 0 0 0.0007534443401 0 0 0 0 0 0 0.001308673085
574,1785495486.647336006,map,4.7676796913,-2.8015141487,-0.7306516171,0.0473735379,-0.0145415976,0.9609031594,0.2724140570,0.04345231772 0 0 0 0 0 0 0.04345231772 0 0 0 0 0 0 0.09514275677 0 0 0 0 0 0 0.0007648059469 0 0 0 0 0 0 0.0007648059469 0 0 0 0 0 0 0.001323633291
575,1785495486.746684074,map,4.7087626457,-2.8181586266,-0.7099650502,0.0446012061,-0.0119712575,0.9608310858,0.2732600149,0.04289250286 0 0 0 0 0 0 0.04289250286 0 0 0 0 0 0 0.0943135134 0 0 0 0 0 0 0.0007518566421 0 0 0 0 0 0 0.0007518566421 0 0 0 0 0 0 0.001306580355
576,1785495486.846990108,map,4.6844253540,-2.8279368877,-0.6997492313,0.0493232031,-0.0101512482,0.9615190111,0.2700839794,0.04291840803 0 0 0 0 0 0 0.04291840803 0 0 0 0 0 0 0.09435192491 0 0 0 0 0 0 0.0007524552763 0 0 0 0 0 0 0.0007524552763 0 0 0 0 0 0 0.001307369472
577,1785495486.947124958,map,4.6540684700,-2.8617863655,-0.6993224025,0.0612927684,-0.0099260575,0.9618755894,0.2663457365,0.04343169543 0 0 0 0 0 0 0.04343169543 0 0 0 0 0 0 0.09511224026 0 0 0 0 0 0 0.0007643284537 0 0 0 0 0 0 0.0007643284537 0 0 0 0 0 0 0.0013230051
578,1785495487.047481060,map,4.6460242271,-2.8188884258,-0.6900525689,0.0691471975,-0.0163671116,0.9617901717,0.2644058509,0.04380585535 0 0 0 0 0 0 0.04380585535 0 0 0 0 0 0 0.09566555212 0 0 0 0 0 0 0.0007729973765 0 0 0 0 0 0 0.0007729973765 0 0 0 0 0 0 0.001334402663
579,1785495487.148211956,map,4.6974158287,-2.8106667995,-0.7167397738,0.0639800910,-0.0080602353,0.9623484836,0.2640586855,0.04340377053 0 0 0 0 0 0 0.04340377053 0 0 0 0 0 0 0.09507091372 0 0 0 0 0 0 0.0007636819314 0 0 0 0 0 0 0.0007636819314 0 0 0 0 0 0 0.001322154459
580,1785495487.247342110,map,4.6436352730,-2.7836494446,-0.7293417454,0.0644743632,-0.0021060866,0.9621274450,0.2648573401,0.04310377896 0 0 0 0 0 0 0.04310377896 0 0 0 0 0 0 0.09462667817 0 0 0 0 0 0 0.0007567406271 0 0 0 0 0 0 0.0007567406271 0 0 0 0 0 0 0.001313016193
581,1785495487.347564936,map,4.5728001595,-2.7842431068,-0.6967278123,0.0749231763,0.0053377686,0.9621227832,0.2620644237,0.04322766066 0 0 0 0 0 0 0.04322766066 0 0 0 0 0 0 0.09481018615 0 0 0 0 0 0 0.0007596061191 0 0 0 0 0 0 0.0007596061191 0 0 0 0 0 0 0.001316789845
582,1785495487.447875023,map,4.5724515915,-2.7789065838,-0.6930968761,0.0756028448,0.0050725807,0.9621528136,0.2617641226,0.04362472637 0 0 0 0 0 0 0.04362472637 0 0 0 0 0 0 0.09539779251 0 0 0 0 0 0 0.0007687993322 0 0 0 0 0 0 0.0007687993322 0 0 0 0 0 0 0.001328885158
583,1785495487.547728062,map,4.5700078011,-2.7794103622,-0.6939013600,0.0745671893,0.0055670580,0.9626456021,0.2602348730,0.04311194075 0 0 0 0 0 0 0.04311194075 0 0 0 0 0 0 0.09463877099 0 0 0 0 0 0 0.0007569293762 0 0 0 0 0 0 0.0007569293762 0 0 0 0 0 0 0.001313264815
584,1785495487.648047924,map,4.5466265678,-2.7301602364,-0.7010829449,0.0731705686,0.0062166799,0.9633938246,0.2578366815,0.04289559772 0 0 0 0 0 0 0.04289559772 0 0 0 0 0 0 0.09431810258 0 0 0 0 0 0 0.0007519281572 0 0 0 0 0 0 0.0007519281572 0 0 0 0 0 0 0.00130667463
585,1785495487.747298956,map,4.4721059799,-2.6613528728,-0.6898721457,0.0714902484,0.0099729728,0.9647521002,0.2530673099,0.04292721677 0 0 0 0 0 0 0.04292721677 0 0 0 0 0 0 0.09436498542 0 0 0 0 0 0 0.0007526588476 0 0 0 0 0 0 0.0007526588476 0 0 0 0 0 0 0.001307637801
586,1785495487.846704006,map,4.5248794556,-2.7082092762,-0.7052981853,0.0622316458,0.0136679073,0.9663751472,0.2491174091,0.0428511837 0 0 0 0 0 0 0.0428511837 0 0 0 0 0 0 0.09425223861 0 0 0 0 0 0 0.0007509019301 0 0 0 0 0 0 0.0007509019301 0 0 0 0 0 0 0.001305321701
587,1785495487.946829081,map,4.5057487488,-2.7001411915,-0.6925832033,0.0599787126,0.0175515179,0.9679043601,0.2434248362,0.04313766013 0 0 0 0 0 0 0.04313766013 0 0 0 0 0 0 0.09467687539 0 0 0 0 0 0 0.0007575241985 0 0 0 0 0 0 0.0007575241985 0 0 0 0 0 0 0.001314048272
588,1785495488.047096014,map,4.4382786751,-2.7204072475,-0.6602408290,0.0633598931,0.0185030540,0.9686400520,0.2395404146,0.04311941183 0 0 0 0 0 0 0.04311941183 0 0 0 0 0 0 0.09464984012 0 0 0 0 0 0 0.0007571021572 0 0 0 0 0 0 0.0007571021572 0 0 0 0 0 0 0.001313492398
589,1785495488.147275925,map,4.3709521294,-2.6892976761,-0.6383429766,0.0728462537,0.0145249531,0.9687723649,0.2365640970,0.04274785907 0 0 0 0 0 0 0.04274785907 0 0 0 0 0 0 0.09409896985 0 0 0 0 0 0 0.0007485151745 0 0 0 0 0 0 0.0007485151745 0 0 0 0 0 0 0.001302174253
590,1785495488.247522116,map,4.3110775948,-2.6653542519,-0.6386033893,0.0846544239,0.0101149708,0.9686153380,0.2334858681,0.04282279867 0 0 0 0 0 0 0.04282279867 0 0 0 0 0 0 0.09421013909 0 0 0 0 0 0 0.0007502461564 0 0 0 0 0 0 0.0007502461564 0 0 0 0 0 0 0.001304457044
591,1785495488.346822977,map,4.3412580490,-2.6930174828,-0.6432470083,0.0910096547,0.0066669724,0.9696603543,0.2267853143,0.04338475896 0 0 0 0 0 0 0.04338475896 0 0 0 0 0 0 0.09504277569 0 0 0 0 0 0 0.0007632418096 0 0 0 0 0 0 0.0007632418096 0 0 0 0 0 0 0.001321575333
592,1785495488.447052956,map,4.3052005768,-2.6974606514,-0.6381228566,0.0940571086,0.0059561872,0.9697106351,0.2253420636,0.04355947522 0 0 0 0 0 0 0.04355947522 0 0 0 0 0 0 0.09530128889 0 0 0 0 0 0 0.0007672876709 0 0 0 0 0 0 0.0007672876709 0 0 0 0 0 0 0.001326897495
593,1785495488.547355890,map,4.2908978462,-2.6871354580,-0.6606697440,0.0962285638,0.0124526321,0.9720320940,0.2138658481,0.04321937932 0 0 0 0 0 0 0.04321937932 0 0 0 0 0 0 0.09479792153 0 0 0 0 0 0 0.0007594145238 0 0 0 0 0 0 0.0007594145238 0 0 0 0 0 0 0.001316537581
594,1785495488.647566080,map,4.3367753029,-2.6776158810,-0.6464575529,0.0973712566,0.0152383333,0.9726242458,0.2104488433,0.04320017925 0 0 0 0 0 0 0.04320017925 0 0 0 0 0 0 0.09476948487 0 0 0 0 0 0 0.0007589703376 0 0 0 0 0 0 0.0007589703376 0 0 0 0 0 0 0.001315952714
595,1785495488.747879982,map,4.3399095535,-2.6618254185,-0.6326540112,0.1046860670,0.0126397756,0.9725816614,0.2072823316,0.04313045677 0 0 0 0 0 0 0.04313045677 0 0 0 0 0 0 0.09466620367 0 0 0 0 0 0 0.000757357598 0 0 0 0 0 0 0.000757357598 0 0 0 0 0 0 0.001313828846
596,1785495488.847287893,map,4.2497692108,-2.6557486057,-0.6254423857,0.1130527995,0.0095839232,0.9723105985,0.2043020417,0.04296803808 0 0 0 0 0 0 0.04296803808 0 0 0 0 0 0 0.09442550451 0 0 0 0 0 0 0.0007536023214 0 0 0 0 0 0 0.0007536023214 0 0 0 0 0 0 0.001308881289
597,1785495488.947622061,map,4.2280302048,-2.6658732891,-0.6301682591,0.1123856754,0.0097742054,0.9735873412,0.1984984299,0.04414944911 0 0 0 0 0 0 0.04414944911 0 0 0 0 0 0 0.0961729897 0 0 0 0 0 0 0.0007809683568 0 0 0 0 0 0 0.0007809683568 0 0 0 0 0 0 0.001344869127
598,1785495489.047029018,map,4.2726149559,-2.5953097343,-0.6514570713,0.1046972236,0.0130912178,0.9747705422,0.1966964795,0.04340983443 0 0 0 0 0 0 0.04340983443 0 0 0 0 0 0 0.09507988816 0 0 0 0 0 0 0.0007638223184 0 0 0 0 0 0 0.0007638223184 0 0 0 0 0 0 0.001322339176
599,1785495489.147283077,map,4.2588963509,-2.6270928383,-0.6240601540,0.1013139970,0.0142443151,0.9758295895,0.1931040922,0.04318437369 0 0 0 0 0 0 0.04318437369 0 0 0 0 0 0 0.09474607418 0 0 0 0 0 0 0.0007586047056 0 0 0 0 0 0 0.0007586047056 0 0 0 0 0 0 0.001315471249
600,1785495489.247383118,map,4.1698307991,-2.5595307350,-0.6160333157,0.1043151619,0.0067491431,0.9759817609,0.1911345220,0.04285993937 0 0 0 0 0 0 0.04285993937 0 0 0 0 0 0 0.09426522375 0 0 0 0 0 0 0.0007511042246 0 0 0 0 0 0 0.0007511042246 0 0 0 0 0 0 0.001305588414
601,1785495489.347821951,map,4.1377520561,-2.5765450001,-0.6044107676,0.1034653574,0.0051705205,0.9773895881,0.1843306235,0.04308793931 0 0 0 0 0 0 0.04308793931 0 0 0 0 0 0 0.09460320845 0 0 0 0 0 0 0.000756374336 0 0 0 0 0 0 0.000756374336 0 0 0 0 0 0 0.00131253369
602,1785495489.447304010,map,4.1301379204,-2.6145544052,-0.6072797775,0.1004288069,0.0071327520,0.9781140552,0.1820881030,0.04339783985 0 0 0 0 0 0 0.04339783985 0 0 0 0 0 0 0.09506213625 0 0 0 0 0 0 0.0007635446317 0 0 0 0 0 0 0.0007635446317 0 0 0 0 0 0 0.0013219738
603,1785495489.547470093,map,4.0184502602,-2.5521440506,-0.6231794953,0.0929312850,0.0050713584,0.9798442706,0.1767576237,0.04299189526 0 0 0 0 0 0 0.04299189526 0 0 0 0 0 0 0.09446086932 0 0 0 0 0 0 0.0007541537813 0 0 0 0 0 0 0.0007541537813 0 0 0 0 0 0 0.00130960802
604,1785495489.647710085,map,4.0091977119,-2.4771237373,-0.6105857491,0.0903712749,0.0065227952,0.9806679907,0.1734381063,0.04301948531 0 0 0 0 0 0 0.04301948531 0 0 0 0 0 0 0.09450176361 0 0 0 0 0 0 0.0007547915876 0 0 0 0 0 0 0.0007547915876 0 0 0 0 0 0 0.001310448462
605,1785495489.747905016,map,4.0475997925,-2.4128344059,-0.6244310141,0.0730562261,-0.0014352562,0.9821100669,0.1735527176,0.04302176666 0 0 0 0 0 0 0.04302176666 0 0 0 0 0 0 0.09450514485 0 0 0 0 0 0 0.0007548443288 0 0 0 0 0 0 0.0007548443288 0 0 0 0 0 0 0.001310517955
606,1785495489.847304106,map,4.0623726845,-2.3943002224,-0.6462244987,0.0576169260,-0.0008088744,0.9832458832,0.1729369327,0.04294873533 0 0 0 0 0 0 0.04294873533 0 0 0 0 0 0 0.09439688865 0 0 0 0 0 0 0.000753156173 0 0 0 0 0 0 0.000753156173 0 0 0 0 0 0 0.001308293294
607,1785495489.947588921,map,4.0334167480,-2.3838529587,-0.6152539253,0.0451792370,0.0006291668,0.9837806058,0.1735919685,0.04282593951 0 0 0 0 0 0 0.04282593951 0 0 0 0 0 0 0.09421479768 0 0 0 0 0 0 0.0007503187152 0 0 0 0 0 0 0.0007503187152 0 0 0 0 0 0 0.001304552719
608,1785495490.046890020,map,3.9852511883,-2.3978602886,-0.6260996461,0.0322862637,0.0033845375,0.9839962806,0.1752069028,0.04270972811 0 0 0 0 0 0 0.04270972811 0 0 0 0 0 0 0.09404239225 0 0 0 0 0 0 0.0007476345976 0 0 0 0 0 0 0.0007476345976 0 0 0 0 0 0 0.001301012718
609,1785495490.147238016,map,3.9583892822,-2.5083570480,-0.6050989628,0.0026999451,0.0189487523,0.9844174376,0.1748026314,0.04276172601 0 0 0 0 0 0 0.04276172601 0 0 0 0 0 0 0.09411954318 0 0 0 0 0 0 0.0007488354417 0 0 0 0 0 0 0.0007488354417 0 0 0 0 0 0 0.001302596664
610,1785495490.247435093,map,3.8570868969,-2.4461476803,-0.5986505747,-0.0326478934,0.0148129026,0.9822392986,0.1841756030,0.04285466583 0 0 0 0 0 0 0.04285466583 0 0 0 0 0 0 0.09425740286 0 0 0 0 0 0 0.0007509823818 0 0 0 0 0 0 0.0007509823818 0 0 0 0 0 0 0.001305427773
611,1785495490.347762108,map,3.8840260506,-2.4714372158,-0.5889915228,-0.0610932956,0.0163931119,0.9794503200,0.1915097235,0.04267008193 0 0 0 0 0 0 0.04267008193 0 0 0 0 0 0 0.09398355767 0 0 0 0 0 0 0.0007467191619 0 0 0 0 0 0 0.0007467191619 0 0 0 0 0 0 0.001299805026
612,1785495490.446966887,map,3.8282268047,-2.4858765602,-0.5956705809,-0.0652251942,0.0223521782,0.9769444062,0.2020536653,0.04252988272 0 0 0 0 0 0 0.04252988272 0 0 0 0 0 0 0.09377543167 0 0 0 0 0 0 0.0007434830336 0 0 0 0 0 0 0.0007434830336 0 0 0 0 0 0 0.001295534314
613,1785495490.547204971,map,3.8142476082,-2.4473712444,-0.5939342976,-0.0594713120,0.0223574961,0.9763212974,0.2067849303,0.04252666369 0 0 0 0 0 0 0.04252666369 0 0 0 0 0 0 0.0937706517 0 0 0 0 0 0 0.0007434087508 0 0 0 0 0 0 0.0007434087508 0 0 0 0 0 0 0.001295436256
614,1785495490.647274017,map,3.7405998707,-2.4673504829,-0.5705206394,-0.0452912010,0.0273711082,0.9758939896,0.2117320317,0.04256044137 0 0 0 0 0 0 0.04256044137 0 0 0 0 0 0 0.09382080558 0 0 0 0 0 0 0.0007441882542 0 0 0 0 0 0 0.0007441882542 0 0 0 0 0 0 0.001296465183
615,1785495490.747715950,map,3.6550486088,-2.4347147942,-0.5912783146,-0.0299864747,0.0282750836,0.9743091832,0.2214112819,0.04251162 0 0 0 0 0 0 0.04251162 0 0 0 0 0 0 0.0937483124 0 0 0 0 0 0 0.0007430616126 0 0 0 0 0 0 0.0007430616126 0 0 0 0 0 0 0.001294978
616,1785495490.847997904,map,3.7062408924,-2.4289584160,-0.5693678856,-0.0392231855,0.0220533327,0.9718527712,0.2312517622,0.04248839796 0 0 0 0 0 0 0.04248839796 0 0 0 0 0 0 0.09371382601 0 0 0 0 0 0 0.0007425257945 0 0 0 0 0 0 0.0007425257945 0 0 0 0 0 0 0.001294270616
617,1785495490.947341919,map,3.6678719521,-2.3755879402,-0.5746278763,-0.0361344458,0.0195358111,0.9703969492,0.2379966773,0.04255931703 0 0 0 0 0 0 0.04255931703 0 0 0 0 0 0 0.09381913624 0 0 0 0 0 0 0.0007441623057 0 0 0 0 0 0 0.0007441623057 0 0 0 0 0 0 0.001296430934
618,1785495491.047466993,map,3.6175131798,-2.3267574310,-0.5656654835,-0.0255368108,0.0173410498,0.9702227380,0.2402394852,0.04246243981 0 0 0 0 0 0 0.04246243981 0 0 0 0 0 0 0.09367527266 0 0 0 0 0 0 0.0007419268997 0 0 0 0 0 0 0.0007419268997 0 0 0 0 0 0 0.001293479885
619,1785495491.146819115,map,3.6125345230,-2.3315899372,-0.5615131855,-0.0126494858,0.0091167428,0.9707212696,0.2397021000,0.04270544683 0 0 0 0 0 0 0.04270544683 0 0 0 0 0 0 0.09403603928 0 0 0 0 0 0 0.0007475357356 0 0 0 0 0 0 0.0007475357356 0 0 0 0 0 0 0.001300882302
620,1785495491.246978998,map,3.5936365128,-2.2758829594,-0.5756068826,0.0005664241,0.0015144738,0.9707278320,0.2401767443,0.04247532188 0 0 0 0 0 0 0.04247532188 0 0 0 0 0 0 0.09369440575 0 0 0 0 0 0 0.0007422241017 0 0 0 0 0 0 0.0007422241017 0 0 0 0 0 0 0.001293872295
621,1785495491.347096920,map,3.5016188622,-2.3018395901,-0.5449632406,0.0174229632,0.0015992209,0.9708503750,0.2390469187,0.04254569248 0 0 0 0 0 0 0.04254569248 0 0 0 0 0 0 0.0937989069 0 0 0 0 0 0 0.0007438478751 0 0 0 0 0 0 0.0007438478751 0 0 0 0 0 0 0.001296015907
622,1785495491.448132038,map,3.4821667671,-2.1460533142,-0.6407217383,0.0293664369,-0.0020126132,0.9704031989,0.2396897852,0.04287595481 0 0 0 0 0 0 0.04287595481 0 0 0 0 0 0 0.09428897442 0 0 0 0 0 0 0.0007514742687 0 0 0 0 0 0 0.0007514742687 0 0 0 0 0 0 0.001306076273
623,1785495491.547389030,map,3.4314317703,-2.3059473038,-0.6120670438,0.0230810374,0.0181694063,0.9699669163,0.2414566891,0.04344153099 0 0 0 0 0 0 0.04344153099 0 0 0 0 0 0 0.09512679505 0 0 0 0 0 0 0.0007645561842 0 0 0 0 0 0 0.0007645561842 0 0 0 0 0 0 0.001323304708
624,1785495491.647634029,map,3.4305739403,-2.2743473053,-0.5962621570,0.0248682569,0.0213145874,0.9695056229,0.2428705581,0.0427746024 0 0 0 0 0 0 0.0427746024 0 0 0 0 0 0 0.09413864592 0 0 0 0 0 0 0.0007491328461 0 0 0 0 0 0 0.0007491328461 0 0 0 0 0 0 0.001302988902
625,1785495491.747832060,map,3.3617143631,-2.2184448242,-0.5602561235,0.0383722409,0.0170092890,0.9687287574,0.2445461999,0.04250119607 0 0 0 0 0 0 0.04250119607 0 0 0 0 0 0 0.0937328325 0 0 0 0 0 0 0.0007428210882 0 0 0 0 0 0 0.0007428210882 0 0 0 0 0 0 0.001294660468
626,1785495491.847922087,map,3.3563210964,-2.1890296936,-0.5604561567,0.0443804561,0.0151738194,0.9681938790,0.2457656419,0.04438772294 0 0 0 0 0 0 0.04438772294 0 0 0 0 0 0 0.09652451112 0 0 0 0 0 0 0.0007865017336 0 0 0 0 0 0 0.0007865017336 0 0 0 0 0 0 0.001352127363
627,1785495491.947331905,map,3.3927426338,-2.1914439201,-0.5651617646,0.0477083363,0.0141802750,0.9674555914,0.2480978095,0.04264657084 0 0 0 0 0 0 0.04264657084 0 0 0 0 0 0 0.0939486632 0 0 0 0 0 0 0.0007461763518 0 0 0 0 0 0 0.0007461763518 0 0 0 0 0 0 0.001299088837
628,1785495492.047414064,map,3.3308758736,-2.1888980865,-0.5686995387,0.0459828259,0.0161888752,0.9673236991,0.2488139342,0.04228942703 0 0 0 0 0 0 0.04228942703 0 0 0 0 0 0 0.09341821356 0 0 0 0 0 0 0.0007379367281 0 0 0 0 0 0 0.0007379367281 0 0 0 0 0 0 0.001288209615
629,1785495492.147798061,map,3.3072218895,-2.1605761051,-0.6100444794,0.0443887348,0.0270805392,0.9676364451,0.2469331783,0.04263415558 0 0 0 0 0 0 0.04263415558 0 0 0 0 0 0 0.09393023559 0 0 0 0 0 0 0.000745889735 0 0 0 0 0 0 0.000745889735 0 0 0 0 0 0 0.001298710647
630,1785495492.247023106,map,3.3206846714,-2.2426559925,-0.6018543243,0.0446550933,0.0416934532,0.9678299827,0.2440751833,0.04293204595 0 0 0 0 0 0 0.04293204595 0 0 0 0 0 0 0.09437214535 0 0 0 0 0 0 0.0007527704537 0 0 0 0 0 0 0.0007527704537 0 0 0 0 0 0 0.001307784906
631,1785495492.347284079,map,3.3353054523,-2.2262861729,-0.5811644197,0.0479313980,0.0417291144,0.9685940925,0.2403887339,0.04269055709 0 0 0 0 0 0 0.04269055709 0 0 0 0 0 0 0.09401394373 0 0 0 0 0 0 0.0007471919191 0 0 0 0 0 0 0.0007471919191 0 0 0 0 0 0 0.001300428735
632,1785495492.447618961,map,3.2659199238,-2.1365149021,-0.5178630352,0.0579271396,0.0293289269,0.9688498692,0.2389857353,0.04257424212 0 0 0 0 0 0 0.04257424212 0 0 0 0 0 0 0.09384129538 0 0 0 0 0 0 0.0007445067691 0 0 0 0 0 0 0.0007445067691 0 0 0 0 0 0 0.001296885578
633,1785495492.547903061,map,3.1838343143,-2.0916514397,-0.5333604217,0.0808338404,0.0139216917,0.9678941684,0.2375983299,0.0429324017 0 0 0 0 0 0 0.0429324017 0 0 0 0 0 0 0.09437267279 0 0 0 0 0 0 0.0007527786754 0 0 0 0 0 0 0.0007527786754 0 0 0 0 0 0 0.001307795743
634,1785495492.647207022,map,3.1993560791,-2.1600358486,-0.5444235206,0.0838151984,0.0102744680,0.9685727850,0.2339576966,0.04301622477 0 0 0 0 0 0 0.04301622477 0 0 0 0 0 0 0.09449693102 0 0 0 0 0 0 0.0007547162094 0 0 0 0 0 0 0.0007547162094 0 0 0 0 0 0 0.00131034914
635,1785495492.747508049,map,3.1903209686,-2.1467561722,-0.5594376326,0.0881965216,0.0236490497,0.9692542241,0.2284914959,0.04281975312 0 0 0 0 0 0 0.04281975312 0 0 0 0 0 0 0.09420562179 0 0 0 0 0 0 0.0007501757998 0 0 0 0 0 0 0.0007501757998 0 0 0 0 0 0 0.001304364271
636,1785495492.847982883,map,3.1391201019,-2.2274634838,-0.6220334172,0.0949453438,0.0458127884,0.9695147757,0.2211960132,0.0428236201 0 0 0 0 0 0 0.0428236201 0 0 0 0 0 0 0.09421135746 0 0 0 0 0 0 0.0007502651327 0 0 0 0 0 0 0.0007502651327 0 0 0 0 0 0 0.001304482066
637,1785495492.948288918,map,3.1874954700,-2.1122131348,-0.5730723739,0.0939670145,0.0559684724,0.9695794877,0.2189825369,0.04285150338 0 0 0 0 0 0 0.04285150338 0 0 0 0 0 0 0.09425271273 0 0 0 0 0 0 0.000750909316 0 0 0 0 0 0 0.000750909316 0 0 0 0 0 0 0.001305331439
638,1785495493.047671080,map,3.1642150879,-2.1132514477,-0.5479648709,0.0968083814,0.0541053810,0.9695180648,0.2184844932,0.04249705418 0 0 0 0 0 0 0.04249705418 0 0 0 0 0 0 0.09372668148 0 0 0 0 0 0 0.0007427255199 0 0 0 0 0 0 0.0007427255199 0 0 0 0 0 0 0.001294534299
639,1785495493.147131920,map,3.1343410015,-2.0941877365,-0.5720936060,0.1001604290,0.0507113104,0.9699334945,0.2159288666,0.04283806468 0 0 0 0 0 0 0.04283806468 0 0 0 0 0 0 0.09423278158 0 0 0 0 0 0 0.0007505988353 0 0 0 0 0 0 0.0007505988353 0 0 0 0 0 0 0.001304922073
640,1785495493.247332096,map,3.1208987236,-2.1027224064,-0.5757212043,0.1014715472,0.0523959274,0.9701378479,0.2139877250,0.0427052861 0 0 0 0 0 0 0.0427052861 0 0 0 0 0 0 0.09403580079 0 0 0 0 0 0 0.0007475320243 0 0 0 0 0 0 0.0007475320243 0 0 0 0 0 0 0.001300877406
641,1785495493.347856998,map,3.1468195915,-2.1094269753,-0.5666213036,0.1008080821,0.0523167862,0.9706876972,0.2118161131,0.04297710397 0 0 0 0 0 0 0.04297710397 0 0 0 0 0 0 0.09443894377 0 0 0 0 0 0 0.0007538118743 0 0 0 0 0 0 0.0007538118743 0 0 0 0 0 0 0.001309157452
642,1785495493.448084116,map,3.1097075939,-2.0867116451,-0.5573614836,0.1025740361,0.0486544906,0.9709310897,0.2107228832,0.04313675881 0 0 0 0 0 0 0.04313675881 0 0 0 0 0 0 0.09467554012 0 0 0 0 0 0 0.0007575033526 0 0 0 0 0 0 0.0007575033526 0 0 0 0 0 0 0.001314020817
643,1785495493.547514915,map,3.0386593342,-2.0675539970,-0.5340349078,0.1089286060,0.0440961648,0.9709821028,0.2082878889,0.04305256854 0 0 0 0 0 0 0.04305256854 0 0 0 0 0 0 0.0945507943 0 0 0 0 0 0 0.0007555564664 0 0 0 0 0 0 0.0007555564664 0 0 0 0 0 0 0.001311456234
644,1785495493.646914959,map,3.0063292980,-2.0318388939,-0.5049169064,0.1136883898,0.0371230600,0.9708372135,0.2077785668,0.04283119245 0 0 0 0 0 0 0.04283119245 0 0 0 0 0 0 0.09422258888 0 0 0 0 0 0 0.000750440069 0 0 0 0 0 0 0.000750440069 0 0 0 0 0 0 0.001304712733
645,1785495493.747070074,map,2.9536709785,-1.9858634472,-0.4797698557,0.1189735501,0.0301699668,0.9705764028,0.2071630336,0.04302583226 0 0 0 0 0 0 0.04302583226 0 0 0 0 0 0 0.09451117052 0 0 0 0 0 0 0.0007549383208 0 0 0 0 0 0 0.0007549383208 0 0 0 0 0 0 0.001310641801
646,1785495493.847369909,map,3.0037169456,-1.9863970280,-0.5019257069,0.1168531992,0.0270762232,0.9709251426,0.2071631588,0.04307144304 0 0 0 0 0 0 0.04307144304 0 0 0 0 0 0 0.09457876434 0 0 0 0 0 0 0.0007559928836 0 0 0 0 0 0 0.0007559928836 0 0 0 0 0 0 0.001312031184
647,1785495493.947504044,map,3.0155861378,-1.9838061333,-0.5084343553,0.1154870753,0.0269509965,0.9707584327,0.2087210197,0.04308871109 0 0 0 0 0 0 0.04308871109 0 0 0 0 0 0 0.09460435205 0 0 0 0 0 0 0.0007563921831 0 0 0 0 0 0 0.0007563921831 0 0 0 0 0 0 0.0013125572
648,1785495494.047745943,map,2.9899635315,-1.9788399935,-0.5159817934,0.1179641009,0.0300265337,0.9702336656,0.2093549794,0.04299836291 0 0 0 0 0 0 0.04299836291 0 0 0 0 0 0 0.09447045613 0 0 0 0 0 0 0.0007543032898 0 0 0 0 0 0 0.0007543032898 0 0 0 0 0 0 0.001309805036
649,1785495494.147949934,map,3.0183174610,-2.0026452541,-0.5117235184,0.1156697823,0.0297477171,0.9705385648,0.2092616961,0.04284465126 0 0 0 0 0 0 0.04284465126 0 0 0 0 0 0 0.09424255037 0 0 0 0 0 0 0.0007507510063 0 0 0 0 0 0 0.0007507510063 0 0 0 0 0 0 0.001305122712
650,1785495494.247189999,map,3.0201928616,-2.0015645027,-0.5108057261,0.1152584030,0.0299832312,0.9706338286,0.2090131041,0.04324271423 0 0 0 0 0 0 0.04324271423 0 0 0 0 0 0 0.09483247943 0 0 0 0 0 0 0.00075995441 0 0 0 0 0 0 0.00075995441 0 0 0 0 0 0 0.001317248403
651,1785495494.347323895,map,3.0244913101,-1.9964971542,-0.5157557726,0.1148818704,0.0299631965,0.9706876742,0.2089732254,0.04318307419 0 0 0 0 0 0 0.04318307419 0 0 0 0 0 0 0.09474414934 0 0 0 0 0 0 0.0007585746451 0 0 0 0 0 0 0.0007585746451 0 0 0 0 0 0 0.001315431664
652,1785495494.447599888,map,3.0235764980,-1.9976503849,-0.5109012127,0.1147277543,0.0298104426,0.9707099024,0.2089764532,0.04336537895 0 0 0 0 0 0 0.04336537895 0 0 0 0 0 0 0.09501409031 0 0 0 0 0 0 0.0007627931898 0 0 0 0 0 0 0.0007627931898 0 0 0 0 0 0 0.001320984984
653,1785495494.547837973,map,3.0314342976,-1.9897332191,-0.5122259259,0.1145794293,0.0297066927,0.9707140471,0.2090533277,0.04285299753 0 0 0 0 0 0 0.04285299753 0 0 0 0 0 0 0.09425492866 0 0 0 0 0 0 0.000750943837 0 0 0 0 0 0 0.000750943837 0 0 0 0 0 0 0.001305376954
654,1785495494.648015022,map,3.0327539444,-1.9924590588,-0.5145238638,0.1142986656,0.0291424556,0.9707250228,0.2092354238,0.04308242884 0 0 0 0 0 0 0.04308242884 0 0 0 0 0 0 0.09459504324 0 0 0 0 0 0 0.0007562469119 0 0 0 0 0 0 0.0007562469119 0 0 0 0 0 0 0.001312365831
655,1785495494.747235060,map,3.0325298309,-1.9991749525,-0.5132887959,0.1146765785,0.0291674999,0.9707964770,0.2086929090,0.04280032902 0 0 0 0 0 0 0.04280032902 0 0 0 0 0 0 0.09417680978 0 0 0 0 0 0 0.0007497270935 0 0 0 0 0 0 0.0007497270935 0 0 0 0 0 0 0.001303772579
656,1785495494.847584963,map,3.0331704617,-1.9970333576,-0.5153959990,0.1145434588,0.0299763464,0.9706974605,0.2091116184,0.04295517336 0 0 0 0 0 0 0.04295517336 0 0 0 0 0 0 0.0944064331 0 0 0 0 0 0 0.0007533049729 0 0 0 0 0 0 0.0007533049729 0 0 0 0 0 0 0.001308489407
657,1785495494.947633028,map,3.0227174759,-2.0054626465,-0.5112600327,0.1147799106,0.0303784066,0.9706378662,0.2092005107,0.04326875445 0 0 0 0 0 0 0.04326875445 0 0 0 0 0 0 0.09487104018 0 0 0 0 0 0 0.0007605569419 0 0 0 0 0 0 0.0007605569419 0 0 0 0 0 0 0.001318041634
658,1785495495.047800064,map,3.0232448578,-2.0076811314,-0.5071755648,0.1148895198,0.0300783258,0.9706724611,0.2090231073,0.04303563356 0 0 0 0 0 0 0.04303563356 0 0 0 0 0 0 0.09452569674 0 0 0 0 0 0 0.0007551649208 0 0 0 0 0 0 0.0007551649208 0 0 0 0 0 0 0.001310940365
659,1785495495.148109913,map,3.0279736519,-2.0046679974,-0.5102216005,0.1146560401,0.0299882278,0.9707516787,0.2087962523,0.04299288186 0 0 0 0 0 0 0.04299288186 0 0 0 0 0 0 0.09446233176 0 0 0 0 0 0 0.0007541765879 0 0 0 0 0 0 0.0007541765879 0 0 0 0 0 0 0.001309638074
660,1785495495.247174978,map,3.0286693573,-2.0115044117,-0.5058361292,0.1147205711,0.0297640466,0.9707373339,0.2088595878,0.04334300117 0 0 0 0 0 0 0.04334300117 0 0 0 0 0 0 0.09498096517 0 0 0 0 0 0 0.000762275215 0 0 0 0 0 0 0.000762275215 0 0 0 0 0 0 0.001320303318
661,1785495495.347323895,map,3.0292143822,-2.0121669769,-0.5092151761,0.1145017596,0.0303419546,0.9707585785,0.2087977308,0.04314064492 0 0 0 0 0 0 0.04314064492 0 0 0 0 0 0 0.09468129726 0 0 0 0 0 0 0.0007575932327 0 0 0 0 0 0 0.0007575932327 0 0 0 0 0 0 0.001314139194
662,1785495495.447570086,map,3.0258266926,-2.0048501492,-0.5086332560,0.1145255231,0.0297996107,0.9707567749,0.2088711849,0.04326302562 0 0 0 0 0 0 0.04326302562 0 0 0 0 0 0 0.09486255716 0 0 0 0 0 0 0.0007604243804 0 0 0 0 0 0 0.0007604243804 0 0 0 0 0 0 0.001317867124
663,1785495495.547739029,map,3.0261020660,-2.0219144821,-0.5090339184,0.1157344686,0.0311031127,0.9707153903,0.2082060482,0.04303286083 0 0 0 0 0 0 0.04303286083 0 0 0 0 0 0 0.09452158741 0 0 0 0 0 0 0.0007551008161 0 0 0 0 0 0 0.0007551008161 0 0 0 0 0 0 0.001310855903
664,1785495495.647967100,map,3.0472309589,-1.9948096275,-0.5154994130,0.1147135599,0.0290641869,0.9707003772,0.2091336020,0.04292609005 0 0 0 0 0 0 0.04292609005 0 0 0 0 0 0 0.09436331489 0 0 0 0 0 0 0.0007526328086 0 0 0 0 0 0 0.0007526328086 0 0 0 0 0 0 0.001307603479
665,1785495495.748181105,map,3.0520567894,-1.9921910763,-0.5171189904,0.1143454054,0.0294278322,0.9707526073,0.2090418922,0.04318979059 0 0 0 0 0 0 0.04318979059 0 0 0 0 0 0 0.09475409768 0 0 0 0 0 0 0.0007587300131 0 0 0 0 0 0 0.0007587300131 0 0 0 0 0 0 0.001315636257
666,1785495495.847368956,map,3.0504858494,-1.9979034662,-0.5132964253,0.1142728565,0.0295217279,0.9707788864,0.2089462459,0.04337304446 0 0 0 0 0 0 0.04337304446 0 0 0 0 0 0 0.09502543669 0 0 0 0 0 0 0.0007629706317 0 0 0 0 0 0 0.0007629706317 0 0 0 0 0 0 0.001321218489
667,1785495495.947674036,map,3.0361268520,-2.0032567978,-0.5159652829,0.1147057665,0.0300726120,0.9707039079,0.2089788336,0.0432815368 0 0 0 0 0 0 0.0432815368 0 0 0 0 0 0 0.0948899671 0 0 0 0 0 0 0.0007608527274 0 0 0 0 0 0 0.0007608527274 0 0 0 0 0 0 0.001318431006
668,1785495496.047862053,map,3.0346708298,-1.9998964071,-0.5117599964,0.1148213067,0.0297231313,0.9706800140,0.2090763003,0.04304397205 0 0 0 0 0 0 0.04304397205 0 0 0 0 0 0 0.09453805455 0 0 0 0 0 0 0.000755357708 0 0 0 0 0 0 0.000755357708 0 0 0 0 0 0 0.00131119437
669,1785495496.148083925,map,3.0385501385,-2.0009744167,-0.5095853209,0.1147764837,0.0298986564,0.9707292288,0.2088472707,0.04316422519 0 0 0 0 0 0 0.04316422519 0 0 0 0 0 0 0.09471622884 0 0 0 0 0 0 0.0007581386383 0 0 0 0 0 0 0.0007581386383 0 0 0 0 0 0 0.00131485749
670,1785495496.247364998,map,3.0347623825,-1.9973293543,-0.5120117664,0.1147314894,0.0293160339,0.9706858014,0.2091562230,0.04290028676 0 0 0 0 0 0 0.04290028676 0 0 0 0 0 0 0.09432505556 0 0 0 0 0 0 0.0007520365116 0 0 0 0 0 0 0.0007520365116 0 0 0 0 0 0 0.001306817466
671,1785495496.347563982,map,3.0394532681,-2.0009286404,-0.5130566955,0.1143390372,0.0298812172,0.9707637975,0.2089290168,0.04315844013 0 0 0 0 0 0 0.04315844013 0 0 0 0 0 0 0.0947076592 0 0 0 0 0 0 0.0007580048271 0 0 0 0 0 0 0.0007580048271 0 0 0 0 0 0 0.001314681268
672,1785495496.446835041,map,3.0352075100,-2.0018529892,-0.5056307316,0.1145436973,0.0297862873,0.9707117982,0.2090720410,0.04304813224 0 0 0 0 0 0 0.04304813224 0 0 0 0 0 0 0.09454421988 0 0 0 0 0 0 0.0007554538945 0 0 0 0 0 0 0.0007554538945 0 0 0 0 0 0 0.001311321097
673,1785495496.547034979,map,3.0374345779,-2.0024106503,-0.5054239035,0.1146061867,0.0300198214,0.9706959331,0.2090780524,0.04309565894 0 0 0 0 0 0 0.04309565894 0 0 0 0 0 0 0.09461464686 0 0 0 0 0 0 0.0007565528495 0 0 0 0 0 0 0.0007565528495 0 0 0 0 0 0 0.001312768843
674,1785495496.647120953,map,3.0354621410,-2.0005345345,-0.5112811327,0.1141810414,0.0296703028,0.9707284536,0.2092095326,0.04325987709 0 0 0 0 0 0 0.04325987709 0 0 0 0 0 0 0.09485789488 0 0 0 0 0 0 0.0007603515267 0 0 0 0 0 0 0.0007603515267 0 0 0 0 0 0 0.001317771214
675,1785495496.747404099,map,3.0379078388,-1.9889694452,-0.5151851773,0.1142071635,0.0299940997,0.9706442372,0.2095396181,0.04291477706 0 0 0 0 0 0 0.04291477706 0 0 0 0 0 0 0.09434654122 0 0 0 0 0 0 0.0007523713657 0 0 0 0 0 0 0.0007523713657 0 0 0 0 0 0 0.001307258866
676,1785495496.846657991,map,3.0327634811,-1.9893729687,-0.5124369264,0.1142170503,0.0298296822,0.9706267206,0.2096388129,0.04332490277 0 0 0 0 0 0 0.04332490277 0 0 0 0 0 0 0.09495417265 0 0 0 0 0 0 0.0007618563255 0 0 0 0 0 0 0.0007618563255 0 0 0 0 0 0 0.001319752009
677,1785495496.947016001,map,3.0306885242,-1.9860281944,-0.5109091401,0.1145104986,0.0299793357,0.9706216083,0.2094809529,0.04328201367 0 0 0 0 0 0 0.04328201367 0 0 0 0 0 0 0.09489067318 0 0 0 0 0 0 0.0007608637625 0 0 0 0 0 0 0.0007608637625 0 0 0 0 0 0 0.001318445533
678,1785495497.047147989,map,3.0344493389,-1.9833198786,-0.5109557509,0.1142699449,0.0294496014,0.9706582226,0.2095178547,0.04288510572 0 0 0 0 0 0 0.04288510572 0 0 0 0 0 0 0.09430254442 0 0 0 0 0 0 0.0007516857145 0 0 0 0 0 0 0.0007516857145 0 0 0 0 0 0 0.001306355025
679,1785495497.147351980,map,3.0256261826,-1.9835170507,-0.5128867030,0.1143844605,0.0301522841,0.9706644400,0.2093265147,0.0434335378 0 0 0 0 0 0 0.0434335378 0 0 0 0 0 0 0.09511496666 0 0 0 0 0 0 0.000764371111 0 0 0 0 0 0 0.000764371111 0 0 0 0 0 0 0.001323061222
680,1785495497.247467041,map,3.0236141682,-2.0008399487,-0.5100913644,0.1145131608,0.0302577992,0.9706871062,0.2091357474,0.04322581021 0 0 0 0 0 0 0.04322581021 0 0 0 0 0 0 0.09480744569 0 0 0 0 0 0 0.0007595633071 0 0 0 0 0 0 0.0007595633071 0 0 0 0 0 0 0.001316733478
681,1785495497.347760916,map,3.0332691669,-1.9890140295,-0.5116019845,0.1143099779,0.0297205785,0.9706865766,0.2093262696,0.04297668242 0 0 0 0 0 0 0.04297668242 0 0 0 0 0 0 0.09443831886 0 0 0 0 0 0 0.0007538021301 0 0 0 0 0 0 0.0007538021301 0 0 0 0 0 0 0.001309144611
682,1785495497.446933985,map,3.0394794941,-1.9896436930,-0.5120259523,0.1143463650,0.0293257609,0.9706897927,0.2093471213,0.04287322575 0 0 0 0 0 0 0.04287322575 0 0 0 0 0 0 0.09428492736 0 0 0 0 0 0 0.0007514112109 0 0 0 0 0 0 0.0007514112109 0 0 0 0 0 0 0.001305993141
683,1785495497.547425032,map,3.0382006168,-1.9890015125,-0.5131217241,0.1142631029,0.0294449673,0.9707034013,0.2093128476,0.04286355974 0 0 0 0 0 0 0.04286355974 0 0 0 0 0 0 0.09427059283 0 0 0 0 0 0 0.0007511878729 0 0 0 0 0 0 0.0007511878729 0 0 0 0 0 0 0.001305698697
684,1785495497.646692038,map,3.0324230194,-2.0025193691,-0.5108911395,0.1146831933,0.0304342381,0.9706092497,0.2093781339,0.04334794295 0 0 0 0 0 0 0.04334794295 0 0 0 0 0 0 0.09498828058 0 0 0 0 0 0 0.000762389598 0 0 0 0 0 0 0.000762389598 0 0 0 0 0 0 0.001320453853
685,1785495497.746876001,map,3.0336747169,-2.0151453018,-0.5139337182,0.1144748303,0.0306966223,0.9706178777,0.2094138474,0.04344650062 0 0 0 0 0 0 0.04344650062 0 0 0 0 0 0 0.09513414897 0 0 0 0 0 0 0.000764671253 0 0 0 0 0 0 0.000764671253 0 0 0 0 0 0 0.001323456092
686,1785495497.848026991,map,3.0422074795,-2.0151565075,-0.5148133636,0.1142322123,0.0301273529,0.9706444137,0.2095060439,0.0429749614 0 0 0 0 0 0 0.0429749614 0 0 0 0 0 0 0.09443576766 0 0 0 0 0 0 0.0007537623493 0 0 0 0 0 0 0.0007537623493 0 0 0 0 0 0 0.001309092186
687,1785495497.947161913,map,3.0251929760,-2.0169301033,-0.5125304461,0.1147749554,0.0313152153,0.9705927535,0.2092743776,0.0429373372 0 0 0 0 0 0 0.0429373372 0 0 0 0 0 0 0.09437999021 0 0 0 0 0 0 0.0007528927407 0 0 0 0 0 0 0.0007528927407 0 0 0 0 0 0 0.001307946087
688,1785495498.047352076,map,3.0278823376,-2.0098772049,-0.5121155381,0.1149366841,0.0298817764,0.9705354480,0.2096606008,0.04315286565 0 0 0 0 0 0 0.04315286565 0 0 0 0 0 0 0.09469940132 0 0 0 0 0 0 0.0007578758892 0 0 0 0 0 0 0.0007578758892 0 0 0 0 0 0 0.001314511459
689,1785495498.147583008,map,3.0351724625,-2.0100898743,-0.5110496283,0.1146349099,0.0300025549,0.9705490665,0.2097454953,0.04296761729 0 0 0 0 0 0 0.04296761729 0 0 0 0 0 0 0.09442488073 0 0 0 0 0 0 0.0007535925954 0 0 0 0 0 0 0.0007535925954 0 0 0 0 0 0 0.001308868471
690,1785495498.247864962,map,3.0369656086,-2.0129120350,-0.5185114741,0.1144331285,0.0303457322,0.9706510610,0.2093340055,0.04292063852 0 0 0 0 0 0 0.04292063852 0 0 0 0 0 0 0.09435523204 0 0 0 0 0 0 0.0007525068225 0 0 0 0 0 0 0.0007525068225 0 0 0 0 0 0 0.001307437416
691,1785495498.348174095,map,3.0397019386,-2.0066192150,-0.5185305476,0.1142523209,0.0295090584,0.9706409442,0.2095990882,0.04288273555 0 0 0 0 0 0 0.04288273555 0 0 0 0 0 0 0.09429902972 0 0 0 0 0 0 0.0007516309475 0 0 0 0 0 0 0.0007516309475 0 0 0 0 0 0 0.001306282826
692,1785495498.447544098,map,3.0305867195,-2.0224261284,-0.5081685781,0.1143726229,0.0296569090,0.9705384343,0.2099870159,0.04306568238 0 0 0 0 0 0 0.04306568238 0 0 0 0 0 0 0.09457022785 0 0 0 0 0 0 0.000755859682 0 0 0 0 0 0 0.000755859682 0 0 0 0 0 0 0.001311855705
693,1785495498.547754049,map,3.0313076973,-2.0229966640,-0.5080806017,0.1145665260,0.0304725966,0.9705592458,0.2096680649,0.04317374489 0 0 0 0 0 0 0.04317374489 0 0 0 0 0 0 0.09473033035 0 0 0 0 0 0 0.00075835884 0 0 0 0 0 0 0.00075835884 0 0 0 0 0 0 0.001315147477
694,1785495498.648096085,map,3.0361192226,-2.0201089382,-0.5140089393,0.1144026998,0.0302007950,0.9706209866,0.2095109624,0.04335756745 0 0 0 0 0 0 0.04335756745 0 0 0 0 0 0 0.09500252751 0 0 0 0 0 0 0.0007626123736 0 0 0 0 0 0 0.0007626123736 0 0 0 0 0 0 0.001320747033
695,1785495498.747258902,map,3.0393681526,-2.0156366825,-0.5133773088,0.1146141214,0.0305767471,0.9706319173,0.2092900824,0.04292868502 0 0 0 0 0 0 0.04292868502 0 0 0 0 0 0 0.09436716231 0 0 0 0 0 0 0.0007526927797 0 0 0 0 0 0 0.0007526927797 0 0 0 0 0 0 0.001307682526
696,1785495498.847444057,map,3.0386483669,-2.0193006992,-0.5120405555,0.1144787443,0.0309197352,0.9706381578,0.2092848297,0.04297856741 0 0 0 0 0 0 0.04297856741 0 0 0 0 0 0 0.09444111312 0 0 0 0 0 0 0.0007538457015 0 0 0 0 0 0 0.0007538457015 0 0 0 0 0 0 0.001309202031
697,1785495498.947557926,map,3.0430269241,-2.0132126808,-0.5122314095,0.1145480677,0.0303748733,0.9706363540,0.2093350280,0.04302395468 0 0 0 0 0 0 0.04302395468 0 0 0 0 0 0 0.09450838775 0 0 0 0 0 0 0.0007548949131 0 0 0 0 0 0 0.0007548949131 0 0 0 0 0 0 0.001310584606
698,1785495499.046716928,map,3.0364034176,-2.0195035934,-0.5114867687,0.1144653666,0.0305465289,0.9706587138,0.2092516287,0.04323803668 0 0 0 0 0 0 0.04323803668 0 0 0 0 0 0 0.09482555244 0 0 0 0 0 0 0.0007598461846 0 0 0 0 0 0 0.0007598461846 0 0 0 0 0 0 0.001317105917
699,1785495499.147347927,map,3.0516991615,-2.0193212032,-0.5152998567,0.1142287813,0.0302542754,0.9707076151,0.2091965238,0.04293427442 0 0 0 0 0 0 0.04293427442 0 0 0 0 0 0 0.09437544932 0 0 0 0 0 0 0.000752821956 0 0 0 0 0 0 0.000752821956 0 0 0 0 0 0 0.00130785279
700,1785495499.247549057,map,3.0436031818,-2.0191495419,-0.5180458426,0.1143983026,0.0305481223,0.9707052204,0.2090722527,0.0429366022 0 0 0 0 0 0 0.0429366022 0 0 0 0 0 0 0.09437890049 0 0 0 0 0 0 0.0007528757537 0 0 0 0 0 0 0.0007528757537 0 0 0 0 0 0 0.001307923698
701,1785495499.347863913,map,3.0496275425,-2.0208923817,-0.5189369917,0.1144470868,0.0309862308,0.9706853715,0.2090731967,0.04344100299 0 0 0 0 0 0 0.04344100299 0 0 0 0 0 0 0.09512601372 0 0 0 0 0 0 0.0007645439587 0 0 0 0 0 0 0.0007645439587 0 0 0 0 0 0 0.001323288624
702,1785495499.447114944,map,3.0335547924,-2.0193402767,-0.5089260340,0.1155291278,0.0309481146,0.9706837750,0.2084904022,0.04310241563 0 0 0 0 0 0 0.04310241563 0 0 0 0 0 0 0.09462465817 0 0 0 0 0 0 0.0007567090993 0 0 0 0 0 0 0.0007567090993 0 0 0 0 0 0 0.001312974664
703,1785495499.547250032,map,3.0428066254,-2.0061948299,-0.5083459616,0.1154490533,0.0306020540,0.9706940910,0.2085377934,0.04280500456 0 0 0 0 0 0 0.04280500456 0 0 0 0 0 0 0.09418374527 0 0 0 0 0 0 0.0007498350979 0 0 0 0 0 0 0.0007498350979 0 0 0 0 0 0 0.001303915004
704,1785495499.646600008,map,3.0439410210,-2.0043673515,-0.5085739493,0.1151743559,0.0304484627,0.9707150679,0.2086145459,0.04320882287 0 0 0 0 0 0 0.04320882287 0 0 0 0 0 0 0.09478228694 0 0 0 0 0 0 0.0007591703006 0 0 0 0 0 0 0.0007591703006 0 0 0 0 0 0 0.001316216014
705,1785495499.746906996,map,3.0431880951,-2.0037333965,-0.5110688210,0.1150549957,0.0305395775,0.9706775808,0.2088413815,0.04326027256 0 0 0 0 0 0 0.04326027256 0 0 0 0 0 0 0.09485848048 0 0 0 0 0 0 0.0007603606773 0 0 0 0 0 0 0.0007603606773 0 0 0 0 0 0 0.001317783261
706,1785495499.847188950,map,3.0402348042,-2.0052540302,-0.5124055147,0.1149432548,0.0303868728,0.9707004846,0.2088187312,0.04281213517 0 0 0 0 0 0 0.04281213517 0 0 0 0 0 0 0.09419432224 0 0 0 0 0 0 0.0007499998175 0 0 0 0 0 0 0.0007499998175 0 0 0 0 0 0 0.001304132215
707,1785495499.947516918,map,3.0321369171,-2.0115509033,-0.5170324445,0.1147102665,0.0311763943,0.9706969079,0.2088470480,0.04333758033 0 0 0 0 0 0 0.04333758033 0 0 0 0 0 0 0.09497294045 0 0 0 0 0 0 0.0007621497461 0 0 0 0 0 0 0.0007621497461 0 0 0 0 0 0 0.00132013819
708,1785495500.046848059,map,3.0268640518,-2.0129842758,-0.5125407577,0.1150418487,0.0314034471,0.9706453809,0.2088701398,0.04337415883 0 0 0 0 0 0 0.04337415883 0 0 0 0 0 0 0.09502708613 0 0 0 0 0 0 0.0007629964276 0 0 0 0 0 0 0.0007629964276 0 0 0 0 0 0 0.001321252435
709,1785495500.147114992,map,3.0331416130,-2.0094163418,-0.5109166503,0.1151892736,0.0309308808,0.9706739579,0.2087265729,0.04319771504 0 0 0 0 0 0 0.04319771504 0 0 0 0 0 0 0.09476583506 0 0 0 0 0 0 0.0007589133314 0 0 0 0 0 0 0.0007589133314 0 0 0 0 0 0 0.00131587765
710,1785495500.246704102,map,3.0328755379,-2.0043911934,-0.5108534694,0.1151054468,0.0304190490,0.9706549988,0.2089361010,0.04312139971 0 0 0 0 0 0 0.04312139971 0 0 0 0 0 0 0.09465278529 0 0 0 0 0 0 0.0007571481308 0 0 0 0 0 0 0.0007571481308 0 0 0 0 0 0 0.001313552952
711,1785495500.346990108,map,3.0348310471,-1.9986360073,-0.5116837621,0.1152940175,0.0301246388,0.9706392094,0.2089481122,0.04318428694 0 0 0 0 0 0 0.04318428694 0 0 0 0 0 0 0.09474594569 0 0 0 0 0 0 0.0007586026989 0 0 0 0 0 0 0.0007586026989 0 0 0 0 0 0 0.001315468606
712,1785495500.447287083,map,3.0358326435,-1.9970554113,-0.5111505985,0.1149598510,0.0300669545,0.9706584068,0.2090513565,0.04307067839 0 0 0 0 0 0 0.04307067839 0 0 0 0 0 0 0.09457763125 0 0 0 0 0 0 0.0007559752028 0 0 0 0 0 0 0.0007559752028 0 0 0 0 0 0 0.001312007892
713,1785495500.547508955,map,3.0102035999,-1.9861785173,-0.5141950846,0.1155619561,0.0303616195,0.9705910340,0.2089896109,0.04318884307 0 0 0 0 0 0 0.04318884307 0 0 0 0 0 0 0.09475269423 0 0 0 0 0 0 0.0007587080942 0 0 0 0 0 0 0.0007587080942 0 0 0 0 0 0 0.001315607394
714,1785495500.646950006,map,3.0195107460,-1.9708029032,-0.5152781606,0.1144335012,0.0291607048,0.9708173443,0.2087302341,0.04310011425 0 0 0 0 0 0 0.04310011425 0 0 0 0 0 0 0.09462124827 0 0 0 0 0 0 0.000756655879 0 0 0 0 0 0 0.000756655879 0 0 0 0 0 0 0.00131290456
715,1785495500.746349096,map,2.9968321323,-1.9640724659,-0.5154009461,0.1156646827,0.0296457850,0.9706035463,0.2089774136,0.04309750927 0 0 0 0 0 0 0.04309750927 0 0 0 0 0 0 0.09461738849 0 0 0 0 0 0 0.0007565956383 0 0 0 0 0 0 0.0007565956383 0 0 0 0 0 0 0.001312825207
716,1785495500.846597910,map,3.0043628216,-1.9668406248,-0.5125291944,0.1154231834,0.0301439081,0.9706144005,0.2089892699,0.04315507465 0 0 0 0 0 0 0.04315507465 0 0 0 0 0 0 0.09470267368 0 0 0 0 0 0 0.000757926983 0 0 0 0 0 0 0.000757926983 0 0 0 0 0 0 0.001314578749
717,1785495500.946779013,map,3.0084338188,-1.9586943388,-0.5126180649,0.1152559073,0.0296465450,0.9706701661,0.2088937516,0.04337645827 0 0 0 0 0 0 0.04337645827 0 0 0 0 0 0 0.09503048966 0 0 0 0 0 0 0.0007630496565 0 0 0 0 0 0 0.0007630496565 0 0 0 0 0 0 0.00132132248
718,1785495501.046478033,map,3.0068042278,-1.9634399414,-0.5093350410,0.1153188379,0.0298401995,0.9706843046,0.2087656735,0.04328542826 0 0 0 0 0 0 0.04328542826 0 0 0 0 0 0 0.09489572903 0 0 0 0 0 0 0.0007609427791 0 0 0 0 0 0 0.0007609427791 0 0 0 0 0 0 0.001318549547
719,1785495501.146583080,map,3.0048463345,-1.9582462311,-0.5050683022,0.1151870780,0.0300172737,0.9706854099,0.2088079048,0.04313873512 0 0 0 0 0 0 0.04313873512 0 0 0 0 0 0 0.09467846797 0 0 0 0 0 0 0.0007575490617 0 0 0 0 0 0 0.0007575490617 0 0 0 0 0 0 0.001314081019
720,1785495501.246779919,map,3.0047566891,-1.9566402435,-0.5070842505,0.1152848944,0.0302709879,0.9706745949,0.2087675545,0.04341183768 0 0 0 0 0 0 0.04341183768 0 0 0 0 0 0 0.09508285287 0 0 0 0 0 0 0.0007638686968 0 0 0 0 0 0 0.0007638686968 0 0 0 0 0 0 0.001322400198
721,1785495501.347013950,map,3.0008313656,-1.9578037262,-0.5080238581,0.1152957269,0.0301752378,0.9706425255,0.2089245318,0.04348734918 0 0 0 0 0 0 0.04348734918 0 0 0 0 0 0 0.09519459036 0 0 0 0 0 0 0.0007656171551 0 0 0 0 0 0 0.0007656171551 0 0 0 0 0 0 0.00132470041
722,1785495501.446582079,map,3.0026721954,-1.9510941505,-0.5114420652,0.1152501802,0.0295722943,0.9706251163,0.2091166190,0.04336946993 0 0 0 0 0 0 0.04336946993 0 0 0 0 0 0 0.09502014577 0 0 0 0 0 0 0.0007628878876 0 0 0 0 0 0 0.0007628878876 0 0 0 0 0 0 0.001321109603
723,1785495501.546760082,map,2.9761145115,-1.9586837292,-0.5019617677,0.1156805853,0.0298519377,0.9705567125,0.2091567362,0.0433574412 0 0 0 0 0 0 0.0433574412 0 0 0 0 0 0 0.09500234063 0 0 0 0 0 0 0.0007626094512 0 0 0 0 0 0 0.0007626094512 0 0 0 0 0 0 0.001320743187
724,1785495501.646095991,map,2.9829704762,-1.9580267668,-0.5038254857,0.1151930861,0.0297702504,0.9705770553,0.2093429431,0.04298929027 0 0 0 0 0 0 0.04298929027 0 0 0 0 0 0 0.09445700796 0 0 0 0 0 0 0.0007540935645 0 0 0 0 0 0 0.0007540935645 0 0 0 0 0 0 0.001309528668
725,1785495501.746386051,map,2.9794979095,-1.9581936598,-0.5033920407,0.1152491143,0.0299303167,0.9705630457,0.2093542248,0.04333573336 0 0 0 0 0 0 0.04333573336 0 0 0 0 0 0 0.09497020627 0 0 0 0 0 0 0.0007621069974 0 0 0 0 0 0 0.0007621069974 0 0 0 0 0 0 0.001320081928
726,1785495501.846560955,map,2.9288060665,-1.9151208401,-0.5025433302,0.1155813132,0.0288191073,0.9706239956,0.2090442141,0.04315077646 0 0 0 0 0 0 0.04315077646 0 0 0 0 0 0 0.09469630641 0 0 0 0 0 0 0.000757827567 0 0 0 0 0 0 0.000757827567 0 0 0 0 0 0 0.001314447819
727,1785495501.946898937,map,2.9311800003,-1.9227483273,-0.5006494522,0.1156759690,0.0297327564,0.9705783756,0.2090757027,0.04339826585 0 0 0 0 0 0 0.04339826585 0 0 0 0 0 0 0.09506276673 0 0 0 0 0 0 0.0007635544937 0 0 0 0 0 0 0.0007635544937 0 0 0 0 0 0 0.001321986777
728,1785495502.046050072,map,2.9626469612,-1.9531787634,-0.5022615194,0.1155008634,0.0301437544,0.9705402076,0.2092907822,0.04348256785 0 0 0 0 0 0 0.04348256785 0 0 0 0 0 0 0.09518751617 0 0 0 0 0 0 0.00076550643 0 0 0 0 0 0 0.00076550643 0 0 0 0 0 0 0.001324554763
729,1785495502.146298885,map,2.9697048664,-1.9507875443,-0.4989778697,0.1152664450,0.0295152512,0.9705103907,0.2096475047,0.04292558772 0 0 0 0 0 0 0.04292558772 0 0 0 0 0 0 0.0943625701 0 0 0 0 0 0 0.0007526211996 0 0 0 0 0 0 0.0007526211996 0 0 0 0 0 0 0.001307588177
730,1785495502.246323109,map,2.9778904915,-1.9521417618,-0.4996992350,0.1151287904,0.0296159700,0.9705491126,0.2095296405,0.04309818799 0 0 0 0 0 0 0.04309818799 0 0 0 0 0 0 0.09461839415 0 0 0 0 0 0 0.0007566113338 0 0 0 0 0 0 0.0007566113338 0 0 0 0 0 0 0.001312845882
731,1785495502.346499920,map,2.9842183590,-1.9726055861,-0.5067788959,0.1151559856,0.0300854515,0.9704719207,0.2098051613,0.04294424967 0 0 0 0 0 0 0.04294424967 0 0 0 0 0 0 0.09439023846 0 0 0 0 0 0 0.0007530524996 0 0 0 0 0 0 0.0007530524996 0 0 0 0 0 0 0.001308156653
732,1785495502.447048903,map,2.9933443069,-1.9767297506,-0.5064064860,0.1152579689,0.0301136322,0.9705144365,0.2095483276,0.04311849856 0 0 0 0 0 0 0.04311849856 0 0 0 0 0 0 0.09464848703 0 0 0 0 0 0 0.000757081036 0 0 0 0 0 0 0.000757081036 0 0 0 0 0 0 0.001313464578
733,1785495502.547116041,map,3.0039038658,-1.9930311441,-0.5135731101,0.1148692055,0.0297779519,0.9705307115,0.2097342697,0.04313532123 0 0 0 0 0 0 0.04313532123 0 0 0 0 0 0 0.09467341037 0 0 0 0 0 0 0.0007574701036 0 0 0 0 0 0 0.0007574701036 0 0 0 0 0 0 0.001313977025
734,1785495502.646495104,map,3.0066983700,-1.9909486771,-0.5137441158,0.1150637890,0.0300675407,0.9705569735,0.2094646575,0.04316280556 0 0 0 0 0 0 0.04316280556 0 0 0 0 0 0 0.09471412591 0 0 0 0 0 0 0.0007581058014 0 0 0 0 0 0 0.0007581058014 0 0 0 0 0 0 0.001314814246
735,1785495502.746707916,map,3.0099883080,-1.9827737808,-0.5119754076,0.1150027949,0.0299143157,0.9705865126,0.2093831463,0.04318589459 0 0 0 0 0 0 0.04318589459 0 0 0 0 0 0 0.09474832694 0 0 0 0 0 0 0.0007586398877 0 0 0 0 0 0 0.0007586398877 0 0 0 0 0 0 0.001315517578
736,1785495502.846036911,map,3.0094583035,-1.9778314829,-0.5192518830,0.1151197200,0.0302508521,0.9705992092,0.2092116753,0.04308722962 0 0 0 0 0 0 0.04308722962 0 0 0 0 0 0 0.09460215687 0 0 0 0 0 0 0.0007563579251 0 0 0 0 0 0 0.0007563579251 0 0 0 0 0 0 0.001312512071
737,1785495502.946275949,map,3.0250811577,-1.9711897373,-0.5127919912,0.1150529488,0.0294078243,0.9705320165,0.2096797817,0.04324771298 0 0 0 0 0 0 0.04324771298 0 0 0 0 0 0 0.09483988194 0 0 0 0 0 0 0.0007600700692 0 0 0 0 0 0 0.0007600700692 0 0 0 0 0 0 0.001317400674
738,1785495503.046478987,map,3.0381724834,-1.9845206738,-0.5237744451,0.1145703988,0.0306985663,0.9706083440,0.2094054570,0.0430525505 0 0 0 0 0 0 0.0430525505 0 0 0 0 0 0 0.09455076756 0 0 0 0 0 0 0.0007555560492 0 0 0 0 0 0 0.0007555560492 0 0 0 0 0 0 0.001311455685
739,1785495503.146559000,map,3.0294952393,-1.9819105864,-0.5222496986,0.1150553792,0.0306027614,0.9706305049,0.2090505957,0.04323792606 0 0 0 0 0 0 0.04323792606 0 0 0 0 0 0 0.09482538862 0 0 0 0 0 0 0.0007598436252 0 0 0 0 0 0 0.0007598436252 0 0 0 0 0 0 0.001317102547
740,1785495503.245791912,map,3.0349338055,-1.9827924967,-0.5093222260,0.1149635011,0.0300264561,0.9707380860,0.2086848312,0.0430073236 0 0 0 0 0 0 0.0430073236 0 0 0 0 0 0 0.0944837379 0 0 0 0 0 0 0.0007545104341 0 0 0 0 0 0 0.0007545104341 0 0 0 0 0 0 0.001310077995
741,1785495503.346045017,map,3.0288763046,-1.9808467627,-0.5110080242,0.1151090826,0.0298127970,0.9707050208,0.2087890032,0.04297026519 0 0 0 0 0 0 0.04297026519 0 0 0 0 0 0 0.09442880602 0 0 0 0 0 0 0.0007536537992 0 0 0 0 0 0 0.0007536537992 0 0 0 0 0 0 0.001308949131
742,1785495503.446295023,map,3.0230500698,-1.9916886091,-0.5120620728,0.1149499073,0.0304094108,0.9706830996,0.2088925571,0.04290655515 0 0 0 0 0 0 0.04290655515 0 0 0 0 0 0 0.09433435024 0 0 0 0 0 0 0.0007521813648 0 0 0 0 0 0 0.0007521813648 0 0 0 0 0 0 0.001307008412
743,1785495503.546663046,map,3.0273721218,-1.9831585884,-0.5117462277,0.1149274683,0.0296155282,0.9706824778,0.2090218100,0.04300713552 0 0 0 0 0 0 0.04300713552 0 0 0 0 0 0 0.09448345913 0 0 0 0 0 0 0.0007545060862 0 0 0 0 0 0 0.0007545060862 0 0 0 0 0 0 0.001310072265
744,1785495503.646974087,map,3.0318174362,-1.9851694107,-0.5157147050,0.1147941145,0.0305930250,0.9706917729,0.2089110922,0.04363594108 0 0 0 0 0 0 0.04363594108 0 0 0 0 0 0 0.09541437623 0 0 0 0 0 0 0.0007690591773 0 0 0 0 0 0 0.0007690591773 0 0 0 0 0 0 0.001329226778
745,1785495503.746407986,map,3.0272257328,-1.9890016317,-0.5173177123,0.1147349705,0.0308031013,0.9707017741,0.2088662565,0.04309356269 0 0 0 0 0 0 0.04309356269 0 0 0 0 0 0 0.09461154081 0 0 0 0 0 0 0.0007565043739 0 0 0 0 0 0 0.0007565043739 0 0 0 0 0 0 0.001312704988
746,1785495503.846750975,map,3.0185685158,-1.9585447311,-0.5235655904,0.1148078665,0.0295637620,0.9705937360,0.2095064126,0.04303603685 0 0 0 0 0 0 0.04303603685 0 0 0 0 0 0 0.09452629443 0 0 0 0 0 0 0.0007551742447 0 0 0 0 0 0 0.0007551742447 0 0 0 0 0 0 0.00131095265
747,1785495503.947073936,map,3.0175421238,-1.9631237984,-0.5165817738,0.1149507746,0.0294424510,0.9705845474,0.2094876467,0.04320379688 0 0 0 0 0 0 0.04320379688 0 0 0 0 0 0 0.09477484299 0 0 0 0 0 0 0.0007590540276 0 0 0 0 0 0 0.0007590540276 0 0 0 0 0 0 0.001316062913
748,1785495504.046992064,map,3.0225563049,-1.9584888220,-0.5159836411,0.1146873435,0.0295729558,0.9706130725,0.2094815362,0.04287354259 0 0 0 0 0 0 0.04287354259 0 0 0 0 0 0 0.09428539722 0 0 0 0 0 0 0.0007514185319 0 0 0 0 0 0 0.0007514185319 0 0 0 0 0 0 0.001306002792
749,1785495504.147046089,map,3.0187594891,-1.9572796822,-0.5133845210,0.1147526724,0.0293930625,0.9706191673,0.2094428458,0.04292872667 0 0 0 0 0 0 0.04292872667 0 0 0 0 0 0 0.09436722407 0 0 0 0 0 0 0.0007526937424 0 0 0 0 0 0 0.0007526937424 0 0 0 0 0 0 0.001307683795
750,1785495504.247185946,map,3.0133483410,-1.9568171501,-0.5176979899,0.1146956106,0.0296701707,0.9706358090,0.2093578741,0.04314340608 0 0 0 0 0 0 0.04314340608 0 0 0 0 0 0 0.09468538777 0 0 0 0 0 0 0.0007576570951 0 0 0 0 0 0 0.0007576570951 0 0 0 0 0 0 0.001314223304
751,1785495504.346479893,map,3.0132341385,-1.9618928432,-0.5122693777,0.1146858145,0.0297011677,0.9706486201,0.2092994608,0.04296963909 0 0 0 0 0 0 0.04296963909 0 0 0 0 0 0 0.09442787788 0 0 0 0 0 0 0.0007536393274 0 0 0 0 0 0 0.0007536393274 0 0 0 0 0 0 0.001308930059
752,1785495504.446754932,map,3.0216996670,-1.9548971653,-0.5163373351,0.1146113618,0.0292978730,0.9706482670,0.2093986633,0.04305769889 0 0 0 0 0 0 0.04305769889 0 0 0 0 0 0 0.09455839715 0 0 0 0 0 0 0.0007556750877 0 0 0 0 0 0 0.0007556750877 0 0 0 0 0 0 0.001311612514
753,1785495504.546991110,map,3.0159001350,-1.9536286592,-0.5186587572,0.1145282579,0.0291356906,0.9706329228,0.2095378081,0.04325745925 0 0 0 0 0 0 0.04325745925 0 0 0 0 0 0 0.09485431454 0 0 0 0 0 0 0.0007602955809 0 0 0 0 0 0 0.0007602955809 0 0 0 0 0 0 0.001317697562
754,1785495504.647241116,map,3.0165503025,-1.9508763552,-0.5206151605,0.1145885285,0.0290793162,0.9706357629,0.2094996441,0.0428367594 0 0 0 0 0 0 0.0428367594 0 0 0 0 0 0 0.09423084564 0 0 0 0 0 0 0.0007505686796 0 0 0 0 0 0 0.0007505686796 0 0 0 0 0 0 0.001304882312
755,1785495504.747437000,map,3.0152480602,-1.9579005241,-0.5168367028,0.1147534463,0.0298216328,0.9706114528,0.2094175825,0.04299111708 0 0 0 0 0 0 0.04299111708 0 0 0 0 0 0 0.09445971584 0 0 0 0 0 0 0.000754135793 0 0 0 0 0 0 0.000754135793 0 0 0 0 0 0 0.001309584316
756,1785495504.846482992,map,3.0210528374,-1.9578412771,-0.5172457695,0.1143870983,0.0299180535,0.9706930241,0.2092260952,0.04296859413 0 0 0 0 0 0 0.04296859413 0 0 0 0 0 0 0.09442632882 0 0 0 0 0 0 0.0007536151741 0 0 0 0 0 0 0.0007536151741 0 0 0 0 0 0 0.001308898228
757,1785495504.946623087,map,3.0074133873,-1.9614390135,-0.5074567199,0.1151434697,0.0301520179,0.9705793505,0.2093048950,0.04316420454 0 0 0 0 0 0 0.04316420454 0 0 0 0 0 0 0.09471619826 0 0 0 0 0 0 0.0007581381608 0 0 0 0 0 0 0.0007581381608 0 0 0 0 0 0 0.001314856861
758,1785495505.046892881,map,3.0122342110,-1.9635498524,-0.5110771060,0.1150555170,0.0305945666,0.9705622550,0.2093683130,0.04321207144 0 0 0 0 0 0 0.04321207144 0 0 0 0 0 0 0.09478709829 0 0 0 0 0 0 0.0007592454552 0 0 0 0 0 0 0.0007592454552 0 0 0 0 0 0 0.001316314971
759,1785495505.147120953,map,3.0110216141,-1.9633760452,-0.5147575736,0.1151886710,0.0304343333,0.9705932678,0.2091745974,0.04300361283 0 0 0 0 0 0 0.04300361283 0 0 0 0 0 0 0.09447823776 0 0 0 0 0 0 0.0007544246515 0 0 0 0 0 0 0.0007544246515 0 0 0 0 0 0 0.001309964958
760,1785495505.247278929,map,3.0257649422,-1.9568511248,-0.5178448558,0.1149219099,0.0301722569,0.9705958086,0.2093474650,0.04321372864 0 0 0 0 0 0 0.04321372864 0 0 0 0 0 0 0.09478955269 0 0 0 0 0 0 0.0007592837942 0 0 0 0 0 0 0.0007592837942 0 0 0 0 0 0 0.001316365452
761,1785495505.347341061,map,3.0155825615,-1.9747020006,-0.5180491209,0.1151794538,0.0315055167,0.9705694786,0.2091314776,0.04311145991 0 0 0 0 0 0 0.04311145991 0 0 0 0 0 0 0.09463805857 0 0 0 0 0 0 0.0007569182562 0 0 0 0 0 0 0.0007569182562 0 0 0 0 0 0 0.001313250168
762,1785495505.446474075,map,3.0269899368,-1.9651736021,-0.5135960579,0.1147549898,0.0301807692,0.9706053118,0.2093937985,0.04302220113 0 0 0 0 0 0 0.04302220113 0 0 0 0 0 0 0.09450578879 0 0 0 0 0 0 0.0007548543732 0 0 0 0 0 0 0.0007548543732 0 0 0 0 0 0 0.00131053119
763,1785495505.546713114,map,3.0201973915,-1.9643561840,-0.5165038109,0.1145552997,0.0298193928,0.9706174172,0.2094986835,0.04277662298 0 0 0 0 0 0 0.04277662298 0 0 0 0 0 0 0.09414164347 0 0 0 0 0 0 0.0007491795166 0 0 0 0 0 0 0.0007491795166 0 0 0 0 0 0 0.001303050452
764,1785495505.647195101,map,3.0288331509,-1.9653526545,-0.5153582692,0.1143428723,0.0299185926,0.9706428478,0.2094827784,0.04309378613 0 0 0 0 0 0 0.04309378613 0 0 0 0 0 0 0.09461187189 0 0 0 0 0 0 0.0007565095409 0 0 0 0 0 0 0.0007565095409 0 0 0 0 0 0 0.001312711794
765,1785495505.747324944,map,3.0157442093,-1.9759200811,-0.5144147277,0.1145584261,0.0311101913,0.9706383728,0.2092119692,0.04336459679 0 0 0 0 0 0 0.04336459679 0 0 0 0 0 0 0.09501293255 0 0 0 0 0 0 0.0007627750845 0 0 0 0 0 0 0.0007627750845 0 0 0 0 0 0 0.001320961158
766,1785495505.846527100,map,3.0230522156,-1.9704679251,-0.5103545785,0.1144272413,0.0303290683,0.9706816949,0.2091974586,0.04318788857 0 0 0 0 0 0 0.04318788857 0 0 0 0 0 0 0.09475128043 0 0 0 0 0 0 0.000758686014 0 0 0 0 0 0 0.000758686014 0 0 0 0 0 0 0.001315578318
767,1785495505.946873903,map,3.0202050209,-1.9762885571,-0.5099328160,0.1146595375,0.0307756363,0.9706182308,0.2092995275,0.04286128606 0 0 0 0 0 0 0.04286128606 0 0 0 0 0 0 0.09426722093 0 0 0 0 0 0 0.0007511353396 0 0 0 0 0 0 0.0007511353396 0 0 0 0 0 0 0.001305629437
768,1785495506.047142982,map,3.0222618580,-1.9765849113,-0.5166555643,0.1146249443,0.0310512458,0.9706339668,0.2092048130,0.04311001543 0 0 0 0 0 0 0.04311001543 0 0 0 0 0 0 0.0946359184 0 0 0 0 0 0 0.0007568848509 0 0 0 0 0 0 0.0007568848509 0 0 0 0 0 0 0.001313206167
769,1785495506.146275997,map,3.0200519562,-1.9758415222,-0.5143119097,0.1146846696,0.0306448494,0.9706497024,0.2091589663,0.04311978075 0 0 0 0 0 0 0.04311978075 0 0 0 0 0 0 0.09465038669 0 0 0 0 0 0 0.000757110689 0 0 0 0 0 0 0.000757110689 0 0 0 0 0 0 0.001313503635
770,1785495506.246577978,map,3.0291633606,-1.9717872143,-0.5128980279,0.1144811186,0.0303203776,0.9706644630,0.2092492533,0.0434049091 0 0 0 0 0 0 0.0434049091 0 0 0 0 0 0 0.09507259879 0 0 0 0 0 0 0.0007637082905 0 0 0 0 0 0 0.0007637082905 0 0 0 0 0 0 0.001322189142
771,1785495506.346806049,map,3.0219995975,-1.9724707603,-0.5102383494,0.1147171267,0.0304323893,0.9705999231,0.2094030749,0.04308156335 0 0 0 0 0 0 0.04308156335 0 0 0 0 0 0 0.09459376076 0 0 0 0 0 0 0.0007562268985 0 0 0 0 0 0 0.0007562268985 0 0 0 0 0 0 0.001312339467
772,1785495506.446005106,map,3.0197441578,-1.9813071489,-0.5098858476,0.1147020465,0.0310655122,0.9705738772,0.2094390548,0.04309282032 0 0 0 0 0 0 0.04309282032 0 0 0 0 0 0 0.09461044083 0 0 0 0 0 0 0.0007564872069 0 0 0 0 0 0 0.0007564872069 0 0 0 0 0 0 0.001312682374
773,1785495506.546238899,map,3.0205543041,-1.9844510555,-0.5135656595,0.1146670327,0.0312254357,0.9705747984,0.2094301893,0.04322462661 0 0 0 0 0 0 0.04322462661 0 0 0 0 0 0 0.09480569278 0 0 0 0 0 0 0.0007595359233 0 0 0 0 0 0 0.0007595359233 0 0 0 0 0 0 0.001316697423
774,1785495506.646478891,map,3.0303289890,-1.9634125233,-0.5130742192,0.1142650697,0.0296083767,0.9706062637,0.2097387234,0.04324748027 0 0 0 0 0 0 0.04324748027 0 0 0 0 0 0 0.09483953733 0 0 0 0 0 0 0.0007600646848 0 0 0 0 0 0 0.0007600646848 0 0 0 0 0 0 0.001317393585
775,1785495506.747008085,map,3.0155229568,-1.9847788811,-0.5103334785,0.1146085652,0.0306299844,0.9705721961,0.2095621952,0.04320566374 0 0 0 0 0 0 0.04320566374 0 0 0 0 0 0 0.094777608 0 0 0 0 0 0 0.000759097216 0 0 0 0 0 0 0.000759097216 0 0 0 0 0 0 0.001316119781
776,1785495506.846240044,map,3.0253353119,-1.9853845835,-0.5130890608,0.1144999161,0.0305491694,0.9705644198,0.2096693346,0.043042584 0 0 0 0 0 0 0.043042584 0 0 0 0 0 0 0.09453599745 0 0 0 0 0 0 0.0007553256157 0 0 0 0 0 0 0.0007553256157 0 0 0 0 0 0 0.001311152088
777,1785495506.946577072,map,3.0208306313,-1.9866875410,-0.5113316774,0.1144626276,0.0302160266,0.9705447599,0.2098289275,0.04348031919 0 0 0 0 0 0 0.04348031919 0 0 0 0 0 0 0.09518418912 0 0 0 0 0 0 0.0007654543565 0 0 0 0 0 0 0.0007654543565 0 0 0 0 0 0 0.001324486264
778,1785495507.045897007,map,3.0134787560,-1.9915158749,-0.5105122924,0.1147123348,0.0308248896,0.9705068977,0.2097790600,0.04335625408 0 0 0 0 0 0 0.04335625408 0 0 0 0 0 0 0.09500058338 0 0 0 0 0 0 0.0007625819727 0 0 0 0 0 0 0.0007625819727 0 0 0 0 0 0 0.001320707025
779,1785495507.146096945,map,3.0150320530,-1.9905146360,-0.5099509954,0.1146439749,0.0303732269,0.9705254528,0.2097964985,0.04303040946 0 0 0 0 0 0 0.04303040946 0 0 0 0 0 0 0.09451795432 0 0 0 0 0 0 0.0007550441418 0 0 0 0 0 0 0.0007550441418 0 0 0 0 0 0 0.00131078123
780,1785495507.246433020,map,3.0173077583,-1.9921933413,-0.5126556754,0.1147610191,0.0306178958,0.9705432169,0.2096147046,0.04347255315 0 0 0 0 0 0 0.04347255315 0 0 0 0 0 0 0.09517269855 0 0 0 0 0 0 0.0007652745174 0 0 0 0 0 0 0.0007652745174 0 0 0 0 0 0 0.001324249697
781,1785495507.346697092,map,3.0195012093,-1.9880464077,-0.5105674267,0.1147491203,0.0306327779,0.9705276331,0.2096911462,0.04276902825 0 0 0 0 0 0 0.04276902825 0 0 0 0 0 0 0.09413037651 0 0 0 0 0 0 0.0007490040988 0 0 0 0 0 0 0.0007490040988 0 0 0 0 0 0 0.001302819103
782,1785495507.447047949,map,3.0213589668,-1.9868444204,-0.5100662708,0.1146869174,0.0307741835,0.9705163404,0.2097567519,0.04315485786 0 0 0 0 0 0 0.04315485786 0 0 0 0 0 0 0.09470235255 0 0 0 0 0 0 0.0007579219688 0 0 0 0 0 0 0.0007579219688 0 0 0 0 0 0 0.001314572145
783,1785495507.546226025,map,3.0192856789,-1.9898401499,-0.5094925761,0.1147352258,0.0311122120,0.9704882117,0.2098106294,0.04310007771 0 0 0 0 0 0 0.04310007771 0 0 0 0 0 0 0.09462119412 0 0 0 0 0 0 0.0007566550339 0 0 0 0 0 0 0.0007566550339 0 0 0 0 0 0 0.001312903446
784,1785495507.646471977,map,3.0265693665,-1.9868646860,-0.5084267855,0.1146537036,0.0305113522,0.9705637749,0.2095938062,0.0430497266 0 0 0 0 0 0 0.0430497266 0 0 0 0 0 0 0.09454658268 0 0 0 0 0 0 0.0007554907576 0 0 0 0 0 0 0.0007554907576 0 0 0 0 0 0 0.001311369664
785,1785495507.746664047,map,3.0203936100,-1.9934524298,-0.5110360384,0.1146997836,0.0307805646,0.9705680815,0.2095091945,0.04277779634 0 0 0 0 0 0 0.04277779634 0 0 0 0 0 0 0.09414338413 0 0 0 0 0 0 0.0007492066183 0 0 0 0 0 0 0.0007492066183 0 0 0 0 0 0 0.001303086194
786,1785495507.846965075,map,3.0210688114,-1.9896816015,-0.5151954889,0.1146755406,0.0304587372,0.9705791970,0.2095180794,0.04284061133 0 0 0 0 0 0 0.04284061133 0 0 0 0 0 0 0.09423655864 0 0 0 0 0 0 0.0007506576706 0 0 0 0 0 0 0.0007506576706 0 0 0 0 0 0 0.001304999649
787,1785495507.946997881,map,3.0248119831,-1.9895607233,-0.5144143701,0.1141608147,0.0300175030,0.9706282942,0.2096353105,0.0432458462 0 0 0 0 0 0 0.0432458462 0 0 0 0 0 0 0.0948371175 0 0 0 0 0 0 0.0007600268762 0 0 0 0 0 0 0.0007600268762 0 0 0 0 0 0 0.001317343809
788,1785495508.046061039,map,3.0273876190,-1.9871774912,-0.5135912299,0.1142317905,0.0303692120,0.9706072002,0.2096436969,0.04300897199 0 0 0 0 0 0 0.04300897199 0 0 0 0 0 0 0.09448618115 0 0 0 0 0 0 0.0007545485408 0 0 0 0 0 0 0.0007545485408 0 0 0 0 0 0 0.001310128208
789,1785495508.146408081,map,3.0274553299,-1.9924887419,-0.5120419860,0.1143228800,0.0303944177,0.9706074305,0.2095892842,0.0430728917 0 0 0 0 0 0 0.0430728917 0 0 0 0 0 0 0.09458091102 0 0 0 0 0 0 0.0007560263809 0 0 0 0 0 0 0.0007560263809 0 0 0 0 0 0 0.001312075313
790,1785495508.246478081,map,3.0280468464,-1.9906474352,-0.5107735395,0.1142614415,0.0306964186,0.9705863207,0.2096764712,0.0432517666 0 0 0 0 0 0 0.0432517666 0 0 0 0 0 0 0.09484588474 0 0 0 0 0 0 0.0007601638618 0 0 0 0 0 0 0.0007601638618 0 0 0 0 0 0 0.001317524154
791,1785495508.346611023,map,3.0254430771,-1.9847545624,-0.5094117522,0.1142805978,0.0304433699,0.9705658169,0.2097978220,0.04298164393 0 0 0 0 0 0 0.04298164393 0 0 0 0 0 0 0.09444567361 0 0 0 0 0 0 0.0007539168155 0 0 0 0 0 0 0.0007539168155 0 0 0 0 0 0 0.001309295747
792,1785495508.446723938,map,3.0147457123,-1.9882712364,-0.5184555650,0.1149065832,0.0310446045,0.9704628614,0.2098440940,0.0430542454 0 0 0 0 0 0 0.0430542454 0 0 0 0 0 0 0.09455327932 0 0 0 0 0 0 0.0007555952376 0 0 0 0 0 0 0.0007555952376 0 0 0 0 0 0 0.001311507314
793,1785495508.546008110,map,3.0126154423,-1.9880422354,-0.5169286132,0.1150327347,0.0310410297,0.9704544317,0.2098144547,0.04293023009 0 0 0 0 0 0 0.04293023009 0 0 0 0 0 0 0.09436945309 0 0 0 0 0 0 0.0007527284874 0 0 0 0 0 0 0.0007527284874 0 0 0 0 0 0 0.001307729592
794,1785495508.646019936,map,3.0338289738,-1.9752485752,-0.5131111741,0.1144989647,0.0299597929,0.9705456428,0.2098417102,0.04319147833 0 0 0 0 0 0 0.04319147833 0 0 0 0 0 0 0.09475659752 0 0 0 0 0 0 0.0007587690555 0 0 0 0 0 0 0.0007587690555 0 0 0 0 0 0 0.001315687669
795,1785495508.746041059,map,3.0305206776,-1.9747769833,-0.5105897188,0.1145148087,0.0299203350,0.9705549852,0.2097955037,0.04304201417 0 0 0 0 0 0 0.04304201417 0 0 0 0 0 0 0.09453515295 0 0 0 0 0 0 0.0007553124408 0 0 0 0 0 0 0.0007553124408 0 0 0 0 0 0 0.00131113473
796,1785495508.846118927,map,3.0253465176,-1.9822289944,-0.5134823918,0.1144495786,0.0304668816,0.9706466935,0.2093276323,0.04312883314 0 0 0 0 0 0 0.04312883314 0 0 0 0 0 0 0.09466379824 0 0 0 0 0 0 0.000757320047 0 0 0 0 0 0 0.000757320047 0 0 0 0 0 0 0.001313779387
797,1785495508.946329117,map,3.0252261162,-1.9750540257,-0.5149048567,0.1145869360,0.0297997917,0.9706417425,0.2093714780,0.04340085907 0 0 0 0 0 0 0.04340085907 0 0 0 0 0 0 0.09506660474 0 0 0 0 0 0 0.0007636145285 0 0 0 0 0 0 0.0007636145285 0 0 0 0 0 0 0.001322065771
798,1785495509.046408892,map,3.0316410065,-1.9788383245,-0.5177785754,0.1146733255,0.0303694553,0.9706293919,0.2092995848,0.0432473912 0 0 0 0 0 0 0.0432473912 0 0 0 0 0 0 0.09483940543 0 0 0 0 0 0 0.0007600626239 0 0 0 0 0 0 0.0007600626239 0 0 0 0 0 0 0.001317390872
799,1785495509.145608902,map,3.0281741619,-1.9801565409,-0.5160186291,0.1145172230,0.0304253040,0.9706307812,0.2093704496,0.04290150244 0 0 0 0 0 0 0.04290150244 0 0 0 0 0 0 0.09432685817 0 0 0 0 0 0 0.0007520646039 0 0 0 0 0 0 0.0007520646039 0 0 0 0 0 0 0.001306854498
800,1785495509.245861053,map,3.0317273140,-1.9804497957,-0.5109056234,0.1144244648,0.0302069989,0.9706281867,0.2094648105,0.04333712306 0 0 0 0 0 0 0.04333712306 0 0 0 0 0 0 0.09497226353 0 0 0 0 0 0 0.0007621391625 0 0 0 0 0 0 0.0007621391625 0 0 0 0 0 0 0.001320124261
801,1785495509.346220970,map,3.0255093575,-1.9824302197,-0.5149340630,0.1146702640,0.0304808950,0.9705962769,0.2094385200,0.04308454683 0 0 0 0 0 0 0.04308454683 0 0 0 0 0 0 0.09459818161 0 0 0 0 0 0 0.0007562958879 0 0 0 0 0 0 0.0007562958879 0 0 0 0 0 0 0.001312430349
802,1785495509.445620060,map,3.0159494877,-1.9869138002,-0.5190337300,0.1147322142,0.0309932225,0.9706582072,0.2090420427,0.04310133868 0 0 0 0 0 0 0.04310133868 0 0 0 0 0 0 0.09462306247 0 0 0 0 0 0 0.0007566841942 0 0 0 0 0 0 0.0007566841942 0 0 0 0 0 0 0.001312941858
803,1785495509.546011925,map,3.0161955357,-1.9922236204,-0.5165028572,0.1148112395,0.0315091144,0.9706283633,0.2090600993,0.04297710286 0 0 0 0 0 0 0.04297710286 0 0 0 0 0 0 0.09443894211 0 0 0 0 0 0 0.0007538118485 0 0 0 0 0 0 0.0007538118485 0 0 0 0 0 0 0.001309157418
804,1785495509.645236969,map,3.0221815109,-1.9878757000,-0.5154894590,0.1149826332,0.0305185749,0.9706207563,0.2091481629,0.04302791036 0 0 0 0 0 0 0.04302791036 0 0 0 0 0 0 0.09451425046 0 0 0 0 0 0 0.0007549863644 0 0 0 0 0 0 0.0007549863644 0 0 0 0 0 0 0.001310705103
805,1785495509.745548964,map,3.0192267895,-1.9895032644,-0.5165286660,0.1148439605,0.0307170761,0.9706208868,0.2091947134,0.04300217149 0 0 0 0 0 0 0.04300217149 0 0 0 0 0 0 0.09447610137 0 0 0 0 0 0 0.000754391332 0 0 0 0 0 0 0.000754391332 0 0 0 0 0 0 0.001309921052
806,1785495509.846002102,map,3.0224585533,-1.9865554571,-0.5149142742,0.1148518085,0.0308097698,0.9705970215,0.2092874589,0.04306848178 0 0 0 0 0 0 0.04306848178 0 0 0 0 0 0 0.0945743762 0 0 0 0 0 0 0.0007559244113 0 0 0 0 0 0 0.0007559244113 0 0 0 0 0 0 0.001311940979
807,1785495509.945202112,map,3.0174045563,-1.9811710119,-0.5149093866,0.1149196380,0.0304202185,0.9705596296,0.2094804968,0.04295292072 0 0 0 0 0 0 0.04295292072 0 0 0 0 0 0 0.09440309356 0 0 0 0 0 0 0.000753252908 0 0 0 0 0 0 0.000753252908 0 0 0 0 0 0 0.001308420788
808,1785495510.045433044,map,3.0212280750,-1.9797407389,-0.5174978375,0.1147776384,0.0309778163,0.9705932064,0.2093210364,0.04325155397 0 0 0 0 0 0 0.04325155397 0 0 0 0 0 0 0.09484556987 0 0 0 0 0 0 0.000760158942 0 0 0 0 0 0 0.000760158942 0 0 0 0 0 0 0.001317517677
809,1785495510.145792961,map,3.0053753853,-1.9874091148,-0.5117567778,0.1149202222,0.0311231940,0.9705728486,0.2093156701,0.04283809995 0 0 0 0 0 0 0.04283809995 0 0 0 0 0 0 0.09423283389 0 0 0 0 0 0 0.0007505996501 0 0 0 0 0 0 0.0007505996501 0 0 0 0 0 0 0.001304923147
810,1785495510.244911909,map,3.0191400051,-1.9801548719,-0.5146744251,0.1147103675,0.0304962472,0.9706467549,0.2091802956,0.04282368898 0 0 0 0 0 0 0.04282368898 0 0 0 0 0 0 0.09421145963 0 0 0 0 0 0 0.000750266724 0 0 0 0 0 0 0.000750266724 0 0 0 0 0 0 0.001304484164
811,1785495510.344995022,map,3.0034651756,-1.9908052683,-0.5139582753,0.1151546002,0.0306832313,0.9706152295,0.2090551215,0.043140078 0 0 0 0 0 0 0.043140078 0 0 0 0 0 0 0.09468045739 0 0 0 0 0 0 0.0007575801206 0 0 0 0 0 0 0.0007575801206 0 0 0 0 0 0 0.001314121925
812,1785495510.445111036,map,3.0087070465,-1.9895639420,-0.5138088465,0.1152079555,0.0309816536,0.9705718813,0.2091828836,0.04308009513 0 0 0 0 0 0 0.04308009513 0 0 0 0 0 0 0.09459158517 0 0 0 0 0 0 0.0007561929479 0 0 0 0 0 0 0.0007561929479 0 0 0 0 0 0 0.001312294742
813,1785495510.545259953,map,3.0156292915,-1.9885809422,-0.5115476251,0.1151546294,0.0305068509,0.9705870653,0.2092115678,0.04321116213 0 0 0 0 0 0 0.04321116213 0 0 0 0 0 0 0.09478575154 0 0 0 0 0 0 0.0007592244184 0 0 0 0 0 0 0.0007592244184 0 0 0 0 0 0 0.001316287271
814,1785495510.645535946,map,3.0349171162,-1.9809602499,-0.5207049251,0.1140364003,0.0294333783,0.9706941293,0.2094809605,0.04345786045 0 0 0 0 0 0 0.04345786045 0 0 0 0 0 0 0.09515095841 0 0 0 0 0 0 0.0007649342906 0 0 0 0 0 0 0.0007649342906 0 0 0 0 0 0 0.001323802132
815,1785495510.745632887,map,3.0198125839,-1.9877066612,-0.5243020058,0.1146094535,0.0304345385,0.9705968526,0.2094759482,0.0428731092 0 0 0 0 0 0 0.0428731092 0 0 0 0 0 0 0.09428475452 0 0 0 0 0 0 0.0007514085179 0 0 0 0 0 0 0.0007514085179 0 0 0 0 0 0 0.00130598959
816,1785495510.845674038,map,3.0218038559,-1.9868392944,-0.5196495652,0.1143829277,0.0304311781,0.9705750517,0.2097010983,0.04336339434 0 0 0 0 0 0 0.04336339434 0 0 0 0 0 0 0.09501115267 0 0 0 0 0 0 0.0007627472506 0 0 0 0 0 0 0.0007627472506 0 0 0 0 0 0 0.00132092453
817,1785495510.945910931,map,3.0184454918,-1.9947375059,-0.5207116008,0.1146189059,0.0308484741,0.9705174919,0.2097776529,0.04331907984 0 0 0 0 0 0 0.04331907984 0 0 0 0 0 0 0.0949455521 0 0 0 0 0 0 0.0007617215588 0 0 0 0 0 0 0.0007617215588 0 0 0 0 0 0 0.001319574633
818,1785495511.046080112,map,3.0212810040,-1.9823662043,-0.5184815526,0.1146091744,0.0302101271,0.9705721730,0.2096229135,0.04294406779 0 0 0 0 0 0 0.04294406779 0 0 0 0 0 0 0.09438996882 0 0 0 0 0 0 0.000753048296 0 0 0 0 0 0 0.000753048296 0 0 0 0 0 0 0.001308151113
819,1785495511.146358013,map,3.0128657818,-1.9835375547,-0.5159096122,0.1150441398,0.0309420876,0.9705768634,0.2092557647,0.04333785847 0 0 0 0 0 0 0.04333785847 0 0 0 0 0 0 0.09497335221 0 0 0 0 0 0 0.0007621561839 0 0 0 0 0 0 0.0007621561839 0 0 0 0 0 0 0.001320146663
820,1785495511.245685101,map,3.0224099159,-1.9751219749,-0.5145243406,0.1146574938,0.0303067267,0.9706176935,0.2093715533,0.04307916386 0 0 0 0 0 0 0.04307916386 0 0 0 0 0 0 0.09459020522 0 0 0 0 0 0 0.0007561714137 0 0 0 0 0 0 0.0007561714137 0 0 0 0 0 0 0.001312266374
821,1785495511.345772982,map,3.0190658569,-1.9833006859,-0.5151123405,0.1149369740,0.0307012631,0.9705474237,0.2094865244,0.04327863506 0 0 0 0 0 0 0.04327863506 0 0 0 0 0 0 0.09488567055 0 0 0 0 0 0 0.0007607855794 0 0 0 0 0 0 0.0007607855794 0 0 0 0 0 0 0.001318342614
822,1785495511.446065903,map,3.0232713223,-1.9777431488,-0.5161039233,0.1148692153,0.0301648095,0.9705640973,0.2095243866,0.04341915219 0 0 0 0 0 0 0.04341915219 0 0 0 0 0 0 0.09509367783 0 0 0 0 0 0 0.0007640380422 0 0 0 0 0 0 0.0007640380422 0 0 0 0 0 0 0.001322623011
823,1785495511.545387983,map,3.0237779617,-1.9706506729,-0.5182495713,0.1146520195,0.0292425597,0.9705914178,0.2096475203,0.04328509815 0 0 0 0 0 0 0.04328509815 0 0 0 0 0 0 0.09489524025 0 0 0 0 0 0 0.00076093514 0 0 0 0 0 0 0.00076093514 0 0 0 0 0 0 0.001318539491
824,1785495511.645665884,map,3.0248775482,-1.9716110229,-0.5115616322,0.1144334477,0.0296847529,0.9706106238,0.2096158758,0.04309239794 0 0 0 0 0 0 0.04309239794 0 0 0 0 0 0 0.09460981498 0 0 0 0 0 0 0.0007564774395 0 0 0 0 0 0 0.0007564774395 0 0 0 0 0 0 0.001312669507
825,1785495511.745943069,map,3.0087015629,-1.9705171585,-0.5171676874,0.1146655670,0.0295571605,0.9705556915,0.2097614050,0.04317283159 0 0 0 0 0 0 0.04317283159 0 0 0 0 0 0 0.09472897751 0 0 0 0 0 0 0.0007583377141 0 0 0 0 0 0 0.0007583377141 0 0 0 0 0 0 0.001315119657
826,1785495511.845134020,map,3.0151698589,-1.9740226269,-0.5107163787,0.1145167260,0.0300371204,0.9705734780,0.2096921881,0.04288068288 0 0 0 0 0 0 0.04288068288 0 0 0 0 0 0 0.09429598579 0 0 0 0 0 0 0.000751583517 0 0 0 0 0 0 0.000751583517 0 0 0 0 0 0 0.001306220298
827,1785495511.945416927,map,3.0189921856,-1.9732042551,-0.5141526461,0.1146477877,0.0303042111,0.9705651490,0.2096206690,0.04280326811 0 0 0 0 0 0 0.04280326811 0 0 0 0 0 0 0.09418116952 0 0 0 0 0 0 0.000749794986 0 0 0 0 0 0 0.000749794986 0 0 0 0 0 0 0.001303862109
828,1785495512.045608997,map,3.0211975574,-1.9711111784,-0.5100288987,0.1146309914,0.0300508456,0.9705819835,0.2095883849,0.04304040541 0 0 0 0 0 0 0.04304040541 0 0 0 0 0 0 0.09453276876 0 0 0 0 0 0 0.0007552752459 0 0 0 0 0 0 0.0007552752459 0 0 0 0 0 0 0.001311085724
829,1785495512.145756960,map,3.0214149952,-1.9682124853,-0.5121976733,0.1148488052,0.0299873712,0.9705884087,0.2094484162,0.04314093366 0 0 0 0 0 0 0.04314093366 0 0 0 0 0 0 0.09468172502 0 0 0 0 0 0 0.0007575999109 0 0 0 0 0 0 0.0007575999109 0 0 0 0 0 0 0.00131414799
830,1785495512.245975971,map,3.0229003429,-1.9726588726,-0.5189781785,0.1147742328,0.0296056352,0.9705910416,0.2095313895,0.04293373452 0 0 0 0 0 0 0.04293373452 0 0 0 0 0 0 0.09437464885 0 0 0 0 0 0 0.0007528094782 0 0 0 0 0 0 0.0007528094782 0 0 0 0 0 0 0.001307836343
831,1785495512.345247984,map,3.0198106766,-1.9891119003,-0.5167060494,0.1152205733,0.0303236924,0.9705541178,0.2093547151,0.04305228783 0 0 0 0 0 0 0.04305228783 0 0 0 0 0 0 0.0945503783 0 0 0 0 0 0 0.000755549976 0 0 0 0 0 0 0.000755549976 0 0 0 0 0 0 0.001311447683
832,1785495512.445555925,map,3.0188648701,-1.9892488718,-0.5210239887,0.1153374327,0.0304294526,0.9705486750,0.2093002563,0.04316041246 0 0 0 0 0 0 0.04316041246 0 0 0 0 0 0 0.09471058091 0 0 0 0 0 0 0.0007580504478 0 0 0 0 0 0 0.0007580504478 0 0 0 0 0 0 0.001314741348
833,1785495512.545857906,map,3.0275547504,-1.9884145260,-0.5220066905,0.1151959826,0.0304563307,0.9706386721,0.2089566177,0.04315708652 0 0 0 0 0 0 0.04315708652 0 0 0 0 0 0 0.09470565402 0 0 0 0 0 0 0.0007579735179 0 0 0 0 0 0 0.0007579735179 0 0 0 0 0 0 0.001314640034
834,1785495512.645134926,map,3.0282735825,-1.9877278805,-0.5198390484,0.1149692073,0.0304690526,0.9706508615,0.2090230227,0.0431539871 0 0 0 0 0 0 0.0431539871 0 0 0 0 0 0 0.09470106262 0 0 0 0 0 0 0.0007579018282 0 0 0 0 0 0 0.0007579018282 0 0 0 0 0 0 0.00131454562
835,1785495512.745363951,map,3.0317349434,-1.9848785400,-0.5178528428,0.1145029755,0.0303781757,0.9706809888,0.2091522018,0.04262279072 0 0 0 0 0 0 0.04262279072 0 0 0 0 0 0 0.09391336626 0 0 0 0 0 0 0.000745627379 0 0 0 0 0 0 0.000745627379 0 0 0 0 0 0 0.001298364453
836,1785495512.845575094,map,3.0260322094,-1.9869325161,-0.5194323659,0.1146584797,0.0301583662,0.9706548990,0.2092198979,0.04341834379 0 0 0 0 0 0 0.04341834379 0 0 0 0 0 0 0.09509248147 0 0 0 0 0 0 0.000764019326 0 0 0 0 0 0 0.000764019326 0 0 0 0 0 0 0.001322598386
837,1785495512.945595026,map,3.0338721275,-1.9813190699,-0.5202170610,0.1146902393,0.0294367236,0.9706496947,0.2093294029,0.04338061326 0 0 0 0 0 0 0.04338061326 0 0 0 0 0 0 0.09503663961 0 0 0 0 0 0 0.0007631458399 0 0 0 0 0 0 0.0007631458399 0 0 0 0 0 0 0.001321449048
838,1785495513.045676947,map,3.0221905708,-1.9980461597,-0.5158930421,0.1142951983,0.0302805897,0.9706342661,0.2094965897,0.04313983268 0 0 0 0 0 0 0.04313983268 0 0 0 0 0 0 0.09468009396 0 0 0 0 0 0 0.0007575744467 0 0 0 0 0 0 0.0007575744467 0 0 0 0 0 0 0.001314114452
839,1785495513.145844936,map,3.0204074383,-1.9959262609,-0.5149282217,0.1144818796,0.0303120838,0.9706451890,0.2093394092,0.04295950247 0 0 0 0 0 0 0.04295950247 0 0 0 0 0 0 0.09441285094 0 0 0 0 0 0 0.0007534050323 0 0 0 0 0 0 0.0007534050323 0 0 0 0 0 0 0.00130862128
840,1785495513.244992971,map,3.0217494965,-1.9971356392,-0.5071731210,0.1146696147,0.0296587166,0.9706097640,0.2094944554,0.04287880578 0 0 0 0 0 0 0.04287880578 0 0 0 0 0 0 0.0942932022 0 0 0 0 0 0 0.0007515401439 0 0 0 0 0 0 0.0007515401439 0 0 0 0 0 0 0.001306163118
841,1785495513.345056057,map,3.0223491192,-1.9963749647,-0.5101661682,0.1146550025,0.0298935308,0.9706059029,0.2094869447,0.04318207258 0 0 0 0 0 0 0.04318207258 0 0 0 0 0 0 0.09474266574 0 0 0 0 0 0 0.0007585514755 0 0 0 0 0 0 0.0007585514755 0 0 0 0 0 0 0.001315401153
842,1785495513.445218086,map,3.0223648548,-1.9999505281,-0.5182575583,0.1147711536,0.0295165204,0.9706387642,0.2093245602,0.04314886787 0 0 0 0 0 0 0.04314886787 0 0 0 0 0 0 0.09469347901 0 0 0 0 0 0 0.0007577834221 0 0 0 0 0 0 0.0007577834221 0 0 0 0 0 0 0.00131438968
843,1785495513.545351028,map,3.0309109688,-2.0042591095,-0.5181906223,0.1145511317,0.0302302979,0.9706894166,0.2091081319,0.0433431118 0 0 0 0 0 0 0.0433431118 0 0 0 0 0 0 0.09498112894 0 0 0 0 0 0 0.0007622777757 0 0 0 0 0 0 0.0007622777757 0 0 0 0 0 0 0.001320306688
844,1785495513.644817114,map,3.0290656090,-2.0010077953,-0.5198698640,0.1146663793,0.0303053751,0.9706628818,0.2091573008,0.04317126662 0 0 0 0 0 0 0.04317126662 0 0 0 0 0 0 0.09472665935 0 0 0 0 0 0 0.0007583015141 0 0 0 0 0 0 0.0007583015141 0 0 0 0 0 0 0.001315071985
845,1785495513.745017052,map,3.0319178104,-2.0054509640,-0.5218961239,0.1144818142,0.0306905946,0.9706980362,0.2090390455,0.04302492021 0 0 0 0 0 0 0.04302492021 0 0 0 0 0 0 0.09450981876 0 0 0 0 0 0 0.000754917235 0 0 0 0 0 0 0.000754917235 0 0 0 0 0 0 0.001310614018
846,1785495513.845057964,map,3.0300755501,-2.0026736259,-0.5192279220,0.1145124686,0.0306178105,0.9706847114,0.2090948152,0.04363414915 0 0 0 0 0 0 0.04363414915 0 0 0 0 0 0 0.09541172646 0 0 0 0 0 0 0.0007690176576 0 0 0 0 0 0 0.0007690176576 0 0 0 0 0 0 0.001329172193
847,1785495513.945000887,map,3.0358514786,-1.9966794252,-0.5154131055,0.1143657364,0.0303851431,0.9707306871,0.2089955954,0.04311612146 0 0 0 0 0 0 0.04311612146 0 0 0 0 0 0 0.09464496516 0 0 0 0 0 0 0.0007570260614 0 0 0 0 0 0 0.0007570260614 0 0 0 0 0 0 0.001313392167
848,1785495514.045028925,map,3.0394644737,-1.9993412495,-0.5191475153,0.1141987017,0.0303855049,0.9707570665,0.2089643123,0.04332730417 0 0 0 0 0 0 0.04332730417 0 0 0 0 0 0 0.09495772775 0 0 0 0 0 0 0.0007619119046 0 0 0 0 0 0 0.0007619119046 0 0 0 0 0 0 0.00131982516
849,1785495514.145226002,map,3.0430359840,-1.9978288412,-0.5210383534,0.1141803102,0.0303177907,0.9707783568,0.2088853141,0.04313158319 0 0 0 0 0 0 0.04313158319 0 0 0 0 0 0 0.09466787248 0 0 0 0 0 0 0.0007573836498 0 0 0 0 0 0 0.0007573836498 0 0 0 0 0 0 0.001313863158
850,1785495514.245481968,map,3.0424132347,-1.9993021488,-0.5248740911,0.1142013501,0.0305307706,0.9707949344,0.2087657283,0.0431549295 0 0 0 0 0 0 0.0431549295 0 0 0 0 0 0 0.09470245867 0 0 0 0 0 0 0.0007579236259 0 0 0 0 0 0 0.0007579236259 0 0 0 0 0 0 0.001314574328
851,1785495514.344831944,map,3.0444450378,-1.9973995686,-0.5229990482,0.1141059731,0.0302558622,0.9708248346,0.2087188541,0.04325351171 0 0 0 0 0 0 0.04325351171 0 0 0 0 0 0 0.09484846896 0 0 0 0 0 0 0.0007602042408 0 0 0 0 0 0 0.0007602042408 0 0 0 0 0 0 0.001317577314
852,1785495514.445235014,map,3.0388374329,-1.9988925457,-0.5149049163,0.1141914190,0.0300977067,0.9707854407,0.2088781105,0.04304352548 0 0 0 0 0 0 0.04304352548 0 0 0 0 0 0 0.09453739273 0 0 0 0 0 0 0.0007553473831 0 0 0 0 0 0 0.0007553473831 0 0 0 0 0 0 0.001311180767
853,1785495514.544337034,map,3.0255107880,-1.9892584085,-0.5135645270,0.1150251397,0.0294016755,0.9706863387,0.2089803748,0.04288704967 0 0 0 0 0 0 0.04288704967 0 0 0 0 0 0 0.09430542708 0 0 0 0 0 0 0.0007517306335 0 0 0 0 0 0 0.0007517306335 0 0 0 0 0 0 0.001306414241
854,1785495514.644792080,map,3.0153889656,-2.0012476444,-0.5185748935,0.1149054090,0.0296083618,0.9706165958,0.2093406633,0.04295868509 0 0 0 0 0 0 0.04295868509 0 0 0 0 0 0 0.09441163919 0 0 0 0 0 0 0.0007533861399 0 0 0 0 0 0 0.0007533861399 0 0 0 0 0 0 0.001308596381
855,1785495514.744888067,map,3.0202536583,-1.9968428612,-0.5130927563,0.1146809179,0.0292474821,0.9706358167,0.2094253597,0.04359687252 0 0 0 0 0 0 0.04359687252 0 0 0 0 0 0 0.09535660074 0 0 0 0 0 0 0.0007681540038 0 0 0 0 0 0 0.0007681540038 0 0 0 0 0 0 0.001328036682
856,1785495514.844961882,map,3.0205593109,-1.9916527271,-0.5151301026,0.1146807753,0.0288599079,0.9706278950,0.2095159344,0.04314673368 0 0 0 0 0 0 0.04314673368 0 0 0 0 0 0 0.09469031738 0 0 0 0 0 0 0.0007577340595 0 0 0 0 0 0 0.0007577340595 0 0 0 0 0 0 0.001314324668
857,1785495514.945053101,map,3.0145885944,-1.9769294262,-0.5163755417,0.1145099755,0.0280654117,0.9706751015,0.2094985300,0.04275034935 0 0 0 0 0 0 0.04275034935 0 0 0 0 0 0 0.09410266457 0 0 0 0 0 0 0.0007485726882 0 0 0 0 0 0 0.0007485726882 0 0 0 0 0 0 0.001302250111
858,1785495515.044351101,map,3.0128774643,-1.9997622967,-0.5111181140,0.1144747909,0.0304166655,0.9705996621,0.2095391393,0.04334508709 0 0 0 0 0 0 0.04334508709 0 0 0 0 0 0 0.09498405301 0 0 0 0 0 0 0.0007623234956 0 0 0 0 0 0 0.0007623234956 0 0 0 0 0 0 0.001320366859
859,1785495515.144577026,map,3.0195624828,-1.9932030439,-0.5093613863,0.1143729786,0.0302012731,0.9706481135,0.2094013983,0.04355242244 0 0 0 0 0 0 0.04355242244 0 0 0 0 0 0 0.09529085674 0 0 0 0 0 0 0.0007671243018 0 0 0 0 0 0 0.0007671243018 0 0 0 0 0 0 0.001326682655
860,1785495515.244687080,map,3.0207886696,-1.9878987074,-0.5121679306,0.1142240074,0.0297621297,0.9706448973,0.2095604001,0.04296266829 0 0 0 0 0 0 0.04296266829 0 0 0 0 0 0 0.09441754414 0 0 0 0 0 0 0.0007534782051 0 0 0 0 0 0 0.0007534782051 0 0 0 0 0 0 0.001308717716
861,1785495515.344805002,map,3.0248465538,-1.9810007811,-0.5087835789,0.1144977358,0.0297609691,0.9706002762,0.2096178726,0.04297795237 0 0 0 0 0 0 0.04297795237 0 0 0 0 0 0 0.09444020141 0 0 0 0 0 0 0.000753831485 0 0 0 0 0 0 0.000753831485 0 0 0 0 0 0 0.001309183296
862,1785495515.444924116,map,3.0235950947,-1.9886937141,-0.5128802061,0.1143059545,0.0303967080,0.9706487506,0.2094067184,0.0431411363 0 0 0 0 0 0 0.0431411363 0 0 0 0 0 0 0.09468202521 0 0 0 0 0 0 0.0007576045977 0 0 0 0 0 0 0.0007576045977 0 0 0 0 0 0 0.001314154163
863,1785495515.544919014,map,3.0266802311,-1.9850311279,-0.5108640194,0.1143685003,0.0298743985,0.9706419191,0.2094794633,0.04335885762 0 0 0 0 0 0 0.04335885762 0 0 0 0 0 0 0.09500443728 0 0 0 0 0 0 0.0007626422373 0 0 0 0 0 0 0.0007626422373 0 0 0 0 0 0 0.001320786333
864,1785495515.644021988,map,3.0243210793,-1.9814863205,-0.5117957592,0.1142917589,0.0293612636,0.9706806203,0.2094145035,0.04286890877 0 0 0 0 0 0 0.04286890877 0 0 0 0 0 0 0.09427852542 0 0 0 0 0 0 0.0007513114639 0 0 0 0 0 0 0.0007513114639 0 0 0 0 0 0 0.001305861638
865,1785495515.744318008,map,3.0348978043,-1.9791250229,-0.5127158761,0.1141001549,0.0291060774,0.9706868990,0.2095254810,0.0430073414 0 0 0 0 0 0 0.0430073414 0 0 0 0 0 0 0.0944837643 0 0 0 0 0 0 0.0007545108457 0 0 0 0 0 0 0.0007545108457 0 0 0 0 0 0 0.001310078537
866,1785495515.844588041,map,3.0205216408,-1.9705315828,-0.5149021149,0.1142720845,0.0286286642,0.9706095338,0.2098557081,0.04279441511 0 0 0 0 0 0 0.04279441511 0 0 0 0 0 0 0.09416803719 0 0 0 0 0 0 0.0007495904858 0 0 0 0 0 0 0.0007495904858 0 0 0 0 0 0 0.001303592431
867,1785495515.944588900,map,3.0184736252,-1.9833700657,-0.5163165331,0.1143966263,0.0299458560,0.9705879481,0.2097038005,0.04330981316 0 0 0 0 0 0 0.04330981316 0 0 0 0 0 0 0.09493183289 0 0 0 0 0 0 0.0007615070957 0 0 0 0 0 0 0.0007615070957 0 0 0 0 0 0 0.001319292354
868,1785495516.043812037,map,3.0170488358,-1.9856047630,-0.5167954564,0.1142862747,0.0301384153,0.9705936209,0.2097101591,0.04299443119 0 0 0 0 0 0 0.04299443119 0 0 0 0 0 0 0.09446462829 0 0 0 0 0 0 0.0007542124024 0 0 0 0 0 0 0.0007542124024 0 0 0 0 0 0 0.001309685269
869,1785495516.144254923,map,3.0216381550,-1.9764798880,-0.5223843455,0.1143562969,0.0299235571,0.9705859753,0.2097381487,0.0430198926 0 0 0 0 0 0 0.0430198926 0 0 0 0 0 0 0.09450236726 0 0 0 0 0 0 0.0007548010034 0 0 0 0 0 0 0.0007548010034 0 0 0 0 0 0 0.001310460868
870,1785495516.244421959,map,3.0139360428,-1.9786976576,-0.5087782741,0.1141639353,0.0293573644,0.9705869809,0.2099181417,0.04295937983 0 0 0 0 0 0 0.04295937983 0 0 0 0 0 0 0.09441266913 0 0 0 0 0 0 0.0007534021977 0 0 0 0 0 0 0.0007534021977 0 0 0 0 0 0 0.001308617544
871,1785495516.344643116,map,3.0127151012,-1.9757508039,-0.5202949047,0.1142619398,0.0299908146,0.9706433161,0.2095145017,0.04311420703 0 0 0 0 0 0 0.04311420703 0 0 0 0 0 0 0.09464212873 0 0 0 0 0 0 0.0007569817871 0 0 0 0 0 0 0.0007569817871 0 0 0 0 0 0 0.00131333385
872,1785495516.443768024,map,3.0112149715,-1.9750314951,-0.5113031268,0.1144330516,0.0296429635,0.9706369988,0.2094998686,0.04304672593 0 0 0 0 0 0 0.04304672593 0 0 0 0 0 0 0.09454213576 0 0 0 0 0 0 0.0007554213794 0 0 0 0 0 0 0.0007554213794 0 0 0 0 0 0 0.001311278258
873,1785495516.544085026,map,3.0114150047,-1.9715617895,-0.5161237717,0.1148369592,0.0297245087,0.9705932217,0.2094700764,0.04303340562 0 0 0 0 0 0 0.04303340562 0 0 0 0 0 0 0.09452239481 0 0 0 0 0 0 0.0007551134113 0 0 0 0 0 0 0.0007551134113 0 0 0 0 0 0 0.001310872498
874,1785495516.644361973,map,3.0184819698,-1.9886229038,-0.5150135159,0.1143937294,0.0294870977,0.9706015198,0.2097076234,0.04298223406 0 0 0 0 0 0 0.04298223406 0 0 0 0 0 0 0.09444654839 0 0 0 0 0 0 0.0007539304565 0 0 0 0 0 0 0.0007539304565 0 0 0 0 0 0 0.001309313724
875,1785495516.743752956,map,3.0220782757,-1.9857114553,-0.5077719688,0.1144973437,0.0293388615,0.9706070160,0.2096464156,0.042899788 0 0 0 0 0 0 0.042899788 0 0 0 0 0 0 0.09432431599 0 0 0 0 0 0 0.0007520249861 0 0 0 0 0 0 0.0007520249861 0 0 0 0 0 0 0.001306802273
876,1785495516.844223976,map,3.0189824104,-1.9885082245,-0.5062521696,0.1143486784,0.0292145331,0.9706392709,0.2095955732,0.04262955955 0 0 0 0 0 0 0.04262955955 0 0 0 0 0 0 0.0939234136 0 0 0 0 0 0 0.000745783635 0 0 0 0 0 0 0.000745783635 0 0 0 0 0 0 0.001298570644
877,1785495516.944396973,map,3.0217444897,-1.9898133278,-0.5081282854,0.1144210723,0.0297120881,0.9706344350,0.2095084741,0.04293256636 0 0 0 0 0 0 0.04293256636 0 0 0 0 0 0 0.09437291692 0 0 0 0 0 0 0.0007527824808 0 0 0 0 0 0 0.0007527824808 0 0 0 0 0 0 0.001307800759
878,1785495517.044775009,map,3.0203678608,-1.9953504801,-0.5100265741,0.1144377549,0.0299776846,0.9706544000,0.2093689703,0.04304266628 0 0 0 0 0 0 0.04304266628 0 0 0 0 0 0 0.09453611939 0 0 0 0 0 0 0.000755327518 0 0 0 0 0 0 0.000755327518 0 0 0 0 0 0 0.001311154594
879,1785495517.144017935,map,3.0285000801,-1.9905331135,-0.5153366923,0.1143576234,0.0297785259,0.9706860930,0.2092942516,0.04330947235 0 0 0 0 0 0 0.04330947235 0 0 0 0 0 0 0.09493132831 0 0 0 0 0 0 0.0007614992084 0 0 0 0 0 0 0.0007614992084 0 0 0 0 0 0 0.001319281972
880,1785495517.244299889,map,3.0296132565,-1.9916744232,-0.5086196661,0.1142888630,0.0296851019,0.9706750325,0.2093963587,0.04307487865 0 0 0 0 0 0 0.04307487865 0 0 0 0 0 0 0.09458385534 0 0 0 0 0 0 0.0007560723252 0 0 0 0 0 0 0.0007560723252 0 0 0 0 0 0 0.001312135839
881,1785495517.344644070,map,3.0311727524,-1.9807891846,-0.5138260722,0.1143596616,0.0288480689,0.9706666429,0.2095135656,0.04367315692 0 0 0 0 0 0 0.04367315692 0 0 0 0 0 0 0.09546940408 0 0 0 0 0 0 0.000769921544 0 0 0 0 0 0 0.000769921544 0 0 0 0 0 0 0.001330360437
882,1785495517.444957972,map,3.0182867050,-1.9867727757,-0.5202954412,0.1146073500,0.0294239820,0.9706026405,0.2095946019,0.04301406571 0 0 0 0 0 0 0.04301406571 0 0 0 0 0 0 0.09449373095 0 0 0 0 0 0 0.0007546662961 0 0 0 0 0 0 0.0007546662961 0 0 0 0 0 0 0.001310283371
883,1785495517.545160055,map,3.0066061020,-1.9840637445,-0.5204553008,0.1150564553,0.0298595482,0.9705173000,0.2096821168,0.04307337115 0 0 0 0 0 0 0.04307337115 0 0 0 0 0 0 0.09458162149 0 0 0 0 0 0 0.0007560374673 0 0 0 0 0 0 0.0007560374673 0 0 0 0 0 0 0.001312089918
884,1785495517.644429922,map,3.0081665516,-1.9787188768,-0.5186221600,0.1151175262,0.0294154013,0.9705016927,0.2097835553,0.04305020566 0 0 0 0 0 0 0.04305020566 0 0 0 0 0 0 0.09454729262 0 0 0 0 0 0 0.0007555018339 0 0 0 0 0 0 0.0007555018339 0 0 0 0 0 0 0.001311384257
885,1785495517.744815111,map,3.0128400326,-1.9766124487,-0.5192945600,0.1149394903,0.0302896748,0.9705521372,0.2095232838,0.04308368399 0 0 0 0 0 0 0.04308368399 0 0 0 0 0 0 0.09459690309 0 0 0 0 0 0 0.0007562759358 0 0 0 0 0 0 0.0007562759358 0 0 0 0 0 0 0.001312404065
886,1785495517.845021009,map,3.0104899406,-1.9762451649,-0.5165332556,0.1149880451,0.0306899897,0.9705439078,0.2094764822,0.04326323882 0 0 0 0 0 0 0.04326323882 0 0 0 0 0 0 0.09486287287 0 0 0 0 0 0 0.0007604293138 0 0 0 0 0 0 0.0007604293138 0 0 0 0 0 0 0.001317873618
887,1785495517.945080042,map,3.0154891014,-1.9823250771,-0.5032582283,0.1155380771,0.0295690335,0.9706774273,0.2087150503,0.0431479201 0 0 0 0 0 0 0.0431479201 0 0 0 0 0 0 0.09469207497 0 0 0 0 0 0 0.0007577615007 0 0 0 0 0 0 0.0007577615007 0 0 0 0 0 0 0.001314360809
888,1785495518.045099020,map,3.0155661106,-1.9905450344,-0.5177983046,0.1153751267,0.0299274673,0.9705352945,0.2094138410,0.0432063736 0 0 0 0 0 0 0.0432063736 0 0 0 0 0 0 0.09477865937 0 0 0 0 0 0 0.0007591136381 0 0 0 0 0 0 0.0007591136381 0 0 0 0 0 0 0.001316141404
889,1785495518.145203114,map,3.0223188400,-1.9911251068,-0.5115926266,0.1154117466,0.0301627557,0.9705785982,0.2091591129,0.04305978537 0 0 0 0 0 0 0.04305978537 0 0 0 0 0 0 0.09456148913 0 0 0 0 0 0 0.0007557233308 0 0 0 0 0 0 0.0007557233308 0 0 0 0 0 0 0.001311676072
890,1785495518.244393110,map,3.0175375938,-1.9976037741,-0.5127633810,0.1150740034,0.0308581808,0.9705959775,0.2091630594,0.04298366046 0 0 0 0 0 0 0.04298366046 0 0 0 0 0 0 0.0944486628 0 0 0 0 0 0 0.0007539634282 0 0 0 0 0 0 0.0007539634282 0 0 0 0 0 0 0.001309357174
891,1785495518.344636917,map,3.0231397152,-1.9900246859,-0.5114827156,0.1149113478,0.0304358356,0.9706260835,0.2091746565,0.04321458943 0 0 0 0 0 0 0.04321458943 0 0 0 0 0 0 0.09479082756 0 0 0 0 0 0 0.0007593037086 0 0 0 0 0 0 0.0007593037086 0 0 0 0 0 0 0.001316391673
892,1785495518.444813967,map,3.0227169991,-1.9859839678,-0.5172364116,0.1149382111,0.0302419741,0.9705900668,0.2093550518,0.04318892291 0 0 0 0 0 0 0.04318892291 0 0 0 0 0 0 0.09475281249 0 0 0 0 0 0 0.0007587099411 0 0 0 0 0 0 0.0007587099411 0 0 0 0 0 0 0.001315609826
893,1785495518.544967890,map,3.0282082558,-1.9762873650,-0.5172626376,0.1145032793,0.0299081054,0.9706576239,0.2093281458,0.04304793637 0 0 0 0 0 0 0.04304793637 0 0 0 0 0 0 0.09454392961 0 0 0 0 0 0 0.0007554493658 0 0 0 0 0 0 0.0007554493658 0 0 0 0 0 0 0.00131131513
894,1785495518.644928932,map,3.0320625305,-1.9771128893,-0.5112418532,0.1144426856,0.0294780204,0.9706591283,0.2094153255,0.04293993787 0 0 0 0 0 0 0.04293993787 0 0 0 0 0 0 0.09438384593 0 0 0 0 0 0 0.0007529528461 0 0 0 0 0 0 0.0007529528461 0 0 0 0 0 0 0.001308025308
895,1785495518.744162083,map,3.0178294182,-1.9728944302,-0.5167956948,0.1146680645,0.0289253522,0.9706467319,0.2094265663,0.04311682228 0 0 0 0 0 0 0.04311682228 0 0 0 0 0 0 0.09464600347 0 0 0 0 0 0 0.0007570422689 0 0 0 0 0 0 0.0007570422689 0 0 0 0 0 0 0.001313413515
896,1785495518.844391108,map,3.0159647465,-1.9666956663,-0.5175129771,0.1143576805,0.0285994368,0.9706430321,0.2096580797,0.04331103869 0 0 0 0 0 0 0.04331103869 0 0 0 0 0 0 0.0949336473 0 0 0 0 0 0 0.0007615354583 0 0 0 0 0 0 0.0007615354583 0 0 0 0 0 0 0.001319329685
897,1785495518.944637060,map,3.0228757858,-1.9669694901,-0.5174721479,0.1144236283,0.0283493102,0.9706046133,0.2098338047,0.04312304775 0 0 0 0 0 0 0.04312304775 0 0 0 0 0 0 0.09465522696 0 0 0 0 0 0 0.0007571862453 0 0 0 0 0 0 0.0007571862453 0 0 0 0 0 0 0.001313603154
898,1785495519.044749975,map,3.0202124119,-1.9868481159,-0.5123862028,0.1145274304,0.0299409777,0.9706071158,0.2095443850,0.04334315038 0 0 0 0 0 0 0.04334315038 0 0 0 0 0 0 0.09498118605 0 0 0 0 0 0 0.0007622786686 0 0 0 0 0 0 0.0007622786686 0 0 0 0 0 0 0.001320307863
899,1785495519.145024061,map,3.0210456848,-1.9794219732,-0.5139717460,0.1146599080,0.0291824738,0.9705736700,0.2097337532,0.0431798466 0 0 0 0 0 0 0.0431798466 0 0 0 0 0 0 0.09473936854 0 0 0 0 0 0 0.0007584999837 0 0 0 0 0 0 0.0007584999837 0 0 0 0 0 0 0.001315333346
900,1785495519.244415045,map,3.0167386532,-1.9841984510,-0.5197304487,0.1147995402,0.0296448049,0.9705731096,0.2095950682,0.04286853244 0 0 0 0 0 0 0.04286853244 0 0 0 0 0 0 0.09427796733 0 0 0 0 0 0 0.0007513027687 0 0 0 0 0 0 0.0007513027687 0 0 0 0 0 0 0.001305850174
901,1785495519.344681978,map,3.0194706917,-1.9806618690,-0.5224496722,0.1145689738,0.0295264328,0.9706244485,0.2095001365,0.04266162937 0 0 0 0 0 0 0.04266162937 0 0 0 0 0 0 0.09397101298 0 0 0 0 0 0 0.0007465240087 0 0 0 0 0 0 0.0007465240087 0 0 0 0 0 0 0.001299547546
902,1785495519.444792986,map,3.0232751369,-1.9738497734,-0.5209353566,0.1145409394,0.0293665201,0.9706269969,0.2095261609,0.04309058719 0 0 0 0 0 0 0.04309058719 0 0 0 0 0 0 0.09460713194 0 0 0 0 0 0 0.0007564355667 0 0 0 0 0 0 0.0007564355667 0 0 0 0 0 0 0.001312614349
903,1785495519.544917107,map,3.0246016979,-1.9798681736,-0.5146896839,0.1144647241,0.0297448988,0.9706731442,0.2093005667,0.04365031172 0 0 0 0 0 0 0.04365031172 0 0 0 0 0 0 0.09543562576 0 0 0 0 0 0 0.0007693921607 0 0 0 0 0 0 0.0007693921607 0 0 0 0 0 0 0.001329664533
904,1785495519.644119978,map,3.0283060074,-1.9751849174,-0.5124950409,0.1142872228,0.0298343802,0.9707107697,0.2092102814,0.04317367563 0 0 0 0 0 0 0.04317367563 0 0 0 0 0 0 0.09473022776 0 0 0 0 0 0 0.000758357238 0 0 0 0 0 0 0.000758357238 0 0 0 0 0 0 0.001315145367
905,1785495519.744319916,map,3.0261886120,-1.9795104265,-0.5147654414,0.1141577556,0.0297593087,0.9707022423,0.2093312039,0.04309838994 0 0 0 0 0 0 0.04309838994 0 0 0 0 0 0 0.09461869337 0 0 0 0 0 0 0.0007566160038 0 0 0 0 0 0 0.0007566160038 0 0 0 0 0 0 0.001312852034
906,1785495519.844630003,map,3.0297808647,-1.9806792736,-0.5161961913,0.1140147253,0.0300165167,0.9707247388,0.2092680436,0.04327019217 0 0 0 0 0 0 0.04327019217 0 0 0 0 0 0 0.09487316906 0 0 0 0 0 0 0.0007605902102 0 0 0 0 0 0 0.0007605902102 0 0 0 0 0 0 0.001318085429
907,1785495519.944696903,map,3.0280234814,-1.9819136858,-0.5155131221,0.1143676503,0.0298788998,0.9706575702,0.2094067270,0.04301347896 0 0 0 0 0 0 0.04301347896 0 0 0 0 0 0 0.0944928613 0 0 0 0 0 0 0.0007546527318 0 0 0 0 0 0 0.0007546527318 0 0 0 0 0 0 0.001310265498
908,1785495520.044087887,map,3.0180740356,-1.9865900278,-0.5124148726,0.1147954309,0.0306506033,0.9706142776,0.2092617612,0.04308054248 0 0 0 0 0 0 0.04308054248 0 0 0 0 0 0 0.09459224804 0 0 0 0 0 0 0.0007562032922 0 0 0 0 0 0 0.0007562032922 0 0 0 0 0 0 0.001312308369
909,1785495520.144352913,map,3.0248186588,-1.9867402315,-0.5125936270,0.1146520476,0.0304130868,0.9706531105,0.2091948917,0.04311399371 0 0 0 0 0 0 0.04311399371 0 0 0 0 0 0 0.09464181267 0 0 0 0 0 0 0.0007569768537 0 0 0 0 0 0 0.0007569768537 0 0 0 0 0 0 0.001313327352
910,1785495520.244415998,map,3.0122680664,-1.9443634748,-0.5225439668,0.1145187701,0.0297041638,0.9705340662,0.2099207814,0.04313726562 0 0 0 0 0 0 0.04313726562 0 0 0 0 0 0 0.09467629095 0 0 0 0 0 0 0.0007575150743 0 0 0 0 0 0 0.0007575150743 0 0 0 0 0 0 0.001314036255
911,1785495520.343822956,map,3.0043113232,-1.9626460075,-0.5164579153,0.1147619786,0.0310739208,0.9705501643,0.2095148892,0.04327250282 0 0 0 0 0 0 0.04327250282 0 0 0 0 0 0 0.09487659052 0 0 0 0 0 0 0.0007606436784 0 0 0 0 0 0 0.0007606436784 0 0 0 0 0 0 0.001318155816
912,1785495520.444072962,map,3.0213692188,-1.9618766308,-0.5090821385,0.1146102219,0.0306764014,0.9705858601,0.2094911402,0.0431286054 0 0 0 0 0 0 0.0431286054 0 0 0 0 0 0 0.09466346083 0 0 0 0 0 0 0.0007573147798 0 0 0 0 0 0 0.0007573147798 0 0 0 0 0 0 0.001313772449
913,1785495520.544359922,map,3.0187666416,-1.9619868994,-0.5071940422,0.1148721314,0.0301479246,0.9705750671,0.2094744321,0.04325798767 0 0 0 0 0 0 0.04325798767 0 0 0 0 0 0 0.09485509703 0 0 0 0 0 0 0.0007603078078 0 0 0 0 0 0 0.0007603078078 0 0 0 0 0 0 0.001317713659
914,1785495520.644486904,map,3.0265753269,-1.9656609297,-0.5199991465,0.1147910808,0.0305175466,0.9705433167,0.2096123647,0.04331056253 0 0 0 0 0 0 0.04331056253 0 0 0 0 0 0 0.09493294234 0 0 0 0 0 0 0.0007615244384 0 0 0 0 0 0 0.0007615244384 0 0 0 0 0 0 0.001319315181
915,1785495520.743599892,map,3.0235860348,-1.9978077412,-0.5082101226,0.1151192843,0.0297222477,0.9707209012,0.2087225195,0.04297501983 0 0 0 0 0 0 0.04297501983 0 0 0 0 0 0 0.09443585428 0 0 0 0 0 0 0.0007537637 0 0 0 0 0 0 0.0007537637 0 0 0 0 0 0 0.001309093966
916,1785495520.843988895,map,3.0334291458,-1.9971063137,-0.5079278350,0.1147896424,0.0298715169,0.9707705131,0.2086519960,0.04295459557 0 0 0 0 0 0 0.04295459557 0 0 0 0 0 0 0.09440557653 0 0 0 0 0 0 0.0007532916186 0 0 0 0 0 0 0.0007532916186 0 0 0 0 0 0 0.001308471807
917,1785495520.944109917,map,3.0276334286,-2.0022881031,-0.5093070269,0.1147876193,0.0304408920,0.9707337496,0.2087418385,0.04308521247 0 0 0 0 0 0 0.04308521247 0 0 0 0 0 0 0.09459916794 0 0 0 0 0 0 0.0007563112803 0 0 0 0 0 0 0.0007563112803 0 0 0 0 0 0 0.001312450625
918,1785495521.044321060,map,3.0321893692,-1.9932661057,-0.5106267333,0.1145984134,0.0305309831,0.9707169484,0.2089106477,0.04336794787 0 0 0 0 0 0 0.04336794787 0 0 0 0 0 0 0.09501789282 0 0 0 0 0 0 0.0007628526548 0 0 0 0 0 0 0.0007628526548 0 0 0 0 0 0 0.001321063238
919,1785495521.143558025,map,3.0314028263,-1.9952955246,-0.5127667785,0.1146261393,0.0299585318,0.9706481903,0.2092974733,0.04286785118 0 0 0 0 0 0 0.04286785118 0 0 0 0 0 0 0.09427695703 0 0 0 0 0 0 0.0007512870279 0 0 0 0 0 0 0.0007512870279 0 0 0 0 0 0 0.001305829422
920,1785495521.243730068,map,3.0377402306,-1.9945749044,-0.5142173767,0.1142854063,0.0302234590,0.9706987193,0.2092113358,0.04311477324 0 0 0 0 0 0 0.04311477324 0 0 0 0 0 0 0.09464296763 0 0 0 0 0 0 0.0007569948815 0 0 0 0 0 0 0.0007569948815 0 0 0 0 0 0 0.001313351098
921,1785495521.344048977,map,3.0244913101,-2.0054111481,-0.5183194876,0.1147484526,0.0315538358,0.9707194659,0.2086644881,0.0429430903 0 0 0 0 0 0 0.0429430903 0 0 0 0 0 0 0.09438851963 0 0 0 0 0 0 0.0007530257043 0 0 0 0 0 0 0.0007530257043 0 0 0 0 0 0 0.001308121336
922,1785495521.443263054,map,3.0335373878,-1.9942542315,-0.5141479969,0.1146959948,0.0308545552,0.9707305490,0.2087463260,0.04311485466 0 0 0 0 0 0 0.04311485466 0 0 0 0 0 0 0.09464308827 0 0 0 0 0 0 0.0007569967646 0 0 0 0 0 0 0.0007569967646 0 0 0 0 0 0 0.001313353578
923,1785495521.543438911,map,3.0352776051,-1.9886153936,-0.5131372809,0.1144407843,0.0302221118,0.9707281850,0.2089897637,0.04293772564 0 0 0 0 0 0 0.04293772564 0 0 0 0 0 0 0.09438056611 0 0 0 0 0 0 0.0007529017181 0 0 0 0 0 0 0.0007529017181 0 0 0 0 0 0 0.00130795792
924,1785495521.643712044,map,3.0383429527,-1.9877208471,-0.5172337294,0.1142698257,0.0302328786,0.9707699144,0.2088879135,0.04308350517 0 0 0 0 0 0 0.04308350517 0 0 0 0 0 0 0.09459663812 0 0 0 0 0 0 0.0007562718008 0 0 0 0 0 0 0.0007562718008 0 0 0 0 0 0 0.001312398618
925,1785495521.744071960,map,3.0372498035,-1.9863582850,-0.5146939158,0.1143469622,0.0301402150,0.9706921183,0.2092203803,0.0430251196 0 0 0 0 0 0 0.0430251196 0 0 0 0 0 0 0.09451011428 0 0 0 0 0 0 0.0007549218447 0 0 0 0 0 0 0.0007549218447 0 0 0 0 0 0 0.001310620092
926,1785495521.844289064,map,3.0426595211,-1.9824613333,-0.5122330189,0.1142923933,0.0298896394,0.9707275787,0.2091215785,0.04295686717 0 0 0 0 0 0 0.04295686717 0 0 0 0 0 0 0.09440894417 0 0 0 0 0 0 0.0007533441221 0 0 0 0 0 0 0.0007533441221 0 0 0 0 0 0 0.001308541004
927,1785495521.943259954,map,3.0341682434,-1.9701703787,-0.5149596930,0.1138569242,0.0282209577,0.9707483400,0.2094942216,0.04304974772 0 0 0 0 0 0 0.04304974772 0 0 0 0 0 0 0.09454661398 0 0 0 0 0 0 0.0007554912459 0 0 0 0 0 0 0.0007554912459 0 0 0 0 0 0 0.001311370307
928,1785495522.043515921,map,3.0319621563,-1.9669413567,-0.5197631717,0.1140624947,0.0280643652,0.9707887332,0.2092160897,0.04320852496 0 0 0 0 0 0 0.04320852496 0 0 0 0 0 0 0.09478184571 0 0 0 0 0 0 0.0007591634085 0 0 0 0 0 0 0.0007591634085 0 0 0 0 0 0 0.001316206939
929,1785495522.143769026,map,3.0107753277,-1.9955630302,-0.5152152777,0.1154343989,0.0316929180,0.9706348879,0.2086585448,0.04345861515 0 0 0 0 0 0 0.04345861515 0 0 0 0 0 0 0.09515207514 0 0 0 0 0 0 0.0007649517661 0 0 0 0 0 0 0.0007649517661 0 0 0 0 0 0 0.001323825121
930,1785495522.244071960,map,3.0163068771,-1.9847640991,-0.5173704624,0.1154242632,0.0307937479,0.9706485357,0.2087352405,0.0435933676 0 0 0 0 0 0 0.0435933676 0 0 0 0 0 0 0.09535141718 0 0 0 0 0 0 0.0007680728051 0 0 0 0 0 0 0.0007680728051 0 0 0 0 0 0 0.001327929916
931,1785495522.344444036,map,3.0202226639,-1.9858150482,-0.5200774670,0.1150995458,0.0310686093,0.9706388333,0.2089188403,0.04309004781 0 0 0 0 0 0 0.04309004781 0 0 0 0 0 0 0.09460633272 0 0 0 0 0 0 0.0007564230938 0 0 0 0 0 0 0.0007564230938 0 0 0 0 0 0 0.001312597918
932,1785495522.444097042,map,3.0257270336,-1.9799410105,-0.5183018446,0.1146364172,0.0313468926,0.9706751629,0.2089631619,0.04308336221 0 0 0 0 0 0 0.04308336221 0 0 0 0 0 0 0.09459642628 0 0 0 0 0 0 0.000756268495 0 0 0 0 0 0 0.000756268495 0 0 0 0 0 0 0.001312394263
933,1785495522.544342995,map,3.0225889683,-1.9769208431,-0.5159353018,0.1147171956,0.0309623013,0.9706423029,0.2091287364,0.04303810581 0 0 0 0 0 0 0.04303810581 0 0 0 0 0 0 0.0945293607 0 0 0 0 0 0 0.000755222079 0 0 0 0 0 0 0.000755222079 0 0 0 0 0 0 0.001311015674
934,1785495522.643683910,map,3.0192019939,-1.9696652889,-0.5059319735,0.1149129844,0.0295466790,0.9706687000,0.2091034454,0.0431284143 0 0 0 0 0 0 0.0431284143 0 0 0 0 0 0 0.09466317771 0 0 0 0 0 0 0.0007573103601 0 0 0 0 0 0 0.0007573103601 0 0 0 0 0 0 0.001313766628
935,1785495522.743927002,map,3.0179159641,-1.9711897373,-0.5144404173,0.1150008466,0.0294928356,0.9706398849,0.2091965524,0.04284143736 0 0 0 0 0 0 0.04284143736 0 0 0 0 0 0 0.09423778375 0 0 0 0 0 0 0.0007506767545 0 0 0 0 0 0 0.0007506767545 0 0 0 0 0 0 0.001305024811
936,1785495522.843981981,map,3.0265753269,-1.9721965790,-0.5131639242,0.1144426752,0.0296123842,0.9706913124,0.2092471727,0.04338940842 0 0 0 0 0 0 0.04338940842 0 0 0 0 0 0 0.0950496573 0 0 0 0 0 0 0.0007633494428 0 0 0 0 0 0 0.0007633494428 0 0 0 0 0 0 0.001321716964
937,1785495522.944346905,map,3.0268793106,-1.9783761501,-0.5160104036,0.1143663979,0.0302993390,0.9707020428,0.2091406730,0.04336588229 0 0 0 0 0 0 0.04336588229 0 0 0 0 0 0 0.09501483535 0 0 0 0 0 0 0.0007628048408 0 0 0 0 0 0 0.0007628048408 0 0 0 0 0 0 0.001321000317
938,1785495523.043668985,map,3.0317814350,-1.9785124063,-0.5135259032,0.1143195013,0.0298586782,0.9707060800,0.2092109390,0.04282684778 0 0 0 0 0 0 0.04282684778 0 0 0 0 0 0 0.09421614484 0 0 0 0 0 0 0.0007503396979 0 0 0 0 0 0 0.0007503396979 0 0 0 0 0 0 0.001304580387
939,1785495523.144290924,map,3.0249452591,-1.9771491289,-0.5174385905,0.1142763657,0.0295892508,0.9706906907,0.2093441414,0.04283056108 0 0 0 0 0 0 0.04283056108 0 0 0 0 0 0 0.09422165242 0 0 0 0 0 0 0.0007504254828 0 0 0 0 0 0 0.0007504254828 0 0 0 0 0 0 0.0013046935
940,1785495523.244436979,map,3.0288774967,-1.9776997566,-0.5135945678,0.1141661380,0.0295648451,0.9707322222,0.2092151369,0.04345902256 0 0 0 0 0 0 0.04345902256 0 0 0 0 0 0 0.09515267798 0 0 0 0 0 0 0.0007649612 0 0 0 0 0 0 0.0007649612 0 0 0 0 0 0 0.001323837532
941,1785495523.344692945,map,3.0221285820,-1.9845699072,-0.5141615868,0.1143078488,0.0299928271,0.9707110767,0.2091749314,0.04365734082 0 0 0 0 0 0 0.04365734082 0 0 0 0 0 0 0.0954460191 0 0 0 0 0 0 0.0007695550386 0 0 0 0 0 0 0.0007695550386 0 0 0 0 0 0 0.001329878651
942,1785495523.443953037,map,3.0267374516,-1.9852490425,-0.5151166320,0.1141385078,0.0302792436,0.9707338493,0.2091204426,0.04304563227 0 0 0 0 0 0 0.04304563227 0 0 0 0 0 0 0.09454051498 0 0 0 0 0 0 0.0007553960934 0 0 0 0 0 0 0.0007553960934 0 0 0 0 0 0 0.001311244944
943,1785495523.544178963,map,3.0209200382,-1.9833626747,-0.5156461000,0.1142770071,0.0300225403,0.9707305874,0.2090969837,0.0428147943 0 0 0 0 0 0 0.0428147943 0 0 0 0 0 0 0.0941982665 0 0 0 0 0 0 0.0007500612454 0 0 0 0 0 0 0.0007500612454 0 0 0 0 0 0 0.001304213217
944,1785495523.644186974,map,3.0229065418,-1.9809585810,-0.5121200681,0.1144502432,0.0299425189,0.9706994178,0.2091583626,0.04306071005 0 0 0 0 0 0 0.04306071005 0 0 0 0 0 0 0.09456285941 0 0 0 0 0 0 0.000755744711 0 0 0 0 0 0 0.000755744711 0 0 0 0 0 0 0.001311704239
945,1785495523.744321108,map,3.0219275951,-1.9847402573,-0.5157537460,0.1144003890,0.0300408002,0.9706690531,0.2093124251,0.04283362953 0 0 0 0 0 0 0.04283362953 0 0 0 0 0 0 0.09422620351 0 0 0 0 0 0 0.0007504963713 0 0 0 0 0 0 0.0007504963713 0 0 0 0 0 0 0.001304786971
946,1785495523.844635010,map,3.0206246376,-1.9839245081,-0.5167709589,0.1146072265,0.0305060426,0.9705904890,0.2094962438,0.04293419561 0 0 0 0 0 0 0.04293419561 0 0 0 0 0 0 0.09437533247 0 0 0 0 0 0 0.0007528201345 0 0 0 0 0 0 0.0007528201345 0 0 0 0 0 0 0.001307850389
947,1785495523.944710970,map,3.0158970356,-1.9812691212,-0.5153666735,0.1150684832,0.0302389353,0.9705822906,0.2093200129,0.04295069478 0 0 0 0 0 0 0.04295069478 0 0 0 0 0 0 0.09439979358 0 0 0 0 0 0 0.0007532014607 0 0 0 0 0 0 0.0007532014607 0 0 0 0 0 0 0.001308352982
948,1785495524.043858051,map,3.0208225250,-1.9788972139,-0.5128343105,0.1148271045,0.0302177616,0.9705779918,0.2094754897,0.04255372408 0 0 0 0 0 0 0.04255372408 0 0 0 0 0 0 0.09381083211 0 0 0 0 0 0 0.0007440332282 0 0 0 0 0 0 0.0007440332282 0 0 0 0 0 0 0.001296260563
949,1785495524.143997908,map,3.0212736130,-1.9780340195,-0.5098668337,0.1146119467,0.0300129190,0.9705948184,0.2095447677,0.04280964458 0 0 0 0 0 0 0.04280964458 0 0 0 0 0 0 0.09419062793 0 0 0 0 0 0 0.0007499422835 0 0 0 0 0 0 0.0007499422835 0 0 0 0 0 0 0.001304056347
950,1785495524.244055986,map,3.0206470490,-1.9771620035,-0.5118135810,0.1145107877,0.0305213278,0.9706439148,0.2092990784,0.04303084452 0 0 0 0 0 0 0.04303084452 0 0 0 0 0 0 0.0945185991 0 0 0 0 0 0 0.0007550542 0 0 0 0 0 0 0.0007550542 0 0 0 0 0 0 0.001310794483
951,1785495524.344192028,map,3.0148854256,-1.9747083187,-0.5109914541,0.1144042198,0.0302205157,0.9706298754,0.2094660426,0.04306601858 0 0 0 0 0 0 0.04306601858 0 0 0 0 0 0 0.09457072606 0 0 0 0 0 0 0.0007558674558 0 0 0 0 0 0 0.0007558674558 0 0 0 0 0 0 0.001311865946
952,1785495524.444226027,map,3.0157890320,-1.9732952118,-0.5149148703,0.1145319097,0.0301051815,0.9706045442,0.2095302709,0.04291078741 0 0 0 0 0 0 0.04291078741 0 0 0 0 0 0 0.09434062565 0 0 0 0 0 0 0.0007522791679 0 0 0 0 0 0 0.0007522791679 0 0 0 0 0 0 0.001307137334
953,1785495524.544424057,map,3.0123140812,-1.9755951166,-0.5112451911,0.1145484444,0.0301508482,0.9705906885,0.2095788595,0.04298408432 0 0 0 0 0 0 0.04298408432 0 0 0 0 0 0 0.09444929109 0 0 0 0 0 0 0.0007539732257 0 0 0 0 0 0 0.0007539732257 0 0 0 0 0 0 0.001309370086
954,1785495524.643392086,map,3.0149803162,-1.9693259001,-0.5122439265,0.1146992532,0.0303818654,0.9705938435,0.2094483488,0.04297358422 0 0 0 0 0 0 0.04297358422 0 0 0 0 0 0 0.09443372616 0 0 0 0 0 0 0.0007537305165 0 0 0 0 0 0 0.0007537305165 0 0 0 0 0 0 0.001309050235
955,1785495524.743753910,map,3.0114145279,-1.9732226133,-0.5089851618,0.1147658083,0.0304961868,0.9705603972,0.2095502341,0.0430767537 0 0 0 0 0 0 0.0430767537 0 0 0 0 0 0 0.09458663382 0 0 0 0 0 0 0.0007561156824 0 0 0 0 0 0 0.0007561156824 0 0 0 0 0 0 0.001312192956
956,1785495524.843930960,map,3.0215914249,-1.9695198536,-0.5089780092,0.1148671329,0.0301477413,0.9706230745,0.2092546066,0.04294181749 0 0 0 0 0 0 0.04294181749 0 0 0 0 0 0 0.0943866326 0 0 0 0 0 0 0.0007529962872 0 0 0 0 0 0 0.0007529962872 0 0 0 0 0 0 0.001308082564
957,1785495524.944238901,map,3.0157568455,-1.9816899300,-0.5172682405,0.1146939721,0.0315060546,0.9706264519,0.2091338403,0.04323063372 0 0 0 0 0 0 0.04323063372 0 0 0 0 0 0 0.09481458915 0 0 0 0 0 0 0.0007596749047 0 0 0 0 0 0 0.0007596749047 0 0 0 0 0 0 0.00131688041
958,1785495525.044450045,map,3.0198183060,-1.9795494080,-0.5148434043,0.1145649149,0.0308669063,0.9706286933,0.2092894265,0.04325465004 0 0 0 0 0 0 0.04325465004 0 0 0 0 0 0 0.09485015462 0 0 0 0 0 0 0.0007602305797 0 0 0 0 0 0 0.0007602305797 0 0 0 0 0 0 0.001317611989
959,1785495525.143560886,map,3.0154798031,-1.9761317968,-0.5155213475,0.1146265326,0.0307093287,0.9706526269,0.2091678004,0.04282769302 0 0 0 0 0 0 0.04282769302 0 0 0 0 0 0 0.09421739852 0 0 0 0 0 0 0.0007503592247 0 0 0 0 0 0 0.0007503592247 0 0 0 0 0 0 0.001304606134
960,1785495525.243711948,map,3.0170419216,-1.9794350863,-0.5185148120,0.1148026071,0.0305755149,0.9706978443,0.2088808106,0.0433352537 0 0 0 0 0 0 0.0433352537 0 0 0 0 0 0 0.09496949619 0 0 0 0 0 0 0.0007620958955 0 0 0 0 0 0 0.0007620958955 0 0 0 0 0 0 0.001320067317
961,1785495525.343746901,map,3.0170300007,-1.9864869118,-0.5175971985,0.1150522346,0.0305273948,0.9707128881,0.2086805083,0.04299366549 0 0 0 0 0 0 0.04299366549 0 0 0 0 0 0 0.09446349331 0 0 0 0 0 0 0.0007541947022 0 0 0 0 0 0 0.0007541947022 0 0 0 0 0 0 0.001309661945
962,1785495525.443830013,map,3.0180759430,-1.9854729176,-0.5187265873,0.1150197433,0.0307985069,0.9706631197,0.2088899641,0.04292641364 0 0 0 0 0 0 0.04292641364 0 0 0 0 0 0 0.09436379466 0 0 0 0 0 0 0.0007526402869 0 0 0 0 0 0 0.0007526402869 0 0 0 0 0 0 0.001307613336
963,1785495525.544106960,map,3.0212733746,-1.9859724045,-0.5132782459,0.1147957309,0.0304698241,0.9706692450,0.2090329417,0.04326404219 0 0 0 0 0 0 0.04326404219 0 0 0 0 0 0 0.09486406247 0 0 0 0 0 0 0.0007604479029 0 0 0 0 0 0 0.0007604479029 0 0 0 0 0 0 0.00131789809
964,1785495525.643062115,map,3.0302627087,-1.9766776562,-0.5115250349,0.1143228507,0.0296988288,0.9707598219,0.2089823848,0.04308216303 0 0 0 0 0 0 0.04308216303 0 0 0 0 0 0 0.09459464936 0 0 0 0 0 0 0.0007562407653 0 0 0 0 0 0 0.0007562407653 0 0 0 0 0 0 0.001312357734
965,1785495525.743279934,map,3.0331950188,-1.9813489914,-0.5135297775,0.1142136079,0.0294644288,0.9707635135,0.2090581018,0.04293045589 0 0 0 0 0 0 0.04293045589 0 0 0 0 0 0 0.09436978788 0 0 0 0 0 0 0.0007527337059 0 0 0 0 0 0 0.0007527337059 0 0 0 0 0 0 0.00130773647
966,1785495525.843272924,map,3.0305173397,-1.9935812950,-0.5207421184,0.1143340074,0.0306935185,0.9707157280,0.2090373771,0.04315655084 0 0 0 0 0 0 0.04315655084 0 0 0 0 0 0 0.09470486047 0 0 0 0 0 0 0.0007579611273 0 0 0 0 0 0 0.0007579611273 0 0 0 0 0 0 0.001314623716
967,1785495525.943603039,map,3.0253398418,-1.9932442904,-0.5189227462,0.1144249339,0.0310881439,0.9706347881,0.2093049842,0.04296863433 0 0 0 0 0 0 0.04296863433 0 0 0 0 0 0 0.09442638841 0 0 0 0 0 0 0.0007536161032 0 0 0 0 0 0 0.0007536161032 0 0 0 0 0 0 0.001308899452
968,1785495526.043834925,map,3.0284533501,-1.9821233749,-0.5167689323,0.1145482615,0.0309161764,0.9706533792,0.2091767342,0.04277315965 0 0 0 0 0 0 0.04277315965 0 0 0 0 0 0 0.09413650557 0 0 0 0 0 0 0.0007490995223 0 0 0 0 0 0 0.0007490995223 0 0 0 0 0 0 0.001302944953
969,1785495526.144068956,map,3.0279548168,-1.9774153233,-0.5137357116,0.1147531813,0.0300036982,0.9706909900,0.2090226712,0.04378540521 0 0 0 0 0 0 0.04378540521 0 0 0 0 0 0 0.09563533005 0 0 0 0 0 0 0.000772523265 0 0 0 0 0 0 0.000772523265 0 0 0 0 0 0 0.001333779716
970,1785495526.243256092,map,3.0359554291,-1.9740558863,-0.5182106495,0.1156800290,0.0288899167,0.9705598983,0.2092773242,0.04370686598 0 0 0 0 0 0 0.04370686598 0 0 0 0 0 0 0.09551924022 0 0 0 0 0 0 0.0007707027515 0 0 0 0 0 0 0.0007707027515 0 0 0 0 0 0 0.001331387274
971,1785495526.343383074,map,3.0359332561,-1.9521809816,-0.5114749074,0.1156241940,0.0273926271,0.9705675288,0.2094740325,0.04298412994 0 0 0 0 0 0 0.04298412994 0 0 0 0 0 0 0.09444935872 0 0 0 0 0 0 0.0007539742803 0 0 0 0 0 0 0.0007539742803 0 0 0 0 0 0 0.001309371475
972,1785495526.443795919,map,3.0383377075,-1.9484466314,-0.5124107003,0.1184325999,0.0268628418,0.9701783279,0.2097763663,0.04294981289 0 0 0 0 0 0 0.04294981289 0 0 0 0 0 0 0.09439848615 0 0 0 0 0 0 0.0007531810779 0 0 0 0 0 0 0.0007531810779 0 0 0 0 0 0 0.001308326118
973,1785495526.543019056,map,3.0274989605,-1.9494968653,-0.5055507421,0.1187014034,0.0274141985,0.9699906357,0.2104200689,0.0431170981 0 0 0 0 0 0 0.0431170981 0 0 0 0 0 0 0.09464641214 0 0 0 0 0 0 0.0007570486479 0 0 0 0 0 0 0.0007570486479 0 0 0 0 0 0 0.001313421917
974,1785495526.643162966,map,3.0319685936,-1.9320015907,-0.5215129256,0.1176781261,0.0266352801,0.9701313430,0.2104461664,0.04297490162 0 0 0 0 0 0 0.04297490162 0 0 0 0 0 0 0.09443567904 0 0 0 0 0 0 0.0007537609675 0 0 0 0 0 0 0.0007537609675 0 0 0 0 0 0 0.001309090365
975,1785495526.743489981,map,3.0363218784,-1.9328799248,-0.5129171014,0.1168189392,0.0270974235,0.9701588139,0.2107390574,0.04268710503 0 0 0 0 0 0 0.04268710503 0 0 0 0 0 0 0.09400882088 0 0 0 0 0 0 0.0007471122109 0 0 0 0 0 0 0.0007471122109 0 0 0 0 0 0 0.001300323579
976,1785495526.843552113,map,3.0564429760,-1.9613498449,-0.5119672418,0.1148740484,0.0283112370,0.9704861312,0.2101406445,0.04269390765 0 0 0 0 0 0 0.04269390765 0 0 0 0 0 0 0.09401891589 0 0 0 0 0 0 0.0007472692848 0 0 0 0 0 0 0.0007472692848 0 0 0 0 0 0 0.001300530799
977,1785495526.943670034,map,3.0551855564,-1.9644305706,-0.5263690352,0.1145636671,0.0277848619,0.9704943688,0.2103422118,0.04289589099 0 0 0 0 0 0 0.04289589099 0 0 0 0 0 0 0.09431853745 0 0 0 0 0 0 0.000751934934 0 0 0 0 0 0 0.000751934934 0 0 0 0 0 0 0.001306683563
978,1785495527.043925047,map,3.0672762394,-1.9679900408,-0.5266493559,0.1142098720,0.0284693014,0.9705545477,0.2101653658,0.04307598251 0 0 0 0 0 0 0.04307598251 0 0 0 0 0 0 0.09458549107 0 0 0 0 0 0 0.00075609785 0 0 0 0 0 0 0.00075609785 0 0 0 0 0 0 0.001312169465
979,1785495527.144100904,map,3.0627801418,-1.9697753191,-0.5265887976,0.1141113094,0.0283701727,0.9705881937,0.2100769028,0.04325587807 0 0 0 0 0 0 0.04325587807 0 0 0 0 0 0 0.09485197311 0 0 0 0 0 0 0.0007602589945 0 0 0 0 0 0 0.0007602589945 0 0 0 0 0 0 0.001317649397
980,1785495527.243151903,map,3.0680577755,-1.9737696648,-0.5242953897,0.1135532821,0.0288324774,0.9705991709,0.2102655432,0.04310372636 0 0 0 0 0 0 0.04310372636 0 0 0 0 0 0 0.09462660023 0 0 0 0 0 0 0.0007567394106 0 0 0 0 0 0 0.0007567394106 0 0 0 0 0 0 0.001313014591
981,1785495527.343538046,map,3.0544197559,-1.9706909657,-0.5165658593,0.1138435980,0.0292315398,0.9705905043,0.2100933290,0.04298085899 0 0 0 0 0 0 0.04298085899 0 0 0 0 0 0 0.09444451006 0 0 0 0 0 0 0.0007538986715 0 0 0 0 0 0 0.0007538986715 0 0 0 0 0 0 0.001309271837
982,1785495527.443715096,map,3.0533273220,-1.9660263062,-0.5153471231,0.1137678858,0.0289417038,0.9706010515,0.2101257504,0.04290334098 0 0 0 0 0 0 0.04290334098 0 0 0 0 0 0 0.09432958435 0 0 0 0 0 0 0.0007521070897 0 0 0 0 0 0 0.0007521070897 0 0 0 0 0 0 0.001306910503
983,1785495527.543936968,map,3.0514841080,-1.9644697905,-0.5163712502,0.1136855204,0.0290469711,0.9706099252,0.2101148558,0.04309908615 0 0 0 0 0 0 0.04309908615 0 0 0 0 0 0 0.09461972494 0 0 0 0 0 0 0.0007566321038 0 0 0 0 0 0 0.0007566321038 0 0 0 0 0 0 0.001312873242
984,1785495527.644069910,map,3.0454702377,-1.9686728716,-0.5239118934,0.1137683881,0.0282276355,0.9705625160,0.2104005236,0.04269430941 0 0 0 0 0 0 0.04269430941 0 0 0 0 0 0 0.09401951208 0 0 0 0 0 0 0.0007472785615 0 0 0 0 0 0 0.0007472785615 0 0 0 0 0 0 0.001300543037
985,1785495527.744208097,map,3.0469913483,-1.9665480852,-0.5268351436,0.1138404478,0.0278675415,0.9704917355,0.2107357281,0.04318579743 0 0 0 0 0 0 0.04318579743 0 0 0 0 0 0 0.09474818303 0 0 0 0 0 0 0.0007586376401 0 0 0 0 0 0 0.0007586376401 0 0 0 0 0 0 0.001315514618
986,1785495527.843396902,map,3.0439670086,-1.9648534060,-0.5262380838,0.1142342539,0.0282216409,0.9704509999,0.2106630703,0.0431886833 0 0 0 0 0 0 0.0431886833 0 0 0 0 0 0 0.09475245757 0 0 0 0 0 0 0.0007587043981 0 0 0 0 0 0 0.0007587043981 0 0 0 0 0 0 0.001315602527
987,1785495527.943689108,map,3.0349407196,-1.9730288982,-0.5142202973,0.1145577885,0.0288354154,0.9704114602,0.2105864154,0.04308143278 0 0 0 0 0 0 0.04308143278 0 0 0 0 0 0 0.09459356729 0 0 0 0 0 0 0.0007562238793 0 0 0 0 0 0 0.0007562238793 0 0 0 0 0 0 0.00131233549
988,1785495528.044035912,map,3.0413570404,-1.9640959501,-0.5153754950,0.1142381797,0.0289292376,0.9704891637,0.2103889651,0.04298772474 0 0 0 0 0 0 0.04298772474 0 0 0 0 0 0 0.09445468736 0 0 0 0 0 0 0.000754057376 0 0 0 0 0 0 0.000754057376 0 0 0 0 0 0 0.001309480979
989,1785495528.144150019,map,3.0301458836,-1.9818216562,-0.5173931122,0.1143073733,0.0294913526,0.9704433454,0.2104846407,0.0428545084 0 0 0 0 0 0 0.0428545084 0 0 0 0 0 0 0.09425716937 0 0 0 0 0 0 0.0007509787444 0 0 0 0 0 0 0.0007509787444 0 0 0 0 0 0 0.001305422977
990,1785495528.244206905,map,3.0399377346,-1.9809641838,-0.5186641812,0.1145079711,0.0297069928,0.9704206044,0.2104501407,0.04325863235 0 0 0 0 0 0 0.04325863235 0 0 0 0 0 0 0.09485605167 0 0 0 0 0 0 0.0007603227248 0 0 0 0 0 0 0.0007603227248 0 0 0 0 0 0 0.001317733297
991,1785495528.343290091,map,3.0372252464,-1.9727709293,-0.5203491449,0.1144767213,0.0293078610,0.9704151839,0.2105480939,0.04320309792 0 0 0 0 0 0 0.04320309792 0 0 0 0 0 0 0.09477380776 0 0 0 0 0 0 0.0007590378578 0 0 0 0 0 0 0.0007590378578 0 0 0 0 0 0 0.001316041621
992,1785495528.443290949,map,3.0458965302,-1.9701554775,-0.5192164779,0.1142128187,0.0287343730,0.9705060225,0.2103516621,0.04304424663 0 0 0 0 0 0 0.04304424663 0 0 0 0 0 0 0.09453846147 0 0 0 0 0 0 0.0007553640564 0 0 0 0 0 0 0.0007553640564 0 0 0 0 0 0 0.001311202734
993,1785495528.543442011,map,3.0411105156,-1.9718636274,-0.5202320218,0.1141578207,0.0285198060,0.9705096768,0.2103938535,0.04339173072 0 0 0 0 0 0 0.04339173072 0 0 0 0 0 0 0.09505309445 0 0 0 0 0 0 0.0007634032036 0 0 0 0 0 0 0.0007634032036 0 0 0 0 0 0 0.001321787705
994,1785495528.643716097,map,3.0453200340,-1.9689027071,-0.5167881250,0.1142386243,0.0286250149,0.9705173768,0.2103001687,0.04334493568 0 0 0 0 0 0 0.04334493568 0 0 0 0 0 0 0.09498382889 0 0 0 0 0 0 0.0007623199913 0 0 0 0 0 0 0.0007623199913 0 0 0 0 0 0 0.001320362247
995,1785495528.743685007,map,3.0417761803,-1.9759486914,-0.5146568418,0.1142770961,0.0288481048,0.9705227966,0.2102238147,0.04282565058 0 0 0 0 0 0 0.04282565058 0 0 0 0 0 0 0.09421436913 0 0 0 0 0 0 0.0007503120403 0 0 0 0 0 0 0.0007503120403 0 0 0 0 0 0 0.001304543918
996,1785495528.842823029,map,3.0424757004,-1.9704416990,-0.5212752819,0.1144290669,0.0281849378,0.9705208160,0.2102401963,0.04299162458 0 0 0 0 0 0 0.04299162458 0 0 0 0 0 0 0.09446046811 0 0 0 0 0 0 0.0007541475245 0 0 0 0 0 0 0.0007541475245 0 0 0 0 0 0 0.001309599775
997,1785495528.942887068,map,3.0364456177,-1.9677257538,-0.5244343877,0.1144241683,0.0284657776,0.9704925954,0.2103353259,0.04310296939 0 0 0 0 0 0 0.04310296939 0 0 0 0 0 0 0.09462547866 0 0 0 0 0 0 0.0007567219054 0 0 0 0 0 0 0.0007567219054 0 0 0 0 0 0 0.001312991532
998,1785495529.042993069,map,3.0446543694,-1.9679718018,-0.5196068883,0.1142595403,0.0291777935,0.9705558143,0.2100353030,0.04332148714 0 0 0 0 0 0 0.04332148714 0 0 0 0 0 0 0.09494911601 0 0 0 0 0 0 0.0007617772733 0 0 0 0 0 0 0.0007617772733 0 0 0 0 0 0 0.001319647963
999,1785495529.143189907,map,3.0382902622,-1.9519895315,-0.5192608237,0.1142364849,0.0281555391,0.9706048820,0.2099605962,0.04315283845 0 0 0 0 0 0 0.04315283845 0 0 0 0 0 0 0.09469936103 0 0 0 0 0 0 0.0007578752601 0 0 0 0 0 0 0.0007578752601 0 0 0 0 0 0 0.001314510631
1000,1785495529.243484974,map,3.0407848358,-1.9519504309,-0.5254865885,0.1140389403,0.0280949733,0.9706059336,0.2100712363,0.04260032377 0 0 0 0 0 0 0.04260032377 0 0 0 0 0 0 0.09388001551 0 0 0 0 0 0 0.0007451087662 0 0 0 0 0 0 0.0007451087662 0 0 0 0 0 0 0.001297680071
1001,1785495529.343656063,map,3.0419740677,-1.9537132978,-0.5207622051,0.1136569635,0.0280963675,0.9706347497,0.2101448837,0.04294939027 0 0 0 0 0 0 0.04294939027 0 0 0 0 0 0 0.09439785961 0 0 0 0 0 0 0.0007531713102 0 0 0 0 0 0 0.0007531713102 0 0 0 0 0 0 0.001308313244
1002,1785495529.442902088,map,3.0436961651,-1.9547538757,-0.5224131346,0.1136414293,0.0276429430,0.9706174248,0.2102933910,0.04275325424 0 0 0 0 0 0 0.04275325424 0 0 0 0 0 0 0.09410697438 0 0 0 0 0 0 0.0007486397778 0 0 0 0 0 0 0.0007486397778 0 0 0 0 0 0 0.001302338599
1003,1785495529.543204069,map,3.0386683941,-1.9824131727,-0.5160514116,0.1135593107,0.0292161331,0.9705248771,0.2105520333,0.04314890501 0 0 0 0 0 0 0.04314890501 0 0 0 0 0 0 0.09469353402 0 0 0 0 0 0 0.000757784281 0 0 0 0 0 0 0.000757784281 0 0 0 0 0 0 0.001314390811
1004,1785495529.643260956,map,3.0314021111,-1.9803792238,-0.5196744800,0.1138659082,0.0304612772,0.9705348953,0.2101634263,0.04344201872 0 0 0 0 0 0 0.04344201872 0 0 0 0 0 0 0.09512751679 0 0 0 0 0 0 0.0007645674771 0 0 0 0 0 0 0.0007645674771 0 0 0 0 0 0 0.001323319565
1005,1785495529.743335962,map,3.0367121696,-1.9858179092,-0.5144524574,0.1140363914,0.0299056687,0.9704984607,0.2103190077,0.04306581395 0 0 0 0 0 0 0.04306581395 0 0 0 0 0 0 0.09457042283 0 0 0 0 0 0 0.0007558627243 0 0 0 0 0 0 0.0007558627243 0 0 0 0 0 0 0.001311859713
1006,1785495529.843441010,map,3.0422773361,-1.9778902531,-0.5147196054,0.1141074624,0.0296131989,0.9705239866,0.2102040577,0.0430646851 0 0 0 0 0 0 0.0430646851 0 0 0 0 0 0 0.09456875 0 0 0 0 0 0 0.0007558366226 0 0 0 0 0 0 0.0007558366226 0 0 0 0 0 0 0.001311825326
1007,1785495529.942537069,map,3.0410313606,-1.9876768589,-0.5159223080,0.1141953313,0.0294124030,0.9705111047,0.2102440043,0.04366296353 0 0 0 0 0 0 0.04366296353 0 0 0 0 0 0 0.09545433275 0 0 0 0 0 0 0.0007696853311 0 0 0 0 0 0 0.0007696853311 0 0 0 0 0 0 0.001330049929
1008,1785495530.042603016,map,3.0450766087,-1.9844473600,-0.5140624642,0.1141869216,0.0290961856,0.9705201711,0.2102506767,0.04313980504 0 0 0 0 0 0 0.04313980504 0 0 0 0 0 0 0.09468005301 0 0 0 0 0 0 0.0007575738074 0 0 0 0 0 0 0.0007575738074 0 0 0 0 0 0 0.00131411361
1009,1785495530.143018007,map,3.0413269997,-1.9830021858,-0.5180975795,0.1140756585,0.0294796569,0.9705004951,0.2103484766,0.04294420291 0 0 0 0 0 0 0.04294420291 0 0 0 0 0 0 0.09439016914 0 0 0 0 0 0 0.0007530514188 0 0 0 0 0 0 0.0007530514188 0 0 0 0 0 0 0.001308155229
1010,1785495530.243356943,map,3.0521080494,-1.9860711098,-0.5158393383,0.1138044708,0.0293023672,0.9705152886,0.2104518644,0.04331413775 0 0 0 0 0 0 0.04331413775 0 0 0 0 0 0 0.09493823546 0 0 0 0 0 0 0.000761607181 0 0 0 0 0 0 0.000761607181 0 0 0 0 0 0 0.001319424088
1011,1785495530.342643023,map,3.0449485779,-1.9733281136,-0.5249409080,0.1138014731,0.0280850561,0.9705777461,0.2103313659,0.0432025747 0 0 0 0 0 0 0.0432025747 0 0 0 0 0 0 0.09477303282 0 0 0 0 0 0 0.0007590257538 0 0 0 0 0 0 0.0007590257538 0 0 0 0 0 0 0.001316025683
1012,1785495530.442946911,map,3.0489149094,-1.9727456570,-0.5227622986,0.1135377508,0.0282998549,0.9705972211,0.2103552638,0.04301064722 0 0 0 0 0 0 0.04301064722 0 0 0 0 0 0 0.09448866415 0 0 0 0 0 0 0.000754587268 0 0 0 0 0 0 0.000754587268 0 0 0 0 0 0 0.001310179238
1013,1785495530.542120934,map,3.0427482128,-1.9733344316,-0.5281677842,0.1136555917,0.0287570689,0.9705477078,0.2104580156,0.0432146554 0 0 0 0 0 0 0.0432146554 0 0 0 0 0 0 0.09479092527 0 0 0 0 0 0 0.0007593052349 0 0 0 0 0 0 0.0007593052349 0 0 0 0 0 0 0.001316393683
1014,1785495530.642292976,map,3.0446100235,-1.9748765230,-0.5148228407,0.1137511024,0.0289030092,0.9705663312,0.2103004851,0.0429762424 0 0 0 0 0 0 0.0429762424 0 0 0 0 0 0 0.09443766659 0 0 0 0 0 0 0.0007537919592 0 0 0 0 0 0 0.0007537919592 0 0 0 0 0 0 0.001309131207
1015,1785495530.742450953,map,3.0414707661,-1.9783617258,-0.5169509649,0.1137483866,0.0293123565,0.9705479765,0.2103300332,0.04330069743 0 0 0 0 0 0 0.04330069743 0 0 0 0 0 0 0.09491833669 0 0 0 0 0 0 0.0007612961332 0 0 0 0 0 0 0.0007612961332 0 0 0 0 0 0 0.001319014673
1016,1785495530.842724085,map,3.0412437916,-1.9772191048,-0.5224837661,0.1139925976,0.0289870711,0.9705092776,0.2104214313,0.04272389693 0 0 0 0 0 0 0.04272389693 0 0 0 0 0 0 0.09406341649 0 0 0 0 0 0 0.0007479617905 0 0 0 0 0 0 0.0007479617905 0 0 0 0 0 0 0.001301444325
1017,1785495530.942992926,map,3.0407159328,-1.9733548164,-0.5200855136,0.1138021574,0.0286508233,0.9705234952,0.2105049822,0.04311547755 0 0 0 0 0 0 0.04311547755 0 0 0 0 0 0 0.09464401114 0 0 0 0 0 0 0.00075701117 0 0 0 0 0 0 0.00075701117 0 0 0 0 0 0 0.001313372553
1018,1785495531.042372942,map,3.0403523445,-1.9717458487,-0.5182179809,0.1139032673,0.0291966960,0.9705565129,0.2102228833,0.04317840123 0 0 0 0 0 0 0.04317840123 0 0 0 0 0 0 0.09473722759 0 0 0 0 0 0 0.0007584665493 0 0 0 0 0 0 0.0007584665493 0 0 0 0 0 0 0.001315289317
1019,1785495531.142513990,map,3.0357131958,-1.9749646187,-0.5158500671,0.1139907447,0.0289253605,0.9705111968,0.2104220746,0.04295784483 0 0 0 0 0 0 0.04295784483 0 0 0 0 0 0 0.09441039352 0 0 0 0 0 0 0.0007533667187 0 0 0 0 0 0 0.0007533667187 0 0 0 0 0 0 0.001308570785
1020,1785495531.242698908,map,3.0398397446,-1.9714375734,-0.5207930207,0.1136896868,0.0283544591,0.9705650492,0.2104142451,0.04298778774 0 0 0 0 0 0 0.04298778774 0 0 0 0 0 0 0.09445478076 0 0 0 0 0 0 0.0007540588325 0 0 0 0 0 0 0.0007540588325 0 0 0 0 0 0 0.001309482899
1021,1785495531.342822075,map,3.0338027477,-1.9730048180,-0.5217519403,0.1137283971,0.0283723965,0.9705736853,0.2103510686,0.04321534474 0 0 0 0 0 0 0.04321534474 0 0 0 0 0 0 0.09479194621 0 0 0 0 0 0 0.0007593211829 0 0 0 0 0 0 0.0007593211829 0 0 0 0 0 0 0.001316414681
1022,1785495531.443301916,map,3.0325045586,-1.9824485779,-0.5147371888,0.1139975079,0.0289600027,0.9705578640,0.2101982635,0.04307819875 0 0 0 0 0 0 0.04307819875 0 0 0 0 0 0 0.09458877511 0 0 0 0 0 0 0.0007561490968 0 0 0 0 0 0 0.0007561490968 0 0 0 0 0 0 0.001312236975
1023,1785495531.542587996,map,3.0398516655,-1.9860371351,-0.5156400204,0.1138123750,0.0286666357,0.9705889614,0.2101952518,0.04336285375 0 0 0 0 0 0 0.04336285375 0 0 0 0 0 0 0.09501035247 0 0 0 0 0 0 0.0007627347372 0 0 0 0 0 0 0.0007627347372 0 0 0 0 0 0 0.001320908062
1024,1785495531.642842054,map,3.0483462811,-1.9804875851,-0.5162232518,0.1136609453,0.0286705527,0.9705869809,0.2102857475,0.04338590292 0 0 0 0 0 0 0.04338590292 0 0 0 0 0 0 0.09504446887 0 0 0 0 0 0 0.0007632682917 0 0 0 0 0 0 0.0007632682917 0 0 0 0 0 0 0.00132161018
1025,1785495531.743146896,map,3.0345904827,-1.9843306541,-0.5243220925,0.1143283726,0.0283599289,0.9704604738,0.2105497456,0.04346837805 0 0 0 0 0 0 0.04346837805 0 0 0 0 0 0 0.09516652095 0 0 0 0 0 0 0.0007651778361 0 0 0 0 0 0 0.0007651778361 0 0 0 0 0 0 0.001324122516
1026,1785495531.843357086,map,3.0452010632,-1.9825183153,-0.5181438923,0.1136646620,0.0296531140,0.9704631148,0.2107187192,0.0431062584 0 0 0 0 0 0 0.0431062584 0 0 0 0 0 0 0.09463035184 0 0 0 0 0 0 0.0007567979659 0 0 0 0 0 0 0.0007567979659 0 0 0 0 0 0 0.001313091721
1027,1785495531.943542957,map,3.0392084122,-1.9839490652,-0.5193098187,0.1139063667,0.0293776779,0.9705135229,0.2103943555,0.0432197617 0 0 0 0 0 0 0.0432197617 0 0 0 0 0 0 0.09479848785 0 0 0 0 0 0 0.0007594233704 0 0 0 0 0 0 0.0007594233704 0 0 0 0 0 0 0.001316549229
1028,1785495532.042686939,map,3.0464024544,-1.9832843542,-0.5191565752,0.1138519169,0.0294539979,0.9705525671,0.2102329806,0.04305891344 0 0 0 0 0 0 0.04305891344 0 0 0 0 0 0 0.09456019701 0 0 0 0 0 0 0.0007557031702 0 0 0 0 0 0 0.0007557031702 0 0 0 0 0 0 0.001311649511
1029,1785495532.142910957,map,3.0373847485,-1.9826917648,-0.5204830766,0.1141080899,0.0289839343,0.9705454201,0.2101924374,0.04291607656 0 0 0 0 0 0 0.04291607656 0 0 0 0 0 0 0.09434846802 0 0 0 0 0 0 0.0007524013967 0 0 0 0 0 0 0.0007524013967 0 0 0 0 0 0 0.001307298451
1030,1785495532.243108988,map,3.0470683575,-1.9702349901,-0.5252055526,0.1138001939,0.0281948757,0.9706196893,0.2101237344,0.04293496853 0 0 0 0 0 0 0.04293496853 0 0 0 0 0 0 0.09437647841 0 0 0 0 0 0 0.0007528379976 0 0 0 0 0 0 0.0007528379976 0 0 0 0 0 0 0.001307873933
1031,1785495532.343385935,map,3.0314304829,-1.9772248268,-0.5145878792,0.1141551587,0.0288694060,0.9705235950,0.2102833985,0.0431237056 0 0 0 0 0 0 0.0431237056 0 0 0 0 0 0 0.0946562016 0 0 0 0 0 0 0.0007572014597 0 0 0 0 0 0 0.0007572014597 0 0 0 0 0 0 0.001313623193
1032,1785495532.442689896,map,3.0356881618,-1.9729179144,-0.5190094709,0.1139519473,0.0285042362,0.9705475005,0.2103330765,0.04353836208 0 0 0 0 0 0 0.04353836208 0 0 0 0 0 0 0.09527005847 0 0 0 0 0 0 0.000766798623 0 0 0 0 0 0 0.000766798623 0 0 0 0 0 0 0.001326254352
1033,1785495532.542721033,map,3.0361742973,-1.9758969545,-0.5182857513,0.1139857281,0.0285983437,0.9705240710,0.2104101018,0.0432756747 0 0 0 0 0 0 0.0432756747 0 0 0 0 0 0 0.09488128715 0 0 0 0 0 0 0.0007607170758 0 0 0 0 0 0 0.0007607170758 0 0 0 0 0 0 0.001318252437
1034,1785495532.642709970,map,3.0220241547,-1.9828327894,-0.5145305991,0.1143242507,0.0297560599,0.9705890151,0.2097653339,0.04298767733 0 0 0 0 0 0 0.04298767733 0 0 0 0 0 0 0.09445461709 0 0 0 0 0 0 0.0007540562802 0 0 0 0 0 0 0.0007540562802 0 0 0 0 0 0 0.001309479535
1035,1785495532.742862940,map,3.0428392887,-1.9674099684,-0.5181663632,0.1139053672,0.0283006900,0.9706021339,0.2101336452,0.04306655744 0 0 0 0 0 0 0.04306655744 0 0 0 0 0 0 0.09457152459 0 0 0 0 0 0 0.0007558799157 0 0 0 0 0 0 0.0007558799157 0 0 0 0 0 0 0.001311882361
1036,1785495532.842946053,map,3.0500757694,-1.9793336391,-0.5162393451,0.1139712911,0.0286383377,0.9706323011,0.2099126389,0.0432202935 0 0 0 0 0 0 0.0432202935 0 0 0 0 0 0 0.09479927545 0 0 0 0 0 0 0.0007594356739 0 0 0 0 0 0 0.0007594356739 0 0 0 0 0 0 0.001316565429
1037,1785495532.942985058,map,3.0428919792,-1.9810084105,-0.5220575333,0.1140956197,0.0287374532,0.9705983418,0.2099885709,0.042943373 0 0 0 0 0 0 0.042943373 0 0 0 0 0 0 0.09438893875 0 0 0 0 0 0 0.0007530322381 0 0 0 0 0 0 0.0007530322381 0 0 0 0 0 0 0.001308129948
1038,1785495533.043240070,map,3.0492277145,-1.9782509804,-0.5217094421,0.1139418474,0.0289202938,0.9705947877,0.2100633778,0.04340336149 0 0 0 0 0 0 0.04340336149 0 0 0 0 0 0 0.09507030834 0 0 0 0 0 0 0.0007636724618 0 0 0 0 0 0 0.0007636724618 0 0 0 0 0 0 0.001322141999
1039,1785495533.142355919,map,3.0467481613,-1.9724439383,-0.5210653543,0.1138520991,0.0281796268,0.9705624008,0.2103621504,0.04292308758 0 0 0 0 0 0 0.04292308758 0 0 0 0 0 0 0.09435886323 0 0 0 0 0 0 0.0007525634206 0 0 0 0 0 0 0.0007525634206 0 0 0 0 0 0 0.001307512019
1040,1785495533.242439985,map,3.0406973362,-1.9754540920,-0.5191878676,0.1138589037,0.0289472122,0.9705823981,0.2101618377,0.04309301767 0 0 0 0 0 0 0.04309301767 0 0 0 0 0 0 0.09461073325 0 0 0 0 0 0 0.0007564917707 0 0 0 0 0 0 0.0007564917707 0 0 0 0 0 0 0.001312688385
1041,1785495533.342719078,map,3.0348646641,-1.9721708298,-0.5199466944,0.1140817623,0.0284496981,0.9705869271,0.2100880390,0.04295339779 0 0 0 0 0 0 0.04295339779 0 0 0 0 0 0 0.09440380083 0 0 0 0 0 0 0.0007532639345 0 0 0 0 0 0 0.0007532639345 0 0 0 0 0 0 0.001308435321
1042,1785495533.442873955,map,3.0356872082,-1.9686014652,-0.5176680088,0.1141416438,0.0286328161,0.9705809702,0.2100581392,0.04305827481 0 0 0 0 0 0 0.04305827481 0 0 0 0 0 0 0.09455925061 0 0 0 0 0 0 0.0007556884039 0 0 0 0 0 0 0.0007556884039 0 0 0 0 0 0 0.001311630057
1043,1785495533.543082952,map,3.0336596966,-1.9647252560,-0.5203946829,0.1139145953,0.0279881528,0.9705572882,0.2103774603,0.04283976204 0 0 0 0 0 0 0.04283976204 0 0 0 0 0 0 0.09423529902 0 0 0 0 0 0 0.0007506380494 0 0 0 0 0 0 0.0007506380494 0 0 0 0 0 0 0.001304973778
1044,1785495533.642244101,map,3.0374691486,-1.9655083418,-0.5195562243,0.1136574298,0.0284196686,0.9706159203,0.2101881317,0.0428469754 0 0 0 0 0 0 0.0428469754 0 0 0 0 0 0 0.09424599732 0 0 0 0 0 0 0.0007508047022 0 0 0 0 0 0 0.0007508047022 0 0 0 0 0 0 0.001305193509
1045,1785495533.742284060,map,3.0377292633,-1.9695686102,-0.5158836842,0.1139098898,0.0285281504,0.9705742917,0.2102289581,0.04300283553 0 0 0 0 0 0 0.04300283553 0 0 0 0 0 0 0.09447708562 0 0 0 0 0 0 0.0007544066825 0 0 0 0 0 0 0.0007544066825 0 0 0 0 0 0 0.00130994128
1046,1785495533.842295885,map,3.0446908474,-1.9713686705,-0.5199027061,0.1138827773,0.0287353168,0.9705917863,0.2101346726,0.042697709 0 0 0 0 0 0 0.042697709 0 0 0 0 0 0 0.09402455693 0 0 0 0 0 0 0.0007473570603 0 0 0 0 0 0 0.0007473570603 0 0 0 0 0 0 0.001300646595
1047,1785495533.943303108,map,3.0402569771,-1.9702394009,-0.5219478011,0.1138185952,0.0283777879,0.9706081213,0.2101425813,0.0429252876 0 0 0 0 0 0 0.0429252876 0 0 0 0 0 0 0.09436212512 0 0 0 0 0 0 0.0007526142637 0 0 0 0 0 0 0.0007526142637 0 0 0 0 0 0 0.001307579035
1048,1785495534.042402029,map,3.0442810059,-1.9599957466,-0.5223059654,0.1139051206,0.0282906847,0.9705771551,0.2102504077,0.042910406 0 0 0 0 0 0 0.042910406 0 0 0 0 0 0 0.09434006012 0 0 0 0 0 0 0.0007522703538 0 0 0 0 0 0 0.0007522703538 0 0 0 0 0 0 0.001307125716
1049,1785495534.142453909,map,3.0293226242,-1.9698251486,-0.5199010968,0.1144925997,0.0280125291,0.9705489053,0.2100989024,0.0430516575 0 0 0 0 0 0 0.0430516575 0 0 0 0 0 0 0.09454944419 0 0 0 0 0 0 0.0007555354022 0 0 0 0 0 0 0.0007555354022 0 0 0 0 0 0 0.001311428483
1050,1785495534.242629051,map,3.0337502956,-1.9724152088,-0.5194078684,0.1143239281,0.0286316418,0.9705312105,0.2101890280,0.0429171279 0 0 0 0 0 0 0.0429171279 0 0 0 0 0 0 0.09435002686 0 0 0 0 0 0 0.0007524256928 0 0 0 0 0 0 0.0007524256928 0 0 0 0 0 0 0.001307330477
1051,1785495534.342773914,map,3.0303826332,-1.9655126333,-0.5221076012,0.1142110724,0.0283621116,0.9705795731,0.2100636231,0.04289965581 0 0 0 0 0 0 0.04289965581 0 0 0 0 0 0 0.09432411999 0 0 0 0 0 0 0.0007520219316 0 0 0 0 0 0 0.0007520219316 0 0 0 0 0 0 0.001306798246
1052,1785495534.442023993,map,3.0387334824,-1.9588855505,-0.5212698579,0.1142015650,0.0281674717,0.9705648957,0.2101627412,0.04278460459 0 0 0 0 0 0 0.04278460459 0 0 0 0 0 0 0.094153484 0 0 0 0 0 0 0.0007493638753 0 0 0 0 0 0 0.0007493638753 0 0 0 0 0 0 0.001303293586
1053,1785495534.542992115,map,3.0371692181,-1.9654458761,-0.5208234191,0.1140335270,0.0287187675,0.9705787671,0.2101153141,0.04312403925 0 0 0 0 0 0 0.04312403925 0 0 0 0 0 0 0.09465669592 0 0 0 0 0 0 0.0007572091761 0 0 0 0 0 0 0.0007572091761 0 0 0 0 0 0 0.001313633357
1054,1785495534.642234087,map,3.0393624306,-1.9596599340,-0.5238171220,0.1142848718,0.0287091259,0.9705363002,0.2101761802,0.04379712455 0 0 0 0 0 0 0.04379712455 0 0 0 0 0 0 0.09565264965 0 0 0 0 0 0 0.0007727949592 0 0 0 0 0 0 0.0007727949592 0 0 0 0 0 0 0.001334136707
1055,1785495534.742373943,map,3.0249533653,-1.9653546810,-0.5162269473,0.1146013501,0.0292027765,0.9704888105,0.2101551806,0.04277942706 0 0 0 0 0 0 0.04277942706 0 0 0 0 0 0 0.0941458033 0 0 0 0 0 0 0.0007492442845 0 0 0 0 0 0 0.0007492442845 0 0 0 0 0 0 0.001303135869
1056,1785495534.842576027,map,3.0246686935,-1.9604554176,-0.5138173103,0.1142385670,0.0287987567,0.9705422880,0.2101614339,0.04308150383 0 0 0 0 0 0 0.04308150383 0 0 0 0 0 0 0.09459367256 0 0 0 0 0 0 0.0007562255221 0 0 0 0 0 0 0.0007562255221 0 0 0 0 0 0 0.001312337654
1057,1785495534.942692995,map,3.0178244114,-1.9589018822,-0.5114147067,0.1144113245,0.0287640795,0.9704796363,0.2103614810,0.04331903138 0 0 0 0 0 0 0.04331903138 0 0 0 0 0 0 0.09494548036 0 0 0 0 0 0 0.0007617204373 0 0 0 0 0 0 0.0007617204373 0 0 0 0 0 0 0.001319573157
1058,1785495535.041914940,map,3.0153930187,-1.9684556723,-0.5133659840,0.1143506032,0.0291610407,0.9705237332,0.2101362721,0.0430960674 0 0 0 0 0 0 0.0430960674 0 0 0 0 0 0 0.09461525208 0 0 0 0 0 0 0.0007565622951 0 0 0 0 0 0 0.0007565622951 0 0 0 0 0 0 0.001312781286
1059,1785495535.142090082,map,3.0151631832,-1.9635545015,-0.5184313655,0.1144428909,0.0287501119,0.9705183594,0.2101674524,0.04320438207 0 0 0 0 0 0 0.04320438207 0 0 0 0 0 0 0.09477570972 0 0 0 0 0 0 0.0007590675655 0 0 0 0 0 0 0.0007590675655 0 0 0 0 0 0 0.001316080739
1060,1785495535.242273092,map,3.0194764137,-1.9583770037,-0.5214110613,0.1144213630,0.0284969638,0.9705559141,0.2100402329,0.04346919528 0 0 0 0 0 0 0.04346919528 0 0 0 0 0 0 0.09516773017 0 0 0 0 0 0 0.0007651967605 0 0 0 0 0 0 0.0007651967605 0 0 0 0 0 0 0.001324147411
1061,1785495535.342308998,map,3.0226440430,-1.9596053362,-0.5211823583,0.1141796821,0.0293971721,0.9704843808,0.2103780026,0.04330425105 0 0 0 0 0 0 0.04330425105 0 0 0 0 0 0 0.09492359802 0 0 0 0 0 0 0.0007613783728 0 0 0 0 0 0 0.0007613783728 0 0 0 0 0 0 0.001319122922
1062,1785495535.442456007,map,3.0263874531,-1.9573606253,-0.5211838484,0.1140473936,0.0287755477,0.9705170390,0.2103849567,0.04325422336 0 0 0 0 0 0 0.04325422336 0 0 0 0 0 0 0.09484952279 0 0 0 0 0 0 0.0007602207072 0 0 0 0 0 0 0.0007602207072 0 0 0 0 0 0 0.001317598992
1063,1785495535.542512894,map,3.0205109119,-1.9581459761,-0.5150693059,0.1141764769,0.0289806888,0.9704936471,0.2103947490,0.04329822871 0 0 0 0 0 0 0.04329822871 0 0 0 0 0 0 0.09491468156 0 0 0 0 0 0 0.0007612390014 0 0 0 0 0 0 0.0007612390014 0 0 0 0 0 0 0.001318939471
1064,1785495535.642587900,map,2.9913289547,-1.9446347952,-0.5084856749,0.1148298551,0.0290009845,0.9703608702,0.2106485539,0.04310439763 0 0 0 0 0 0 0.04310439763 0 0 0 0 0 0 0.09462759483 0 0 0 0 0 0 0.0007567549343 0 0 0 0 0 0 0.0007567549343 0 0 0 0 0 0 0.001313035039
1065,1785495535.741935015,map,2.9893660545,-1.9410820007,-0.5103462338,0.1149180543,0.0291131987,0.9703084500,0.2108264131,0.04283827529 0 0 0 0 0 0 0.04283827529 0 0 0 0 0 0 0.09423309395 0 0 0 0 0 0 0.0007506037011 0 0 0 0 0 0 0.0007506037011 0 0 0 0 0 0 0.001304928489
1066,1785495535.841932058,map,2.9929239750,-1.9399800301,-0.5118212104,0.1150029812,0.0291634591,0.9703693008,0.2104928395,0.04310773345 0 0 0 0 0 0 0.04310773345 0 0 0 0 0 0 0.09463253734 0 0 0 0 0 0 0.0007568320778 0 0 0 0 0 0 0.0007568320778 0 0 0 0 0 0 0.001313136654
1067,1785495535.942256927,map,2.9771893024,-1.9381893873,-0.5193853378,0.1152276723,0.0285434901,0.9703762878,0.2104227130,0.04347081883 0 0 0 0 0 0 0.04347081883 0 0 0 0 0 0 0.09517013241 0 0 0 0 0 0 0.0007652343562 0 0 0 0 0 0 0.0007652343562 0 0 0 0 0 0 0.001324196867
1068,1785495536.042289019,map,2.9642498493,-1.9895335436,-0.4998014271,0.1219156515,0.0299375465,0.9695932349,0.2100696789,0.04293669957 0 0 0 0 0 0 0.04293669957 0 0 0 0 0 0 0.09437904485 0 0 0 0 0 0 0.0007528780041 0 0 0 0 0 0 0.0007528780041 0 0 0 0 0 0 0.001307926664
1069,1785495536.142537117,map,2.8390381336,-1.9334701300,-0.5303612947,0.1427061768,0.0293293151,0.9668139909,0.2098700697,0.04363592876 0 0 0 0 0 0 0.04363592876 0 0 0 0 0 0 0.09541435801 0 0 0 0 0 0 0.0007690588918 0 0 0 0 0 0 0.0007690588918 0 0 0 0 0 0 0.001329226403
1070,1785495536.242769957,map,2.8246576786,-1.9316241741,-0.5132962465,0.1489241650,0.0310080484,0.9660614299,0.2087711971,0.04410084073 0 0 0 0 0 0 0.04410084073 0 0 0 0 0 0 0.09610124107 0 0 0 0 0 0 0.0007798401071 0 0 0 0 0 0 0.0007798401071 0 0 0 0 0 0 0.001343388431
1071,1785495536.342072010,map,2.7769610882,-1.9760890007,-0.4944438636,0.1503456472,0.0397332516,0.9665203200,0.2040978235,0.04422711718 0 0 0 0 0 0 0.04422711718 0 0 0 0 0 0 0.09628760562 0 0 0 0 0 0 0.000782771514 0 0 0 0 0 0 0.000782771514 0 0 0 0 0 0 0.001347235032
1072,1785495536.442212105,map,2.7538962364,-1.9045310020,-0.5113905668,0.1444169472,0.0386912899,0.9673938873,0.2044402327,0.04326549443 0 0 0 0 0 0 0.04326549443 0 0 0 0 0 0 0.0948662129 0 0 0 0 0 0 0.0007604815068 0 0 0 0 0 0 0.0007604815068 0 0 0 0 0 0 0.001317942328
1073,1785495536.542520046,map,2.7699539661,-1.8769643307,-0.4339336455,0.1261919115,0.0351965257,0.9698579513,0.2054564664,0.04357134232 0 0 0 0 0 0 0.04357134232 0 0 0 0 0 0 0.09531884155 0 0 0 0 0 0 0.0007675625672 0 0 0 0 0 0 0.0007675625672 0 0 0 0 0 0 0.001327258987
1074,1785495536.642672062,map,2.7808163166,-1.7961974144,-0.4407899678,0.1168067509,0.0236799926,0.9712850795,0.2059143904,0.04315681613 0 0 0 0 0 0 0.04315681613 0 0 0 0 0 0 0.09470525346 0 0 0 0 0 0 0.0007579672636 0 0 0 0 0 0 0.0007579672636 0 0 0 0 0 0 0.001314631798
1075,1785495536.742815018,map,2.7659087181,-1.7510944605,-0.4827052057,0.1069446848,0.0187167601,0.9725342333,0.2058875592,0.04295747623 0 0 0 0 0 0 0.04295747623 0 0 0 0 0 0 0.09440984708 0 0 0 0 0 0 0.0007533581993 0 0 0 0 0 0 0.0007533581993 0 0 0 0 0 0 0.001308559557
1076,1785495536.841965914,map,2.6618192196,-1.7779976130,-0.4939298332,0.1010504833,0.0292099613,0.9734793937,0.2031586960,0.04295256073 0 0 0 0 0 0 0.04295256073 0 0 0 0 0 0 0.09440255988 0 0 0 0 0 0 0.0007532445878 0 0 0 0 0 0 0.0007532445878 0 0 0 0 0 0 0.001308409822
1077,1785495536.942136049,map,2.6147289276,-1.7120147943,-0.4459800422,0.0930623529,0.0263015279,0.9742573119,0.2036426808,0.04287923903 0 0 0 0 0 0 0.04287923903 0 0 0 0 0 0 0.09429384468 0 0 0 0 0 0 0.0007515501547 0 0 0 0 0 0 0.0007515501547 0 0 0 0 0 0 0.001306176316
1078,1785495537.042120934,map,2.6553297043,-1.7995023727,-0.4407256544,0.0677412748,0.0220676614,0.9759683709,0.2059365916,0.04297120923 0 0 0 0 0 0 0.04297120923 0 0 0 0 0 0 0.09443020547 0 0 0 0 0 0 0.0007536756199 0 0 0 0 0 0 0.0007536756199 0 0 0 0 0 0 0.001308977888
1079,1785495537.142154932,map,2.6382031441,-1.7851457596,-0.4376720786,0.0545641634,0.0237015370,0.9771125770,0.2042351631,0.04261200307 0 0 0 0 0 0 0.04261200307 0 0 0 0 0 0 0.09389735305 0 0 0 0 0 0 0.0007453783585 0 0 0 0 0 0 0.0007453783585 0 0 0 0 0 0 0.001298035843
1080,1785495537.242472887,map,2.5769450665,-1.7599273920,-0.4279537499,0.0525637654,0.0276098254,0.9771805219,0.2039435881,0.04256137705 0 0 0 0 0 0 0.04256137705 0 0 0 0 0 0 0.09382219481 0 0 0 0 0 0 0.0007442098488 0 0 0 0 0 0 0.0007442098488 0 0 0 0 0 0 0.001296493686
1081,1785495537.342708111,map,2.5473937988,-1.7345618010,-0.4099825323,0.0526202942,0.0283568543,0.9767135503,0.2060525098,0.04244638293 0 0 0 0 0 0 0.04244638293 0 0 0 0 0 0 0.09365142287 0 0 0 0 0 0 0.000741556472 0 0 0 0 0 0 0.000741556472 0 0 0 0 0 0 0.001292990765
1082,1785495537.441881895,map,2.5325007439,-1.7088382244,-0.4020174742,0.0518742678,0.0249790337,0.9765654755,0.2073764662,0.0425378056 0 0 0 0 0 0 0.0425378056 0 0 0 0 0 0 0.09378719619 0 0 0 0 0 0 0.0007436658671 0 0 0 0 0 0 0.0007436658671 0 0 0 0 0 0 0.001295775659
1083,1785495537.542048931,map,2.4076638222,-1.6889964342,-0.4057468474,0.0480268336,0.0262297131,0.9770469608,0.2058753763,0.04241350568 0 0 0 0 0 0 0.04241350568 0 0 0 0 0 0 0.09360258466 0 0 0 0 0 0 0.0007407980733 0 0 0 0 0 0 0.0007407980733 0 0 0 0 0 0 0.001291989266
1084,1785495537.642014980,map,2.3373126984,-1.6526654959,-0.4324561059,0.0464326871,0.0382742514,0.9769391135,0.2048634836,0.04283531898 0 0 0 0 0 0 0.04283531898 0 0 0 0 0 0 0.09422870927 0 0 0 0 0 0 0.0007505354021 0 0 0 0 0 0 0.0007505354021 0 0 0 0 0 0 0.001304838434
1085,1785495537.742336035,map,2.3495151997,-1.6509891748,-0.4094114006,0.0481091049,0.0403269985,0.9764975183,0.2061840231,0.04283317629 0 0 0 0 0 0 0.04283317629 0 0 0 0 0 0 0.09422553129 0 0 0 0 0 0 0.0007504859005 0 0 0 0 0 0 0.0007504859005 0 0 0 0 0 0 0.001304773164
1086,1785495537.842365980,map,2.3244504929,-1.6322531700,-0.3920786381,0.0582022242,0.0330582170,0.9750154525,0.2118124465,0.04253720083 0 0 0 0 0 0 0.04253720083 0 0 0 0 0 0 0.09378629819 0 0 0 0 0 0 0.0007436519107 0 0 0 0 0 0 0.0007436519107 0 0 0 0 0 0 0.001295757236
1087,1785495537.942456007,map,2.2659573555,-1.5778769255,-0.4103084803,0.0560589361,0.0337314510,0.9756673601,0.2092672587,0.04266734331 0 0 0 0 0 0 0.04266734331 0 0 0 0 0 0 0.09397949325 0 0 0 0 0 0 0.0007466559318 0 0 0 0 0 0 0.0007466559318 0 0 0 0 0 0 0.001299721603
1088,1785495538.042645931,map,2.2060759068,-1.6301519871,-0.3837041259,0.0609288960,0.0335864115,0.9757000663,0.2077715253,0.04249635029 0 0 0 0 0 0 0.04249635029 0 0 0 0 0 0 0.09372563614 0 0 0 0 0 0 0.0007427092788 0 0 0 0 0 0 0.0007427092788 0 0 0 0 0 0 0.001294512858
1089,1785495538.142688990,map,2.2044379711,-1.6156998873,-0.4198753238,0.0596473065,0.0399902484,0.9758130975,0.2064745854,0.04261003189 0 0 0 0 0 0 0.04261003189 0 0 0 0 0 0 0.09389442695 0 0 0 0 0 0 0.000745332857 0 0 0 0 0 0 0.000745332857 0 0 0 0 0 0 0.001297975797
1090,1785495538.242930889,map,2.1933717728,-1.6741451025,-0.4084459245,0.0604967868,0.0454922754,0.9758802014,0.2047643251,0.04272797373 0 0 0 0 0 0 0.04272797373 0 0 0 0 0 0 0.0940694656 0 0 0 0 0 0 0.0007480559371 0 0 0 0 0 0 0.0007480559371 0 0 0 0 0 0 0.001301568511
1091,1785495538.342948914,map,2.1797983646,-1.6258081198,-0.3736166954,0.0707772656,0.0390082896,0.9749502148,0.2072221398,0.04286774209 0 0 0 0 0 0 0.04286774209 0 0 0 0 0 0 0.09427679525 0 0 0 0 0 0 0.0007512845072 0 0 0 0 0 0 0.0007512845072 0 0 0 0 0 0 0.001305826099
1092,1785495538.442174911,map,2.0193986893,-1.5245890617,-0.3576023579,0.0900053273,0.0279727307,0.9733751850,0.2089433422,0.04332002476 0 0 0 0 0 0 0.04332002476 0 0 0 0 0 0 0.09494695103 0 0 0 0 0 0 0.0007617434281 0 0 0 0 0 0 0.0007617434281 0 0 0 0 0 0 0.001319603417
1093,1785495538.542155027,map,2.0191674232,-1.5182132721,-0.3607992828,0.0937737499,0.0290939678,0.9730116030,0.2088263492,0.04290327713 0 0 0 0 0 0 0.04290327713 0 0 0 0 0 0 0.09432948967 0 0 0 0 0 0 0.0007521056143 0 0 0 0 0 0 0.0007521056143 0 0 0 0 0 0 0.001306908558
1094,1785495538.642354012,map,2.0157463551,-1.5239959955,-0.3679379523,0.0974719728,0.0336606185,0.9726052635,0.2083390686,0.04293798525 0 0 0 0 0 0 0.04293798525 0 0 0 0 0 0 0.094380951 0 0 0 0 0 0 0.000752907718 0 0 0 0 0 0 0.000752907718 0 0 0 0 0 0 0.001307965828
1095,1785495538.742532015,map,1.9943645000,-1.5636063814,-0.3758817613,0.1011112232,0.0422575761,0.9725410516,0.2053161340,0.04277594947 0 0 0 0 0 0 0.04277594947 0 0 0 0 0 0 0.09414064431 0 0 0 0 0 0 0.0007491639601 0 0 0 0 0 0 0.0007491639601 0 0 0 0 0 0 0.001303029936
1096,1785495538.842628002,map,1.9922013283,-1.5000101328,-0.3254394531,0.1055947281,0.0397724441,0.9724152125,0.2041483692,0.04292019028 0 0 0 0 0 0 0.04292019028 0 0 0 0 0 0 0.09435456745 0 0 0 0 0 0 0.0007524964638 0 0 0 0 0 0 0.0007524964638 0 0 0 0 0 0 0.001307423762
1097,1785495538.942780018,map,1.9281255007,-1.5082620382,-0.3344793320,0.1159103944,0.0463584479,0.9713796871,0.2020820802,0.04316690665 0 0 0 0 0 0 0.04316690665 0 0 0 0 0 0 0.09472020093 0 0 0 0 0 0 0.0007582006628 0 0 0 0 0 0 0.0007582006628 0 0 0 0 0 0 0.001314939172
1098,1785495539.042124987,map,1.8625127077,-1.4914587736,-0.2979750931,0.1287776950,0.0490529244,0.9699991233,0.2002793225,0.04302694614 0 0 0 0 0 0 0.04302694614 0 0 0 0 0 0 0.09451282139 0 0 0 0 0 0 0.0007549640725 0 0 0 0 0 0 0.0007549640725 0 0 0 0 0 0 0.001310675731
1099,1785495539.142414093,map,1.7732431889,-1.4528238773,-0.2863732278,0.1466073704,0.0412722300,0.9664361531,0.2068913909,0.04325418453 0 0 0 0 0 0 0.04325418453 0 0 0 0 0 0 0.09484946528 0 0 0 0 0 0 0.0007602198086 0 0 0 0 0 0 0.0007602198086 0 0 0 0 0 0 0.001317597809
1100,1785495539.242826939,map,1.8498218060,-1.4539980888,-0.3040766716,0.1294357339,0.0382425184,0.9681956028,0.2106684087,0.04290059461 0 0 0 0 0 0 0.04290059461 0 0 0 0 0 0 0.09432551205 0 0 0 0 0 0 0.0007520436256 0 0 0 0 0 0 0.0007520436256 0 0 0 0 0 0 0.001306826844
1101,1785495539.342044115,map,1.4487038851,-1.4389129877,-0.3656215072,0.1338170498,0.0548220510,0.9674968690,0.2074544835,0.04478234245 0 0 0 0 0 0 0.04478234245 0 0 0 0 0 0 0.0971060202 0 0 0 0 0 0 0.0007956760404 0 0 0 0 0 0 0.0007956760404 0 0 0 0 0 0 0.001364148161
1102,1785495539.442133904,map,1.7581018209,-1.4074436426,-0.3006269038,0.0846991343,0.0592604477,0.9733979565,0.2044766003,0.04302472182 0 0 0 0 0 0 0.04302472182 0 0 0 0 0 0 0.09450952474 0 0 0 0 0 0 0.0007549126486 0 0 0 0 0 0 0.0007549126486 0 0 0 0 0 0 0.001310607975
1103,1785495539.542277098,map,1.7616252899,-1.3518229723,-0.3106568456,0.0816700881,0.0515774436,0.9735386840,0.2071043031,0.04299364454 0 0 0 0 0 0 0.04299364454 0 0 0 0 0 0 0.09446346225 0 0 0 0 0 0 0.000754194218 0 0 0 0 0 0 0.000754194218 0 0 0 0 0 0 0.001309661307
1104,1785495539.642302990,map,1.6736006737,-1.3792819977,-0.3080265820,0.0907254824,0.0527276431,0.9733989515,0.2036741326,0.04245408369 0 0 0 0 0 0 0.04245408369 0 0 0 0 0 0 0.09366286124 0 0 0 0 0 0 0.0007417341236 0 0 0 0 0 0 0.0007417341236 0 0 0 0 0 0 0.001293225343
1105,1785495539.742410898,map,1.5580990314,-1.4050562382,-0.2621827722,0.0993737936,0.0639591107,0.9726499228,0.1999655254,0.04329385979 0 0 0 0 0 0 0.04329385979 0 0 0 0 0 0 0.09490821299 0 0 0 0 0 0 0.0007611378964 0 0 0 0 0 0 0.0007611378964 0 0 0 0 0 0 0.001318806386
1106,1785495539.842477083,map,1.5521315336,-1.3409057856,-0.2413780242,0.0931133760,0.0682036288,0.9740899255,0.1944916048,0.04393808149 0 0 0 0 0 0 0.04393808149 0 0 0 0 0 0 0.09586090653 0 0 0 0 0 0 0.0007760637165 0 0 0 0 0 0 0.0007760637165 0 0 0 0 0 0 0.001338430501
1107,1785495539.942581892,map,1.5197840929,-1.2312982082,-0.2830947638,0.0748736638,0.0665500483,0.9768436256,0.1890543716,0.04302089125 0 0 0 0 0 0 0.04302089125 0 0 0 0 0 0 0.09450384739 0 0 0 0 0 0 0.0007548240907 0 0 0 0 0 0 0.0007548240907 0 0 0 0 0 0 0.001310491289
1108,1785495540.041893959,map,1.5768401623,-1.2591257095,-0.2380863577,0.0387855718,0.0643128698,0.9787323839,0.1908990719,0.04250870014 0 0 0 0 0 0 0.04250870014 0 0 0 0 0 0 0.09374397636 0 0 0 0 0 0 0.0007429942379 0 0 0 0 0 0 0.0007429942379 0 0 0 0 0 0 0.001294889055
1109,1785495540.142131090,map,1.4573179483,-1.2115563154,-0.2125636786,0.0152687684,0.0451477727,0.9799116535,0.1936535847,0.04253690348 0 0 0 0 0 0 0.04253690348 0 0 0 0 0 0 0.09378585667 0 0 0 0 0 0 0.0007436450489 0 0 0 0 0 0 0.0007436450489 0 0 0 0 0 0 0.001295748178
1110,1785495540.242521048,map,1.4388734102,-1.2754843235,-0.2073501498,0.0102883743,0.0315179677,0.9803624190,0.1943972716,0.04249830875 0 0 0 0 0 0 0.04249830875 0 0 0 0 0 0 0.09372854462 0 0 0 0 0 0 0.0007427544672 0 0 0 0 0 0 0.0007427544672 0 0 0 0 0 0 0.001294572516
1111,1785495540.341924906,map,1.3376576900,-1.2627307177,-0.2257247567,0.0211104947,0.0317657731,0.9804878765,0.1928440333,0.04255854061 0 0 0 0 0 0 0.04255854061 0 0 0 0 0 0 0.09381798346 0 0 0 0 0 0 0.0007441443868 0 0 0 0 0 0 0.0007441443868 0 0 0 0 0 0 0.001296407283
1112,1785495540.442110062,map,1.3029561043,-1.2860596180,-0.2188136876,0.0343315879,0.0366354119,0.9804762046,0.1901199658,0.04252442481 0 0 0 0 0 0 0.04252442481 0 0 0 0 0 0 0.09376732714 0 0 0 0 0 0 0.0007433570868 0 0 0 0 0 0 0.0007433570868 0 0 0 0 0 0 0.001295368056
1113,1785495540.542337894,map,1.2956317663,-1.2820079327,-0.2076505274,0.0408912557,0.0411325563,0.9800748756,0.1899716946,0.04239009996 0 0 0 0 0 0 0.04239009996 0 0 0 0 0 0 0.09356781235 0 0 0 0 0 0 0.0007402582171 0 0 0 0 0 0 0.0007402582171 0 0 0 0 0 0 0.001291276287
1114,1785495540.642560959,map,1.2965773344,-1.2242503166,-0.2069242150,0.0306250352,0.0350470097,0.9807841489,0.1894630768,0.04245327654 0 0 0 0 0 0 0.04245327654 0 0 0 0 0 0 0.09366166236 0 0 0 0 0 0 0.0007417155031 0 0 0 0 0 0 0.0007417155031 0 0 0 0 0 0 0.001293200756
1115,1785495540.742696047,map,1.2168879509,-1.2141026258,-0.2166216373,0.0307891639,0.0310170518,0.9807932723,0.1900908123,0.04261809536 0 0 0 0 0 0 0.04261809536 0 0 0 0 0 0 0.09390639654 0 0 0 0 0 0 0.0007455189907 0 0 0 0 0 0 0.0007455189907 0 0 0 0 0 0 0.001298221424
1116,1785495540.841949940,map,1.1632379293,-1.2280002832,-0.2184853703,0.0379609610,0.0347527405,0.9814190761,0.1848453420,0.04233946988 0 0 0 0 0 0 0.04233946988 0 0 0 0 0 0 0.09349258393 0 0 0 0 0 0 0.0007390905913 0 0 0 0 0 0 0.0007390905913 0 0 0 0 0 0 0.001289734007
1117,1785495540.942255974,map,1.1544001102,-1.1740188599,-0.2179589123,0.0394062618,0.0353495145,0.9815399276,0.1837850247,0.042574283 0 0 0 0 0 0 0.042574283 0 0 0 0 0 0 0.09384135607 0 0 0 0 0 0 0.0007445077125 0 0 0 0 0 0 0.0007445077125 0 0 0 0 0 0 0.001296886824
1118,1785495541.042241096,map,1.1760777235,-1.2115200758,-0.2106485069,0.0330333717,0.0295252136,0.9814168442,0.1867031070,0.04256056081 0 0 0 0 0 0 0.04256056081 0 0 0 0 0 0 0.09382098292 0 0 0 0 0 0 0.0007441910107 0 0 0 0 0 0 0.0007441910107 0 0 0 0 0 0 0.001296468822
1119,1785495541.142383099,map,1.0948194265,-1.1306309700,-0.2238579541,0.0393790030,0.0199825650,0.9813744363,0.1869604274,0.04232934879 0 0 0 0 0 0 0.04232934879 0 0 0 0 0 0 0.09347754379 0 0 0 0 0 0 0.0007388572064 0 0 0 0 0 0 0.0007388572064 0 0 0 0 0 0 0.001289425701
1120,1785495541.242625952,map,1.0419588089,-1.1382932663,-0.2411752492,0.0396062556,0.0214049836,0.9815689540,0.1857297211,0.04238630289 0 0 0 0 0 0 0.04238630289 0 0 0 0 0 0 0.09356217102 0 0 0 0 0 0 0.0007401706419 0 0 0 0 0 0 0.0007401706419 0 0 0 0 0 0 0.001291160622
1121,1785495541.342782974,map,1.0178940296,-1.1764851809,-0.2501607239,0.0347621083,0.0299204612,0.9819059894,0.1837307507,0.04309182383 0 0 0 0 0 0 0.04309182383 0 0 0 0 0 0 0.09460896431 0 0 0 0 0 0 0.0007564641635 0 0 0 0 0 0 0.0007564641635 0 0 0 0 0 0 0.001312652019
1122,1785495541.442091942,map,1.0040806532,-1.1132668257,-0.2126556039,0.0317309149,0.0326059093,0.9816511707,0.1851782618,0.04243059152 0 0 0 0 0 0 0.04243059152 0 0 0 0 0 0 0.09362796597 0 0 0 0 0 0 0.0007411921907 0 0 0 0 0 0 0.0007411921907 0 0 0 0 0 0 0.001292509731
1123,1785495541.542289019,map,0.9636631608,-1.0643622875,-0.2109175473,0.0288039885,0.0300645229,0.9818841741,0.1848510645,0.04265529892 0 0 0 0 0 0 0.04265529892 0 0 0 0 0 0 0.09396161753 0 0 0 0 0 0 0.000746377855 0 0 0 0 0 0 0.000746377855 0 0 0 0 0 0 0.00129935471
1124,1785495541.642374992,map,0.8566029668,-1.0461087227,-0.2121606320,0.0266310460,0.0301030915,0.9823312737,0.1827836365,0.04261642852 0 0 0 0 0 0 0.04261642852 0 0 0 0 0 0 0.09390392228 0 0 0 0 0 0 0.0007454805136 0 0 0 0 0 0 0.0007454805136 0 0 0 0 0 0 0.00129817065
1125,1785495541.742597103,map,0.7954071164,-1.0498086214,-0.1957949251,0.0286742103,0.0350431667,0.9820418561,0.1831490122,0.04239558098 0 0 0 0 0 0 0.04239558098 0 0 0 0 0 0 0.09357595543 0 0 0 0 0 0 0.0007403846335 0 0 0 0 0 0 0.0007403846335 0 0 0 0 0 0 0.001291443249
1126,1785495541.842089891,map,0.7543495297,-1.0233006477,-0.1790769249,0.0315155161,0.0363862157,0.9815686049,0.1849483848,0.04240236722 0 0 0 0 0 0 0.04240236722 0 0 0 0 0 0 0.09358603739 0 0 0 0 0 0 0.0007405411573 0 0 0 0 0 0 0.0007405411573 0 0 0 0 0 0 0.00129164997
1127,1785495541.942212105,map,0.7303830981,-0.9846441150,-0.1801073551,0.0327262090,0.0345312199,0.9815977367,0.1849391312,0.04255246242 0 0 0 0 0 0 0.04255246242 0 0 0 0 0 0 0.09380895884 0 0 0 0 0 0 0.0007440041113 0 0 0 0 0 0 0.0007440041113 0 0 0 0 0 0 0.001296222131
1128,1785495542.042314053,map,0.6693254709,-0.9855229259,-0.1836155802,0.0321033237,0.0336956258,0.9817103014,0.1846046813,0.043547619 0 0 0 0 0 0 0.043547619 0 0 0 0 0 0 0.09528375155 0 0 0 0 0 0 0.0007670130383 0 0 0 0 0 0 0.0007670130383 0 0 0 0 0 0 0.001326536334
1129,1785495542.142435074,map,0.6541032195,-0.9944185615,-0.1769698262,0.0318269020,0.0357851424,0.9821178959,0.1820739117,0.04242347431 0 0 0 0 0 0 0.04242347431 0 0 0 0 0 0 0.09361739343 0 0 0 0 0 0 0.0007410280156 0 0 0 0 0 0 0.0007410280156 0 0 0 0 0 0 0.001292292928
1130,1785495542.241699934,map,0.6393859982,-0.9585711360,-0.1679705828,0.0273034053,0.0348629774,0.9822827159,0.1820981927,0.04250203097 0 0 0 0 0 0 0.04250203097 0 0 0 0 0 0 0.09373407237 0 0 0 0 0 0 0.0007428403525 0 0 0 0 0 0 0.0007428403525 0 0 0 0 0 0 0.001294685901
1131,1785495542.341916084,map,0.5915842056,-0.9760932326,-0.1468422562,0.0262471420,0.0304539667,0.9826557799,0.1810283226,0.04257963941 0 0 0 0 0 0 0.04257963941 0 0 0 0 0 0 0.09384930837 0 0 0 0 0 0 0.0007446313404 0 0 0 0 0 0 0.0007446313404 0 0 0 0 0 0 0.001297049989
1132,1785495542.442147970,map,0.5642315745,-0.9617898464,-0.1653635055,0.0253623560,0.0293066462,0.9828494148,0.1802911495,0.04252918083 0 0 0 0 0 0 0.04252918083 0 0 0 0 0 0 0.09377438945 0 0 0 0 0 0 0.0007434668368 0 0 0 0 0 0 0.0007434668368 0 0 0 0 0 0 0.001295512933
1133,1785495542.542376995,map,0.5510847569,-0.9634845257,-0.1643322557,0.0261555218,0.0300359170,0.9833219966,0.1774586915,0.04259628056 0 0 0 0 0 0 0.04259628056 0 0 0 0 0 0 0.09387401333 0 0 0 0 0 0 0.0007450154402 0 0 0 0 0 0 0.0007450154402 0 0 0 0 0 0 0.001297556908
1134,1785495542.642612934,map,0.4802164733,-0.9427571297,-0.1593981534,0.0269815909,0.0308374701,0.9835415294,0.1759747300,0.04265764283 0 0 0 0 0 0 0.04265764283 0 0 0 0 0 0 0.09396509632 0 0 0 0 0 0 0.0007464319694 0 0 0 0 0 0 0.0007464319694 0 0 0 0 0 0 0.001299426109
1135,1785495542.742722034,map,0.4708948433,-0.9085590243,-0.1705724150,0.0257884146,0.0292937304,0.9835041296,0.1766251765,0.04267306454 0 0 0 0 0 0 0.04267306454 0 0 0 0 0 0 0.09398798415 0 0 0 0 0 0 0.0007467880261 0 0 0 0 0 0 0.0007467880261 0 0 0 0 0 0 0.001299895882
1136,1785495542.841959000,map,0.4406103194,-0.9318927526,-0.1549216658,0.0218926299,0.0283993424,0.9837408066,0.1759778373,0.04256871158 0 0 0 0 0 0 0.04256871158 0 0 0 0 0 0 0.09383308439 0 0 0 0 0 0 0.0007443791249 0 0 0 0 0 0 0.0007443791249 0 0 0 0 0 0 0.001296717109
1137,1785495542.942147017,map,0.3361533582,-0.9419236183,-0.1767300963,0.0306318872,0.0298627251,0.9836181728,0.1751148292,0.04262424349 0 0 0 0 0 0 0.04262424349 0 0 0 0 0 0 0.0939155227 0 0 0 0 0 0 0.0007456609153 0 0 0 0 0 0 0.0007456609153 0 0 0 0 0 0 0.001298408707
1138,1785495543.041949034,map,0.4102881551,-0.9296688437,-0.1567534506,0.0301126533,0.0305894089,0.9834864481,0.1758178676,0.04247956945 0 0 0 0 0 0 0.04247956945 0 0 0 0 0 0 0.09370071424 0 0 0 0 0 0 0.0007423221004 0 0 0 0 0 0 0.0007423221004 0 0 0 0 0 0 0.001294001684
1139,1785495543.142191887,map,0.4343275130,-0.9221436977,-0.1640642434,0.0279360178,0.0298321480,0.9835550208,0.1759237442,0.04241454715 0 0 0 0 0 0 0.04241454715 0 0 0 0 0 0 0.09360413183 0 0 0 0 0 0 0.0007408220961 0 0 0 0 0 0 0.0007408220961 0 0 0 0 0 0 0.001292020992
1140,1785495543.242270947,map,0.4382252693,-0.9204690456,-0.1684037894,0.0277460534,0.0294162025,0.9835538618,0.1760302689,0.04257768228 0 0 0 0 0 0 0.04257768228 0 0 0 0 0 0 0.09384640278 0 0 0 0 0 0 0.0007445861689 0 0 0 0 0 0 0.0007445861689 0 0 0 0 0 0 0.001296990372
1141,1785495543.341603041,map,0.4502545893,-0.9164503813,-0.1670472026,0.0273401010,0.0295392871,0.9835983952,0.1758241796,0.04253189916 0 0 0 0 0 0 0.04253189916 0 0 0 0 0 0 0.09377842588 0 0 0 0 0 0 0.0007435295658 0 0 0 0 0 0 0.0007435295658 0 0 0 0 0 0 0.001295595738
1142,1785495543.441692114,map,0.4505608082,-0.9224820733,-0.1638293564,0.0270796348,0.0296909563,0.9835816926,0.1759323586,0.04247565172 0 0 0 0 0 0 0.04247565172 0 0 0 0 0 0 0.09369489563 0 0 0 0 0 0 0.0007422317117 0 0 0 0 0 0 0.0007422317117 0 0 0 0 0 0 0.001293882343
1143,1785495543.541955948,map,0.4567138255,-0.9226253033,-0.1670229137,0.0264847997,0.0297105183,0.9835834878,0.1760095897,0.04254766379 0 0 0 0 0 0 0.04254766379 0 0 0 0 0 0 0.0938018339 0 0 0 0 0 0 0.0007438933683 0 0 0 0 0 0 0.0007438933683 0 0 0 0 0 0 0.001296075956
1144,1785495543.641858101,map,0.4502178133,-0.9353833199,-0.1586409211,0.0266395103,0.0300272803,0.9835522256,0.1761070483,0.04269618885 0 0 0 0 0 0 0.04269618885 0 0 0 0 0 0 0.09402230111 0 0 0 0 0 0 0.000747321959 0 0 0 0 0 0 0.000747321959 0 0 0 0 0 0 0.001300600288
1145,1785495543.742126942,map,0.4559994638,-0.9257277250,-0.1656587273,0.0266630165,0.0290776328,0.9835827758,0.1760922991,0.04261805106 0 0 0 0 0 0 0.04261805106 0 0 0 0 0 0 0.09390633078 0 0 0 0 0 0 0.0007455179681 0 0 0 0 0 0 0.0007455179681 0 0 0 0 0 0 0.001298220075
1146,1785495543.842000008,map,0.4585897326,-0.9269633293,-0.1617435962,0.0266540778,0.0296176918,0.9835962364,0.1759283786,0.0424930261 0 0 0 0 0 0 0.0424930261 0 0 0 0 0 0 0.09372069938 0 0 0 0 0 0 0.0007426325791 0 0 0 0 0 0 0.0007426325791 0 0 0 0 0 0 0.001294411597
1147,1785495543.942137957,map,0.4619161189,-0.9219923615,-0.1660409868,0.0266159742,0.0298289657,0.9836119919,0.1758102810,0.04263476157 0 0 0 0 0 0 0.04263476157 0 0 0 0 0 0 0.09393113505 0 0 0 0 0 0 0.0007459037243 0 0 0 0 0 0 0.0007459037243 0 0 0 0 0 0 0.001298729106
1148,1785495544.042228937,map,0.4576258659,-0.9140089154,-0.1693234295,0.0271126083,0.0298289487,0.9836503344,0.1755196902,0.04249165147 0 0 0 0 0 0 0.04249165147 0 0 0 0 0 0 0.0937186579 0 0 0 0 0 0 0.0007426008622 0 0 0 0 0 0 0.0007426008622 0 0 0 0 0 0 0.001294369723
1149,1785495544.141464949,map,0.4572027624,-0.9111174345,-0.1677153707,0.0270703273,0.0298790057,0.9836303680,0.1756295394,0.0425763695 0 0 0 0 0 0 0.0425763695 0 0 0 0 0 0 0.09384445378 0 0 0 0 0 0 0.0007445558694 0 0 0 0 0 0 0.0007445558694 0 0 0 0 0 0 0.001296950382
1150,1785495544.241669893,map,0.4580306709,-0.9122248292,-0.1665343195,0.0272816583,0.0296929065,0.9836272473,0.1756458897,0.04246277429 0 0 0 0 0 0 0.04246277429 0 0 0 0 0 0 0.09367576946 0 0 0 0 0 0 0.0007419346163 0 0 0 0 0 0 0.0007419346163 0 0 0 0 0 0 0.001293490074
1151,1785495544.341825008,map,0.4702217281,-0.9124093652,-0.1633358896,0.0266288097,0.0294817103,0.9836431159,0.1756927370,0.04278673194 0 0 0 0 0 0 0.04278673194 0 0 0 0 0 0 0.09415663982 0 0 0 0 0 0 0.0007494130138 0 0 0 0 0 0 0.0007494130138 0 0 0 0 0 0 0.001303358389
1152,1785495544.441857100,map,0.4778460264,-0.9143412709,-0.1618281454,0.0262622560,0.0293854936,0.9836874862,0.1755155606,0.04264157088 0 0 0 0 0 0 0.04264157088 0 0 0 0 0 0 0.09394124201 0 0 0 0 0 0 0.0007460609219 0 0 0 0 0 0 0.0007460609219 0 0 0 0 0 0 0.00129893653
1153,1785495544.542045116,map,0.4835638702,-0.9123320580,-0.1636877656,0.0263018998,0.0294127347,0.9836629533,0.1756425209,0.04270460092 0 0 0 0 0 0 0.04270460092 0 0 0 0 0 0 0.09403478404 0 0 0 0 0 0 0.0007475162023 0 0 0 0 0 0 0.0007475162023 0 0 0 0 0 0 0.001300856534
1154,1785495544.641303062,map,0.4630967677,-0.9295674562,-0.1607777774,0.0265666502,0.0299875639,0.9836035536,0.1758380132,0.04269394633 0 0 0 0 0 0 0.04269394633 0 0 0 0 0 0 0.0940189733 0 0 0 0 0 0 0.0007472701779 0 0 0 0 0 0 0.0007472701779 0 0 0 0 0 0 0.001300531977
1155,1785495544.741516113,map,0.4688846767,-0.9215353727,-0.1684100628,0.0266819896,0.0298359395,0.9836478802,0.1755982963,0.04245954746 0 0 0 0 0 0 0.04245954746 0 0 0 0 0 0 0.09367097668 0 0 0 0 0 0 0.0007418601724 0 0 0 0 0 0 0.0007418601724 0 0 0 0 0 0 0.001293391779
1156,1785495544.841653109,map,0.4652580023,-0.9236531258,-0.1689196974,0.0266741461,0.0297977845,0.9835785793,0.1759936516,0.04281405485 0 0 0 0 0 0 0.04281405485 0 0 0 0 0 0 0.0941971697 0 0 0 0 0 0 0.0007500441636 0 0 0 0 0 0 0.0007500441636 0 0 0 0 0 0 0.001304190692
1157,1785495544.941682100,map,0.4691827893,-0.9156787395,-0.1691479534,0.0268118481,0.0296045949,0.9836048262,0.1758585936,0.04249442824 0 0 0 0 0 0 0.04249442824 0 0 0 0 0 0 0.09372278171 0 0 0 0 0 0 0.0007426649308 0 0 0 0 0 0 0.0007426649308 0 0 0 0 0 0 0.001294454309
1158,1785495545.041691065,map,0.4654044509,-0.9204254746,-0.1729308814,0.0266701224,0.0295860417,0.9836242704,0.1757744323,0.04262025209 0 0 0 0 0 0 0.04262025209 0 0 0 0 0 0 0.09390959797 0 0 0 0 0 0 0.0007455687767 0 0 0 0 0 0 0.0007455687767 0 0 0 0 0 0 0.001298287122
1159,1785495545.141921043,map,0.4725135267,-0.9205425978,-0.1660824865,0.0265630451,0.0295802934,0.9836367761,0.1757216982,0.04266190669 0 0 0 0 0 0 0.04266190669 0 0 0 0 0 0 0.09397142457 0 0 0 0 0 0 0.0007465304113 0 0 0 0 0 0 0.0007465304113 0 0 0 0 0 0 0.001299555994
1160,1785495545.241030931,map,0.4706517458,-0.9225667119,-0.1648052037,0.0266297746,0.0295400267,0.9836029628,0.1759074962,0.04250041896 0 0 0 0 0 0 0.04250041896 0 0 0 0 0 0 0.09373167843 0 0 0 0 0 0 0.0007428031573 0 0 0 0 0 0 0.0007428031573 0 0 0 0 0 0 0.001294636796
1161,1785495545.341226101,map,0.4627492726,-0.9217255712,-0.1713615358,0.0266007212,0.0297561284,0.9836135826,0.1758160792,0.04266167083 0 0 0 0 0 0 0.04266167083 0 0 0 0 0 0 0.09397107452 0 0 0 0 0 0 0.0007465249659 0 0 0 0 0 0 0.0007465249659 0 0 0 0 0 0 0.001299548809
1162,1785495545.441308022,map,0.4634062350,-0.9151136279,-0.1702864319,0.0266188429,0.0293234190,0.9836535308,0.1756624804,0.04267398556 0 0 0 0 0 0 0.04267398556 0 0 0 0 0 0 0.09398935101 0 0 0 0 0 0 0.0007468092912 0 0 0 0 0 0 0.0007468092912 0 0 0 0 0 0 0.001299923937
1163,1785495545.541501045,map,0.4653368592,-0.9125592113,-0.1669610143,0.0270579246,0.0296015535,0.9836468653,0.1755860630,0.04248447984 0 0 0 0 0 0 0.04248447984 0 0 0 0 0 0 0.09370800703 0 0 0 0 0 0 0.0007424353937 0 0 0 0 0 0 0.0007424353937 0 0 0 0 0 0 0.001294151263
1164,1785495545.640664101,map,0.4523265660,-0.8963193297,-0.1726801693,0.0275746436,0.0297270637,0.9836676115,0.1753680529,0.04275374163 0 0 0 0 0 0 0.04275374163 0 0 0 0 0 0 0.09410769748 0 0 0 0 0 0 0.0007486510344 0 0 0 0 0 0 0.0007486510344 0 0 0 0 0 0 0.001302353446
1165,1785495545.740758896,map,0.4879593849,-0.9055351019,-0.1717102528,0.0280531224,0.0298545256,0.9838329518,0.1743400715,0.04259478043 0 0 0 0 0 0 0.04259478043 0 0 0 0 0 0 0.09387178634 0 0 0 0 0 0 0.0007449808141 0 0 0 0 0 0 0.0007449808141 0 0 0 0 0 0 0.001297511211
1166,1785495545.840857029,map,0.4491147697,-0.9075415134,-0.1751487255,0.0325352514,0.0294139721,0.9837553481,0.1740738356,0.04237625232 0 0 0 0 0 0 0.04237625232 0 0 0 0 0 0 0.09354723837 0 0 0 0 0 0 0.0007399388419 0 0 0 0 0 0 0.0007399388419 0 0 0 0 0 0 0.001290854464
1167,1785495545.940897942,map,0.3628683090,-0.9196314216,-0.1856960654,0.0435090548,0.0325849929,0.9833502658,0.1733996145,0.04257757615 0 0 0 0 0 0 0.04257757615 0 0 0 0 0 0 0.09384624522 0 0 0 0 0 0 0.0007445837195 0 0 0 0 0 0 0.0007445837195 0 0 0 0 0 0 0.001296987139
1168,1785495546.040826082,map,0.3166886866,-0.8995715380,-0.1877331287,0.0432793553,0.0325432439,0.9840982063,0.1691701812,0.04250174948 0 0 0 0 0 0 0.04250174948 0 0 0 0 0 0 0.09373365435 0 0 0 0 0 0 0.0007428338575 0 0 0 0 0 0 0.0007428338575 0 0 0 0 0 0 0.001294677326
1169,1785495546.140906096,map,0.3404774070,-0.8502041698,-0.1644995660,0.0235532602,0.0278868632,0.9854097756,0.1662381866,0.04260076075 0 0 0 0 0 0 0.04260076075 0 0 0 0 0 0 0.09388066421 0 0 0 0 0 0 0.0007451188529 0 0 0 0 0 0 0.0007451188529 0 0 0 0 0 0 0.001297693382
1170,1785495546.241136074,map,0.2552736104,-0.8839868307,-0.1707990915,0.0153020139,0.0278802659,0.9858028940,0.1648671546,0.04255779592 0 0 0 0 0 0 0.04255779592 0 0 0 0 0 0 0.0938168778 0 0 0 0 0 0 0.0007441272004 0 0 0 0 0 0 0.0007441272004 0 0 0 0 0 0 0.001296384599
