message_index,stamp_sec,frame_id,position_x,position_y,position_z,orientation_x,orientation_y,orientation_z,orientation_w,covariance
0,0.000000000,map,8.3300000000,-3.7800000000,-1.3900000000,0.0000000000,0.0000000000,0.8530502707,0.5218287416,0 0 0 0 0 0 0 0 0 0 0 0 0 0 0 0 0 0 0 0 0 0 0 0 0 0 0 0 0 0 0 0 0 0 0 0
1,1785497053.405873299,map,8.3864555359,-3.8253250122,-1.3953142166,0.0491646818,0.0594101470,0.8516909655,0.5183394249,0.04280350982 0 0 0 0 0 0 0.04280350982 0 0 0 0 0 0 0.09418152805 0 0 0 0 0 0 0.0007498005694 0 0 0 0 0 0 0.0007498005694 0 0 0 0 0 0 0.001303869472
2,1785497055.705973864,map,8.4079570770,-3.7927253246,-1.3990706205,0.0488590272,0.0590091105,0.8519840810,0.5179323100,0.04292726005 0 0 0 0 0 0 0.04292726005 0 0 0 0 0 0 0.0943650496 0 0 0 0 0 0 0.0007526598479 0 0 0 0 0 0 0.0007526598479 0 0 0 0 0 0 0.00130763912
3,1785497055.905592203,map,8.3709459305,-3.7963912487,-1.3894529343,0.0491208563,0.0593879141,0.8516568981,0.5184020987,0.04267138522 0 0 0 0 0 0 0.04267138522 0 0 0 0 0 0 0.09398549187 0 0 0 0 0 0 0.0007467492528 0 0 0 0 0 0 0.0007467492528 0 0 0 0 0 0 0.001299844726
4,1785497056.106098890,map,8.3783607483,-3.8249464035,-1.3904489279,0.0491905835,0.0594204509,0.8518727064,0.5180369161,0.04294115176 0 0 0 0 0 0 0.04294115176 0 0 0 0 0 0 0.0943856456 0 0 0 0 0 0 0.000752980901 0 0 0 0 0 0 0.000752980901 0 0 0 0 0 0 0.001308062285
5,1785497056.205844879,map,8.4103937149,-3.8067986965,-1.3972307444,0.0490546426,0.0588685863,0.8522106680,0.5175567838,0.0427912365 0 0 0 0 0 0 0.0427912365 0 0 0 0 0 0 0.09416332202 0 0 0 0 0 0 0.0007495170631 0 0 0 0 0 0 0.0007495170631 0 0 0 0 0 0 0.001303495605
6,1785497056.405519724,map,8.4182119370,-3.8087029457,-1.3975566626,0.0488002092,0.0591325376,0.8522061282,0.5175583170,0.04308183814 0 0 0 0 0 0 0.04308183814 0 0 0 0 0 0 0.09459416795 0 0 0 0 0 0 0.0007562332527 0 0 0 0 0 0 0.0007562332527 0 0 0 0 0 0 0.001312347837
7,1785497056.505740404,map,8.4207496643,-3.8091638088,-1.3980884552,0.0488991252,0.0591158130,0.8521749278,0.5176022362,0.04299239249 0 0 0 0 0 0 0.04299239249 0 0 0 0 0 0 0.09446160637 0 0 0 0 0 0 0.0007541652755 0 0 0 0 0 0 0.0007541652755 0 0 0 0 0 0 0.001309623167
8,1785497056.605889320,map,8.4267244339,-3.8103942871,-1.3975012302,0.0489611109,0.0593330396,0.8521554557,0.5176035893,0.04287248476 0 0 0 0 0 0 0.04287248476 0 0 0 0 0 0 0.0942838285 0 0 0 0 0 0 0.0007513940897 0 0 0 0 0 0 0.0007513940897 0 0 0 0 0 0 0.001305970569
9,1785497056.705776453,map,8.4275894165,-3.8058202267,-1.3977558613,0.0489424477,0.0591652701,0.8522295371,0.5175025741,0.04292917938 0 0 0 0 0 0 0.04292917938 0 0 0 0 0 0 0.09436789527 0 0 0 0 0 0 0.0007527042047 0 0 0 0 0 0 0.0007527042047 0 0 0 0 0 0 0.001307697586
10,1785497056.805559397,map,8.4292697906,-3.8020584583,-1.3978840113,0.0491603230,0.0591808507,0.8522386535,0.5174651113,0.04289745728 0 0 0 0 0 0 0.04289745728 0 0 0 0 0 0 0.09432085998 0 0 0 0 0 0 0.0007519711276 0 0 0 0 0 0 0.0007519711276 0 0 0 0 0 0 0.001306731275
11,1785497056.905585766,map,8.4352674484,-3.8083436489,-1.3993864059,0.0489808033,0.0593180675,0.8522795578,0.5173990840,0.04318347448 0 0 0 0 0 0 0.04318347448 0 0 0 0 0 0 0.09474474226 0 0 0 0 0 0 0.0007585839047 0 0 0 0 0 0 0.0007585839047 0 0 0 0 0 0 0.001315443857
12,1785497057.005833149,map,8.4324579239,-3.8049559593,-1.3995338678,0.0490735689,0.0591872764,0.8522842932,0.5173974856,0.04291235354 0 0 0 0 0 0 0.04291235354 0 0 0 0 0 0 0.09434294781 0 0 0 0 0 0 0.0007523153598 0 0 0 0 0 0 0.0007523153598 0 0 0 0 0 0 0.001307185041
13,1785497057.105914116,map,8.4277000427,-3.8024497032,-1.4003974199,0.0491131150,0.0590481816,0.8522835913,0.5174107623,0.04309840586 0 0 0 0 0 0 0.04309840586 0 0 0 0 0 0 0.09461871697 0 0 0 0 0 0 0.000756616372 0 0 0 0 0 0 0.000756616372 0 0 0 0 0 0 0.001312852519
14,1785497057.205642939,map,8.4320249557,-3.7943873405,-1.3996698856,0.0491713166,0.0589504503,0.8522970558,0.5173942311,0.0428534002 0 0 0 0 0 0 0.0428534002 0 0 0 0 0 0 0.09425552585 0 0 0 0 0 0 0.0007509531404 0 0 0 0 0 0 0.0007509531404 0 0 0 0 0 0 0.00130538922
15,1785497057.305518866,map,8.4268274307,-3.7923715115,-1.3994626999,0.0492686428,0.0592635328,0.8522876779,0.5173646595,0.04281439408 0 0 0 0 0 0 0.04281439408 0 0 0 0 0 0 0.09419767286 0 0 0 0 0 0 0.000750052 0 0 0 0 0 0 0.000750052 0 0 0 0 0 0 0.001304201025
16,1785497057.405603170,map,8.4226455688,-3.7889955044,-1.3978964090,0.0493771027,0.0592629839,0.8523445986,0.5172606160,0.0429793924 0 0 0 0 0 0 0.0429793924 0 0 0 0 0 0 0.09444233605 0 0 0 0 0 0 0.000753864771 0 0 0 0 0 0 0.000753864771 0 0 0 0 0 0 0.001309227162
17,1785497057.506054163,map,8.4286499023,-3.7870206833,-1.4004449844,0.0492192433,0.0591636271,0.8523367722,0.5172998940,0.04282432753 0 0 0 0 0 0 0.04282432753 0 0 0 0 0 0 0.09421240675 0 0 0 0 0 0 0.0007502814755 0 0 0 0 0 0 0.0007502814755 0 0 0 0 0 0 0.001304503616
18,1785497057.605827808,map,8.4262390137,-3.7853379250,-1.3992987871,0.0491444702,0.0591082537,0.8523709217,0.5172570366,0.04306556126 0 0 0 0 0 0 0.04306556126 0 0 0 0 0 0 0.09457004837 0 0 0 0 0 0 0.0007558568816 0 0 0 0 0 0 0.0007558568816 0 0 0 0 0 0 0.001311852015
19,1785497057.705650806,map,8.4224605560,-3.7836201191,-1.4007917643,0.0493921711,0.0590522518,0.8523419769,0.5172875218,0.04276026515 0 0 0 0 0 0 0.04276026515 0 0 0 0 0 0 0.09411737585 0 0 0 0 0 0 0.0007488017011 0 0 0 0 0 0 0.0007488017011 0 0 0 0 0 0 0.001302552164
20,1785497057.805523872,map,8.4237289429,-3.7863373756,-1.4008467197,0.0494033998,0.0592944804,0.8523433782,0.5172564965,0.04285559465 0 0 0 0 0 0 0.04285559465 0 0 0 0 0 0 0.09425878036 0 0 0 0 0 0 0.0007510038417 0 0 0 0 0 0 0.0007510038417 0 0 0 0 0 0 0.001305456067
21,1785497057.905591249,map,8.4292879105,-3.7905056477,-1.4006477594,0.0491926203,0.0591989282,0.8523535706,0.5172707131,0.04316333113 0 0 0 0 0 0 0.04316333113 0 0 0 0 0 0 0.09471490445 0 0 0 0 0 0 0.0007581179583 0 0 0 0 0 0 0.0007581179583 0 0 0 0 0 0 0.001314830256
22,1785497058.005958796,map,8.4280910492,-3.7907109261,-1.4004086256,0.0491805296,0.0591176208,0.8523568086,0.5172757759,0.04305272954 0 0 0 0 0 0 0.04305272954 0 0 0 0 0 0 0.09455103289 0 0 0 0 0 0 0.0007555601888 0 0 0 0 0 0 0.0007555601888 0 0 0 0 0 0 0.001311461139
23,1785497058.105751276,map,8.4255466461,-3.7919232845,-1.4000407457,0.0491114613,0.0590289961,0.8524278812,0.5171753450,0.04308164627 0 0 0 0 0 0 0.04308164627 0 0 0 0 0 0 0.09459388363 0 0 0 0 0 0 0.0007562288159 0 0 0 0 0 0 0.0007562288159 0 0 0 0 0 0 0.001312341993
24,1785497058.205631495,map,8.4244155884,-3.7934179306,-1.4001528025,0.0492400875,0.0592262342,0.8524716635,0.5170684104,0.0428415875 0 0 0 0 0 0 0.0428415875 0 0 0 0 0 0 0.09423800642 0 0 0 0 0 0 0.0007506802232 0 0 0 0 0 0 0.0007506802232 0 0 0 0 0 0 0.001305029384
25,1785497058.305483341,map,8.4208698273,-3.7957966328,-1.3968091011,0.0492821939,0.0592909988,0.8523967071,0.5171804664,0.04317148263 0 0 0 0 0 0 0.04317148263 0 0 0 0 0 0 0.09472697932 0 0 0 0 0 0 0.0007583065106 0 0 0 0 0 0 0.0007583065106 0 0 0 0 0 0 0.001315078565
26,1785497058.405687332,map,8.4222993851,-3.7946057320,-1.3976114988,0.0491382806,0.0590781791,0.8524291731,0.5171650516,0.04300242017 0 0 0 0 0 0 0.04300242017 0 0 0 0 0 0 0.09447646997 0 0 0 0 0 0 0.0007543970807 0 0 0 0 0 0 0.0007543970807 0 0 0 0 0 0 0.001309928628
27,1785497058.506133080,map,8.4211101532,-3.7959301472,-1.3983221054,0.0489758783,0.0592341716,0.8524181685,0.5171807833,0.04282824082 0 0 0 0 0 0 0.04282824082 0 0 0 0 0 0 0.09421821102 0 0 0 0 0 0 0.0007503718799 0 0 0 0 0 0 0.0007503718799 0 0 0 0 0 0 0.001304622821
28,1785497058.605814695,map,8.4249715805,-3.7983505726,-1.3984088898,0.0490722160,0.0593470322,0.8524348382,0.5171313031,0.04307003647 0 0 0 0 0 0 0.04307003647 0 0 0 0 0 0 0.09457668002 0 0 0 0 0 0 0.0007559603598 0 0 0 0 0 0 0.0007559603598 0 0 0 0 0 0 0.001311988338
29,1785497058.705622435,map,8.4262523651,-3.8065547943,-1.3979957104,0.0490519552,0.0594527516,0.8523381538,0.5172803490,0.04310378602 0 0 0 0 0 0 0.04310378602 0 0 0 0 0 0 0.09462668863 0 0 0 0 0 0 0.0007567407904 0 0 0 0 0 0 0.0007567407904 0 0 0 0 0 0 0.001313016408
30,1785497058.805493832,map,8.4249620438,-3.8057775497,-1.3980363607,0.0490211269,0.0592969659,0.8522923911,0.5173765546,0.04304584396 0 0 0 0 0 0 0.04304584396 0 0 0 0 0 0 0.09454082869 0 0 0 0 0 0 0.0007554009876 0 0 0 0 0 0 0.0007554009876 0 0 0 0 0 0 0.001311251392
31,1785497058.905643940,map,8.4252395630,-3.8072004318,-1.3979282379,0.0490381323,0.0593191756,0.8522814095,0.5173904943,0.04277769398 0 0 0 0 0 0 0.04277769398 0 0 0 0 0 0 0.09414323229 0 0 0 0 0 0 0.0007492042542 0 0 0 0 0 0 0.0007492042542 0 0 0 0 0 0 0.001303083077
32,1785497059.005920410,map,8.4229612350,-3.8092541695,-1.3973133564,0.0492584585,0.0593877576,0.8522139627,0.5174727423,0.0431231673 0 0 0 0 0 0 0.0431231673 0 0 0 0 0 0 0.09465540408 0 0 0 0 0 0 0.0007571890102 0 0 0 0 0 0 0.0007571890102 0 0 0 0 0 0 0.001313606796
33,1785497059.105730772,map,8.4333047867,-3.8134310246,-1.4000595808,0.0491272871,0.0592295217,0.8521179607,0.5176614442,0.04297775112 0 0 0 0 0 0 0.04297775112 0 0 0 0 0 0 0.09443990308 0 0 0 0 0 0 0.000753826833 0 0 0 0 0 0 0.000753826833 0 0 0 0 0 0 0.001309177165
34,1785497059.205543995,map,8.4276189804,-3.8096745014,-1.3982518911,0.0490798696,0.0591488721,0.8520836408,0.5177316978,0.04303272367 0 0 0 0 0 0 0.04303272367 0 0 0 0 0 0 0.09452138414 0 0 0 0 0 0 0.0007550976451 0 0 0 0 0 0 0.0007550976451 0 0 0 0 0 0 0.001310851725
35,1785497059.305551767,map,8.4210681915,-3.8071899414,-1.3986825943,0.0490533109,0.0592746461,0.8521158915,0.5176666184,0.04282381228 0 0 0 0 0 0 0.04282381228 0 0 0 0 0 0 0.09421164251 0 0 0 0 0 0 0.0007502695724 0 0 0 0 0 0 0.0007502695724 0 0 0 0 0 0 0.00130448792
36,1785497059.405975819,map,8.4228601456,-3.8050618172,-1.3981920481,0.0491639659,0.0591993790,0.8521407518,0.5176238346,0.04317021877 0 0 0 0 0 0 0.04317021877 0 0 0 0 0 0 0.09472510718 0 0 0 0 0 0 0.0007582772759 0 0 0 0 0 0 0.0007582772759 0 0 0 0 0 0 0.001315040065
37,1785497059.505888700,map,8.4180622101,-3.8049027920,-1.3962923288,0.0491573686,0.0592416249,0.8521613691,0.5175857112,0.04281484482 0 0 0 0 0 0 0.04281484482 0 0 0 0 0 0 0.09419834144 0 0 0 0 0 0 0.0007500624124 0 0 0 0 0 0 0.0007500624124 0 0 0 0 0 0 0.001304214756
38,1785497059.605641365,map,8.4237651825,-3.8065841198,-1.3979018927,0.0491691764,0.0591878942,0.8520955804,0.5176990512,0.04304745793 0 0 0 0 0 0 0.04304745793 0 0 0 0 0 0 0.09454322056 0 0 0 0 0 0 0.0007554383037 0 0 0 0 0 0 0.0007554383037 0 0 0 0 0 0 0.001311300556
39,1785497059.705504417,map,8.4196748734,-3.8061141968,-1.3973015547,0.0491767272,0.0590339033,0.8521217090,0.5176729295,0.04286704571 0 0 0 0 0 0 0.04286704571 0 0 0 0 0 0 0.09427576252 0 0 0 0 0 0 0.000751268417 0 0 0 0 0 0 0.000751268417 0 0 0 0 0 0 0.001305804886
40,1785497059.805650949,map,8.4195432663,-3.8089928627,-1.3961173296,0.0493827739,0.0591132459,0.8521573046,0.5175856968,0.04284739033 0 0 0 0 0 0 0.04284739033 0 0 0 0 0 0 0.09424661271 0 0 0 0 0 0 0.0007508142887 0 0 0 0 0 0 0.0007508142887 0 0 0 0 0 0 0.001305206149
41,1785497059.905936241,map,8.4209442139,-3.8125271797,-1.3962298632,0.0492024682,0.0590814122,0.8521974690,0.5175403725,0.0430240722 0 0 0 0 0 0 0.0430240722 0 0 0 0 0 0 0.09450856193 0 0 0 0 0 0 0.0007548976301 0 0 0 0 0 0 0.0007548976301 0 0 0 0 0 0 0.001310588186
42,1785497060.005677700,map,8.4189777374,-3.8126244545,-1.4002413750,0.0493796833,0.0590932227,0.8521613935,0.5175814646,0.04291209961 0 0 0 0 0 0 0.04291209961 0 0 0 0 0 0 0.09434257129 0 0 0 0 0 0 0.0007523094916 0 0 0 0 0 0 0.0007523094916 0 0 0 0 0 0 0.001307177306
43,1785497060.105610609,map,8.4171867371,-3.8102326393,-1.3983640671,0.0493016736,0.0591059666,0.8522264733,0.5174803228,0.04282220715 0 0 0 0 0 0 0.04282220715 0 0 0 0 0 0 0.09420926172 0 0 0 0 0 0 0.0007502324913 0 0 0 0 0 0 0.0007502324913 0 0 0 0 0 0 0.001304439025
44,1785497060.205538273,map,8.4186315536,-3.8074531555,-1.3987816572,0.0492161148,0.0592336007,0.8521897382,0.5175343837,0.04299690545 0 0 0 0 0 0 0.04299690545 0 0 0 0 0 0 0.0944682958 0 0 0 0 0 0 0.0007542695983 0 0 0 0 0 0 0.0007542695983 0 0 0 0 0 0 0.00130976064
45,1785497060.305945158,map,8.4051971436,-3.7676534653,-1.3966062069,0.0493876839,0.0589898652,0.8521272010,0.5176488360,0.04299379251 0 0 0 0 0 0 0.04299379251 0 0 0 0 0 0 0.09446368159 0 0 0 0 0 0 0.0007541976385 0 0 0 0 0 0 0.0007541976385 0 0 0 0 0 0 0.001309665814
46,1785497060.405777693,map,8.4111490250,-3.7744803429,-1.3981816769,0.0491252525,0.0591616248,0.8520900442,0.5177153208,0.0429399862 0 0 0 0 0 0 0.0429399862 0 0 0 0 0 0 0.09438391758 0 0 0 0 0 0 0.000752953963 0 0 0 0 0 0 0.000752953963 0 0 0 0 0 0 0.00130802678
47,1785497060.505597591,map,8.4157142639,-3.7775669098,-1.3979803324,0.0492295294,0.0590982201,0.8521133899,0.5176743112,0.04307574348 0 0 0 0 0 0 0.04307574348 0 0 0 0 0 0 0.09458513687 0 0 0 0 0 0 0.000756092323 0 0 0 0 0 0 0.000756092323 0 0 0 0 0 0 0.001312162184
48,1785497060.605550289,map,8.4193305969,-3.7799730301,-1.3978562355,0.0491143223,0.0590142661,0.8521988453,0.5175540847,0.04285907615 0 0 0 0 0 0 0.04285907615 0 0 0 0 0 0 0.09426394357 0 0 0 0 0 0 0.0007510842802 0 0 0 0 0 0 0.0007510842802 0 0 0 0 0 0 0.001305562119
49,1785497060.705601454,map,8.4224014282,-3.7863161564,-1.3965519667,0.0491494506,0.0591082857,0.8521774241,0.5175752604,0.04301528974 0 0 0 0 0 0 0.04301528974 0 0 0 0 0 0 0.09449554516 0 0 0 0 0 0 0.0007546945932 0 0 0 0 0 0 0.0007546945932 0 0 0 0 0 0 0.001310320657
50,1785497060.806074619,map,8.4160737991,-3.7901103497,-1.3968335390,0.0493518553,0.0590912062,0.8521518833,0.5176000411,0.04302244073 0 0 0 0 0 0 0.04302244073 0 0 0 0 0 0 0.0945061439 0 0 0 0 0 0 0.0007548599125 0 0 0 0 0 0 0.0007548599125 0 0 0 0 0 0 0.001310538489
51,1785497060.905608892,map,8.4158201218,-3.7863669395,-1.3969126940,0.0495010713,0.0591065450,0.8521302189,0.5176196532,0.04293814405 0 0 0 0 0 0 0.04293814405 0 0 0 0 0 0 0.09438118643 0 0 0 0 0 0 0.000752911388 0 0 0 0 0 0 0.000752911388 0 0 0 0 0 0 0.001307970665
52,1785497061.005550623,map,8.4125785828,-3.7877142429,-1.3968766928,0.0492283685,0.0591552913,0.8521858543,0.5175485279,0.04289252116 0 0 0 0 0 0 0.04289252116 0 0 0 0 0 0 0.09431354054 0 0 0 0 0 0 0.000751857065 0 0 0 0 0 0 0.000751857065 0 0 0 0 0 0 0.001306580913
53,1785497061.105510950,map,8.4144039154,-3.7926590443,-1.3988280296,0.0490907692,0.0591604081,0.8522336861,0.5174822377,0.04295797356 0 0 0 0 0 0 0.04295797356 0 0 0 0 0 0 0.09441058436 0 0 0 0 0 0 0.0007533696941 0 0 0 0 0 0 0.0007533696941 0 0 0 0 0 0 0.001308574706
54,1785497061.205703735,map,8.4177265167,-3.7921004295,-1.3979903460,0.0488897458,0.0592064146,0.8522622897,0.5174489418,0.04284903341 0 0 0 0 0 0 0.04284903341 0 0 0 0 0 0 0.09424904955 0 0 0 0 0 0 0.0007508522499 0 0 0 0 0 0 0.0007508522499 0 0 0 0 0 0 0.0013052562
55,1785497061.305658102,map,8.4179420471,-3.7915179729,-1.3980304003,0.0489111221,0.0593009247,0.8522463012,0.5174624260,0.04270227383 0 0 0 0 0 0 0.04270227383 0 0 0 0 0 0 0.09403133084 0 0 0 0 0 0 0.0007474624668 0 0 0 0 0 0 0.0007474624668 0 0 0 0 0 0 0.001300785647
56,1785497061.405664206,map,8.4146432877,-3.7889823914,-1.3978896141,0.0490982026,0.0589630335,0.8522513622,0.5174749667,0.04303730699 0 0 0 0 0 0 0.04303730699 0 0 0 0 0 0 0.09452817683 0 0 0 0 0 0 0.0007552036103 0 0 0 0 0 0 0.0007552036103 0 0 0 0 0 0 0.001310991341
57,1785497061.505549431,map,8.4242744446,-3.7902233601,-1.4002959728,0.0490041615,0.0593092337,0.8521712399,0.5175762536,0.04276989089 0 0 0 0 0 0 0.04276989089 0 0 0 0 0 0 0.09413165627 0 0 0 0 0 0 0.0007490240232 0 0 0 0 0 0 0.0007490240232 0 0 0 0 0 0 0.001302845381
58,1785497061.705799341,map,8.4232234955,-3.7836623192,-1.3995698690,0.0489505517,0.0588909424,0.8522085376,0.5175676597,0.04277754159 0 0 0 0 0 0 0.04277754159 0 0 0 0 0 0 0.09414300622 0 0 0 0 0 0 0.0007492007343 0 0 0 0 0 0 0.0007492007343 0 0 0 0 0 0 0.001303078434
59,1785497061.805864096,map,8.4256410599,-3.7857353687,-1.3993592262,0.0490069150,0.0589269265,0.8522375015,0.5175105717,0.04311615544 0 0 0 0 0 0 0.04311615544 0 0 0 0 0 0 0.0946450155 0 0 0 0 0 0 0.0007570268472 0 0 0 0 0 0 0.0007570268472 0 0 0 0 0 0 0.001313393202
60,1785497061.905599594,map,8.4255447388,-3.7848641872,-1.3991416693,0.0489780715,0.0590029797,0.8523051083,0.5173932591,0.04316741704 0 0 0 0 0 0 0.04316741704 0 0 0 0 0 0 0.09472095697 0 0 0 0 0 0 0.0007582124686 0 0 0 0 0 0 0.0007582124686 0 0 0 0 0 0 0.00131495472
61,1785497062.005496502,map,8.4282722473,-3.7865302563,-1.3986383677,0.0489810164,0.0589968077,0.8523627217,0.5172987778,0.04290353833 0 0 0 0 0 0 0.04290353833 0 0 0 0 0 0 0.09432987697 0 0 0 0 0 0 0.0007521116502 0 0 0 0 0 0 0.0007521116502 0 0 0 0 0 0 0.001306916515
62,1785497062.105610847,map,8.4243927002,-3.7895364761,-1.4012044668,0.0490230689,0.0588840115,0.8523270039,0.5173664884,0.04274753504 0 0 0 0 0 0 0.04274753504 0 0 0 0 0 0 0.0940984891 0 0 0 0 0 0 0.000748507691 0 0 0 0 0 0 0.000748507691 0 0 0 0 0 0 0.001302164383
63,1785497062.205840111,map,8.4183521271,-3.7914054394,-1.3994542360,0.0491814303,0.0589412454,0.8523771942,0.5172622509,0.04298616137 0 0 0 0 0 0 0.04298616137 0 0 0 0 0 0 0.09445236996 0 0 0 0 0 0 0.0007540212379 0 0 0 0 0 0 0.0007540212379 0 0 0 0 0 0 0.001309433356
64,1785497062.305722237,map,8.4210100174,-3.7893509865,-1.3983821869,0.0491287779,0.0589529325,0.8524826329,0.5170920843,0.04306130631 0 0 0 0 0 0 0.04306130631 0 0 0 0 0 0 0.09456374301 0 0 0 0 0 0 0.0007557584978 0 0 0 0 0 0 0.0007557584978 0 0 0 0 0 0 0.001311722402
65,1785497062.405528307,map,8.4244527817,-3.7943353653,-1.4004778862,0.0489153971,0.0591492647,0.8524648703,0.5171192726,0.04307949295 0 0 0 0 0 0 0.04307949295 0 0 0 0 0 0 0.09459069286 0 0 0 0 0 0 0.0007561790233 0 0 0 0 0 0 0.0007561790233 0 0 0 0 0 0 0.001312276399
66,1785497062.505491495,map,8.4210443497,-3.7970986366,-1.3996438980,0.0489180558,0.0590615618,0.8524485879,0.5171558601,0.04290389294 0 0 0 0 0 0 0.04290389294 0 0 0 0 0 0 0.09433040278 0 0 0 0 0 0 0.0007521198447 0 0 0 0 0 0 0.0007521198447 0 0 0 0 0 0 0.001306927317
67,1785497062.605791807,map,8.4244012833,-3.7918164730,-1.3983857632,0.0490680717,0.0590641430,0.8524718626,0.5171029699,0.04298174319 0 0 0 0 0 0 0.04298174319 0 0 0 0 0 0 0.09444582074 0 0 0 0 0 0 0.0007539191098 0 0 0 0 0 0 0.0007539191098 0 0 0 0 0 0 0.001309298771
68,1785497062.705613613,map,8.4256534576,-3.7890410423,-1.4004888535,0.0490668560,0.0590448815,0.8524093577,0.5172083127,0.04297162394 0 0 0 0 0 0 0.04297162394 0 0 0 0 0 0 0.09443082024 0 0 0 0 0 0 0.0007536852057 0 0 0 0 0 0 0.0007536852057 0 0 0 0 0 0 0.001308990521
69,1785497062.805601358,map,8.4253759384,-3.7886590958,-1.4004451036,0.0489492661,0.0589309725,0.8524277847,0.5172020968,0.04310943763 0 0 0 0 0 0 0.04310943763 0 0 0 0 0 0 0.0946350623 0 0 0 0 0 0 0.0007568714885 0 0 0 0 0 0 0.0007568714885 0 0 0 0 0 0 0.001313188566
70,1785497062.905307055,map,8.4279623032,-3.7871665955,-1.3983793259,0.0490501409,0.0588332282,0.8523611926,0.5173133245,0.04308327316 0 0 0 0 0 0 0.04308327316 0 0 0 0 0 0 0.09459629432 0 0 0 0 0 0 0.0007562664357 0 0 0 0 0 0 0.0007562664357 0 0 0 0 0 0 0.00131239155
71,1785497063.005633831,map,8.4285488129,-3.7846114635,-1.3996608257,0.0490237404,0.0588856136,0.8523907245,0.5172612426,0.04294529476 0 0 0 0 0 0 0.04294529476 0 0 0 0 0 0 0.09439178785 0 0 0 0 0 0 0.0007530766536 0 0 0 0 0 0 0.0007530766536 0 0 0 0 0 0 0.001308188488
72,1785497063.106091022,map,8.4300985336,-3.7899975777,-1.4011205435,0.0492171574,0.0590300921,0.8523723607,0.5172567053,0.0428824737 0 0 0 0 0 0 0.0428824737 0 0 0 0 0 0 0.09429864142 0 0 0 0 0 0 0.000751624897 0 0 0 0 0 0 0.000751624897 0 0 0 0 0 0 0.001306274849
73,1785497063.205692053,map,8.4255266190,-3.7921376228,-1.3998833895,0.0490575003,0.0590151525,0.8524111935,0.5172095588,0.04274913173 0 0 0 0 0 0 0.04274913173 0 0 0 0 0 0 0.09410085804 0 0 0 0 0 0 0.0007485445667 0 0 0 0 0 0 0.0007485445667 0 0 0 0 0 0 0.00130221302
74,1785497063.305520773,map,8.4294519424,-3.7875678539,-1.4006948471,0.0490904340,0.0588144141,0.8524866595,0.5171049366,0.04315033685 0 0 0 0 0 0 0.04315033685 0 0 0 0 0 0 0.09469565517 0 0 0 0 0 0 0.0007578173989 0 0 0 0 0 0 0.0007578173989 0 0 0 0 0 0 0.001314434427
75,1785497063.505856991,map,8.4260482788,-3.7919428349,-1.3994399309,0.0490086915,0.0589282004,0.8524600075,0.5171436357,0.04272216536 0 0 0 0 0 0 0.04272216536 0 0 0 0 0 0 0.09406084717 0 0 0 0 0 0 0.0007479218032 0 0 0 0 0 0 0.0007479218032 0 0 0 0 0 0 0.001301391578
76,1785497063.605792999,map,8.4184837341,-3.7768437862,-1.4018174410,0.0493111271,0.0586758310,0.8523380563,0.5173445696,0.04289190067 0 0 0 0 0 0 0.04289190067 0 0 0 0 0 0 0.09431262045 0 0 0 0 0 0 0.0007518427269 0 0 0 0 0 0 0.0007518427269 0 0 0 0 0 0 0.001306562011
77,1785497063.705622435,map,8.4123458862,-3.7746315002,-1.4005355835,0.0491394499,0.0588054701,0.8523217121,0.5173731272,0.04283005326 0 0 0 0 0 0 0.04283005326 0 0 0 0 0 0 0.09422089924 0 0 0 0 0 0 0.0007504137512 0 0 0 0 0 0 0.0007504137512 0 0 0 0 0 0 0.001304678031
78,1785497063.805514336,map,8.4114608765,-3.7786376476,-1.3978618383,0.0491326596,0.0589184120,0.8523732589,0.5172759848,0.04299712894 0 0 0 0 0 0 0.04299712894 0 0 0 0 0 0 0.09446862708 0 0 0 0 0 0 0.0007542747647 0 0 0 0 0 0 0.0007542747647 0 0 0 0 0 0 0.001309767448
79,1785497063.905493259,map,8.4100828171,-3.7841522694,-1.3990496397,0.0490674312,0.0590025671,0.8523780327,0.5172647139,0.04298165217 0 0 0 0 0 0 0.04298165217 0 0 0 0 0 0 0.09444568582 0 0 0 0 0 0 0.0007539170058 0 0 0 0 0 0 0.0007539170058 0 0 0 0 0 0 0.001309295998
80,1785497064.005741119,map,8.4189491272,-3.7822928429,-1.3999608755,0.0490289275,0.0589958543,0.8524052607,0.5172242592,0.04311625613 0 0 0 0 0 0 0.04311625613 0 0 0 0 0 0 0.09464516469 0 0 0 0 0 0 0.000757029176 0 0 0 0 0 0 0.000757029176 0 0 0 0 0 0 0.001313396269
81,1785497064.105951548,map,8.4240550995,-3.7909548283,-1.4013233185,0.0490003587,0.0590692150,0.8523647847,0.5172852533,0.04291117765 0 0 0 0 0 0 0.04291117765 0 0 0 0 0 0 0.09434120428 0 0 0 0 0 0 0.000752288186 0 0 0 0 0 0 0.000752288186 0 0 0 0 0 0 0.001307149222
82,1785497064.205644131,map,8.4260721207,-3.7954523563,-1.4020665884,0.0490882206,0.0592045216,0.8523498742,0.5172861031,0.04279688172 0 0 0 0 0 0 0.04279688172 0 0 0 0 0 0 0.09417169615 0 0 0 0 0 0 0.0007496474627 0 0 0 0 0 0 0.0007496474627 0 0 0 0 0 0 0.001303667569
83,1785497064.305518150,map,8.4227275848,-3.7919037342,-1.4003633261,0.0491447104,0.0589075239,0.8522759248,0.5174364148,0.04295017492 0 0 0 0 0 0 0.04295017492 0 0 0 0 0 0 0.09439902288 0 0 0 0 0 0 0.0007531894455 0 0 0 0 0 0 0.0007531894455 0 0 0 0 0 0 0.001308337146
84,1785497064.405558348,map,8.4268579483,-3.7871294022,-1.4013595581,0.0487812245,0.0588224358,0.8523258788,0.5173982560,0.04296172119 0 0 0 0 0 0 0.04296172119 0 0 0 0 0 0 0.09441614011 0 0 0 0 0 0 0.0007534563144 0 0 0 0 0 0 0.0007534563144 0 0 0 0 0 0 0.001308688866
85,1785497064.505767107,map,8.4313726425,-3.7888534069,-1.4009428024,0.0490568183,0.0587521351,0.8523026230,0.5174184229,0.04301350897 0 0 0 0 0 0 0.04301350897 0 0 0 0 0 0 0.09449290577 0 0 0 0 0 0 0.0007546534254 0 0 0 0 0 0 0.0007546534254 0 0 0 0 0 0 0.001310266412
86,1785497064.605648756,map,8.4302377701,-3.7891480923,-1.3999090195,0.0490973793,0.0584881851,0.8521048241,0.5177701702,0.04290094868 0 0 0 0 0 0 0.04290094868 0 0 0 0 0 0 0.09432603706 0 0 0 0 0 0 0.0007520518075 0 0 0 0 0 0 0.0007520518075 0 0 0 0 0 0 0.001306837629
87,1785497064.705572844,map,8.4384651184,-3.7916500568,-1.4022011757,0.0494714107,0.0582792599,0.8519494058,0.5180138032,0.04286137083 0 0 0 0 0 0 0.04286137083 0 0 0 0 0 0 0.09426734665 0 0 0 0 0 0 0.0007511372982 0 0 0 0 0 0 0.0007511372982 0 0 0 0 0 0 0.001305632019
88,1785497064.805576086,map,8.4329299927,-3.7924811840,-1.4038828611,0.0496897198,0.0582458116,0.8518454083,0.5181676926,0.04289576257 0 0 0 0 0 0 0.04289576257 0 0 0 0 0 0 0.09431834702 0 0 0 0 0 0 0.0007519319664 0 0 0 0 0 0 0.0007519319664 0 0 0 0 0 0 0.001306679651
89,1785497064.905728817,map,8.4182806015,-3.7918088436,-1.4034868479,0.0506231091,0.0582190042,0.8515947903,0.5184921902,0.0429056813 0 0 0 0 0 0 0.0429056813 0 0 0 0 0 0 0.09433305452 0 0 0 0 0 0 0.0007521611711 0 0 0 0 0 0 0.0007521611711 0 0 0 0 0 0 0.001306981793
90,1785497065.005765200,map,8.4179944992,-3.7968387604,-1.4034659863,0.0508624732,0.0581787366,0.8516187990,0.5184338819,0.04296014836 0 0 0 0 0 0 0.04296014836 0 0 0 0 0 0 0.09441380845 0 0 0 0 0 0 0.000753419961 0 0 0 0 0 0 0.000753419961 0 0 0 0 0 0 0.001308640955
91,1785497065.105611086,map,8.4145126343,-3.7990407944,-1.4017755985,0.0510468041,0.0581459882,0.8515741516,0.5184928225,0.04291427987 0 0 0 0 0 0 0.04291427987 0 0 0 0 0 0 0.09434580404 0 0 0 0 0 0 0.0007523598762 0 0 0 0 0 0 0.0007523598762 0 0 0 0 0 0 0.001307243721
92,1785497065.205482006,map,8.4130105972,-3.7979080677,-1.4058264494,0.0509781144,0.0572408076,0.8514188396,0.5188551426,0.0428530072 0 0 0 0 0 0 0.0428530072 0 0 0 0 0 0 0.09425494301 0 0 0 0 0 0 0.0007509440605 0 0 0 0 0 0 0.0007509440605 0 0 0 0 0 0 0.001305377248
93,1785497065.405821800,map,8.4084091187,-3.7975313663,-1.4018578529,0.0508744701,0.0574540260,0.8514279817,0.5188267671,0.04299271577 0 0 0 0 0 0 0.04299271577 0 0 0 0 0 0 0.09446208556 0 0 0 0 0 0 0.0007541727484 0 0 0 0 0 0 0.0007541727484 0 0 0 0 0 0 0.001309633015
94,1785497065.505584955,map,8.4106388092,-3.7795026302,-1.4038927555,0.0511201133,0.0577126288,0.8513977261,0.5188235719,0.04298667241 0 0 0 0 0 0 0.04298667241 0 0 0 0 0 0 0.09445312748 0 0 0 0 0 0 0.0007540330508 0 0 0 0 0 0 0.0007540330508 0 0 0 0 0 0 0.001309448923
95,1785497065.605372429,map,8.4077005386,-3.7789015770,-1.4043943882,0.0512280190,0.0577288406,0.8513578202,0.5188765954,0.04301787331 0 0 0 0 0 0 0.04301787331 0 0 0 0 0 0 0.0944993744 0 0 0 0 0 0 0.0007547543207 0 0 0 0 0 0 0.0007547543207 0 0 0 0 0 0 0.001310399357
96,1785497065.705708504,map,8.3968544006,-3.7685589790,-1.4053559303,0.0517787698,0.0573525498,0.8514381201,0.5187318934,0.04313258107 0 0 0 0 0 0 0.04313258107 0 0 0 0 0 0 0.09466935084 0 0 0 0 0 0 0.0007574067287 0 0 0 0 0 0 0.0007574067287 0 0 0 0 0 0 0.001313893555
97,1785497065.806258440,map,8.3902444839,-3.7646722794,-1.4037247896,0.0517620754,0.0574358531,0.8515405242,0.5185561530,0.04310810912 0 0 0 0 0 0 0.04310810912 0 0 0 0 0 0 0.09463309395 0 0 0 0 0 0 0.0007568407654 0 0 0 0 0 0 0.0007568407654 0 0 0 0 0 0 0.001313148097
98,1785497065.905811787,map,8.3909187317,-3.7703175545,-1.4001040459,0.0518983116,0.0572400605,0.8515331699,0.5185763109,0.04308239219 0 0 0 0 0 0 0.04308239219 0 0 0 0 0 0 0.09459498893 0 0 0 0 0 0 0.0007562460644 0 0 0 0 0 0 0.0007562460644 0 0 0 0 0 0 0.001312364715
99,1785497066.005471945,map,8.3904380798,-3.7741155624,-1.4009790421,0.0519657720,0.0572187791,0.8515921607,0.5184750684,0.04295637878 0 0 0 0 0 0 0.04295637878 0 0 0 0 0 0 0.09440822013 0 0 0 0 0 0 0.0007533328338 0 0 0 0 0 0 0.0007533328338 0 0 0 0 0 0 0.001308526127
100,1785497066.105477333,map,8.3886079788,-3.7811951637,-1.3990050554,0.0518622570,0.0569985883,0.8515814408,0.5185272655,0.0428983474 0 0 0 0 0 0 0.0428983474 0 0 0 0 0 0 0.09432217987 0 0 0 0 0 0 0.0007519916967 0 0 0 0 0 0 0.0007519916967 0 0 0 0 0 0 0.00130675839
101,1785497066.205750942,map,8.3886518478,-3.7898104191,-1.3987970352,0.0516863292,0.0569528769,0.8515950096,0.5185275601,0.04271594406 0 0 0 0 0 0 0.04271594406 0 0 0 0 0 0 0.09405161585 0 0 0 0 0 0 0.000747778137 0 0 0 0 0 0 0.000747778137 0 0 0 0 0 0 0.001301202066
102,1785497066.305711508,map,8.3879327774,-3.7915630341,-1.4007480145,0.0516787094,0.0570429975,0.8516198574,0.5184775760,0.04298038424 0 0 0 0 0 0 0.04298038424 0 0 0 0 0 0 0.09444380631 0 0 0 0 0 0 0.0007538876975 0 0 0 0 0 0 0.0007538876975 0 0 0 0 0 0 0.001309257375
103,1785497066.405564547,map,8.3884935379,-3.7923724651,-1.3999204636,0.0516145770,0.0569393851,0.8516483378,0.5184486194,0.04283337526 0 0 0 0 0 0 0.04283337526 0 0 0 0 0 0 0.09422582638 0 0 0 0 0 0 0.000750490497 0 0 0 0 0 0 0.000750490497 0 0 0 0 0 0 0.001304779225
104,1785497066.505451679,map,8.3861665726,-3.7937242985,-1.4028781652,0.0517992167,0.0569625504,0.8516282413,0.5184606262,0.04295759856 0 0 0 0 0 0 0.04295759856 0 0 0 0 0 0 0.09441002843 0 0 0 0 0 0 0.0007533610267 0 0 0 0 0 0 0.0007533610267 0 0 0 0 0 0 0.001308563283
105,1785497066.605485439,map,8.3867158890,-3.7932991982,-1.4014627934,0.0516866067,0.0568812774,0.8516214579,0.5184919819,0.04310614029 0 0 0 0 0 0 0.04310614029 0 0 0 0 0 0 0.09463017684 0 0 0 0 0 0 0.0007567952344 0 0 0 0 0 0 0.0007567952344 0 0 0 0 0 0 0.001313088123
106,1785497066.705686808,map,8.3805866241,-3.7930352688,-1.4011830091,0.0517495979,0.0568226257,0.8515988649,0.5185292196,0.04285422187 0 0 0 0 0 0 0.04285422187 0 0 0 0 0 0 0.09425674444 0 0 0 0 0 0 0.0007509721245 0 0 0 0 0 0 0.0007509721245 0 0 0 0 0 0 0.001305414249
107,1785497066.805686474,map,8.3852291107,-3.7875001431,-1.4033796787,0.0514792625,0.0567140695,0.8516660801,0.5184575724,0.04296941155 0 0 0 0 0 0 0.04296941155 0 0 0 0 0 0 0.09442754057 0 0 0 0 0 0 0.000753634068 0 0 0 0 0 0 0.000753634068 0 0 0 0 0 0 0.001308923128
108,1785497066.905511618,map,8.3891220093,-3.7908589840,-1.4013348818,0.0512864610,0.0566360030,0.8516440111,0.5185215036,0.0429402914 0 0 0 0 0 0 0.0429402914 0 0 0 0 0 0 0.09438437006 0 0 0 0 0 0 0.0007529610167 0 0 0 0 0 0 0.0007529610167 0 0 0 0 0 0 0.001308036077
109,1785497067.005470753,map,8.3912572861,-3.7922513485,-1.4017248154,0.0513479775,0.0563864795,0.8515807970,0.5186463830,0.04305971231 0 0 0 0 0 0 0.04305971231 0 0 0 0 0 0 0.09456138085 0 0 0 0 0 0 0.0007557216414 0 0 0 0 0 0 0.0007557216414 0 0 0 0 0 0 0.001311673846
110,1785497067.105576277,map,8.3942832947,-3.7910091877,-1.4014698267,0.0513956850,0.0563574048,0.8515950128,0.5186214871,0.04285393393 0 0 0 0 0 0 0.04285393393 0 0 0 0 0 0 0.0942563174 0 0 0 0 0 0 0.0007509654717 0 0 0 0 0 0 0.0007509654717 0 0 0 0 0 0 0.001305405478
111,1785497067.205717802,map,8.3894481659,-3.7882091999,-1.4038484097,0.0514844492,0.0564107520,0.8515324769,0.5187095871,0.0429270147 0 0 0 0 0 0 0.0429270147 0 0 0 0 0 0 0.09436468583 0 0 0 0 0 0 0.0007526541778 0 0 0 0 0 0 0.0007526541778 0 0 0 0 0 0 0.001307631646
112,1785497067.405409813,map,8.3919677734,-3.7899117470,-1.4027323723,0.0513713267,0.0563420181,0.8515331185,0.5187271679,0.04287728006 0 0 0 0 0 0 0.04287728006 0 0 0 0 0 0 0.09429093967 0 0 0 0 0 0 0.0007515048902 0 0 0 0 0 0 0.0007515048902 0 0 0 0 0 0 0.001306116642
113,1785497067.505628109,map,8.3990907669,-3.7880070210,-1.4037412405,0.0513638671,0.0564227641,0.8515967768,0.5186146560,0.04306123779 0 0 0 0 0 0 0.04306123779 0 0 0 0 0 0 0.09456364148 0 0 0 0 0 0 0.0007557569136 0 0 0 0 0 0 0.0007557569136 0 0 0 0 0 0 0.001311720315
114,1785497067.605815649,map,8.3985977173,-3.7860767841,-1.4028471708,0.0513374943,0.0563747319,0.8516010387,0.5186155251,0.04276710788 0 0 0 0 0 0 0.04276710788 0 0 0 0 0 0 0.09412752754 0 0 0 0 0 0 0.0007489597442 0 0 0 0 0 0 0.0007489597442 0 0 0 0 0 0 0.001302760605
115,1785497067.705622673,map,8.4007558823,-3.7876703739,-1.4049264193,0.0515246955,0.0563758510,0.8515611368,0.5186623643,0.0428224826 0 0 0 0 0 0 0.0428224826 0 0 0 0 0 0 0.09420967027 0 0 0 0 0 0 0.0007502388546 0 0 0 0 0 0 0.0007502388546 0 0 0 0 0 0 0.001304447416
116,1785497067.805482864,map,8.4056501389,-3.7891306877,-1.4038355350,0.0511912498,0.0563510635,0.8516659264,0.5185259723,0.04296484257 0 0 0 0 0 0 0.04296484257 0 0 0 0 0 0 0.09442076739 0 0 0 0 0 0 0.0007535284607 0 0 0 0 0 0 0.0007535284607 0 0 0 0 0 0 0.001308783948
117,1785497067.905465603,map,8.4076957703,-3.7857494354,-1.4041869640,0.0511210324,0.0562401366,0.8516939726,0.5184988721,0.04284488979 0 0 0 0 0 0 0.04284488979 0 0 0 0 0 0 0.09424290413 0 0 0 0 0 0 0.0007507565171 0 0 0 0 0 0 0.0007507565171 0 0 0 0 0 0 0.001305129978
118,1785497068.005597353,map,8.4082298279,-3.7865345478,-1.4066524506,0.0513433441,0.0563262384,0.8516151763,0.5185969420,0.04272947474 0 0 0 0 0 0 0.04272947474 0 0 0 0 0 0 0.09407169275 0 0 0 0 0 0 0.0007480906005 0 0 0 0 0 0 0.0007480906005 0 0 0 0 0 0 0.001301614234
119,1785497068.105582476,map,8.3967561722,-3.7975428104,-1.4031047821,0.0512637729,0.0563641640,0.8516077037,0.5186129535,0.04290537082 0 0 0 0 0 0 0.04290537082 0 0 0 0 0 0 0.09433259415 0 0 0 0 0 0 0.0007521539963 0 0 0 0 0 0 0.0007521539963 0 0 0 0 0 0 0.001306972335
120,1785497068.205604553,map,8.3938064575,-3.7989037037,-1.4047483206,0.0514021048,0.0565855881,0.8514798904,0.5187850053,0.04292803807 0 0 0 0 0 0 0.04292803807 0 0 0 0 0 0 0.09436620312 0 0 0 0 0 0 0.0007526778283 0 0 0 0 0 0 0.0007526778283 0 0 0 0 0 0 0.001307662819
121,1785497068.305296183,map,8.3979377747,-3.7979111671,-1.4037768841,0.0515106063,0.0566270702,0.8514381367,0.5188382553,0.0429346367 0 0 0 0 0 0 0.0429346367 0 0 0 0 0 0 0.09437598643 0 0 0 0 0 0 0.0007528303285 0 0 0 0 0 0 0.0007528303285 0 0 0 0 0 0 0.001307863825
122,1785497068.405486584,map,8.3971595764,-3.7987070084,-1.4026663303,0.0513305161,0.0567416397,0.8514166507,0.5188788785,0.04298549138 0 0 0 0 0 0 0.04298549138 0 0 0 0 0 0 0.09445137681 0 0 0 0 0 0 0.0007540057506 0 0 0 0 0 0 0.0007540057506 0 0 0 0 0 0 0.001309412947
123,1785497068.505443335,map,8.3971014023,-3.7939889431,-1.4029284716,0.0515287852,0.0567672104,0.8514238621,0.5188445738,0.04278005668 0 0 0 0 0 0 0.04278005668 0 0 0 0 0 0 0.09414673732 0 0 0 0 0 0 0.0007492588273 0 0 0 0 0 0 0.0007492588273 0 0 0 0 0 0 0.001303155048
124,1785497068.605718613,map,8.3913106918,-3.7905626297,-1.4014072418,0.0515876287,0.0566885117,0.8514282179,0.5188401868,0.0429728881 0 0 0 0 0 0 0.0429728881 0 0 0 0 0 0 0.09443269422 0 0 0 0 0 0 0.0007537144259 0 0 0 0 0 0 0.0007537144259 0 0 0 0 0 0 0.001309029029
125,1785497068.705538273,map,8.3883628845,-3.7869193554,-1.4006675482,0.0515231006,0.0566784340,0.8514536231,0.5188059800,0.04282829483 0 0 0 0 0 0 0.04282829483 0 0 0 0 0 0 0.09421829112 0 0 0 0 0 0 0.0007503731277 0 0 0 0 0 0 0.0007503731277 0 0 0 0 0 0 0.001304624467
126,1785497068.805410624,map,8.3835268021,-3.7854454517,-1.3998245001,0.0515339959,0.0566552922,0.8515214435,0.5186961137,0.04279741261 0 0 0 0 0 0 0.04279741261 0 0 0 0 0 0 0.09417248366 0 0 0 0 0 0 0.0007496597259 0 0 0 0 0 0 0.0007496597259 0 0 0 0 0 0 0.00130368374
127,1785497068.905607224,map,8.3803472519,-3.7834718227,-1.3986914158,0.0515536548,0.0567530114,0.8516164390,0.5185274954,0.04321006562 0 0 0 0 0 0 0.04321006562 0 0 0 0 0 0 0.09478412754 0 0 0 0 0 0 0.000759199051 0 0 0 0 0 0 0.000759199051 0 0 0 0 0 0 0.00131625387
128,1785497069.005856991,map,8.3726453781,-3.7845284939,-1.3982148170,0.0517037126,0.0569629070,0.8516098063,0.5185003881,0.04277316811 0 0 0 0 0 0 0.04277316811 0 0 0 0 0 0 0.09413651813 0 0 0 0 0 0 0.0007490997178 0 0 0 0 0 0 0.0007490997178 0 0 0 0 0 0 0.001302945211
129,1785497069.105632782,map,8.3806858063,-3.7851414680,-1.3978421688,0.0517453502,0.0568933117,0.8515308063,0.5186335904,0.04285734318 0 0 0 0 0 0 0.04285734318 0 0 0 0 0 0 0.09426137351 0 0 0 0 0 0 0.0007510442405 0 0 0 0 0 0 0.0007510442405 0 0 0 0 0 0 0.00130550933
130,1785497069.205518246,map,8.3866357803,-3.7880513668,-1.3981194496,0.0517769946,0.0567403326,0.8515179690,0.5186683760,0.04284565263 0 0 0 0 0 0 0.04284565263 0 0 0 0 0 0 0.09424403551 0 0 0 0 0 0 0.0007507741415 0 0 0 0 0 0 0.0007507741415 0 0 0 0 0 0 0.001305153215
131,1785497069.305425167,map,8.4137792587,-3.7914626598,-1.4035940170,0.0516440417,0.0567031429,0.8515899254,0.5185674892,0.04300624934 0 0 0 0 0 0 0.04300624934 0 0 0 0 0 0 0.09448214563 0 0 0 0 0 0 0.0007544856001 0 0 0 0 0 0 0.0007544856001 0 0 0 0 0 0 0.001310045271
132,1785497069.405623436,map,8.3986234665,-3.7933127880,-1.4010320902,0.0516585293,0.0565728779,0.8515467152,0.5186512169,0.04298068387 0 0 0 0 0 0 0.04298068387 0 0 0 0 0 0 0.09444425046 0 0 0 0 0 0 0.0007538946234 0 0 0 0 0 0 0.0007538946234 0 0 0 0 0 0 0.001309266502
133,1785497069.505617619,map,8.3937845230,-3.7926733494,-1.3995939493,0.0512646624,0.0565324094,0.8515746243,0.5186488826,0.0431044708 0 0 0 0 0 0 0.0431044708 0 0 0 0 0 0 0.09462770323 0 0 0 0 0 0 0.0007567566262 0 0 0 0 0 0 0.0007567566262 0 0 0 0 0 0 0.001313037267
134,1785497069.605538607,map,8.3928165436,-3.7945442200,-1.3993136883,0.0516071793,0.0566749208,0.8515396379,0.5186568050,0.04298690958 0 0 0 0 0 0 0.04298690958 0 0 0 0 0 0 0.09445347905 0 0 0 0 0 0 0.0007540385332 0 0 0 0 0 0 0.0007540385332 0 0 0 0 0 0 0.001309456148
135,1785497069.705382824,map,8.3978424072,-3.7920360565,-1.4011023045,0.0518415563,0.0571094525,0.8517299957,0.5182731065,0.04299993766 0 0 0 0 0 0 0.04299993766 0 0 0 0 0 0 0.09447279031 0 0 0 0 0 0 0.000754339693 0 0 0 0 0 0 0.000754339693 0 0 0 0 0 0 0.001309853006
136,1785497069.805571318,map,8.3835630417,-3.7996785641,-1.3916083574,0.0529762324,0.0546715374,0.8517645614,0.5183644062,0.04304980206 0 0 0 0 0 0 0.04304980206 0 0 0 0 0 0 0.0945466945 0 0 0 0 0 0 0.0007554925023 0 0 0 0 0 0 0.0007554925023 0 0 0 0 0 0 0.001311371963
137,1785497069.905566454,map,8.3802957535,-3.7984793186,-1.3797352314,0.0516199752,0.0480289076,0.8518909615,0.5189512572,0.04319581281 0 0 0 0 0 0 0.04319581281 0 0 0 0 0 0 0.09476301759 0 0 0 0 0 0 0.0007588693262 0 0 0 0 0 0 0.0007588693262 0 0 0 0 0 0 0.001315819704
138,1785497070.005582333,map,8.3408327103,-3.7351427078,-1.3945257664,0.0538405389,0.0438918345,0.8512223095,0.5201877591,0.04311957608 0 0 0 0 0 0 0.04311957608 0 0 0 0 0 0 0.09465008346 0 0 0 0 0 0 0.0007571059556 0 0 0 0 0 0 0.0007571059556 0 0 0 0 0 0 0.001313497401
139,1785497070.105434418,map,8.3051795959,-3.6640675068,-1.3852643967,0.0515399999,0.0427921623,0.8516490723,0.5198137476,0.04325811591 0 0 0 0 0 0 0.04325811591 0 0 0 0 0 0 0.09485528692 0 0 0 0 0 0 0.0007603107749 0 0 0 0 0 0 0.0007603107749 0 0 0 0 0 0 0.001317717565
140,1785497070.205447435,map,8.2468976974,-3.5470848083,-1.3949664831,0.0468222890,0.0456399151,0.8529124739,0.5179430557,0.04319619508 0 0 0 0 0 0 0.04319619508 0 0 0 0 0 0 0.09476358377 0 0 0 0 0 0 0.0007588781692 0 0 0 0 0 0 0.0007588781692 0 0 0 0 0 0 0.001315831349
141,1785497070.305851936,map,8.2851619720,-3.5799639225,-1.3740768433,0.0461477571,0.0466322823,0.8524532068,0.5186707175,0.04366762246 0 0 0 0 0 0 0.04366762246 0 0 0 0 0 0 0.09546122123 0 0 0 0 0 0 0.000769793292 0 0 0 0 0 0 0.000769793292 0 0 0 0 0 0 0.001330191848
142,1785497070.405661583,map,8.2651748657,-3.5642526150,-1.3704582453,0.0476156285,0.0464070842,0.8522190028,0.5189430665,0.04343414047 0 0 0 0 0 0 0.04343414047 0 0 0 0 0 0 0.09511585852 0 0 0 0 0 0 0.000764385065 0 0 0 0 0 0 0.000764385065 0 0 0 0 0 0 0.00132307958
143,1785497070.505505800,map,8.2523078918,-3.5622458458,-1.3796095848,0.0482681001,0.0476680916,0.8520477617,0.5190497225,0.04320090617 0 0 0 0 0 0 0.04320090617 0 0 0 0 0 0 0.09477056153 0 0 0 0 0 0 0.0007589871541 0 0 0 0 0 0 0.0007589871541 0 0 0 0 0 0 0.001315974857
144,1785497070.605406046,map,8.2183856964,-3.5276999474,-1.3805137873,0.0508067450,0.0525584594,0.8524310557,0.5177041530,0.04327910924 0 0 0 0 0 0 0.04327910924 0 0 0 0 0 0 0.09488637266 0 0 0 0 0 0 0.0007607965522 0 0 0 0 0 0 0.0007607965522 0 0 0 0 0 0 0.001318357059
145,1785497070.705529213,map,8.1732215881,-3.5496776104,-1.3742140532,0.0519525275,0.0541038785,0.8530009845,0.5164910326,0.04323399182 0 0 0 0 0 0 0.04323399182 0 0 0 0 0 0 0.09481956231 0 0 0 0 0 0 0.0007597525994 0 0 0 0 0 0 0.0007597525994 0 0 0 0 0 0 0.001316982704
146,1785497070.805766106,map,8.1808643341,-3.5462079048,-1.3711194992,0.0519851305,0.0539926380,0.8524989118,0.5173276907,0.04299573676 0 0 0 0 0 0 0.04299573676 0 0 0 0 0 0 0.0944665635 0 0 0 0 0 0 0.0007542425824 0 0 0 0 0 0 0.0007542425824 0 0 0 0 0 0 0.001309725039
147,1785497070.905753136,map,8.1797657013,-3.5274636745,-1.3650225401,0.0518553928,0.0555832588,0.8516873460,0.5185076302,0.04279502688 0 0 0 0 0 0 0.04279502688 0 0 0 0 0 0 0.09416894469 0 0 0 0 0 0 0.0007496046172 0 0 0 0 0 0 0.0007496046172 0 0 0 0 0 0 0.001303611067
148,1785497071.005509853,map,8.1697387695,-3.4167757034,-1.3575423956,0.0520468693,0.0562508934,0.8524316247,0.5171917607,0.04310610959 0 0 0 0 0 0 0.04310610959 0 0 0 0 0 0 0.09463013135 0 0 0 0 0 0 0.0007567945245 0 0 0 0 0 0 0.0007567945245 0 0 0 0 0 0 0.001313087188
149,1785497071.105371714,map,8.1700468063,-3.4174797535,-1.3636572361,0.0522844221,0.0561622981,0.8525690351,0.5169508750,0.04310521767 0 0 0 0 0 0 0.04310521767 0 0 0 0 0 0 0.09462880984 0 0 0 0 0 0 0.0007567738982 0 0 0 0 0 0 0.0007567738982 0 0 0 0 0 0 0.001313060019
150,1785497071.205624342,map,8.1727523804,-3.4230220318,-1.3652989864,0.0526703530,0.0563739896,0.8524466241,0.5170903985,0.04304011649 0 0 0 0 0 0 0.04304011649 0 0 0 0 0 0 0.09453234057 0 0 0 0 0 0 0.000755268566 0 0 0 0 0 0 0.000755268566 0 0 0 0 0 0 0.001311076923
151,1785497071.405505657,map,8.2199382782,-3.3994879723,-1.3703821898,0.0514061267,0.0565861760,0.8509092667,0.5197199787,0.04322473798 0 0 0 0 0 0 0.04322473798 0 0 0 0 0 0 0.09480585772 0 0 0 0 0 0 0.0007595384999 0 0 0 0 0 0 0.0007595384999 0 0 0 0 0 0 0.001316700815
152,1785497071.505411863,map,8.2537803650,-3.4511861801,-1.3807594776,0.0484755426,0.0575754237,0.8451310516,0.5292340414,0.04329583983 0 0 0 0 0 0 0.04329583983 0 0 0 0 0 0 0.09491114462 0 0 0 0 0 0 0.000761183718 0 0 0 0 0 0 0.000761183718 0 0 0 0 0 0 0.001318866702
153,1785497071.605499744,map,8.2538566589,-3.4877994061,-1.3781642914,0.0463552215,0.0610695495,0.8390048687,0.5386952172,0.04331516427 0 0 0 0 0 0 0.04331516427 0 0 0 0 0 0 0.09493975521 0 0 0 0 0 0 0.0007616309382 0 0 0 0 0 0 0.0007616309382 0 0 0 0 0 0 0.001319455358
154,1785497071.705689430,map,8.2521429062,-3.4169652462,-1.3689999580,0.0463999627,0.0616414311,0.8319860654,0.5494056121,0.04323429207 0 0 0 0 0 0 0.04323429207 0 0 0 0 0 0 0.09482000696 0 0 0 0 0 0 0.0007597595461 0 0 0 0 0 0 0.0007597595461 0 0 0 0 0 0 0.00131699185
155,1785497071.805499554,map,8.2478046417,-3.4493536949,-1.3690840006,0.0449685662,0.0626498029,0.8298706567,0.5526006692,0.04333768807 0 0 0 0 0 0 0.04333768807 0 0 0 0 0 0 0.09497309995 0 0 0 0 0 0 0.0007621522398 0 0 0 0 0 0 0.0007621522398 0 0 0 0 0 0 0.001320141472
156,1785497071.907017708,map,8.2340574265,-3.4584462643,-1.3707492352,0.0448676144,0.0643477548,0.8286227108,0.5542839422,0.04325930785 0 0 0 0 0 0 0.04325930785 0 0 0 0 0 0 0.09485705194 0 0 0 0 0 0 0.000760338355 0 0 0 0 0 0 0.000760338355 0 0 0 0 0 0 0.001317753874
157,1785497072.005706310,map,8.1789541245,-3.4064278603,-1.3605051041,0.0444022119,0.0652496972,0.8279083073,0.5552826093,0.04309387023 0 0 0 0 0 0 0.04309387023 0 0 0 0 0 0 0.0946119965 0 0 0 0 0 0 0.0007565114857 0 0 0 0 0 0 0.0007565114857 0 0 0 0 0 0 0.001312714356
158,1785497072.105653048,map,8.2024154663,-3.3566226959,-1.3661864996,0.0422635140,0.0643130123,0.8263437956,0.5578830706,0.04321472769 0 0 0 0 0 0 0.04321472769 0 0 0 0 0 0 0.09479103233 0 0 0 0 0 0 0.0007593069072 0 0 0 0 0 0 0.0007593069072 0 0 0 0 0 0 0.001316395884
159,1785497072.205528498,map,8.1773309708,-3.3474411964,-1.3539308310,0.0439889204,0.0612987031,0.8253815968,0.5595110717,0.04398828574 0 0 0 0 0 0 0.04398828574 0 0 0 0 0 0 0.09593505474 0 0 0 0 0 0 0.0007772283381 0 0 0 0 0 0 0.0007772283381 0 0 0 0 0 0 0.00133995981
160,1785497072.305508375,map,8.1536026001,-3.2857928276,-1.3516266346,0.0436667233,0.0551709975,0.8251279386,0.5605472804,0.04302700226 0 0 0 0 0 0 0.04302700226 0 0 0 0 0 0 0.09451290456 0 0 0 0 0 0 0.0007549653699 0 0 0 0 0 0 0.0007549653699 0 0 0 0 0 0 0.001310677441
161,1785497072.405422688,map,8.1074199677,-3.2433979511,-1.3524743319,0.0389474075,0.0518090766,0.8253122593,0.5609443731,0.04313664994 0 0 0 0 0 0 0.04313664994 0 0 0 0 0 0 0.09467537883 0 0 0 0 0 0 0.0007575008345 0 0 0 0 0 0 0.0007575008345 0 0 0 0 0 0 0.0013140175
162,1785497072.505682230,map,8.1004409790,-3.2159218788,-1.3542996645,0.0372942998,0.0541611134,0.8270667928,0.5582439087,0.0431190113 0 0 0 0 0 0 0.0431190113 0 0 0 0 0 0 0.0946492467 0 0 0 0 0 0 0.0007570928942 0 0 0 0 0 0 0.0007570928942 0 0 0 0 0 0 0.001313480197
163,1785497072.605579853,map,8.0862693787,-3.2084217072,-1.3561916351,0.0342497858,0.0597681220,0.8280672670,0.5563805893,0.04331990441 0 0 0 0 0 0 0.04331990441 0 0 0 0 0 0 0.09494677285 0 0 0 0 0 0 0.0007617406426 0 0 0 0 0 0 0.0007617406426 0 0 0 0 0 0 0.001319599751
164,1785497072.705433369,map,8.0861005783,-3.1381399632,-1.3476569653,0.0343563837,0.0620629077,0.8288739371,0.5549196308,0.04339545533 0 0 0 0 0 0 0.04339545533 0 0 0 0 0 0 0.09505860708 0 0 0 0 0 0 0.0007634894291 0 0 0 0 0 0 0.0007634894291 0 0 0 0 0 0 0.001321901163
165,1785497072.805423975,map,8.0326118469,-3.0863938332,-1.3418591022,0.0388299920,0.0609269572,0.8298934437,0.5532241916,0.04322513159 0 0 0 0 0 0 0.04322513159 0 0 0 0 0 0 0.09480644065 0 0 0 0 0 0 0.0007595476065 0 0 0 0 0 0 0.0007595476065 0 0 0 0 0 0 0.001316712805
166,1785497072.905470371,map,8.0109758377,-3.0686576366,-1.3291959763,0.0359388180,0.0637960756,0.8298863655,0.5531067756,0.04335649592 0 0 0 0 0 0 0.04335649592 0 0 0 0 0 0 0.09500094137 0 0 0 0 0 0 0.0007625875707 0 0 0 0 0 0 0.0007625875707 0 0 0 0 0 0 0.001320714392
167,1785497073.005629063,map,7.9538803101,-2.9869627953,-1.3437926769,0.0422015482,0.0646956052,0.8263506527,0.5578334142,0.04329785099 0 0 0 0 0 0 0.04329785099 0 0 0 0 0 0 0.09491412232 0 0 0 0 0 0 0.0007612302602 0 0 0 0 0 0 0.0007612302602 0 0 0 0 0 0 0.001318927965
168,1785497073.105459213,map,7.9656677246,-2.8980338573,-1.3238965273,0.0458599664,0.0618938290,0.8241388680,0.5611249024,0.04298960005 0 0 0 0 0 0 0.04298960005 0 0 0 0 0 0 0.09445746716 0 0 0 0 0 0 0.0007541007255 0 0 0 0 0 0 0.0007541007255 0 0 0 0 0 0 0.001309538105
169,1785497073.205421686,map,7.9448375702,-2.8815190792,-1.3226069212,0.0462529389,0.0616529114,0.8233163851,0.5623253114,0.04312736456 0 0 0 0 0 0 0.04312736456 0 0 0 0 0 0 0.0946616225 0 0 0 0 0 0 0.0007572860822 0 0 0 0 0 0 0.0007572860822 0 0 0 0 0 0 0.001313734652
170,1785497073.505483389,map,7.9465656281,-2.7691650391,-1.3355716467,0.0513357957,0.0551426698,0.8239145976,0.5616837579,0.04330854123 0 0 0 0 0 0 0.04330854123 0 0 0 0 0 0 0.09492994978 0 0 0 0 0 0 0.0007614776595 0 0 0 0 0 0 0.0007614776595 0 0 0 0 0 0 0.001319253609
171,1785497073.605350971,map,7.8790607452,-2.7636618614,-1.3298207521,0.0522110215,0.0568484950,0.8236638563,0.5618007804,0.04300456386 0 0 0 0 0 0 0.04300456386 0 0 0 0 0 0 0.0944796474 0 0 0 0 0 0 0.0007544466365 0 0 0 0 0 0 0.0007544466365 0 0 0 0 0 0 0.001309993928
172,1785497073.705525160,map,7.8252463341,-2.6958305836,-1.3245011568,0.0566974471,0.0573770527,0.8261386214,0.5576631891,0.04318324745 0 0 0 0 0 0 0.04318324745 0 0 0 0 0 0 0.09474440598 0 0 0 0 0 0 0.000758578653 0 0 0 0 0 0 0.000758578653 0 0 0 0 0 0 0.001315436942
173,1785497073.805709839,map,7.8444814682,-2.7323658466,-1.3164083958,0.0602708638,0.0563692856,0.8293835341,0.5525512190,0.04314910288 0 0 0 0 0 0 0.04314910288 0 0 0 0 0 0 0.09469382715 0 0 0 0 0 0 0.0007577888577 0 0 0 0 0 0 0.0007577888577 0 0 0 0 0 0 0.001314396839
174,1785497073.905567169,map,7.8513135910,-2.7262134552,-1.3184658289,0.0609248530,0.0569366926,0.8297350176,0.5518932683,0.0428729239 0 0 0 0 0 0 0.0428729239 0 0 0 0 0 0 0.09428447973 0 0 0 0 0 0 0.0007514042364 0 0 0 0 0 0 0.0007514042364 0 0 0 0 0 0 0.001305983946
175,1785497074.005388737,map,7.8433504105,-2.6682298183,-1.3108918667,0.0595947960,0.0536731908,0.8308728126,0.5506524010,0.04316308704 0 0 0 0 0 0 0.04316308704 0 0 0 0 0 0 0.09471454288 0 0 0 0 0 0 0.0007581123123 0 0 0 0 0 0 0.0007581123123 0 0 0 0 0 0 0.001314822821
176,1785497074.105341434,map,7.7852826118,-2.6080837250,-1.3102148771,0.0602733071,0.0501741641,0.8328019317,0.5479877867,0.04326738818 0 0 0 0 0 0 0.04326738818 0 0 0 0 0 0 0.09486901708 0 0 0 0 0 0 0.000760525327 0 0 0 0 0 0 0.000760525327 0 0 0 0 0 0 0.001318000015
177,1785497074.205655098,map,7.8142299652,-2.4917085171,-1.2988026142,0.0686555439,0.0477757877,0.8344647943,0.5446764554,0.04291280958 0 0 0 0 0 0 0.04291280958 0 0 0 0 0 0 0.09434362399 0 0 0 0 0 0 0.0007523258985 0 0 0 0 0 0 0.0007523258985 0 0 0 0 0 0 0.001307198933
178,1785497074.305424929,map,7.7542610168,-2.4310140610,-1.2796870470,0.0719987872,0.0475974875,0.8374008621,0.5397317988,0.04309938161 0 0 0 0 0 0 0.04309938161 0 0 0 0 0 0 0.09462016272 0 0 0 0 0 0 0.0007566389364 0 0 0 0 0 0 0.0007566389364 0 0 0 0 0 0 0.001312882242
179,1785497074.405412912,map,7.7436232567,-2.4827635288,-1.2859436274,0.0711910558,0.0503622664,0.8401680926,0.5352691684,0.04333485747 0 0 0 0 0 0 0.04333485747 0 0 0 0 0 0 0.09496890962 0 0 0 0 0 0 0.0007620867247 0 0 0 0 0 0 0.0007620867247 0 0 0 0 0 0 0.001320055247
180,1785497074.505369186,map,7.7490448952,-2.4184350967,-1.2817261219,0.0728488401,0.0491065785,0.8418233713,0.5325551760,0.04276642521 0 0 0 0 0 0 0.04276642521 0 0 0 0 0 0 0.09412651477 0 0 0 0 0 0 0.0007489439768 0 0 0 0 0 0 0.0007489439768 0 0 0 0 0 0 0.00130273981
181,1785497074.605573416,map,7.7539672852,-2.3929917812,-1.2770067453,0.0743203946,0.0470794142,0.8415580883,0.5329540356,0.04313178479 0 0 0 0 0 0 0.04313178479 0 0 0 0 0 0 0.09466817114 0 0 0 0 0 0 0.0007573883123 0 0 0 0 0 0 0.0007573883123 0 0 0 0 0 0 0.001313869299
182,1785497074.705606937,map,7.7298760414,-2.3839988708,-1.2803442478,0.0725862775,0.0436421314,0.8411287492,0.5341619736,0.04291445552 0 0 0 0 0 0 0.04291445552 0 0 0 0 0 0 0.09434606448 0 0 0 0 0 0 0.0007523639353 0 0 0 0 0 0 0.0007523639353 0 0 0 0 0 0 0.001307249071
183,1785497074.805516481,map,7.7309207916,-2.3848249912,-1.2633918524,0.0716676026,0.0401850171,0.8386798890,0.5383910821,0.0433392784 0 0 0 0 0 0 0.0433392784 0 0 0 0 0 0 0.09497545421 0 0 0 0 0 0 0.0007621890489 0 0 0 0 0 0 0.0007621890489 0 0 0 0 0 0 0.001320189916
184,1785497074.905416250,map,7.7165846825,-2.3180751801,-1.2717851400,0.0687205901,0.0392872603,0.8334445036,0.5469042566,0.0428887606 0 0 0 0 0 0 0.0428887606 0 0 0 0 0 0 0.09430796416 0 0 0 0 0 0 0.0007517701681 0 0 0 0 0 0 0.0007517701681 0 0 0 0 0 0 0.001306466359
185,1785497075.005427122,map,7.7130665779,-2.2228991985,-1.2718523741,0.0674074631,0.0381577410,0.8301801600,0.5520879517,0.04316202233 0 0 0 0 0 0 0.04316202233 0 0 0 0 0 0 0.09471296568 0 0 0 0 0 0 0.0007580876848 0 0 0 0 0 0 0.0007580876848 0 0 0 0 0 0 0.001314790387
186,1785497075.105987787,map,7.6208772659,-2.2244412899,-1.2663897276,0.0688187673,0.0396559671,0.8299700309,0.5521242056,0.04291515967 0 0 0 0 0 0 0.04291515967 0 0 0 0 0 0 0.09434710853 0 0 0 0 0 0 0.0007523802077 0 0 0 0 0 0 0.0007523802077 0 0 0 0 0 0 0.001307270521
187,1785497075.205539703,map,7.5960192680,-2.1590719223,-1.2600386143,0.0691906610,0.0410535941,0.8279320602,0.5550277365,0.04282844985 0 0 0 0 0 0 0.04282844985 0 0 0 0 0 0 0.09421852106 0 0 0 0 0 0 0.000750376709 0 0 0 0 0 0 0.000750376709 0 0 0 0 0 0 0.001304629189
188,1785497075.305404425,map,7.6740565300,-2.1897099018,-1.2608324289,0.0690376947,0.0404570633,0.8259801186,0.5579909293,0.0433338047 0 0 0 0 0 0 0.0433338047 0 0 0 0 0 0 0.09496735112 0 0 0 0 0 0 0.0007620623581 0 0 0 0 0 0 0.0007620623581 0 0 0 0 0 0 0.001320023178
189,1785497075.405414104,map,7.6693930626,-2.1952266693,-1.2584021091,0.0701374427,0.0394469753,0.8239837611,0.5608702534,0.04321657627 0 0 0 0 0 0 0.04321657627 0 0 0 0 0 0 0.09479377015 0 0 0 0 0 0 0.0007593496744 0 0 0 0 0 0 0.0007593496744 0 0 0 0 0 0 0.001316452196
190,1785497075.505567551,map,7.6081457138,-2.1805002689,-1.2632087469,0.0699017091,0.0395677759,0.8206116779,0.5658132079,0.04290260238 0 0 0 0 0 0 0.04290260238 0 0 0 0 0 0 0.09432848916 0 0 0 0 0 0 0.0007520900217 0 0 0 0 0 0 0.0007520900217 0 0 0 0 0 0 0.001306888004
191,1785497075.605616808,map,7.6559224129,-2.1105122566,-1.2645335197,0.0679768018,0.0430101614,0.8175150362,0.5702617440,0.04303976436 0 0 0 0 0 0 0.04303976436 0 0 0 0 0 0 0.09453181872 0 0 0 0 0 0 0.0007552604248 0 0 0 0 0 0 0.0007552604248 0 0 0 0 0 0 0.001311066197
192,1785497075.705533266,map,7.6914272308,-2.0784783363,-1.2632099390,0.0618029939,0.0464344211,0.8136480578,0.5761953705,0.04325960912 0 0 0 0 0 0 0.04325960912 0 0 0 0 0 0 0.09485749807 0 0 0 0 0 0 0.0007603453262 0 0 0 0 0 0 0.0007603453262 0 0 0 0 0 0 0.001317763051
193,1785497075.805398941,map,7.6630086899,-2.0440740585,-1.2678358555,0.0585820294,0.0476614995,0.8070087681,0.5856905353,0.04320525562 0 0 0 0 0 0 0.04320525562 0 0 0 0 0 0 0.09477700354 0 0 0 0 0 0 0.0007590877745 0 0 0 0 0 0 0.0007590877745 0 0 0 0 0 0 0.001316107349
194,1785497075.905543566,map,7.5820736885,-1.9961297512,-1.2626825571,0.0536241564,0.0525218933,0.8012329494,0.5936258902,0.04291275717 0 0 0 0 0 0 0.04291275717 0 0 0 0 0 0 0.09434354628 0 0 0 0 0 0 0.0007523246873 0 0 0 0 0 0 0.0007523246873 0 0 0 0 0 0 0.001307197336
195,1785497076.005600214,map,7.6358098984,-2.0334732533,-1.2554954290,0.0477623493,0.0591145120,0.7963809457,0.6000013220,0.04304151196 0 0 0 0 0 0 0.04304151196 0 0 0 0 0 0 0.09453440868 0 0 0 0 0 0 0.0007553008297 0 0 0 0 0 0 0.0007553008297 0 0 0 0 0 0 0.001311119432
196,1785497076.105404615,map,7.5612649918,-2.0435559750,-1.2432240248,0.0456168616,0.0604819052,0.7895861792,0.6089455730,0.04269381083 0 0 0 0 0 0 0.04269381083 0 0 0 0 0 0 0.09401877221 0 0 0 0 0 0 0.000747267049 0 0 0 0 0 0 0.000747267049 0 0 0 0 0 0 0.00130052785
197,1785497076.205360651,map,7.5422072411,-2.0050616264,-1.2399938107,0.0417671537,0.0647591696,0.7811566201,0.6195612060,0.0430762456 0 0 0 0 0 0 0.0430762456 0 0 0 0 0 0 0.09458588091 0 0 0 0 0 0 0.0007561039335 0 0 0 0 0 0 0.0007561039335 0 0 0 0 0 0 0.001312177479
198,1785497076.305521011,map,7.5589437485,-2.0342092514,-1.2437164783,0.0406125246,0.0669075496,0.7711445392,0.6318307520,0.04320502746 0 0 0 0 0 0 0.04320502746 0 0 0 0 0 0 0.09477666561 0 0 0 0 0 0 0.0007590824961 0 0 0 0 0 0 0.0007590824961 0 0 0 0 0 0 0.001316100399
199,1785497076.405567646,map,7.5507626534,-1.9884518385,-1.2381678820,0.0410871971,0.0659173796,0.7621277845,0.6427503459,0.04317649779 0 0 0 0 0 0 0.04317649779 0 0 0 0 0 0 0.09473440813 0 0 0 0 0 0 0.0007584225193 0 0 0 0 0 0 0.0007584225193 0 0 0 0 0 0 0.001315231335
200,1785497076.505436420,map,7.5250658989,-1.9567024708,-1.2390670776,0.0406904245,0.0660882584,0.7554006872,0.6506508000,0.04302089628 0 0 0 0 0 0 0.04302089628 0 0 0 0 0 0 0.09450385484 0 0 0 0 0 0 0.000754824207 0 0 0 0 0 0 0.000754824207 0 0 0 0 0 0 0.001310491442
201,1785497076.605355978,map,7.5218825340,-1.9742566347,-1.2384297848,0.0390835841,0.0665420331,0.7479358322,0.6592697831,0.04283369016 0 0 0 0 0 0 0.04283369016 0 0 0 0 0 0 0.09422629344 0 0 0 0 0 0 0.000750497772 0 0 0 0 0 0 0.000750497772 0 0 0 0 0 0 0.001304788818
202,1785497076.705473423,map,7.5533199310,-1.9782613516,-1.2427659035,0.0399068472,0.0657431232,0.7431329302,0.6647094997,0.04307481248 0 0 0 0 0 0 0.04307481248 0 0 0 0 0 0 0.09458375729 0 0 0 0 0 0 0.0007560707952 0 0 0 0 0 0 0.0007560707952 0 0 0 0 0 0 0.001312133824
203,1785497076.805614710,map,7.5095057487,-1.9858694077,-1.2396833897,0.0393327124,0.0667685865,0.7357771299,0.6727755314,0.04305780512 0 0 0 0 0 0 0.04305780512 0 0 0 0 0 0 0.09455855457 0 0 0 0 0 0 0.0007556775438 0 0 0 0 0 0 0.0007556775438 0 0 0 0 0 0 0.00131161575
204,1785497076.905428886,map,7.5460243225,-1.9631717205,-1.2433437109,0.0394106865,0.0666185833,0.7299448506,0.6791091821,0.04313998155 0 0 0 0 0 0 0.04313998155 0 0 0 0 0 0 0.09468031451 0 0 0 0 0 0 0.0007575778899 0 0 0 0 0 0 0.0007575778899 0 0 0 0 0 0 0.001314118987
205,1785497077.005359650,map,7.5095062256,-1.9333357811,-1.2405741215,0.0355971591,0.0692084433,0.7247536751,0.6845985161,0.04327512954 0 0 0 0 0 0 0.04327512954 0 0 0 0 0 0 0.09488047993 0 0 0 0 0 0 0.0007607044607 0 0 0 0 0 0 0.0007607044607 0 0 0 0 0 0 0.00131823583
206,1785497077.105474949,map,7.5210952759,-1.9125101566,-1.2407488823,0.0362410171,0.0695123635,0.7233687008,0.6859973239,0.04293639935 0 0 0 0 0 0 0.04293639935 0 0 0 0 0 0 0.09437859975 0 0 0 0 0 0 0.0007528710657 0 0 0 0 0 0 0.0007528710657 0 0 0 0 0 0 0.001307917519
207,1785497077.205591679,map,7.4819583893,-1.9274774790,-1.2295171022,0.0348080812,0.0700976512,0.7211150034,0.6883805993,0.04289054089 0 0 0 0 0 0 0.04289054089 0 0 0 0 0 0 0.0943106041 0 0 0 0 0 0 0.000751811306 0 0 0 0 0 0 0.000751811306 0 0 0 0 0 0 0.00130652059
208,1785497077.305471897,map,7.5128273964,-1.9073791504,-1.2316839695,0.0321290848,0.0696909435,0.7169134710,0.6929256453,0.04319978365 0 0 0 0 0 0 0.04319978365 0 0 0 0 0 0 0.09476889894 0 0 0 0 0 0 0.0007589611859 0 0 0 0 0 0 0.0007589611859 0 0 0 0 0 0 0.001315940663
209,1785497077.405344009,map,7.4812927246,-1.8495066166,-1.2391324043,0.0291087767,0.0730264414,0.7075482678,0.7022786304,0.04306612727 0 0 0 0 0 0 0.04306612727 0 0 0 0 0 0 0.09457088713 0 0 0 0 0 0 0.0007558699692 0 0 0 0 0 0 0.0007558699692 0 0 0 0 0 0 0.001311869257
210,1785497077.505390882,map,7.4713492393,-1.8045713902,-1.2362796068,0.0289404884,0.0746691667,0.7003082118,0.7093344695,0.04280025518 0 0 0 0 0 0 0.04280025518 0 0 0 0 0 0 0.09417670025 0 0 0 0 0 0 0.0007497253878 0 0 0 0 0 0 0.0007497253878 0 0 0 0 0 0 0.00130377033
211,1785497077.605606794,map,7.4693226814,-1.7929592133,-1.2388223410,0.0282704561,0.0753271475,0.6971660788,0.7123805671,0.04282832993 0 0 0 0 0 0 0.04282832993 0 0 0 0 0 0 0.09421834318 0 0 0 0 0 0 0.0007503739385 0 0 0 0 0 0 0.0007503739385 0 0 0 0 0 0 0.001304625536
212,1785497077.705482244,map,7.4817681313,-1.7781176567,-1.2389653921,0.0273723943,0.0765038243,0.6880861875,0.7210654011,0.04286481262 0 0 0 0 0 0 0.04286481262 0 0 0 0 0 0 0.09427245086 0 0 0 0 0 0 0.0007512168209 0 0 0 0 0 0 0.0007512168209 0 0 0 0 0 0 0.001305736862
213,1785497077.805340528,map,7.5111742020,-1.7639781237,-1.2421722412,0.0261695921,0.0764301817,0.6865757735,0.7225560853,0.04272480143 0 0 0 0 0 0 0.04272480143 0 0 0 0 0 0 0.09406475858 0 0 0 0 0 0 0.0007479826781 0 0 0 0 0 0 0.0007479826781 0 0 0 0 0 0 0.001301471877
214,1785497078.005592346,map,7.4780325890,-1.8128758669,-1.2362309694,0.0234291623,0.0788150459,0.6800193323,0.7285691311,0.04289220083 0 0 0 0 0 0 0.04289220083 0 0 0 0 0 0 0.09431306554 0 0 0 0 0 0 0.0007518496629 0 0 0 0 0 0 0.0007518496629 0 0 0 0 0 0 0.001306571155
215,1785497078.105507135,map,7.4972405434,-1.8004000187,-1.2315720320,0.0234773858,0.0804825338,0.6709084856,0.7367857149,0.04277035732 0 0 0 0 0 0 0.04277035732 0 0 0 0 0 0 0.09413234825 0 0 0 0 0 0 0.0007490347965 0 0 0 0 0 0 0.0007490347965 0 0 0 0 0 0 0.001302859589
216,1785497078.205921650,map,7.5082960129,-1.7804918289,-1.2340173721,0.0237820819,0.0796973157,0.6701247870,0.7375740810,0.04255976033 0 0 0 0 0 0 0.04255976033 0 0 0 0 0 0 0.09381979442 0 0 0 0 0 0 0.0007441725366 0 0 0 0 0 0 0.0007441725366 0 0 0 0 0 0 0.001296444438
217,1785497078.305381536,map,7.5054230690,-1.7532336712,-1.2373636961,0.0229796904,0.0804227165,0.6702290027,0.7374260443,0.04270948073 0 0 0 0 0 0 0.04270948073 0 0 0 0 0 0 0.09404202516 0 0 0 0 0 0 0.0007476288851 0 0 0 0 0 0 0.0007476288851 0 0 0 0 0 0 0.001301005182
218,1785497078.405627489,map,7.5020408630,-1.7584909201,-1.2300850153,0.0215471469,0.0809727564,0.6707844574,0.7369038863,0.04296709679 0 0 0 0 0 0 0.04296709679 0 0 0 0 0 0 0.09442410912 0 0 0 0 0 0 0.0007535805645 0 0 0 0 0 0 0.0007535805645 0 0 0 0 0 0 0.001308852616
219,1785497078.505529404,map,7.4686636925,-1.7487996817,-1.2257199287,0.0171158019,0.0806993592,0.6698674630,0.7378836184,0.04297281976 0 0 0 0 0 0 0.04297281976 0 0 0 0 0 0 0.09443259292 0 0 0 0 0 0 0.0007537128463 0 0 0 0 0 0 0.0007537128463 0 0 0 0 0 0 0.001309026948
220,1785497078.605396271,map,7.5341238976,-1.6932945251,-1.2308912277,0.0141455884,0.0773201411,0.6664188709,0.7414225489,0.04279714963 0 0 0 0 0 0 0.04279714963 0 0 0 0 0 0 0.09417209356 0 0 0 0 0 0 0.0007496536512 0 0 0 0 0 0 0.0007496536512 0 0 0 0 0 0 0.001303675729
221,1785497078.705296278,map,7.4872131348,-1.6239092350,-1.2376030684,0.0117172163,0.0793915787,0.6668495208,0.7408585584,0.04262436164 0 0 0 0 0 0 0.04262436164 0 0 0 0 0 0 0.09391569809 0 0 0 0 0 0 0.0007456636429 0 0 0 0 0 0 0.0007456636429 0 0 0 0 0 0 0.001298412306
222,1785497078.805564165,map,7.4883022308,-1.6436455250,-1.2328848839,0.0123906543,0.0781113122,0.6683701542,0.7396123671,0.04308515603 0 0 0 0 0 0 0.04308515603 0 0 0 0 0 0 0.09459908431 0 0 0 0 0 0 0.0007563099752 0 0 0 0 0 0 0.0007563099752 0 0 0 0 0 0 0.001312448906
223,1785497078.905773878,map,7.4852161407,-1.6141248941,-1.2373807430,0.0143159853,0.0774938966,0.6710045470,0.7372534273,0.04290551694 0 0 0 0 0 0 0.04290551694 0 0 0 0 0 0 0.09433281081 0 0 0 0 0 0 0.000752157373 0 0 0 0 0 0 0.000752157373 0 0 0 0 0 0 0.001306976787
224,1785497079.005425453,map,7.4993586540,-1.6066915989,-1.2307717800,0.0130754158,0.0764348154,0.6726151684,0.7359181687,0.04292960752 0 0 0 0 0 0 0.04292960752 0 0 0 0 0 0 0.09436853006 0 0 0 0 0 0 0.0007527140995 0 0 0 0 0 0 0.0007527140995 0 0 0 0 0 0 0.001307710628
225,1785497079.105295420,map,7.4620075226,-1.6196818352,-1.2254025936,0.0119948595,0.0757711921,0.6765556616,0.7323846553,0.042908009 0 0 0 0 0 0 0.042908009 0 0 0 0 0 0 0.09433650595 0 0 0 0 0 0 0.0007522149614 0 0 0 0 0 0 0.0007522149614 0 0 0 0 0 0 0.001307052699
226,1785497079.205484390,map,7.5049014091,-1.5859570503,-1.2299463749,0.0124405816,0.0753604775,0.6800831154,0.7291453723,0.04295358103 0 0 0 0 0 0 0.04295358103 0 0 0 0 0 0 0.09440407247 0 0 0 0 0 0 0.0007532681696 0 0 0 0 0 0 0.0007532681696 0 0 0 0 0 0 0.001308440902
227,1785497079.305796385,map,7.4569358826,-1.5927996635,-1.2277909517,0.0125324374,0.0750932940,0.6834570994,0.7260098669,0.04280395612 0 0 0 0 0 0 0.04280395612 0 0 0 0 0 0 0.09418219007 0 0 0 0 0 0 0.0007498108789 0 0 0 0 0 0 0.0007498108789 0 0 0 0 0 0 0.001303883067
228,1785497079.405495644,map,7.4949078560,-1.5915066004,-1.2298126221,0.0139324606,0.0751119250,0.6848794723,0.7246407331,0.04284364018 0 0 0 0 0 0 0.04284364018 0 0 0 0 0 0 0.09424105081 0 0 0 0 0 0 0.0007507276468 0 0 0 0 0 0 0.0007507276468 0 0 0 0 0 0 0.001305091912
229,1785497079.505350351,map,7.5729799271,-1.5204269886,-1.2481178045,0.0171185095,0.0774381783,0.6885223621,0.7208656338,0.04282520107 0 0 0 0 0 0 0.04282520107 0 0 0 0 0 0 0.09421370241 0 0 0 0 0 0 0.000750301656 0 0 0 0 0 0 0.000750301656 0 0 0 0 0 0 0.001304530225
230,1785497079.605337620,map,7.4845361710,-1.4909232855,-1.2268159389,0.0157029707,0.0760319096,0.6945397754,0.7152531580,0.04295254232 0 0 0 0 0 0 0.04295254232 0 0 0 0 0 0 0.09440253259 0 0 0 0 0 0 0.0007532441623 0 0 0 0 0 0 0.0007532441623 0 0 0 0 0 0 0.001308409262
231,1785497079.705617189,map,7.5690250397,-1.3986008167,-1.2313829660,0.0141242253,0.0744954641,0.7005227910,0.7095905455,0.04294557681 0 0 0 0 0 0 0.04294557681 0 0 0 0 0 0 0.09439220601 0 0 0 0 0 0 0.0007530831725 0 0 0 0 0 0 0.0007530831725 0 0 0 0 0 0 0.00130819708
232,1785497079.805525780,map,7.4918317795,-1.4409508705,-1.2345250845,0.0132129711,0.0749521610,0.7046824927,0.7054290866,0.04289182592 0 0 0 0 0 0 0.04289182592 0 0 0 0 0 0 0.09431250961 0 0 0 0 0 0 0.0007518409997 0 0 0 0 0 0 0.0007518409997 0 0 0 0 0 0 0.001306559734
233,1785497079.905348301,map,7.4986853600,-1.4140449762,-1.2308437824,0.0152558086,0.0742913483,0.7060017859,0.7041374155,0.04303661388 0 0 0 0 0 0 0.04303661388 0 0 0 0 0 0 0.09452714961 0 0 0 0 0 0 0.0007551875856 0 0 0 0 0 0 0.0007551875856 0 0 0 0 0 0 0.001310970228
234,1785497080.005341530,map,7.5376777649,-1.3735624552,-1.2370584011,0.0151946083,0.0703144667,0.7086465398,0.7018868101,0.04292387903 0 0 0 0 0 0 0.04292387903 0 0 0 0 0 0 0.09436003669 0 0 0 0 0 0 0.0007525817112 0 0 0 0 0 0 0.0007525817112 0 0 0 0 0 0 0.001307536128
235,1785497080.105556965,map,7.5079612732,-1.2875199318,-1.2414240837,0.0155237700,0.0653860432,0.7096750016,0.7013166856,0.04309425908 0 0 0 0 0 0 0.04309425908 0 0 0 0 0 0 0.09461257267 0 0 0 0 0 0 0.0007565204779 0 0 0 0 0 0 0.0007565204779 0 0 0 0 0 0 0.001312726201
236,1785497080.205499411,map,7.4692053795,-1.3152183294,-1.2404993773,0.0157768172,0.0685123181,0.7117090305,0.6989473600,0.04305965488 0 0 0 0 0 0 0.04305965488 0 0 0 0 0 0 0.09456129576 0 0 0 0 0 0 0.0007557203137 0 0 0 0 0 0 0.0007557203137 0 0 0 0 0 0 0.001311672097
237,1785497080.305373669,map,7.5019397736,-1.2846050262,-1.2419003248,0.0129234299,0.0662528712,0.7112829091,0.6996571873,0.04301532705 0 0 0 0 0 0 0.04301532705 0 0 0 0 0 0 0.09449560045 0 0 0 0 0 0 0.0007546954557 0 0 0 0 0 0 0.0007546954557 0 0 0 0 0 0 0.001310321794
238,1785497080.405324221,map,7.6017565727,-1.1585072279,-1.2674256563,0.0131786683,0.0621517136,0.7141302630,0.6971236931,0.04303398528 0 0 0 0 0 0 0.04303398528 0 0 0 0 0 0 0.09452325391 0 0 0 0 0 0 0.000755126813 0 0 0 0 0 0 0.000755126813 0 0 0 0 0 0 0.001310890156
239,1785497080.505463362,map,7.5002880096,-1.1638205051,-1.2554435730,0.0148194907,0.0586386396,0.7184302677,0.6929645092,0.04302271014 0 0 0 0 0 0 0.04302271014 0 0 0 0 0 0 0.0945065432 0 0 0 0 0 0 0.0007548661409 0 0 0 0 0 0 0.0007548661409 0 0 0 0 0 0 0.001310546695
240,1785497080.605595589,map,7.5103278160,-1.1277705431,-1.2697942257,0.0162558563,0.0614293381,0.7252745274,0.6855210044,0.04302712807 0 0 0 0 0 0 0.04302712807 0 0 0 0 0 0 0.09451309104 0 0 0 0 0 0 0.0007549682787 0 0 0 0 0 0 0.0007549682787 0 0 0 0 0 0 0.001310681273
241,1785497080.705427170,map,7.5022702217,-1.0865191221,-1.2578996420,0.0176075723,0.0636710992,0.7312970906,0.6788523726,0.04300433464 0 0 0 0 0 0 0.04300433464 0 0 0 0 0 0 0.09447930764 0 0 0 0 0 0 0.0007544413376 0 0 0 0 0 0 0.0007544413376 0 0 0 0 0 0 0.001309986946
242,1785497080.805308104,map,7.5250654221,-1.0649825335,-1.2645840645,0.0181261430,0.0640050964,0.7354644230,0.6742899004,0.04317073885 0 0 0 0 0 0 0.04317073885 0 0 0 0 0 0 0.09472587757 0 0 0 0 0 0 0.000758289306 0 0 0 0 0 0 0.000758289306 0 0 0 0 0 0 0.001315055908
243,1785497080.905375481,map,7.5315608978,-1.0297251940,-1.2535620928,0.0222605844,0.0642488019,0.7405748267,0.6685248703,0.04302739024 0 0 0 0 0 0 0.04302739024 0 0 0 0 0 0 0.09451347959 0 0 0 0 0 0 0.0007549743397 0 0 0 0 0 0 0.0007549743397 0 0 0 0 0 0 0.001310689259
244,1785497081.005618334,map,7.5393900871,-0.9262552261,-1.2671884298,0.0192859845,0.0704712421,0.7458043975,0.6621462564,0.04295205366 0 0 0 0 0 0 0.04295205366 0 0 0 0 0 0 0.09440180814 0 0 0 0 0 0 0.000753232868 0 0 0 0 0 0 0.000753232868 0 0 0 0 0 0 0.001308394376
245,1785497081.105479717,map,7.4744434357,-0.9453698993,-1.2476389408,0.0170326272,0.0736283718,0.7472142666,0.6602723440,0.04266096412 0 0 0 0 0 0 0.04266096412 0 0 0 0 0 0 0.09397002566 0 0 0 0 0 0 0.0007465086497 0 0 0 0 0 0 0.0007465086497 0 0 0 0 0 0 0.001299527282
246,1785497081.205339670,map,7.5202846527,-0.8999896049,-1.2523819208,0.0074530228,0.0704317323,0.7452449741,0.6630186670,0.04284005086 0 0 0 0 0 0 0.04284005086 0 0 0 0 0 0 0.09423572738 0 0 0 0 0 0 0.000750644722 0 0 0 0 0 0 0.000750644722 0 0 0 0 0 0 0.001304982576
247,1785497081.305310488,map,7.5641403198,-0.8184178472,-1.2732468843,-0.0038241605,0.0666690548,0.7434473381,0.6654522238,0.04284074302 0 0 0 0 0 0 0.04284074302 0 0 0 0 0 0 0.09423675395 0 0 0 0 0 0 0.0007506607131 0 0 0 0 0 0 0.0007506607131 0 0 0 0 0 0 0.00130500366
248,1785497081.405517817,map,7.5122828484,-0.7779623270,-1.2798948288,-0.0044138716,0.0656135122,0.7418831398,0.6672966347,0.04267766274 0 0 0 0 0 0 0.04267766274 0 0 0 0 0 0 0.0939948082 0 0 0 0 0 0 0.0007468941932 0 0 0 0 0 0 0.0007468941932 0 0 0 0 0 0 0.001300035951
249,1785497081.505539656,map,7.5166397095,-0.7399497628,-1.2619535923,-0.0095718483,0.0694140472,0.7395669870,0.6694256624,0.0429836906 0 0 0 0 0 0 0.0429836906 0 0 0 0 0 0 0.09444870747 0 0 0 0 0 0 0.0007539641248 0 0 0 0 0 0 0.0007539641248 0 0 0 0 0 0 0.001309358092
250,1785497081.605306625,map,7.4475102425,-0.6366778612,-1.2618575096,-0.0095444220,0.0562332541,0.7387476232,0.6715643450,0.04263078025 0 0 0 0 0 0 0.04263078025 0 0 0 0 0 0 0.09392522552 0 0 0 0 0 0 0.0007458118148 0 0 0 0 0 0 0.0007458118148 0 0 0 0 0 0 0.001298607828
251,1785497081.705315351,map,7.4569892883,-0.6846525669,-1.2894258499,-0.0045555595,0.0535127854,0.7400740781,0.6703774944,0.04288085869 0 0 0 0 0 0 0.04288085869 0 0 0 0 0 0 0.09429624651 0 0 0 0 0 0 0.0007515875795 0 0 0 0 0 0 0.0007515875795 0 0 0 0 0 0 0.001306225653
252,1785497081.805595160,map,7.4973368645,-0.6090900302,-1.2733913660,0.0026267627,0.0561182782,0.7362750650,0.6743462602,0.04308167241 0 0 0 0 0 0 0.04308167241 0 0 0 0 0 0 0.09459392236 0 0 0 0 0 0 0.0007562294202 0 0 0 0 0 0 0.0007562294202 0 0 0 0 0 0 0.001312342789
253,1785497081.905460596,map,7.4537911415,-0.5916228890,-1.2669724226,0.0064555119,0.0563390518,0.7360057612,0.6745959993,0.0428649962 0 0 0 0 0 0 0.0428649962 0 0 0 0 0 0 0.09427272311 0 0 0 0 0 0 0.0007512210625 0 0 0 0 0 0 0.0007512210625 0 0 0 0 0 0 0.001305742454
254,1785497082.005370140,map,7.4279527664,-0.5638006330,-1.2830042839,0.0101718670,0.0606925345,0.7343269172,0.6760007028,0.042955017 0 0 0 0 0 0 0.042955017 0 0 0 0 0 0 0.0944062013 0 0 0 0 0 0 0.0007533013591 0 0 0 0 0 0 0.0007533013591 0 0 0 0 0 0 0.001308484645
255,1785497082.105305195,map,7.4144792557,-0.4834930301,-1.2734923363,0.0164672687,0.0586260678,0.7345148327,0.6758548608,0.04279739444 0 0 0 0 0 0 0.04279739444 0 0 0 0 0 0 0.09417245671 0 0 0 0 0 0 0.0007496593062 0 0 0 0 0 0 0.0007496593062 0 0 0 0 0 0 0.001303683187
256,1785497082.305521488,map,7.4376955032,-0.4708324373,-1.2588353157,0.0274648414,0.0507654936,0.7238246023,0.6875656372,0.04273749454 0 0 0 0 0 0 0.04273749454 0 0 0 0 0 0 0.09408359208 0 0 0 0 0 0 0.0007482758089 0 0 0 0 0 0 0.0007482758089 0 0 0 0 0 0 0.001301858531
257,1785497082.405407906,map,7.4271235466,-0.3461143076,-1.2826751471,0.0345756473,0.0524812948,0.7203273122,0.6907813170,0.04293196432 0 0 0 0 0 0 0.04293196432 0 0 0 0 0 0 0.09437202432 0 0 0 0 0 0 0.000752768567 0 0 0 0 0 0 0.000752768567 0 0 0 0 0 0 0.00130778242
258,1785497082.505321980,map,7.4478926659,-0.3660914600,-1.2546489239,0.0462124627,0.0469969460,0.7204985665,0.6903169721,0.0432020435 0 0 0 0 0 0 0.0432020435 0 0 0 0 0 0 0.09477224604 0 0 0 0 0 0 0.0007590134649 0 0 0 0 0 0 0.0007590134649 0 0 0 0 0 0 0.001316009502
259,1785497082.605475903,map,7.4394173622,-0.2934677303,-1.2419289351,0.0487890958,0.0303737614,0.7204002878,0.6911732899,0.04253229022 0 0 0 0 0 0 0.04253229022 0 0 0 0 0 0 0.09377900655 0 0 0 0 0 0 0.00074353859 0 0 0 0 0 0 0.00074353859 0 0 0 0 0 0 0.00129560765
260,1785497082.705476999,map,7.5040807724,-0.3090872765,-1.2425693274,0.0302532267,0.0271220005,0.7174396649,0.6954347387,0.04296343046 0 0 0 0 0 0 0.04296343046 0 0 0 0 0 0 0.09441867402 0 0 0 0 0 0 0.0007534958217 0 0 0 0 0 0 0.0007534958217 0 0 0 0 0 0 0.001308740933
261,1785497082.805330276,map,7.5097322464,-0.1521615833,-1.2687872648,0.0146289260,0.0346313534,0.7115370700,0.7016421392,0.04297959115 0 0 0 0 0 0 0.04297959115 0 0 0 0 0 0 0.09444263067 0 0 0 0 0 0 0.0007538693653 0 0 0 0 0 0 0.0007538693653 0 0 0 0 0 0 0.001309233216
262,1785497082.905276299,map,7.3858351707,-0.0578418560,-1.2732311487,0.0280922841,0.0412359013,0.7062109580,0.7062411181,0.0428891729 0 0 0 0 0 0 0.0428891729 0 0 0 0 0 0 0.09430857555 0 0 0 0 0 0 0.0007517796953 0 0 0 0 0 0 0.0007517796953 0 0 0 0 0 0 0.001306478919
263,1785497083.005462885,map,7.4030036926,0.0141684469,-1.3034485579,0.0281573423,0.0448666597,0.6979700738,0.7141652043,0.0431604004 0 0 0 0 0 0 0.0431604004 0 0 0 0 0 0 0.09471056304 0 0 0 0 0 0 0.0007580501687 0 0 0 0 0 0 0.0007580501687 0 0 0 0 0 0 0.001314740981
264,1785497083.105642796,map,7.5221557617,0.1943013221,-1.2421888113,0.0368588368,0.0507528461,0.6962123634,0.7150901314,0.04299169846 0 0 0 0 0 0 0.04299169846 0 0 0 0 0 0 0.09446057761 0 0 0 0 0 0 0.0007541492321 0 0 0 0 0 0 0.0007541492321 0 0 0 0 0 0 0.001309602026
265,1785497083.205398321,map,7.4671239853,0.1091464534,-1.2579703331,0.0243660904,0.0570637249,0.6849250065,0.7259667701,0.04297469269 0 0 0 0 0 0 0.04297469269 0 0 0 0 0 0 0.09443536933 0 0 0 0 0 0 0.0007537561382 0 0 0 0 0 0 0.0007537561382 0 0 0 0 0 0 0.001309084
266,1785497083.305118084,map,7.5052566528,0.3868881464,-1.2933709621,0.0248457307,0.0585994065,0.6853907636,0.7253883884,0.042877194 0 0 0 0 0 0 0.042877194 0 0 0 0 0 0 0.09429081205 0 0 0 0 0 0 0.0007515029017 0 0 0 0 0 0 0.0007515029017 0 0 0 0 0 0 0.00130611402
267,1785497083.405309677,map,7.5124702454,0.4553672671,-1.2864202261,0.0234566020,0.0572861673,0.6975651516,0.7138423788,0.04286283562 0 0 0 0 0 0 0.04286283562 0 0 0 0 0 0 0.09426951895 0 0 0 0 0 0 0.0007511711421 0 0 0 0 0 0 0.0007511711421 0 0 0 0 0 0 0.001305676639
268,1785497083.505658388,map,7.4926395416,0.4314820766,-1.2913767099,0.0234212438,0.0571674627,0.7057103217,0.7058018744,0.04289448674 0 0 0 0 0 0 0.04289448674 0 0 0 0 0 0 0.09431645518 0 0 0 0 0 0 0.0007519024849 0 0 0 0 0 0 0.0007519024849 0 0 0 0 0 0 0.001306640787
269,1785497083.605532646,map,7.3788800240,0.3641253710,-1.2788062096,0.0249011966,0.0558125452,0.7115473433,0.6999751896,0.04280326077 0 0 0 0 0 0 0.04280326077 0 0 0 0 0 0 0.09418115863 0 0 0 0 0 0 0.0007497948164 0 0 0 0 0 0 0.0007497948164 0 0 0 0 0 0 0.001303861886
270,1785497083.705367804,map,7.4598436356,0.3106000721,-1.2896850109,0.0237641361,0.0548277017,0.7092256206,0.7024444627,0.04274534952 0 0 0 0 0 0 0.04274534952 0 0 0 0 0 0 0.0940952465 0 0 0 0 0 0 0.0007484572163 0 0 0 0 0 0 0.0007484572163 0 0 0 0 0 0 0.001302097808
271,1785497083.805259466,map,7.4748663902,0.3075133264,-1.2913221121,0.0241325032,0.0551103887,0.7094012269,0.7022324119,0.04288695123 0 0 0 0 0 0 0.04288695123 0 0 0 0 0 0 0.0943052811 0 0 0 0 0 0 0.0007517283587 0 0 0 0 0 0 0.0007517283587 0 0 0 0 0 0 0.001306411243
272,1785497083.905364990,map,7.5190281868,0.3513896465,-1.2912268639,0.0240109540,0.0549208044,0.7134134776,0.6981750573,0.04281156674 0 0 0 0 0 0 0.04281156674 0 0 0 0 0 0 0.09419347909 0 0 0 0 0 0 0.0007499866864 0 0 0 0 0 0 0.0007499866864 0 0 0 0 0 0 0.0013041149
273,1785497084.005666733,map,7.5097031593,0.4170855880,-1.2969708443,0.0253419433,0.0538756858,0.7224744816,0.6888293195,0.04308151215 0 0 0 0 0 0 0.04308151215 0 0 0 0 0 0 0.0945936849 0 0 0 0 0 0 0.0007562257146 0 0 0 0 0 0 0.0007562257146 0 0 0 0 0 0 0.001312337907
274,1785497084.105606079,map,7.4778647423,0.4216518998,-1.2947440147,0.0276926905,0.0510211430,0.7311238478,0.6797704715,0.04282164463 0 0 0 0 0 0 0.04282164463 0 0 0 0 0 0 0.09420842736 0 0 0 0 0 0 0.0007502194962 0 0 0 0 0 0 0.0007502194962 0 0 0 0 0 0 0.00130442189
275,1785497084.205374241,map,7.3942074776,0.3099290431,-1.2883602381,0.0268320691,0.0513353544,0.7322905867,0.6785242963,0.04279862536 0 0 0 0 0 0 0.04279862536 0 0 0 0 0 0 0.09417428263 0 0 0 0 0 0 0.0007496877398 0 0 0 0 0 0 0.0007496877398 0 0 0 0 0 0 0.001303720683
276,1785497084.305282831,map,7.4302906990,0.3185011148,-1.2949527502,0.0267818216,0.0515928570,0.7311152214,0.6797730910,0.04257737971 0 0 0 0 0 0 0.04257737971 0 0 0 0 0 0 0.09384595358 0 0 0 0 0 0 0.0007445791855 0 0 0 0 0 0 0.0007445791855 0 0 0 0 0 0 0.001296981155
277,1785497084.405327082,map,7.4794669151,0.3434728086,-1.2979334593,0.0264316102,0.0515925608,0.7315682006,0.6792993054,0.04258682989 0 0 0 0 0 0 0.04258682989 0 0 0 0 0 0 0.09385998334 0 0 0 0 0 0 0.0007447973032 0 0 0 0 0 0 0.0007447973032 0 0 0 0 0 0 0.001297269024
278,1785497084.505390167,map,7.5189571381,0.4202807546,-1.3083410263,0.0278991198,0.0526235299,0.7380473306,0.6721149809,0.04271136207 0 0 0 0 0 0 0.04271136207 0 0 0 0 0 0 0.09404481683 0 0 0 0 0 0 0.0007476723287 0 0 0 0 0 0 0.0007476723287 0 0 0 0 0 0 0.001301062491
279,1785497084.605485201,map,7.4937868118,0.4067976177,-1.2935551405,0.0276335003,0.0533669164,0.7466715841,0.6624726056,0.04265604032 0 0 0 0 0 0 0.04265604032 0 0 0 0 0 0 0.0939627179 0 0 0 0 0 0 0.0007463949717 0 0 0 0 0 0 0.0007463949717 0 0 0 0 0 0 0.001299377294
280,1785497084.705296040,map,7.4923710823,0.4020486474,-1.3049879074,0.0282304410,0.0534391239,0.7547816499,0.6531860316,0.04286067398 0 0 0 0 0 0 0.04286067398 0 0 0 0 0 0 0.0942663132 0 0 0 0 0 0 0.0007511211975 0 0 0 0 0 0 0.0007511211975 0 0 0 0 0 0 0.001305610792
281,1785497084.805321932,map,7.5049490929,0.3841222227,-1.3077117205,0.0288176310,0.0528979565,0.7629570417,0.6436364899,0.04269605135 0 0 0 0 0 0 0.04269605135 0 0 0 0 0 0 0.09402209706 0 0 0 0 0 0 0.000747318784 0 0 0 0 0 0 0.000747318784 0 0 0 0 0 0 0.0013005961
282,1785497084.905451775,map,7.5613975525,0.3481950462,-1.2866992950,0.0281659259,0.0518246356,0.7709065399,0.6342113129,0.04303528256 0 0 0 0 0 0 0.04303528256 0 0 0 0 0 0 0.09452517654 0 0 0 0 0 0 0.0007551568058 0 0 0 0 0 0 0.0007551568058 0 0 0 0 0 0 0.001310929673
283,1785497085.005528927,map,7.4263124466,0.2772619724,-1.2696875334,0.0301962221,0.0518730646,0.7749934207,0.6291125623,0.04299725417 0 0 0 0 0 0 0.04299725417 0 0 0 0 0 0 0.0944688127 0 0 0 0 0 0 0.0007542776596 0 0 0 0 0 0 0.0007542776596 0 0 0 0 0 0 0.001309771262
284,1785497085.105347157,map,7.4768066406,0.2801159620,-1.2768511772,0.0305523395,0.0509843599,0.7726229528,0.6320766568,0.04284736938 0 0 0 0 0 0 0.04284736938 0 0 0 0 0 0 0.09424658164 0 0 0 0 0 0 0.0007508138047 0 0 0 0 0 0 0.0007508138047 0 0 0 0 0 0 0.001305205511
285,1785497085.205361605,map,7.4878754616,0.2647990584,-1.2806905508,0.0297307745,0.0505742977,0.7719796970,0.6329342025,0.04295809321 0 0 0 0 0 0 0.04295809321 0 0 0 0 0 0 0.09441076174 0 0 0 0 0 0 0.0007533724596 0 0 0 0 0 0 0.0007533724596 0 0 0 0 0 0 0.001308578351
286,1785497085.305436850,map,7.4743022919,0.2503733337,-1.2747848034,0.0302898050,0.0501010409,0.7713536799,0.6337080582,0.04271175203 0 0 0 0 0 0 0.04271175203 0 0 0 0 0 0 0.09404539548 0 0 0 0 0 0 0.0007476813337 0 0 0 0 0 0 0.0007476813337 0 0 0 0 0 0 0.00130107437
287,1785497085.405460835,map,7.5018992424,0.2637596130,-1.2835943699,0.0296656396,0.0483830290,0.7704105008,0.6350170753,0.04284091111 0 0 0 0 0 0 0.04284091111 0 0 0 0 0 0 0.09423700325 0 0 0 0 0 0 0.0007506645965 0 0 0 0 0 0 0.0007506645965 0 0 0 0 0 0 0.00130500878
288,1785497085.505287647,map,7.5116333961,0.2833867073,-1.2866284847,0.0304694763,0.0489706682,0.7713359764,0.6338093436,0.04262399868 0 0 0 0 0 0 0.04262399868 0 0 0 0 0 0 0.09391515933 0 0 0 0 0 0 0.0007456552641 0 0 0 0 0 0 0.0007456552641 0 0 0 0 0 0 0.00129840125
289,1785497085.605283976,map,7.4605474472,0.2749241590,-1.2634021044,0.0297473043,0.0511234546,0.7717388343,0.6331829500,0.04275201751 0 0 0 0 0 0 0.04275201751 0 0 0 0 0 0 0.09410513952 0 0 0 0 0 0 0.000748611215 0 0 0 0 0 0 0.000748611215 0 0 0 0 0 0 0.001302300926
290,1785497085.705492973,map,7.4881944656,0.3051180542,-1.2530533075,0.0177100020,0.0401058144,0.7702889023,0.6361862220,0.0427506072 0 0 0 0 0 0 0.0427506072 0 0 0 0 0 0 0.09410304712 0 0 0 0 0 0 0.0007485786432 0 0 0 0 0 0 0.0007485786432 0 0 0 0 0 0 0.001302257966
291,1785497085.805461645,map,7.4891219139,0.3981047571,-1.2697961330,0.0178965142,0.0427149109,0.7690952695,0.6374540325,0.04265884421 0 0 0 0 0 0 0.04265884421 0 0 0 0 0 0 0.09396687937 0 0 0 0 0 0 0.0007464597062 0 0 0 0 0 0 0.0007464597062 0 0 0 0 0 0 0.001299462706
292,1785497085.905327320,map,7.4222583771,0.5621620417,-1.2802551985,0.0286406222,0.0493564271,0.7694530700,0.6361490550,0.04257188558 0 0 0 0 0 0 0.04257188558 0 0 0 0 0 0 0.09383779674 0 0 0 0 0 0 0.0007444523801 0 0 0 0 0 0 0.0007444523801 0 0 0 0 0 0 0.001296813794
293,1785497086.005315542,map,7.3495016098,0.6471478939,-1.3098191023,0.0149161311,0.0531768644,0.7667348105,0.6395838406,0.04293197815 0 0 0 0 0 0 0.04293197815 0 0 0 0 0 0 0.09437204483 0 0 0 0 0 0 0.0007527688867 0 0 0 0 0 0 0.0007527688867 0 0 0 0 0 0 0.001307782841
294,1785497086.205468416,map,7.4014825821,0.6867702007,-1.2258636951,0.0190547809,0.0443069284,0.7651323200,0.6420641470,0.04276143796 0 0 0 0 0 0 0.04276143796 0 0 0 0 0 0 0.09411911583 0 0 0 0 0 0 0.0007488287888 0 0 0 0 0 0 0.0007488287888 0 0 0 0 0 0 0.00130258789
295,1785497086.305280447,map,7.3823342323,0.8963776231,-1.2501317263,0.0159201257,0.0348720674,0.7622316916,0.6461682051,0.0426744838 0 0 0 0 0 0 0.0426744838 0 0 0 0 0 0 0.09399009044 0 0 0 0 0 0 0.0007468207949 0 0 0 0 0 0 0.0007468207949 0 0 0 0 0 0 0.001299939115
296,1785497086.405228138,map,7.2251982689,0.9286113381,-1.2854434252,0.0254058034,0.0462022832,0.7635581263,0.6435828601,0.04327112244 0 0 0 0 0 0 0.04327112244 0 0 0 0 0 0 0.09487454655 0 0 0 0 0 0 0.0007606117366 0 0 0 0 0 0 0.0007606117366 0 0 0 0 0 0 0.001318113767
297,1785497086.505545855,map,7.3940410614,0.9547725320,-1.3011949062,0.0231065611,0.0497927605,0.7638774781,0.6430225169,0.04339427564 0 0 0 0 0 0 0.04339427564 0 0 0 0 0 0 0.09505686108 0 0 0 0 0 0 0.000763462119 0 0 0 0 0 0 0.000763462119 0 0 0 0 0 0 0.001321865228
298,1785497086.605500460,map,7.3044633865,1.2457287312,-1.2424521446,0.0101244748,0.0517726929,0.7602157994,0.6475252836,0.04310323022 0 0 0 0 0 0 0.04310323022 0 0 0 0 0 0 0.09462586511 0 0 0 0 0 0 0.0007567279371 0 0 0 0 0 0 0.0007567279371 0 0 0 0 0 0 0.001312999477
299,1785497086.705332041,map,7.2339572906,1.2987747192,-1.2811762094,0.0137759650,0.0487945391,0.7614173453,0.6462762330,0.04295085812 0 0 0 0 0 0 0.04295085812 0 0 0 0 0 0 0.09440003573 0 0 0 0 0 0 0.0007532052359 0 0 0 0 0 0 0.0007532052359 0 0 0 0 0 0 0.001308357958
300,1785497086.805260420,map,7.2510447502,1.2861467600,-1.2694202662,0.0114295319,0.0526795779,0.7623195291,0.6449520616,0.04304871504 0 0 0 0 0 0 0.04304871504 0 0 0 0 0 0 0.09454508357 0 0 0 0 0 0 0.0007554673693 0 0 0 0 0 0 0.0007554673693 0 0 0 0 0 0 0.00131133885
301,1785497086.905417681,map,7.2495903969,1.3316439390,-1.2662169933,0.0096792028,0.0549776010,0.7610833529,0.6462475409,0.04290750433 0 0 0 0 0 0 0.04290750433 0 0 0 0 0 0 0.09433575766 0 0 0 0 0 0 0.0007522032992 0 0 0 0 0 0 0.0007522032992 0 0 0 0 0 0 0.001307037326
302,1785497087.005520821,map,7.2350621223,1.3629573584,-1.2653167248,0.0111074305,0.0540697304,0.7609421488,0.6464674305,0.04273429119 0 0 0 0 0 0 0.04273429119 0 0 0 0 0 0 0.09407883917 0 0 0 0 0 0 0.0007482018304 0 0 0 0 0 0 0.0007482018304 0 0 0 0 0 0 0.001301760952
303,1785497087.105185032,map,7.2339777946,1.3609396219,-1.2620133162,0.0108303865,0.0538030961,0.7608422235,0.6466119905,0.04273777731 0 0 0 0 0 0 0.04273777731 0 0 0 0 0 0 0.09408401162 0 0 0 0 0 0 0.0007482823392 0 0 0 0 0 0 0.0007482823392 0 0 0 0 0 0 0.001301867145
304,1785497087.205351830,map,7.2305774689,1.3635656834,-1.2607728243,0.0111581322,0.0537739600,0.7607390576,0.6467301774,0.04275119597 0 0 0 0 0 0 0.04275119597 0 0 0 0 0 0 0.09410392066 0 0 0 0 0 0 0.0007485922412 0 0 0 0 0 0 0.0007485922412 0 0 0 0 0 0 0.001302275901
305,1785497087.305449724,map,7.2291836739,1.3564813137,-1.2609858513,0.0112123830,0.0538431518,0.7607266546,0.6467380775,0.04283454211 0 0 0 0 0 0 0.04283454211 0 0 0 0 0 0 0.09422755703 0 0 0 0 0 0 0.0007505174543 0 0 0 0 0 0 0.0007505174543 0 0 0 0 0 0 0.00130481477
306,1785497087.405521393,map,7.2331528664,1.3508039713,-1.2616167068,0.0112670438,0.0538693896,0.7607311695,0.6467296360,0.04283560281 0 0 0 0 0 0 0.04283560281 0 0 0 0 0 0 0.09422913023 0 0 0 0 0 0 0.0007505419593 0 0 0 0 0 0 0.0007505419593 0 0 0 0 0 0 0.00130484708
307,1785497087.505355597,map,7.2326159477,1.3480218649,-1.2629437447,0.0111381441,0.0538744288,0.7607774557,0.6466770087,0.04277953427 0 0 0 0 0 0 0.04277953427 0 0 0 0 0 0 0.09414596234 0 0 0 0 0 0 0.0007492467608 0 0 0 0 0 0 0.0007492467608 0 0 0 0 0 0 0.001303139135
308,1785497087.605340719,map,7.2330794334,1.3479700089,-1.2640966177,0.0110208740,0.0539264514,0.7607919870,0.6466575863,0.04303449575 0 0 0 0 0 0 0.04303449575 0 0 0 0 0 0 0.09452401045 0 0 0 0 0 0 0.0007551386149 0 0 0 0 0 0 0.0007551386149 0 0 0 0 0 0 0.001310905706
309,1785497087.705371380,map,7.2357001305,1.3510811329,-1.2642134428,0.0107890594,0.0538481005,0.7607263939,0.6467451941,0.04280137793 0 0 0 0 0 0 0.04280137793 0 0 0 0 0 0 0.0941783657 0 0 0 0 0 0 0.0007497513231 0 0 0 0 0 0 0.0007497513231 0 0 0 0 0 0 0.001303804531
310,1785497087.805525541,map,7.2348065376,1.3537344933,-1.2631769180,0.0108537704,0.0538326227,0.7607229091,0.6467495084,0.0429241383 0 0 0 0 0 0 0.0429241383 0 0 0 0 0 0 0.09436042109 0 0 0 0 0 0 0.0007525877029 0 0 0 0 0 0 0.0007525877029 0 0 0 0 0 0 0.001307544025
311,1785497087.905359507,map,7.2289280891,1.3576949835,-1.2629709244,0.0110013755,0.0539493843,0.7606472326,0.6468262734,0.0426586691 0 0 0 0 0 0 0.0426586691 0 0 0 0 0 0 0.09396661948 0 0 0 0 0 0 0.0007464556633 0 0 0 0 0 0 0.0007464556633 0 0 0 0 0 0 0.001299457371
312,1785497088.005172491,map,7.2310237885,1.3533663750,-1.2645415068,0.0109754873,0.0541213709,0.7606583425,0.6467992932,0.04314601202 0 0 0 0 0 0 0.04314601202 0 0 0 0 0 0 0.09468924831 0 0 0 0 0 0 0.0007577173683 0 0 0 0 0 0 0.0007577173683 0 0 0 0 0 0 0.001314302686
313,1785497088.105386257,map,7.2318201065,1.3545840979,-1.2640926838,0.0112019632,0.0542873040,0.7606457588,0.6467962608,0.04281644779 0 0 0 0 0 0 0.04281644779 0 0 0 0 0 0 0.0942007191 0 0 0 0 0 0 0.0007500994427 0 0 0 0 0 0 0.0007500994427 0 0 0 0 0 0 0.001304263585
314,1785497088.305430889,map,7.2315587997,1.3534313440,-1.2652786970,0.0109818150,0.0540375934,0.7606758915,0.6467855075,0.04294924252 0 0 0 0 0 0 0.04294924252 0 0 0 0 0 0 0.09439764056 0 0 0 0 0 0 0.0007531678953 0 0 0 0 0 0 0.0007531678953 0 0 0 0 0 0 0.001308308744
315,1785497088.405299425,map,7.2334971428,1.3558981419,-1.2663955688,0.0107828720,0.0538689359,0.7606961479,0.6467791171,0.04285613235 0 0 0 0 0 0 0.04285613235 0 0 0 0 0 0 0.09425957778 0 0 0 0 0 0 0.0007510162648 0 0 0 0 0 0 0.0007510162648 0 0 0 0 0 0 0.001305472446
316,1785497088.505281448,map,7.2301192284,1.3551921844,-1.2656352520,0.0107868735,0.0537122419,0.7607007786,0.6467866393,0.04297908762 0 0 0 0 0 0 0.04297908762 0 0 0 0 0 0 0.09444188425 0 0 0 0 0 0 0.0007538577261 0 0 0 0 0 0 0.0007538577261 0 0 0 0 0 0 0.001309217878
317,1785497088.605430841,map,7.2302789688,1.3601292372,-1.2669554949,0.0108501106,0.0537108302,0.7606774220,0.6468131592,0.04292349012 0 0 0 0 0 0 0.04292349012 0 0 0 0 0 0 0.09435946005 0 0 0 0 0 0 0.0007525727233 0 0 0 0 0 0 0.0007525727233 0 0 0 0 0 0 0.001307524281
318,1785497088.705343723,map,7.2237911224,1.3595525026,-1.2643144131,0.0111026441,0.0538546508,0.7606373062,0.6468440983,0.04292960835 0 0 0 0 0 0 0.04292960835 0 0 0 0 0 0 0.09436853129 0 0 0 0 0 0 0.0007527141187 0 0 0 0 0 0 0.0007527141187 0 0 0 0 0 0 0.001307710653
319,1785497088.805243492,map,7.2198328972,1.3638144732,-1.2643347979,0.0109158775,0.0538488404,0.7606490307,0.6468339908,0.04302036361 0 0 0 0 0 0 0.04302036361 0 0 0 0 0 0 0.09450306536 0 0 0 0 0 0 0.0007548118925 0 0 0 0 0 0 0.0007548118925 0 0 0 0 0 0 0.001310475216
320,1785497088.905165195,map,7.2206535339,1.3652222157,-1.2651883364,0.0107680561,0.0537477674,0.7606280516,0.6468695216,0.04303040423 0 0 0 0 0 0 0.04303040423 0 0 0 0 0 0 0.09451794657 0 0 0 0 0 0 0.0007550440208 0 0 0 0 0 0 0.0007550440208 0 0 0 0 0 0 0.001310781071
321,1785497089.005455732,map,7.2205390930,1.3647868633,-1.2635269165,0.0109678945,0.0537850407,0.7606283382,0.6468627347,0.0429874942 0 0 0 0 0 0 0.0429874942 0 0 0 0 0 0 0.09445434563 0 0 0 0 0 0 0.0007540520469 0 0 0 0 0 0 0.0007540520469 0 0 0 0 0 0 0.001309473957
322,1785497089.105335951,map,7.2214632034,1.3657839298,-1.2656290531,0.0108742410,0.0537031681,0.7606166533,0.6468848576,0.04289572268 0 0 0 0 0 0 0.04289572268 0 0 0 0 0 0 0.09431828788 0 0 0 0 0 0 0.0007519310448 0 0 0 0 0 0 0.0007519310448 0 0 0 0 0 0 0.001306678436
323,1785497089.205320358,map,7.2150683403,1.3682997227,-1.2654179335,0.0107878535,0.0536490564,0.7605177487,0.6470070740,0.04301276896 0 0 0 0 0 0 0.04301276896 0 0 0 0 0 0 0.09449180895 0 0 0 0 0 0 0.000754636318 0 0 0 0 0 0 0.000754636318 0 0 0 0 0 0 0.00131024387
324,1785497089.305344343,map,7.2145223618,1.3622254133,-1.2656860352,0.0113245320,0.0538530510,0.7605186318,0.6469798912,0.04313314019 0 0 0 0 0 0 0.04313314019 0 0 0 0 0 0 0.09467017918 0 0 0 0 0 0 0.0007574196602 0 0 0 0 0 0 0.0007574196602 0 0 0 0 0 0 0.001313910587
325,1785497089.405503035,map,7.2162170410,1.3556201458,-1.2654643059,0.0115601102,0.0540165197,0.7605073641,0.6469754086,0.042732761 0 0 0 0 0 0 0.042732761 0 0 0 0 0 0 0.09407656876 0 0 0 0 0 0 0.0007481664925 0 0 0 0 0 0 0.0007481664925 0 0 0 0 0 0 0.00130171434
326,1785497089.505374193,map,7.2174272537,1.3596545458,-1.2683717012,0.0114063303,0.0540305698,0.7604455530,0.6470495905,0.04284283895 0 0 0 0 0 0 0.04284283895 0 0 0 0 0 0 0.09423986249 0 0 0 0 0 0 0.0007507091358 0 0 0 0 0 0 0.0007507091358 0 0 0 0 0 0 0.001305067506
327,1785497089.605252028,map,7.2169795036,1.3543764353,-1.2679641247,0.0114260825,0.0540389056,0.7605510851,0.6469244626,0.04269438795 0 0 0 0 0 0 0.04269438795 0 0 0 0 0 0 0.09401962864 0 0 0 0 0 0 0.000747280375 0 0 0 0 0 0 0.000747280375 0 0 0 0 0 0 0.00130054543
328,1785497089.705301523,map,7.2254185677,1.3526606560,-1.2654305696,0.0115947223,0.0537669111,0.7605611532,0.6469323171,0.04270045089 0 0 0 0 0 0 0.04270045089 0 0 0 0 0 0 0.09402862573 0 0 0 0 0 0 0.0007474203731 0 0 0 0 0 0 0.0007474203731 0 0 0 0 0 0 0.001300730117
329,1785497089.805456161,map,7.2313556671,1.3503925800,-1.2671372890,0.0114298812,0.0537875842,0.7606430462,0.6468372189,0.04282333467 0 0 0 0 0 0 0.04282333467 0 0 0 0 0 0 0.0942109341 0 0 0 0 0 0 0.0007502585387 0 0 0 0 0 0 0.0007502585387 0 0 0 0 0 0 0.001304473371
330,1785497089.905346394,map,7.2412924767,1.3443548679,-1.2658694983,0.0116123878,0.0537903200,0.7608195161,0.6466261774,0.0429698436 0 0 0 0 0 0 0.0429698436 0 0 0 0 0 0 0.09442818104 0 0 0 0 0 0 0.0007536440544 0 0 0 0 0 0 0.0007536440544 0 0 0 0 0 0 0.001308936288
331,1785497090.105333805,map,7.2401328087,1.3413898945,-1.2658475637,0.0115892250,0.0535993652,0.7607655773,0.6467059093,0.04279384443 0 0 0 0 0 0 0.04279384443 0 0 0 0 0 0 0.09416719064 0 0 0 0 0 0 0.0007495773036 0 0 0 0 0 0 0.0007495773036 0 0 0 0 0 0 0.001303575047
332,1785497090.205542326,map,7.2422142029,1.3392046690,-1.2694063187,0.0114928014,0.0536429346,0.7607244244,0.6467524316,0.04306036092 0 0 0 0 0 0 0.04306036092 0 0 0 0 0 0 0.09456234204 0 0 0 0 0 0 0.0007557366387 0 0 0 0 0 0 0.0007557366387 0 0 0 0 0 0 0.001311693604
333,1785497090.305203438,map,7.2417473793,1.3388878107,-1.2681869268,0.0113029482,0.0536381271,0.7606611357,0.6468305928,0.04289651468 0 0 0 0 0 0 0.04289651468 0 0 0 0 0 0 0.09431946228 0 0 0 0 0 0 0.0007519493462 0 0 0 0 0 0 0.0007519493462 0 0 0 0 0 0 0.001306702562
334,1785497090.405245304,map,7.2406811714,1.3467426300,-1.2696070671,0.0112557645,0.0535596550,0.7606711162,0.6468261610,0.04280850952 0 0 0 0 0 0 0.04280850952 0 0 0 0 0 0 0.09418894428 0 0 0 0 0 0 0.0007499160631 0 0 0 0 0 0 0.0007499160631 0 0 0 0 0 0 0.001304021771
335,1785497090.505059004,map,7.2377524376,1.3469773531,-1.2684743404,0.0112182721,0.0536639812,0.7606343099,0.6468614763,0.04265983732 0 0 0 0 0 0 0.04265983732 0 0 0 0 0 0 0.0939683533 0 0 0 0 0 0 0.0007464826345 0 0 0 0 0 0 0.0007464826345 0 0 0 0 0 0 0.001299492957
336,1785497090.605480909,map,7.2319936752,1.3473292589,-1.2690818310,0.0111498300,0.0536528537,0.7605341499,0.6469813652,0.04304605773 0 0 0 0 0 0 0.04304605773 0 0 0 0 0 0 0.09454114551 0 0 0 0 0 0 0.0007554059302 0 0 0 0 0 0 0.0007554059302 0 0 0 0 0 0 0.001311257904
337,1785497090.705495596,map,7.2287297249,1.3485050201,-1.2677513361,0.0110317825,0.0538044850,0.7605664588,0.6469327806,0.04284973829 0 0 0 0 0 0 0.04284973829 0 0 0 0 0 0 0.09425009494 0 0 0 0 0 0 0.0007508685353 0 0 0 0 0 0 0.0007508685353 0 0 0 0 0 0 0.001305277672
338,1785497090.805269241,map,7.2246942520,1.3541164398,-1.2686537504,0.0112133383,0.0537457223,0.7605543825,0.6469487542,0.0428061279 0 0 0 0 0 0 0.0428061279 0 0 0 0 0 0 0.09418541156 0 0 0 0 0 0 0.0007498610472 0 0 0 0 0 0 0.0007498610472 0 0 0 0 0 0 0.001303949223
339,1785497090.905201674,map,7.2213878632,1.3588724136,-1.2641150951,0.0113023314,0.0536223556,0.7606000073,0.6469037951,0.04290110417 0 0 0 0 0 0 0.04290110417 0 0 0 0 0 0 0.09432626762 0 0 0 0 0 0 0.0007520554006 0 0 0 0 0 0 0.0007520554006 0 0 0 0 0 0 0.001306842366
340,1785497091.005395412,map,7.2233567238,1.3554644585,-1.2665150166,0.0113602864,0.0536136842,0.7606051931,0.6468974059,0.04273719237 0 0 0 0 0 0 0.04273719237 0 0 0 0 0 0 0.09408314374 0 0 0 0 0 0 0.0007482688305 0 0 0 0 0 0 0.0007482688305 0 0 0 0 0 0 0.001301849327
341,1785497091.105535269,map,7.2233605385,1.3547556400,-1.2655490637,0.0113873004,0.0535411060,0.7606068351,0.6469010051,0.04279495893 0 0 0 0 0 0 0.04279495893 0 0 0 0 0 0 0.0941688439 0 0 0 0 0 0 0.0007496030477 0 0 0 0 0 0 0.0007496030477 0 0 0 0 0 0 0.001303608997
342,1785497091.205247402,map,7.2263746262,1.3474609852,-1.2658183575,0.0113770740,0.0535570346,0.7606078700,0.6468986555,0.04282514095 0 0 0 0 0 0 0.04282514095 0 0 0 0 0 0 0.09421361323 0 0 0 0 0 0 0.0007503002669 0 0 0 0 0 0 0.0007503002669 0 0 0 0 0 0 0.001304528394
343,1785497091.305320024,map,7.2179522514,1.3459249735,-1.2662546635,0.0115333854,0.0539096679,0.7604922811,0.6470024851,0.04274769223 0 0 0 0 0 0 0.04274769223 0 0 0 0 0 0 0.09409872231 0 0 0 0 0 0 0.0007485113213 0 0 0 0 0 0 0.0007485113213 0 0 0 0 0 0 0.001302169171
344,1785497091.405436754,map,7.2217407227,1.3427903652,-1.2668037415,0.0115969478,0.0539592718,0.7604340719,0.6470656303,0.04263973623 0 0 0 0 0 0 0.04263973623 0 0 0 0 0 0 0.09393851889 0 0 0 0 0 0 0.0007460185673 0 0 0 0 0 0 0.0007460185673 0 0 0 0 0 0 0.001298880643
345,1785497091.505515099,map,7.2258749008,1.3389247656,-1.2664009333,0.0116470803,0.0538955286,0.7604440357,0.6470583474,0.04305793494 0 0 0 0 0 0 0.04305793494 0 0 0 0 0 0 0.09455874695 0 0 0 0 0 0 0.0007556805455 0 0 0 0 0 0 0.0007556805455 0 0 0 0 0 0 0.001311619704
346,1785497091.605229378,map,7.2251958847,1.3422502279,-1.2655736208,0.0116154032,0.0539175802,0.7604422289,0.6470591793,0.04269570723 0 0 0 0 0 0 0.04269570723 0 0 0 0 0 0 0.0940215864 0 0 0 0 0 0 0.000747310838 0 0 0 0 0 0 0.000747310838 0 0 0 0 0 0 0.001300585617
347,1785497091.705219030,map,7.2242255211,1.3408018351,-1.2644442320,0.0118678686,0.0539832824,0.7603923100,0.6471077918,0.04288383049 0 0 0 0 0 0 0.04288383049 0 0 0 0 0 0 0.0943006534 0 0 0 0 0 0 0.0007516562479 0 0 0 0 0 0 0.0007516562479 0 0 0 0 0 0 0.001306316179
348,1785497091.805359364,map,7.2264537811,1.3422142267,-1.2658646107,0.0118374195,0.0540390336,0.7604530312,0.6470323326,0.04283513382 0 0 0 0 0 0 0.04283513382 0 0 0 0 0 0 0.09422843463 0 0 0 0 0 0 0.0007505311243 0 0 0 0 0 0 0.0007505311243 0 0 0 0 0 0 0.001304832794
349,1785497091.905419111,map,7.2228126526,1.3445171118,-1.2654966116,0.0117813072,0.0538939013,0.7604262858,0.6470768999,0.04277984763 0 0 0 0 0 0 0.04277984763 0 0 0 0 0 0 0.09414642719 0 0 0 0 0 0 0.0007492539985 0 0 0 0 0 0 0.0007492539985 0 0 0 0 0 0 0.00130314868
350,1785497092.005231142,map,7.2210164070,1.3579727411,-1.2652038336,0.0120499891,0.0540892533,0.7605067194,0.6469610854,0.04296338016 0 0 0 0 0 0 0.04296338016 0 0 0 0 0 0 0.09441859944 0 0 0 0 0 0 0.000753494659 0 0 0 0 0 0 0.000753494659 0 0 0 0 0 0 0.001308739401
351,1785497092.205441475,map,7.2165765762,1.3592134714,-1.2659459114,0.0118568767,0.0539756615,0.7605112162,0.6469688790,0.04270011862 0 0 0 0 0 0 0.04270011862 0 0 0 0 0 0 0.09402813267 0 0 0 0 0 0 0.0007474127008 0 0 0 0 0 0 0.0007474127008 0 0 0 0 0 0 0.001300719996
352,1785497092.305378437,map,7.2203712463,1.3552751541,-1.2659971714,0.0119102705,0.0538456039,0.7604564902,0.6470430473,0.04279366917 0 0 0 0 0 0 0.04279366917 0 0 0 0 0 0 0.09416693067 0 0 0 0 0 0 0.0007495732553 0 0 0 0 0 0 0.0007495732553 0 0 0 0 0 0 0.001303569709
353,1785497092.405241013,map,7.2240738869,1.3532546759,-1.2683318853,0.0116500580,0.0538737649,0.7605407991,0.6469463588,0.04300600889 0 0 0 0 0 0 0.04300600889 0 0 0 0 0 0 0.09448178924 0 0 0 0 0 0 0.0007544800416 0 0 0 0 0 0 0.0007544800416 0 0 0 0 0 0 0.001310037946
354,1785497092.505203247,map,7.2273349762,1.3495526314,-1.2692145109,0.0116045803,0.0538809537,0.7605316040,0.6469573742,0.0427644333 0 0 0 0 0 0 0.0427644333 0 0 0 0 0 0 0.09412355964 0 0 0 0 0 0 0.0007488979703 0 0 0 0 0 0 0.0007488979703 0 0 0 0 0 0 0.001302679133
355,1785497092.605360508,map,7.2246370316,1.3544025421,-1.2700203657,0.0115374100,0.0538208163,0.7605075885,0.6469918331,0.04288473771 0 0 0 0 0 0 0.04288473771 0 0 0 0 0 0 0.09430199871 0 0 0 0 0 0 0.0007516772109 0 0 0 0 0 0 0.0007516772109 0 0 0 0 0 0 0.001306343815
356,1785497092.705433846,map,7.2239890099,1.3560075760,-1.2675397396,0.0115341024,0.0538127602,0.7605245324,0.6469725987,0.04280647314 0 0 0 0 0 0 0.04280647314 0 0 0 0 0 0 0.09418592367 0 0 0 0 0 0 0.0007498690223 0 0 0 0 0 0 0.0007498690223 0 0 0 0 0 0 0.00130395974
357,1785497092.805273533,map,7.2251119614,1.3590406179,-1.2636557817,0.0118974454,0.0538278881,0.7605249507,0.6469643272,0.04299946199 0 0 0 0 0 0 0.04299946199 0 0 0 0 0 0 0.09447208524 0 0 0 0 0 0 0.0007543286969 0 0 0 0 0 0 0.0007543286969 0 0 0 0 0 0 0.001309838516
358,1785497092.905055046,map,7.2260012627,1.3616298437,-1.2647407055,0.0117874841,0.0538777635,0.7605669583,0.6469127440,0.04292332117 0 0 0 0 0 0 0.04292332117 0 0 0 0 0 0 0.09435920956 0 0 0 0 0 0 0.0007525688189 0 0 0 0 0 0 0.0007525688189 0 0 0 0 0 0 0.001307519134
359,1785497093.005249023,map,7.2270293236,1.3631181717,-1.2652381659,0.0117685304,0.0538518377,0.7605854176,0.6468935562,0.04297408973 0 0 0 0 0 0 0.04297408973 0 0 0 0 0 0 0.09443447552 0 0 0 0 0 0 0.0007537422012 0 0 0 0 0 0 0.0007537422012 0 0 0 0 0 0 0.001309065633
360,1785497093.105543375,map,7.2246928215,1.3619604111,-1.2662885189,0.0118242593,0.0538156503,0.7605275682,0.6469635700,0.0430268218 0 0 0 0 0 0 0.0430268218 0 0 0 0 0 0 0.0945126371 0 0 0 0 0 0 0.0007549611978 0 0 0 0 0 0 0.0007549611978 0 0 0 0 0 0 0.001310671944
361,1785497093.205418348,map,7.2241883278,1.3576672077,-1.2670555115,0.0117709137,0.0539676904,0.7605409189,0.6469361666,0.04281735614 0 0 0 0 0 0 0.04281735614 0 0 0 0 0 0 0.09420206643 0 0 0 0 0 0 0.0007501204265 0 0 0 0 0 0 0.0007501204265 0 0 0 0 0 0 0.001304291255
362,1785497093.305111408,map,7.2264719009,1.3609985113,-1.2689268589,0.0114248720,0.0538041284,0.7606076627,0.6468775755,0.04283856511 0 0 0 0 0 0 0.04283856511 0 0 0 0 0 0 0.0942335238 0 0 0 0 0 0 0.0007506103968 0 0 0 0 0 0 0.0007506103968 0 0 0 0 0 0 0.001304937317
363,1785497093.405194283,map,7.2271571159,1.3631495237,-1.2695596218,0.0112089397,0.0535998265,0.7606074662,0.6468985288,0.04291113993 0 0 0 0 0 0 0.04291113993 0 0 0 0 0 0 0.09434114835 0 0 0 0 0 0 0.0007522873143 0 0 0 0 0 0 0.0007522873143 0 0 0 0 0 0 0.001307148073
364,1785497093.605427742,map,7.2309098244,1.3589215279,-1.2673739195,0.0112853155,0.0537984425,0.7606468411,0.6468344228,0.04297001319 0 0 0 0 0 0 0.04297001319 0 0 0 0 0 0 0.09442843245 0 0 0 0 0 0 0.0007536479744 0 0 0 0 0 0 0.0007536479744 0 0 0 0 0 0 0.001308941455
365,1785497093.705269098,map,7.2283759117,1.3603135347,-1.2674512863,0.0113360045,0.0538083624,0.7605381346,0.6469605182,0.0427097687 0 0 0 0 0 0 0.0427097687 0 0 0 0 0 0 0.09404245247 0 0 0 0 0 0 0.0007476355347 0 0 0 0 0 0 0.0007476355347 0 0 0 0 0 0 0.001301013954
366,1785497093.805195332,map,7.2271289825,1.3558400869,-1.2660731077,0.0116649982,0.0538731859,0.7605118275,0.6469801935,0.04277489145 0 0 0 0 0 0 0.04277489145 0 0 0 0 0 0 0.09413907473 0 0 0 0 0 0 0.0007491395224 0 0 0 0 0 0 0.0007491395224 0 0 0 0 0 0 0.001302997707
367,1785497093.905339956,map,7.2227630615,1.3529804945,-1.2635345459,0.0118085872,0.0537988116,0.7605325779,0.6469593867,0.04283356411 0 0 0 0 0 0 0.04283356411 0 0 0 0 0 0 0.09422610648 0 0 0 0 0 0 0.0007504948599 0 0 0 0 0 0 0.0007504948599 0 0 0 0 0 0 0.001304784978
368,1785497094.005485535,map,7.2228689194,1.3597196341,-1.2650204897,0.0118540950,0.0538474892,0.7604814332,0.6470146338,0.04285082574 0 0 0 0 0 0 0.04285082574 0 0 0 0 0 0 0.09425170773 0 0 0 0 0 0 0.0007508936598 0 0 0 0 0 0 0.0007508936598 0 0 0 0 0 0 0.001305310797
369,1785497094.105286121,map,7.2189893723,1.3592164516,-1.2667242289,0.0116973335,0.0538847936,0.7604831911,0.6470122761,0.04280161192 0 0 0 0 0 0 0.04280161192 0 0 0 0 0 0 0.09417871279 0 0 0 0 0 0 0.0007497567281 0 0 0 0 0 0 0.0007497567281 0 0 0 0 0 0 0.001303811659
370,1785497094.205189943,map,7.2240066528,1.3539100885,-1.2669403553,0.0117635411,0.0538834786,0.7604851186,0.6470089510,0.04289990265 0 0 0 0 0 0 0.04289990265 0 0 0 0 0 0 0.09432448601 0 0 0 0 0 0 0.0007520276356 0 0 0 0 0 0 0.0007520276356 0 0 0 0 0 0 0.001306805766
371,1785497094.305105209,map,7.2437434196,1.3551968336,-1.2673176527,0.0118720790,0.0537284350,0.7606822404,0.6467880821,0.0427031348 0 0 0 0 0 0 0.0427031348 0 0 0 0 0 0 0.09403260844 0 0 0 0 0 0 0.0007474823476 0 0 0 0 0 0 0.0007474823476 0 0 0 0 0 0 0.001300811874
372,1785497094.505335808,map,7.2360391617,1.3520617485,-1.2671144009,0.0119116655,0.0538753197,0.7607417203,0.6467051921,0.04273401297 0 0 0 0 0 0 0.04273401297 0 0 0 0 0 0 0.09407842637 0 0 0 0 0 0 0.0007481954053 0 0 0 0 0 0 0.0007481954053 0 0 0 0 0 0 0.001301752477
373,1785497094.605164051,map,7.2324962616,1.3532854319,-1.2679700851,0.0117805924,0.0537734080,0.7606762008,0.6467931390,0.04281424079 0 0 0 0 0 0 0.04281424079 0 0 0 0 0 0 0.09419744549 0 0 0 0 0 0 0.0007500484589 0 0 0 0 0 0 0.0007500484589 0 0 0 0 0 0 0.001304196356
374,1785497094.705086708,map,7.2281126976,1.3534064293,-1.2693117857,0.0117951848,0.0537920002,0.7606378970,0.6468363867,0.04271920162 0 0 0 0 0 0 0.04271920162 0 0 0 0 0 0 0.09405644953 0 0 0 0 0 0 0.0007478533622 0 0 0 0 0 0 0.0007478533622 0 0 0 0 0 0 0.001301301297
375,1785497094.805453300,map,7.2274088860,1.3509838581,-1.2670786381,0.0118114801,0.0537437598,0.7605782425,0.6469102189,0.0427232897 0 0 0 0 0 0 0.0427232897 0 0 0 0 0 0 0.09406251548 0 0 0 0 0 0 0.0007479477676 0 0 0 0 0 0 0.0007479477676 0 0 0 0 0 0 0.001301425827
376,1785497094.905342102,map,7.2252578735,1.3534636497,-1.2659004927,0.0118553921,0.0539118350,0.7605216602,0.6469619145,0.04283801913 0 0 0 0 0 0 0.04283801913 0 0 0 0 0 0 0.09423271403 0 0 0 0 0 0 0.0007505977831 0 0 0 0 0 0 0.0007505977831 0 0 0 0 0 0 0.001304920686
377,1785497095.005178928,map,7.2299470901,1.3478693962,-1.2680271864,0.0114755333,0.0538701752,0.7604923263,0.6470067573,0.04289703463 0 0 0 0 0 0 0.04289703463 0 0 0 0 0 0 0.09432023326 0 0 0 0 0 0 0.0007519613611 0 0 0 0 0 0 0.0007519613611 0 0 0 0 0 0 0.001306718401
378,1785497095.105219126,map,7.2263174057,1.3519475460,-1.2685614824,0.0116093002,0.0539638410,0.7605143869,0.6469706294,0.04300483681 0 0 0 0 0 0 0.04300483681 0 0 0 0 0 0 0.09448005197 0 0 0 0 0 0 0.0007544529463 0 0 0 0 0 0 0.0007544529463 0 0 0 0 0 0 0.001310002243
379,1785497095.205443621,map,7.2300434113,1.3478950262,-1.2651035786,0.0117714449,0.0537774912,0.7605410154,0.6469519155,0.04283679692 0 0 0 0 0 0 0.04283679692 0 0 0 0 0 0 0.0942309013 0 0 0 0 0 0 0.0007505695465 0 0 0 0 0 0 0.0007505695465 0 0 0 0 0 0 0.001304883455
380,1785497095.305373907,map,7.2316679955,1.3480038643,-1.2693345547,0.0116544194,0.0536094586,0.7605801742,0.6469219375,0.04281415267 0 0 0 0 0 0 0.04281415267 0 0 0 0 0 0 0.09419731478 0 0 0 0 0 0 0.0007500464232 0 0 0 0 0 0 0.0007500464232 0 0 0 0 0 0 0.001304193672
381,1785497095.405207872,map,7.2332854271,1.3467396498,-1.2680979967,0.0118005869,0.0538611449,0.7605563831,0.6469263629,0.04286918909 0 0 0 0 0 0 0.04286918909 0 0 0 0 0 0 0.09427894112 0 0 0 0 0 0 0.0007513179409 0 0 0 0 0 0 0.0007513179409 0 0 0 0 0 0 0.001305870177
382,1785497095.505156755,map,7.2365231514,1.3466409445,-1.2661957741,0.0117663781,0.0537307671,0.7606690863,0.6468053004,0.04267857221 0 0 0 0 0 0 0.04267857221 0 0 0 0 0 0 0.09399615792 0 0 0 0 0 0 0.0007469151923 0 0 0 0 0 0 0.0007469151923 0 0 0 0 0 0 0.001300063655
383,1785497095.605435610,map,7.2403206825,1.3486801386,-1.2672982216,0.0118397211,0.0536427006,0.7606849092,0.6467926495,0.04266953704 0 0 0 0 0 0 0.04266953704 0 0 0 0 0 0 0.09398274899 0 0 0 0 0 0 0.0007467065813 0 0 0 0 0 0 0.0007467065813 0 0 0 0 0 0 0.001299788428
384,1785497095.705515146,map,7.2379975319,1.3476989269,-1.2654439211,0.0120394726,0.0537170953,0.7606605758,0.6468114400,0.0429559137 0 0 0 0 0 0 0.0429559137 0 0 0 0 0 0 0.09440753065 0 0 0 0 0 0 0.0007533220843 0 0 0 0 0 0 0.0007533220843 0 0 0 0 0 0 0.001308511959
385,1785497095.805328131,map,7.2376585007,1.3558725119,-1.2692142725,0.0116097699,0.0537657745,0.7608437144,0.6465998342,0.04279775229 0 0 0 0 0 0 0.04279775229 0 0 0 0 0 0 0.09417298754 0 0 0 0 0 0 0.0007496675723 0 0 0 0 0 0 0.0007496675723 0 0 0 0 0 0 0.001303694088
386,1785497096.005306482,map,7.2378940582,1.3532238007,-1.2669522762,0.0118631170,0.0537754084,0.7607361921,0.6467208804,0.04274419625 0 0 0 0 0 0 0.04274419625 0 0 0 0 0 0 0.09409353542 0 0 0 0 0 0 0.0007484305818 0 0 0 0 0 0 0.0007484305818 0 0 0 0 0 0 0.001302062677
387,1785497096.105612040,map,7.2370290756,1.3540616035,-1.2684056759,0.0118499590,0.0536711786,0.7607948660,0.6466607605,0.04271070127 0 0 0 0 0 0 0.04271070127 0 0 0 0 0 0 0.09404383629 0 0 0 0 0 0 0.0007476570697 0 0 0 0 0 0 0.0007476570697 0 0 0 0 0 0 0.001301042362
388,1785497096.205307961,map,7.2393584251,1.3568193913,-1.2688909769,0.0116672121,0.0536311837,0.7607693202,0.6466974587,0.04287593583 0 0 0 0 0 0 0.04287593583 0 0 0 0 0 0 0.09428894627 0 0 0 0 0 0 0.0007514738302 0 0 0 0 0 0 0.0007514738302 0 0 0 0 0 0 0.001306075694
389,1785497096.305011511,map,7.2365269661,1.3536999226,-1.2696563005,0.0114206859,0.0535540537,0.7607622280,0.6467165717,0.0426915304 0 0 0 0 0 0 0.0426915304 0 0 0 0 0 0 0.09401538811 0 0 0 0 0 0 0.0007472143931 0 0 0 0 0 0 0.0007472143931 0 0 0 0 0 0 0.001300458384
390,1785497096.405195713,map,7.2340178490,1.3559631109,-1.2673348188,0.0115851231,0.0534739281,0.7607222185,0.6467673527,0.04272737504 0 0 0 0 0 0 0.04272737504 0 0 0 0 0 0 0.09406857726 0 0 0 0 0 0 0.0007480421111 0 0 0 0 0 0 0.0007480421111 0 0 0 0 0 0 0.001301550274
391,1785497096.505544186,map,7.2300944328,1.3553479910,-1.2683761120,0.0116153192,0.0537043283,0.7607126290,0.6467590123,0.04269401892 0 0 0 0 0 0 0.04269401892 0 0 0 0 0 0 0.09401908102 0 0 0 0 0 0 0.0007472718541 0 0 0 0 0 0 0.0007472718541 0 0 0 0 0 0 0.001300534188
392,1785497096.605332375,map,7.2318897247,1.3569122553,-1.2680647373,0.0115579324,0.0536389523,0.7606497152,0.6468394621,0.04280474581 0 0 0 0 0 0 0.04280474581 0 0 0 0 0 0 0.09418336146 0 0 0 0 0 0 0.0007498291208 0 0 0 0 0 0 0.0007498291208 0 0 0 0 0 0 0.001303907122
393,1785497096.705145121,map,7.2262516022,1.3580523729,-1.2674654722,0.0116402166,0.0535429368,0.7606173370,0.6468839822,0.04282663245 0 0 0 0 0 0 0.04282663245 0 0 0 0 0 0 0.09421582546 0 0 0 0 0 0 0.0007503347233 0 0 0 0 0 0 0.0007503347233 0 0 0 0 0 0 0.001304573827
394,1785497096.805199146,map,7.2296810150,1.3574494123,-1.2679543495,0.0114649741,0.0535758510,0.7606462323,0.6468504362,0.04279415702 0 0 0 0 0 0 0.04279415702 0 0 0 0 0 0 0.09416765435 0 0 0 0 0 0 0.0007495845243 0 0 0 0 0 0 0.0007495845243 0 0 0 0 0 0 0.001303584569
395,1785497096.905529976,map,7.2269954681,1.3580884933,-1.2657090425,0.0117537018,0.0535588679,0.7605632362,0.6469442599,0.04256076279 0 0 0 0 0 0 0.04256076279 0 0 0 0 0 0 0.0938212828 0 0 0 0 0 0 0.0007441956721 0 0 0 0 0 0 0.0007441956721 0 0 0 0 0 0 0.001296474974
396,1785497097.005364895,map,7.2260813713,1.3568296432,-1.2638155222,0.0119852143,0.0535291111,0.7606271641,0.6468672987,0.04266959547 0 0 0 0 0 0 0.04266959547 0 0 0 0 0 0 0.09398283571 0 0 0 0 0 0 0.0007467079303 0 0 0 0 0 0 0.0007467079303 0 0 0 0 0 0 0.001299790208
397,1785497097.105194807,map,7.2296338081,1.3540395498,-1.2664415836,0.0119522363,0.0535956901,0.7606715460,0.6468102219,0.04274167166 0 0 0 0 0 0 0.04274167166 0 0 0 0 0 0 0.09408978971 0 0 0 0 0 0 0.000748372277 0 0 0 0 0 0 0.000748372277 0 0 0 0 0 0 0.001301985774
398,1785497097.205268383,map,7.2338213921,1.3583889008,-1.2656183243,0.0119064567,0.0535009271,0.7607032562,0.6467816139,0.04304757204 0 0 0 0 0 0 0.04304757204 0 0 0 0 0 0 0.09454338968 0 0 0 0 0 0 0.0007554409422 0 0 0 0 0 0 0.0007554409422 0 0 0 0 0 0 0.001311304032
399,1785497097.305363178,map,7.2354397774,1.3600140810,-1.2662150860,0.0120364587,0.0534598063,0.7607733920,0.6467001085,0.04288257522 0 0 0 0 0 0 0.04288257522 0 0 0 0 0 0 0.09429879196 0 0 0 0 0 0 0.0007516272428 0 0 0 0 0 0 0.0007516272428 0 0 0 0 0 0 0.001306277942
400,1785497097.405434847,map,7.2346553802,1.3543245792,-1.2671624422,0.0120279779,0.0536360970,0.7607498639,0.6467133517,0.0426691794 0 0 0 0 0 0 0.0426691794 0 0 0 0 0 0 0.09398221821 0 0 0 0 0 0 0.0007466983239 0 0 0 0 0 0 0.0007466983239 0 0 0 0 0 0 0.001299777533
401,1785497097.505216360,map,7.2328820229,1.3454644680,-1.2679860592,0.0118539322,0.0538381596,0.7606796606,0.6467823224,0.04272923444 0 0 0 0 0 0 0.04272923444 0 0 0 0 0 0 0.09407133619 0 0 0 0 0 0 0.000748085051 0 0 0 0 0 0 0.000748085051 0 0 0 0 0 0 0.001301606914
402,1785497097.605154037,map,7.2334318161,1.3442682028,-1.2685743570,0.0119086804,0.0538306984,0.7605982954,0.6468776273,0.04295393954 0 0 0 0 0 0 0.04295393954 0 0 0 0 0 0 0.09440460397 0 0 0 0 0 0 0.0007532764559 0 0 0 0 0 0 0.0007532764559 0 0 0 0 0 0 0.001308451823
403,1785497097.705280304,map,7.2315821648,1.3400557041,-1.2690339088,0.0117382770,0.0536485702,0.7605844916,0.6469121135,0.04275224835 0 0 0 0 0 0 0.04275224835 0 0 0 0 0 0 0.09410548201 0 0 0 0 0 0 0.0007486165463 0 0 0 0 0 0 0.0007486165463 0 0 0 0 0 0 0.001302307958
404,1785497097.905248642,map,7.2300181389,1.3379172087,-1.2689396143,0.0117303314,0.0537058322,0.7605060786,0.6469997012,0.04292546374 0 0 0 0 0 0 0.04292546374 0 0 0 0 0 0 0.09436238628 0 0 0 0 0 0 0.0007526183343 0 0 0 0 0 0 0.0007526183343 0 0 0 0 0 0 0.001307584401
405,1785497098.005145073,map,7.2262177467,1.3367071152,-1.2672307491,0.0118293647,0.0537233067,0.7604983104,0.6470055655,0.04268819362 0 0 0 0 0 0 0.04268819362 0 0 0 0 0 0 0.09401043635 0 0 0 0 0 0 0.0007471373464 0 0 0 0 0 0 0.0007471373464 0 0 0 0 0 0 0.001300356739
406,1785497098.105299473,map,7.2283444405,1.3423244953,-1.2659456730,0.0118924744,0.0537345113,0.7604811607,0.6470236244,0.04293402826 0 0 0 0 0 0 0.04293402826 0 0 0 0 0 0 0.09437508436 0 0 0 0 0 0 0.0007528162669 0 0 0 0 0 0 0.0007528162669 0 0 0 0 0 0 0.001307845291
407,1785497098.205385208,map,7.2268161774,1.3350756168,-1.2685348988,0.0117901719,0.0536389534,0.7605209727,0.6469865992,0.04285362492 0 0 0 0 0 0 0.04285362492 0 0 0 0 0 0 0.09425585911 0 0 0 0 0 0 0.0007509583322 0 0 0 0 0 0 0.0007509583322 0 0 0 0 0 0 0.001305396065
408,1785497098.304996729,map,7.2275285721,1.3338994980,-1.2671294212,0.0117761434,0.0537215467,0.7604960160,0.6470093396,0.0429109372 0 0 0 0 0 0 0.0429109372 0 0 0 0 0 0 0.09434084775 0 0 0 0 0 0 0.0007522826294 0 0 0 0 0 0 0.0007522826294 0 0 0 0 0 0 0.001307141897
409,1785497098.405117512,map,7.2288718224,1.3391008377,-1.2681293488,0.0115970199,0.0538350759,0.7605403081,0.6469511065,0.0429267058 0 0 0 0 0 0 0.0429267058 0 0 0 0 0 0 0.09436422784 0 0 0 0 0 0 0.000752647039 0 0 0 0 0 0 0.000752647039 0 0 0 0 0 0 0.001307622236
410,1785497098.505385160,map,7.2260322571,1.3482339382,-1.2696933746,0.0120082066,0.0538468623,0.7605456382,0.6469363451,0.04275801987 0 0 0 0 0 0 0.04275801987 0 0 0 0 0 0 0.09411404476 0 0 0 0 0 0 0.000748749844 0 0 0 0 0 0 0.000748749844 0 0 0 0 0 0 0.001302483769
411,1785497098.605478764,map,7.2281918526,1.3486764431,-1.2680854797,0.0119869361,0.0537300468,0.7606050415,0.6468766310,0.04281319845 0 0 0 0 0 0 0.04281319845 0 0 0 0 0 0 0.0941958994 0 0 0 0 0 0 0.00075002438 0 0 0 0 0 0 0.00075002438 0 0 0 0 0 0 0.001304164604
412,1785497098.705090523,map,7.2257938385,1.3517765999,-1.2687997818,0.0120475858,0.0537965744,0.7606551279,0.6468110772,0.04294572296 0 0 0 0 0 0 0.04294572296 0 0 0 0 0 0 0.0943924227 0 0 0 0 0 0 0.0007530865504 0 0 0 0 0 0 0.0007530865504 0 0 0 0 0 0 0.001308201532
413,1785497098.805096388,map,7.2258453369,1.3506788015,-1.2649105787,0.0120642869,0.0537257955,0.7605911420,0.6468919005,0.04266697284 0 0 0 0 0 0 0.04266697284 0 0 0 0 0 0 0.09397894342 0 0 0 0 0 0 0.0007466473783 0 0 0 0 0 0 0.0007466473783 0 0 0 0 0 0 0.001299710318
414,1785497098.905303240,map,7.2199444771,1.3560730219,-1.2667591572,0.0120531530,0.0538253290,0.7605643026,0.6469153555,0.04291190584 0 0 0 0 0 0 0.04291190584 0 0 0 0 0 0 0.09434228399 0 0 0 0 0 0 0.0007523050138 0 0 0 0 0 0 0.0007523050138 0 0 0 0 0 0 0.001307171403
415,1785497099.005443096,map,7.2173147202,1.3616433144,-1.2680556774,0.0116565864,0.0537293225,0.7605455346,0.6469526756,0.0429524673 0 0 0 0 0 0 0.0429524673 0 0 0 0 0 0 0.09440242137 0 0 0 0 0 0 0.0007532424284 0 0 0 0 0 0 0.0007532424284 0 0 0 0 0 0 0.001308406976
416,1785497099.105197668,map,7.2158432007,1.3635616302,-1.2673640251,0.0118403295,0.0538461115,0.7604883251,0.6470068696,0.04268175225 0 0 0 0 0 0 0.04268175225 0 0 0 0 0 0 0.09400087724 0 0 0 0 0 0 0.0007469886171 0 0 0 0 0 0 0.0007469886171 0 0 0 0 0 0 0.001300160524
417,1785497099.205181360,map,7.2169852257,1.3587614298,-1.2659955025,0.0116815571,0.0537998359,0.7604361388,0.6470749627,0.04280852486 0 0 0 0 0 0 0.04280852486 0 0 0 0 0 0 0.09418896704 0 0 0 0 0 0 0.0007499164176 0 0 0 0 0 0 0.0007499164176 0 0 0 0 0 0 0.001304022239
418,1785497099.305235624,map,7.2163252831,1.3554604053,-1.2653717995,0.0117794831,0.0537061390,0.7604928925,0.6470142308,0.04263632389 0 0 0 0 0 0 0.04263632389 0 0 0 0 0 0 0.093933454 0 0 0 0 0 0 0.0007459397912 0 0 0 0 0 0 0.0007459397912 0 0 0 0 0 0 0.001298776697
419,1785497099.405482531,map,7.2196664810,1.3543599844,-1.2665083408,0.0117622187,0.0537231963,0.7604582893,0.6470538222,0.04307569909 0 0 0 0 0 0 0.04307569909 0 0 0 0 0 0 0.09458507109 0 0 0 0 0 0 0.0007560912965 0 0 0 0 0 0 0.0007560912965 0 0 0 0 0 0 0.001312160831
420,1785497099.505269289,map,7.2177495956,1.3528896570,-1.2670029402,0.0117001179,0.0538200852,0.7604212502,0.6470904146,0.04270319945 0 0 0 0 0 0 0.04270319945 0 0 0 0 0 0 0.09403270438 0 0 0 0 0 0 0.0007474838405 0 0 0 0 0 0 0.0007474838405 0 0 0 0 0 0 0.001300813843
421,1785497099.605048418,map,7.2221441269,1.3493239880,-1.2660988569,0.0116293853,0.0538756103,0.7603970611,0.6471155261,0.04282902883 0 0 0 0 0 0 0.04282902883 0 0 0 0 0 0 0.0942193798 0 0 0 0 0 0 0.0007503900846 0 0 0 0 0 0 0.0007503900846 0 0 0 0 0 0 0.001304646825
422,1785497099.705265284,map,7.2402873039,1.3502770662,-1.2677500248,0.0114987515,0.0536462970,0.7606916038,0.6467906595,0.04291146777 0 0 0 0 0 0 0.04291146777 0 0 0 0 0 0 0.09434163445 0 0 0 0 0 0 0.0007522948905 0 0 0 0 0 0 0.0007522948905 0 0 0 0 0 0 0.001307158059
423,1785497099.905534983,map,7.2336149216,1.3475681543,-1.2663646936,0.0115376356,0.0537422185,0.7605903640,0.6469010454,0.04279548677 0 0 0 0 0 0 0.04279548677 0 0 0 0 0 0 0.09416962689 0 0 0 0 0 0 0.0007496152403 0 0 0 0 0 0 0.0007496152403 0 0 0 0 0 0 0.001303625076
424,1785497100.005264759,map,7.2305183411,1.3432455063,-1.2640328407,0.0115817696,0.0538302148,0.7605311928,0.6469625048,0.04287267495 0 0 0 0 0 0 0.04287267495 0 0 0 0 0 0 0.09428411055 0 0 0 0 0 0 0.0007513984842 0 0 0 0 0 0 0.0007513984842 0 0 0 0 0 0 0.001305976362
425,1785497100.105071306,map,7.2341918945,1.3462667465,-1.2659658194,0.0114402823,0.0536674827,0.7605171850,0.6469949942,0.042823205 0 0 0 0 0 0 0.042823205 0 0 0 0 0 0 0.09421074178 0 0 0 0 0 0 0.0007502555433 0 0 0 0 0 0 0.0007502555433 0 0 0 0 0 0 0.001304469422
426,1785497100.205209255,map,7.2319808006,1.3466259241,-1.2666574717,0.0116351867,0.0536203463,0.7604827629,0.6470358792,0.04286743256 0 0 0 0 0 0 0.04286743256 0 0 0 0 0 0 0.09427633622 0 0 0 0 0 0 0.0007512773555 0 0 0 0 0 0 0.0007512773555 0 0 0 0 0 0 0.00130581667
427,1785497100.305338144,map,7.2282023430,1.3452242613,-1.2635440826,0.0118508429,0.0538534925,0.7604868562,0.6470078254,0.04287044475 0 0 0 0 0 0 0.04287044475 0 0 0 0 0 0 0.09428080324 0 0 0 0 0 0 0.0007513469537 0 0 0 0 0 0 0.0007513469537 0 0 0 0 0 0 0.001305908427
428,1785497100.405366421,map,7.2270965576,1.3479876518,-1.2674626112,0.0119988974,0.0538844607,0.7604777149,0.6470132318,0.04280857778 0 0 0 0 0 0 0.04280857778 0 0 0 0 0 0 0.09418904554 0 0 0 0 0 0 0.0007499176401 0 0 0 0 0 0 0.0007499176401 0 0 0 0 0 0 0.001304023851
429,1785497100.505157471,map,7.2269911766,1.3452725410,-1.2658033371,0.0117081179,0.0538113334,0.7605401132,0.6469513310,0.042609624 0 0 0 0 0 0 0.042609624 0 0 0 0 0 0 0.09389382146 0 0 0 0 0 0 0.0007453234416 0 0 0 0 0 0 0.0007453234416 0 0 0 0 0 0 0.001297963372
430,1785497100.605101347,map,7.2260060310,1.3452373743,-1.2658166885,0.0113754455,0.0537289143,0.7605372015,0.6469675229,0.04293886811 0 0 0 0 0 0 0.04293886811 0 0 0 0 0 0 0.09438225992 0 0 0 0 0 0 0.0007529281222 0 0 0 0 0 0 0.0007529281222 0 0 0 0 0 0 0.001307992721
431,1785497100.705366373,map,7.2032752037,1.3618087769,-1.2625567913,0.0114197717,0.0537954140,0.7602734117,0.6472712019,0.04269202718 0 0 0 0 0 0 0.04269202718 0 0 0 0 0 0 0.09401612533 0 0 0 0 0 0 0.000747225864 0 0 0 0 0 0 0.000747225864 0 0 0 0 0 0 0.001300473517
432,1785497100.805414438,map,7.2094936371,1.3590742350,-1.2653740644,0.0112825373,0.0536049830,0.7602812944,0.6472801313,0.04289770121 0 0 0 0 0 0 0.04289770121 0 0 0 0 0 0 0.09432122168 0 0 0 0 0 0 0.0007519767643 0 0 0 0 0 0 0.0007519767643 0 0 0 0 0 0 0.001306738706
433,1785497100.905133724,map,7.2160654068,1.3562027216,-1.2656760216,0.0111086917,0.0536151180,0.7602996200,0.6472607471,0.04305230852 0 0 0 0 0 0 0.04305230852 0 0 0 0 0 0 0.09455040896 0 0 0 0 0 0 0.0007555504544 0 0 0 0 0 0 0.0007555504544 0 0 0 0 0 0 0.001311448314
434,1785497101.005124807,map,7.2164058685,1.3507555723,-1.2628709078,0.0108460320,0.0538309771,0.7603149334,0.6472293273,0.04298208621 0 0 0 0 0 0 0.04298208621 0 0 0 0 0 0 0.09444632922 0 0 0 0 0 0 0.0007539270388 0 0 0 0 0 0 0.0007539270388 0 0 0 0 0 0 0.00130930922
435,1785497101.105443954,map,7.2145733833,1.3503561020,-1.2618256807,0.0107842017,0.0537324494,0.7603456146,0.6472025049,0.04275082424 0 0 0 0 0 0 0.04275082424 0 0 0 0 0 0 0.09410336914 0 0 0 0 0 0 0.0007485836559 0 0 0 0 0 0 0.0007485836559 0 0 0 0 0 0 0.001302264577
436,1785497101.205367088,map,7.2212028503,1.3486232758,-1.2623747587,0.0107188207,0.0537600748,0.7603600295,0.6471843560,0.04278458695 0 0 0 0 0 0 0.04278458695 0 0 0 0 0 0 0.09415345783 0 0 0 0 0 0 0.0007493634679 0 0 0 0 0 0 0.0007493634679 0 0 0 0 0 0 0.001303293048
437,1785497101.305142403,map,7.2224149704,1.3527630568,-1.2624295950,0.0110065940,0.0536812557,0.7604225778,0.6471125844,0.04283326178 0 0 0 0 0 0 0.04283326178 0 0 0 0 0 0 0.09422565807 0 0 0 0 0 0 0.0007504878754 0 0 0 0 0 0 0.0007504878754 0 0 0 0 0 0 0.001304775768
438,1785497101.405255079,map,7.2295913696,1.3532494307,-1.2625262737,0.0113172126,0.0536674163,0.7605850383,0.6469174084,0.04281940819 0 0 0 0 0 0 0.04281940819 0 0 0 0 0 0 0.09420511016 0 0 0 0 0 0 0.0007501678314 0 0 0 0 0 0 0.0007501678314 0 0 0 0 0 0 0.001304353764
439,1785497101.605397224,map,7.2256650925,1.3514984846,-1.2638971806,0.0109167424,0.0536589105,0.7605508913,0.6469651449,0.04298041371 0 0 0 0 0 0 0.04298041371 0 0 0 0 0 0 0.09444384999 0 0 0 0 0 0 0.0007538883786 0 0 0 0 0 0 0.0007538883786 0 0 0 0 0 0 0.001309258272
440,1785497101.705251455,map,7.2228693962,1.3558853865,-1.2616692781,0.0109722549,0.0535386261,0.7605034737,0.6470298972,0.04266376616 0 0 0 0 0 0 0.04266376616 0 0 0 0 0 0 0.09397418429 0 0 0 0 0 0 0.0007465733424 0 0 0 0 0 0 0.0007465733424 0 0 0 0 0 0 0.001299612637
441,1785497101.805073023,map,7.2270112038,1.3527290821,-1.2587581873,0.0107890932,0.0535953791,0.7605164827,0.6470130102,0.04275069202 0 0 0 0 0 0 0.04275069202 0 0 0 0 0 0 0.09410317297 0 0 0 0 0 0 0.0007485806023 0 0 0 0 0 0 0.0007485806023 0 0 0 0 0 0 0.00130226055
442,1785497101.905306101,map,7.2291808128,1.3498568535,-1.2618753910,0.0108791174,0.0536022434,0.7603973048,0.6471510040,0.04292492478 0 0 0 0 0 0 0.04292492478 0 0 0 0 0 0 0.09436158719 0 0 0 0 0 0 0.0007526058788 0 0 0 0 0 0 0.0007526058788 0 0 0 0 0 0 0.001307567983
443,1785497102.005479574,map,7.2292618752,1.3494150639,-1.2612582445,0.0110316337,0.0536304783,0.7604023931,0.6471400696,0.04284632107 0 0 0 0 0 0 0.04284632107 0 0 0 0 0 0 0.09424502688 0 0 0 0 0 0 0.0007507895847 0 0 0 0 0 0 0.0007507895847 0 0 0 0 0 0 0.001305173577
444,1785497102.105117321,map,7.2330660820,1.3435901403,-1.2626383305,0.0107202475,0.0535556425,0.7605014014,0.6470351480,0.04298526419 0 0 0 0 0 0 0.04298526419 0 0 0 0 0 0 0.09445104004 0 0 0 0 0 0 0.0007540004989 0 0 0 0 0 0 0.0007540004989 0 0 0 0 0 0 0.001309406027
445,1785497102.205054998,map,7.2381367683,1.3423233032,-1.2629380226,0.0107670029,0.0535057905,0.7605184711,0.6470184310,0.04314182154 0 0 0 0 0 0 0.04314182154 0 0 0 0 0 0 0.09468304037 0 0 0 0 0 0 0.0007576204465 0 0 0 0 0 0 0.0007576204465 0 0 0 0 0 0 0.001314175036
446,1785497102.305244684,map,7.2351794243,1.3401039839,-1.2590280771,0.0108089883,0.0537174753,0.7604857139,0.6470387177,0.04298530255 0 0 0 0 0 0 0.04298530255 0 0 0 0 0 0 0.09445109691 0 0 0 0 0 0 0.0007540013857 0 0 0 0 0 0 0.0007540013857 0 0 0 0 0 0 0.001309407195
447,1785497102.405443907,map,7.2303323746,1.3383102417,-1.2576807737,0.0109033781,0.0537779377,0.7604537293,0.6470696747,0.04288321952 0 0 0 0 0 0 0.04288321952 0 0 0 0 0 0 0.09429974738 0 0 0 0 0 0 0.0007516421303 0 0 0 0 0 0 0.0007516421303 0 0 0 0 0 0 0.001306297568
448,1785497102.505213976,map,7.2324910164,1.3328115940,-1.2600456476,0.0106809372,0.0537934205,0.7605013001,0.6470162086,0.04276494683 0 0 0 0 0 0 0.04276494683 0 0 0 0 0 0 0.09412432149 0 0 0 0 0 0 0.0007489098311 0 0 0 0 0 0 0.0007489098311 0 0 0 0 0 0 0.001302694776
449,1785497102.605069637,map,7.2299637794,1.3337605000,-1.2616819143,0.0108601594,0.0537323472,0.7605381324,0.6469749796,0.04274381128 0 0 0 0 0 0 0.04274381128 0 0 0 0 0 0 0.09409296425 0 0 0 0 0 0 0.0007484216909 0 0 0 0 0 0 0.0007484216909 0 0 0 0 0 0 0.00130205095
450,1785497102.705035210,map,7.2307119370,1.3318506479,-1.2614333630,0.0105255628,0.0537709802,0.7605326809,0.6469837317,0.04290291201 0 0 0 0 0 0 0.04290291201 0 0 0 0 0 0 0.09432894828 0 0 0 0 0 0 0.0007520971769 0 0 0 0 0 0 0.0007520971769 0 0 0 0 0 0 0.001306897436
451,1785497102.805399418,map,7.2325129509,1.3281356096,-1.2585088015,0.0106294577,0.0537090400,0.7604905127,0.6470367314,0.04308312782 0 0 0 0 0 0 0.04308312782 0 0 0 0 0 0 0.09459607897 0 0 0 0 0 0 0.000756263075 0 0 0 0 0 0 0.000756263075 0 0 0 0 0 0 0.001312387123
452,1785497102.905354023,map,7.2315840721,1.3232378960,-1.2591956854,0.0105809812,0.0537906953,0.7604553571,0.6470720323,0.04282219123 0 0 0 0 0 0 0.04282219123 0 0 0 0 0 0 0.09420923811 0 0 0 0 0 0 0.0007502321235 0 0 0 0 0 0 0.0007502321235 0 0 0 0 0 0 0.00130443854
453,1785497103.005063057,map,7.2277369499,1.3259253502,-1.2584297657,0.0106155506,0.0536415587,0.7604577113,0.6470811199,0.04274989352 0 0 0 0 0 0 0.04274989352 0 0 0 0 0 0 0.09410198828 0 0 0 0 0 0 0.0007485621606 0 0 0 0 0 0 0.0007485621606 0 0 0 0 0 0 0.001302236226
454,1785497103.105225086,map,7.2283124924,1.3286346197,-1.2615019083,0.0104745168,0.0537450990,0.7604944140,0.6470316878,0.04279385567 0 0 0 0 0 0 0.04279385567 0 0 0 0 0 0 0.09416720733 0 0 0 0 0 0 0.0007495775633 0 0 0 0 0 0 0.0007495775633 0 0 0 0 0 0 0.00130357539
455,1785497103.205463171,map,7.2327570915,1.3203691244,-1.2620880604,0.0104149509,0.0535932071,0.7604084708,0.6471462434,0.04290740222 0 0 0 0 0 0 0.04290740222 0 0 0 0 0 0 0.09433560625 0 0 0 0 0 0 0.0007522009395 0 0 0 0 0 0 0.0007522009395 0 0 0 0 0 0 0.001307034215
456,1785497103.305342197,map,7.2320880890,1.3232884407,-1.2617883682,0.0104936727,0.0535850810,0.7604193632,0.6471328192,0.04274435122 0 0 0 0 0 0 0.04274435122 0 0 0 0 0 0 0.09409376534 0 0 0 0 0 0 0.0007484341607 0 0 0 0 0 0 0.0007484341607 0 0 0 0 0 0 0.001302067398
457,1785497103.405105114,map,7.2321434021,1.3200939894,-1.2581626177,0.0108195613,0.0536176734,0.7604125595,0.6471327501,0.0428140174 0 0 0 0 0 0 0.0428140174 0 0 0 0 0 0 0.09419711414 0 0 0 0 0 0 0.0007500432984 0 0 0 0 0 0 0.0007500432984 0 0 0 0 0 0 0.001304189551
458,1785497103.505060673,map,7.2366228104,1.3139896393,-1.2606840134,0.0105035685,0.0537841858,0.7603977879,0.6471415001,0.0428507192 0 0 0 0 0 0 0.0428507192 0 0 0 0 0 0 0.09425154972 0 0 0 0 0 0 0.0007508911983 0 0 0 0 0 0 0.0007508911983 0 0 0 0 0 0 0.001305307552
459,1785497103.605400801,map,7.2382965088,1.3108998537,-1.2601135969,0.0104468817,0.0537340979,0.7604056677,0.6471373611,0.04286423801 0 0 0 0 0 0 0.04286423801 0 0 0 0 0 0 0.09427159871 0 0 0 0 0 0 0.0007512035445 0 0 0 0 0 0 0.0007512035445 0 0 0 0 0 0 0.001305719358
460,1785497103.805152655,map,7.2339510918,1.3091602325,-1.2606899738,0.0103567213,0.0537924209,0.7603820440,0.6471616994,0.04271093328 0 0 0 0 0 0 0.04271093328 0 0 0 0 0 0 0.09404418057 0 0 0 0 0 0 0.0007476624272 0 0 0 0 0 0 0.0007476624272 0 0 0 0 0 0 0.001301049429
461,1785497103.905055285,map,7.2286949158,1.3135983944,-1.2614301443,0.0105839483,0.0538783419,0.7603014107,0.6472456014,0.04304185681 0 0 0 0 0 0 0.04304185681 0 0 0 0 0 0 0.09453491976 0 0 0 0 0 0 0.0007553088028 0 0 0 0 0 0 0.0007553088028 0 0 0 0 0 0 0.001311129937
462,1785497104.005399704,map,7.2334055901,1.3112273216,-1.2607394457,0.0104150800,0.0537451088,0.7603441468,0.6472092221,0.0428347028 0 0 0 0 0 0 0.0428347028 0 0 0 0 0 0 0.09422779536 0 0 0 0 0 0 0.0007505211667 0 0 0 0 0 0 0.0007505211667 0 0 0 0 0 0 0.001304819664
463,1785497104.105551958,map,7.2344980240,1.3072631359,-1.2614092827,0.0099566276,0.0537724420,0.7603411057,0.6472177293,0.04285786472 0 0 0 0 0 0 0.04285786472 0 0 0 0 0 0 0.09426214697 0 0 0 0 0 0 0.0007510562904 0 0 0 0 0 0 0.0007510562904 0 0 0 0 0 0 0.001305525217
464,1785497104.205308437,map,7.2355465889,1.3076673746,-1.2618447542,0.0102029199,0.0537284128,0.7604499887,0.6470896115,0.04289998554 0 0 0 0 0 0 0.04289998554 0 0 0 0 0 0 0.09432460891 0 0 0 0 0 0 0.0007520295509 0 0 0 0 0 0 0.0007520295509 0 0 0 0 0 0 0.00130680829
465,1785497104.305117607,map,7.2399191856,1.3095010519,-1.2642713785,0.0101691785,0.0536430802,0.7604561722,0.6470899540,0.04276168436 0 0 0 0 0 0 0.04276168436 0 0 0 0 0 0 0.09411948138 0 0 0 0 0 0 0.0007488344797 0 0 0 0 0 0 0.0007488344797 0 0 0 0 0 0 0.001302595396
466,1785497104.405202389,map,7.2383956909,1.3102809191,-1.2614954710,0.0103608055,0.0537701868,0.7604595941,0.6470723460,0.04303262527 0 0 0 0 0 0 0.04303262527 0 0 0 0 0 0 0.0945212383 0 0 0 0 0 0 0.0007550953701 0 0 0 0 0 0 0.0007550953701 0 0 0 0 0 0 0.001310848728
467,1785497104.505457401,map,7.2421703339,1.3091206551,-1.2653783560,0.0101354194,0.0539851884,0.7604987379,0.6470120400,0.04290025365 0 0 0 0 0 0 0.04290025365 0 0 0 0 0 0 0.09432500646 0 0 0 0 0 0 0.0007520357465 0 0 0 0 0 0 0.0007520357465 0 0 0 0 0 0 0.001306816457
468,1785497104.605374575,map,7.2487039566,1.3093646765,-1.2630755901,0.0101261179,0.0538754473,0.7606050670,0.6468963377,0.04298770667 0 0 0 0 0 0 0.04298770667 0 0 0 0 0 0 0.09445466059 0 0 0 0 0 0 0.0007540569585 0 0 0 0 0 0 0.0007540569585 0 0 0 0 0 0 0.001309480429
469,1785497104.705209970,map,7.2466592789,1.3126455545,-1.2641848326,0.0101811445,0.0536640966,0.7606495620,0.6468607104,0.04293477166 0 0 0 0 0 0 0.04293477166 0 0 0 0 0 0 0.09437618653 0 0 0 0 0 0 0.0007528334476 0 0 0 0 0 0 0.0007528334476 0 0 0 0 0 0 0.001307867936
470,1785497104.805038929,map,7.2469191551,1.3124440908,-1.2647271156,0.0103223472,0.0538916677,0.7606442649,0.6468457425,0.0430250787 0 0 0 0 0 0 0.0430250787 0 0 0 0 0 0 0.09451005367 0 0 0 0 0 0 0.0007549208992 0 0 0 0 0 0 0.0007549208992 0 0 0 0 0 0 0.001310618846
471,1785497104.905224800,map,7.2482910156,1.3122819662,-1.2633336782,0.0104533188,0.0537652581,0.7605955117,0.6469115174,0.04281298234 0 0 0 0 0 0 0.04281298234 0 0 0 0 0 0 0.09419557884 0 0 0 0 0 0 0.0007500193877 0 0 0 0 0 0 0.0007500193877 0 0 0 0 0 0 0.001304158021
472,1785497105.005427122,map,7.2442965508,1.3092969656,-1.2636489868,0.0105325540,0.0538516116,0.7605765788,0.6469253091,0.04255277676 0 0 0 0 0 0 0.04255277676 0 0 0 0 0 0 0.09380942556 0 0 0 0 0 0 0.0007440113657 0 0 0 0 0 0 0.0007440113657 0 0 0 0 0 0 0.001296231706
473,1785497105.105274439,map,7.2444181442,1.3135381937,-1.2629954815,0.0105015275,0.0536486072,0.7604882594,0.6470464470,0.04274771142 0 0 0 0 0 0 0.04274771142 0 0 0 0 0 0 0.09409875079 0 0 0 0 0 0 0.0007485117646 0 0 0 0 0 0 0.0007485117646 0 0 0 0 0 0 0.001302169756
474,1785497105.205122709,map,7.2374210358,1.3139016628,-1.2635200024,0.0107506233,0.0536807082,0.7604328578,0.6471048357,0.04301146733 0 0 0 0 0 0 0.04301146733 0 0 0 0 0 0 0.09448987971 0 0 0 0 0 0 0.0007546062272 0 0 0 0 0 0 0.0007546062272 0 0 0 0 0 0 0.00131020422
475,1785497105.305074215,map,7.2349176407,1.3153333664,-1.2619804144,0.0106524626,0.0538001954,0.7604351731,0.6470938515,0.0427435811 0 0 0 0 0 0 0.0427435811 0 0 0 0 0 0 0.09409262273 0 0 0 0 0 0 0.000748416375 0 0 0 0 0 0 0.000748416375 0 0 0 0 0 0 0.001302043939
476,1785497105.405356169,map,7.2337946892,1.3196396828,-1.2608814240,0.0108087029,0.0535938226,0.7604493899,0.6470916495,0.04275651151 0 0 0 0 0 0 0.04275651151 0 0 0 0 0 0 0.09411180695 0 0 0 0 0 0 0.000748715007 0 0 0 0 0 0 0.000748715007 0 0 0 0 0 0 0.001302437822
477,1785497105.505525827,map,7.2335052490,1.3223645687,-1.2630890608,0.0105133428,0.0535546418,0.7604605839,0.6470865919,0.04312002053 0 0 0 0 0 0 0.04312002053 0 0 0 0 0 0 0.09465074195 0 0 0 0 0 0 0.0007571162345 0 0 0 0 0 0 0.0007571162345 0 0 0 0 0 0 0.00131351094
478,1785497105.605158806,map,7.2303185463,1.3251436949,-1.2636747360,0.0104236978,0.0535408779,0.7604250934,0.6471308821,0.04288017724 0 0 0 0 0 0 0.04288017724 0 0 0 0 0 0 0.09429523597 0 0 0 0 0 0 0.0007515718335 0 0 0 0 0 0 0.0007515718335 0 0 0 0 0 0 0.001306204895
479,1785497105.705113173,map,7.2313475609,1.3280048370,-1.2658015490,0.0103904935,0.0536164058,0.7603591894,0.6472025913,0.04274773904 0 0 0 0 0 0 0.04274773904 0 0 0 0 0 0 0.09409879176 0 0 0 0 0 0 0.0007485124024 0 0 0 0 0 0 0.0007485124024 0 0 0 0 0 0 0.001302170597
480,1785497105.805236340,map,7.2346730232,1.3383326530,-1.2646093369,0.0106562088,0.0536462970,0.7605740447,0.6469432752,0.04279894986 0 0 0 0 0 0 0.04279894986 0 0 0 0 0 0 0.09417476398 0 0 0 0 0 0 0.0007496952355 0 0 0 0 0 0 0.0007496952355 0 0 0 0 0 0 0.001303730568
481,1785497106.005307198,map,7.2344141006,1.3383646011,-1.2637304068,0.0106284438,0.0536760110,0.7605733386,0.6469421322,0.04267362221 0 0 0 0 0 0 0.04267362221 0 0 0 0 0 0 0.09398881177 0 0 0 0 0 0 0.0007468009019 0 0 0 0 0 0 0.0007468009019 0 0 0 0 0 0 0.001299912869
482,1785497106.105099440,map,7.2414398193,1.3340100050,-1.2622696161,0.0107078460,0.0537138280,0.7605482634,0.6469671256,0.04270932015 0 0 0 0 0 0 0.04270932015 0 0 0 0 0 0 0.09404178688 0 0 0 0 0 0 0.000747625177 0 0 0 0 0 0 0.000747625177 0 0 0 0 0 0 0.001301000291
483,1785497106.205060482,map,7.2403750420,1.3298373222,-1.2635983229,0.0104524986,0.0538303767,0.7605413629,0.6469697628,0.0431668698 0 0 0 0 0 0 0.0431668698 0 0 0 0 0 0 0.09472014635 0 0 0 0 0 0 0.0007581998106 0 0 0 0 0 0 0.0007581998106 0 0 0 0 0 0 0.00131493805
484,1785497106.305275917,map,7.2411084175,1.3251607418,-1.2629482746,0.0105133636,0.0539148105,0.7605188337,0.6469882229,0.04277805957 0 0 0 0 0 0 0.04277805957 0 0 0 0 0 0 0.09414377463 0 0 0 0 0 0 0.0007492126983 0 0 0 0 0 0 0.0007492126983 0 0 0 0 0 0 0.001303094213
485,1785497106.405407667,map,7.2438788414,1.3241194487,-1.2621774673,0.0105040399,0.0535916481,0.7605459427,0.6469833632,0.04276771761 0 0 0 0 0 0 0.04276771761 0 0 0 0 0 0 0.09412843212 0 0 0 0 0 0 0.0007489738271 0 0 0 0 0 0 0.0007489738271 0 0 0 0 0 0 0.001302779179
486,1785497106.505170584,map,7.2413678169,1.3201138973,-1.2615253925,0.0105015457,0.0535967325,0.7604965372,0.6470410696,0.04283018546 0 0 0 0 0 0 0.04283018546 0 0 0 0 0 0 0.09422109532 0 0 0 0 0 0 0.0007504168054 0 0 0 0 0 0 0.0007504168054 0 0 0 0 0 0 0.001304682059
487,1785497106.605043888,map,7.2396893501,1.3191875219,-1.2604094744,0.0106652175,0.0538102833,0.7604553622,0.6470690299,0.0429770382 0 0 0 0 0 0 0.0429770382 0 0 0 0 0 0 0.09443884627 0 0 0 0 0 0 0.000753810354 0 0 0 0 0 0 0.000753810354 0 0 0 0 0 0 0.001309155449
488,1785497106.705147505,map,7.2400097847,1.3148037195,-1.2630591393,0.0103455583,0.0536910976,0.7604531649,0.6470867128,0.04267342133 0 0 0 0 0 0 0.04267342133 0 0 0 0 0 0 0.09398851364 0 0 0 0 0 0 0.0007467962638 0 0 0 0 0 0 0.0007467962638 0 0 0 0 0 0 0.00129990675
489,1785497106.805429935,map,7.2433943748,1.3148630857,-1.2639656067,0.0101323350,0.0534301342,0.7605372387,0.6470128490,0.04299304019 0 0 0 0 0 0 0.04299304019 0 0 0 0 0 0 0.09446256644 0 0 0 0 0 0 0.0007541802478 0 0 0 0 0 0 0.0007541802478 0 0 0 0 0 0 0.001309642897
490,1785497106.905267477,map,7.2466855049,1.3180508614,-1.2662212849,0.0100225418,0.0536299052,0.7605429921,0.6469913005,0.0429659802 0 0 0 0 0 0 0.0429659802 0 0 0 0 0 0 0.09442245386 0 0 0 0 0 0 0.0007535547557 0 0 0 0 0 0 0.0007535547557 0 0 0 0 0 0 0.001308818603
491,1785497107.005175591,map,7.2412023544,1.3174570799,-1.2640299797,0.0104151497,0.0538765582,0.7605886585,0.6469108811,0.04287507578 0 0 0 0 0 0 0.04287507578 0 0 0 0 0 0 0.09428767086 0 0 0 0 0 0 0.0007514539577 0 0 0 0 0 0 0.0007514539577 0 0 0 0 0 0 0.001306049496
492,1785497107.105046988,map,7.2276058197,1.3173969984,-1.2630482912,0.0105161692,0.0538336248,0.7601919056,0.6473790400,0.04281395918 0 0 0 0 0 0 0.04281395918 0 0 0 0 0 0 0.09419702779 0 0 0 0 0 0 0.0007500419535 0 0 0 0 0 0 0.0007500419535 0 0 0 0 0 0 0.001304187778
493,1785497107.205170393,map,7.2312164307,1.3111696243,-1.2608766556,0.0107452976,0.0538704184,0.7600803082,0.6475032229,0.04289226555 0 0 0 0 0 0 0.04289226555 0 0 0 0 0 0 0.09431316151 0 0 0 0 0 0 0.0007518511585 0 0 0 0 0 0 0.0007518511585 0 0 0 0 0 0 0.001306573126
494,1785497107.305591583,map,7.2261643410,1.3048744202,-1.2560112476,0.0108760129,0.0535695964,0.7573885557,0.6506724191,0.04272599322 0 0 0 0 0 0 0.04272599322 0 0 0 0 0 0 0.09406652695 0 0 0 0 0 0 0.0007480102004 0 0 0 0 0 0 0.0007480102004 0 0 0 0 0 0 0.001301508181
495,1785497107.405290365,map,7.2620429993,1.3181301355,-1.2636233568,0.0122983163,0.0534159207,0.7548162742,0.6536419851,0.04274640501 0 0 0 0 0 0 0.04274640501 0 0 0 0 0 0 0.09409681252 0 0 0 0 0 0 0.000748481593 0 0 0 0 0 0 0.000748481593 0 0 0 0 0 0 0.00130212996
496,1785497107.505061388,map,7.2202744484,1.2992994785,-1.2622805834,0.0116305592,0.0533892852,0.7504900206,0.6586190361,0.04290163471 0 0 0 0 0 0 0.04290163471 0 0 0 0 0 0 0.0943270543 0 0 0 0 0 0 0.0007520676605 0 0 0 0 0 0 0.0007520676605 0 0 0 0 0 0 0.001306858527
497,1785497107.605070591,map,7.2301354408,1.3319063187,-1.2557135820,0.0157168414,0.0510607653,0.7415590959,0.6687569764,0.04274193704 0 0 0 0 0 0 0.04274193704 0 0 0 0 0 0 0.09409018346 0 0 0 0 0 0 0.000748378406 0 0 0 0 0 0 0.000748378406 0 0 0 0 0 0 0.001301993858
498,1785497107.705433846,map,7.2203960419,1.3205139637,-1.2710120678,0.0179736148,0.0512549502,0.7329764093,0.6780821886,0.04284699406 0 0 0 0 0 0 0.04284699406 0 0 0 0 0 0 0.094246025 0 0 0 0 0 0 0.0007508051333 0 0 0 0 0 0 0.0007508051333 0 0 0 0 0 0 0.001305194078
499,1785497107.805431366,map,7.3086404800,1.2496871948,-1.2428923845,0.0187552209,0.0512421750,0.7240490150,0.6875867362,0.04273902879 0 0 0 0 0 0 0.04273902879 0 0 0 0 0 0 0.09408586847 0 0 0 0 0 0 0.0007483112414 0 0 0 0 0 0 0.0007483112414 0 0 0 0 0 0 0.001301905267
500,1785497108.005113602,map,7.1736841202,1.4010252953,-1.2688685656,0.0188017718,0.0528382397,0.7125750470,0.6993507052,0.04275278488 0 0 0 0 0 0 0.04275278488 0 0 0 0 0 0 0.09410627802 0 0 0 0 0 0 0.0007486289377 0 0 0 0 0 0 0.0007486289377 0 0 0 0 0 0 0.001302324302
501,1785497108.105072021,map,7.2419986725,1.3748379946,-1.2482829094,0.0145706637,0.0532668277,0.7111442082,0.7008738992,0.04259024135 0 0 0 0 0 0 0.04259024135 0 0 0 0 0 0 0.09386504787 0 0 0 0 0 0 0.0007448760443 0 0 0 0 0 0 0.0007448760443 0 0 0 0 0 0 0.001297372943
502,1785497108.205465078,map,7.2341885567,1.2937203646,-1.2591421604,0.0088595206,0.0520623404,0.7020874652,0.7101297327,0.0429189883 0 0 0 0 0 0 0.0429189883 0 0 0 0 0 0 0.09435278527 0 0 0 0 0 0 0.0007524686861 0 0 0 0 0 0 0.0007524686861 0 0 0 0 0 0 0.001307387147
503,1785497108.305299282,map,7.2477793694,1.4080255032,-1.2673014402,0.0080144672,0.0517330573,0.6933218669,0.7187240197,0.04295491118 0 0 0 0 0 0 0.04295491118 0 0 0 0 0 0 0.09440604442 0 0 0 0 0 0 0.0007532989132 0 0 0 0 0 0 0.0007532989132 0 0 0 0 0 0 0.001308481421
504,1785497108.405164480,map,7.2184591293,1.4318379164,-1.2645517588,0.0079320930,0.0514888543,0.6955733721,0.7165637764,0.04298992853 0 0 0 0 0 0 0.04298992853 0 0 0 0 0 0 0.09445795405 0 0 0 0 0 0 0.0007541083184 0 0 0 0 0 0 0.0007541083184 0 0 0 0 0 0 0.00130954811
505,1785497108.505035162,map,7.1788163185,1.4358804226,-1.2661880255,0.0083457645,0.0515350287,0.6994881499,0.7127347420,0.04286691759 0 0 0 0 0 0 0.04286691759 0 0 0 0 0 0 0.09427557252 0 0 0 0 0 0 0.0007512654568 0 0 0 0 0 0 0.0007512654568 0 0 0 0 0 0 0.001305800983
506,1785497108.605130434,map,7.1715631485,1.4386402369,-1.2603799105,0.0141438668,0.0524821240,0.7030233095,0.7090866098,0.04273908096 0 0 0 0 0 0 0.04273908096 0 0 0 0 0 0 0.09408594588 0 0 0 0 0 0 0.0007483124463 0 0 0 0 0 0 0.0007483124463 0 0 0 0 0 0 0.001301906857
507,1785497108.705465317,map,7.1702961922,1.3992189169,-1.2631567717,0.0140321977,0.0528392402,0.7036936678,0.7083970322,0.04286220864 0 0 0 0 0 0 0.04286220864 0 0 0 0 0 0 0.09426858913 0 0 0 0 0 0 0.0007511566557 0 0 0 0 0 0 0.0007511566557 0 0 0 0 0 0 0.00130565754
508,1785497108.805362701,map,7.1622319221,1.3877013922,-1.2693692446,0.0165782418,0.0543361746,0.7030633004,0.7088545073,0.04281448804 0 0 0 0 0 0 0.04281448804 0 0 0 0 0 0 0.09419781224 0 0 0 0 0 0 0.0007500541706 0 0 0 0 0 0 0.0007500541706 0 0 0 0 0 0 0.001304203888
509,1785497108.905066252,map,7.1694421768,1.3869609833,-1.2631949186,0.0159481244,0.0537186275,0.7032715531,0.7087094590,0.04286177403 0 0 0 0 0 0 0.04286177403 0 0 0 0 0 0 0.09426794461 0 0 0 0 0 0 0.0007511466142 0 0 0 0 0 0 0.0007511466142 0 0 0 0 0 0 0.001305644301
510,1785497109.005023956,map,7.1789493561,1.3892889023,-1.2634251118,0.0160673911,0.0537559344,0.7028906467,0.7090817315,0.04299496165 0 0 0 0 0 0 0.04299496165 0 0 0 0 0 0 0.09446541457 0 0 0 0 0 0 0.0007542246646 0 0 0 0 0 0 0.0007542246646 0 0 0 0 0 0 0.001309701428
511,1785497109.105128527,map,7.1839332581,1.3937600851,-1.2611547709,0.0157886100,0.0535010450,0.7026640835,0.7093317616,0.04270208153 0 0 0 0 0 0 0.04270208153 0 0 0 0 0 0 0.09403104548 0 0 0 0 0 0 0.0007474580264 0 0 0 0 0 0 0.0007474580264 0 0 0 0 0 0 0.00130077979
512,1785497109.205339909,map,7.1808729172,1.3855724335,-1.2577995062,0.0153916019,0.0533944566,0.7024379263,0.7095724633,0.04289359253 0 0 0 0 0 0 0.04289359253 0 0 0 0 0 0 0.09431512921 0 0 0 0 0 0 0.0007518818217 0 0 0 0 0 0 0.0007518818217 0 0 0 0 0 0 0.001306613548
513,1785497109.305141211,map,7.1924166679,1.3898031712,-1.2533720732,0.0128206156,0.0520633669,0.7020907241,0.7100659482,0.04268571945 0 0 0 0 0 0 0.04268571945 0 0 0 0 0 0 0.09400676467 0 0 0 0 0 0 0.0007470802181 0 0 0 0 0 0 0.0007470802181 0 0 0 0 0 0 0.001300281372
514,1785497109.404988766,map,7.2321391106,1.3861407042,-1.2503548861,0.0068586387,0.0487789499,0.7012647737,0.7111970942,0.04290481684 0 0 0 0 0 0 0.04290481684 0 0 0 0 0 0 0.09433177272 0 0 0 0 0 0 0.0007521411946 0 0 0 0 0 0 0.0007521411946 0 0 0 0 0 0 0.00130695546
515,1785497109.505224228,map,7.2205634117,1.4065774679,-1.2645605803,0.0015886612,0.0497031490,0.7026204690,0.7098250201,0.04277215962 0 0 0 0 0 0 0.04277215962 0 0 0 0 0 0 0.094135022 0 0 0 0 0 0 0.0007490764243 0 0 0 0 0 0 0.0007490764243 0 0 0 0 0 0 0.00130291449
516,1785497109.605356455,map,7.1980276108,1.4325048923,-1.2521191835,0.0051943186,0.0474997099,0.7038746329,0.7087152407,0.04290309611 0 0 0 0 0 0 0.04290309611 0 0 0 0 0 0 0.09432922125 0 0 0 0 0 0 0.0007521014311 0 0 0 0 0 0 0.0007521014311 0 0 0 0 0 0 0.001306903044
517,1785497109.705177546,map,7.1486849785,1.4996939898,-1.2590504885,0.0132906824,0.0476778968,0.7041422947,0.7083317133,0.04301807688 0 0 0 0 0 0 0.04301807688 0 0 0 0 0 0 0.09449967611 0 0 0 0 0 0 0.0007547590268 0 0 0 0 0 0 0.0007547590268 0 0 0 0 0 0 0.001310405558
518,1785497109.805067539,map,7.1594872475,1.5404499769,-1.2649126053,0.0176530013,0.0527797489,0.7060290734,0.7059926299,0.04278181259 0 0 0 0 0 0 0.04278181259 0 0 0 0 0 0 0.09414934218 0 0 0 0 0 0 0.0007492993854 0 0 0 0 0 0 0.0007492993854 0 0 0 0 0 0 0.001303208537
519,1785497109.905153751,map,7.1503100395,1.5843669176,-1.2799661160,0.0228781623,0.0552859811,0.7048357406,0.7068427259,0.04261906833 0 0 0 0 0 0 0.04261906833 0 0 0 0 0 0 0.09390784082 0 0 0 0 0 0 0.0007455414509 0 0 0 0 0 0 0.0007455414509 0 0 0 0 0 0 0.001298251063
520,1785497110.105215073,map,7.1833086014,1.6027683020,-1.2823715210,0.0213426768,0.0455236787,0.7043062319,0.7081135652,0.04270514929 0 0 0 0 0 0 0.04270514929 0 0 0 0 0 0 0.09403559777 0 0 0 0 0 0 0.000747528865 0 0 0 0 0 0 0.000747528865 0 0 0 0 0 0 0.001300873239
521,1785497110.205036402,map,7.2193017006,1.5985963345,-1.2800244093,0.0202923570,0.0446094605,0.7031171195,0.7093832049,0.04245561604 0 0 0 0 0 0 0.04245561604 0 0 0 0 0 0 0.09366513729 0 0 0 0 0 0 0.0007417694746 0 0 0 0 0 0 0.0007417694746 0 0 0 0 0 0 0.001293272021
522,1785497110.305032492,map,7.1455259323,1.7001830339,-1.2791384459,0.0216262519,0.0414608839,0.7029906240,0.7096601187,0.04265728634 0 0 0 0 0 0 0.04265728634 0 0 0 0 0 0 0.09396456722 0 0 0 0 0 0 0.0007464237391 0 0 0 0 0 0 0.0007464237391 0 0 0 0 0 0 0.00129941525
523,1785497110.405276775,map,7.1411952972,1.7739704847,-1.2930822372,0.0244413294,0.0427233080,0.7038274107,0.7086637501,0.04280135043 0 0 0 0 0 0 0.04280135043 0 0 0 0 0 0 0.09417832491 0 0 0 0 0 0 0.0007497506878 0 0 0 0 0 0 0.0007497506878 0 0 0 0 0 0 0.001303803693
524,1785497110.505112410,map,7.1311898232,1.7766174078,-1.2929852009,0.0245795423,0.0431700484,0.7043341602,0.7081282229,0.04268829047 0 0 0 0 0 0 0.04268829047 0 0 0 0 0 0 0.09401058008 0 0 0 0 0 0 0.0007471395826 0 0 0 0 0 0 0.0007471395826 0 0 0 0 0 0 0.00130035969
525,1785497110.605391502,map,7.1497988701,1.7910697460,-1.2898174524,0.0249217858,0.0438609584,0.7047684681,0.7076415446,0.04257814477 0 0 0 0 0 0 0.04257814477 0 0 0 0 0 0 0.0938470894 0 0 0 0 0 0 0.0007445968434 0 0 0 0 0 0 0.0007445968434 0 0 0 0 0 0 0.00129700446
526,1785497110.705002069,map,7.1698870659,1.8263571262,-1.2852290869,0.0246095917,0.0451784806,0.7052877929,0.7070519058,0.04265289357 0 0 0 0 0 0 0.04265289357 0 0 0 0 0 0 0.09395804751 0 0 0 0 0 0 0.0007463223224 0 0 0 0 0 0 0.0007463223224 0 0 0 0 0 0 0.001299281438
527,1785497110.805286646,map,7.1502747536,1.8461415768,-1.2842673063,0.0241552449,0.0425268095,0.7057214875,0.7067992342,0.04270748746 0 0 0 0 0 0 0.04270748746 0 0 0 0 0 0 0.09403906738 0 0 0 0 0 0 0.0007475828571 0 0 0 0 0 0 0.0007475828571 0 0 0 0 0 0 0.001300944464
528,1785497110.905381918,map,7.1791906357,1.9372289181,-1.2722650766,0.0218273191,0.0360308729,0.7076526937,0.7053034820,0.04273581083 0 0 0 0 0 0 0.04273581083 0 0 0 0 0 0 0.09408109392 0 0 0 0 0 0 0.0007482369251 0 0 0 0 0 0 0.0007482369251 0 0 0 0 0 0 0.001301807243
529,1785497111.005346060,map,7.2442336082,1.9340566397,-1.2726173401,0.0180884562,0.0333848670,0.7076868147,0.7055052417,0.04274910902 0 0 0 0 0 0 0.04274910902 0 0 0 0 0 0 0.09410082435 0 0 0 0 0 0 0.0007485440423 0 0 0 0 0 0 0.0007485440423 0 0 0 0 0 0 0.001302212329
530,1785497111.105079174,map,7.2396435738,1.9358347654,-1.2591341734,0.0144869615,0.0351819510,0.7078744637,0.7053127687,0.04276350734 0 0 0 0 0 0 0.04276350734 0 0 0 0 0 0 0.09412218591 0 0 0 0 0 0 0.0007488765839 0 0 0 0 0 0 0.0007488765839 0 0 0 0 0 0 0.001302650927
531,1785497111.205189228,map,7.1910119057,1.9966251850,-1.2557939291,0.0118392960,0.0428751068,0.7074633631,0.7053489654,0.04291229984 0 0 0 0 0 0 0.04291229984 0 0 0 0 0 0 0.09434286819 0 0 0 0 0 0 0.0007523141189 0 0 0 0 0 0 0.0007523141189 0 0 0 0 0 0 0.001307183405
532,1785497111.305239677,map,7.1686992645,2.0114955902,-1.2473521233,0.0105236190,0.0462330964,0.7075637272,0.7050569763,0.04266929817 0 0 0 0 0 0 0.04266929817 0 0 0 0 0 0 0.09398239449 0 0 0 0 0 0 0.0007467010662 0 0 0 0 0 0 0.0007467010662 0 0 0 0 0 0 0.001299781151
533,1785497111.405312300,map,7.1732611656,2.0594978333,-1.2566373348,0.0049250550,0.0483065370,0.7062802045,0.7062651712,0.04285325063 0 0 0 0 0 0 0.04285325063 0 0 0 0 0 0 0.09425530402 0 0 0 0 0 0 0.0007509496846 0 0 0 0 0 0 0.0007509496846 0 0 0 0 0 0 0.001305384664
534,1785497111.505079508,map,7.1827449799,2.1661396027,-1.2575128078,0.0025253865,0.0506533853,0.7064771787,0.7059163289,0.04270911547 0 0 0 0 0 0 0.04270911547 0 0 0 0 0 0 0.09404148316 0 0 0 0 0 0 0.0007476204505 0 0 0 0 0 0 0.0007476204505 0 0 0 0 0 0 0.001300994056
535,1785497111.604983807,map,7.1612997055,2.2732656002,-1.2784067392,0.0015199429,0.0504118777,0.7058637027,0.7065498846,0.04256272006 0 0 0 0 0 0 0.04256272006 0 0 0 0 0 0 0.0938241888 0 0 0 0 0 0 0.0007442408442 0 0 0 0 0 0 0.0007442408442 0 0 0 0 0 0 0.001296534596
536,1785497111.705118895,map,7.1793298721,2.2469844818,-1.2719328403,-0.0049425064,0.0470436699,0.7062847041,0.7063457808,0.04266416514 0 0 0 0 0 0 0.04266416514 0 0 0 0 0 0 0.09397477644 0 0 0 0 0 0 0.0007465825541 0 0 0 0 0 0 0.0007465825541 0 0 0 0 0 0 0.00129962479
537,1785497111.805367470,map,7.1213054657,2.2754418850,-1.2803083658,-0.0020577544,0.0458480399,0.7076948174,0.7050260745,0.04269116209 0 0 0 0 0 0 0.04269116209 0 0 0 0 0 0 0.09401484155 0 0 0 0 0 0 0.0007472058888 0 0 0 0 0 0 0.0007472058888 0 0 0 0 0 0 0.001300447164
538,1785497111.905168056,map,7.1572790146,2.2819690704,-1.2793002129,-0.0017350015,0.0445288095,0.7083392436,0.7044641184,0.04262020244 0 0 0 0 0 0 0.04262020244 0 0 0 0 0 0 0.09390952427 0 0 0 0 0 0 0.0007455676306 0 0 0 0 0 0 0.0007455676306 0 0 0 0 0 0 0.00129828561
539,1785497112.004963398,map,7.1321487427,2.3591315746,-1.2793366909,-0.0003389122,0.0447092848,0.7086725934,0.7041193961,0.04264305463 0 0 0 0 0 0 0.04264305463 0 0 0 0 0 0 0.09394344429 0 0 0 0 0 0 0.0007460951758 0 0 0 0 0 0 0.0007460951758 0 0 0 0 0 0 0.001298981727
540,1785497112.105051517,map,7.1264247894,2.3794002533,-1.2719360590,-0.0015158708,0.0451649767,0.7088970204,0.7038627862,0.04257735314 0 0 0 0 0 0 0.04257735314 0 0 0 0 0 0 0.09384591412 0 0 0 0 0 0 0.0007445785721 0 0 0 0 0 0 0.0007445785721 0 0 0 0 0 0 0.001296980345
541,1785497112.205327511,map,7.1422977448,2.4435989857,-1.2854636908,-0.0030121132,0.0460575961,0.7091029031,0.7035927139,0.04261541135 0 0 0 0 0 0 0.04261541135 0 0 0 0 0 0 0.09390241238 0 0 0 0 0 0 0.0007454570336 0 0 0 0 0 0 0.0007454570336 0 0 0 0 0 0 0.001298139665
542,1785497112.305319071,map,7.1372084618,2.4464440346,-1.2751712799,-0.0031623967,0.0484280348,0.7088980425,0.7036393149,0.04256743422 0 0 0 0 0 0 0.04256743422 0 0 0 0 0 0 0.09383118791 0 0 0 0 0 0 0.0007443496438 0 0 0 0 0 0 0.0007443496438 0 0 0 0 0 0 0.001296678198
543,1785497112.405026436,map,7.1481814384,2.4719786644,-1.2663530111,-0.0036628798,0.0474874580,0.7093283767,0.7032672194,0.04264321772 0 0 0 0 0 0 0.04264321772 0 0 0 0 0 0 0.09394368634 0 0 0 0 0 0 0.0007460989407 0 0 0 0 0 0 0.0007460989407 0 0 0 0 0 0 0.001298986695
544,1785497112.505107641,map,7.1276273727,2.5223593712,-1.2819607258,-0.0021852718,0.0465185577,0.7091885140,0.7034791607,0.04260522264 0 0 0 0 0 0 0.04260522264 0 0 0 0 0 0 0.09388728782 0 0 0 0 0 0 0.000745221845 0 0 0 0 0 0 0.000745221845 0 0 0 0 0 0 0.001297829299
545,1785497112.605261087,map,7.1384215355,2.5377328396,-1.2885118723,-0.0012947357,0.0453038788,0.7095581842,0.7031877978,0.04265596769 0 0 0 0 0 0 0.04265596769 0 0 0 0 0 0 0.09396261011 0 0 0 0 0 0 0.000746393295 0 0 0 0 0 0 0.000746393295 0 0 0 0 0 0 0.001299375082
546,1785497112.705495119,map,7.1346979141,2.5441756248,-1.2872471809,-0.0009487288,0.0450767131,0.7099701245,0.7027870338,0.04246313538 0 0 0 0 0 0 0.04246313538 0 0 0 0 0 0 0.09367630578 0 0 0 0 0 0 0.0007419429468 0 0 0 0 0 0 0.0007419429468 0 0 0 0 0 0 0.001293501073
547,1785497112.805156946,map,7.1393275261,2.5524349213,-1.2857395411,-0.0010292212,0.0446372432,0.7102525421,0.7025295718,0.04257044813 0 0 0 0 0 0 0.04257044813 0 0 0 0 0 0 0.0938356626 0 0 0 0 0 0 0.0007444192038 0 0 0 0 0 0 0.0007444192038 0 0 0 0 0 0 0.001296770007
548,1785497112.905078411,map,7.1286859512,2.5817003250,-1.2832820415,-0.0007507005,0.0442466574,0.7111999874,0.7015954790,0.04270552722 0 0 0 0 0 0 0.04270552722 0 0 0 0 0 0 0.09403615858 0 0 0 0 0 0 0.000747537592 0 0 0 0 0 0 0.000747537592 0 0 0 0 0 0 0.001300884751
549,1785497113.004993916,map,7.1237192154,2.6205446720,-1.2827199697,-0.0003700941,0.0440510551,0.7111599696,0.7016486830,0.04267252171 0 0 0 0 0 0 0.04267252171 0 0 0 0 0 0 0.09398717853 0 0 0 0 0 0 0.0007467754927 0 0 0 0 0 0 0.0007467754927 0 0 0 0 0 0 0.001299879346
550,1785497113.105434179,map,7.1202244759,2.6266469955,-1.2801402807,-0.0002142318,0.0437259855,0.7110042522,0.7018268722,0.04301691021 0 0 0 0 0 0 0.04301691021 0 0 0 0 0 0 0.09449794695 0 0 0 0 0 0 0.0007547320556 0 0 0 0 0 0 0.0007547320556 0 0 0 0 0 0 0.00131037002
551,1785497113.205316067,map,7.1355662346,2.6076734066,-1.2738121748,-0.0011499989,0.0426861162,0.7107731905,0.7021239576,0.04286430393 0 0 0 0 0 0 0.04286430393 0 0 0 0 0 0 0.09427169647 0 0 0 0 0 0 0.0007512050674 0 0 0 0 0 0 0.0007512050674 0 0 0 0 0 0 0.001305721366
552,1785497113.305039167,map,7.1373834610,2.6122348309,-1.2793972492,-0.0017044945,0.0425409524,0.7111304206,0.7017698269,0.04269555817 0 0 0 0 0 0 0.04269555817 0 0 0 0 0 0 0.0940213652 0 0 0 0 0 0 0.0007473073962 0 0 0 0 0 0 0.0007473073962 0 0 0 0 0 0 0.001300581077
553,1785497113.404919147,map,7.1419525146,2.6216356754,-1.2760974169,-0.0029263642,0.0419552982,0.7112971260,0.7016320857,0.04259397731 0 0 0 0 0 0 0.04259397731 0 0 0 0 0 0 0.09387059409 0 0 0 0 0 0 0.0007449622767 0 0 0 0 0 0 0.0007449622767 0 0 0 0 0 0 0.001297486747
554,1785497113.505075455,map,7.1164460182,2.6619877815,-1.2818499804,-0.0029397730,0.0413929067,0.7117930901,0.7011623149,0.04295321788 0 0 0 0 0 0 0.04295321788 0 0 0 0 0 0 0.0944035341 0 0 0 0 0 0 0.0007532597762 0 0 0 0 0 0 0.0007532597762 0 0 0 0 0 0 0.00130842984
555,1785497113.605394602,map,7.1289176941,2.6499228477,-1.2810986042,-0.0027848115,0.0409292485,0.7120275053,0.7009521116,0.04292892405 0 0 0 0 0 0 0.04292892405 0 0 0 0 0 0 0.09436751671 0 0 0 0 0 0 0.0007526983039 0 0 0 0 0 0 0.0007526983039 0 0 0 0 0 0 0.001307689808
556,1785497113.705170393,map,7.1317381859,2.6618099213,-1.2939949036,-0.0021587191,0.0399081660,0.7126896674,0.7003399954,0.04290827548 0 0 0 0 0 0 0.04290827548 0 0 0 0 0 0 0.09433690108 0 0 0 0 0 0 0.0007522211195 0 0 0 0 0 0 0.0007522211195 0 0 0 0 0 0 0.001307060816
557,1785497113.805078268,map,7.1358675957,2.6812057495,-1.3009393215,-0.0009866556,0.0389575860,0.7131532009,0.6999241558,0.04264926984 0 0 0 0 0 0 0.04264926984 0 0 0 0 0 0 0.09395266914 0 0 0 0 0 0 0.0007462386623 0 0 0 0 0 0 0.0007462386623 0 0 0 0 0 0 0.001299171054
558,1785497113.904969931,map,7.1281914711,2.6819744110,-1.3019670248,-0.0010697201,0.0387683156,0.7134658591,0.6996158446,0.04274442073 0 0 0 0 0 0 0.04274442073 0 0 0 0 0 0 0.09409386848 0 0 0 0 0 0 0.0007484357661 0 0 0 0 0 0 0.0007484357661 0 0 0 0 0 0 0.001302069515
559,1785497114.005290508,map,7.1276469231,2.6771199703,-1.2935668230,-0.0008163081,0.0384245320,0.7136494011,0.6994479389,0.04290492351 0 0 0 0 0 0 0.04290492351 0 0 0 0 0 0 0.09433193089 0 0 0 0 0 0 0.0007521436596 0 0 0 0 0 0 0.0007521436596 0 0 0 0 0 0 0.00130695871
560,1785497114.105437279,map,7.1196422577,2.6810908318,-1.2960367203,0.0002460596,0.0380454211,0.7142603726,0.6988451941,0.04276172713 0 0 0 0 0 0 0.04276172713 0 0 0 0 0 0 0.09411954483 0 0 0 0 0 0 0.0007488354675 0 0 0 0 0 0 0.0007488354675 0 0 0 0 0 0 0.001302596698
561,1785497114.205138445,map,7.1243195534,2.7194504738,-1.3002485037,0.0004868905,0.0375065321,0.7145423205,0.6985859148,0.04285695875 0 0 0 0 0 0 0.04285695875 0 0 0 0 0 0 0.09426080338 0 0 0 0 0 0 0.0007510353585 0 0 0 0 0 0 0.0007510353585 0 0 0 0 0 0 0.00130549762
562,1785497114.304967880,map,7.1194696426,2.7257149220,-1.2973843813,0.0006908533,0.0378064720,0.7153710250,0.6977209136,0.04284600225 0 0 0 0 0 0 0.04284600225 0 0 0 0 0 0 0.09424455404 0 0 0 0 0 0 0.0007507822189 0 0 0 0 0 0 0.0007507822189 0 0 0 0 0 0 0.001305163865
563,1785497114.405033112,map,7.1263961792,2.7308182716,-1.3050942421,-0.0002604082,0.0386729000,0.7156720938,0.6973648912,0.04286815685 0 0 0 0 0 0 0.04286815685 0 0 0 0 0 0 0.09427741034 0 0 0 0 0 0 0.0007512940905 0 0 0 0 0 0 0.0007512940905 0 0 0 0 0 0 0.001305838733
564,1785497114.505339622,map,7.1377458572,2.7189648151,-1.2947596312,-0.0009655333,0.0382655709,0.7160254925,0.6970239075,0.04284465972 0 0 0 0 0 0 0.04284465972 0 0 0 0 0 0 0.09424256291 0 0 0 0 0 0 0.0007507512017 0 0 0 0 0 0 0.0007507512017 0 0 0 0 0 0 0.001305122969
565,1785497114.605224609,map,7.1440362930,2.7262518406,-1.2939115763,-0.0015884194,0.0381935678,0.7160577490,0.6969935697,0.04286016783 0 0 0 0 0 0 0.04286016783 0 0 0 0 0 0 0.09426556257 0 0 0 0 0 0 0.0007511095031 0 0 0 0 0 0 0.0007511095031 0 0 0 0 0 0 0.001305595374
566,1785497114.704971075,map,7.1391062737,2.7668349743,-1.2937632799,-0.0027981425,0.0374207544,0.7151248707,0.6979887282,0.04281592966 0 0 0 0 0 0 0.04281592966 0 0 0 0 0 0 0.09419995057 0 0 0 0 0 0 0.0007500874735 0 0 0 0 0 0 0.0007500874735 0 0 0 0 0 0 0.001304247802
567,1785497114.804940224,map,7.1370344162,2.7660846710,-1.2943729162,-0.0023796314,0.0369987664,0.7147859504,0.6983598353,0.04280694218 0 0 0 0 0 0 0.04280694218 0 0 0 0 0 0 0.0941866194 0 0 0 0 0 0 0.0007498798571 0 0 0 0 0 0 0.0007498798571 0 0 0 0 0 0 0.001303974028
568,1785497114.905382633,map,7.1801543236,2.7301957607,-1.2769718170,-0.0062280009,0.0359070427,0.7099358408,0.7033228089,0.04275076664 0 0 0 0 0 0 0.04275076664 0 0 0 0 0 0 0.09410328368 0 0 0 0 0 0 0.0007485823257 0 0 0 0 0 0 0.0007485823257 0 0 0 0 0 0 0.001302262823
569,1785497115.005295038,map,7.1511483192,2.7699074745,-1.3040087223,-0.0056645609,0.0379517689,0.7078738273,0.7052958466,0.04299171809 0 0 0 0 0 0 0.04299171809 0 0 0 0 0 0 0.09446060671 0 0 0 0 0 0 0.0007541496859 0 0 0 0 0 0 0.0007541496859 0 0 0 0 0 0 0.001309602624
570,1785497115.105091333,map,7.1633081436,2.7700867653,-1.2867658138,-0.0060112683,0.0382655853,0.7030014030,0.7101328355,0.04278630362 0 0 0 0 0 0 0.04278630362 0 0 0 0 0 0 0.09415600443 0 0 0 0 0 0 0.0007494031202 0 0 0 0 0 0 0.0007494031202 0 0 0 0 0 0 0.001303345341
571,1785497115.204934835,map,7.2054381371,2.7676508427,-1.2833552361,-0.0081920434,0.0381600971,0.7002915731,0.7127891641,0.04310562231 0 0 0 0 0 0 0.04310562231 0 0 0 0 0 0 0.09462940938 0 0 0 0 0 0 0.0007567832559 0 0 0 0 0 0 0.0007567832559 0 0 0 0 0 0 0.001313072345
572,1785497115.305220127,map,7.1680064201,2.7962172031,-1.2962474823,-0.0101805008,0.0376655474,0.6869830089,0.7256252405,0.04315932741 0 0 0 0 0 0 0.04315932741 0 0 0 0 0 0 0.09470897357 0 0 0 0 0 0 0.0007580253501 0 0 0 0 0 0 0.0007580253501 0 0 0 0 0 0 0.001314708295
573,1785497115.405294895,map,7.0657525063,2.8624832630,-1.3219799995,-0.0025397603,0.0412924447,0.6721843170,0.7392271217,0.04334338381 0 0 0 0 0 0 0.04334338381 0 0 0 0 0 0 0.09498153161 0 0 0 0 0 0 0.0007622840716 0 0 0 0 0 0 0.0007622840716 0 0 0 0 0 0 0.001320314974
574,1785497115.505146980,map,7.2171988487,2.8322992325,-1.2773687840,-0.0046522804,0.0424470135,0.6541598415,0.7551499890,0.04321955979 0 0 0 0 0 0 0.04321955979 0 0 0 0 0 0 0.09479818881 0 0 0 0 0 0 0.0007594186991 0 0 0 0 0 0 0.0007594186991 0 0 0 0 0 0 0.001316543079
575,1785497115.605054617,map,7.1846184731,2.8474276066,-1.2708505392,-0.0084271386,0.0432793601,0.6368115993,0.7697576659,0.04273241943 0 0 0 0 0 0 0.04273241943 0 0 0 0 0 0 0.09407606195 0 0 0 0 0 0 0.0007481586041 0 0 0 0 0 0 0.0007481586041 0 0 0 0 0 0 0.001301703935
576,1785497115.705045700,map,7.1721711159,2.9358131886,-1.2746403217,-0.0100330266,0.0422413790,0.6257593271,0.7788069459,0.04287417222 0 0 0 0 0 0 0.04287417222 0 0 0 0 0 0 0.09428633093 0 0 0 0 0 0 0.00075143308 0 0 0 0 0 0 0.00075143308 0 0 0 0 0 0 0.001306021972
577,1785497115.805191994,map,7.1877126694,2.9626708031,-1.2720746994,-0.0106562173,0.0396427442,0.6202006201,0.7833684214,0.04319844595 0 0 0 0 0 0 0.04319844595 0 0 0 0 0 0 0.09476691763 0 0 0 0 0 0 0.0007589302398 0 0 0 0 0 0 0.0007589302398 0 0 0 0 0 0 0.001315899914
578,1785497115.905182600,map,7.2334022522,2.9829096794,-1.2797996998,-0.0135703712,0.0365833311,0.6141255007,0.7882432083,0.04308773844 0 0 0 0 0 0 0.04308773844 0 0 0 0 0 0 0.09460291082 0 0 0 0 0 0 0.0007563696911 0 0 0 0 0 0 0.0007563696911 0 0 0 0 0 0 0.001312527571
579,1785497116.004913807,map,7.1507668495,3.0255110264,-1.2957717180,-0.0173984817,0.0358029108,0.6078078482,0.7930857990,0.04312275248 0 0 0 0 0 0 0.04312275248 0 0 0 0 0 0 0.0946547895 0 0 0 0 0 0 0.0007571794165 0 0 0 0 0 0 0.0007571794165 0 0 0 0 0 0 0.001313594159
580,1785497116.105063200,map,7.2153997421,3.1210875511,-1.2832180262,-0.0144069069,0.0334541234,0.5963321360,0.8019109898,0.04293153038 0 0 0 0 0 0 0.04293153038 0 0 0 0 0 0 0.09437138094 0 0 0 0 0 0 0.0007527585382 0 0 0 0 0 0 0.0007527585382 0 0 0 0 0 0 0.001307769201
581,1785497116.205296993,map,7.2213859558,3.1610043049,-1.2829701900,-0.0139174864,0.0326728732,0.5862606563,0.8093436951,0.0433172241 0 0 0 0 0 0 0.0433172241 0 0 0 0 0 0 0.09494280474 0 0 0 0 0 0 0.00076167861 0 0 0 0 0 0 0.00076167861 0 0 0 0 0 0 0.001319518104
582,1785497116.305266380,map,7.2041096687,3.1407816410,-1.2718884945,-0.0157246508,0.0306100703,0.5732116358,0.8186844246,0.04316784884 0 0 0 0 0 0 0.04316784884 0 0 0 0 0 0 0.09472159661 0 0 0 0 0 0 0.0007582224567 0 0 0 0 0 0 0.0007582224567 0 0 0 0 0 0 0.001314967873
583,1785497116.805081129,map,7.1677379608,3.0720701218,-1.2624955177,-0.0228957638,0.0251199923,0.5216051258,0.8525097373,0.04266708877 0 0 0 0 0 0 0.04266708877 0 0 0 0 0 0 0.09397911548 0 0 0 0 0 0 0.0007466500549 0 0 0 0 0 0 0.0007466500549 0 0 0 0 0 0 0.001299713849
584,1785497116.904874563,map,7.2069005966,3.1032550335,-1.2852009535,-0.0323070865,0.0232590813,0.5129711764,0.8574822563,0.04298828054 0 0 0 0 0 0 0.04298828054 0 0 0 0 0 0 0.09445551123 0 0 0 0 0 0 0.0007540702238 0 0 0 0 0 0 0.0007540702238 0 0 0 0 0 0 0.00130949791
585,1785497117.005002499,map,7.2300109863,3.1419224739,-1.2920622826,-0.0338523793,0.0239204793,0.5081304057,0.8602821201,0.0428269082 0 0 0 0 0 0 0.0428269082 0 0 0 0 0 0 0.09421623446 0 0 0 0 0 0 0.0007503410937 0 0 0 0 0 0 0.0007503410937 0 0 0 0 0 0 0.001304582227
586,1785497117.105337143,map,7.1799755096,3.1709496975,-1.2862597704,-0.0345684838,0.0244283928,0.5005961737,0.8646454454,0.04286532969 0 0 0 0 0 0 0.04286532969 0 0 0 0 0 0 0.09427321767 0 0 0 0 0 0 0.0007512287678 0 0 0 0 0 0 0.0007512287678 0 0 0 0 0 0 0.001305752613
587,1785497117.205237627,map,7.1733803749,3.1944980621,-1.3056436777,-0.0334595959,0.0279287364,0.4907481709,0.8702107132,0.04280004118 0 0 0 0 0 0 0.04280004118 0 0 0 0 0 0 0.09417638282 0 0 0 0 0 0 0.0007497204446 0 0 0 0 0 0 0.0007497204446 0 0 0 0 0 0 0.001303763811
588,1785497117.305128813,map,7.1406593323,3.2508494854,-1.3072515726,-0.0332920529,0.0275871241,0.4824196421,0.8748724964,0.0427632316 0 0 0 0 0 0 0.0427632316 0 0 0 0 0 0 0.09412177683 0 0 0 0 0 0 0.0007488702153 0 0 0 0 0 0 0.0007488702153 0 0 0 0 0 0 0.001302642527
589,1785497117.404879570,map,7.1593933105,3.2674264908,-1.3159204721,-0.0330635439,0.0272470691,0.4824832480,0.8748567328,0.04280744105 0 0 0 0 0 0 0.04280744105 0 0 0 0 0 0 0.09418735939 0 0 0 0 0 0 0.0007498913812 0 0 0 0 0 0 0.0007498913812 0 0 0 0 0 0 0.001303989224
590,1785497117.505143166,map,7.1621499062,3.2071802616,-1.3035084009,-0.0336319828,0.0268584378,0.4839178350,0.8740543808,0.04275035562 0 0 0 0 0 0 0.04275035562 0 0 0 0 0 0 0.09410267388 0 0 0 0 0 0 0.000748572833 0 0 0 0 0 0 0.000748572833 0 0 0 0 0 0 0.001302250302
591,1785497117.605418205,map,7.1702814102,3.2263147831,-1.3046047688,-0.0309709888,0.0281382684,0.4830690508,0.8745817990,0.04315341308 0 0 0 0 0 0 0.04315341308 0 0 0 0 0 0 0.09470021227 0 0 0 0 0 0 0.0007578885511 0 0 0 0 0 0 0.0007578885511 0 0 0 0 0 0 0.001314528135
592,1785497117.705271006,map,7.2238340378,3.2152333260,-1.2710696459,-0.0225518489,0.0312260098,0.4793177816,0.8767957567,0.04279216424 0 0 0 0 0 0 0.04279216424 0 0 0 0 0 0 0.09416469824 0 0 0 0 0 0 0.0007495384928 0 0 0 0 0 0 0.0007495384928 0 0 0 0 0 0 0.001303523866
593,1785497117.804958582,map,7.2370090485,3.2756619453,-1.2802662849,-0.0193991334,0.0379049680,0.4759937007,0.8784172648,0.04251879284 0 0 0 0 0 0 0.04251879284 0 0 0 0 0 0 0.09375896396 0 0 0 0 0 0 0.000743227126 0 0 0 0 0 0 0.000743227126 0 0 0 0 0 0 0.001295196497
594,1785497117.904964209,map,7.2436385155,3.3709399700,-1.2891414165,-0.0157103343,0.0362207106,0.4721180751,0.8806507599,0.04270183507 0 0 0 0 0 0 0.04270183507 0 0 0 0 0 0 0.09403067975 0 0 0 0 0 0 0.0007474523353 0 0 0 0 0 0 0.0007474523353 0 0 0 0 0 0 0.001300772282
595,1785497118.005239964,map,7.3044672012,3.4497685432,-1.2953724861,-0.0155696860,0.0255901702,0.4682496825,0.8830883135,0.04279451477 0 0 0 0 0 0 0.04279451477 0 0 0 0 0 0 0.09416818503 0 0 0 0 0 0 0.0007495927879 0 0 0 0 0 0 0.0007495927879 0 0 0 0 0 0 0.001303595467
596,1785497118.105299234,map,7.3635139465,3.4313535690,-1.2755564451,-0.0109544418,0.0304630592,0.4651413006,0.8846443295,0.04266847689 0 0 0 0 0 0 0.04266847689 0 0 0 0 0 0 0.09398117561 0 0 0 0 0 0 0.0007466821041 0 0 0 0 0 0 0.0007466821041 0 0 0 0 0 0 0.001299756134
597,1785497118.204980612,map,7.3907656670,3.6723370552,-1.2887164354,-0.0149525863,0.0307654275,0.4596708492,0.8874303424,0.0426617709 0 0 0 0 0 0 0.0426617709 0 0 0 0 0 0 0.09397122304 0 0 0 0 0 0 0.0007465272763 0 0 0 0 0 0 0.0007465272763 0 0 0 0 0 0 0.001299551858
598,1785497118.304918528,map,7.4633073807,3.5877778530,-1.3074816465,-0.0198390148,0.0375970052,0.4542365160,0.8898663217,0.04294231207 0 0 0 0 0 0 0.04294231207 0 0 0 0 0 0 0.09438736584 0 0 0 0 0 0 0.0007530077178 0 0 0 0 0 0 0.0007530077178 0 0 0 0 0 0 0.00130809763
599,1785497118.405164719,map,7.5163421631,3.7327299118,-1.2987604141,-0.0204073777,0.0397336627,0.4446559441,0.8945869695,0.04280303018 0 0 0 0 0 0 0.04280303018 0 0 0 0 0 0 0.09418081657 0 0 0 0 0 0 0.0007497894897 0 0 0 0 0 0 0.0007497894897 0 0 0 0 0 0 0.001303854861
600,1785497118.805135250,map,7.4827790260,3.9944787025,-1.3269103765,-0.0146774388,0.0642586039,0.4723437309,0.8789464136,0.04323597212 0 0 0 0 0 0 0.04323597212 0 0 0 0 0 0 0.094822495 0 0 0 0 0 0 0.0007597984172 0 0 0 0 0 0 0.0007597984172 0 0 0 0 0 0 0.001317043027
601,1785497118.905445814,map,7.5769567490,3.9993348122,-1.3181656599,-0.0109769195,0.0644113556,0.4811332443,0.8742090550,0.04285325745 0 0 0 0 0 0 0.04285325745 0 0 0 0 0 0 0.09425531413 0 0 0 0 0 0 0.0007509498421 0 0 0 0 0 0 0.0007509498421 0 0 0 0 0 0 0.001305384871
602,1785497119.005136967,map,7.5950155258,4.0273971558,-1.3173059225,-0.0095480718,0.0668146784,0.4828858371,0.8730784076,0.04286998189 0 0 0 0 0 0 0.04286998189 0 0 0 0 0 0 0.09428011683 0 0 0 0 0 0 0.0007513362591 0 0 0 0 0 0 0.0007513362591 0 0 0 0 0 0 0.001305894327
603,1785497119.104986191,map,7.6758265495,3.9768078327,-1.3088834286,-0.0180056824,0.0664757122,0.4851247642,0.8717285973,0.04274623783 0 0 0 0 0 0 0.04274623783 0 0 0 0 0 0 0.09409656446 0 0 0 0 0 0 0.0007484777318 0 0 0 0 0 0 0.0007484777318 0 0 0 0 0 0 0.001302124867
604,1785497119.204993725,map,7.6846456528,4.1588249207,-1.3367360830,-0.0182324970,0.0672412884,0.4887394895,0.8696435481,0.0429511489 0 0 0 0 0 0 0.0429511489 0 0 0 0 0 0 0.09440046682 0 0 0 0 0 0 0.0007532119566 0 0 0 0 0 0 0.0007532119566 0 0 0 0 0 0 0.001308366815
605,1785497119.305099964,map,7.7452397346,4.1508378983,-1.3267726898,-0.0259465006,0.0686075096,0.4937361216,0.8665128008,0.04291862169 0 0 0 0 0 0 0.04291862169 0 0 0 0 0 0 0.09435224171 0 0 0 0 0 0 0.0007524602139 0 0 0 0 0 0 0.0007524602139 0 0 0 0 0 0 0.00130737598
606,1785497119.405310392,map,7.8242974281,4.1839294434,-1.3561826944,-0.0159081481,0.0622946352,0.5020103402,0.8624685095,0.04351563284 0 0 0 0 0 0 0.04351563284 0 0 0 0 0 0 0.09523643476 0 0 0 0 0 0 0.0007662721827 0 0 0 0 0 0 0.0007662721827 0 0 0 0 0 0 0.00132556198
607,1785497119.505131721,map,7.8559350967,4.2252931595,-1.3156807423,-0.0061680924,0.0608243504,0.5056680510,0.8605592111,0.04270890934 0 0 0 0 0 0 0.04270890934 0 0 0 0 0 0 0.09404117728 0 0 0 0 0 0 0.0007476156906 0 0 0 0 0 0 0.0007476156906 0 0 0 0 0 0 0.001300987776
608,1785497119.604910612,map,7.8445444107,4.4118127823,-1.3722981215,-0.0082570026,0.0647864277,0.5084816815,0.8585924096,0.04292842187 0 0 0 0 0 0 0.04292842187 0 0 0 0 0 0 0.09436677216 0 0 0 0 0 0 0.0007526866983 0 0 0 0 0 0 0.0007526866983 0 0 0 0 0 0 0.001307674511
609,1785497119.704880476,map,7.8684525490,4.3424062729,-1.3456969261,-0.0084566327,0.0666974953,0.5101740504,0.8574394276,0.04279593641 0 0 0 0 0 0 0.04279593641 0 0 0 0 0 0 0.09417029389 0 0 0 0 0 0 0.0007496256267 0 0 0 0 0 0 0.0007496256267 0 0 0 0 0 0 0.001303638773
610,1785497119.805321932,map,7.8953890800,4.4958086014,-1.3666744232,-0.0043930411,0.0770976812,0.5117841417,0.8556363974,0.04282231573 0 0 0 0 0 0 0.04282231573 0 0 0 0 0 0 0.09420942278 0 0 0 0 0 0 0.0007502349998 0 0 0 0 0 0 0.0007502349998 0 0 0 0 0 0 0.001304442333
611,1785497119.905354261,map,7.9168643951,4.5209631920,-1.3457330465,-0.0017896579,0.0728228241,0.5114137376,0.8562415739,0.04287662274 0 0 0 0 0 0 0.04287662274 0 0 0 0 0 0 0.09428996491 0 0 0 0 0 0 0.000751489702 0 0 0 0 0 0 0.000751489702 0 0 0 0 0 0 0.001306096619
612,1785497120.005053043,map,7.9615120888,4.5970411301,-1.3649959564,-0.0030583207,0.0700261200,0.5147103033,0.8544941668,0.04281135213 0 0 0 0 0 0 0.04281135213 0 0 0 0 0 0 0.09419316076 0 0 0 0 0 0 0.0007499817288 0 0 0 0 0 0 0.0007499817288 0 0 0 0 0 0 0.001304108362
613,1785497120.105003834,map,7.9722061157,4.5985755920,-1.3706976175,-0.0052656185,0.0694210611,0.5136825072,0.8551510086,0.04256035952 0 0 0 0 0 0 0.04256035952 0 0 0 0 0 0 0.09382068405 0 0 0 0 0 0 0.0007441863651 0 0 0 0 0 0 0.0007441863651 0 0 0 0 0 0 0.00129646269
614,1785497120.204927683,map,8.0612878799,4.6851930618,-1.3781203032,-0.0099123814,0.0710148175,0.5095654132,0.8574390497,0.04274696857 0 0 0 0 0 0 0.04274696857 0 0 0 0 0 0 0.09409764865 0 0 0 0 0 0 0.0007484946083 0 0 0 0 0 0 0.0007484946083 0 0 0 0 0 0 0.001302147127
615,1785497120.604882002,map,8.0544099808,4.9282107353,-1.3986351490,-0.0030519547,0.0745715302,0.5130491178,0.8551084029,0.04280115206 0 0 0 0 0 0 0.04280115206 0 0 0 0 0 0 0.09417803065 0 0 0 0 0 0 0.0007497461055 0 0 0 0 0 0 0.0007497461055 0 0 0 0 0 0 0.00130379765
616,1785497120.705054045,map,8.0549068451,4.9103355408,-1.3966968060,-0.0019706442,0.0745691280,0.5197175661,0.8510753262,0.04256211733 0 0 0 0 0 0 0.04256211733 0 0 0 0 0 0 0.09382329391 0 0 0 0 0 0 0.0007442269336 0 0 0 0 0 0 0.0007442269336 0 0 0 0 0 0 0.001296516236
617,1785497120.805334330,map,8.0840816498,4.9297990799,-1.3954758644,-0.0051669212,0.0722346799,0.5279214958,0.8461999469,0.04274644585 0 0 0 0 0 0 0.04274644585 0 0 0 0 0 0 0.09409687311 0 0 0 0 0 0 0.0007484825362 0 0 0 0 0 0 0.0007484825362 0 0 0 0 0 0 0.001302131204
618,1785497120.905051231,map,8.0126647949,5.0549020767,-1.4137741327,-0.0035674793,0.0742525386,0.5419435408,0.8371206716,0.04306416944 0 0 0 0 0 0 0.04306416944 0 0 0 0 0 0 0.09456798587 0 0 0 0 0 0 0.0007558246996 0 0 0 0 0 0 0.0007558246996 0 0 0 0 0 0 0.001311809618
619,1785497121.005091429,map,8.0626335144,4.9644150734,-1.3916479349,0.0032003061,0.0726981137,0.5518417766,0.8307679530,0.04290773181 0 0 0 0 0 0 0.04290773181 0 0 0 0 0 0 0.09433609496 0 0 0 0 0 0 0.0007522085561 0 0 0 0 0 0 0.0007522085561 0 0 0 0 0 0 0.001307044255
620,1785497121.104875565,map,8.0846271515,5.0573997498,-1.4176481962,0.0044043226,0.0685007000,0.5636415807,0.8231624596,0.04266779438 0 0 0 0 0 0 0.04266779438 0 0 0 0 0 0 0.09398016269 0 0 0 0 0 0 0.0007466663463 0 0 0 0 0 0 0.0007466663463 0 0 0 0 0 0 0.001299735343
621,1785497121.205306053,map,8.1530323029,5.0286803246,-1.4180619717,0.0065192440,0.0669919269,0.5774961362,0.8136140311,0.04278560205 0 0 0 0 0 0 0.04278560205 0 0 0 0 0 0 0.09415496368 0 0 0 0 0 0 0.000749386915 0 0 0 0 0 0 0.000749386915 0 0 0 0 0 0 0.00130332397
622,1785497121.305306196,map,8.1897802353,5.0915322304,-1.4005819559,0.0087834600,0.0646053205,0.5852676190,0.8082146009,0.0428509633 0 0 0 0 0 0 0.0428509633 0 0 0 0 0 0 0.09425191174 0 0 0 0 0 0 0.0007508968379 0 0 0 0 0 0 0.0007508968379 0 0 0 0 0 0 0.001305314987
623,1785497121.405102015,map,8.1970491409,5.0999889374,-1.4122382402,0.0066460013,0.0583150819,0.5939341804,0.8023698355,0.04267458202 0 0 0 0 0 0 0.04267458202 0 0 0 0 0 0 0.0939902362 0 0 0 0 0 0 0.0007468230627 0 0 0 0 0 0 0.0007468230627 0 0 0 0 0 0 0.001299942106
624,1785497121.504894733,map,8.1922912598,5.1216478348,-1.4194939137,0.0074186658,0.0562245703,0.5987757033,0.7989063877,0.04274339281 0 0 0 0 0 0 0.04274339281 0 0 0 0 0 0 0.09409234337 0 0 0 0 0 0 0.0007484120266 0 0 0 0 0 0 0.0007484120266 0 0 0 0 0 0 0.001302038203
625,1785497121.604983091,map,8.2411241531,5.0818533897,-1.4206724167,0.0093372895,0.0591964841,0.6062953397,0.7929782820,0.04268676193 0 0 0 0 0 0 0.04268676193 0 0 0 0 0 0 0.09400831172 0 0 0 0 0 0 0.0007471042888 0 0 0 0 0 0 0.0007471042888 0 0 0 0 0 0 0.001300313128
626,1785497121.705413580,map,8.2190103531,5.1250429153,-1.4140503407,0.0128174656,0.0618843360,0.6114440464,0.7887599313,0.04257229619 0 0 0 0 0 0 0.04257229619 0 0 0 0 0 0 0.09383840635 0 0 0 0 0 0 0.0007444618569 0 0 0 0 0 0 0.0007444618569 0 0 0 0 0 0 0.001296826302
627,1785497121.805203199,map,8.1799745560,5.2247233391,-1.4226716757,0.0183543864,0.0592385344,0.6169025956,0.7845923050,0.04277664767 0 0 0 0 0 0 0.04277664767 0 0 0 0 0 0 0.09414168009 0 0 0 0 0 0 0.0007491800868 0 0 0 0 0 0 0.0007491800868 0 0 0 0 0 0 0.001303051204
628,1785497121.904988527,map,8.2029838562,5.2410573959,-1.4147075415,0.0206965188,0.0565667992,0.6192502450,0.7828799411,0.04294973857 0 0 0 0 0 0 0.04294973857 0 0 0 0 0 0 0.09439837598 0 0 0 0 0 0 0.0007531793603 0 0 0 0 0 0 0.0007531793603 0 0 0 0 0 0 0.001308323854
629,1785497122.004909277,map,8.2591209412,5.2394704819,-1.4004515409,0.0183565571,0.0518535959,0.6255644154,0.7782309468,0.04269200147 0 0 0 0 0 0 0.04269200147 0 0 0 0 0 0 0.09401608716 0 0 0 0 0 0 0.0007472252701 0 0 0 0 0 0 0.0007472252701 0 0 0 0 0 0 0.001300472733
630,1785497122.105171204,map,8.2861375809,5.2665205002,-1.4282326698,0.0146787439,0.0610155034,0.6357372912,0.7693502024,0.04281601724 0 0 0 0 0 0 0.04281601724 0 0 0 0 0 0 0.09420008047 0 0 0 0 0 0 0.0007500894966 0 0 0 0 0 0 0.0007500894966 0 0 0 0 0 0 0.00130425047
631,1785497122.205300808,map,8.2603931427,5.2672748566,-1.4121831656,0.0147620784,0.0616618912,0.6425022678,0.7636561648,0.04279367835 0 0 0 0 0 0 0.04279367835 0 0 0 0 0 0 0.09416694429 0 0 0 0 0 0 0.0007495734674 0 0 0 0 0 0 0.0007495734674 0 0 0 0 0 0 0.001303569988
632,1785497122.305103064,map,8.2597532272,5.3655338287,-1.4337483644,0.0121273900,0.0662725608,0.6518849179,0.7553190942,0.04271797525 0 0 0 0 0 0 0.04271797525 0 0 0 0 0 0 0.09405462981 0 0 0 0 0 0 0.0007478250422 0 0 0 0 0 0 0.0007478250422 0 0 0 0 0 0 0.00130126394
633,1785497122.404979706,map,8.2802572250,5.4210739136,-1.4325094223,0.0064231992,0.0646375337,0.6544626299,0.7532990090,0.0428302364 0 0 0 0 0 0 0.0428302364 0 0 0 0 0 0 0.09422117087 0 0 0 0 0 0 0.0007504179821 0 0 0 0 0 0 0.0007504179821 0 0 0 0 0 0 0.00130468361
634,1785497122.505038738,map,8.2903394699,5.4791955948,-1.4332036972,0.0015493904,0.0647198008,0.6598761583,0.7485802507,0.04286896114 0 0 0 0 0 0 0.04286896114 0 0 0 0 0 0 0.09427860308 0 0 0 0 0 0 0.000751312674 0 0 0 0 0 0 0.000751312674 0 0 0 0 0 0 0.001305863233
635,1785497122.604972363,map,8.2018556595,5.5487675667,-1.4256560802,0.0015756621,0.0625062902,0.6627335631,0.7462403755,0.04310881678 0 0 0 0 0 0 0.04310881678 0 0 0 0 0 0 0.09463414243 0 0 0 0 0 0 0.0007568571307 0 0 0 0 0 0 0.0007568571307 0 0 0 0 0 0 0.001313169654
636,1785497122.705132484,map,8.2044591904,5.5897064209,-1.4243421555,0.0012506080,0.0627764767,0.6710482329,0.7387501776,0.04275514981 0 0 0 0 0 0 0.04275514981 0 0 0 0 0 0 0.0941097867 0 0 0 0 0 0 0.0007486835573 0 0 0 0 0 0 0.0007486835573 0 0 0 0 0 0 0.001302396342
637,1785497123.105256796,map,8.1594371796,5.6158027649,-1.4342556000,0.0021310546,0.0633070494,0.6902830600,0.7207614040,0.04308979737 0 0 0 0 0 0 0.04308979737 0 0 0 0 0 0 0.09460596163 0 0 0 0 0 0 0.0007564173025 0 0 0 0 0 0 0.0007564173025 0 0 0 0 0 0 0.001312590289
638,1785497123.205140114,map,8.3068389893,5.5532517433,-1.4320806265,0.0009840324,0.0568740209,0.6997993165,0.7120711233,0.04283959839 0 0 0 0 0 0 0.04283959839 0 0 0 0 0 0 0.09423505631 0 0 0 0 0 0 0.0007506342687 0 0 0 0 0 0 0.0007506342687 0 0 0 0 0 0 0.001304968793
639,1785497123.304895163,map,8.2754745483,5.6109070778,-1.4337807894,0.0010690586,0.0525803645,0.7046910624,0.7075624792,0.04315189723 0 0 0 0 0 0 0.04315189723 0 0 0 0 0 0 0.09469796672 0 0 0 0 0 0 0.00075785349 0 0 0 0 0 0 0.00075785349 0 0 0 0 0 0 0.001314481959
640,1785497123.404837370,map,8.2328233719,5.6687750816,-1.4471646547,0.0049298898,0.0526293042,0.7132336534,0.6989303266,0.0428440884 0 0 0 0 0 0 0.0428440884 0 0 0 0 0 0 0.09424171557 0 0 0 0 0 0 0.0007507380022 0 0 0 0 0 0 0.0007507380022 0 0 0 0 0 0 0.001305105566
641,1785497123.505271673,map,8.2164545059,5.7312989235,-1.4389500618,0.0095946901,0.0520509412,0.7206358634,0.6912905144,0.04288015764 0 0 0 0 0 0 0.04288015764 0 0 0 0 0 0 0.09429520691 0 0 0 0 0 0 0.0007515713807 0 0 0 0 0 0 0.0007515713807 0 0 0 0 0 0 0.001306204298
642,1785497123.605357885,map,8.2094898224,5.7800784111,-1.4380396605,0.0137537716,0.0509873306,0.7258091156,0.6858660697,0.04277062084 0 0 0 0 0 0 0.04277062084 0 0 0 0 0 0 0.09413273918 0 0 0 0 0 0 0.000749040883 0 0 0 0 0 0 0.000749040883 0 0 0 0 0 0 0.001302867616
643,1785497123.705027342,map,8.2436923981,5.8079895973,-1.4373582602,0.0148036804,0.0536385781,0.7320445857,0.6789804568,0.04291670909 0 0 0 0 0 0 0.04291670909 0 0 0 0 0 0 0.09434940588 0 0 0 0 0 0 0.0007524160141 0 0 0 0 0 0 0.0007524160141 0 0 0 0 0 0 0.001307317719
644,1785497123.804818392,map,8.1604547501,6.0043449402,-1.4461612701,0.0052881734,0.0539270894,0.7373472414,0.6733371784,0.04299713493 0 0 0 0 0 0 0.04299713493 0 0 0 0 0 0 0.09446863596 0 0 0 0 0 0 0.0007542749033 0 0 0 0 0 0 0.0007542749033 0 0 0 0 0 0 0.00130976763
645,1785497123.905067444,map,8.2586526871,6.0030126572,-1.4126229286,0.0121960747,0.0501146042,0.7360281480,0.6749832025,0.04275064001 0 0 0 0 0 0 0.04275064001 0 0 0 0 0 0 0.09410309581 0 0 0 0 0 0 0.0007485794011 0 0 0 0 0 0 0.0007485794011 0 0 0 0 0 0 0.001302258965
646,1785497124.005300283,map,8.1859521866,6.1646380424,-1.4549853802,0.0106976712,0.0496138692,0.7400820079,0.6705987169,0.04297055107 0 0 0 0 0 0 0.04297055107 0 0 0 0 0 0 0.0944292298 0 0 0 0 0 0 0.000753660407 0 0 0 0 0 0 0.000753660407 0 0 0 0 0 0 0.001308957839
647,1785497124.105112791,map,8.1625452042,6.4461631775,-1.4993218184,-0.0035900168,0.0500466759,0.7414635493,0.6691145230,0.04316546181 0 0 0 0 0 0 0.04316546181 0 0 0 0 0 0 0.09471806067 0 0 0 0 0 0 0.0007581672424 0 0 0 0 0 0 0.0007581672424 0 0 0 0 0 0 0.00131489516
648,1785497124.205027819,map,8.2186222076,6.3422126770,-1.4487547874,0.0021747360,0.0505752048,0.7422879809,0.6681660994,0.04273584605 0 0 0 0 0 0 0.04273584605 0 0 0 0 0 0 0.09408114616 0 0 0 0 0 0 0.0007482377383 0 0 0 0 0 0 0.0007482377383 0 0 0 0 0 0 0.001301808315
649,1785497124.304841280,map,8.1577749252,6.5578703880,-1.4605525732,0.0050120088,0.0545312015,0.7415603138,0.6686475495,0.04296491561 0 0 0 0 0 0 0.04296491561 0 0 0 0 0 0 0.09442087567 0 0 0 0 0 0 0.000753530149 0 0 0 0 0 0 0.000753530149 0 0 0 0 0 0 0.001308786173
650,1785497124.405098915,map,8.1441020966,6.7119355202,-1.4436551332,0.0064092886,0.0526718694,0.7411188198,0.6692738569,0.04284555984 0 0 0 0 0 0 0.04284555984 0 0 0 0 0 0 0.0942438979 0 0 0 0 0 0 0.0007507719978 0 0 0 0 0 0 0.0007507719978 0 0 0 0 0 0 0.001305150389
651,1785497124.505225420,map,8.1475839615,6.6852164268,-1.4618495703,0.0160232999,0.0532620155,0.7418540999,0.6682506463,0.04300806199 0 0 0 0 0 0 0.04300806199 0 0 0 0 0 0 0.09448483235 0 0 0 0 0 0 0.0007545275038 0 0 0 0 0 0 0.0007545275038 0 0 0 0 0 0 0.001310100487
652,1785497124.605076075,map,8.2035579681,6.7205533981,-1.4502356052,0.0226139544,0.0412816672,0.7439571463,0.6665674941,0.04284006816 0 0 0 0 0 0 0.04284006816 0 0 0 0 0 0 0.09423575304 0 0 0 0 0 0 0.0007506451217 0 0 0 0 0 0 0.0007506451217 0 0 0 0 0 0 0.001304983103
653,1785497124.704967022,map,8.1540708542,6.8760924339,-1.4812388420,0.0190234198,0.0476310349,0.7485515993,0.6610899028,0.04295148488 0 0 0 0 0 0 0.04295148488 0 0 0 0 0 0 0.09440096491 0 0 0 0 0 0 0.000753219722 0 0 0 0 0 0 0.000753219722 0 0 0 0 0 0 0.00130837705
654,1785497124.804840088,map,8.1870498657,6.9325141907,-1.4578185081,0.0221257892,0.0483816051,0.7480797536,0.6614728783,0.04272381253 0 0 0 0 0 0 0.04272381253 0 0 0 0 0 0 0.09406329125 0 0 0 0 0 0 0.0007479598414 0 0 0 0 0 0 0.0007479598414 0 0 0 0 0 0 0.001301441754
655,1785497124.905050516,map,8.1602363586,6.9516420364,-1.4552407265,0.0249531515,0.0465071116,0.7478762837,0.6617367436,0.0426471943 0 0 0 0 0 0 0.0426471943 0 0 0 0 0 0 0.09394958856 0 0 0 0 0 0 0.0007461907452 0 0 0 0 0 0 0.0007461907452 0 0 0 0 0 0 0.001299107829
656,1785497125.204850197,map,8.1181468964,6.9892315865,-1.4564043283,0.0262906942,0.0458794765,0.7476733406,0.6619580343,0.04263391146 0 0 0 0 0 0 0.04263391146 0 0 0 0 0 0 0.09392987323 0 0 0 0 0 0 0.0007458840993 0 0 0 0 0 0 0.0007458840993 0 0 0 0 0 0 0.00129870321
657,1785497125.304916859,map,8.1109800339,6.9865441322,-1.4529455900,0.0266997154,0.0459215840,0.7475590645,0.6620677763,0.04270460935 0 0 0 0 0 0 0.04270460935 0 0 0 0 0 0 0.09403479655 0 0 0 0 0 0 0.000747516397 0 0 0 0 0 0 0.000747516397 0 0 0 0 0 0 0.001300856791
658,1785497125.405297041,map,8.1039295197,6.9870948792,-1.4507913589,0.0270820531,0.0459601183,0.7474511097,0.6621714931,0.04253778034 0 0 0 0 0 0 0.04253778034 0 0 0 0 0 0 0.09378715869 0 0 0 0 0 0 0.0007436652842 0 0 0 0 0 0 0.0007436652842 0 0 0 0 0 0 0.001295774889
659,1785497125.505092144,map,8.1086244583,6.9863548279,-1.4499210119,0.0268592356,0.0458435949,0.7473244981,0.6623315326,0.04267325737 0 0 0 0 0 0 0.04267325737 0 0 0 0 0 0 0.09398827031 0 0 0 0 0 0 0.0007467924782 0 0 0 0 0 0 0.0007467924782 0 0 0 0 0 0 0.001299901755
660,1785497125.605016708,map,8.1073226929,6.9890966415,-1.4491453171,0.0271441647,0.0458300109,0.7472327634,0.6624243108,0.0426651832 0 0 0 0 0 0 0.0426651832 0 0 0 0 0 0 0.09397628737 0 0 0 0 0 0 0.0007466060589 0 0 0 0 0 0 0.0007466060589 0 0 0 0 0 0 0.001299655802
661,1785497125.704843521,map,8.1075296402,6.9844818115,-1.4504181147,0.0272453047,0.0458053309,0.7472922410,0.6623547783,0.04268051702 0 0 0 0 0 0 0.04268051702 0 0 0 0 0 0 0.09399904411 0 0 0 0 0 0 0.0007469600964 0 0 0 0 0 0 0.0007469600964 0 0 0 0 0 0 0.001300122897
662,1785497125.805095196,map,8.1081418991,6.9819979668,-1.4503985643,0.0271914120,0.0459015626,0.7473498572,0.6622853313,0.0426177033 0 0 0 0 0 0 0.0426177033 0 0 0 0 0 0 0.09390581456 0 0 0 0 0 0 0.0007455099404 0 0 0 0 0 0 0.0007455099404 0 0 0 0 0 0 0.001298209482
663,1785497125.905245781,map,8.1078729630,6.9888043404,-1.4531106949,0.0272344582,0.0458202546,0.7473425529,0.6622974669,0.04270317938 0 0 0 0 0 0 0.04270317938 0 0 0 0 0 0 0.0940326746 0 0 0 0 0 0 0.0007474833771 0 0 0 0 0 0 0.0007474833771 0 0 0 0 0 0 0.001300813232
664,1785497126.005023241,map,8.1068477631,6.9892506599,-1.4538226128,0.0269905228,0.0456937603,0.7472528116,0.6624173866,0.0426796128 0 0 0 0 0 0 0.0426796128 0 0 0 0 0 0 0.09399770221 0 0 0 0 0 0 0.0007469392186 0 0 0 0 0 0 0.0007469392186 0 0 0 0 0 0 0.001300095353
665,1785497126.104857922,map,8.1085662842,6.9898200035,-1.4514284134,0.0268395218,0.0458067641,0.7472737785,0.6623920805,0.0425317746 0 0 0 0 0 0 0.0425317746 0 0 0 0 0 0 0.09377824091 0 0 0 0 0 0 0.0007435266913 0 0 0 0 0 0 0.0007435266913 0 0 0 0 0 0 0.001295591944
666,1785497126.204904079,map,8.1124019623,6.9904513359,-1.4505230188,0.0268403122,0.0456726573,0.7472229047,0.6624586962,0.04257533571 0 0 0 0 0 0 0.04257533571 0 0 0 0 0 0 0.09384291897 0 0 0 0 0 0 0.0007445320093 0 0 0 0 0 0 0.0007445320093 0 0 0 0 0 0 0.001296918891
667,1785497126.405070305,map,8.1091728210,6.9854435921,-1.4504278898,0.0268203066,0.0456449813,0.7472605472,0.6624189444,0.04276420282 0 0 0 0 0 0 0.04276420282 0 0 0 0 0 0 0.09412321771 0 0 0 0 0 0 0.0007488926471 0 0 0 0 0 0 0.0007488926471 0 0 0 0 0 0 0.001302672112
668,1785497126.504966497,map,8.1062898636,6.9856195450,-1.4509073496,0.0268948225,0.0457299455,0.7472009907,0.6624772673,0.04260315986 0 0 0 0 0 0 0.04260315986 0 0 0 0 0 0 0.09388422567 0 0 0 0 0 0 0.0007451742304 0 0 0 0 0 0 0.0007451742304 0 0 0 0 0 0 0.001297766463
669,1785497126.604859114,map,8.1079130173,6.9852628708,-1.4487541914,0.0268376939,0.0457877507,0.7472460706,0.6624247382,0.0427078929 0 0 0 0 0 0 0.0427078929 0 0 0 0 0 0 0.09403966901 0 0 0 0 0 0 0.0007475922193 0 0 0 0 0 0 0.0007475922193 0 0 0 0 0 0 0.001300956814
670,1785497126.705024958,map,8.1108131409,6.9781966209,-1.4481109381,0.0268843110,0.0459846716,0.7472668819,0.6623857506,0.04270909868 0 0 0 0 0 0 0.04270909868 0 0 0 0 0 0 0.09404145824 0 0 0 0 0 0 0.0007476200628 0 0 0 0 0 0 0.0007476200628 0 0 0 0 0 0 0.001300993544
671,1785497126.805159569,map,8.1173696518,6.9768152237,-1.4466315508,0.0266644342,0.0461207273,0.7472872393,0.6623621827,0.04276514373 0 0 0 0 0 0 0.04276514373 0 0 0 0 0 0 0.09412461361 0 0 0 0 0 0 0.0007489143788 0 0 0 0 0 0 0.0007489143788 0 0 0 0 0 0 0.001302700774
672,1785497126.904972553,map,8.1186065674,6.9737505913,-1.4476196766,0.0261966919,0.0462370268,0.7472805077,0.6623803529,0.04282623605 0 0 0 0 0 0 0.04282623605 0 0 0 0 0 0 0.09421523751 0 0 0 0 0 0 0.0007503255657 0 0 0 0 0 0 0.0007503255657 0 0 0 0 0 0 0.001304561752
673,1785497127.004845381,map,8.1187582016,6.9670219421,-1.4481397867,0.0261346222,0.0462519508,0.7473461734,0.6623076772,0.04276341789 0 0 0 0 0 0 0.04276341789 0 0 0 0 0 0 0.09412205322 0 0 0 0 0 0 0.0007488745181 0 0 0 0 0 0 0.0007488745181 0 0 0 0 0 0 0.001302648202
674,1785497127.104817152,map,8.1244058609,6.9603390694,-1.4502743483,0.0260522633,0.0463202061,0.7474686711,0.6621678771,0.04268226514 0 0 0 0 0 0 0.04268226514 0 0 0 0 0 0 0.09400163839 0 0 0 0 0 0 0.0007470004595 0 0 0 0 0 0 0.0007470004595 0 0 0 0 0 0 0.001300176148
675,1785497127.205188274,map,8.1260414124,6.9565920830,-1.4497246742,0.0257471722,0.0461132642,0.7474285840,0.6622394966,0.04276470149 0 0 0 0 0 0 0.04276470149 0 0 0 0 0 0 0.09412395753 0 0 0 0 0 0 0.0007489041648 0 0 0 0 0 0 0.0007489041648 0 0 0 0 0 0 0.001302687303
676,1785497127.305056810,map,8.1326208115,6.9504499435,-1.4473366737,0.0252227138,0.0461295947,0.7474268403,0.6622604997,0.04268712743 0 0 0 0 0 0 0.04268712743 0 0 0 0 0 0 0.09400885412 0 0 0 0 0 0 0.0007471127281 0 0 0 0 0 0 0.0007471127281 0 0 0 0 0 0 0.001300324261
677,1785497127.404844046,map,8.1410970688,6.9481849670,-1.4473760128,0.0248275817,0.0461035679,0.7475054122,0.6621885956,0.04268010051 0 0 0 0 0 0 0.04268010051 0 0 0 0 0 0 0.09399842599 0 0 0 0 0 0 0.0007469504795 0 0 0 0 0 0 0.0007469504795 0 0 0 0 0 0 0.001300110209
678,1785497127.504966497,map,8.1442203522,6.9433898926,-1.4487369061,0.0245755921,0.0462403367,0.7475312319,0.6621592849,0.04264735484 0 0 0 0 0 0 0.04264735484 0 0 0 0 0 0 0.09394982684 0 0 0 0 0 0 0.0007461944515 0 0 0 0 0 0 0.0007461944515 0 0 0 0 0 0 0.001299112719
679,1785497127.605207443,map,8.1462221146,6.9425082207,-1.4498562813,0.0246545199,0.0460382785,0.7475547442,0.6621439202,0.04270443811 0 0 0 0 0 0 0.04270443811 0 0 0 0 0 0 0.09403454245 0 0 0 0 0 0 0.000747512443 0 0 0 0 0 0 0.000747512443 0 0 0 0 0 0 0.001300851575
680,1785497127.704970360,map,8.1486520767,6.9417347908,-1.4476921558,0.0247312465,0.0459959431,0.7475866975,0.6621079051,0.04256103535 0 0 0 0 0 0 0.04256103535 0 0 0 0 0 0 0.09382168748 0 0 0 0 0 0 0.0007442019627 0 0 0 0 0 0 0.0007442019627 0 0 0 0 0 0 0.001296483277
681,1785497127.804863691,map,8.1526126862,6.9429531097,-1.4490276575,0.0247462578,0.0458223902,0.7476444178,0.6620541974,0.042572522 0 0 0 0 0 0 0.042572522 0 0 0 0 0 0 0.09383874161 0 0 0 0 0 0 0.0007444670687 0 0 0 0 0 0 0.0007444670687 0 0 0 0 0 0 0.001296833181
682,1785497127.904888630,map,8.1531114578,6.9466037750,-1.4530190229,0.0249081957,0.0455375472,0.7476488685,0.6620627727,0.04259939697 0 0 0 0 0 0 0.04259939697 0 0 0 0 0 0 0.09387863967 0 0 0 0 0 0 0.0007450873735 0 0 0 0 0 0 0.0007450873735 0 0 0 0 0 0 0.001297651839
683,1785497128.005679369,map,8.1486682892,6.9475522041,-1.4527297020,0.0253285593,0.0454616402,0.7475063449,0.6622129067,0.04254906114 0 0 0 0 0 0 0.04254906114 0 0 0 0 0 0 0.09380390868 0 0 0 0 0 0 0.0007439256162 0 0 0 0 0 0 0.0007439256162 0 0 0 0 0 0 0.001296118522
684,1785497128.105112314,map,8.1434879303,6.9533371925,-1.4542349577,0.0256165517,0.0453967367,0.7475318621,0.6621775044,0.04262430455 0 0 0 0 0 0 0.04262430455 0 0 0 0 0 0 0.09391561334 0 0 0 0 0 0 0.0007456623249 0 0 0 0 0 0 0.0007456623249 0 0 0 0 0 0 0.001298410567
685,1785497128.204861403,map,8.1382732391,6.9552574158,-1.4536693096,0.0254818947,0.0452763204,0.7475360739,0.6621861723,0.042612579 0 0 0 0 0 0 0.042612579 0 0 0 0 0 0 0.09389820797 0 0 0 0 0 0 0.0007453916528 0 0 0 0 0 0 0.0007453916528 0 0 0 0 0 0 0.001298053386
686,1785497128.304871321,map,8.1446247101,6.9562530518,-1.4527965784,0.0257038600,0.0453933794,0.7477402226,0.6619390603,0.04264595783 0 0 0 0 0 0 0.04264595783 0 0 0 0 0 0 0.09394775335 0 0 0 0 0 0 0.0007461621996 0 0 0 0 0 0 0.0007461621996 0 0 0 0 0 0 0.001299070164
687,1785497128.604928017,map,8.1362905502,6.9588346481,-1.4515424967,0.0257380802,0.0453437504,0.7477399186,0.6619414817,0.04264089997 0 0 0 0 0 0 0.04264089997 0 0 0 0 0 0 0.0939402462 0 0 0 0 0 0 0.0007460454332 0 0 0 0 0 0 0.0007460454332 0 0 0 0 0 0 0.001298916093
688,1785497128.704797506,map,8.1227798462,6.9669752121,-1.4530056715,0.0255468516,0.0454607228,0.7476658342,0.6620245108,0.04258604656 0 0 0 0 0 0 0.04258604656 0 0 0 0 0 0 0.09385882043 0 0 0 0 0 0 0.0007447792232 0 0 0 0 0 0 0.0007447792232 0 0 0 0 0 0 0.001297245162
689,1785497128.804978609,map,8.1184988022,6.9686198235,-1.4500255585,0.0258135248,0.0455276376,0.7475749179,0.6621122585,0.04271521341 0 0 0 0 0 0 0.04271521341 0 0 0 0 0 0 0.09405053169 0 0 0 0 0 0 0.0007477612646 0 0 0 0 0 0 0.0007477612646 0 0 0 0 0 0 0.00130117981
690,1785497128.905198574,map,8.1177806854,6.9750328064,-1.4517083168,0.0263598838,0.0454715678,0.7475847906,0.6620834227,0.04267685011 0 0 0 0 0 0 0.04267685011 0 0 0 0 0 0 0.09399360222 0 0 0 0 0 0 0.0007468754305 0 0 0 0 0 0 0.0007468754305 0 0 0 0 0 0 0.001300011197
691,1785497129.004948854,map,8.1130199432,6.9753046036,-1.4512403011,0.0264883860,0.0454613366,0.7475267207,0.6621445630,0.04266189873 0 0 0 0 0 0 0.04266189873 0 0 0 0 0 0 0.09397141275 0 0 0 0 0 0 0.0007465302275 0 0 0 0 0 0 0.0007465302275 0 0 0 0 0 0 0.001299555751
692,1785497129.104867220,map,8.1123981476,6.9780530930,-1.4492077827,0.0265276404,0.0453793785,0.7474880816,0.6621922466,0.04278885199 0 0 0 0 0 0 0.04278885199 0 0 0 0 0 0 0.09415978478 0 0 0 0 0 0 0.0007494619839 0 0 0 0 0 0 0.0007494619839 0 0 0 0 0 0 0.001303422969
693,1785497129.204923630,map,8.1109628677,6.9775323868,-1.4486083984,0.0265291065,0.0454265127,0.7474275637,0.6622572469,0.04279859019 0 0 0 0 0 0 0.04279859019 0 0 0 0 0 0 0.09417423046 0 0 0 0 0 0 0.0007496869274 0 0 0 0 0 0 0.0007496869274 0 0 0 0 0 0 0.001303719612
694,1785497129.305043459,map,8.1131467819,6.9767413139,-1.4482907057,0.0266042356,0.0454592543,0.7474430890,0.6622344999,0.04276769724 0 0 0 0 0 0 0.04276769724 0 0 0 0 0 0 0.09412840189 0 0 0 0 0 0 0.0007489733566 0 0 0 0 0 0 0.0007489733566 0 0 0 0 0 0 0.001302778558
695,1785497129.404986620,map,8.1112012863,6.9749712944,-1.4502109289,0.0266191977,0.0457521405,0.7474123979,0.6622483156,0.04270973661 0 0 0 0 0 0 0.04270973661 0 0 0 0 0 0 0.09404240486 0 0 0 0 0 0 0.0007476347938 0 0 0 0 0 0 0.0007476347938 0 0 0 0 0 0 0.001301012977
696,1785497129.504880428,map,8.1068363190,6.9786124229,-1.4499255419,0.0265810861,0.0457569728,0.7474455856,0.6622120727,0.04254595013 0 0 0 0 0 0 0.04254595013 0 0 0 0 0 0 0.09379928944 0 0 0 0 0 0 0.0007438538208 0 0 0 0 0 0 0.0007438538208 0 0 0 0 0 0 0.001296023755
697,1785497129.604836702,map,8.1099710464,6.9781289101,-1.4484802485,0.0262809267,0.0455476801,0.7473683408,0.6623256760,0.04260686808 0 0 0 0 0 0 0.04260686808 0 0 0 0 0 0 0.09388973042 0 0 0 0 0 0 0.0007452598265 0 0 0 0 0 0 0.0007452598265 0 0 0 0 0 0 0.001297879422
698,1785497129.705193520,map,8.1106615067,6.9773344994,-1.4499102831,0.0258260162,0.0454337273,0.7473233184,0.6624022064,0.04272627604 0 0 0 0 0 0 0.04272627604 0 0 0 0 0 0 0.09406694658 0 0 0 0 0 0 0.0007480167315 0 0 0 0 0 0 0.0007480167315 0 0 0 0 0 0 0.001301516796
699,1785497129.805100203,map,8.1069135666,6.9724116325,-1.4495918751,0.0259245242,0.0454554787,0.7473113560,0.6624103371,0.04271802368 0 0 0 0 0 0 0.04271802368 0 0 0 0 0 0 0.09405470167 0 0 0 0 0 0 0.0007478261606 0 0 0 0 0 0 0.0007478261606 0 0 0 0 0 0 0.001301265415
700,1785497129.905093431,map,8.1022424698,6.9734535217,-1.4494056702,0.0261328525,0.0456342169,0.7472777784,0.6624277582,0.04258923478 0 0 0 0 0 0 0.04258923478 0 0 0 0 0 0 0.09386355357 0 0 0 0 0 0 0.0007448528114 0 0 0 0 0 0 0.0007448528114 0 0 0 0 0 0 0.001297342281
701,1785497130.004852295,map,8.1005134583,6.9767599106,-1.4492789507,0.0264339654,0.0456408935,0.7471947873,0.6625089523,0.04275410881 0 0 0 0 0 0 0.04275410881 0 0 0 0 0 0 0.09410824226 0 0 0 0 0 0 0.0007486595149 0 0 0 0 0 0 0.0007486595149 0 0 0 0 0 0 0.001302364631
702,1785497130.104897738,map,8.0980072021,6.9764051437,-1.4503321648,0.0267241837,0.0457492630,0.7472645785,0.6624111034,0.04265805422 0 0 0 0 0 0 0.04265805422 0 0 0 0 0 0 0.09396570688 0 0 0 0 0 0 0.0007464414672 0 0 0 0 0 0 0.0007464414672 0 0 0 0 0 0 0.001299438641
703,1785497130.304940462,map,8.0946836472,6.9831237793,-1.4481043816,0.0270347174,0.0457494270,0.7472936940,0.6623656739,0.04265643125 0 0 0 0 0 0 0.04265643125 0 0 0 0 0 0 0.09396329811 0 0 0 0 0 0 0.0007464039973 0 0 0 0 0 0 0.0007464039973 0 0 0 0 0 0 0.001299389203
704,1785497130.404874802,map,8.1013870239,6.9804391861,-1.4481066465,0.0267759513,0.0457103830,0.7473704631,0.6622922133,0.04271738767 0 0 0 0 0 0 0.04271738767 0 0 0 0 0 0 0.09405375794 0 0 0 0 0 0 0.0007478114736 0 0 0 0 0 0 0.0007478114736 0 0 0 0 0 0 0.001301246041
705,1785497130.504823685,map,8.1014070511,6.9786448479,-1.4488830566,0.0267523408,0.0457963705,0.7473178163,0.6623466666,0.04266056586 0 0 0 0 0 0 0.04266056586 0 0 0 0 0 0 0.09396943457 0 0 0 0 0 0 0.0007464994547 0 0 0 0 0 0 0.0007464994547 0 0 0 0 0 0 0.00129951515
706,1785497130.605005503,map,8.1035976410,6.9782166481,-1.4512449503,0.0269768278,0.0457711746,0.7473394809,0.6623148445,0.04274829524 0 0 0 0 0 0 0.04274829524 0 0 0 0 0 0 0.09409961699 0 0 0 0 0 0 0.000748525248 0 0 0 0 0 0 0.000748525248 0 0 0 0 0 0 0.00130218754
707,1785497130.705043077,map,8.1070804596,6.9737887383,-1.4487799406,0.0271560933,0.0458373133,0.7473340189,0.6623090974,0.04268350864 0 0 0 0 0 0 0.04268350864 0 0 0 0 0 0 0.09400348378 0 0 0 0 0 0 0.0007470291713 0 0 0 0 0 0 0.0007470291713 0 0 0 0 0 0 0.001300214027
708,1785497130.804834843,map,8.1081285477,6.9738426208,-1.4490028620,0.0269260675,0.0458903808,0.7473711706,0.6622729043,0.04248183189 0 0 0 0 0 0 0.04248183189 0 0 0 0 0 0 0.09370407438 0 0 0 0 0 0 0.0007423742996 0 0 0 0 0 0 0.0007423742996 0 0 0 0 0 0 0.001294070602
709,1785497130.904587269,map,8.1050462723,6.9782094955,-1.4481266737,0.0268860972,0.0458133073,0.7473576449,0.6622951185,0.04276627104 0 0 0 0 0 0 0.04276627104 0 0 0 0 0 0 0.09412628605 0 0 0 0 0 0 0.0007489404161 0 0 0 0 0 0 0.0007489404161 0 0 0 0 0 0 0.001302735114
710,1785497131.005048752,map,8.1040735245,6.9765648842,-1.4478776455,0.0271161118,0.0457792585,0.7473633887,0.6622816146,0.04271591441 0 0 0 0 0 0 0.04271591441 0 0 0 0 0 0 0.09405157185 0 0 0 0 0 0 0.0007477774522 0 0 0 0 0 0 0.0007477774522 0 0 0 0 0 0 0.001301201163
711,1785497131.105377913,map,8.1033201218,6.9774017334,-1.4490629435,0.0268234286,0.0458800055,0.7474308984,0.6622103921,0.04282100475 0 0 0 0 0 0 0.04282100475 0 0 0 0 0 0 0.09420747827 0 0 0 0 0 0 0.0007502047142 0 0 0 0 0 0 0.0007502047142 0 0 0 0 0 0 0.001304402398
712,1785497131.205054998,map,8.1054115295,6.9764103889,-1.4480115175,0.0269008824,0.0456842948,0.7473937839,0.6622626358,0.04281342128 0 0 0 0 0 0 0.04281342128 0 0 0 0 0 0 0.09419622993 0 0 0 0 0 0 0.0007500295277 0 0 0 0 0 0 0.0007500295277 0 0 0 0 0 0 0.001304171392
713,1785497131.304721355,map,8.1028156281,6.9796743393,-1.4470062256,0.0271349197,0.0456578879,0.7473807013,0.6622696826,0.04275114506 0 0 0 0 0 0 0.04275114506 0 0 0 0 0 0 0.09410384513 0 0 0 0 0 0 0.0007485910654 0 0 0 0 0 0 0.0007485910654 0 0 0 0 0 0 0.00130227435
714,1785497131.404811859,map,8.1026687622,6.9777975082,-1.4480900764,0.0272484514,0.0456393300,0.7474082099,0.6622352593,0.0427102913 0 0 0 0 0 0 0.0427102913 0 0 0 0 0 0 0.09404322795 0 0 0 0 0 0 0.0007476476026 0 0 0 0 0 0 0.0007476476026 0 0 0 0 0 0 0.001301029873
715,1785497131.505053282,map,8.1031007767,6.9767708778,-1.4481914043,0.0272984208,0.0457148481,0.7474163956,0.6622187558,0.04272310265 0 0 0 0 0 0 0.04272310265 0 0 0 0 0 0 0.09406223793 0 0 0 0 0 0 0.000747943448 0 0 0 0 0 0 0.000747943448 0 0 0 0 0 0 0.001301420129
716,1785497131.605141640,map,8.1032705307,6.9749460220,-1.4489042759,0.0270839131,0.0455519960,0.7473735783,0.6622871200,0.04260739306 0 0 0 0 0 0 0.04260739306 0 0 0 0 0 0 0.09389050974 0 0 0 0 0 0 0.0007452719447 0 0 0 0 0 0 0.0007452719447 0 0 0 0 0 0 0.001297895414
717,1785497131.704936981,map,8.1027202606,6.9690570831,-1.4500505924,0.0270888218,0.0455376651,0.7472905193,0.6623816085,0.04267156375 0 0 0 0 0 0 0.04267156375 0 0 0 0 0 0 0.09398575684 0 0 0 0 0 0 0.0007467533749 0 0 0 0 0 0 0.0007467533749 0 0 0 0 0 0 0.001299850165
718,1785497131.804787159,map,8.1034574509,6.9721508026,-1.4500870705,0.0273589771,0.0456569527,0.7473388859,0.6623077152,0.04266732386 0 0 0 0 0 0 0.04266732386 0 0 0 0 0 0 0.09397946438 0 0 0 0 0 0 0.0007466554827 0 0 0 0 0 0 0.0007466554827 0 0 0 0 0 0 0.00129972101
719,1785497131.904964924,map,8.1035022736,6.9708485603,-1.4505532980,0.0271201998,0.0456565592,0.7473428020,0.6623131374,0.04274099549 0 0 0 0 0 0 0.04274099549 0 0 0 0 0 0 0.09408878649 0 0 0 0 0 0 0.0007483566613 0 0 0 0 0 0 0.0007483566613 0 0 0 0 0 0 0.001301965177
720,1785497132.005144596,map,8.0992002487,6.9763307571,-1.4533200264,0.0270761123,0.0456640092,0.7474391709,0.6622057144,0.04279049751 0 0 0 0 0 0 0.04279049751 0 0 0 0 0 0 0.09416222579 0 0 0 0 0 0 0.0007494999933 0 0 0 0 0 0 0.0007494999933 0 0 0 0 0 0 0.001303473094
721,1785497132.104933023,map,8.1047334671,6.9761214256,-1.4510673285,0.0269719413,0.0454385290,0.7474298675,0.6622359470,0.04264727562 0 0 0 0 0 0 0.04264727562 0 0 0 0 0 0 0.09394970926 0 0 0 0 0 0 0.0007461926226 0 0 0 0 0 0 0.0007461926226 0 0 0 0 0 0 0.001299110306
722,1785497132.204778194,map,8.0990371704,6.9742684364,-1.4515206814,0.0268590697,0.0455397662,0.7474541432,0.6622061856,0.04267064873 0 0 0 0 0 0 0.04267064873 0 0 0 0 0 0 0.09398439885 0 0 0 0 0 0 0.0007467322484 0 0 0 0 0 0 0.0007467322484 0 0 0 0 0 0 0.001299822292
723,1785497132.304886580,map,8.1160421371,6.9405260086,-1.4518115520,0.0271183554,0.0456460498,0.7470832871,0.6626066532,0.04259842971 0 0 0 0 0 0 0.04259842971 0 0 0 0 0 0 0.09387720378 0 0 0 0 0 0 0.0007450650472 0 0 0 0 0 0 0.0007450650472 0 0 0 0 0 0 0.001297622375
724,1785497132.405159712,map,8.1013612747,6.9742097855,-1.4523141384,0.0277318030,0.0458793548,0.7473504233,0.6622638142,0.04262266938 0 0 0 0 0 0 0.04262266938 0 0 0 0 0 0 0.09391318615 0 0 0 0 0 0 0.000745624578 0 0 0 0 0 0 0.000745624578 0 0 0 0 0 0 0.001298360757
725,1785497132.604847670,map,8.1022233963,6.9804081917,-1.4511055946,0.0274154846,0.0458332822,0.7474294837,0.6621909513,0.04274703216 0 0 0 0 0 0 0.04274703216 0 0 0 0 0 0 0.09409774299 0 0 0 0 0 0 0.0007484960769 0 0 0 0 0 0 0.0007484960769 0 0 0 0 0 0 0.001302149064
726,1785497132.704838037,map,8.1006908417,6.9756517410,-1.4512040615,0.0274434159,0.0459040112,0.7473019855,0.6623287738,0.04271761709 0 0 0 0 0 0 0.04271761709 0 0 0 0 0 0 0.09405409835 0 0 0 0 0 0 0.0007478167713 0 0 0 0 0 0 0.0007478167713 0 0 0 0 0 0 0.00130125303
727,1785497132.805129290,map,8.1074762344,6.9683151245,-1.4509739876,0.0272209785,0.0458454883,0.7473097268,0.6623333184,0.04269958028 0 0 0 0 0 0 0.04269958028 0 0 0 0 0 0 0.0940273338 0 0 0 0 0 0 0.0007474002698 0 0 0 0 0 0 0.0007474002698 0 0 0 0 0 0 0.001300703597
728,1785497132.905182123,map,8.1066093445,6.9652047157,-1.4497135878,0.0269153270,0.0455824804,0.7472937462,0.6623819586,0.04263801577 0 0 0 0 0 0 0.04263801577 0 0 0 0 0 0 0.09393596525 0 0 0 0 0 0 0.0007459788493 0 0 0 0 0 0 0.0007459788493 0 0 0 0 0 0 0.001298828235
729,1785497133.005048752,map,8.1079053879,6.9693713188,-1.4504215717,0.0266971099,0.0453714000,0.7473208146,0.6623747359,0.04267269181 0 0 0 0 0 0 0.04267269181 0 0 0 0 0 0 0.09398743098 0 0 0 0 0 0 0.0007467794202 0 0 0 0 0 0 0.0007467794202 0 0 0 0 0 0 0.001299884528
730,1785497133.104782581,map,8.1061649323,6.9691128731,-1.4491639137,0.0268197546,0.0454454384,0.7473602872,0.6623201724,0.04288262301 0 0 0 0 0 0 0.04288262301 0 0 0 0 0 0 0.09429886283 0 0 0 0 0 0 0.000751628347 0 0 0 0 0 0 0.000751628347 0 0 0 0 0 0 0.001306279398
731,1785497133.204844236,map,8.1075258255,6.9706983566,-1.4500366449,0.0268441469,0.0455378985,0.7474211334,0.6622441641,0.04285335892 0 0 0 0 0 0 0.04285335892 0 0 0 0 0 0 0.09425546462 0 0 0 0 0 0 0.0007509521866 0 0 0 0 0 0 0.0007509521866 0 0 0 0 0 0 0.001305387962
732,1785497133.305165291,map,8.1070299149,6.9702167511,-1.4507564306,0.0267973268,0.0456537773,0.7474194758,0.6622399508,0.04274402525 0 0 0 0 0 0 0.04274402525 0 0 0 0 0 0 0.09409328171 0 0 0 0 0 0 0.0007484266325 0 0 0 0 0 0 0.0007484266325 0 0 0 0 0 0 0.001302057468
733,1785497133.404956818,map,8.1071929932,6.9700913429,-1.4531741142,0.0265357797,0.0456315269,0.7474913408,0.6621708996,0.04279021979 0 0 0 0 0 0 0.04279021979 0 0 0 0 0 0 0.0941618138 0 0 0 0 0 0 0.0007494935782 0 0 0 0 0 0 0.0007494935782 0 0 0 0 0 0 0.001303464634
734,1785497133.504821777,map,8.1084642410,6.9720439911,-1.4517774582,0.0263542730,0.0453898370,0.7474596907,0.6622304567,0.04267608073 0 0 0 0 0 0 0.04267608073 0 0 0 0 0 0 0.09399246041 0 0 0 0 0 0 0.0007468576663 0 0 0 0 0 0 0.0007468576663 0 0 0 0 0 0 0.00129998776
735,1785497133.604957342,map,8.1047372818,6.9775104523,-1.4491355419,0.0265699883,0.0453972533,0.7475326729,0.6621389917,0.04274211006 0 0 0 0 0 0 0.04274211006 0 0 0 0 0 0 0.09409044016 0 0 0 0 0 0 0.0007483824017 0 0 0 0 0 0 0.0007483824017 0 0 0 0 0 0 0.001301999128
736,1785497133.705013514,map,8.1064643860,6.9793300629,-1.4489099979,0.0270135147,0.0455093054,0.7475675320,0.6620739910,0.04256196754 0 0 0 0 0 0 0.04256196754 0 0 0 0 0 0 0.09382307153 0 0 0 0 0 0 0.0007442234768 0 0 0 0 0 0 0.0007442234768 0 0 0 0 0 0 0.001296511673
737,1785497133.804975033,map,8.1069087982,6.9776382446,-1.4492734671,0.0271726765,0.0456288858,0.7475045660,0.6621303189,0.04267961962 0 0 0 0 0 0 0.04267961962 0 0 0 0 0 0 0.09399771232 0 0 0 0 0 0 0.000746939376 0 0 0 0 0 0 0.000746939376 0 0 0 0 0 0 0.001300095561
738,1785497133.904870033,map,8.1081418991,6.9777030945,-1.4522740841,0.0267628835,0.0454178509,0.7475260473,0.6621372856,0.04266187113 0 0 0 0 0 0 0.04266187113 0 0 0 0 0 0 0.0939713718 0 0 0 0 0 0 0.0007465295904 0 0 0 0 0 0 0.0007465295904 0 0 0 0 0 0 0.001299554911
739,1785497134.004775763,map,8.1072206497,6.9796447754,-1.4521379471,0.0268884699,0.0454278476,0.7474440957,0.6622239987,0.04284212835 0 0 0 0 0 0 0.04284212835 0 0 0 0 0 0 0.09423880857 0 0 0 0 0 0 0.0007506927185 0 0 0 0 0 0 0.0007506927185 0 0 0 0 0 0 0.00130504586
740,1785497134.104973793,map,8.1075086594,6.9746589661,-1.4486188889,0.0265302943,0.0455289887,0.7474195652,0.6622591904,0.04278524088 0 0 0 0 0 0 0.04278524088 0 0 0 0 0 0 0.0941544279 0 0 0 0 0 0 0.0007493785726 0 0 0 0 0 0 0.0007493785726 0 0 0 0 0 0 0.001303312968
741,1785497134.205173016,map,8.1093158722,6.9680266380,-1.4511189461,0.0264816942,0.0454637099,0.7473190443,0.6623790566,0.0429539793 0 0 0 0 0 0 0.0429539793 0 0 0 0 0 0 0.09440466292 0 0 0 0 0 0 0.0007532773749 0 0 0 0 0 0 0.0007532773749 0 0 0 0 0 0 0.001308453035
742,1785497134.305099726,map,8.1089363098,6.9651784897,-1.4519453049,0.0268998238,0.0456074587,0.7473319078,0.6623378264,0.04266942822 0 0 0 0 0 0 0.04266942822 0 0 0 0 0 0 0.09398258749 0 0 0 0 0 0 0.0007467040687 0 0 0 0 0 0 0.0007467040687 0 0 0 0 0 0 0.001299785113
743,1785497134.404787779,map,8.1037216187,6.9715442657,-1.4507993460,0.0267521349,0.0456173517,0.7474206723,0.6622429378,0.04266322872 0 0 0 0 0 0 0.04266322872 0 0 0 0 0 0 0.09397338666 0 0 0 0 0 0 0.0007465609341 0 0 0 0 0 0 0.0007465609341 0 0 0 0 0 0 0.001299596265
744,1785497134.504906416,map,8.1140918732,6.9421443939,-1.4500744343,0.0267225349,0.0454407111,0.7469448553,0.6627928939,0.04278979622 0 0 0 0 0 0 0.04278979622 0 0 0 0 0 0 0.09416118548 0 0 0 0 0 0 0.0007494837944 0 0 0 0 0 0 0.0007494837944 0 0 0 0 0 0 0.001303451732
745,1785497134.605066299,map,8.1104345322,6.9434275627,-1.4516760111,0.0266678710,0.0456268053,0.7471046928,0.6626021287,0.04280346814 0 0 0 0 0 0 0.04280346814 0 0 0 0 0 0 0.09418146622 0 0 0 0 0 0 0.0007497996065 0 0 0 0 0 0 0.0007497996065 0 0 0 0 0 0 0.001303868202
746,1785497134.704917908,map,8.0970029831,6.9535026550,-1.4500982761,0.0271873040,0.0456328247,0.7473568109,0.6622962364,0.04273849528 0 0 0 0 0 0 0.04273849528 0 0 0 0 0 0 0.0940850769 0 0 0 0 0 0 0.0007482989203 0 0 0 0 0 0 0.0007482989203 0 0 0 0 0 0 0.001301889016
747,1785497134.804766655,map,8.1032180786,6.9573588371,-1.4492714405,0.0267664133,0.0457421828,0.7474083578,0.6622476687,0.04267683065 0 0 0 0 0 0 0.04267683065 0 0 0 0 0 0 0.09399357334 0 0 0 0 0 0 0.0007468749812 0 0 0 0 0 0 0.0007468749812 0 0 0 0 0 0 0.001300010604
748,1785497134.904854059,map,8.1001768112,6.9641847610,-1.4509372711,0.0269150250,0.0456945482,0.7473740345,0.6622836452,0.04267827706 0 0 0 0 0 0 0.04267827706 0 0 0 0 0 0 0.0939957199 0 0 0 0 0 0 0.0007469083775 0 0 0 0 0 0 0.0007469083775 0 0 0 0 0 0 0.001300054664
749,1785497135.005176306,map,8.0989713669,6.9643273354,-1.4507849216,0.0271841096,0.0455919702,0.7473713824,0.6622827255,0.04249718896 0 0 0 0 0 0 0.04249718896 0 0 0 0 0 0 0.09372688164 0 0 0 0 0 0 0.0007427286298 0 0 0 0 0 0 0.0007427286298 0 0 0 0 0 0 0.001294538405
750,1785497135.104974747,map,8.1033487320,6.9658136368,-1.4523257017,0.0269623450,0.0456492626,0.7473760633,0.6622825652,0.0427766142 0 0 0 0 0 0 0.0427766142 0 0 0 0 0 0 0.09414163043 0 0 0 0 0 0 0.0007491793137 0 0 0 0 0 0 0.0007491793137 0 0 0 0 0 0 0.001303050184
751,1785497135.204874039,map,8.1016149521,6.9616360664,-1.4504964352,0.0270290270,0.0457730371,0.7473831149,0.6622633769,0.04266721501 0 0 0 0 0 0 0.04266721501 0 0 0 0 0 0 0.09397930284 0 0 0 0 0 0 0.0007466529696 0 0 0 0 0 0 0.0007466529696 0 0 0 0 0 0 0.001299717695
752,1785497135.304581881,map,8.1043529510,6.9618372917,-1.4499274492,0.0271793157,0.0458046139,0.7473983632,0.6622378033,0.04263287204 0 0 0 0 0 0 0.04263287204 0 0 0 0 0 0 0.0939283304 0 0 0 0 0 0 0.000745860104 0 0 0 0 0 0 0.000745860104 0 0 0 0 0 0 0.001298671548
753,1785497135.404983759,map,8.0995655060,6.9625978470,-1.4489454031,0.0270872150,0.0457471759,0.7474085052,0.6622341005,0.04260890919 0 0 0 0 0 0 0.04260890919 0 0 0 0 0 0 0.09389276036 0 0 0 0 0 0 0.0007453069415 0 0 0 0 0 0 0.0007453069415 0 0 0 0 0 0 0.001297941598
754,1785497135.505116701,map,8.1063947678,6.9662685394,-1.4491057396,0.0270532958,0.0458118941,0.7473491243,0.6622980237,0.04289313589 0 0 0 0 0 0 0.04289313589 0 0 0 0 0 0 0.09431445209 0 0 0 0 0 0 0.0007518712699 0 0 0 0 0 0 0.0007518712699 0 0 0 0 0 0 0.001306599638
755,1785497135.604908705,map,8.1065168381,6.9586067200,-1.4493173361,0.0272648171,0.0458472251,0.7473602517,0.6622743654,0.04264572467 0 0 0 0 0 0 0.04264572467 0 0 0 0 0 0 0.09394740728 0 0 0 0 0 0 0.0007461568167 0 0 0 0 0 0 0.0007461568167 0 0 0 0 0 0 0.001299063061
756,1785497135.704770803,map,8.1044807434,6.9576344490,-1.4492852688,0.0271098060,0.0457127878,0.7473954159,0.6622503238,0.04261633575 0 0 0 0 0 0 0.04261633575 0 0 0 0 0 0 0.09390378456 0 0 0 0 0 0 0.0007454783721 0 0 0 0 0 0 0.0007454783721 0 0 0 0 0 0 0.001298167824
757,1785497135.804956198,map,8.1002988815,6.9569368362,-1.4494224787,0.0272972545,0.0457376138,0.7473485838,0.6622937573,0.04273443819 0 0 0 0 0 0 0.04273443819 0 0 0 0 0 0 0.09407905728 0 0 0 0 0 0 0.0007482052252 0 0 0 0 0 0 0.0007482052252 0 0 0 0 0 0 0.00130176543
758,1785497135.904996872,map,8.1048641205,6.9544668198,-1.4508877993,0.0271202001,0.0457126091,0.7473026023,0.6623546475,0.04259655308 0 0 0 0 0 0 0.04259655308 0 0 0 0 0 0 0.09387441789 0 0 0 0 0 0 0.0007450217304 0 0 0 0 0 0 0.0007450217304 0 0 0 0 0 0 0.001297565209
759,1785497136.004837275,map,8.1043930054,6.9545273781,-1.4504201412,0.0272092165,0.0458577601,0.7473107108,0.6623318082,0.04265915795 0 0 0 0 0 0 0.04265915795 0 0 0 0 0 0 0.093967345 0 0 0 0 0 0 0.0007464669495 0 0 0 0 0 0 0.0007464669495 0 0 0 0 0 0 0.001299472262
760,1785497136.104739666,map,8.1060180664,6.9512100220,-1.4520614147,0.0268920258,0.0458073387,0.7473032568,0.6623566596,0.04265897032 0 0 0 0 0 0 0.04265897032 0 0 0 0 0 0 0.09396706653 0 0 0 0 0 0 0.0007464626176 0 0 0 0 0 0 0.0007464626176 0 0 0 0 0 0 0.001299466547
761,1785497136.204949617,map,8.1081113815,6.9489455223,-1.4496736526,0.0266564072,0.0459321246,0.7472129286,0.6624594441,0.04284054131 0 0 0 0 0 0 0.04284054131 0 0 0 0 0 0 0.09423645478 0 0 0 0 0 0 0.0007506560529 0 0 0 0 0 0 0.0007506560529 0 0 0 0 0 0 0.001304997516
762,1785497136.405054331,map,8.1037149429,6.9474291801,-1.4532383680,0.0268392257,0.0458524268,0.7471919358,0.6624812472,0.04278675846 0 0 0 0 0 0 0.04278675846 0 0 0 0 0 0 0.09415667916 0 0 0 0 0 0 0.0007494136263 0 0 0 0 0 0 0.0007494136263 0 0 0 0 0 0 0.001303359196
763,1785497136.504748821,map,8.1030206680,6.9507350922,-1.4498026371,0.0269581604,0.0458282206,0.7471558876,0.6625187545,0.04263046494 0 0 0 0 0 0 0.04263046494 0 0 0 0 0 0 0.0939247575 0 0 0 0 0 0 0.0007458045359 0 0 0 0 0 0 0.0007458045359 0 0 0 0 0 0 0.001298598224
764,1785497136.604840994,map,8.1054897308,6.9448590279,-1.4503669739,0.0271876123,0.0458927460,0.7470861755,0.6625835274,0.04285103828 0 0 0 0 0 0 0.04285103828 0 0 0 0 0 0 0.09425202294 0 0 0 0 0 0 0.0007508985702 0 0 0 0 0 0 0.0007508985702 0 0 0 0 0 0 0.001305317272
765,1785497136.705225945,map,8.1062793732,6.9501428604,-1.4512948990,0.0273032099,0.0458698407,0.7470726947,0.6625955634,0.04262751641 0 0 0 0 0 0 0.04262751641 0 0 0 0 0 0 0.09392038088 0 0 0 0 0 0 0.0007457364695 0 0 0 0 0 0 0.0007457364695 0 0 0 0 0 0 0.001298508406
766,1785497136.804970026,map,8.1083097458,6.9529604912,-1.4521930218,0.0273583692,0.0458727801,0.7470641365,0.6626026952,0.04269311044 0 0 0 0 0 0 0.04269311044 0 0 0 0 0 0 0.09401773285 0 0 0 0 0 0 0.0007472508768 0 0 0 0 0 0 0.0007472508768 0 0 0 0 0 0 0.001300506514
767,1785497136.904870510,map,8.1100912094,6.9525585175,-1.4529006481,0.0272477330,0.0459443196,0.7471125799,0.6625477246,0.04268325106 0 0 0 0 0 0 0.04268325106 0 0 0 0 0 0 0.09400310153 0 0 0 0 0 0 0.0007470232238 0 0 0 0 0 0 0.0007470232238 0 0 0 0 0 0 0.001300206181
768,1785497137.004766464,map,8.1064596176,6.9532561302,-1.4509981871,0.0273401183,0.0458387932,0.7471333575,0.6625277834,0.04251557234 0 0 0 0 0 0 0.04251557234 0 0 0 0 0 0 0.09375418159 0 0 0 0 0 0 0.0007431528121 0 0 0 0 0 0 0.0007431528121 0 0 0 0 0 0 0.001295098395
769,1785497137.104881763,map,8.1046361923,6.9530496597,-1.4515563250,0.0273727271,0.0458083253,0.7471878804,0.6624670736,0.04273314555 0 0 0 0 0 0 0.04273314555 0 0 0 0 0 0 0.09407713933 0 0 0 0 0 0 0.0007481753731 0 0 0 0 0 0 0.0007481753731 0 0 0 0 0 0 0.001301726054
770,1785497137.205028057,map,8.1054515839,6.9488739967,-1.4502426386,0.0277074213,0.0458468624,0.7471233918,0.6625231980,0.04263631151 0 0 0 0 0 0 0.04263631151 0 0 0 0 0 0 0.09393343562 0 0 0 0 0 0 0.0007459395054 0 0 0 0 0 0 0.0007459395054 0 0 0 0 0 0 0.00129877632
771,1785497137.304853439,map,8.1070013046,6.9443511963,-1.4504847527,0.0276138200,0.0459915682,0.7471399435,0.6624984091,0.04270660948 0 0 0 0 0 0 0.04270660948 0 0 0 0 0 0 0.09403776455 0 0 0 0 0 0 0.000747562583 0 0 0 0 0 0 0.000747562583 0 0 0 0 0 0 0.001300917719
772,1785497137.404711962,map,8.1095867157,6.9522981644,-1.4501808882,0.0273013607,0.0458124353,0.7472851344,0.6623600004,0.04270127121 0 0 0 0 0 0 0.04270127121 0 0 0 0 0 0 0.09402984302 0 0 0 0 0 0 0.0007474393151 0 0 0 0 0 0 0.0007474393151 0 0 0 0 0 0 0.001300755106
773,1785497137.504900694,map,8.1066493988,6.9510388374,-1.4512524605,0.0273076557,0.0457755769,0.7472118455,0.6624449889,0.04267283646 0 0 0 0 0 0 0.04267283646 0 0 0 0 0 0 0.09398764565 0 0 0 0 0 0 0.00074678276 0 0 0 0 0 0 0.00074678276 0 0 0 0 0 0 0.001299888934
774,1785497137.605019569,map,8.1088743210,6.9510402679,-1.4510194063,0.0272330914,0.0457519533,0.7472155932,0.6624454754,0.04272557811 0 0 0 0 0 0 0.04272557811 0 0 0 0 0 0 0.094065911 0 0 0 0 0 0 0.000748000614 0 0 0 0 0 0 0.000748000614 0 0 0 0 0 0 0.001301495536
775,1785497137.704871655,map,8.1047811508,6.9444899559,-1.4515681267,0.0270889263,0.0457479089,0.7472142410,0.6624531754,0.04284155575 0 0 0 0 0 0 0.04284155575 0 0 0 0 0 0 0.09423795934 0 0 0 0 0 0 0.0007506794898 0 0 0 0 0 0 0.0007506794898 0 0 0 0 0 0 0.001305028417
776,1785497137.804729462,map,8.1098737717,6.9462656975,-1.4514217377,0.0270322903,0.0458045965,0.7471322322,0.6625440389,0.04267658821 0 0 0 0 0 0 0.04267658821 0 0 0 0 0 0 0.09399321354 0 0 0 0 0 0 0.0007468693834 0 0 0 0 0 0 0.0007468693834 0 0 0 0 0 0 0.001300003219
777,1785497137.904908895,map,8.1010265350,6.9621586800,-1.4488592148,0.0278532269,0.0459923656,0.7473390294,0.6622637622,0.04258723112 0 0 0 0 0 0 0.04258723112 0 0 0 0 0 0 0.093860579 0 0 0 0 0 0 0.0007448065641 0 0 0 0 0 0 0.0007448065641 0 0 0 0 0 0 0.001297281246
778,1785497138.005163193,map,8.1031332016,6.9614276886,-1.4501893520,0.0278769664,0.0460854475,0.7473514260,0.6622423092,0.04261630458 0 0 0 0 0 0 0.04261630458 0 0 0 0 0 0 0.0939037383 0 0 0 0 0 0 0.0007454776526 0 0 0 0 0 0 0.0007454776526 0 0 0 0 0 0 0.001298166874
779,1785497138.104959965,map,8.1092233658,6.9604716301,-1.4500857592,0.0277581088,0.0460908819,0.7473073316,0.6622966583,0.04274076612 0 0 0 0 0 0 0.04274076612 0 0 0 0 0 0 0.09408844617 0 0 0 0 0 0 0.0007483513641 0 0 0 0 0 0 0.0007483513641 0 0 0 0 0 0 0.00130195819
780,1785497138.204742670,map,8.1073093414,6.9639172554,-1.4531580210,0.0274189841,0.0460765223,0.7472885745,0.6623329233,0.04262547665 0 0 0 0 0 0 0.04262547665 0 0 0 0 0 0 0.09391735317 0 0 0 0 0 0 0.0007456893824 0 0 0 0 0 0 0.0007456893824 0 0 0 0 0 0 0.001298446272
781,1785497138.304762840,map,8.1052417755,6.9712061882,-1.4517289400,0.0275040618,0.0460894364,0.7472672751,0.6623525595,0.04273141687 0 0 0 0 0 0 0.04273141687 0 0 0 0 0 0 0.09407457441 0 0 0 0 0 0 0.0007481354515 0 0 0 0 0 0 0.0007481354515 0 0 0 0 0 0 0.001301673395
782,1785497138.404976130,map,8.1064109802,6.9715533257,-1.4512330294,0.0272423536,0.0460318800,0.7473573266,0.6622657521,0.04280741954 0 0 0 0 0 0 0.04280741954 0 0 0 0 0 0 0.09418732748 0 0 0 0 0 0 0.0007498908842 0 0 0 0 0 0 0.0007498908842 0 0 0 0 0 0 0.001303988569
783,1785497138.604791403,map,8.1092004776,6.9644227028,-1.4511922598,0.0269122656,0.0460408476,0.7473931076,0.6622382534,0.04281987479 0 0 0 0 0 0 0.04281987479 0 0 0 0 0 0 0.09420580225 0 0 0 0 0 0 0.0007501786105 0 0 0 0 0 0 0.0007501786105 0 0 0 0 0 0 0.001304367977
784,1785497138.704711914,map,8.1072645187,6.9614381790,-1.4519888163,0.0270653848,0.0461118280,0.7473933685,0.6622267973,0.04271893104 0 0 0 0 0 0 0.04271893104 0 0 0 0 0 0 0.09405604803 0 0 0 0 0 0 0.0007478471137 0 0 0 0 0 0 0.0007478471137 0 0 0 0 0 0 0.001301293055
785,1785497138.804947853,map,8.1110677719,6.9599523544,-1.4518904686,0.0267307816,0.0460898085,0.7473967381,0.6622381268,0.04274322633 0 0 0 0 0 0 0.04274322633 0 0 0 0 0 0 0.09409209636 0 0 0 0 0 0 0.0007484081816 0 0 0 0 0 0 0.0007484081816 0 0 0 0 0 0 0.001302033132
786,1785497138.904989004,map,8.1093950272,6.9549922943,-1.4523620605,0.0267723111,0.0463119490,0.7472593142,0.6623759675,0.0425425447 0 0 0 0 0 0 0.0425425447 0 0 0 0 0 0 0.09379423301 0 0 0 0 0 0 0.0007437752321 0 0 0 0 0 0 0.0007437752321 0 0 0 0 0 0 0.00129592002
787,1785497139.004819870,map,8.1149320602,6.9539346695,-1.4530907869,0.0270167147,0.0462840938,0.7471956437,0.6624398490,0.04267520938 0 0 0 0 0 0 0.04267520938 0 0 0 0 0 0 0.09399116726 0 0 0 0 0 0 0.0007468375478 0 0 0 0 0 0 0.0007468375478 0 0 0 0 0 0 0.001299961217
788,1785497139.104725361,map,8.1165151596,6.9505105019,-1.4523351192,0.0270696722,0.0460512124,0.7471848848,0.6624660600,0.04258747302 0 0 0 0 0 0 0.04258747302 0 0 0 0 0 0 0.09386093811 0 0 0 0 0 0 0.0007448121475 0 0 0 0 0 0 0.0007448121475 0 0 0 0 0 0 0.001297288615
789,1785497139.204901695,map,8.1126432419,6.9561562538,-1.4524852037,0.0269343632,0.0459110558,0.7471921308,0.6624731370,0.04271680741 0 0 0 0 0 0 0.04271680741 0 0 0 0 0 0 0.09405289692 0 0 0 0 0 0 0.0007477980737 0 0 0 0 0 0 0.0007477980737 0 0 0 0 0 0 0.001301228365
790,1785497139.305178404,map,8.1119794846,6.9621334076,-1.4513797760,0.0270887707,0.0457749244,0.7471441237,0.6625303826,0.04277252496 0 0 0 0 0 0 0.04277252496 0 0 0 0 0 0 0.094135564 0 0 0 0 0 0 0.0007490848628 0 0 0 0 0 0 0.0007490848628 0 0 0 0 0 0 0.001302925619
791,1785497139.404854536,map,8.1109457016,6.9562945366,-1.4488121271,0.0271465216,0.0457872569,0.7471256229,0.6625480451,0.04260886881 0 0 0 0 0 0 0.04260886881 0 0 0 0 0 0 0.09389270042 0 0 0 0 0 0 0.0007453060094 0 0 0 0 0 0 0.0007453060094 0 0 0 0 0 0 0.001297940368
792,1785497139.504743576,map,8.1109428406,6.9551739693,-1.4484950304,0.0271934427,0.0458347553,0.7471908182,0.6624692752,0.0427530408 0 0 0 0 0 0 0.0427530408 0 0 0 0 0 0 0.09410665771 0 0 0 0 0 0 0.0007486348483 0 0 0 0 0 0 0.0007486348483 0 0 0 0 0 0 0.001302332098
793,1785497139.604774237,map,8.1131057739,6.9514946938,-1.4494121075,0.0271051363,0.0458284916,0.7470965025,0.6625797140,0.04260577688 0 0 0 0 0 0 0.04260577688 0 0 0 0 0 0 0.09388811057 0 0 0 0 0 0 0.0007452346384 0 0 0 0 0 0 0.0007452346384 0 0 0 0 0 0 0.001297846182
794,1785497139.705096483,map,8.1150484085,6.9478631020,-1.4490549564,0.0273962194,0.0459229789,0.7470053231,0.6626640194,0.04276273893 0 0 0 0 0 0 0.04276273893 0 0 0 0 0 0 0.09412104592 0 0 0 0 0 0 0.0007488588363 0 0 0 0 0 0 0.0007488588363 0 0 0 0 0 0 0.001302627519
795,1785497139.804946184,map,8.1155338287,6.9469056129,-1.4523180723,0.0270707887,0.0459363060,0.7470477062,0.6626286777,0.04259085333 0 0 0 0 0 0 0.04259085333 0 0 0 0 0 0 0.0938659564 0 0 0 0 0 0 0.0007448901699 0 0 0 0 0 0 0.0007448901699 0 0 0 0 0 0 0.001297391585
796,1785497139.904578924,map,8.1085786819,6.9506816864,-1.4512529373,0.0270129499,0.0459711462,0.7470632944,0.6626110216,0.04246796557 0 0 0 0 0 0 0.04246796557 0 0 0 0 0 0 0.09368347991 0 0 0 0 0 0 0.0007420543826 0 0 0 0 0 0 0.0007420543826 0 0 0 0 0 0 0.001293648209
797,1785497140.004725933,map,8.1058502197,6.9542679787,-1.4519550800,0.0271211176,0.0459719160,0.7471365480,0.6625239571,0.04275531471 0 0 0 0 0 0 0.04275531471 0 0 0 0 0 0 0.09411003136 0 0 0 0 0 0 0.000748687366 0 0 0 0 0 0 0.000748687366 0 0 0 0 0 0 0.001302401365
798,1785497140.105084419,map,8.1016016006,6.9546165466,-1.4515659809,0.0272034815,0.0459092029,0.7472033080,0.6624496663,0.0425366908 0 0 0 0 0 0 0.0425366908 0 0 0 0 0 0 0.09378554087 0 0 0 0 0 0 0.0007436401409 0 0 0 0 0 0 0.0007436401409 0 0 0 0 0 0 0.0012957417
799,1785497140.204939604,map,8.0977268219,6.9528255463,-1.4491991997,0.0273817203,0.0459578153,0.7472146058,0.6624261891,0.04268195665 0 0 0 0 0 0 0.04268195665 0 0 0 0 0 0 0.09400118057 0 0 0 0 0 0 0.0007469933365 0 0 0 0 0 0 0.0007469933365 0 0 0 0 0 0 0.001300166751
800,1785497140.304772854,map,8.1465806961,6.9362812042,-1.4534143209,0.0268243200,0.0461693444,0.7473653179,0.6622642136,0.04256872677 0 0 0 0 0 0 0.04256872677 0 0 0 0 0 0 0.09383310693 0 0 0 0 0 0 0.0007443794753 0 0 0 0 0 0 0.0007443794753 0 0 0 0 0 0 0.001296717571
801,1785497140.504959583,map,8.1204910278,6.9570193291,-1.4517060518,0.0270401782,0.0458467709,0.7471522365,0.6625182625,0.04266649635 0 0 0 0 0 0 0.04266649635 0 0 0 0 0 0 0.09397823625 0 0 0 0 0 0 0.000746636377 0 0 0 0 0 0 0.000746636377 0 0 0 0 0 0 0.001299695803
802,1785497140.605013371,map,8.1167144775,6.9600577354,-1.4516905546,0.0269867248,0.0458771602,0.7471198945,0.6625548203,0.04289207842 0 0 0 0 0 0 0.04289207842 0 0 0 0 0 0 0.09431288402 0 0 0 0 0 0 0.0007518468343 0 0 0 0 0 0 0.0007518468343 0 0 0 0 0 0 0.001306567426
803,1785497140.704865217,map,8.1146488190,6.9594249725,-1.4504760504,0.0270006419,0.0458233778,0.7470511035,0.6626355379,0.04259365278 0 0 0 0 0 0 0.04259365278 0 0 0 0 0 0 0.0938701123 0 0 0 0 0 0 0.0007449547858 0 0 0 0 0 0 0.0007449547858 0 0 0 0 0 0 0.001297476861
804,1785497140.804749012,map,8.1115112305,6.9579873085,-1.4542901516,0.0269100719,0.0458568807,0.7471104547,0.6625699731,0.04257250864 0 0 0 0 0 0 0.04257250864 0 0 0 0 0 0 0.09383872176 0 0 0 0 0 0 0.0007444667602 0 0 0 0 0 0 0.0007444667602 0 0 0 0 0 0 0.001296832774
805,1785497140.904778242,map,8.1024446487,6.9713888168,-1.4517124891,0.0274278620,0.0458451369,0.7471746210,0.6624771745,0.04279083748 0 0 0 0 0 0 0.04279083748 0 0 0 0 0 0 0.09416273011 0 0 0 0 0 0 0.0007495078463 0 0 0 0 0 0 0.0007495078463 0 0 0 0 0 0 0.00130348345
806,1785497141.004977703,map,8.1020908356,6.9717187881,-1.4510467052,0.0271904400,0.0457442467,0.7471398366,0.6625331870,0.04269835908 0 0 0 0 0 0 0.04269835908 0 0 0 0 0 0 0.09402552162 0 0 0 0 0 0 0.0007473720713 0 0 0 0 0 0 0.0007473720713 0 0 0 0 0 0 0.001300666397
807,1785497141.104855776,map,8.1026496887,6.9672641754,-1.4522317648,0.0271418215,0.0456711531,0.7471146713,0.6625685872,0.04272995387 0 0 0 0 0 0 0.04272995387 0 0 0 0 0 0 0.09407240367 0 0 0 0 0 0 0.0007481016654 0 0 0 0 0 0 0.0007481016654 0 0 0 0 0 0 0.00130162883
808,1785497141.204714775,map,8.1066989899,6.9596085548,-1.4528055191,0.0269681034,0.0456092282,0.7470892305,0.6626086420,0.04270269715 0 0 0 0 0 0 0.04270269715 0 0 0 0 0 0 0.09403195901 0 0 0 0 0 0 0.0007474722418 0 0 0 0 0 0 0.0007474722418 0 0 0 0 0 0 0.001300798542
809,1785497141.304755688,map,8.1108436584,6.9575586319,-1.4534938335,0.0269882359,0.0455019115,0.7471064525,0.6625957812,0.04277231956 0 0 0 0 0 0 0.04277231956 0 0 0 0 0 0 0.09413525927 0 0 0 0 0 0 0.0007490801185 0 0 0 0 0 0 0.0007490801185 0 0 0 0 0 0 0.001302919362
810,1785497141.404969692,map,8.1099710464,6.9552264214,-1.4533249140,0.0268768279,0.0455010279,0.7471666829,0.6625324363,0.04272169973 0 0 0 0 0 0 0.04272169973 0 0 0 0 0 0 0.09406015627 0 0 0 0 0 0 0.0007479110506 0 0 0 0 0 0 0.0007479110506 0 0 0 0 0 0 0.001301377394
811,1785497141.504895449,map,8.1124258041,6.9530615807,-1.4521094561,0.0268587702,0.0453723370,0.7471591504,0.6625505036,0.04260918878 0 0 0 0 0 0 0.04260918878 0 0 0 0 0 0 0.0938931754 0 0 0 0 0 0 0.0007453133953 0 0 0 0 0 0 0.0007453133953 0 0 0 0 0 0 0.001297950115
812,1785497141.604685068,map,8.1109714508,6.9580550194,-1.4533991814,0.0267187797,0.0453921866,0.7472192433,0.6624870095,0.04269208981 0 0 0 0 0 0 0.04269208981 0 0 0 0 0 0 0.09401621827 0 0 0 0 0 0 0.0007472273101 0 0 0 0 0 0 0.0007472273101 0 0 0 0 0 0 0.001300475424
813,1785497141.704765320,map,8.1093788147,6.9533748627,-1.4532871246,0.0267973151,0.0455294966,0.7471429120,0.6625605357,0.04262614611 0 0 0 0 0 0 0.04262614611 0 0 0 0 0 0 0.09391834688 0 0 0 0 0 0 0.0007457048365 0 0 0 0 0 0 0.0007457048365 0 0 0 0 0 0 0.001298466664
814,1785497141.804979086,map,8.1107816696,6.9582571983,-1.4535610676,0.0266524550,0.0454621296,0.7471985268,0.6625082691,0.04259323926 0 0 0 0 0 0 0.04259323926 0 0 0 0 0 0 0.09386949842 0 0 0 0 0 0 0.0007449452411 0 0 0 0 0 0 0.0007449452411 0 0 0 0 0 0 0.001297464264
815,1785497141.904870510,map,8.1095113754,6.9567680359,-1.4522495270,0.0265516834,0.0452998079,0.7472687225,0.6624442607,0.04262994199 0 0 0 0 0 0 0.04262994199 0 0 0 0 0 0 0.09392398127 0 0 0 0 0 0 0.0007457924636 0 0 0 0 0 0 0.0007457924636 0 0 0 0 0 0 0.001298582294
816,1785497142.004755020,map,8.1118030548,6.9520492554,-1.4530637264,0.0265236740,0.0453490486,0.7471823603,0.6625394156,0.04258371015 0 0 0 0 0 0 0.04258371015 0 0 0 0 0 0 0.09385535181 0 0 0 0 0 0 0.0007447252962 0 0 0 0 0 0 0.0007447252962 0 0 0 0 0 0 0.001297173991
817,1785497142.104740381,map,8.1093711853,6.9563207626,-1.4524812698,0.0265922266,0.0453712265,0.7472551839,0.6624530123,0.04266431148 0 0 0 0 0 0 0.04266431148 0 0 0 0 0 0 0.09397499363 0 0 0 0 0 0 0.0007465859328 0 0 0 0 0 0 0.0007465859328 0 0 0 0 0 0 0.001299629248
818,1785497142.204968691,map,8.1061286926,6.9621758461,-1.4516006708,0.0268279511,0.0453030740,0.7472430260,0.6624618762,0.04261516151 0 0 0 0 0 0 0.04261516151 0 0 0 0 0 0 0.09390204152 0 0 0 0 0 0 0.0007454512665 0 0 0 0 0 0 0.0007454512665 0 0 0 0 0 0 0.001298132054
819,1785497142.304885864,map,8.1036205292,6.9639859200,-1.4519551992,0.0267934217,0.0455133935,0.7472213062,0.6624733549,0.04266881575 0 0 0 0 0 0 0.04266881575 0 0 0 0 0 0 0.09398167851 0 0 0 0 0 0 0.0007466899278 0 0 0 0 0 0 0.0007466899278 0 0 0 0 0 0 0.001299766456
820,1785497142.504600048,map,8.0998144150,6.9657797813,-1.4495999813,0.0269324719,0.0455765606,0.7472413184,0.6624408162,0.04263836327 0 0 0 0 0 0 0.04263836327 0 0 0 0 0 0 0.09393648104 0 0 0 0 0 0 0.0007459868716 0 0 0 0 0 0 0.0007459868716 0 0 0 0 0 0 0.00129883882
821,1785497142.605021715,map,8.0992860794,6.9686470032,-1.4517670870,0.0268232561,0.0455772148,0.7472404376,0.6624462036,0.04287457572 0 0 0 0 0 0 0.04287457572 0 0 0 0 0 0 0.09428692929 0 0 0 0 0 0 0.0007514424032 0 0 0 0 0 0 0.0007514424032 0 0 0 0 0 0 0.001306034263
822,1785497142.704926252,map,8.0956993103,6.9673833847,-1.4509496689,0.0269836130,0.0455169450,0.7472722115,0.6624079864,0.04276959275 0 0 0 0 0 0 0.04276959275 0 0 0 0 0 0 0.09413121397 0 0 0 0 0 0 0.0007490171371 0 0 0 0 0 0 0.0007490171371 0 0 0 0 0 0 0.001302836299
823,1785497142.804739714,map,8.0959157944,6.9646134377,-1.4498577118,0.0270244052,0.0455284213,0.7472821982,0.6623942485,0.04267122646 0 0 0 0 0 0 0.04267122646 0 0 0 0 0 0 0.09398525625 0 0 0 0 0 0 0.0007467455872 0 0 0 0 0 0 0.0007467455872 0 0 0 0 0 0 0.00129983989
824,1785497142.904689550,map,8.0922069550,6.9637203217,-1.4491876364,0.0270975443,0.0457288677,0.7472995357,0.6623579040,0.04288344123 0 0 0 0 0 0 0.04288344123 0 0 0 0 0 0 0.09430007616 0 0 0 0 0 0 0.0007516472533 0 0 0 0 0 0 0.0007516472533 0 0 0 0 0 0 0.001306304322
825,1785497143.004878044,map,8.0960226059,6.9666633606,-1.4500718117,0.0270202319,0.0457024026,0.7472614924,0.6624058029,0.04282359533 0 0 0 0 0 0 0.04282359533 0 0 0 0 0 0 0.09421132072 0 0 0 0 0 0 0.0007502645604 0 0 0 0 0 0 0.0007502645604 0 0 0 0 0 0 0.001304481311
826,1785497143.105063677,map,8.0990428925,6.9669275284,-1.4509862661,0.0271501312,0.0457200315,0.7473208820,0.6623322849,0.04275627395 0 0 0 0 0 0 0.04275627395 0 0 0 0 0 0 0.0941114545 0 0 0 0 0 0 0.0007487095204 0 0 0 0 0 0 0.0007487095204 0 0 0 0 0 0 0.001302430585
827,1785497143.204778433,map,8.1040391922,6.9707860947,-1.4526727200,0.0267348872,0.0457071574,0.7473408808,0.6623275012,0.04258697188 0 0 0 0 0 0 0.04258697188 0 0 0 0 0 0 0.09386019414 0 0 0 0 0 0 0.0007448005806 0 0 0 0 0 0 0.0007448005806 0 0 0 0 0 0 0.001297273349
828,1785497143.304653883,map,8.1054201126,6.9677228928,-1.4518611431,0.0266973410,0.0457247047,0.7472867026,0.6623889198,0.04256505771 0 0 0 0 0 0 0.04256505771 0 0 0 0 0 0 0.09382765952 0 0 0 0 0 0 0.0007442947953 0 0 0 0 0 0 0.0007442947953 0 0 0 0 0 0 0.001296605805
829,1785497143.404750824,map,8.1049365997,6.9685988426,-1.4525184631,0.0265220526,0.0457616267,0.7473741493,0.6622947487,0.04262509437 0 0 0 0 0 0 0.04262509437 0 0 0 0 0 0 0.09391678573 0 0 0 0 0 0 0.0007456805576 0 0 0 0 0 0 0.0007456805576 0 0 0 0 0 0 0.001298434627
830,1785497143.505143881,map,8.1046457291,6.9719400406,-1.4497779608,0.0266212008,0.0456150755,0.7473540623,0.6623235556,0.04274287029 0 0 0 0 0 0 0.04274287029 0 0 0 0 0 0 0.09409156811 0 0 0 0 0 0 0.000748399959 0 0 0 0 0 0 0.000748399959 0 0 0 0 0 0 0.001302022286
831,1785497143.604904890,map,8.1045808792,6.9690933228,-1.4497445822,0.0268308912,0.0455644015,0.7473658382,0.6623052839,0.04272771562 0 0 0 0 0 0 0.04272771562 0 0 0 0 0 0 0.09406908261 0 0 0 0 0 0 0.0007480499762 0 0 0 0 0 0 0.0007480499762 0 0 0 0 0 0 0.001301560648
832,1785497143.704713583,map,8.1032743454,6.9710307121,-1.4505952597,0.0270285557,0.0454846380,0.7472914795,0.6623865999,0.04267324603 0 0 0 0 0 0 0.04267324603 0 0 0 0 0 0 0.09398825349 0 0 0 0 0 0 0.0007467922164 0 0 0 0 0 0 0.0007467922164 0 0 0 0 0 0 0.00129990141
833,1785497143.804657221,map,8.1068506241,6.9719486237,-1.4501637220,0.0267833787,0.0453638863,0.7473183583,0.6623745601,0.04278856089 0 0 0 0 0 0 0.04278856089 0 0 0 0 0 0 0.09415935295 0 0 0 0 0 0 0.0007494552598 0 0 0 0 0 0 0.0007494552598 0 0 0 0 0 0 0.001303414101
834,1785497143.904917479,map,8.1067457199,6.9693694115,-1.4508128166,0.0267780897,0.0452761541,0.7472587681,0.6624480003,0.04271256649 0 0 0 0 0 0 0.04271256649 0 0 0 0 0 0 0.09404660404 0 0 0 0 0 0 0.0007477001414 0 0 0 0 0 0 0.0007477001414 0 0 0 0 0 0 0.00130109918
835,1785497144.005018950,map,8.1051902771,6.9654111862,-1.4521223307,0.0267631763,0.0452806667,0.7472454022,0.6624633791,0.04255543542 0 0 0 0 0 0 0.04255543542 0 0 0 0 0 0 0.09381337304 0 0 0 0 0 0 0.0007440727232 0 0 0 0 0 0 0.0007440727232 0 0 0 0 0 0 0.001296312693
836,1785497144.104788303,map,8.1002559662,6.9639949799,-1.4495588541,0.0268803499,0.0454745967,0.7472854363,0.6624001720,0.04266128959 0 0 0 0 0 0 0.04266128959 0 0 0 0 0 0 0.0939705087 0 0 0 0 0 0 0.0007465161639 0 0 0 0 0 0 0.0007465161639 0 0 0 0 0 0 0.001299537196
837,1785497144.204697132,map,8.1031217575,6.9592976570,-1.4474916458,0.0267564610,0.0455529812,0.7473114766,0.6623704306,0.04256524181 0 0 0 0 0 0 0.04256524181 0 0 0 0 0 0 0.09382793286 0 0 0 0 0 0 0.0007442990443 0 0 0 0 0 0 0.0007442990443 0 0 0 0 0 0 0.001296611413
838,1785497144.304742813,map,8.1023750305,6.9577555656,-1.4509544373,0.0266750194,0.0453959188,0.7472602276,0.6624422995,0.04256484758 0 0 0 0 0 0 0.04256484758 0 0 0 0 0 0 0.09382734754 0 0 0 0 0 0 0.0007442899457 0 0 0 0 0 0 0.0007442899457 0 0 0 0 0 0 0.001296599404
839,1785497144.404873371,map,8.1055212021,6.9596705437,-1.4499025345,0.0265327722,0.0453829228,0.7472394182,0.6624723933,0.04271947535 0 0 0 0 0 0 0.04271947535 0 0 0 0 0 0 0.0940568557 0 0 0 0 0 0 0.0007478596834 0 0 0 0 0 0 0.0007478596834 0 0 0 0 0 0 0.001301309636
840,1785497144.504827976,map,8.1052522659,6.9613423347,-1.4510664940,0.0264839725,0.0454774357,0.7472745762,0.6624282038,0.04263911536 0 0 0 0 0 0 0.04263911536 0 0 0 0 0 0 0.09393759734 0 0 0 0 0 0 0.000746004234 0 0 0 0 0 0 0.000746004234 0 0 0 0 0 0 0.00129886173
841,1785497144.704749346,map,8.1050863266,6.9608249664,-1.4522335529,0.0264008141,0.0453665936,0.7472967290,0.6624141501,0.04286965989 0 0 0 0 0 0 0.04286965989 0 0 0 0 0 0 0.09427963931 0 0 0 0 0 0 0.000751328819 0 0 0 0 0 0 0.000751328819 0 0 0 0 0 0 0.001305884518
842,1785497144.804871082,map,8.1038923264,6.9593482018,-1.4517602921,0.0264751332,0.0452815265,0.7472954707,0.6624183960,0.04284626978 0 0 0 0 0 0 0.04284626978 0 0 0 0 0 0 0.09424495081 0 0 0 0 0 0 0.0007507883997 0 0 0 0 0 0 0.0007507883997 0 0 0 0 0 0 0.001305172015
843,1785497144.905036211,map,8.1074752808,6.9608354568,-1.4523286819,0.0265063002,0.0453345861,0.7472729730,0.6624388775,0.04282097741 0 0 0 0 0 0 0.04282097741 0 0 0 0 0 0 0.09420743771 0 0 0 0 0 0 0.0007502040824 0 0 0 0 0 0 0.0007502040824 0 0 0 0 0 0 0.001304401565
844,1785497145.004750252,map,8.1081590652,6.9613270760,-1.4513069391,0.0266672114,0.0453919032,0.7472637480,0.6624389394,0.04263227306 0 0 0 0 0 0 0.04263227306 0 0 0 0 0 0 0.09392744132 0 0 0 0 0 0 0.0007458462764 0 0 0 0 0 0 0.0007458462764 0 0 0 0 0 0 0.001298653302
845,1785497145.104716301,map,8.1104803085,6.9672174454,-1.4521912336,0.0267927225,0.0453518009,0.7472143110,0.6624923797,0.0426382731 0 0 0 0 0 0 0.0426382731 0 0 0 0 0 0 0.0939363472 0 0 0 0 0 0 0.0007459847899 0 0 0 0 0 0 0.0007459847899 0 0 0 0 0 0 0.001298836074
846,1785497145.204800844,map,8.1110630035,6.9679737091,-1.4514279366,0.0268503088,0.0453967130,0.7472013471,0.6625015805,0.04262189286 0 0 0 0 0 0 0.04262189286 0 0 0 0 0 0 0.09391203351 0 0 0 0 0 0 0.0007456066527 0 0 0 0 0 0 0.0007456066527 0 0 0 0 0 0 0.001298337103
847,1785497145.304889202,map,8.1115732193,6.9689350128,-1.4497394562,0.0271338830,0.0455081547,0.7472557699,0.6624209858,0.04262355576 0 0 0 0 0 0 0.04262355576 0 0 0 0 0 0 0.09391450186 0 0 0 0 0 0 0.0007456450394 0 0 0 0 0 0 0.0007456450394 0 0 0 0 0 0 0.001298387758
848,1785497145.404765129,map,8.1073207855,6.9681515694,-1.4517060518,0.0271430569,0.0456804744,0.7473448320,0.6623082678,0.04275832248 0 0 0 0 0 0 0.04275832248 0 0 0 0 0 0 0.09411449371 0 0 0 0 0 0 0.000748756833 0 0 0 0 0 0 0.000748756833 0 0 0 0 0 0 0.001302492987
849,1785497145.504677296,map,8.1107816696,6.9667873383,-1.4510294199,0.0269103362,0.0455614113,0.7473126716,0.6623622530,0.0425800727 0 0 0 0 0 0 0.0425800727 0 0 0 0 0 0 0.09384995165 0 0 0 0 0 0 0.0007446413411 0 0 0 0 0 0 0.0007446413411 0 0 0 0 0 0 0.001297063188
850,1785497145.604746819,map,8.1217679977,6.9266982079,-1.4491130114,0.0265416225,0.0454002841,0.7466400843,0.6631462634,0.04258634216 0 0 0 0 0 0 0.04258634216 0 0 0 0 0 0 0.09385925927 0 0 0 0 0 0 0.0007447860459 0 0 0 0 0 0 0.0007447860459 0 0 0 0 0 0 0.001297254167
851,1785497145.704877377,map,8.0990228653,6.9506349564,-1.4510955811,0.0268017439,0.0454658192,0.7468865203,0.6628537186,0.04274454232 0 0 0 0 0 0 0.04274454232 0 0 0 0 0 0 0.09409404888 0 0 0 0 0 0 0.0007484385741 0 0 0 0 0 0 0.0007484385741 0 0 0 0 0 0 0.001302073219
852,1785497145.804805994,map,8.1006593704,6.9517955780,-1.4508684874,0.0267886845,0.0455411320,0.7469446369,0.6627835917,0.04266699099 0 0 0 0 0 0 0.04266699099 0 0 0 0 0 0 0.09397897036 0 0 0 0 0 0 0.0007466477974 0 0 0 0 0 0 0.0007466477974 0 0 0 0 0 0 0.001299710871
853,1785497145.904660463,map,8.1042280197,6.9540648460,-1.4495309591,0.0268538827,0.0455025121,0.7470079285,0.6627122559,0.04278703115 0 0 0 0 0 0 0.04278703115 0 0 0 0 0 0 0.09415708367 0 0 0 0 0 0 0.000749419925 0 0 0 0 0 0 0.000749419925 0 0 0 0 0 0 0.001303367503
854,1785497146.004781485,map,8.1066827774,6.9554448128,-1.4493196011,0.0268899577,0.0454459356,0.7469755833,0.6627511063,0.04256160001 0 0 0 0 0 0 0.04256160001 0 0 0 0 0 0 0.09382252584 0 0 0 0 0 0 0.0007442149944 0 0 0 0 0 0 0.0007442149944 0 0 0 0 0 0 0.001296500478
855,1785497146.105090618,map,8.1077537537,6.9549231529,-1.4495866299,0.0268999383,0.0455700466,0.7470099830,0.6627034515,0.04258863906 0 0 0 0 0 0 0.04258863906 0 0 0 0 0 0 0.09386266918 0 0 0 0 0 0 0.0007448390612 0 0 0 0 0 0 0.0007448390612 0 0 0 0 0 0 0.001297324134
856,1785497146.204766750,map,8.1075897217,6.9549293518,-1.4490957260,0.0269927147,0.0456196893,0.7470429786,0.6626590414,0.0425502647 0 0 0 0 0 0 0.0425502647 0 0 0 0 0 0 0.09380569571 0 0 0 0 0 0 0.0007439533919 0 0 0 0 0 0 0.0007439533919 0 0 0 0 0 0 0.001296155184
857,1785497146.304641962,map,8.1120338440,6.9535174370,-1.4512047768,0.0269350517,0.0454264730,0.7470082749,0.6627137638,0.04278539313 0 0 0 0 0 0 0.04278539313 0 0 0 0 0 0 0.09415465376 0 0 0 0 0 0 0.0007493820893 0 0 0 0 0 0 0.0007493820893 0 0 0 0 0 0 0.001303317606
858,1785497146.404789209,map,8.1130237579,6.9527649879,-1.4531798363,0.0271069457,0.0455811798,0.7469976149,0.6627082002,0.04256474264 0 0 0 0 0 0 0.04256474264 0 0 0 0 0 0 0.09382719173 0 0 0 0 0 0 0.0007442875236 0 0 0 0 0 0 0.0007442875236 0 0 0 0 0 0 0.001296596208
859,1785497146.604787111,map,8.1089925766,6.9551506042,-1.4519377947,0.0267144363,0.0453926974,0.7470443944,0.6626843148,0.04262926396 0 0 0 0 0 0 0.04262926396 0 0 0 0 0 0 0.09392297484 0 0 0 0 0 0 0.0007457768112 0 0 0 0 0 0 0.0007457768112 0 0 0 0 0 0 0.001298561639
860,1785497146.704626322,map,8.1066818237,6.9590229988,-1.4504244328,0.0266706753,0.0454140256,0.7470727034,0.6626527211,0.04271941202 0 0 0 0 0 0 0.04271941202 0 0 0 0 0 0 0.09405676173 0 0 0 0 0 0 0.000747858221 0 0 0 0 0 0 0.000747858221 0 0 0 0 0 0 0.001301307706
861,1785497146.804760218,map,8.1066951752,6.9579181671,-1.4532281160,0.0268108256,0.0453701938,0.7470312011,0.6626968563,0.0426958607 0 0 0 0 0 0 0.0426958607 0 0 0 0 0 0 0.09402181415 0 0 0 0 0 0 0.0007473143818 0 0 0 0 0 0 0.0007473143818 0 0 0 0 0 0 0.001300590292
862,1785497146.904873848,map,8.1064872742,6.9540128708,-1.4504131079,0.0269030869,0.0454373068,0.7470085050,0.6627140983,0.0428256846 0 0 0 0 0 0 0.0428256846 0 0 0 0 0 0 0.09421441959 0 0 0 0 0 0 0.0007503128263 0 0 0 0 0 0 0.0007503128263 0 0 0 0 0 0 0.001304544954
863,1785497147.004794836,map,8.1034488678,6.9557023048,-1.4521769285,0.0268994671,0.0454137982,0.7470808896,0.6626342505,0.04248864314 0 0 0 0 0 0 0.04248864314 0 0 0 0 0 0 0.09371419014 0 0 0 0 0 0 0.0007425314515 0 0 0 0 0 0 0.0007425314515 0 0 0 0 0 0 0.001294278084
864,1785497147.104681015,map,8.1006193161,6.9573607445,-1.4524365664,0.0267915108,0.0454141722,0.7470154090,0.6627124218,0.04286076102 0 0 0 0 0 0 0.04286076102 0 0 0 0 0 0 0.09426644228 0 0 0 0 0 0 0.0007511232087 0 0 0 0 0 0 0.0007511232087 0 0 0 0 0 0 0.001305613443
865,1785497147.204657793,map,8.1055727005,6.9524602890,-1.4498674870,0.0267329801,0.0456109346,0.7469040088,0.6628268063,0.04266546118 0 0 0 0 0 0 0.04266546118 0 0 0 0 0 0 0.09397669994 0 0 0 0 0 0 0.0007466124771 0 0 0 0 0 0 0.0007466124771 0 0 0 0 0 0 0.00129966427
866,1785497147.304890633,map,8.1048650742,6.9520230293,-1.4519517422,0.0268376562,0.0456824090,0.7469131717,0.6628073232,0.04260665199 0 0 0 0 0 0 0.04260665199 0 0 0 0 0 0 0.09388940965 0 0 0 0 0 0 0.0007452548386 0 0 0 0 0 0 0.0007452548386 0 0 0 0 0 0 0.00129787284
867,1785497147.404925346,map,8.1069355011,6.9558124542,-1.4510543346,0.0267817077,0.0456629266,0.7469027844,0.6628226458,0.04264453627 0 0 0 0 0 0 0.04264453627 0 0 0 0 0 0 0.09394564341 0 0 0 0 0 0 0.0007461293811 0 0 0 0 0 0 0.0007461293811 0 0 0 0 0 0 0.001299026861
868,1785497147.504775763,map,8.1086378098,6.9622068405,-1.4519016743,0.0265736766,0.0454584794,0.7469891368,0.6627477786,0.04265729083 0 0 0 0 0 0 0.04265729083 0 0 0 0 0 0 0.09396457389 0 0 0 0 0 0 0.0007464238427 0 0 0 0 0 0 0.0007464238427 0 0 0 0 0 0 0.001299415387
869,1785497147.604739189,map,8.1093511581,6.9590907097,-1.4523496628,0.0266868686,0.0454356079,0.7469042643,0.6628404452,0.0426909467 0 0 0 0 0 0 0.0426909467 0 0 0 0 0 0 0.09401452191 0 0 0 0 0 0 0.0007472009153 0 0 0 0 0 0 0.0007472009153 0 0 0 0 0 0 0.001300440603
870,1785497147.704677820,map,8.1105957031,6.9507894516,-1.4514876604,0.0266392231,0.0454803610,0.7468007646,0.6629558936,0.04282592358 0 0 0 0 0 0 0.04282592358 0 0 0 0 0 0 0.09421477405 0 0 0 0 0 0 0.0007503183471 0 0 0 0 0 0 0.0007503183471 0 0 0 0 0 0 0.001304552234
871,1785497147.804785967,map,8.1062393188,6.9579071999,-1.4505938292,0.0266415840,0.0454350097,0.7468732430,0.6628772536,0.04284726872 0 0 0 0 0 0 0.04284726872 0 0 0 0 0 0 0.09424643235 0 0 0 0 0 0 0.000750811479 0 0 0 0 0 0 0.000750811479 0 0 0 0 0 0 0.001305202444
872,1785497147.904852152,map,8.1003971100,6.9610943794,-1.4503577948,0.0269364908,0.0454946352,0.7469898375,0.6627298419,0.0428191206 0 0 0 0 0 0 0.0428191206 0 0 0 0 0 0 0.09420468358 0 0 0 0 0 0 0.0007501611876 0 0 0 0 0 0 0.0007501611876 0 0 0 0 0 0 0.001304345003
873,1785497148.004705667,map,8.0990362167,6.9622635841,-1.4489696026,0.0269210312,0.0454345517,0.7470396125,0.6626785035,0.0428041801 0 0 0 0 0 0 0.0428041801 0 0 0 0 0 0 0.09418252231 0 0 0 0 0 0 0.0007498160528 0 0 0 0 0 0 0.0007498160528 0 0 0 0 0 0 0.00130388989
874,1785497148.204765797,map,8.1284360886,6.9081268311,-1.4531582594,0.0262255077,0.0456084115,0.7461869377,0.6636544011,0.04266344844 0 0 0 0 0 0 0.04266344844 0 0 0 0 0 0 0.09397371275 0 0 0 0 0 0 0.0007465660069 0 0 0 0 0 0 0.0007465660069 0 0 0 0 0 0 0.001299602958
875,1785497148.304878950,map,8.1309309006,6.9040050507,-1.4531878233,0.0263291255,0.0456815686,0.7461269592,0.6637126829,0.0425632009 0 0 0 0 0 0 0.0425632009 0 0 0 0 0 0 0.09382490271 0 0 0 0 0 0 0.0007442519416 0 0 0 0 0 0 0.0007442519416 0 0 0 0 0 0 0.001296549244
876,1785497148.404681683,map,8.1064109802,6.9360384941,-1.4522932768,0.0260169457,0.0454565026,0.7465396861,0.6632762054,0.04280809376 0 0 0 0 0 0 0.04280809376 0 0 0 0 0 0 0.09418832758 0 0 0 0 0 0 0.000749906459 0 0 0 0 0 0 0.000749906459 0 0 0 0 0 0 0.001304009107
877,1785497148.504638195,map,8.1005935669,6.9394927025,-1.4493596554,0.0263095955,0.0455934454,0.7467141022,0.6630588773,0.04266194508 0 0 0 0 0 0 0.04266194508 0 0 0 0 0 0 0.09397148154 0 0 0 0 0 0 0.0007465312976 0 0 0 0 0 0 0.0007465312976 0 0 0 0 0 0 0.001299557163
878,1785497148.604835033,map,8.1154356003,6.9232273102,-1.4541633129,0.0256990564,0.0453864976,0.7464927762,0.6633462114,0.04274488586 0 0 0 0 0 0 0.04274488586 0 0 0 0 0 0 0.09409455859 0 0 0 0 0 0 0.0007484465083 0 0 0 0 0 0 0.0007484465083 0 0 0 0 0 0 0.001302083684
879,1785497148.705008268,map,8.1094455719,6.9417281151,-1.4508563280,0.0263632502,0.0454796404,0.7465866374,0.6632081075,0.04271776101 0 0 0 0 0 0 0.04271776101 0 0 0 0 0 0 0.09405431191 0 0 0 0 0 0 0.0007478200948 0 0 0 0 0 0 0.0007478200948 0 0 0 0 0 0 0.001301257414
880,1785497148.804704905,map,8.1118230820,6.9439697266,-1.4504687786,0.0265239396,0.0455852378,0.7466612745,0.6631103800,0.04261082798 0 0 0 0 0 0 0.04261082798 0 0 0 0 0 0 0.0938956087 0 0 0 0 0 0 0.0007453512333 0 0 0 0 0 0 0.0007453512333 0 0 0 0 0 0 0.001298000047
881,1785497148.904645205,map,8.1115179062,6.9426302910,-1.4510570765,0.0265095239,0.0455880176,0.7467630417,0.6629962074,0.0427950574 0 0 0 0 0 0 0.0427950574 0 0 0 0 0 0 0.09416898997 0 0 0 0 0 0 0.0007496053223 0 0 0 0 0 0 0.0007496053223 0 0 0 0 0 0 0.001303611997
882,1785497149.004657269,map,8.1076774597,6.9587745667,-1.4513295889,0.0267874579,0.0455589691,0.7470134546,0.6627048400,0.0427886799 0 0 0 0 0 0 0.0427886799 0 0 0 0 0 0 0.0941595295 0 0 0 0 0 0 0.0007494580089 0 0 0 0 0 0 0.0007494580089 0 0 0 0 0 0 0.001303417727
883,1785497149.104809046,map,8.1102027893,6.9640049934,-1.4501225948,0.0268721166,0.0456135307,0.7470727779,0.6626308141,0.04250589034 0 0 0 0 0 0 0.04250589034 0 0 0 0 0 0 0.09373980373 0 0 0 0 0 0 0.0007429294038 0 0 0 0 0 0 0.0007429294038 0 0 0 0 0 0 0.001294803464
884,1785497149.204806089,map,8.1156930923,6.9619312286,-1.4510087967,0.0269366761,0.0455210101,0.7471307157,0.6625691775,0.04259131994 0 0 0 0 0 0 0.04259131994 0 0 0 0 0 0 0.0938666491 0 0 0 0 0 0 0.0007449009399 0 0 0 0 0 0 0.0007449009399 0 0 0 0 0 0 0.001297405798
885,1785497149.304648876,map,8.1142339706,6.9635281563,-1.4503998756,0.0269006655,0.0454657472,0.7472496800,0.6624402834,0.04283163163 0 0 0 0 0 0 0.04283163163 0 0 0 0 0 0 0.09422324026 0 0 0 0 0 0 0.0007504502151 0 0 0 0 0 0 0.0007504502151 0 0 0 0 0 0 0.001304726111
886,1785497149.404649973,map,8.1095886230,6.9592471123,-1.4523882866,0.0266861007,0.0455040134,0.7472769005,0.6624156348,0.04268140123 0 0 0 0 0 0 0.04268140123 0 0 0 0 0 0 0.09400035632 0 0 0 0 0 0 0.0007469805123 0 0 0 0 0 0 0.0007469805123 0 0 0 0 0 0 0.001300149832
887,1785497149.504818201,map,8.1089506149,6.9598126411,-1.4520548582,0.0266717060,0.0455430163,0.7472222317,0.6624751867,0.04259955589 0 0 0 0 0 0 0.04259955589 0 0 0 0 0 0 0.0938788756 0 0 0 0 0 0 0.0007450910418 0 0 0 0 0 0 0.0007450910418 0 0 0 0 0 0 0.00129765668
888,1785497149.604882717,map,8.1089496613,6.9524307251,-1.4528405666,0.0266538565,0.0455783206,0.7470585234,0.6626580983,0.04272139888 0 0 0 0 0 0 0.04272139888 0 0 0 0 0 0 0.09405970987 0 0 0 0 0 0 0.0007479041032 0 0 0 0 0 0 0.0007479041032 0 0 0 0 0 0 0.00130136823
889,1785497149.704680443,map,8.1052122116,6.9517264366,-1.4517444372,0.0267859703,0.0454995604,0.7470638260,0.6626522179,0.04263636994 0 0 0 0 0 0 0.04263636994 0 0 0 0 0 0 0.09393352235 0 0 0 0 0 0 0.0007459408543 0 0 0 0 0 0 0.0007459408543 0 0 0 0 0 0 0.0012987781
890,1785497149.804611683,map,8.1090631485,6.9422631264,-1.4533540010,0.0264489010,0.0455838167,0.7470174143,0.6627122784,0.04274750608 0 0 0 0 0 0 0.04274750608 0 0 0 0 0 0 0.09409844613 0 0 0 0 0 0 0.0007485070221 0 0 0 0 0 0 0.0007485070221 0 0 0 0 0 0 0.0013021635
891,1785497149.904792786,map,8.1119842529,6.9456939697,-1.4534939528,0.0262718906,0.0453478673,0.7469879018,0.6627687628,0.04273518044 0 0 0 0 0 0 0.04273518044 0 0 0 0 0 0 0.09408015859 0 0 0 0 0 0 0.0007482223668 0 0 0 0 0 0 0.0007482223668 0 0 0 0 0 0 0.00130178804
892,1785497150.004902840,map,8.1321668625,6.8583030701,-1.4577598572,0.0254768772,0.0454599308,0.7460044546,0.6638988560,0.0425508786 0 0 0 0 0 0 0.0425508786 0 0 0 0 0 0 0.09380660722 0 0 0 0 0 0 0.0007439675597 0 0 0 0 0 0 0.0007439675597 0 0 0 0 0 0 0.001296173885
893,1785497150.104666233,map,8.1135311127,6.9481582642,-1.4516692162,0.0264125763,0.0455757009,0.7466664994,0.6631096315,0.04267549074 0 0 0 0 0 0 0.04267549074 0 0 0 0 0 0 0.09399158482 0 0 0 0 0 0 0.0007468440441 0 0 0 0 0 0 0.0007468440441 0 0 0 0 0 0 0.001299969788
894,1785497150.204605818,map,8.1085872650,6.9530587196,-1.4494750500,0.0264906164,0.0454484778,0.7467202423,0.6630547422,0.04262144927 0 0 0 0 0 0 0.04262144927 0 0 0 0 0 0 0.09391137504 0 0 0 0 0 0 0.0007455964126 0 0 0 0 0 0 0.0007455964126 0 0 0 0 0 0 0.00129832359
895,1785497150.304794312,map,8.1094551086,6.9554009438,-1.4505220652,0.0264448858,0.0454969923,0.7468147201,0.6629467974,0.04270533092 0 0 0 0 0 0 0.04270533092 0 0 0 0 0 0 0.09403586729 0 0 0 0 0 0 0.0007475330591 0 0 0 0 0 0 0.0007475330591 0 0 0 0 0 0 0.001300878772
896,1785497150.404901028,map,8.1102561951,6.9593386650,-1.4521247149,0.0264867872,0.0456944499,0.7468401609,0.6629028854,0.04264037615 0 0 0 0 0 0 0.04264037615 0 0 0 0 0 0 0.0939394687 0 0 0 0 0 0 0.0007460333403 0 0 0 0 0 0 0.0007460333403 0 0 0 0 0 0 0.001298900136
897,1785497150.504719257,map,8.1128253937,6.9593744278,-1.4522076845,0.0264482118,0.0456345549,0.7468360824,0.6629131497,0.04269852165 0 0 0 0 0 0 0.04269852165 0 0 0 0 0 0 0.09402576286 0 0 0 0 0 0 0.0007473758252 0 0 0 0 0 0 0.0007473758252 0 0 0 0 0 0 0.001300671349
898,1785497150.604589939,map,8.1149454117,6.9524884224,-1.4512293339,0.0265746921,0.0456963818,0.7468081393,0.6629353199,0.04248168203 0 0 0 0 0 0 0.04248168203 0 0 0 0 0 0 0.0937038518 0 0 0 0 0 0 0.0007423708419 0 0 0 0 0 0 0.0007423708419 0 0 0 0 0 0 0.001294066037
899,1785497150.704722404,map,8.1159601212,6.9467430115,-1.4509749413,0.0264420252,0.0456842596,0.7468515171,0.6628925662,0.04281895236 0 0 0 0 0 0 0.04281895236 0 0 0 0 0 0 0.09420443404 0 0 0 0 0 0 0.0007501573011 0 0 0 0 0 0 0.0007501573011 0 0 0 0 0 0 0.001304339879
900,1785497150.804867744,map,8.1178283691,6.9409546852,-1.4511955976,0.0263226294,0.0456630526,0.7469251901,0.6628157904,0.04275284038 0 0 0 0 0 0 0.04275284038 0 0 0 0 0 0 0.09410636036 0 0 0 0 0 0 0.0007486302196 0 0 0 0 0 0 0.0007486302196 0 0 0 0 0 0 0.001302325992
901,1785497150.904790401,map,8.1212921143,6.9310364723,-1.4503413439,0.0259214979,0.0456578854,0.7469551685,0.6627981660,0.04264597803 0 0 0 0 0 0 0.04264597803 0 0 0 0 0 0 0.09394778333 0 0 0 0 0 0 0.000746162666 0 0 0 0 0 0 0.000746162666 0 0 0 0 0 0 0.001299070779
902,1785497151.004589319,map,8.1152601242,6.9301819801,-1.4523977041,0.0261842876,0.0455918132,0.7468877814,0.6628683208,0.04274622347 0 0 0 0 0 0 0.04274622347 0 0 0 0 0 0 0.09409654317 0 0 0 0 0 0 0.0007484774003 0 0 0 0 0 0 0.0007484774003 0 0 0 0 0 0 0.00130212443
903,1785497151.104665041,map,8.1106977463,6.9284687042,-1.4529893398,0.0259993750,0.0454736605,0.7469059898,0.6628632136,0.04249989197 0 0 0 0 0 0 0.04249989197 0 0 0 0 0 0 0.09373089582 0 0 0 0 0 0 0.0007427909978 0 0 0 0 0 0 0.0007427909978 0 0 0 0 0 0 0.001294620743
904,1785497151.204893589,map,8.1075067520,6.9308304787,-1.4502142668,0.0262933732,0.0455690450,0.7468821615,0.6628719119,0.04287641765 0 0 0 0 0 0 0.04287641765 0 0 0 0 0 0 0.09428966078 0 0 0 0 0 0 0.0007514849631 0 0 0 0 0 0 0.0007514849631 0 0 0 0 0 0 0.001306090371
905,1785497151.304660559,map,8.1214303970,6.8944029808,-1.4513531923,0.0258724826,0.0457115785,0.7463412368,0.6634876077,0.04266281914 0 0 0 0 0 0 0.04266281914 0 0 0 0 0 0 0.09397277879 0 0 0 0 0 0 0.0007465514779 0 0 0 0 0 0 0.0007465514779 0 0 0 0 0 0 0.001299583789
906,1785497151.404676437,map,8.1259746552,6.8774847984,-1.4573551416,0.0252254326,0.0457779419,0.7461581655,0.6637138419,0.04281016119 0 0 0 0 0 0 0.04281016119 0 0 0 0 0 0 0.09419139423 0 0 0 0 0 0 0.0007499542175 0 0 0 0 0 0 0.0007499542175 0 0 0 0 0 0 0.001304072084
907,1785497151.504623890,map,8.1046447754,6.9137072563,-1.4540179968,0.0257190990,0.0457383511,0.7466530904,0.6631407989,0.04283917593 0 0 0 0 0 0 0.04283917593 0 0 0 0 0 0 0.09423442973 0 0 0 0 0 0 0.0007506245084 0 0 0 0 0 0 0.0007506245084 0 0 0 0 0 0 0.001304955924
908,1785497151.604801655,map,8.1068954468,6.9319911003,-1.4514572620,0.0262414965,0.0454110480,0.7469065976,0.6628572676,0.04284222856 0 0 0 0 0 0 0.04284222856 0 0 0 0 0 0 0.09423895721 0 0 0 0 0 0 0.0007506950338 0 0 0 0 0 0 0.0007506950338 0 0 0 0 0 0 0.001305048912
909,1785497151.704992294,map,8.1019277573,6.9372591972,-1.4530942440,0.0266986925,0.0455706952,0.7470284504,0.6626907191,0.04259782703 0 0 0 0 0 0 0.04259782703 0 0 0 0 0 0 0.09387630909 0 0 0 0 0 0 0.000745051136 0 0 0 0 0 0 0.000745051136 0 0 0 0 0 0 0.001297604016
910,1785497151.804728985,map,8.0995159149,6.9462494850,-1.4513646364,0.0266017973,0.0454939995,0.7471187998,0.6625980343,0.04263442507 0 0 0 0 0 0 0.04263442507 0 0 0 0 0 0 0.09393063559 0 0 0 0 0 0 0.0007458959562 0 0 0 0 0 0 0.0007458959562 0 0 0 0 0 0 0.001298718856
911,1785497151.904626608,map,8.0995502472,6.9525885582,-1.4522031546,0.0268227770,0.0455656872,0.7471363097,0.6625644560,0.04266358607 0 0 0 0 0 0 0.04266358607 0 0 0 0 0 0 0.09397391701 0 0 0 0 0 0 0.0007465691845 0 0 0 0 0 0 0.0007465691845 0 0 0 0 0 0 0.001299607151
912,1785497152.004695654,map,8.0987501144,6.9514431953,-1.4513419867,0.0268281273,0.0456153569,0.7472097387,0.6624780068,0.04252189726 0 0 0 0 0 0 0.04252189726 0 0 0 0 0 0 0.09376357389 0 0 0 0 0 0 0.0007432987618 0 0 0 0 0 0 0.0007432987618 0 0 0 0 0 0 0.001295291063
913,1785497152.105019093,map,8.1397027969,6.9414710999,-1.4540342093,0.0264985903,0.0456516734,0.7472459751,0.6624478752,0.04277093529 0 0 0 0 0 0 0.04277093529 0 0 0 0 0 0 0.09413320567 0 0 0 0 0 0 0.0007490481458 0 0 0 0 0 0 0.0007490481458 0 0 0 0 0 0 0.001302877195
914,1785497152.304612637,map,8.1085815430,6.9557108879,-1.4518804550,0.0267408567,0.0456766354,0.7473246099,0.6623477240,0.04269505535 0 0 0 0 0 0 0.04269505535 0 0 0 0 0 0 0.09402061903 0 0 0 0 0 0 0.0007472957857 0 0 0 0 0 0 0.0007472957857 0 0 0 0 0 0 0.00130056576
915,1785497152.404641390,map,8.1051635742,6.9589476585,-1.4539710283,0.0266807434,0.0456001412,0.7473415202,0.6623363457,0.04272288377 0 0 0 0 0 0 0.04272288377 0 0 0 0 0 0 0.09406191316 0 0 0 0 0 0 0.0007479383935 0 0 0 0 0 0 0.0007479383935 0 0 0 0 0 0 0.001301413462
916,1785497152.504827976,map,8.1135921478,6.9510726929,-1.4522899389,0.0265652200,0.0455450581,0.7472142249,0.6624883479,0.04273866958 0 0 0 0 0 0 0.04273866958 0 0 0 0 0 0 0.09408533551 0 0 0 0 0 0 0.0007483029458 0 0 0 0 0 0 0.0007483029458 0 0 0 0 0 0 0.001301894325
917,1785497152.604788780,map,8.1120815277,6.9489555359,-1.4516994953,0.0264537411,0.0455730523,0.7471883128,0.6625201574,0.0427334465 0 0 0 0 0 0 0.0427334465 0 0 0 0 0 0 0.09407758587 0 0 0 0 0 0 0.0007481823233 0 0 0 0 0 0 0.0007481823233 0 0 0 0 0 0 0.001301735221
918,1785497152.704608917,map,8.1140575409,6.9288125038,-1.4523826838,0.0264537427,0.0454679439,0.7468834802,0.6628709411,0.04276614892 0 0 0 0 0 0 0.04276614892 0 0 0 0 0 0 0.09412610487 0 0 0 0 0 0 0.0007489375954 0 0 0 0 0 0 0.0007489375954 0 0 0 0 0 0 0.001302731394
919,1785497152.804603815,map,8.1078662872,6.9355573654,-1.4519009590,0.0266262770,0.0455846212,0.7470098327,0.6627136584,0.04264845563 0 0 0 0 0 0 0.04264845563 0 0 0 0 0 0 0.09395146067 0 0 0 0 0 0 0.000746219865 0 0 0 0 0 0 0.000746219865 0 0 0 0 0 0 0.001299146251
920,1785497152.904983759,map,8.1105098724,6.9348597527,-1.4512197971,0.0266866643,0.0455513311,0.7470624610,0.6626542067,0.04269763628 0 0 0 0 0 0 0.04269763628 0 0 0 0 0 0 0.09402444902 0 0 0 0 0 0 0.0007473553812 0 0 0 0 0 0 0.0007473553812 0 0 0 0 0 0 0.001300644379
921,1785497153.004834652,map,8.1105241776,6.9345197678,-1.4502512217,0.0266764443,0.0456513703,0.7471177089,0.6625854193,0.04267228317 0 0 0 0 0 0 0.04267228317 0 0 0 0 0 0 0.09398682452 0 0 0 0 0 0 0.0007467699853 0 0 0 0 0 0 0.0007467699853 0 0 0 0 0 0 0.00129987208
922,1785497153.104673386,map,8.1095066071,6.9371428490,-1.4536741972,0.0269768599,0.0457317682,0.7471401143,0.6625424940,0.04267391133 0 0 0 0 0 0 0.04267391133 0 0 0 0 0 0 0.09398924084 0 0 0 0 0 0 0.0007468075773 0 0 0 0 0 0 0.0007468075773 0 0 0 0 0 0 0.001299921676
923,1785497153.204589844,map,8.1017360687,6.9567651749,-1.4535942078,0.0269459106,0.0457697493,0.7474589968,0.6621812919,0.04265356434 0 0 0 0 0 0 0.04265356434 0 0 0 0 0 0 0.09395904308 0 0 0 0 0 0 0.0007463378087 0 0 0 0 0 0 0.0007463378087 0 0 0 0 0 0 0.001299301872
924,1785497153.304753065,map,8.1038446426,6.9593896866,-1.4498113394,0.0271727457,0.0459038639,0.7474466660,0.6621766858,0.04255599427 0 0 0 0 0 0 0.04255599427 0 0 0 0 0 0 0.0938142028 0 0 0 0 0 0 0.0007440856208 0 0 0 0 0 0 0.0007440856208 0 0 0 0 0 0 0.001296329717
925,1785497153.404935598,map,8.1081628799,6.9604148865,-1.4504827261,0.0271172551,0.0458458139,0.7473556273,0.6622857011,0.04277203186 0 0 0 0 0 0 0.04277203186 0 0 0 0 0 0 0.09413483247 0 0 0 0 0 0 0.0007490734734 0 0 0 0 0 0 0.0007490734734 0 0 0 0 0 0 0.001302910598
926,1785497153.504787445,map,8.1163711548,6.9540762901,-1.4495580196,0.0270438368,0.0457173528,0.7472891993,0.6623725692,0.04239588565 0 0 0 0 0 0 0.04239588565 0 0 0 0 0 0 0.09357640806 0 0 0 0 0 0 0.0007403916605 0 0 0 0 0 0 0.0007403916605 0 0 0 0 0 0 0.00129145253
927,1785497153.604598522,map,8.1189384460,6.9531307220,-1.4517849684,0.0269454212,0.0456297195,0.7473424402,0.6623225502,0.04279913094 0 0 0 0 0 0 0.04279913094 0 0 0 0 0 0 0.09417503259 0 0 0 0 0 0 0.0007496994183 0 0 0 0 0 0 0.0007496994183 0 0 0 0 0 0 0.001303736083
928,1785497153.704653740,map,8.1153545380,6.9519309998,-1.4506746531,0.0268601194,0.0455778756,0.7473098375,0.6623663600,0.04284049643 0 0 0 0 0 0 0.04284049643 0 0 0 0 0 0 0.09423638823 0 0 0 0 0 0 0.0007506550162 0 0 0 0 0 0 0.0007506550162 0 0 0 0 0 0 0.001304996149
929,1785497153.804925919,map,8.1129570007,6.9557781219,-1.4511617422,0.0267740918,0.0455247691,0.7472621901,0.6624272591,0.04264822072 0 0 0 0 0 0 0.04264822072 0 0 0 0 0 0 0.093951112 0 0 0 0 0 0 0.0007462144416 0 0 0 0 0 0 0.0007462144416 0 0 0 0 0 0 0.001299139095
930,1785497153.904572725,map,8.1151418686,6.9579663277,-1.4497587681,0.0268023008,0.0453485405,0.7472712393,0.6624280112,0.04261311845 0 0 0 0 0 0 0.04261311845 0 0 0 0 0 0 0.09389900875 0 0 0 0 0 0 0.0007454041052 0 0 0 0 0 0 0.0007454041052 0 0 0 0 0 0 0.001298069819
931,1785497154.004580975,map,8.1166744232,6.9567155838,-1.4538084269,0.0265124706,0.0453347195,0.7473283259,0.6623762136,0.04260962749 0 0 0 0 0 0 0.04260962749 0 0 0 0 0 0 0.09389382664 0 0 0 0 0 0 0.0007453235222 0 0 0 0 0 0 0.0007453235222 0 0 0 0 0 0 0.001297963478
932,1785497154.104624271,map,8.1213703156,6.9579124451,-1.4535138607,0.0264012685,0.0452084413,0.7473033206,0.6624174597,0.04273569225 0 0 0 0 0 0 0.04273569225 0 0 0 0 0 0 0.09408091797 0 0 0 0 0 0 0.0007482341864 0 0 0 0 0 0 0.0007482341864 0 0 0 0 0 0 0.00130180363
933,1785497154.204832554,map,8.1424903870,6.8956809044,-1.4573304653,0.0253796202,0.0451320856,0.7464959231,0.6633723193,0.04248244579 0 0 0 0 0 0 0.04248244579 0 0 0 0 0 0 0.09370498612 0 0 0 0 0 0 0.0007423884635 0 0 0 0 0 0 0.0007423884635 0 0 0 0 0 0 0.001294089302
934,1785497154.404561281,map,8.1396961212,6.9001598358,-1.4582813978,0.0255125019,0.0451075458,0.7464742067,0.6633932949,0.0425287987 0 0 0 0 0 0 0.0425287987 0 0 0 0 0 0 0.09377382201 0 0 0 0 0 0 0.0007434580186 0 0 0 0 0 0 0.0007434580186 0 0 0 0 0 0 0.001295501293
935,1785497154.504654169,map,8.1189165115,6.9453516006,-1.4533718824,0.0265879604,0.0453511499,0.7468783798,0.6628793583,0.04293882267 0 0 0 0 0 0 0.04293882267 0 0 0 0 0 0 0.09438219254 0 0 0 0 0 0 0.0007529270719 0 0 0 0 0 0 0.0007529270719 0 0 0 0 0 0 0.001307991337
936,1785497154.605011940,map,8.1167259216,6.9478826523,-1.4530812502,0.0265737814,0.0453437712,0.7468993197,0.6628568237,0.04277789064 0 0 0 0 0 0 0.04277789064 0 0 0 0 0 0 0.09414352403 0 0 0 0 0 0 0.0007492087965 0 0 0 0 0 0 0.0007492087965 0 0 0 0 0 0 0.001303089067
937,1785497154.704913616,map,8.1130485535,6.9532747269,-1.4528989792,0.0266318620,0.0453023547,0.7470448571,0.6626932993,0.042713374 0 0 0 0 0 0 0.042713374 0 0 0 0 0 0 0.09404780227 0 0 0 0 0 0 0.0007477187885 0 0 0 0 0 0 0.0007477187885 0 0 0 0 0 0 0.001301123778
938,1785497154.804617643,map,8.1134185791,6.9567809105,-1.4528007507,0.0263704761,0.0453106937,0.7470914470,0.6626506762,0.04289392043 0 0 0 0 0 0 0.04289392043 0 0 0 0 0 0 0.09431561544 0 0 0 0 0 0 0.0007518893988 0 0 0 0 0 0 0.0007518893988 0 0 0 0 0 0 0.001306623537
939,1785497154.904589653,map,8.1116876602,6.9541420937,-1.4523413181,0.0263362088,0.0455429467,0.7471607894,0.6625579451,0.0428266718 0 0 0 0 0 0 0.0428266718 0 0 0 0 0 0 0.09421588382 0 0 0 0 0 0 0.0007503356323 0 0 0 0 0 0 0.0007503356323 0 0 0 0 0 0 0.001304575026
940,1785497155.004757404,map,8.1149501801,6.9494161606,-1.4499641657,0.0265868790,0.0454857182,0.7470740422,0.6626496586,0.04283570981 0 0 0 0 0 0 0.04283570981 0 0 0 0 0 0 0.09422928893 0 0 0 0 0 0 0.0007505444313 0 0 0 0 0 0 0.0007505444313 0 0 0 0 0 0 0.00130485034
941,1785497155.104776859,map,8.1159095764,6.9447326660,-1.4512406588,0.0266460606,0.0454625079,0.7471123537,0.6626057059,0.04262295822 0 0 0 0 0 0 0.04262295822 0 0 0 0 0 0 0.0939136149 0 0 0 0 0 0 0.0007456312457 0 0 0 0 0 0 0.0007456312457 0 0 0 0 0 0 0.001298369556
942,1785497155.204527140,map,8.1162271500,6.9415245056,-1.4503571987,0.0262599992,0.0455102420,0.7471562733,0.6625682920,0.04275741067 0 0 0 0 0 0 0.04275741067 0 0 0 0 0 0 0.09411314095 0 0 0 0 0 0 0.000748735774 0 0 0 0 0 0 0.000748735774 0 0 0 0 0 0 0.001302465212
943,1785497155.304631472,map,8.1125497818,6.9459600449,-1.4527508020,0.0265293227,0.0453947349,0.7472084964,0.6625066089,0.04267501373 0 0 0 0 0 0 0.04267501373 0 0 0 0 0 0 0.0939908769 0 0 0 0 0 0 0.0007468330305 0 0 0 0 0 0 0.0007468330305 0 0 0 0 0 0 0.001299955257
944,1785497155.404851675,map,8.1056537628,6.9480385780,-1.4524717331,0.0267327841,0.0453820170,0.7471938078,0.6625158236,0.04259014303 0 0 0 0 0 0 0.04259014303 0 0 0 0 0 0 0.09386490191 0 0 0 0 0 0 0.000744873775 0 0 0 0 0 0 0.000744873775 0 0 0 0 0 0 0.001297369948
945,1785497155.604584932,map,8.1169281006,6.9346461296,-1.4528037310,0.0265588688,0.0453860277,0.7471023623,0.6626256966,0.04278997836 0 0 0 0 0 0 0.04278997836 0 0 0 0 0 0 0.09416145566 0 0 0 0 0 0 0.0007494880015 0 0 0 0 0 0 0.0007494880015 0 0 0 0 0 0 0.00130345728
946,1785497155.704611540,map,8.1162376404,6.9405403137,-1.4534788132,0.0263531691,0.0452347227,0.7471543221,0.6625856583,0.04269901564 0 0 0 0 0 0 0.04269901564 0 0 0 0 0 0 0.09402649592 0 0 0 0 0 0 0.0007473872319 0 0 0 0 0 0 0.0007473872319 0 0 0 0 0 0 0.001300686397
947,1785497155.804834366,map,8.1264362335,6.9386324883,-1.4530776739,0.0264887463,0.0453003998,0.7472877802,0.6624252331,0.04278969239 0 0 0 0 0 0 0.04278969239 0 0 0 0 0 0 0.09416103144 0 0 0 0 0 0 0.0007494813959 0 0 0 0 0 0 0.0007494813959 0 0 0 0 0 0 0.001303448569
948,1785497156.004712582,map,8.1232738495,6.9448056221,-1.4515124559,0.0266771441,0.0452741347,0.7472163632,0.6625000327,0.04260864899 0 0 0 0 0 0 0.04260864899 0 0 0 0 0 0 0.09389237411 0 0 0 0 0 0 0.0007453009353 0 0 0 0 0 0 0.0007453009353 0 0 0 0 0 0 0.001297933672
949,1785497156.104463339,map,8.1177291870,6.9425110817,-1.4513494968,0.0266321776,0.0454778329,0.7471953189,0.6625116120,0.04261954684 0 0 0 0 0 0 0.04261954684 0 0 0 0 0 0 0.09390855112 0 0 0 0 0 0 0.0007455524968 0 0 0 0 0 0 0.0007455524968 0 0 0 0 0 0 0.001298265639
950,1785497156.205120564,map,8.1207809448,6.9389653206,-1.4515138865,0.0265821139,0.0454172077,0.7471521663,0.6625664295,0.04279427802 0 0 0 0 0 0 0.04279427802 0 0 0 0 0 0 0.09416783384 0 0 0 0 0 0 0.0007495873193 0 0 0 0 0 0 0.0007495873193 0 0 0 0 0 0 0.001303588255
951,1785497156.304843664,map,8.1189765930,6.9366598129,-1.4533989429,0.0267061488,0.0454690087,0.7470573351,0.6626648570,0.04255312472 0 0 0 0 0 0 0.04255312472 0 0 0 0 0 0 0.0938099422 0 0 0 0 0 0 0.000744019396 0 0 0 0 0 0 0.000744019396 0 0 0 0 0 0 0.001296242306
952,1785497156.404601097,map,8.1208915710,6.9323902130,-1.4530720711,0.0265927703,0.0455236977,0.7470734054,0.6626475308,0.04278078372 0 0 0 0 0 0 0.04278078372 0 0 0 0 0 0 0.09414781587 0 0 0 0 0 0 0.0007492756204 0 0 0 0 0 0 0.0007492756204 0 0 0 0 0 0 0.001303177195
953,1785497156.504559994,map,8.1175527573,6.9398350716,-1.4524213076,0.0266942176,0.0455310554,0.7471526094,0.6625536115,0.04275982735 0 0 0 0 0 0 0.04275982735 0 0 0 0 0 0 0.09411672634 0 0 0 0 0 0 0.0007487915897 0 0 0 0 0 0 0.0007487915897 0 0 0 0 0 0 0.001302538828
954,1785497156.604955196,map,8.1135721207,6.9467997551,-1.4524639845,0.0266671434,0.0455183767,0.7472082010,0.6624929111,0.04274919287 0 0 0 0 0 0 0.04274919287 0 0 0 0 0 0 0.09410094876 0 0 0 0 0 0 0.0007485459789 0 0 0 0 0 0 0.0007485459789 0 0 0 0 0 0 0.001302214883
955,1785497156.704623699,map,8.1079015732,6.9517483711,-1.4533699751,0.0269629912,0.0454118771,0.7471641551,0.6625379087,0.04289512385 0 0 0 0 0 0 0.04289512385 0 0 0 0 0 0 0.09431739991 0 0 0 0 0 0 0.0007519172071 0 0 0 0 0 0 0.0007519172071 0 0 0 0 0 0 0.001306660195
956,1785497156.804605484,map,8.1014070511,6.9538521767,-1.4504729509,0.0270598934,0.0455430577,0.7471582857,0.6625315859,0.04237931887 0 0 0 0 0 0 0.04237931887 0 0 0 0 0 0 0.09355179456 0 0 0 0 0 0 0.0007400095659 0 0 0 0 0 0 0.0007400095659 0 0 0 0 0 0 0.001290947877
957,1785497156.904532433,map,8.0984392166,6.9588437080,-1.4529401064,0.0267874498,0.0455459976,0.7471805995,0.6625172644,0.04268824613 0 0 0 0 0 0 0.04268824613 0 0 0 0 0 0 0.09401051428 0 0 0 0 0 0 0.0007471385588 0 0 0 0 0 0 0.0007471385588 0 0 0 0 0 0 0.001300358339
958,1785497157.004705191,map,8.0956268311,6.9607772827,-1.4489448071,0.0269409345,0.0456016930,0.7471925284,0.6624937644,0.04274537438 0 0 0 0 0 0 0.04274537438 0 0 0 0 0 0 0.09409528339 0 0 0 0 0 0 0.0007484577905 0 0 0 0 0 0 0.0007484577905 0 0 0 0 0 0 0.001302098565
959,1785497157.104868174,map,8.0960025787,6.9616751671,-1.4513380527,0.0269639188,0.0456566353,0.7472085223,0.6624710086,0.04275779979 0 0 0 0 0 0 0.04275779979 0 0 0 0 0 0 0.09411371824 0 0 0 0 0 0 0.0007487447609 0 0 0 0 0 0 0.0007487447609 0 0 0 0 0 0 0.001302477065
960,1785497157.204738617,map,8.1033287048,6.9604182243,-1.4505702257,0.0267248404,0.0456499383,0.7472145035,0.6624744205,0.04280843362 0 0 0 0 0 0 0.04280843362 0 0 0 0 0 0 0.0941888317 0 0 0 0 0 0 0.0007499143098 0 0 0 0 0 0 0.0007499143098 0 0 0 0 0 0 0.001304019459
961,1785497157.304545164,map,8.1053237915,6.9666690826,-1.4511588812,0.0266445240,0.0456330002,0.7472606310,0.6624267867,0.04260132712 0 0 0 0 0 0 0.04260132712 0 0 0 0 0 0 0.09388150499 0 0 0 0 0 0 0.0007451319262 0 0 0 0 0 0 0.0007451319262 0 0 0 0 0 0 0.001297710635
962,1785497157.404679537,map,8.1034622192,6.9643168449,-1.4524065256,0.0264559779,0.0455304288,0.7472125365,0.6624956481,0.04264480187 0 0 0 0 0 0 0.04264480187 0 0 0 0 0 0 0.09394603763 0 0 0 0 0 0 0.0007461355129 0 0 0 0 0 0 0.0007461355129 0 0 0 0 0 0 0.001299034951
963,1785497157.504778385,map,8.1105556488,6.9589471817,-1.4528137445,0.0264100302,0.0455201812,0.7472070568,0.6625043555,0.04253238533 0 0 0 0 0 0 0.04253238533 0 0 0 0 0 0 0.09377914778 0 0 0 0 0 0 0.0007435407848 0 0 0 0 0 0 0.0007435407848 0 0 0 0 0 0 0.001295610548
964,1785497157.605028152,map,8.1112766266,6.9609317780,-1.4518069029,0.0263936553,0.0455601077,0.7471432520,0.6625742349,0.0426887792 0 0 0 0 0 0 0.0426887792 0 0 0 0 0 0 0.09401130536 0 0 0 0 0 0 0.0007471508675 0 0 0 0 0 0 0.0007471508675 0 0 0 0 0 0 0.001300374577
965,1785497157.704531908,map,8.1108169556,6.9612717628,-1.4511514902,0.0265259502,0.0455845903,0.7472215852,0.6624789107,0.04264535811 0 0 0 0 0 0 0.04264535811 0 0 0 0 0 0 0.09394686322 0 0 0 0 0 0 0.0007461483543 0 0 0 0 0 0 0.0007461483543 0 0 0 0 0 0 0.001299051895
966,1785497157.804710865,map,8.1108064651,6.9599509239,-1.4515916109,0.0267922792,0.0455964007,0.7471581934,0.6625388674,0.04265329097 0 0 0 0 0 0 0.04265329097 0 0 0 0 0 0 0.09395863734 0 0 0 0 0 0 0.0007463314973 0 0 0 0 0 0 0.0007463314973 0 0 0 0 0 0 0.001299293544
967,1785497157.904941082,map,8.1067533493,6.9595274925,-1.4546544552,0.0266754054,0.0455493766,0.7471280706,0.6625808174,0.04280639235 0 0 0 0 0 0 0.04280639235 0 0 0 0 0 0 0.09418580382 0 0 0 0 0 0 0.0007498671559 0 0 0 0 0 0 0.0007498671559 0 0 0 0 0 0 0.001303957279
968,1785497158.004737616,map,8.1083316803,6.9619851112,-1.4538992643,0.0265991843,0.0454120974,0.7470166282,0.6627189002,0.04254476461 0 0 0 0 0 0 0.04254476461 0 0 0 0 0 0 0.09379752918 0 0 0 0 0 0 0.000743826462 0 0 0 0 0 0 0.000743826462 0 0 0 0 0 0 0.001295987642
969,1785497158.104361057,map,8.1048707962,6.9620637894,-1.4531767368,0.0266213101,0.0453195324,0.7470274003,0.6627122363,0.04250351188 0 0 0 0 0 0 0.04250351188 0 0 0 0 0 0 0.09373627161 0 0 0 0 0 0 0.0007428745229 0 0 0 0 0 0 0.0007428745229 0 0 0 0 0 0 0.001294731012
970,1785497158.304794312,map,8.1022510529,6.9689278603,-1.4570608139,0.0273442377,0.0450445650,0.7469640191,0.6627729770,0.04270792253 0 0 0 0 0 0 0.04270792253 0 0 0 0 0 0 0.09403971298 0 0 0 0 0 0 0.0007475929036 0 0 0 0 0 0 0.0007475929036 0 0 0 0 0 0 0.001300957717
971,1785497158.404734135,map,8.1004190445,6.9757800102,-1.4577323198,0.0276031021,0.0449389155,0.7470512864,0.6626710802,0.04288973147 0 0 0 0 0 0 0.04288973147 0 0 0 0 0 0 0.09430940383 0 0 0 0 0 0 0.0007517926023 0 0 0 0 0 0 0.0007517926023 0 0 0 0 0 0 0.001306495934
972,1785497158.504541397,map,8.0999755859,6.9753088951,-1.4566951990,0.0277464254,0.0450053446,0.7470902088,0.6626166901,0.04261125116 0 0 0 0 0 0 0.04261125116 0 0 0 0 0 0 0.09389623688 0 0 0 0 0 0 0.0007453610017 0 0 0 0 0 0 0.0007453610017 0 0 0 0 0 0 0.001298012938
973,1785497158.604575634,map,8.0972452164,6.9690990448,-1.4572591782,0.0272133385,0.0451664299,0.7472260838,0.6624746033,0.04280870695 0 0 0 0 0 0 0.04280870695 0 0 0 0 0 0 0.09418923713 0 0 0 0 0 0 0.0007499206238 0 0 0 0 0 0 0.0007499206238 0 0 0 0 0 0 0.001304027785
974,1785497158.704791069,map,8.0959672928,6.9683914185,-1.4546018839,0.0267137398,0.0453315163,0.7473249594,0.6623721389,0.04247755848 0 0 0 0 0 0 0.04247755848 0 0 0 0 0 0 0.09369772756 0 0 0 0 0 0 0.0007422757037 0 0 0 0 0 0 0.0007422757037 0 0 0 0 0 0 0.001293940426
975,1785497158.804764986,map,8.1040630341,6.9672946930,-1.4519072771,0.0265057734,0.0454958636,0.7472775795,0.6624226701,0.0428480855 0 0 0 0 0 0 0.0428480855 0 0 0 0 0 0 0.09424764372 0 0 0 0 0 0 0.0007508303497 0 0 0 0 0 0 0.0007508303497 0 0 0 0 0 0 0.001305227325
976,1785497158.904570341,map,8.1083583832,6.9622468948,-1.4509333372,0.0261636627,0.0455301997,0.7472770366,0.6624345375,0.04268145215 0 0 0 0 0 0 0.04268145215 0 0 0 0 0 0 0.09400043188 0 0 0 0 0 0 0.0007469816879 0 0 0 0 0 0 0.0007469816879 0 0 0 0 0 0 0.001300151383
977,1785497159.004539490,map,8.1146106720,6.9547524452,-1.4500784874,0.0256396020,0.0457277704,0.7471768062,0.6625544717,0.04263461888 0 0 0 0 0 0 0.04263461888 0 0 0 0 0 0 0.09393092326 0 0 0 0 0 0 0.0007459004304 0 0 0 0 0 0 0.0007459004304 0 0 0 0 0 0 0.00129872476
978,1785497159.105870008,map,8.1251420975,6.9382624626,-1.4545366764,0.0249325750,0.0454600125,0.7470069685,0.6627913229,0.04263809108 0 0 0 0 0 0 0.04263809108 0 0 0 0 0 0 0.09393607703 0 0 0 0 0 0 0.0007459805879 0 0 0 0 0 0 0.0007459805879 0 0 0 0 0 0 0.001298830529
979,1785497159.204728127,map,8.1273269653,6.9410557747,-1.4543404579,0.0248906389,0.0454163141,0.7470685026,0.6627265380,0.04261554253 0 0 0 0 0 0 0.04261554253 0 0 0 0 0 0 0.0939026071 0 0 0 0 0 0 0.0007454600617 0 0 0 0 0 0 0.0007454600617 0 0 0 0 0 0 0.001298143661
980,1785497159.304553986,map,8.1252889633,6.9488701820,-1.4548363686,0.0253772871,0.0453975811,0.7470690512,0.6627087581,0.04257073429 0 0 0 0 0 0 0.04257073429 0 0 0 0 0 0 0.09383608745 0 0 0 0 0 0 0.0007444258084 0 0 0 0 0 0 0.0007444258084 0 0 0 0 0 0 0.001296778724
981,1785497159.404622078,map,8.1261329651,6.9492435455,-1.4530731440,0.0256016495,0.0453736030,0.7470187870,0.6627584359,0.04264358555 0 0 0 0 0 0 0.04264358555 0 0 0 0 0 0 0.0939442323 0 0 0 0 0 0 0.0007461074326 0 0 0 0 0 0 0.0007461074326 0 0 0 0 0 0 0.0012989979
982,1785497159.504715919,map,8.1087627411,6.9613771439,-1.4526106119,0.0266780695,0.0455271368,0.7469777621,0.6627516866,0.04271564162 0 0 0 0 0 0 0.04271564162 0 0 0 0 0 0 0.09405116708 0 0 0 0 0 0 0.0007477711529 0 0 0 0 0 0 0.0007477711529 0 0 0 0 0 0 0.001301192853
983,1785497159.604746580,map,8.1019468307,6.9633612633,-1.4549196959,0.0268621817,0.0455491990,0.7469577734,0.6627652526,0.04274992626 0 0 0 0 0 0 0.04274992626 0 0 0 0 0 0 0.09410203686 0 0 0 0 0 0 0.0007485629168 0 0 0 0 0 0 0.0007485629168 0 0 0 0 0 0 0.001302237223
984,1785497159.704550743,map,8.1039323807,6.9616079330,-1.4523875713,0.0265185507,0.0454941652,0.7469534580,0.6627877342,0.04283917048 0 0 0 0 0 0 0.04283917048 0 0 0 0 0 0 0.09423442165 0 0 0 0 0 0 0.0007506243826 0 0 0 0 0 0 0.0007506243826 0 0 0 0 0 0 0.001304955758
985,1785497159.804536819,map,8.1190328598,6.9394755363,-1.4509743452,0.0260243693,0.0454675769,0.7468106408,0.6629700524,0.04285733408 0 0 0 0 0 0 0.04285733408 0 0 0 0 0 0 0.09426136 0 0 0 0 0 0 0.0007510440301 0 0 0 0 0 0 0.0007510440301 0 0 0 0 0 0 0.001305509053
986,1785497159.904679775,map,8.1174325943,6.9455447197,-1.4512251616,0.0257602029,0.0453318111,0.7468934239,0.6628964115,0.04265958199 0 0 0 0 0 0 0.04265958199 0 0 0 0 0 0 0.09396797436 0 0 0 0 0 0 0.0007464767396 0 0 0 0 0 0 0.0007464767396 0 0 0 0 0 0 0.00129948518
987,1785497160.004761457,map,8.1221523285,6.9508671761,-1.4506115913,0.0255251722,0.0451183886,0.7469995765,0.6628004549,0.04271396249 0 0 0 0 0 0 0.04271396249 0 0 0 0 0 0 0.0940486755 0 0 0 0 0 0 0.000747732378 0 0 0 0 0 0 0.000747732378 0 0 0 0 0 0 0.001301141704
988,1785497160.104570866,map,8.1247539520,6.9500246048,-1.4499778748,0.0252952222,0.0451305365,0.7470288093,0.6627754558,0.04275341786 0 0 0 0 0 0 0.04275341786 0 0 0 0 0 0 0.09410721714 0 0 0 0 0 0 0.0007486435569 0 0 0 0 0 0 0.0007486435569 0 0 0 0 0 0 0.001302343584
989,1785497160.204542160,map,8.1219053268,6.9499864578,-1.4519655704,0.0251206025,0.0449328379,0.7471610951,0.6626464036,0.04254217062 0 0 0 0 0 0 0.04254217062 0 0 0 0 0 0 0.09379367756 0 0 0 0 0 0 0.0007437665992 0 0 0 0 0 0 0.0007437665992 0 0 0 0 0 0 0.001295908625
990,1785497160.404960155,map,8.1098308563,6.9600753784,-1.4589030743,0.0262468497,0.0449690837,0.7470545724,0.6627204053,0.04272685698 0 0 0 0 0 0 0.04272685698 0 0 0 0 0 0 0.09406780858 0 0 0 0 0 0 0.0007480301474 0 0 0 0 0 0 0.0007480301474 0 0 0 0 0 0 0.001301534493
991,1785497160.504428148,map,8.1135835648,6.9591259956,-1.4527630806,0.0261603848,0.0449925012,0.7471491649,0.6626156205,0.04277248205 0 0 0 0 0 0 0.04277248205 0 0 0 0 0 0 0.09413550034 0 0 0 0 0 0 0.0007490838717 0 0 0 0 0 0 0.0007490838717 0 0 0 0 0 0 0.001302924312
992,1785497160.604481697,map,8.1161108017,6.9548563957,-1.4544272423,0.0262474363,0.0450265449,0.7471299688,0.6626315084,0.0426515872 0 0 0 0 0 0 0.0426515872 0 0 0 0 0 0 0.0939561086 0 0 0 0 0 0 0.0007462921626 0 0 0 0 0 0 0.0007462921626 0 0 0 0 0 0 0.001299241644
993,1785497160.704649687,map,8.1060533524,6.9736447334,-1.4567582607,0.0266848780,0.0449774482,0.7470761722,0.6626780074,0.04273690189 0 0 0 0 0 0 0.04273690189 0 0 0 0 0 0 0.09408271275 0 0 0 0 0 0 0.0007482621221 0 0 0 0 0 0 0.0007482621221 0 0 0 0 0 0 0.001301840478
994,1785497160.804833412,map,8.1099548340,6.9748148918,-1.4523175955,0.0266675449,0.0451467110,0.7469934636,0.6627604370,0.04275246025 0 0 0 0 0 0 0.04275246025 0 0 0 0 0 0 0.09410579639 0 0 0 0 0 0 0.0007486214402 0 0 0 0 0 0 0.0007486214402 0 0 0 0 0 0 0.001302314413
995,1785497160.904468775,map,8.1085109711,6.9753680229,-1.4492981434,0.0267252091,0.0452302701,0.7471093549,0.6626217486,0.04269378347 0 0 0 0 0 0 0.04269378347 0 0 0 0 0 0 0.09401873161 0 0 0 0 0 0 0.0007472664174 0 0 0 0 0 0 0.0007472664174 0 0 0 0 0 0 0.001300527016
996,1785497161.004498720,map,8.1112051010,6.9715685844,-1.4505903721,0.0267099060,0.0452442780,0.7470433248,0.6626958753,0.0427994468 0 0 0 0 0 0 0.0427994468 0 0 0 0 0 0 0.09417550113 0 0 0 0 0 0 0.0007497067147 0 0 0 0 0 0 0.0007497067147 0 0 0 0 0 0 0.001303745705
997,1785497161.104582310,map,8.1162471771,6.9740853310,-1.4520711899,0.0266719659,0.0451183386,0.7469697756,0.6627888555,0.0427177297 0 0 0 0 0 0 0.0427177297 0 0 0 0 0 0 0.09405426545 0 0 0 0 0 0 0.0007478193718 0 0 0 0 0 0 0.0007478193718 0 0 0 0 0 0 0.00130125646
998,1785497161.204795599,map,8.1204042435,6.9700741768,-1.4547573328,0.0267827596,0.0453441144,0.7470212361,0.6627110024,0.04279248823 0 0 0 0 0 0 0.04279248823 0 0 0 0 0 0 0.09416517886 0 0 0 0 0 0 0.0007495459768 0 0 0 0 0 0 0.0007495459768 0 0 0 0 0 0 0.001303533735
999,1785497161.304661751,map,8.1257371902,6.9701356888,-1.4570896626,0.0261459460,0.0448936804,0.7470362788,0.6627501184,0.04278277962 0 0 0 0 0 0 0.04278277962 0 0 0 0 0 0 0.09415077673 0 0 0 0 0 0 0.0007493217218 0 0 0 0 0 0 0.0007493217218 0 0 0 0 0 0 0.001303237994
1000,1785497161.404470205,map,8.1120443344,6.9740610123,-1.4526327848,0.0262828709,0.0452139779,0.7470638514,0.6626918686,0.04290899441 0 0 0 0 0 0 0.04290899441 0 0 0 0 0 0 0.09433796708 0 0 0 0 0 0 0.0007522377333 0 0 0 0 0 0 0.0007522377333 0 0 0 0 0 0 0.001307082716
1001,1785497161.504608393,map,8.1112251282,6.9753580093,-1.4516793489,0.0260941547,0.0451597015,0.7470929548,0.6626702018,0.04277895568 0 0 0 0 0 0 0.04277895568 0 0 0 0 0 0 0.094145104 0 0 0 0 0 0 0.0007492333965 0 0 0 0 0 0 0.0007492333965 0 0 0 0 0 0 0.00130312151
1002,1785497161.604877710,map,8.1107597351,6.9749026299,-1.4518043995,0.0263873140,0.0450782073,0.7471258242,0.6626270867,0.04274850129 0 0 0 0 0 0 0.04274850129 0 0 0 0 0 0 0.09409992269 0 0 0 0 0 0 0.0007485300067 0 0 0 0 0 0 0.0007485300067 0 0 0 0 0 0 0.001302193816
1003,1785497161.704536676,map,8.1088256836,6.9728841782,-1.4510605335,0.0265231496,0.0451331654,0.7471523077,0.6625880829,0.04271543286 0 0 0 0 0 0 0.04271543286 0 0 0 0 0 0 0.0940508573 0 0 0 0 0 0 0.0007477663321 0 0 0 0 0 0 0.0007477663321 0 0 0 0 0 0 0.001301186494
1004,1785497161.804527521,map,8.1129302979,6.9716849327,-1.4522460699,0.0266215940,0.0451194956,0.7472004306,0.6625308113,0.04280824682 0 0 0 0 0 0 0.04280824682 0 0 0 0 0 0 0.09418855461 0 0 0 0 0 0 0.0007499099947 0 0 0 0 0 0 0.0007499099947 0 0 0 0 0 0 0.001304013769
1005,1785497161.904518366,map,8.1141500473,6.9704141617,-1.4510589838,0.0267732120,0.0452921830,0.7472150884,0.6624963369,0.04275531682 0 0 0 0 0 0 0.04275531682 0 0 0 0 0 0 0.09411003448 0 0 0 0 0 0 0.0007486874147 0 0 0 0 0 0 0.0007486874147 0 0 0 0 0 0 0.001302401429
1006,1785497162.004769564,map,8.1146087646,6.9703421593,-1.4505978823,0.0267406111,0.0452123681,0.7472026006,0.6625172209,0.04264616974 0 0 0 0 0 0 0.04264616974 0 0 0 0 0 0 0.09394806787 0 0 0 0 0 0 0.0007461670917 0 0 0 0 0 0 0.0007461670917 0 0 0 0 0 0 0.001299076619
1007,1785497162.104933500,map,8.1118125916,6.9732313156,-1.4512119293,0.0267827753,0.0453688577,0.7472464020,0.6624554135,0.04286064348 0 0 0 0 0 0 0.04286064348 0 0 0 0 0 0 0.09426626797 0 0 0 0 0 0 0.0007511204928 0 0 0 0 0 0 0.0007511204928 0 0 0 0 0 0 0.001305609863
1008,1785497162.204580545,map,8.1131963730,6.9713716507,-1.4521738291,0.0270055411,0.0453870943,0.7472852593,0.6624012461,0.04280345228 0 0 0 0 0 0 0.04280345228 0 0 0 0 0 0 0.09418144269 0 0 0 0 0 0 0.0007497992401 0 0 0 0 0 0 0.0007497992401 0 0 0 0 0 0 0.001303867719
1009,1785497162.304536343,map,8.1111211777,6.9731535912,-1.4514964819,0.0271246702,0.0454473894,0.7473390736,0.6623315354,0.04275805258 0 0 0 0 0 0 0.04275805258 0 0 0 0 0 0 0.09411409329 0 0 0 0 0 0 0.0007487505995 0 0 0 0 0 0 0.0007487505995 0 0 0 0 0 0 0.001302484765
1010,1785497162.404726982,map,8.1085119247,6.9733214378,-1.4508990049,0.0269785357,0.0454153063,0.7473300591,0.6623499329,0.04271220697 0 0 0 0 0 0 0.04271220697 0 0 0 0 0 0 0.09404607056 0 0 0 0 0 0 0.0007476918394 0 0 0 0 0 0 0.0007476918394 0 0 0 0 0 0 0.001301088228
1011,1785497162.504712582,map,8.1105880737,6.9715847969,-1.4525666237,0.0269054634,0.0454502594,0.7473445762,0.6623340960,0.04265857033 0 0 0 0 0 0 0.04265857033 0 0 0 0 0 0 0.09396647289 0 0 0 0 0 0 0.000746453383 0 0 0 0 0 0 0.000746453383 0 0 0 0 0 0 0.001299454363
1012,1785497162.604539633,map,8.1120119095,6.9724011421,-1.4517675638,0.0267740504,0.0452606445,0.7473381469,0.6623596531,0.04289770732 0 0 0 0 0 0 0.04289770732 0 0 0 0 0 0 0.09432123074 0 0 0 0 0 0 0.0007519769056 0 0 0 0 0 0 0.0007519769056 0 0 0 0 0 0 0.001306738892
1013,1785497162.804740429,map,8.1103277206,6.9703392982,-1.4521105289,0.0267597809,0.0451988085,0.7472626737,0.6624496030,0.042724702 0 0 0 0 0 0 0.042724702 0 0 0 0 0 0 0.09406461105 0 0 0 0 0 0 0.000747980382 0 0 0 0 0 0 0.000747980382 0 0 0 0 0 0 0.001301468848
1014,1785497162.904743195,map,8.1093769073,6.9724678993,-1.4523018599,0.0269197643,0.0452809990,0.7472388649,0.6624643688,0.04272725553 0 0 0 0 0 0 0.04272725553 0 0 0 0 0 0 0.09406839994 0 0 0 0 0 0 0.0007480393512 0 0 0 0 0 0 0.0007480393512 0 0 0 0 0 0 0.001301546633
1015,1785497163.004576206,map,8.1120777130,6.9733242989,-1.4523563385,0.0268882613,0.0454083855,0.7473012251,0.6623865957,0.04254878825 0 0 0 0 0 0 0.04254878825 0 0 0 0 0 0 0.09380350349 0 0 0 0 0 0 0.0007439193184 0 0 0 0 0 0 0.0007439193184 0 0 0 0 0 0 0.001296110209
1016,1785497163.104432106,map,8.1131734848,6.9731535912,-1.4537006617,0.0268120261,0.0452904239,0.7473167632,0.6623802011,0.04288356274 0 0 0 0 0 0 0.04288356274 0 0 0 0 0 0 0.09430025635 0 0 0 0 0 0 0.0007516500611 0 0 0 0 0 0 0.0007516500611 0 0 0 0 0 0 0.001306308023
1017,1785497163.204646349,map,8.1073675156,6.9740085602,-1.4544068575,0.0266986260,0.0452078419,0.7473492160,0.6623538306,0.04269279631 0 0 0 0 0 0 0.04269279631 0 0 0 0 0 0 0.0940172667 0 0 0 0 0 0 0.0007472436234 0 0 0 0 0 0 0.0007472436234 0 0 0 0 0 0 0.001300496946
1018,1785497163.304957390,map,8.1039199829,6.9783825874,-1.4523704052,0.0267382361,0.0452579017,0.7473583807,0.6623384507,0.04296537083 0 0 0 0 0 0 0.04296537083 0 0 0 0 0 0 0.0944215505 0 0 0 0 0 0 0.0007535406708 0 0 0 0 0 0 0.0007535406708 0 0 0 0 0 0 0.00130880004
1019,1785497163.404681444,map,8.1078100204,6.9784898758,-1.4525731802,0.0266309619,0.0452661092,0.7473990196,0.6622963560,0.04287870994 0 0 0 0 0 0 0.04287870994 0 0 0 0 0 0 0.09429306008 0 0 0 0 0 0 0.0007515379294 0 0 0 0 0 0 0.0007515379294 0 0 0 0 0 0 0.001306160199
1020,1785497163.504496336,map,8.1104068756,6.9785857201,-1.4535677433,0.0266801223,0.0452181847,0.7473537104,0.6623488305,0.04271298411 0 0 0 0 0 0 0.04271298411 0 0 0 0 0 0 0.09404722372 0 0 0 0 0 0 0.000747709785 0 0 0 0 0 0 0.000747709785 0 0 0 0 0 0 0.001301111901
1021,1785497163.604530573,map,8.1104297638,6.9782876968,-1.4538165331,0.0267421019,0.0451554558,0.7474021868,0.6622958821,0.04272456073 0 0 0 0 0 0 0.04272456073 0 0 0 0 0 0 0.09406440144 0 0 0 0 0 0 0.0007479771197 0 0 0 0 0 0 0.0007479771197 0 0 0 0 0 0 0.001301464545
1022,1785497163.704552650,map,8.1138429642,6.9747262001,-1.4527366161,0.0266426007,0.0452494106,0.7473800037,0.6623184906,0.04271341994 0 0 0 0 0 0 0.04271341994 0 0 0 0 0 0 0.09404787043 0 0 0 0 0 0 0.0007477198492 0 0 0 0 0 0 0.0007477198492 0 0 0 0 0 0 0.001301125177
1023,1785497163.804880857,map,8.1129159927,6.9704170227,-1.4541558027,0.0266530820,0.0452028971,0.7473642371,0.6623390427,0.04269619709 0 0 0 0 0 0 0.04269619709 0 0 0 0 0 0 0.09402231333 0 0 0 0 0 0 0.0007473221493 0 0 0 0 0 0 0.0007473221493 0 0 0 0 0 0 0.001300600539
1024,1785497163.904715061,map,8.1141204834,6.9662332535,-1.4534095526,0.0265415418,0.0451480030,0.7473608207,0.6623511225,0.04284715157 0 0 0 0 0 0 0.04284715157 0 0 0 0 0 0 0.0942462586 0 0 0 0 0 0 0.0007508087723 0 0 0 0 0 0 0.0007508087723 0 0 0 0 0 0 0.001305198876
1025,1785497164.004486561,map,8.1214151382,6.9727654457,-1.4547083378,0.0264835637,0.0452024490,0.7473121276,0.6624046683,0.04275352992 0 0 0 0 0 0 0.04275352992 0 0 0 0 0 0 0.09410738339 0 0 0 0 0 0 0.000748646145 0 0 0 0 0 0 0.000748646145 0 0 0 0 0 0 0.001302346997
1026,1785497164.104374647,map,8.1194496155,6.9741663933,-1.4542104006,0.0265036170,0.0451044749,0.7472623757,0.6624666575,0.04258377485 0 0 0 0 0 0 0.04258377485 0 0 0 0 0 0 0.09385544788 0 0 0 0 0 0 0.0007447267897 0 0 0 0 0 0 0.0007447267897 0 0 0 0 0 0 0.001297175962
1027,1785497164.204791784,map,8.1216659546,6.9751648903,-1.4542305470,0.0263830693,0.0450287240,0.7472409537,0.6625007848,0.04272072728 0 0 0 0 0 0 0.04272072728 0 0 0 0 0 0 0.09405871334 0 0 0 0 0 0 0.0007478885939 0 0 0 0 0 0 0.0007478885939 0 0 0 0 0 0 0.001301347772
1028,1785497164.304873466,map,8.1196088791,6.9672250748,-1.4536454678,0.0262642306,0.0450073034,0.7471673466,0.6625899832,0.04275126075 0 0 0 0 0 0 0.04275126075 0 0 0 0 0 0 0.09410401677 0 0 0 0 0 0 0.0007485937374 0 0 0 0 0 0 0.0007485937374 0 0 0 0 0 0 0.001302277874
1029,1785497164.404707909,map,8.1231718063,6.9591059685,-1.4549055099,0.0262981242,0.0449700238,0.7470590610,0.6627132720,0.04265971494 0 0 0 0 0 0 0.04265971494 0 0 0 0 0 0 0.09396817168 0 0 0 0 0 0 0.0007464798091 0 0 0 0 0 0 0.0007464798091 0 0 0 0 0 0 0.001299489229
1030,1785497164.504415035,map,8.1234855652,6.9612150192,-1.4544296265,0.0263361097,0.0450388163,0.7470163093,0.6627552882,0.04275222121 0 0 0 0 0 0 0.04275222121 0 0 0 0 0 0 0.09410544174 0 0 0 0 0 0 0.0007486159196 0 0 0 0 0 0 0.0007486159196 0 0 0 0 0 0 0.001302307132
1031,1785497164.604604483,map,8.1544370651,6.9413232803,-1.4550781250,0.0260597043,0.0451794742,0.7469442085,0.6628378754,0.04256870784 0 0 0 0 0 0 0.04256870784 0 0 0 0 0 0 0.09383307884 0 0 0 0 0 0 0.0007443790386 0 0 0 0 0 0 0.0007443790386 0 0 0 0 0 0 0.001296716995
1032,1785497164.804775476,map,8.1336145401,6.9668564796,-1.4571868181,0.0261894318,0.0449808883,0.7472040385,0.6625533781,0.0426559183 0 0 0 0 0 0 0.0426559183 0 0 0 0 0 0 0.09396253681 0 0 0 0 0 0 0.0007463921548 0 0 0 0 0 0 0.0007463921548 0 0 0 0 0 0 0.001299373577
1033,1785497164.904598236,map,8.1302299500,6.9693303108,-1.4553139210,0.0262750989,0.0449568185,0.7472915406,0.6624529068,0.04279863689 0 0 0 0 0 0 0.04279863689 0 0 0 0 0 0 0.09417429973 0 0 0 0 0 0 0.000749688006 0 0 0 0 0 0 0.000749688006 0 0 0 0 0 0 0.001303721034
1034,1785497165.004460335,map,8.1280469894,6.9698004723,-1.4537960291,0.0264939885,0.0450656383,0.7473238676,0.6624003238,0.04281186433 0 0 0 0 0 0 0.04281186433 0 0 0 0 0 0 0.0941939205 0 0 0 0 0 0 0.0007499935609 0 0 0 0 0 0 0.0007499935609 0 0 0 0 0 0 0.001304123965
1035,1785497165.104662895,map,8.1266651154,6.9726920128,-1.4535059929,0.0264762961,0.0449516748,0.7472851427,0.6624524766,0.04260225214 0 0 0 0 0 0 0.04260225214 0 0 0 0 0 0 0.09388287817 0 0 0 0 0 0 0.0007451532779 0 0 0 0 0 0 0.0007451532779 0 0 0 0 0 0 0.001297738812
1036,1785497165.204831362,map,8.1266660690,6.9729285240,-1.4555654526,0.0262942661,0.0450850826,0.7472727077,0.6624646767,0.04281349821 0 0 0 0 0 0 0.04281349821 0 0 0 0 0 0 0.09419634404 0 0 0 0 0 0 0.0007500313048 0 0 0 0 0 0 0.0007500313048 0 0 0 0 0 0 0.001304173736
1037,1785497165.304634333,map,8.1305837631,6.9727129936,-1.4551209211,0.0262260791,0.0450712167,0.7472194301,0.6625284034,0.04267505022 0 0 0 0 0 0 0.04267505022 0 0 0 0 0 0 0.09399093106 0 0 0 0 0 0 0.0007468338731 0 0 0 0 0 0 0.0007468338731 0 0 0 0 0 0 0.001299956369
1038,1785497165.405347347,map,8.1298341751,6.9720721245,-1.4562487602,0.0259973516,0.0449000574,0.7472704615,0.6624914743,0.04271024967 0 0 0 0 0 0 0.04271024967 0 0 0 0 0 0 0.09404316617 0 0 0 0 0 0 0.0007476466412 0 0 0 0 0 0 0.0007476466412 0 0 0 0 0 0 0.001301028605
1039,1785497165.504518986,map,8.1246662140,6.9760332108,-1.4557790756,0.0258938149,0.0449093700,0.7472254001,0.6625457243,0.04269651728 0 0 0 0 0 0 0.04269651728 0 0 0 0 0 0 0.09402278848 0 0 0 0 0 0 0.0007473295427 0 0 0 0 0 0 0.0007473295427 0 0 0 0 0 0 0.001300610293
1040,1785497165.604847431,map,8.1250381470,6.9819803238,-1.4555224180,0.0259931195,0.0449172302,0.7471698677,0.6626039616,0.04265414356 0 0 0 0 0 0 0.04265414356 0 0 0 0 0 0 0.09395990276 0 0 0 0 0 0 0.0007463511811 0 0 0 0 0 0 0.0007463511811 0 0 0 0 0 0 0.001299319516
1041,1785497165.704879284,map,8.1226835251,6.9814972878,-1.4553987980,0.0260810484,0.0448557107,0.7472599868,0.6625030340,0.04273010751 0 0 0 0 0 0 0.04273010751 0 0 0 0 0 0 0.09407263163 0 0 0 0 0 0 0.0007481052134 0 0 0 0 0 0 0.0007481052134 0 0 0 0 0 0 0.00130163351
1042,1785497165.804675102,map,8.1210880280,6.9820909500,-1.4543462992,0.0260255782,0.0450461319,0.7473667219,0.6623718521,0.04274280429 0 0 0 0 0 0 0.04274280429 0 0 0 0 0 0 0.09409147018 0 0 0 0 0 0 0.0007483984347 0 0 0 0 0 0 0.0007483984347 0 0 0 0 0 0 0.001302020276
1043,1785497165.904490948,map,8.1178226471,6.9808464050,-1.4525660276,0.0262626025,0.0451608065,0.7473430914,0.6623813709,0.04269687508 0 0 0 0 0 0 0.04269687508 0 0 0 0 0 0 0.09402331944 0 0 0 0 0 0 0.0007473378046 0 0 0 0 0 0 0.0007473378046 0 0 0 0 0 0 0.001300621192
1044,1785497166.004512310,map,8.1205806732,6.9753637314,-1.4531184435,0.0262617179,0.0452249030,0.7473463646,0.6623733256,0.04276387165 0 0 0 0 0 0 0.04276387165 0 0 0 0 0 0 0.09412272639 0 0 0 0 0 0 0.0007488849982 0 0 0 0 0 0 0.0007488849982 0 0 0 0 0 0 0.001302662024
1045,1785497166.104755163,map,8.1224918365,6.9716591835,-1.4529407024,0.0260137705,0.0450706901,0.7472713117,0.6624783174,0.0427619188 0 0 0 0 0 0 0.0427619188 0 0 0 0 0 0 0.09411982919 0 0 0 0 0 0 0.0007488398944 0 0 0 0 0 0 0.0007488398944 0 0 0 0 0 0 0.001302602537
1046,1785497166.204713345,map,8.1213436127,6.9682879448,-1.4512532949,0.0258872879,0.0450680945,0.7473018648,0.6624489591,0.04278610877 0 0 0 0 0 0 0.04278610877 0 0 0 0 0 0 0.09415571538 0 0 0 0 0 0 0.0007493986195 0 0 0 0 0 0 0.0007493986195 0 0 0 0 0 0 0.001303339406
1047,1785497166.304620743,map,8.1335706711,6.9187593460,-1.4556618929,0.0254168688,0.0448916502,0.7464261340,0.6634657254,0.04262164049 0 0 0 0 0 0 0.04262164049 0 0 0 0 0 0 0.0939116589 0 0 0 0 0 0 0.0007456008269 0 0 0 0 0 0 0.0007456008269 0 0 0 0 0 0 0.001298329415
1048,1785497166.404548168,map,8.1264190674,6.9509487152,-1.4553525448,0.0259681731,0.0450878529,0.7469700324,0.6628185907,0.04275106143 0 0 0 0 0 0 0.04275106143 0 0 0 0 0 0 0.09410372105 0 0 0 0 0 0 0.0007485891339 0 0 0 0 0 0 0.0007485891339 0 0 0 0 0 0 0.001302271803
1049,1785497166.504585266,map,8.1241016388,6.9574089050,-1.4524557590,0.0263168594,0.0451682546,0.7470534181,0.6627053923,0.04282094769 0 0 0 0 0 0 0.04282094769 0 0 0 0 0 0 0.09420739364 0 0 0 0 0 0 0.000750203396 0 0 0 0 0 0 0.000750203396 0 0 0 0 0 0 0.00130440066
1050,1785497166.704588413,map,8.1110477448,6.9700803757,-1.4543144703,0.0265311212,0.0453180690,0.7472030323,0.6625179350,0.04266573742 0 0 0 0 0 0 0.04266573742 0 0 0 0 0 0 0.0939771099 0 0 0 0 0 0 0.0007466188548 0 0 0 0 0 0 0.0007466188548 0 0 0 0 0 0 0.001299672685
1051,1785497166.804495811,map,8.1113538742,6.9732284546,-1.4542250633,0.0264020029,0.0451776766,0.7471569772,0.6625845802,0.04275005166 0 0 0 0 0 0 0.04275005166 0 0 0 0 0 0 0.0941022229 0 0 0 0 0 0 0.0007485658128 0 0 0 0 0 0 0.0007485658128 0 0 0 0 0 0 0.001302241043
1052,1785497166.904464960,map,8.1068191528,6.9768886566,-1.4514355659,0.0264600257,0.0451810175,0.7471754623,0.6625612076,0.04301675371 0 0 0 0 0 0 0.04301675371 0 0 0 0 0 0 0.09449771499 0 0 0 0 0 0 0.0007547284375 0 0 0 0 0 0 0.0007547284375 0 0 0 0 0 0 0.001310365252
1053,1785497167.004782438,map,8.1116800308,6.9773879051,-1.4535346031,0.0263524000,0.0452177271,0.7471701553,0.6625689850,0.04290823822 0 0 0 0 0 0 0.04290823822 0 0 0 0 0 0 0.09433684584 0 0 0 0 0 0 0.0007522202586 0 0 0 0 0 0 0.0007522202586 0 0 0 0 0 0 0.001307059681
1054,1785497167.104794741,map,8.1128015518,6.9767284393,-1.4543762207,0.0263947421,0.0452324758,0.7472578016,0.6624674223,0.04273823301 0 0 0 0 0 0 0.04273823301 0 0 0 0 0 0 0.09408468776 0 0 0 0 0 0 0.0007482928634 0 0 0 0 0 0 0.0007482928634 0 0 0 0 0 0 0.001301881027
1055,1785497167.204585552,map,8.1095666885,6.9757671356,-1.4522206783,0.0264730623,0.0451967477,0.7472652002,0.6624584305,0.042561512 0 0 0 0 0 0 0.042561512 0 0 0 0 0 0 0.09382239518 0 0 0 0 0 0 0.0007442129633 0 0 0 0 0 0 0.0007442129633 0 0 0 0 0 0 0.001296497797
1056,1785497167.304408312,map,8.1121826172,6.9726061821,-1.4524279833,0.0262701762,0.0450553035,0.7472210379,0.6625259209,0.04278702945 0 0 0 0 0 0 0.04278702945 0 0 0 0 0 0 0.09415708115 0 0 0 0 0 0 0.0007494198858 0 0 0 0 0 0 0.0007494198858 0 0 0 0 0 0 0.001303367451
1057,1785497167.404487371,map,8.1100578308,6.9724593163,-1.4541566372,0.0261150181,0.0450603281,0.7472815667,0.6624634634,0.04282730776 0 0 0 0 0 0 0.04282730776 0 0 0 0 0 0 0.09421682709 0 0 0 0 0 0 0.0007503503243 0 0 0 0 0 0 0.0007503503243 0 0 0 0 0 0 0.001304594399
1058,1785497167.504934072,map,8.1182212830,6.9754285812,-1.4513394833,0.0258851335,0.0449132455,0.7472341449,0.6625359365,0.04269957546 0 0 0 0 0 0 0.04269957546 0 0 0 0 0 0 0.09402732665 0 0 0 0 0 0 0.0007474001586 0 0 0 0 0 0 0.0007474001586 0 0 0 0 0 0 0.00130070345
1059,1785497167.604746103,map,8.1234579086,6.9764003754,-1.4539804459,0.0257027705,0.0448141874,0.7472628063,0.6625174444,0.04288305329 0 0 0 0 0 0 0.04288305329 0 0 0 0 0 0 0.09429950089 0 0 0 0 0 0 0.0007516382893 0 0 0 0 0 0 0.0007516382893 0 0 0 0 0 0 0.001306292505
1060,1785497167.704539776,map,8.1167516708,6.9737753868,-1.4531168938,0.0256044495,0.0449353727,0.7472752664,0.6624989995,0.04259427036 0 0 0 0 0 0 0.04259427036 0 0 0 0 0 0 0.09387102913 0 0 0 0 0 0 0.0007449690408 0 0 0 0 0 0 0.0007449690408 0 0 0 0 0 0 0.001297495674
1061,1785497167.804459095,map,8.1162881851,6.9747090340,-1.4521580935,0.0256248087,0.0448718613,0.7473354780,0.6624345768,0.04260580397 0 0 0 0 0 0 0.04260580397 0 0 0 0 0 0 0.09388815079 0 0 0 0 0 0 0.0007452352638 0 0 0 0 0 0 0.0007452352638 0 0 0 0 0 0 0.001297847007
1062,1785497167.904536486,map,8.1224613190,6.9491610527,-1.4548244476,0.0259839758,0.0448535943,0.7468945065,0.6629189926,0.04282034143 0 0 0 0 0 0 0.04282034143 0 0 0 0 0 0 0.09420649439 0 0 0 0 0 0 0.0007501893904 0 0 0 0 0 0 0.0007501893904 0 0 0 0 0 0 0.001304382192
1063,1785497168.004752636,map,8.1194267273,6.9476194382,-1.4535733461,0.0262554506,0.0452874587,0.7469709802,0.6627926143,0.04269007164 0 0 0 0 0 0 0.04269007164 0 0 0 0 0 0 0.09401322333 0 0 0 0 0 0 0.00074718071 0 0 0 0 0 0 0.00074718071 0 0 0 0 0 0 0.001300413947
1064,1785497168.104825020,map,8.1485023499,6.9531331062,-1.4553153515,0.0264918461,0.0452269970,0.7472157444,0.6625113702,0.0427232744 0 0 0 0 0 0 0.0427232744 0 0 0 0 0 0 0.09406249278 0 0 0 0 0 0 0.0007479474144 0 0 0 0 0 0 0.0007479474144 0 0 0 0 0 0 0.001301425361
1065,1785497168.304287195,map,8.1424703598,6.9574470520,-1.4563063383,0.0264975392,0.0451550934,0.7471754538,0.6625614944,0.04263573937 0 0 0 0 0 0 0.04263573937 0 0 0 0 0 0 0.0939325864 0 0 0 0 0 0 0.0007459262972 0 0 0 0 0 0 0.0007459262972 0 0 0 0 0 0 0.001298758892
1066,1785497168.404525280,map,8.1364698410,6.9585776329,-1.4549239874,0.0265887705,0.0452612408,0.7472235522,0.6624963510,0.04262491237 0 0 0 0 0 0 0.04262491237 0 0 0 0 0 0 0.09391651557 0 0 0 0 0 0 0.0007456763561 0 0 0 0 0 0 0.0007456763561 0 0 0 0 0 0 0.001298429082
1067,1785497168.504824638,map,8.1343507767,6.9604206085,-1.4552971125,0.0265428485,0.0452656491,0.7471901263,0.6625356006,0.04268638952 0 0 0 0 0 0 0.04268638952 0 0 0 0 0 0 0.09400775906 0 0 0 0 0 0 0.0007470956899 0 0 0 0 0 0 0.0007470956899 0 0 0 0 0 0 0.001300301784
1068,1785497168.604605436,map,8.1303806305,6.9656767845,-1.4540038109,0.0265145288,0.0451408828,0.7472407850,0.6624880920,0.04273697064 0 0 0 0 0 0 0.04273697064 0 0 0 0 0 0 0.09408281475 0 0 0 0 0 0 0.0007482637098 0 0 0 0 0 0 0.0007482637098 0 0 0 0 0 0 0.001301842572
1069,1785497168.704439402,map,8.1280002594,6.9656553268,-1.4536045790,0.0264643606,0.0450945690,0.7472433291,0.6624904031,0.04265015804 0 0 0 0 0 0 0.04265015804 0 0 0 0 0 0 0.09395398742 0 0 0 0 0 0 0.0007462591679 0 0 0 0 0 0 0.0007462591679 0 0 0 0 0 0 0.00129919811
1070,1785497168.804507256,map,8.1294555664,6.9679579735,-1.4537107944,0.0262462170,0.0449955923,0.7472830516,0.6624609905,0.0427821827 0 0 0 0 0 0 0.0427821827 0 0 0 0 0 0 0.09414989121 0 0 0 0 0 0 0.000749307934 0 0 0 0 0 0 0.000749307934 0 0 0 0 0 0 0.001303219811
1071,1785497168.904804468,map,8.1278657913,6.9737095833,-1.4564558268,0.0262950717,0.0450271680,0.7472168592,0.6625315803,0.04268254547 0 0 0 0 0 0 0.04268254547 0 0 0 0 0 0 0.09400205441 0 0 0 0 0 0 0.0007470069322 0 0 0 0 0 0 0.0007470069322 0 0 0 0 0 0 0.001300184687
1072,1785497169.004719257,map,8.1239471436,6.9699182510,-1.4521445036,0.0265212720,0.0451271710,0.7472396353,0.6624900686,0.04257748985 0 0 0 0 0 0 0.04257748985 0 0 0 0 0 0 0.09384611709 0 0 0 0 0 0 0.0007445817275 0 0 0 0 0 0 0.0007445817275 0 0 0 0 0 0 0.00129698451
1073,1785497169.104493141,map,8.1185607910,6.9762258530,-1.4525328875,0.0267269549,0.0453309922,0.7473030127,0.6623963969,0.04291968732 0 0 0 0 0 0 0.04291968732 0 0 0 0 0 0 0.09435382171 0 0 0 0 0 0 0.0007524848403 0 0 0 0 0 0 0.0007524848403 0 0 0 0 0 0 0.001307408441
1074,1785497169.204390526,map,8.1204996109,6.9716315269,-1.4531750679,0.0266166779,0.0453656276,0.7473291584,0.6623689556,0.04281241442 0 0 0 0 0 0 0.04281241442 0 0 0 0 0 0 0.09419473646 0 0 0 0 0 0 0.0007500062684 0 0 0 0 0 0 0.0007500062684 0 0 0 0 0 0 0.001304140722
1075,1785497169.304666042,map,8.1211614609,6.9738802910,-1.4509102106,0.0265931908,0.0453547305,0.7473267135,0.6623734156,0.0426956492 0 0 0 0 0 0 0.0426956492 0 0 0 0 0 0 0.09402150028 0 0 0 0 0 0 0.000747309498 0 0 0 0 0 0 0.000747309498 0 0 0 0 0 0 0.001300583849
1076,1785497169.404809475,map,8.1237640381,6.9711551666,-1.4518610239,0.0264500226,0.0453587768,0.7473389504,0.6623650623,0.04284251118 0 0 0 0 0 0 0.04284251118 0 0 0 0 0 0 0.09423937636 0 0 0 0 0 0 0.0007507015632 0 0 0 0 0 0 0.0007507015632 0 0 0 0 0 0 0.001305057521
1077,1785497169.504490614,map,8.1232109070,6.9726200104,-1.4523613453,0.0267712097,0.0453039357,0.7473081744,0.6623906253,0.04256182257 0 0 0 0 0 0 0.04256182257 0 0 0 0 0 0 0.09382285628 0 0 0 0 0 0 0.0007442201308 0 0 0 0 0 0 0.0007442201308 0 0 0 0 0 0 0.001296507257
1078,1785497169.604413271,map,8.1202917099,6.9755120277,-1.4528479576,0.0267016345,0.0453240984,0.7472659318,0.6624397154,0.04276731578 0 0 0 0 0 0 0.04276731578 0 0 0 0 0 0 0.09412783598 0 0 0 0 0 0 0.0007489645461 0 0 0 0 0 0 0.0007489645461 0 0 0 0 0 0 0.001302766938
1079,1785497169.704582214,map,8.1180191040,6.9767718315,-1.4534738064,0.0266338813,0.0452678522,0.7472420070,0.6624732888,0.04286202832 0 0 0 0 0 0 0.04286202832 0 0 0 0 0 0 0.09426832171 0 0 0 0 0 0 0.0007511524894 0 0 0 0 0 0 0.0007511524894 0 0 0 0 0 0 0.001305652047
1080,1785497169.804773569,map,8.1348505020,6.9681024551,-1.4520598650,0.0257096606,0.0448510962,0.7500519292,0.6593553464,0.04294791092 0 0 0 0 0 0 0.04294791092 0 0 0 0 0 0 0.09439566643 0 0 0 0 0 0 0.0007531371189 0 0 0 0 0 0 0.0007531371189 0 0 0 0 0 0 0.001308268181
1081,1785497169.904562712,map,8.1089019775,6.9974651337,-1.4466298819,0.0273397692,0.0451815155,0.7521092751,0.6569191694,0.042977116 0 0 0 0 0 0 0.042977116 0 0 0 0 0 0 0.09443896159 0 0 0 0 0 0 0.0007538121522 0 0 0 0 0 0 0.0007538121522 0 0 0 0 0 0 0.001309157818
1082,1785497170.004400492,map,8.1091499329,6.9837646484,-1.4548059702,0.0241917284,0.0437261643,0.7603065564,0.6476393723,0.04270041408 0 0 0 0 0 0 0.04270041408 0 0 0 0 0 0 0.0940285711 0 0 0 0 0 0 0.0007474195231 0 0 0 0 0 0 0.0007474195231 0 0 0 0 0 0 0.001300728996
1083,1785497170.104479313,map,8.1087923050,6.9764518738,-1.4514852762,0.0214135765,0.0412860135,0.7682031231,0.6385146248,0.04306947645 0 0 0 0 0 0 0.04306947645 0 0 0 0 0 0 0.09457585015 0 0 0 0 0 0 0.0007559474106 0 0 0 0 0 0 0.0007559474106 0 0 0 0 0 0 0.001311971279
1084,1785497170.204729080,map,8.0952501297,6.9535298347,-1.4551029205,0.0202455137,0.0402902114,0.7768392940,0.6280824051,0.04285268952 0 0 0 0 0 0 0.04285268952 0 0 0 0 0 0 0.09425447186 0 0 0 0 0 0 0.0007509367208 0 0 0 0 0 0 0.0007509367208 0 0 0 0 0 0 0.001305367571
1085,1785497170.304802656,map,8.0910482407,6.9410257339,-1.4672955275,0.0196376607,0.0401728398,0.7826032699,0.6209127414,0.04253832971 0 0 0 0 0 0 0.04253832971 0 0 0 0 0 0 0.09378797442 0 0 0 0 0 0 0.000743677962 0 0 0 0 0 0 0.000743677962 0 0 0 0 0 0 0.001295791624
1086,1785497170.404510498,map,8.1093444824,6.9075932503,-1.4577333927,0.0185887683,0.0411987776,0.7854461409,0.6172774648,0.04275815742 0 0 0 0 0 0 0.04275815742 0 0 0 0 0 0 0.09411424883 0 0 0 0 0 0 0.0007487530209 0 0 0 0 0 0 0.0007487530209 0 0 0 0 0 0 0.001302487959
1087,1785497170.804594278,map,8.0328893661,7.0059285164,-1.4542269707,0.0266654054,0.0267578638,0.7985371758,0.6007589696,0.04275095369 0 0 0 0 0 0 0.04275095369 0 0 0 0 0 0 0.0941035612 0 0 0 0 0 0 0.0007485866457 0 0 0 0 0 0 0.0007485866457 0 0 0 0 0 0 0.001302268521
1088,1785497170.904230833,map,8.0796022415,7.0025529861,-1.4418399334,0.0269710704,0.0225723079,0.8013120367,0.5972119032,0.04284453601 0 0 0 0 0 0 0.04284453601 0 0 0 0 0 0 0.09424237943 0 0 0 0 0 0 0.0007507483435 0 0 0 0 0 0 0.0007507483435 0 0 0 0 0 0 0.001305119201
1089,1785497171.104799032,map,8.0408048630,7.0305848122,-1.4683270454,0.0293456416,0.0264885000,0.8142903588,0.5791100088,0.04265703544 0 0 0 0 0 0 0.04265703544 0 0 0 0 0 0 0.09396419484 0 0 0 0 0 0 0.0007464179464 0 0 0 0 0 0 0.0007464179464 0 0 0 0 0 0 0.001299407607
1090,1785497171.204696655,map,8.0646715164,6.9895033836,-1.4587247372,0.0284328338,0.0301883082,0.8177309459,0.5741047973,0.04274473021 0 0 0 0 0 0 0.04274473021 0 0 0 0 0 0 0.09409432766 0 0 0 0 0 0 0.0007484429136 0 0 0 0 0 0 0.0007484429136 0 0 0 0 0 0 0.001302078943
1091,1785497171.304441690,map,8.0722131729,6.9618325233,-1.4660420418,0.0272632377,0.0325612219,0.8247829608,0.5638524195,0.0426657226 0 0 0 0 0 0 0.0426657226 0 0 0 0 0 0 0.09397708791 0 0 0 0 0 0 0.0007466185126 0 0 0 0 0 0 0.0007466185126 0 0 0 0 0 0 0.001299672233
1092,1785497171.404385090,map,8.0860586166,6.9590477943,-1.4619798660,0.0258622440,0.0337261732,0.8302949517,0.5557013836,0.04258383031 0 0 0 0 0 0 0.04258383031 0 0 0 0 0 0 0.09385553021 0 0 0 0 0 0 0.0007447280698 0 0 0 0 0 0 0.0007447280698 0 0 0 0 0 0 0.001297177652
1093,1785497171.504714012,map,8.0753879547,6.9662418365,-1.4527791739,0.0249348128,0.0353884150,0.8366559110,0.5460153499,0.04287353804 0 0 0 0 0 0 0.04287353804 0 0 0 0 0 0 0.09428539047 0 0 0 0 0 0 0.0007514184266 0 0 0 0 0 0 0.0007514184266 0 0 0 0 0 0 0.001306002653
1094,1785497171.604792118,map,8.0608396530,6.9524707794,-1.4496432543,0.0256226328,0.0367568072,0.8416591011,0.5381471076,0.04275177977 0 0 0 0 0 0 0.04275177977 0 0 0 0 0 0 0.0941047868 0 0 0 0 0 0 0.0007486057242 0 0 0 0 0 0 0.0007486057242 0 0 0 0 0 0 0.001302293684
1095,1785497171.704649925,map,8.0708208084,6.9432468414,-1.4505902529,0.0261917180,0.0368967331,0.8464995329,0.5304631830,0.0428635038 0 0 0 0 0 0 0.0428635038 0 0 0 0 0 0 0.09427050988 0 0 0 0 0 0 0.0007511865805 0 0 0 0 0 0 0.0007511865805 0 0 0 0 0 0 0.001305696993
1096,1785497171.804432392,map,8.0223302841,6.9868483543,-1.4581600428,0.0274579823,0.0355305099,0.8517233242,0.5220641653,0.04294319786 0 0 0 0 0 0 0.04294319786 0 0 0 0 0 0 0.09438867909 0 0 0 0 0 0 0.0007530281902 0 0 0 0 0 0 0.0007530281902 0 0 0 0 0 0 0.001308124613
1097,1785497171.904435873,map,8.0303163528,6.9467439651,-1.4485882521,0.0270393865,0.0358204498,0.8559682052,0.5150768806,0.04294454128 0 0 0 0 0 0 0.04294454128 0 0 0 0 0 0 0.09439067078 0 0 0 0 0 0 0.0007530592392 0 0 0 0 0 0 0.0007530592392 0 0 0 0 0 0 0.001308165536
1098,1785497172.004594326,map,8.0280075073,6.9352283478,-1.4467232227,0.0277136301,0.0351166313,0.8610418658,0.5065625653,0.04285639129 0 0 0 0 0 0 0.04285639129 0 0 0 0 0 0 0.0942599618 0 0 0 0 0 0 0.0007510222475 0 0 0 0 0 0 0.0007510222475 0 0 0 0 0 0 0.001305480334
1099,1785497172.104796171,map,8.0259389877,6.9431266785,-1.4543696642,0.0279839669,0.0336684415,0.8659193630,0.4982639669,0.04279832477 0 0 0 0 0 0 0.04279832477 0 0 0 0 0 0 0.09417383674 0 0 0 0 0 0 0.0007496807963 0 0 0 0 0 0 0.0007496807963 0 0 0 0 0 0 0.001303711526
1100,1785497172.204573154,map,7.9924850464,6.9826927185,-1.4574081898,0.0297973615,0.0314959796,0.8726688907,0.4863837096,0.0425076274 0 0 0 0 0 0 0.0425076274 0 0 0 0 0 0 0.09374238333 0 0 0 0 0 0 0.0007429694853 0 0 0 0 0 0 0.0007429694853 0 0 0 0 0 0 0.001294856378
1101,1785497172.304207563,map,7.9890856743,7.0033555031,-1.4553011656,0.0307605481,0.0317125424,0.8789585607,0.4748473111,0.04266917986 0 0 0 0 0 0 0.04266917986 0 0 0 0 0 0 0.0939822189 0 0 0 0 0 0 0.0007466983346 0 0 0 0 0 0 0.0007466983346 0 0 0 0 0 0 0.001299777547
1102,1785497172.404457569,map,7.9894576073,6.9778065681,-1.4459562302,0.0286687183,0.0339194046,0.8848372424,0.4637786495,0.04291598515 0 0 0 0 0 0 0.04291598515 0 0 0 0 0 0 0.09434833249 0 0 0 0 0 0 0.0007523992843 0 0 0 0 0 0 0.0007523992843 0 0 0 0 0 0 0.001307295667
1103,1785497172.504736185,map,8.0060796738,6.9557280540,-1.4461275339,0.0287238242,0.0340787734,0.8903904740,0.4530103722,0.04277661238 0 0 0 0 0 0 0.04277661238 0 0 0 0 0 0 0.09414162774 0 0 0 0 0 0 0.0007491792717 0 0 0 0 0 0 0.0007491792717 0 0 0 0 0 0 0.001303050129
1104,1785497172.604725838,map,7.9665470123,6.9883499146,-1.4567122459,0.0280215796,0.0341769999,0.8966392101,0.4405506163,0.04294133046 0 0 0 0 0 0 0.04294133046 0 0 0 0 0 0 0.09438591054 0 0 0 0 0 0 0.0007529850311 0 0 0 0 0 0 0.0007529850311 0 0 0 0 0 0 0.001308067729
