message_index,stamp_sec,frame_id,position_x,position_y,position_z,orientation_x,orientation_y,orientation_z,orientation_w,covariance
0,0.000000000,map,8.3300000000,-3.7800000000,-1.3900000000,0.0000000000,0.0000000000,0.8530502707,0.5218287416,0 0 0 0 0 0 0 0 0 0 0 0 0 0 0 0 0 0 0 0 0 0 0 0 0 0 0 0 0 0 0 0 0 0 0 0
1,1785497053.405873299,map,8.3788623810,-3.7509872913,-1.3936575651,0.0491208718,0.0581788083,0.8519027128,0.5181353035,0.04282327672 0 0 0 0 0 0 0.04282327672 0 0 0 0 0 0 0.09421084815 0 0 0 0 0 0 0.0007502572001 0 0 0 0 0 0 0.0007502572001 0 0 0 0 0 0 0.001304471606
2,1785497055.905592203,map,8.3681030273,-3.8257169724,-1.3889266253,0.0489338422,0.0585683168,0.8513479887,0.5190201088,0.0428328828 0 0 0 0 0 0 0.0428328828 0 0 0 0 0 0 0.09422509598 0 0 0 0 0 0 0.0007504791201 0 0 0 0 0 0 0.0007504791201 0 0 0 0 0 0 0.001304764224
3,1785497056.205844879,map,8.3804531097,-3.7498652935,-1.3912172318,0.0487775395,0.0579273517,0.8519094564,0.5181846735,0.04318633358 0 0 0 0 0 0 0.04318633358 0 0 0 0 0 0 0.09474897718 0 0 0 0 0 0 0.0007586500428 0 0 0 0 0 0 0.0007586500428 0 0 0 0 0 0 0.001315530951
4,1785497056.505740404,map,8.3885431290,-3.7111711502,-1.3946279287,0.0488667846,0.0577864669,0.8521998909,0.5177142990,0.04329266978 0 0 0 0 0 0 0.04329266978 0 0 0 0 0 0 0.09490645104 0 0 0 0 0 0 0.0007611103574 0 0 0 0 0 0 0.0007611103574 0 0 0 0 0 0 0.001318770136
5,1785497056.805559397,map,8.3806114197,-3.8371081352,-1.3888095617,0.0482870308,0.0584356518,0.8514206109,0.5189763813,0.04323203381 0 0 0 0 0 0 0.04323203381 0 0 0 0 0 0 0.0948166626 0 0 0 0 0 0 0.0007597072976 0 0 0 0 0 0 0.0007597072976 0 0 0 0 0 0 0.001316923059
6,1785497057.105914116,map,8.3817157745,-3.8327965736,-1.3906033039,0.0484761293,0.0582601352,0.8514429725,0.5189419251,0.04298514438 0 0 0 0 0 0 0.04298514438 0 0 0 0 0 0 0.09445086245 0 0 0 0 0 0 0.0007539977295 0 0 0 0 0 0 0.0007539977295 0 0 0 0 0 0 0.001309402377
7,1785497057.205642939,map,8.3847236633,-3.8242404461,-1.3904371262,0.0485619838,0.0583429584,0.8515489589,0.5187506440,0.04295330446 0 0 0 0 0 0 0.04295330446 0 0 0 0 0 0 0.09440366246 0 0 0 0 0 0 0.0007532617773 0 0 0 0 0 0 0.0007532617773 0 0 0 0 0 0 0.001308432477
8,1785497057.305518866,map,8.3833808899,-3.8225777149,-1.3906784058,0.0484842662,0.0582877297,0.8515549502,0.5187542562,0.04281726038 0 0 0 0 0 0 0.04281726038 0 0 0 0 0 0 0.09420192438 0 0 0 0 0 0 0.0007501182143 0 0 0 0 0 0 0.0007501182143 0 0 0 0 0 0 0.001304288338
9,1785497057.405603170,map,8.3908300400,-3.8156907558,-1.3924540281,0.0486904764,0.0584166765,0.8516247073,0.5186058709,0.04287472079 0 0 0 0 0 0 0.04287472079 0 0 0 0 0 0 0.09428714442 0 0 0 0 0 0 0.0007514457552 0 0 0 0 0 0 0.0007514457552 0 0 0 0 0 0 0.001306038682
10,1785497057.506054163,map,8.3984804153,-3.7973256111,-1.3952473402,0.0488934292,0.0582054097,0.8517696100,0.5183725127,0.04304265698 0 0 0 0 0 0 0.04304265698 0 0 0 0 0 0 0.09453610561 0 0 0 0 0 0 0.000755327303 0 0 0 0 0 0 0.000755327303 0 0 0 0 0 0 0.001311154311
11,1785497057.605827808,map,8.3988361359,-3.7968685627,-1.3939242363,0.0488408686,0.0583704913,0.8517939103,0.5183190279,0.04273059751 0 0 0 0 0 0 0.04273059751 0 0 0 0 0 0 0.09407335867 0 0 0 0 0 0 0.0007481165293 0 0 0 0 0 0 0.0007481165293 0 0 0 0 0 0 0.001301648436
12,1785497057.705650806,map,8.3982181549,-3.7898013592,-1.3944226503,0.0489111562,0.0582813865,0.8518090593,0.5182974944,0.04274094941 0 0 0 0 0 0 0.04274094941 0 0 0 0 0 0 0.0940887181 0 0 0 0 0 0 0.0007483555969 0 0 0 0 0 0 0.0007483555969 0 0 0 0 0 0 0.001301963773
13,1785497057.805523872,map,8.3905706406,-3.8047997952,-1.3940471411,0.0490725363,0.0585958363,0.8516650898,0.5184833528,0.0426602467 0 0 0 0 0 0 0.0426602467 0 0 0 0 0 0 0.09396896089 0 0 0 0 0 0 0.0007464920862 0 0 0 0 0 0 0.0007464920862 0 0 0 0 0 0 0.001299505428
14,1785497057.905591249,map,8.3921546936,-3.8027465343,-1.3932292461,0.0488100491,0.0585934436,0.8517438858,0.5183789661,0.0427957869 0 0 0 0 0 0 0.0427957869 0 0 0 0 0 0 0.0941700721 0 0 0 0 0 0 0.000749622173 0 0 0 0 0 0 0.000749622173 0 0 0 0 0 0 0.001303634218
15,1785497058.005958796,map,8.3951387405,-3.8035686016,-1.3932447433,0.0488183741,0.0583619584,0.8517193973,0.5184445022,0.04291924812 0 0 0 0 0 0 0.04291924812 0 0 0 0 0 0 0.09435317051 0 0 0 0 0 0 0.0007524746905 0 0 0 0 0 0 0.0007524746905 0 0 0 0 0 0 0.001307395062
16,1785497058.105751276,map,8.3946571350,-3.8029663563,-1.3931381702,0.0488476838,0.0582753706,0.8517067214,0.5184723381,0.04296328482 0 0 0 0 0 0 0.04296328482 0 0 0 0 0 0 0.09441845811 0 0 0 0 0 0 0.0007534924554 0 0 0 0 0 0 0.0007534924554 0 0 0 0 0 0 0.001308736497
17,1785497058.205631495,map,8.3990678787,-3.7316563129,-1.3957979679,0.0490842212,0.0584487918,0.8521761287,0.5176584937,0.04332484177 0 0 0 0 0 0 0.04332484177 0 0 0 0 0 0 0.09495408235 0 0 0 0 0 0 0.0007618549137 0 0 0 0 0 0 0.0007618549137 0 0 0 0 0 0 0.001319750151
18,1785497058.305483341,map,8.3918857574,-3.8208930492,-1.3924947977,0.0489689575,0.0586481756,0.8515867922,0.5186158196,0.04280161624 0 0 0 0 0 0 0.04280161624 0 0 0 0 0 0 0.09417871921 0 0 0 0 0 0 0.000749756828 0 0 0 0 0 0 0.000749756828 0 0 0 0 0 0 0.00130381179
19,1785497058.405687332,map,8.4187870026,-3.7310917377,-1.3975419998,0.0487280005,0.0580049481,0.8523486584,0.5174579769,0.04308562608 0 0 0 0 0 0 0.04308562608 0 0 0 0 0 0 0.09459978082 0 0 0 0 0 0 0.0007563208447 0 0 0 0 0 0 0.0007563208447 0 0 0 0 0 0 0.001312463225
20,1785497058.506133080,map,8.4076023102,-3.7866568565,-1.3953000307,0.0487027524,0.0585170738,0.8519593316,0.5180435535,0.04291753297 0 0 0 0 0 0 0.04291753297 0 0 0 0 0 0 0.09435062745 0 0 0 0 0 0 0.0007524350537 0 0 0 0 0 0 0.0007524350537 0 0 0 0 0 0 0.001307342816
21,1785497058.605814695,map,8.4205894470,-3.7445526123,-1.3977848291,0.0489346629,0.0582136283,0.8523263991,0.5174517351,0.0428834137 0 0 0 0 0 0 0.0428834137 0 0 0 0 0 0 0.09430003533 0 0 0 0 0 0 0.0007516466171 0 0 0 0 0 0 0.0007516466171 0 0 0 0 0 0 0.001306303483
22,1785497058.705622435,map,8.4174919128,-3.7708327770,-1.3966159821,0.0487203973,0.0583330452,0.8521146938,0.5178069994,0.04305329479 0 0 0 0 0 0 0.04305329479 0 0 0 0 0 0 0.09455187058 0 0 0 0 0 0 0.0007555732584 0 0 0 0 0 0 0.0007555732584 0 0 0 0 0 0 0.001311478357
23,1785497058.805493832,map,8.4184818268,-3.7732455730,-1.3960155249,0.0487873210,0.0582333911,0.8520690192,0.5178870808,0.04290251458 0 0 0 0 0 0 0.04290251458 0 0 0 0 0 0 0.09432835897 0 0 0 0 0 0 0.0007520879928 0 0 0 0 0 0 0.0007520879928 0 0 0 0 0 0 0.001306885329
24,1785497058.905643940,map,8.4151296616,-3.7751867771,-1.3958883286,0.0487690032,0.0583025919,0.8520184230,0.5179642515,0.04331539059 0 0 0 0 0 0 0.04331539059 0 0 0 0 0 0 0.09494009028 0 0 0 0 0 0 0.000761636176 0 0 0 0 0 0 0.000761636176 0 0 0 0 0 0 0.001319462252
25,1785497059.005920410,map,8.4124879837,-3.7798998356,-1.3962343931,0.0489124614,0.0584665284,0.8519694111,0.5180128683,0.04297755993 0 0 0 0 0 0 0.04297755993 0 0 0 0 0 0 0.09443961966 0 0 0 0 0 0 0.0007538224137 0 0 0 0 0 0 0.0007538224137 0 0 0 0 0 0 0.001309171341
26,1785497059.105730772,map,8.4092187881,-3.7976164818,-1.3964307308,0.0490344315,0.0585429175,0.8518264771,0.5182277346,0.04314943534 0 0 0 0 0 0 0.04314943534 0 0 0 0 0 0 0.09469431967 0 0 0 0 0 0 0.0007577965474 0 0 0 0 0 0 0.0007577965474 0 0 0 0 0 0 0.001314406966
27,1785497059.305551767,map,8.4063291550,-3.8007242680,-1.3944741488,0.0489465622,0.0584580661,0.8518303417,0.5182393079,0.04296452466 0 0 0 0 0 0 0.04296452466 0 0 0 0 0 0 0.09442029611 0 0 0 0 0 0 0.0007535211128 0 0 0 0 0 0 0.0007535211128 0 0 0 0 0 0 0.001308774265
28,1785497059.405975819,map,8.4087190628,-3.8007750511,-1.3938281536,0.0488000230,0.0583364886,0.8518188821,0.5182856923,0.04316672152 0 0 0 0 0 0 0.04316672152 0 0 0 0 0 0 0.0947199267 0 0 0 0 0 0 0.0007581963807 0 0 0 0 0 0 0.0007581963807 0 0 0 0 0 0 0.001314933533
29,1785497059.505888700,map,8.4051055908,-3.8056921959,-1.3938397169,0.0485307328,0.0581546533,0.8517785388,0.5183976936,0.04262764691 0 0 0 0 0 0 0.04262764691 0 0 0 0 0 0 0.09392057458 0 0 0 0 0 0 0.0007457394819 0 0 0 0 0 0 0.0007457394819 0 0 0 0 0 0 0.001298512381
30,1785497059.605641365,map,8.4048290253,-3.8103785515,-1.3933274746,0.0485629804,0.0581502244,0.8517796158,0.5183933819,0.04288537854 0 0 0 0 0 0 0.04288537854 0 0 0 0 0 0 0.09430294898 0 0 0 0 0 0 0.0007516920185 0 0 0 0 0 0 0.0007516920185 0 0 0 0 0 0 0.001306363336
31,1785497059.705504417,map,8.4028577805,-3.8125762939,-1.3925392628,0.0486253503,0.0581372793,0.8517823269,0.5183845068,0.04304275162 0 0 0 0 0 0 0.04304275162 0 0 0 0 0 0 0.09453624587 0 0 0 0 0 0 0.0007553294912 0 0 0 0 0 0 0.0007553294912 0 0 0 0 0 0 0.001311157194
32,1785497059.805650949,map,8.4077854156,-3.8191523552,-1.3922740221,0.0487100621,0.0581277516,0.8517424864,0.5184430794,0.04287138898 0 0 0 0 0 0 0.04287138898 0 0 0 0 0 0 0.09428220349 0 0 0 0 0 0 0.0007513687707 0 0 0 0 0 0 0.0007513687707 0 0 0 0 0 0 0.001305937189
33,1785497059.905936241,map,8.4023780823,-3.8248004913,-1.3926671743,0.0487826814,0.0582527330,0.8516935297,0.5185026585,0.04277383416 0 0 0 0 0 0 0.04277383416 0 0 0 0 0 0 0.09413750623 0 0 0 0 0 0 0.0007491151018 0 0 0 0 0 0 0.0007491151018 0 0 0 0 0 0 0.0013029655
34,1785497060.005677700,map,8.4025526047,-3.8278913498,-1.3934634924,0.0486816203,0.0583554103,0.8516539285,0.5185656286,0.04298890866 0 0 0 0 0 0 0.04298890866 0 0 0 0 0 0 0.09445644231 0 0 0 0 0 0 0.0007540847434 0 0 0 0 0 0 0.0007540847434 0 0 0 0 0 0 0.001309517044
35,1785497060.105610609,map,8.4027748108,-3.8269457817,-1.3926417828,0.0485862950,0.0582875914,0.8516851489,0.5185309080,0.0430202908 0 0 0 0 0 0 0.0430202908 0 0 0 0 0 0 0.09450295744 0 0 0 0 0 0 0.0007548102091 0 0 0 0 0 0 0.0007548102091 0 0 0 0 0 0 0.001310472998
36,1785497060.205538273,map,8.4034280777,-3.8230607510,-1.3919893503,0.0486981061,0.0583240528,0.8516827492,0.5185202966,0.04290825747 0 0 0 0 0 0 0.04290825747 0 0 0 0 0 0 0.09433687438 0 0 0 0 0 0 0.0007522207034 0 0 0 0 0 0 0.0007522207034 0 0 0 0 0 0 0.001307060268
37,1785497060.305945158,map,8.3986234665,-3.8214850426,-1.3922624588,0.0487838305,0.0582942721,0.8516517405,0.5185665409,0.04287936707 0 0 0 0 0 0 0.04287936707 0 0 0 0 0 0 0.09429403455 0 0 0 0 0 0 0.0007515531133 0 0 0 0 0 0 0.0007515531133 0 0 0 0 0 0 0.001306180216
38,1785497060.405777693,map,8.4023218155,-3.8226425648,-1.3923751116,0.0485909109,0.0584182515,0.8516796933,0.5185248515,0.04286997071 0 0 0 0 0 0 0.04286997071 0 0 0 0 0 0 0.09428010025 0 0 0 0 0 0 0.0007513360007 0 0 0 0 0 0 0.0007513360007 0 0 0 0 0 0 0.001305893986
39,1785497060.505597591,map,8.3960065842,-3.8241236210,-1.3919045925,0.0486651811,0.0585208588,0.8516841039,0.5184990014,0.04297823106 0 0 0 0 0 0 0.04297823106 0 0 0 0 0 0 0.09444061452 0 0 0 0 0 0 0.0007538379267 0 0 0 0 0 0 0.0007538379267 0 0 0 0 0 0 0.001309191785
40,1785497060.605550289,map,8.4169940948,-3.7293989658,-1.3984961510,0.0490580065,0.0581477348,0.8523165835,0.5174636210,0.04327431286 0 0 0 0 0 0 0.04327431286 0 0 0 0 0 0 0.09487927068 0 0 0 0 0 0 0.0007606855627 0 0 0 0 0 0 0.0007606855627 0 0 0 0 0 0 0.001318210953
41,1785497060.705601454,map,8.4099912643,-3.7873146534,-1.3934587240,0.0485793788,0.0580515699,0.8519566818,0.5181118211,0.04286727679 0 0 0 0 0 0 0.04286727679 0 0 0 0 0 0 0.09427610522 0 0 0 0 0 0 0.0007512737563 0 0 0 0 0 0 0.0007512737563 0 0 0 0 0 0 0.001305811925
42,1785497060.806074619,map,8.4073419571,-3.7950718403,-1.3940026760,0.0485889792,0.0581448593,0.8519028117,0.5181890301,0.04282640025 0 0 0 0 0 0 0.04282640025 0 0 0 0 0 0 0.09421548106 0 0 0 0 0 0 0.0007503293591 0 0 0 0 0 0 0.0007503293591 0 0 0 0 0 0 0.001304566754
43,1785497060.905608892,map,8.4046039581,-3.7979872227,-1.3929754496,0.0486318280,0.0582330912,0.8518326315,0.5182904290,0.04271656728 0 0 0 0 0 0 0.04271656728 0 0 0 0 0 0 0.09405254061 0 0 0 0 0 0 0.0007477925287 0 0 0 0 0 0 0.0007477925287 0 0 0 0 0 0 0.001301221051
44,1785497061.005550623,map,8.4025163651,-3.8018956184,-1.3931350708,0.0487861645,0.0583730537,0.8518628815,0.5182105034,0.04299104079 0 0 0 0 0 0 0.04299104079 0 0 0 0 0 0 0.09445960275 0 0 0 0 0 0 0.0007541340294 0 0 0 0 0 0 0.0007541340294 0 0 0 0 0 0 0.001309581992
45,1785497061.105510950,map,8.4064092636,-3.8073329926,-1.3944904804,0.0486826580,0.0583429193,0.8517830880,0.5183547761,0.04293276644 0 0 0 0 0 0 0.04293276644 0 0 0 0 0 0 0.09437321356 0 0 0 0 0 0 0.0007527871049 0 0 0 0 0 0 0.0007527871049 0 0 0 0 0 0 0.001307806854
46,1785497061.205703735,map,8.4076843262,-3.8091957569,-1.3950957060,0.0487252706,0.0583766657,0.8517628864,0.5183801735,0.04293906528 0 0 0 0 0 0 0.04293906528 0 0 0 0 0 0 0.09438255224 0 0 0 0 0 0 0.0007529326791 0 0 0 0 0 0 0.0007529326791 0 0 0 0 0 0 0.001307998727
47,1785497061.305658102,map,8.4089584351,-3.8135769367,-1.3953073025,0.0483578067,0.0584182270,0.8517356889,0.5184545474,0.04304550499 0 0 0 0 0 0 0.04304550499 0 0 0 0 0 0 0.09454032635 0 0 0 0 0 0 0.0007553931505 0 0 0 0 0 0 0.0007553931505 0 0 0 0 0 0 0.001311241066
48,1785497061.405664206,map,8.4068517685,-3.8166196346,-1.3948954344,0.0484624878,0.0582590196,0.8517620371,0.5184193882,0.04304133755 0 0 0 0 0 0 0.04304133755 0 0 0 0 0 0 0.0945341502 0 0 0 0 0 0 0.0007552967972 0 0 0 0 0 0 0.0007552967972 0 0 0 0 0 0 0.001311114119
49,1785497061.505549431,map,8.4271287918,-3.8136823177,-1.3975255489,0.0483785401,0.0581766601,0.8519665751,0.5181002952,0.04273506965 0 0 0 0 0 0 0.04273506965 0 0 0 0 0 0 0.0940799942 0 0 0 0 0 0 0.0007482198082 0 0 0 0 0 0 0.0007482198082 0 0 0 0 0 0 0.001301784665
50,1785497061.705799341,map,8.4226179123,-3.8102412224,-1.3962771893,0.0484966219,0.0581699572,0.8519189345,0.5181683612,0.04312131197 0 0 0 0 0 0 0.04312131197 0 0 0 0 0 0 0.09465265529 0 0 0 0 0 0 0.0007571461016 0 0 0 0 0 0 0.0007571461016 0 0 0 0 0 0 0.001313550279
51,1785497061.805864096,map,8.4193115234,-3.8113222122,-1.3958977461,0.0485088237,0.0582450801,0.8518984599,0.5181925168,0.04313873576 0 0 0 0 0 0 0.04313873576 0 0 0 0 0 0 0.09467846892 0 0 0 0 0 0 0.0007575490764 0 0 0 0 0 0 0.0007575490764 0 0 0 0 0 0 0.001314081038
52,1785497061.905599594,map,8.4181079865,-3.8067839146,-1.3968716860,0.0484740701,0.0582419300,0.8519193901,0.5181616822,0.04303026756 0 0 0 0 0 0 0.04303026756 0 0 0 0 0 0 0.09451774401 0 0 0 0 0 0 0.0007550408611 0 0 0 0 0 0 0.0007550408611 0 0 0 0 0 0 0.001310776908
53,1785497062.005496502,map,8.4346704483,-3.7509384155,-1.3998955488,0.0484823931,0.0577596844,0.8524108564,0.5174060248,0.04311502717 0 0 0 0 0 0 0.04311502717 0 0 0 0 0 0 0.09464334386 0 0 0 0 0 0 0.0007570007542 0 0 0 0 0 0 0.0007570007542 0 0 0 0 0 0 0.001313358833
54,1785497062.105610847,map,8.4210195541,-3.8046095371,-1.3958330154,0.0484247258,0.0579454986,0.8519160192,0.5182050471,0.04293299827 0 0 0 0 0 0 0.04293299827 0 0 0 0 0 0 0.09437355728 0 0 0 0 0 0 0.0007527924627 0 0 0 0 0 0 0.0007527924627 0 0 0 0 0 0 0.001307813916
55,1785497062.205840111,map,8.4174432755,-3.8123300076,-1.3954585791,0.0483334211,0.0579896223,0.8519017185,0.5182321123,0.04318485949 0 0 0 0 0 0 0.04318485949 0 0 0 0 0 0 0.09474679375 0 0 0 0 0 0 0.0007586159434 0 0 0 0 0 0 0.0007586159434 0 0 0 0 0 0 0.001315486047
56,1785497062.305722237,map,8.4115743637,-3.8125648499,-1.3940865993,0.0484547812,0.0581841817,0.8518765875,0.5182403862,0.04291045388 0 0 0 0 0 0 0.04291045388 0 0 0 0 0 0 0.09434013111 0 0 0 0 0 0 0.0007522714602 0 0 0 0 0 0 0.0007522714602 0 0 0 0 0 0 0.001307127174
57,1785497062.405528307,map,8.4097042084,-3.8184807301,-1.3946641684,0.0484653820,0.0583703968,0.8518278536,0.5182984791,0.04313437774 0 0 0 0 0 0 0.04313437774 0 0 0 0 0 0 0.0946720126 0 0 0 0 0 0 0.0007574482824 0 0 0 0 0 0 0.0007574482824 0 0 0 0 0 0 0.001313948285
58,1785497062.505491495,map,8.4111776352,-3.8023898602,-1.3950587511,0.0489599685,0.0583252327,0.8519364748,0.5180784938,0.04280869132 0 0 0 0 0 0 0.04280869132 0 0 0 0 0 0 0.09418921395 0 0 0 0 0 0 0.0007499202629 0 0 0 0 0 0 0.0007499202629 0 0 0 0 0 0 0.00130402731
59,1785497062.605791807,map,8.4124937057,-3.8045372963,-1.3955818415,0.0489251867,0.0583050025,0.8518842965,0.5181698566,0.04321993844 0 0 0 0 0 0 0.04321993844 0 0 0 0 0 0 0.0947987496 0 0 0 0 0 0 0.0007594274593 0 0 0 0 0 0 0.0007594274593 0 0 0 0 0 0 0.001316554613
60,1785497062.705613613,map,8.4101963043,-3.7972016335,-1.3954774141,0.0487499061,0.0582728057,0.8519174667,0.5181354257,0.04327486319 0 0 0 0 0 0 0.04327486319 0 0 0 0 0 0 0.09488008555 0 0 0 0 0 0 0.0007606982974 0 0 0 0 0 0 0.0007606982974 0 0 0 0 0 0 0.001318227717
61,1785497062.805601358,map,8.4134664536,-3.8022065163,-1.3951425552,0.0488045803,0.0584059901,0.8519255494,0.5181019993,0.04310712307 0 0 0 0 0 0 0.04310712307 0 0 0 0 0 0 0.09463163297 0 0 0 0 0 0 0.0007568179621 0 0 0 0 0 0 0.0007568179621 0 0 0 0 0 0 0.00131311806
62,1785497062.905307055,map,8.4213085175,-3.7487926483,-1.3969140053,0.0486973710,0.0579209236,0.8522264663,0.5176714903,0.04299270497 0 0 0 0 0 0 0.04299270497 0 0 0 0 0 0 0.09446206956 0 0 0 0 0 0 0.0007541724988 0 0 0 0 0 0 0.0007541724988 0 0 0 0 0 0 0.001309632686
63,1785497063.005633831,map,8.4230318069,-3.7413351536,-1.3977707624,0.0486968133,0.0577794702,0.8522682188,0.5176186096,0.04272185171 0 0 0 0 0 0 0.04272185171 0 0 0 0 0 0 0.09406038178 0 0 0 0 0 0 0.0007479145601 0 0 0 0 0 0 0.0007479145601 0 0 0 0 0 0 0.001301382024
64,1785497063.106091022,map,8.4061613083,-3.8026573658,-1.3945614100,0.0486890595,0.0582068748,0.8517847452,0.5183667131,0.04325560405 0 0 0 0 0 0 0.04325560405 0 0 0 0 0 0 0.09485156735 0 0 0 0 0 0 0.0007602526542 0 0 0 0 0 0 0.0007602526542 0 0 0 0 0 0 0.00131764105
65,1785497063.205692053,map,8.4150428772,-3.7489118576,-1.3975014687,0.0487912506,0.0580009283,0.8522314590,0.5176454824,0.04308725654 0 0 0 0 0 0 0.04308725654 0 0 0 0 0 0 0.09460219676 0 0 0 0 0 0 0.0007563585475 0 0 0 0 0 0 0.0007563585475 0 0 0 0 0 0 0.001312512891
66,1785497063.305520773,map,8.4411840439,-3.7534615993,-1.4018688202,0.0485551775,0.0580926798,0.8523932048,0.5173910415,0.04312720524 0 0 0 0 0 0 0.04312720524 0 0 0 0 0 0 0.09466138647 0 0 0 0 0 0 0.0007572823975 0 0 0 0 0 0 0.0007572823975 0 0 0 0 0 0 0.001313729798
67,1785497063.505856991,map,8.4346666336,-3.7524833679,-1.3994896412,0.0486637329,0.0580366814,0.8523506066,0.5174572138,0.04300744593 0 0 0 0 0 0 0.04300744593 0 0 0 0 0 0 0.09448391922 0 0 0 0 0 0 0.0007545132621 0 0 0 0 0 0 0.0007545132621 0 0 0 0 0 0 0.001310081721
68,1785497063.605792999,map,8.4304246902,-3.7535948753,-1.3995224237,0.0487557955,0.0579031509,0.8523100922,0.5175303095,0.04326865606 0 0 0 0 0 0 0.04326865606 0 0 0 0 0 0 0.09487089449 0 0 0 0 0 0 0.0007605546652 0 0 0 0 0 0 0.0007605546652 0 0 0 0 0 0 0.001318038637
69,1785497063.705622435,map,8.4275016785,-3.7707912922,-1.3998256922,0.0488053596,0.0580843912,0.8521793888,0.5177204944,0.04309943957 0 0 0 0 0 0 0.04309943957 0 0 0 0 0 0 0.09462024861 0 0 0 0 0 0 0.0007566402768 0 0 0 0 0 0 0.0007566402768 0 0 0 0 0 0 0.001312884008
70,1785497063.805514336,map,8.4252519608,-3.7803053856,-1.3988234997,0.0486318739,0.0580317072,0.8521180088,0.5178437541,0.04291796463 0 0 0 0 0 0 0.04291796463 0 0 0 0 0 0 0.09435126749 0 0 0 0 0 0 0.0007524450294 0 0 0 0 0 0 0.0007524450294 0 0 0 0 0 0 0.001307355965
71,1785497063.905493259,map,8.4219636917,-3.7859420776,-1.3980633020,0.0487496481,0.0581175345,0.8520496485,0.5179355107,0.0429664675 0 0 0 0 0 0 0.0429664675 0 0 0 0 0 0 0.09442317624 0 0 0 0 0 0 0.0007535660191 0 0 0 0 0 0 0.0007535660191 0 0 0 0 0 0 0.001308833447
72,1785497064.005741119,map,8.4259290695,-3.7652516365,-1.3993214369,0.0485497064,0.0580737303,0.8522903272,0.5175630819,0.04285172503 0 0 0 0 0 0 0.04285172503 0 0 0 0 0 0 0.09425304144 0 0 0 0 0 0 0.0007509144369 0 0 0 0 0 0 0.0007509144369 0 0 0 0 0 0 0.001305338191
73,1785497064.105951548,map,8.4276638031,-3.7693109512,-1.4010484219,0.0485255684,0.0580680385,0.8522043965,0.5177074703,0.04312241093 0 0 0 0 0 0 0.04312241093 0 0 0 0 0 0 0.09465428348 0 0 0 0 0 0 0.0007571715175 0 0 0 0 0 0 0.0007571715175 0 0 0 0 0 0 0.001313583755
74,1785497064.205644131,map,8.4258995056,-3.7886204720,-1.4005119801,0.0485449378,0.0582694517,0.8520414702,0.5179511328,0.0429165465 0 0 0 0 0 0 0.0429165465 0 0 0 0 0 0 0.09434916482 0 0 0 0 0 0 0.0007524122569 0 0 0 0 0 0 0.0007524122569 0 0 0 0 0 0 0.001307312766
75,1785497064.305518150,map,8.4232015610,-3.7874486446,-1.3983660936,0.0487227483,0.0582049710,0.8520538470,0.5179213987,0.0429887356 0 0 0 0 0 0 0.0429887356 0 0 0 0 0 0 0.09445618577 0 0 0 0 0 0 0.0007540807429 0 0 0 0 0 0 0.0007540807429 0 0 0 0 0 0 0.001309511772
76,1785497064.405558348,map,8.4228115082,-3.8246195316,-1.3967844248,0.0481373054,0.0580546259,0.8516963725,0.5185804989,0.04298387371 0 0 0 0 0 0 0.04298387371 0 0 0 0 0 0 0.0944489789 0 0 0 0 0 0 0.0007539683575 0 0 0 0 0 0 0.0007539683575 0 0 0 0 0 0 0.00130936367
77,1785497064.505767107,map,8.4049701691,-3.8301963806,-1.3964800835,0.0485070218,0.0582047968,0.8514107505,0.5189980732,0.04294949258 0 0 0 0 0 0 0.04294949258 0 0 0 0 0 0 0.09439801129 0 0 0 0 0 0 0.0007531736749 0 0 0 0 0 0 0.0007531736749 0 0 0 0 0 0 0.001308316361
78,1785497064.605648756,map,8.3983144760,-3.8269817829,-1.3943238258,0.0485975429,0.0579405542,0.8512304561,0.5193148786,0.04315258205 0 0 0 0 0 0 0.04315258205 0 0 0 0 0 0 0.0946989812 0 0 0 0 0 0 0.0007578693297 0 0 0 0 0 0 0.0007578693297 0 0 0 0 0 0 0.00131450282
79,1785497064.705572844,map,8.3906860352,-3.8070976734,-1.3976203203,0.0492718940,0.0577856258,0.8510987206,0.5194844461,0.04299822329 0 0 0 0 0 0 0.04299822329 0 0 0 0 0 0 0.09447024918 0 0 0 0 0 0 0.0007543000623 0 0 0 0 0 0 0.0007543000623 0 0 0 0 0 0 0.001309800783
80,1785497064.805576086,map,8.3883409500,-3.8042552471,-1.3998819590,0.0493045945,0.0577595078,0.8510036834,0.5196399217,0.04302382172 0 0 0 0 0 0 0.04302382172 0 0 0 0 0 0 0.09450819068 0 0 0 0 0 0 0.0007548918392 0 0 0 0 0 0 0.0007548918392 0 0 0 0 0 0 0.001310580556
81,1785497064.905728817,map,8.3861160278,-3.8076381683,-1.3989560604,0.0495811994,0.0577918593,0.8507991308,0.5199448151,0.04277347427 0 0 0 0 0 0 0.04277347427 0 0 0 0 0 0 0.09413697233 0 0 0 0 0 0 0.0007491067894 0 0 0 0 0 0 0.0007491067894 0 0 0 0 0 0 0.001302954537
82,1785497065.005765200,map,8.3916845322,-3.8085086346,-1.4005122185,0.0494826851,0.0578116051,0.8506556359,0.5201867278,0.04325049384 0 0 0 0 0 0 0.04325049384 0 0 0 0 0 0 0.09484399999 0 0 0 0 0 0 0.0007601344127 0 0 0 0 0 0 0.0007601344127 0 0 0 0 0 0 0.001317485384
83,1785497065.105611086,map,8.3863334656,-3.8073325157,-1.3984171152,0.0496730941,0.0575452807,0.8505773179,0.5203261783,0.04316465823 0 0 0 0 0 0 0.04316465823 0 0 0 0 0 0 0.09471687032 0 0 0 0 0 0 0.000758148655 0 0 0 0 0 0 0.000758148655 0 0 0 0 0 0 0.001314870682
84,1785497065.205482006,map,8.3859491348,-3.8192527294,-1.4000359774,0.0499621353,0.0574552248,0.8506285534,0.5202246964,0.0429170722 0 0 0 0 0 0 0.0429170722 0 0 0 0 0 0 0.09434994428 0 0 0 0 0 0 0.0007524244056 0 0 0 0 0 0 0.0007524244056 0 0 0 0 0 0 0.00130732878
85,1785497065.405821800,map,8.3898582458,-3.8138287067,-1.4001486301,0.0499928005,0.0573451216,0.8504964338,0.5204498445,0.04293895363 0 0 0 0 0 0 0.04293895363 0 0 0 0 0 0 0.0943823867 0 0 0 0 0 0 0.0007529300986 0 0 0 0 0 0 0.0007529300986 0 0 0 0 0 0 0.001307995326
86,1785497065.505584955,map,8.3895311356,-3.8165488243,-1.4011490345,0.0500031570,0.0573982885,0.8504433610,0.5205297197,0.04269868907 0 0 0 0 0 0 0.04269868907 0 0 0 0 0 0 0.0940260113 0 0 0 0 0 0 0.000747379691 0 0 0 0 0 0 0.000747379691 0 0 0 0 0 0 0.001300676449
87,1785497065.605372429,map,8.3850288391,-3.8146784306,-1.4017746449,0.0501870867,0.0575145925,0.8504465651,0.5204939420,0.04296647906 0 0 0 0 0 0 0.04296647906 0 0 0 0 0 0 0.09442319338 0 0 0 0 0 0 0.0007535662864 0 0 0 0 0 0 0.0007535662864 0 0 0 0 0 0 0.001308833799
88,1785497065.705708504,map,8.3771066666,-3.8116891384,-1.3999072313,0.0505341303,0.0574214877,0.8504918643,0.5203966448,0.04294649811 0 0 0 0 0 0 0.04294649811 0 0 0 0 0 0 0.09439357189 0 0 0 0 0 0 0.0007531044658 0 0 0 0 0 0 0.0007531044658 0 0 0 0 0 0 0.001308225144
89,1785497065.806258440,map,8.3785991669,-3.8116960526,-1.3991920948,0.0504306210,0.0574119188,0.8505663182,0.5202860261,0.04275643533 0 0 0 0 0 0 0.04275643533 0 0 0 0 0 0 0.09411169393 0 0 0 0 0 0 0.0007487132476 0 0 0 0 0 0 0.0007487132476 0 0 0 0 0 0 0.001302435501
90,1785497065.905811787,map,8.3839111328,-3.8160569668,-1.3971450329,0.0505245702,0.0571303500,0.8506850582,0.5201137690,0.04301518811 0 0 0 0 0 0 0.04301518811 0 0 0 0 0 0 0.09449539453 0 0 0 0 0 0 0.0007546922438 0 0 0 0 0 0 0.0007546922438 0 0 0 0 0 0 0.001310317561
91,1785497066.005471945,map,8.3816013336,-3.8213312626,-1.3977769613,0.0506614727,0.0569569264,0.8508623874,0.5198293132,0.04275771039 0 0 0 0 0 0 0.04275771039 0 0 0 0 0 0 0.09411358562 0 0 0 0 0 0 0.0007487426963 0 0 0 0 0 0 0.0007487426963 0 0 0 0 0 0 0.001302474342
92,1785497066.105477333,map,8.3789653778,-3.8199434280,-1.3982179165,0.0508335698,0.0569842951,0.8508199743,0.5198788878,0.04287845185 0 0 0 0 0 0 0.04287845185 0 0 0 0 0 0 0.09429267736 0 0 0 0 0 0 0.000751531966 0 0 0 0 0 0 0.000751531966 0 0 0 0 0 0 0.001306152337
93,1785497066.205750942,map,8.3763275146,-3.8260431290,-1.3966046572,0.0508095378,0.0570374147,0.8508590537,0.5198114901,0.04284349039 0 0 0 0 0 0 0.04284349039 0 0 0 0 0 0 0.09424082865 0 0 0 0 0 0 0.0007507241861 0 0 0 0 0 0 0.0007507241861 0 0 0 0 0 0 0.00130508735
94,1785497066.305711508,map,8.3775796890,-3.8276259899,-1.3978412151,0.0507528197,0.0570115154,0.8508655934,0.5198092111,0.04326153568 0 0 0 0 0 0 0.04326153568 0 0 0 0 0 0 0.0948603509 0 0 0 0 0 0 0.0007603899046 0 0 0 0 0 0 0.0007603899046 0 0 0 0 0 0 0.001317821738
95,1785497066.405564547,map,8.3779010773,-3.8234963417,-1.3976101875,0.0507566442,0.0570242550,0.8508946661,0.5197598234,0.04293847133 0 0 0 0 0 0 0.04293847133 0 0 0 0 0 0 0.09438167166 0 0 0 0 0 0 0.0007529189521 0 0 0 0 0 0 0.0007529189521 0 0 0 0 0 0 0.001307980635
96,1785497066.505451679,map,8.3763322830,-3.8168709278,-1.3974465132,0.0509003213,0.0568474792,0.8509062447,0.5197461838,0.04305539117 0 0 0 0 0 0 0.04305539117 0 0 0 0 0 0 0.09455497728 0 0 0 0 0 0 0.0007556217296 0 0 0 0 0 0 0.0007556217296 0 0 0 0 0 0 0.001311542217
97,1785497066.605485439,map,8.3903455734,-3.7209684849,-1.3990699053,0.0516164763,0.0565426907,0.8515111916,0.5187170058,0.04309810018 0 0 0 0 0 0 0.04309810018 0 0 0 0 0 0 0.09461826404 0 0 0 0 0 0 0.0007566093031 0 0 0 0 0 0 0.0007566093031 0 0 0 0 0 0 0.001312843207
98,1785497066.705686808,map,8.3895549774,-3.7415497303,-1.4008218050,0.0513525370,0.0561676618,0.8514070292,0.5189548895,0.04296410396 0 0 0 0 0 0 0.04296410396 0 0 0 0 0 0 0.09441967245 0 0 0 0 0 0 0.0007535113888 0 0 0 0 0 0 0.0007535113888 0 0 0 0 0 0 0.001308761449
99,1785497066.805686474,map,8.3870210648,-3.7474153042,-1.4003477097,0.0513864125,0.0562863798,0.8513620794,0.5190124287,0.04286539196 0 0 0 0 0 0 0.04286539196 0 0 0 0 0 0 0.09427331002 0 0 0 0 0 0 0.0007512302066 0 0 0 0 0 0 0.0007512302066 0 0 0 0 0 0 0.00130575451
100,1785497066.905511618,map,8.3912200928,-3.7501213551,-1.3997950554,0.0512489507,0.0561795077,0.8513787309,0.5190103113,0.04296668303 0 0 0 0 0 0 0.04296668303 0 0 0 0 0 0 0.09442349575 0 0 0 0 0 0 0.0007535710008 0 0 0 0 0 0 0.0007535710008 0 0 0 0 0 0 0.001308840012
101,1785497067.005470753,map,8.3924322128,-3.7714784145,-1.4011274576,0.0510338785,0.0562157636,0.8512661433,0.5192121659,0.0429593214 0 0 0 0 0 0 0.0429593214 0 0 0 0 0 0 0.0944125825 0 0 0 0 0 0 0.000753400847 0 0 0 0 0 0 0.000753400847 0 0 0 0 0 0 0.001308615764
102,1785497067.105576277,map,8.3940677643,-3.7672026157,-1.4015766382,0.0509432052,0.0561898215,0.8512862037,0.5191910210,0.0426937488 0 0 0 0 0 0 0.0426937488 0 0 0 0 0 0 0.09401868016 0 0 0 0 0 0 0.0007472656168 0 0 0 0 0 0 0.0007472656168 0 0 0 0 0 0 0.00130052596
103,1785497067.205717802,map,8.4042072296,-3.7777836323,-1.4029564857,0.0511768302,0.0563556095,0.8513045887,0.5191199101,0.04294102791 0 0 0 0 0 0 0.04294102791 0 0 0 0 0 0 0.094385462 0 0 0 0 0 0 0.0007529780388 0 0 0 0 0 0 0.0007529780388 0 0 0 0 0 0 0.001308058513
104,1785497067.405409813,map,8.4017333984,-3.7791018486,-1.4021949768,0.0510066738,0.0562878370,0.8513403075,0.5190853701,0.0428974227 0 0 0 0 0 0 0.0428974227 0 0 0 0 0 0 0.0943208087 0 0 0 0 0 0 0.0007519703286 0 0 0 0 0 0 0.0007519703286 0 0 0 0 0 0 0.001306730222
105,1785497067.505628109,map,8.3991861343,-3.7722251415,-1.4015045166,0.0510153772,0.0562822990,0.8513823324,0.5190162544,0.04289567258 0 0 0 0 0 0 0.04289567258 0 0 0 0 0 0 0.09431821359 0 0 0 0 0 0 0.0007519298871 0 0 0 0 0 0 0.0007519298871 0 0 0 0 0 0 0.00130667691
106,1785497067.605815649,map,8.3970594406,-3.7756690979,-1.4008753300,0.0510266432,0.0562816968,0.8513298888,0.5191012446,0.04297199375 0 0 0 0 0 0 0.04297199375 0 0 0 0 0 0 0.09443136845 0 0 0 0 0 0 0.0007536937536 0 0 0 0 0 0 0.0007536937536 0 0 0 0 0 0 0.001309001786
107,1785497067.705622673,map,8.3941144943,-3.7781243324,-1.4004726410,0.0511422559,0.0562759149,0.8512783611,0.5191749914,0.04299733414 0 0 0 0 0 0 0.04299733414 0 0 0 0 0 0 0.09446893123 0 0 0 0 0 0 0.0007542795081 0 0 0 0 0 0 0.0007542795081 0 0 0 0 0 0 0.001309773698
108,1785497067.805482864,map,8.3956851959,-3.7801063061,-1.4004323483,0.0510650893,0.0563724253,0.8512705518,0.5191849006,0.04290028702 0 0 0 0 0 0 0.04290028702 0 0 0 0 0 0 0.09432505595 0 0 0 0 0 0 0.0007520365177 0 0 0 0 0 0 0.0007520365177 0 0 0 0 0 0 0.001306817474
109,1785497067.905465603,map,8.4204568863,-3.7421138287,-1.4036221504,0.0508532732,0.0561552649,0.8517200407,0.5184915580,0.04308410161 0 0 0 0 0 0 0.04308410161 0 0 0 0 0 0 0.09459752191 0 0 0 0 0 0 0.0007562855929 0 0 0 0 0 0 0.0007562855929 0 0 0 0 0 0 0.001312416787
110,1785497068.005597353,map,8.4198265076,-3.7617976665,-1.4037268162,0.0508473885,0.0561459142,0.8516120611,0.5186705092,0.0429461863 0 0 0 0 0 0 0.0429461863 0 0 0 0 0 0 0.09439310962 0 0 0 0 0 0 0.0007530972592 0 0 0 0 0 0 0.0007530972592 0 0 0 0 0 0 0.001308215646
111,1785497068.105582476,map,8.4163408279,-3.7668766975,-1.4033316374,0.0508553730,0.0563036562,0.8516081237,0.5186590316,0.04326919591 0 0 0 0 0 0 0.04326919591 0 0 0 0 0 0 0.09487169387 0 0 0 0 0 0 0.0007605671571 0 0 0 0 0 0 0.0007605671571 0 0 0 0 0 0 0.001318055081
112,1785497068.205604553,map,8.4175271988,-3.7653956413,-1.4040771723,0.0510541861,0.0562173906,0.8514999880,0.5188264153,0.04310321762 0 0 0 0 0 0 0.04310321762 0 0 0 0 0 0 0.09462584644 0 0 0 0 0 0 0.0007567276456 0 0 0 0 0 0 0.0007567276456 0 0 0 0 0 0 0.001312999093
113,1785497068.305296183,map,8.4118223190,-3.7639360428,-1.4021363258,0.0511363587,0.0563045657,0.8515091219,0.5187938304,0.04300747005 0 0 0 0 0 0 0.04300747005 0 0 0 0 0 0 0.09448395498 0 0 0 0 0 0 0.0007545138198 0 0 0 0 0 0 0.0007545138198 0 0 0 0 0 0 0.001310082456
114,1785497068.405486584,map,8.4148483276,-3.7442476749,-1.4012926817,0.0512565417,0.0564432923,0.8516698572,0.5185030033,0.04299825389 0 0 0 0 0 0 0.04299825389 0 0 0 0 0 0 0.09447029454 0 0 0 0 0 0 0.0007543007697 0 0 0 0 0 0 0.0007543007697 0 0 0 0 0 0 0.001309801716
115,1785497068.505443335,map,8.4148082733,-3.7481954098,-1.4014306068,0.0510745581,0.0563617910,0.8516678171,0.5185331495,0.04294481398 0 0 0 0 0 0 0.04294481398 0 0 0 0 0 0 0.09439107508 0 0 0 0 0 0 0.0007530655419 0 0 0 0 0 0 0.0007530655419 0 0 0 0 0 0 0.001308173843
116,1785497068.605718613,map,8.4126777649,-3.7517094612,-1.4004732370,0.0512492386,0.0564148606,0.8515723318,0.5186669898,0.04309754863 0 0 0 0 0 0 0.04309754863 0 0 0 0 0 0 0.09461744681 0 0 0 0 0 0 0.0007565965485 0 0 0 0 0 0 0.0007565965485 0 0 0 0 0 0 0.001312826406
117,1785497068.705538273,map,8.4061193466,-3.7536005974,-1.4010624886,0.0512788042,0.0563896595,0.8514536092,0.5188616762,0.04287242015 0 0 0 0 0 0 0.04287242015 0 0 0 0 0 0 0.09428373268 0 0 0 0 0 0 0.0007513925967 0 0 0 0 0 0 0.0007513925967 0 0 0 0 0 0 0.0013059686
118,1785497068.805410624,map,8.4062852859,-3.7489988804,-1.4008522034,0.0509641539,0.0563248496,0.8515239527,0.5187842872,0.04299093291 0 0 0 0 0 0 0.04299093291 0 0 0 0 0 0 0.09445944284 0 0 0 0 0 0 0.0007541315356 0 0 0 0 0 0 0.0007541315356 0 0 0 0 0 0 0.001309578706
119,1785497068.905607224,map,8.4036073685,-3.7442979813,-1.3995696306,0.0510931850,0.0564214426,0.8515491494,0.5187196774,0.04290334955 0 0 0 0 0 0 0.04290334955 0 0 0 0 0 0 0.09432959705 0 0 0 0 0 0 0.0007521072876 0 0 0 0 0 0 0.0007521072876 0 0 0 0 0 0 0.001306910764
120,1785497069.005856991,map,8.3938531876,-3.7636017799,-1.3991829157,0.0512193449,0.0564096100,0.8514034562,0.5189477038,0.04304584801 0 0 0 0 0 0 0.04304584801 0 0 0 0 0 0 0.09454083471 0 0 0 0 0 0 0.0007554010814 0 0 0 0 0 0 0.0007554010814 0 0 0 0 0 0 0.001311251515
121,1785497069.105632782,map,8.3959188461,-3.7685739994,-1.3984342813,0.0512491416,0.0563603863,0.8513620545,0.5190180273,0.04275825492 0 0 0 0 0 0 0.04275825492 0 0 0 0 0 0 0.09411439348 0 0 0 0 0 0 0.0007487552726 0 0 0 0 0 0 0.0007487552726 0 0 0 0 0 0 0.001302490929
122,1785497069.205518246,map,8.3979988098,-3.7746436596,-1.3985599279,0.0512435456,0.0563861193,0.8513667166,0.5190080791,0.04271249451 0 0 0 0 0 0 0.04271249451 0 0 0 0 0 0 0.09404649722 0 0 0 0 0 0 0.0007476984792 0 0 0 0 0 0 0.0007476984792 0 0 0 0 0 0 0.001301096987
123,1785497069.305425167,map,8.4215097427,-3.7877821922,-1.4010163546,0.0511833739,0.0563812622,0.8514333805,0.5189051907,0.04276506524 0 0 0 0 0 0 0.04276506524 0 0 0 0 0 0 0.09412449717 0 0 0 0 0 0 0.000748912566 0 0 0 0 0 0 0.000748912566 0 0 0 0 0 0 0.001302698383
124,1785497069.505617619,map,8.4137639999,-3.7913310528,-1.4021682739,0.0510251597,0.0565345673,0.8513618478,0.5190214438,0.04319776886 0 0 0 0 0 0 0.04319776886 0 0 0 0 0 0 0.09476591477 0 0 0 0 0 0 0.0007589145764 0 0 0 0 0 0 0.0007589145764 0 0 0 0 0 0 0.001315879289
125,1785497069.605538607,map,8.4089450836,-3.7943117619,-1.3999500275,0.0511608921,0.0564989776,0.8513334963,0.5190585072,0.04289193908 0 0 0 0 0 0 0.04289193908 0 0 0 0 0 0 0.0943126774 0 0 0 0 0 0 0.0007518436144 0 0 0 0 0 0 0.0007518436144 0 0 0 0 0 0 0.001306563181
126,1785497069.705382824,map,8.3957624435,-3.7667100430,-1.4002990723,0.0518097780,0.0564837609,0.8513635936,0.5189463255,0.04299898702 0 0 0 0 0 0 0.04299898702 0 0 0 0 0 0 0.09447138122 0 0 0 0 0 0 0.0007543177172 0 0 0 0 0 0 0.0007543177172 0 0 0 0 0 0 0.001309824048
127,1785497069.805571318,map,8.3525981903,-3.7972078323,-1.3860063553,0.0540275864,0.0545432181,0.8518795544,0.5180804352,0.04320863065 0 0 0 0 0 0 0.04320863065 0 0 0 0 0 0 0.09478200224 0 0 0 0 0 0 0.0007591658536 0 0 0 0 0 0 0.0007591658536 0 0 0 0 0 0 0.001316210158
128,1785497069.905566454,map,8.3792676926,-3.7940502167,-1.3823763132,0.0530901465,0.0480612355,0.8515284846,0.5193946845,0.04329074962 0 0 0 0 0 0 0.04329074962 0 0 0 0 0 0 0.09490360802 0 0 0 0 0 0 0.0007610659219 0 0 0 0 0 0 0.0007610659219 0 0 0 0 0 0 0.001318711645
129,1785497070.005582333,map,8.3183097839,-3.7221164703,-1.3947745562,0.0553269653,0.0445814364,0.8512645862,0.5199038525,0.04287806825 0 0 0 0 0 0 0.04287806825 0 0 0 0 0 0 0.0942921085 0 0 0 0 0 0 0.0007515231023 0 0 0 0 0 0 0.0007515231023 0 0 0 0 0 0 0.001306140652
130,1785497070.105434418,map,8.3279457092,-3.6961424351,-1.3891899586,0.0533246894,0.0426415202,0.8512825547,0.5202462217,0.0428573112 0 0 0 0 0 0 0.0428573112 0 0 0 0 0 0 0.09426132608 0 0 0 0 0 0 0.0007510435017 0 0 0 0 0 0 0.0007510435017 0 0 0 0 0 0 0.001305508356
131,1785497070.205447435,map,8.2777748108,-3.5515840054,-1.4018794298,0.0467397321,0.0468697814,0.8520935538,0.5191870173,0.04311474587 0 0 0 0 0 0 0.04311474587 0 0 0 0 0 0 0.09464292708 0 0 0 0 0 0 0.0007569942486 0 0 0 0 0 0 0.0007569942486 0 0 0 0 0 0 0.001313350264
132,1785497070.305851936,map,8.2635383606,-3.5842001438,-1.3767076731,0.0474678250,0.0482875402,0.8519245773,0.5192683422,0.0431536505 0 0 0 0 0 0 0.0431536505 0 0 0 0 0 0 0.09470056399 0 0 0 0 0 0 0.0007578940427 0 0 0 0 0 0 0.0007578940427 0 0 0 0 0 0 0.001314535367
133,1785497070.405661583,map,8.2547082901,-3.5815854073,-1.3752576113,0.0492604484,0.0476171308,0.8515647596,0.5197532581,0.04332734356 0 0 0 0 0 0 0.04332734356 0 0 0 0 0 0 0.09495778605 0 0 0 0 0 0 0.0007619128162 0 0 0 0 0 0 0.0007619128162 0 0 0 0 0 0 0.00131982636
134,1785497070.505505800,map,8.2292308807,-3.5565824509,-1.3826234341,0.0506235771,0.0495618965,0.8517331877,0.5191641493,0.04305130654 0 0 0 0 0 0 0.04305130654 0 0 0 0 0 0 0.09454892408 0 0 0 0 0 0 0.0007555272875 0 0 0 0 0 0 0.0007555272875 0 0 0 0 0 0 0.001311417792
135,1785497070.605406046,map,8.2375230789,-3.5134122372,-1.3801432848,0.0503968650,0.0523866080,0.8516887796,0.5189817218,0.04305299158 0 0 0 0 0 0 0.04305299158 0 0 0 0 0 0 0.09455142123 0 0 0 0 0 0 0.0007555662477 0 0 0 0 0 0 0.0007555662477 0 0 0 0 0 0 0.001311469121
136,1785497070.705529213,map,8.1568040848,-3.5370740891,-1.3696044683,0.0520171888,0.0537401379,0.8535887841,0.5155506586,0.0432515029 0 0 0 0 0 0 0.0432515029 0 0 0 0 0 0 0.09484549424 0 0 0 0 0 0 0.0007601577603 0 0 0 0 0 0 0.0007601577603 0 0 0 0 0 0 0.001317516121
137,1785497070.805766106,map,8.2042427063,-3.5075712204,-1.3701483011,0.0519824478,0.0540922024,0.8526775015,0.5170231561,0.04294012592 0 0 0 0 0 0 0.04294012592 0 0 0 0 0 0 0.09438412473 0 0 0 0 0 0 0.0007529571922 0 0 0 0 0 0 0.0007529571922 0 0 0 0 0 0 0.001308031036
138,1785497070.905753136,map,8.2093610764,-3.4997231960,-1.3680083752,0.0520864103,0.0544364401,0.8522057845,0.5177537152,0.04294121761 0 0 0 0 0 0 0.04294121761 0 0 0 0 0 0 0.09438574324 0 0 0 0 0 0 0.000752982423 0 0 0 0 0 0 0.000752982423 0 0 0 0 0 0 0.001308064291
139,1785497071.005509853,map,8.2606773376,-3.4305653572,-1.3718665838,0.0516597758,0.0555659480,0.8514253082,0.5189591319,0.04281393182 0 0 0 0 0 0 0.04281393182 0 0 0 0 0 0 0.09419698721 0 0 0 0 0 0 0.0007500413215 0 0 0 0 0 0 0.0007500413215 0 0 0 0 0 0 0.001304186944
140,1785497071.105371714,map,8.1852540970,-3.4463789463,-1.3654917479,0.0524369993,0.0552643500,0.8528575932,0.5165560654,0.04310457033 0 0 0 0 0 0 0.04310457033 0 0 0 0 0 0 0.0946278507 0 0 0 0 0 0 0.0007567589279 0 0 0 0 0 0 0.0007567589279 0 0 0 0 0 0 0.001313040299
141,1785497071.205624342,map,8.2372465134,-3.4516985416,-1.3722372055,0.0528315651,0.0554393983,0.8515138019,0.5187095009,0.04307307005 0 0 0 0 0 0 0.04307307005 0 0 0 0 0 0 0.0945811753 0 0 0 0 0 0 0.0007560305048 0 0 0 0 0 0 0.0007560305048 0 0 0 0 0 0 0.001312080746
142,1785497071.405505657,map,8.2695045471,-3.3871834278,-1.3812146187,0.0498871839,0.0555207738,0.8500664744,0.5213594823,0.04325373691 0 0 0 0 0 0 0.04325373691 0 0 0 0 0 0 0.09484880243 0 0 0 0 0 0 0.0007602094514 0 0 0 0 0 0 0.0007602094514 0 0 0 0 0 0 0.001317584173
143,1785497071.505411863,map,8.2441406250,-3.4096803665,-1.3811705112,0.0477385110,0.0568700282,0.8448132954,0.5298842729,0.04337564974 0 0 0 0 0 0 0.04337564974 0 0 0 0 0 0 0.09502929291 0 0 0 0 0 0 0.0007630309401 0 0 0 0 0 0 0.0007630309401 0 0 0 0 0 0 0.001321297851
144,1785497071.605499744,map,8.2696399689,-3.3961274624,-1.3778094053,0.0455956052,0.0593550788,0.8395392001,0.5381189049,0.04341112268 0 0 0 0 0 0 0.04341112268 0 0 0 0 0 0 0.09508179471 0 0 0 0 0 0 0.0007638521434 0 0 0 0 0 0 0.0007638521434 0 0 0 0 0 0 0.001322378418
145,1785497071.705689430,map,8.2626466751,-3.4301197529,-1.3686431646,0.0447690365,0.0607148615,0.8314585415,0.5504417523,0.04345130054 0 0 0 0 0 0 0.04345130054 0 0 0 0 0 0 0.09514125163 0 0 0 0 0 0 0.0007647823941 0 0 0 0 0 0 0.0007647823941 0 0 0 0 0 0 0.001323602306
146,1785497071.805499554,map,8.2243146896,-3.4047362804,-1.3670387268,0.0447879371,0.0618638577,0.8290719140,0.5539013234,0.04319816022 0 0 0 0 0 0 0.04319816022 0 0 0 0 0 0 0.09476649442 0 0 0 0 0 0 0.0007589236299 0 0 0 0 0 0 0.0007589236299 0 0 0 0 0 0 0.00131589121
147,1785497071.907017708,map,8.2018918991,-3.4109015465,-1.3667874336,0.0448309458,0.0635610679,0.8290848326,0.5536863264,0.04302739903 0 0 0 0 0 0 0.04302739903 0 0 0 0 0 0 0.09451349261 0 0 0 0 0 0 0.0007549745428 0 0 0 0 0 0 0.0007549745428 0 0 0 0 0 0 0.001310689527
148,1785497072.005706310,map,8.2003860474,-3.2906892300,-1.3624320030,0.0433132677,0.0641637722,0.8283583948,0.5548236572,0.04311777592 0 0 0 0 0 0 0.04311777592 0 0 0 0 0 0 0.09464741639 0 0 0 0 0 0 0.0007570643237 0 0 0 0 0 0 0.0007570643237 0 0 0 0 0 0 0.001313442565
149,1785497072.105653048,map,8.1068181992,-3.3247146606,-1.3547971249,0.0422233103,0.0634159392,0.8252659229,0.5595817498,0.04320965385 0 0 0 0 0 0 0.04320965385 0 0 0 0 0 0 0.09478351768 0 0 0 0 0 0 0.0007591895249 0 0 0 0 0 0 0.0007591895249 0 0 0 0 0 0 0.001316241326
150,1785497072.205528498,map,8.1223211288,-3.3380658627,-1.3485966921,0.0436148856,0.0606710868,0.8249550661,0.5602373205,0.04333989498 0 0 0 0 0 0 0.04333989498 0 0 0 0 0 0 0.09497636696 0 0 0 0 0 0 0.0007622033199 0 0 0 0 0 0 0.0007622033199 0 0 0 0 0 0 0.001320208698
151,1785497072.305508375,map,8.1662864685,-3.2942128181,-1.3520320654,0.0423769839,0.0553939257,0.8239013874,0.5624252508,0.04314957186 0 0 0 0 0 0 0.04314957186 0 0 0 0 0 0 0.09469452191 0 0 0 0 0 0 0.000757799705 0 0 0 0 0 0 0.000757799705 0 0 0 0 0 0 0.001314411125
152,1785497072.405422688,map,8.0925588608,-3.2584259510,-1.3498532772,0.0380832853,0.0525808919,0.8251660419,0.5611469566,0.04337471939 0 0 0 0 0 0 0.04337471939 0 0 0 0 0 0 0.09502791586 0 0 0 0 0 0 0.0007630094039 0 0 0 0 0 0 0.0007630094039 0 0 0 0 0 0 0.001321269511
153,1785497072.505682230,map,8.1054391861,-3.2103688717,-1.3546755314,0.0378017998,0.0541989872,0.8253147008,0.5607933074,0.04325912676 0 0 0 0 0 0 0.04325912676 0 0 0 0 0 0 0.09485678379 0 0 0 0 0 0 0.0007603341649 0 0 0 0 0 0 0.0007603341649 0 0 0 0 0 0 0.001317748358
154,1785497072.605579853,map,8.0530538559,-3.1982333660,-1.3451459408,0.0361297912,0.0596589005,0.8270788813,0.5577418961,0.04297876891 0 0 0 0 0 0 0.04297876891 0 0 0 0 0 0 0.09444141181 0 0 0 0 0 0 0.0007538503591 0 0 0 0 0 0 0.0007538503591 0 0 0 0 0 0 0.001309208169
155,1785497072.705433369,map,8.0661668777,-3.1470534801,-1.3481684923,0.0350083403,0.0620668528,0.8285286013,0.5553940652,0.04325131217 0 0 0 0 0 0 0.04325131217 0 0 0 0 0 0 0.09484521181 0 0 0 0 0 0 0.0007601533473 0 0 0 0 0 0 0.0007601533473 0 0 0 0 0 0 0.001317510312
156,1785497072.805423975,map,8.0308675766,-3.0817260742,-1.3363164663,0.0387167251,0.0600487677,0.8293571619,0.5541316054,0.04313489813 0 0 0 0 0 0 0.04313489813 0 0 0 0 0 0 0.09467278355 0 0 0 0 0 0 0.000757460318 0 0 0 0 0 0 0.000757460318 0 0 0 0 0 0 0.001313964137
157,1785497072.905470371,map,8.0055341721,-3.0715961456,-1.3225485086,0.0363519226,0.0633152604,0.8298590493,0.5531759419,0.04306742778 0 0 0 0 0 0 0.04306742778 0 0 0 0 0 0 0.09457281432 0 0 0 0 0 0 0.0007559000401 0 0 0 0 0 0 0.0007559000401 0 0 0 0 0 0 0.001311908873
158,1785497073.005629063,map,7.9576396942,-2.8729016781,-1.3422976732,0.0421554478,0.0627168502,0.8271013269,0.5569496167,0.04302983275 0 0 0 0 0 0 0.04302983275 0 0 0 0 0 0 0.09451709958 0 0 0 0 0 0 0.0007550308085 0 0 0 0 0 0 0.0007550308085 0 0 0 0 0 0 0.001310763662
159,1785497073.105459213,map,7.9833030701,-2.7844591141,-1.3299204111,0.0454199470,0.0603898682,0.8250570490,0.5599740986,0.0431503626 0 0 0 0 0 0 0.0431503626 0 0 0 0 0 0 0.09469569331 0 0 0 0 0 0 0.0007578179945 0 0 0 0 0 0 0.0007578179945 0 0 0 0 0 0 0.001314435212
160,1785497073.205421686,map,7.9271836281,-2.8374404907,-1.3256844282,0.0469678696,0.0602648624,0.8233976526,0.5622974998,0.04297615704 0 0 0 0 0 0 0.04297615704 0 0 0 0 0 0 0.09443754005 0 0 0 0 0 0 0.0007537899861 0 0 0 0 0 0 0.0007537899861 0 0 0 0 0 0 0.001309128607
161,1785497073.305598259,map,7.9764266014,-2.7630884647,-1.3314439058,0.0476931825,0.0570626606,0.8217655698,0.5649517853,0.04301311085 0 0 0 0 0 0 0.04301311085 0 0 0 0 0 0 0.09449231568 0 0 0 0 0 0 0.0007546442217 0 0 0 0 0 0 0.0007546442217 0 0 0 0 0 0 0.001310254284
162,1785497073.405668974,map,7.9410848618,-2.7589662075,-1.3264335394,0.0509385780,0.0550362993,0.8193932919,0.5683052981,0.04293940318 0 0 0 0 0 0 0.04293940318 0 0 0 0 0 0 0.09438305321 0 0 0 0 0 0 0.0007529404886 0 0 0 0 0 0 0.0007529404886 0 0 0 0 0 0 0.00130800902
163,1785497073.605350971,map,7.8645343781,-2.6945600510,-1.3200812340,0.0528935335,0.0557716260,0.8238874824,0.5615168762,0.04328326662 0 0 0 0 0 0 0.04328326662 0 0 0 0 0 0 0.09489252839 0 0 0 0 0 0 0.0007608927568 0 0 0 0 0 0 0.0007608927568 0 0 0 0 0 0 0.0013184837
164,1785497073.705525160,map,7.8295059204,-2.6692404747,-1.3144092560,0.0577972518,0.0570160870,0.8261676905,0.5575442225,0.04306233072 0 0 0 0 0 0 0.04306233072 0 0 0 0 0 0 0.09456526109 0 0 0 0 0 0 0.0007557821843 0 0 0 0 0 0 0.0007557821843 0 0 0 0 0 0 0.001311753607
165,1785497073.805709839,map,7.8596482277,-2.6762044430,-1.3174957037,0.0609890790,0.0560781280,0.8297354665,0.5519734257,0.04300280075 0 0 0 0 0 0 0.04300280075 0 0 0 0 0 0 0.09447703408 0 0 0 0 0 0 0.0007544058786 0 0 0 0 0 0 0.0007544058786 0 0 0 0 0 0 0.001309940221
166,1785497073.905567169,map,7.8571524620,-2.6720931530,-1.3151906729,0.0611158774,0.0563165503,0.8300424357,0.5514733315,0.0431632352 0 0 0 0 0 0 0.0431632352 0 0 0 0 0 0 0.09471476234 0 0 0 0 0 0 0.0007581157392 0 0 0 0 0 0 0.0007581157392 0 0 0 0 0 0 0.001314827334
167,1785497074.005388737,map,7.8397259712,-2.6420867443,-1.3035836220,0.0597005151,0.0531720306,0.8308468027,0.5507287887,0.0428220956 0 0 0 0 0 0 0.0428220956 0 0 0 0 0 0 0.09420909626 0 0 0 0 0 0 0.0007502299143 0 0 0 0 0 0 0.0007502299143 0 0 0 0 0 0 0.001304435627
168,1785497074.105341434,map,7.7693653107,-2.5395898819,-1.3032932281,0.0616283815,0.0500570070,0.8328381812,0.5477926729,0.04288167977 0 0 0 0 0 0 0.04288167977 0 0 0 0 0 0 0.0942974641 0 0 0 0 0 0 0.0007516065519 0 0 0 0 0 0 0.0007516065519 0 0 0 0 0 0 0.001306250665
169,1785497074.205655098,map,7.7692375183,-2.5105628967,-1.2933604717,0.0695041635,0.0475825864,0.8336631453,0.5458120711,0.04318051517 0 0 0 0 0 0 0.04318051517 0 0 0 0 0 0 0.09474035886 0 0 0 0 0 0 0.0007585154492 0 0 0 0 0 0 0.0007585154492 0 0 0 0 0 0 0.001315353712
170,1785497074.305424929,map,7.7487707138,-2.4480524063,-1.2834905386,0.0724263927,0.0474689388,0.8372266447,0.5399561330,0.04301030797 0 0 0 0 0 0 0.04301030797 0 0 0 0 0 0 0.09448816132 0 0 0 0 0 0 0.0007545794254 0 0 0 0 0 0 0.0007545794254 0 0 0 0 0 0 0.001310168904
171,1785497074.405412912,map,7.7415604591,-2.4605431557,-1.2917971611,0.0729499381,0.0494845010,0.8400630327,0.5352790998,0.04302424696 0 0 0 0 0 0 0.04302424696 0 0 0 0 0 0 0.09450882094 0 0 0 0 0 0 0.0007549016703 0 0 0 0 0 0 0.0007549016703 0 0 0 0 0 0 0.00131059351
172,1785497074.505369186,map,7.7287344933,-2.4599163532,-1.2830821276,0.0736463944,0.0491556673,0.8411965499,0.5334307216,0.04312672291 0 0 0 0 0 0 0.04312672291 0 0 0 0 0 0 0.09466067187 0 0 0 0 0 0 0.0007572712423 0 0 0 0 0 0 0.0007572712423 0 0 0 0 0 0 0.001313715106
173,1785497074.605573416,map,7.7390847206,-2.4410901070,-1.2789406776,0.0754790733,0.0478697488,0.8411335147,0.5333909064,0.04290759657 0 0 0 0 0 0 0.04290759657 0 0 0 0 0 0 0.09433589442 0 0 0 0 0 0 0.0007522054307 0 0 0 0 0 0 0.0007522054307 0 0 0 0 0 0 0.001307040136
174,1785497074.705606937,map,7.7509007454,-2.4145956039,-1.2839726210,0.0744558276,0.0448527299,0.8410893675,0.5338663511,0.04296592012 0 0 0 0 0 0 0.04296592012 0 0 0 0 0 0 0.0944223648 0 0 0 0 0 0 0.0007535533671 0 0 0 0 0 0 0.0007535533671 0 0 0 0 0 0 0.001308816773
175,1785497074.805516481,map,7.7630319595,-2.3726251125,-1.2745070457,0.0737360239,0.0399637974,0.8388462883,0.5378687328,0.04301859258 0 0 0 0 0 0 0.04301859258 0 0 0 0 0 0 0.09450044046 0 0 0 0 0 0 0.000754770949 0 0 0 0 0 0 0.000754770949 0 0 0 0 0 0 0.001310421267
176,1785497074.905416250,map,7.7424001694,-2.3303148746,-1.2728738785,0.0690054988,0.0389054736,0.8335022828,0.5468075983,0.04311859646 0 0 0 0 0 0 0.04311859646 0 0 0 0 0 0 0.09464863207 0 0 0 0 0 0 0.0007570833 0 0 0 0 0 0 0.0007570833 0 0 0 0 0 0 0.00131346756
177,1785497075.005427122,map,7.7284879684,-2.2359590530,-1.2741791010,0.0666016929,0.0382261564,0.8301517733,0.5522237380,0.04292444055 0 0 0 0 0 0 0.04292444055 0 0 0 0 0 0 0.09436086923 0 0 0 0 0 0 0.000752594688 0 0 0 0 0 0 0.000752594688 0 0 0 0 0 0 0.001307553233
178,1785497075.105987787,map,7.6726560593,-2.2335300446,-1.2704768181,0.0674925882,0.0401562652,0.8303161745,0.5517311360,0.04294402735 0 0 0 0 0 0 0.04294402735 0 0 0 0 0 0 0.09438990885 0 0 0 0 0 0 0.0007530473612 0 0 0 0 0 0 0.0007530473612 0 0 0 0 0 0 0.001308149881
179,1785497075.205539703,map,7.6856498718,-2.2128660679,-1.2736315727,0.0682730641,0.0412118217,0.8286497572,0.5540577040,0.0432003649 0 0 0 0 0 0 0.0432003649 0 0 0 0 0 0 0.09476975984 0 0 0 0 0 0 0.0007589746323 0 0 0 0 0 0 0.0007589746323 0 0 0 0 0 0 0.001315958369
180,1785497075.305404425,map,7.6719269753,-2.2067449093,-1.2657427788,0.0707716908,0.0403972065,0.8257328761,0.5581439281,0.0431317654 0 0 0 0 0 0 0.0431317654 0 0 0 0 0 0 0.09466814243 0 0 0 0 0 0 0.000757387864 0 0 0 0 0 0 0.000757387864 0 0 0 0 0 0 0.001313868709
181,1785497075.405414104,map,7.6908788681,-2.1950480938,-1.2633069754,0.0719079288,0.0396800107,0.8240312576,0.5605597146,0.04301795208 0 0 0 0 0 0 0.04301795208 0 0 0 0 0 0 0.09449949115 0 0 0 0 0 0 0.0007547561418 0 0 0 0 0 0 0.0007547561418 0 0 0 0 0 0 0.001310401757
182,1785497075.505567551,map,7.6246337891,-2.2141852379,-1.2607125044,0.0710183886,0.0396590813,0.8205141010,0.5658093234,0.04310671336 0 0 0 0 0 0 0.04310671336 0 0 0 0 0 0 0.09463102593 0 0 0 0 0 0 0.0007568084872 0 0 0 0 0 0 0.0007568084872 0 0 0 0 0 0 0.00131310558
183,1785497075.705533266,map,7.6775646210,-2.1151111126,-1.2594305277,0.0609530498,0.0459003476,0.8131944412,0.5769685313,0.0428780462 0 0 0 0 0 0 0.0428780462 0 0 0 0 0 0 0.0942920758 0 0 0 0 0 0 0.0007515225927 0 0 0 0 0 0 0.0007515225927 0 0 0 0 0 0 0.00130613998
184,1785497075.805398941,map,7.6109514236,-2.0698819160,-1.2513998747,0.0585599029,0.0477561693,0.8062402952,0.5867424332,0.04314065227 0 0 0 0 0 0 0.04314065227 0 0 0 0 0 0 0.09468130815 0 0 0 0 0 0 0.0007575934027 0 0 0 0 0 0 0.0007575934027 0 0 0 0 0 0 0.001314139418
185,1785497075.905543566,map,7.6163215637,-2.0343451500,-1.2594357729,0.0535223201,0.0533945365,0.8016076889,0.5930509907,0.0428143874 0 0 0 0 0 0 0.0428143874 0 0 0 0 0 0 0.09419766295 0 0 0 0 0 0 0.0007500518456 0 0 0 0 0 0 0.0007500518456 0 0 0 0 0 0 0.001304200822
186,1785497076.005600214,map,7.6497783661,-2.0381491184,-1.2526420355,0.0489924232,0.0578054994,0.7961978494,0.6002726288,0.04300640422 0 0 0 0 0 0 0.04300640422 0 0 0 0 0 0 0.0944823752 0 0 0 0 0 0 0.0007544891805 0 0 0 0 0 0 0.0007544891805 0 0 0 0 0 0 0.001310049989
187,1785497076.105404615,map,7.5622692108,-2.0271427631,-1.2454760075,0.0453620891,0.0591777926,0.7894920830,0.6092146516,0.04285186671 0 0 0 0 0 0 0.04285186671 0 0 0 0 0 0 0.09425325157 0 0 0 0 0 0 0.0007509177103 0 0 0 0 0 0 0.0007509177103 0 0 0 0 0 0 0.001305342507
188,1785497076.205360651,map,7.5280385017,-2.0013391972,-1.2468925714,0.0422197700,0.0631004852,0.7808712025,0.6200612711,0.04301733504 0 0 0 0 0 0 0.04301733504 0 0 0 0 0 0 0.0944985766 0 0 0 0 0 0 0.0007547418767 0 0 0 0 0 0 0.0007547418767 0 0 0 0 0 0 0.00131038296
189,1785497076.305521011,map,7.5222640038,-2.0204739571,-1.2417994738,0.0405601607,0.0657162779,0.7706617542,0.6325477676,0.04281941491 0 0 0 0 0 0 0.04281941491 0 0 0 0 0 0 0.09420512012 0 0 0 0 0 0 0.0007501679866 0 0 0 0 0 0 0.0007501679866 0 0 0 0 0 0 0.001304353969
190,1785497076.505436420,map,7.5343379974,-1.9312460423,-1.2439032793,0.0405816445,0.0653242313,0.7556227497,0.6504768223,0.04276583852 0 0 0 0 0 0 0.04276583852 0 0 0 0 0 0 0.09412564438 0 0 0 0 0 0 0.0007489304263 0 0 0 0 0 0 0.0007489304263 0 0 0 0 0 0 0.001302721939
191,1785497076.605355978,map,7.5070981979,-1.9506915808,-1.2409765720,0.0397967179,0.0651845513,0.7477094563,0.6596194291,0.04306478891 0 0 0 0 0 0 0.04306478891 0 0 0 0 0 0 0.09456890385 0 0 0 0 0 0 0.000755839023 0 0 0 0 0 0 0.000755839023 0 0 0 0 0 0 0.001311828488
192,1785497076.705473423,map,7.5203232765,-1.9619853497,-1.2388510704,0.0396831027,0.0650051517,0.7426885706,0.6652918908,0.0431427514 0 0 0 0 0 0 0.0431427514 0 0 0 0 0 0 0.0946844179 0 0 0 0 0 0 0.0007576419531 0 0 0 0 0 0 0.0007576419531 0 0 0 0 0 0 0.001314203361
193,1785497076.805614710,map,7.4971799850,-1.9426805973,-1.2402106524,0.0391074169,0.0657443140,0.7357176046,0.6729546068,0.0429417321 0 0 0 0 0 0 0.0429417321 0 0 0 0 0 0 0.09438650601 0 0 0 0 0 0 0.0007529943138 0 0 0 0 0 0 0.0007529943138 0 0 0 0 0 0 0.001308079963
194,1785497077.005359650,map,7.5207300186,-1.8893518448,-1.2493420839,0.0368337841,0.0672515077,0.7249712441,0.6844977866,0.04283458965 0 0 0 0 0 0 0.04283458965 0 0 0 0 0 0 0.09422762754 0 0 0 0 0 0 0.0007505185526 0 0 0 0 0 0 0.0007505185526 0 0 0 0 0 0 0.001304816218
195,1785497077.105474949,map,7.5386767387,-1.8803675175,-1.2451014519,0.0365374890,0.0674544897,0.7236334055,0.6859078700,0.04314857979 0 0 0 0 0 0 0.04314857979 0 0 0 0 0 0 0.09469305225 0 0 0 0 0 0 0.000757776759 0 0 0 0 0 0 0.000757776759 0 0 0 0 0 0 0.001314380904
196,1785497077.205591679,map,7.5189247131,-1.8827388287,-1.2406620979,0.0352968148,0.0688992555,0.7218796012,0.6876749736,0.04282503268 0 0 0 0 0 0 0.04282503268 0 0 0 0 0 0 0.09421345265 0 0 0 0 0 0 0.0007502977658 0 0 0 0 0 0 0.0007502977658 0 0 0 0 0 0 0.001304525096
197,1785497077.305471897,map,7.5104846954,-1.8919843435,-1.2286356688,0.0316547334,0.0685932630,0.7167132675,0.6932640339,0.0432434767 0 0 0 0 0 0 0.0432434767 0 0 0 0 0 0 0.09483360857 0 0 0 0 0 0 0.0007599720518 0 0 0 0 0 0 0.0007599720518 0 0 0 0 0 0 0.00131727163
198,1785497077.405344009,map,7.5018534660,-1.8472030163,-1.2419465780,0.0289195598,0.0720365296,0.7077038009,0.7022319683,0.04324180761 0 0 0 0 0 0 0.04324180761 0 0 0 0 0 0 0.09483113683 0 0 0 0 0 0 0.0007599334333 0 0 0 0 0 0 0.0007599334333 0 0 0 0 0 0 0.001317220786
199,1785497077.505390882,map,7.5163116455,-1.8173640966,-1.2417051792,0.0280380882,0.0738184100,0.7007343635,0.7090388438,0.04300358055 0 0 0 0 0 0 0.04300358055 0 0 0 0 0 0 0.09447818991 0 0 0 0 0 0 0.0007544239051 0 0 0 0 0 0 0.0007544239051 0 0 0 0 0 0 0.001309963975
200,1785497077.605606794,map,7.5015459061,-1.8341833353,-1.2355266809,0.0260729717,0.0743944774,0.6970520900,0.7126738963,0.04297157989 0 0 0 0 0 0 0.04297157989 0 0 0 0 0 0 0.09443075494 0 0 0 0 0 0 0.0007536841875 0 0 0 0 0 0 0.0007536841875 0 0 0 0 0 0 0.001308989179
201,1785497077.705482244,map,7.5054440498,-1.7556644678,-1.2370609045,0.0269688529,0.0763977380,0.6885479788,0.7206509023,0.0428743606 0 0 0 0 0 0 0.0428743606 0 0 0 0 0 0 0.09428661029 0 0 0 0 0 0 0.0007514374328 0 0 0 0 0 0 0.0007514374328 0 0 0 0 0 0 0.00130602771
202,1785497077.805340528,map,7.4330554008,-1.7989156246,-1.2263100147,0.0253255647,0.0762030953,0.6848835756,0.7242141929,0.04283862521 0 0 0 0 0 0 0.04283862521 0 0 0 0 0 0 0.09423361294 0 0 0 0 0 0 0.0007506117853 0 0 0 0 0 0 0.0007506117853 0 0 0 0 0 0 0.001304939148
203,1785497078.005592346,map,7.4949316978,-1.8001462221,-1.2376593351,0.0233303017,0.0794085031,0.6802491372,0.7282932987,0.04275870892 0 0 0 0 0 0 0.04275870892 0 0 0 0 0 0 0.09411506703 0 0 0 0 0 0 0.0007487657583 0 0 0 0 0 0 0.0007487657583 0 0 0 0 0 0 0.001302504758
204,1785497078.105507135,map,7.5431256294,-1.8331081867,-1.2410864830,0.0230544744,0.0807128731,0.6713542206,0.7363677191,0.04284477004 0 0 0 0 0 0 0.04284477004 0 0 0 0 0 0 0.09424272654 0 0 0 0 0 0 0.0007507537506 0 0 0 0 0 0 0.0007507537506 0 0 0 0 0 0 0.00130512633
205,1785497078.205921650,map,7.5498991013,-1.7976917028,-1.2392135859,0.0228823750,0.0796979622,0.6704377842,0.7373179782,0.04321384151 0 0 0 0 0 0 0.04321384151 0 0 0 0 0 0 0.09478971986 0 0 0 0 0 0 0.0007592864056 0 0 0 0 0 0 0.0007592864056 0 0 0 0 0 0 0.00131636889
206,1785497078.305381536,map,7.5303072929,-1.7501852512,-1.2417463064,0.0227358030,0.0807312117,0.6704755625,0.7371757331,0.04290756453 0 0 0 0 0 0 0.04290756453 0 0 0 0 0 0 0.09433584692 0 0 0 0 0 0 0.0007522046904 0 0 0 0 0 0 0.0007522046904 0 0 0 0 0 0 0.00130703916
207,1785497078.405627489,map,7.5246939659,-1.7237918377,-1.2349541187,0.0218667860,0.0819320464,0.6713908086,0.7362359493,0.04281755344 0 0 0 0 0 0 0.04281755344 0 0 0 0 0 0 0.09420235907 0 0 0 0 0 0 0.0007501249843 0 0 0 0 0 0 0.0007501249843 0 0 0 0 0 0 0.001304297265
208,1785497078.505529404,map,7.5321788788,-1.7005953789,-1.2342365980,0.0188912808,0.0811221606,0.6711459211,0.7366311414,0.04297320683 0 0 0 0 0 0 0.04297320683 0 0 0 0 0 0 0.0944331667 0 0 0 0 0 0 0.0007537217932 0 0 0 0 0 0 0.0007537217932 0 0 0 0 0 0 0.001309038738
209,1785497078.605396271,map,7.5989971161,-1.6507785320,-1.2372335196,0.0160018087,0.0775630968,0.6677673718,0.7401450199,0.0428399847 0 0 0 0 0 0 0.0428399847 0 0 0 0 0 0 0.09423562926 0 0 0 0 0 0 0.0007506431936 0 0 0 0 0 0 0.0007506431936 0 0 0 0 0 0 0.00130498056
210,1785497078.705296278,map,7.5600190163,-1.6441442966,-1.2500840425,0.0117820136,0.0794217835,0.6678595923,0.7399438650,0.04274943489 0 0 0 0 0 0 0.04274943489 0 0 0 0 0 0 0.09410130784 0 0 0 0 0 0 0.0007485515685 0 0 0 0 0 0 0.0007485515685 0 0 0 0 0 0 0.001302222255
211,1785497078.805564165,map,7.5356507301,-1.6753439903,-1.2402637005,0.0124090275,0.0787281264,0.6690000176,0.7389768964,0.0429354935 0 0 0 0 0 0 0.0429354935 0 0 0 0 0 0 0.09437725674 0 0 0 0 0 0 0.0007528501303 0 0 0 0 0 0 0.0007528501303 0 0 0 0 0 0 0.001307889925
212,1785497078.905773878,map,7.4998040199,-1.6720378399,-1.2394450903,0.0136440125,0.0784299845,0.6707924066,0.7373602537,0.04301635241 0 0 0 0 0 0 0.04301635241 0 0 0 0 0 0 0.09449712019 0 0 0 0 0 0 0.0007547191601 0 0 0 0 0 0 0.0007547191601 0 0 0 0 0 0 0.001310353028
213,1785497079.005425453,map,7.5611977577,-1.6013190746,-1.2398500443,0.0128466721,0.0767539065,0.6736762878,0.7349177382,0.04298321321 0 0 0 0 0 0 0.04298321321 0 0 0 0 0 0 0.09444799981 0 0 0 0 0 0 0.0007539530896 0 0 0 0 0 0 0.0007539530896 0 0 0 0 0 0 0.00130934355
214,1785497079.105295420,map,7.5061926842,-1.6272215843,-1.2337896824,0.0125545343,0.0762049434,0.6773321629,0.7316121406,0.04287022673 0 0 0 0 0 0 0.04287022673 0 0 0 0 0 0 0.09428047992 0 0 0 0 0 0 0.0007513419162 0 0 0 0 0 0 0.0007513419162 0 0 0 0 0 0 0.001305901785
215,1785497079.205484390,map,7.5584454536,-1.5913635492,-1.2415072918,0.0128316420,0.0754388408,0.6808827770,0.7283838130,0.04297366297 0 0 0 0 0 0 0.04297366297 0 0 0 0 0 0 0.09443384289 0 0 0 0 0 0 0.0007537323367 0 0 0 0 0 0 0.0007537323367 0 0 0 0 0 0 0.001309052633
216,1785497079.305796385,map,7.5146517754,-1.6131893396,-1.2372370958,0.0129333138,0.0755826615,0.6842711629,0.7251847796,0.04326686815 0 0 0 0 0 0 0.04326686815 0 0 0 0 0 0 0.09486824704 0 0 0 0 0 0 0.0007605132937 0 0 0 0 0 0 0.0007605132937 0 0 0 0 0 0 0.001317984174
217,1785497079.405495644,map,7.5242714882,-1.6031460762,-1.2377914190,0.0143862971,0.0755789853,0.6852701055,0.7242138707,0.04304592421 0 0 0 0 0 0 0.04304592421 0 0 0 0 0 0 0.09454094763 0 0 0 0 0 0 0.0007554028431 0 0 0 0 0 0 0.0007554028431 0 0 0 0 0 0 0.001311253837
218,1785497079.505350351,map,7.6210379601,-1.4995443821,-1.2534155846,0.0188094934,0.0778800748,0.6894907730,0.7198495469,0.04297150703 0 0 0 0 0 0 0.04297150703 0 0 0 0 0 0 0.09443064693 0 0 0 0 0 0 0.0007536825035 0 0 0 0 0 0 0.0007536825035 0 0 0 0 0 0 0.00130898696
219,1785497079.705617189,map,7.5786743164,-1.4354742765,-1.2425854206,0.0143646130,0.0759248876,0.7005117656,0.7094450893,0.042925213 0 0 0 0 0 0 0.042925213 0 0 0 0 0 0 0.09436201451 0 0 0 0 0 0 0.0007526125395 0 0 0 0 0 0 0.0007526125395 0 0 0 0 0 0 0.001307576763
220,1785497079.805525780,map,7.5195798874,-1.4477267265,-1.2452766895,0.0149328729,0.0758126515,0.7052169293,0.7047684071,0.04272220657 0 0 0 0 0 0 0.04272220657 0 0 0 0 0 0 0.09406090833 0 0 0 0 0 0 0.000747922755 0 0 0 0 0 0 0.000747922755 0 0 0 0 0 0 0.001301392833
221,1785497079.905348301,map,7.5156583786,-1.4476722479,-1.2416267395,0.0155738183,0.0752782827,0.7060701016,0.7039571171,0.0428164735 0 0 0 0 0 0 0.0428164735 0 0 0 0 0 0 0.09420075723 0 0 0 0 0 0 0.0007501000367 0 0 0 0 0 0 0.0007501000367 0 0 0 0 0 0 0.001304264368
222,1785497080.005341530,map,7.5680351257,-1.3998728991,-1.2397556305,0.0156603864,0.0714965383,0.7088970348,0.7015040948,0.04275497906 0 0 0 0 0 0 0.04275497906 0 0 0 0 0 0 0.09410953337 0 0 0 0 0 0 0.0007486796138 0 0 0 0 0 0 0.0007486796138 0 0 0 0 0 0 0.00130239114
223,1785497080.105556965,map,7.5428905487,-1.3192672729,-1.2474573851,0.0176711520,0.0676603480,0.7099006163,0.7008216152,0.04281022116 0 0 0 0 0 0 0.04281022116 0 0 0 0 0 0 0.09419148318 0 0 0 0 0 0 0.0007499556028 0 0 0 0 0 0 0.0007499556028 0 0 0 0 0 0 0.001304073911
224,1785497080.205499411,map,7.5228705406,-1.2943378687,-1.2487648726,0.0175652826,0.0697924192,0.7126625478,0.6978055272,0.04296197586 0 0 0 0 0 0 0.04296197586 0 0 0 0 0 0 0.09441651764 0 0 0 0 0 0 0.0007534622006 0 0 0 0 0 0 0.0007534622006 0 0 0 0 0 0 0.001308696623
225,1785497080.305373669,map,7.5459032059,-1.2711747885,-1.2407466173,0.0144822894,0.0670388768,0.7118987575,0.6989250417,0.04274351171 0 0 0 0 0 0 0.04274351171 0 0 0 0 0 0 0.09409251978 0 0 0 0 0 0 0.0007484147725 0 0 0 0 0 0 0.0007484147725 0 0 0 0 0 0 0.001302041825
226,1785497080.405324221,map,7.5713548660,-1.1701318026,-1.2557162046,0.0132487790,0.0616127400,0.7133188482,0.6980004122,0.04288613196 0 0 0 0 0 0 0.04288613196 0 0 0 0 0 0 0.09430406622 0 0 0 0 0 0 0.0007517094278 0 0 0 0 0 0 0.0007517094278 0 0 0 0 0 0 0.001306386286
227,1785497080.505463362,map,7.5579028130,-1.1457359791,-1.2599023581,0.0155717503,0.0592453229,0.7194286938,0.6918597283,0.04308150396 0 0 0 0 0 0 0.04308150396 0 0 0 0 0 0 0.09459367276 0 0 0 0 0 0 0.0007562255252 0 0 0 0 0 0 0.0007562255252 0 0 0 0 0 0 0.001312337658
228,1785497080.605595589,map,7.5354313850,-1.1116427183,-1.2689189911,0.0169559935,0.0618010170,0.7255561254,0.6851725684,0.04291889321 0 0 0 0 0 0 0.04291889321 0 0 0 0 0 0 0.09435264428 0 0 0 0 0 0 0.0007524664885 0 0 0 0 0 0 0.0007524664885 0 0 0 0 0 0 0.001307384251
229,1785497080.705427170,map,7.5379910469,-1.0966351032,-1.2684856653,0.0195739682,0.0647763206,0.7315654724,0.6784046511,0.04278577335 0 0 0 0 0 0 0.04278577335 0 0 0 0 0 0 0.0941552178 0 0 0 0 0 0 0.0007493908718 0 0 0 0 0 0 0.0007493908718 0 0 0 0 0 0 0.001303329188
230,1785497080.805308104,map,7.5230650902,-1.0657162666,-1.2627973557,0.0202826216,0.0651298937,0.7352572579,0.6743466953,0.04278704638 0 0 0 0 0 0 0.04278704638 0 0 0 0 0 0 0.09415710627 0 0 0 0 0 0 0.0007494202769 0 0 0 0 0 0 0.0007494202769 0 0 0 0 0 0 0.001303367967
231,1785497080.905375481,map,7.5218172073,-1.0284060240,-1.2641235590,0.0243404411,0.0646459235,0.7404785730,0.6685206910,0.0429567403 0 0 0 0 0 0 0.0429567403 0 0 0 0 0 0 0.09440875607 0 0 0 0 0 0 0.0007533411896 0 0 0 0 0 0 0.0007533411896 0 0 0 0 0 0 0.001308537139
232,1785497081.005618334,map,7.5539402962,-0.9386272430,-1.2756757736,0.0194951792,0.0716325282,0.7460010338,0.6617938882,0.04303340264 0 0 0 0 0 0 0.04303340264 0 0 0 0 0 0 0.0945223904 0 0 0 0 0 0 0.0007551133425 0 0 0 0 0 0 0.0007551133425 0 0 0 0 0 0 0.001310872408
233,1785497081.105479717,map,7.5070385933,-0.9391455650,-1.2584488392,0.0181901520,0.0740075797,0.7478508027,0.6594779816,0.04285730259 0 0 0 0 0 0 0.04285730259 0 0 0 0 0 0 0.09426131331 0 0 0 0 0 0 0.0007510433026 0 0 0 0 0 0 0.0007510433026 0 0 0 0 0 0 0.001305508093
234,1785497081.205339670,map,7.5597677231,-0.8755277991,-1.2557684183,0.0078527802,0.0704303213,0.7458860605,0.6622928981,0.04280646175 0 0 0 0 0 0 0.04280646175 0 0 0 0 0 0 0.09418590677 0 0 0 0 0 0 0.0007498687592 0 0 0 0 0 0 0.0007498687592 0 0 0 0 0 0 0.001303959393
235,1785497081.305310488,map,7.5504045486,-0.8593031168,-1.2746584415,-0.0032230702,0.0677502215,0.7430151490,0.6658288283,0.04311293057 0 0 0 0 0 0 0.04311293057 0 0 0 0 0 0 0.09464023753 0 0 0 0 0 0 0.0007569522673 0 0 0 0 0 0 0.0007569522673 0 0 0 0 0 0 0.001313294967
236,1785497081.405517817,map,7.5175614357,-0.7913823128,-1.2814978361,-0.0032730294,0.0665530839,0.7418989543,0.6671925896,0.04290938573 0 0 0 0 0 0 0.04290938573 0 0 0 0 0 0 0.0943385473 0 0 0 0 0 0 0.0007522467762 0 0 0 0 0 0 0.0007522467762 0 0 0 0 0 0 0.001307094636
237,1785497081.505539656,map,7.5579133034,-0.7767241597,-1.2673976421,-0.0094730306,0.0687263147,0.7396676193,0.6693868447,0.04280237517 0 0 0 0 0 0 0.04280237517 0 0 0 0 0 0 0.09417984497 0 0 0 0 0 0 0.0007497743591 0 0 0 0 0 0 0.0007497743591 0 0 0 0 0 0 0.001303834909
238,1785497081.605306625,map,7.5112385750,-0.7102226615,-1.2632173300,-0.0098031508,0.0571592142,0.7389566921,0.6712523642,0.04307391705 0 0 0 0 0 0 0.04307391705 0 0 0 0 0 0 0.09458243042 0 0 0 0 0 0 0.0007560500901 0 0 0 0 0 0 0.0007560500901 0 0 0 0 0 0 0.001312106547
239,1785497081.705315351,map,7.4450850487,-0.6936739087,-1.2810431719,-0.0021609532,0.0554045162,0.7398937383,0.6704348958,0.04270413469 0 0 0 0 0 0 0.04270413469 0 0 0 0 0 0 0.0940340922 0 0 0 0 0 0 0.0007475054365 0 0 0 0 0 0 0.0007475054365 0 0 0 0 0 0 0.001300842332
240,1785497081.805595160,map,7.4935760498,-0.6249966025,-1.2739422321,0.0051024319,0.0566513819,0.7359835976,0.6746056038,0.0425287928 0 0 0 0 0 0 0.0425287928 0 0 0 0 0 0 0.09377381325 0 0 0 0 0 0 0.0007434578824 0 0 0 0 0 0 0.0007434578824 0 0 0 0 0 0 0.001295501113
241,1785497081.905460596,map,7.4899196625,-0.5794669390,-1.2743022442,0.0064915491,0.0565454441,0.7366991054,0.6738210927,0.04293328097 0 0 0 0 0 0 0.04293328097 0 0 0 0 0 0 0.09437397641 0 0 0 0 0 0 0.0007527989961 0 0 0 0 0 0 0.0007527989961 0 0 0 0 0 0 0.001307822527
242,1785497082.005370140,map,7.4882178307,-0.5352656245,-1.2914701700,0.0097809167,0.0600455512,0.7352158604,0.6750974006,0.04280320962 0 0 0 0 0 0 0.04280320962 0 0 0 0 0 0 0.09418108275 0 0 0 0 0 0 0.0007497936348 0 0 0 0 0 0 0.0007497936348 0 0 0 0 0 0 0.001303860327
243,1785497082.105305195,map,7.4106011391,-0.5262808800,-1.2702850103,0.0169000538,0.0583811758,0.7339562901,0.6764718782,0.04297086114 0 0 0 0 0 0 0.04297086114 0 0 0 0 0 0 0.09442968946 0 0 0 0 0 0 0.0007536675741 0 0 0 0 0 0 0.0007536675741 0 0 0 0 0 0 0.001308967285
244,1785497082.305521488,map,7.4727392197,-0.4542067051,-1.2561361790,0.0276705017,0.0505207254,0.7242509824,0.6871262891,0.04293229463 0 0 0 0 0 0 0.04293229463 0 0 0 0 0 0 0.09437251404 0 0 0 0 0 0 0.0007527762008 0 0 0 0 0 0 0.0007527762008 0 0 0 0 0 0 0.001307792482
245,1785497082.405407906,map,7.4382476807,-0.3676347136,-1.2863774300,0.0353421911,0.0531653148,0.7203689354,0.6906467674,0.04319979737 0 0 0 0 0 0 0.04319979737 0 0 0 0 0 0 0.09476891926 0 0 0 0 0 0 0.0007589615033 0 0 0 0 0 0 0.0007589615033 0 0 0 0 0 0 0.001315941081
246,1785497082.505321980,map,7.4482898712,-0.3197149336,-1.2559081316,0.0485040931,0.0462048293,0.7207461600,0.6899546469,0.04287679385 0 0 0 0 0 0 0.04287679385 0 0 0 0 0 0 0.09429021866 0 0 0 0 0 0 0.0007514936557 0 0 0 0 0 0 0.0007514936557 0 0 0 0 0 0 0.001306101831
247,1785497082.605475903,map,7.4672136307,-0.3120702803,-1.2341412306,0.0486931611,0.0313657566,0.7207314617,0.6907903648,0.04276110892 0 0 0 0 0 0 0.04276110892 0 0 0 0 0 0 0.09411862766 0 0 0 0 0 0 0.0007488211891 0 0 0 0 0 0 0.0007488211891 0 0 0 0 0 0 0.001302577867
248,1785497082.705476999,map,7.5223131180,-0.3462487757,-1.2280095816,0.0290816672,0.0286193159,0.7175200079,0.6953418121,0.04301481937 0 0 0 0 0 0 0.04301481937 0 0 0 0 0 0 0.094494848 0 0 0 0 0 0 0.0007546837193 0 0 0 0 0 0 0.0007546837193 0 0 0 0 0 0 0.001310306329
249,1785497082.805330276,map,7.4786982536,-0.2450865060,-1.2745503187,0.0185938809,0.0366229502,0.7105268034,0.7024704034,0.04265502332 0 0 0 0 0 0 0.04265502332 0 0 0 0 0 0 0.09396120849 0 0 0 0 0 0 0.0007463714922 0 0 0 0 0 0 0.0007463714922 0 0 0 0 0 0 0.001299346315
250,1785497082.905276299,map,7.3971800804,-0.1448738426,-1.2707138062,0.0257626463,0.0406361817,0.7056634773,0.7069116284,0.04287896551 0 0 0 0 0 0 0.04287896551 0 0 0 0 0 0 0.09429343907 0 0 0 0 0 0 0.0007515438346 0 0 0 0 0 0 0.0007515438346 0 0 0 0 0 0 0.001306167984
251,1785497083.005462885,map,7.4384746552,-0.0029018703,-1.3149948120,0.0289983599,0.0445027328,0.6982729620,0.7138581328,0.04298598117 0 0 0 0 0 0 0.04298598117 0 0 0 0 0 0 0.09445210285 0 0 0 0 0 0 0.0007540170724 0 0 0 0 0 0 0.0007540170724 0 0 0 0 0 0 0.001309427867
252,1785497083.105642796,map,7.4578051567,-0.0041544507,-1.2420526743,0.0386678776,0.0540246558,0.6933106699,0.7175698167,0.04271957684 0 0 0 0 0 0 0.04271957684 0 0 0 0 0 0 0.09405700629 0 0 0 0 0 0 0.0007478620271 0 0 0 0 0 0 0.0007478620271 0 0 0 0 0 0 0.001301312727
253,1785497083.205398321,map,7.4646244049,0.1219415069,-1.2559463978,0.0263652683,0.0573500483,0.6848895308,0.7259078159,0.04281384012 0 0 0 0 0 0 0.04281384012 0 0 0 0 0 0 0.09419685118 0 0 0 0 0 0 0.0007500392031 0 0 0 0 0 0 0.0007500392031 0 0 0 0 0 0 0.001304184151
254,1785497083.405309677,map,7.5537509918,0.3655306399,-1.2705098391,0.0227521135,0.0569829837,0.6971510935,0.7142937950,0.04280895082 0 0 0 0 0 0 0.04280895082 0 0 0 0 0 0 0.09418959887 0 0 0 0 0 0 0.0007499262573 0 0 0 0 0 0 0.0007499262573 0 0 0 0 0 0 0.001304035214
255,1785497083.505658388,map,7.5467624664,0.3625856936,-1.2702560425,0.0226717736,0.0567171823,0.7055487928,0.7060241179,0.04276329964 0 0 0 0 0 0 0.04276329964 0 0 0 0 0 0 0.09412187778 0 0 0 0 0 0 0.0007488717869 0 0 0 0 0 0 0.0007488717869 0 0 0 0 0 0 0.0013026446
256,1785497083.605532646,map,7.4385943413,0.2398107946,-1.2616047859,0.0243928439,0.0557030331,0.7113445664,0.7002078651,0.04292858369 0 0 0 0 0 0 0.04292858369 0 0 0 0 0 0 0.09436701208 0 0 0 0 0 0 0.0007526904379 0 0 0 0 0 0 0.0007526904379 0 0 0 0 0 0 0.00130767944
257,1785497083.705367804,map,7.4993987083,0.2583341300,-1.2717690468,0.0240538820,0.0551651213,0.7093212061,0.7023116540,0.04252226048 0 0 0 0 0 0 0.04252226048 0 0 0 0 0 0 0.09376411324 0 0 0 0 0 0 0.0007433071433 0 0 0 0 0 0 0.0007433071433 0 0 0 0 0 0 0.001295302127
258,1785497083.805259466,map,7.4992280006,0.2609498799,-1.2710646391,0.0239117307,0.0548437531,0.7091183361,0.7025464927,0.04282852855 0 0 0 0 0 0 0.04282852855 0 0 0 0 0 0 0.09421863778 0 0 0 0 0 0 0.0007503785271 0 0 0 0 0 0 0.0007503785271 0 0 0 0 0 0 0.001304631586
259,1785497083.905364990,map,7.5448412895,0.3166917562,-1.2756654024,0.0239212483,0.0546446603,0.7129731688,0.6986494067,0.04270424979 0 0 0 0 0 0 0.04270424979 0 0 0 0 0 0 0.09403426299 0 0 0 0 0 0 0.0007475080943 0 0 0 0 0 0 0.0007475080943 0 0 0 0 0 0 0.001300845838
260,1785497084.005666733,map,7.5493469238,0.3525459766,-1.2749439478,0.0253758525,0.0536692210,0.7221367466,0.6891982354,0.04274828849 0 0 0 0 0 0 0.04274828849 0 0 0 0 0 0 0.09409960696 0 0 0 0 0 0 0.0007485250919 0 0 0 0 0 0 0.0007485250919 0 0 0 0 0 0 0.001302187334
261,1785497084.105606079,map,7.5240387917,0.3608133495,-1.2748802900,0.0263863723,0.0510595706,0.7312059393,0.6797312237,0.04295579594 0 0 0 0 0 0 0.04295579594 0 0 0 0 0 0 0.09440735608 0 0 0 0 0 0 0.0007533193627 0 0 0 0 0 0 0.0007533193627 0 0 0 0 0 0 0.001308508372
262,1785497084.305282831,map,7.4753079414,0.3037706316,-1.2753980160,0.0264304962,0.0518820892,0.7313518191,0.6795102497,0.04273401614 0 0 0 0 0 0 0.04273401614 0 0 0 0 0 0 0.09407843106 0 0 0 0 0 0 0.0007481954784 0 0 0 0 0 0 0.0007481954784 0 0 0 0 0 0 0.001301752573
263,1785497084.405327082,map,7.4907388687,0.3194116652,-1.2799969912,0.0266618668,0.0519212318,0.7313896556,0.6794574940,0.04285866025 0 0 0 0 0 0 0.04285866025 0 0 0 0 0 0 0.09426332677 0 0 0 0 0 0 0.0007510746708 0 0 0 0 0 0 0.0007510746708 0 0 0 0 0 0 0.00130554945
264,1785497084.505390167,map,7.5417461395,0.3762255907,-1.2828738689,0.0272419701,0.0531444645,0.7378091312,0.6723624072,0.04267411113 0 0 0 0 0 0 0.04267411113 0 0 0 0 0 0 0.09398953736 0 0 0 0 0 0 0.0007468121904 0 0 0 0 0 0 0.0007468121904 0 0 0 0 0 0 0.001299927762
265,1785497084.605485201,map,7.5215668678,0.3772182763,-1.2800977230,0.0278819488,0.0531465025,0.7463943880,0.6627921829,0.04273786892 0 0 0 0 0 0 0.04273786892 0 0 0 0 0 0 0.09408414755 0 0 0 0 0 0 0.0007482844549 0 0 0 0 0 0 0.0007482844549 0 0 0 0 0 0 0.001301869936
266,1785497084.705296040,map,7.5335116386,0.3730044961,-1.2832638025,0.0280902377,0.0529793061,0.7545843625,0.6534574020,0.04281719969 0 0 0 0 0 0 0.04281719969 0 0 0 0 0 0 0.09420183437 0 0 0 0 0 0 0.0007501168124 0 0 0 0 0 0 0.0007501168124 0 0 0 0 0 0 0.001304286489
267,1785497084.805321932,map,7.5209741592,0.3548670709,-1.2876940966,0.0289312391,0.0524668096,0.7625157562,0.6441893509,0.04283143744 0 0 0 0 0 0 0.04283143744 0 0 0 0 0 0 0.09422295225 0 0 0 0 0 0 0.0007504457289 0 0 0 0 0 0 0.0007504457289 0 0 0 0 0 0 0.001304720196
268,1785497084.905451775,map,7.5495023727,0.3637772799,-1.2833592892,0.0309828517,0.0521617040,0.7705346832,0.6345041529,0.04281440722 0 0 0 0 0 0 0.04281440722 0 0 0 0 0 0 0.09419769235 0 0 0 0 0 0 0.0007500523035 0 0 0 0 0 0 0.0007500523035 0 0 0 0 0 0 0.001304201426
269,1785497085.005528927,map,7.4208121300,0.2747565210,-1.2644178867,0.0323682936,0.0522434182,0.7749042974,0.6290836736,0.04287724031 0 0 0 0 0 0 0.04287724031 0 0 0 0 0 0 0.09429088073 0 0 0 0 0 0 0.0007515039717 0 0 0 0 0 0 0.0007515039717 0 0 0 0 0 0 0.001306115431
270,1785497085.105347157,map,7.4889392853,0.3039923012,-1.2738094330,0.0317891032,0.0511671081,0.7727654577,0.6318266778,0.04271044952 0 0 0 0 0 0 0.04271044952 0 0 0 0 0 0 0.09404346273 0 0 0 0 0 0 0.0007476512564 0 0 0 0 0 0 0.0007476512564 0 0 0 0 0 0 0.001301034693
271,1785497085.205361605,map,7.4935550690,0.3078842163,-1.2769356966,0.0316541889,0.0510661588,0.7723143267,0.6323929709,0.04287729771 0 0 0 0 0 0 0.04287729771 0 0 0 0 0 0 0.09429096585 0 0 0 0 0 0 0.000751505298 0 0 0 0 0 0 0.000751505298 0 0 0 0 0 0 0.00130611718
272,1785497085.305436850,map,7.4918580055,0.3056900501,-1.2740422487,0.0316912156,0.0507056647,0.7719562281,0.6328571416,0.04314499181 0 0 0 0 0 0 0.04314499181 0 0 0 0 0 0 0.09468773693 0 0 0 0 0 0 0.0007576937715 0 0 0 0 0 0 0.0007576937715 0 0 0 0 0 0 0.001314271608
273,1785497085.405460835,map,7.5199542046,0.3013336957,-1.2747339010,0.0311752230,0.0481246440,0.7706791683,0.6346382747,0.04276518514 0 0 0 0 0 0 0.04276518514 0 0 0 0 0 0 0.09412467505 0 0 0 0 0 0 0.0007489153353 0 0 0 0 0 0 0.0007489153353 0 0 0 0 0 0 0.001302702035
274,1785497085.505287647,map,7.5067896843,0.3565117121,-1.2795670033,0.0321886875,0.0495611273,0.7716227899,0.6333291953,0.04287880224 0 0 0 0 0 0 0.04287880224 0 0 0 0 0 0 0.09429319696 0 0 0 0 0 0 0.0007515400622 0 0 0 0 0 0 0.0007515400622 0 0 0 0 0 0 0.00130616301
275,1785497085.605283976,map,7.4563255310,0.3316762745,-1.2566536665,0.0311393979,0.0513372647,0.7718697577,0.6329391200,0.04295029633 0 0 0 0 0 0 0.04295029633 0 0 0 0 0 0 0.09439920287 0 0 0 0 0 0 0.0007531922516 0 0 0 0 0 0 0.0007531922516 0 0 0 0 0 0 0.001308340845
276,1785497085.705492973,map,7.4666347504,0.3635853827,-1.2479342222,0.0205826638,0.0409194853,0.7703523531,0.6359710867,0.04276010239 0 0 0 0 0 0 0.04276010239 0 0 0 0 0 0 0.09411713439 0 0 0 0 0 0 0.0007487979421 0 0 0 0 0 0 0.0007487979421 0 0 0 0 0 0 0.001302547206
277,1785497085.805461645,map,7.4532847404,0.4360661507,-1.2708557844,0.0192584919,0.0423073796,0.7688290292,0.6377625773,0.04295000567 0 0 0 0 0 0 0.04295000567 0 0 0 0 0 0 0.09439877196 0 0 0 0 0 0 0.0007531855336 0 0 0 0 0 0 0.0007531855336 0 0 0 0 0 0 0.001308331991
278,1785497085.905327320,map,7.4200844765,0.5860924125,-1.2606571913,0.0293882443,0.0498066648,0.7696642412,0.6358243359,0.04288867224 0 0 0 0 0 0 0.04288867224 0 0 0 0 0 0 0.09430783314 0 0 0 0 0 0 0.0007517681265 0 0 0 0 0 0 0.0007517681265 0 0 0 0 0 0 0.001306463668
279,1785497086.005315542,map,7.3936724663,0.5700985193,-1.2883572578,0.0130400939,0.0549974664,0.7666699432,0.6395486069,0.0431572647 0 0 0 0 0 0 0.0431572647 0 0 0 0 0 0 0.09470591796 0 0 0 0 0 0 0.0007579776391 0 0 0 0 0 0 0.0007579776391 0 0 0 0 0 0 0.001314645462
280,1785497086.205468416,map,7.3712043762,0.7216316462,-1.2152634859,0.0211559750,0.0434130012,0.7647013799,0.6425725711,0.04267997978 0 0 0 0 0 0 0.04267997978 0 0 0 0 0 0 0.09399824682 0 0 0 0 0 0 0.0007469476919 0 0 0 0 0 0 0.0007469476919 0 0 0 0 0 0 0.001300106532
281,1785497086.305280447,map,7.3588767052,0.9083361626,-1.2437951565,0.0182480041,0.0348784513,0.7619857611,0.6463963112,0.04263469982 0 0 0 0 0 0 0.04263469982 0 0 0 0 0 0 0.0939310434 0 0 0 0 0 0 0.0007459022989 0 0 0 0 0 0 0.0007459022989 0 0 0 0 0 0 0.001298727225
282,1785497086.405228138,map,7.2449927330,0.9798709154,-1.2670779228,0.0267590046,0.0435181283,0.7638662406,0.6433494426,0.04294083147 0 0 0 0 0 0 0.04294083147 0 0 0 0 0 0 0.09438517075 0 0 0 0 0 0 0.0007529734986 0 0 0 0 0 0 0.0007529734986 0 0 0 0 0 0 0.001308052528
283,1785497086.505545855,map,7.3378634453,0.9139359593,-1.2503770590,0.0215846712,0.0529031329,0.7628223529,0.6440787201,0.04357786586 0 0 0 0 0 0 0.04357786586 0 0 0 0 0 0 0.09532849022 0 0 0 0 0 0 0.0007677136875 0 0 0 0 0 0 0.0007677136875 0 0 0 0 0 0 0.001327457706
284,1785497086.705332041,map,7.3466019630,1.2379225492,-1.2885577679,0.0133227551,0.0487107244,0.7625303367,0.6449784981,0.04272583907 0 0 0 0 0 0 0.04272583907 0 0 0 0 0 0 0.09406629822 0 0 0 0 0 0 0.0007480066405 0 0 0 0 0 0 0.0007480066405 0 0 0 0 0 0 0.001301503486
285,1785497086.805260420,map,7.3003878593,1.2197992802,-1.2705005407,0.0114683191,0.0545599109,0.7628046021,0.6442211330,0.04286999031 0 0 0 0 0 0 0.04286999031 0 0 0 0 0 0 0.09428012931 0 0 0 0 0 0 0.0007513364535 0 0 0 0 0 0 0.0007513364535 0 0 0 0 0 0 0.001305894583
286,1785497086.905417681,map,7.2800207138,1.3259668350,-1.2642768621,0.0114913245,0.0563312345,0.7616724529,0.6454067180,0.04277970887 0 0 0 0 0 0 0.04277970887 0 0 0 0 0 0 0.09414622135 0 0 0 0 0 0 0.0007492507936 0 0 0 0 0 0 0.0007492507936 0 0 0 0 0 0 0.001303144453
287,1785497087.005520821,map,7.2813882828,1.3311436176,-1.2656480074,0.0117158261,0.0554783131,0.7616960332,0.6454487137,0.04292895389 0 0 0 0 0 0 0.04292895389 0 0 0 0 0 0 0.09436756096 0 0 0 0 0 0 0.0007526989936 0 0 0 0 0 0 0.0007526989936 0 0 0 0 0 0 0.001307690717
288,1785497087.105185032,map,7.2854599953,1.3332648277,-1.2659347057,0.0118127826,0.0547415693,0.7616455490,0.6455694016,0.04290380241 0 0 0 0 0 0 0.04290380241 0 0 0 0 0 0 0.09433026855 0 0 0 0 0 0 0.0007521177526 0 0 0 0 0 0 0.0007521177526 0 0 0 0 0 0 0.001306924559
289,1785497087.205351830,map,7.2907929420,1.3351248503,-1.2663484812,0.0119393519,0.0547240789,0.7616291533,0.6455879162,0.04298996433 0 0 0 0 0 0 0.04298996433 0 0 0 0 0 0 0.09445800713 0 0 0 0 0 0 0.0007541091461 0 0 0 0 0 0 0.0007541091461 0 0 0 0 0 0 0.001309549201
290,1785497087.305449724,map,7.2875328064,1.3346735239,-1.2670599222,0.0120754175,0.0548204144,0.7616258457,0.6455811331,0.04287075099 0 0 0 0 0 0 0.04287075099 0 0 0 0 0 0 0.09428125738 0 0 0 0 0 0 0.0007513540295 0 0 0 0 0 0 0.0007513540295 0 0 0 0 0 0 0.001305917755
291,1785497087.405521393,map,7.2872695923,1.3365957737,-1.2671880722,0.0119833610,0.0547332595,0.7616110063,0.6456077400,0.04290859763 0 0 0 0 0 0 0.04290859763 0 0 0 0 0 0 0.09433737876 0 0 0 0 0 0 0.0007522285642 0 0 0 0 0 0 0.0007522285642 0 0 0 0 0 0 0.00130707063
292,1785497087.505355597,map,7.2865495682,1.3381623030,-1.2671933174,0.0121005376,0.0546879789,0.7616013802,0.6456207719,0.04275992693 0 0 0 0 0 0 0.04275992693 0 0 0 0 0 0 0.09411687407 0 0 0 0 0 0 0.0007487938895 0 0 0 0 0 0 0.0007487938895 0 0 0 0 0 0 0.001302541861
293,1785497087.605340719,map,7.2846708298,1.3340940475,-1.2673490047,0.0121550356,0.0547295139,0.7616165681,0.6455982710,0.04279068381 0 0 0 0 0 0 0.04279068381 0 0 0 0 0 0 0.09416250215 0 0 0 0 0 0 0.0007495042967 0 0 0 0 0 0 0.0007495042967 0 0 0 0 0 0 0.001303478769
294,1785497087.705371380,map,7.2829799652,1.3386830091,-1.2661796808,0.0124107536,0.0547828656,0.7615319868,0.6456886823,0.04288952819 0 0 0 0 0 0 0.04288952819 0 0 0 0 0 0 0.0943091024 0 0 0 0 0 0 0.000751787905 0 0 0 0 0 0 0.000751787905 0 0 0 0 0 0 0.001306489741
295,1785497087.805525541,map,7.2837972641,1.3398276567,-1.2665774822,0.0123476580,0.0546746658,0.7614826633,0.6457571971,0.04278913353 0 0 0 0 0 0 0.04278913353 0 0 0 0 0 0 0.09416020242 0 0 0 0 0 0 0.0007494684871 0 0 0 0 0 0 0.0007494684871 0 0 0 0 0 0 0.001303431545
296,1785497087.905359507,map,7.2852425575,1.3319255114,-1.2653472424,0.0124074105,0.0547155228,0.7614767802,0.6457595248,0.04268991115 0 0 0 0 0 0 0.04268991115 0 0 0 0 0 0 0.09401298517 0 0 0 0 0 0 0.0007471770044 0 0 0 0 0 0 0.0007471770044 0 0 0 0 0 0 0.001300409059
297,1785497088.005172491,map,7.2897162437,1.3274105787,-1.2650438547,0.0124764084,0.0544694320,0.7614720316,0.6457846275,0.04292753511 0 0 0 0 0 0 0.04292753511 0 0 0 0 0 0 0.09436545741 0 0 0 0 0 0 0.0007526662047 0 0 0 0 0 0 0.0007526662047 0 0 0 0 0 0 0.001307647498
298,1785497088.105386257,map,7.2958178520,1.3279275894,-1.2663649321,0.0127369200,0.0546190794,0.7615456814,0.6456800453,0.0426670356 0 0 0 0 0 0 0.0426670356 0 0 0 0 0 0 0.09397903656 0 0 0 0 0 0 0.0007466488273 0 0 0 0 0 0 0.0007466488273 0 0 0 0 0 0 0.001299712229
299,1785497088.305430889,map,7.2905521393,1.3250473738,-1.2651376724,0.0126576314,0.0548077550,0.7614868777,0.6457349548,0.04261603301 0 0 0 0 0 0 0.04261603301 0 0 0 0 0 0 0.09390333518 0 0 0 0 0 0 0.0007454713838 0 0 0 0 0 0 0.0007454713838 0 0 0 0 0 0 0.001298158602
300,1785497088.405299425,map,7.2859907150,1.3264980316,-1.2642016411,0.0127031962,0.0547608204,0.7614702489,0.6457576470,0.04289370024 0 0 0 0 0 0 0.04289370024 0 0 0 0 0 0 0.09431528893 0 0 0 0 0 0 0.0007518843106 0 0 0 0 0 0 0.0007518843106 0 0 0 0 0 0 0.001306616829
301,1785497088.505281448,map,7.2854542732,1.3269190788,-1.2650392056,0.0127817759,0.0546894872,0.7614485452,0.6457877165,0.04273830507 0 0 0 0 0 0 0.04273830507 0 0 0 0 0 0 0.09408479468 0 0 0 0 0 0 0.0007482945275 0 0 0 0 0 0 0.0007482945275 0 0 0 0 0 0 0.001301883222
302,1785497088.605430841,map,7.2865471840,1.3278079033,-1.2676298618,0.0127030755,0.0547017906,0.7614649213,0.6457689164,0.04270963218 0 0 0 0 0 0 0.04270963218 0 0 0 0 0 0 0.09404224989 0 0 0 0 0 0 0.0007476323822 0 0 0 0 0 0 0.0007476323822 0 0 0 0 0 0 0.001301009795
303,1785497088.705343723,map,7.2873711586,1.3269455433,-1.2667998075,0.0125814968,0.0546868930,0.7614961930,0.6457357048,0.04280390317 0 0 0 0 0 0 0.04280390317 0 0 0 0 0 0 0.09418211153 0 0 0 0 0 0 0.0007498096558 0 0 0 0 0 0 0.0007498096558 0 0 0 0 0 0 0.001303881454
304,1785497088.805243492,map,7.2865195274,1.3257570267,-1.2655222416,0.0125325943,0.0545845450,0.7614755291,0.6457696462,0.04289767106 0 0 0 0 0 0 0.04289767106 0 0 0 0 0 0 0.09432117698 0 0 0 0 0 0 0.0007519760678 0 0 0 0 0 0 0.0007519760678 0 0 0 0 0 0 0.001306737787
305,1785497088.905165195,map,7.2833561897,1.3294451237,-1.2658319473,0.0125509643,0.0547179085,0.7614622793,0.6457736814,0.04286811809 0 0 0 0 0 0 0.04286811809 0 0 0 0 0 0 0.09427735286 0 0 0 0 0 0 0.0007512931949 0 0 0 0 0 0 0.0007512931949 0 0 0 0 0 0 0.001305837552
306,1785497089.005455732,map,7.2835183144,1.3311716318,-1.2645370960,0.0126261053,0.0547124966,0.7614486709,0.6457887059,0.04266782238 0 0 0 0 0 0 0.04266782238 0 0 0 0 0 0 0.09398020424 0 0 0 0 0 0 0.0007466669926 0 0 0 0 0 0 0.0007466669926 0 0 0 0 0 0 0.001299736196
307,1785497089.105335951,map,7.2850332260,1.3289463520,-1.2644064426,0.0126949789,0.0545510594,0.7613912831,0.6458686939,0.04277948841 0 0 0 0 0 0 0.04277948841 0 0 0 0 0 0 0.0941458943 0 0 0 0 0 0 0.0007492457014 0 0 0 0 0 0 0.0007492457014 0 0 0 0 0 0 0.001303137738
308,1785497089.205320358,map,7.2814474106,1.3313173056,-1.2645909786,0.0128276833,0.0546579516,0.7613741031,0.6458772592,0.04281982808 0 0 0 0 0 0 0.04281982808 0 0 0 0 0 0 0.09420573296 0 0 0 0 0 0 0.0007501775313 0 0 0 0 0 0 0.0007501775313 0 0 0 0 0 0 0.001304366554
309,1785497089.305344343,map,7.2832970619,1.3268011808,-1.2645624876,0.0128443698,0.0546386870,0.7613656022,0.6458885611,0.04258695358 0 0 0 0 0 0 0.04258695358 0 0 0 0 0 0 0.09386016696 0 0 0 0 0 0 0.0007448001581 0 0 0 0 0 0 0.0007448001581 0 0 0 0 0 0 0.001297272792
310,1785497089.405503035,map,7.2845325470,1.3226120472,-1.2647545338,0.0128803942,0.0546381626,0.7613447756,0.6459124533,0.04277012857 0 0 0 0 0 0 0.04277012857 0 0 0 0 0 0 0.09413200888 0 0 0 0 0 0 0.0007490295129 0 0 0 0 0 0 0.0007490295129 0 0 0 0 0 0 0.001302852621
311,1785497089.505374193,map,7.2892336845,1.3224035501,-1.2656624317,0.0126994722,0.0545934748,0.7613524454,0.6459107808,0.04267013227 0 0 0 0 0 0 0.04267013227 0 0 0 0 0 0 0.09398363238 0 0 0 0 0 0 0.0007467203242 0 0 0 0 0 0 0.0007467203242 0 0 0 0 0 0 0.001299806559
312,1785497089.605252028,map,7.2863488197,1.3237662315,-1.2662212849,0.0128817072,0.0545694316,0.7614014881,0.6458513872,0.04293263298 0 0 0 0 0 0 0.04293263298 0 0 0 0 0 0 0.09437301569 0 0 0 0 0 0 0.0007527840204 0 0 0 0 0 0 0.0007527840204 0 0 0 0 0 0 0.001307802788
313,1785497089.705301523,map,7.2871556282,1.3242545128,-1.2671060562,0.0128642602,0.0545633094,0.7613624830,0.6458982334,0.04282571248 0 0 0 0 0 0 0.04282571248 0 0 0 0 0 0 0.09421446095 0 0 0 0 0 0 0.0007503134704 0 0 0 0 0 0 0.0007503134704 0 0 0 0 0 0 0.001304545804
314,1785497089.805456161,map,7.2869615555,1.3243335485,-1.2657268047,0.0129675740,0.0546473185,0.7613802352,0.6458681431,0.0426514217 0 0 0 0 0 0 0.0426514217 0 0 0 0 0 0 0.09395586296 0 0 0 0 0 0 0.0007462883416 0 0 0 0 0 0 0.0007462883416 0 0 0 0 0 0 0.001299236603
315,1785497089.905346394,map,7.2892608643,1.3332821131,-1.2649167776,0.0128723247,0.0544436645,0.7614479297,0.6458074362,0.04279409011 0 0 0 0 0 0 0.04279409011 0 0 0 0 0 0 0.09416755508 0 0 0 0 0 0 0.0007495829785 0 0 0 0 0 0 0.0007495829785 0 0 0 0 0 0 0.001303582531
316,1785497090.105333805,map,7.2884082794,1.3284895420,-1.2657781839,0.0127441001,0.0544764615,0.7614748421,0.6457754928,0.04282293709 0 0 0 0 0 0 0.04282293709 0 0 0 0 0 0 0.0942103444 0 0 0 0 0 0 0.0007502493541 0 0 0 0 0 0 0.0007502493541 0 0 0 0 0 0 0.00130446126
317,1785497090.205542326,map,7.2903399467,1.3248139620,-1.2676650286,0.0128240831,0.0544536128,0.7614343490,0.6458235732,0.04266076756 0 0 0 0 0 0 0.04266076756 0 0 0 0 0 0 0.09396973393 0 0 0 0 0 0 0.0007465041116 0 0 0 0 0 0 0.0007465041116 0 0 0 0 0 0 0.001299521294
318,1785497090.305203438,map,7.2932586670,1.3184306622,-1.2686275244,0.0127154926,0.0545963621,0.7613833174,0.6458738071,0.04297466028 0 0 0 0 0 0 0.04297466028 0 0 0 0 0 0 0.09443532128 0 0 0 0 0 0 0.000753755389 0 0 0 0 0 0 0.000753755389 0 0 0 0 0 0 0.001309083013
319,1785497090.405245304,map,7.2898569107,1.3161797523,-1.2676022053,0.0127754740,0.0546494349,0.7613685522,0.6458855302,0.04266199049 0 0 0 0 0 0 0.04266199049 0 0 0 0 0 0 0.09397154894 0 0 0 0 0 0 0.0007465323461 0 0 0 0 0 0 0.0007465323461 0 0 0 0 0 0 0.001299558547
320,1785497090.505059004,map,7.2864899635,1.3205245733,-1.2670328617,0.0129523810,0.0544707731,0.7613683416,0.6458973539,0.04272029804 0 0 0 0 0 0 0.04272029804 0 0 0 0 0 0 0.09405807642 0 0 0 0 0 0 0.0007478786815 0 0 0 0 0 0 0.0007478786815 0 0 0 0 0 0 0.001301334696
321,1785497090.605480909,map,7.2842750549,1.3236011267,-1.2662398815,0.0129754228,0.0545500884,0.7613539068,0.6459072510,0.04258383641 0 0 0 0 0 0 0.04258383641 0 0 0 0 0 0 0.09385553926 0 0 0 0 0 0 0.0007447282104 0 0 0 0 0 0 0.0007447282104 0 0 0 0 0 0 0.001297177837
322,1785497090.705495596,map,7.2818689346,1.3264702559,-1.2664657831,0.0129496721,0.0547086445,0.7613820786,0.6458611582,0.04258796362 0 0 0 0 0 0 0.04258796362 0 0 0 0 0 0 0.09386166645 0 0 0 0 0 0 0.0007448234713 0 0 0 0 0 0 0.0007448234713 0 0 0 0 0 0 0.001297303559
323,1785497090.805269241,map,7.2791442871,1.3249285221,-1.2666102648,0.0129140895,0.0546314561,0.7613588401,0.6458957851,0.04275240373 0 0 0 0 0 0 0.04275240373 0 0 0 0 0 0 0.09410571254 0 0 0 0 0 0 0.0007486201349 0 0 0 0 0 0 0.0007486201349 0 0 0 0 0 0 0.001302312691
324,1785497090.905201674,map,7.2785148621,1.3239865303,-1.2661244869,0.0129212674,0.0545304471,0.7613602055,0.6459025534,0.04278353012 0 0 0 0 0 0 0.04278353012 0 0 0 0 0 0 0.09415189007 0 0 0 0 0 0 0.0007493390571 0 0 0 0 0 0 0.0007493390571 0 0 0 0 0 0 0.001303260856
325,1785497091.005395412,map,7.2827849388,1.3243002892,-1.2665197849,0.0129389474,0.0543745032,0.7613777456,0.6458946604,0.0426810302 0 0 0 0 0 0 0.0426810302 0 0 0 0 0 0 0.09399980569 0 0 0 0 0 0 0.0007469719454 0 0 0 0 0 0 0.0007469719454 0 0 0 0 0 0 0.001300138529
326,1785497091.105535269,map,7.2842645645,1.3193991184,-1.2657558918,0.0127991765,0.0545353556,0.7613870986,0.6458728699,0.04263580186 0 0 0 0 0 0 0.04263580186 0 0 0 0 0 0 0.09393267915 0 0 0 0 0 0 0.0007459277398 0 0 0 0 0 0 0.0007459277398 0 0 0 0 0 0 0.001298760795
327,1785497091.205247402,map,7.2858014107,1.3201613426,-1.2675195932,0.0128018046,0.0544809301,0.7613515073,0.6459193858,0.04281681164 0 0 0 0 0 0 0.04281681164 0 0 0 0 0 0 0.09420125879 0 0 0 0 0 0 0.0007501078481 0 0 0 0 0 0 0.0007501078481 0 0 0 0 0 0 0.001304274669
328,1785497091.305320024,map,7.2867784500,1.3184436560,-1.2672824860,0.0128560297,0.0545732747,0.7613128629,0.6459560483,0.04291368617 0 0 0 0 0 0 0.04291368617 0 0 0 0 0 0 0.09434492374 0 0 0 0 0 0 0.0007523461559 0 0 0 0 0 0 0.0007523461559 0 0 0 0 0 0 0.001307225635
329,1785497091.405436754,map,7.2869844437,1.3184937239,-1.2681652308,0.0127878221,0.0544101121,0.7613091305,0.6459755783,0.04265288015 0 0 0 0 0 0 0.04265288015 0 0 0 0 0 0 0.09395802761 0 0 0 0 0 0 0.0007463220128 0 0 0 0 0 0 0.0007463220128 0 0 0 0 0 0 0.00129928103
330,1785497091.505515099,map,7.2879943848,1.3178898096,-1.2679740191,0.0127349994,0.0544453045,0.7613073349,0.6459757513,0.04262671304 0 0 0 0 0 0 0.04262671304 0 0 0 0 0 0 0.09391918841 0 0 0 0 0 0 0.000745717924 0 0 0 0 0 0 0.000745717924 0 0 0 0 0 0 0.001298483934
331,1785497091.605229378,map,7.2896223068,1.3189121485,-1.2674351931,0.0127358089,0.0543817708,0.7613163103,0.6459705235,0.04262383955 0 0 0 0 0 0 0.04262383955 0 0 0 0 0 0 0.09391492312 0 0 0 0 0 0 0.0007456515907 0 0 0 0 0 0 0.0007456515907 0 0 0 0 0 0 0.001298396403
332,1785497091.705219030,map,7.2873826027,1.3191020489,-1.2678121328,0.0128959030,0.0545588373,0.7613415277,0.6459227050,0.04292823765 0 0 0 0 0 0 0.04292823765 0 0 0 0 0 0 0.09436649903 0 0 0 0 0 0 0.0007526824408 0 0 0 0 0 0 0.0007526824408 0 0 0 0 0 0 0.001307668899
333,1785497091.805359364,map,7.2884054184,1.3144935369,-1.2678347826,0.0128542158,0.0545135275,0.7613165408,0.6459567836,0.04270846507 0 0 0 0 0 0 0.04270846507 0 0 0 0 0 0 0.09404051804 0 0 0 0 0 0 0.0007476054317 0 0 0 0 0 0 0.0007476054317 0 0 0 0 0 0 0.001300974243
334,1785497091.905419111,map,7.2895517349,1.3153651953,-1.2680084705,0.0127304507,0.0544435025,0.7613508979,0.6459246197,0.04282021539 0 0 0 0 0 0 0.04282021539 0 0 0 0 0 0 0.09420630745 0 0 0 0 0 0 0.0007501864788 0 0 0 0 0 0 0.0007501864788 0 0 0 0 0 0 0.001304378353
335,1785497092.005231142,map,7.2973461151,1.3237324953,-1.2690591812,0.0127114167,0.0542833728,0.7613775255,0.6459071184,0.04291153512 0 0 0 0 0 0 0.04291153512 0 0 0 0 0 0 0.09434173431 0 0 0 0 0 0 0.0007522964467 0 0 0 0 0 0 0.0007522964467 0 0 0 0 0 0 0.001307160111
336,1785497092.205441475,map,7.2893919945,1.3238303661,-1.2684408426,0.0127963379,0.0545392210,0.7613538796,0.6459117757,0.0427395913 0 0 0 0 0 0 0.0427395913 0 0 0 0 0 0 0.09408670307 0 0 0 0 0 0 0.0007483242321 0 0 0 0 0 0 0.0007483242321 0 0 0 0 0 0 0.001301922402
337,1785497092.305378437,map,7.2877707481,1.3246393204,-1.2677525282,0.0127400655,0.0542998099,0.7613372257,0.6459526601,0.04285065981 0 0 0 0 0 0 0.04285065981 0 0 0 0 0 0 0.09425146165 0 0 0 0 0 0 0.0007508898262 0 0 0 0 0 0 0.0007508898262 0 0 0 0 0 0 0.001305305743
338,1785497092.405241013,map,7.2873921394,1.3258236647,-1.2677537203,0.0129630960,0.0543350885,0.7613128314,0.6459740039,0.04281874087 0 0 0 0 0 0 0.04281874087 0 0 0 0 0 0 0.09420412036 0 0 0 0 0 0 0.0007501524155 0 0 0 0 0 0 0.0007501524155 0 0 0 0 0 0 0.001304333436
339,1785497092.505203247,map,7.2892603874,1.3252725601,-1.2680083513,0.0129055068,0.0543582536,0.7613497493,0.6459297238,0.04274454127 0 0 0 0 0 0 0.04274454127 0 0 0 0 0 0 0.09409404733 0 0 0 0 0 0 0.00074843855 0 0 0 0 0 0 0.00074843855 0 0 0 0 0 0 0.001302073187
340,1785497092.605360508,map,7.2870483398,1.3234574795,-1.2675211430,0.0129699456,0.0543054346,0.7613063457,0.6459839893,0.04264141729 0 0 0 0 0 0 0.04264141729 0 0 0 0 0 0 0.09394101404 0 0 0 0 0 0 0.0007460573761 0 0 0 0 0 0 0.0007460573761 0 0 0 0 0 0 0.001298931851
341,1785497092.705433846,map,7.2874517441,1.3207526207,-1.2668749094,0.0128185692,0.0544193454,0.7612926685,0.6459935593,0.04256567741 0 0 0 0 0 0 0.04256567741 0 0 0 0 0 0 0.0938285796 0 0 0 0 0 0 0.0007443090977 0 0 0 0 0 0 0.0007443090977 0 0 0 0 0 0 0.001296624683
342,1785497092.805273533,map,7.2887396812,1.3189891577,-1.2668009996,0.0128760777,0.0543016809,0.7613186166,0.6459717375,0.0428261097 0 0 0 0 0 0 0.0428261097 0 0 0 0 0 0 0.09421505011 0 0 0 0 0 0 0.0007503226469 0 0 0 0 0 0 0.0007503226469 0 0 0 0 0 0 0.001304557904
343,1785497092.905055046,map,7.2920727730,1.3190129995,-1.2683471441,0.0126745497,0.0542739612,0.7613279875,0.6459669768,0.0428206195 0 0 0 0 0 0 0.0428206195 0 0 0 0 0 0 0.09420690685 0 0 0 0 0 0 0.0007501958144 0 0 0 0 0 0 0.0007501958144 0 0 0 0 0 0 0.001304390663
344,1785497093.005249023,map,7.2908687592,1.3208668232,-1.2670702934,0.0127321934,0.0543703676,0.7613272269,0.6459586579,0.0430760933 0 0 0 0 0 0 0.0430760933 0 0 0 0 0 0 0.09458565523 0 0 0 0 0 0 0.0007561004118 0 0 0 0 0 0 0.0007561004118 0 0 0 0 0 0 0.00131217284
345,1785497093.105543375,map,7.2883777618,1.3181478977,-1.2656019926,0.0128174890,0.0543646620,0.7613105895,0.6459770805,0.04270151357 0 0 0 0 0 0 0.04270151357 0 0 0 0 0 0 0.09403020267 0 0 0 0 0 0 0.0007474449115 0 0 0 0 0 0 0.0007474449115 0 0 0 0 0 0 0.001300762488
346,1785497093.205418348,map,7.2885437012,1.3177181482,-1.2665365934,0.0128957629,0.0544953755,0.7612715933,0.6460104643,0.04278692138 0 0 0 0 0 0 0.04278692138 0 0 0 0 0 0 0.09415692084 0 0 0 0 0 0 0.0007494173895 0 0 0 0 0 0 0.0007494173895 0 0 0 0 0 0 0.001303364159
347,1785497093.305111408,map,7.2890515327,1.3166720867,-1.2675161362,0.0130443603,0.0544668778,0.7612863646,0.6459924492,0.04275191858 0 0 0 0 0 0 0.04275191858 0 0 0 0 0 0 0.09410499275 0 0 0 0 0 0 0.0007486089301 0 0 0 0 0 0 0.0007486089301 0 0 0 0 0 0 0.001302297913
348,1785497093.405194283,map,7.2873544693,1.3199918270,-1.2676438093,0.0129877829,0.0544116222,0.7612547091,0.6460355976,0.04273031342 0 0 0 0 0 0 0.04273031342 0 0 0 0 0 0 0.09407293715 0 0 0 0 0 0 0.0007481099687 0 0 0 0 0 0 0.0007481099687 0 0 0 0 0 0 0.001301639782
349,1785497093.605427742,map,7.2900171280,1.3224016428,-1.2660281658,0.0130133620,0.0543650927,0.7613236471,0.6459577611,0.04270409281 0 0 0 0 0 0 0.04270409281 0 0 0 0 0 0 0.09403403006 0 0 0 0 0 0 0.0007475044695 0 0 0 0 0 0 0.0007475044695 0 0 0 0 0 0 0.001300841057
350,1785497093.705269098,map,7.2859845161,1.3216242790,-1.2658545971,0.0129924420,0.0544613593,0.7612988626,0.6459792604,0.04279387771 0 0 0 0 0 0 0.04279387771 0 0 0 0 0 0 0.09416724002 0 0 0 0 0 0 0.0007495780724 0 0 0 0 0 0 0.0007495780724 0 0 0 0 0 0 0.001303576061
351,1785497093.805195332,map,7.2849631310,1.3220689297,-1.2667098045,0.0129648987,0.0543218059,0.7612898948,0.6460021373,0.04278700184 0 0 0 0 0 0 0.04278700184 0 0 0 0 0 0 0.0941570402 0 0 0 0 0 0 0.000749419248 0 0 0 0 0 0 0.000749419248 0 0 0 0 0 0 0.00130336661
352,1785497093.905339956,map,7.2832417488,1.3192429543,-1.2653738260,0.0131353550,0.0543492398,0.7612510125,0.6460421799,0.04272370316 0 0 0 0 0 0 0.04272370316 0 0 0 0 0 0 0.09406312897 0 0 0 0 0 0 0.0007479573156 0 0 0 0 0 0 0.0007479573156 0 0 0 0 0 0 0.001301438422
353,1785497094.005485535,map,7.2830400467,1.3216465712,-1.2650351524,0.0129654382,0.0543845315,0.7612584972,0.6460338705,0.04268473953 0 0 0 0 0 0 0.04268473953 0 0 0 0 0 0 0.09400531046 0 0 0 0 0 0 0.0007470575921 0 0 0 0 0 0 0.0007470575921 0 0 0 0 0 0 0.001300251522
354,1785497094.105286121,map,7.2852420807,1.3204897642,-1.2675681114,0.0128749688,0.0543224990,0.7612421769,0.6460600725,0.04265911355 0 0 0 0 0 0 0.04265911355 0 0 0 0 0 0 0.09396727911 0 0 0 0 0 0 0.0007464659244 0 0 0 0 0 0 0.0007464659244 0 0 0 0 0 0 0.00129947091
355,1785497094.205189943,map,7.2868824005,1.3213090897,-1.2683087587,0.0129171839,0.0542872308,0.7612529771,0.6460494973,0.04273397719 0 0 0 0 0 0 0.04273397719 0 0 0 0 0 0 0.09407837327 0 0 0 0 0 0 0.0007481945789 0 0 0 0 0 0 0.0007481945789 0 0 0 0 0 0 0.001301751387
356,1785497094.305105209,map,7.2936987877,1.3251509666,-1.2666023970,0.0127195551,0.0543716218,0.7613970866,0.6458764921,0.0428130327 0 0 0 0 0 0 0.0428130327 0 0 0 0 0 0 0.09419565354 0 0 0 0 0 0 0.000750020551 0 0 0 0 0 0 0.000750020551 0 0 0 0 0 0 0.001304159555
357,1785497094.505335808,map,7.2899537086,1.3181550503,-1.2659238577,0.0127593318,0.0545269880,0.7613863744,0.6458752260,0.04279600196 0 0 0 0 0 0 0.04279600196 0 0 0 0 0 0 0.09417039112 0 0 0 0 0 0 0.0007496271408 0 0 0 0 0 0 0.0007496271408 0 0 0 0 0 0 0.001303640769
358,1785497094.605164051,map,7.2908520699,1.3184241056,-1.2662042379,0.0126951609,0.0543400603,0.7613326804,0.6459555379,0.04279671051 0 0 0 0 0 0 0.04279671051 0 0 0 0 0 0 0.09417144218 0 0 0 0 0 0 0.0007496435079 0 0 0 0 0 0 0.0007496435079 0 0 0 0 0 0 0.001303662353
359,1785497094.705086708,map,7.2896265984,1.3173348904,-1.2657238245,0.0128383164,0.0544876950,0.7613162205,0.6459596585,0.04259963495 0 0 0 0 0 0 0.04259963495 0 0 0 0 0 0 0.09387899297 0 0 0 0 0 0 0.0007450928668 0 0 0 0 0 0 0.0007450928668 0 0 0 0 0 0 0.001297659088
360,1785497094.805453300,map,7.2907228470,1.3167147636,-1.2662181854,0.0127627047,0.0543267686,0.7612980569,0.6459961312,0.04265470709 0 0 0 0 0 0 0.04265470709 0 0 0 0 0 0 0.09396073914 0 0 0 0 0 0 0.0007463641913 0 0 0 0 0 0 0.0007463641913 0 0 0 0 0 0 0.001299336682
361,1785497094.905342102,map,7.2897844315,1.3158586025,-1.2649151087,0.0129137997,0.0545235337,0.7613398274,0.6459272987,0.04293463493 0 0 0 0 0 0 0.04293463493 0 0 0 0 0 0 0.09437598381 0 0 0 0 0 0 0.0007528302876 0 0 0 0 0 0 0.0007528302876 0 0 0 0 0 0 0.001307863771
362,1785497095.005178928,map,7.2904376984,1.3156918287,-1.2654048204,0.0128416228,0.0544773867,0.7613232737,0.6459521670,0.04286015094 0 0 0 0 0 0 0.04286015094 0 0 0 0 0 0 0.09426553752 0 0 0 0 0 0 0.0007511091129 0 0 0 0 0 0 0.0007511091129 0 0 0 0 0 0 0.001305594859
363,1785497095.105219126,map,7.2902431488,1.3173184395,-1.2651566267,0.0129514255,0.0545125926,0.7613431508,0.6459235787,0.04284500215 0 0 0 0 0 0 0.04284500215 0 0 0 0 0 0 0.09424307078 0 0 0 0 0 0 0.0007507591131 0 0 0 0 0 0 0.0007507591131 0 0 0 0 0 0 0.001305133401
364,1785497095.205443621,map,7.2914342880,1.3183239698,-1.2644678354,0.0130242086,0.0545020049,0.7613657682,0.6458963272,0.04291286507 0 0 0 0 0 0 0.04291286507 0 0 0 0 0 0 0.09434370628 0 0 0 0 0 0 0.000752327181 0 0 0 0 0 0 0.000752327181 0 0 0 0 0 0 0.001307200623
365,1785497095.305373907,map,7.2895722389,1.3201578856,-1.2641808987,0.0130818482,0.0544180414,0.7613152580,0.6459617865,0.04273229721 0 0 0 0 0 0 0.04273229721 0 0 0 0 0 0 0.09407588062 0 0 0 0 0 0 0.0007481557818 0 0 0 0 0 0 0.0007481557818 0 0 0 0 0 0 0.001301700212
366,1785497095.405207872,map,7.2883677483,1.3189207315,-1.2633098364,0.0129450510,0.0545652345,0.7613330624,0.6459311397,0.04276817416 0 0 0 0 0 0 0.04276817416 0 0 0 0 0 0 0.09412910944 0 0 0 0 0 0 0.0007489843721 0 0 0 0 0 0 0.0007489843721 0 0 0 0 0 0 0.001302793086
367,1785497095.505156755,map,7.2892913818,1.3180249929,-1.2650352716,0.0128150636,0.0543895448,0.7613783946,0.6458951276,0.04262241781 0 0 0 0 0 0 0.04262241781 0 0 0 0 0 0 0.09391281272 0 0 0 0 0 0 0.0007456187706 0 0 0 0 0 0 0.0007456187706 0 0 0 0 0 0 0.001298353094
368,1785497095.605435610,map,7.2862195969,1.3197739124,-1.2650412321,0.0128724509,0.0544078078,0.7613516566,0.6459239565,0.04295544246 0 0 0 0 0 0 0.04295544246 0 0 0 0 0 0 0.09440683205 0 0 0 0 0 0 0.0007533111927 0 0 0 0 0 0 0.0007533111927 0 0 0 0 0 0 0.001308497605
369,1785497095.705515146,map,7.2867803574,1.3197808266,-1.2645282745,0.0127954390,0.0543551205,0.7613178119,0.6459698171,0.04279256126 0 0 0 0 0 0 0.04279256126 0 0 0 0 0 0 0.09416528719 0 0 0 0 0 0 0.0007495476637 0 0 0 0 0 0 0.0007495476637 0 0 0 0 0 0 0.00130353596
370,1785497095.805328131,map,7.2893462181,1.3288476467,-1.2655850649,0.0128443882,0.0545203529,0.7613650409,0.6458992341,0.04302350942 0 0 0 0 0 0 0.04302350942 0 0 0 0 0 0 0.09450772783 0 0 0 0 0 0 0.0007548846193 0 0 0 0 0 0 0.0007548846193 0 0 0 0 0 0 0.001310571043
371,1785497096.005306482,map,7.2874727249,1.3284995556,-1.2649149895,0.0129995966,0.0544599416,0.7613686484,0.6458969761,0.04272236838 0 0 0 0 0 0 0.04272236838 0 0 0 0 0 0 0.09406114842 0 0 0 0 0 0 0.0007479264917 0 0 0 0 0 0 0.0007479264917 0 0 0 0 0 0 0.001301397762
372,1785497096.105612040,map,7.2867822647,1.3257930279,-1.2665131092,0.0130694667,0.0544954424,0.7613996534,0.6458560160,0.04283120917 0 0 0 0 0 0 0.04283120917 0 0 0 0 0 0 0.09422261367 0 0 0 0 0 0 0.0007504404552 0 0 0 0 0 0 0.0007504404552 0 0 0 0 0 0 0.001304713242
373,1785497096.205307961,map,7.2845530510,1.3239415884,-1.2658786774,0.0130989521,0.0544085076,0.7613708462,0.6458967166,0.04260387188 0 0 0 0 0 0 0.04260387188 0 0 0 0 0 0 0.09388528265 0 0 0 0 0 0 0.0007451906657 0 0 0 0 0 0 0.0007451906657 0 0 0 0 0 0 0.001297788152
374,1785497096.305011511,map,7.2863593102,1.3210104704,-1.2657585144,0.0129277480,0.0543561415,0.7613425071,0.6459379624,0.0427673898 0 0 0 0 0 0 0.0427673898 0 0 0 0 0 0 0.09412794579 0 0 0 0 0 0 0.0007489662558 0 0 0 0 0 0 0.0007489662558 0 0 0 0 0 0 0.001302769193
375,1785497096.405195713,map,7.2858357430,1.3235902786,-1.2656512260,0.0130487664,0.0544048849,0.7613403916,0.6459339051,0.04257638661 0 0 0 0 0 0 0.04257638661 0 0 0 0 0 0 0.09384447919 0 0 0 0 0 0 0.0007445562644 0 0 0 0 0 0 0.0007445562644 0 0 0 0 0 0 0.001296950903
376,1785497096.505544186,map,7.2840876579,1.3255780935,-1.2667671442,0.0130545042,0.0544001420,0.7613701729,0.6458991274,0.04270540255 0 0 0 0 0 0 0.04270540255 0 0 0 0 0 0 0.09403597358 0 0 0 0 0 0 0.0007475347132 0 0 0 0 0 0 0.0007475347132 0 0 0 0 0 0 0.001300880954
377,1785497096.605332375,map,7.2888526917,1.3181681633,-1.2668317556,0.0127653758,0.0543769415,0.7613410297,0.6459412123,0.0425707218 0 0 0 0 0 0 0.0425707218 0 0 0 0 0 0 0.09383606891 0 0 0 0 0 0 0.0007444255201 0 0 0 0 0 0 0.0007444255201 0 0 0 0 0 0 0.001296778343
378,1785497096.705145121,map,7.2901530266,1.3228274584,-1.2680263519,0.0127607730,0.0543217411,0.7614010001,0.6458752664,0.0428150088 0 0 0 0 0 0 0.0428150088 0 0 0 0 0 0 0.09419858467 0 0 0 0 0 0 0.0007500662006 0 0 0 0 0 0 0.0007500662006 0 0 0 0 0 0 0.001304219751
379,1785497096.805199146,map,7.2736849785,1.3316496611,-1.2656803131,0.0130779070,0.0544448691,0.7612955749,0.6459828330,0.04282016872 0 0 0 0 0 0 0.04282016872 0 0 0 0 0 0 0.09420623821 0 0 0 0 0 0 0.0007501854005 0 0 0 0 0 0 0.0007501854005 0 0 0 0 0 0 0.001304376931
380,1785497096.905529976,map,7.2792372704,1.3280460835,-1.2666634321,0.0129698381,0.0544238532,0.7612744758,0.6460116003,0.0426554991 0 0 0 0 0 0 0.0426554991 0 0 0 0 0 0 0.09396191463 0 0 0 0 0 0 0.0007463824765 0 0 0 0 0 0 0.0007463824765 0 0 0 0 0 0 0.001299360808
381,1785497097.005364895,map,7.2833261490,1.3267186880,-1.2658438683,0.0129067301,0.0542977278,0.7613211276,0.6459685109,0.04236339177 0 0 0 0 0 0 0.04236339177 0 0 0 0 0 0 0.09352812997 0 0 0 0 0 0 0.0007396422476 0 0 0 0 0 0 0.0007396422476 0 0 0 0 0 0 0.001290462709
382,1785497097.105194807,map,7.2846021652,1.3233954906,-1.2643555403,0.0129189806,0.0543551852,0.7613152863,0.6459703159,0.04277059314 0 0 0 0 0 0 0.04277059314 0 0 0 0 0 0 0.09413269809 0 0 0 0 0 0 0.0007490402432 0 0 0 0 0 0 0.0007490402432 0 0 0 0 0 0 0.001302866773
383,1785497097.205268383,map,7.2866044044,1.3219380379,-1.2649019957,0.0129162063,0.0543361696,0.7613571495,0.6459226040,0.04277594453 0 0 0 0 0 0 0.04277594453 0 0 0 0 0 0 0.09414063697 0 0 0 0 0 0 0.0007491638459 0 0 0 0 0 0 0.0007491638459 0 0 0 0 0 0 0.001303029785
384,1785497097.305363178,map,7.2881145477,1.3196687698,-1.2666388750,0.0129586254,0.0543639606,0.7613621475,0.6459135492,0.04273682273 0 0 0 0 0 0 0.04273682273 0 0 0 0 0 0 0.0940825953 0 0 0 0 0 0 0.0007482602941 0 0 0 0 0 0 0.0007482602941 0 0 0 0 0 0 0.001301838067
385,1785497097.405434847,map,7.2894744873,1.3118306398,-1.2657257318,0.0129533610,0.0543808309,0.7613274164,0.6459531734,0.04263418333 0 0 0 0 0 0 0.04263418333 0 0 0 0 0 0 0.09393027676 0 0 0 0 0 0 0.0007458903754 0 0 0 0 0 0 0.0007458903754 0 0 0 0 0 0 0.001298711492
386,1785497097.505216360,map,7.2877268791,1.3106448650,-1.2657364607,0.0130629168,0.0544587272,0.7613242511,0.6459481473,0.04274901258 0 0 0 0 0 0 0.04274901258 0 0 0 0 0 0 0.09410068126 0 0 0 0 0 0 0.000748541815 0 0 0 0 0 0 0.000748541815 0 0 0 0 0 0 0.001302209391
387,1785497097.605154037,map,7.2917733192,1.3077623844,-1.2675453424,0.0130358964,0.0544989102,0.7613432337,0.6459229212,0.04270338259 0 0 0 0 0 0 0.04270338259 0 0 0 0 0 0 0.09403297614 0 0 0 0 0 0 0.0007474880695 0 0 0 0 0 0 0.0007474880695 0 0 0 0 0 0 0.001300819422
388,1785497097.705280304,map,7.2988004684,1.3064972162,-1.2680922747,0.0128214562,0.0544576054,0.7613821059,0.6458848553,0.04261677385 0 0 0 0 0 0 0.04261677385 0 0 0 0 0 0 0.09390443488 0 0 0 0 0 0 0.0007454884851 0 0 0 0 0 0 0.0007454884851 0 0 0 0 0 0 0.001298181169
389,1785497097.905248642,map,7.2955594063,1.3049559593,-1.2689217329,0.0128372808,0.0545107063,0.7613315545,0.6459396609,0.04265309464 0 0 0 0 0 0 0.04265309464 0 0 0 0 0 0 0.09395834595 0 0 0 0 0 0 0.0007463269646 0 0 0 0 0 0 0.0007463269646 0 0 0 0 0 0 0.001299287563
390,1785497098.005145073,map,7.2925777435,1.3052515984,-1.2691051960,0.0127644376,0.0544116756,0.7612936810,0.6459940898,0.04262759294 0 0 0 0 0 0 0.04262759294 0 0 0 0 0 0 0.09392049448 0 0 0 0 0 0 0.0007457382361 0 0 0 0 0 0 0.0007457382361 0 0 0 0 0 0 0.001298510737
391,1785497098.105299473,map,7.2907533646,1.3045778275,-1.2690070868,0.0127344299,0.0545099683,0.7612874032,0.6459938188,0.042533778 0 0 0 0 0 0 0.042533778 0 0 0 0 0 0 0.09378121574 0 0 0 0 0 0 0.000743572923 0 0 0 0 0 0 0.000743572923 0 0 0 0 0 0 0.001295652971
392,1785497098.205385208,map,7.2942991257,1.3031229973,-1.2694312334,0.0126691454,0.0543927868,0.7613303496,0.6459543643,0.04269367426 0 0 0 0 0 0 0.04269367426 0 0 0 0 0 0 0.09401856954 0 0 0 0 0 0 0.0007472638955 0 0 0 0 0 0 0.0007472638955 0 0 0 0 0 0 0.001300523689
393,1785497098.304996729,map,7.2879724503,1.3070956469,-1.2677322626,0.0128471866,0.0544582641,0.7613232290,0.6459536924,0.04287516745 0 0 0 0 0 0 0.04287516745 0 0 0 0 0 0 0.09428780681 0 0 0 0 0 0 0.0007514560759 0 0 0 0 0 0 0.0007514560759 0 0 0 0 0 0 0.001306052288
394,1785497098.405117512,map,7.2886595726,1.3048622608,-1.2682347298,0.0126858089,0.0544713152,0.7613062248,0.6459758320,0.04264652906 0 0 0 0 0 0 0.04264652906 0 0 0 0 0 0 0.09394860119 0 0 0 0 0 0 0.0007461753871 0 0 0 0 0 0 0.0007461753871 0 0 0 0 0 0 0.001299087564
395,1785497098.505385160,map,7.2897348404,1.3064666986,-1.2698372602,0.0127106844,0.0543936119,0.7613019256,0.6459869765,0.04273064986 0 0 0 0 0 0 0.04273064986 0 0 0 0 0 0 0.09407343634 0 0 0 0 0 0 0.0007481177382 0 0 0 0 0 0 0.0007481177382 0 0 0 0 0 0 0.001301650031
396,1785497098.605478764,map,7.2900285721,1.3037494421,-1.2675951719,0.0128994837,0.0545373851,0.7613016536,0.6459714116,0.04282102214 0 0 0 0 0 0 0.04282102214 0 0 0 0 0 0 0.09420750407 0 0 0 0 0 0 0.0007502051159 0 0 0 0 0 0 0.0007502051159 0 0 0 0 0 0 0.001304402928
397,1785497098.705090523,map,7.2887625694,1.3089854717,-1.2687405348,0.0130518058,0.0544343887,0.7612707905,0.6460133966,0.04259214488 0 0 0 0 0 0 0.04259214488 0 0 0 0 0 0 0.09386787376 0 0 0 0 0 0 0.0007449199808 0 0 0 0 0 0 0.0007449199808 0 0 0 0 0 0 0.001297430928
398,1785497098.805096388,map,7.2896037102,1.3069936037,-1.2672359943,0.0130262098,0.0543680122,0.7613003325,0.6459847072,0.04254108194 0 0 0 0 0 0 0.04254108194 0 0 0 0 0 0 0.09379206105 0 0 0 0 0 0 0.0007437414755 0 0 0 0 0 0 0.0007437414755 0 0 0 0 0 0 0.001295875462
399,1785497098.905303240,map,7.2915015221,1.3113377094,-1.2680137157,0.0129524527,0.0544041552,0.7613462749,0.6459290116,0.04280314567 0 0 0 0 0 0 0.04280314567 0 0 0 0 0 0 0.09418098789 0 0 0 0 0 0 0.0007497921575 0 0 0 0 0 0 0.0007497921575 0 0 0 0 0 0 0.001303858379
400,1785497099.005443096,map,7.2918767929,1.3078827858,-1.2673463821,0.0127826209,0.0544324803,0.7613124485,0.6459698661,0.04287602164 0 0 0 0 0 0 0.04287602164 0 0 0 0 0 0 0.09428907352 0 0 0 0 0 0 0.0007514758129 0 0 0 0 0 0 0.0007514758129 0 0 0 0 0 0 0.001306078308
401,1785497099.105197668,map,7.2904534340,1.3047900200,-1.2695029974,0.0128557025,0.0545433195,0.7613100301,0.6459619163,0.04291877997 0 0 0 0 0 0 0.04291877997 0 0 0 0 0 0 0.09435247638 0 0 0 0 0 0 0.0007524638716 0 0 0 0 0 0 0.0007524638716 0 0 0 0 0 0 0.001307380801
402,1785497099.205181360,map,7.2888360023,1.3059184551,-1.2680118084,0.0128639209,0.0544764897,0.7613172841,0.6459588540,0.04258928211 0 0 0 0 0 0 0.04258928211 0 0 0 0 0 0 0.09386362383 0 0 0 0 0 0 0.0007448539038 0 0 0 0 0 0 0.0007448539038 0 0 0 0 0 0 0.001297343723
403,1785497099.305235624,map,7.2896318436,1.3075720072,-1.2679868937,0.0129322267,0.0544323984,0.7612979247,0.6459840296,0.04279339002 0 0 0 0 0 0 0.04279339002 0 0 0 0 0 0 0.09416651657 0 0 0 0 0 0 0.0007495668071 0 0 0 0 0 0 0.0007495668071 0 0 0 0 0 0 0.001303561205
404,1785497099.405482531,map,7.2919287682,1.3019269705,-1.2675435543,0.0126481227,0.0544205422,0.7612837691,0.6460073157,0.04278937277 0 0 0 0 0 0 0.04278937277 0 0 0 0 0 0 0.09416055732 0 0 0 0 0 0 0.0007494740132 0 0 0 0 0 0 0.0007494740132 0 0 0 0 0 0 0.001303438833
405,1785497099.505269289,map,7.2844643593,1.3020159006,-1.2680889368,0.0128545043,0.0546005508,0.7611417026,0.6461554379,0.04290023474 0 0 0 0 0 0 0.04290023474 0 0 0 0 0 0 0.09432497843 0 0 0 0 0 0 0.0007520353096 0 0 0 0 0 0 0.0007520353096 0 0 0 0 0 0 0.001306815881
406,1785497099.605048418,map,7.2850599289,1.3010822535,-1.2671763897,0.0126987055,0.0544998834,0.7611354587,0.6461743450,0.04284983413 0 0 0 0 0 0 0.04284983413 0 0 0 0 0 0 0.09425023709 0 0 0 0 0 0 0.0007508707497 0 0 0 0 0 0 0.0007508707497 0 0 0 0 0 0 0.001305280591
407,1785497099.705265284,map,7.2935729027,1.3031109571,-1.2675908804,0.0127467882,0.0545480802,0.7613006971,0.6459746700,0.04271376021 0 0 0 0 0 0 0.04271376021 0 0 0 0 0 0 0.09404837535 0 0 0 0 0 0 0.0007477277069 0 0 0 0 0 0 0.0007477277069 0 0 0 0 0 0 0.001301135542
408,1785497099.905534983,map,7.2911300659,1.3021230698,-1.2663884163,0.0128595407,0.0545173955,0.7612447348,0.6460409891,0.04290807027 0 0 0 0 0 0 0.04290807027 0 0 0 0 0 0 0.0943365968 0 0 0 0 0 0 0.0007522163774 0 0 0 0 0 0 0.0007522163774 0 0 0 0 0 0 0.001307054565
409,1785497100.005264759,map,7.2866039276,1.3018027544,-1.2660864592,0.0127603469,0.0544691283,0.7611671511,0.6461384156,0.04279318005 0 0 0 0 0 0 0.04279318005 0 0 0 0 0 0 0.0941662051 0 0 0 0 0 0 0.0007495619571 0 0 0 0 0 0 0.0007495619571 0 0 0 0 0 0 0.001303554809
410,1785497100.105071306,map,7.2847566605,1.2973347902,-1.2655781507,0.0126645348,0.0546036427,0.7611008350,0.6462070297,0.04264291557 0 0 0 0 0 0 0.04264291557 0 0 0 0 0 0 0.09394323788 0 0 0 0 0 0 0.0007460919654 0 0 0 0 0 0 0.0007460919654 0 0 0 0 0 0 0.001298977491
411,1785497100.205209255,map,7.2830214500,1.2982163429,-1.2646318674,0.0129263254,0.0546141286,0.7611094071,0.6461909023,0.04278388076 0 0 0 0 0 0 0.04278388076 0 0 0 0 0 0 0.09415241023 0 0 0 0 0 0 0.0007493471561 0 0 0 0 0 0 0.0007493471561 0 0 0 0 0 0 0.001303271537
412,1785497100.305338144,map,7.2838501930,1.3000588417,-1.2646811008,0.0130333233,0.0546947846,0.7611687054,0.6461120380,0.04279061216 0 0 0 0 0 0 0.04279061216 0 0 0 0 0 0 0.09416239585 0 0 0 0 0 0 0.0007495026415 0 0 0 0 0 0 0.0007495026415 0 0 0 0 0 0 0.001303476587
413,1785497100.405366421,map,7.2819871902,1.3057531118,-1.2643306255,0.0131416670,0.0546595895,0.7612019134,0.6460737497,0.04257164219 0 0 0 0 0 0 0.04257164219 0 0 0 0 0 0 0.09383743537 0 0 0 0 0 0 0.0007444467625 0 0 0 0 0 0 0.0007444467625 0 0 0 0 0 0 0.00129680638
414,1785497100.505157471,map,7.2869868279,1.3048425913,-1.2650294304,0.0131457826,0.0544937085,0.7611990205,0.6460911024,0.04266089509 0 0 0 0 0 0 0.04266089509 0 0 0 0 0 0 0.0939699232 0 0 0 0 0 0 0.0007465070559 0 0 0 0 0 0 0.0007465070559 0 0 0 0 0 0 0.001299525179
415,1785497100.605101347,map,7.2901973724,1.3064213991,-1.2661446333,0.0129037035,0.0544792884,0.7612533502,0.6460331296,0.04271255623 0 0 0 0 0 0 0.04271255623 0 0 0 0 0 0 0.09404658881 0 0 0 0 0 0 0.0007476999044 0 0 0 0 0 0 0.0007476999044 0 0 0 0 0 0 0.001301098867
416,1785497100.705366373,map,7.2902107239,1.3126592636,-1.2668663263,0.0129237882,0.0544266859,0.7613349630,0.6459410162,0.04285660559 0 0 0 0 0 0 0.04285660559 0 0 0 0 0 0 0.09426027963 0 0 0 0 0 0 0.0007510271988 0 0 0 0 0 0 0.0007510271988 0 0 0 0 0 0 0.001305486862
417,1785497100.805414438,map,7.2914261818,1.3131592274,-1.2665261030,0.0129279362,0.0543513465,0.7613569406,0.6459213525,0.04272633634 0 0 0 0 0 0 0.04272633634 0 0 0 0 0 0 0.09406703607 0 0 0 0 0 0 0.0007480181242 0 0 0 0 0 0 0.0007480181242 0 0 0 0 0 0 0.001301518633
418,1785497100.905133724,map,7.2963066101,1.3139269352,-1.2659083605,0.0128783366,0.0542706760,0.7613645392,0.6459201904,0.04271607936 0 0 0 0 0 0 0.04271607936 0 0 0 0 0 0 0.09405181661 0 0 0 0 0 0 0.0007477812613 0 0 0 0 0 0 0.0007477812613 0 0 0 0 0 0 0.001301206188
419,1785497101.005124807,map,7.2941517830,1.3109050989,-1.2646911144,0.0126955550,0.0544911228,0.7613316597,0.6459439949,0.04289262139 0 0 0 0 0 0 0.04289262139 0 0 0 0 0 0 0.09431368916 0 0 0 0 0 0 0.0007518593809 0 0 0 0 0 0 0.0007518593809 0 0 0 0 0 0 0.001306583965
420,1785497101.105443954,map,7.2945680618,1.3137336969,-1.2653877735,0.0127199133,0.0543449332,0.7613799839,0.6458988679,0.04276515168 0 0 0 0 0 0 0.04276515168 0 0 0 0 0 0 0.09412462541 0 0 0 0 0 0 0.0007489145626 0 0 0 0 0 0 0.0007489145626 0 0 0 0 0 0 0.001302701016
421,1785497101.205367088,map,7.2957038879,1.3147457838,-1.2652580738,0.0129566188,0.0544155913,0.7613679112,0.6459024553,0.04262422626 0 0 0 0 0 0 0.04262422626 0 0 0 0 0 0 0.09391549713 0 0 0 0 0 0 0.0007456605176 0 0 0 0 0 0 0.0007456605176 0 0 0 0 0 0 0.001298408182
422,1785497101.305142403,map,7.2959060669,1.3155623674,-1.2655774355,0.0127881767,0.0543691682,0.7613542974,0.6459257674,0.04277155851 0 0 0 0 0 0 0.04277155851 0 0 0 0 0 0 0.09413413025 0 0 0 0 0 0 0.0007490625405 0 0 0 0 0 0 0.0007490625405 0 0 0 0 0 0 0.001302896179
423,1785497101.405255079,map,7.3012700081,1.3262150288,-1.2658841610,0.0128048509,0.0542586529,0.7615464979,0.6457081165,0.04270853269 0 0 0 0 0 0 0.04270853269 0 0 0 0 0 0 0.09404061838 0 0 0 0 0 0 0.0007476069931 0 0 0 0 0 0 0.0007476069931 0 0 0 0 0 0 0.001300976303
424,1785497101.605397224,map,7.2983932495,1.3223742247,-1.2637531757,0.0127474424,0.0543540900,0.7614522677,0.6458123480,0.0425619815 0 0 0 0 0 0 0.0425619815 0 0 0 0 0 0 0.09382309225 0 0 0 0 0 0 0.0007442237988 0 0 0 0 0 0 0.0007442237988 0 0 0 0 0 0 0.001296512099
425,1785497101.705251455,map,7.2969326973,1.3236658573,-1.2650601864,0.0127063196,0.0543210238,0.7614611731,0.6458054605,0.04279481654 0 0 0 0 0 0 0.04279481654 0 0 0 0 0 0 0.09416863267 0 0 0 0 0 0 0.0007495997585 0 0 0 0 0 0 0.0007495997585 0 0 0 0 0 0 0.001303604659
426,1785497101.805073023,map,7.2954859734,1.3199187517,-1.2641676664,0.0126337330,0.0543697741,0.7614337689,0.6458350635,0.04292258104 0 0 0 0 0 0 0.04292258104 0 0 0 0 0 0 0.09435811219 0 0 0 0 0 0 0.0007525517144 0 0 0 0 0 0 0.0007525517144 0 0 0 0 0 0 0.001307496589
427,1785497101.905306101,map,7.2940659523,1.3206295967,-1.2634643316,0.0126958930,0.0544397155,0.7613781765,0.6458934924,0.04258621907 0 0 0 0 0 0 0.04258621907 0 0 0 0 0 0 0.09385907654 0 0 0 0 0 0 0.0007447832049 0 0 0 0 0 0 0.0007447832049 0 0 0 0 0 0 0.001297250417
428,1785497102.005479574,map,7.2992248535,1.3230392933,-1.2646013498,0.0126851381,0.0545223810,0.7614159941,0.6458421554,0.04276396026 0 0 0 0 0 0 0.04276396026 0 0 0 0 0 0 0.09412285785 0 0 0 0 0 0 0.0007488870448 0 0 0 0 0 0 0.0007488870448 0 0 0 0 0 0 0.001302664723
429,1785497102.105117321,map,7.2987213135,1.3162009716,-1.2638982534,0.0125239837,0.0545325574,0.7614060944,0.6458560910,0.04286212249 0 0 0 0 0 0 0.04286212249 0 0 0 0 0 0 0.09426846137 0 0 0 0 0 0 0.0007511546652 0 0 0 0 0 0 0.0007511546652 0 0 0 0 0 0 0.001305654916
430,1785497102.205054998,map,7.2988061905,1.3127069473,-1.2630491257,0.0123751346,0.0545978238,0.7613803407,0.6458838085,0.04291528875 0 0 0 0 0 0 0.04291528875 0 0 0 0 0 0 0.09434729993 0 0 0 0 0 0 0.0007523831908 0 0 0 0 0 0 0.0007523831908 0 0 0 0 0 0 0.001307274453
431,1785497102.305244684,map,7.2974419594,1.3084552288,-1.2618340254,0.0123126859,0.0546752878,0.7613398128,0.6459262346,0.04264291403 0 0 0 0 0 0 0.04264291403 0 0 0 0 0 0 0.09394323559 0 0 0 0 0 0 0.0007460919298 0 0 0 0 0 0 0.0007460919298 0 0 0 0 0 0 0.001298977444
432,1785497102.405443907,map,7.3019895554,1.3012514114,-1.2605161667,0.0119374059,0.0546299373,0.7613498242,0.6459253349,0.04279587335 0 0 0 0 0 0 0.04279587335 0 0 0 0 0 0 0.09417020034 0 0 0 0 0 0 0.00074962417 0 0 0 0 0 0 0.00074962417 0 0 0 0 0 0 0.001303636852
433,1785497102.505213976,map,7.3003754616,1.2997521162,-1.2613167763,0.0120948729,0.0546352019,0.7613538682,0.6459171480,0.04247755489 0 0 0 0 0 0 0.04247755489 0 0 0 0 0 0 0.09369772223 0 0 0 0 0 0 0.0007422756209 0 0 0 0 0 0 0.0007422756209 0 0 0 0 0 0 0.001293940317
434,1785497102.605069637,map,7.2979559898,1.3034689426,-1.2623947859,0.0122773976,0.0545048845,0.7613740826,0.6459009384,0.04295015468 0 0 0 0 0 0 0.04295015468 0 0 0 0 0 0 0.09439899287 0 0 0 0 0 0 0.0007531889777 0 0 0 0 0 0 0.0007531889777 0 0 0 0 0 0 0.00130833653
435,1785497102.705035210,map,7.2997379303,1.3004516363,-1.2605409622,0.0122345330,0.0546273472,0.7613564055,0.6459121967,0.04280969611 0 0 0 0 0 0 0.04280969611 0 0 0 0 0 0 0.09419070437 0 0 0 0 0 0 0.0007499434738 0 0 0 0 0 0 0.0007499434738 0 0 0 0 0 0 0.001304057917
436,1785497102.805399418,map,7.3002214432,1.3015476465,-1.2619339228,0.0122355838,0.0545333193,0.7613420435,0.6459371031,0.04262995629 0 0 0 0 0 0 0.04262995629 0 0 0 0 0 0 0.0939240025 0 0 0 0 0 0 0.0007457927938 0 0 0 0 0 0 0.0007457927938 0 0 0 0 0 0 0.001298582729
437,1785497102.905354023,map,7.2985110283,1.3002456427,-1.2616789341,0.0120977196,0.0544713549,0.7613330951,0.6459554600,0.04269109529 0 0 0 0 0 0 0.04269109529 0 0 0 0 0 0 0.09401474242 0 0 0 0 0 0 0.0007472043463 0 0 0 0 0 0 0.0007472043463 0 0 0 0 0 0 0.00130044513
438,1785497103.005063057,map,7.2974658012,1.3015743494,-1.2614617348,0.0120035170,0.0544896161,0.7613222159,0.6459684878,0.04276744024 0 0 0 0 0 0 0.04276744024 0 0 0 0 0 0 0.09412802062 0 0 0 0 0 0 0.0007489674208 0 0 0 0 0 0 0.0007489674208 0 0 0 0 0 0 0.00130277073
439,1785497103.105225086,map,7.2987728119,1.2971731424,-1.2614482641,0.0123035133,0.0546566025,0.7613193773,0.6459521065,0.04266331367 0 0 0 0 0 0 0.04266331367 0 0 0 0 0 0 0.09397351274 0 0 0 0 0 0 0.0007465628955 0 0 0 0 0 0 0.0007465628955 0 0 0 0 0 0 0.001299598853
440,1785497103.205463171,map,7.2980074883,1.2993969917,-1.2619756460,0.0124741613,0.0545061953,0.7613540055,0.6459206719,0.04274115333 0 0 0 0 0 0 0.04274115333 0 0 0 0 0 0 0.09408902066 0 0 0 0 0 0 0.0007483603065 0 0 0 0 0 0 0.0007483603065 0 0 0 0 0 0 0.001301969985
441,1785497103.305342197,map,7.3008780479,1.2966732979,-1.2620015144,0.0124102593,0.0544974954,0.7613619928,0.6459132694,0.0425358179 0 0 0 0 0 0 0.0425358179 0 0 0 0 0 0 0.09378424473 0 0 0 0 0 0 0.0007436199971 0 0 0 0 0 0 0.0007436199971 0 0 0 0 0 0 0.00129571511
442,1785497103.405105114,map,7.2990484238,1.2958916426,-1.2629127502,0.0124973485,0.0544692018,0.7613557526,0.6459213035,0.04279005936 0 0 0 0 0 0 0.04279005936 0 0 0 0 0 0 0.09416157582 0 0 0 0 0 0 0.0007494898725 0 0 0 0 0 0 0.0007494898725 0 0 0 0 0 0 0.001303459747
443,1785497103.505060673,map,7.3024735451,1.2957751751,-1.2628895044,0.0123037789,0.0545834314,0.7613473606,0.6459252916,0.04284643862 0 0 0 0 0 0 0.04284643862 0 0 0 0 0 0 0.09424520122 0 0 0 0 0 0 0.0007507923006 0 0 0 0 0 0 0.0007507923006 0 0 0 0 0 0 0.001305177158
444,1785497103.605400801,map,7.3119497299,1.3034894466,-1.2635902166,0.0120267362,0.0545662916,0.7615120323,0.6457378105,0.04268709856 0 0 0 0 0 0 0.04268709856 0 0 0 0 0 0 0.09400881128 0 0 0 0 0 0 0.0007471120616 0 0 0 0 0 0 0.0007471120616 0 0 0 0 0 0 0.001300323382
445,1785497103.805152655,map,7.3050308228,1.3035198450,-1.2629938126,0.0122900563,0.0544795984,0.7614668913,0.6457933899,0.04281369299 0 0 0 0 0 0 0.04281369299 0 0 0 0 0 0 0.09419663294 0 0 0 0 0 0 0.0007500358042 0 0 0 0 0 0 0.0007500358042 0 0 0 0 0 0 0.001304179669
446,1785497103.905055285,map,7.3035140038,1.3021488190,-1.2632058859,0.0122543441,0.0545034605,0.7613932055,0.6458789232,0.0428524213 0 0 0 0 0 0 0.0428524213 0 0 0 0 0 0 0.09425407406 0 0 0 0 0 0 0.0007509305236 0 0 0 0 0 0 0.0007509305236 0 0 0 0 0 0 0.001305359401
447,1785497104.005399704,map,7.3025360107,1.3015731573,-1.2638217211,0.0121854814,0.0544890471,0.7613914201,0.6458835691,0.04307764838 0 0 0 0 0 0 0.04307764838 0 0 0 0 0 0 0.09458795958 0 0 0 0 0 0 0.0007561363705 0 0 0 0 0 0 0.0007561363705 0 0 0 0 0 0 0.00131222021
448,1785497104.105551958,map,7.3035449982,1.3001827002,-1.2642829418,0.0120032996,0.0545330124,0.7614099180,0.6458614783,0.0427840083 0 0 0 0 0 0 0.0427840083 0 0 0 0 0 0 0.09415259943 0 0 0 0 0 0 0.0007493501021 0 0 0 0 0 0 0.0007493501021 0 0 0 0 0 0 0.001303275422
449,1785497104.205308437,map,7.3031277657,1.2977651358,-1.2650213242,0.0121553660,0.0544390238,0.7613822577,0.6458991505,0.04277017612 0 0 0 0 0 0 0.04277017612 0 0 0 0 0 0 0.09413207942 0 0 0 0 0 0 0.0007490306112 0 0 0 0 0 0 0.0007490306112 0 0 0 0 0 0 0.001302854069
450,1785497104.305117607,map,7.3036079407,1.2960118055,-1.2659020424,0.0121193054,0.0544531875,0.7613941372,0.6458846304,0.0424326108 0 0 0 0 0 0 0.0424326108 0 0 0 0 0 0 0.09363096552 0 0 0 0 0 0 0.0007412387708 0 0 0 0 0 0 0.0007412387708 0 0 0 0 0 0 0.001292571242
451,1785497104.405202389,map,7.3022370338,1.2935252190,-1.2662603855,0.0121179479,0.0545725212,0.7613676592,0.6459058005,0.04280201376 0 0 0 0 0 0 0.04280201376 0 0 0 0 0 0 0.09417930887 0 0 0 0 0 0 0.0007497660107 0 0 0 0 0 0 0.0007497660107 0 0 0 0 0 0 0.001303823899
452,1785497104.505457401,map,7.3024539948,1.2952469587,-1.2667874098,0.0119943331,0.0545466273,0.7613046805,0.6459844823,0.04306800694 0 0 0 0 0 0 0.04306800694 0 0 0 0 0 0 0.09457367256 0 0 0 0 0 0 0.0007559134318 0 0 0 0 0 0 0.0007559134318 0 0 0 0 0 0 0.001311926515
453,1785497104.605374575,map,7.3018636703,1.2954312563,-1.2674170732,0.0119998418,0.0544810844,0.7613221422,0.6459693528,0.04271306134 0 0 0 0 0 0 0.04271306134 0 0 0 0 0 0 0.09404733832 0 0 0 0 0 0 0.0007477115684 0 0 0 0 0 0 0.0007477115684 0 0 0 0 0 0 0.001301114254
454,1785497104.705209970,map,7.3007459641,1.2965426445,-1.2658971548,0.0120932683,0.0544428061,0.7613378669,0.6459523314,0.04278011219 0 0 0 0 0 0 0.04278011219 0 0 0 0 0 0 0.09414681968 0 0 0 0 0 0 0.0007492601096 0 0 0 0 0 0 0.0007492601096 0 0 0 0 0 0 0.001303156739
455,1785497104.805038929,map,7.3021073341,1.2965344191,-1.2661553621,0.0118996709,0.0545285629,0.7613706875,0.6459099445,0.04260178616 0 0 0 0 0 0 0.04260178616 0 0 0 0 0 0 0.09388218643 0 0 0 0 0 0 0.0007451425219 0 0 0 0 0 0 0.0007451425219 0 0 0 0 0 0 0.001297724618
456,1785497104.905224800,map,7.3027906418,1.2972520590,-1.2666820288,0.0119759098,0.0545850411,0.7613764659,0.6458969790,0.04290659244 0 0 0 0 0 0 0.04290659244 0 0 0 0 0 0 0.09433440554 0 0 0 0 0 0 0.0007521822266 0 0 0 0 0 0 0.0007521822266 0 0 0 0 0 0 0.001307009548
457,1785497105.005427122,map,7.3027753830,1.2980024815,-1.2654914856,0.0120363347,0.0545354893,0.7613963085,0.6458766824,0.04267293219 0 0 0 0 0 0 0.04267293219 0 0 0 0 0 0 0.09398778772 0 0 0 0 0 0 0.0007467849702 0 0 0 0 0 0 0.0007467849702 0 0 0 0 0 0 0.00129989185
458,1785497105.105274439,map,7.3023662567,1.2968592644,-1.2654478550,0.0121425070,0.0546034685,0.7613391631,0.6459362784,0.0426417183 0 0 0 0 0 0 0.0426417183 0 0 0 0 0 0 0.09394146082 0 0 0 0 0 0 0.0007460643252 0 0 0 0 0 0 0.0007460643252 0 0 0 0 0 0 0.001298941021
459,1785497105.205122709,map,7.3030686378,1.2918682098,-1.2658919096,0.0121284892,0.0544212325,0.7613508713,0.6459381470,0.0429628027 0 0 0 0 0 0 0.0429628027 0 0 0 0 0 0 0.0944177434 0 0 0 0 0 0 0.000753481312 0 0 0 0 0 0 0.000753481312 0 0 0 0 0 0 0.001308721811
460,1785497105.305074215,map,7.3024997711,1.2940918207,-1.2663995028,0.0122526076,0.0543781340,0.7613872279,0.6458965781,0.04268394723 0 0 0 0 0 0 0.04268394723 0 0 0 0 0 0 0.09400413466 0 0 0 0 0 0 0.0007470392981 0 0 0 0 0 0 0.0007470392981 0 0 0 0 0 0 0.001300227387
461,1785497105.405356169,map,7.3002228737,1.2945057154,-1.2654998302,0.0121515573,0.0543884977,0.7613421115,0.6459507656,0.04281019147 0 0 0 0 0 0 0.04281019147 0 0 0 0 0 0 0.09419143914 0 0 0 0 0 0 0.0007499549169 0 0 0 0 0 0 0.0007499549169 0 0 0 0 0 0 0.001304073007
462,1785497105.505525827,map,7.3002824783,1.3000767231,-1.2651345730,0.0121334368,0.0544246695,0.7613509095,0.6459377231,0.04286753327 0 0 0 0 0 0 0.04286753327 0 0 0 0 0 0 0.09427648557 0 0 0 0 0 0 0.0007512796823 0 0 0 0 0 0 0.0007512796823 0 0 0 0 0 0 0.001305819738
463,1785497105.605158806,map,7.2999620438,1.3045662642,-1.2644579411,0.0124189438,0.0544296194,0.7613727325,0.6459061350,0.04289742632 0 0 0 0 0 0 0.04289742632 0 0 0 0 0 0 0.09432081407 0 0 0 0 0 0 0.0007519704123 0 0 0 0 0 0 0.0007519704123 0 0 0 0 0 0 0.001306730332
464,1785497105.705113173,map,7.3015103340,1.2974232435,-1.2647674084,0.0121656927,0.0543490851,0.7613399220,0.6459564203,0.04272364132 0 0 0 0 0 0 0.04272364132 0 0 0 0 0 0 0.09406303721 0 0 0 0 0 0 0.0007479558875 0 0 0 0 0 0 0.0007479558875 0 0 0 0 0 0 0.001301436538
465,1785497105.805236340,map,7.3097438812,1.3058959246,-1.2644768953,0.0121325084,0.0543607727,0.7614708788,0.6458016908,0.04278359243 0 0 0 0 0 0 0.04278359243 0 0 0 0 0 0 0.0941519825 0 0 0 0 0 0 0.0007493404962 0 0 0 0 0 0 0.0007493404962 0 0 0 0 0 0 0.001303262753
466,1785497106.005307198,map,7.3051757812,1.3073012829,-1.2646090984,0.0121784928,0.0544259799,0.7614694285,0.6457970501,0.04282239324 0 0 0 0 0 0 0.04282239324 0 0 0 0 0 0 0.09420953774 0 0 0 0 0 0 0.0007502367903 0 0 0 0 0 0 0.0007502367903 0 0 0 0 0 0 0.001304444694
467,1785497106.105099440,map,7.3044147491,1.3052046299,-1.2656929493,0.0123924282,0.0545852691,0.7614606059,0.6457899144,0.04292350696 0 0 0 0 0 0 0.04292350696 0 0 0 0 0 0 0.09435948503 0 0 0 0 0 0 0.0007525731126 0 0 0 0 0 0 0.0007525731126 0 0 0 0 0 0 0.001307524794
468,1785497106.205060482,map,7.2999544144,1.3038944006,-1.2670464516,0.0123001007,0.0545299527,0.7614244056,0.6458390521,0.04270657941 0 0 0 0 0 0 0.04270657941 0 0 0 0 0 0 0.09403771993 0 0 0 0 0 0 0.0007475618887 0 0 0 0 0 0 0.0007475618887 0 0 0 0 0 0 0.001300916803
469,1785497106.305275917,map,7.3029832840,1.2964942455,-1.2644585371,0.0122910364,0.0545032406,0.7613380384,0.6459433000,0.04285714913 0 0 0 0 0 0 0.04285714913 0 0 0 0 0 0 0.09426108572 0 0 0 0 0 0 0.000751039757 0 0 0 0 0 0 0.000751039757 0 0 0 0 0 0 0.001305503419
470,1785497106.405407667,map,7.3046956062,1.2996094227,-1.2658450603,0.0122095359,0.0543639202,0.7613828721,0.6459036982,0.04261792953 0 0 0 0 0 0 0.04261792953 0 0 0 0 0 0 0.09390615038 0 0 0 0 0 0 0.0007455151627 0 0 0 0 0 0 0.0007455151627 0 0 0 0 0 0 0.001298216373
471,1785497106.505170584,map,7.3041043282,1.2984895706,-1.2648720741,0.0122982747,0.0545102190,0.7613643028,0.6459116228,0.04269871066 0 0 0 0 0 0 0.04269871066 0 0 0 0 0 0 0.09402604334 0 0 0 0 0 0 0.0007473801895 0 0 0 0 0 0 0.0007473801895 0 0 0 0 0 0 0.001300677107
472,1785497106.605043888,map,7.3031620979,1.2965092659,-1.2652041912,0.0120709245,0.0545486163,0.7613359276,0.6459461086,0.04296226057 0 0 0 0 0 0 0.04296226057 0 0 0 0 0 0 0.09441693971 0 0 0 0 0 0 0.0007534687813 0 0 0 0 0 0 0.0007534687813 0 0 0 0 0 0 0.001308705296
473,1785497106.705147505,map,7.3045716286,1.2978734970,-1.2643342018,0.0121051719,0.0544224564,0.7613389922,0.6459524727,0.04278060429 0 0 0 0 0 0 0.04278060429 0 0 0 0 0 0 0.09414754969 0 0 0 0 0 0 0.000749271476 0 0 0 0 0 0 0.000749271476 0 0 0 0 0 0 0.00130317173
474,1785497106.805429935,map,7.3044691086,1.2966078520,-1.2653268576,0.0120950131,0.0543676453,0.7613727459,0.6459175143,0.04301042796 0 0 0 0 0 0 0.04301042796 0 0 0 0 0 0 0.09448833917 0 0 0 0 0 0 0.0007545821993 0 0 0 0 0 0 0.0007545821993 0 0 0 0 0 0 0.001310172559
475,1785497106.905267477,map,7.3034710884,1.2946703434,-1.2638208866,0.0122623973,0.0544875909,0.7613099732,0.6459781907,0.04281649615 0 0 0 0 0 0 0.04281649615 0 0 0 0 0 0 0.09420079083 0 0 0 0 0 0 0.00075010056 0 0 0 0 0 0 0.00075010056 0 0 0 0 0 0 0.001304265058
476,1785497107.005175591,map,7.3031697273,1.2932467461,-1.2635447979,0.0122021523,0.0545937301,0.7612658750,0.6460223636,0.04284586821 0 0 0 0 0 0 0.04284586821 0 0 0 0 0 0 0.09424435524 0 0 0 0 0 0 0.0007507791221 0 0 0 0 0 0 0.0007507791221 0 0 0 0 0 0 0.001305159782
477,1785497107.105046988,map,7.3041977882,1.2878168821,-1.2646539211,0.0120915061,0.0544810776,0.7612277900,0.6460788210,0.04241050303 0 0 0 0 0 0 0.04241050303 0 0 0 0 0 0 0.093598124 0 0 0 0 0 0 0.000740728814 0 0 0 0 0 0 0.000740728814 0 0 0 0 0 0 0.0012918978
478,1785497107.205170393,map,7.2696890831,1.2681467533,-1.2599766254,0.0121085335,0.0546072220,0.7604442350,0.6469899272,0.0430340042 0 0 0 0 0 0 0.0430340042 0 0 0 0 0 0 0.09452328195 0 0 0 0 0 0 0.0007551272505 0 0 0 0 0 0 0.0007551272505 0 0 0 0 0 0 0.001310890732
479,1785497107.305591583,map,7.2863445282,1.2773294449,-1.2633786201,0.0122753699,0.0538872766,0.7584153979,0.6494240208,0.04305234719 0 0 0 0 0 0 0.04305234719 0 0 0 0 0 0 0.09455046627 0 0 0 0 0 0 0.0007555513485 0 0 0 0 0 0 0.0007555513485 0 0 0 0 0 0 0.001311449492
480,1785497107.405290365,map,7.2659354210,1.2664002180,-1.2637729645,0.0127946208,0.0544870076,0.7544626777,0.6539522402,0.04268961411 0 0 0 0 0 0 0.04268961411 0 0 0 0 0 0 0.09401254436 0 0 0 0 0 0 0.0007471701457 0 0 0 0 0 0 0.0007471701457 0 0 0 0 0 0 0.00130040001
481,1785497107.505061388,map,7.2290029526,1.2073005438,-1.2579162121,0.0129814283,0.0548474767,0.7501390051,0.6588738106,0.0428875469 0 0 0 0 0 0 0.0428875469 0 0 0 0 0 0 0.0943061644 0 0 0 0 0 0 0.0007517421229 0 0 0 0 0 0 0.0007517421229 0 0 0 0 0 0 0.001306429388
482,1785497107.605070591,map,7.2068557739,1.1893039942,-1.2411003113,0.0151571440,0.0514450113,0.7402411822,0.6701989657,0.04269345312 0 0 0 0 0 0 0.04269345312 0 0 0 0 0 0 0.09401824137 0 0 0 0 0 0 0.0007472587893 0 0 0 0 0 0 0.0007472587893 0 0 0 0 0 0 0.001300516953
483,1785497107.705433846,map,7.1724061966,1.1628537178,-1.2573986053,0.0171323871,0.0516605067,0.7309038783,0.6803066925,0.04300133336 0 0 0 0 0 0 0.04300133336 0 0 0 0 0 0 0.09447485907 0 0 0 0 0 0 0.0007543719571 0 0 0 0 0 0 0.0007543719571 0 0 0 0 0 0 0.001309895522
484,1785497107.805431366,map,7.2717213631,1.1725474596,-1.2214337587,0.0203097265,0.0521651190,0.7226678396,0.6889248653,0.04270154389 0 0 0 0 0 0 0.04270154389 0 0 0 0 0 0 0.09403024766 0 0 0 0 0 0 0.0007474456116 0 0 0 0 0 0 0.0007474456116 0 0 0 0 0 0 0.001300763412
485,1785497108.005113602,map,7.2286705971,1.2444834709,-1.2561675310,0.0179024804,0.0531773697,0.7120870220,0.6998455286,0.04281359451 0 0 0 0 0 0 0.04281359451 0 0 0 0 0 0 0.09419648688 0 0 0 0 0 0 0.0007500335294 0 0 0 0 0 0 0.0007500335294 0 0 0 0 0 0 0.001304176669
486,1785497108.105072021,map,7.2506957054,1.2736308575,-1.2446368933,0.0139317822,0.0534200992,0.7100536218,0.7019801233,0.04264082413 0 0 0 0 0 0 0.04264082413 0 0 0 0 0 0 0.09394013363 0 0 0 0 0 0 0.0007460436824 0 0 0 0 0 0 0.0007460436824 0 0 0 0 0 0 0.001298913782
487,1785497108.205465078,map,7.1754264832,1.2060208321,-1.2479720116,0.0104756529,0.0529823256,0.7004181448,0.7116864027,0.04282221701 0 0 0 0 0 0 0.04282221701 0 0 0 0 0 0 0.09420927635 0 0 0 0 0 0 0.0007502327191 0 0 0 0 0 0 0.0007502327191 0 0 0 0 0 0 0.001304439326
488,1785497108.305299282,map,7.2869095802,1.3431278467,-1.2670439482,0.0078668582,0.0519633070,0.6933837268,0.7186493687,0.04259914824 0 0 0 0 0 0 0.04259914824 0 0 0 0 0 0 0.09387827044 0 0 0 0 0 0 0.0007450816323 0 0 0 0 0 0 0.0007450816323 0 0 0 0 0 0 0.001297644262
489,1785497108.405164480,map,7.2582707405,1.3374639750,-1.2683496475,0.0073755190,0.0515409746,0.6952325196,0.7168966972,0.0428149033 0 0 0 0 0 0 0.0428149033 0 0 0 0 0 0 0.09419842818 0 0 0 0 0 0 0.0007500637635 0 0 0 0 0 0 0.0007500637635 0 0 0 0 0 0 0.001304216537
490,1785497108.505035162,map,7.2488408089,1.3456852436,-1.2720050812,0.0087419399,0.0519153085,0.6999690007,0.7122301560,0.0427825303 0 0 0 0 0 0 0.0427825303 0 0 0 0 0 0 0.09415040687 0 0 0 0 0 0 0.000749315963 0 0 0 0 0 0 0.000749315963 0 0 0 0 0 0 0.001303230399
491,1785497108.605130434,map,7.2377882004,1.3466553688,-1.2549995184,0.0129109092,0.0522815828,0.7031808207,0.7089687592,0.04288139231 0 0 0 0 0 0 0.04288139231 0 0 0 0 0 0 0.09429703781 0 0 0 0 0 0 0.0007515999096 0 0 0 0 0 0 0.0007515999096 0 0 0 0 0 0 0.001306241908
492,1785497108.705465317,map,7.2262187004,1.3072772026,-1.2586350441,0.0132534999,0.0534255957,0.7037975745,0.7082647952,0.04279920821 0 0 0 0 0 0 0.04279920821 0 0 0 0 0 0 0.09417514722 0 0 0 0 0 0 0.0007497012034 0 0 0 0 0 0 0.0007497012034 0 0 0 0 0 0 0.001303738437
493,1785497108.805362701,map,7.2322883606,1.3169426918,-1.2633895874,0.0151586867,0.0540110154,0.7034443060,0.7085330829,0.04271471885 0 0 0 0 0 0 0.04271471885 0 0 0 0 0 0 0.09404979783 0 0 0 0 0 0 0.000747749844 0 0 0 0 0 0 0.000747749844 0 0 0 0 0 0 0.001301164744
494,1785497108.905066252,map,7.2318220139,1.3131901026,-1.2573672533,0.0150403728,0.0536338936,0.7033196215,0.7086880143,0.04299688929 0 0 0 0 0 0 0.04299688929 0 0 0 0 0 0 0.09446827186 0 0 0 0 0 0 0.0007542692249 0 0 0 0 0 0 0.0007542692249 0 0 0 0 0 0 0.001309760148
495,1785497109.005023956,map,7.2414913177,1.3126657009,-1.2588828802,0.0147448952,0.0536531651,0.7029244159,0.7090847433,0.04287594075 0 0 0 0 0 0 0.04287594075 0 0 0 0 0 0 0.09428895356 0 0 0 0 0 0 0.0007514739438 0 0 0 0 0 0 0.0007514739438 0 0 0 0 0 0 0.001306075844
496,1785497109.105128527,map,7.2489604950,1.3075358868,-1.2581349611,0.0143586040,0.0535562994,0.7027115378,0.7093109817,0.04274638394 0 0 0 0 0 0 0.04274638394 0 0 0 0 0 0 0.09409678125 0 0 0 0 0 0 0.0007484811063 0 0 0 0 0 0 0.0007484811063 0 0 0 0 0 0 0.001302129318
497,1785497109.205339909,map,7.2488746643,1.2950215340,-1.2558335066,0.0141644173,0.0529602910,0.7023512634,0.7097163248,0.04267766141 0 0 0 0 0 0 0.04267766141 0 0 0 0 0 0 0.09399480623 0 0 0 0 0 0 0.0007468941626 0 0 0 0 0 0 0.0007468941626 0 0 0 0 0 0 0.00130003591
498,1785497109.305141211,map,7.2436375618,1.3040876389,-1.2550686598,0.0129540748,0.0519259500,0.7020007847,0.7101625034,0.04246306135 0 0 0 0 0 0 0.04246306135 0 0 0 0 0 0 0.09367619584 0 0 0 0 0 0 0.0007419412391 0 0 0 0 0 0 0.0007419412391 0 0 0 0 0 0 0.001293498819
499,1785497109.404988766,map,7.2652277946,1.3249803782,-1.2453514338,0.0064100449,0.0489505411,0.7010004164,0.7114500555,0.04260251457 0 0 0 0 0 0 0.04260251457 0 0 0 0 0 0 0.09388326774 0 0 0 0 0 0 0.0007451593354 0 0 0 0 0 0 0.0007451593354 0 0 0 0 0 0 0.001297746806
500,1785497109.505224228,map,7.2414503098,1.3968027830,-1.2592844963,0.0033291601,0.0499813419,0.7028963354,0.7095262523,0.04272846714 0 0 0 0 0 0 0.04272846714 0 0 0 0 0 0 0.0940701977 0 0 0 0 0 0 0.0007480673315 0 0 0 0 0 0 0.0007480673315 0 0 0 0 0 0 0.001301583541
501,1785497109.605356455,map,7.2186479568,1.3955972195,-1.2549257278,0.0060445589,0.0476843842,0.7037393669,0.7088304160,0.04285441202 0 0 0 0 0 0 0.04285441202 0 0 0 0 0 0 0.09425702643 0 0 0 0 0 0 0.0007509765176 0 0 0 0 0 0 0.0007509765176 0 0 0 0 0 0 0.001305420041
502,1785497109.705177546,map,7.2035560608,1.4221323729,-1.2584661245,0.0128219553,0.0480298888,0.7044991624,0.7079616093,0.04286717394 0 0 0 0 0 0 0.04286717394 0 0 0 0 0 0 0.09427595269 0 0 0 0 0 0 0.0007512713799 0 0 0 0 0 0 0.0007512713799 0 0 0 0 0 0 0.001305808792
503,1785497109.805067539,map,7.2080378532,1.4606149197,-1.2598835230,0.0162515627,0.0532712417,0.7050135349,0.7070035128,0.04269713755 0 0 0 0 0 0 0.04269713755 0 0 0 0 0 0 0.09402370893 0 0 0 0 0 0 0.0007473438651 0 0 0 0 0 0 0.0007473438651 0 0 0 0 0 0 0.001300629187
504,1785497109.905153751,map,7.2096834183,1.4565470219,-1.2533484697,0.0214060133,0.0547076079,0.7040594926,0.7077069126,0.04271639092 0 0 0 0 0 0 0.04271639092 0 0 0 0 0 0 0.09405227892 0 0 0 0 0 0 0.000747788456 0 0 0 0 0 0 0.000747788456 0 0 0 0 0 0 0.001301215678
505,1785497110.105215073,map,7.2208867073,1.5710484982,-1.2484602928,0.0211996063,0.0449808657,0.7039728228,0.7084839884,0.04277368172 0 0 0 0 0 0 0.04277368172 0 0 0 0 0 0 0.09413728008 0 0 0 0 0 0 0.0007491115809 0 0 0 0 0 0 0.0007491115809 0 0 0 0 0 0 0.001302960856
506,1785497110.205036402,map,7.2294244766,1.5966293812,-1.2540630102,0.0204954570,0.0441886388,0.7033408054,0.7091819404,0.04266898712 0 0 0 0 0 0 0.04266898712 0 0 0 0 0 0 0.09398193285 0 0 0 0 0 0 0.0007466938844 0 0 0 0 0 0 0.0007466938844 0 0 0 0 0 0 0.001299771676
507,1785497110.305032492,map,7.2552957535,1.6298588514,-1.2572679520,0.0207144980,0.0413514442,0.7023305018,0.7103469677,0.04268321087 0 0 0 0 0 0 0.04268321087 0 0 0 0 0 0 0.09400304189 0 0 0 0 0 0 0.0007470222959 0 0 0 0 0 0 0.0007470222959 0 0 0 0 0 0 0.001300204956
508,1785497110.405276775,map,7.2332849503,1.7434641123,-1.2609639168,0.0234356589,0.0416965504,0.7049428910,0.7076494254,0.04282382248 0 0 0 0 0 0 0.04282382248 0 0 0 0 0 0 0.09421165765 0 0 0 0 0 0 0.0007502698081 0 0 0 0 0 0 0.0007502698081 0 0 0 0 0 0 0.001304488231
509,1785497110.505112410,map,7.1934113503,1.7279487848,-1.2526651621,0.0244637498,0.0423847239,0.7051701865,0.7073472234,0.04287625264 0 0 0 0 0 0 0.04287625264 0 0 0 0 0 0 0.09428941608 0 0 0 0 0 0 0.0007514811504 0 0 0 0 0 0 0.0007514811504 0 0 0 0 0 0 0.001306085345
510,1785497110.605391502,map,7.2299256325,1.7553175688,-1.2581280470,0.0246895685,0.0430556537,0.7046115552,0.7078553437,0.0426167681 0 0 0 0 0 0 0.0426167681 0 0 0 0 0 0 0.09390442635 0 0 0 0 0 0 0.0007454883524 0 0 0 0 0 0 0.0007454883524 0 0 0 0 0 0 0.001298180994
511,1785497110.705002069,map,7.2319760323,1.8017815351,-1.2521255016,0.0245053392,0.0448644332,0.7051426460,0.7072202685,0.04279656728 0 0 0 0 0 0 0.04279656728 0 0 0 0 0 0 0.09417122972 0 0 0 0 0 0 0.0007496401994 0 0 0 0 0 0 0.0007496401994 0 0 0 0 0 0 0.00130365799
512,1785497110.805286646,map,7.2360057831,1.8504623175,-1.2523657084,0.0233436126,0.0412491638,0.7064005606,0.7062236261,0.04273594005 0 0 0 0 0 0 0.04273594005 0 0 0 0 0 0 0.09408128565 0 0 0 0 0 0 0.0007482399094 0 0 0 0 0 0 0.0007482399094 0 0 0 0 0 0 0.001301811179
513,1785497110.905381918,map,7.2088432312,1.8758822680,-1.2453997135,0.0226117750,0.0376612700,0.7069781725,0.7058698178,0.04305005564 0 0 0 0 0 0 0.04305005564 0 0 0 0 0 0 0.0945470703 0 0 0 0 0 0 0.0007554983653 0 0 0 0 0 0 0.0007554983653 0 0 0 0 0 0 0.001311379687
514,1785497111.005346060,map,7.2708559036,1.8949397802,-1.2624281645,0.0180897868,0.0345465312,0.7076670769,0.7054690767,0.04278386754 0 0 0 0 0 0 0.04278386754 0 0 0 0 0 0 0.09415239062 0 0 0 0 0 0 0.0007493468508 0 0 0 0 0 0 0.0007493468508 0 0 0 0 0 0 0.001303271134
515,1785497111.105079174,map,7.2556157112,1.9172986746,-1.2570843697,0.0158311500,0.0361266881,0.7076934823,0.7054177187,0.0427578811 0 0 0 0 0 0 0.0427578811 0 0 0 0 0 0 0.09411383887 0 0 0 0 0 0 0.0007487466388 0 0 0 0 0 0 0.0007487466388 0 0 0 0 0 0 0.001302479541
516,1785497111.205189228,map,7.2322063446,1.9654002190,-1.2616161108,0.0124963676,0.0426281499,0.7073767085,0.7054394793,0.04292807195 0 0 0 0 0 0 0.04292807195 0 0 0 0 0 0 0.09436625335 0 0 0 0 0 0 0.0007526786114 0 0 0 0 0 0 0.0007526786114 0 0 0 0 0 0 0.001307663851
517,1785497111.305239677,map,7.2328968048,1.9846725464,-1.2555255890,0.0101349143,0.0460795362,0.7071380247,0.7054996748,0.04273409986 0 0 0 0 0 0 0.04273409986 0 0 0 0 0 0 0.09407855528 0 0 0 0 0 0 0.0007481974118 0 0 0 0 0 0 0.0007481974118 0 0 0 0 0 0 0.001301755123
518,1785497111.405312300,map,7.2405271530,2.0187635422,-1.2531183958,0.0060888332,0.0485714108,0.7060819313,0.7064361661,0.04275683089 0 0 0 0 0 0 0.04275683089 0 0 0 0 0 0 0.09411228078 0 0 0 0 0 0 0.0007487223833 0 0 0 0 0 0 0.0007487223833 0 0 0 0 0 0 0.00130244755
519,1785497111.505079508,map,7.2083988190,2.0869631767,-1.2570583820,0.0045778986,0.0526519885,0.7059086193,0.7063284121,0.04250012388 0 0 0 0 0 0 0.04250012388 0 0 0 0 0 0 0.09373124023 0 0 0 0 0 0 0.0007427963489 0 0 0 0 0 0 0.0007427963489 0 0 0 0 0 0 0.001294627808
520,1785497111.604983807,map,7.2267613411,2.1481480598,-1.2520476580,0.0006646255,0.0509609184,0.7058249729,0.7065505265,0.04266173316 0 0 0 0 0 0 0.04266173316 0 0 0 0 0 0 0.09397116703 0 0 0 0 0 0 0.000746526405 0 0 0 0 0 0 0.000746526405 0 0 0 0 0 0 0.001299550708
521,1785497111.705118895,map,7.2321896553,2.1838035583,-1.2605021000,-0.0048693722,0.0476815182,0.7061480367,0.7064401559,0.04263371677 0 0 0 0 0 0 0.04263371677 0 0 0 0 0 0 0.09392958425 0 0 0 0 0 0 0.0007458796049 0 0 0 0 0 0 0.0007458796049 0 0 0 0 0 0 0.00129869728
522,1785497111.805367470,map,7.2011380196,2.2029104233,-1.2555979490,-0.0040811808,0.0452180742,0.7066838704,0.7060712131,0.04255670373 0 0 0 0 0 0 0.04255670373 0 0 0 0 0 0 0.09381525617 0 0 0 0 0 0 0.0007441019941 0 0 0 0 0 0 0.0007441019941 0 0 0 0 0 0 0.001296351329
523,1785497112.004963398,map,7.2184948921,2.2351751328,-1.2562172413,-0.0034166846,0.0444944155,0.7070145803,0.7057896094,0.04281477774 0 0 0 0 0 0 0.04281477774 0 0 0 0 0 0 0.09419824195 0 0 0 0 0 0 0.000750060863 0 0 0 0 0 0 0.000750060863 0 0 0 0 0 0 0.001304212712
524,1785497112.105051517,map,7.2029304504,2.2953093052,-1.2587740421,-0.0028331521,0.0457862438,0.7075895166,0.7051330997,0.04270174895 0 0 0 0 0 0 0.04270174895 0 0 0 0 0 0 0.09403055195 0 0 0 0 0 0 0.0007474503467 0 0 0 0 0 0 0.0007474503467 0 0 0 0 0 0 0.001300769658
525,1785497112.205327511,map,7.2013955116,2.3485519886,-1.2685928345,-0.0053771311,0.0466666373,0.7078053798,0.7048438410,0.04267921128 0 0 0 0 0 0 0.04267921128 0 0 0 0 0 0 0.09399710632 0 0 0 0 0 0 0.0007469299477 0 0 0 0 0 0 0.0007469299477 0 0 0 0 0 0 0.001300083122
526,1785497112.305319071,map,7.1926488876,2.3805515766,-1.2635306120,-0.0040745129,0.0492608752,0.7078804588,0.7046006177,0.04278668173 0 0 0 0 0 0 0.04278668173 0 0 0 0 0 0 0.09415656533 0 0 0 0 0 0 0.000749411854 0 0 0 0 0 0 0.000749411854 0 0 0 0 0 0 0.001303356859
527,1785497112.405026436,map,7.2282996178,2.4219462872,-1.2541298866,-0.0052276722,0.0474305695,0.7081095981,0.7044883326,0.04281203288 0 0 0 0 0 0 0.04281203288 0 0 0 0 0 0 0.09419417052 0 0 0 0 0 0 0.0007499974546 0 0 0 0 0 0 0.0007499974546 0 0 0 0 0 0 0.001304129099
528,1785497112.505107641,map,7.2092204094,2.4589712620,-1.2639075518,-0.0045742926,0.0459581119,0.7087603559,0.7039358751,0.04260004881 0 0 0 0 0 0 0.04260004881 0 0 0 0 0 0 0.09387960733 0 0 0 0 0 0 0.0007451024195 0 0 0 0 0 0 0.0007451024195 0 0 0 0 0 0 0.001297671695
529,1785497112.605261087,map,7.2035684586,2.4659702778,-1.2600723505,-0.0035671591,0.0447211260,0.7092794713,0.7034983615,0.04282240828 0 0 0 0 0 0 0.04282240828 0 0 0 0 0 0 0.09420956005 0 0 0 0 0 0 0.0007502371378 0 0 0 0 0 0 0.0007502371378 0 0 0 0 0 0 0.001304445152
530,1785497112.705495119,map,7.1972093582,2.4963200092,-1.2585185766,-0.0019179440,0.0445576962,0.7098995938,0.7028893932,0.04257252816 0 0 0 0 0 0 0.04257252816 0 0 0 0 0 0 0.09383875075 0 0 0 0 0 0 0.0007444672108 0 0 0 0 0 0 0.0007444672108 0 0 0 0 0 0 0.001296833368
531,1785497112.805156946,map,7.1925458908,2.4959442616,-1.2585325241,-0.0019723127,0.0443453281,0.7100236524,0.7027773683,0.04285339522 0 0 0 0 0 0 0.04285339522 0 0 0 0 0 0 0.09425551846 0 0 0 0 0 0 0.0007509530253 0 0 0 0 0 0 0.0007509530253 0 0 0 0 0 0 0.001305389068
532,1785497112.905078411,map,7.1996746063,2.4910280704,-1.2594559193,-0.0021208183,0.0440905343,0.7102357289,0.7025786386,0.04274956555 0 0 0 0 0 0 0.04274956555 0 0 0 0 0 0 0.09410150169 0 0 0 0 0 0 0.0007485545861 0 0 0 0 0 0 0.0007485545861 0 0 0 0 0 0 0.001302226236
533,1785497113.004993916,map,7.1974148750,2.4921224117,-1.2606849670,-0.0021681670,0.0441395398,0.7102428766,0.7025681902,0.04244445307 0 0 0 0 0 0 0.04244445307 0 0 0 0 0 0 0.09364855629 0 0 0 0 0 0 0.0007415119522 0 0 0 0 0 0 0.0007415119522 0 0 0 0 0 0 0.001292931978
534,1785497113.105434179,map,7.2029829025,2.5002241135,-1.2607755661,-0.0018123930,0.0436528125,0.7100697471,0.7027745784,0.04278123673 0 0 0 0 0 0 0.04278123673 0 0 0 0 0 0 0.09414848791 0 0 0 0 0 0 0.0007492860841 0 0 0 0 0 0 0.0007492860841 0 0 0 0 0 0 0.001303190995
535,1785497113.205316067,map,7.2140069008,2.5027801991,-1.2586200237,-0.0028276126,0.0422824866,0.7102129219,0.7027103239,0.04296743046 0 0 0 0 0 0 0.04296743046 0 0 0 0 0 0 0.09442460377 0 0 0 0 0 0 0.0007535882769 0 0 0 0 0 0 0.0007535882769 0 0 0 0 0 0 0.00130886278
536,1785497113.305039167,map,7.2251181602,2.5203733444,-1.2603275776,-0.0038796079,0.0412529032,0.7105411624,0.7024346277,0.04258253812 0 0 0 0 0 0 0.04258253812 0 0 0 0 0 0 0.09385361182 0 0 0 0 0 0 0.0007446982447 0 0 0 0 0 0 0.0007446982447 0 0 0 0 0 0 0.001297138289
537,1785497113.404919147,map,7.2111763954,2.5647978783,-1.2613638639,-0.0041187231,0.0411753775,0.7111117890,0.7018601304,0.04276701647 0 0 0 0 0 0 0.04276701647 0 0 0 0 0 0 0.09412739193 0 0 0 0 0 0 0.0007489576329 0 0 0 0 0 0 0.0007489576329 0 0 0 0 0 0 0.001302757821
538,1785497113.505075455,map,7.2052764893,2.5937316418,-1.2604314089,-0.0041518914,0.0408990217,0.7118783996,0.7010985520,0.04291022767 0 0 0 0 0 0 0.04291022767 0 0 0 0 0 0 0.09433979569 0 0 0 0 0 0 0.0007522662327 0 0 0 0 0 0 0.0007522662327 0 0 0 0 0 0 0.001307120284
539,1785497113.605394602,map,7.2004394531,2.5952861309,-1.2605494261,-0.0039013981,0.0404778335,0.7121377200,0.7008610373,0.04274784261 0 0 0 0 0 0 0.04274784261 0 0 0 0 0 0 0.09409894543 0 0 0 0 0 0 0.0007485147944 0 0 0 0 0 0 0.0007485147944 0 0 0 0 0 0 0.001302173752
540,1785497113.705170393,map,7.2040586472,2.5578227043,-1.2657252550,-0.0041825946,0.0394681542,0.7123660149,0.7006849797,0.04306748384 0 0 0 0 0 0 0.04306748384 0 0 0 0 0 0 0.09457289738 0 0 0 0 0 0 0.0007559013362 0 0 0 0 0 0 0.0007559013362 0 0 0 0 0 0 0.00131191058
541,1785497113.805078268,map,7.2166295052,2.5769741535,-1.2695403099,-0.0045055345,0.0384082956,0.7126584058,0.7004445054,0.04282648016 0 0 0 0 0 0 0.04282648016 0 0 0 0 0 0 0.09421559958 0 0 0 0 0 0 0.0007503312052 0 0 0 0 0 0 0.0007503312052 0 0 0 0 0 0 0.001304569188
542,1785497113.904969931,map,7.2049889565,2.6087162495,-1.2684955597,-0.0029125379,0.0374553873,0.7131890073,0.6999643163,0.04279112751 0 0 0 0 0 0 0.04279112751 0 0 0 0 0 0 0.09416316035 0 0 0 0 0 0 0.0007495145457 0 0 0 0 0 0 0.0007495145457 0 0 0 0 0 0 0.001303492285
543,1785497114.005290508,map,7.2062230110,2.6162211895,-1.2678180933,-0.0022606985,0.0370779562,0.7135206124,0.6996487851,0.04251345331 0 0 0 0 0 0 0.04251345331 0 0 0 0 0 0 0.09375103486 0 0 0 0 0 0 0.0007431039157 0 0 0 0 0 0 0.0007431039157 0 0 0 0 0 0 0.001295033845
544,1785497114.105437279,map,7.2085728645,2.6367084980,-1.2692794800,-0.0012751935,0.0366018700,0.7140043123,0.6991827409,0.04254659679 0 0 0 0 0 0 0.04254659679 0 0 0 0 0 0 0.09380024961 0 0 0 0 0 0 0.0007438687443 0 0 0 0 0 0 0.0007438687443 0 0 0 0 0 0 0.001296043453
545,1785497114.205138445,map,7.2026534081,2.6437711716,-1.2714021206,-0.0009712515,0.0363978275,0.7140565665,0.6991405277,0.04270036283 0 0 0 0 0 0 0.04270036283 0 0 0 0 0 0 0.09402849505 0 0 0 0 0 0 0.0007474183396 0 0 0 0 0 0 0.0007474183396 0 0 0 0 0 0 0.001300727435
546,1785497114.304967880,map,7.2089910507,2.6506400108,-1.2735917568,-0.0010139852,0.0364589657,0.7142863096,0.6989025758,0.04273926039 0 0 0 0 0 0 0.04273926039 0 0 0 0 0 0 0.0940862121 0 0 0 0 0 0 0.0007483165901 0 0 0 0 0 0 0.0007483165901 0 0 0 0 0 0 0.001301912322
547,1785497114.405033112,map,7.2029943466,2.6552984715,-1.2750656605,-0.0012875596,0.0373822388,0.7145009102,0.6986339107,0.04266121143 0 0 0 0 0 0 0.04266121143 0 0 0 0 0 0 0.0939703927 0 0 0 0 0 0 0.0007465143594 0 0 0 0 0 0 0.0007465143594 0 0 0 0 0 0 0.001299534815
548,1785497114.505339622,map,7.2050223351,2.6618945599,-1.2740560770,-0.0016417975,0.0374612020,0.7146709855,0.6984549748,0.04274186701 0 0 0 0 0 0 0.04274186701 0 0 0 0 0 0 0.09409007955 0 0 0 0 0 0 0.0007483767886 0 0 0 0 0 0 0.0007483767886 0 0 0 0 0 0 0.001301991724
549,1785497114.605224609,map,7.2005105019,2.6949095726,-1.2713415623,-0.0028961206,0.0368465888,0.7149256482,0.6982229577,0.04287425686 0 0 0 0 0 0 0.04287425686 0 0 0 0 0 0 0.09428645644 0 0 0 0 0 0 0.0007514350356 0 0 0 0 0 0 0.0007514350356 0 0 0 0 0 0 0.00130602455
550,1785497114.704971075,map,7.1922535896,2.7131872177,-1.2714638710,-0.0031687934,0.0367446887,0.7149925325,0.6981586216,0.04254508267 0 0 0 0 0 0 0.04254508267 0 0 0 0 0 0 0.09379800144 0 0 0 0 0 0 0.0007438338021 0 0 0 0 0 0 0.0007438338021 0 0 0 0 0 0 0.001295997331
551,1785497114.804940224,map,7.1378660202,2.6612079144,-1.2715842724,-0.0030164905,0.0366852257,0.7124878427,0.7007183252,0.04259061982 0 0 0 0 0 0 0.04259061982 0 0 0 0 0 0 0.09386560974 0 0 0 0 0 0 0.0007448847802 0 0 0 0 0 0 0.0007448847802 0 0 0 0 0 0 0.001297384472
552,1785497114.905382633,map,7.1950011253,2.7003207207,-1.2685910463,-0.0050693475,0.0363027028,0.7089549610,0.7043005625,0.04300728426 0 0 0 0 0 0 0.04300728426 0 0 0 0 0 0 0.09448367959 0 0 0 0 0 0 0.0007545095247 0 0 0 0 0 0 0.0007545095247 0 0 0 0 0 0 0.001310076796
553,1785497115.005295038,map,7.1749892235,2.7305963039,-1.2850812674,-0.0064675179,0.0371307214,0.7058779935,0.7073300169,0.04286534281 0 0 0 0 0 0 0.04286534281 0 0 0 0 0 0 0.09427323713 0 0 0 0 0 0 0.000751229071 0 0 0 0 0 0 0.000751229071 0 0 0 0 0 0 0.001305753012
554,1785497115.105091333,map,7.1803727150,2.7369983196,-1.2645125389,-0.0052942446,0.0376187459,0.7024726504,0.7106961180,0.04283030401 0 0 0 0 0 0 0.04283030401 0 0 0 0 0 0 0.09422127115 0 0 0 0 0 0 0.000750419544 0 0 0 0 0 0 0.000750419544 0 0 0 0 0 0 0.00130468567
555,1785497115.204934835,map,7.1502218246,2.7172145844,-1.2550729513,-0.0087997467,0.0381682127,0.6960295192,0.7169439733,0.04263979544 0 0 0 0 0 0 0.04263979544 0 0 0 0 0 0 0.09393860677 0 0 0 0 0 0 0.0007460199342 0 0 0 0 0 0 0.0007460199342 0 0 0 0 0 0 0.001298882447
556,1785497115.305220127,map,7.0967793465,2.7724227905,-1.2700142860,-0.0105738715,0.0374366489,0.6846029131,0.7278774236,0.04298671922 0 0 0 0 0 0 0.04298671922 0 0 0 0 0 0 0.09445319687 0 0 0 0 0 0 0.0007540341328 0 0 0 0 0 0 0.0007540341328 0 0 0 0 0 0 0.001309450349
557,1785497115.405294895,map,7.0787229538,2.8696637154,-1.2942208052,-0.0015049320,0.0408555077,0.6720455354,0.7393803753,0.04319676527 0 0 0 0 0 0 0.04319676527 0 0 0 0 0 0 0.09476442832 0 0 0 0 0 0 0.0007588913599 0 0 0 0 0 0 0.0007588913599 0 0 0 0 0 0 0.001315848718
558,1785497115.505146980,map,7.1061964035,2.7781865597,-1.2432260513,-0.0043954254,0.0427007020,0.6526109288,0.7564762442,0.04308470603 0 0 0 0 0 0 0.04308470603 0 0 0 0 0 0 0.09459841752 0 0 0 0 0 0 0.0007562995694 0 0 0 0 0 0 0.0007562995694 0 0 0 0 0 0 0.001312435198
559,1785497115.605054617,map,7.1590642929,2.8273830414,-1.2519091368,-0.0089332906,0.0431857399,0.6368046720,0.7697629507,0.04288942359 0 0 0 0 0 0 0.04288942359 0 0 0 0 0 0 0.09430894729 0 0 0 0 0 0 0.000751785488 0 0 0 0 0 0 0.000751785488 0 0 0 0 0 0 0.001306486555
560,1785497115.705045700,map,7.1344199181,2.9161310196,-1.2613724470,-0.0114584372,0.0421478094,0.6244423747,0.7798486993,0.04275989298 0 0 0 0 0 0 0.04275989298 0 0 0 0 0 0 0.09411682371 0 0 0 0 0 0 0.0007487931055 0 0 0 0 0 0 0.0007487931055 0 0 0 0 0 0 0.001302540827
561,1785497115.805191994,map,7.1824493408,2.9383111000,-1.2629776001,-0.0122100468,0.0389963003,0.6175855122,0.7854415010,0.04308510654 0 0 0 0 0 0 0.04308510654 0 0 0 0 0 0 0.09459901097 0 0 0 0 0 0 0.0007563088306 0 0 0 0 0 0 0.0007563088306 0 0 0 0 0 0 0.001312447398
562,1785497115.905182600,map,7.2102632523,2.9668147564,-1.2585535049,-0.0140960459,0.0366185263,0.6111011885,0.7905793624,0.04283671541 0 0 0 0 0 0 0.04283671541 0 0 0 0 0 0 0.0942307804 0 0 0 0 0 0 0.0007505676634 0 0 0 0 0 0 0.0007505676634 0 0 0 0 0 0 0.001304880972
563,1785497116.004913807,map,7.1115422249,3.0131647587,-1.2765576839,-0.0169332002,0.0362033466,0.6057323465,0.7946640178,0.04305851125 0 0 0 0 0 0 0.04305851125 0 0 0 0 0 0 0.09455960099 0 0 0 0 0 0 0.0007556938708 0 0 0 0 0 0 0.0007556938708 0 0 0 0 0 0 0.00131163726
564,1785497116.105063200,map,7.1561813354,3.0626137257,-1.2685331106,-0.0141884840,0.0342707343,0.5933418237,0.8040955690,0.04307671955 0 0 0 0 0 0 0.04307671955 0 0 0 0 0 0 0.09458658322 0 0 0 0 0 0 0.0007561148928 0 0 0 0 0 0 0.0007561148928 0 0 0 0 0 0 0.001312191916
565,1785497116.205296993,map,7.1400151253,3.0913527012,-1.2656266689,-0.0139952234,0.0338285161,0.5810882196,0.8130167592,0.04300206525 0 0 0 0 0 0 0.04300206525 0 0 0 0 0 0 0.0944759439 0 0 0 0 0 0 0.000754388876 0 0 0 0 0 0 0.000754388876 0 0 0 0 0 0 0.001309917816
566,1785497116.305266380,map,7.1339335442,3.0928635597,-1.2580199242,-0.0165116780,0.0322313950,0.5662162419,0.8234607863,0.04274446968 0 0 0 0 0 0 0.04274446968 0 0 0 0 0 0 0.09409394111 0 0 0 0 0 0 0.0007484368966 0 0 0 0 0 0 0.0007484368966 0 0 0 0 0 0 0.001302071006
567,1785497116.805081129,map,7.1734294891,3.0913524628,-1.2526839972,-0.0230459813,0.0247094967,0.5212867744,0.8527123842,0.04319909839 0 0 0 0 0 0 0.04319909839 0 0 0 0 0 0 0.09476788398 0 0 0 0 0 0 0.0007589453333 0 0 0 0 0 0 0.0007589453333 0 0 0 0 0 0 0.001315919789
568,1785497117.005002499,map,7.2159028053,3.1121735573,-1.2775294781,-0.0320473108,0.0246981605,0.5080214726,0.8603936097,0.04271291883 0 0 0 0 0 0 0.04271291883 0 0 0 0 0 0 0.09404712686 0 0 0 0 0 0 0.0007477082777 0 0 0 0 0 0 0.0007477082777 0 0 0 0 0 0 0.001301109913
569,1785497117.105337143,map,7.1328277588,3.1182792187,-1.2733938694,-0.0320331287,0.0274924353,0.4997121000,0.8651623276,0.04288909133 0 0 0 0 0 0 0.04288909133 0 0 0 0 0 0 0.09430845459 0 0 0 0 0 0 0.0007517778103 0 0 0 0 0 0 0.0007517778103 0 0 0 0 0 0 0.001306476434
570,1785497117.205237627,map,7.1282100677,3.1107177734,-1.2660889626,-0.0345655575,0.0265020800,0.4880539486,0.8717259905,0.04266065625 0 0 0 0 0 0 0.04266065625 0 0 0 0 0 0 0.09396956873 0 0 0 0 0 0 0.0007465015416 0 0 0 0 0 0 0.0007465015416 0 0 0 0 0 0 0.001299517903
571,1785497117.305128813,map,7.1596055031,3.1363608837,-1.2665041685,-0.0354598410,0.0260776232,0.4802246260,0.8760404532,0.04272240262 0 0 0 0 0 0 0.04272240262 0 0 0 0 0 0 0.09406119923 0 0 0 0 0 0 0.0007479272824 0 0 0 0 0 0 0.0007479272824 0 0 0 0 0 0 0.001301398805
572,1785497117.404879570,map,7.1680750847,3.1718864441,-1.2927771807,-0.0337054019,0.0260304704,0.4794821931,0.8765176401,0.04277668251 0 0 0 0 0 0 0.04277668251 0 0 0 0 0 0 0.09414173177 0 0 0 0 0 0 0.0007491808915 0 0 0 0 0 0 0.0007491808915 0 0 0 0 0 0 0.001303052265
573,1785497117.505143166,map,7.1724758148,3.1863377094,-1.2882072926,-0.0319703607,0.0266271547,0.4843230079,0.8738993722,0.0426842196 0 0 0 0 0 0 0.0426842196 0 0 0 0 0 0 0.09400453886 0 0 0 0 0 0 0.000747045587 0 0 0 0 0 0 0.000747045587 0 0 0 0 0 0 0.001300235684
574,1785497117.605418205,map,7.1599907875,3.2286918163,-1.2848830223,-0.0276464466,0.0286328477,0.4828128714,0.8748186043,0.04275285281 0 0 0 0 0 0 0.04275285281 0 0 0 0 0 0 0.09410637881 0 0 0 0 0 0 0.0007486305067 0 0 0 0 0 0 0.0007486305067 0 0 0 0 0 0 0.001302326371
575,1785497117.705271006,map,7.1898856163,3.2161741257,-1.2635751963,-0.0230350436,0.0314733795,0.4800165391,0.8763919981,0.0428913921 0 0 0 0 0 0 0.0428913921 0 0 0 0 0 0 0.09431186632 0 0 0 0 0 0 0.0007518309753 0 0 0 0 0 0 0.0007518309753 0 0 0 0 0 0 0.001306546519
576,1785497117.804958582,map,7.2174196243,3.2781774998,-1.2701712847,-0.0200152099,0.0378704378,0.4767498668,0.8779947598,0.04285551804 0 0 0 0 0 0 0.04285551804 0 0 0 0 0 0 0.09425866674 0 0 0 0 0 0 0.0007510020717 0 0 0 0 0 0 0.0007510020717 0 0 0 0 0 0 0.001305453733
577,1785497117.904964209,map,7.2735977173,3.3233339787,-1.2723215818,-0.0155112430,0.0358440602,0.4736732508,0.8798342150,0.04273897657 0 0 0 0 0 0 0.04273897657 0 0 0 0 0 0 0.094085791 0 0 0 0 0 0 0.0007483100355 0 0 0 0 0 0 0.0007483100355 0 0 0 0 0 0 0.001301903677
578,1785497118.005239964,map,7.3480443954,3.4431030750,-1.2902261019,-0.0146230709,0.0274159597,0.4685244128,0.8829039636,0.04285689276 0 0 0 0 0 0 0.04285689276 0 0 0 0 0 0 0.09426070551 0 0 0 0 0 0 0.0007510338337 0 0 0 0 0 0 0.0007510338337 0 0 0 0 0 0 0.001305495609
579,1785497118.105299234,map,7.4000163078,3.4008097649,-1.2573962212,-0.0108919477,0.0311337736,0.4645808784,0.8849161875,0.04285798428 0 0 0 0 0 0 0.04285798428 0 0 0 0 0 0 0.09426232428 0 0 0 0 0 0 0.0007510590527 0 0 0 0 0 0 0.0007510590527 0 0 0 0 0 0 0.001305528859
580,1785497118.204980612,map,7.4366660118,3.6373658180,-1.2749667168,-0.0128137157,0.0314894771,0.4607548437,0.8868760965,0.04273093778 0 0 0 0 0 0 0.04273093778 0 0 0 0 0 0 0.09407386355 0 0 0 0 0 0 0.0007481243874 0 0 0 0 0 0 0.0007481243874 0 0 0 0 0 0 0.001301658801
581,1785497118.304918528,map,7.4660954475,3.5928544998,-1.3018649817,-0.0217630737,0.0365420999,0.4521186496,0.8909431943,0.04295917916 0 0 0 0 0 0 0.04295917916 0 0 0 0 0 0 0.09441237163 0 0 0 0 0 0 0.0007533975594 0 0 0 0 0 0 0.0007533975594 0 0 0 0 0 0 0.001308611431
582,1785497118.405164719,map,7.5719399452,3.7004709244,-1.2957782745,-0.0226586870,0.0382307951,0.4450151220,0.8944196756,0.04268654191 0 0 0 0 0 0 0.04268654191 0 0 0 0 0 0 0.09400798521 0 0 0 0 0 0 0.0007470992085 0 0 0 0 0 0 0.0007470992085 0 0 0 0 0 0 0.001300306426
583,1785497118.905445814,map,7.6452755928,3.9127776623,-1.3070737123,-0.0121993789,0.0638679818,0.4814073687,0.8740818026,0.04285599892 0 0 0 0 0 0 0.04285599892 0 0 0 0 0 0 0.0942593799 0 0 0 0 0 0 0.0007510131819 0 0 0 0 0 0 0.0007510131819 0 0 0 0 0 0 0.001305468381
584,1785497119.005136967,map,7.6666693687,3.9268682003,-1.3074817657,-0.0122525372,0.0662787074,0.4834254598,0.8727868053,0.04273967797 0 0 0 0 0 0 0.04273967797 0 0 0 0 0 0 0.09408683166 0 0 0 0 0 0 0.0007483262337 0 0 0 0 0 0 0.0007483262337 0 0 0 0 0 0 0.001301925042
585,1785497119.104986191,map,7.7451019287,3.9413423538,-1.3077785969,-0.0177444134,0.0663648598,0.4856324039,0.8714597045,0.04280051993 0 0 0 0 0 0 0.04280051993 0 0 0 0 0 0 0.09417709298 0 0 0 0 0 0 0.0007497315036 0 0 0 0 0 0 0.0007497315036 0 0 0 0 0 0 0.001303778395
586,1785497119.204993725,map,7.7479290962,4.0878052711,-1.3279879093,-0.0183984208,0.0672054143,0.4879708397,0.8700743642,0.04283227345 0 0 0 0 0 0 0.04283227345 0 0 0 0 0 0 0.09422419221 0 0 0 0 0 0 0.0007504650427 0 0 0 0 0 0 0.0007504650427 0 0 0 0 0 0 0.001304745662
587,1785497119.305099964,map,7.7824187279,4.1049623489,-1.3279308081,-0.0249784237,0.0691348528,0.4926867497,0.8670964236,0.04251844225 0 0 0 0 0 0 0.04251844225 0 0 0 0 0 0 0.09375844334 0 0 0 0 0 0 0.0007432190359 0 0 0 0 0 0 0.0007432190359 0 0 0 0 0 0 0.001295185817
588,1785497119.405310392,map,7.7893710136,4.1753854752,-1.3571335077,-0.0147069563,0.0635658275,0.4976026171,0.8649478162,0.04352446939 0 0 0 0 0 0 0.04352446939 0 0 0 0 0 0 0.09524950714 0 0 0 0 0 0 0.0007664768441 0 0 0 0 0 0 0.0007664768441 0 0 0 0 0 0 0.001325831156
589,1785497119.505131721,map,7.9141364098,4.1617865562,-1.3029929399,-0.0083727275,0.0606020612,0.5047871573,0.8610732854,0.04271247725 0 0 0 0 0 0 0.04271247725 0 0 0 0 0 0 0.09404647162 0 0 0 0 0 0 0.0007476980807 0 0 0 0 0 0 0.0007476980807 0 0 0 0 0 0 0.001301096461
590,1785497119.604910612,map,7.9147129059,4.3485031128,-1.3612827063,-0.0104769310,0.0642369463,0.5088070544,0.8584166992,0.04291677476 0 0 0 0 0 0 0.04291677476 0 0 0 0 0 0 0.09434950325 0 0 0 0 0 0 0.0007524175317 0 0 0 0 0 0 0.0007524175317 0 0 0 0 0 0 0.001307319719
591,1785497119.704880476,map,7.9210705757,4.3032007217,-1.3513617516,-0.0092839514,0.0659462822,0.5114754969,0.8567133129,0.04265119733 0 0 0 0 0 0 0.04265119733 0 0 0 0 0 0 0.09395552995 0 0 0 0 0 0 0.0007462831616 0 0 0 0 0 0 0.0007462831616 0 0 0 0 0 0 0.001299229768
592,1785497119.805321932,map,7.9323425293,4.4572863579,-1.3731063604,-0.0053709690,0.0775125904,0.5123882890,0.8552316485,0.04301840825 0 0 0 0 0 0 0.04301840825 0 0 0 0 0 0 0.09450016725 0 0 0 0 0 0 0.0007547666875 0 0 0 0 0 0 0.0007547666875 0 0 0 0 0 0 0.001310415652
593,1785497119.905354261,map,7.9678144455,4.4739351273,-1.3494043350,-0.0020529458,0.0729678823,0.5118977629,0.8559393350,0.04270942714 0 0 0 0 0 0 0.04270942714 0 0 0 0 0 0 0.09404194564 0 0 0 0 0 0 0.0007476276476 0 0 0 0 0 0 0.0007476276476 0 0 0 0 0 0 0.00130100355
594,1785497120.005053043,map,7.9775419235,4.5109934807,-1.3695750237,-0.0028282665,0.0710447057,0.5138362791,0.8549367958,0.04242600357 0 0 0 0 0 0 0.04242600357 0 0 0 0 0 0 0.09362115065 0 0 0 0 0 0 0.0007410863584 0 0 0 0 0 0 0.0007410863584 0 0 0 0 0 0 0.001292369974
595,1785497120.105003834,map,8.0270347595,4.5043225288,-1.3615394831,-0.0079535386,0.0686401224,0.5149092428,0.8544552430,0.04248654604 0 0 0 0 0 0 0.04248654604 0 0 0 0 0 0 0.09371107566 0 0 0 0 0 0 0.000742483066 0 0 0 0 0 0 0.000742483066 0 0 0 0 0 0 0.001294214203
596,1785497120.204927683,map,8.0634403229,4.5698809624,-1.3797582388,-0.0092987720,0.0723379650,0.5100986447,0.8570181563,0.04269953079 0 0 0 0 0 0 0.04269953079 0 0 0 0 0 0 0.09402726036 0 0 0 0 0 0 0.0007473991271 0 0 0 0 0 0 0.0007473991271 0 0 0 0 0 0 0.00130070209
597,1785497120.604882002,map,8.1287441254,4.8033547401,-1.4021761417,-0.0053535466,0.0748774695,0.5148187427,0.8540060655,0.04265622412 0 0 0 0 0 0 0.04265622412 0 0 0 0 0 0 0.09396299069 0 0 0 0 0 0 0.0007463992151 0 0 0 0 0 0 0.0007463992151 0 0 0 0 0 0 0.001299382893
598,1785497120.805334330,map,8.1556472778,4.8344283104,-1.3973873854,-0.0070327234,0.0720385882,0.5289693018,0.8455486156,0.04270973245 0 0 0 0 0 0 0.04270973245 0 0 0 0 0 0 0.09404239869 0 0 0 0 0 0 0.0007476346978 0 0 0 0 0 0 0.0007476346978 0 0 0 0 0 0 0.00130101285
599,1785497120.905051231,map,8.1179361343,4.8977541924,-1.4199041128,-0.0055270652,0.0749508469,0.5443429230,0.8354894471,0.04261021775 0 0 0 0 0 0 0.04261021775 0 0 0 0 0 0 0.09389470286 0 0 0 0 0 0 0.0007453371474 0 0 0 0 0 0 0.0007453371474 0 0 0 0 0 0 0.001297981459
600,1785497121.005091429,map,8.1292810440,4.8832879066,-1.4002366066,0.0017884596,0.0727166673,0.5542995526,0.8291327310,0.04259517516 0 0 0 0 0 0 0.04259517516 0 0 0 0 0 0 0.09387237234 0 0 0 0 0 0 0.0007449899253 0 0 0 0 0 0 0.0007449899253 0 0 0 0 0 0 0.001297523235
601,1785497121.104875565,map,8.0722532272,5.0001568794,-1.4094719887,0.0041886552,0.0696004209,0.5643427407,0.8225907206,0.04284625702 0 0 0 0 0 0 0.04284625702 0 0 0 0 0 0 0.09424493188 0 0 0 0 0 0 0.0007507881049 0 0 0 0 0 0 0.0007507881049 0 0 0 0 0 0 0.001305171626
602,1785497121.205306053,map,8.1197910309,5.0205597878,-1.4051337242,0.0075020075,0.0677274130,0.5781393020,0.8130877368,0.04276597075 0 0 0 0 0 0 0.04276597075 0 0 0 0 0 0 0.09412584055 0 0 0 0 0 0 0.0007489334804 0 0 0 0 0 0 0.0007489334804 0 0 0 0 0 0 0.001302725966
603,1785497121.305306196,map,8.1924810410,5.0724878311,-1.3975582123,0.0093874778,0.0645754366,0.5876078855,0.8065102913,0.0427021838 0 0 0 0 0 0 0.0427021838 0 0 0 0 0 0 0.09403119725 0 0 0 0 0 0 0.0007474603881 0 0 0 0 0 0 0.0007474603881 0 0 0 0 0 0 0.001300782905
604,1785497121.405102015,map,8.1863145828,5.0711030960,-1.4104502201,0.0085663040,0.0604600960,0.5940027422,0.8021420848,0.0425900349 0 0 0 0 0 0 0.0425900349 0 0 0 0 0 0 0.09386474139 0 0 0 0 0 0 0.0007448712792 0 0 0 0 0 0 0.0007448712792 0 0 0 0 0 0 0.001297366654
605,1785497121.504894733,map,8.2240428925,5.0808744431,-1.4090520144,0.0086671610,0.0567540683,0.5997951760,0.7980912221,0.04291433897 0 0 0 0 0 0 0.04291433897 0 0 0 0 0 0 0.09434589167 0 0 0 0 0 0 0.0007523612419 0 0 0 0 0 0 0.0007523612419 0 0 0 0 0 0 0.001307245521
606,1785497121.604983091,map,8.2400960922,5.0993242264,-1.4166761637,0.0101953860,0.0608936002,0.6072728930,0.7920906909,0.04249522483 0 0 0 0 0 0 0.04249522483 0 0 0 0 0 0 0.09372396473 0 0 0 0 0 0 0.0007426833107 0 0 0 0 0 0 0.0007426833107 0 0 0 0 0 0 0.001294478574
607,1785497121.705413580,map,8.1854286194,5.1204481125,-1.4139086008,0.0143787627,0.0623089570,0.6103881519,0.7895170498,0.04273412092 0 0 0 0 0 0 0.04273412092 0 0 0 0 0 0 0.09407858653 0 0 0 0 0 0 0.0007481978982 0 0 0 0 0 0 0.0007481978982 0 0 0 0 0 0 0.001301755765
608,1785497121.805203199,map,8.1968336105,5.1848235130,-1.4306166172,0.0196570189,0.0606089564,0.6155351893,0.7855294916,0.04271661493 0 0 0 0 0 0 0.04271661493 0 0 0 0 0 0 0.09405261132 0 0 0 0 0 0 0.000747793629 0 0 0 0 0 0 0.000747793629 0 0 0 0 0 0 0.001301222502
609,1785497121.904988527,map,8.2288970947,5.1910376549,-1.4203282595,0.0210028975,0.0581181940,0.6178280735,0.7838811365,0.04296782008 0 0 0 0 0 0 0.04296782008 0 0 0 0 0 0 0.09442518135 0 0 0 0 0 0 0.0007535972826 0 0 0 0 0 0 0.0007535972826 0 0 0 0 0 0 0.001308874649
610,1785497122.004909277,map,8.2560453415,5.2180829048,-1.4104053974,0.0200827457,0.0545977266,0.6222348652,0.7806660974,0.04272729637 0 0 0 0 0 0 0.04272729637 0 0 0 0 0 0 0.09406846054 0 0 0 0 0 0 0.0007480402945 0 0 0 0 0 0 0.0007480402945 0 0 0 0 0 0 0.001301547878
611,1785497122.105171204,map,8.2586994171,5.2526407242,-1.4317665100,0.0162178873,0.0619431446,0.6343766135,0.7703676737,0.04292334489 0 0 0 0 0 0 0.04292334489 0 0 0 0 0 0 0.09435924473 0 0 0 0 0 0 0.0007525693671 0 0 0 0 0 0 0.0007525693671 0 0 0 0 0 0 0.001307519857
612,1785497122.205300808,map,8.2987251282,5.2343583107,-1.4161987305,0.0152658510,0.0622052482,0.6419234048,0.7640888754,0.0427196801 0 0 0 0 0 0 0.0427196801 0 0 0 0 0 0 0.09405715952 0 0 0 0 0 0 0.0007478644118 0 0 0 0 0 0 0.0007478644118 0 0 0 0 0 0 0.001301315873
613,1785497122.305103064,map,8.2785615921,5.3819408417,-1.4353677034,0.0131326784,0.0657210828,0.6524861823,0.7548311421,0.04285393631 0 0 0 0 0 0 0.04285393631 0 0 0 0 0 0 0.09425632093 0 0 0 0 0 0 0.0007509655267 0 0 0 0 0 0 0.0007509655267 0 0 0 0 0 0 0.001305405551
614,1785497122.404979706,map,8.3055067062,5.3939270973,-1.4341273308,0.0056707279,0.0641094486,0.6552203555,0.7526912386,0.04280385953 0 0 0 0 0 0 0.04280385953 0 0 0 0 0 0 0.09418204679 0 0 0 0 0 0 0.0007498086476 0 0 0 0 0 0 0.0007498086476 0 0 0 0 0 0 0.001303880125
615,1785497122.505038738,map,8.3047809601,5.4117445946,-1.4331784248,0.0024002283,0.0656478571,0.6564272758,0.7515236830,0.04272096214 0 0 0 0 0 0 0.04272096214 0 0 0 0 0 0 0.09405906183 0 0 0 0 0 0 0.0007478940175 0 0 0 0 0 0 0.0007478940175 0 0 0 0 0 0 0.001301354926
616,1785497122.604972363,map,8.2933607101,5.4824233055,-1.4323166609,-0.0003978839,0.0619921455,0.6623042762,0.7466658401,0.04284709359 0 0 0 0 0 0 0.04284709359 0 0 0 0 0 0 0.09424617262 0 0 0 0 0 0 0.0007508074329 0 0 0 0 0 0 0.0007508074329 0 0 0 0 0 0 0.00130519711
617,1785497122.705132484,map,8.3001241684,5.5529561043,-1.4245817661,0.0000925260,0.0615185909,0.6735082058,0.7366153374,0.04281660454 0 0 0 0 0 0 0.04281660454 0 0 0 0 0 0 0.09420095161 0 0 0 0 0 0 0.0007501030639 0 0 0 0 0 0 0.0007501030639 0 0 0 0 0 0 0.00130426836
618,1785497123.205140114,map,8.3273019791,5.5578269958,-1.4309917688,0.0006654962,0.0586125785,0.6978333861,0.7138575864,0.04325734991 0 0 0 0 0 0 0.04325734991 0 0 0 0 0 0 0.09485415262 0 0 0 0 0 0 0.0007602930507 0 0 0 0 0 0 0.0007602930507 0 0 0 0 0 0 0.001317694232
619,1785497123.404837370,map,8.2631196976,5.6380305290,-1.4489722252,0.0047250245,0.0546353747,0.7121072842,0.6999255970,0.04304031076 0 0 0 0 0 0 0.04304031076 0 0 0 0 0 0 0.09453262849 0 0 0 0 0 0 0.0007552730577 0 0 0 0 0 0 0.0007552730577 0 0 0 0 0 0 0.001311082841
620,1785497123.505271673,map,8.2528934479,5.6874318123,-1.4311262369,0.0095667272,0.0526103644,0.7201851350,0.6917181726,0.04275561001 0 0 0 0 0 0 0.04275561001 0 0 0 0 0 0 0.09411046946 0 0 0 0 0 0 0.0007486941861 0 0 0 0 0 0 0.0007486941861 0 0 0 0 0 0 0.00130241036
621,1785497123.605357885,map,8.2672300339,5.7201876640,-1.4406193495,0.0125951786,0.0515750449,0.7256121454,0.6860527640,0.04297145694 0 0 0 0 0 0 0.04297145694 0 0 0 0 0 0 0.09443057267 0 0 0 0 0 0 0.0007536813455 0 0 0 0 0 0 0.0007536813455 0 0 0 0 0 0 0.001308985434
622,1785497123.705027342,map,8.3101377487,5.7155799866,-1.4269531965,0.0121936425,0.0543550152,0.7319892476,0.6790350243,0.04291213249 0 0 0 0 0 0 0.04291213249 0 0 0 0 0 0 0.09434262005 0 0 0 0 0 0 0.0007523102514 0 0 0 0 0 0 0.0007523102514 0 0 0 0 0 0 0.001307178308
623,1785497123.804818392,map,8.2467603683,5.9264712334,-1.4405839443,0.0044563693,0.0553952112,0.7367926959,0.6738308589,0.04286091278 0 0 0 0 0 0 0.04286091278 0 0 0 0 0 0 0.09426666734 0 0 0 0 0 0 0.000751126715 0 0 0 0 0 0 0.000751126715 0 0 0 0 0 0 0.001305618066
624,1785497123.905067444,map,8.2901191711,5.9487853050,-1.4114667177,0.0123822935,0.0511007777,0.7364861812,0.6744060484,0.04260778484 0 0 0 0 0 0 0.04260778484 0 0 0 0 0 0 0.09389109131 0 0 0 0 0 0 0.000745280988 0 0 0 0 0 0 0.000745280988 0 0 0 0 0 0 0.001297907348
625,1785497124.005300283,map,8.2499942780,6.1199760437,-1.4597308636,0.0089654818,0.0512827358,0.7392756490,0.6713875524,0.04289484118 0 0 0 0 0 0 0.04289484118 0 0 0 0 0 0 0.09431698075 0 0 0 0 0 0 0.0007519106751 0 0 0 0 0 0 0.0007519106751 0 0 0 0 0 0 0.001306651584
626,1785497124.105112791,map,8.1474790573,6.3769946098,-1.5010875463,-0.0024056326,0.0513823644,0.7407767583,0.6697789476,0.04302390212 0 0 0 0 0 0 0.04302390212 0 0 0 0 0 0 0.09450830985 0 0 0 0 0 0 0.000754893698 0 0 0 0 0 0 0.000754893698 0 0 0 0 0 0 0.001310583005
627,1785497124.205027819,map,8.2330551147,6.3126249313,-1.4467846155,0.0020392509,0.0511984569,0.7410528739,0.6694887502,0.04274148683 0 0 0 0 0 0 0.04274148683 0 0 0 0 0 0 0.09408951548 0 0 0 0 0 0 0.0007483680086 0 0 0 0 0 0 0.0007483680086 0 0 0 0 0 0 0.001301980144
628,1785497124.304841280,map,8.2473993301,6.4461102486,-1.4491877556,0.0016985317,0.0556870922,0.7402316551,0.6700396837,0.04300114968 0 0 0 0 0 0 0.04300114968 0 0 0 0 0 0 0.0944745868 0 0 0 0 0 0 0.0007543677108 0 0 0 0 0 0 0.0007543677108 0 0 0 0 0 0 0.001309889926
629,1785497124.405098915,map,8.3000860214,6.5387134552,-1.4226987362,0.0028338478,0.0540876760,0.7393550482,0.6711338219,0.04266703311 0 0 0 0 0 0 0.04266703311 0 0 0 0 0 0 0.09397903288 0 0 0 0 0 0 0.00074664877 0 0 0 0 0 0 0.00074664877 0 0 0 0 0 0 0.001299712154
630,1785497124.505225420,map,8.2413034439,6.6144881248,-1.4669919014,0.0158064575,0.0536880022,0.7419592255,0.6681049721,0.0430494638 0 0 0 0 0 0 0.0430494638 0 0 0 0 0 0 0.09454619321 0 0 0 0 0 0 0.0007554846813 0 0 0 0 0 0 0.0007554846813 0 0 0 0 0 0 0.001311361659
631,1785497124.605076075,map,8.2421941757,6.6786689758,-1.4473947287,0.0229780721,0.0418260174,0.7443197447,0.6661161476,0.04267739016 0 0 0 0 0 0 0.04267739016 0 0 0 0 0 0 0.09399440369 0 0 0 0 0 0 0.0007468878998 0 0 0 0 0 0 0.0007468878998 0 0 0 0 0 0 0.001300027647
632,1785497124.704967022,map,8.1735267639,6.7980246544,-1.4843940735,0.0205795342,0.0488881313,0.7480954571,0.6614677772,0.04280424733 0 0 0 0 0 0 0.04280424733 0 0 0 0 0 0 0.09418262204 0 0 0 0 0 0 0.0007498176059 0 0 0 0 0 0 0.0007498176059 0 0 0 0 0 0 0.001303891938
633,1785497124.804840088,map,8.1778268814,6.8550777435,-1.4581255913,0.0228141688,0.0493271497,0.7481375400,0.6613142703,0.04268990118 0 0 0 0 0 0 0.04268990118 0 0 0 0 0 0 0.09401297037 0 0 0 0 0 0 0.0007471767741 0 0 0 0 0 0 0.0007471767741 0 0 0 0 0 0 0.001300408755
634,1785497124.905050516,map,8.2248115540,6.8864812851,-1.4514819384,0.0243906363,0.0464606979,0.7478141174,0.6618311883,0.04270054371 0 0 0 0 0 0 0.04270054371 0 0 0 0 0 0 0.09402876347 0 0 0 0 0 0 0.0007474225164 0 0 0 0 0 0 0.0007474225164 0 0 0 0 0 0 0.001300732945
635,1785497125.304916859,map,8.2175121307,6.8836655617,-1.4520010948,0.0250652411,0.0462729758,0.7477836386,0.6618535805,0.04270657594 0 0 0 0 0 0 0.04270657594 0 0 0 0 0 0 0.09403771478 0 0 0 0 0 0 0.0007475618086 0 0 0 0 0 0 0.0007475618086 0 0 0 0 0 0 0.001300916697
636,1785497125.405297041,map,8.2111721039,6.8832783699,-1.4530845881,0.0252720546,0.0462143081,0.7477303073,0.6619100735,0.04256443686 0 0 0 0 0 0 0.04256443686 0 0 0 0 0 0 0.09382673774 0 0 0 0 0 0 0.0007442804665 0 0 0 0 0 0 0.0007442804665 0 0 0 0 0 0 0.001296586893
637,1785497125.505092144,map,8.2088432312,6.8881139755,-1.4524513483,0.0252720191,0.0460792941,0.7477539448,0.6618927964,0.0428853222 0 0 0 0 0 0 0.0428853222 0 0 0 0 0 0 0.09430286545 0 0 0 0 0 0 0.0007516907168 0 0 0 0 0 0 0.0007516907168 0 0 0 0 0 0 0.00130636162
638,1785497125.605016708,map,8.2039403915,6.8927717209,-1.4509150982,0.0253558626,0.0459311745,0.7476932063,0.6619685074,0.04272672175 0 0 0 0 0 0 0.04272672175 0 0 0 0 0 0 0.09406760793 0 0 0 0 0 0 0.0007480270246 0 0 0 0 0 0 0.0007480270246 0 0 0 0 0 0 0.001301530374
639,1785497125.704843521,map,8.1998920441,6.8939528465,-1.4537888765,0.0253392975,0.0459135797,0.7476931338,0.6619704250,0.04281276295 0 0 0 0 0 0 0.04281276295 0 0 0 0 0 0 0.09419525343 0 0 0 0 0 0 0.0007500143197 0 0 0 0 0 0 0.0007500143197 0 0 0 0 0 0 0.001304151338
640,1785497125.805095196,map,8.2015476227,6.8920660019,-1.4524536133,0.0251678727,0.0459732329,0.7476597878,0.6620104724,0.04280863424 0 0 0 0 0 0 0.04280863424 0 0 0 0 0 0 0.09418912928 0 0 0 0 0 0 0.0007499189442 0 0 0 0 0 0 0.0007499189442 0 0 0 0 0 0 0.001304025571
641,1785497125.905245781,map,8.1978092194,6.8888430595,-1.4528287649,0.0253461879,0.0460959918,0.7477164359,0.6619311616,0.04266069244 0 0 0 0 0 0 0.04266069244 0 0 0 0 0 0 0.09396962244 0 0 0 0 0 0 0.0007465023773 0 0 0 0 0 0 0.0007465023773 0 0 0 0 0 0 0.001299519006
642,1785497126.005023241,map,8.2006416321,6.8896312714,-1.4529153109,0.0256371430,0.0461026978,0.7476555496,0.6619882557,0.04279227419 0 0 0 0 0 0 0.04279227419 0 0 0 0 0 0 0.09416486134 0 0 0 0 0 0 0.0007495410326 0 0 0 0 0 0 0.0007495410326 0 0 0 0 0 0 0.001303527215
643,1785497126.104857922,map,8.1977090836,6.8900980949,-1.4531191587,0.0255783286,0.0462315420,0.7476952947,0.6619366446,0.04257879222 0 0 0 0 0 0 0.04257879222 0 0 0 0 0 0 0.09384805062 0 0 0 0 0 0 0.0007446117868 0 0 0 0 0 0 0.0007446117868 0 0 0 0 0 0 0.001297024182
644,1785497126.204904079,map,8.1988897324,6.8775639534,-1.4511188269,0.0255980325,0.0462705859,0.7477295546,0.6618944582,0.0425848359 0 0 0 0 0 0 0.0425848359 0 0 0 0 0 0 0.09385702309 0 0 0 0 0 0 0.0007447512796 0 0 0 0 0 0 0.0007447512796 0 0 0 0 0 0 0.001297208283
645,1785497126.405070305,map,8.1992549896,6.8775534630,-1.4502158165,0.0251716676,0.0462594838,0.7476964637,0.6619489625,0.04269016348 0 0 0 0 0 0 0.04269016348 0 0 0 0 0 0 0.09401335962 0 0 0 0 0 0 0.0007471828307 0 0 0 0 0 0 0.0007471828307 0 0 0 0 0 0 0.001300416745
646,1785497126.504966497,map,8.1993494034,6.8767199516,-1.4482958317,0.0248279317,0.0462537667,0.7476940034,0.6619651111,0.04291036177 0 0 0 0 0 0 0.04291036177 0 0 0 0 0 0 0.09433999454 0 0 0 0 0 0 0.0007522693318 0 0 0 0 0 0 0.0007522693318 0 0 0 0 0 0 0.001307124369
647,1785497126.604859114,map,8.2040700912,6.8753256798,-1.4476054907,0.0251724331,0.0462880765,0.7477084168,0.6619334578,0.04253087849 0 0 0 0 0 0 0.04253087849 0 0 0 0 0 0 0.09377691029 0 0 0 0 0 0 0.0007435060123 0 0 0 0 0 0 0.0007435060123 0 0 0 0 0 0 0.001295564647
648,1785497126.705024958,map,8.2096433640,6.8699173927,-1.4498881102,0.0249742212,0.0463408487,0.7476928522,0.6619548702,0.04277949281 0 0 0 0 0 0 0.04277949281 0 0 0 0 0 0 0.09414590083 0 0 0 0 0 0 0.0007492458031 0 0 0 0 0 0 0.0007492458031 0 0 0 0 0 0 0.001303137872
649,1785497126.805159569,map,8.2139062881,6.8680095673,-1.4527022839,0.0246159938,0.0462683185,0.7476971088,0.6619685200,0.04259757996 0 0 0 0 0 0 0.04259757996 0 0 0 0 0 0 0.09387594232 0 0 0 0 0 0 0.0007450454331 0 0 0 0 0 0 0.0007450454331 0 0 0 0 0 0 0.00129759649
650,1785497126.904972553,map,8.2118654251,6.8697690964,-1.4513059855,0.0244246590,0.0462406301,0.7477040736,0.6619696878,0.04270052339 0 0 0 0 0 0 0.04270052339 0 0 0 0 0 0 0.09402873332 0 0 0 0 0 0 0.0007474220473 0 0 0 0 0 0 0.0007474220473 0 0 0 0 0 0 0.001300732326
651,1785497127.004845381,map,8.2181301117,6.8638896942,-1.4501000643,0.0242355710,0.0461771022,0.7476505178,0.6620415411,0.04271101813 0 0 0 0 0 0 0.04271101813 0 0 0 0 0 0 0.09404430648 0 0 0 0 0 0 0.0007476643867 0 0 0 0 0 0 0.0007476643867 0 0 0 0 0 0 0.001301052014
652,1785497127.104817152,map,8.2117948532,6.8621034622,-1.4496018887,0.0244481330,0.0462785588,0.7476750563,0.6619989463,0.04253018298 0 0 0 0 0 0 0.04253018298 0 0 0 0 0 0 0.09377587753 0 0 0 0 0 0 0.0007434899625 0 0 0 0 0 0 0.0007434899625 0 0 0 0 0 0 0.00129554346
653,1785497127.205188274,map,8.2126512527,6.8629035950,-1.4508396387,0.0242894183,0.0462571580,0.7476747086,0.6620066881,0.04250724203 0 0 0 0 0 0 0.04250724203 0 0 0 0 0 0 0.09374181104 0 0 0 0 0 0 0.0007429605931 0 0 0 0 0 0 0.0007429605931 0 0 0 0 0 0 0.001294844639
654,1785497127.305056810,map,8.2183570862,6.8599948883,-1.4489413500,0.0243337058,0.0462219946,0.7477090416,0.6619686973,0.04275106906 0 0 0 0 0 0 0.04275106906 0 0 0 0 0 0 0.09410373237 0 0 0 0 0 0 0.0007485893102 0 0 0 0 0 0 0.0007485893102 0 0 0 0 0 0 0.001302272035
655,1785497127.404844046,map,8.2241716385,6.8608603477,-1.4487502575,0.0240727936,0.0462139787,0.7477384365,0.6619456435,0.04267746598 0 0 0 0 0 0 0.04267746598 0 0 0 0 0 0 0.0939945162 0 0 0 0 0 0 0.0007468896503 0 0 0 0 0 0 0.0007468896503 0 0 0 0 0 0 0.001300029957
656,1785497127.504966497,map,8.2269563675,6.8552923203,-1.4476901293,0.0238812250,0.0463631030,0.7477138492,0.6619699016,0.04265101637 0 0 0 0 0 0 0.04265101637 0 0 0 0 0 0 0.09395526136 0 0 0 0 0 0 0.0007462789838 0 0 0 0 0 0 0.0007462789838 0 0 0 0 0 0 0.001299224256
657,1785497127.605207443,map,8.2294588089,6.8552470207,-1.4493495226,0.0236421823,0.0464989272,0.7477023970,0.6619818742,0.04277828124 0 0 0 0 0 0 0.04277828124 0 0 0 0 0 0 0.09414410348 0 0 0 0 0 0 0.0007492178184 0 0 0 0 0 0 0.0007492178184 0 0 0 0 0 0 0.001303100965
658,1785497127.704970360,map,8.2316036224,6.8519239426,-1.4463423491,0.0234141189,0.0463652951,0.7477118267,0.6619887115,0.04266377389 0 0 0 0 0 0 0.04266377389 0 0 0 0 0 0 0.09397419577 0 0 0 0 0 0 0.0007465735209 0 0 0 0 0 0 0.0007465735209 0 0 0 0 0 0 0.001299612872
659,1785497127.804863691,map,8.2363147736,6.8502883911,-1.4485399723,0.0232656572,0.0462977638,0.7477259568,0.6619827183,0.04288586086 0 0 0 0 0 0 0.04288586086 0 0 0 0 0 0 0.09430366421 0 0 0 0 0 0 0.0007517031634 0 0 0 0 0 0 0.0007517031634 0 0 0 0 0 0 0.001306378028
660,1785497127.904888630,map,8.2313232422,6.8527965546,-1.4514693022,0.0238131710,0.0462703452,0.7477298930,0.6619607398,0.042696479 0 0 0 0 0 0 0.042696479 0 0 0 0 0 0 0.09402273168 0 0 0 0 0 0 0.0007473286588 0 0 0 0 0 0 0.0007473286588 0 0 0 0 0 0 0.001300609127
661,1785497128.005679369,map,8.2273941040,6.8604149818,-1.4525574446,0.0243748671,0.0461271251,0.7477460308,0.6619320255,0.04274974064 0 0 0 0 0 0 0.04274974064 0 0 0 0 0 0 0.09410176145 0 0 0 0 0 0 0.0007485586297 0 0 0 0 0 0 0.0007485586297 0 0 0 0 0 0 0.001302231569
662,1785497128.105112314,map,8.2221145630,6.8658781052,-1.4543420076,0.0248916466,0.0461966711,0.7477437298,0.6619105871,0.04261079177 0 0 0 0 0 0 0.04261079177 0 0 0 0 0 0 0.09389555495 0 0 0 0 0 0 0.0007453503976 0 0 0 0 0 0 0.0007453503976 0 0 0 0 0 0 0.001297998945
663,1785497128.204861403,map,8.2184638977,6.8680796623,-1.4515291452,0.0247549700,0.0459518573,0.7478191344,0.6618475312,0.04269902736 0 0 0 0 0 0 0.04269902736 0 0 0 0 0 0 0.09402651331 0 0 0 0 0 0 0.0007473875025 0 0 0 0 0 0 0.0007473875025 0 0 0 0 0 0 0.001300686754
664,1785497128.304871321,map,8.2268857956,6.8721904755,-1.4528931379,0.0248335378,0.0459790103,0.7481426834,0.6614769515,0.04256695574 0 0 0 0 0 0 0.04256695574 0 0 0 0 0 0 0.09383047752 0 0 0 0 0 0 0.0007443386007 0 0 0 0 0 0 0.0007443386007 0 0 0 0 0 0 0.001296663623
665,1785497128.604928017,map,8.2244529724,6.8736543655,-1.4502981901,0.0246541148,0.0460005471,0.7480851993,0.6615471816,0.04257209445 0 0 0 0 0 0 0.04257209445 0 0 0 0 0 0 0.09383810683 0 0 0 0 0 0 0.0007444572007 0 0 0 0 0 0 0.0007444572007 0 0 0 0 0 0 0.001296820157
666,1785497128.704797506,map,8.2077674866,6.8833150864,-1.4510875940,0.0252756725,0.0460236611,0.7480650600,0.6615448728,0.04276909682 0 0 0 0 0 0 0.04276909682 0 0 0 0 0 0 0.09413047824 0 0 0 0 0 0 0.0007490056826 0 0 0 0 0 0 0.0007490056826 0 0 0 0 0 0 0.001302821192
667,1785497128.804978609,map,8.2035160065,6.8858876228,-1.4524971247,0.0250874470,0.0459929752,0.7480636646,0.6615557480,0.04263023909 0 0 0 0 0 0 0.04263023909 0 0 0 0 0 0 0.09392442226 0 0 0 0 0 0 0.0007457993222 0 0 0 0 0 0 0.0007457993222 0 0 0 0 0 0 0.001298591344
668,1785497128.905198574,map,8.2034263611,6.8872885704,-1.4504371881,0.0252384222,0.0459458367,0.7479546513,0.6616765340,0.04295392376 0 0 0 0 0 0 0.04295392376 0 0 0 0 0 0 0.09440458058 0 0 0 0 0 0 0.0007532760912 0 0 0 0 0 0 0.0007532760912 0 0 0 0 0 0 0.001308451343
669,1785497129.004948854,map,8.2067718506,6.8818531036,-1.4515938759,0.0250935082,0.0459700997,0.7480708108,0.6615490498,0.04269354354 0 0 0 0 0 0 0.04269354354 0 0 0 0 0 0 0.09401837556 0 0 0 0 0 0 0.0007472608772 0 0 0 0 0 0 0.0007472608772 0 0 0 0 0 0 0.001300519707
670,1785497129.104867220,map,8.2107076645,6.8801102638,-1.4509956837,0.0250388855,0.0459772667,0.7479323964,0.6617071004,0.04264627903 0 0 0 0 0 0 0.04264627903 0 0 0 0 0 0 0.09394823009 0 0 0 0 0 0 0.000746169615 0 0 0 0 0 0 0.000746169615 0 0 0 0 0 0 0.001299079948
671,1785497129.204923630,map,8.2070274353,6.8814082146,-1.4503463507,0.0253848299,0.0461054540,0.7478934925,0.6617289888,0.04253566439 0 0 0 0 0 0 0.04253566439 0 0 0 0 0 0 0.09378401678 0 0 0 0 0 0 0.0007436164545 0 0 0 0 0 0 0.0007436164545 0 0 0 0 0 0 0.001295710433
672,1785497129.305043459,map,8.2090663910,6.8815455437,-1.4500954151,0.0254005082,0.0461052986,0.7479122635,0.6617071807,0.04267769615 0 0 0 0 0 0 0.04267769615 0 0 0 0 0 0 0.09399485779 0 0 0 0 0 0 0.0007468949647 0 0 0 0 0 0 0.0007468949647 0 0 0 0 0 0 0.001300036968
673,1785497129.404986620,map,8.2118320465,6.8793587685,-1.4531128407,0.0250121441,0.0460332854,0.7479369478,0.6616990892,0.04265705496 0 0 0 0 0 0 0.04265705496 0 0 0 0 0 0 0.09396422381 0 0 0 0 0 0 0.0007464183969 0 0 0 0 0 0 0.0007464183969 0 0 0 0 0 0 0.001299408202
674,1785497129.504880428,map,8.2121639252,6.8814477921,-1.4530961514,0.0249881265,0.0460115582,0.7479132447,0.6617282485,0.04259202129 0 0 0 0 0 0 0.04259202129 0 0 0 0 0 0 0.09386769029 0 0 0 0 0 0 0.0007449171283 0 0 0 0 0 0 0.0007449171283 0 0 0 0 0 0 0.001297427163
675,1785497129.604836702,map,8.2148847580,6.8814854622,-1.4512274265,0.0248531607,0.0458778345,0.7478838403,0.6617758637,0.04265381072 0 0 0 0 0 0 0.04265381072 0 0 0 0 0 0 0.09395940875 0 0 0 0 0 0 0.0007463434967 0 0 0 0 0 0 0.0007463434967 0 0 0 0 0 0 0.001299309376
676,1785497129.705193520,map,8.2116928101,6.8822298050,-1.4519573450,0.0247336452,0.0459646623,0.7478595034,0.6618018027,0.04288730165 0 0 0 0 0 0 0.04288730165 0 0 0 0 0 0 0.09430580073 0 0 0 0 0 0 0.0007517364559 0 0 0 0 0 0 0.0007517364559 0 0 0 0 0 0 0.001306421917
677,1785497129.805100203,map,8.2098064423,6.8820366859,-1.4521716833,0.0248690779,0.0460357138,0.7478489093,0.6618037855,0.04264203509 0 0 0 0 0 0 0.04264203509 0 0 0 0 0 0 0.09394193101 0 0 0 0 0 0 0.0007460716385 0 0 0 0 0 0 0.0007460716385 0 0 0 0 0 0 0.00129895067
678,1785497129.905093431,map,8.2097206116,6.8788418770,-1.4522880316,0.0248344103,0.0462436577,0.7478385998,0.6618022488,0.04263040811 0 0 0 0 0 0 0.04263040811 0 0 0 0 0 0 0.09392467313 0 0 0 0 0 0 0.0007458032238 0 0 0 0 0 0 0.0007458032238 0 0 0 0 0 0 0.001298596492
679,1785497130.004852295,map,8.2121143341,6.8827767372,-1.4538177252,0.0246537722,0.0460783455,0.7477965806,0.6618679909,0.04284205501 0 0 0 0 0 0 0.04284205501 0 0 0 0 0 0 0.09423869981 0 0 0 0 0 0 0.0007506910243 0 0 0 0 0 0 0.0007506910243 0 0 0 0 0 0 0.001305043626
680,1785497130.104897738,map,8.2238206863,6.8789319992,-1.4537471533,0.0247866235,0.0461473251,0.7479594919,0.6616741047,0.04264854422 0 0 0 0 0 0 0.04264854422 0 0 0 0 0 0 0.09395159216 0 0 0 0 0 0 0.0007462219103 0 0 0 0 0 0 0.0007462219103 0 0 0 0 0 0 0.00129914895
681,1785497130.304940462,map,8.2208681107,6.8788948059,-1.4502581358,0.0245501107,0.0461112256,0.7478797866,0.6617755653,0.04257183643 0 0 0 0 0 0 0.04257183643 0 0 0 0 0 0 0.09383772376 0 0 0 0 0 0 0.0007444512456 0 0 0 0 0 0 0.0007444512456 0 0 0 0 0 0 0.001296812297
682,1785497130.404874802,map,8.2271242142,6.8790397644,-1.4537701607,0.0245393235,0.0460757302,0.7478829809,0.6617748110,0.04258129859 0 0 0 0 0 0 0.04258129859 0 0 0 0 0 0 0.09385177162 0 0 0 0 0 0 0.0007446696355 0 0 0 0 0 0 0.0007446696355 0 0 0 0 0 0 0.001297100531
683,1785497130.504823685,map,8.2209911346,6.8807163239,-1.4550229311,0.0245410651,0.0460502853,0.7479715907,0.6616763511,0.04261755122 0 0 0 0 0 0 0.04261755122 0 0 0 0 0 0 0.09390558882 0 0 0 0 0 0 0.0007455064299 0 0 0 0 0 0 0.0007455064299 0 0 0 0 0 0 0.001298204849
684,1785497130.605005503,map,8.2172851562,6.8803095818,-1.4518513680,0.0247700188,0.0460438378,0.7479148523,0.6617323849,0.04266234532 0 0 0 0 0 0 0.04266234532 0 0 0 0 0 0 0.09397207557 0 0 0 0 0 0 0.0007465405384 0 0 0 0 0 0 0.0007465405384 0 0 0 0 0 0 0.001299569355
685,1785497130.705043077,map,8.2124872208,6.8832988739,-1.4526162148,0.0248595119,0.0460599628,0.7478554367,0.6617950802,0.04280044639 0 0 0 0 0 0 0.04280044639 0 0 0 0 0 0 0.0941769839 0 0 0 0 0 0 0.0007497298048 0 0 0 0 0 0 0.0007497298048 0 0 0 0 0 0 0.001303776155
686,1785497130.804834843,map,8.2015419006,6.8964357376,-1.4509691000,0.0250464465,0.0460569502,0.7478553058,0.6617883816,0.04272514598 0 0 0 0 0 0 0.04272514598 0 0 0 0 0 0 0.09406526982 0 0 0 0 0 0 0.0007479906348 0 0 0 0 0 0 0.0007479906348 0 0 0 0 0 0 0.001301482373
687,1785497130.904587269,map,8.1989707947,6.8990545273,-1.4508453608,0.0251098173,0.0460275308,0.7478760123,0.6617646192,0.04263963314 0 0 0 0 0 0 0.04263963314 0 0 0 0 0 0 0.09393836588 0 0 0 0 0 0 0.0007460161875 0 0 0 0 0 0 0.0007460161875 0 0 0 0 0 0 0.001298877503
688,1785497131.005048752,map,8.1971015930,6.8989338875,-1.4516409636,0.0252403385,0.0460015564,0.7479496459,0.6616782526,0.04274406132 0 0 0 0 0 0 0.04274406132 0 0 0 0 0 0 0.09409333523 0 0 0 0 0 0 0.0007484274657 0 0 0 0 0 0 0.0007484274657 0 0 0 0 0 0 0.001302058567
689,1785497131.105377913,map,8.2000350952,6.8978533745,-1.4489996433,0.0249474308,0.0460610975,0.7478740387,0.6617706693,0.04270707714 0 0 0 0 0 0 0.04270707714 0 0 0 0 0 0 0.09403845851 0 0 0 0 0 0 0.0007475733821 0 0 0 0 0 0 0.0007475733821 0 0 0 0 0 0 0.001300931965
690,1785497131.205054998,map,8.2031898499,6.8994150162,-1.4504569769,0.0249694311,0.0458978875,0.7478867888,0.6617667991,0.04257384975 0 0 0 0 0 0 0.04257384975 0 0 0 0 0 0 0.09384071285 0 0 0 0 0 0 0.0007444977132 0 0 0 0 0 0 0.0007444977132 0 0 0 0 0 0 0.001296873626
691,1785497131.304721355,map,8.1966400146,6.8970031738,-1.4495077133,0.0252299189,0.0460120848,0.7478171039,0.6618277083,0.04284436536 0 0 0 0 0 0 0.04284436536 0 0 0 0 0 0 0.09424212634 0 0 0 0 0 0 0.000750744401 0 0 0 0 0 0 0.000750744401 0 0 0 0 0 0 0.001305114003
692,1785497131.404811859,map,8.1918153763,6.8947067261,-1.4507743120,0.0251622055,0.0461023548,0.7478380878,0.6618003307,0.04286917266 0 0 0 0 0 0 0.04286917266 0 0 0 0 0 0 0.09427891676 0 0 0 0 0 0 0.0007513175613 0 0 0 0 0 0 0.0007513175613 0 0 0 0 0 0 0.001305869676
693,1785497131.505053282,map,8.1927280426,6.8973231316,-1.4497517347,0.0251951249,0.0459105857,0.7477990570,0.6618564933,0.04251108144 0 0 0 0 0 0 0.04251108144 0 0 0 0 0 0 0.09374751264 0 0 0 0 0 0 0.0007430491855 0 0 0 0 0 0 0.0007430491855 0 0 0 0 0 0 0.001294961594
694,1785497131.605141640,map,8.1883926392,6.8986306190,-1.4497879744,0.0255052018,0.0459868397,0.7478073720,0.6618299049,0.04272576853 0 0 0 0 0 0 0.04272576853 0 0 0 0 0 0 0.09406619355 0 0 0 0 0 0 0.0007480050115 0 0 0 0 0 0 0.0007480050115 0 0 0 0 0 0 0.001301501337
695,1785497131.704936981,map,8.1898927689,6.8993101120,-1.4490846395,0.0258801176,0.0459048003,0.7477843542,0.6618470288,0.04264975444 0 0 0 0 0 0 0.04264975444 0 0 0 0 0 0 0.09395338839 0 0 0 0 0 0 0.0007462498501 0 0 0 0 0 0 0.0007462498501 0 0 0 0 0 0 0.001299185815
696,1785497131.804787159,map,8.1908102036,6.9028086662,-1.4508951902,0.0260630248,0.0459559125,0.7478731348,0.6617360230,0.04268723587 0 0 0 0 0 0 0.04268723587 0 0 0 0 0 0 0.09400901505 0 0 0 0 0 0 0.000747115232 0 0 0 0 0 0 0.000747115232 0 0 0 0 0 0 0.001300327565
697,1785497131.904964924,map,8.1922492981,6.9016199112,-1.4510380030,0.0258422031,0.0458800312,0.7477691815,0.6618673929,0.04271566991 0 0 0 0 0 0 0.04271566991 0 0 0 0 0 0 0.09405120906 0 0 0 0 0 0 0.0007477718062 0 0 0 0 0 0 0.0007477718062 0 0 0 0 0 0 0.001301193715
698,1785497132.005144596,map,8.1884918213,6.9010262489,-1.4512493610,0.0258167113,0.0459736147,0.7477628111,0.6618690659,0.04275206033 0 0 0 0 0 0 0.04275206033 0 0 0 0 0 0 0.09410520305 0 0 0 0 0 0 0.0007486122039 0 0 0 0 0 0 0.0007486122039 0 0 0 0 0 0 0.001302302231
699,1785497132.104933023,map,8.1881532669,6.9035129547,-1.4524018764,0.0256582253,0.0458604458,0.7477169821,0.6619348831,0.04294347852 0 0 0 0 0 0 0.04294347852 0 0 0 0 0 0 0.09438909519 0 0 0 0 0 0 0.0007530346769 0 0 0 0 0 0 0.0007530346769 0 0 0 0 0 0 0.001308133162
700,1785497132.204778194,map,8.1923761368,6.9007940292,-1.4505842924,0.0257004081,0.0458432330,0.7477430432,0.6619049772,0.04247090924 0 0 0 0 0 0 0.04247090924 0 0 0 0 0 0 0.09368785199 0 0 0 0 0 0 0.0007421222962 0 0 0 0 0 0 0.0007421222962 0 0 0 0 0 0 0.001293737879
701,1785497132.304886580,map,8.1889600754,6.8998093605,-1.4507610798,0.0259972098,0.0459593695,0.7478427245,0.6617727352,0.04267813231 0 0 0 0 0 0 0.04267813231 0 0 0 0 0 0 0.09399550508 0 0 0 0 0 0 0.0007469050353 0 0 0 0 0 0 0.0007469050353 0 0 0 0 0 0 0.001300050255
702,1785497132.405159712,map,8.1895418167,6.8988595009,-1.4518789053,0.0260589990,0.0460583648,0.7478414796,0.6617648106,0.04278582055 0 0 0 0 0 0 0.04278582055 0 0 0 0 0 0 0.09415528782 0 0 0 0 0 0 0.000749391962 0 0 0 0 0 0 0.000749391962 0 0 0 0 0 0 0.001303330626
703,1785497132.604847670,map,8.1863584518,6.8986339569,-1.4494760036,0.0262637673,0.0461274605,0.7478869057,0.6617005867,0.04267529359 0 0 0 0 0 0 0.04267529359 0 0 0 0 0 0 0.09399129223 0 0 0 0 0 0 0.000746839492 0 0 0 0 0 0 0.000746839492 0 0 0 0 0 0 0.001299963782
704,1785497132.704838037,map,8.1855649948,6.8981666565,-1.4504407644,0.0263739204,0.0461625298,0.7478863753,0.6616943614,0.04290285842 0 0 0 0 0 0 0.04290285842 0 0 0 0 0 0 0.09432886882 0 0 0 0 0 0 0.0007520959385 0 0 0 0 0 0 0.0007520959385 0 0 0 0 0 0 0.001306895803
705,1785497132.805129290,map,8.1878528595,6.8980727196,-1.4514002800,0.0261459804,0.0461590282,0.7478607876,0.6617325425,0.04270794189 0 0 0 0 0 0 0.04270794189 0 0 0 0 0 0 0.09403974171 0 0 0 0 0 0 0.0007475933506 0 0 0 0 0 0 0.0007475933506 0 0 0 0 0 0 0.001300958306
706,1785497132.905182123,map,8.1876468658,6.8944368362,-1.4500144720,0.0260528243,0.0460793873,0.7478547162,0.6617486345,0.04281344563 0 0 0 0 0 0 0.04281344563 0 0 0 0 0 0 0.09419626604 0 0 0 0 0 0 0.00075003009 0 0 0 0 0 0 0.00075003009 0 0 0 0 0 0 0.001304172134
707,1785497133.005048752,map,8.1883745193,6.8951458931,-1.4494034052,0.0261637189,0.0460278691,0.7478134603,0.6617944877,0.04261040863 0 0 0 0 0 0 0.04261040863 0 0 0 0 0 0 0.09389498621 0 0 0 0 0 0 0.0007453415535 0 0 0 0 0 0 0.0007453415535 0 0 0 0 0 0 0.001297987273
708,1785497133.104782581,map,8.1861934662,6.8976440430,-1.4484111071,0.0263696809,0.0459762518,0.7478542618,0.6617437763,0.04275076286 0 0 0 0 0 0 0.04275076286 0 0 0 0 0 0 0.09410327807 0 0 0 0 0 0 0.0007485822382 0 0 0 0 0 0 0.0007485822382 0 0 0 0 0 0 0.001302262708
709,1785497133.204844236,map,8.1848316193,6.8993825912,-1.4505521059,0.0263786327,0.0459944677,0.7478330446,0.6617661377,0.04271526849 0 0 0 0 0 0 0.04271526849 0 0 0 0 0 0 0.0940506134 0 0 0 0 0 0 0.0007477625364 0 0 0 0 0 0 0.0007477625364 0 0 0 0 0 0 0.001301181487
710,1785497133.305165291,map,8.1821651459,6.9001030922,-1.4516110420,0.0264894169,0.0460003828,0.7479166503,0.6616667996,0.04262640628 0 0 0 0 0 0 0.04262640628 0 0 0 0 0 0 0.09391873306 0 0 0 0 0 0 0.0007457108424 0 0 0 0 0 0 0.0007457108424 0 0 0 0 0 0 0.001298474589
711,1785497133.404956818,map,8.1853303909,6.9019913673,-1.4501725435,0.0263850302,0.0459739684,0.7478000884,0.6618045482,0.04262070596 0 0 0 0 0 0 0.04262070596 0 0 0 0 0 0 0.09391027169 0 0 0 0 0 0 0.0007455792539 0 0 0 0 0 0 0.0007455792539 0 0 0 0 0 0 0.001298300948
712,1785497133.504821777,map,8.1888437271,6.9025912285,-1.4511650801,0.0260535676,0.0460092742,0.7476775272,0.6619536701,0.04266493047 0 0 0 0 0 0 0.04266493047 0 0 0 0 0 0 0.09397591228 0 0 0 0 0 0 0.0007466002239 0 0 0 0 0 0 0.0007466002239 0 0 0 0 0 0 0.001299648103
713,1785497133.604957342,map,8.1880226135,6.9017696381,-1.4506723881,0.0260392858,0.0459369478,0.7477599555,0.6618661532,0.04274786027 0 0 0 0 0 0 0.04274786027 0 0 0 0 0 0 0.09409897162 0 0 0 0 0 0 0.0007485152021 0 0 0 0 0 0 0.0007485152021 0 0 0 0 0 0 0.00130217429
714,1785497133.705013514,map,8.1945838928,6.9011139870,-1.4525562525,0.0255553252,0.0457971505,0.7477335960,0.6619244601,0.04266952368 0 0 0 0 0 0 0.04266952368 0 0 0 0 0 0 0.09398272916 0 0 0 0 0 0 0.0007467062727 0 0 0 0 0 0 0.0007467062727 0 0 0 0 0 0 0.001299788021
715,1785497133.804975033,map,8.1929607391,6.8985128403,-1.4511126280,0.0255656811,0.0458956854,0.7477243638,0.6619276906,0.04267497897 0 0 0 0 0 0 0.04267497897 0 0 0 0 0 0 0.09399082531 0 0 0 0 0 0 0.0007468322279 0 0 0 0 0 0 0.0007468322279 0 0 0 0 0 0 0.001299954198
716,1785497133.904870033,map,8.1982192993,6.8987975121,-1.4529215097,0.0252801297,0.0457824083,0.7477029607,0.6619706332,0.04269450287 0 0 0 0 0 0 0.04269450287 0 0 0 0 0 0 0.09401979917 0 0 0 0 0 0 0.0007472830286 0 0 0 0 0 0 0.0007472830286 0 0 0 0 0 0 0.00130054893
717,1785497134.004775763,map,8.1969356537,6.8958215714,-1.4511284828,0.0253481873,0.0458279412,0.7476532902,0.6620210290,0.04265865776 0 0 0 0 0 0 0.04265865776 0 0 0 0 0 0 0.09396660264 0 0 0 0 0 0 0.0007464554014 0 0 0 0 0 0 0.0007464554014 0 0 0 0 0 0 0.001299457026
718,1785497134.104973793,map,8.1975975037,6.8912992477,-1.4490104914,0.0251956276,0.0459788354,0.7476552282,0.6620141709,0.04280520056 0 0 0 0 0 0 0.04280520056 0 0 0 0 0 0 0.094184036 0 0 0 0 0 0 0.0007498396254 0 0 0 0 0 0 0.0007498396254 0 0 0 0 0 0 0.001303920975
719,1785497134.205173016,map,8.2001981735,6.8906617165,-1.4510372877,0.0249484359,0.0459739412,0.7476014599,0.6620846057,0.04288311946 0 0 0 0 0 0 0.04288311946 0 0 0 0 0 0 0.09429959901 0 0 0 0 0 0 0.0007516398182 0 0 0 0 0 0 0.0007516398182 0 0 0 0 0 0 0.00130629452
720,1785497134.305099726,map,8.2057971954,6.8867731094,-1.4517314434,0.0248413188,0.0459847254,0.7476058451,0.6620829346,0.04271032188 0 0 0 0 0 0 0.04271032188 0 0 0 0 0 0 0.09404327333 0 0 0 0 0 0 0.0007476483088 0 0 0 0 0 0 0.0007476483088 0 0 0 0 0 0 0.001301030805
721,1785497134.404787779,map,8.2269353867,6.8758468628,-1.4562444687,0.0245587016,0.0457514257,0.7476161551,0.6620980011,0.04282254964 0 0 0 0 0 0 0.04282254964 0 0 0 0 0 0 0.09420976971 0 0 0 0 0 0 0.0007502404033 0 0 0 0 0 0 0.0007502404033 0 0 0 0 0 0 0.001304449458
722,1785497134.605066299,map,8.2130146027,6.8730697632,-1.4513407946,0.0249535012,0.0459101000,0.7476154456,0.6620730373,0.04274477765 0 0 0 0 0 0 0.04274477765 0 0 0 0 0 0 0.09409439804 0 0 0 0 0 0 0.0007484440092 0 0 0 0 0 0 0.0007484440092 0 0 0 0 0 0 0.001302080388
723,1785497134.704917908,map,8.2090196609,6.8731117249,-1.4524346590,0.0249395906,0.0459393716,0.7476694738,0.6620105259,0.04274601326 0 0 0 0 0 0 0.04274601326 0 0 0 0 0 0 0.09409623129 0 0 0 0 0 0 0.0007484725455 0 0 0 0 0 0 0.0007484725455 0 0 0 0 0 0 0.001302118027
724,1785497134.804766655,map,8.2117490768,6.8742499352,-1.4508403540,0.0245248704,0.0460709098,0.7476459155,0.6620434838,0.04270958372 0 0 0 0 0 0 0.04270958372 0 0 0 0 0 0 0.09404217798 0 0 0 0 0 0 0.0007476312632 0 0 0 0 0 0 0.0007476312632 0 0 0 0 0 0 0.001301008319
725,1785497134.904854059,map,8.2092618942,6.8811759949,-1.4522024393,0.0247657351,0.0461377268,0.7475135097,0.6621793890,0.04268039453 0 0 0 0 0 0 0.04268039453 0 0 0 0 0 0 0.09399886233 0 0 0 0 0 0 0.0007469572682 0 0 0 0 0 0 0.0007469572682 0 0 0 0 0 0 0.001300119166
726,1785497135.005176306,map,8.2040433884,6.8811502457,-1.4522665739,0.0251493418,0.0461643651,0.7475540111,0.6621173208,0.04264036409 0 0 0 0 0 0 0.04264036409 0 0 0 0 0 0 0.09393945081 0 0 0 0 0 0 0.000746033062 0 0 0 0 0 0 0.000746033062 0 0 0 0 0 0 0.001298899769
727,1785497135.104974747,map,8.2035751343,6.8815097809,-1.4527029991,0.0250773718,0.0460782486,0.7476040217,0.6620696205,0.04275627182 0 0 0 0 0 0 0.04275627182 0 0 0 0 0 0 0.09411145133 0 0 0 0 0 0 0.0007487094711 0 0 0 0 0 0 0.0007487094711 0 0 0 0 0 0 0.00130243052
728,1785497135.204874039,map,8.2031879425,6.8827152252,-1.4524176121,0.0249835683,0.0460567053,0.7476889595,0.6619787045,0.04244002186 0 0 0 0 0 0 0.04244002186 0 0 0 0 0 0 0.09364197418 0 0 0 0 0 0 0.0007414097303 0 0 0 0 0 0 0.0007414097303 0 0 0 0 0 0 0.001292796996
729,1785497135.304581881,map,8.2003812790,6.8848786354,-1.4538581371,0.0249156820,0.0460362416,0.7477425875,0.6619221203,0.04256133851 0 0 0 0 0 0 0.04256133851 0 0 0 0 0 0 0.09382213758 0 0 0 0 0 0 0.0007442089592 0 0 0 0 0 0 0.0007442089592 0 0 0 0 0 0 0.001296492512
730,1785497135.404983759,map,8.2017278671,6.8877902031,-1.4522815943,0.0249215087,0.0459542700,0.7477206092,0.6619524179,0.04269502957 0 0 0 0 0 0 0.04269502957 0 0 0 0 0 0 0.09402058078 0 0 0 0 0 0 0.0007472951905 0 0 0 0 0 0 0.0007472951905 0 0 0 0 0 0 0.001300564975
731,1785497135.505116701,map,8.2045707703,6.8908042908,-1.4525301456,0.0247977335,0.0459112822,0.7476724874,0.6620143946,0.04288135058 0 0 0 0 0 0 0.04288135058 0 0 0 0 0 0 0.09429697593 0 0 0 0 0 0 0.0007515989454 0 0 0 0 0 0 0.0007515989454 0 0 0 0 0 0 0.001306240637
732,1785497135.604908705,map,8.2029399872,6.8893551826,-1.4495922327,0.0250840291,0.0459226577,0.7477040479,0.6619671596,0.04254391512 0 0 0 0 0 0 0.04254391512 0 0 0 0 0 0 0.09379626784 0 0 0 0 0 0 0.0007438068578 0 0 0 0 0 0 0.0007438068578 0 0 0 0 0 0 0.001295961765
733,1785497135.704770803,map,8.2048645020,6.8900117874,-1.4517663717,0.0248761701,0.0459392448,0.7477175662,0.6619586393,0.04277891103 0 0 0 0 0 0 0.04277891103 0 0 0 0 0 0 0.09414503777 0 0 0 0 0 0 0.0007492323653 0 0 0 0 0 0 0.0007492323653 0 0 0 0 0 0 0.00130312015
734,1785497135.804956198,map,8.2012519836,6.8904762268,-1.4515389204,0.0251254813,0.0461066798,0.7477302065,0.6619232558,0.04272795683 0 0 0 0 0 0 0.04272795683 0 0 0 0 0 0 0.09406944052 0 0 0 0 0 0 0.0007480555467 0 0 0 0 0 0 0.0007480555467 0 0 0 0 0 0 0.001301567996
735,1785497135.904996872,map,8.1990404129,6.8912496567,-1.4508684874,0.0255130264,0.0461435564,0.7477262253,0.6619103788,0.04274462268 0 0 0 0 0 0 0.04274462268 0 0 0 0 0 0 0.09409416811 0 0 0 0 0 0 0.0007484404302 0 0 0 0 0 0 0.0007484404302 0 0 0 0 0 0 0.001302075667
736,1785497136.004837275,map,8.1955299377,6.8931388855,-1.4507958889,0.0255346127,0.0460460252,0.7477989647,0.6618341574,0.04267268752 0 0 0 0 0 0 0.04267268752 0 0 0 0 0 0 0.09398742461 0 0 0 0 0 0 0.0007467793212 0 0 0 0 0 0 0.0007467793212 0 0 0 0 0 0 0.001299884397
737,1785497136.104739666,map,8.1995496750,6.8903903961,-1.4485991001,0.0254227524,0.0461876606,0.7477980143,0.6618296981,0.04261388701 0 0 0 0 0 0 0.04261388701 0 0 0 0 0 0 0.09390014962 0 0 0 0 0 0 0.0007454218462 0 0 0 0 0 0 0.0007454218462 0 0 0 0 0 0 0.001298093231
738,1785497136.204949617,map,8.2290048599,6.8776254654,-1.4507285357,0.0247308052,0.0462785661,0.7478753123,0.6617621901,0.04269210393 0 0 0 0 0 0 0.04269210393 0 0 0 0 0 0 0.09401623921 0 0 0 0 0 0 0.000747227636 0 0 0 0 0 0 0.000747227636 0 0 0 0 0 0 0.001300475854
739,1785497136.504748821,map,8.2124433517,6.8726143837,-1.4516882896,0.0255394339,0.0461194645,0.7482499460,0.6613189585,0.04275286238 0 0 0 0 0 0 0.04275286238 0 0 0 0 0 0 0.094106393 0 0 0 0 0 0 0.0007486307277 0 0 0 0 0 0 0.0007486307277 0 0 0 0 0 0 0.001302326663
740,1785497136.604840994,map,8.2092132568,6.8782978058,-1.4515048265,0.0256785083,0.0461203939,0.7480861770,0.6614987503,0.04273266871 0 0 0 0 0 0 0.04273266871 0 0 0 0 0 0 0.09407643183 0 0 0 0 0 0 0.0007481643612 0 0 0 0 0 0 0.0007481643612 0 0 0 0 0 0 0.001301711528
741,1785497136.705225945,map,8.2074356079,6.8861694336,-1.4522180557,0.0257188318,0.0459987532,0.7479179903,0.6616958182,0.04280822413 0 0 0 0 0 0 0.04280822413 0 0 0 0 0 0 0.09418852095 0 0 0 0 0 0 0.0007499094705 0 0 0 0 0 0 0.0007499094705 0 0 0 0 0 0 0.001304013078
742,1785497136.804970026,map,8.2033987045,6.8912153244,-1.4518107176,0.0258280799,0.0460908627,0.7477933460,0.6618259985,0.04267017987 0 0 0 0 0 0 0.04267017987 0 0 0 0 0 0 0.09398370301 0 0 0 0 0 0 0.0007467214231 0 0 0 0 0 0 0.0007467214231 0 0 0 0 0 0 0.001299808009
743,1785497136.904870510,map,8.2018804550,6.8879270554,-1.4512795210,0.0257414623,0.0461133307,0.7477296933,0.6618997360,0.04264378914 0 0 0 0 0 0 0.04264378914 0 0 0 0 0 0 0.09394453448 0 0 0 0 0 0 0.0007461121327 0 0 0 0 0 0 0.0007461121327 0 0 0 0 0 0 0.001299004102
744,1785497137.004766464,map,8.2010784149,6.8919124603,-1.4506523609,0.0260666322,0.0460640328,0.7476711230,0.6619565697,0.04254653458 0 0 0 0 0 0 0.04254653458 0 0 0 0 0 0 0.09380015725 0 0 0 0 0 0 0.0007438673088 0 0 0 0 0 0 0.0007438673088 0 0 0 0 0 0 0.001296041559
745,1785497137.104881763,map,8.1992397308,6.8907146454,-1.4503502846,0.0258221439,0.0459304602,0.7476663115,0.6619808795,0.04274403799 0 0 0 0 0 0 0.04274403799 0 0 0 0 0 0 0.09409330062 0 0 0 0 0 0 0.0007484269269 0 0 0 0 0 0 0.0007484269269 0 0 0 0 0 0 0.001302057856
746,1785497137.205028057,map,8.1936798096,6.8956227303,-1.4486975670,0.0260952897,0.0459594405,0.7476135716,0.6620277380,0.04261703956 0 0 0 0 0 0 0.04261703956 0 0 0 0 0 0 0.0939048293 0 0 0 0 0 0 0.0007454946187 0 0 0 0 0 0 0.0007454946187 0 0 0 0 0 0 0.001298189263
747,1785497137.304853439,map,8.1948423386,6.8933372498,-1.4502335787,0.0259935101,0.0460038643,0.7475870359,0.6620586117,0.04296380808 0 0 0 0 0 0 0.04296380808 0 0 0 0 0 0 0.09441923383 0 0 0 0 0 0 0.00075350455 0 0 0 0 0 0 0.00075350455 0 0 0 0 0 0 0.001308752436
748,1785497137.404711962,map,8.1913127899,6.8918581009,-1.4507766962,0.0259855687,0.0459568462,0.7475682623,0.6620833904,0.04269052078 0 0 0 0 0 0 0.04269052078 0 0 0 0 0 0 0.09401388985 0 0 0 0 0 0 0.0007471910807 0 0 0 0 0 0 0.0007471910807 0 0 0 0 0 0 0.001300427629
749,1785497137.504900694,map,8.1878213882,6.8881096840,-1.4507412910,0.0258212395,0.0460130068,0.7475647509,0.6620899088,0.04268527658 0 0 0 0 0 0 0.04268527658 0 0 0 0 0 0 0.09400610744 0 0 0 0 0 0 0.0007470699923 0 0 0 0 0 0 0.0007470699923 0 0 0 0 0 0 0.001300267881
750,1785497137.605019569,map,8.1901197433,6.8871092796,-1.4505857229,0.0257148872,0.0459276594,0.7474997418,0.6621733651,0.04273538895 0 0 0 0 0 0 0.04273538895 0 0 0 0 0 0 0.09408046796 0 0 0 0 0 0 0.0007482271821 0 0 0 0 0 0 0.0007482271821 0 0 0 0 0 0 0.001301794392
751,1785497137.704871655,map,8.1866540909,6.8861718178,-1.4501769543,0.0256895654,0.0458788038,0.7475067104,0.6621698433,0.04274472305 0 0 0 0 0 0 0.04274472305 0 0 0 0 0 0 0.09409431703 0 0 0 0 0 0 0.0007484427481 0 0 0 0 0 0 0.0007484427481 0 0 0 0 0 0 0.001302078725
752,1785497137.804729462,map,8.1879835129,6.8855562210,-1.4490133524,0.0257573839,0.0458981638,0.7474942798,0.6621798981,0.04247466915 0 0 0 0 0 0 0.04247466915 0 0 0 0 0 0 0.09369343631 0 0 0 0 0 0 0.0007422090423 0 0 0 0 0 0 0.0007422090423 0 0 0 0 0 0 0.001293852412
753,1785497137.904908895,map,8.1886568069,6.8849077225,-1.4485665560,0.0261894225,0.0461183789,0.7474884456,0.6621542271,0.0427073563 0 0 0 0 0 0 0.0427073563 0 0 0 0 0 0 0.09403887275 0 0 0 0 0 0 0.0007475798284 0 0 0 0 0 0 0.0007475798284 0 0 0 0 0 0 0.001300940468
754,1785497138.005163193,map,8.1900711060,6.8879132271,-1.4486323595,0.0261231827,0.0460167448,0.7476386352,0.6619943432,0.04282616599 0 0 0 0 0 0 0.04282616599 0 0 0 0 0 0 0.09421513359 0 0 0 0 0 0 0.0007503239472 0 0 0 0 0 0 0.0007503239472 0 0 0 0 0 0 0.001304559618
755,1785497138.104959965,map,8.1884489059,6.8921031952,-1.4485086203,0.0263876464,0.0460595177,0.7476559039,0.6619613547,0.04245052836 0 0 0 0 0 0 0.04245052836 0 0 0 0 0 0 0.09365758036 0 0 0 0 0 0 0.0007416521039 0 0 0 0 0 0 0.0007416521039 0 0 0 0 0 0 0.001293117042
756,1785497138.204742670,map,8.1848678589,6.8904099464,-1.4505451918,0.0260277983,0.0460388927,0.7477024133,0.6619245432,0.04280999286 0 0 0 0 0 0 0.04280999286 0 0 0 0 0 0 0.09419114454 0 0 0 0 0 0 0.000749950329 0 0 0 0 0 0 0.000749950329 0 0 0 0 0 0 0.001304066957
757,1785497138.304762840,map,8.1884593964,6.8930015564,-1.4517227411,0.0257143007,0.0461426523,0.7476579627,0.6619797414,0.04257125287 0 0 0 0 0 0 0.04257125287 0 0 0 0 0 0 0.09383685736 0 0 0 0 0 0 0.000744437777 0 0 0 0 0 0 0.000744437777 0 0 0 0 0 0 0.00129679452
758,1785497138.404976130,map,8.2036981583,6.8895955086,-1.4519928694,0.0259387954,0.0460740505,0.7477858258,0.6618313191,0.04264712644 0 0 0 0 0 0 0.04264712644 0 0 0 0 0 0 0.09394948784 0 0 0 0 0 0 0.0007461891785 0 0 0 0 0 0 0.0007461891785 0 0 0 0 0 0 0.001299105762
759,1785497138.604791403,map,8.1998844147,6.8857765198,-1.4514864683,0.0253192769,0.0460417903,0.7477791277,0.6618651654,0.04260025641 0 0 0 0 0 0 0.04260025641 0 0 0 0 0 0 0.09387991552 0 0 0 0 0 0 0.0007451072115 0 0 0 0 0 0 0.0007451072115 0 0 0 0 0 0 0.001297678019
760,1785497138.704711914,map,8.1930828094,6.8924183846,-1.4507193565,0.0256062354,0.0459786761,0.7477844812,0.6618524562,0.04266492178 0 0 0 0 0 0 0.04266492178 0 0 0 0 0 0 0.0939758994 0 0 0 0 0 0 0.0007466000234 0 0 0 0 0 0 0.0007466000234 0 0 0 0 0 0 0.001299647839
761,1785497138.804947853,map,8.1938657761,6.8869256973,-1.4485028982,0.0254712959,0.0461058216,0.7477563857,0.6618805324,0.04261993035 0 0 0 0 0 0 0.04261993035 0 0 0 0 0 0 0.09390912038 0 0 0 0 0 0 0.0007455613496 0 0 0 0 0 0 0.0007455613496 0 0 0 0 0 0 0.001298277321
762,1785497138.904989004,map,8.1943635941,6.8851571083,-1.4504966736,0.0254889993,0.0462232282,0.7477805308,0.6618443749,0.0428302576 0 0 0 0 0 0 0.0428302576 0 0 0 0 0 0 0.09422120231 0 0 0 0 0 0 0.0007504184718 0 0 0 0 0 0 0.0007504184718 0 0 0 0 0 0 0.001304684256
763,1785497139.004819870,map,8.1985874176,6.8850989342,-1.4519332647,0.0253187892,0.0461121614,0.7478264194,0.6618068111,0.04250432808 0 0 0 0 0 0 0.04250432808 0 0 0 0 0 0 0.09373748371 0 0 0 0 0 0 0.0007428933561 0 0 0 0 0 0 0.0007428933561 0 0 0 0 0 0 0.001294755875
764,1785497139.104725361,map,8.1998949051,6.8878145218,-1.4513461590,0.0253190867,0.0459941128,0.7477801558,0.6618673042,0.0424637428 0 0 0 0 0 0 0.0424637428 0 0 0 0 0 0 0.09367720798 0 0 0 0 0 0 0.0007419569605 0 0 0 0 0 0 0.0007419569605 0 0 0 0 0 0 0.001293519577
765,1785497139.204901695,map,8.1949367523,6.8925743103,-1.4522812366,0.0254496154,0.0459733925,0.7478032191,0.6618376852,0.04291373615 0 0 0 0 0 0 0.04291373615 0 0 0 0 0 0 0.09434499786 0 0 0 0 0 0 0.0007523473111 0 0 0 0 0 0 0.0007523473111 0 0 0 0 0 0 0.001307227158
766,1785497139.305178404,map,8.1943073273,6.8948583603,-1.4501681328,0.0255218442,0.0459072837,0.7477825944,0.6618627944,0.0426755332 0 0 0 0 0 0 0.0426755332 0 0 0 0 0 0 0.09399164783 0 0 0 0 0 0 0.0007468450245 0 0 0 0 0 0 0.0007468450245 0 0 0 0 0 0 0.001299971081
767,1785497139.404854536,map,8.1895370483,6.8943457603,-1.4490684271,0.0256356342,0.0459324674,0.7477959013,0.6618416113,0.04275123698 0 0 0 0 0 0 0.04275123698 0 0 0 0 0 0 0.0941039815 0 0 0 0 0 0 0.0007485931884 0 0 0 0 0 0 0.0007485931884 0 0 0 0 0 0 0.00130227715
768,1785497139.504743576,map,8.1922883987,6.8939094543,-1.4489178658,0.0257995810,0.0459414140,0.7477315904,0.6619072637,0.04273124687 0 0 0 0 0 0 0.04273124687 0 0 0 0 0 0 0.09407432216 0 0 0 0 0 0 0.0007481315254 0 0 0 0 0 0 0.0007481315254 0 0 0 0 0 0 0.001301668217
769,1785497139.604774237,map,8.1904115677,6.8952770233,-1.4494605064,0.0259247005,0.0458061114,0.7476440922,0.6620105582,0.04267435402 0 0 0 0 0 0 0.04267435402 0 0 0 0 0 0 0.09398989783 0 0 0 0 0 0 0.0007468177985 0 0 0 0 0 0 0.0007468177985 0 0 0 0 0 0 0.001299935161
770,1785497139.705096483,map,8.1889352798,6.8974428177,-1.4499700069,0.0260755510,0.0458400417,0.7475731899,0.6620823551,0.04279800466 0 0 0 0 0 0 0.04279800466 0 0 0 0 0 0 0.0941733619 0 0 0 0 0 0 0.0007496734019 0 0 0 0 0 0 0.0007496734019 0 0 0 0 0 0 0.001303701775
771,1785497139.804946184,map,8.1897706985,6.8944487572,-1.4509801865,0.0258021635,0.0458351951,0.7475222650,0.6621509218,0.04274257214 0 0 0 0 0 0 0.04274257214 0 0 0 0 0 0 0.09409112574 0 0 0 0 0 0 0.0007483930733 0 0 0 0 0 0 0.0007483930733 0 0 0 0 0 0 0.001302013204
772,1785497139.904578924,map,8.1906700134,6.8952107430,-1.4508503675,0.0255921356,0.0458312623,0.7474990842,0.6621855098,0.04275647261 0 0 0 0 0 0 0.04275647261 0 0 0 0 0 0 0.09411174923 0 0 0 0 0 0 0.0007487141085 0 0 0 0 0 0 0.0007487141085 0 0 0 0 0 0 0.001302436636
773,1785497140.004725933,map,8.1886310577,6.9010877609,-1.4496583939,0.0258336168,0.0459223849,0.7474919196,0.6621779024,0.04276266349 0 0 0 0 0 0 0.04276266349 0 0 0 0 0 0 0.09412093399 0 0 0 0 0 0 0.0007488570939 0 0 0 0 0 0 0.0007488570939 0 0 0 0 0 0 0.001302625221
774,1785497140.105084419,map,8.1884937286,6.8981919289,-1.4505829811,0.0257270663,0.0458848186,0.7475081422,0.6621663623,0.04255036366 0 0 0 0 0 0 0.04255036366 0 0 0 0 0 0 0.09380584265 0 0 0 0 0 0 0.0007439556759 0 0 0 0 0 0 0.0007439556759 0 0 0 0 0 0 0.001296158199
775,1785497140.204939604,map,8.1873340607,6.8963766098,-1.4479489326,0.0260820302,0.0459037849,0.7474522368,0.6622142540,0.04261601808 0 0 0 0 0 0 0.04261601808 0 0 0 0 0 0 0.09390331301 0 0 0 0 0 0 0.0007454710391 0 0 0 0 0 0 0.0007454710391 0 0 0 0 0 0 0.001298158147
776,1785497140.304772854,map,8.2223587036,6.8661670685,-1.4501587152,0.0252344177,0.0462595213,0.7476155482,0.6620379665,0.04252521434 0 0 0 0 0 0 0.04252521434 0 0 0 0 0 0 0.09376849953 0 0 0 0 0 0 0.0007433753058 0 0 0 0 0 0 0.0007433753058 0 0 0 0 0 0 0.001295392107
777,1785497140.504959583,map,8.2135877609,6.8678722382,-1.4500319958,0.0251237195,0.0461350580,0.7476120633,0.6620547854,0.04272222938 0 0 0 0 0 0 0.04272222938 0 0 0 0 0 0 0.09406094218 0 0 0 0 0 0 0.0007479232818 0 0 0 0 0 0 0.0007479232818 0 0 0 0 0 0 0.001301393528
778,1785497140.605013371,map,8.2070093155,6.8719511032,-1.4506244659,0.0251741004,0.0461581864,0.7476041883,0.6620601647,0.04262780088 0 0 0 0 0 0 0.04262780088 0 0 0 0 0 0 0.09392080313 0 0 0 0 0 0 0.0007457430363 0 0 0 0 0 0 0.0007457430363 0 0 0 0 0 0 0.001298517071
779,1785497140.704865217,map,8.2051153183,6.8724627495,-1.4499032497,0.0249338691,0.0462105842,0.7475855186,0.6620866848,0.04281545192 0 0 0 0 0 0 0.04281545192 0 0 0 0 0 0 0.09419924194 0 0 0 0 0 0 0.0007500764371 0 0 0 0 0 0 0.0007500764371 0 0 0 0 0 0 0.001304233249
780,1785497140.804749012,map,8.1959514618,6.8884253502,-1.4521487951,0.0256493812,0.0461701289,0.7476325076,0.6620090966,0.04275514856 0 0 0 0 0 0 0.04275514856 0 0 0 0 0 0 0.09410978485 0 0 0 0 0 0 0.0007486835286 0 0 0 0 0 0 0.0007486835286 0 0 0 0 0 0 0.001302396304
781,1785497140.904778242,map,8.1910228729,6.8899698257,-1.4515022039,0.0257214637,0.0460311646,0.7476169579,0.6620335690,0.04260337909 0 0 0 0 0 0 0.04260337909 0 0 0 0 0 0 0.09388455112 0 0 0 0 0 0 0.0007451792909 0 0 0 0 0 0 0.0007451792909 0 0 0 0 0 0 0.001297773141
782,1785497141.004977703,map,8.1866464615,6.8933205605,-1.4509321451,0.0257722945,0.0460940542,0.7475911492,0.6620563244,0.04269142626 0 0 0 0 0 0 0.04269142626 0 0 0 0 0 0 0.09401523357 0 0 0 0 0 0 0.0007472119886 0 0 0 0 0 0 0.0007472119886 0 0 0 0 0 0 0.001300455212
783,1785497141.104855776,map,8.1879673004,6.8960800171,-1.4508486986,0.0257371796,0.0460792768,0.7475770915,0.6620746142,0.04280698305 0 0 0 0 0 0 0.04280698305 0 0 0 0 0 0 0.09418668003 0 0 0 0 0 0 0.0007498808013 0 0 0 0 0 0 0.0007498808013 0 0 0 0 0 0 0.001303975273
784,1785497141.204714775,map,8.1882553101,6.8974790573,-1.4504097700,0.0258190671,0.0460117873,0.7476014060,0.6620486564,0.04267610642 0 0 0 0 0 0 0.04267610642 0 0 0 0 0 0 0.09399249853 0 0 0 0 0 0 0.0007468582595 0 0 0 0 0 0 0.0007468582595 0 0 0 0 0 0 0.001299988542
785,1785497141.304755688,map,8.1856307983,6.8969802856,-1.4490646124,0.0259968176,0.0459541428,0.7475748808,0.6620756551,0.04251595689 0 0 0 0 0 0 0.04251595689 0 0 0 0 0 0 0.09375475265 0 0 0 0 0 0 0.0007431616858 0 0 0 0 0 0 0.0007431616858 0 0 0 0 0 0 0.001295110109
786,1785497141.404969692,map,8.1875514984,6.8923473358,-1.4474797249,0.0262640739,0.0460887563,0.7475384556,0.6620968927,0.0428067822 0 0 0 0 0 0 0.0428067822 0 0 0 0 0 0 0.0941863821 0 0 0 0 0 0 0.0007498761615 0 0 0 0 0 0 0.0007498761615 0 0 0 0 0 0 0.001303969154
787,1785497141.504895449,map,8.1884803772,6.8950424194,-1.4487617016,0.0262778303,0.0461102595,0.7475623262,0.6620678776,0.04269515135 0 0 0 0 0 0 0.04269515135 0 0 0 0 0 0 0.0940207615 0 0 0 0 0 0 0.0007472980025 0 0 0 0 0 0 0.0007472980025 0 0 0 0 0 0 0.001300568684
788,1785497141.604685068,map,8.1897144318,6.8943042755,-1.4490942955,0.0259938539,0.0459366809,0.7475357185,0.6621212241,0.0426300505 0 0 0 0 0 0 0.0426300505 0 0 0 0 0 0 0.09392414233 0 0 0 0 0 0 0.0007457949686 0 0 0 0 0 0 0.0007457949686 0 0 0 0 0 0 0.001298585599
789,1785497141.704765320,map,8.1865339279,6.8966031075,-1.4507673979,0.0260359585,0.0459753763,0.7475442045,0.6621072693,0.04267074523 0 0 0 0 0 0 0.04267074523 0 0 0 0 0 0 0.09398454207 0 0 0 0 0 0 0.0007467344765 0 0 0 0 0 0 0.0007467344765 0 0 0 0 0 0 0.001299825231
790,1785497141.804979086,map,8.1903667450,6.8911957741,-1.4468812943,0.0256720013,0.0461045696,0.7474946088,0.6621685030,0.0427563212 0 0 0 0 0 0 0.0427563212 0 0 0 0 0 0 0.0941115246 0 0 0 0 0 0 0.0007487106117 0 0 0 0 0 0 0.0007487106117 0 0 0 0 0 0 0.001302432024
791,1785497141.904870510,map,8.1917076111,6.8912825584,-1.4487124681,0.0255056706,0.0459943438,0.7474719112,0.6622081869,0.04260698739 0 0 0 0 0 0 0.04260698739 0 0 0 0 0 0 0.09388990753 0 0 0 0 0 0 0.0007452625805 0 0 0 0 0 0 0.0007452625805 0 0 0 0 0 0 0.001297883056
792,1785497142.004755020,map,8.1921720505,6.8911695480,-1.4492911100,0.0254040168,0.0459431525,0.7474912829,0.6621938162,0.04258712793 0 0 0 0 0 0 0.04258712793 0 0 0 0 0 0 0.09386042579 0 0 0 0 0 0 0.0007448041823 0 0 0 0 0 0 0.0007448041823 0 0 0 0 0 0 0.001297278102
793,1785497142.104740381,map,8.1923551559,6.8924460411,-1.4508270025,0.0255099498,0.0460005994,0.7475148888,0.6621591302,0.0424573353 0 0 0 0 0 0 0.0424573353 0 0 0 0 0 0 0.09366769093 0 0 0 0 0 0 0.0007418091377 0 0 0 0 0 0 0.0007418091377 0 0 0 0 0 0 0.001293324393
794,1785497142.204968691,map,8.1936340332,6.8897824287,-1.4488418102,0.0253412063,0.0459487549,0.7476351436,0.6620333904,0.04274255575 0 0 0 0 0 0 0.04274255575 0 0 0 0 0 0 0.09409110143 0 0 0 0 0 0 0.0007483926949 0 0 0 0 0 0 0.0007483926949 0 0 0 0 0 0 0.001302012705
795,1785497142.304885864,map,8.2027244568,6.8764009476,-1.4517379999,0.0256604031,0.0461030182,0.7476328525,0.6620129569,0.04291554074 0 0 0 0 0 0 0.04291554074 0 0 0 0 0 0 0.09434767356 0 0 0 0 0 0 0.0007523890142 0 0 0 0 0 0 0.0007523890142 0 0 0 0 0 0 0.001307282129
796,1785497142.504600048,map,8.1989479065,6.8771853447,-1.4509276152,0.0257296211,0.0460800737,0.7476488031,0.6619938705,0.04263360721 0 0 0 0 0 0 0.04263360721 0 0 0 0 0 0 0.09392942163 0 0 0 0 0 0 0.0007458770757 0 0 0 0 0 0 0.0007458770757 0 0 0 0 0 0 0.001298693943
797,1785497142.605021715,map,8.1955995560,6.8764324188,-1.4518327713,0.0255070285,0.0459972683,0.7476383597,0.6620200190,0.04268081226 0 0 0 0 0 0 0.04268081226 0 0 0 0 0 0 0.09399948225 0 0 0 0 0 0 0.0007469669131 0 0 0 0 0 0 0.0007469669131 0 0 0 0 0 0 0.00130013189
798,1785497142.704926252,map,8.1930141449,6.8771409988,-1.4496605396,0.0256949074,0.0461313672,0.7476038405,0.6620424344,0.04251443643 0 0 0 0 0 0 0.04251443643 0 0 0 0 0 0 0.09375249479 0 0 0 0 0 0 0.0007431266012 0 0 0 0 0 0 0.0007431266012 0 0 0 0 0 0 0.001295063793
799,1785497142.804739714,map,8.1937360764,6.8787460327,-1.4502711296,0.0256512358,0.0460220238,0.7475354493,0.6621289377,0.04292277069 0 0 0 0 0 0 0.04292277069 0 0 0 0 0 0 0.09435839337 0 0 0 0 0 0 0.0007525560971 0 0 0 0 0 0 0.0007525560971 0 0 0 0 0 0 0.001307502366
800,1785497142.904689550,map,8.1926393509,6.8836741447,-1.4514285326,0.0252850809,0.0460032491,0.7475456321,0.6621328353,0.04285235229 0 0 0 0 0 0 0.04285235229 0 0 0 0 0 0 0.09425397173 0 0 0 0 0 0 0.0007509289293 0 0 0 0 0 0 0.0007509289293 0 0 0 0 0 0 0.001305357299
801,1785497143.004878044,map,8.1920499802,6.8821144104,-1.4512497187,0.0252538002,0.0460654828,0.7474668354,0.6622186644,0.04274555673 0 0 0 0 0 0 0.04274555673 0 0 0 0 0 0 0.09409555393 0 0 0 0 0 0 0.0007484620018 0 0 0 0 0 0 0.0007484620018 0 0 0 0 0 0 0.00130210412
802,1785497143.105063677,map,8.1925096512,6.8823952675,-1.4509015083,0.0253228188,0.0460918908,0.7474775596,0.6622020465,0.04282066991 0 0 0 0 0 0 0.04282066991 0 0 0 0 0 0 0.09420698162 0 0 0 0 0 0 0.0007501969789 0 0 0 0 0 0 0.0007501969789 0 0 0 0 0 0 0.001304392198
803,1785497143.204778433,map,8.1936321259,6.8843450546,-1.4510477781,0.0251641203,0.0460634564,0.7474657612,0.6622234038,0.04252027347 0 0 0 0 0 0 0.04252027347 0 0 0 0 0 0 0.09376116263 0 0 0 0 0 0 0.000743261292 0 0 0 0 0 0 0.000743261292 0 0 0 0 0 0 0.001295241599
804,1785497143.304653883,map,8.1968173981,6.8833656311,-1.4507446289,0.0250336900,0.0459340252,0.7474546986,0.6622498315,0.04272970262 0 0 0 0 0 0 0.04272970262 0 0 0 0 0 0 0.09407203086 0 0 0 0 0 0 0.000748095863 0 0 0 0 0 0 0.000748095863 0 0 0 0 0 0 0.001301621176
805,1785497143.404750824,map,8.1936092377,6.8798961639,-1.4506781101,0.0252121313,0.0460791274,0.7475364041,0.6621407499,0.04258346587 0 0 0 0 0 0 0.04258346587 0 0 0 0 0 0 0.09385498916 0 0 0 0 0 0 0.000744719658 0 0 0 0 0 0 0.000744719658 0 0 0 0 0 0 0.00129716655
806,1785497143.505143881,map,8.1927232742,6.8792119026,-1.4513353109,0.0251795482,0.0461055581,0.7475698310,0.6621024123,0.04265322902 0 0 0 0 0 0 0.04265322902 0 0 0 0 0 0 0.09395854539 0 0 0 0 0 0 0.000746330067 0 0 0 0 0 0 0.000746330067 0 0 0 0 0 0 0.001299291657
807,1785497143.604904890,map,8.1918430328,6.8804531097,-1.4505267143,0.0250970740,0.0460777592,0.7475855115,0.6620898005,0.04258888354 0 0 0 0 0 0 0.04258888354 0 0 0 0 0 0 0.09386303213 0 0 0 0 0 0 0.0007448447043 0 0 0 0 0 0 0.0007448447043 0 0 0 0 0 0 0.001297331582
808,1785497143.704713583,map,8.1934185028,6.8824000359,-1.4498126507,0.0251759529,0.0460267007,0.7475385382,0.6621433646,0.04258325853 0 0 0 0 0 0 0.04258325853 0 0 0 0 0 0 0.09385468134 0 0 0 0 0 0 0.0007447148724 0 0 0 0 0 0 0.0007447148724 0 0 0 0 0 0 0.001297160234
809,1785497143.804657221,map,8.1983404160,6.8746862411,-1.4482690096,0.0247570286,0.0462383022,0.7476182642,0.6620544366,0.04262020896 0 0 0 0 0 0 0.04262020896 0 0 0 0 0 0 0.09390953395 0 0 0 0 0 0 0.0007455677811 0 0 0 0 0 0 0.0007455677811 0 0 0 0 0 0 0.001298285808
810,1785497143.904917479,map,8.2006378174,6.8746862411,-1.4493273497,0.0247803865,0.0460085067,0.7475807517,0.6621119153,0.04278142907 0 0 0 0 0 0 0.04278142907 0 0 0 0 0 0 0.09414877323 0 0 0 0 0 0 0.0007492905267 0 0 0 0 0 0 0.0007492905267 0 0 0 0 0 0 0.001303196854
811,1785497144.005018950,map,8.2015199661,6.8768563271,-1.4520113468,0.0248827977,0.0459237611,0.7475442733,0.6621551484,0.04285567978 0 0 0 0 0 0 0.04285567978 0 0 0 0 0 0 0.0942589066 0 0 0 0 0 0 0.0007510058085 0 0 0 0 0 0 0.0007510058085 0 0 0 0 0 0 0.00130545866
812,1785497144.104788303,map,8.1975593567,6.8763933182,-1.4508386850,0.0250843132,0.0461096544,0.7476471473,0.6620184363,0.04276664086 0 0 0 0 0 0 0.04276664086 0 0 0 0 0 0 0.0941268347 0 0 0 0 0 0 0.0007489489577 0 0 0 0 0 0 0.0007489489577 0 0 0 0 0 0 0.001302746379
813,1785497144.204697132,map,8.2023820877,6.8681182861,-1.4507340193,0.0246904818,0.0461747754,0.7476450404,0.6620311044,0.04280858475 0 0 0 0 0 0 0.04280858475 0 0 0 0 0 0 0.09418905587 0 0 0 0 0 0 0.000749917801 0 0 0 0 0 0 0.000749917801 0 0 0 0 0 0 0.001304024063
814,1785497144.304742813,map,8.2031106949,6.8702020645,-1.4526263475,0.0248770469,0.0460828118,0.7476429566,0.6620328699,0.04279734283 0 0 0 0 0 0 0.04279734283 0 0 0 0 0 0 0.09417238015 0 0 0 0 0 0 0.000749658114 0 0 0 0 0 0 0.000749658114 0 0 0 0 0 0 0.001303681615
815,1785497144.404873371,map,8.2082872391,6.8698801994,-1.4508907795,0.0248608632,0.0460877510,0.7476520370,0.6620228762,0.04263689117 0 0 0 0 0 0 0.04263689117 0 0 0 0 0 0 0.09393429601 0 0 0 0 0 0 0.0007459528872 0 0 0 0 0 0 0.0007459528872 0 0 0 0 0 0 0.001298793978
816,1785497144.504827976,map,8.2051448822,6.8638949394,-1.4515976906,0.0249184213,0.0462709817,0.7476329210,0.6620295386,0.04257531008 0 0 0 0 0 0 0.04257531008 0 0 0 0 0 0 0.09384288092 0 0 0 0 0 0 0.0007445314178 0 0 0 0 0 0 0.0007445314178 0 0 0 0 0 0 0.00129691811
817,1785497144.704749346,map,8.2054901123,6.8685154915,-1.4525972605,0.0246818417,0.0460226626,0.7476314611,0.6620573597,0.04297941574 0 0 0 0 0 0 0.04297941574 0 0 0 0 0 0 0.09444237065 0 0 0 0 0 0 0.0007538653106 0 0 0 0 0 0 0.0007538653106 0 0 0 0 0 0 0.001309227873
818,1785497144.804871082,map,8.2025384903,6.8692660332,-1.4532800913,0.0248672470,0.0461772442,0.7476524907,0.6620158774,0.04252416589 0 0 0 0 0 0 0.04252416589 0 0 0 0 0 0 0.09376694265 0 0 0 0 0 0 0.0007433511118 0 0 0 0 0 0 0.0007433511118 0 0 0 0 0 0 0.001295360169
819,1785497144.905036211,map,8.2021903992,6.8713965416,-1.4524527788,0.0247890109,0.0460776238,0.7476544843,0.6620234994,0.04270364806 0 0 0 0 0 0 0.04270364806 0 0 0 0 0 0 0.09403337008 0 0 0 0 0 0 0.0007474941996 0 0 0 0 0 0 0.0007474941996 0 0 0 0 0 0 0.001300827509
820,1785497145.004750252,map,8.2056560516,6.8682646751,-1.4491138458,0.0246706070,0.0462708032,0.7475844156,0.6620935815,0.04285337446 0 0 0 0 0 0 0.04285337446 0 0 0 0 0 0 0.09425548767 0 0 0 0 0 0 0.0007509525457 0 0 0 0 0 0 0.0007509525457 0 0 0 0 0 0 0.001305388436
821,1785497145.104716301,map,8.2060117722,6.8714394569,-1.4521872997,0.0247336335,0.0462370678,0.7475659948,0.6621143811,0.04252963621 0 0 0 0 0 0 0.04252963621 0 0 0 0 0 0 0.09377506564 0 0 0 0 0 0 0.0007434773453 0 0 0 0 0 0 0.0007434773453 0 0 0 0 0 0 0.001295526805
822,1785497145.204800844,map,8.2076654434,6.8712649345,-1.4533048868,0.0249418271,0.0461925776,0.7475822858,0.6620912620,0.0427735904 0 0 0 0 0 0 0.0427735904 0 0 0 0 0 0 0.09413714459 0 0 0 0 0 0 0.0007491094714 0 0 0 0 0 0 0.0007491094714 0 0 0 0 0 0 0.001302958074
823,1785497145.304889202,map,8.2069282532,6.8681068420,-1.4508485794,0.0247469143,0.0461605945,0.7475620214,0.6621237208,0.04275714655 0 0 0 0 0 0 0.04275714655 0 0 0 0 0 0 0.0941127491 0 0 0 0 0 0 0.0007487296738 0 0 0 0 0 0 0.0007487296738 0 0 0 0 0 0 0.001302457166
824,1785497145.404765129,map,8.2131538391,6.8655447960,-1.4504823685,0.0240810037,0.0461462849,0.7476166885,0.6620875231,0.0424428405 0 0 0 0 0 0 0.0424428405 0 0 0 0 0 0 0.093646161 0 0 0 0 0 0 0.0007414747523 0 0 0 0 0 0 0.0007414747523 0 0 0 0 0 0 0.001292882856
825,1785497145.504677296,map,8.2113723755,6.8691244125,-1.4508768320,0.0242068671,0.0461310743,0.7476251632,0.6620744173,0.04273411039 0 0 0 0 0 0 0.04273411039 0 0 0 0 0 0 0.09407857091 0 0 0 0 0 0 0.000748197655 0 0 0 0 0 0 0.000748197655 0 0 0 0 0 0 0.001301755444
826,1785497145.604746819,map,8.2040567398,6.8736557961,-1.4496409893,0.0249194177,0.0461802811,0.7476368954,0.6620313210,0.04288339304 0 0 0 0 0 0 0.04288339304 0 0 0 0 0 0 0.0943000047 0 0 0 0 0 0 0.0007516461397 0 0 0 0 0 0 0.0007516461397 0 0 0 0 0 0 0.001306302854
827,1785497145.704877377,map,8.2033710480,6.8766412735,-1.4510463476,0.0249816501,0.0461138481,0.7476254968,0.6620464970,0.04261350457 0 0 0 0 0 0 0.04261350457 0 0 0 0 0 0 0.09389958192 0 0 0 0 0 0 0.0007454130182 0 0 0 0 0 0 0.0007454130182 0 0 0 0 0 0 0.001298081581
828,1785497145.804805994,map,8.2041187286,6.8791375160,-1.4513462782,0.0249745487,0.0460027372,0.7475641451,0.6621237334,0.04274676017 0 0 0 0 0 0 0.04274676017 0 0 0 0 0 0 0.09409733945 0 0 0 0 0 0 0.0007484897953 0 0 0 0 0 0 0.0007484897953 0 0 0 0 0 0 0.001302140779
829,1785497145.904660463,map,8.2062807083,6.8778176308,-1.4531518221,0.0248732373,0.0459883297,0.7475863919,0.6621034518,0.04256025237 0 0 0 0 0 0 0.04256025237 0 0 0 0 0 0 0.09382052497 0 0 0 0 0 0 0.0007441838924 0 0 0 0 0 0 0.0007441838924 0 0 0 0 0 0 0.001296459426
830,1785497146.004781485,map,8.2089309692,6.8789243698,-1.4536594152,0.0246360389,0.0458179758,0.7475058451,0.6622150838,0.04267688644 0 0 0 0 0 0 0.04267688644 0 0 0 0 0 0 0.09399365612 0 0 0 0 0 0 0.0007468762692 0 0 0 0 0 0 0.0007468762692 0 0 0 0 0 0 0.001300012303
831,1785497146.105090618,map,8.2083864212,6.8762116432,-1.4512788057,0.0246376883,0.0457850371,0.7475399584,0.6621787645,0.04278922504 0 0 0 0 0 0 0.04278922504 0 0 0 0 0 0 0.09416033817 0 0 0 0 0 0 0.0007494706009 0 0 0 0 0 0 0.0007494706009 0 0 0 0 0 0 0.001303434333
832,1785497146.204766750,map,8.2118768692,6.8771362305,-1.4508166313,0.0247953822,0.0458569037,0.7474797978,0.6622358275,0.0426681604 0 0 0 0 0 0 0.0426681604 0 0 0 0 0 0 0.09398070591 0 0 0 0 0 0 0.0007466747971 0 0 0 0 0 0 0.0007466747971 0 0 0 0 0 0 0.001299746493
833,1785497146.304641962,map,8.2088327408,6.8780093193,-1.4523391724,0.0250298857,0.0460717535,0.7475756576,0.6621038695,0.04268659201 0 0 0 0 0 0 0.04268659201 0 0 0 0 0 0 0.09400805956 0 0 0 0 0 0 0.0007471003653 0 0 0 0 0 0 0.0007471003653 0 0 0 0 0 0 0.001300307952
834,1785497146.404789209,map,8.2132959366,6.8793354034,-1.4538047314,0.0248611606,0.0460038310,0.7475559927,0.6621371533,0.04256433034 0 0 0 0 0 0 0.04256433034 0 0 0 0 0 0 0.0938265796 0 0 0 0 0 0 0.0007442780081 0 0 0 0 0 0 0.0007442780081 0 0 0 0 0 0 0.001296583648
835,1785497146.604787111,map,8.2091503143,6.8836498260,-1.4520176649,0.0247084378,0.0458365644,0.7475295190,0.6621843242,0.04283417349 0 0 0 0 0 0 0.04283417349 0 0 0 0 0 0 0.0942270103 0 0 0 0 0 0 0.0007505089382 0 0 0 0 0 0 0.0007505089382 0 0 0 0 0 0 0.001304803541
836,1785497146.704626322,map,8.2078695297,6.8864936829,-1.4522365332,0.0247169923,0.0459426963,0.7475908027,0.6621075183,0.04266636109 0 0 0 0 0 0 0.04266636109 0 0 0 0 0 0 0.09397803551 0 0 0 0 0 0 0.0007466332541 0 0 0 0 0 0 0.0007466332541 0 0 0 0 0 0 0.001299691683
837,1785497146.804760218,map,8.2055540085,6.8865199089,-1.4523912668,0.0247392288,0.0459442331,0.7476311710,0.6620609651,0.04254316067 0 0 0 0 0 0 0.04254316067 0 0 0 0 0 0 0.09379514761 0 0 0 0 0 0 0.000743789447 0 0 0 0 0 0 0.000743789447 0 0 0 0 0 0 0.001295938783
838,1785497146.904873848,map,8.2024898529,6.8897595406,-1.4513736963,0.0249484527,0.0459769604,0.7476087316,0.6620761728,0.04284216136 0 0 0 0 0 0 0.04284216136 0 0 0 0 0 0 0.09423885754 0 0 0 0 0 0 0.0007506934814 0 0 0 0 0 0 0.0007506934814 0 0 0 0 0 0 0.001305046865
839,1785497147.004794836,map,8.2019157410,6.8808341026,-1.4480296373,0.0248437634,0.0461598172,0.7476679010,0.6620005783,0.04269647402 0 0 0 0 0 0 0.04269647402 0 0 0 0 0 0 0.09402272429 0 0 0 0 0 0 0.0007473285438 0 0 0 0 0 0 0.0007473285438 0 0 0 0 0 0 0.001300608975
840,1785497147.104681015,map,8.2067174911,6.8827242851,-1.4509385824,0.0247585129,0.0458898956,0.7476483573,0.6620446500,0.04254186883 0 0 0 0 0 0 0.04254186883 0 0 0 0 0 0 0.09379322945 0 0 0 0 0 0 0.0007437596347 0 0 0 0 0 0 0.0007437596347 0 0 0 0 0 0 0.001295899431
841,1785497147.204657793,map,8.2055435181,6.8837018013,-1.4507555962,0.0248303104,0.0459583180,0.7476767023,0.6620051420,0.04276140953 0 0 0 0 0 0 0.04276140953 0 0 0 0 0 0 0.09411907365 0 0 0 0 0 0 0.0007488281321 0 0 0 0 0 0 0.0007488281321 0 0 0 0 0 0 0.001302587024
842,1785497147.304890633,map,8.2055873871,6.8812322617,-1.4521536827,0.0250050379,0.0459685288,0.7476339602,0.6620461777,0.04281555212 0 0 0 0 0 0 0.04281555212 0 0 0 0 0 0 0.09419939056 0 0 0 0 0 0 0.0007500787517 0 0 0 0 0 0 0.0007500787517 0 0 0 0 0 0 0.001304236301
843,1785497147.404925346,map,8.2009420395,6.8782682419,-1.4511375427,0.0251259672,0.0460260119,0.7476675286,0.6619996723,0.04299859476 0 0 0 0 0 0 0.04299859476 0 0 0 0 0 0 0.0944707998 0 0 0 0 0 0 0.0007543086496 0 0 0 0 0 0 0.0007543086496 0 0 0 0 0 0 0.001309812099
844,1785497147.504775763,map,8.2020874023,6.8801097870,-1.4528471231,0.0249224854,0.0459466258,0.7476979940,0.6619784583,0.04290470823 0 0 0 0 0 0 0.04290470823 0 0 0 0 0 0 0.09433161168 0 0 0 0 0 0 0.0007521386848 0 0 0 0 0 0 0.0007521386848 0 0 0 0 0 0 0.001306952152
845,1785497147.604739189,map,8.2030277252,6.8806166649,-1.4514726400,0.0248807603,0.0459466012,0.7476898310,0.6619892729,0.04258285041 0 0 0 0 0 0 0.04258285041 0 0 0 0 0 0 0.09385407545 0 0 0 0 0 0 0.0007447054527 0 0 0 0 0 0 0.0007447054527 0 0 0 0 0 0 0.001297147802
846,1785497147.704677820,map,8.2002811432,6.8793153763,-1.4507342577,0.0248751326,0.0460045916,0.7477056183,0.6619676027,0.04281538799 0 0 0 0 0 0 0.04281538799 0 0 0 0 0 0 0.09419914712 0 0 0 0 0 0 0.0007500749604 0 0 0 0 0 0 0.0007500749604 0 0 0 0 0 0 0.001304231302
847,1785497147.804785967,map,8.2011289597,6.8801398277,-1.4518009424,0.0250762392,0.0459654710,0.7476531046,0.6620220504,0.04266291685 0 0 0 0 0 0 0.04266291685 0 0 0 0 0 0 0.09397292379 0 0 0 0 0 0 0.0007465537337 0 0 0 0 0 0 0.0007465537337 0 0 0 0 0 0 0.001299586765
848,1785497147.904852152,map,8.2010259628,6.8789057732,-1.4497481585,0.0251763428,0.0459246504,0.7476213341,0.6620569799,0.04288986276 0 0 0 0 0 0 0.04288986276 0 0 0 0 0 0 0.09430959852 0 0 0 0 0 0 0.0007517956361 0 0 0 0 0 0 0.0007517956361 0 0 0 0 0 0 0.001306499933
849,1785497148.004705667,map,8.2075700760,6.8671765327,-1.4547094107,0.0257467608,0.0461985124,0.7477567086,0.6618630688,0.04284332791 0 0 0 0 0 0 0.04284332791 0 0 0 0 0 0 0.09424058769 0 0 0 0 0 0 0.0007507204325 0 0 0 0 0 0 0.0007507204325 0 0 0 0 0 0 0.0013050824
850,1785497148.204765797,map,8.2031183243,6.8702254295,-1.4533616304,0.0255370573,0.0461143530,0.7476968758,0.6619446516,0.04274147298 0 0 0 0 0 0 0.04274147298 0 0 0 0 0 0 0.09408949493 0 0 0 0 0 0 0.0007483676887 0 0 0 0 0 0 0.0007483676887 0 0 0 0 0 0 0.001301979722
851,1785497148.304878950,map,8.2006845474,6.8724312782,-1.4521340132,0.0253189256,0.0459444526,0.7476501793,0.6620175852,0.04287396787 0 0 0 0 0 0 0.04287396787 0 0 0 0 0 0 0.09428602789 0 0 0 0 0 0 0.0007514283583 0 0 0 0 0 0 0.0007514283583 0 0 0 0 0 0 0.001306015747
852,1785497148.404681683,map,8.1993093491,6.8646373749,-1.4538056850,0.0251641214,0.0458884090,0.7481490005,0.6614635984,0.04278596798 0 0 0 0 0 0 0.04278596798 0 0 0 0 0 0 0.09415550653 0 0 0 0 0 0 0.0007493953675 0 0 0 0 0 0 0.0007493953675 0 0 0 0 0 0 0.001303335117
853,1785497148.504638195,map,8.1992092133,6.8825387955,-1.4513634443,0.0252159820,0.0458976025,0.7478933693,0.6617499983,0.04260418833 0 0 0 0 0 0 0.04260418833 0 0 0 0 0 0 0.09388575242 0 0 0 0 0 0 0.0007451979703 0 0 0 0 0 0 0.0007451979703 0 0 0 0 0 0 0.001297797792
854,1785497148.604835033,map,8.2065267563,6.8838953972,-1.4524083138,0.0248565849,0.0458908402,0.7478009406,0.6618685158,0.04256672437 0 0 0 0 0 0 0.04256672437 0 0 0 0 0 0 0.09383013401 0 0 0 0 0 0 0.0007443332609 0 0 0 0 0 0 0.0007443332609 0 0 0 0 0 0 0.001296656575
855,1785497148.705008268,map,8.2030801773,6.8847923279,-1.4515457153,0.0247624833,0.0459582736,0.7477402135,0.6619359397,0.04276760538 0 0 0 0 0 0 0.04276760538 0 0 0 0 0 0 0.09412826562 0 0 0 0 0 0 0.000748971235 0 0 0 0 0 0 0.000748971235 0 0 0 0 0 0 0.00130277576
856,1785497148.804704905,map,8.2067117691,6.8877601624,-1.4508203268,0.0249360154,0.0459909785,0.7477858271,0.6618756357,0.04274036076 0 0 0 0 0 0 0.04274036076 0 0 0 0 0 0 0.09408784472 0 0 0 0 0 0 0.0007483420024 0 0 0 0 0 0 0.0007483420024 0 0 0 0 0 0 0.001301945841
857,1785497148.904645205,map,8.2076368332,6.8865361214,-1.4515779018,0.0246660501,0.0458275682,0.7477300581,0.6619600955,0.04262988745 0 0 0 0 0 0 0.04262988745 0 0 0 0 0 0 0.09392390031 0 0 0 0 0 0 0.0007457912046 0 0 0 0 0 0 0.0007457912046 0 0 0 0 0 0 0.001298580632
858,1785497149.004657269,map,8.2044639587,6.8862390518,-1.4523541927,0.0248607218,0.0459166365,0.7476838797,0.6619988071,0.0426010041 0 0 0 0 0 0 0.0426010041 0 0 0 0 0 0 0.09388102546 0 0 0 0 0 0 0.00074512447 0 0 0 0 0 0 0.00074512447 0 0 0 0 0 0 0.001297700795
859,1785497149.104809046,map,8.2030363083,6.8858108521,-1.4540041685,0.0249707997,0.0459555097,0.7476606525,0.6620181972,0.04263374743 0 0 0 0 0 0 0.04263374743 0 0 0 0 0 0 0.09392962976 0 0 0 0 0 0 0.0007458803127 0 0 0 0 0 0 0.0007458803127 0 0 0 0 0 0 0.001298698214
860,1785497149.204806089,map,8.1996412277,6.8892025948,-1.4517067671,0.0253356381,0.0460069248,0.7476057496,0.6620627685,0.04308290311 0 0 0 0 0 0 0.04308290311 0 0 0 0 0 0 0.094595746 0 0 0 0 0 0 0.0007562578788 0 0 0 0 0 0 0.0007562578788 0 0 0 0 0 0 0.001312380278
861,1785497149.304648876,map,8.1994667053,6.8908801079,-1.4513640404,0.0254335403,0.0459892164,0.7476290498,0.6620339432,0.04257758909 0 0 0 0 0 0 0.04257758909 0 0 0 0 0 0 0.09384626442 0 0 0 0 0 0 0.000744584018 0 0 0 0 0 0 0.000744584018 0 0 0 0 0 0 0.001296987533
862,1785497149.404649973,map,8.1968488693,6.8886785507,-1.4513641596,0.0254736609,0.0459473300,0.7476369206,0.6620264156,0.04282495029 0 0 0 0 0 0 0.04282495029 0 0 0 0 0 0 0.09421333044 0 0 0 0 0 0 0.0007502958623 0 0 0 0 0 0 0.0007502958623 0 0 0 0 0 0 0.001304522586
863,1785497149.504818201,map,8.1983680725,6.8897223473,-1.4512422085,0.0250253689,0.0459194327,0.7476508527,0.6620297046,0.04262490246 0 0 0 0 0 0 0.04262490246 0 0 0 0 0 0 0.09391650086 0 0 0 0 0 0 0.0007456761274 0 0 0 0 0 0 0.0007456761274 0 0 0 0 0 0 0.001298428781
864,1785497149.604882717,map,8.1985120773,6.8917226791,-1.4516364336,0.0250580706,0.0459732259,0.7476089451,0.6620720372,0.0426556303 0 0 0 0 0 0 0.0426556303 0 0 0 0 0 0 0.09396210935 0 0 0 0 0 0 0.0007463855055 0 0 0 0 0 0 0.0007463855055 0 0 0 0 0 0 0.001299364804
865,1785497149.704680443,map,8.2029590607,6.8931741714,-1.4509844780,0.0247950558,0.0458935891,0.7476023904,0.6620949037,0.04255497216 0 0 0 0 0 0 0.04255497216 0 0 0 0 0 0 0.09381268522 0 0 0 0 0 0 0.0007440620321 0 0 0 0 0 0 0.0007440620321 0 0 0 0 0 0 0.001296298582
866,1785497149.804611683,map,8.1996402740,6.8898253441,-1.4523311853,0.0249203208,0.0460254050,0.7476540511,0.6620227270,0.0427962335 0 0 0 0 0 0 0.0427962335 0 0 0 0 0 0 0.09417073459 0 0 0 0 0 0 0.0007496324893 0 0 0 0 0 0 0.0007496324893 0 0 0 0 0 0 0.001303647823
867,1785497149.904792786,map,8.2002954483,6.8925728798,-1.4534730911,0.0247168648,0.0459485274,0.7475994449,0.6620973330,0.04283804219 0 0 0 0 0 0 0.04283804219 0 0 0 0 0 0 0.09423274822 0 0 0 0 0 0 0.0007505983158 0 0 0 0 0 0 0.0007505983158 0 0 0 0 0 0 0.001304921388
868,1785497150.004902840,map,8.1992444992,6.8920040131,-1.4519199133,0.0247174284,0.0458939491,0.7475714972,0.6621326496,0.04282525397 0 0 0 0 0 0 0.04282525397 0 0 0 0 0 0 0.09421378086 0 0 0 0 0 0 0.0007503028779 0 0 0 0 0 0 0.0007503028779 0 0 0 0 0 0 0.001304531837
869,1785497150.104666233,map,8.2069473267,6.8816094398,-1.4508296251,0.0249235125,0.0458613583,0.7477418483,0.6619348113,0.04260500377 0 0 0 0 0 0 0.04260500377 0 0 0 0 0 0 0.09388696291 0 0 0 0 0 0 0.0007452167929 0 0 0 0 0 0 0.0007452167929 0 0 0 0 0 0 0.001297822632
870,1785497150.304794312,map,8.2017412186,6.8829727173,-1.4514144659,0.0249838577,0.0459156240,0.7477436789,0.6619267141,0.04252212332 0 0 0 0 0 0 0.04252212332 0 0 0 0 0 0 0.09376390957 0 0 0 0 0 0 0.0007433039782 0 0 0 0 0 0 0.0007433039782 0 0 0 0 0 0 0.001295297949
871,1785497150.404901028,map,8.2058744431,6.8839049339,-1.4515988827,0.0248923327,0.0458416959,0.7476486720,0.6620425976,0.04274068142 0 0 0 0 0 0 0.04274068142 0 0 0 0 0 0 0.09408832049 0 0 0 0 0 0 0.0007483494079 0 0 0 0 0 0 0.0007483494079 0 0 0 0 0 0 0.001301955609
872,1785497150.504719257,map,8.2122859955,6.8866400719,-1.4526766539,0.0247731233,0.0458090016,0.7475928593,0.6621123542,0.04258296188 0 0 0 0 0 0 0.04258296188 0 0 0 0 0 0 0.09385424094 0 0 0 0 0 0 0.0007447080255 0 0 0 0 0 0 0.0007447080255 0 0 0 0 0 0 0.001297151198
873,1785497150.604589939,map,8.2079010010,6.8836846352,-1.4528251886,0.0249197575,0.0458784061,0.7475761380,0.6621208851,0.04255576983 0 0 0 0 0 0 0.04255576983 0 0 0 0 0 0 0.09381386955 0 0 0 0 0 0 0.0007440804409 0 0 0 0 0 0 0.0007440804409 0 0 0 0 0 0 0.00129632288
874,1785497150.704722404,map,8.2039613724,6.8792986870,-1.4521614313,0.0248804872,0.0460084435,0.7476228054,0.6620606599,0.04288061591 0 0 0 0 0 0 0.04288061591 0 0 0 0 0 0 0.09429588647 0 0 0 0 0 0 0.0007515819695 0 0 0 0 0 0 0.0007515819695 0 0 0 0 0 0 0.001306218258
875,1785497150.804867744,map,8.2064399719,6.8825197220,-1.4511663914,0.0247421470,0.0459855551,0.7476777952,0.6620053502,0.04290006855 0 0 0 0 0 0 0.04290006855 0 0 0 0 0 0 0.09432473201 0 0 0 0 0 0 0.0007520314693 0 0 0 0 0 0 0.0007520314693 0 0 0 0 0 0 0.001306810819
876,1785497150.904790401,map,8.2250633240,6.8534145355,-1.4504592419,0.0245595392,0.0462851657,0.7487017001,0.6608330147,0.04287855197 0 0 0 0 0 0 0.04287855197 0 0 0 0 0 0 0.09429282582 0 0 0 0 0 0 0.0007515342792 0 0 0 0 0 0 0.0007515342792 0 0 0 0 0 0 0.001306155386
877,1785497151.004589319,map,8.2218236923,6.8699612617,-1.4521604776,0.0248064418,0.0460041673,0.7481323544,0.6614879164,0.04298001337 0 0 0 0 0 0 0.04298001337 0 0 0 0 0 0 0.09444325655 0 0 0 0 0 0 0.0007538791248 0 0 0 0 0 0 0.0007538791248 0 0 0 0 0 0 0.001309246078
878,1785497151.104665041,map,8.2231655121,6.8712415695,-1.4541132450,0.0243868524,0.0459592448,0.7479786628,0.6616804146,0.0428230281 0 0 0 0 0 0 0.0428230281 0 0 0 0 0 0 0.09421047939 0 0 0 0 0 0 0.0007502514566 0 0 0 0 0 0 0.0007502514566 0 0 0 0 0 0 0.001304464033
879,1785497151.204893589,map,8.2221107483,6.8703546524,-1.4527698755,0.0243426054,0.0459345039,0.7478652911,0.6618119236,0.04270810608 0 0 0 0 0 0 0.04270810608 0 0 0 0 0 0 0.09403998533 0 0 0 0 0 0 0.0007475971419 0 0 0 0 0 0 0.0007475971419 0 0 0 0 0 0 0.001300963308
880,1785497151.304660559,map,8.2218112946,6.8655571938,-1.4490205050,0.0243836087,0.0460869787,0.7477778632,0.6618985668,0.04274509031 0 0 0 0 0 0 0.04274509031 0 0 0 0 0 0 0.09409486192 0 0 0 0 0 0 0.0007484512299 0 0 0 0 0 0 0.0007484512299 0 0 0 0 0 0 0.001302089912
881,1785497151.404676437,map,8.2152338028,6.8699169159,-1.4500796795,0.0246060765,0.0460365632,0.7477058132,0.6619752225,0.04264805699 0 0 0 0 0 0 0.04264805699 0 0 0 0 0 0 0.09395086899 0 0 0 0 0 0 0.0007462106617 0 0 0 0 0 0 0.0007462106617 0 0 0 0 0 0 0.001299134108
882,1785497151.504623890,map,8.2097454071,6.8705072403,-1.4532569647,0.0246962948,0.0460594204,0.7476838281,0.6619950860,0.04284776653 0 0 0 0 0 0 0.04284776653 0 0 0 0 0 0 0.09424717065 0 0 0 0 0 0 0.0007508229802 0 0 0 0 0 0 0.0007508229802 0 0 0 0 0 0 0.001305217608
883,1785497151.604801655,map,8.2070226669,6.8705396652,-1.4534037113,0.0247053381,0.0460460440,0.7476358810,0.6620498183,0.04285482195 0 0 0 0 0 0 0.04285482195 0 0 0 0 0 0 0.09425763438 0 0 0 0 0 0 0.0007509859887 0 0 0 0 0 0 0.0007509859887 0 0 0 0 0 0 0.001305432529
884,1785497151.704992294,map,8.2039480209,6.8737087250,-1.4528698921,0.0249314812,0.0461476955,0.7475929163,0.6620827841,0.04263471046 0 0 0 0 0 0 0.04263471046 0 0 0 0 0 0 0.09393105918 0 0 0 0 0 0 0.0007459025444 0 0 0 0 0 0 0.0007459025444 0 0 0 0 0 0 0.001298727549
885,1785497151.804728985,map,8.2081594467,6.8732333183,-1.4550478458,0.0245438506,0.0460203573,0.7476010014,0.6620970109,0.04242454622 0 0 0 0 0 0 0.04242454622 0 0 0 0 0 0 0.09361898576 0 0 0 0 0 0 0.0007410527414 0 0 0 0 0 0 0.0007410527414 0 0 0 0 0 0 0.00129232558
886,1785497151.904626608,map,8.2060823441,6.8742485046,-1.4539958239,0.0248657613,0.0460453251,0.7475400607,0.6621520625,0.04292586512 0 0 0 0 0 0 0.04292586512 0 0 0 0 0 0 0.09436298139 0 0 0 0 0 0 0.0007526276104 0 0 0 0 0 0 0.0007526276104 0 0 0 0 0 0 0.001307596628
887,1785497152.004695654,map,8.2046251297,6.8780980110,-1.4541051388,0.0251091793,0.0460591376,0.7475520948,0.6621283469,0.04290825774 0 0 0 0 0 0 0.04290825774 0 0 0 0 0 0 0.09433687478 0 0 0 0 0 0 0.0007522207097 0 0 0 0 0 0 0.0007522207097 0 0 0 0 0 0 0.001307060276
888,1785497152.105019093,map,8.2292261124,6.8569631577,-1.4543861151,0.0245989151,0.0460778054,0.7476008140,0.6620911973,0.04275904269 0 0 0 0 0 0 0.04275904269 0 0 0 0 0 0 0.09411556222 0 0 0 0 0 0 0.0007487734671 0 0 0 0 0 0 0.0007487734671 0 0 0 0 0 0 0.001302514926
889,1785497152.304612637,map,8.2243251801,6.8603792191,-1.4544165134,0.0245560032,0.0460524310,0.7476862763,0.6619980403,0.04271740579 0 0 0 0 0 0 0.04271740579 0 0 0 0 0 0 0.09405378482 0 0 0 0 0 0 0.0007478118918 0 0 0 0 0 0 0.0007478118918 0 0 0 0 0 0 0.001301246593
890,1785497152.404641390,map,8.2203998566,6.8590903282,-1.4553921223,0.0244772695,0.0460149545,0.7476015734,0.6620992151,0.04260936352 0 0 0 0 0 0 0.04260936352 0 0 0 0 0 0 0.09389343479 0 0 0 0 0 0 0.0007453174289 0 0 0 0 0 0 0.0007453174289 0 0 0 0 0 0 0.001297955437
891,1785497152.504827976,map,8.2172260284,6.8641695976,-1.4545508623,0.0244922785,0.0460867199,0.7475968900,0.6620989380,0.04266558772 0 0 0 0 0 0 0.04266558772 0 0 0 0 0 0 0.09397688773 0 0 0 0 0 0 0.0007466153985 0 0 0 0 0 0 0.0007466153985 0 0 0 0 0 0 0.001299668124
892,1785497152.604788780,map,8.2121601105,6.8715367317,-1.4539978504,0.0247450847,0.0461932998,0.7475444639,0.6621413251,0.04262838987 0 0 0 0 0 0 0.04262838987 0 0 0 0 0 0 0.0939216774 0 0 0 0 0 0 0.0007457566331 0 0 0 0 0 0 0.0007457566331 0 0 0 0 0 0 0.001298535013
893,1785497152.704608917,map,8.2149791718,6.8683638573,-1.4559477568,0.0245557463,0.0460559946,0.7475494136,0.6621523494,0.04270268603 0 0 0 0 0 0 0.04270268603 0 0 0 0 0 0 0.0940319425 0 0 0 0 0 0 0.000747471985 0 0 0 0 0 0 0.000747471985 0 0 0 0 0 0 0.001300798204
894,1785497152.804603815,map,8.2099046707,6.8689064980,-1.4543440342,0.0248046197,0.0461106839,0.7475527691,0.6621354838,0.0427903173 0 0 0 0 0 0 0.0427903173 0 0 0 0 0 0 0.09416195846 0 0 0 0 0 0 0.0007494958308 0 0 0 0 0 0 0.0007494958308 0 0 0 0 0 0 0.001303467605
895,1785497152.904983759,map,8.2088441849,6.8679051399,-1.4527807236,0.0247224139,0.0460469142,0.7475100871,0.6621911721,0.04251161801 0 0 0 0 0 0 0.04251161801 0 0 0 0 0 0 0.09374830944 0 0 0 0 0 0 0.0007430615666 0 0 0 0 0 0 0.0007430615666 0 0 0 0 0 0 0.001294977939
896,1785497153.004834652,map,8.2091188431,6.8621072769,-1.4532406330,0.0247477731,0.0461487705,0.7477111793,0.6619560829,0.0425409437 0 0 0 0 0 0 0.0425409437 0 0 0 0 0 0 0.09379185578 0 0 0 0 0 0 0.0007437382852 0 0 0 0 0 0 0.0007437382852 0 0 0 0 0 0 0.00129587125
897,1785497153.104673386,map,8.2072153091,6.8683991432,-1.4544064999,0.0247229812,0.0461788283,0.7476526022,0.6620210403,0.04284892312 0 0 0 0 0 0 0.04284892312 0 0 0 0 0 0 0.09424888599 0 0 0 0 0 0 0.0007508497019 0 0 0 0 0 0 0.0007508497019 0 0 0 0 0 0 0.00130525284
898,1785497153.204589844,map,8.2025012970,6.8735723495,-1.4530733824,0.0250631549,0.0461717266,0.7476259920,0.6620388036,0.04284646978 0 0 0 0 0 0 0.04284646978 0 0 0 0 0 0 0.09424524743 0 0 0 0 0 0 0.0007507930204 0 0 0 0 0 0 0.0007507930204 0 0 0 0 0 0 0.001305178107
899,1785497153.304753065,map,8.2001762390,6.8750319481,-1.4534871578,0.0251882857,0.0460555301,0.7476726598,0.6619894290,0.04270524365 0 0 0 0 0 0 0.04270524365 0 0 0 0 0 0 0.09403573779 0 0 0 0 0 0 0.0007475310439 0 0 0 0 0 0 0.0007475310439 0 0 0 0 0 0 0.001300876113
900,1785497153.404935598,map,8.1975469589,6.8782763481,-1.4537407160,0.0253030830,0.0458669801,0.7475737148,0.6621098757,0.04263087274 0 0 0 0 0 0 0.04263087274 0 0 0 0 0 0 0.09392536281 0 0 0 0 0 0 0.00074581395 0 0 0 0 0 0 0.00074581395 0 0 0 0 0 0 0.001298610646
901,1785497153.504787445,map,8.2029314041,6.8751749992,-1.4528828859,0.0249102742,0.0458630044,0.7475202523,0.6621854564,0.04272992329 0 0 0 0 0 0 0.04272992329 0 0 0 0 0 0 0.0940723583 0 0 0 0 0 0 0.0007481009592 0 0 0 0 0 0 0.0007481009592 0 0 0 0 0 0 0.001301627898
902,1785497153.604598522,map,8.2000055313,6.8768901825,-1.4531419277,0.0251262396,0.0460213753,0.7474838628,0.6622073669,0.0424901861 0 0 0 0 0 0 0.0424901861 0 0 0 0 0 0 0.09371648164 0 0 0 0 0 0 0.0007425670518 0 0 0 0 0 0 0.0007425670518 0 0 0 0 0 0 0.001294325086
903,1785497153.704653740,map,8.1999635696,6.8807530403,-1.4562959671,0.0249678305,0.0459278341,0.7474990855,0.6622026724,0.04273508942 0 0 0 0 0 0 0.04273508942 0 0 0 0 0 0 0.09408002353 0 0 0 0 0 0 0.0007482202647 0 0 0 0 0 0 0.0007482202647 0 0 0 0 0 0 0.001301785267
904,1785497153.804925919,map,8.1998882294,6.8806242943,-1.4520497322,0.0251890707,0.0458337884,0.7474568901,0.6622484281,0.0426106925 0 0 0 0 0 0 0.0426106925 0 0 0 0 0 0 0.09389540759 0 0 0 0 0 0 0.0007453481061 0 0 0 0 0 0 0.0007453481061 0 0 0 0 0 0 0.001297995921
905,1785497153.904572725,map,8.1992692947,6.8791818619,-1.4520517588,0.0251058387,0.0457556172,0.7475176859,0.6621883677,0.04281274785 0 0 0 0 0 0 0.04281274785 0 0 0 0 0 0 0.09419523103 0 0 0 0 0 0 0.0007500139709 0 0 0 0 0 0 0.0007500139709 0 0 0 0 0 0 0.001304150878
906,1785497154.004580975,map,8.2003717422,6.8731427193,-1.4509303570,0.0249616247,0.0459918148,0.7475341739,0.6621588517,0.04282038511 0 0 0 0 0 0 0.04282038511 0 0 0 0 0 0 0.09420655919 0 0 0 0 0 0 0.0007501903996 0 0 0 0 0 0 0.0007501903996 0 0 0 0 0 0 0.001304383523
907,1785497154.104624271,map,8.2057037354,6.8740191460,-1.4533582926,0.0249114407,0.0458977853,0.7475695635,0.6621273061,0.04275401611 0 0 0 0 0 0 0.04275401611 0 0 0 0 0 0 0.09410810471 0 0 0 0 0 0 0.0007486573738 0 0 0 0 0 0 0.0007486573738 0 0 0 0 0 0 0.001302361807
908,1785497154.204832554,map,8.2304525375,6.8613605499,-1.4556956291,0.0243732048,0.0459815290,0.7476318882,0.6620711327,0.04272027416 0 0 0 0 0 0 0.04272027416 0 0 0 0 0 0 0.09405804099 0 0 0 0 0 0 0.0007478781301 0 0 0 0 0 0 0.0007478781301 0 0 0 0 0 0 0.001301333969
909,1785497154.404561281,map,8.2234277725,6.8671131134,-1.4570729733,0.0244575545,0.0460478528,0.7475717504,0.6621313091,0.04263357625 0 0 0 0 0 0 0.04263357625 0 0 0 0 0 0 0.09392937567 0 0 0 0 0 0 0.0007458763608 0 0 0 0 0 0 0.0007458763608 0 0 0 0 0 0 0.001298692999
910,1785497154.504654169,map,8.2149524689,6.8692059517,-1.4529236555,0.0244896523,0.0458518056,0.7475456214,0.6621732498,0.04267730457 0 0 0 0 0 0 0.04267730457 0 0 0 0 0 0 0.09399427667 0 0 0 0 0 0 0.0007468859236 0 0 0 0 0 0 0.0007468859236 0 0 0 0 0 0 0.00130002504
911,1785497154.605011940,map,8.2141227722,6.8701896667,-1.4541481733,0.0242465806,0.0457859476,0.7474814717,0.6622591637,0.04274900479 0 0 0 0 0 0 0.04274900479 0 0 0 0 0 0 0.0941006697 0 0 0 0 0 0 0.000748541635 0 0 0 0 0 0 0.000748541635 0 0 0 0 0 0 0.001302209154
912,1785497154.704913616,map,8.2085847855,6.8720822334,-1.4528414011,0.0244915878,0.0457284524,0.7474616952,0.6622764467,0.04275447051 0 0 0 0 0 0 0.04275447051 0 0 0 0 0 0 0.09410877888 0 0 0 0 0 0 0.0007486678686 0 0 0 0 0 0 0.0007486678686 0 0 0 0 0 0 0.001302375649
913,1785497154.804617643,map,8.2068300247,6.8729705811,-1.4537099600,0.0248477102,0.0459181949,0.7474959041,0.6622114314,0.04267799277 0 0 0 0 0 0 0.04267799277 0 0 0 0 0 0 0.09399529799 0 0 0 0 0 0 0.0007469018133 0 0 0 0 0 0 0.0007469018133 0 0 0 0 0 0 0.001300046004
914,1785497154.904589653,map,8.2064819336,6.8737792969,-1.4538013935,0.0246246180,0.0457838901,0.7474379012,0.6622945392,0.04261318637 0 0 0 0 0 0 0.04261318637 0 0 0 0 0 0 0.09389910958 0 0 0 0 0 0 0.0007454056731 0 0 0 0 0 0 0.0007454056731 0 0 0 0 0 0 0.001298071888
915,1785497155.004757404,map,8.2013006210,6.8729858398,-1.4534856081,0.0247888332,0.0457961285,0.7475090018,0.6622073036,0.04264100367 0 0 0 0 0 0 0.04264100367 0 0 0 0 0 0 0.09394040012 0 0 0 0 0 0 0.0007460478273 0 0 0 0 0 0 0.0007460478273 0 0 0 0 0 0 0.001298919252
916,1785497155.104776859,map,8.1967926025,6.8756852150,-1.4518513680,0.0251365435,0.0458677188,0.7475432154,0.6621506236,0.04287127582 0 0 0 0 0 0 0.04287127582 0 0 0 0 0 0 0.09428203569 0 0 0 0 0 0 0.0007513661562 0 0 0 0 0 0 0.0007513661562 0 0 0 0 0 0 0.001305933742
917,1785497155.204527140,map,8.1991472244,6.8757710457,-1.4511380196,0.0251101367,0.0460266718,0.7474903386,0.6622002745,0.04263588152 0 0 0 0 0 0 0.04263588152 0 0 0 0 0 0 0.09393279739 0 0 0 0 0 0 0.0007459295789 0 0 0 0 0 0 0.0007459295789 0 0 0 0 0 0 0.001298763222
918,1785497155.304631472,map,8.1964797974,6.8756933212,-1.4516760111,0.0252370282,0.0457800887,0.7475397060,0.6621568418,0.04267309346 0 0 0 0 0 0 0.04267309346 0 0 0 0 0 0 0.09398802705 0 0 0 0 0 0 0.0007467886936 0 0 0 0 0 0 0.0007467886936 0 0 0 0 0 0 0.001299896762
919,1785497155.404851675,map,8.1963596344,6.8754739761,-1.4543287754,0.0248070323,0.0455548166,0.7475124456,0.6622193830,0.04282936515 0 0 0 0 0 0 0.04282936515 0 0 0 0 0 0 0.09421987862 0 0 0 0 0 0 0.0007503978542 0 0 0 0 0 0 0.0007503978542 0 0 0 0 0 0 0.00130465707
920,1785497155.604584932,map,8.1941099167,6.8831243515,-1.4546693563,0.0253080488,0.0453799458,0.7476177898,0.6620935238,0.04267480007 0 0 0 0 0 0 0.04267480007 0 0 0 0 0 0 0.0939905598 0 0 0 0 0 0 0.0007468280972 0 0 0 0 0 0 0.0007468280972 0 0 0 0 0 0 0.001299948749
921,1785497155.704611540,map,8.1940374374,6.8877992630,-1.4538252354,0.0252781802,0.0454961037,0.7476221020,0.6620818121,0.04263383557 0 0 0 0 0 0 0.04263383557 0 0 0 0 0 0 0.09392976058 0 0 0 0 0 0 0.0007458823473 0 0 0 0 0 0 0.0007458823473 0 0 0 0 0 0 0.001298700899
922,1785497155.804834366,map,8.2081880569,6.8868422508,-1.4544425011,0.0246996740,0.0456067327,0.7477317610,0.6619721991,0.04273215783 0 0 0 0 0 0 0.04273215783 0 0 0 0 0 0 0.0940756738 0 0 0 0 0 0 0.0007481525628 0 0 0 0 0 0 0.0007481525628 0 0 0 0 0 0 0.001301695966
923,1785497156.104463339,map,8.1966638565,6.9011521339,-1.4528414011,0.0251803401,0.0457639581,0.7476683072,0.6620148673,0.04262309672 0 0 0 0 0 0 0.04262309672 0 0 0 0 0 0 0.09391382049 0 0 0 0 0 0 0.000745634443 0 0 0 0 0 0 0.000745634443 0 0 0 0 0 0 0.001298373775
924,1785497156.205120564,map,8.1956567764,6.8955335617,-1.4510078430,0.0252525091,0.0458476480,0.7476539745,0.6620225357,0.04283169399 0 0 0 0 0 0 0.04283169399 0 0 0 0 0 0 0.09422333275 0 0 0 0 0 0 0.0007504516557 0 0 0 0 0 0 0.0007504516557 0 0 0 0 0 0 0.001304728011
925,1785497156.304843664,map,8.1924333572,6.8983674049,-1.4527827501,0.0253621557,0.0458232574,0.7475789918,0.6621047037,0.04250332048 0 0 0 0 0 0 0.04250332048 0 0 0 0 0 0 0.09373598737 0 0 0 0 0 0 0.0007428701065 0 0 0 0 0 0 0.0007428701065 0 0 0 0 0 0 0.001294725182
926,1785497156.404601097,map,8.1995286942,6.8960385323,-1.4536983967,0.0248737149,0.0457586223,0.7475741427,0.6621331967,0.0426943889 0 0 0 0 0 0 0.0426943889 0 0 0 0 0 0 0.09401963005 0 0 0 0 0 0 0.000747280397 0 0 0 0 0 0 0.000747280397 0 0 0 0 0 0 0.001300545459
927,1785497156.504559994,map,8.1974248886,6.8972415924,-1.4523814917,0.0251735374,0.0457501248,0.7475981032,0.6620953918,0.04273707655 0 0 0 0 0 0 0.04273707655 0 0 0 0 0 0 0.0940829719 0 0 0 0 0 0 0.0007482661559 0 0 0 0 0 0 0.0007482661559 0 0 0 0 0 0 0.001301845799
928,1785497156.604955196,map,8.1989755630,6.8978829384,-1.4520022869,0.0252255221,0.0455907061,0.7475600662,0.6621473788,0.04280546189 0 0 0 0 0 0 0.04280546189 0 0 0 0 0 0 0.09418442365 0 0 0 0 0 0 0.0007498456623 0 0 0 0 0 0 0.0007498456623 0 0 0 0 0 0 0.001303928935
929,1785497156.704623699,map,8.1951341629,6.8981852531,-1.4533671141,0.0252868960,0.0455766755,0.7475508977,0.6621563172,0.04262430562 0 0 0 0 0 0 0.04262430562 0 0 0 0 0 0 0.09391561494 0 0 0 0 0 0 0.0007456623497 0 0 0 0 0 0 0.0007456623497 0 0 0 0 0 0 0.0012984106
930,1785497156.804605484,map,8.1923637390,6.8999662399,-1.4528287649,0.0253818192,0.0456444531,0.7475306907,0.6621708476,0.0426569337 0 0 0 0 0 0 0.0426569337 0 0 0 0 0 0 0.09396404384 0 0 0 0 0 0 0.0007464155975 0 0 0 0 0 0 0.0007464155975 0 0 0 0 0 0 0.001299404508
931,1785497156.904532433,map,8.1863994598,6.8971066475,-1.4516456127,0.0253581421,0.0456210619,0.7475120832,0.6621943675,0.04287308301 0 0 0 0 0 0 0.04287308301 0 0 0 0 0 0 0.09428471568 0 0 0 0 0 0 0.0007514079127 0 0 0 0 0 0 0.0007514079127 0 0 0 0 0 0 0.001305988792
932,1785497157.004705191,map,8.1887159348,6.9012680054,-1.4521058798,0.0252372698,0.0456035427,0.7475133456,0.6621987710,0.0429238843 0 0 0 0 0 0 0.0429238843 0 0 0 0 0 0 0.0943600445 0 0 0 0 0 0 0.0007525818329 0 0 0 0 0 0 0.0007525818329 0 0 0 0 0 0 0.001307536288
933,1785497157.104868174,map,8.1856603622,6.9035491943,-1.4524620771,0.0250545248,0.0456196818,0.7474676729,0.6622561388,0.04289887679 0 0 0 0 0 0 0.04289887679 0 0 0 0 0 0 0.09432296485 0 0 0 0 0 0 0.0007520039298 0 0 0 0 0 0 0.0007520039298 0 0 0 0 0 0 0.001306774516
934,1785497157.204738617,map,8.1881704330,6.9028587341,-1.4513728619,0.0250830066,0.0456554938,0.7474839663,0.6622341877,0.04245825762 0 0 0 0 0 0 0.04245825762 0 0 0 0 0 0 0.09366906088 0 0 0 0 0 0 0.0007418304158 0 0 0 0 0 0 0.0007418304158 0 0 0 0 0 0 0.001293352489
935,1785497157.304545164,map,8.1882667542,6.8983616829,-1.4501227140,0.0250440717,0.0458188878,0.7474310049,0.6622841824,0.04282214464 0 0 0 0 0 0 0.04282214464 0 0 0 0 0 0 0.094209169 0 0 0 0 0 0 0.0007502310472 0 0 0 0 0 0 0.0007502310472 0 0 0 0 0 0 0.001304437121
936,1785497157.404679537,map,8.1900320053,6.8972935677,-1.4525309801,0.0250764804,0.0458360763,0.7474241797,0.6622894726,0.04250355662 0 0 0 0 0 0 0.04250355662 0 0 0 0 0 0 0.09373633805 0 0 0 0 0 0 0.0007428755552 0 0 0 0 0 0 0.0007428755552 0 0 0 0 0 0 0.001294732375
937,1785497157.504778385,map,8.1900606155,6.8924560547,-1.4509260654,0.0246293863,0.0457946175,0.7474360329,0.6622957162,0.04267896525 0 0 0 0 0 0 0.04267896525 0 0 0 0 0 0 0.09399674121 0 0 0 0 0 0 0.0007469242671 0 0 0 0 0 0 0.0007469242671 0 0 0 0 0 0 0.001300075627
938,1785497157.605028152,map,8.1876754761,6.8929810524,-1.4512884617,0.0248776060,0.0458122098,0.7474625882,0.6622552613,0.04271234975 0 0 0 0 0 0 0.04271234975 0 0 0 0 0 0 0.09404628242 0 0 0 0 0 0 0.0007476951363 0 0 0 0 0 0 0.0007476951363 0 0 0 0 0 0 0.001301092577
939,1785497157.704531908,map,8.1876945496,6.8943896294,-1.4516515732,0.0249473972,0.0456892187,0.7474151523,0.6623146574,0.04257578068 0 0 0 0 0 0 0.04257578068 0 0 0 0 0 0 0.09384357959 0 0 0 0 0 0 0.0007445422792 0 0 0 0 0 0 0.0007445422792 0 0 0 0 0 0 0.001296932446
940,1785497157.804710865,map,8.1870050430,6.8938341141,-1.4530404806,0.0251319358,0.0458615238,0.7474368368,0.6622713195,0.04269939505 0 0 0 0 0 0 0.04269939505 0 0 0 0 0 0 0.09402705893 0 0 0 0 0 0 0.0007473959927 0 0 0 0 0 0 0.0007473959927 0 0 0 0 0 0 0.001300697955
941,1785497157.904941082,map,8.1875829697,6.8957390785,-1.4518524408,0.0252139822,0.0458174900,0.7473940035,0.6623195621,0.0428410949 0 0 0 0 0 0 0.0428410949 0 0 0 0 0 0 0.09423727584 0 0 0 0 0 0 0.0007506688427 0 0 0 0 0 0 0.0007506688427 0 0 0 0 0 0 0.001305014379
942,1785497158.004737616,map,8.1906690598,6.8940925598,-1.4533604383,0.0248306460,0.0457535441,0.7474034353,0.6623278317,0.04261492535 0 0 0 0 0 0 0.04261492535 0 0 0 0 0 0 0.09390169095 0 0 0 0 0 0 0.0007454458148 0 0 0 0 0 0 0.0007454458148 0 0 0 0 0 0 0.00129812486
943,1785497158.104361057,map,8.2170372009,6.8737196922,-1.4543771744,0.0247401409,0.0457754799,0.7478829379,0.6617882183,0.0427155202 0 0 0 0 0 0 0.0427155202 0 0 0 0 0 0 0.0940509869 0 0 0 0 0 0 0.000747768349 0 0 0 0 0 0 0.000747768349 0 0 0 0 0 0 0.001301189155
944,1785497158.304794312,map,8.2123088837,6.8767662048,-1.4536311626,0.0245194425,0.0458161501,0.7477271062,0.6619696639,0.04278147904 0 0 0 0 0 0 0.04278147904 0 0 0 0 0 0 0.09414884736 0 0 0 0 0 0 0.0007492916809 0 0 0 0 0 0 0.0007492916809 0 0 0 0 0 0 0.001303198376
945,1785497158.404734135,map,8.2098436356,6.8748307228,-1.4516130686,0.0242537738,0.0458368136,0.7476714731,0.6620408630,0.04265255007 0 0 0 0 0 0 0.04265255007 0 0 0 0 0 0 0.0939575377 0 0 0 0 0 0 0.0007463143922 0 0 0 0 0 0 0.0007463143922 0 0 0 0 0 0 0.001299270975
946,1785497158.504541397,map,8.2073812485,6.8717441559,-1.4519723654,0.0240139020,0.0459242436,0.7476016535,0.6621223648,0.04271164819 0 0 0 0 0 0 0.04271164819 0 0 0 0 0 0 0.09404524139 0 0 0 0 0 0 0.0007476789358 0 0 0 0 0 0 0.0007476789358 0 0 0 0 0 0 0.001301071207
947,1785497158.604575634,map,8.2078475952,6.8686399460,-1.4517648220,0.0238571360,0.0460043202,0.7475885744,0.6621372574,0.04277295955 0 0 0 0 0 0 0.04277295955 0 0 0 0 0 0 0.09413620873 0 0 0 0 0 0 0.0007490949007 0 0 0 0 0 0 0.0007490949007 0 0 0 0 0 0 0.001302938858
948,1785497158.704791069,map,8.2104663849,6.8647208214,-1.4488582611,0.0237932911,0.0460894312,0.7476006170,0.6621200538,0.04266775355 0 0 0 0 0 0 0.04266775355 0 0 0 0 0 0 0.0939801021 0 0 0 0 0 0 0.0007466654036 0 0 0 0 0 0 0.0007466654036 0 0 0 0 0 0 0.0012997341
949,1785497158.804764986,map,8.2113552094,6.8637270927,-1.4480018616,0.0237498984,0.0462050939,0.7476103322,0.6621025600,0.04255020027 0 0 0 0 0 0 0.04255020027 0 0 0 0 0 0 0.09380560005 0 0 0 0 0 0 0.0007439519052 0 0 0 0 0 0 0.0007439519052 0 0 0 0 0 0 0.001296153222
950,1785497158.904570341,map,8.2148809433,6.8634047508,-1.4496232271,0.0237540317,0.0462388547,0.7475902329,0.6621227727,0.04266728772 0 0 0 0 0 0 0.04266728772 0 0 0 0 0 0 0.09397941075 0 0 0 0 0 0 0.0007466546484 0 0 0 0 0 0 0.0007466546484 0 0 0 0 0 0 0.00129971991
951,1785497159.004539490,map,8.2179069519,6.8585886955,-1.4508751631,0.0235291259,0.0463836074,0.7475660193,0.6621480061,0.04244628378 0 0 0 0 0 0 0.04244628378 0 0 0 0 0 0 0.09365127561 0 0 0 0 0 0 0.0007415541848 0 0 0 0 0 0 0.0007415541848 0 0 0 0 0 0 0.001292987744
952,1785497159.105870008,map,8.2223014832,6.8549008369,-1.4491342306,0.0230166409,0.0462020201,0.7475531823,0.6621931833,0.04256832749 0 0 0 0 0 0 0.04256832749 0 0 0 0 0 0 0.09383251413 0 0 0 0 0 0 0.00074437026 0 0 0 0 0 0 0.00074437026 0 0 0 0 0 0 0.001296705408
953,1785497159.204728127,map,8.2182464600,6.8589563370,-1.4485480785,0.0235100308,0.0461784695,0.7475360528,0.6621968555,0.0428891556 0 0 0 0 0 0 0.0428891556 0 0 0 0 0 0 0.09430854989 0 0 0 0 0 0 0.0007517792954 0 0 0 0 0 0 0.0007517792954 0 0 0 0 0 0 0.001306478391
954,1785497159.304553986,map,8.2159576416,6.8646636009,-1.4505325556,0.0237738441,0.0462051558,0.7474985661,0.6622278915,0.04267515031 0 0 0 0 0 0 0.04267515031 0 0 0 0 0 0 0.09399107958 0 0 0 0 0 0 0.0007468361838 0 0 0 0 0 0 0.0007468361838 0 0 0 0 0 0 0.001299959417
955,1785497159.404622078,map,8.2168092728,6.8680238724,-1.4522037506,0.0243229090,0.0460814147,0.7474775026,0.6622403727,0.0425206297 0 0 0 0 0 0 0.0425206297 0 0 0 0 0 0 0.09376169162 0 0 0 0 0 0 0.0007432695122 0 0 0 0 0 0 0.0007432695122 0 0 0 0 0 0 0.001295252451
956,1785497159.504715919,map,8.2041597366,6.8790369034,-1.4514344931,0.0248763311,0.0460211806,0.7475578347,0.6621333093,0.04273144136 0 0 0 0 0 0 0.04273144136 0 0 0 0 0 0 0.09407461075 0 0 0 0 0 0 0.000748136017 0 0 0 0 0 0 0.000748136017 0 0 0 0 0 0 0.001301674141
957,1785497159.604746580,map,8.1995086670,6.8856606483,-1.4531688690,0.0252661998,0.0460618214,0.7476161900,0.6620498155,0.04240845535 0 0 0 0 0 0 0.04240845535 0 0 0 0 0 0 0.093595082 0 0 0 0 0 0 0.0007406815828 0 0 0 0 0 0 0.0007406815828 0 0 0 0 0 0 0.001291835425
958,1785497159.704550743,map,8.1928529739,6.8857202530,-1.4549543858,0.0254379088,0.0459955001,0.7478181446,0.6618197533,0.04258713107 0 0 0 0 0 0 0.04258713107 0 0 0 0 0 0 0.09386043046 0 0 0 0 0 0 0.0007448042547 0 0 0 0 0 0 0.0007448042547 0 0 0 0 0 0 0.001297278198
959,1785497159.804536819,map,8.2021713257,6.8890752792,-1.4537047148,0.0251089511,0.0458481140,0.7478417690,0.6618158230,0.04267067292 0 0 0 0 0 0 0.04267067292 0 0 0 0 0 0 0.09398443476 0 0 0 0 0 0 0.000746732807 0 0 0 0 0 0 0.000746732807 0 0 0 0 0 0 0.001299823029
960,1785497159.904679775,map,8.2018365860,6.8891487122,-1.4540185928,0.0248118850,0.0458243002,0.7477479662,0.6619346565,0.04274352288 0 0 0 0 0 0 0.04274352288 0 0 0 0 0 0 0.09409253635 0 0 0 0 0 0 0.0007484150303 0 0 0 0 0 0 0.0007484150303 0 0 0 0 0 0 0.001302042165
961,1785497160.004761457,map,8.2011909485,6.8901429176,-1.4517914057,0.0246968110,0.0457688058,0.7476893164,0.6620090403,0.04250499669 0 0 0 0 0 0 0.04250499669 0 0 0 0 0 0 0.09373847663 0 0 0 0 0 0 0.0007429087836 0 0 0 0 0 0 0.0007429087836 0 0 0 0 0 0 0.001294776242
962,1785497160.104570866,map,8.2019491196,6.8865389824,-1.4515196085,0.0245719980,0.0457764646,0.7476738761,0.6620305839,0.0428604634 0 0 0 0 0 0 0.0428604634 0 0 0 0 0 0 0.0942660009 0 0 0 0 0 0 0.0007511163321 0 0 0 0 0 0 0.0007511163321 0 0 0 0 0 0 0.001305604377
963,1785497160.204542160,map,8.2315187454,6.8587894440,-1.4505764246,0.0238608661,0.0459568101,0.7476254322,0.6620988142,0.04290580271 0 0 0 0 0 0 0.04290580271 0 0 0 0 0 0 0.09433323455 0 0 0 0 0 0 0.0007521639768 0 0 0 0 0 0 0.0007521639768 0 0 0 0 0 0 0.001306985492
964,1785497160.404960155,map,8.2035884857,6.8777155876,-1.4521714449,0.0252351832,0.0458802923,0.7474793561,0.6622180976,0.0426683465 0 0 0 0 0 0 0.0426683465 0 0 0 0 0 0 0.0939809821 0 0 0 0 0 0 0.0007466790937 0 0 0 0 0 0 0.0007466790937 0 0 0 0 0 0 0.001299752162
965,1785497160.504428148,map,8.2031717300,6.8795542717,-1.4540655613,0.0252959005,0.0458325462,0.7475541021,0.6621347017,0.04256164114 0 0 0 0 0 0 0.04256164114 0 0 0 0 0 0 0.0938225869 0 0 0 0 0 0 0.0007442159436 0 0 0 0 0 0 0.0007442159436 0 0 0 0 0 0 0.00129650173
966,1785497160.604481697,map,8.2098865509,6.8785448074,-1.4558804035,0.0246822653,0.0456051842,0.7474962138,0.6622388862,0.04268860748 0 0 0 0 0 0 0.04268860748 0 0 0 0 0 0 0.09401105053 0 0 0 0 0 0 0.0007471469025 0 0 0 0 0 0 0.0007471469025 0 0 0 0 0 0 0.001300369347
967,1785497160.704649687,map,8.2096490860,6.8785114288,-1.4537352324,0.0243254045,0.0455294156,0.7474892599,0.6622651615,0.04274784446 0 0 0 0 0 0 0.04274784446 0 0 0 0 0 0 0.09409894817 0 0 0 0 0 0 0.0007485148371 0 0 0 0 0 0 0.0007485148371 0 0 0 0 0 0 0.001302173808
968,1785497160.804833412,map,8.2107238770,6.8850164413,-1.4544855356,0.0244204091,0.0455180905,0.7474294068,0.6623299971,0.04268022348 0 0 0 0 0 0 0.04268022348 0 0 0 0 0 0 0.09399860848 0 0 0 0 0 0 0.0007469533188 0 0 0 0 0 0 0.0007469533188 0 0 0 0 0 0 0.001300113955
969,1785497160.904468775,map,8.2142515182,6.8881607056,-1.4551976919,0.0241020688,0.0454394568,0.7473831487,0.6623992229,0.04281117256 0 0 0 0 0 0 0.04281117256 0 0 0 0 0 0 0.09419289439 0 0 0 0 0 0 0.0007499775805 0 0 0 0 0 0 0.0007499775805 0 0 0 0 0 0 0.001304102892
970,1785497161.004498720,map,8.2113866806,6.8835844994,-1.4517879486,0.0245957712,0.0456839875,0.7473892469,0.6623573922,0.04263902589 0 0 0 0 0 0 0.04263902589 0 0 0 0 0 0 0.09393746454 0 0 0 0 0 0 0.0007460021685 0 0 0 0 0 0 0.0007460021685 0 0 0 0 0 0 0.001298859005
971,1785497161.104582310,map,8.2065038681,6.8837766647,-1.4543198347,0.0247073927,0.0458005453,0.7473513899,0.6623879131,0.04276472496 0 0 0 0 0 0 0.04276472496 0 0 0 0 0 0 0.09412399235 0 0 0 0 0 0 0.0007489047069 0 0 0 0 0 0 0.0007489047069 0 0 0 0 0 0 0.001302688018
972,1785497161.204795599,map,8.2004270554,6.8827390671,-1.4516198635,0.0245620200,0.0459805572,0.7473399481,0.6623937874,0.04274971873 0 0 0 0 0 0 0.04274971873 0 0 0 0 0 0 0.09410172895 0 0 0 0 0 0 0.0007485581238 0 0 0 0 0 0 0.0007485581238 0 0 0 0 0 0 0.001302230902
973,1785497161.304661751,map,8.1971311569,6.8852925301,-1.4555833340,0.0247157626,0.0459243549,0.7473831170,0.6623432258,0.04256543645 0 0 0 0 0 0 0.04256543645 0 0 0 0 0 0 0.09382822184 0 0 0 0 0 0 0.0007443035364 0 0 0 0 0 0 0.0007443035364 0 0 0 0 0 0 0.001296617342
974,1785497161.404470205,map,8.1959981918,6.8872509003,-1.4541220665,0.0248704632,0.0459357221,0.7474421942,0.6622700215,0.04262566368 0 0 0 0 0 0 0.04262566368 0 0 0 0 0 0 0.09391763078 0 0 0 0 0 0 0.0007456936997 0 0 0 0 0 0 0.0007456936997 0 0 0 0 0 0 0.001298451969
975,1785497161.504608393,map,8.1928777695,6.8935189247,-1.4528898001,0.0251346263,0.0459085115,0.7474233962,0.6622831291,0.04268962084 0 0 0 0 0 0 0.04268962084 0 0 0 0 0 0 0.09401255434 0 0 0 0 0 0 0.0007471703009 0 0 0 0 0 0 0.0007471703009 0 0 0 0 0 0 0.001300400215
976,1785497161.604877710,map,8.1921749115,6.8915829659,-1.4536740780,0.0250115433,0.0458293539,0.7474648220,0.6622465239,0.04267995977 0 0 0 0 0 0 0.04267995977 0 0 0 0 0 0 0.09399821713 0 0 0 0 0 0 0.0007469472299 0 0 0 0 0 0 0.0007469472299 0 0 0 0 0 0 0.001300105922
977,1785497161.704536676,map,8.1891832352,6.8942141533,-1.4533163309,0.0251021139,0.0458288381,0.7474135085,0.6623010217,0.0427813986 0 0 0 0 0 0 0.0427813986 0 0 0 0 0 0 0.09414872803 0 0 0 0 0 0 0.000749289823 0 0 0 0 0 0 0.000749289823 0 0 0 0 0 0 0.001303195926
978,1785497161.804527521,map,8.1884527206,6.8968787193,-1.4515966177,0.0251892719,0.0458407172,0.7473937700,0.6623191909,0.04286158746 0 0 0 0 0 0 0.04286158746 0 0 0 0 0 0 0.09426766791 0 0 0 0 0 0 0.0007511423034 0 0 0 0 0 0 0.0007511423034 0 0 0 0 0 0 0.001305638618
979,1785497161.904518366,map,8.1863365173,6.8999986649,-1.4533250332,0.0251991957,0.0458928111,0.7473545975,0.6623593494,0.0426170108 0 0 0 0 0 0 0.0426170108 0 0 0 0 0 0 0.09390478662 0 0 0 0 0 0 0.000745493955 0 0 0 0 0 0 0.000745493955 0 0 0 0 0 0 0.001298188387
980,1785497162.004769564,map,8.1850318909,6.9046497345,-1.4527283907,0.0254088386,0.0458464216,0.7473188554,0.6623949164,0.04293544064 0 0 0 0 0 0 0.04293544064 0 0 0 0 0 0 0.09437717837 0 0 0 0 0 0 0.0007528489087 0 0 0 0 0 0 0.0007528489087 0 0 0 0 0 0 0.001307888315
981,1785497162.104933500,map,8.1837100983,6.9090032578,-1.4517110586,0.0255435245,0.0458822646,0.7473762416,0.6623225024,0.04283608406 0 0 0 0 0 0 0.04283608406 0 0 0 0 0 0 0.094229844 0 0 0 0 0 0 0.0007505530775 0 0 0 0 0 0 0.0007505530775 0 0 0 0 0 0 0.00130486174
982,1785497162.204580545,map,8.1807661057,6.9087128639,-1.4515634775,0.0256394151,0.0459229731,0.7473696976,0.6623233770,0.04274956658 0 0 0 0 0 0 0.04274956658 0 0 0 0 0 0 0.09410150321 0 0 0 0 0 0 0.0007485546097 0 0 0 0 0 0 0.0007485546097 0 0 0 0 0 0 0.001302226267
983,1785497162.304536343,map,8.1818723679,6.9079608917,-1.4534986019,0.0251786289,0.0457327093,0.7472921948,0.6624416190,0.04265522132 0 0 0 0 0 0 0.04265522132 0 0 0 0 0 0 0.09396150236 0 0 0 0 0 0 0.0007463760635 0 0 0 0 0 0 0.0007463760635 0 0 0 0 0 0 0.001299352346
984,1785497162.404726982,map,8.1803445816,6.9117689133,-1.4538048506,0.0252553633,0.0458405199,0.7472996671,0.6624228318,0.04275740157 0 0 0 0 0 0 0.04275740157 0 0 0 0 0 0 0.09411312745 0 0 0 0 0 0 0.0007487355638 0 0 0 0 0 0 0.0007487355638 0 0 0 0 0 0 0.001302464934
985,1785497162.504712582,map,8.1799812317,6.9125714302,-1.4514244795,0.0252491376,0.0457912402,0.7473467606,0.6623733734,0.04288366505 0 0 0 0 0 0 0.04288366505 0 0 0 0 0 0 0.09430040806 0 0 0 0 0 0 0.0007516524251 0 0 0 0 0 0 0.0007516524251 0 0 0 0 0 0 0.00130631114
986,1785497162.604539633,map,8.1824111938,6.9117102623,-1.4507548809,0.0250933564,0.0455502294,0.7473083239,0.6624392655,0.0428151262 0 0 0 0 0 0 0.0428151262 0 0 0 0 0 0 0.09419875881 0 0 0 0 0 0 0.0007500689127 0 0 0 0 0 0 0.0007500689127 0 0 0 0 0 0 0.001304223327
987,1785497162.804740429,map,8.1811151505,6.9089589119,-1.4521656036,0.0251339327,0.0457629874,0.7473281299,0.6624007133,0.04263892692 0 0 0 0 0 0 0.04263892692 0 0 0 0 0 0 0.09393731764 0 0 0 0 0 0 0.0007459998837 0 0 0 0 0 0 0.0007459998837 0 0 0 0 0 0 0.00129885599
988,1785497162.904743195,map,8.1798276901,6.9090733528,-1.4526981115,0.0251268516,0.0458121633,0.7473337973,0.6623911638,0.04274376061 0 0 0 0 0 0 0.04274376061 0 0 0 0 0 0 0.09409288906 0 0 0 0 0 0 0.0007484205207 0 0 0 0 0 0 0.0007484205207 0 0 0 0 0 0 0.001302049407
989,1785497163.004576206,map,8.1795549393,6.9098672867,-1.4509011507,0.0254796855,0.0458966501,0.7473764980,0.6623236709,0.0427881504 0 0 0 0 0 0 0.0427881504 0 0 0 0 0 0 0.09415874401 0 0 0 0 0 0 0.000749445778 0 0 0 0 0 0 0.000749445778 0 0 0 0 0 0 0.001303401597
990,1785497163.104432106,map,8.1779146194,6.9084539413,-1.4506813288,0.0256506430,0.0459241459,0.7474346096,0.6622495686,0.04277182208 0 0 0 0 0 0 0.04277182208 0 0 0 0 0 0 0.09413452126 0 0 0 0 0 0 0.0007490686282 0 0 0 0 0 0 0.0007490686282 0 0 0 0 0 0 0.001302904208
991,1785497163.204646349,map,8.1794786453,6.9093132019,-1.4508410692,0.0256303934,0.0458219448,0.7473792845,0.6623198855,0.04274312092 0 0 0 0 0 0 0.04274312092 0 0 0 0 0 0 0.09409193997 0 0 0 0 0 0 0.0007484057472 0 0 0 0 0 0 0.0007484057472 0 0 0 0 0 0 0.001302029921
992,1785497163.304957390,map,8.1785650253,6.9130311012,-1.4525532722,0.0259452155,0.0458588728,0.7474423901,0.6622338431,0.0426583303 0 0 0 0 0 0 0.0426583303 0 0 0 0 0 0 0.09396611664 0 0 0 0 0 0 0.0007464478413 0 0 0 0 0 0 0.0007464478413 0 0 0 0 0 0 0.001299447051
993,1785497163.404681444,map,8.1846389771,6.9060635567,-1.4523200989,0.0260696058,0.0459342362,0.7474655071,0.6621976529,0.04277900635 0 0 0 0 0 0 0.04277900635 0 0 0 0 0 0 0.09414517918 0 0 0 0 0 0 0.0007492345669 0 0 0 0 0 0 0.0007492345669 0 0 0 0 0 0 0.001303123054
994,1785497163.504496336,map,8.1919670105,6.9037590027,-1.4518167973,0.0258053045,0.0458404061,0.7474456879,0.6622368822,0.04260048565 0 0 0 0 0 0 0.04260048565 0 0 0 0 0 0 0.09388025582 0 0 0 0 0 0 0.0007451125028 0 0 0 0 0 0 0.0007451125028 0 0 0 0 0 0 0.001297685002
995,1785497163.604530573,map,8.1904182434,6.9054903984,-1.4517804384,0.0257776961,0.0456641877,0.7474155093,0.6622841964,0.04258716793 0 0 0 0 0 0 0.04258716793 0 0 0 0 0 0 0.09386048518 0 0 0 0 0 0 0.0007448051056 0 0 0 0 0 0 0.0007448051056 0 0 0 0 0 0 0.001297279321
996,1785497163.704552650,map,8.1774406433,6.9129300117,-1.4505072832,0.0261889060,0.0458738977,0.7475368710,0.6621165753,0.04261213948 0 0 0 0 0 0 0.04261213948 0 0 0 0 0 0 0.09389755554 0 0 0 0 0 0 0.0007453815072 0 0 0 0 0 0 0.0007453815072 0 0 0 0 0 0 0.001298039998
997,1785497163.804880857,map,8.1760950089,6.9118566513,-1.4508302212,0.0262674691,0.0458849335,0.7474855234,0.6621706507,0.04259360475 0 0 0 0 0 0 0.04259360475 0 0 0 0 0 0 0.09387004101 0 0 0 0 0 0 0.0007449536773 0 0 0 0 0 0 0.0007449536773 0 0 0 0 0 0 0.001297475398
998,1785497163.904715061,map,8.1790132523,6.9114527702,-1.4504677057,0.0262176840,0.0457160140,0.7474462304,0.6622286664,0.04268806791 0 0 0 0 0 0 0.04268806791 0 0 0 0 0 0 0.0940102498 0 0 0 0 0 0 0.0007471344437 0 0 0 0 0 0 0.0007471344437 0 0 0 0 0 0 0.00130035291
999,1785497164.004486561,map,8.1762971878,6.9132180214,-1.4519914389,0.0263058729,0.0457194801,0.7474613948,0.6622078549,0.04266079912 0 0 0 0 0 0 0.04266079912 0 0 0 0 0 0 0.09396978076 0 0 0 0 0 0 0.0007465048401 0 0 0 0 0 0 0.0007465048401 0 0 0 0 0 0 0.001299522255
1000,1785497164.104374647,map,8.1753511429,6.9150013924,-1.4519412518,0.0263537134,0.0458339221,0.7475154514,0.6621369832,0.04278876294 0 0 0 0 0 0 0.04278876294 0 0 0 0 0 0 0.09415965268 0 0 0 0 0 0 0.000749459927 0 0 0 0 0 0 0.000749459927 0 0 0 0 0 0 0.001303420256
1001,1785497164.204791784,map,8.1753759384,6.9152851105,-1.4517428875,0.0262888312,0.0456990624,0.7475257179,0.6621372982,0.04264096799 0 0 0 0 0 0 0.04264096799 0 0 0 0 0 0 0.09394034716 0 0 0 0 0 0 0.0007460470036 0 0 0 0 0 0 0.0007460470036 0 0 0 0 0 0 0.001298918165
1002,1785497164.304873466,map,8.1743841171,6.9195284843,-1.4507861137,0.0263286028,0.0457153628,0.7475653687,0.6620898202,0.04256324026 0 0 0 0 0 0 0.04256324026 0 0 0 0 0 0 0.09382496115 0 0 0 0 0 0 0.00074425285 0 0 0 0 0 0 0.00074425285 0 0 0 0 0 0 0.001296550443
1003,1785497164.404707909,map,8.1775016785,6.9169421196,-1.4534789324,0.0259900762,0.0456609655,0.7475482567,0.6621263046,0.04253135515 0 0 0 0 0 0 0.04253135515 0 0 0 0 0 0 0.09377761808 0 0 0 0 0 0 0.0007435170119 0 0 0 0 0 0 0.0007435170119 0 0 0 0 0 0 0.001295579167
1004,1785497164.504415035,map,8.1803321838,6.9187650681,-1.4513670206,0.0259112325,0.0455545478,0.7475229440,0.6621652709,0.04279390442 0 0 0 0 0 0 0.04279390442 0 0 0 0 0 0 0.09416727964 0 0 0 0 0 0 0.0007495786893 0 0 0 0 0 0 0.0007495786893 0 0 0 0 0 0 0.001303576875
1005,1785497164.604604483,map,8.2084712982,6.8987665176,-1.4525082111,0.0258627906,0.0459494088,0.7475376691,0.6621232439,0.04274355651 0 0 0 0 0 0 0.04274355651 0 0 0 0 0 0 0.09409258625 0 0 0 0 0 0 0.0007484158071 0 0 0 0 0 0 0.0007484158071 0 0 0 0 0 0 0.00130204319
1006,1785497164.904598236,map,8.1996841431,6.9015455246,-1.4527834654,0.0261932927,0.0460189466,0.7475339127,0.6621096873,0.0426430727 0 0 0 0 0 0 0.0426430727 0 0 0 0 0 0 0.09394347109 0 0 0 0 0 0 0.0007460955928 0 0 0 0 0 0 0.0007460955928 0 0 0 0 0 0 0.001298982278
1007,1785497165.004460335,map,8.1947984695,6.9048867226,-1.4543700218,0.0262808001,0.0458857796,0.7475144826,0.6621373629,0.04278634936 0 0 0 0 0 0 0.04278634936 0 0 0 0 0 0 0.09415607228 0 0 0 0 0 0 0.0007494041767 0 0 0 0 0 0 0.0007494041767 0 0 0 0 0 0 0.001303346734
1008,1785497165.104662895,map,8.1895389557,6.9085502625,-1.4539921284,0.0262683918,0.0458476041,0.7475455978,0.6621053774,0.04268651113 0 0 0 0 0 0 0.04268651113 0 0 0 0 0 0 0.09400793953 0 0 0 0 0 0 0.0007470984978 0 0 0 0 0 0 0.0007470984978 0 0 0 0 0 0 0.001300305488
1009,1785497165.204831362,map,8.1885776520,6.9081273079,-1.4523353577,0.0262894204,0.0457209942,0.7475087462,0.6621549430,0.04256909379 0 0 0 0 0 0 0.04256909379 0 0 0 0 0 0 0.09383365184 0 0 0 0 0 0 0.000744387946 0 0 0 0 0 0 0.000744387946 0 0 0 0 0 0 0.001296728751
1010,1785497165.304634333,map,8.1890144348,6.9077067375,-1.4539196491,0.0259415661,0.0456678008,0.7475311113,0.6621470328,0.04268553755 0 0 0 0 0 0 0.04268553755 0 0 0 0 0 0 0.09400649473 0 0 0 0 0 0 0.0007470760181 0 0 0 0 0 0 0.0007470760181 0 0 0 0 0 0 0.001300275831
1011,1785497165.405347347,map,8.1892280579,6.9094400406,-1.4523901939,0.0261225225,0.0456941746,0.7476032055,0.6620567098,0.04285841978 0 0 0 0 0 0 0.04285841978 0 0 0 0 0 0 0.09426297014 0 0 0 0 0 0 0.0007510691148 0 0 0 0 0 0 0.0007510691148 0 0 0 0 0 0 0.001305542125
1012,1785497165.504518986,map,8.1893205643,6.9016571045,-1.4507918358,0.0257478086,0.0458450167,0.7476113311,0.6620517863,0.04279559453 0 0 0 0 0 0 0.04279559453 0 0 0 0 0 0 0.09416978675 0 0 0 0 0 0 0.0007496177295 0 0 0 0 0 0 0.0007496177295 0 0 0 0 0 0 0.001303628358
1013,1785497165.604847431,map,8.1875028610,6.9026350975,-1.4531801939,0.0257729494,0.0457894117,0.7475877958,0.6620812396,0.04274825075 0 0 0 0 0 0 0.04274825075 0 0 0 0 0 0 0.09409955098 0 0 0 0 0 0 0.0007485242205 0 0 0 0 0 0 0.0007485242205 0 0 0 0 0 0 0.001302186185
1014,1785497165.704879284,map,8.1856060028,6.9055175781,-1.4534983635,0.0256284307,0.0456304838,0.7476213648,0.6620599424,0.04276510225 0 0 0 0 0 0 0.04276510225 0 0 0 0 0 0 0.09412455208 0 0 0 0 0 0 0.0007489134208 0 0 0 0 0 0 0.0007489134208 0 0 0 0 0 0 0.00130269951
1015,1785497165.804675102,map,8.1859178543,6.9096417427,-1.4524973631,0.0257760745,0.0457388166,0.7476363963,0.6620297300,0.04267100367 0 0 0 0 0 0 0.04267100367 0 0 0 0 0 0 0.09398492562 0 0 0 0 0 0 0.0007467404435 0 0 0 0 0 0 0.0007467404435 0 0 0 0 0 0 0.001299833104
1016,1785497165.904490948,map,8.1849021912,6.9119467735,-1.4508192539,0.0259732576,0.0458504453,0.7476769553,0.6619685060,0.04262964146 0 0 0 0 0 0 0.04262964146 0 0 0 0 0 0 0.09392353518 0 0 0 0 0 0 0.0007457855259 0 0 0 0 0 0 0.0007457855259 0 0 0 0 0 0 0.001298573139
1017,1785497166.004512310,map,8.1864242554,6.9124660492,-1.4512649775,0.0261748711,0.0457884438,0.7476652655,0.6619780587,0.04282048967 0 0 0 0 0 0 0.04282048967 0 0 0 0 0 0 0.09420671427 0 0 0 0 0 0 0.000750192815 0 0 0 0 0 0 0.000750192815 0 0 0 0 0 0 0.001304386708
1018,1785497166.104755163,map,8.1842985153,6.9098839760,-1.4518201351,0.0258944489,0.0456877096,0.7477343769,0.6619179697,0.04267516152 0 0 0 0 0 0 0.04267516152 0 0 0 0 0 0 0.09399109623 0 0 0 0 0 0 0.0007468364428 0 0 0 0 0 0 0.0007468364428 0 0 0 0 0 0 0.001299959759
1019,1785497166.204713345,map,8.1902999878,6.9059057236,-1.4502240419,0.0255234661,0.0457644357,0.7477284912,0.6619337420,0.04297749542 0 0 0 0 0 0 0.04297749542 0 0 0 0 0 0 0.09443952404 0 0 0 0 0 0 0.0007538209226 0 0 0 0 0 0 0.0007538209226 0 0 0 0 0 0 0.001309169376
1020,1785497166.304620743,map,8.1891202927,6.9060583115,-1.4496277571,0.0258902449,0.0457841470,0.7476875819,0.6619642993,0.04302636496 0 0 0 0 0 0 0.04302636496 0 0 0 0 0 0 0.09451196004 0 0 0 0 0 0 0.0007549506363 0 0 0 0 0 0 0.0007549506363 0 0 0 0 0 0 0.001310658028
1021,1785497166.404548168,map,8.1895847321,6.9043283463,-1.4513423443,0.0259063503,0.0457918749,0.7477545747,0.6618874960,0.04263544277 0 0 0 0 0 0 0.04263544277 0 0 0 0 0 0 0.09393214616 0 0 0 0 0 0 0.0007459194502 0 0 0 0 0 0 0.0007459194502 0 0 0 0 0 0 0.001298749857
1022,1785497166.504585266,map,8.2025814056,6.9082055092,-1.4522215128,0.0259161419,0.0457722178,0.7475837931,0.6620813760,0.04262160727 0 0 0 0 0 0 0.04262160727 0 0 0 0 0 0 0.09391160958 0 0 0 0 0 0 0.0007456000599 0 0 0 0 0 0 0.0007456000599 0 0 0 0 0 0 0.001298328403
1023,1785497166.704588413,map,8.1862735748,6.9059634209,-1.4507930279,0.0260706370,0.0459649377,0.7475273916,0.6621256295,0.04266642779 0 0 0 0 0 0 0.04266642779 0 0 0 0 0 0 0.09397813451 0 0 0 0 0 0 0.0007466347942 0 0 0 0 0 0 0.0007466347942 0 0 0 0 0 0 0.001299693715
1024,1785497166.804495811,map,8.1864833832,6.9005346298,-1.4504604340,0.0255694515,0.0460802483,0.7475338592,0.6621298477,0.04283836084 0 0 0 0 0 0 0.04283836084 0 0 0 0 0 0 0.09423322082 0 0 0 0 0 0 0.0007506056774 0 0 0 0 0 0 0.0007506056774 0 0 0 0 0 0 0.001304931095
1025,1785497166.904464960,map,8.1861267090,6.9015707970,-1.4502514601,0.0258264166,0.0459369936,0.7474971628,0.6621712442,0.04292925307 0 0 0 0 0 0 0.04292925307 0 0 0 0 0 0 0.09436800453 0 0 0 0 0 0 0.0007527059078 0 0 0 0 0 0 0.0007527059078 0 0 0 0 0 0 0.00130769983
1026,1785497167.004782438,map,8.1842327118,6.9069833755,-1.4521213770,0.0257646550,0.0460195909,0.7474984304,0.6621664931,0.04280191831 0 0 0 0 0 0 0.04280191831 0 0 0 0 0 0 0.09417916729 0 0 0 0 0 0 0.0007497638058 0 0 0 0 0 0 0.0007497638058 0 0 0 0 0 0 0.001303820992
1027,1785497167.104794741,map,8.1790399551,6.9087991714,-1.4509171247,0.0258882063,0.0460204360,0.7475422277,0.6621121896,0.04279612594 0 0 0 0 0 0 0.04279612594 0 0 0 0 0 0 0.09417057503 0 0 0 0 0 0 0.0007496300047 0 0 0 0 0 0 0.0007496300047 0 0 0 0 0 0 0.001303644546
1028,1785497167.204585552,map,8.1810989380,6.9035596848,-1.4471161366,0.0254241976,0.0459885111,0.7475679151,0.6621033716,0.04289039527 0 0 0 0 0 0 0.04289039527 0 0 0 0 0 0 0.09431038815 0 0 0 0 0 0 0.0007518079409 0 0 0 0 0 0 0.0007518079409 0 0 0 0 0 0 0.001306516154
1029,1785497167.304408312,map,8.1837100983,6.9053707123,-1.4497982264,0.0256008146,0.0458372980,0.7475897883,0.6620823452,0.04272374867 0 0 0 0 0 0 0.04272374867 0 0 0 0 0 0 0.0940631965 0 0 0 0 0 0 0.0007479583666 0 0 0 0 0 0 0.0007479583666 0 0 0 0 0 0 0.001301439808
1030,1785497167.404487371,map,8.1871137619,6.9050984383,-1.4512175322,0.0256052047,0.0458798480,0.7475684306,0.6621033336,0.04265856559 0 0 0 0 0 0 0.04265856559 0 0 0 0 0 0 0.09396646584 0 0 0 0 0 0 0.0007464532734 0 0 0 0 0 0 0.0007464532734 0 0 0 0 0 0 0.001299454218
1031,1785497167.504934072,map,8.1949348450,6.9043865204,-1.4482829571,0.0256664143,0.0457051079,0.7475242240,0.6621630008,0.04273359692 0 0 0 0 0 0 0.04273359692 0 0 0 0 0 0 0.09407780904 0 0 0 0 0 0 0.0007481857969 0 0 0 0 0 0 0.0007481857969 0 0 0 0 0 0 0.001301739803
1032,1785497167.604746103,map,8.1973609924,6.9026365280,-1.4523699284,0.0252668777,0.0456973165,0.7475235164,0.6621796745,0.04258892715 0 0 0 0 0 0 0.04258892715 0 0 0 0 0 0 0.09386309688 0 0 0 0 0 0 0.0007448457109 0 0 0 0 0 0 0.0007448457109 0 0 0 0 0 0 0.00129733291
1033,1785497167.704539776,map,8.1988410950,6.9020686150,-1.4520088434,0.0249998893,0.0456755153,0.7474990017,0.6622189935,0.04274281928 0 0 0 0 0 0 0.04274281928 0 0 0 0 0 0 0.09409149243 0 0 0 0 0 0 0.0007483987809 0 0 0 0 0 0 0.0007483987809 0 0 0 0 0 0 0.001302020732
1034,1785497167.804459095,map,8.1958847046,6.9029254913,-1.4509171247,0.0253310988,0.0457645720,0.7475695957,0.6621205602,0.04287453028 0 0 0 0 0 0 0.04287453028 0 0 0 0 0 0 0.09428686191 0 0 0 0 0 0 0.0007514413533 0 0 0 0 0 0 0.0007514413533 0 0 0 0 0 0 0.001306032879
1035,1785497167.904536486,map,8.1962633133,6.9004378319,-1.4522526264,0.0253286998,0.0457287666,0.7475940842,0.6620955030,0.04269364432 0 0 0 0 0 0 0.04269364432 0 0 0 0 0 0 0.09401852511 0 0 0 0 0 0 0.0007472632042 0 0 0 0 0 0 0.0007472632042 0 0 0 0 0 0 0.001300522777
1036,1785497168.004752636,map,8.1997280121,6.9014563560,-1.4521516562,0.0252352945,0.0458200647,0.7475768189,0.6621122093,0.04249344732 0 0 0 0 0 0 0.04249344732 0 0 0 0 0 0 0.09372132494 0 0 0 0 0 0 0.0007426422979 0 0 0 0 0 0 0.0007426422979 0 0 0 0 0 0 0.001294424428
1037,1785497168.104825020,map,8.2305221558,6.8814859390,-1.4540193081,0.0250829905,0.0458526193,0.7477828748,0.6618830314,0.04264146203 0 0 0 0 0 0 0.04264146203 0 0 0 0 0 0 0.09394108044 0 0 0 0 0 0 0.0007460584088 0 0 0 0 0 0 0.0007460584088 0 0 0 0 0 0 0.001298933214
1038,1785497168.404525280,map,8.2127065659,6.8944163322,-1.4541755915,0.0253804624,0.0458793728,0.7477738178,0.6618800680,0.04267103742 0 0 0 0 0 0 0.04267103742 0 0 0 0 0 0 0.09398497571 0 0 0 0 0 0 0.0007467412228 0 0 0 0 0 0 0.0007467412228 0 0 0 0 0 0 0.001299834132
1039,1785497168.504824638,map,8.2140150070,6.8987407684,-1.4556633234,0.0249261904,0.0457459380,0.7477037014,0.6619857614,0.04262108585 0 0 0 0 0 0 0.04262108585 0 0 0 0 0 0 0.09391083559 0 0 0 0 0 0 0.0007455880233 0 0 0 0 0 0 0.0007455880233 0 0 0 0 0 0 0.00129831252
1040,1785497168.604605436,map,8.2109384537,6.8982157707,-1.4526753426,0.0248946277,0.0455791903,0.7476692777,0.6620373462,0.0429441974 0 0 0 0 0 0 0.0429441974 0 0 0 0 0 0 0.09439016097 0 0 0 0 0 0 0.0007530512916 0 0 0 0 0 0 0.0007530512916 0 0 0 0 0 0 0.001308155061
1041,1785497168.704439402,map,8.2100963593,6.8950719833,-1.4518598318,0.0250774772,0.0457482596,0.7477309842,0.6619490722,0.04246165339 0 0 0 0 0 0 0.04246165339 0 0 0 0 0 0 0.09367410461 0 0 0 0 0 0 0.0007419087568 0 0 0 0 0 0 0.0007419087568 0 0 0 0 0 0 0.00129345593
1042,1785497168.804507256,map,8.2147960663,6.8938436508,-1.4534339905,0.0247411641,0.0456561730,0.7476499339,0.6620596569,0.04265700585 0 0 0 0 0 0 0.04265700585 0 0 0 0 0 0 0.09396415091 0 0 0 0 0 0 0.0007464172631 0 0 0 0 0 0 0.0007464172631 0 0 0 0 0 0 0.001299406706
1043,1785497168.904804468,map,8.2089805603,6.8928222656,-1.4533029795,0.0250289190,0.0456049896,0.7476079911,0.6620997102,0.04282701673 0 0 0 0 0 0 0.04282701673 0 0 0 0 0 0 0.09421639543 0 0 0 0 0 0 0.000750343601 0 0 0 0 0 0 0.000750343601 0 0 0 0 0 0 0.001304585533
1044,1785497169.004719257,map,8.2054109573,6.8941707611,-1.4516152143,0.0253354489,0.0456902423,0.7475808177,0.6621128535,0.0426570497 0 0 0 0 0 0 0.0426570497 0 0 0 0 0 0 0.093964216 0 0 0 0 0 0 0.0007464182755 0 0 0 0 0 0 0.0007464182755 0 0 0 0 0 0 0.001299408041
1045,1785497169.104493141,map,8.2062854767,6.8934588432,-1.4535548687,0.0249231032,0.0455840510,0.7476339634,0.6620758324,0.04287251777 0 0 0 0 0 0 0.04287251777 0 0 0 0 0 0 0.09428387745 0 0 0 0 0 0 0.0007513948524 0 0 0 0 0 0 0.0007513948524 0 0 0 0 0 0 0.001305971574
1046,1785497169.204390526,map,8.2069272995,6.8917565346,-1.4539887905,0.0249748387,0.0456885639,0.7476064192,0.6620977339,0.0427977142 0 0 0 0 0 0 0.0427977142 0 0 0 0 0 0 0.09417293103 0 0 0 0 0 0 0.0007496666924 0 0 0 0 0 0 0.0007496666924 0 0 0 0 0 0 0.001303692927
1047,1785497169.304666042,map,8.2049827576,6.8936305046,-1.4521813393,0.0252823392,0.0459109813,0.7476059153,0.6620712522,0.04280563947 0 0 0 0 0 0 0.04280563947 0 0 0 0 0 0 0.09418468706 0 0 0 0 0 0 0.0007498497644 0 0 0 0 0 0 0.0007498497644 0 0 0 0 0 0 0.001303934345
1048,1785497169.404809475,map,8.2025756836,6.8953447342,-1.4525727034,0.0254259038,0.0459932537,0.7476446902,0.6620162671,0.04276865366 0 0 0 0 0 0 0.04276865366 0 0 0 0 0 0 0.09412982079 0 0 0 0 0 0 0.0007489954469 0 0 0 0 0 0 0.0007489954469 0 0 0 0 0 0 0.001302807692
1049,1785497169.504490614,map,8.2022199631,6.9029078484,-1.4520701170,0.0256414852,0.0459653205,0.7476269172,0.6620299719,0.04268330649 0 0 0 0 0 0 0.04268330649 0 0 0 0 0 0 0.09400318379 0 0 0 0 0 0 0.0007470245037 0 0 0 0 0 0 0.0007470245037 0 0 0 0 0 0 0.001300207869
1050,1785497169.604413271,map,8.2009925842,6.9053797722,-1.4518630505,0.0257442736,0.0459211713,0.7476417477,0.6620123153,0.04275118653 0 0 0 0 0 0 0.04275118653 0 0 0 0 0 0 0.09410390665 0 0 0 0 0 0 0.0007485920232 0 0 0 0 0 0 0.0007485920232 0 0 0 0 0 0 0.001302275613
1051,1785497169.704582214,map,8.1971387863,6.9065728188,-1.4522868395,0.0257075506,0.0458761186,0.7476279444,0.6620324506,0.04278691232 0 0 0 0 0 0 0.04278691232 0 0 0 0 0 0 0.09415690739 0 0 0 0 0 0 0.0007494171801 0 0 0 0 0 0 0.0007494171801 0 0 0 0 0 0 0.001303363883
1052,1785497169.804773569,map,8.2010498047,6.9208793640,-1.4480470419,0.0250904285,0.0457632322,0.7494721096,0.6599755759,0.04254660822 0 0 0 0 0 0 0.04254660822 0 0 0 0 0 0 0.09380026659 0 0 0 0 0 0 0.0007438690081 0 0 0 0 0 0 0.0007438690081 0 0 0 0 0 0 0.001296043802
1053,1785497169.904562712,map,8.1622238159,6.9221668243,-1.4457322359,0.0265151048,0.0463915737,0.7530684563,0.6557687658,0.04289634786 0 0 0 0 0 0 0.04289634786 0 0 0 0 0 0 0.09431921491 0 0 0 0 0 0 0.0007519454914 0 0 0 0 0 0 0.0007519454914 0 0 0 0 0 0 0.00130669748
1054,1785497170.004400492,map,8.1536293030,6.8804144859,-1.4453959465,0.0228775507,0.0446636215,0.7607229800,0.6471339244,0.04280464379 0 0 0 0 0 0 0.04280464379 0 0 0 0 0 0 0.09418321012 0 0 0 0 0 0 0.000749826764 0 0 0 0 0 0 0.000749826764 0 0 0 0 0 0 0.001303904015
1055,1785497170.104479313,map,8.0989646912,6.9641051292,-1.4465100765,0.0242328120,0.0428370573,0.7685094375,0.6379427729,0.04267525497 0 0 0 0 0 0 0.04267525497 0 0 0 0 0 0 0.09399123491 0 0 0 0 0 0 0.0007468386003 0 0 0 0 0 0 0.0007468386003 0 0 0 0 0 0 0.001299962606
1056,1785497170.204729080,map,8.0985479355,6.9648985863,-1.4537795782,0.0223962640,0.0411492444,0.7779185172,0.6266162657,0.04278613812 0 0 0 0 0 0 0.04278613812 0 0 0 0 0 0 0.09415575892 0 0 0 0 0 0 0.0007493992974 0 0 0 0 0 0 0.0007493992974 0 0 0 0 0 0 0.0013033403
1057,1785497170.304802656,map,8.0762395859,6.9389176369,-1.4584952593,0.0225443305,0.0412882223,0.7824064765,0.6209888490,0.04260861569 0 0 0 0 0 0 0.04260861569 0 0 0 0 0 0 0.09389232467 0 0 0 0 0 0 0.0007453001666 0 0 0 0 0 0 0.0007453001666 0 0 0 0 0 0 0.001297932657
1058,1785497170.404510498,map,8.1036777496,6.9172492027,-1.4619337320,0.0220721650,0.0405977692,0.7900385227,0.6113131707,0.04307092454 0 0 0 0 0 0 0.04307092454 0 0 0 0 0 0 0.09457799601 0 0 0 0 0 0 0.0007559808945 0 0 0 0 0 0 0.0007559808945 0 0 0 0 0 0 0.00131201539
1059,1785497170.904230833,map,8.1256742477,6.8810477257,-1.4354280233,0.0240377145,0.0244234126,0.8015427375,0.5969547381,0.04276668063 0 0 0 0 0 0 0.04276668063 0 0 0 0 0 0 0.0941268937 0 0 0 0 0 0 0.0007489498762 0 0 0 0 0 0 0.0007489498762 0 0 0 0 0 0 0.001302747591
1060,1785497171.104799032,map,8.1183204651,6.8817772865,-1.4634338617,0.0262145450,0.0286553041,0.8138164639,0.5798227923,0.04274528321 0 0 0 0 0 0 0.04274528321 0 0 0 0 0 0 0.09409514813 0 0 0 0 0 0 0.000748455685 0 0 0 0 0 0 0.000748455685 0 0 0 0 0 0 0.001302095788
1061,1785497171.204696655,map,8.1087808609,6.9108223915,-1.4552912712,0.0269928071,0.0308994441,0.8181613679,0.5735229636,0.04269878813 0 0 0 0 0 0 0.04269878813 0 0 0 0 0 0 0.09402615829 0 0 0 0 0 0 0.0007473819783 0 0 0 0 0 0 0.0007473819783 0 0 0 0 0 0 0.001300679467
1062,1785497171.304441690,map,8.0835924149,6.9198117256,-1.4564158916,0.0272896038,0.0325453475,0.8245541115,0.5641866669,0.04253348342 0 0 0 0 0 0 0.04253348342 0 0 0 0 0 0 0.09378077833 0 0 0 0 0 0 0.0007435661251 0 0 0 0 0 0 0.0007435661251 0 0 0 0 0 0 0.001295643997
1063,1785497171.404385090,map,8.1118316650,6.9347391129,-1.4616051912,0.0271727368,0.0341614510,0.8303314798,0.5555576497,0.04262773368 0 0 0 0 0 0 0.04262773368 0 0 0 0 0 0 0.09392070339 0 0 0 0 0 0 0.0007457414851 0 0 0 0 0 0 0.0007457414851 0 0 0 0 0 0 0.001298515025
1064,1785497171.504714012,map,8.0858907700,6.9361495972,-1.4571250677,0.0270983181,0.0356266155,0.8360800089,0.5467783638,0.04292745006 0 0 0 0 0 0 0.04292745006 0 0 0 0 0 0 0.09436533131 0 0 0 0 0 0 0.0007526642392 0 0 0 0 0 0 0.0007526642392 0 0 0 0 0 0 0.001307644908
1065,1785497171.604792118,map,8.0612668991,6.9344420433,-1.4499166012,0.0277268933,0.0374985952,0.8425511233,0.5365935745,0.0424445943 0 0 0 0 0 0 0.0424445943 0 0 0 0 0 0 0.09364876609 0 0 0 0 0 0 0.0007415152104 0 0 0 0 0 0 0.0007415152104 0 0 0 0 0 0 0.00129293628
1066,1785497171.704649925,map,8.0623664856,6.9096059799,-1.4504034519,0.0280963150,0.0374738582,0.8474029502,0.5288804799,0.04270325191 0 0 0 0 0 0 0.04270325191 0 0 0 0 0 0 0.09403278223 0 0 0 0 0 0 0.0007474850519 0 0 0 0 0 0 0.0007474850519 0 0 0 0 0 0 0.001300815441
1067,1785497171.804432392,map,8.0630731583,6.9008283615,-1.4490368366,0.0276673814,0.0361949715,0.8516030083,0.5222037850,0.04272745895 0 0 0 0 0 0 0.04272745895 0 0 0 0 0 0 0.09406870177 0 0 0 0 0 0 0.000748044049 0 0 0 0 0 0 0.000748044049 0 0 0 0 0 0 0.00130155283
1068,1785497171.904435873,map,8.0460109711,6.9150328636,-1.4473558664,0.0281664181,0.0365998022,0.8565244380,0.5140360060,0.04283815109 0 0 0 0 0 0 0.04283815109 0 0 0 0 0 0 0.09423290974 0 0 0 0 0 0 0.0007506008317 0 0 0 0 0 0 0.0007506008317 0 0 0 0 0 0 0.001304924705
1069,1785497172.004594326,map,8.0601148605,6.8996076584,-1.4412184954,0.0284256950,0.0353374427,0.8614720126,0.5057758351,0.04272934391 0 0 0 0 0 0 0.04272934391 0 0 0 0 0 0 0.09407149863 0 0 0 0 0 0 0.0007480875793 0 0 0 0 0 0 0.0007480875793 0 0 0 0 0 0 0.001301610249
1070,1785497172.104796171,map,8.0658340454,6.9112458229,-1.4486248493,0.0283750528,0.0336192604,0.8659063102,0.4982678640,0.04260597328 0 0 0 0 0 0 0.04260597328 0 0 0 0 0 0 0.09388840212 0 0 0 0 0 0 0.0007452391718 0 0 0 0 0 0 0.0007452391718 0 0 0 0 0 0 0.001297852165
1071,1785497172.204573154,map,8.0421733856,6.9500775337,-1.4571903944,0.0294770009,0.0320278697,0.8721840711,0.4872373870,0.04282122001 0 0 0 0 0 0 0.04282122001 0 0 0 0 0 0 0.09420779755 0 0 0 0 0 0 0.0007502096869 0 0 0 0 0 0 0.0007502096869 0 0 0 0 0 0 0.001304408955
1072,1785497172.304207563,map,8.0281543732,6.9655098915,-1.4515851736,0.0312965119,0.0325830536,0.8776998251,0.4770763985,0.04277864218 0 0 0 0 0 0 0.04277864218 0 0 0 0 0 0 0.09414463893 0 0 0 0 0 0 0.0007492261554 0 0 0 0 0 0 0.0007492261554 0 0 0 0 0 0 0.00130311196
1073,1785497172.404457569,map,8.0243339539,6.9475126266,-1.4437416792,0.0291981977,0.0342227056,0.8849200183,0.4635653451,0.04275872433 0 0 0 0 0 0 0.04275872433 0 0 0 0 0 0 0.09411508991 0 0 0 0 0 0 0.0007487661143 0 0 0 0 0 0 0.0007487661143 0 0 0 0 0 0 0.001302505228
1074,1785497172.504736185,map,8.0277013779,6.9651780128,-1.4429166317,0.0308825884,0.0339755210,0.8907725480,0.4521240965,0.04268943577 0 0 0 0 0 0 0.04268943577 0 0 0 0 0 0 0.0940122797 0 0 0 0 0 0 0.0007471660276 0 0 0 0 0 0 0.0007471660276 0 0 0 0 0 0 0.001300394578
1075,1785497172.604725838,map,7.9914569855,6.9368476868,-1.4536632299,0.0284733527,0.0355786953,0.8964287568,0.4408388727,0.04286632448 0 0 0 0 0 0 0.04286632448 0 0 0 0 0 0 0.09427469295 0 0 0 0 0 0 0.0007512517528 0 0 0 0 0 0 0.0007512517528 0 0 0 0 0 0 0.001305782916
