message_index,stamp_sec,frame_id,position_x,position_y,position_z,orientation_x,orientation_y,orientation_z,orientation_w,covariance
0,0.000000000,map,8.3300000000,-3.7800000000,-1.3900000000,0.0000000000,0.0000000000,0.8530502707,0.5218287416,0 0 0 0 0 0 0 0 0 0 0 0 0 0 0 0 0 0 0 0 0 0 0 0 0 0 0 0 0 0 0 0 0 0 0 0
1,1785497053.405873299,map,8.3864555359,-3.8253250122,-1.3953142166,0.0491646818,0.0594101470,0.8516909655,0.5183394249,0.04280350982 0 0 0 0 0 0 0.04280350982 0 0 0 0 0 0 0.09418152805 0 0 0 0 0 0 0.0007498005694 0 0 0 0 0 0 0.0007498005694 0 0 0 0 0 0 0.001303869472
2,1785497055.705973864,map,8.4079570770,-3.7927253246,-1.3990706205,0.0488590272,0.0590091105,0.8519840810,0.5179323100,0.04292726005 0 0 0 0 0 0 0.04292726005 0 0 0 0 0 0 0.0943650496 0 0 0 0 0 0 0.0007526598479 0 0 0 0 0 0 0.0007526598479 0 0 0 0 0 0 0.00130763912
3,1785497055.905592203,map,8.3709459305,-3.7963912487,-1.3894529343,0.0491208613,0.0593879085,0.8516568930,0.5184020843,0.04267138479 0 0 0 0 0 0 0.04267138479 0 0 0 0 0 0 0.09398549125 0 0 0 0 0 0 0.0007467492431 0 0 0 0 0 0 0.0007467492431 0 0 0 0 0 0 0.001299844713
4,1785497056.005571604,map,8.3941640854,-3.8003251553,-1.3940507174,0.0492521419,0.0593568882,0.8517514387,0.5182378056,0.04307474536 0 0 0 0 0 0 0.04307474536 0 0 0 0 0 0 0.09458365783 0 0 0 0 0 0 0.0007560692431 0 0 0 0 0 0 0.0007560692431 0 0 0 0 0 0 0.001312131779
5,1785497056.205844879,map,8.4167423248,-3.8049883842,-1.3977669477,0.0490769969,0.0588704189,0.8522610695,0.5174714680,0.04278891831 0 0 0 0 0 0 0.04278891831 0 0 0 0 0 0 0.09415988316 0 0 0 0 0 0 0.0007494635159 0 0 0 0 0 0 0.0007494635159 0 0 0 0 0 0 0.001303424989
6,1785497056.305691481,map,8.4172210693,-3.8004794121,-1.3982250690,0.0491433556,0.0589854869,0.8522447939,0.5174789550,0.04287355105 0 0 0 0 0 0 0.04287355105 0 0 0 0 0 0 0.09428540976 0 0 0 0 0 0 0.0007514187272 0 0 0 0 0 0 0.0007514187272 0 0 0 0 0 0 0.00130600305
7,1785497056.405519724,map,8.4231185913,-3.8009183407,-1.3986588717,0.0488568439,0.0591705598,0.8522607129,0.5174587112,0.04307627291 0 0 0 0 0 0 0.04307627291 0 0 0 0 0 0 0.09458592138 0 0 0 0 0 0 0.0007561045649 0 0 0 0 0 0 0.0007561045649 0 0 0 0 0 0 0.001312178311
8,1785497056.505740404,map,8.4225616455,-3.8031449318,-1.3988102674,0.0490059719,0.0591288692,0.8522134895,0.5175271639,0.04298980355 0 0 0 0 0 0 0.04298980355 0 0 0 0 0 0 0.0944577688 0 0 0 0 0 0 0.0007541054295 0 0 0 0 0 0 0.0007541054295 0 0 0 0 0 0 0.001309544303
9,1785497056.605889320,map,8.4284677505,-3.8053345680,-1.3984084129,0.0490332711,0.0593485057,0.8521954743,0.5175290642,0.04287102063 0 0 0 0 0 0 0.04287102063 0 0 0 0 0 0 0.09428165725 0 0 0 0 0 0 0.0007513602598 0 0 0 0 0 0 0.0007513602598 0 0 0 0 0 0 0.001305925969
10,1785497056.705776453,map,8.4281406403,-3.8082628250,-1.3984858990,0.0490558232,0.0592513137,0.8522068762,0.5175193249,0.04292392092 0 0 0 0 0 0 0.04292392092 0 0 0 0 0 0 0.0943600988 0 0 0 0 0 0 0.0007525826793 0 0 0 0 0 0 0.0007525826793 0 0 0 0 0 0 0.001307537404
11,1785497056.805559397,map,8.4286708832,-3.8035416603,-1.3977063894,0.0491733067,0.0592053466,0.8522331540,0.5174701290,0.04289687285 0 0 0 0 0 0 0.04289687285 0 0 0 0 0 0 0.09431999338 0 0 0 0 0 0 0.0007519576228 0 0 0 0 0 0 0.0007519576228 0 0 0 0 0 0 0.001306713473
12,1785497056.905585766,map,8.4261636734,-3.8069410324,-1.3979551792,0.0490443895,0.0593199225,0.8522569437,0.5174301224,0.04317723957 0 0 0 0 0 0 0.04317723957 0 0 0 0 0 0 0.09473550689 0 0 0 0 0 0 0.000758439678 0 0 0 0 0 0 0.000758439678 0 0 0 0 0 0 0.001315253931
13,1785497057.005833149,map,8.4259777069,-3.8050436974,-1.3981972933,0.0490912364,0.0592440318,0.8522594881,0.5174301512,0.04291577455 0 0 0 0 0 0 0.04291577455 0 0 0 0 0 0 0.09434802023 0 0 0 0 0 0 0.0007523944174 0 0 0 0 0 0 0.0007523944174 0 0 0 0 0 0 0.001307289251
14,1785497057.105914116,map,8.4235610962,-3.8025057316,-1.3992947340,0.0491461660,0.0590828384,0.8522538911,0.5174526422,0.04309777435 0 0 0 0 0 0 0.04309777435 0 0 0 0 0 0 0.09461778126 0 0 0 0 0 0 0.0007566017683 0 0 0 0 0 0 0.0007566017683 0 0 0 0 0 0 0.001312833282
15,1785497057.205642939,map,8.4292459488,-3.7952532768,-1.3993881941,0.0491770638,0.0589549076,0.8522710308,0.5174360116,0.04285099415 0 0 0 0 0 0 0.04285099415 0 0 0 0 0 0 0.09425195749 0 0 0 0 0 0 0.0007508975506 0 0 0 0 0 0 0.0007508975506 0 0 0 0 0 0 0.001305315927
16,1785497057.305518866,map,8.4242219925,-3.7933955193,-1.3991214037,0.0492662469,0.0592629235,0.8522809029,0.5173761154,0.04281319742 0 0 0 0 0 0 0.04281319742 0 0 0 0 0 0 0.09419589787 0 0 0 0 0 0 0.0007500243562 0 0 0 0 0 0 0.0007500243562 0 0 0 0 0 0 0.001304164573
17,1785497057.405603170,map,8.4208822250,-3.7907199860,-1.3975403309,0.0493733901,0.0592681870,0.8523310862,0.5172826103,0.04297847926 0 0 0 0 0 0 0.04297847926 0 0 0 0 0 0 0.09444098245 0 0 0 0 0 0 0.000753843664 0 0 0 0 0 0 0.000753843664 0 0 0 0 0 0 0.001309199346
18,1785497057.506054163,map,8.4262046814,-3.7883219719,-1.3999782801,0.0492161303,0.0591675457,0.8523197638,0.5173277699,0.04282122413 0 0 0 0 0 0 0.04282122413 0 0 0 0 0 0 0.09420780366 0 0 0 0 0 0 0.0007502097822 0 0 0 0 0 0 0.0007502097822 0 0 0 0 0 0 0.001304409081
19,1785497057.605827808,map,8.4246044159,-3.7862310410,-1.3988244534,0.0491485352,0.0591194148,0.8523487893,0.5172918140,0.04306587689 0 0 0 0 0 0 0.04306587689 0 0 0 0 0 0 0.09457051609 0 0 0 0 0 0 0.0007558641796 0 0 0 0 0 0 0.0007558641796 0 0 0 0 0 0 0.00131186163
20,1785497057.705650806,map,8.4216938019,-3.7839081287,-1.4006381035,0.0494147131,0.0590733380,0.8523071794,0.5173403212,0.04275903334 0 0 0 0 0 0 0.04275903334 0 0 0 0 0 0 0.09411554834 0 0 0 0 0 0 0.0007487732511 0 0 0 0 0 0 0.0007487732511 0 0 0 0 0 0 0.001302514641
21,1785497057.805523872,map,8.4228305817,-3.7858798504,-1.4007608891,0.0494082807,0.0592789168,0.8523014720,0.5173268266,0.04285373106 0 0 0 0 0 0 0.04285373106 0 0 0 0 0 0 0.09425601654 0 0 0 0 0 0 0.0007509607847 0 0 0 0 0 0 0.0007509607847 0 0 0 0 0 0 0.001305399299
22,1785497057.905591249,map,8.4283657074,-3.7908136845,-1.4003332853,0.0491942626,0.0591947144,0.8523297902,0.5173101631,0.04316248308 0 0 0 0 0 0 0.04316248308 0 0 0 0 0 0 0.09471364821 0 0 0 0 0 0 0.0007580983423 0 0 0 0 0 0 0.0007580983423 0 0 0 0 0 0 0.001314804423
23,1785497058.005958796,map,8.4283027649,-3.7911276817,-1.4004247189,0.0491783780,0.0591210153,0.8523459110,0.5172935783,0.04305249353 0 0 0 0 0 0 0.04305249353 0 0 0 0 0 0 0.09455068314 0 0 0 0 0 0 0.000755554732 0 0 0 0 0 0 0.000755554732 0 0 0 0 0 0 0.001311453949
24,1785497058.105751276,map,8.4249200821,-3.7923943996,-1.3999792337,0.0491085533,0.0590669874,0.8524195195,0.5171850331,0.04308166494 0 0 0 0 0 0 0.04308166494 0 0 0 0 0 0 0.0945939113 0 0 0 0 0 0 0.0007562292476 0 0 0 0 0 0 0.0007562292476 0 0 0 0 0 0 0.001312342561
25,1785497058.205631495,map,8.4245176315,-3.7940406799,-1.4001744986,0.0492393157,0.0592367595,0.8524664543,0.5170758527,0.04284216581 0 0 0 0 0 0 0.04284216581 0 0 0 0 0 0 0.09423886413 0 0 0 0 0 0 0.000750693584 0 0 0 0 0 0 0.000750693584 0 0 0 0 0 0 0.001305047001
26,1785497058.305483341,map,8.4203090668,-3.7962207794,-1.3967334032,0.0492807719,0.0592939200,0.8523858193,0.5171982433,0.04317047425 0 0 0 0 0 0 0.04317047425 0 0 0 0 0 0 0.09472548562 0 0 0 0 0 0 0.0007582831855 0 0 0 0 0 0 0.0007582831855 0 0 0 0 0 0 0.001315047848
27,1785497058.405687332,map,8.4212770462,-3.7949879169,-1.3974581957,0.0491379696,0.0590802793,0.8524201170,0.5171798109,0.04300218886 0 0 0 0 0 0 0.04300218886 0 0 0 0 0 0 0.09447612712 0 0 0 0 0 0 0.0007543917336 0 0 0 0 0 0 0.0007543917336 0 0 0 0 0 0 0.001309921582
28,1785497058.506133080,map,8.4209852219,-3.7966086864,-1.3982772827,0.0489735792,0.0592374994,0.8524093904,0.5171950596,0.04282765173 0 0 0 0 0 0 0.04282765173 0 0 0 0 0 0 0.09421733727 0 0 0 0 0 0 0.0007503582707 0 0 0 0 0 0 0.0007503582707 0 0 0 0 0 0 0.001304604877
29,1785497058.605814695,map,8.4247255325,-3.7982392311,-1.3983741999,0.0490724470,0.0593475471,0.8524318657,0.5171360431,0.04306989555 0 0 0 0 0 0 0.04306989555 0 0 0 0 0 0 0.09457647119 0 0 0 0 0 0 0.0007559571013 0 0 0 0 0 0 0.0007559571013 0 0 0 0 0 0 0.001311984045
30,1785497058.705622435,map,8.4261503220,-3.8064539433,-1.3979877234,0.0490520545,0.0594525408,0.8523342251,0.5172868593,0.04310358338 0 0 0 0 0 0 0.04310358338 0 0 0 0 0 0 0.09462638838 0 0 0 0 0 0 0.0007567361041 0 0 0 0 0 0 0.0007567361041 0 0 0 0 0 0 0.001313010235
31,1785497058.805493832,map,8.4262123108,-3.8055274487,-1.3982167244,0.0490222512,0.0592980262,0.8522904369,0.5173795067,0.04304711808 0 0 0 0 0 0 0.04304711808 0 0 0 0 0 0 0.09454271693 0 0 0 0 0 0 0.0007554304464 0 0 0 0 0 0 0.0007554304464 0 0 0 0 0 0 0.001311290204
32,1785497058.905643940,map,8.4241752625,-3.8072412014,-1.3978360891,0.0490386658,0.0593184539,0.8522763933,0.5173987672,0.04277788861 0 0 0 0 0 0 0.04277788861 0 0 0 0 0 0 0.09414352101 0 0 0 0 0 0 0.0007492087495 0 0 0 0 0 0 0.0007492087495 0 0 0 0 0 0 0.001303089005
33,1785497059.005920410,map,8.4223318100,-3.8090767860,-1.3971790075,0.0492664938,0.0593936568,0.8522034777,0.5174885510,0.04312225387 0 0 0 0 0 0 0.04312225387 0 0 0 0 0 0 0.09465405078 0 0 0 0 0 0 0.0007571678852 0 0 0 0 0 0 0.0007571678852 0 0 0 0 0 0 0.001313578971
34,1785497059.105730772,map,8.4293804169,-3.8129081726,-1.3995617628,0.0491406342,0.0592243825,0.8521104881,0.5176730663,0.04297470209 0 0 0 0 0 0 0.04297470209 0 0 0 0 0 0 0.09443538327 0 0 0 0 0 0 0.0007537563556 0 0 0 0 0 0 0.0007537563556 0 0 0 0 0 0 0.001309084287
35,1785497059.205543995,map,8.4241676331,-3.8091561794,-1.3976548910,0.0490790779,0.0591505579,0.8520776734,0.5177413395,0.04302986023 0 0 0 0 0 0 0.04302986023 0 0 0 0 0 0 0.09451714031 0 0 0 0 0 0 0.0007550314438 0 0 0 0 0 0 0.0007550314438 0 0 0 0 0 0 0.0013107645
36,1785497059.305551767,map,8.4190740585,-3.8063242435,-1.3982460499,0.0490791055,0.0592894987,0.8521072696,0.5176767003,0.04282220861 0 0 0 0 0 0 0.04282220861 0 0 0 0 0 0 0.09420926388 0 0 0 0 0 0 0.000750232525 0 0 0 0 0 0 0.000750232525 0 0 0 0 0 0 0.00130443907
37,1785497059.405975819,map,8.4219713211,-3.8036906719,-1.3978614807,0.0491759076,0.0592046892,0.8521438301,0.5176170334,0.04317016199 0 0 0 0 0 0 0.04317016199 0 0 0 0 0 0 0.09472502308 0 0 0 0 0 0 0.0007582759626 0 0 0 0 0 0 0.0007582759626 0 0 0 0 0 0 0.001315038336
38,1785497059.505888700,map,8.4173870087,-3.8028092384,-1.3960996866,0.0491667661,0.0592376702,0.8521877921,0.5175417905,0.04281724408 0 0 0 0 0 0 0.04281724408 0 0 0 0 0 0 0.09420190021 0 0 0 0 0 0 0.0007501178378 0 0 0 0 0 0 0.0007501178378 0 0 0 0 0 0 0.001304287841
39,1785497059.605641365,map,8.4237060547,-3.8048398495,-1.3980251551,0.0491731329,0.0591818126,0.8521261750,0.5176489871,0.04304883018 0 0 0 0 0 0 0.04304883018 0 0 0 0 0 0 0.0945452542 0 0 0 0 0 0 0.0007554700314 0 0 0 0 0 0 0.0007554700314 0 0 0 0 0 0 0.001311342357
40,1785497059.705504417,map,8.4195795059,-3.8044195175,-1.3973865509,0.0491830877,0.0590250064,0.8521391639,0.5176446116,0.04286701239 0 0 0 0 0 0 0.04286701239 0 0 0 0 0 0 0.09427571312 0 0 0 0 0 0 0.0007512676473 0 0 0 0 0 0 0.0007512676473 0 0 0 0 0 0 0.001305803871
41,1785497059.805650949,map,8.4204015732,-3.8079750538,-1.3962141275,0.0493941286,0.0591117160,0.8521569978,0.5175852361,0.04284737424 0 0 0 0 0 0 0.04284737424 0 0 0 0 0 0 0.09424658884 0 0 0 0 0 0 0.0007508139168 0 0 0 0 0 0 0.0007508139168 0 0 0 0 0 0 0.001305205659
42,1785497059.905936241,map,8.4206714630,-3.8118946552,-1.3964164257,0.0492187901,0.0590843517,0.8521898101,0.5175510040,0.04302335175 0 0 0 0 0 0 0.04302335175 0 0 0 0 0 0 0.09450749414 0 0 0 0 0 0 0.0007548809742 0 0 0 0 0 0 0.0007548809742 0 0 0 0 0 0 0.00131056624
43,1785497060.005677700,map,8.4190130234,-3.8125042915,-1.4002478123,0.0493801766,0.0590934075,0.8521594699,0.5175845740,0.0429119171 0 0 0 0 0 0 0.0429119171 0 0 0 0 0 0 0.09434230068 0 0 0 0 0 0 0.000752305274 0 0 0 0 0 0 0.000752305274 0 0 0 0 0 0 0.001307171746
44,1785497060.105610609,map,8.4170846939,-3.8101155758,-1.3983784914,0.0493050427,0.0591067606,0.8522241906,0.5174836846,0.04282200709 0 0 0 0 0 0 0.04282200709 0 0 0 0 0 0 0.09420896498 0 0 0 0 0 0 0.0007502278695 0 0 0 0 0 0 0.0007502278695 0 0 0 0 0 0 0.001304432931
45,1785497060.205538273,map,8.4185428619,-3.8074932098,-1.3987698555,0.0492159843,0.0592337106,0.8521883792,0.5175366079,0.04299683069 0 0 0 0 0 0 0.04299683069 0 0 0 0 0 0 0.09446818499 0 0 0 0 0 0 0.0007542678702 0 0 0 0 0 0 0.0007542678702 0 0 0 0 0 0 0.001309758362
46,1785497060.305945158,map,8.4051971436,-3.7676537037,-1.3966062069,0.0493876821,0.0589898679,0.8521271722,0.5176488360,0.04299379219 0 0 0 0 0 0 0.04299379219 0 0 0 0 0 0 0.09446368112 0 0 0 0 0 0 0.0007541976312 0 0 0 0 0 0 0.0007541976312 0 0 0 0 0 0 0.001309665804
47,1785497060.405777693,map,8.4113092422,-3.7744212151,-1.3982012272,0.0491250579,0.0591613719,0.8520919217,0.5177122914,0.04294010422 0 0 0 0 0 0 0.04294010422 0 0 0 0 0 0 0.09438409255 0 0 0 0 0 0 0.0007529566907 0 0 0 0 0 0 0.0007529566907 0 0 0 0 0 0 0.001308030375
48,1785497060.505597591,map,8.4157133102,-3.7774126530,-1.3979399204,0.0492291117,0.0590992363,0.8521138766,0.5176733685,0.04307593942 0 0 0 0 0 0 0.04307593942 0 0 0 0 0 0 0.09458542722 0 0 0 0 0 0 0.0007560968537 0 0 0 0 0 0 0.0007560968537 0 0 0 0 0 0 0.001312168152
49,1785497060.605550289,map,8.4192609787,-3.7797799110,-1.3977755308,0.0491196198,0.0590192811,0.8521976348,0.5175549772,0.04285909291 0 0 0 0 0 0 0.04285909291 0 0 0 0 0 0 0.09426396842 0 0 0 0 0 0 0.0007510846672 0 0 0 0 0 0 0.0007510846672 0 0 0 0 0 0 0.00130556263
50,1785497060.705601454,map,8.4215946198,-3.7859284878,-1.3964736462,0.0491512637,0.0591090434,0.8521702793,0.5175867692,0.04301433621 0 0 0 0 0 0 0.04301433621 0 0 0 0 0 0 0.09449413187 0 0 0 0 0 0 0.0007546725495 0 0 0 0 0 0 0.0007546725495 0 0 0 0 0 0 0.001310291611
51,1785497060.806074619,map,8.4160156250,-3.7899012566,-1.3968408108,0.0493535511,0.0590921808,0.8521434363,0.5176136005,0.04302234021 0 0 0 0 0 0 0.04302234021 0 0 0 0 0 0 0.09450599493 0 0 0 0 0 0 0.0007548575887 0 0 0 0 0 0 0.0007548575887 0 0 0 0 0 0 0.001310535427
52,1785497060.905608892,map,8.4155683517,-3.7863831520,-1.3970454931,0.0494895873,0.0591010776,0.8521272322,0.5176263463,0.04293803096 0 0 0 0 0 0 0.04293803096 0 0 0 0 0 0 0.09438101877 0 0 0 0 0 0 0.0007529087745 0 0 0 0 0 0 0.0007529087745 0 0 0 0 0 0 0.00130796722
53,1785497061.005550623,map,8.4123954773,-3.7880439758,-1.3968896866,0.0492251541,0.0591551158,0.8521830284,0.5175535664,0.04289221417 0 0 0 0 0 0 0.04289221417 0 0 0 0 0 0 0.09431308532 0 0 0 0 0 0 0.0007518499712 0 0 0 0 0 0 0.0007518499712 0 0 0 0 0 0 0.001306571561
54,1785497061.105510950,map,8.4139461517,-3.7928962708,-1.3987768888,0.0490912955,0.0591620966,0.8522313644,0.5174858155,0.04295773987 0 0 0 0 0 0 0.04295773987 0 0 0 0 0 0 0.09441023792 0 0 0 0 0 0 0.0007533642927 0 0 0 0 0 0 0.0007533642927 0 0 0 0 0 0 0.001308567588
55,1785497061.205703735,map,8.4177246094,-3.7925529480,-1.3979806900,0.0488877805,0.0592084660,0.8522580414,0.5174558747,0.04284887289 0 0 0 0 0 0 0.04284887289 0 0 0 0 0 0 0.09424881149 0 0 0 0 0 0 0.0007508485414 0 0 0 0 0 0 0.0007508485414 0 0 0 0 0 0 0.00130525131
56,1785497061.305658102,map,8.4178743362,-3.7917551994,-1.3979496956,0.0489218834,0.0592993367,0.8522401635,0.5174717128,0.04270204199 0 0 0 0 0 0 0.04270204199 0 0 0 0 0 0 0.09403098681 0 0 0 0 0 0 0.0007474571134 0 0 0 0 0 0 0.0007474571134 0 0 0 0 0 0 0.001300778585
57,1785497061.405664206,map,8.4141750336,-3.7896418571,-1.3978024721,0.0491054309,0.0589680255,0.8522357153,0.5174995219,0.04303546668 0 0 0 0 0 0 0.04303546668 0 0 0 0 0 0 0.09452544942 0 0 0 0 0 0 0.0007551610626 0 0 0 0 0 0 0.0007551610626 0 0 0 0 0 0 0.001310935282
58,1785497061.505549431,map,8.4248809814,-3.7910509109,-1.4000186920,0.0489413148,0.0592742916,0.8521744164,0.5175810040,0.04277023223 0 0 0 0 0 0 0.04277023223 0 0 0 0 0 0 0.09413216266 0 0 0 0 0 0 0.0007490319071 0 0 0 0 0 0 0.0007490319071 0 0 0 0 0 0 0.001302855778
59,1785497061.705799341,map,8.4230756760,-3.7844772339,-1.3993204832,0.0489449396,0.0588954094,0.8522014510,0.5175793774,0.0427782229 0 0 0 0 0 0 0.0427782229 0 0 0 0 0 0 0.09414401694 0 0 0 0 0 0 0.000749216471 0 0 0 0 0 0 0.000749216471 0 0 0 0 0 0 0.001303099188
60,1785497061.805864096,map,8.4251737595,-3.7859671116,-1.3992677927,0.0490017833,0.0589265353,0.8522406627,0.5175059070,0.04311643615 0 0 0 0 0 0 0.04311643615 0 0 0 0 0 0 0.09464543139 0 0 0 0 0 0 0.000757033339 0 0 0 0 0 0 0.000757033339 0 0 0 0 0 0 0.001313401753
61,1785497061.905599594,map,8.4248151779,-3.7857060432,-1.3990547657,0.0489733625,0.0590006172,0.8523070064,0.5173908831,0.04316737644 0 0 0 0 0 0 0.04316737644 0 0 0 0 0 0 0.09472089685 0 0 0 0 0 0 0.0007582115297 0 0 0 0 0 0 0.0007582115297 0 0 0 0 0 0 0.001314953483
62,1785497062.005496502,map,8.4281969070,-3.7875669003,-1.3986128569,0.0489760210,0.0589826007,0.8523687238,0.5172909570,0.04290344203 0 0 0 0 0 0 0.04290344203 0 0 0 0 0 0 0.09432973417 0 0 0 0 0 0 0.0007521094247 0 0 0 0 0 0 0.0007521094247 0 0 0 0 0 0 0.001306913581
63,1785497062.105610847,map,8.4247303009,-3.7908892632,-1.4009553194,0.0489892189,0.0588612081,0.8523262389,0.5173735088,0.04274866581 0 0 0 0 0 0 0.04274866581 0 0 0 0 0 0 0.09410016678 0 0 0 0 0 0 0.0007485338064 0 0 0 0 0 0 0.0007485338064 0 0 0 0 0 0 0.001302198828
64,1785497062.205840111,map,8.4194240570,-3.7926287651,-1.3990867138,0.0490992084,0.0588925335,0.8523785038,0.5172734137,0.04298796094 0 0 0 0 0 0 0.04298796094 0 0 0 0 0 0 0.09445503749 0 0 0 0 0 0 0.000754062836 0 0 0 0 0 0 0.000754062836 0 0 0 0 0 0 0.001309488174
65,1785497062.305722237,map,8.4201297760,-3.7901833057,-1.3981341124,0.0491084056,0.0589360789,0.8524747115,0.5171089853,0.04306070456 0 0 0 0 0 0 0.04306070456 0 0 0 0 0 0 0.09456285128 0 0 0 0 0 0 0.0007557445841 0 0 0 0 0 0 0.0007557445841 0 0 0 0 0 0 0.001311704072
66,1785497062.405528307,map,8.4246912003,-3.7948765755,-1.4004632235,0.0489158713,0.0591449260,0.8524685873,0.5171135743,0.04307956306 0 0 0 0 0 0 0.04307956306 0 0 0 0 0 0 0.09459079674 0 0 0 0 0 0 0.0007561806444 0 0 0 0 0 0 0.0007561806444 0 0 0 0 0 0 0.001312278534
67,1785497062.505491495,map,8.4215993881,-3.7970750332,-1.3994634151,0.0489341438,0.0590529844,0.8524468884,0.5171581148,0.04290369293 0 0 0 0 0 0 0.04290369293 0 0 0 0 0 0 0.09433010621 0 0 0 0 0 0 0.0007521152227 0 0 0 0 0 0 0.0007521152227 0 0 0 0 0 0 0.001306921224
68,1785497062.605791807,map,8.4245243073,-3.7917060852,-1.3983858824,0.0490688114,0.0590533322,0.8524710281,0.5171055562,0.04298153025 0 0 0 0 0 0 0.04298153025 0 0 0 0 0 0 0.09444550509 0 0 0 0 0 0 0.0007539141876 0 0 0 0 0 0 0.0007539141876 0 0 0 0 0 0 0.001309292284
69,1785497062.705613613,map,8.4247531891,-3.7889659405,-1.4003549814,0.0490673824,0.0590447446,0.8524025114,0.5172195992,0.04297038396 0 0 0 0 0 0 0.04297038396 0 0 0 0 0 0 0.09442898208 0 0 0 0 0 0 0.0007536565444 0 0 0 0 0 0 0.0007536565444 0 0 0 0 0 0 0.001308952749
70,1785497062.805601358,map,8.4252452850,-3.7883636951,-1.4004316330,0.0489497391,0.0589305309,0.8524252550,0.5172062888,0.04310942424 0 0 0 0 0 0 0.04310942424 0 0 0 0 0 0 0.09463504247 0 0 0 0 0 0 0.0007568711789 0 0 0 0 0 0 0.0007568711789 0 0 0 0 0 0 0.001313188158
71,1785497062.905307055,map,8.4279222488,-3.7868347168,-1.3983654976,0.0490502798,0.0588324286,0.8523602614,0.5173149735,0.04308343307 0 0 0 0 0 0 0.04308343307 0 0 0 0 0 0 0.09459653127 0 0 0 0 0 0 0.0007562701335 0 0 0 0 0 0 0.0007562701335 0 0 0 0 0 0 0.001312396422
72,1785497063.005633831,map,8.4298858643,-3.7847144604,-1.4000873566,0.0490342494,0.0588893329,0.8524006874,0.5172434318,0.04294600055 0 0 0 0 0 0 0.04294600055 0 0 0 0 0 0 0.09439283423 0 0 0 0 0 0 0.0007530929661 0 0 0 0 0 0 0.0007530929661 0 0 0 0 0 0 0.001308209988
73,1785497063.106091022,map,8.4299011230,-3.7901473045,-1.4010846615,0.0492171484,0.0590293893,0.8523772936,0.5172486246,0.04288261916 0 0 0 0 0 0 0.04288261916 0 0 0 0 0 0 0.09429885712 0 0 0 0 0 0 0.0007516282581 0 0 0 0 0 0 0.0007516282581 0 0 0 0 0 0 0.00130627928
74,1785497063.205692053,map,8.4284515381,-3.7928478718,-1.4001256227,0.0490487605,0.0590258141,0.8524230242,0.5171896718,0.04275272285 0 0 0 0 0 0 0.04275272285 0 0 0 0 0 0 0.09410618599 0 0 0 0 0 0 0.0007486275052 0 0 0 0 0 0 0.0007486275052 0 0 0 0 0 0 0.001302322412
75,1785497063.305520773,map,8.4270992279,-3.7908279896,-1.4004275799,0.0490595298,0.0588711610,0.8524159930,0.5172178346,0.04314723858 0 0 0 0 0 0 0.04314723858 0 0 0 0 0 0 0.09469106536 0 0 0 0 0 0 0.0007577457377 0 0 0 0 0 0 0.0007577457377 0 0 0 0 0 0 0.001314340049
76,1785497063.405500650,map,8.4216451645,-3.7864277363,-1.3988431692,0.0493005132,0.0588030526,0.8523901621,0.5172452036,0.04267752537 0 0 0 0 0 0 0.04267752537 0 0 0 0 0 0 0.09399460434 0 0 0 0 0 0 0.0007468910215 0 0 0 0 0 0 0.0007468910215 0 0 0 0 0 0 0.001300031766
77,1785497063.505856991,map,8.4201364517,-3.7884864807,-1.3985987902,0.0490615745,0.0589013261,0.8524343300,0.5171840535,0.04272072659 0 0 0 0 0 0 0.04272072659 0 0 0 0 0 0 0.09405871231 0 0 0 0 0 0 0.0007478885779 0 0 0 0 0 0 0.0007478885779 0 0 0 0 0 0 0.00130134775
78,1785497063.605792999,map,8.4155855179,-3.7747659683,-1.4018094540,0.0492618170,0.0586197320,0.8523323006,0.5173650915,0.04289129097 0 0 0 0 0 0 0.04289129097 0 0 0 0 0 0 0.09431171635 0 0 0 0 0 0 0.0007518286382 0 0 0 0 0 0 0.0007518286382 0 0 0 0 0 0 0.001306543439
79,1785497063.705622435,map,8.4110851288,-3.7729239464,-1.4004653692,0.0491186992,0.0587605285,0.8523260222,0.5173730984,0.04283102457 0 0 0 0 0 0 0.04283102457 0 0 0 0 0 0 0.09422233987 0 0 0 0 0 0 0.0007504361905 0 0 0 0 0 0 0.0007504361905 0 0 0 0 0 0 0.001304707619
80,1785497063.805514336,map,8.4092597961,-3.7773871422,-1.3976876736,0.0491337337,0.0588902945,0.8523861469,0.5172578144,0.04299806979 0 0 0 0 0 0 0.04299806979 0 0 0 0 0 0 0.09447002166 0 0 0 0 0 0 0.000754296514 0 0 0 0 0 0 0.000754296514 0 0 0 0 0 0 0.001309796108
81,1785497063.905493259,map,8.4077358246,-3.7829985619,-1.3984484673,0.0490680220,0.0589994635,0.8523910787,0.5172435111,0.04298199463 0 0 0 0 0 0 0.04298199463 0 0 0 0 0 0 0.09444619347 0 0 0 0 0 0 0.000753924922 0 0 0 0 0 0 0.000753924922 0 0 0 0 0 0 0.00130930643
82,1785497064.005741119,map,8.4168939590,-3.7815310955,-1.3996142149,0.0490383705,0.0589929012,0.8524002132,0.5172320594,0.04311389742 0 0 0 0 0 0 0.04311389742 0 0 0 0 0 0 0.09464167002 0 0 0 0 0 0 0.000756974627 0 0 0 0 0 0 0.000756974627 0 0 0 0 0 0 0.001313324419
83,1785497064.105951548,map,8.4228143692,-3.7903780937,-1.4011588097,0.0490035497,0.0590745678,0.8523627343,0.5172877739,0.04291077688 0 0 0 0 0 0 0.04291077688 0 0 0 0 0 0 0.09434061004 0 0 0 0 0 0 0.0007522789245 0 0 0 0 0 0 0.0007522789245 0 0 0 0 0 0 0.001307137013
84,1785497064.205644131,map,8.4223222733,-3.7950835228,-1.4018361568,0.0490882947,0.0592017515,0.8523461319,0.5172925701,0.04279508234 0 0 0 0 0 0 0.04279508234 0 0 0 0 0 0 0.09416902697 0 0 0 0 0 0 0.0007496058984 0 0 0 0 0 0 0.0007496058984 0 0 0 0 0 0 0.001303612756
85,1785497064.305518150,map,8.4217538834,-3.7913181782,-1.3999310732,0.0490723354,0.0588615787,0.8522802188,0.5174414832,0.04295041477 0 0 0 0 0 0 0.04295041477 0 0 0 0 0 0 0.09439937846 0 0 0 0 0 0 0.000753194989 0 0 0 0 0 0 0.000753194989 0 0 0 0 0 0 0.001308344453
86,1785497064.405558348,map,8.4256200790,-3.7865242958,-1.4011280537,0.0487474909,0.0587812649,0.8523393212,0.5173839421,0.04296375879 0 0 0 0 0 0 0.04296375879 0 0 0 0 0 0 0.09441916075 0 0 0 0 0 0 0.0007535034105 0 0 0 0 0 0 0.0007535034105 0 0 0 0 0 0 0.001308750935
87,1785497064.505767107,map,8.4306440353,-3.7836198807,-1.4007704258,0.0490382171,0.0586948424,0.8523578504,0.5173357198,0.04301455596 0 0 0 0 0 0 0.04301455596 0 0 0 0 0 0 0.09449445758 0 0 0 0 0 0 0.0007546776297 0 0 0 0 0 0 0.0007546776297 0 0 0 0 0 0 0.001310298305
88,1785497064.605648756,map,8.4300613403,-3.7855257988,-1.4000705481,0.0490999876,0.0584666594,0.8521340307,0.5177243224,0.04290667275 0 0 0 0 0 0 0.04290667275 0 0 0 0 0 0 0.09433452461 0 0 0 0 0 0 0.0007521840823 0 0 0 0 0 0 0.0007521840823 0 0 0 0 0 0 0.001307011994
89,1785497064.705572844,map,8.4381589890,-3.7892918587,-1.4019610882,0.0495072337,0.0582587587,0.8519655566,0.5179861080,0.04286293699 0 0 0 0 0 0 0.04286293699 0 0 0 0 0 0 0.0942696693 0 0 0 0 0 0 0.0007511734844 0 0 0 0 0 0 0.0007511734844 0 0 0 0 0 0 0.001305679727
90,1785497064.805576086,map,8.4328517914,-3.7898361683,-1.4038904905,0.0497010720,0.0582300694,0.8518518431,0.5181577783,0.04289651535 0 0 0 0 0 0 0.04289651535 0 0 0 0 0 0 0.09431946326 0 0 0 0 0 0 0.0007519493615 0 0 0 0 0 0 0.0007519493615 0 0 0 0 0 0 0.001306702582
91,1785497064.905728817,map,8.4177646637,-3.7912209034,-1.4033794403,0.0506263132,0.0582189266,0.8516001734,0.5184830510,0.0429058121 0 0 0 0 0 0 0.0429058121 0 0 0 0 0 0 0.09433324847 0 0 0 0 0 0 0.0007521641938 0 0 0 0 0 0 0.0007521641938 0 0 0 0 0 0 0.001306985778
92,1785497065.005765200,map,8.4173173904,-3.7961525917,-1.4033871889,0.0508646905,0.0581782771,0.8516092573,0.5184493667,0.04295974907 0 0 0 0 0 0 0.04295974907 0 0 0 0 0 0 0.09441321651 0 0 0 0 0 0 0.0007534107319 0 0 0 0 0 0 0.0007534107319 0 0 0 0 0 0 0.001308628792
93,1785497065.105611086,map,8.4154424667,-3.7981956005,-1.4018031359,0.0509827066,0.0581475271,0.8516584570,0.5183604176,0.04292548084 0 0 0 0 0 0 0.04292548084 0 0 0 0 0 0 0.09436241163 0 0 0 0 0 0 0.0007526187294 0 0 0 0 0 0 0.0007526187294 0 0 0 0 0 0 0.001307584922
94,1785497065.205482006,map,8.4060592651,-3.7981088161,-1.4048786163,0.0509251162,0.0571854776,0.8515269433,0.5186890538,0.04285376658 0 0 0 0 0 0 0.04285376658 0 0 0 0 0 0 0.09425606921 0 0 0 0 0 0 0.0007509616053 0 0 0 0 0 0 0.0007509616053 0 0 0 0 0 0 0.00130540038
95,1785497065.405821800,map,8.4045410156,-3.7970597744,-1.4017246962,0.0508620124,0.0574159862,0.8515080512,0.5187007892,0.04299459102 0 0 0 0 0 0 0.04299459102 0 0 0 0 0 0 0.09446486521 0 0 0 0 0 0 0.0007542160972 0 0 0 0 0 0 0.0007542160972 0 0 0 0 0 0 0.001309690138
96,1785497065.505584955,map,8.4056978226,-3.7778687477,-1.4033290148,0.0511251424,0.0577035301,0.8514301520,0.5187708230,0.0429884166 0 0 0 0 0 0 0.0429884166 0 0 0 0 0 0 0.09445571292 0 0 0 0 0 0 0.000754073369 0 0 0 0 0 0 0.000754073369 0 0 0 0 0 0 0.001309502055
97,1785497065.605372429,map,8.4050045013,-3.7786493301,-1.4036560059,0.0512214520,0.0577189708,0.8514244576,0.5187690421,0.04301925274 0 0 0 0 0 0 0.04301925274 0 0 0 0 0 0 0.09450141891 0 0 0 0 0 0 0.0007547862109 0 0 0 0 0 0 0.0007547862109 0 0 0 0 0 0 0.001310441377
98,1785497065.705708504,map,8.3955335617,-3.7682101727,-1.4047822952,0.0517833778,0.0573282817,0.8515024686,0.5186284331,0.04313553525 0 0 0 0 0 0 0.04313553525 0 0 0 0 0 0 0.09467372744 0 0 0 0 0 0 0.0007574750536 0 0 0 0 0 0 0.0007574750536 0 0 0 0 0 0 0.001313983545
99,1785497065.806258440,map,8.3899774551,-3.7655901909,-1.4036499262,0.0517640685,0.0574293616,0.8515822885,0.5184881308,0.04310982174 0 0 0 0 0 0 0.04310982174 0 0 0 0 0 0 0.09463563141 0 0 0 0 0 0 0.0007568803715 0 0 0 0 0 0 0.0007568803715 0 0 0 0 0 0 0.001313200266
100,1785497065.905811787,map,8.3902702332,-3.7717523575,-1.4001778364,0.0519037429,0.0572141452,0.8515700879,0.5185180622,0.04308323847 0 0 0 0 0 0 0.04308323847 0 0 0 0 0 0 0.09459624293 0 0 0 0 0 0 0.0007562656336 0 0 0 0 0 0 0.0007562656336 0 0 0 0 0 0 0.001312390494
101,1785497066.005471945,map,8.3902616501,-3.7754771709,-1.4009790421,0.0519565440,0.0571860046,0.8516217887,0.5184309070,0.04295667838 0 0 0 0 0 0 0.04295667838 0 0 0 0 0 0 0.09440866428 0 0 0 0 0 0 0.0007533397584 0 0 0 0 0 0 0.0007533397584 0 0 0 0 0 0 0.001308535253
102,1785497066.105477333,map,8.3887701035,-3.7812256813,-1.3989001513,0.0518367871,0.0569345523,0.8515986582,0.5185085930,0.04289899683 0 0 0 0 0 0 0.04289899683 0 0 0 0 0 0 0.09432314285 0 0 0 0 0 0 0.0007520067038 0 0 0 0 0 0 0.0007520067038 0 0 0 0 0 0 0.001306778173
103,1785497066.205750942,map,8.3863162994,-3.7893629074,-1.3984444141,0.0516094231,0.0567861606,0.8516276074,0.5184999786,0.04271625577 0 0 0 0 0 0 0.04271625577 0 0 0 0 0 0 0.09405207838 0 0 0 0 0 0 0.000747785335 0 0 0 0 0 0 0.000747785335 0 0 0 0 0 0 0.001301211561
104,1785497066.305711508,map,8.3887166977,-3.7899949551,-1.4005210400,0.0515410130,0.0567210339,0.8516373959,0.5184978159,0.04297932857 0 0 0 0 0 0 0.04297932857 0 0 0 0 0 0 0.09444224142 0 0 0 0 0 0 0.0007538632956 0 0 0 0 0 0 0.0007538632956 0 0 0 0 0 0 0.001309225217
105,1785497066.405564547,map,8.3909101486,-3.7912797928,-1.4002454281,0.0514302350,0.0566261572,0.8516668667,0.5184707933,0.04283832158 0 0 0 0 0 0 0.04283832158 0 0 0 0 0 0 0.0942331626 0 0 0 0 0 0 0.0007506047705 0 0 0 0 0 0 0.0007506047705 0 0 0 0 0 0 0.001304929899
106,1785497066.505451679,map,8.3874826431,-3.7922742367,-1.4030482769,0.0515890033,0.0564740089,0.8516200239,0.5185485667,0.04294924513 0 0 0 0 0 0 0.04294924513 0 0 0 0 0 0 0.09439764443 0 0 0 0 0 0 0.0007531679556 0 0 0 0 0 0 0.0007531679556 0 0 0 0 0 0 0.001308308823
107,1785497066.605485439,map,8.3899621964,-3.7924833298,-1.4020875692,0.0515308225,0.0564407377,0.8516085066,0.5185768568,0.04310653722 0 0 0 0 0 0 0.04310653722 0 0 0 0 0 0 0.09463076496 0 0 0 0 0 0 0.0007568044139 0 0 0 0 0 0 0.0007568044139 0 0 0 0 0 0 0.001313100215
108,1785497066.705686808,map,8.3831901550,-3.7913453579,-1.4018267393,0.0515474057,0.0564671938,0.8516089763,0.5185715840,0.04284721088 0 0 0 0 0 0 0.04284721088 0 0 0 0 0 0 0.09424634656 0 0 0 0 0 0 0.0007508101425 0 0 0 0 0 0 0.0007508101425 0 0 0 0 0 0 0.001305200682
109,1785497066.805686474,map,8.3911361694,-3.7851207256,-1.4036678076,0.0512704210,0.0563076694,0.8516533310,0.5185435091,0.04296698893 0 0 0 0 0 0 0.04296698893 0 0 0 0 0 0 0.09442394922 0 0 0 0 0 0 0.0007535780713 0 0 0 0 0 0 0.0007535780713 0 0 0 0 0 0 0.00130884933
110,1785497066.905511618,map,8.3925399780,-3.7907285690,-1.4021878242,0.0511483968,0.0564434783,0.8516128375,0.5186073075,0.0429417408 0 0 0 0 0 0 0.0429417408 0 0 0 0 0 0 0.09438651891 0 0 0 0 0 0 0.0007529945149 0 0 0 0 0 0 0.0007529945149 0 0 0 0 0 0 0.001308080228
111,1785497067.005470753,map,8.3943090439,-3.7925164700,-1.4022004604,0.0512562074,0.0562126163,0.8515569250,0.5187135586,0.04306409101 0 0 0 0 0 0 0.04306409101 0 0 0 0 0 0 0.09456786964 0 0 0 0 0 0 0.0007558228859 0 0 0 0 0 0 0.0007558228859 0 0 0 0 0 0 0.001311807229
112,1785497067.105576277,map,8.3940334320,-3.7922086716,-1.4016374350,0.0513489629,0.0563155767,0.8515730288,0.5186668102,0.04285564779 0 0 0 0 0 0 0.04285564779 0 0 0 0 0 0 0.09425885915 0 0 0 0 0 0 0.0007510050693 0 0 0 0 0 0 0.0007510050693 0 0 0 0 0 0 0.001305457685
113,1785497067.205717802,map,8.3975458145,-3.7837476730,-1.4065358639,0.0513780001,0.0562395329,0.8514360526,0.5188969993,0.04292590107 0 0 0 0 0 0 0.04292590107 0 0 0 0 0 0 0.09436303469 0 0 0 0 0 0 0.0007526284412 0 0 0 0 0 0 0.0007526284412 0 0 0 0 0 0 0.001307597723
114,1785497067.405409813,map,8.3960037231,-3.7864410877,-1.4046396017,0.0512435145,0.0561763145,0.8514630793,0.5188727759,0.0428698085 0 0 0 0 0 0 0.0428698085 0 0 0 0 0 0 0.0942798597 0 0 0 0 0 0 0.0007513322527 0 0 0 0 0 0 0.0007513322527 0 0 0 0 0 0 0.001305889045
115,1785497067.505628109,map,8.4002256393,-3.7837595940,-1.4048089981,0.0513433154,0.0562424372,0.8515404473,0.5187287407,0.04305235095 0 0 0 0 0 0 0.04305235095 0 0 0 0 0 0 0.09455047185 0 0 0 0 0 0 0.0007555514356 0 0 0 0 0 0 0.0007555514356 0 0 0 0 0 0 0.001311449606
116,1785497067.605815649,map,8.4025440216,-3.7827880383,-1.4042823315,0.0512771584,0.0562192662,0.8515146655,0.5187802157,0.04276255674 0 0 0 0 0 0 0.04276255674 0 0 0 0 0 0 0.09412077563 0 0 0 0 0 0 0.0007488546285 0 0 0 0 0 0 0.0007488546285 0 0 0 0 0 0 0.00130262197
117,1785497067.705622673,map,8.4030132294,-3.7851924896,-1.4058206081,0.0514950445,0.0563557526,0.8514771510,0.5188053122,0.04282230497 0 0 0 0 0 0 0.04282230497 0 0 0 0 0 0 0.09420940681 0 0 0 0 0 0 0.000750234751 0 0 0 0 0 0 0.000750234751 0 0 0 0 0 0 0.001304442005
118,1785497067.805482864,map,8.4057111740,-3.7879836559,-1.4043301344,0.0511476168,0.0562317586,0.8515607014,0.5187160004,0.04295853801 0 0 0 0 0 0 0.04295853801 0 0 0 0 0 0 0.09441142114 0 0 0 0 0 0 0.0007533827403 0 0 0 0 0 0 0.0007533827403 0 0 0 0 0 0 0.001308591901
119,1785497067.905465603,map,8.4068813324,-3.7871985435,-1.4044766426,0.0510753766,0.0560797463,0.8515756040,0.5187150596,0.04284144988 0 0 0 0 0 0 0.04284144988 0 0 0 0 0 0 0.09423780232 0 0 0 0 0 0 0.0007506770438 0 0 0 0 0 0 0.0007506770438 0 0 0 0 0 0 0.001305025192
120,1785497068.005597353,map,8.4076271057,-3.7876067162,-1.4067689180,0.0512458102,0.0562547663,0.8515329721,0.5187493586,0.042728489 0 0 0 0 0 0 0.042728489 0 0 0 0 0 0 0.09407023013 0 0 0 0 0 0 0.0007480678362 0 0 0 0 0 0 0.0007480678362 0 0 0 0 0 0 0.001301584207
121,1785497068.105582476,map,8.3962230682,-3.7982916832,-1.4038323164,0.0512142636,0.0563032384,0.8515314702,0.5187496961,0.04290410311 0 0 0 0 0 0 0.04290410311 0 0 0 0 0 0 0.09433071442 0 0 0 0 0 0 0.0007521247014 0 0 0 0 0 0 0.0007521247014 0 0 0 0 0 0 0.001306933719
122,1785497068.205604553,map,8.3947534561,-3.7982506752,-1.4046566486,0.0513229500,0.0565398629,0.8514202521,0.5188957429,0.04292791191 0 0 0 0 0 0 0.04292791191 0 0 0 0 0 0 0.09436601606 0 0 0 0 0 0 0.0007526749126 0 0 0 0 0 0 0.0007526749126 0 0 0 0 0 0 0.001307658976
123,1785497068.305296183,map,8.3989753723,-3.7979564667,-1.4037386179,0.0515012683,0.0565467319,0.8513796262,0.5189439566,0.04293148825 0 0 0 0 0 0 0.04293148825 0 0 0 0 0 0 0.09437131849 0 0 0 0 0 0 0.0007527575647 0 0 0 0 0 0 0.0007527575647 0 0 0 0 0 0 0.001307767918
124,1785497068.405486584,map,8.3984928131,-3.7985048294,-1.4030990601,0.0513798463,0.0567688026,0.8513437854,0.5189905006,0.04298193909 0 0 0 0 0 0 0.04298193909 0 0 0 0 0 0 0.09444611114 0 0 0 0 0 0 0.0007539236382 0 0 0 0 0 0 0.0007539236382 0 0 0 0 0 0 0.001309304738
125,1785497068.505443335,map,8.3979358673,-3.7934544086,-1.4030973911,0.0515748310,0.0569413014,0.8513699419,0.5189093761,0.0427816063 0 0 0 0 0 0 0.0427816063 0 0 0 0 0 0 0.09414903614 0 0 0 0 0 0 0.0007492946203 0 0 0 0 0 0 0.0007492946203 0 0 0 0 0 0 0.001303202253
126,1785497068.605718613,map,8.3908119202,-3.7913289070,-1.4016445875,0.0516163991,0.0570900409,0.8513881775,0.5188589694,0.04298786474 0 0 0 0 0 0 0.04298786474 0 0 0 0 0 0 0.09445489489 0 0 0 0 0 0 0.0007540606122 0 0 0 0 0 0 0.0007540606122 0 0 0 0 0 0 0.001309485244
127,1785497068.705538273,map,8.3878917694,-3.7886474133,-1.4006592035,0.0516268913,0.0571135327,0.8514535026,0.5187480731,0.04283226634 0 0 0 0 0 0 0.04283226634 0 0 0 0 0 0 0.09422418166 0 0 0 0 0 0 0.0007504648784 0 0 0 0 0 0 0.0007504648784 0 0 0 0 0 0 0.001304745446
128,1785497068.805410624,map,8.3811569214,-3.7869138718,-1.3997691870,0.0516846351,0.0570702763,0.8515339891,0.5186149577,0.04280255094 0 0 0 0 0 0 0.04280255094 0 0 0 0 0 0 0.0941801057 0 0 0 0 0 0 0.0007497784194 0 0 0 0 0 0 0.0007497784194 0 0 0 0 0 0 0.001303840263
129,1785497068.905607224,map,8.3818559647,-3.7844958305,-1.3984164000,0.0516085224,0.0571142843,0.8516334010,0.5184544756,0.0432244155 0 0 0 0 0 0 0.0432244155 0 0 0 0 0 0 0.09480538013 0 0 0 0 0 0 0.0007595310391 0 0 0 0 0 0 0.0007595310391 0 0 0 0 0 0 0.001316690992
130,1785497069.005856991,map,8.3773612976,-3.7866723537,-1.3984307051,0.0517370894,0.0573083940,0.8516409006,0.5184079697,0.04278558133 0 0 0 0 0 0 0.04278558133 0 0 0 0 0 0 0.09415493295 0 0 0 0 0 0 0.0007493864364 0 0 0 0 0 0 0.0007493864364 0 0 0 0 0 0 0.001303323339
131,1785497069.105632782,map,8.3840789795,-3.7868480682,-1.3975799084,0.0518209584,0.0571952115,0.8515849652,0.5185038942,0.04286671607 0 0 0 0 0 0 0.04286671607 0 0 0 0 0 0 0.09427527367 0 0 0 0 0 0 0.0007512608006 0 0 0 0 0 0 0.0007512608006 0 0 0 0 0 0 0.001305794844
132,1785497069.205518246,map,8.3899230957,-3.7888257504,-1.3984111547,0.0518332665,0.0570479994,0.8515821167,0.5185236517,0.04285933782 0 0 0 0 0 0 0.04285933782 0 0 0 0 0 0 0.09426433163 0 0 0 0 0 0 0.0007510903258 0 0 0 0 0 0 0.0007510903258 0 0 0 0 0 0 0.00130557009
133,1785497069.305425167,map,8.3893165588,-3.7907204628,-1.4000296593,0.0518386650,0.0570810130,0.8516194238,0.5184581904,0.04301976235 0 0 0 0 0 0 0.04301976235 0 0 0 0 0 0 0.09450217422 0 0 0 0 0 0 0.0007547979923 0 0 0 0 0 0 0.0007547979923 0 0 0 0 0 0 0.001310456901
134,1785497069.405623436,map,8.3849124908,-3.7928185463,-1.3989994526,0.0518393135,0.0569604677,0.8515891120,0.5185211947,0.04298069766 0 0 0 0 0 0 0.04298069766 0 0 0 0 0 0 0.09444427091 0 0 0 0 0 0 0.0007538949423 0 0 0 0 0 0 0.0007538949423 0 0 0 0 0 0 0.001309266922
135,1785497069.505617619,map,8.3820772171,-3.7926039696,-1.3990478516,0.0515063026,0.0569300257,0.8515905359,0.5185553412,0.04310806031 0 0 0 0 0 0 0.04310806031 0 0 0 0 0 0 0.09463302163 0 0 0 0 0 0 0.0007568396368 0 0 0 0 0 0 0.0007568396368 0 0 0 0 0 0 0.001313146611
136,1785497069.605538607,map,8.3861742020,-3.7945685387,-1.3982906342,0.0517320724,0.0570623619,0.8515950680,0.5185108490,0.04299373899 0 0 0 0 0 0 0.04299373899 0 0 0 0 0 0 0.09446360226 0 0 0 0 0 0 0.0007541964014 0 0 0 0 0 0 0.0007541964014 0 0 0 0 0 0 0.001309664184
137,1785497069.705382824,map,8.3934841156,-3.7903862000,-1.4005014896,0.0518746369,0.0571173097,0.8516600461,0.5183837882,0.04299366881 0 0 0 0 0 0 0.04299366881 0 0 0 0 0 0 0.09446349824 0 0 0 0 0 0 0.0007541947791 0 0 0 0 0 0 0.0007541947791 0 0 0 0 0 0 0.001309662046
138,1785497069.805571318,map,8.3825645447,-3.7950093746,-1.3912432194,0.0529526291,0.0548562932,0.8517164702,0.5184262866,0.04305278189 0 0 0 0 0 0 0.04305278189 0 0 0 0 0 0 0.09455111047 0 0 0 0 0 0 0.0007555613993 0 0 0 0 0 0 0.0007555613993 0 0 0 0 0 0 0.001311462733
139,1785497069.905566454,map,8.3810529709,-3.7992861271,-1.3797680140,0.0514725724,0.0480625853,0.8517572184,0.5191822170,0.04320838677 0 0 0 0 0 0 0.04320838677 0 0 0 0 0 0 0.09478164105 0 0 0 0 0 0 0.0007591602117 0 0 0 0 0 0 0.0007591602117 0 0 0 0 0 0 0.001316202729
140,1785497070.005582333,map,8.3454618454,-3.7379148006,-1.3949843645,0.0538509694,0.0438923025,0.8511165365,0.5203596409,0.04311957713 0 0 0 0 0 0 0.04311957713 0 0 0 0 0 0 0.09465008501 0 0 0 0 0 0 0.0007571059799 0 0 0 0 0 0 0.0007571059799 0 0 0 0 0 0 0.001313497433
141,1785497070.105434418,map,8.3059883118,-3.6665320396,-1.3852539062,0.0515212057,0.0427956221,0.8516561327,0.5198038218,0.0432594715 0 0 0 0 0 0 0.0432594715 0 0 0 0 0 0 0.09485729428 0 0 0 0 0 0 0.0007603421417 0 0 0 0 0 0 0.0007603421417 0 0 0 0 0 0 0.001317758859
142,1785497070.205447435,map,8.2454805374,-3.5465898514,-1.3947248459,0.0467942872,0.0456045983,0.8529834696,0.5178317978,0.04320390025 0 0 0 0 0 0 0.04320390025 0 0 0 0 0 0 0.0947749961 0 0 0 0 0 0 0.0007590564192 0 0 0 0 0 0 0.0007590564192 0 0 0 0 0 0 0.001316066062
143,1785497070.305851936,map,8.2847871780,-3.5775494576,-1.3740458488,0.0461207970,0.0465825567,0.8524924070,0.5186132193,0.04366975192 0 0 0 0 0 0 0.04366975192 0 0 0 0 0 0 0.09546436972 0 0 0 0 0 0 0.0007698426386 0 0 0 0 0 0 0.0007698426386 0 0 0 0 0 0 0.001330256715
144,1785497070.405661583,map,8.2584056854,-3.5649235249,-1.3695495129,0.0478086289,0.0465176228,0.8522294852,0.5188982341,0.04343008018 0 0 0 0 0 0 0.04343008018 0 0 0 0 0 0 0.09510984994 0 0 0 0 0 0 0.0007642910554 0 0 0 0 0 0 0.0007642910554 0 0 0 0 0 0 0.001322955897
145,1785497070.505505800,map,8.2470331192,-3.5637927055,-1.3788678646,0.0482993237,0.0477032440,0.8520914471,0.5189718375,0.04319738044 0 0 0 0 0 0 0.04319738044 0 0 0 0 0 0 0.09476533947 0 0 0 0 0 0 0.000758905591 0 0 0 0 0 0 0.000758905591 0 0 0 0 0 0 0.001315867457
146,1785497070.605406046,map,8.2152671814,-3.5389707088,-1.3801839352,0.0506184493,0.0523052987,0.8526431512,0.5173988968,0.04330773299 0 0 0 0 0 0 0.04330773299 0 0 0 0 0 0 0.09492875315 0 0 0 0 0 0 0.0007614589544 0 0 0 0 0 0 0.0007614589544 0 0 0 0 0 0 0.001319228988
147,1785497070.705529213,map,8.1720199585,-3.5538864136,-1.3737723827,0.0519573729,0.0541104711,0.8530144330,0.5164676918,0.04323287323 0 0 0 0 0 0 0.04323287323 0 0 0 0 0 0 0.09481790575 0 0 0 0 0 0 0.000759726719 0 0 0 0 0 0 0.000759726719 0 0 0 0 0 0 0.001316948629
148,1785497070.805766106,map,8.1793136597,-3.5466942787,-1.3709388971,0.0520126268,0.0540561020,0.8525900748,0.5171680697,0.04299742579 0 0 0 0 0 0 0.04299742579 0 0 0 0 0 0 0.09446906709 0 0 0 0 0 0 0.0007542816269 0 0 0 0 0 0 0.0007542816269 0 0 0 0 0 0 0.00130977649
149,1785497070.905753136,map,8.1797590256,-3.5269246101,-1.3649983406,0.0518572234,0.0555861005,0.8516868806,0.5185078961,0.04279508719 0 0 0 0 0 0 0.04279508719 0 0 0 0 0 0 0.09416903415 0 0 0 0 0 0 0.0007496060103 0 0 0 0 0 0 0.0007496060103 0 0 0 0 0 0 0.001303612904
150,1785497071.005509853,map,8.1688165665,-3.4111309052,-1.3578684330,0.0520697803,0.0562543802,0.8524264270,0.5171976238,0.04310469343 0 0 0 0 0 0 0.04310469343 0 0 0 0 0 0 0.0946280331 0 0 0 0 0 0 0.0007567617748 0 0 0 0 0 0 0.0007567617748 0 0 0 0 0 0 0.001313044049
151,1785497071.105371714,map,8.1707735062,-3.4253101349,-1.3647075891,0.0523737407,0.0562548574,0.8524363386,0.5171505656,0.04309714957 0 0 0 0 0 0 0.04309714957 0 0 0 0 0 0 0.09461685553 0 0 0 0 0 0 0.0007565873202 0 0 0 0 0 0 0.0007565873202 0 0 0 0 0 0 0.00131281425
152,1785497071.205624342,map,8.1730585098,-3.4295876026,-1.3652040958,0.0527118412,0.0565046063,0.8523486194,0.5172335431,0.04303343264 0 0 0 0 0 0 0.04303343264 0 0 0 0 0 0 0.09452243487 0 0 0 0 0 0 0.0007551140362 0 0 0 0 0 0 0.0007551140362 0 0 0 0 0 0 0.001310873322
153,1785497071.405505657,map,8.2241563797,-3.3995211124,-1.3702311516,0.0512606323,0.0566544042,0.8506493450,0.5201521942,0.04321313891 0 0 0 0 0 0 0.04321313891 0 0 0 0 0 0 0.09478867927 0 0 0 0 0 0 0.0007592701509 0 0 0 0 0 0 0.0007592701509 0 0 0 0 0 0 0.001316347487
154,1785497071.505411863,map,8.2566137314,-3.4497287273,-1.3810436726,0.0484585938,0.0575404039,0.8451941767,0.5291386259,0.04330810668 0 0 0 0 0 0 0.04330810668 0 0 0 0 0 0 0.09492930641 0 0 0 0 0 0 0.0007614676026 0 0 0 0 0 0 0.0007614676026 0 0 0 0 0 0 0.001319240371
155,1785497071.605499744,map,8.2597427368,-3.4827189445,-1.3795378208,0.0464714011,0.0609285176,0.8393180146,0.5382132060,0.04331521548 0 0 0 0 0 0 0.04331521548 0 0 0 0 0 0 0.09493983103 0 0 0 0 0 0 0.0007616321233 0 0 0 0 0 0 0.0007616321233 0 0 0 0 0 0 0.001319456918
156,1785497071.705689430,map,8.2525749207,-3.4166679382,-1.3690822124,0.0464078281,0.0616434322,0.8320050822,0.5493759326,0.04323405542 0 0 0 0 0 0 0.04323405542 0 0 0 0 0 0 0.09481965649 0 0 0 0 0 0 0.0007597540708 0 0 0 0 0 0 0.0007597540708 0 0 0 0 0 0 0.001316984641
157,1785497071.805499554,map,8.2473859787,-3.4488506317,-1.3690192699,0.0449657962,0.0626513897,0.8298861027,0.5525775458,0.04333882446 0 0 0 0 0 0 0.04333882446 0 0 0 0 0 0 0.09497478221 0 0 0 0 0 0 0.0007621785421 0 0 0 0 0 0 0.0007621785421 0 0 0 0 0 0 0.001320176088
158,1785497071.907017708,map,8.2342700958,-3.4576091766,-1.3708134890,0.0448450985,0.0643624432,0.8286208635,0.5542867785,0.04326073999 0 0 0 0 0 0 0.04326073999 0 0 0 0 0 0 0.09485917264 0 0 0 0 0 0 0.0007603714931 0 0 0 0 0 0 0.0007603714931 0 0 0 0 0 0 0.001317797499
159,1785497072.005706310,map,8.1786012650,-3.4087448120,-1.3605149984,0.0444060489,0.0652563143,0.8278646775,0.5553465407,0.04309120159 0 0 0 0 0 0 0.04309120159 0 0 0 0 0 0 0.09460804231 0 0 0 0 0 0 0.0007564497744 0 0 0 0 0 0 0.0007564497744 0 0 0 0 0 0 0.001312633064
160,1785497072.105653048,map,8.2022800446,-3.3575532436,-1.3661588430,0.0422636679,0.0643136883,0.8263383244,0.5578911103,0.04321374256 0 0 0 0 0 0 0.04321374256 0 0 0 0 0 0 0.09478957331 0 0 0 0 0 0 0.0007592841163 0 0 0 0 0 0 0.0007592841163 0 0 0 0 0 0 0.001316365876
161,1785497072.205528498,map,8.1727657318,-3.3497822285,-1.3528254032,0.0439059957,0.0614661732,0.8252330913,0.5597182406,0.04397905719 0 0 0 0 0 0 0.04397905719 0 0 0 0 0 0 0.09592142584 0 0 0 0 0 0 0.0007770142418 0 0 0 0 0 0 0.0007770142418 0 0 0 0 0 0 0.001339678693
162,1785497072.305508375,map,8.1546440125,-3.2848651409,-1.3518760204,0.0436824886,0.0551662001,0.8252556984,0.5603584278,0.04303396739 0 0 0 0 0 0 0.04303396739 0 0 0 0 0 0 0.09452322739 0 0 0 0 0 0 0.0007551263993 0 0 0 0 0 0 0.0007551263993 0 0 0 0 0 0 0.001310889611
163,1785497072.405422688,map,8.1073436737,-3.2411813736,-1.3523999453,0.0389454603,0.0518041518,0.8253198304,0.5609338468,0.04313670656 0 0 0 0 0 0 0.04313670656 0 0 0 0 0 0 0.09467546271 0 0 0 0 0 0 0.000757502144 0 0 0 0 0 0 0.000757502144 0 0 0 0 0 0 0.001314019225
164,1785497072.505682230,map,8.0520887375,-3.0820939541,-1.3419098854,0.0367623780,0.0521511478,0.8315128226,0.5518289436,0.04377661545 0 0 0 0 0 0 0.04377661545 0 0 0 0 0 0 0.09562233946 0 0 0 0 0 0 0.0007723194957 0 0 0 0 0 0 0.0007723194957 0 0 0 0 0 0 0.001333511965
165,1785497072.605579853,map,8.0644121170,-3.0592744350,-1.3490105867,0.0341356119,0.0564364999,0.8319784530,0.5508734443,0.04349604213 0 0 0 0 0 0 0.04349604213 0 0 0 0 0 0 0.09520745166 0 0 0 0 0 0 0.00076581847 0 0 0 0 0 0 0.00076581847 0 0 0 0 0 0 0.001324965212
166,1785497072.705433369,map,8.0884857178,-2.9951770306,-1.3480694294,0.0332055423,0.0599892341,0.8318417667,0.5507612360,0.04353619419 0 0 0 0 0 0 0.04353619419 0 0 0 0 0 0 0.0952668516 0 0 0 0 0 0 0.0007667484099 0 0 0 0 0 0 0.0007667484099 0 0 0 0 0 0 0.001326188314
167,1785497072.805423975,map,8.0366277695,-3.0488622189,-1.3415433168,0.0389022345,0.0606449441,0.8304677658,0.5523876410,0.04323756757 0 0 0 0 0 0 0.04323756757 0 0 0 0 0 0 0.09482485773 0 0 0 0 0 0 0.0007598353309 0 0 0 0 0 0 0.0007598353309 0 0 0 0 0 0 0.001317091627
168,1785497072.905470371,map,8.0088968277,-3.0564463139,-1.3290866613,0.0359407075,0.0637226365,0.8299155066,0.5530713742,0.04335064845 0 0 0 0 0 0 0.04335064845 0 0 0 0 0 0 0.09499228552 0 0 0 0 0 0 0.0007624522206 0 0 0 0 0 0 0.0007624522206 0 0 0 0 0 0 0.001320536268
169,1785497073.005629063,map,7.9567728043,-2.9817652702,-1.3443691730,0.0422670003,0.0646335700,0.8264009728,0.5577610585,0.04329272722 0 0 0 0 0 0 0.04329272722 0 0 0 0 0 0 0.09490653609 0 0 0 0 0 0 0.0007611116868 0 0 0 0 0 0 0.0007611116868 0 0 0 0 0 0 0.001318771886
170,1785497073.105459213,map,7.9668884277,-2.8966970444,-1.3240286112,0.0458758738,0.0618859355,0.8241570395,0.5610977948,0.04298930652 0 0 0 0 0 0 0.04298930652 0 0 0 0 0 0 0.09445703205 0 0 0 0 0 0 0.0007540939401 0 0 0 0 0 0 0.0007540939401 0 0 0 0 0 0 0.001309529163
171,1785497073.205421686,map,7.9431595802,-2.8818440437,-1.3223978281,0.0462487421,0.0616587891,0.8232923466,0.5623602097,0.04312681087 0 0 0 0 0 0 0.04312681087 0 0 0 0 0 0 0.09466080219 0 0 0 0 0 0 0.0007572732766 0 0 0 0 0 0 0.0007572732766 0 0 0 0 0 0 0.001313717785
172,1785497073.505483389,map,7.9397654533,-2.7639269829,-1.3332563639,0.0513032976,0.0553683634,0.8235084482,0.5622599010,0.04326682059 0 0 0 0 0 0 0.04326682059 0 0 0 0 0 0 0.09486817662 0 0 0 0 0 0 0.0007605121934 0 0 0 0 0 0 0.0007605121934 0 0 0 0 0 0 0.001317982725
173,1785497073.605350971,map,7.8758568764,-2.7633366585,-1.3292434216,0.0522040967,0.0568620164,0.8236332532,0.5618449211,0.04300724865 0 0 0 0 0 0 0.04300724865 0 0 0 0 0 0 0.09448362682 0 0 0 0 0 0 0.0007545087015 0 0 0 0 0 0 0.0007545087015 0 0 0 0 0 0 0.001310075712
174,1785497073.705525160,map,7.8316974640,-2.6839239597,-1.3259097338,0.0568320077,0.0573600193,0.8262390165,0.5575024943,0.04317571745 0 0 0 0 0 0 0.04317571745 0 0 0 0 0 0 0.09473325224 0 0 0 0 0 0 0.0007584044686 0 0 0 0 0 0 0.0007584044686 0 0 0 0 0 0 0.001315207565
175,1785497073.805709839,map,7.8380556107,-2.7319881916,-1.3158997297,0.0602606146,0.0563336077,0.8293254917,0.5526431652,0.04314955516 0 0 0 0 0 0 0.04314955516 0 0 0 0 0 0 0.09469449717 0 0 0 0 0 0 0.0007577993189 0 0 0 0 0 0 0.0007577993189 0 0 0 0 0 0 0.001314410616
176,1785497073.905567169,map,7.8619503975,-2.7134530544,-1.3207404613,0.0607260273,0.0566641939,0.8299695473,0.5515905076,0.04284858551 0 0 0 0 0 0 0.04284858551 0 0 0 0 0 0 0.09424838527 0 0 0 0 0 0 0.0007508419017 0 0 0 0 0 0 0.0007508419017 0 0 0 0 0 0 0.001305242556
177,1785497074.005388737,map,7.8457255363,-2.6681277752,-1.3109902143,0.0596001559,0.0537009090,0.8308985856,0.5506101775,0.04316341441 0 0 0 0 0 0 0.04316341441 0 0 0 0 0 0 0.09471502782 0 0 0 0 0 0 0.0007581198846 0 0 0 0 0 0 0.0007581198846 0 0 0 0 0 0 0.001314832793
178,1785497074.105341434,map,7.7859778404,-2.6034750938,-1.3101037741,0.0603189345,0.0501712732,0.8328395132,0.5479258795,0.04326330751 0 0 0 0 0 0 0.04326330751 0 0 0 0 0 0 0.09486297458 0 0 0 0 0 0 0.0007604309031 0 0 0 0 0 0 0.0007604309031 0 0 0 0 0 0 0.001317875711
179,1785497074.205655098,map,7.8057799339,-2.5020558834,-1.2966753244,0.0686097423,0.0478450447,0.8343183289,0.5449004357,0.04290028695 0 0 0 0 0 0 0.04290028695 0 0 0 0 0 0 0.09432505585 0 0 0 0 0 0 0.000752036516 0 0 0 0 0 0 0.000752036516 0 0 0 0 0 0 0.001306817472
180,1785497074.305424929,map,7.7600588799,-2.4250819683,-1.2809207439,0.0720656253,0.0475558536,0.8374844302,0.5395969492,0.04309756475 0 0 0 0 0 0 0.04309756475 0 0 0 0 0 0 0.0946174707 0 0 0 0 0 0 0.0007565969213 0 0 0 0 0 0 0.0007565969213 0 0 0 0 0 0 0.001312826897
181,1785497074.405412912,map,7.7468943596,-2.4839291573,-1.2864104509,0.0711764275,0.0503676706,0.8401968722,0.5352253834,0.04333632877 0 0 0 0 0 0 0.04333632877 0 0 0 0 0 0 0.0949710877 0 0 0 0 0 0 0.0007621207784 0 0 0 0 0 0 0.0007621207784 0 0 0 0 0 0 0.001320100065
182,1785497074.505369186,map,7.7487158775,-2.4192709923,-1.2816501856,0.0728440203,0.0491179889,0.8418158318,0.5325666898,0.04276666467 0 0 0 0 0 0 0.04276666467 0 0 0 0 0 0 0.09412687003 0 0 0 0 0 0 0.0007489495077 0 0 0 0 0 0 0.0007489495077 0 0 0 0 0 0 0.001302747105
183,1785497074.605573416,map,7.7524552345,-2.3972949982,-1.2768824100,0.0742013722,0.0473382892,0.8415494615,0.5329613050,0.04314590463 0 0 0 0 0 0 0.04314590463 0 0 0 0 0 0 0.0946890892 0 0 0 0 0 0 0.0007577148843 0 0 0 0 0 0 0.0007577148843 0 0 0 0 0 0 0.001314299414
184,1785497074.705606937,map,7.7288188934,-2.3866267204,-1.2794146538,0.0726006185,0.0437289495,0.8410759057,0.5342361588,0.04291730782 0 0 0 0 0 0 0.04291730782 0 0 0 0 0 0 0.09435029363 0 0 0 0 0 0 0.0007524298508 0 0 0 0 0 0 0.0007524298508 0 0 0 0 0 0 0.001307335957
185,1785497074.805516481,map,7.7469410896,-2.3775181770,-1.2655777931,0.0715884142,0.0400218386,0.8388548514,0.5381411197,0.0433524831 0 0 0 0 0 0 0.0433524831 0 0 0 0 0 0 0.09499500133 0 0 0 0 0 0 0.0007624946867 0 0 0 0 0 0 0.0007624946867 0 0 0 0 0 0 0.001320592154
186,1785497074.905416250,map,7.7150321007,-2.3172652721,-1.2716615200,0.0687265693,0.0392902033,0.8334545706,0.5468879426,0.04288949849 0 0 0 0 0 0 0.04288949849 0 0 0 0 0 0 0.09430905835 0 0 0 0 0 0 0.0007517872187 0 0 0 0 0 0 0.0007517872187 0 0 0 0 0 0 0.001306488837
187,1785497075.005427122,map,7.7132377625,-2.2234289646,-1.2718740702,0.0674051796,0.0381583152,0.8301825001,0.5520846724,0.04316246999 0 0 0 0 0 0 0.04316246999 0 0 0 0 0 0 0.09471362881 0 0 0 0 0 0 0.0007580980394 0 0 0 0 0 0 0.0007580980394 0 0 0 0 0 0 0.001314804024
188,1785497075.105987787,map,7.6133189201,-2.2307305336,-1.2653633356,0.0688009095,0.0396488759,0.8298545683,0.5523004682,0.04292349291 0 0 0 0 0 0 0.04292349291 0 0 0 0 0 0 0.09435946419 0 0 0 0 0 0 0.0007525727877 0 0 0 0 0 0 0.0007525727877 0 0 0 0 0 0 0.001307524366
189,1785497075.205539703,map,7.6054043770,-2.1574549675,-1.2612594366,0.0691596489,0.0410229265,0.8280481599,0.5548606589,0.04282753185 0 0 0 0 0 0 0.04282753185 0 0 0 0 0 0 0.09421715946 0 0 0 0 0 0 0.0007503555013 0 0 0 0 0 0 0.0007503555013 0 0 0 0 0 0 0.001304601225
190,1785497075.305404425,map,7.6715650558,-2.1920702457,-1.2606790066,0.0690479758,0.0404686309,0.8259424812,0.5580445371,0.04333385851 0 0 0 0 0 0 0.04333385851 0 0 0 0 0 0 0.09496743078 0 0 0 0 0 0 0.0007620636036 0 0 0 0 0 0 0.0007620636036 0 0 0 0 0 0 0.001320024817
191,1785497075.405414104,map,7.6702051163,-2.1963224411,-1.2584911585,0.0701256206,0.0394131608,0.8239929101,0.5608606623,0.04321719593 0 0 0 0 0 0 0.04321719593 0 0 0 0 0 0 0.09479468788 0 0 0 0 0 0 0.0007593640103 0 0 0 0 0 0 0.0007593640103 0 0 0 0 0 0 0.001316471071
192,1785497075.505567551,map,7.6488647461,-2.1556999683,-1.2683629990,0.0698947003,0.0394576691,0.8212425435,0.5649057639,0.04294849413 0 0 0 0 0 0 0.04294849413 0 0 0 0 0 0 0.09439653105 0 0 0 0 0 0 0.0007531505982 0 0 0 0 0 0 0.0007531505982 0 0 0 0 0 0 0.001308285946
193,1785497075.605616808,map,7.6772055626,-2.1038658619,-1.2667082548,0.0678280151,0.0427605490,0.8178176442,0.5698641752,0.04306424958 0 0 0 0 0 0 0.04306424958 0 0 0 0 0 0 0.09456810462 0 0 0 0 0 0 0.0007558265525 0 0 0 0 0 0 0.0007558265525 0 0 0 0 0 0 0.001311812059
194,1785497075.705533266,map,7.6841363907,-2.0714206696,-1.2613656521,0.0617135330,0.0464150496,0.8135883402,0.5762907778,0.04325770658 0 0 0 0 0 0 0.04325770658 0 0 0 0 0 0 0.09485468079 0 0 0 0 0 0 0.0007603013038 0 0 0 0 0 0 0.0007603013038 0 0 0 0 0 0 0.001317705097
195,1785497075.805398941,map,7.6743998528,-2.0425536633,-1.2698322535,0.0585825396,0.0476077402,0.8071510565,0.5854987091,0.04321574295 0 0 0 0 0 0 0.04321574295 0 0 0 0 0 0 0.09479253598 0 0 0 0 0 0 0.0007593303955 0 0 0 0 0 0 0.0007593303955 0 0 0 0 0 0 0.001316426811
196,1785497075.905543566,map,7.5933070183,-1.9977852106,-1.2636436224,0.0535595488,0.0523853042,0.8013734149,0.5934540990,0.04291093728 0 0 0 0 0 0 0.04291093728 0 0 0 0 0 0 0.09434084786 0 0 0 0 0 0 0.0007522826312 0 0 0 0 0 0 0.0007522826312 0 0 0 0 0 0 0.001307141899
197,1785497076.005600214,map,7.6382126808,-2.0329680443,-1.2556512356,0.0477369037,0.0590815202,0.7964108497,0.5999669118,0.04304293274 0 0 0 0 0 0 0.04304293274 0 0 0 0 0 0 0.09453651428 0 0 0 0 0 0 0.0007553336786 0 0 0 0 0 0 0.0007553336786 0 0 0 0 0 0 0.001311162711
198,1785497076.105404615,map,7.5645122528,-2.0452265739,-1.2437109947,0.0456176180,0.0604844826,0.7896180013,0.6089039535,0.0426923788 0 0 0 0 0 0 0.0426923788 0 0 0 0 0 0 0.09401664711 0 0 0 0 0 0 0.0007472339829 0 0 0 0 0 0 0.0007472339829 0 0 0 0 0 0 0.001300484227
199,1785497076.205360651,map,7.5433301926,-2.0051198006,-1.2400493622,0.0417638630,0.0647629770,0.7811682382,0.6195464023,0.04307717907 0 0 0 0 0 0 0.04307717907 0 0 0 0 0 0 0.09458726415 0 0 0 0 0 0 0.0007561255185 0 0 0 0 0 0 0.0007561255185 0 0 0 0 0 0 0.001312205914
200,1785497076.305521011,map,7.5594663620,-2.0348188877,-1.2437847853,0.0406104474,0.0669084770,0.7711501246,0.6318239921,0.04320589193 0 0 0 0 0 0 0.04320589193 0 0 0 0 0 0 0.09477794597 0 0 0 0 0 0 0.000759102495 0 0 0 0 0 0 0.000759102495 0 0 0 0 0 0 0.001316126732
201,1785497076.405567646,map,7.5511898994,-1.9869256020,-1.2383176088,0.0411064521,0.0658939874,0.7621361080,0.6427416057,0.0431748904 0 0 0 0 0 0 0.0431748904 0 0 0 0 0 0 0.09473202716 0 0 0 0 0 0 0.0007583853375 0 0 0 0 0 0 0.0007583853375 0 0 0 0 0 0 0.001315182371
202,1785497076.505436420,map,7.5250487328,-1.9567704201,-1.2390501499,0.0406891262,0.0660898289,0.7554000875,0.6506513955,0.04302105388 0 0 0 0 0 0 0.04302105388 0 0 0 0 0 0 0.09450408843 0 0 0 0 0 0 0.0007548278505 0 0 0 0 0 0 0.0007548278505 0 0 0 0 0 0 0.001310496243
203,1785497076.605355978,map,7.5218820572,-1.9742567539,-1.2384297848,0.0390835831,0.0665420381,0.7479358402,0.6592697760,0.04283368935 0 0 0 0 0 0 0.04283368935 0 0 0 0 0 0 0.09422629223 0 0 0 0 0 0 0.0007504977533 0 0 0 0 0 0 0.0007504977533 0 0 0 0 0 0 0.001304788793
204,1785497076.705473423,map,7.5533199310,-1.9782613516,-1.2427659035,0.0399068472,0.0657431232,0.7431329302,0.6647094997,0.04307481248 0 0 0 0 0 0 0.04307481248 0 0 0 0 0 0 0.09458375729 0 0 0 0 0 0 0.0007560707952 0 0 0 0 0 0 0.0007560707952 0 0 0 0 0 0 0.001312133824
205,1785497076.805614710,map,7.5095057487,-1.9858694077,-1.2396833897,0.0393327124,0.0667685865,0.7357771299,0.6727755314,0.04305780512 0 0 0 0 0 0 0.04305780512 0 0 0 0 0 0 0.09455855457 0 0 0 0 0 0 0.0007556775438 0 0 0 0 0 0 0.0007556775438 0 0 0 0 0 0 0.00131161575
206,1785497076.905428886,map,7.5460243225,-1.9631717205,-1.2433437109,0.0394106865,0.0666185833,0.7299448506,0.6791091821,0.04313998155 0 0 0 0 0 0 0.04313998155 0 0 0 0 0 0 0.09468031451 0 0 0 0 0 0 0.0007575778899 0 0 0 0 0 0 0.0007575778899 0 0 0 0 0 0 0.001314118987
207,1785497077.005359650,map,7.5095062256,-1.9333357811,-1.2405741215,0.0355971591,0.0692084433,0.7247536751,0.6845985161,0.04327512954 0 0 0 0 0 0 0.04327512954 0 0 0 0 0 0 0.09488047993 0 0 0 0 0 0 0.0007607044607 0 0 0 0 0 0 0.0007607044607 0 0 0 0 0 0 0.00131823583
208,1785497077.105474949,map,7.5210952759,-1.9125101566,-1.2407488823,0.0362410171,0.0695123635,0.7233687008,0.6859973239,0.04293639935 0 0 0 0 0 0 0.04293639935 0 0 0 0 0 0 0.09437859975 0 0 0 0 0 0 0.0007528710657 0 0 0 0 0 0 0.0007528710657 0 0 0 0 0 0 0.001307917519
209,1785497077.205591679,map,7.4825553894,-1.9235079288,-1.2294996977,0.0348369938,0.0700880766,0.7211380630,0.6883559629,0.04289314748 0 0 0 0 0 0 0.04289314748 0 0 0 0 0 0 0.09431446927 0 0 0 0 0 0 0.0007518715376 0 0 0 0 0 0 0.0007518715376 0 0 0 0 0 0 0.001306599991
210,1785497077.305471897,map,7.4929695129,-1.8900945187,-1.2274144888,0.0319225221,0.0697715532,0.7165517296,0.6933011628,0.04319152521 0 0 0 0 0 0 0.04319152521 0 0 0 0 0 0 0.09475666695 0 0 0 0 0 0 0.0007587701399 0 0 0 0 0 0 0.0007587701399 0 0 0 0 0 0 0.001315689096
211,1785497077.405344009,map,7.4769482613,-1.8442198038,-1.2387589216,0.0292483314,0.0729772933,0.7075286320,0.7022977204,0.0430620431 0 0 0 0 0 0 0.0430620431 0 0 0 0 0 0 0.09456483487 0 0 0 0 0 0 0.000755775534 0 0 0 0 0 0 0.000755775534 0 0 0 0 0 0 0.001311744846
212,1785497077.505390882,map,7.4863700867,-1.7992506027,-1.2381860018,0.0289571539,0.0744825107,0.7005169474,0.7091472498,0.04278860529 0 0 0 0 0 0 0.04278860529 0 0 0 0 0 0 0.09415941881 0 0 0 0 0 0 0.0007494562854 0 0 0 0 0 0 0.0007494562854 0 0 0 0 0 0 0.001303415454
213,1785497077.605606794,map,7.4470067024,-1.7906552553,-1.2349585295,0.0281846381,0.0754416947,0.6967648277,0.7127643134,0.04283120919 0 0 0 0 0 0 0.04283120919 0 0 0 0 0 0 0.0942226137 0 0 0 0 0 0 0.0007504404556 0 0 0 0 0 0 0.0007504404556 0 0 0 0 0 0 0.001304713243
214,1785497077.705482244,map,7.4833550453,-1.7767596245,-1.2391320467,0.0273763250,0.0765158093,0.6881161005,0.7210354200,0.04286510361 0 0 0 0 0 0 0.04286510361 0 0 0 0 0 0 0.0942728824 0 0 0 0 0 0 0.0007512235443 0 0 0 0 0 0 0.0007512235443 0 0 0 0 0 0 0.001305745726
215,1785497077.805340528,map,7.4267835617,-1.8190039396,-1.2282329798,0.0255626918,0.0763117985,0.6848523666,0.7242239360,0.04279130719 0 0 0 0 0 0 0.04279130719 0 0 0 0 0 0 0.09416342688 0 0 0 0 0 0 0.000749518696 0 0 0 0 0 0 0.000749518696 0 0 0 0 0 0 0.001303497759
216,1785497078.005592346,map,7.4875636101,-1.8098737001,-1.2375246286,0.0232338061,0.0784706893,0.6801778076,0.7284646004,0.04290273565 0 0 0 0 0 0 0.04290273565 0 0 0 0 0 0 0.09432868677 0 0 0 0 0 0 0.0007520931015 0 0 0 0 0 0 0.0007520931015 0 0 0 0 0 0 0.001306892064
217,1785497078.105507135,map,7.4974327087,-1.7986595631,-1.2318170071,0.0234945619,0.0804899746,0.6709249260,0.7367693707,0.04276910342 0 0 0 0 0 0 0.04276910342 0 0 0 0 0 0 0.09413048802 0 0 0 0 0 0 0.000749005835 0 0 0 0 0 0 0.000749005835 0 0 0 0 0 0 0.001302821393
218,1785497078.205921650,map,7.5085320473,-1.7798860073,-1.2342853546,0.0237961957,0.0797067583,0.6701321811,0.7375658760,0.04255900896 0 0 0 0 0 0 0.04255900896 0 0 0 0 0 0 0.09381867884 0 0 0 0 0 0 0.0007441551958 0 0 0 0 0 0 0.0007441551958 0 0 0 0 0 0 0.00129642155
219,1785497078.305381536,map,7.5063238144,-1.7533055544,-1.2375622988,0.0229775492,0.0804134038,0.6702475437,0.7374102915,0.04270994701 0 0 0 0 0 0 0.04270994701 0 0 0 0 0 0 0.09404271707 0 0 0 0 0 0 0.0007476396524 0 0 0 0 0 0 0.0007476396524 0 0 0 0 0 0 0.001301019386
220,1785497078.405627489,map,7.5026993752,-1.7583283186,-1.2302079201,0.0215528820,0.0809710411,0.6707947261,0.7368945604,0.04296701982 0 0 0 0 0 0 0.04296701982 0 0 0 0 0 0 0.09442399503 0 0 0 0 0 0 0.0007535787855 0 0 0 0 0 0 0.0007535787855 0 0 0 0 0 0 0.001308850271
221,1785497078.505529404,map,7.4686107635,-1.7487376928,-1.2257244587,0.0171157219,0.0806999747,0.6698676697,0.7378833685,0.0429728286 0 0 0 0 0 0 0.0429728286 0 0 0 0 0 0 0.09443260602 0 0 0 0 0 0 0.0007537130506 0 0 0 0 0 0 0.0007537130506 0 0 0 0 0 0 0.001309027217
222,1785497078.605396271,map,7.5407562256,-1.6963604689,-1.2331470251,0.0143354063,0.0774119652,0.6665497814,0.7412916210,0.04278587455 0 0 0 0 0 0 0.04278587455 0 0 0 0 0 0 0.09415536793 0 0 0 0 0 0 0.0007493932094 0 0 0 0 0 0 0.0007493932094 0 0 0 0 0 0 0.001303332271
223,1785497078.705296278,map,7.4884533882,-1.6235822439,-1.2376835346,0.0117086647,0.0793820037,0.6668707376,0.7408406409,0.04262366431 0 0 0 0 0 0 0.04262366431 0 0 0 0 0 0 0.093914663 0 0 0 0 0 0 0.0007456475454 0 0 0 0 0 0 0.0007456475454 0 0 0 0 0 0 0.001298391065
224,1785497078.805564165,map,7.4826970100,-1.6458402872,-1.2321255207,0.0124390149,0.0781347969,0.6682199545,0.7397447630,0.04308820071 0 0 0 0 0 0 0.04308820071 0 0 0 0 0 0 0.09460359579 0 0 0 0 0 0 0.0007563803808 0 0 0 0 0 0 0.0007563803808 0 0 0 0 0 0 0.001312541652
225,1785497078.905773878,map,7.4896554947,-1.6098738909,-1.2384173870,0.0143285281,0.0773274073,0.6710930059,0.7371901758,0.04290154595 0 0 0 0 0 0 0.04290154595 0 0 0 0 0 0 0.09432692268 0 0 0 0 0 0 0.0007520656093 0 0 0 0 0 0 0.0007520656093 0 0 0 0 0 0 0.001306855823
226,1785497079.005425453,map,7.5017256737,-1.6034373045,-1.2308710814,0.0130831423,0.0764144625,0.6726705878,0.7358695229,0.04292641053 0 0 0 0 0 0 0.04292641053 0 0 0 0 0 0 0.09436379004 0 0 0 0 0 0 0.000752640215 0 0 0 0 0 0 0.000752640215 0 0 0 0 0 0 0.001307613242
227,1785497079.105295420,map,7.4654097557,-1.6182895899,-1.2255419493,0.0119976898,0.0757646832,0.6766275667,0.7323188493,0.04290477547 0 0 0 0 0 0 0.04290477547 0 0 0 0 0 0 0.09433171138 0 0 0 0 0 0 0.0007521402387 0 0 0 0 0 0 0.0007521402387 0 0 0 0 0 0 0.0013069542
228,1785497079.205484390,map,7.5006818771,-1.5884339809,-1.2294496298,0.0124348494,0.0753693099,0.6800085432,0.7292141135,0.04295394388 0 0 0 0 0 0 0.04295394388 0 0 0 0 0 0 0.09440461041 0 0 0 0 0 0 0.0007532765562 0 0 0 0 0 0 0.0007532765562 0 0 0 0 0 0 0.001308451955
229,1785497079.305796385,map,7.4547419548,-1.5950680971,-1.2278748751,0.0125285042,0.0750938110,0.6834078221,0.7260562635,0.04280760869 0 0 0 0 0 0 0.04280760869 0 0 0 0 0 0 0.09418760806 0 0 0 0 0 0 0.0007498952537 0 0 0 0 0 0 0.0007498952537 0 0 0 0 0 0 0.001303994331
230,1785497079.405495644,map,7.4855179787,-1.5917869806,-1.2285997868,0.0137691357,0.0750329847,0.6848297815,0.7246989917,0.04284681101 0 0 0 0 0 0 0.04284681101 0 0 0 0 0 0 0.09424575351 0 0 0 0 0 0 0.0007508009041 0 0 0 0 0 0 0.0007508009041 0 0 0 0 0 0 0.001305188502
231,1785497079.505350351,map,7.5460414886,-1.5309026241,-1.2447986603,0.0170025660,0.0774237861,0.6880278510,0.7213419039,0.04286605503 0 0 0 0 0 0 0.04286605503 0 0 0 0 0 0 0.09427429335 0 0 0 0 0 0 0.000751245527 0 0 0 0 0 0 0.000751245527 0 0 0 0 0 0 0.001305774708
232,1785497079.605337620,map,7.4813079834,-1.4954426289,-1.2264275551,0.0157292251,0.0760234909,0.6944574802,0.7153333687,0.04295342395 0 0 0 0 0 0 0.04295342395 0 0 0 0 0 0 0.09440383961 0 0 0 0 0 0 0.0007532645392 0 0 0 0 0 0 0.0007532645392 0 0 0 0 0 0 0.001308436118
233,1785497079.705617189,map,7.5682096481,-1.4003101587,-1.2315243483,0.0141375839,0.0745199931,0.7005017940,0.7096084539,0.0429442348 0 0 0 0 0 0 0.0429442348 0 0 0 0 0 0 0.09439021641 0 0 0 0 0 0 0.0007530521559 0 0 0 0 0 0 0.0007530521559 0 0 0 0 0 0 0.0013081562
234,1785497079.805525780,map,7.4915938377,-1.4409058094,-1.2344994545,0.0132147771,0.0749532567,0.7046779329,0.7054334610,0.04289212891 0 0 0 0 0 0 0.04289212891 0 0 0 0 0 0 0.09431295889 0 0 0 0 0 0 0.000751848001 0 0 0 0 0 0 0.000751848001 0 0 0 0 0 0 0.001306568964
235,1785497079.905348301,map,7.4976558685,-1.4137814045,-1.2308223248,0.0152657749,0.0742848055,0.7059916417,0.7041480819,0.0430360304 0 0 0 0 0 0 0.0430360304 0 0 0 0 0 0 0.09452628487 0 0 0 0 0 0 0.0007551740957 0 0 0 0 0 0 0.0007551740957 0 0 0 0 0 0 0.001310952454
236,1785497080.005341530,map,7.5292797089,-1.3779441118,-1.2347028255,0.0152621271,0.0705455188,0.7085009291,0.7020091461,0.04291781983 0 0 0 0 0 0 0.04291781983 0 0 0 0 0 0 0.09435105279 0 0 0 0 0 0 0.0007524416832 0 0 0 0 0 0 0.0007524416832 0 0 0 0 0 0 0.001307351554
237,1785497080.105556965,map,7.5066757202,-1.2809439898,-1.2409589291,0.0155276361,0.0653980519,0.7097033949,0.7012867380,0.04310066881 0 0 0 0 0 0 0.04310066881 0 0 0 0 0 0 0.09462206995 0 0 0 0 0 0 0.0007566687033 0 0 0 0 0 0 0.0007566687033 0 0 0 0 0 0 0.001312921452
238,1785497080.205499411,map,7.4769244194,-1.3111435175,-1.2416585684,0.0157829003,0.0684081538,0.7118538761,0.6988099133,0.04305499069 0 0 0 0 0 0 0.04305499069 0 0 0 0 0 0 0.09455438379 0 0 0 0 0 0 0.0007556124699 0 0 0 0 0 0 0.0007556124699 0 0 0 0 0 0 0.001311530017
239,1785497080.305373669,map,7.5032730103,-1.2933526039,-1.2427109480,0.0131282819,0.0663644937,0.7112227617,0.6997039115,0.04300000154 0 0 0 0 0 0 0.04300000154 0 0 0 0 0 0 0.094472885 0 0 0 0 0 0 0.0007543411697 0 0 0 0 0 0 0.0007543411697 0 0 0 0 0 0 0.001309854952
240,1785497080.405324221,map,7.5984368324,-1.1564009190,-1.2659602165,0.0130462255,0.0614248770,0.7139643473,0.6973605178,0.04303410604 0 0 0 0 0 0 0.04303410604 0 0 0 0 0 0 0.09452343288 0 0 0 0 0 0 0.0007551296049 0 0 0 0 0 0 0.0007551296049 0 0 0 0 0 0 0.001310893835
241,1785497080.505463362,map,7.4961800575,-1.1658587456,-1.2546333075,0.0148277708,0.0585752055,0.7183619078,0.6930405750,0.0430218974 0 0 0 0 0 0 0.0430218974 0 0 0 0 0 0 0.09450533863 0 0 0 0 0 0 0.0007548473515 0 0 0 0 0 0 0.0007548473515 0 0 0 0 0 0 0.001310521938
242,1785497080.605595589,map,7.4980697632,-1.1320004463,-1.2671957016,0.0160527588,0.0612163605,0.7251224001,0.6857057588,0.04304437445 0 0 0 0 0 0 0.04304437445 0 0 0 0 0 0 0.0945386509 0 0 0 0 0 0 0.0007553670116 0 0 0 0 0 0 0.0007553670116 0 0 0 0 0 0 0.001311206628
243,1785497080.705427170,map,7.5006132126,-1.0873166323,-1.2575560808,0.0176091178,0.0636916063,0.7312683600,0.6788813260,0.04300561355 0 0 0 0 0 0 0.04300561355 0 0 0 0 0 0 0.09448120326 0 0 0 0 0 0 0.0007544709024 0 0 0 0 0 0 0.0007544709024 0 0 0 0 0 0 0.001310025904
244,1785497080.805308104,map,7.4895610809,-1.0791988373,-1.2596817017,0.0179500306,0.0640120150,0.7348879057,0.6749222497,0.04318529692 0 0 0 0 0 0 0.04318529692 0 0 0 0 0 0 0.09474744167 0 0 0 0 0 0 0.0007586260621 0 0 0 0 0 0 0.0007586260621 0 0 0 0 0 0 0.001315499372
245,1785497080.905375481,map,7.5366764069,-1.0369429588,-1.2539330721,0.0223746401,0.0642871964,0.7406148664,0.6684730143,0.04302772673 0 0 0 0 0 0 0.04302772673 0 0 0 0 0 0 0.0945139783 0 0 0 0 0 0 0.000754982119 0 0 0 0 0 0 0.000754982119 0 0 0 0 0 0 0.00131069951
246,1785497081.005618334,map,7.5387005806,-0.9281353951,-1.2671812773,0.0192977944,0.0705546803,0.7457866898,0.6621569431,0.04295080388 0 0 0 0 0 0 0.04295080388 0 0 0 0 0 0 0.09439995533 0 0 0 0 0 0 0.0007532039824 0 0 0 0 0 0 0.0007532039824 0 0 0 0 0 0 0.001308356306
247,1785497081.105479717,map,7.4720535278,-0.9467692971,-1.2469965219,0.0170123974,0.0736605101,0.7471713353,0.6603179006,0.0426642003 0 0 0 0 0 0 0.0426642003 0 0 0 0 0 0 0.09397482862 0 0 0 0 0 0 0.0007465833659 0 0 0 0 0 0 0.0007465833659 0 0 0 0 0 0 0.001299625861
248,1785497081.205339670,map,7.5346994400,-0.9014552236,-1.2533707619,0.0076441913,0.0704486450,0.7454855586,0.6627441910,0.04284528426 0 0 0 0 0 0 0.04284528426 0 0 0 0 0 0 0.09424348917 0 0 0 0 0 0 0.0007507656307 0 0 0 0 0 0 0.0007507656307 0 0 0 0 0 0 0.001305141994
249,1785497081.305310488,map,7.5611443520,-0.8151673079,-1.2732266188,-0.0038871906,0.0666600371,0.7434187780,0.6654846838,0.04284167418 0 0 0 0 0 0 0.04284167418 0 0 0 0 0 0 0.09423813498 0 0 0 0 0 0 0.0007506822257 0 0 0 0 0 0 0.0007506822257 0 0 0 0 0 0 0.001305032025
250,1785497081.405517817,map,7.5147304535,-0.7718361020,-1.2795639038,-0.0044162677,0.0656529298,0.7419605728,0.6672066292,0.04267390649 0 0 0 0 0 0 0.04267390649 0 0 0 0 0 0 0.09398923367 0 0 0 0 0 0 0.0007468074657 0 0 0 0 0 0 0.0007468074657 0 0 0 0 0 0 0.001299921529
251,1785497081.505539656,map,7.5132026672,-0.7390263081,-1.2610863447,-0.0096085033,0.0694335887,0.7395302359,0.6694637253,0.04298415945 0 0 0 0 0 0 0.04298415945 0 0 0 0 0 0 0.09444940246 0 0 0 0 0 0 0.0007539749624 0 0 0 0 0 0 0.0007539749624 0 0 0 0 0 0 0.001309372374
252,1785497081.605306625,map,7.4483761787,-0.6397392750,-1.2623573542,-0.0094534045,0.0561646204,0.7387336381,0.6715867608,0.0426263484 0 0 0 0 0 0 0.0426263484 0 0 0 0 0 0 0.09391864714 0 0 0 0 0 0 0.0007457095062 0 0 0 0 0 0 0.0007457095062 0 0 0 0 0 0 0.001298472826
253,1785497081.705315351,map,7.4528522491,-0.6821548343,-1.2873998880,-0.0046027686,0.0536288723,0.7400451493,0.6703998137,0.04288408394 0 0 0 0 0 0 0.04288408394 0 0 0 0 0 0 0.09430102923 0 0 0 0 0 0 0.0007516621043 0 0 0 0 0 0 0.0007516621043 0 0 0 0 0 0 0.0013063239
254,1785497081.805595160,map,7.4950923920,-0.6085064411,-1.2733930349,0.0026562845,0.0561283590,0.7362452354,0.6743778322,0.04307958478 0 0 0 0 0 0 0.04307958478 0 0 0 0 0 0 0.09459082894 0 0 0 0 0 0 0.0007561811468 0 0 0 0 0 0 0.0007561811468 0 0 0 0 0 0 0.001312279196
255,1785497081.905460596,map,7.4513144493,-0.5905623436,-1.2665510178,0.0064198074,0.0562977906,0.7360373761,0.6745652824,0.04286800489 0 0 0 0 0 0 0.04286800489 0 0 0 0 0 0 0.09427718498 0 0 0 0 0 0 0.0007512905794 0 0 0 0 0 0 0.0007512905794 0 0 0 0 0 0 0.001305834104
256,1785497082.005370140,map,7.4274201393,-0.5646886230,-1.2828452587,0.0101520438,0.0606791196,0.7343170649,0.6760128774,0.04295528797 0 0 0 0 0 0 0.04295528797 0 0 0 0 0 0 0.09440660301 0 0 0 0 0 0 0.000753307622 0 0 0 0 0 0 0.000753307622 0 0 0 0 0 0 0.001308492899
257,1785497082.105305195,map,7.3831801414,-0.4677996635,-1.2694818974,0.0166405249,0.0584399407,0.7341728687,0.6762381825,0.04280420752 0 0 0 0 0 0 0.04280420752 0 0 0 0 0 0 0.09418256298 0 0 0 0 0 0 0.0007498166862 0 0 0 0 0 0 0.0007498166862 0 0 0 0 0 0 0.001303890725
258,1785497082.305521488,map,7.4349141121,-0.4664127827,-1.2585142851,0.0274839547,0.0507730451,0.7238113312,0.6875782849,0.04273754817 0 0 0 0 0 0 0.04273754817 0 0 0 0 0 0 0.09408367164 0 0 0 0 0 0 0.0007482770474 0 0 0 0 0 0 0.0007482770474 0 0 0 0 0 0 0.001301860165
259,1785497082.405407906,map,7.4147253036,-0.3574006259,-1.2837517262,0.0350394561,0.0526632149,0.7199700969,0.6911164130,0.04292041363 0 0 0 0 0 0 0.04292041363 0 0 0 0 0 0 0.09435489861 0 0 0 0 0 0 0.0007525016254 0 0 0 0 0 0 0.0007525016254 0 0 0 0 0 0 0.001307430566
260,1785497082.505321980,map,7.4472942352,-0.3640117347,-1.2551014423,0.0463339170,0.0470017300,0.7204838610,0.6903238438,0.04319370169 0 0 0 0 0 0 0.04319370169 0 0 0 0 0 0 0.09475989069 0 0 0 0 0 0 0.0007588204888 0 0 0 0 0 0 0.0007588204888 0 0 0 0 0 0 0.001315755396
261,1785497082.605475903,map,7.4412813187,-0.2936609387,-1.2421098948,0.0488581260,0.0305189941,0.7204377191,0.6911229628,0.04252768546 0 0 0 0 0 0 0.04252768546 0 0 0 0 0 0 0.09377216895 0 0 0 0 0 0 0.0007434323294 0 0 0 0 0 0 0.0007434323294 0 0 0 0 0 0 0.001295467381
262,1785497082.705476999,map,7.5067429543,-0.3089965582,-1.2445091009,0.0305162700,0.0273169218,0.7175255543,0.6953270089,0.04295561543 0 0 0 0 0 0 0.04295561543 0 0 0 0 0 0 0.09440708847 0 0 0 0 0 0 0.0007533151905 0 0 0 0 0 0 0.0007533151905 0 0 0 0 0 0 0.001308502874
263,1785497082.805330276,map,7.5110740662,-0.1493387818,-1.2689694166,0.0146492872,0.0346219040,0.7116057273,0.7015725377,0.04298139192 0 0 0 0 0 0 0.04298139192 0 0 0 0 0 0 0.09444530004 0 0 0 0 0 0 0.0007539109902 0 0 0 0 0 0 0.0007539109902 0 0 0 0 0 0 0.001309288071
264,1785497082.905276299,map,7.3866891861,-0.0553494282,-1.2736446857,0.0281134732,0.0412112165,0.7062381029,0.7062145638,0.04288886118 0 0 0 0 0 0 0.04288886118 0 0 0 0 0 0 0.09430811331 0 0 0 0 0 0 0.0007517724922 0 0 0 0 0 0 0.0007517724922 0 0 0 0 0 0 0.001306469423
265,1785497083.005462885,map,7.4029793739,0.0141939381,-1.3034417629,0.0281595386,0.0448653921,0.6979700122,0.7141652460,0.04316030691 0 0 0 0 0 0 0.04316030691 0 0 0 0 0 0 0.09471042455 0 0 0 0 0 0 0.0007580480062 0 0 0 0 0 0 0.0007580480062 0 0 0 0 0 0 0.001314738133
266,1785497083.105642796,map,7.5221562386,0.1943015158,-1.2421888113,0.0368588366,0.0507528429,0.6962123684,0.7150901477,0.04299169795 0 0 0 0 0 0 0.04299169795 0 0 0 0 0 0 0.09446057686 0 0 0 0 0 0 0.0007541492204 0 0 0 0 0 0 0.0007541492204 0 0 0 0 0 0 0.00130960201
267,1785497083.205398321,map,7.4671239853,0.1091464534,-1.2579703331,0.0243660904,0.0570637250,0.6849250071,0.7259667695,0.04297469268 0 0 0 0 0 0 0.04297469268 0 0 0 0 0 0 0.09443536931 0 0 0 0 0 0 0.0007537561379 0 0 0 0 0 0 0.0007537561379 0 0 0 0 0 0 0.001309084
268,1785497083.305118084,map,7.5049357414,0.3882728219,-1.2933596373,0.0248463731,0.0585843200,0.6853911843,0.7253891606,0.04287754882 0 0 0 0 0 0 0.04287754882 0 0 0 0 0 0 0.09429133822 0 0 0 0 0 0 0.0007515111001 0 0 0 0 0 0 0.0007515111001 0 0 0 0 0 0 0.001306124829
269,1785497083.405309677,map,7.5124573708,0.4555985630,-1.2864164114,0.0234567024,0.0572858800,0.6975673497,0.7138402362,0.04286287261 0 0 0 0 0 0 0.04286287261 0 0 0 0 0 0 0.09426957382 0 0 0 0 0 0 0.0007511719969 0 0 0 0 0 0 0.0007511719969 0 0 0 0 0 0 0.001305677766
270,1785497083.505658388,map,7.4912543297,0.4309865534,-1.2912756205,0.0234295498,0.0571720335,0.7056836019,0.7058279231,0.04289292248 0 0 0 0 0 0 0.04289292248 0 0 0 0 0 0 0.09431413563 0 0 0 0 0 0 0.0007518663384 0 0 0 0 0 0 0.0007518663384 0 0 0 0 0 0 0.001306593137
271,1785497083.605532646,map,7.3796167374,0.3634841442,-1.2787414789,0.0248957138,0.0558144609,0.7115447243,0.6999779127,0.04280278647 0 0 0 0 0 0 0.04280278647 0 0 0 0 0 0 0.09418045507 0 0 0 0 0 0 0.00074978386 0 0 0 0 0 0 0.00074978386 0 0 0 0 0 0 0.001303847437
272,1785497083.705367804,map,7.4598426819,0.3106002510,-1.2896848917,0.0237641497,0.0548276974,0.7092256115,0.7024444507,0.04274534922 0 0 0 0 0 0 0.04274534922 0 0 0 0 0 0 0.09409524607 0 0 0 0 0 0 0.0007484572095 0 0 0 0 0 0 0.0007484572095 0 0 0 0 0 0 0.001302097799
273,1785497083.805259466,map,7.4722013474,0.3068453670,-1.2908444405,0.0241480839,0.0550835146,0.7093286543,0.7023073045,0.0428855598 0 0 0 0 0 0 0.0428855598 0 0 0 0 0 0 0.09430321777 0 0 0 0 0 0 0.0007516962069 0 0 0 0 0 0 0.0007516962069 0 0 0 0 0 0 0.001306368857
274,1785497083.905364990,map,7.5193562508,0.3500242233,-1.2911713123,0.0240206192,0.0549232903,0.7134141728,0.6981737920,0.04281131579 0 0 0 0 0 0 0.04281131579 0 0 0 0 0 0 0.09419310686 0 0 0 0 0 0 0.0007499808893 0 0 0 0 0 0 0.0007499808893 0 0 0 0 0 0 0.001304107255
275,1785497084.005666733,map,7.5088696480,0.4109507501,-1.2966986895,0.0252824480,0.0538775829,0.7224197512,0.6888887450,0.04307429023 0 0 0 0 0 0 0.04307429023 0 0 0 0 0 0 0.0945829834 0 0 0 0 0 0 0.000756058719 0 0 0 0 0 0 0.000756058719 0 0 0 0 0 0 0.001312117915
276,1785497084.105606079,map,7.4805417061,0.4199947119,-1.2948712111,0.0277157573,0.0510115118,0.7311544228,0.6797373578,0.0428226319 0 0 0 0 0 0 0.0428226319 0 0 0 0 0 0 0.09420989173 0 0 0 0 0 0 0.0007502423037 0 0 0 0 0 0 0.0007502423037 0 0 0 0 0 0 0.001304451964
277,1785497084.205374241,map,7.3944435120,0.3098518252,-1.2883419991,0.0268456923,0.0513511322,0.7322928665,0.6785200880,0.04279825551 0 0 0 0 0 0 0.04279825551 0 0 0 0 0 0 0.09417373399 0 0 0 0 0 0 0.0007496791963 0 0 0 0 0 0 0.0007496791963 0 0 0 0 0 0 0.001303709416
278,1785497084.305282831,map,7.4302892685,0.3185721934,-1.2949090004,0.0267820220,0.0515932803,0.7311154268,0.6797728389,0.04257747821 0 0 0 0 0 0 0.04257747821 0 0 0 0 0 0 0.09384609981 0 0 0 0 0 0 0.0007445814589 0 0 0 0 0 0 0.0007445814589 0 0 0 0 0 0 0.001296984155
279,1785497084.405327082,map,7.4840106964,0.3421170413,-1.2976709604,0.0264973607,0.0514877281,0.7317684959,0.6790889154,0.04257703599 0 0 0 0 0 0 0.04257703599 0 0 0 0 0 0 0.09384544328 0 0 0 0 0 0 0.0007445712523 0 0 0 0 0 0 0.0007445712523 0 0 0 0 0 0 0.001296970685
280,1785497084.505390167,map,7.5198068619,0.4140486121,-1.3089386225,0.0279005674,0.0526243732,0.7380202038,0.6721446320,0.04270614149 0 0 0 0 0 0 0.04270614149 0 0 0 0 0 0 0.09403707009 0 0 0 0 0 0 0.0007475517763 0 0 0 0 0 0 0.0007475517763 0 0 0 0 0 0 0.001300903463
281,1785497084.605485201,map,7.4917030334,0.4080400169,-1.2931540012,0.0276418327,0.0533599559,0.7466525213,0.6624942690,0.04265492939 0 0 0 0 0 0 0.04265492939 0 0 0 0 0 0 0.09396106908 0 0 0 0 0 0 0.0007463693236 0 0 0 0 0 0 0.0007463693236 0 0 0 0 0 0 0.001299343453
282,1785497084.705296040,map,7.4992351532,0.4038679004,-1.3061652184,0.0282578558,0.0534684584,0.7548471783,0.6531066859,0.04285994627 0 0 0 0 0 0 0.04285994627 0 0 0 0 0 0 0.09426523398 0 0 0 0 0 0 0.0007511043839 0 0 0 0 0 0 0.0007511043839 0 0 0 0 0 0 0.001305588624
283,1785497084.805321932,map,7.5089116096,0.3793242872,-1.3082590103,0.0288503392,0.0529003365,0.7630072830,0.6435752628,0.04269001338 0 0 0 0 0 0 0.04269001338 0 0 0 0 0 0 0.09401313687 0 0 0 0 0 0 0.0007471793648 0 0 0 0 0 0 0.0007471793648 0 0 0 0 0 0 0.001300412173
284,1785497084.905451775,map,7.5637459755,0.3438201547,-1.2869880199,0.0281284728,0.0518218603,0.7709141043,0.6342039881,0.04303163638 0 0 0 0 0 0 0.04303163638 0 0 0 0 0 0 0.0945197727 0 0 0 0 0 0 0.0007550725075 0 0 0 0 0 0 0.0007550725075 0 0 0 0 0 0 0.001310818604
285,1785497085.005528927,map,7.4281954765,0.2728088498,-1.2698432207,0.0301814879,0.0518749234,0.7750023276,0.6291021018,0.04299607453 0 0 0 0 0 0 0.04299607453 0 0 0 0 0 0 0.09446706417 0 0 0 0 0 0 0.0007542503906 0 0 0 0 0 0 0.0007542503906 0 0 0 0 0 0 0.001309735329
286,1785497085.105347157,map,7.4772830009,0.2773628235,-1.2769260406,0.0305508600,0.0510085563,0.7726226898,0.6320751362,0.04284411223 0 0 0 0 0 0 0.04284411223 0 0 0 0 0 0 0.09424175092 0 0 0 0 0 0 0.0007507385528 0 0 0 0 0 0 0.0007507385528 0 0 0 0 0 0 0.001305106292
287,1785497085.205361605,map,7.4876213074,0.2642312944,-1.2806198597,0.0297655504,0.0506398629,0.7719721524,0.6329364891,0.04295687908 0 0 0 0 0 0 0.04295687908 0 0 0 0 0 0 0.09440896182 0 0 0 0 0 0 0.0007533443974 0 0 0 0 0 0 0.0007533443974 0 0 0 0 0 0 0.001308541367
288,1785497085.305436850,map,7.4747791290,0.2521170676,-1.2753590345,0.0303007201,0.0500193929,0.7713763801,0.6336863571,0.04271158735 0 0 0 0 0 0 0.04271158735 0 0 0 0 0 0 0.09404515113 0 0 0 0 0 0 0.0007476775311 0 0 0 0 0 0 0.0007476775311 0 0 0 0 0 0 0.001301069354
289,1785497085.405460835,map,7.5039877892,0.2627345920,-1.2833653688,0.0296761946,0.0483256532,0.7704638951,0.6349561640,0.0428408117 0 0 0 0 0 0 0.0428408117 0 0 0 0 0 0 0.09423685581 0 0 0 0 0 0 0.0007506622999 0 0 0 0 0 0 0.0007506622999 0 0 0 0 0 0 0.001305005752
290,1785497085.505287647,map,7.5124435425,0.2837415636,-1.2867699862,0.0304107413,0.0489696763,0.7713418483,0.6338051175,0.04262526006 0 0 0 0 0 0 0.04262526006 0 0 0 0 0 0 0.09391703167 0 0 0 0 0 0 0.0007456843824 0 0 0 0 0 0 0.0007456843824 0 0 0 0 0 0 0.001298439674
291,1785497085.605283976,map,7.4572596550,0.2724116147,-1.2637164593,0.0298682617,0.0513221303,0.7717308075,0.6331709800,0.04274810075 0 0 0 0 0 0 0.04274810075 0 0 0 0 0 0 0.09409932842 0 0 0 0 0 0 0.000748520756 0 0 0 0 0 0 0.000748520756 0 0 0 0 0 0 0.001302181615
292,1785497085.705492973,map,7.5055298805,0.3142129481,-1.2557154894,0.0178424860,0.0401997942,0.7705776452,0.6358268025,0.04273310558 0 0 0 0 0 0 0.04273310558 0 0 0 0 0 0 0.09407708003 0 0 0 0 0 0 0.0007481744501 0 0 0 0 0 0 0.0007481744501 0 0 0 0 0 0 0.001301724836
293,1785497085.805461645,map,7.5055928230,0.4038670361,-1.2720959187,0.0176596357,0.0424564707,0.7694146839,0.6370923140,0.04268334812 0 0 0 0 0 0 0.04268334812 0 0 0 0 0 0 0.09400324556 0 0 0 0 0 0 0.0007470254648 0 0 0 0 0 0 0.0007470254648 0 0 0 0 0 0 0.001300209137
294,1785497085.905327320,map,7.4222598076,0.5621588230,-1.2802561522,0.0286405225,0.0493564470,0.7694530743,0.6361490902,0.04257188686 0 0 0 0 0 0 0.04257188686 0 0 0 0 0 0 0.09383779864 0 0 0 0 0 0 0.0007444524096 0 0 0 0 0 0 0.0007444524096 0 0 0 0 0 0 0.001296813833
295,1785497086.005315542,map,7.3495016098,0.6471478939,-1.3098191023,0.0149161330,0.0531768644,0.7667348081,0.6395838232,0.04293197869 0 0 0 0 0 0 0.04293197869 0 0 0 0 0 0 0.09437204563 0 0 0 0 0 0 0.0007527688992 0 0 0 0 0 0 0.0007527688992 0 0 0 0 0 0 0.001307782858
296,1785497086.205468416,map,7.4014825821,0.6867702007,-1.2258636951,0.0190547809,0.0443069284,0.7651323200,0.6420641470,0.04276143796 0 0 0 0 0 0 0.04276143796 0 0 0 0 0 0 0.09411911583 0 0 0 0 0 0 0.0007488287888 0 0 0 0 0 0 0.0007488287888 0 0 0 0 0 0 0.00130258789
297,1785497086.305280447,map,7.3873696327,0.8909837008,-1.2506707907,0.0159215901,0.0348817838,0.7622690798,0.6461235117,0.04267000395 0 0 0 0 0 0 0.04267000395 0 0 0 0 0 0 0.09398344193 0 0 0 0 0 0 0.0007467173613 0 0 0 0 0 0 0.0007467173613 0 0 0 0 0 0 0.00129980265
298,1785497086.405228138,map,7.2260446548,0.9269120693,-1.2854955196,0.0254078277,0.0461999103,0.7635622862,0.6435780268,0.04327115402 0 0 0 0 0 0 0.04327115402 0 0 0 0 0 0 0.0948745933 0 0 0 0 0 0 0.0007606124672 0 0 0 0 0 0 0.0007606124672 0 0 0 0 0 0 0.001318114729
299,1785497086.505545855,map,7.3994588852,0.9575068355,-1.3040993214,0.0230030603,0.0493549873,0.7639258695,0.6430024801,0.04338067487 0 0 0 0 0 0 0.04338067487 0 0 0 0 0 0 0.0950367308 0 0 0 0 0 0 0.0007631472662 0 0 0 0 0 0 0.0007631472662 0 0 0 0 0 0 0.001321450925
300,1785497086.605500460,map,7.3058242798,1.2471103668,-1.2425402403,0.0101231230,0.0517676413,0.7602514616,0.6474838742,0.04310468114 0 0 0 0 0 0 0.04310468114 0 0 0 0 0 0 0.09462801488 0 0 0 0 0 0 0.0007567614904 0 0 0 0 0 0 0.0007567614904 0 0 0 0 0 0 0.001313043675
301,1785497086.705332041,map,7.2328753471,1.2998371124,-1.2807873487,0.0137672183,0.0487563624,0.7613969818,0.6463032639,0.04295495066 0 0 0 0 0 0 0.04295495066 0 0 0 0 0 0 0.09440610296 0 0 0 0 0 0 0.0007532998258 0 0 0 0 0 0 0.0007532998258 0 0 0 0 0 0 0.001308482624
302,1785497086.805260420,map,7.2495565414,1.2898349762,-1.2695300579,0.0114598392,0.0526763011,0.7623113420,0.6449614707,0.04304944216 0 0 0 0 0 0 0.04304944216 0 0 0 0 0 0 0.09454616115 0 0 0 0 0 0 0.0007554841811 0 0 0 0 0 0 0.0007554841811 0 0 0 0 0 0 0.001311360999
303,1785497086.905417681,map,7.2493791580,1.3349640369,-1.2659422159,0.0097662738,0.0549694441,0.7611133610,0.6462116069,0.04290596526 0 0 0 0 0 0 0.04290596526 0 0 0 0 0 0 0.09433347557 0 0 0 0 0 0 0.0007521677332 0 0 0 0 0 0 0.0007521677332 0 0 0 0 0 0 0.001306990443
304,1785497087.005520821,map,7.2374343872,1.3581774235,-1.2663199902,0.0109852782,0.0541674584,0.7609471460,0.6464554501,0.04273368731 0 0 0 0 0 0 0.04273368731 0 0 0 0 0 0 0.09407794317 0 0 0 0 0 0 0.0007481878845 0 0 0 0 0 0 0.0007481878845 0 0 0 0 0 0 0.001301742557
305,1785497087.105185032,map,7.2354969978,1.3570929766,-1.2619457245,0.0107888649,0.0538836460,0.7608482437,0.6465988836,0.04273879771 0 0 0 0 0 0 0.04273879771 0 0 0 0 0 0 0.09408552561 0 0 0 0 0 0 0.0007483059047 0 0 0 0 0 0 0.0007483059047 0 0 0 0 0 0 0.001301898228
306,1785497087.205351830,map,7.2317242622,1.3614890575,-1.2610098124,0.0111379057,0.0537903977,0.7607480254,0.6467186166,0.04275072276 0 0 0 0 0 0 0.04275072276 0 0 0 0 0 0 0.09410321858 0 0 0 0 0 0 0.0007485813121 0 0 0 0 0 0 0.0007485813121 0 0 0 0 0 0 0.001302261486
307,1785497087.305449724,map,7.2293028831,1.3541361094,-1.2607452869,0.0112577772,0.0538586375,0.7607166614,0.6467477487,0.0428300547 0 0 0 0 0 0 0.0428300547 0 0 0 0 0 0 0.09422090137 0 0 0 0 0 0 0.0007504137844 0 0 0 0 0 0 0.0007504137844 0 0 0 0 0 0 0.001304678075
308,1785497087.405521393,map,7.2333350182,1.3496912718,-1.2616578341,0.0112666493,0.0538714087,0.7607053094,0.6467598878,0.04283470367 0 0 0 0 0 0 0.04283470367 0 0 0 0 0 0 0.09422779665 0 0 0 0 0 0 0.0007505211868 0 0 0 0 0 0 0.0007505211868 0 0 0 0 0 0 0.001304819691
309,1785497087.505355597,map,7.2324352264,1.3474539518,-1.2631158829,0.0111347115,0.0538695702,0.7607690572,0.6466873404,0.04277958593 0 0 0 0 0 0 0.04277958593 0 0 0 0 0 0 0.09414603897 0 0 0 0 0 0 0.0007492479539 0 0 0 0 0 0 0.0007492479539 0 0 0 0 0 0 0.001303140708
310,1785497087.605340719,map,7.2331461906,1.3479063511,-1.2640504837,0.0110203527,0.0539257901,0.7607921870,0.6466574164,0.04303454521 0 0 0 0 0 0 0.04303454521 0 0 0 0 0 0 0.09452408375 0 0 0 0 0 0 0.0007551397583 0 0 0 0 0 0 0.0007551397583 0 0 0 0 0 0 0.001310907212
311,1785497087.705371380,map,7.2357745171,1.3510158062,-1.2642191648,0.0107882677,0.0538478339,0.7607264339,0.6467451797,0.04280133228 0 0 0 0 0 0 0.04280133228 0 0 0 0 0 0 0.09417829799 0 0 0 0 0 0 0.0007497502686 0 0 0 0 0 0 0.0007497502686 0 0 0 0 0 0 0.00130380314
312,1785497087.805525541,map,7.2350072861,1.3536101580,-1.2631956339,0.0108523029,0.0538321949,0.7607238643,0.6467484024,0.04292399539 0 0 0 0 0 0 0.04292399539 0 0 0 0 0 0 0.09436020921 0 0 0 0 0 0 0.0007525844003 0 0 0 0 0 0 0.0007525844003 0 0 0 0 0 0 0.001307539672
313,1785497087.905359507,map,7.2291793823,1.3574243784,-1.2630640268,0.0109993968,0.0539509977,0.7606478522,0.6468254526,0.042658159 0 0 0 0 0 0 0.042658159 0 0 0 0 0 0 0.09396586239 0 0 0 0 0 0 0.0007464438863 0 0 0 0 0 0 0.0007464438863 0 0 0 0 0 0 0.001299441833
314,1785497088.005172491,map,7.2312784195,1.3529704809,-1.2645562887,0.0109710236,0.0541208862,0.7606603181,0.6467970844,0.04314547348 0 0 0 0 0 0 0.04314547348 0 0 0 0 0 0 0.0946884505 0 0 0 0 0 0 0.0007577049123 0 0 0 0 0 0 0.0007577049123 0 0 0 0 0 0 0.001314286281
315,1785497088.105386257,map,7.2322077751,1.3544267416,-1.2639824152,0.0111950519,0.0542819133,0.7606418988,0.6468014041,0.04281648299 0 0 0 0 0 0 0.04281648299 0 0 0 0 0 0 0.09420077131 0 0 0 0 0 0 0.0007501002559 0 0 0 0 0 0 0.0007501002559 0 0 0 0 0 0 0.001304264657
316,1785497088.305430889,map,7.2318038940,1.3533096313,-1.2652382851,0.0109957968,0.0540439837,0.7606758486,0.6467848192,0.04294815369 0 0 0 0 0 0 0.04294815369 0 0 0 0 0 0 0.09439602635 0 0 0 0 0 0 0.00075314273 0 0 0 0 0 0 0.00075314273 0 0 0 0 0 0 0.001308275576
317,1785497088.405299425,map,7.2338595390,1.3566879034,-1.2664412260,0.0107877678,0.0538670817,0.7606923880,0.6467836068,0.04285664243 0 0 0 0 0 0 0.04285664243 0 0 0 0 0 0 0.09426033426 0 0 0 0 0 0 0.00075102805 0 0 0 0 0 0 0.00075102805 0 0 0 0 0 0 0.001305487984
318,1785497088.505281448,map,7.2303271294,1.3553013802,-1.2657715082,0.0107825986,0.0537115593,0.7606977693,0.6467903341,0.0429793382 0 0 0 0 0 0 0.0429793382 0 0 0 0 0 0 0.09444225571 0 0 0 0 0 0 0.0007538635184 0 0 0 0 0 0 0.0007538635184 0 0 0 0 0 0 0.001309225511
319,1785497088.605430841,map,7.2300553322,1.3599597216,-1.2671977282,0.0108627900,0.0537298660,0.7606653884,0.6468255074,0.0429231157 0 0 0 0 0 0 0.0429231157 0 0 0 0 0 0 0.09435890492 0 0 0 0 0 0 0.0007525640705 0 0 0 0 0 0 0.0007525640705 0 0 0 0 0 0 0.001307512875
320,1785497088.705343723,map,7.2234158516,1.3592938185,-1.2642707825,0.0111103961,0.0538754624,0.7606257723,0.6468558267,0.04292900452 0 0 0 0 0 0 0.04292900452 0 0 0 0 0 0 0.09436763602 0 0 0 0 0 0 0.0007527001637 0 0 0 0 0 0 0.0007527001637 0 0 0 0 0 0 0.001307692259
321,1785497088.805243492,map,7.2192993164,1.3634341955,-1.2642949820,0.0109196121,0.0538532612,0.7606396596,0.6468445849,0.04302043815 0 0 0 0 0 0 0.04302043815 0 0 0 0 0 0 0.09450317584 0 0 0 0 0 0 0.0007548136158 0 0 0 0 0 0 0.0007548136158 0 0 0 0 0 0 0.001310477487
322,1785497088.905165195,map,7.2202820778,1.3652390242,-1.2651013136,0.0107734223,0.0537541403,0.7606242348,0.6468733945,0.04303061351 0 0 0 0 0 0 0.04303061351 0 0 0 0 0 0 0.09451825673 0 0 0 0 0 0 0.0007550488592 0 0 0 0 0 0 0.0007550488592 0 0 0 0 0 0 0.001310787446
323,1785497089.005455732,map,7.2201509476,1.3650071621,-1.2635446787,0.0109660067,0.0537878415,0.7606225866,0.6468692913,0.04298805092 0 0 0 0 0 0 0.04298805092 0 0 0 0 0 0 0.09445517086 0 0 0 0 0 0 0.0007540649159 0 0 0 0 0 0 0.0007540649159 0 0 0 0 0 0 0.001309490915
324,1785497089.105335951,map,7.2212371826,1.3658850193,-1.2655935287,0.0108751456,0.0537026518,0.7606145161,0.6468874001,0.04289600446 0 0 0 0 0 0 0.04289600446 0 0 0 0 0 0 0.0943187057 0 0 0 0 0 0 0.0007519375559 0 0 0 0 0 0 0.0007519375559 0 0 0 0 0 0 0.00130668702
325,1785497089.205320358,map,7.2147693634,1.3686157465,-1.2654833794,0.0107819235,0.0536459683,0.7605152837,0.6470103271,0.04301373165 0 0 0 0 0 0 0.04301373165 0 0 0 0 0 0 0.09449323582 0 0 0 0 0 0 0.0007546585734 0 0 0 0 0 0 0.0007546585734 0 0 0 0 0 0 0.001310273195
326,1785497089.305344343,map,7.2142910957,1.3624986410,-1.2657215595,0.0113239968,0.0538525161,0.7605183003,0.6469803691,0.04313360681 0 0 0 0 0 0 0.04313360681 0 0 0 0 0 0 0.09467087046 0 0 0 0 0 0 0.000757430452 0 0 0 0 0 0 0.000757430452 0 0 0 0 0 0 0.001313924801
327,1785497089.405503035,map,7.2160863876,1.3559542894,-1.2654554844,0.0115630164,0.0540157514,0.7605053497,0.6469777492,0.04273331661 0 0 0 0 0 0 0.04273331661 0 0 0 0 0 0 0.09407739314 0 0 0 0 0 0 0.0007481793235 0 0 0 0 0 0 0.0007481793235 0 0 0 0 0 0 0.001301731264
328,1785497089.505374193,map,7.2178859711,1.3597016335,-1.2681759596,0.0114525155,0.0540428988,0.7604510294,0.6470413056,0.04284081151 0 0 0 0 0 0 0.04284081151 0 0 0 0 0 0 0.09423685552 0 0 0 0 0 0 0.0007506622953 0 0 0 0 0 0 0.0007506622953 0 0 0 0 0 0 0.001305005746
329,1785497089.605252028,map,7.2165956497,1.3545436859,-1.2679393291,0.0114348718,0.0540554741,0.7605552719,0.6469180016,0.04269394364 0 0 0 0 0 0 0.04269394364 0 0 0 0 0 0 0.0940189693 0 0 0 0 0 0 0.0007472701158 0 0 0 0 0 0 0.0007472701158 0 0 0 0 0 0 0.001300531895
330,1785497089.705301523,map,7.2253766060,1.3530600071,-1.2653942108,0.0115956009,0.0537671964,0.7605638821,0.6469290751,0.04270066417 0 0 0 0 0 0 0.04270066417 0 0 0 0 0 0 0.09402894222 0 0 0 0 0 0 0.000747425298 0 0 0 0 0 0 0.000747425298 0 0 0 0 0 0 0.001300736614
331,1785497089.805456161,map,7.2312216759,1.3503966331,-1.2671364546,0.0114301510,0.0537864677,0.7606415701,0.6468390618,0.04282344868 0 0 0 0 0 0 0.04282344868 0 0 0 0 0 0 0.09421110321 0 0 0 0 0 0 0.0007502611727 0 0 0 0 0 0 0.0007502611727 0 0 0 0 0 0 0.001304476844
332,1785497089.905346394,map,7.2412166595,1.3440077305,-1.2658945322,0.0116125013,0.0537915504,0.7608156665,0.6466306049,0.04296962719 0 0 0 0 0 0 0.04296962719 0 0 0 0 0 0 0.09442786024 0 0 0 0 0 0 0.0007536390523 0 0 0 0 0 0 0.0007536390523 0 0 0 0 0 0 0.001308929696
333,1785497090.105333805,map,7.2404022217,1.3414473534,-1.2655787468,0.0115737617,0.0535575502,0.7607667351,0.6467082941,0.04279531432 0 0 0 0 0 0 0.04279531432 0 0 0 0 0 0 0.09416937108 0 0 0 0 0 0 0.0007496112569 0 0 0 0 0 0 0.0007496112569 0 0 0 0 0 0 0.001303619823
334,1785497090.205542326,map,7.2422804832,1.3394773006,-1.2693691254,0.0114836509,0.0536332961,0.7607174715,0.6467615553,0.04306114053 0 0 0 0 0 0 0.04306114053 0 0 0 0 0 0 0.09456349735 0 0 0 0 0 0 0.0007557546648 0 0 0 0 0 0 0.0007557546648 0 0 0 0 0 0 0.001311717352
335,1785497090.305203438,map,7.2417516708,1.3392267227,-1.2682909966,0.0113034429,0.0536332273,0.7606600531,0.6468322774,0.04289668999 0 0 0 0 0 0 0.04289668999 0 0 0 0 0 0 0.09431972222 0 0 0 0 0 0 0.0007519533971 0 0 0 0 0 0 0.0007519533971 0 0 0 0 0 0 0.001306707902
336,1785497090.405245304,map,7.2405719757,1.3466089964,-1.2695991993,0.0112555810,0.0535600417,0.7606705758,0.6468267773,0.04280848983 0 0 0 0 0 0 0.04280848983 0 0 0 0 0 0 0.09418891508 0 0 0 0 0 0 0.0007499156084 0 0 0 0 0 0 0.0007499156084 0 0 0 0 0 0 0.001304021172
337,1785497090.505059004,map,7.2380433083,1.3471095562,-1.2684886456,0.0112191492,0.0536621640,0.7606360649,0.6468595528,0.04265987403 0 0 0 0 0 0 0.04265987403 0 0 0 0 0 0 0.09396840779 0 0 0 0 0 0 0.0007464834821 0 0 0 0 0 0 0.0007464834821 0 0 0 0 0 0 0.001299494076
338,1785497090.605480909,map,7.2318577766,1.3473815918,-1.2691075802,0.0111518235,0.0536538874,0.7605333913,0.6469821281,0.04304607034 0 0 0 0 0 0 0.04304607034 0 0 0 0 0 0 0.09454116419 0 0 0 0 0 0 0.0007554062217 0 0 0 0 0 0 0.0007554062217 0 0 0 0 0 0 0.001311258288
339,1785497090.705495596,map,7.2285852432,1.3483049870,-1.2677780390,0.0110324542,0.0538102937,0.7605595030,0.6469404997,0.04284984131 0 0 0 0 0 0 0.04284984131 0 0 0 0 0 0 0.09425024774 0 0 0 0 0 0 0.0007508709156 0 0 0 0 0 0 0.0007508709156 0 0 0 0 0 0 0.00130528081
340,1785497090.805269241,map,7.2244796753,1.3539304733,-1.2686250210,0.0112122813,0.0537465897,0.7605492372,0.6469547572,0.04280622511 0 0 0 0 0 0 0.04280622511 0 0 0 0 0 0 0.09418555574 0 0 0 0 0 0 0.0007498632926 0 0 0 0 0 0 0.0007498632926 0 0 0 0 0 0 0.001303952184
341,1785497090.905201674,map,7.2215328217,1.3591322899,-1.2641137838,0.0113016603,0.0536209937,0.7606023543,0.6469011721,0.04290132225 0 0 0 0 0 0 0.04290132225 0 0 0 0 0 0 0.09432659098 0 0 0 0 0 0 0.00075206044 0 0 0 0 0 0 0.00075206044 0 0 0 0 0 0 0.001306849009
342,1785497091.005395412,map,7.2233576775,1.3554637432,-1.2665168047,0.0113601887,0.0536136607,0.7606052066,0.6468973944,0.04273719414 0 0 0 0 0 0 0.04273719414 0 0 0 0 0 0 0.09408314637 0 0 0 0 0 0 0.0007482688714 0 0 0 0 0 0 0.0007482688714 0 0 0 0 0 0 0.001301849381
343,1785497091.105535269,map,7.2233605385,1.3547556400,-1.2655491829,0.0113872975,0.0535411058,0.7606068548,0.6469010079,0.0427949587 0 0 0 0 0 0 0.0427949587 0 0 0 0 0 0 0.09416884355 0 0 0 0 0 0 0.0007496030423 0 0 0 0 0 0 0.0007496030423 0 0 0 0 0 0 0.00130360899
344,1785497091.205247402,map,7.2274570465,1.3479657173,-1.2659645081,0.0113760816,0.0535577134,0.7605899409,0.6469197234,0.0428251336 0 0 0 0 0 0 0.0428251336 0 0 0 0 0 0 0.09421360233 0 0 0 0 0 0 0.0007503000971 0 0 0 0 0 0 0.0007503000971 0 0 0 0 0 0 0.00130452817
345,1785497091.305320024,map,7.2111573219,1.3464255333,-1.2655872107,0.0115666909,0.0539721922,0.7603724741,0.6471374503,0.04275060962 0 0 0 0 0 0 0.04275060962 0 0 0 0 0 0 0.09410305071 0 0 0 0 0 0 0.0007485786991 0 0 0 0 0 0 0.0007485786991 0 0 0 0 0 0 0.00130225804
346,1785497091.405436754,map,7.2163543701,1.3441140652,-1.2662596703,0.0116101617,0.0539646425,0.7603427436,0.6471722594,0.04264597194 0 0 0 0 0 0 0.04264597194 0 0 0 0 0 0 0.09394777429 0 0 0 0 0 0 0.0007461625253 0 0 0 0 0 0 0.0007461625253 0 0 0 0 0 0 0.001299070594
347,1785497091.505515099,map,7.2205147743,1.3418240547,-1.2659645081,0.0116755267,0.0539126727,0.7603638951,0.6471505723,0.04306137324 0 0 0 0 0 0 0.04306137324 0 0 0 0 0 0 0.09456384219 0 0 0 0 0 0 0.0007557600453 0 0 0 0 0 0 0.0007557600453 0 0 0 0 0 0 0.001311724441
348,1785497091.605229378,map,7.2210268974,1.3450202942,-1.2652873993,0.0116469189,0.0539235465,0.7603836434,0.6471269647,0.04270035777 0 0 0 0 0 0 0.04270035777 0 0 0 0 0 0 0.09402848754 0 0 0 0 0 0 0.0007474182229 0 0 0 0 0 0 0.0007474182229 0 0 0 0 0 0 0.001300727281
349,1785497091.705219030,map,7.2204484940,1.3439791203,-1.2639861107,0.0118859645,0.0540021885,0.7603566356,0.6471477948,0.04288507935 0 0 0 0 0 0 0.04288507935 0 0 0 0 0 0 0.09430250533 0 0 0 0 0 0 0.0007516851053 0 0 0 0 0 0 0.0007516851053 0 0 0 0 0 0 0.001306354222
350,1785497091.805359364,map,7.2225356102,1.3434777260,-1.2654478550,0.0118337185,0.0540545750,0.7604458828,0.6470395122,0.04283784778 0 0 0 0 0 0 0.04283784778 0 0 0 0 0 0 0.09423245989 0 0 0 0 0 0 0.0007505938244 0 0 0 0 0 0 0.0007505938244 0 0 0 0 0 0 0.001304915466
351,1785497091.905419111,map,7.2184085846,1.3462432623,-1.2651206255,0.0117963176,0.0538995317,0.7604224916,0.6470805989,0.04278212576 0 0 0 0 0 0 0.04278212576 0 0 0 0 0 0 0.09414980675 0 0 0 0 0 0 0.0007493066189 0 0 0 0 0 0 0.0007493066189 0 0 0 0 0 0 0.001303218076
352,1785497092.005231142,map,7.2257528305,1.3586593866,-1.2655619383,0.0120618920,0.0540754986,0.7605637848,0.6468949498,0.04296127676 0 0 0 0 0 0 0.04296127676 0 0 0 0 0 0 0.09441548125 0 0 0 0 0 0 0.0007534460419 0 0 0 0 0 0 0.0007534460419 0 0 0 0 0 0 0.001308675328
353,1785497092.205441475,map,7.2219738960,1.3599669933,-1.2662540674,0.0118406264,0.0539638714,0.7605530624,0.6469209586,0.0427007533 0 0 0 0 0 0 0.0427007533 0 0 0 0 0 0 0.09402907448 0 0 0 0 0 0 0.000747427356 0 0 0 0 0 0 0.000747427356 0 0 0 0 0 0 0.001300739329
354,1785497092.305378437,map,7.2239670753,1.3555958271,-1.2665857077,0.0119024386,0.0538332421,0.7605053372,0.6469868122,0.0427872275 0 0 0 0 0 0 0.0427872275 0 0 0 0 0 0 0.09415737495 0 0 0 0 0 0 0.0007494244605 0 0 0 0 0 0 0.0007494244605 0 0 0 0 0 0 0.001303373484
355,1785497092.405241013,map,7.2275428772,1.3534337282,-1.2686907053,0.0116291686,0.0538609887,0.7605944141,0.6468847683,0.04300601813 0 0 0 0 0 0 0.04300601813 0 0 0 0 0 0 0.09448180293 0 0 0 0 0 0 0.0007544802551 0 0 0 0 0 0 0.0007544802551 0 0 0 0 0 0 0.001310038228
356,1785497092.505203247,map,7.2293047905,1.3484226465,-1.2693798542,0.0115775867,0.0538722817,0.7605759132,0.6469064988,0.04276386088 0 0 0 0 0 0 0.04276386088 0 0 0 0 0 0 0.09412271041 0 0 0 0 0 0 0.0007488847494 0 0 0 0 0 0 0.0007488847494 0 0 0 0 0 0 0.001302661696
357,1785497092.605360508,map,7.2254109383,1.3523850441,-1.2703477144,0.0114986633,0.0538273264,0.7605339431,0.6469610076,0.04288433456 0 0 0 0 0 0 0.04288433456 0 0 0 0 0 0 0.09430140087 0 0 0 0 0 0 0.0007516678953 0 0 0 0 0 0 0.0007516678953 0 0 0 0 0 0 0.001306331534
358,1785497092.705433846,map,7.2248873711,1.3548760414,-1.2680909634,0.0114694819,0.0538026225,0.7605351940,0.6469620988,0.04280771787 0 0 0 0 0 0 0.04280771787 0 0 0 0 0 0 0.09418777 0 0 0 0 0 0 0.0007498977757 0 0 0 0 0 0 0.0007498977757 0 0 0 0 0 0 0.001303997656
359,1785497092.805273533,map,7.2244462967,1.3568179607,-1.2640725374,0.0118423326,0.0538255802,0.7605022787,0.6469921181,0.0429998876 0 0 0 0 0 0 0.0429998876 0 0 0 0 0 0 0.0944727161 0 0 0 0 0 0 0.0007543385356 0 0 0 0 0 0 0.0007543385356 0 0 0 0 0 0 0.001309851481
360,1785497092.905055046,map,7.2260422707,1.3608989716,-1.2648397684,0.0117758334,0.0538768208,0.7605480591,0.6469352654,0.04292241808 0 0 0 0 0 0 0.04292241808 0 0 0 0 0 0 0.09435787057 0 0 0 0 0 0 0.0007525479483 0 0 0 0 0 0 0.0007525479483 0 0 0 0 0 0 0.001307491625
361,1785497093.005249023,map,7.2263550758,1.3621712923,-1.2652194500,0.0117672742,0.0538524235,0.7605735231,0.6469075325,0.04297383324 0 0 0 0 0 0 0.04297383324 0 0 0 0 0 0 0.09443409529 0 0 0 0 0 0 0.0007537362724 0 0 0 0 0 0 0.0007537362724 0 0 0 0 0 0 0.00130905782
362,1785497093.105543375,map,7.2246956825,1.3616297245,-1.2662835121,0.0118211861,0.0538156964,0.7605247533,0.6469669443,0.04302648245 0 0 0 0 0 0 0.04302648245 0 0 0 0 0 0 0.09451213416 0 0 0 0 0 0 0.0007549533524 0 0 0 0 0 0 0.0007549533524 0 0 0 0 0 0 0.001310661607
363,1785497093.205418348,map,7.2233762741,1.3574284315,-1.2670462132,0.0117653871,0.0539445808,0.7605171417,0.6469661698,0.04281648402 0 0 0 0 0 0 0.04281648402 0 0 0 0 0 0 0.09420077284 0 0 0 0 0 0 0.0007501002797 0 0 0 0 0 0 0.0007501002797 0 0 0 0 0 0 0.001304264689
364,1785497093.305111408,map,7.2260093689,1.3602741957,-1.2689872980,0.0114165047,0.0537965935,0.7605920816,0.6468966457,0.04283865147 0 0 0 0 0 0 0.04283865147 0 0 0 0 0 0 0.09423365188 0 0 0 0 0 0 0.0007506123919 0 0 0 0 0 0 0.0007506123919 0 0 0 0 0 0 0.001304939948
365,1785497093.405194283,map,7.2268791199,1.3624390364,-1.2693076134,0.0111959479,0.0535955989,0.7605956436,0.6469130118,0.04291147139 0 0 0 0 0 0 0.04291147139 0 0 0 0 0 0 0.09434163981 0 0 0 0 0 0 0.0007522949739 0 0 0 0 0 0 0.0007522949739 0 0 0 0 0 0 0.001307158169
366,1785497093.605427742,map,7.2308611870,1.3581572771,-1.2671830654,0.0112701839,0.0537915533,0.7606365993,0.6468472658,0.04297033124 0 0 0 0 0 0 0.04297033124 0 0 0 0 0 0 0.09442890393 0 0 0 0 0 0 0.0007536553259 0 0 0 0 0 0 0.0007536553259 0 0 0 0 0 0 0.001308951143
367,1785497093.705269098,map,7.2281751633,1.3598467112,-1.2673294544,0.0113247568,0.0538096963,0.7605360166,0.6469631036,0.04270935298 0 0 0 0 0 0 0.04270935298 0 0 0 0 0 0 0.0940418356 0 0 0 0 0 0 0.0007476259351 0 0 0 0 0 0 0.0007476259351 0 0 0 0 0 0 0.001301001291
368,1785497093.805195332,map,7.2270488739,1.3558233976,-1.2660510540,0.0116633966,0.0538726676,0.7605099730,0.6469824765,0.04277500355 0 0 0 0 0 0 0.04277500355 0 0 0 0 0 0 0.09413924103 0 0 0 0 0 0 0.0007491421118 0 0 0 0 0 0 0.0007491421118 0 0 0 0 0 0 0.001303001121
369,1785497093.905339956,map,7.2226624489,1.3530473709,-1.2635216713,0.0118086376,0.0537988469,0.7605311650,0.6469610393,0.04283364254 0 0 0 0 0 0 0.04283364254 0 0 0 0 0 0 0.09422622282 0 0 0 0 0 0 0.000750496672 0 0 0 0 0 0 0.000750496672 0 0 0 0 0 0 0.001304787367
370,1785497094.005485535,map,7.2227969170,1.3598048687,-1.2650119066,0.0118545205,0.0538475881,0.7604808392,0.6470152960,0.04285088665 0 0 0 0 0 0 0.04285088665 0 0 0 0 0 0 0.09425179807 0 0 0 0 0 0 0.0007508950671 0 0 0 0 0 0 0.0007508950671 0 0 0 0 0 0 0.001305312653
371,1785497094.105286121,map,7.2189888954,1.3592182398,-1.2667227983,0.0116974199,0.0538848196,0.7604832141,0.6470122761,0.04280161273 0 0 0 0 0 0 0.04280161273 0 0 0 0 0 0 0.094178714 0 0 0 0 0 0 0.0007497567469 0 0 0 0 0 0 0.0007497567469 0 0 0 0 0 0 0.001303811683
372,1785497094.205189943,map,7.2242102623,1.3544738293,-1.2669804096,0.0117633163,0.0538819586,0.7604884398,0.6470051653,0.04290045641 0 0 0 0 0 0 0.04290045641 0 0 0 0 0 0 0.09432530712 0 0 0 0 0 0 0.0007520404319 0 0 0 0 0 0 0.0007520404319 0 0 0 0 0 0 0.001306822634
373,1785497094.305105209,map,7.2436122894,1.3554010391,-1.2672969103,0.0118724405,0.0537280053,0.7606824720,0.6467878459,0.04270329405 0 0 0 0 0 0 0.04270329405 0 0 0 0 0 0 0.09403284476 0 0 0 0 0 0 0.000747486025 0 0 0 0 0 0 0.000747486025 0 0 0 0 0 0 0.001300816725
374,1785497094.505335808,map,7.2360296249,1.3519954681,-1.2671145201,0.0119114953,0.0538754854,0.7607415631,0.6467053649,0.04273397582 0 0 0 0 0 0 0.04273397582 0 0 0 0 0 0 0.09407837125 0 0 0 0 0 0 0.0007481945474 0 0 0 0 0 0 0.0007481945474 0 0 0 0 0 0 0.001301751345
375,1785497094.605164051,map,7.2323246002,1.3529499769,-1.2680723667,0.0117812011,0.0537789221,0.7606759480,0.6467929231,0.04281361773 0 0 0 0 0 0 0.04281361773 0 0 0 0 0 0 0.09419652131 0 0 0 0 0 0 0.0007500340657 0 0 0 0 0 0 0.0007500340657 0 0 0 0 0 0 0.001304177376
376,1785497094.705086708,map,7.2283868790,1.3531831503,-1.2693325281,0.0117929324,0.0537922078,0.7606400266,0.6468338900,0.04271906782 0 0 0 0 0 0 0.04271906782 0 0 0 0 0 0 0.094056251 0 0 0 0 0 0 0.0007478502725 0 0 0 0 0 0 0.0007478502725 0 0 0 0 0 0 0.001301297222
377,1785497094.805453300,map,7.2271671295,1.3505020142,-1.2670944929,0.0118105415,0.0537447716,0.7605855664,0.6469015406,0.04272254822 0 0 0 0 0 0 0.04272254822 0 0 0 0 0 0 0.09406141527 0 0 0 0 0 0 0.0007479306446 0 0 0 0 0 0 0.0007479306446 0 0 0 0 0 0 0.001301403241
378,1785497094.905342102,map,7.2259578705,1.3530170918,-1.2659833431,0.0118551353,0.0539126056,0.7605303341,0.6469517341,0.04283809853 0 0 0 0 0 0 0.04283809853 0 0 0 0 0 0 0.09423283179 0 0 0 0 0 0 0.0007505996174 0 0 0 0 0 0 0.0007505996174 0 0 0 0 0 0 0.001304923104
379,1785497095.005178928,map,7.2299718857,1.3476250172,-1.2681591511,0.0114729052,0.0538708783,0.7604963165,0.6470020302,0.04289658205 0 0 0 0 0 0 0.04289658205 0 0 0 0 0 0 0.09431956218 0 0 0 0 0 0 0.000751950903 0 0 0 0 0 0 0.000751950903 0 0 0 0 0 0 0.001306704614
380,1785497095.105219126,map,7.2265505791,1.3519622087,-1.2685853243,0.0116080541,0.0539637667,0.7605175814,0.6469669126,0.04300496883 0 0 0 0 0 0 0.04300496883 0 0 0 0 0 0 0.09448024765 0 0 0 0 0 0 0.0007544559983 0 0 0 0 0 0 0.0007544559983 0 0 0 0 0 0 0.001310006264
381,1785497095.205443621,map,7.2299766541,1.3478586674,-1.2650462389,0.0117650036,0.0537746193,0.7605462434,0.6469460968,0.04283725148 0 0 0 0 0 0 0.04283725148 0 0 0 0 0 0 0.09423157547 0 0 0 0 0 0 0.000750580048 0 0 0 0 0 0 0.000750580048 0 0 0 0 0 0 0.001304897302
382,1785497095.305373907,map,7.2335505486,1.3475291729,-1.2687349319,0.0117050329,0.0536274108,0.7605756828,0.6469248369,0.042812368 0 0 0 0 0 0 0.042812368 0 0 0 0 0 0 0.0941946676 0 0 0 0 0 0 0.0007500051961 0 0 0 0 0 0 0.0007500051961 0 0 0 0 0 0 0.001304139308
383,1785497095.405207872,map,7.2337126732,1.3463603258,-1.2680784464,0.0118161199,0.0538587481,0.7605568439,0.6469257554,0.04286858064 0 0 0 0 0 0 0.04286858064 0 0 0 0 0 0 0.09427803881 0 0 0 0 0 0 0.0007513038824 0 0 0 0 0 0 0.0007513038824 0 0 0 0 0 0 0.001305851643
384,1785497095.505156755,map,7.2381057739,1.3472867012,-1.2662980556,0.0117661545,0.0537278216,0.7606531942,0.6468242403,0.04267903623 0 0 0 0 0 0 0.04267903623 0 0 0 0 0 0 0.09399684654 0 0 0 0 0 0 0.0007469259059 0 0 0 0 0 0 0.0007469259059 0 0 0 0 0 0 0.001300077789
385,1785497095.605435610,map,7.2408204079,1.3488048315,-1.2675695419,0.0118533318,0.0536468246,0.7606864830,0.6467902535,0.04266852506 0 0 0 0 0 0 0.04266852506 0 0 0 0 0 0 0.0939812471 0 0 0 0 0 0 0.0007466832163 0 0 0 0 0 0 0.0007466832163 0 0 0 0 0 0 0.001299757601
386,1785497095.705515146,map,7.2378940582,1.3477299213,-1.2654353380,0.0120453321,0.0537183295,0.7606709985,0.6467989534,0.04295575754 0 0 0 0 0 0 0.04295575754 0 0 0 0 0 0 0.09440729915 0 0 0 0 0 0 0.0007533184751 0 0 0 0 0 0 0.0007533184751 0 0 0 0 0 0 0.001308507203
387,1785497095.805328131,map,7.2376518250,1.3557776213,-1.2692157030,0.0116097855,0.0537660830,0.7608423652,0.6466013725,0.04279765717 0 0 0 0 0 0 0.04279765717 0 0 0 0 0 0 0.09417284643 0 0 0 0 0 0 0.000749665375 0 0 0 0 0 0 0.000749665375 0 0 0 0 0 0 0.00130369119
388,1785497096.005306482,map,7.2378945351,1.3532241583,-1.2669522762,0.0118631199,0.0537754113,0.7607362152,0.6467208804,0.04274419576 0 0 0 0 0 0 0.04274419576 0 0 0 0 0 0 0.0940935347 0 0 0 0 0 0 0.0007484305705 0 0 0 0 0 0 0.0007484305705 0 0 0 0 0 0 0.001302062662
389,1785497096.105612040,map,7.2369165421,1.3540490866,-1.2683869600,0.0118503652,0.0536705617,0.7607961185,0.6466593434,0.04271069249 0 0 0 0 0 0 0.04271069249 0 0 0 0 0 0 0.09404382327 0 0 0 0 0 0 0.000747656867 0 0 0 0 0 0 0.000747656867 0 0 0 0 0 0 0.001301042094
390,1785497096.205307961,map,7.2401609421,1.3567309380,-1.2686303854,0.0117038949,0.0536346172,0.7607701644,0.6466955462,0.04287526245 0 0 0 0 0 0 0.04287526245 0 0 0 0 0 0 0.09428794768 0 0 0 0 0 0 0.0007514582709 0 0 0 0 0 0 0.0007514582709 0 0 0 0 0 0 0.001306055182
391,1785497096.305011511,map,7.2362952232,1.3532977104,-1.2696895599,0.0114345589,0.0535625325,0.7607576983,0.6467210100,0.04269110917 0 0 0 0 0 0 0.04269110917 0 0 0 0 0 0 0.09401476301 0 0 0 0 0 0 0.0007472046668 0 0 0 0 0 0 0.0007472046668 0 0 0 0 0 0 0.001300445552
392,1785497096.405195713,map,7.2339420319,1.3562937975,-1.2673156261,0.0115910471,0.0534778327,0.7607185815,0.6467712089,0.04272763875 0 0 0 0 0 0 0.04272763875 0 0 0 0 0 0 0.09406896855 0 0 0 0 0 0 0.0007480482011 0 0 0 0 0 0 0.0007480482011 0 0 0 0 0 0 0.001301558307
393,1785497096.505544186,map,7.2301945686,1.3549219370,-1.2682060003,0.0116056263,0.0537026355,0.7607098287,0.6467626468,0.04269406181 0 0 0 0 0 0 0.04269406181 0 0 0 0 0 0 0.09401914465 0 0 0 0 0 0 0.0007472728443 0 0 0 0 0 0 0.0007472728443 0 0 0 0 0 0 0.001300535495
394,1785497096.605332375,map,7.2322015762,1.3569794893,-1.2679679394,0.0115571090,0.0536371071,0.7606497234,0.6468396118,0.04280504247 0 0 0 0 0 0 0.04280504247 0 0 0 0 0 0 0.09418380149 0 0 0 0 0 0 0.0007498359735 0 0 0 0 0 0 0.0007498359735 0 0 0 0 0 0 0.001303916159
395,1785497096.705145121,map,7.2261419296,1.3577069044,-1.2675119638,0.0116331346,0.0535315109,0.7606173716,0.6468850303,0.04282641285 0 0 0 0 0 0 0.04282641285 0 0 0 0 0 0 0.09421549975 0 0 0 0 0 0 0.0007503296502 0 0 0 0 0 0 0.0007503296502 0 0 0 0 0 0 0.001304567138
396,1785497096.805199146,map,7.2296814919,1.3574478626,-1.2679545879,0.0114648131,0.0535757428,0.7606462723,0.6468504218,0.04279416062 0 0 0 0 0 0 0.04279416062 0 0 0 0 0 0 0.09416765968 0 0 0 0 0 0 0.0007495846073 0 0 0 0 0 0 0.0007495846073 0 0 0 0 0 0 0.001303584679
397,1785497096.905529976,map,7.2266669273,1.3575787544,-1.2657473087,0.0117650135,0.0535516407,0.7605570835,0.6469518838,0.04255986301 0 0 0 0 0 0 0.04255986301 0 0 0 0 0 0 0.09381994687 0 0 0 0 0 0 0.0007441749062 0 0 0 0 0 0 0.0007441749062 0 0 0 0 0 0 0.001296447566
398,1785497097.005364895,map,7.2261610031,1.3564634323,-1.2637710571,0.0119923760,0.0535273697,0.7606235067,0.6468716237,0.04266922521 0 0 0 0 0 0 0.04266922521 0 0 0 0 0 0 0.09398228621 0 0 0 0 0 0 0.0007466993817 0 0 0 0 0 0 0.0007466993817 0 0 0 0 0 0 0.001299778929
399,1785497097.105194807,map,7.2294273376,1.3536504507,-1.2664182186,0.0119544340,0.0535965841,0.7606665507,0.6468159583,0.04274116712 0 0 0 0 0 0 0.04274116712 0 0 0 0 0 0 0.09408904112 0 0 0 0 0 0 0.0007483606249 0 0 0 0 0 0 0.0007483606249 0 0 0 0 0 0 0.001301970405
400,1785497097.205268383,map,7.2342538834,1.3580887318,-1.2656590939,0.0119021246,0.0535025895,0.7607038503,0.6467808738,0.04304770642 0 0 0 0 0 0 0.04304770642 0 0 0 0 0 0 0.09454358882 0 0 0 0 0 0 0.0007554440491 0 0 0 0 0 0 0.0007554440491 0 0 0 0 0 0 0.001311308126
401,1785497097.305363178,map,7.2353253365,1.3590636253,-1.2661855221,0.0120329608,0.0534613104,0.7607667113,0.6467079226,0.04288174832 0 0 0 0 0 0 0.04288174832 0 0 0 0 0 0 0.09429756574 0 0 0 0 0 0 0.0007516081357 0 0 0 0 0 0 0.0007516081357 0 0 0 0 0 0 0.001306252753
402,1785497097.405434847,map,7.2346687317,1.3535480499,-1.2669389248,0.0120218863,0.0536285749,0.7607445451,0.6467203217,0.04266907464 0 0 0 0 0 0 0.04266907464 0 0 0 0 0 0 0.09398206274 0 0 0 0 0 0 0.0007466959052 0 0 0 0 0 0 0.0007466959052 0 0 0 0 0 0 0.001299774342
403,1785497097.505216360,map,7.2297906876,1.3411239386,-1.2674528360,0.0118390924,0.0538884950,0.7606016828,0.6468701033,0.04272635443 0 0 0 0 0 0 0.04272635443 0 0 0 0 0 0 0.0940670629 0 0 0 0 0 0 0.0007480185419 0 0 0 0 0 0 0.0007480185419 0 0 0 0 0 0 0.001301519184
404,1785497097.605154037,map,7.2313818932,1.3419915438,-1.2684259415,0.0118977055,0.0538357206,0.7605586574,0.6469240365,0.04295299216 0 0 0 0 0 0 0.04295299216 0 0 0 0 0 0 0.09440319948 0 0 0 0 0 0 0.0007532545593 0 0 0 0 0 0 0.0007532545593 0 0 0 0 0 0 0.001308422964
405,1785497097.705280304,map,7.2423171997,1.3400086164,-1.2705781460,0.0116906956,0.0535953039,0.7606918987,0.6467910944,0.04275147769 0 0 0 0 0 0 0.04275147769 0 0 0 0 0 0 0.09410433862 0 0 0 0 0 0 0.0007485987476 0 0 0 0 0 0 0.0007485987476 0 0 0 0 0 0 0.001302284483
406,1785497097.905248642,map,7.2386751175,1.3371506929,-1.2697999477,0.0117064938,0.0536315589,0.7606253421,0.6468660663,0.04292477148 0 0 0 0 0 0 0.04292477148 0 0 0 0 0 0 0.09436135989 0 0 0 0 0 0 0.0007526023359 0 0 0 0 0 0 0.0007526023359 0 0 0 0 0 0 0.001307563313
407,1785497098.005145073,map,7.2343778610,1.3346198797,-1.2680809498,0.0117492834,0.0536802750,0.7606156062,0.6468727006,0.04269900276 0 0 0 0 0 0 0.04269900276 0 0 0 0 0 0 0.0940264768 0 0 0 0 0 0 0.0007473869343 0 0 0 0 0 0 0.0007473869343 0 0 0 0 0 0 0.001300686005
408,1785497098.105299473,map,7.2343525887,1.3388977051,-1.2663898468,0.0118167618,0.0537010290,0.7605783825,0.6469134696,0.04292757757 0 0 0 0 0 0 0.04292757757 0 0 0 0 0 0 0.09436552037 0 0 0 0 0 0 0.000752667186 0 0 0 0 0 0 0.000752667186 0 0 0 0 0 0 0.001307648792
409,1785497098.205385208,map,7.2321448326,1.3311330080,-1.2687067986,0.0117085201,0.0535953776,0.7605957683,0.6469038153,0.04284829804 0 0 0 0 0 0 0.04284829804 0 0 0 0 0 0 0.09424795893 0 0 0 0 0 0 0.0007508352602 0 0 0 0 0 0 0.0007508352602 0 0 0 0 0 0 0.001305233799
410,1785497098.304996729,map,7.2322678566,1.3305122852,-1.2679413557,0.0117060525,0.0536873223,0.7605543914,0.6469448674,0.04291089321 0 0 0 0 0 0 0.04291089321 0 0 0 0 0 0 0.09434078252 0 0 0 0 0 0 0.0007522816127 0 0 0 0 0 0 0.0007522816127 0 0 0 0 0 0 0.001307140557
411,1785497098.405117512,map,7.2315430641,1.3365728855,-1.2687252760,0.0115386558,0.0538268395,0.7605732985,0.6469140714,0.04292898085 0 0 0 0 0 0 0.04292898085 0 0 0 0 0 0 0.09436760093 0 0 0 0 0 0 0.0007526996166 0 0 0 0 0 0 0.0007526996166 0 0 0 0 0 0 0.001307691538
412,1785497098.505385160,map,7.2277345657,1.3446573019,-1.2707625628,0.0118869176,0.0538344003,0.7605825016,0.6468962714,0.04275446786 0 0 0 0 0 0 0.04275446786 0 0 0 0 0 0 0.09410877494 0 0 0 0 0 0 0.0007486678073 0 0 0 0 0 0 0.0007486678073 0 0 0 0 0 0 0.001302375568
413,1785497098.605478764,map,7.2299623489,1.3457676172,-1.2681899071,0.0119111995,0.0537086126,0.7606134086,0.6468699852,0.04281272506 0 0 0 0 0 0 0.04281272506 0 0 0 0 0 0 0.09419519722 0 0 0 0 0 0 0.0007500134443 0 0 0 0 0 0 0.0007500134443 0 0 0 0 0 0 0.001304150184
414,1785497098.705090523,map,7.2267513275,1.3501583338,-1.2690197229,0.0120174500,0.0537951286,0.7606615524,0.6468042234,0.0429455475 0 0 0 0 0 0 0.0429455475 0 0 0 0 0 0 0.09439216256 0 0 0 0 0 0 0.0007530824951 0 0 0 0 0 0 0.0007530824951 0 0 0 0 0 0 0.001308196187
415,1785497098.805096388,map,7.2261600494,1.3496049643,-1.2652679682,0.0120541986,0.0537392813,0.7605905138,0.6468916904,0.04266616741 0 0 0 0 0 0 0.04266616741 0 0 0 0 0 0 0.09397774807 0 0 0 0 0 0 0.0007466287825 0 0 0 0 0 0 0.0007466287825 0 0 0 0 0 0 0.001299685783
416,1785497098.905303240,map,7.2210297585,1.3555979729,-1.2669929266,0.0120506198,0.0538273119,0.7605750261,0.6469026492,0.04291153553 0 0 0 0 0 0 0.04291153553 0 0 0 0 0 0 0.09434173491 0 0 0 0 0 0 0.0007522964562 0 0 0 0 0 0 0.0007522964562 0 0 0 0 0 0 0.001307160123
417,1785497099.005443096,map,7.2184114456,1.3612649441,-1.2681699991,0.0116539761,0.0537305154,0.7605622675,0.6469329563,0.04295073408 0 0 0 0 0 0 0.04295073408 0 0 0 0 0 0 0.09439985184 0 0 0 0 0 0 0.0007532023691 0 0 0 0 0 0 0.0007532023691 0 0 0 0 0 0 0.001308354179
418,1785497099.105197668,map,7.2176055908,1.3628015518,-1.2675459385,0.0118326360,0.0538481833,0.7605119497,0.6469790707,0.04267902649 0 0 0 0 0 0 0.04267902649 0 0 0 0 0 0 0.09399683209 0 0 0 0 0 0 0.0007469256812 0 0 0 0 0 0 0.0007469256812 0 0 0 0 0 0 0.001300077493
419,1785497099.205181360,map,7.2188830376,1.3576624393,-1.2664940357,0.0116504980,0.0537997491,0.7604544578,0.6470539862,0.04280898175 0 0 0 0 0 0 0.04280898175 0 0 0 0 0 0 0.09418964475 0 0 0 0 0 0 0.0007499269718 0 0 0 0 0 0 0.0007499269718 0 0 0 0 0 0 0.001304036156
420,1785497099.305235624,map,7.2167720795,1.3540382385,-1.2651920319,0.0117769329,0.0537029249,0.7604916143,0.6470161020,0.04263460581 0 0 0 0 0 0 0.04263460581 0 0 0 0 0 0 0.09393090386 0 0 0 0 0 0 0.0007459001287 0 0 0 0 0 0 0.0007459001287 0 0 0 0 0 0 0.001298724362
421,1785497099.405482531,map,7.2201604843,1.3530859947,-1.2667917013,0.0117686240,0.0537414408,0.7604668680,0.6470420944,0.04307326205 0 0 0 0 0 0 0.04307326205 0 0 0 0 0 0 0.09458145981 0 0 0 0 0 0 0.0007560349444 0 0 0 0 0 0 0.0007560349444 0 0 0 0 0 0 0.001312086595
422,1785497099.505269289,map,7.2185511589,1.3515125513,-1.2671731710,0.0116882264,0.0538216464,0.7604298868,0.6470804002,0.04270149789 0 0 0 0 0 0 0.04270149789 0 0 0 0 0 0 0.09403017941 0 0 0 0 0 0 0.0007474445496 0 0 0 0 0 0 0.0007474445496 0 0 0 0 0 0 0.001300762011
423,1785497099.605048418,map,7.2229447365,1.3493511677,-1.2661889791,0.0116242246,0.0538749453,0.7604089172,0.6471017327,0.0428291481 0 0 0 0 0 0 0.0428291481 0 0 0 0 0 0 0.0942195567 0 0 0 0 0 0 0.0007503928399 0 0 0 0 0 0 0.0007503928399 0 0 0 0 0 0 0.001304650459
424,1785497099.705265284,map,7.2402305603,1.3502498865,-1.2677483559,0.0115004349,0.0536457123,0.7607015789,0.6467789068,0.04291109314 0 0 0 0 0 0 0.04291109314 0 0 0 0 0 0 0.09434107896 0 0 0 0 0 0 0.0007522862329 0 0 0 0 0 0 0.0007522862329 0 0 0 0 0 0 0.001307146647
425,1785497099.905534983,map,7.2335247993,1.3477747440,-1.2663251162,0.0115352945,0.0537316298,0.7605909901,0.6469012181,0.04279578005 0 0 0 0 0 0 0.04279578005 0 0 0 0 0 0 0.09417006195 0 0 0 0 0 0 0.0007496220149 0 0 0 0 0 0 0.0007496220149 0 0 0 0 0 0 0.00130363401
426,1785497100.005264759,map,7.2299137115,1.3433769941,-1.2641663551,0.0115913252,0.0538302638,0.7605258340,0.6469686112,0.04287191466 0 0 0 0 0 0 0.04287191466 0 0 0 0 0 0 0.09428298307 0 0 0 0 0 0 0.0007513809171 0 0 0 0 0 0 0.0007513809171 0 0 0 0 0 0 0.001305953203
427,1785497100.105071306,map,7.2337694168,1.3467680216,-1.2663296461,0.0114858925,0.0536736339,0.7605044778,0.6470086458,0.04282042812 0 0 0 0 0 0 0.04282042812 0 0 0 0 0 0 0.09420662299 0 0 0 0 0 0 0.0007501913933 0 0 0 0 0 0 0.0007501913933 0 0 0 0 0 0 0.001304384833
428,1785497100.205209255,map,7.2314305305,1.3470910788,-1.2670017481,0.0116799834,0.0536265832,0.7604720529,0.6470471667,0.04286561577 0 0 0 0 0 0 0.04286561577 0 0 0 0 0 0 0.09427364194 0 0 0 0 0 0 0.0007512353779 0 0 0 0 0 0 0.0007512353779 0 0 0 0 0 0 0.001305761327
429,1785497100.305338144,map,7.2276439667,1.3455536366,-1.2637559175,0.0118754199,0.0538590177,0.7604782021,0.6470170693,0.04286903016 0 0 0 0 0 0 0.04286903016 0 0 0 0 0 0 0.09427870543 0 0 0 0 0 0 0.0007513142686 0 0 0 0 0 0 0.0007513142686 0 0 0 0 0 0 0.001305865335
430,1785497100.405366421,map,7.2263703346,1.3485803604,-1.2675906420,0.0120114809,0.0538867531,0.7604660297,0.6470265636,0.04280972001 0 0 0 0 0 0 0.04280972001 0 0 0 0 0 0 0.09419073982 0 0 0 0 0 0 0.000749944026 0 0 0 0 0 0 0.000749944026 0 0 0 0 0 0 0.001304058645
431,1785497100.505157471,map,7.2259001732,1.3466912508,-1.2657736540,0.0116979297,0.0538189371,0.7605324368,0.6469598790,0.04261016801 0 0 0 0 0 0 0.04261016801 0 0 0 0 0 0 0.09389462901 0 0 0 0 0 0 0.0007453359991 0 0 0 0 0 0 0.0007453359991 0 0 0 0 0 0 0.001297979944
432,1785497100.605101347,map,7.2254028320,1.3464384079,-1.2655475140,0.0113677984,0.0537227235,0.7605311614,0.6469752474,0.04294010735 0 0 0 0 0 0 0.04294010735 0 0 0 0 0 0 0.09438409719 0 0 0 0 0 0 0.0007529567629 0 0 0 0 0 0 0.0007529567629 0 0 0 0 0 0 0.001308030471
433,1785497100.705366373,map,7.2081513405,1.3598189354,-1.2634779215,0.0113976656,0.0537836427,0.7603329962,0.6472025452,0.04268798812 0 0 0 0 0 0 0.04268798812 0 0 0 0 0 0 0.09401013139 0 0 0 0 0 0 0.0007471326014 0 0 0 0 0 0 0.0007471326014 0 0 0 0 0 0 0.00130035048
434,1785497100.805414438,map,7.2140383720,1.3570965528,-1.2650383711,0.0113507200,0.0536140775,0.7603152295,0.6472383062,0.04289229961 0 0 0 0 0 0 0.04289229961 0 0 0 0 0 0 0.09431321201 0 0 0 0 0 0 0.0007518519454 0 0 0 0 0 0 0.0007518519454 0 0 0 0 0 0 0.001306574163
435,1785497100.905133724,map,7.2183380127,1.3547350168,-1.2659008503,0.0111575832,0.0536105765,0.7603193755,0.6472371090,0.04304884682 0 0 0 0 0 0 0.04304884682 0 0 0 0 0 0 0.09454527887 0 0 0 0 0 0 0.0007554704162 0 0 0 0 0 0 0.0007554704162 0 0 0 0 0 0 0.001311342864
436,1785497101.005124807,map,7.2182769775,1.3495479822,-1.2630003691,0.0108651315,0.0538421252,0.7603336664,0.6472060707,0.04297845945 0 0 0 0 0 0 0.04297845945 0 0 0 0 0 0 0.09444095307 0 0 0 0 0 0 0.0007538432059 0 0 0 0 0 0 0.0007538432059 0 0 0 0 0 0 0.001309198742
437,1785497101.105443954,map,7.2164816856,1.3493812084,-1.2620041370,0.0107769778,0.0537357149,0.7603257655,0.6472256724,0.04275127643 0 0 0 0 0 0 0.04275127643 0 0 0 0 0 0 0.09410404003 0 0 0 0 0 0 0.0007485940995 0 0 0 0 0 0 0.0007485940995 0 0 0 0 0 0 0.001302278352
438,1785497101.205367088,map,7.2219543457,1.3482336998,-1.2623540163,0.0107239582,0.0537669728,0.7603640442,0.6471789596,0.04278399837 0 0 0 0 0 0 0.04278399837 0 0 0 0 0 0 0.0941525847 0 0 0 0 0 0 0.0007493498728 0 0 0 0 0 0 0.0007493498728 0 0 0 0 0 0 0.001303275119
439,1785497101.305142403,map,7.2224888802,1.3524409533,-1.2624746561,0.0110073305,0.0536853968,0.7604232833,0.6471114157,0.04283262446 0 0 0 0 0 0 0.04283262446 0 0 0 0 0 0 0.09422471281 0 0 0 0 0 0 0.0007504731517 0 0 0 0 0 0 0.0007504731517 0 0 0 0 0 0 0.001304756354
440,1785497101.405255079,map,7.2261013985,1.3509621620,-1.2621773481,0.0114187200,0.0536877081,0.7605254329,0.6469840196,0.04281092846 0 0 0 0 0 0 0.04281092846 0 0 0 0 0 0 0.09419253232 0 0 0 0 0 0 0.0007499719417 0 0 0 0 0 0 0.0007499719417 0 0 0 0 0 0 0.001304095456
441,1785497101.605397224,map,7.2226986885,1.3494094610,-1.2634224892,0.0109322596,0.0536987793,0.7605076525,0.6470123912,0.04297797761 0 0 0 0 0 0 0.04297797761 0 0 0 0 0 0 0.09444023881 0 0 0 0 0 0 0.0007538320683 0 0 0 0 0 0 0.0007538320683 0 0 0 0 0 0 0.001309184065
442,1785497101.705251455,map,7.2211799622,1.3548499346,-1.2615925074,0.0109887842,0.0535515131,0.7604708478,0.6470668854,0.0426626916 0 0 0 0 0 0 0.0426626916 0 0 0 0 0 0 0.0939725895 0 0 0 0 0 0 0.0007465485332 0 0 0 0 0 0 0.0007465485332 0 0 0 0 0 0 0.001299579904
443,1785497101.805073023,map,7.2259955406,1.3521169424,-1.2587960958,0.0107878775,0.0535978338,0.7604979009,0.6470346385,0.04275055672 0 0 0 0 0 0 0.04275055672 0 0 0 0 0 0 0.09410297224 0 0 0 0 0 0 0.0007485774775 0 0 0 0 0 0 0.0007485774775 0 0 0 0 0 0 0.001302256428
444,1785497101.905306101,map,7.2284908295,1.3492997885,-1.2618271112,0.0108724959,0.0535989854,0.7603813201,0.6471701152,0.04292526685 0 0 0 0 0 0 0.04292526685 0 0 0 0 0 0 0.09436209435 0 0 0 0 0 0 0.000752613784 0 0 0 0 0 0 0.000752613784 0 0 0 0 0 0 0.001307578403
445,1785497102.005479574,map,7.2286276817,1.3491173983,-1.2611172199,0.0110292997,0.0536330890,0.7603926121,0.6471513724,0.04284646272 0 0 0 0 0 0 0.04284646272 0 0 0 0 0 0 0.09424523697 0 0 0 0 0 0 0.0007507928575 0 0 0 0 0 0 0.0007507928575 0 0 0 0 0 0 0.001305177892
446,1785497102.105117321,map,7.2325315475,1.3433935642,-1.2625615597,0.0107205317,0.0535569522,0.7604898814,0.6470485743,0.04298498514 0 0 0 0 0 0 0.04298498514 0 0 0 0 0 0 0.0944506264 0 0 0 0 0 0 0.0007539940486 0 0 0 0 0 0 0.0007539940486 0 0 0 0 0 0 0.001309397526
447,1785497102.205054998,map,7.2373433113,1.3419735432,-1.2628992796,0.0107658240,0.0535069574,0.7605040513,0.6470353035,0.04314163363 0 0 0 0 0 0 0.04314163363 0 0 0 0 0 0 0.09468276199 0 0 0 0 0 0 0.0007576161004 0 0 0 0 0 0 0.0007576161004 0 0 0 0 0 0 0.001314169312
448,1785497102.305244684,map,7.2349042892,1.3395720720,-1.2590193748,0.0108103428,0.0537188593,0.7604774715,0.6470482778,0.04298488398 0 0 0 0 0 0 0.04298488398 0 0 0 0 0 0 0.09445047646 0 0 0 0 0 0 0.0007539917104 0 0 0 0 0 0 0.0007539917104 0 0 0 0 0 0 0.001309394445
449,1785497102.405443907,map,7.2299542427,1.3378807306,-1.2578489780,0.0109014154,0.0537814654,0.7604442242,0.6470805845,0.04288310716 0 0 0 0 0 0 0.04288310716 0 0 0 0 0 0 0.09429958077 0 0 0 0 0 0 0.000751639534 0 0 0 0 0 0 0.000751639534 0 0 0 0 0 0 0.001306294145
450,1785497102.505213976,map,7.2318072319,1.3328948021,-1.2600821257,0.0106770810,0.0537942159,0.7604944167,0.6470243181,0.0427650672 0 0 0 0 0 0 0.0427650672 0 0 0 0 0 0 0.09412450008 0 0 0 0 0 0 0.0007489126114 0 0 0 0 0 0 0.0007489126114 0 0 0 0 0 0 0.001302698443
451,1785497102.605069637,map,7.2296285629,1.3338392973,-1.2616589069,0.0108570900,0.0537340118,0.7605373305,0.6469758577,0.04274422092 0 0 0 0 0 0 0.04274422092 0 0 0 0 0 0 0.09409357203 0 0 0 0 0 0 0.0007484311516 0 0 0 0 0 0 0.0007484311516 0 0 0 0 0 0 0.001302063429
452,1785497102.705035210,map,7.2303190231,1.3320437670,-1.2614034414,0.0105276183,0.0537712528,0.7605303599,0.6469863919,0.04290295193 0 0 0 0 0 0 0.04290295193 0 0 0 0 0 0 0.09432900746 0 0 0 0 0 0 0.0007520980992 0 0 0 0 0 0 0.0007520980992 0 0 0 0 0 0 0.001306898652
453,1785497102.805399418,map,7.2322936058,1.3284469843,-1.2584116459,0.0106300859,0.0537083289,0.7604874532,0.6470403729,0.0430833926 0 0 0 0 0 0 0.0430833926 0 0 0 0 0 0 0.09459647131 0 0 0 0 0 0 0.0007562691977 0 0 0 0 0 0 0.0007562691977 0 0 0 0 0 0 0.001312395189
454,1785497102.905354023,map,7.2315707207,1.3234285116,-1.2592900991,0.0105675781,0.0537978982,0.7604542881,0.6470729419,0.04282288891 0 0 0 0 0 0 0.04282288891 0 0 0 0 0 0 0.09421027293 0 0 0 0 0 0 0.000750248241 0 0 0 0 0 0 0.000750248241 0 0 0 0 0 0 0.001304459793
455,1785497103.005063057,map,7.2276315689,1.3256725073,-1.2584009171,0.0106104538,0.0536411813,0.7604565076,0.6470826340,0.04274991599 0 0 0 0 0 0 0.04274991599 0 0 0 0 0 0 0.09410202161 0 0 0 0 0 0 0.0007485626795 0 0 0 0 0 0 0.0007485626795 0 0 0 0 0 0 0.00130223691
456,1785497103.105225086,map,7.2285008430,1.3286041021,-1.2615177631,0.0104723931,0.0537450619,0.7604950838,0.6470309220,0.04279385631 0 0 0 0 0 0 0.04279385631 0 0 0 0 0 0 0.09416720826 0 0 0 0 0 0 0.000749577578 0 0 0 0 0 0 0.000749577578 0 0 0 0 0 0 0.001303575409
457,1785497103.205463171,map,7.2328300476,1.3200995922,-1.2620973587,0.0104149439,0.0535946252,0.7604067790,0.6471481143,0.04290733839 0 0 0 0 0 0 0.04290733839 0 0 0 0 0 0 0.0943355116 0 0 0 0 0 0 0.0007521994645 0 0 0 0 0 0 0.0007521994645 0 0 0 0 0 0 0.001307032271
458,1785497103.305342197,map,7.2322049141,1.3231241703,-1.2618004084,0.0104933459,0.0535850624,0.7604211327,0.6471307842,0.04274432692 0 0 0 0 0 0 0.04274432692 0 0 0 0 0 0 0.09409372929 0 0 0 0 0 0 0.0007484335995 0 0 0 0 0 0 0.0007484335995 0 0 0 0 0 0 0.001302066658
459,1785497103.405105114,map,7.2320232391,1.3200074434,-1.2578092813,0.0108424867,0.0536234953,0.7604126908,0.6471317369,0.04281316516 0 0 0 0 0 0 0.04281316516 0 0 0 0 0 0 0.09419585002 0 0 0 0 0 0 0.000750023611 0 0 0 0 0 0 0.000750023611 0 0 0 0 0 0 0.00130416359
460,1785497103.505060673,map,7.2375373840,1.3139046431,-1.2606918812,0.0105066228,0.0537825130,0.7604061912,0.6471317225,0.04284995177 0 0 0 0 0 0 0.04284995177 0 0 0 0 0 0 0.09425041156 0 0 0 0 0 0 0.0007508734676 0 0 0 0 0 0 0.0007508734676 0 0 0 0 0 0 0.001305284175
461,1785497103.605400801,map,7.2478318214,1.3148199320,-1.2621101141,0.0104895664,0.0537252630,0.7605860606,0.6469253552,0.0428684542 0 0 0 0 0 0 0.0428684542 0 0 0 0 0 0 0.0942778513 0 0 0 0 0 0 0.0007513009609 0 0 0 0 0 0 0.0007513009609 0 0 0 0 0 0 0.001305847791
462,1785497103.805152655,map,7.2424302101,1.3136938810,-1.2622243166,0.0104651992,0.0537759192,0.7605033242,0.6470188168,0.04271028191 0 0 0 0 0 0 0.04271028191 0 0 0 0 0 0 0.09404321402 0 0 0 0 0 0 0.0007476473858 0 0 0 0 0 0 0.0007476473858 0 0 0 0 0 0 0.001301029587
463,1785497103.905055285,map,7.2362208366,1.3159545660,-1.2619285583,0.0105877216,0.0538853207,0.7604534800,0.6470663010,0.04305056658 0 0 0 0 0 0 0.04305056658 0 0 0 0 0 0 0.09454782749 0 0 0 0 0 0 0.0007555101788 0 0 0 0 0 0 0.0007555101788 0 0 0 0 0 0 0.001311395251
464,1785497104.005399704,map,7.2366008759,1.3145368099,-1.2620335817,0.0104205918,0.0537375527,0.7604529184,0.6470819259,0.04283698946 0 0 0 0 0 0 0.04283698946 0 0 0 0 0 0 0.09423118686 0 0 0 0 0 0 0.0007505739947 0 0 0 0 0 0 0.0007505739947 0 0 0 0 0 0 0.00130488932
465,1785497104.105551958,map,7.2370281219,1.3110551834,-1.2619590759,0.0099805277,0.0537295195,0.7604309729,0.6471153361,0.04285686207 0 0 0 0 0 0 0.04285686207 0 0 0 0 0 0 0.09426065999 0 0 0 0 0 0 0.0007510331245 0 0 0 0 0 0 0.0007510331245 0 0 0 0 0 0 0.001305494674
466,1785497104.205308437,map,7.2377023697,1.3115354776,-1.2624220848,0.0102310599,0.0536904787,0.7605150104,0.6470158890,0.04290249293 0 0 0 0 0 0 0.04290249293 0 0 0 0 0 0 0.09432832687 0 0 0 0 0 0 0.0007520874926 0 0 0 0 0 0 0.0007520874926 0 0 0 0 0 0 0.00130688467
467,1785497104.305117607,map,7.2409434319,1.3132714033,-1.2647340298,0.0101761003,0.0536591497,0.7605122336,0.6470226600,0.04275845672 0 0 0 0 0 0 0.04275845672 0 0 0 0 0 0 0.09411469288 0 0 0 0 0 0 0.0007487599336 0 0 0 0 0 0 0.0007487599336 0 0 0 0 0 0 0.001302497076
468,1785497104.405202389,map,7.2399644852,1.3142597675,-1.2616692781,0.0103750479,0.0537760092,0.7605212576,0.6469991513,0.04303244914 0 0 0 0 0 0 0.04303244914 0 0 0 0 0 0 0.09452097725 0 0 0 0 0 0 0.0007550912979 0 0 0 0 0 0 0.0007550912979 0 0 0 0 0 0 0.001310843362
469,1785497104.505457401,map,7.2438020706,1.3124448061,-1.2651963234,0.0101428228,0.0539751266,0.7605540930,0.6469476486,0.04290369836 0 0 0 0 0 0 0.04290369836 0 0 0 0 0 0 0.09433011426 0 0 0 0 0 0 0.0007521153481 0 0 0 0 0 0 0.0007521153481 0 0 0 0 0 0 0.001306921389
470,1785497104.605374575,map,7.2495150566,1.3132346869,-1.2629715204,0.0101438849,0.0538684476,0.7606398657,0.6468556741,0.04298939847 0 0 0 0 0 0 0.04298939847 0 0 0 0 0 0 0.09445716835 0 0 0 0 0 0 0.0007540960656 0 0 0 0 0 0 0.0007540960656 0 0 0 0 0 0 0.001309531964
471,1785497104.705209970,map,7.2462639809,1.3151360750,-1.2641086578,0.0102348815,0.0536432783,0.7606641977,0.6468443661,0.04293367866 0 0 0 0 0 0 0.04293367866 0 0 0 0 0 0 0.09437456604 0 0 0 0 0 0 0.0007528081873 0 0 0 0 0 0 0.0007528081873 0 0 0 0 0 0 0.001307834642
472,1785497104.805038929,map,7.2467393875,1.3143815994,-1.2646759748,0.0103451754,0.0538850767,0.7606635098,0.6468233044,0.04302346701 0 0 0 0 0 0 0.04302346701 0 0 0 0 0 0 0.09450766497 0 0 0 0 0 0 0.0007548836388 0 0 0 0 0 0 0.0007548836388 0 0 0 0 0 0 0.001310569751
473,1785497104.905224800,map,7.2487411499,1.3147455454,-1.2633879185,0.0104948313,0.0537722399,0.7606197333,0.6468817679,0.0428127516 0 0 0 0 0 0 0.0428127516 0 0 0 0 0 0 0.09419523659 0 0 0 0 0 0 0.0007500140574 0 0 0 0 0 0 0.0007500140574 0 0 0 0 0 0 0.001304150993
474,1785497105.005427122,map,7.2451767921,1.3117991686,-1.2637100220,0.0105530430,0.0538556525,0.7606199970,0.6468735702,0.04255258474 0 0 0 0 0 0 0.04255258474 0 0 0 0 0 0 0.09380914045 0 0 0 0 0 0 0.0007440069342 0 0 0 0 0 0 0.0007440069342 0 0 0 0 0 0 0.001296225857
475,1785497105.105274439,map,7.2448372841,1.3159039021,-1.2629827261,0.0105049253,0.0536427452,0.7605164679,0.6470137673,0.04274739644 0 0 0 0 0 0 0.04274739644 0 0 0 0 0 0 0.09409828346 0 0 0 0 0 0 0.00074850449 0 0 0 0 0 0 0.00074850449 0 0 0 0 0 0 0.001302160161
476,1785497105.205122709,map,7.2384166718,1.3151161671,-1.2637268305,0.0107718066,0.0536797385,0.7604590033,0.6470738285,0.0430105848 0 0 0 0 0 0 0.0430105848 0 0 0 0 0 0 0.09448857164 0 0 0 0 0 0 0.0007545858251 0 0 0 0 0 0 0.0007545858251 0 0 0 0 0 0 0.001310177337
477,1785497105.305074215,map,7.2357807159,1.3155117035,-1.2620911598,0.0106568457,0.0537982932,0.7604542186,0.6470715314,0.04274266714 0 0 0 0 0 0 0.04274266714 0 0 0 0 0 0 0.0940912667 0 0 0 0 0 0 0.0007483952674 0 0 0 0 0 0 0.0007483952674 0 0 0 0 0 0 0.001302016098
478,1785497105.405356169,map,7.2348237038,1.3197855949,-1.2608792782,0.0108208102,0.0536270370,0.7604731040,0.6470608115,0.04275592323 0 0 0 0 0 0 0.04275592323 0 0 0 0 0 0 0.09411093416 0 0 0 0 0 0 0.0007487014201 0 0 0 0 0 0 0.0007487014201 0 0 0 0 0 0 0.001302419901
479,1785497105.505525827,map,7.2337169647,1.3231534958,-1.2630667686,0.0105164929,0.0535575253,0.7604799746,0.6470635088,0.04312000151 0 0 0 0 0 0 0.04312000151 0 0 0 0 0 0 0.09465071377 0 0 0 0 0 0 0.0007571157946 0 0 0 0 0 0 0.0007571157946 0 0 0 0 0 0 0.00131351036
480,1785497105.605158806,map,7.2302088737,1.3255656958,-1.2638387680,0.0104336193,0.0535386401,0.7604287873,0.6471266020,0.04287920577 0 0 0 0 0 0 0.04287920577 0 0 0 0 0 0 0.09429379535 0 0 0 0 0 0 0.0007515493862 0 0 0 0 0 0 0.0007515493862 0 0 0 0 0 0 0.001306175302
481,1785497105.705113173,map,7.2312355042,1.3283438683,-1.2656090260,0.0103755629,0.0536121088,0.7603658602,0.6471953847,0.04274923482 0 0 0 0 0 0 0.04274923482 0 0 0 0 0 0 0.094101011 0 0 0 0 0 0 0.0007485469478 0 0 0 0 0 0 0.0007485469478 0 0 0 0 0 0 0.001302216161
482,1785497105.805236340,map,7.2270736694,1.3305603266,-1.2644578218,0.0105041364,0.0536448718,0.7603977292,0.6471531512,0.04280926464 0 0 0 0 0 0 0.04280926464 0 0 0 0 0 0 0.09419006436 0 0 0 0 0 0 0.0007499335067 0 0 0 0 0 0 0.0007499335067 0 0 0 0 0 0 0.001304044774
483,1785497105.905271769,map,7.2293434143,1.3317871094,-1.2619805336,0.0105764896,0.0537818495,0.7604224369,0.6471115481,0.04287645658 0 0 0 0 0 0 0.04287645658 0 0 0 0 0 0 0.0942897185 0 0 0 0 0 0 0.0007514858626 0 0 0 0 0 0 0.0007514858626 0 0 0 0 0 0 0.001306091557
484,1785497106.005307198,map,7.2288069725,1.3328365088,-1.2630004883,0.0106244457,0.0537125936,0.7604385333,0.6470975762,0.04267812284 0 0 0 0 0 0 0.04267812284 0 0 0 0 0 0 0.09399549102 0 0 0 0 0 0 0.0007469048165 0 0 0 0 0 0 0.0007469048165 0 0 0 0 0 0 0.001300049966
485,1785497106.105099440,map,7.2364430428,1.3289399147,-1.2619061470,0.0107089099,0.0537567126,0.7604457492,0.6470840876,0.04270848989 0 0 0 0 0 0 0.04270848989 0 0 0 0 0 0 0.09404055487 0 0 0 0 0 0 0.0007476060049 0 0 0 0 0 0 0.0007476060049 0 0 0 0 0 0 0.001300974999
486,1785497106.205060482,map,7.2365522385,1.3267039061,-1.2630771399,0.0104317212,0.0538277613,0.7604546503,0.6470722223,0.04316847573 0 0 0 0 0 0 0.04316847573 0 0 0 0 0 0 0.09472252522 0 0 0 0 0 0 0.0007582369574 0 0 0 0 0 0 0.0007582369574 0 0 0 0 0 0 0.001314986969
487,1785497106.305275917,map,7.2378029823,1.3228291273,-1.2625023127,0.0105149554,0.0539145162,0.7604760304,0.6470385507,0.04277628617 0 0 0 0 0 0 0.04277628617 0 0 0 0 0 0 0.0941411438 0 0 0 0 0 0 0.000749171737 0 0 0 0 0 0 0.000749171737 0 0 0 0 0 0 0.001303040192
488,1785497106.405407667,map,7.2418723106,1.3225796223,-1.2620985508,0.0105086505,0.0535961254,0.7604963145,0.6470412394,0.04276737922 0 0 0 0 0 0 0.04276737922 0 0 0 0 0 0 0.0941279301 0 0 0 0 0 0 0.0007489660114 0 0 0 0 0 0 0.0007489660114 0 0 0 0 0 0 0.001302768871
489,1785497106.505170584,map,7.2394123077,1.3191771507,-1.2613401413,0.0105037746,0.0536022112,0.7604572355,0.6470867762,0.04283152487 0 0 0 0 0 0 0.04283152487 0 0 0 0 0 0 0.09422308192 0 0 0 0 0 0 0.0007504477487 0 0 0 0 0 0 0.0007504477487 0 0 0 0 0 0 0.001304722859
490,1785497106.605043888,map,7.2383575439,1.3175735474,-1.2600488663,0.0106941303,0.0538174964,0.7604033281,0.6471291033,0.04297519479 0 0 0 0 0 0 0.04297519479 0 0 0 0 0 0 0.09443611363 0 0 0 0 0 0 0.000753767744 0 0 0 0 0 0 0.000753767744 0 0 0 0 0 0 0.001309099295
491,1785497106.705147505,map,7.2393269539,1.3124223948,-1.2632158995,0.0103394481,0.0537034734,0.7604076459,0.6471392637,0.04267312442 0 0 0 0 0 0 0.04267312442 0 0 0 0 0 0 0.093988073 0 0 0 0 0 0 0.0007467894085 0 0 0 0 0 0 0.0007467894085 0 0 0 0 0 0 0.001299897705
492,1785497106.805429935,map,7.2424173355,1.3138324022,-1.2637640238,0.0101196204,0.0534317839,0.7605057367,0.6470499561,0.04299411358 0 0 0 0 0 0 0.04299411358 0 0 0 0 0 0 0.09446415751 0 0 0 0 0 0 0.0007542050605 0 0 0 0 0 0 0.0007542050605 0 0 0 0 0 0 0.001309675595
493,1785497106.905267477,map,7.2461171150,1.3170739412,-1.2662463188,0.0099938911,0.0536522315,0.7605295912,0.6470056202,0.04296643271 0 0 0 0 0 0 0.04296643271 0 0 0 0 0 0 0.09442312467 0 0 0 0 0 0 0.000753565215 0 0 0 0 0 0 0.000753565215 0 0 0 0 0 0 0.001308832387
494,1785497107.005175591,map,7.2406435013,1.3169120550,-1.2640258074,0.0104033210,0.0538760905,0.7605778587,0.6469238090,0.04287540432 0 0 0 0 0 0 0.04287540432 0 0 0 0 0 0 0.09428815807 0 0 0 0 0 0 0.0007514615491 0 0 0 0 0 0 0.0007514615491 0 0 0 0 0 0 0.001306059504
495,1785497107.105046988,map,7.2273335457,1.3169460297,-1.2625269890,0.0104667510,0.0538320855,0.7601839346,0.6473893173,0.04281723042 0 0 0 0 0 0 0.04281723042 0 0 0 0 0 0 0.09420187994 0 0 0 0 0 0 0.0007501175222 0 0 0 0 0 0 0.0007501175222 0 0 0 0 0 0 0.001304287425
496,1785497107.205170393,map,7.2312979698,1.3104015589,-1.2605333328,0.0106761418,0.0538802256,0.7600781653,0.6475060679,0.04289531669 0 0 0 0 0 0 0.04289531669 0 0 0 0 0 0 0.09431768586 0 0 0 0 0 0 0.0007519216631 0 0 0 0 0 0 0.0007519216631 0 0 0 0 0 0 0.001306666069
497,1785497107.305591583,map,7.2216558456,1.3005143404,-1.2563332319,0.0110951795,0.0535922110,0.7573626702,0.6506969601,0.04271255878 0 0 0 0 0 0 0.04271255878 0 0 0 0 0 0 0.09404659259 0 0 0 0 0 0 0.0007476999632 0 0 0 0 0 0 0.0007476999632 0 0 0 0 0 0 0.001301098945
498,1785497107.405290365,map,7.2678070068,1.3195550442,-1.2650492191,0.0120818205,0.0534484092,0.7551742636,0.6532297371,0.04274971317 0 0 0 0 0 0 0.04274971317 0 0 0 0 0 0 0.09410172069 0 0 0 0 0 0 0.0007485579952 0 0 0 0 0 0 0.0007485579952 0 0 0 0 0 0 0.001302230732
499,1785497107.505061388,map,7.2194190025,1.2994091511,-1.2622852325,0.0115976203,0.0533915308,0.7504495124,0.6586656078,0.04290360539 0 0 0 0 0 0 0.04290360539 0 0 0 0 0 0 0.09432997641 0 0 0 0 0 0 0.0007521131999 0 0 0 0 0 0 0.0007521131999 0 0 0 0 0 0 0.001306918557
500,1785497107.605070591,map,7.2301778793,1.3318767548,-1.2557245493,0.0157169197,0.0510611131,0.7415590891,0.6687569625,0.04274188997 0 0 0 0 0 0 0.04274188997 0 0 0 0 0 0 0.09409011362 0 0 0 0 0 0 0.0007483773188 0 0 0 0 0 0 0.0007483773188 0 0 0 0 0 0 0.001301992424
501,1785497107.705433846,map,7.2175264359,1.3220704794,-1.2706183195,0.0179747146,0.0512629077,0.7329498457,0.6781102809,0.04284760854 0 0 0 0 0 0 0.04284760854 0 0 0 0 0 0 0.09424693634 0 0 0 0 0 0 0.0007508193301 0 0 0 0 0 0 0.0007508193301 0 0 0 0 0 0 0.001305212796
502,1785497107.805431366,map,7.3088064194,1.2497087717,-1.2429801226,0.0187451683,0.0512122803,0.7240509613,0.6875871724,0.04273944601 0 0 0 0 0 0 0.04273944601 0 0 0 0 0 0 0.0940864875 0 0 0 0 0 0 0.0007483208768 0 0 0 0 0 0 0.0007483208768 0 0 0 0 0 0 0.001301917977
503,1785497108.005113602,map,7.1735816002,1.4009844065,-1.2688589096,0.0188020166,0.0528384100,0.7125728816,0.6993528932,0.04275285214 0 0 0 0 0 0 0.04275285214 0 0 0 0 0 0 0.09410637781 0 0 0 0 0 0 0.0007486304912 0 0 0 0 0 0 0.0007486304912 0 0 0 0 0 0 0.001302326351
504,1785497108.105072021,map,7.2467827797,1.3773033619,-1.2484680414,0.0145494498,0.0532874951,0.7113258420,0.7006884402,0.04259892316 0 0 0 0 0 0 0.04259892316 0 0 0 0 0 0 0.0938779363 0 0 0 0 0 0 0.0007450764369 0 0 0 0 0 0 0.0007450764369 0 0 0 0 0 0 0.001297637406
505,1785497108.205465078,map,7.2350530624,1.2933350801,-1.2600339651,0.0088527637,0.0520562549,0.7021014972,0.7101163892,0.04291777144 0 0 0 0 0 0 0.04291777144 0 0 0 0 0 0 0.09435098104 0 0 0 0 0 0 0.0007524405648 0 0 0 0 0 0 0.0007524405648 0 0 0 0 0 0 0.00130735008
506,1785497108.305299282,map,7.2484765053,1.4081479311,-1.2672451735,0.0080099938,0.0517573995,0.6933396413,0.7187052077,0.04295601771 0 0 0 0 0 0 0.04295601771 0 0 0 0 0 0 0.09440768484 0 0 0 0 0 0 0.0007533244883 0 0 0 0 0 0 0.0007533244883 0 0 0 0 0 0 0.001308515128
507,1785497108.405164480,map,7.2244687080,1.4390233755,-1.2645717859,0.0079007700,0.0514505923,0.6957770166,0.7163691680,0.04300588925 0 0 0 0 0 0 0.04300588925 0 0 0 0 0 0 0.09448161192 0 0 0 0 0 0 0.000754477276 0 0 0 0 0 0 0.000754477276 0 0 0 0 0 0 0.001310034302
508,1785497108.505035162,map,7.1802620888,1.4376022816,-1.2665785551,0.0083481748,0.0515378523,0.6995267225,0.7126966340,0.04286693137 0 0 0 0 0 0 0.04286693137 0 0 0 0 0 0 0.09427559297 0 0 0 0 0 0 0.0007512657753 0 0 0 0 0 0 0.0007512657753 0 0 0 0 0 0 0.001305801403
509,1785497108.605130434,map,7.1710748672,1.4389405251,-1.2603293657,0.0141501246,0.0524892335,0.7030158472,0.7090933523,0.04273978464 0 0 0 0 0 0 0.04273978464 0 0 0 0 0 0 0.09408698993 0 0 0 0 0 0 0.0007483286973 0 0 0 0 0 0 0.0007483286973 0 0 0 0 0 0 0.001301928292
510,1785497108.705465317,map,7.1758460999,1.3915691376,-1.2637703419,0.0139724298,0.0528363672,0.7037828838,0.7083097509,0.04285677058 0 0 0 0 0 0 0.04285677058 0 0 0 0 0 0 0.09426052431 0 0 0 0 0 0 0.0007510310107 0 0 0 0 0 0 0.0007510310107 0 0 0 0 0 0 0.001305491887
511,1785497108.805362701,map,7.1661672592,1.3868273497,-1.2697631121,0.0165753537,0.0543294975,0.7030905122,0.7088281110,0.04281337006 0 0 0 0 0 0 0.04281337006 0 0 0 0 0 0 0.09419615396 0 0 0 0 0 0 0.0007500283445 0 0 0 0 0 0 0.0007500283445 0 0 0 0 0 0 0.001304169832
512,1785497108.905066252,map,7.1766061783,1.3831212521,-1.2632926702,0.0157505819,0.0534273996,0.7033000607,0.7087075767,0.04286122437 0 0 0 0 0 0 0.04286122437 0 0 0 0 0 0 0.09426712943 0 0 0 0 0 0 0.0007511339141 0 0 0 0 0 0 0.0007511339141 0 0 0 0 0 0 0.001305627557
513,1785497109.005023956,map,7.1808581352,1.3845759630,-1.2639670372,0.0159176793,0.0536708542,0.7029069023,0.7090754240,0.0429935562 0 0 0 0 0 0 0.0429935562 0 0 0 0 0 0 0.09446333132 0 0 0 0 0 0 0.000754192176 0 0 0 0 0 0 0.000754192176 0 0 0 0 0 0 0.001309658616
514,1785497109.105128527,map,7.1853876114,1.3913766146,-1.2616449594,0.0157110573,0.0535107076,0.7026719979,0.7093248961,0.04270077129 0 0 0 0 0 0 0.04270077129 0 0 0 0 0 0 0.09402910119 0 0 0 0 0 0 0.0007474277716 0 0 0 0 0 0 0.0007474277716 0 0 0 0 0 0 0.001300739877
515,1785497109.205339909,map,7.1817827225,1.3849252462,-1.2578536272,0.0153340299,0.0533960609,0.7024850443,0.7095269700,0.04289567282 0 0 0 0 0 0 0.04289567282 0 0 0 0 0 0 0.09431821394 0 0 0 0 0 0 0.0007519298926 0 0 0 0 0 0 0.0007519298926 0 0 0 0 0 0 0.001306676917
516,1785497109.305141211,map,7.1883597374,1.3883858919,-1.2526918650,0.0129822255,0.0521092936,0.7019931032,0.7101561373,0.04267658961 0 0 0 0 0 0 0.04267658961 0 0 0 0 0 0 0.09399321562 0 0 0 0 0 0 0.0007468694159 0 0 0 0 0 0 0.0007468694159 0 0 0 0 0 0 0.001300003261
517,1785497109.404988766,map,7.2320523262,1.3863575459,-1.2503594160,0.0068265334,0.0487573007,0.7012718414,0.7111919026,0.04290598891 0 0 0 0 0 0 0.04290598891 0 0 0 0 0 0 0.09433351064 0 0 0 0 0 0 0.0007521682796 0 0 0 0 0 0 0.0007521682796 0 0 0 0 0 0 0.001306991163
518,1785497109.505224228,map,7.2184252739,1.4047873020,-1.2633882761,0.0014208490,0.0498340063,0.7026001521,0.7098363201,0.0427771 0 0 0 0 0 0 0.0427771 0 0 0 0 0 0 0.09414235112 0 0 0 0 0 0 0.0007491905346 0 0 0 0 0 0 0.0007491905346 0 0 0 0 0 0 0.001303064983
519,1785497109.605356455,map,7.1974849701,1.4320977926,-1.2520895004,0.0051983776,0.0474996142,0.7038655521,0.7087242359,0.04290297645 0 0 0 0 0 0 0.04290297645 0 0 0 0 0 0 0.09432904382 0 0 0 0 0 0 0.0007520986658 0 0 0 0 0 0 0.0007520986658 0 0 0 0 0 0 0.001306899399
520,1785497109.705177546,map,7.1594543457,1.5057337284,-1.2586795092,0.0134445628,0.0476710188,0.7043942765,0.7080786613,0.04300387839 0 0 0 0 0 0 0.04300387839 0 0 0 0 0 0 0.09447863138 0 0 0 0 0 0 0.0007544307905 0 0 0 0 0 0 0.0007544307905 0 0 0 0 0 0 0.001309973048
521,1785497109.805067539,map,7.1541552544,1.5293958187,-1.2631481886,0.0171154788,0.0525338837,0.7056760702,0.7063770644,0.04279873055 0 0 0 0 0 0 0.04279873055 0 0 0 0 0 0 0.09417443866 0 0 0 0 0 0 0.0007496901695 0 0 0 0 0 0 0.0007496901695 0 0 0 0 0 0 0.001303723887
522,1785497109.905153751,map,7.1417255402,1.5895717144,-1.2795286179,0.0230793361,0.0552616996,0.7046707512,0.7070025565,0.04262210863 0 0 0 0 0 0 0.04262210863 0 0 0 0 0 0 0.09391235379 0 0 0 0 0 0 0.0007456116335 0 0 0 0 0 0 0.0007456116335 0 0 0 0 0 0 0.001298343676
523,1785497110.105215073,map,7.1756629944,1.6104563475,-1.2825982571,0.0218098389,0.0456130287,0.7042766202,0.7081230476,0.04270566286 0 0 0 0 0 0 0.04270566286 0 0 0 0 0 0 0.09403635985 0 0 0 0 0 0 0.000747540724 0 0 0 0 0 0 0.000747540724 0 0 0 0 0 0 0.001300888883
524,1785497110.205036402,map,7.2108206749,1.6045402288,-1.2794204950,0.0204282033,0.0446777477,0.7030648867,0.7094267723,0.04245314786 0 0 0 0 0 0 0.04245314786 0 0 0 0 0 0 0.09366147123 0 0 0 0 0 0 0.0007417125345 0 0 0 0 0 0 0.0007417125345 0 0 0 0 0 0 0.001293196836
525,1785497110.305032492,map,7.2052574158,1.6378428936,-1.2819511890,0.0206455975,0.0416516143,0.7039427574,0.7087337189,0.04263087617 0 0 0 0 0 0 0.04263087617 0 0 0 0 0 0 0.0939253679 0 0 0 0 0 0 0.0007458140292 0 0 0 0 0 0 0.0007458140292 0 0 0 0 0 0 0.00129861075
526,1785497110.405276775,map,7.1452560425,1.7746100426,-1.2932823896,0.0244923027,0.0427494114,0.7039414368,0.7085471386,0.04279788895 0 0 0 0 0 0 0.04279788895 0 0 0 0 0 0 0.09417319025 0 0 0 0 0 0 0.000749670729 0 0 0 0 0 0 0.000749670729 0 0 0 0 0 0 0.00130369825
527,1785497110.505112410,map,7.1389846802,1.7754243612,-1.2938929796,0.0245339717,0.0431862402,0.7042989994,0.7081638076,0.04268546372 0 0 0 0 0 0 0.04268546372 0 0 0 0 0 0 0.09400638516 0 0 0 0 0 0 0.0007470743134 0 0 0 0 0 0 0.0007470743134 0 0 0 0 0 0 0.001300273582
528,1785497110.605391502,map,7.1526942253,1.7893757820,-1.2894905806,0.0249196012,0.0437942667,0.7048450972,0.7075694105,0.04257344409 0 0 0 0 0 0 0.04257344409 0 0 0 0 0 0 0.09384011058 0 0 0 0 0 0 0.0007444883504 0 0 0 0 0 0 0.0007444883504 0 0 0 0 0 0 0.001296861269
529,1785497110.705002069,map,7.1627159119,1.8134046793,-1.2847614288,0.0245832036,0.0451850904,0.7051860694,0.7071538563,0.04264883465 0 0 0 0 0 0 0.04264883465 0 0 0 0 0 0 0.09395202322 0 0 0 0 0 0 0.0007462286151 0 0 0 0 0 0 0.0007462286151 0 0 0 0 0 0 0.001299157797
530,1785497110.805286646,map,7.1465015411,1.8449382782,-1.2842400074,0.0241359304,0.0423507944,0.7058392556,0.7066928960,0.04270606091 0 0 0 0 0 0 0.04270606091 0 0 0 0 0 0 0.09403695052 0 0 0 0 0 0 0.0007475499157 0 0 0 0 0 0 0.0007475499157 0 0 0 0 0 0 0.001300901008
531,1785497110.905381918,map,7.1786198616,1.9373410940,-1.2723439932,0.0218282358,0.0360143115,0.7076729231,0.7052840152,0.04273616279 0 0 0 0 0 0 0.04273616279 0 0 0 0 0 0 0.09408161613 0 0 0 0 0 0 0.0007482450533 0 0 0 0 0 0 0.0007482450533 0 0 0 0 0 0 0.001301817964
532,1785497111.005346060,map,7.2440242767,1.9344739914,-1.2727438211,0.0181090218,0.0333916896,0.7076640522,0.7055271978,0.04274788971 0 0 0 0 0 0 0.04274788971 0 0 0 0 0 0 0.09409901531 0 0 0 0 0 0 0.0007485158822 0 0 0 0 0 0 0.0007485158822 0 0 0 0 0 0 0.001302175187
533,1785497111.105079174,map,7.2369446754,1.9360038042,-1.2570606470,0.0142811467,0.0352373359,0.7078637958,0.7053248927,0.04277458166 0 0 0 0 0 0 0.04277458166 0 0 0 0 0 0 0.09413861515 0 0 0 0 0 0 0.0007491323671 0 0 0 0 0 0 0.0007491323671 0 0 0 0 0 0 0.00130298827
534,1785497111.205189228,map,7.1851239204,2.0055592060,-1.2548209429,0.0118868425,0.0428991281,0.7074342913,0.7053758452,0.04291577449 0 0 0 0 0 0 0.04291577449 0 0 0 0 0 0 0.09434802013 0 0 0 0 0 0 0.0007523944159 0 0 0 0 0 0 0.0007523944159 0 0 0 0 0 0 0.001307289249
535,1785497111.305239677,map,7.1618652344,2.0166678429,-1.2465337515,0.0106296912,0.0461914204,0.7075137589,0.7051082454,0.04266951242 0 0 0 0 0 0 0.04266951242 0 0 0 0 0 0 0.09398271244 0 0 0 0 0 0 0.0007467060127 0 0 0 0 0 0 0.0007467060127 0 0 0 0 0 0 0.001299787678
536,1785497111.405312300,map,7.1711115837,2.0744671822,-1.2537883520,0.0046075386,0.0484154610,0.7061718914,0.7063681388,0.0428728877 0 0 0 0 0 0 0.0428728877 0 0 0 0 0 0 0.09428442604 0 0 0 0 0 0 0.0007514033999 0 0 0 0 0 0 0.0007514033999 0 0 0 0 0 0 0.001305982843
537,1785497111.505079508,map,7.1846685410,2.1690161228,-1.2577770948,0.0025157149,0.0506375799,0.7064299444,0.7059647734,0.04271051288 0 0 0 0 0 0 0.04271051288 0 0 0 0 0 0 0.09404355675 0 0 0 0 0 0 0.0007476527194 0 0 0 0 0 0 0.0007476527194 0 0 0 0 0 0 0.001301036623
538,1785497111.604983807,map,7.1617631912,2.2734048367,-1.2784515619,0.0015184262,0.0504126428,0.7058607896,0.7065527583,0.04256260718 0 0 0 0 0 0 0.04256260718 0 0 0 0 0 0 0.09382402121 0 0 0 0 0 0 0.0007442382391 0 0 0 0 0 0 0.0007442382391 0 0 0 0 0 0 0.001296531158
539,1785497111.705118895,map,7.1792864799,2.2469823360,-1.2719277143,-0.0049423422,0.0470437649,0.7062848058,0.7063457002,0.04266419701 0 0 0 0 0 0 0.04266419701 0 0 0 0 0 0 0.09397482373 0 0 0 0 0 0 0.0007465832898 0 0 0 0 0 0 0.0007465832898 0 0 0 0 0 0 0.001299625761
540,1785497111.805367470,map,7.1219172478,2.2751958370,-1.2800426483,-0.0020345645,0.0458523265,0.7076854344,0.7050352959,0.04269019086 0 0 0 0 0 0 0.04269019086 0 0 0 0 0 0 0.09401340026 0 0 0 0 0 0 0.0007471834629 0 0 0 0 0 0 0.0007471834629 0 0 0 0 0 0 0.001300417579
541,1785497111.905168056,map,7.1581225395,2.2818276882,-1.2793489695,-0.0017275941,0.0445363776,0.7083189237,0.7044840963,0.04261876594 0 0 0 0 0 0 0.04261876594 0 0 0 0 0 0 0.09390739195 0 0 0 0 0 0 0.0007455344704 0 0 0 0 0 0 0.0007455344704 0 0 0 0 0 0 0.001298241852
542,1785497112.004963398,map,7.1319451332,2.3587913513,-1.2793053389,-0.0003400363,0.0447088785,0.7086776629,0.7041143172,0.04264311857 0 0 0 0 0 0 0.04264311857 0 0 0 0 0 0 0.09394353919 0 0 0 0 0 0 0.0007460966519 0 0 0 0 0 0 0.0007460966519 0 0 0 0 0 0 0.001298983675
543,1785497112.105051517,map,7.1265821457,2.3789548874,-1.2719187737,-0.0015153601,0.0451634540,0.7088959039,0.7038640209,0.04257698949 0 0 0 0 0 0 0.04257698949 0 0 0 0 0 0 0.09384537423 0 0 0 0 0 0 0.0007445701789 0 0 0 0 0 0 0.0007445701789 0 0 0 0 0 0 0.001296969268
544,1785497112.205327511,map,7.1442103386,2.4492630959,-1.2855871916,-0.0030305392,0.0460332770,0.7091292180,0.7035676972,0.04262073003 0 0 0 0 0 0 0.04262073003 0 0 0 0 0 0 0.09391030742 0 0 0 0 0 0 0.0007455798096 0 0 0 0 0 0 0.0007455798096 0 0 0 0 0 0 0.001298301681
545,1785497112.305319071,map,7.1401271820,2.4513914585,-1.2757136822,-0.0031507395,0.0484403956,0.7087759398,0.7037614998,0.04256423908 0 0 0 0 0 0 0.04256423908 0 0 0 0 0 0 0.09382644411 0 0 0 0 0 0 0.000744275902 0 0 0 0 0 0 0.000744275902 0 0 0 0 0 0 0.001296580868
546,1785497112.405026436,map,7.1487040520,2.4744966030,-1.2664499283,-0.0036520282,0.0474865061,0.7092591402,0.7033371737,0.04263921197 0 0 0 0 0 0 0.04263921197 0 0 0 0 0 0 0.09393774074 0 0 0 0 0 0 0.0007460064644 0 0 0 0 0 0 0.0007460064644 0 0 0 0 0 0 0.001298864673
547,1785497112.505107641,map,7.1286444664,2.5242571831,-1.2819210291,-0.0021667265,0.0465224051,0.7092461449,0.7034208429,0.04260805089 0 0 0 0 0 0 0.04260805089 0 0 0 0 0 0 0.09389148625 0 0 0 0 0 0 0.0007452871292 0 0 0 0 0 0 0.0007452871292 0 0 0 0 0 0 0.001297915452
548,1785497112.605261087,map,7.1405911446,2.5395972729,-1.2885016203,-0.0012570875,0.0452941483,0.7096440323,0.7031018278,0.04265896679 0 0 0 0 0 0 0.04265896679 0 0 0 0 0 0 0.09396706129 0 0 0 0 0 0 0.0007464625362 0 0 0 0 0 0 0.0007464625362 0 0 0 0 0 0 0.001299466439
549,1785497112.705495119,map,7.1360173225,2.5461847782,-1.2875297070,-0.0009408118,0.0450617959,0.7100491981,0.7027080974,0.04246143771 0 0 0 0 0 0 0.04246143771 0 0 0 0 0 0 0.09367378427 0 0 0 0 0 0 0.0007419037811 0 0 0 0 0 0 0.0007419037811 0 0 0 0 0 0 0.00129344936
550,1785497112.805156946,map,7.1397571564,2.5543031693,-1.2861754894,-0.0009774857,0.0446471848,0.7103104318,0.7024704701,0.04256882567 0 0 0 0 0 0 0.04256882567 0 0 0 0 0 0 0.09383325378 0 0 0 0 0 0 0.000744381758 0 0 0 0 0 0 0.000744381758 0 0 0 0 0 0 0.001296720584
551,1785497112.905078411,map,7.1373243332,2.5642280579,-1.2849690914,-0.0007733084,0.0443910680,0.7106931921,0.7020997495,0.04265732424 0 0 0 0 0 0 0.04265732424 0 0 0 0 0 0 0.09396462347 0 0 0 0 0 0 0.000746424614 0 0 0 0 0 0 0.000746424614 0 0 0 0 0 0 0.001299416404
552,1785497113.004993916,map,7.1219005585,2.6227746010,-1.2821855545,-0.0003517875,0.0440429307,0.7111501712,0.7016591467,0.04267518271 0 0 0 0 0 0 0.04267518271 0 0 0 0 0 0 0.09399112767 0 0 0 0 0 0 0.0007468369319 0 0 0 0 0 0 0.0007468369319 0 0 0 0 0 0 0.001299960405
553,1785497113.105434179,map,7.1196727753,2.6286256313,-1.2795153856,-0.0001232017,0.0438068576,0.7109429605,0.7018839405,0.04301622745 0 0 0 0 0 0 0.04301622745 0 0 0 0 0 0 0.09449693499 0 0 0 0 0 0 0.0007547162714 0 0 0 0 0 0 0.0007547162714 0 0 0 0 0 0 0.001310349222
554,1785497113.205316067,map,7.1347274780,2.6094648838,-1.2735396624,-0.0011146832,0.0427067921,0.7107228937,0.7021736668,0.04286556077 0 0 0 0 0 0 0.04286556077 0 0 0 0 0 0 0.09427356037 0 0 0 0 0 0 0.0007512341071 0 0 0 0 0 0 0.0007512341071 0 0 0 0 0 0 0.001305759652
555,1785497113.305039167,map,7.1375427246,2.6127953529,-1.2792247534,-0.0017363274,0.0425492050,0.7110397342,0.7018611332,0.04269642676 0 0 0 0 0 0 0.04269642676 0 0 0 0 0 0 0.09402265415 0 0 0 0 0 0 0.0007473274525 0 0 0 0 0 0 0.0007473274525 0 0 0 0 0 0 0.001300607535
556,1785497113.404919147,map,7.1416077614,2.6207535267,-1.2761734724,-0.0029263299,0.0419579680,0.7112722157,0.7016571821,0.04259358192 0 0 0 0 0 0 0.04259358192 0 0 0 0 0 0 0.09387000712 0 0 0 0 0 0 0.0007449531504 0 0 0 0 0 0 0.0007449531504 0 0 0 0 0 0 0.001297474702
557,1785497113.505075455,map,7.1168169975,2.6605315208,-1.2819010019,-0.0029418227,0.0414029390,0.7117744379,0.7011806471,0.04295145166 0 0 0 0 0 0 0.04295145166 0 0 0 0 0 0 0.09440091567 0 0 0 0 0 0 0.0007532189542 0 0 0 0 0 0 0.0007532189542 0 0 0 0 0 0 0.001308376038
558,1785497113.605394602,map,7.1291799545,2.6490819454,-1.2812290192,-0.0028050810,0.0409226512,0.7120175479,0.7009625212,0.04292799103 0 0 0 0 0 0 0.04292799103 0 0 0 0 0 0 0.09436613338 0 0 0 0 0 0 0.0007526767412 0 0 0 0 0 0 0.0007526767412 0 0 0 0 0 0 0.001307661386
559,1785497113.705170393,map,7.1315770149,2.6610934734,-1.2940478325,-0.0021630548,0.0399151769,0.7126775586,0.7003519154,0.04290763737 0 0 0 0 0 0 0.04290763737 0 0 0 0 0 0 0.09433595492 0 0 0 0 0 0 0.0007522063736 0 0 0 0 0 0 0.0007522063736 0 0 0 0 0 0 0.001307041379
560,1785497113.805078268,map,7.1358575821,2.6810729504,-1.3009454012,-0.0009871985,0.0389574143,0.7131532916,0.6999241086,0.04264913123 0 0 0 0 0 0 0.04264913123 0 0 0 0 0 0 0.09395246341 0 0 0 0 0 0 0.0007462354622 0 0 0 0 0 0 0.0007462354622 0 0 0 0 0 0 0.001299166831
561,1785497113.904969931,map,7.1280903816,2.6818408966,-1.3019634485,-0.0010695179,0.0387672757,0.7134609177,0.6996209407,0.04274430434 0 0 0 0 0 0 0.04274430434 0 0 0 0 0 0 0.09409369579 0 0 0 0 0 0 0.0007484330781 0 0 0 0 0 0 0.0007484330781 0 0 0 0 0 0 0.00130206597
562,1785497114.005290508,map,7.1275815964,2.6767406464,-1.2935680151,-0.0008173851,0.0384277294,0.7136435394,0.6994537466,0.04290455338 0 0 0 0 0 0 0.04290455338 0 0 0 0 0 0 0.09433138208 0 0 0 0 0 0 0.0007521351066 0 0 0 0 0 0 0.0007521351066 0 0 0 0 0 0 0.001306947435
563,1785497114.105437279,map,7.1193208694,2.6810390949,-1.2959978580,0.0002608751,0.0380412201,0.7142755826,0.6988298537,0.04276138219 0 0 0 0 0 0 0.04276138219 0 0 0 0 0 0 0.09411903309 0 0 0 0 0 0 0.0007488275007 0 0 0 0 0 0 0.0007488275007 0 0 0 0 0 0 0.001302586191
564,1785497114.205138445,map,7.1247835159,2.7194418907,-1.3003112078,0.0004985025,0.0375052795,0.7145938822,0.6985332353,0.04285694063 0 0 0 0 0 0 0.04285694063 0 0 0 0 0 0 0.0942607765 0 0 0 0 0 0 0.0007510349397 0 0 0 0 0 0 0.0007510349397 0 0 0 0 0 0 0.001305497067
565,1785497114.304967880,map,7.1221833229,2.7234878540,-1.2982200384,0.0007793947,0.0376385697,0.7150775643,0.6980306738,0.04283625415 0 0 0 0 0 0 0.04283625415 0 0 0 0 0 0 0.09423009627 0 0 0 0 0 0 0.0007505570069 0 0 0 0 0 0 0.0007505570069 0 0 0 0 0 0 0.001304866921
566,1785497114.405033112,map,7.1324262619,2.7217450142,-1.3057397604,-0.0002386020,0.0387507552,0.7154691880,0.6975687651,0.04284669993 0 0 0 0 0 0 0.04284669993 0 0 0 0 0 0 0.09424558877 0 0 0 0 0 0 0.0007507983378 0 0 0 0 0 0 0.0007507983378 0 0 0 0 0 0 0.001305185118
567,1785497114.505339622,map,7.1397442818,2.7149677277,-1.2950482368,-0.0010167471,0.0382487253,0.7159573127,0.6970947798,0.0428348891 0 0 0 0 0 0 0.0428348891 0 0 0 0 0 0 0.09422807168 0 0 0 0 0 0 0.0007505254707 0 0 0 0 0 0 0.0007505254707 0 0 0 0 0 0 0.001304825339
568,1785497114.605224609,map,7.1458263397,2.7234249115,-1.2942670584,-0.0016275461,0.0382257471,0.7160732347,0.6969757914,0.04286016384 0 0 0 0 0 0 0.04286016384 0 0 0 0 0 0 0.09426555665 0 0 0 0 0 0 0.0007511094109 0 0 0 0 0 0 0.0007511094109 0 0 0 0 0 0 0.001305595252
569,1785497114.704971075,map,7.1385898590,2.7732017040,-1.2932837009,-0.0028165573,0.0373765942,0.7151181336,0.6979979295,0.04282719697 0 0 0 0 0 0 0.04282719697 0 0 0 0 0 0 0.09421666277 0 0 0 0 0 0 0.0007503477649 0 0 0 0 0 0 0.0007503477649 0 0 0 0 0 0 0.001304591024
570,1785497114.804940224,map,7.1364436150,2.7706933022,-1.2947340012,-0.0023764920,0.0369562244,0.7147870092,0.6983610315,0.04281166818 0 0 0 0 0 0 0.04281166818 0 0 0 0 0 0 0.09419362955 0 0 0 0 0 0 0.0007499890297 0 0 0 0 0 0 0.0007499890297 0 0 0 0 0 0 0.00130411799
571,1785497114.905382633,map,7.1811561584,2.7234151363,-1.2770843506,-0.0062473419,0.0358894557,0.7095470684,0.7037157523,0.04274114071 0 0 0 0 0 0 0.04274114071 0 0 0 0 0 0 0.09408900193 0 0 0 0 0 0 0.0007483600149 0 0 0 0 0 0 0.0007483600149 0 0 0 0 0 0 0.0013019696
572,1785497115.005295038,map,7.1507768631,2.7643358707,-1.3039087057,-0.0056729136,0.0380335178,0.7077856961,0.7053798150,0.04298070568 0 0 0 0 0 0 0.04298070568 0 0 0 0 0 0 0.0944442828 0 0 0 0 0 0 0.0007538951277 0 0 0 0 0 0 0.0007538951277 0 0 0 0 0 0 0.001309267167
573,1785497115.105091333,map,7.1628575325,2.7670903206,-1.2861778736,-0.0060008660,0.0382875918,0.7030643043,0.7100694713,0.04278487565 0 0 0 0 0 0 0.04278487565 0 0 0 0 0 0 0.09415388611 0 0 0 0 0 0 0.0007493701365 0 0 0 0 0 0 0.0007493701365 0 0 0 0 0 0 0.001303301843
574,1785497115.204934835,map,7.2069401741,2.7387616634,-1.2808574438,-0.0087633427,0.0384042948,0.6982510589,0.7147683409,0.04295022282 0 0 0 0 0 0 0.04295022282 0 0 0 0 0 0 0.09439909389 0 0 0 0 0 0 0.0007531905525 0 0 0 0 0 0 0.0007531905525 0 0 0 0 0 0 0.001308338605
575,1785497115.305220127,map,7.1765604019,2.8039946556,-1.2972378731,-0.0098492564,0.0374197981,0.6889014932,0.7238214385,0.04327272103 0 0 0 0 0 0 0.04327272103 0 0 0 0 0 0 0.09487691362 0 0 0 0 0 0 0.0007606487276 0 0 0 0 0 0 0.0007606487276 0 0 0 0 0 0 0.001318162463
576,1785497115.405294895,map,7.0770621300,2.8450689316,-1.3234441280,-0.0029109921,0.0412963575,0.6721164832,0.7392872070,0.04336344811 0 0 0 0 0 0 0.04336344811 0 0 0 0 0 0 0.09501123226 0 0 0 0 0 0 0.0007627484953 0 0 0 0 0 0 0.0007627484953 0 0 0 0 0 0 0.001320926168
577,1785497115.505146980,map,7.2196540833,2.8324177265,-1.2772617340,-0.0046728221,0.0424453572,0.6542929719,0.7550345980,0.04322039423 0 0 0 0 0 0 0.04322039423 0 0 0 0 0 0 0.09479942463 0 0 0 0 0 0 0.0007594380042 0 0 0 0 0 0 0.0007594380042 0 0 0 0 0 0 0.001316568497
578,1785497115.605054617,map,7.1847138405,2.8473300934,-1.2709828615,-0.0084288120,0.0432756687,0.6368121052,0.7697574288,0.04273224692 0 0 0 0 0 0 0.04273224692 0 0 0 0 0 0 0.09407580599 0 0 0 0 0 0 0.0007481546202 0 0 0 0 0 0 0.0007481546202 0 0 0 0 0 0 0.00130169868
579,1785497115.705045700,map,7.1728992462,2.9375483990,-1.2747720480,-0.0100354195,0.0422461166,0.6257120830,0.7788446257,0.04287439334 0 0 0 0 0 0 0.04287439334 0 0 0 0 0 0 0.09428665884 0 0 0 0 0 0 0.0007514381893 0 0 0 0 0 0 0.0007514381893 0 0 0 0 0 0 0.001306028707
580,1785497115.805191994,map,7.1887068748,2.9639239311,-1.2717043161,-0.0106671629,0.0395641375,0.6205004006,0.7831348118,0.04321668114 0 0 0 0 0 0 0.04321668114 0 0 0 0 0 0 0.09479392546 0 0 0 0 0 0 0.0007593521005 0 0 0 0 0 0 0.0007593521005 0 0 0 0 0 0 0.00131645539
581,1785497115.905182600,map,7.2328662872,2.9856717587,-1.2797653675,-0.0135389174,0.0365735192,0.6142251819,0.7881665478,0.04309343521 0 0 0 0 0 0 0.04309343521 0 0 0 0 0 0 0.09461135193 0 0 0 0 0 0 0.0007565014261 0 0 0 0 0 0 0.0007565014261 0 0 0 0 0 0 0.001312701104
582,1785497116.004913807,map,7.1539521217,3.0382740498,-1.2956302166,-0.0172822304,0.0357888087,0.6083695795,0.7926581390,0.04315900267 0 0 0 0 0 0 0.04315900267 0 0 0 0 0 0 0.09470849252 0 0 0 0 0 0 0.0007580178387 0 0 0 0 0 0 0.0007580178387 0 0 0 0 0 0 0.001314698403
583,1785497116.105063200,map,7.2082147598,3.1144506931,-1.2830194235,-0.0144076998,0.0336835107,0.5959963189,0.8021509877,0.04292462324 0 0 0 0 0 0 0.04292462324 0 0 0 0 0 0 0.0943611401 0 0 0 0 0 0 0.00075259891 0 0 0 0 0 0 0.00075259891 0 0 0 0 0 0 0.001307558798
584,1785497116.205296993,map,7.2108783722,3.1624686718,-1.2827808857,-0.0138973377,0.0330621161,0.5852810128,0.8100369791,0.04324628547 0 0 0 0 0 0 0.04324628547 0 0 0 0 0 0 0.094837768 0 0 0 0 0 0 0.0007600370399 0 0 0 0 0 0 0.0007600370399 0 0 0 0 0 0 0.00131735719
585,1785497116.305266380,map,7.2158679962,3.1439826488,-1.2732999325,-0.0156822075,0.0305607378,0.5741419101,0.8180349522,0.04321501938 0 0 0 0 0 0 0.04321501938 0 0 0 0 0 0 0.09479146433 0 0 0 0 0 0 0.0007593136555 0 0 0 0 0 0 0.0007593136555 0 0 0 0 0 0 0.00131640477
586,1785497116.805081129,map,7.1676821709,3.0721921921,-1.2624880075,-0.0228951630,0.0251202916,0.5216025137,0.8525113498,0.04266719427 0 0 0 0 0 0 0.04266719427 0 0 0 0 0 0 0.09397927206 0 0 0 0 0 0 0.0007466524908 0 0 0 0 0 0 0.0007466524908 0 0 0 0 0 0 0.001299717063
587,1785497116.904874563,map,7.2066097260,3.1031801701,-1.2851064205,-0.0323103351,0.0232644382,0.5129666877,0.8574846762,0.04298822873 0 0 0 0 0 0 0.04298822873 0 0 0 0 0 0 0.09445543444 0 0 0 0 0 0 0.0007540690263 0 0 0 0 0 0 0.0007540690263 0 0 0 0 0 0 0.001309496332
588,1785497117.005002499,map,7.2296543121,3.1423780918,-1.2919586897,-0.0338456746,0.0239261291,0.5081243267,0.8602858138,0.04282647692 0 0 0 0 0 0 0.04282647692 0 0 0 0 0 0 0.09421559477 0 0 0 0 0 0 0.0007503311302 0 0 0 0 0 0 0.0007503311302 0 0 0 0 0 0 0.00130456909
589,1785497117.105337143,map,7.1798644066,3.1707971096,-1.2863790989,-0.0345623126,0.0244309225,0.5005972603,0.8646449973,0.04286458565 0 0 0 0 0 0 0.04286458565 0 0 0 0 0 0 0.09427211427 0 0 0 0 0 0 0.0007512115768 0 0 0 0 0 0 0.0007512115768 0 0 0 0 0 0 0.001305729948
590,1785497117.205237627,map,7.1812243462,3.1896948814,-1.3039920330,-0.0336472134,0.0277781054,0.4913164484,0.8698875647,0.04284079891 0 0 0 0 0 0 0.04284079891 0 0 0 0 0 0 0.09423683684 0 0 0 0 0 0 0.0007506620043 0 0 0 0 0 0 0.0007506620043 0 0 0 0 0 0 0.001305005363
591,1785497117.305128813,map,7.1431798935,3.2470180988,-1.3078309298,-0.0333361776,0.0275542191,0.4825395889,0.8748056928,0.04276457828 0 0 0 0 0 0 0.04276457828 0 0 0 0 0 0 0.09412377473 0 0 0 0 0 0 0.0007489013189 0 0 0 0 0 0 0.0007489013189 0 0 0 0 0 0 0.001302683549
592,1785497117.404879570,map,7.1583876610,3.2636237144,-1.3149423599,-0.0331324943,0.0272537025,0.4819443492,0.8751508974,0.042784718 0 0 0 0 0 0 0.042784718 0 0 0 0 0 0 0.09415365224 0 0 0 0 0 0 0.000749366495 0 0 0 0 0 0 0.000749366495 0 0 0 0 0 0 0.00130329704
593,1785497117.505143166,map,7.1648802757,3.1948130131,-1.3010381460,-0.0336196165,0.0262315496,0.4843190971,0.8738516015,0.04275293775 0 0 0 0 0 0 0.04275293775 0 0 0 0 0 0 0.09410650483 0 0 0 0 0 0 0.0007486324684 0 0 0 0 0 0 0.0007486324684 0 0 0 0 0 0 0.001302328959
594,1785497117.605418205,map,7.1716718674,3.2186763287,-1.3035635948,-0.0308418356,0.0278230112,0.4832025818,0.8745226750,0.04314647297 0 0 0 0 0 0 0.04314647297 0 0 0 0 0 0 0.09468993117 0 0 0 0 0 0 0.0007577280297 0 0 0 0 0 0 0.0007577280297 0 0 0 0 0 0 0.001314316727
595,1785497117.705271006,map,7.2232255936,3.2137277126,-1.2699129581,-0.0226778049,0.0308496695,0.4789005747,0.8770337822,0.04279541569 0 0 0 0 0 0 0.04279541569 0 0 0 0 0 0 0.09416952145 0 0 0 0 0 0 0.0007496135984 0 0 0 0 0 0 0.0007496135984 0 0 0 0 0 0 0.001303622911
596,1785497117.804958582,map,7.2386779785,3.2739181519,-1.2804039717,-0.0193692004,0.0379803655,0.4759337447,0.8784471457,0.04251476336 0 0 0 0 0 0 0.04251476336 0 0 0 0 0 0 0.09375298027 0 0 0 0 0 0 0.000743134145 0 0 0 0 0 0 0.000743134145 0 0 0 0 0 0 0.001295073752
597,1785497117.904964209,map,7.2696604729,3.3757731915,-1.2922526598,-0.0155747849,0.0359529461,0.4732433470,0.8800599643,0.04272444662 0 0 0 0 0 0 0.04272444662 0 0 0 0 0 0 0.09406423211 0 0 0 0 0 0 0.0007479744844 0 0 0 0 0 0 0.0007479744844 0 0 0 0 0 0 0.001301461069
598,1785497118.005239964,map,7.3246302605,3.4541401863,-1.2970356941,-0.0154146383,0.0257321357,0.4690187936,0.8826786632,0.04279391345 0 0 0 0 0 0 0.04279391345 0 0 0 0 0 0 0.09416729303 0 0 0 0 0 0 0.0007495788979 0 0 0 0 0 0 0.0007495788979 0 0 0 0 0 0 0.00130357715
599,1785497118.105299234,map,7.3611826897,3.4427828789,-1.2752463818,-0.0108597427,0.0305137176,0.4658568157,0.8842671655,0.04270287113 0 0 0 0 0 0 0.04270287113 0 0 0 0 0 0 0.09403221718 0 0 0 0 0 0 0.0007474762592 0 0 0 0 0 0 0.0007474762592 0 0 0 0 0 0 0.001300803842
600,1785497118.204980612,map,7.3899517059,3.6691780090,-1.2884911299,-0.0149509887,0.0307752049,0.4596921348,0.8874190082,0.04265741291 0 0 0 0 0 0 0.04265741291 0 0 0 0 0 0 0.09396475507 0 0 0 0 0 0 0.0007464266611 0 0 0 0 0 0 0.0007464266611 0 0 0 0 0 0 0.001299419105
601,1785497118.304918528,map,7.4636445045,3.5869660378,-1.3075100183,-0.0198487858,0.0375894235,0.4542334384,0.8898679879,0.04294201279 0 0 0 0 0 0 0.04294201279 0 0 0 0 0 0 0.09438692215 0 0 0 0 0 0 0.000753000801 0 0 0 0 0 0 0.000753000801 0 0 0 0 0 0 0.001308088514
602,1785497118.405164719,map,7.5153975487,3.7320001125,-1.2987962961,-0.0204168533,0.0397325219,0.4445986213,0.8946153027,0.04280399811 0 0 0 0 0 0 0.04280399811 0 0 0 0 0 0 0.09418225235 0 0 0 0 0 0 0.0007498118488 0 0 0 0 0 0 0.0007498118488 0 0 0 0 0 0 0.001303884346
603,1785497118.704864979,map,7.7213878632,3.9918403625,-1.3397228718,-0.0220999704,0.0620423701,0.4607050186,0.8851063306,0.04306006634 0 0 0 0 0 0 0.04306006634 0 0 0 0 0 0 0.09456190549 0 0 0 0 0 0 0.0007557298272 0 0 0 0 0 0 0.0007557298272 0 0 0 0 0 0 0.00131168463
604,1785497118.805135250,map,7.5390310287,4.0170416832,-1.3329280615,-0.0147981081,0.0638283313,0.4733118170,0.8784548215,0.04314676511 0 0 0 0 0 0 0.04314676511 0 0 0 0 0 0 0.09469036394 0 0 0 0 0 0 0.0007577347865 0 0 0 0 0 0 0.0007577347865 0 0 0 0 0 0 0.001314325626
605,1785497118.905445814,map,7.5773663521,4.0032262802,-1.3192117214,-0.0110207621,0.0644279258,0.4805268540,0.8745407449,0.04288834306 0 0 0 0 0 0 0.04288834306 0 0 0 0 0 0 0.09430734501 0 0 0 0 0 0 0.00075176052 0 0 0 0 0 0 0.00075176052 0 0 0 0 0 0 0.00130645364
606,1785497119.005136967,map,7.5927205086,4.0298027992,-1.3167868853,-0.0094823987,0.0668613209,0.4824832248,0.8732981054,0.04287216439 0 0 0 0 0 0 0.04287216439 0 0 0 0 0 0 0.0942833534 0 0 0 0 0 0 0.0007513866872 0 0 0 0 0 0 0.0007513866872 0 0 0 0 0 0 0.00130596081
607,1785497119.104986191,map,7.6610679626,3.9797494411,-1.3079190254,-0.0178833842,0.0665389910,0.4846196340,0.8720071904,0.04275311732 0 0 0 0 0 0 0.04275311732 0 0 0 0 0 0 0.09410677125 0 0 0 0 0 0 0.0007486366158 0 0 0 0 0 0 0.0007486366158 0 0 0 0 0 0 0.001302334429
608,1785497119.204993725,map,7.6838817596,4.1584115028,-1.3367156982,-0.0182421278,0.0672573853,0.4886408855,0.8696975124,0.04295125537 0 0 0 0 0 0 0.04295125537 0 0 0 0 0 0 0.09440062466 0 0 0 0 0 0 0.0007532144174 0 0 0 0 0 0 0.0007532144174 0 0 0 0 0 0 0.001308370059
609,1785497119.305099964,map,7.7511386871,4.1205649376,-1.3284066916,-0.0260873246,0.0686339663,0.4928381869,0.8670175059,0.04291837373 0 0 0 0 0 0 0.04291837373 0 0 0 0 0 0 0.09435187405 0 0 0 0 0 0 0.0007524544835 0 0 0 0 0 0 0.0007524544835 0 0 0 0 0 0 0.001307368427
610,1785497119.405310392,map,7.8266339302,4.1773629189,-1.3568063974,-0.0159965337,0.0622793977,0.5019508028,0.8625026186,0.04351741216 0 0 0 0 0 0 0.04351741216 0 0 0 0 0 0 0.09523906705 0 0 0 0 0 0 0.0007663133927 0 0 0 0 0 0 0.0007663133927 0 0 0 0 0 0 0.001325616181
611,1785497119.505131721,map,7.8552670479,4.2231416702,-1.3157014847,-0.0060896090,0.0610422179,0.5056711009,0.8605425576,0.04270242594 0 0 0 0 0 0 0.04270242594 0 0 0 0 0 0 0.09403155655 0 0 0 0 0 0 0.0007474659791 0 0 0 0 0 0 0.0007474659791 0 0 0 0 0 0 0.001300790281
612,1785497119.604910612,map,7.8406281471,4.4056110382,-1.3726388216,-0.0081449716,0.0647302768,0.5083764907,0.8586600017,0.04292259208 0 0 0 0 0 0 0.04292259208 0 0 0 0 0 0 0.09435812856 0 0 0 0 0 0 0.0007525519694 0 0 0 0 0 0 0.0007525519694 0 0 0 0 0 0 0.001307496925
613,1785497119.704880476,map,7.8625636101,4.3371181488,-1.3452005386,-0.0084625456,0.0667928521,0.5099482762,0.8575662305,0.04279789369 0 0 0 0 0 0 0.04279789369 0 0 0 0 0 0 0.09417319729 0 0 0 0 0 0 0.0007496708387 0 0 0 0 0 0 0.0007496708387 0 0 0 0 0 0 0.001303698395
614,1785497119.805321932,map,7.8955955505,4.4965372086,-1.3664422035,-0.0044112172,0.0770962497,0.5117633689,0.8556488536,0.0428236515 0 0 0 0 0 0 0.0428236515 0 0 0 0 0 0 0.09421140404 0 0 0 0 0 0 0.0007502658581 0 0 0 0 0 0 0.0007502658581 0 0 0 0 0 0 0.001304483023
615,1785497119.905354261,map,7.9166440964,4.5212392807,-1.3458150625,-0.0017881564,0.0728172863,0.5114123541,0.8562428704,0.04287672537 0 0 0 0 0 0 0.04287672537 0 0 0 0 0 0 0.0942901171 0 0 0 0 0 0 0.0007514920733 0 0 0 0 0 0 0.0007514920733 0 0 0 0 0 0 0.001306099745
616,1785497120.005053043,map,7.9558329582,4.5975413322,-1.3632581234,-0.0031644736,0.0700627186,0.5143077104,0.8547331770,0.04281564319 0 0 0 0 0 0 0.04281564319 0 0 0 0 0 0 0.09419952566 0 0 0 0 0 0 0.0007500808557 0 0 0 0 0 0 0.0007500808557 0 0 0 0 0 0 0.001304239076
617,1785497120.105003834,map,7.9729557037,4.6035203934,-1.3697371483,-0.0051635919,0.0694281114,0.5142164054,0.8548301464,0.04255088295 0 0 0 0 0 0 0.04255088295 0 0 0 0 0 0 0.09380661367 0 0 0 0 0 0 0.0007439676599 0 0 0 0 0 0 0.0007439676599 0 0 0 0 0 0 0.001296174017
618,1785497120.204927683,map,8.0606298447,4.6895241737,-1.3780096769,-0.0098852985,0.0710022814,0.5096814427,0.8573714396,0.04275333036 0 0 0 0 0 0 0.04275333036 0 0 0 0 0 0 0.09410708732 0 0 0 0 0 0 0.000748641536 0 0 0 0 0 0 0.000748641536 0 0 0 0 0 0 0.001302340918
619,1785497120.604882002,map,8.0551185608,4.9260544777,-1.3981692791,-0.0030179716,0.0745885128,0.5130581009,0.8551016503,0.042800233 0 0 0 0 0 0 0.042800233 0 0 0 0 0 0 0.09417666735 0 0 0 0 0 0 0.0007497248755 0 0 0 0 0 0 0.0007497248755 0 0 0 0 0 0 0.001303769654
620,1785497120.705054045,map,8.0584402084,4.9185628891,-1.3967483044,-0.0018229898,0.0747284506,0.5209249551,0.8503231908,0.04258940118 0 0 0 0 0 0 0.04258940118 0 0 0 0 0 0 0.09386380059 0 0 0 0 0 0 0.000744856652 0 0 0 0 0 0 0.000744856652 0 0 0 0 0 0 0.00129734735
621,1785497120.805334330,map,8.0820255280,4.9327878952,-1.3958991766,-0.0050802822,0.0723356383,0.5276685819,0.8463495704,0.04274934136 0 0 0 0 0 0 0.04274934136 0 0 0 0 0 0 0.09410116906 0 0 0 0 0 0 0.0007485494082 0 0 0 0 0 0 0.0007485494082 0 0 0 0 0 0 0.001302219406
622,1785497120.905051231,map,8.0217418671,5.0561065674,-1.4143719673,-0.0035862834,0.0741573266,0.5426714627,0.8366573479,0.04302498477 0 0 0 0 0 0 0.04302498477 0 0 0 0 0 0 0.09450991446 0 0 0 0 0 0 0.0007549187277 0 0 0 0 0 0 0.0007549187277 0 0 0 0 0 0 0.001310615985
623,1785497121.005091429,map,8.0655670166,4.9622650146,-1.3917021751,0.0031546523,0.0726808108,0.5520590999,0.8306252416,0.04288600642 0 0 0 0 0 0 0.04288600642 0 0 0 0 0 0 0.09430388006 0 0 0 0 0 0 0.000751706527 0 0 0 0 0 0 0.000751706527 0 0 0 0 0 0 0.001306382462
624,1785497121.104875565,map,8.0841674805,5.0570077896,-1.4181036949,0.0043600750,0.0685916037,0.5632823101,0.8234010138,0.04267760122 0 0 0 0 0 0 0.04267760122 0 0 0 0 0 0 0.0939947169 0 0 0 0 0 0 0.0007468927728 0 0 0 0 0 0 0.0007468927728 0 0 0 0 0 0 0.001300034077
625,1785497121.205306053,map,8.1538019180,5.0337495804,-1.4186620712,0.0064986858,0.0670780028,0.5769048535,0.8140264624,0.04279750762 0 0 0 0 0 0 0.04279750762 0 0 0 0 0 0 0.09417262459 0 0 0 0 0 0 0.0007496619205 0 0 0 0 0 0 0.0007496619205 0 0 0 0 0 0 0.001303686634
626,1785497121.305306196,map,8.1880121231,5.0944156647,-1.3997229338,0.0087342001,0.0645922959,0.5853894085,0.8081279602,0.04285401122 0 0 0 0 0 0 0.04285401122 0 0 0 0 0 0 0.09425643202 0 0 0 0 0 0 0.0007509672574 0 0 0 0 0 0 0.0007509672574 0 0 0 0 0 0 0.001305407832
627,1785497121.405102015,map,8.1978387833,5.1004867554,-1.4127314091,0.0066406439,0.0582210940,0.5939831458,0.8023404689,0.04267387291 0 0 0 0 0 0 0.04267387291 0 0 0 0 0 0 0.09398918383 0 0 0 0 0 0 0.0007468066902 0 0 0 0 0 0 0.0007468066902 0 0 0 0 0 0 0.001299920506
628,1785497121.504894733,map,8.1956110001,5.1323356628,-1.4197078943,0.0076771120,0.0562275503,0.5989594060,0.7987660242,0.04273121975 0 0 0 0 0 0 0.04273121975 0 0 0 0 0 0 0.09407428193 0 0 0 0 0 0 0.0007481308992 0 0 0 0 0 0 0.0007481308992 0 0 0 0 0 0 0.001301667391
629,1785497121.604983091,map,8.2364044189,5.0833950043,-1.4200994968,0.0095972736,0.0594257734,0.6061249529,0.7930882791,0.04267463805 0 0 0 0 0 0 0.04267463805 0 0 0 0 0 0 0.09399031936 0 0 0 0 0 0 0.0007468243564 0 0 0 0 0 0 0.0007468243564 0 0 0 0 0 0 0.001299943813
630,1785497121.705413580,map,8.2260313034,5.1199135780,-1.4149839878,0.0124966161,0.0618207724,0.6112609166,0.7889119892,0.04258381092 0 0 0 0 0 0 0.04258381092 0 0 0 0 0 0 0.09385550142 0 0 0 0 0 0 0.0007447276221 0 0 0 0 0 0 0.0007447276221 0 0 0 0 0 0 0.001297177061
631,1785497121.805203199,map,8.1803340912,5.2208476067,-1.4228394032,0.0183383311,0.0592389564,0.6168573357,0.7846282517,0.04277152861 0 0 0 0 0 0 0.04277152861 0 0 0 0 0 0 0.09413408589 0 0 0 0 0 0 0.0007490618499 0 0 0 0 0 0 0.0007490618499 0 0 0 0 0 0 0.001302895269
632,1785497121.904988527,map,8.2002487183,5.2414698601,-1.4132616520,0.0207344827,0.0570398095,0.6194223936,0.7827084090,0.04295007051 0 0 0 0 0 0 0.04295007051 0 0 0 0 0 0 0.09439886808 0 0 0 0 0 0 0.0007531870322 0 0 0 0 0 0 0.0007531870322 0 0 0 0 0 0 0.001308333966
633,1785497122.004909277,map,8.2563133240,5.2374415398,-1.4004508257,0.0183842983,0.0518680318,0.6253854692,0.7783731397,0.04268536172 0 0 0 0 0 0 0.04268536172 0 0 0 0 0 0 0.09400623379 0 0 0 0 0 0 0.0007470719583 0 0 0 0 0 0 0.0007470719583 0 0 0 0 0 0 0.001300270475
634,1785497122.105171204,map,8.2853698730,5.2647891045,-1.4280043840,0.0146528895,0.0610216223,0.6357271675,0.7693585865,0.0428173091 0 0 0 0 0 0 0.0428173091 0 0 0 0 0 0 0.09420199666 0 0 0 0 0 0 0.00075011934 0 0 0 0 0 0 0.00075011934 0 0 0 0 0 0 0.001304289822
635,1785497122.205300808,map,8.2603092194,5.2670197487,-1.4121670723,0.0147581355,0.0616585353,0.6425021439,0.7636566136,0.04279385082 0 0 0 0 0 0 0.04279385082 0 0 0 0 0 0 0.09416720012 0 0 0 0 0 0 0.0007495774511 0 0 0 0 0 0 0.0007495774511 0 0 0 0 0 0 0.001303575242
636,1785497122.305103064,map,8.2620124817,5.3653235435,-1.4336978197,0.0121277929,0.0662222142,0.6521030457,0.7551351991,0.04272035884 0 0 0 0 0 0 0.04272035884 0 0 0 0 0 0 0.09405816664 0 0 0 0 0 0 0.0007478800856 0 0 0 0 0 0 0.0007478800856 0 0 0 0 0 0 0.001301336548
637,1785497122.404979706,map,8.2817840576,5.4228229523,-1.4326347113,0.0064421005,0.0646060278,0.6545434924,0.7532313073,0.04282883528 0 0 0 0 0 0 0.04282883528 0 0 0 0 0 0 0.09421909272 0 0 0 0 0 0 0.0007503856131 0 0 0 0 0 0 0.0007503856131 0 0 0 0 0 0 0.001304640929
638,1785497122.505038738,map,8.2898359299,5.4650917053,-1.4334220886,0.0016959538,0.0648710196,0.6594614109,0.7489322597,0.0428419777 0 0 0 0 0 0 0.0428419777 0 0 0 0 0 0 0.09423858515 0 0 0 0 0 0 0.0007506892381 0 0 0 0 0 0 0.0007506892381 0 0 0 0 0 0 0.001305041271
639,1785497122.604972363,map,8.2010231018,5.5502686501,-1.4258433580,0.0015847559,0.0625258452,0.6626499846,0.7463129318,0.04311170377 0 0 0 0 0 0 0.04311170377 0 0 0 0 0 0 0.09463841988 0 0 0 0 0 0 0.0007569238958 0 0 0 0 0 0 0.0007569238958 0 0 0 0 0 0 0.001313257596
640,1785497122.705132484,map,8.2044553757,5.5896930695,-1.4243506193,0.0012514619,0.0627779305,0.6710475214,0.7387506945,0.04275511097 0 0 0 0 0 0 0.04275511097 0 0 0 0 0 0 0.09410972908 0 0 0 0 0 0 0.0007486826604 0 0 0 0 0 0 0.0007486826604 0 0 0 0 0 0 0.001302395159
641,1785497123.105256796,map,8.1594371796,5.6158027649,-1.4342556000,0.0021310546,0.0633070537,0.6902830300,0.7207614137,0.04308979762 0 0 0 0 0 0 0.04308979762 0 0 0 0 0 0 0.094605962 0 0 0 0 0 0 0.0007564173084 0 0 0 0 0 0 0.0007564173084 0 0 0 0 0 0 0.001312590297
642,1785497123.205140114,map,8.3068389893,5.5532517433,-1.4320806265,0.0009840324,0.0568740209,0.6997993165,0.7120711233,0.04283959839 0 0 0 0 0 0 0.04283959839 0 0 0 0 0 0 0.09423505631 0 0 0 0 0 0 0.0007506342687 0 0 0 0 0 0 0.0007506342687 0 0 0 0 0 0 0.001304968793
643,1785497123.304895163,map,8.2754745483,5.6109070778,-1.4337807894,0.0010690586,0.0525803645,0.7046910624,0.7075624792,0.04315189723 0 0 0 0 0 0 0.04315189723 0 0 0 0 0 0 0.09469796672 0 0 0 0 0 0 0.00075785349 0 0 0 0 0 0 0.00075785349 0 0 0 0 0 0 0.001314481959
644,1785497123.404837370,map,8.2384805679,5.6670694351,-1.4484544992,0.0046745750,0.0526674162,0.7128645078,0.6993057391,0.04283686708 0 0 0 0 0 0 0.04283686708 0 0 0 0 0 0 0.09423100534 0 0 0 0 0 0 0.0007505711673 0 0 0 0 0 0 0.0007505711673 0 0 0 0 0 0 0.001304885592
645,1785497123.505271673,map,8.2171411514,5.7314572334,-1.4387763739,0.0095894563,0.0520403408,0.7206415675,0.6912854562,0.04287992282 0 0 0 0 0 0 0.04287992282 0 0 0 0 0 0 0.09429485869 0 0 0 0 0 0 0.0007515659548 0 0 0 0 0 0 0.0007515659548 0 0 0 0 0 0 0.001306197145
646,1785497123.605357885,map,8.2094326019,5.7811264992,-1.4379442930,0.0137244597,0.0510016865,0.7254591545,0.6862357318,0.04278460408 0 0 0 0 0 0 0.04278460408 0 0 0 0 0 0 0.09415348325 0 0 0 0 0 0 0.0007493638636 0 0 0 0 0 0 0.0007493638636 0 0 0 0 0 0 0.00130329357
647,1785497123.705027342,map,8.2438526154,5.8087511063,-1.4374160767,0.0148226370,0.0536208822,0.7320590929,0.6789658006,0.04291703053 0 0 0 0 0 0 0.04291703053 0 0 0 0 0 0 0.09434988249 0 0 0 0 0 0 0.0007524234427 0 0 0 0 0 0 0.0007524234427 0 0 0 0 0 0 0.001307327511
648,1785497123.804818392,map,8.1551942825,6.0059733391,-1.4457519054,0.0053416962,0.0539497925,0.7372293403,0.6734640230,0.04300203023 0 0 0 0 0 0 0.04300203023 0 0 0 0 0 0 0.09447589199 0 0 0 0 0 0 0.0007543880665 0 0 0 0 0 0 0.0007543880665 0 0 0 0 0 0 0.001309916749
649,1785497123.905067444,map,8.2580890656,6.0034437180,-1.4127109051,0.0121970723,0.0501212259,0.7360201268,0.6749914493,0.04275146622 0 0 0 0 0 0 0.04275146622 0 0 0 0 0 0 0.09410432161 0 0 0 0 0 0 0.0007485984826 0 0 0 0 0 0 0.0007485984826 0 0 0 0 0 0 0.001302284133
650,1785497124.005300283,map,8.1876964569,6.1643366814,-1.4552290440,0.0106981876,0.0496199629,0.7400759675,0.6706049151,0.04297039905 0 0 0 0 0 0 0.04297039905 0 0 0 0 0 0 0.09442900445 0 0 0 0 0 0 0.0007536568932 0 0 0 0 0 0 0.0007536568932 0 0 0 0 0 0 0.001308953209
651,1785497124.105112791,map,8.1623182297,6.4435820580,-1.4994646311,-0.0036125128,0.0500992310,0.7415707109,0.6689917096,0.04316833537 0 0 0 0 0 0 0.04316833537 0 0 0 0 0 0 0.09472231731 0 0 0 0 0 0 0.0007582337108 0 0 0 0 0 0 0.0007582337108 0 0 0 0 0 0 0.001314982694
652,1785497124.205027819,map,8.2195539474,6.3415136337,-1.4486260414,0.0021430820,0.0505585175,0.7422885249,0.6681668743,0.04273546399 0 0 0 0 0 0 0.04273546399 0 0 0 0 0 0 0.09408057929 0 0 0 0 0 0 0.0007482289151 0 0 0 0 0 0 0.0007482289151 0 0 0 0 0 0 0.001301796677
653,1785497124.304841280,map,8.1576185226,6.5579915047,-1.4605157375,0.0050118616,0.0545275799,0.7415710145,0.6686359721,0.04296536092 0 0 0 0 0 0 0.04296536092 0 0 0 0 0 0 0.09442153581 0 0 0 0 0 0 0.0007535404418 0 0 0 0 0 0 0.0007535404418 0 0 0 0 0 0 0.001308799738
654,1785497124.405098915,map,8.1441783905,6.7121682167,-1.4436613321,0.0064071822,0.0526699760,0.7411221663,0.6692703321,0.04284597825 0 0 0 0 0 0 0.04284597825 0 0 0 0 0 0 0.09424451844 0 0 0 0 0 0 0.0007507816644 0 0 0 0 0 0 0.0007507816644 0 0 0 0 0 0 0.001305163134
655,1785497124.505225420,map,8.1487617493,6.6817393303,-1.4613587856,0.0160213880,0.0532155798,0.7419721778,0.6681232734,0.04300633863 0 0 0 0 0 0 0.04300633863 0 0 0 0 0 0 0.09448227799 0 0 0 0 0 0 0.0007544876644 0 0 0 0 0 0 0.0007544876644 0 0 0 0 0 0 0.001310047991
656,1785497124.605076075,map,8.2030820847,6.7219672203,-1.4502794743,0.0226116355,0.0412492454,0.7441070256,0.6664022333,0.04283703569 0 0 0 0 0 0 0.04283703569 0 0 0 0 0 0 0.09423125543 0 0 0 0 0 0 0.0007505750628 0 0 0 0 0 0 0.0007505750628 0 0 0 0 0 0 0.001304890728
657,1785497124.704967022,map,8.1541109085,6.8761353493,-1.4812614918,0.0190376860,0.0476312707,0.7485527900,0.6610881545,0.04295053205 0 0 0 0 0 0 0.04295053205 0 0 0 0 0 0 0.09439955233 0 0 0 0 0 0 0.0007531976996 0 0 0 0 0 0 0.0007531976996 0 0 0 0 0 0 0.001308348025
658,1785497124.804840088,map,8.1870498657,6.9325141907,-1.4578185081,0.0221257892,0.0483816058,0.7480797310,0.6614728783,0.0427238131 0 0 0 0 0 0 0.0427238131 0 0 0 0 0 0 0.0940632921 0 0 0 0 0 0 0.0007479598546 0 0 0 0 0 0 0.0007479598546 0 0 0 0 0 0 0.001301441771
659,1785497124.905050516,map,8.1516771317,6.9603481293,-1.4541091919,0.0253062707,0.0465687077,0.7476430992,0.6619824580,0.04265240724 0 0 0 0 0 0 0.04265240724 0 0 0 0 0 0 0.0939573257 0 0 0 0 0 0 0.0007463110945 0 0 0 0 0 0 0.0007463110945 0 0 0 0 0 0 0.001299266624
660,1785497125.204850197,map,8.1191329956,6.9910178185,-1.4572628736,0.0264226702,0.0460142671,0.7476472397,0.6619729124,0.04263200795 0 0 0 0 0 0 0.04263200795 0 0 0 0 0 0 0.09392704783 0 0 0 0 0 0 0.0007458401565 0 0 0 0 0 0 0.0007458401565 0 0 0 0 0 0 0.001298645226
661,1785497125.304916859,map,8.1120462418,6.9901032448,-1.4537220001,0.0267904143,0.0460197457,0.7475492789,0.6620683700,0.04270844879 0 0 0 0 0 0 0.04270844879 0 0 0 0 0 0 0.09404049388 0 0 0 0 0 0 0.0007476050557 0 0 0 0 0 0 0.0007476050557 0 0 0 0 0 0 0.001300973747
662,1785497125.405297041,map,8.1044931412,6.9899368286,-1.4511598349,0.0271590589,0.0460273761,0.7474730394,0.6621389087,0.04253766599 0 0 0 0 0 0 0.04253766599 0 0 0 0 0 0 0.09378698889 0 0 0 0 0 0 0.0007436626452 0 0 0 0 0 0 0.0007436626452 0 0 0 0 0 0 0.001295771406
663,1785497125.505092144,map,8.1098337173,6.9883222580,-1.4499634504,0.0269416514,0.0459025245,0.7473701768,0.6622725289,0.04267200709 0 0 0 0 0 0 0.04267200709 0 0 0 0 0 0 0.09398641478 0 0 0 0 0 0 0.0007467636109 0 0 0 0 0 0 0.0007467636109 0 0 0 0 0 0 0.00129986367
664,1785497125.605016708,map,8.1075477600,6.9909186363,-1.4495832920,0.0271942146,0.0459058212,0.7472921759,0.6623499906,0.04266452471 0 0 0 0 0 0 0.04266452471 0 0 0 0 0 0 0.09397531008 0 0 0 0 0 0 0.0007465908557 0 0 0 0 0 0 0.0007465908557 0 0 0 0 0 0 0.001299635743
665,1785497125.704843521,map,8.1066770554,6.9872407913,-1.4506250620,0.0273079525,0.0459105504,0.7473718139,0.6622551277,0.04267954444 0 0 0 0 0 0 0.04267954444 0 0 0 0 0 0 0.09399760075 0 0 0 0 0 0 0.0007469376401 0 0 0 0 0 0 0.0007469376401 0 0 0 0 0 0 0.00130009327
666,1785497125.805095196,map,8.1061868668,6.9842185974,-1.4505431652,0.0272646621,0.0460068340,0.7474275343,0.6621873354,0.04262044307 0 0 0 0 0 0 0.04262044307 0 0 0 0 0 0 0.09390988146 0 0 0 0 0 0 0.0007455731853 0 0 0 0 0 0 0.0007455731853 0 0 0 0 0 0 0.00129829294
667,1785497125.905245781,map,8.1066026688,6.9887371063,-1.4526033401,0.0272517614,0.0459187229,0.7473780103,0.6622498962,0.04270322616 0 0 0 0 0 0 0.04270322616 0 0 0 0 0 0 0.09403274402 0 0 0 0 0 0 0.0007474844574 0 0 0 0 0 0 0.0007474844574 0 0 0 0 0 0 0.001300814657
668,1785497126.005023241,map,8.1059646606,6.9895868301,-1.4537487030,0.0270370048,0.0457942935,0.7472921395,0.6623642003,0.04267882041 0 0 0 0 0 0 0.04267882041 0 0 0 0 0 0 0.09399652625 0 0 0 0 0 0 0.0007469209228 0 0 0 0 0 0 0.0007469209228 0 0 0 0 0 0 0.001300071215
669,1785497126.104857922,map,8.1080522537,6.9911122322,-1.4514805079,0.0268202461,0.0458086087,0.7473104398,0.6623513699,0.04253347429 0 0 0 0 0 0 0.04253347429 0 0 0 0 0 0 0.09378076476 0 0 0 0 0 0 0.0007435659143 0 0 0 0 0 0 0.0007435659143 0 0 0 0 0 0 0.001295643719
670,1785497126.204904079,map,8.1127157211,6.9913868904,-1.4505000114,0.0268321199,0.0456642716,0.7472404897,0.6624397562,0.04257543592 0 0 0 0 0 0 0.04257543592 0 0 0 0 0 0 0.09384306774 0 0 0 0 0 0 0.000744534322 0 0 0 0 0 0 0.000744534322 0 0 0 0 0 0 0.001296921943
671,1785497126.405070305,map,8.1093158722,6.9857997894,-1.4503798485,0.0268151452,0.0456400908,0.7472692322,0.6624097101,0.04276442814 0 0 0 0 0 0 0.04276442814 0 0 0 0 0 0 0.09412355198 0 0 0 0 0 0 0.0007488978511 0 0 0 0 0 0 0.0007488978511 0 0 0 0 0 0 0.001302678976
672,1785497126.504966497,map,8.1068906784,6.9855589867,-1.4509179592,0.0268817558,0.0457253177,0.7472105510,0.6624673154,0.04260282491 0 0 0 0 0 0 0.04260282491 0 0 0 0 0 0 0.09388372844 0 0 0 0 0 0 0.0007451664989 0 0 0 0 0 0 0.0007451664989 0 0 0 0 0 0 0.00129775626
673,1785497126.604859114,map,8.1083927155,6.9852747917,-1.4486738443,0.0268227422,0.0457700457,0.7472421022,0.6624310480,0.04270769537 0 0 0 0 0 0 0.04270769537 0 0 0 0 0 0 0.09403937589 0 0 0 0 0 0 0.000747587658 0 0 0 0 0 0 0.000747587658 0 0 0 0 0 0 0.001300950797
674,1785497126.705024958,map,8.1113834381,6.9777798653,-1.4480056763,0.0268710904,0.0459687583,0.7472574171,0.6623980489,0.04270865791 0 0 0 0 0 0 0.04270865791 0 0 0 0 0 0 0.0940408042 0 0 0 0 0 0 0.0007476098848 0 0 0 0 0 0 0.0007476098848 0 0 0 0 0 0 0.001300980118
675,1785497126.805159569,map,8.1175661087,6.9763588905,-1.4465134144,0.0266765856,0.0461111756,0.7472769636,0.6623739429,0.0427651712 0 0 0 0 0 0 0.0427651712 0 0 0 0 0 0 0.09412465437 0 0 0 0 0 0 0.0007489150134 0 0 0 0 0 0 0.0007489150134 0 0 0 0 0 0 0.001302701611
676,1785497126.904972553,map,8.1182451248,6.9734244347,-1.4477109909,0.0262105323,0.0462345533,0.7472699336,0.6623918794,0.04282580383 0 0 0 0 0 0 0.04282580383 0 0 0 0 0 0 0.09421459643 0 0 0 0 0 0 0.0007503155807 0 0 0 0 0 0 0.0007503155807 0 0 0 0 0 0 0.001304548586
677,1785497127.004845381,map,8.1174287796,6.9673418999,-1.4484808445,0.0262166346,0.0462497782,0.7473313419,0.6623213198,0.04276330363 0 0 0 0 0 0 0.04276330363 0 0 0 0 0 0 0.0941218837 0 0 0 0 0 0 0.000748871879 0 0 0 0 0 0 0.000748871879 0 0 0 0 0 0 0.001302644721
678,1785497127.104817152,map,8.1220521927,6.9602856636,-1.4499306679,0.0261417370,0.0463239060,0.7474386739,0.6621979609,0.04268278404 0 0 0 0 0 0 0.04268278404 0 0 0 0 0 0 0.09400240845 0 0 0 0 0 0 0.0007470124406 0 0 0 0 0 0 0.0007470124406 0 0 0 0 0 0 0.001300191954
679,1785497127.205188274,map,8.1237716675,6.9559030533,-1.4492696524,0.0258401429,0.0461507341,0.7473951561,0.6622710298,0.04276568259 0 0 0 0 0 0 0.04276568259 0 0 0 0 0 0 0.09412541304 0 0 0 0 0 0 0.0007489268247 0 0 0 0 0 0 0.0007489268247 0 0 0 0 0 0 0.001302717189
680,1785497127.305056810,map,8.1295661926,6.9506478310,-1.4472911358,0.0253388636,0.0461495836,0.7473989757,0.6622861272,0.04268626916 0 0 0 0 0 0 0.04268626916 0 0 0 0 0 0 0.09400758045 0 0 0 0 0 0 0.0007470929109 0 0 0 0 0 0 0.0007470929109 0 0 0 0 0 0 0.001300298117
681,1785497127.404844046,map,8.1387500763,6.9480218887,-1.4471319914,0.0248851360,0.0461141909,0.7474901395,0.6622029227,0.04267954845 0 0 0 0 0 0 0.04267954845 0 0 0 0 0 0 0.09399760671 0 0 0 0 0 0 0.0007469377329 0 0 0 0 0 0 0.0007469377329 0 0 0 0 0 0 0.001300093393
682,1785497127.504966497,map,8.1431636810,6.9433979988,-1.4489164352,0.0246146272,0.0462238429,0.7475165345,0.6621755733,0.04264731409 0 0 0 0 0 0 0.04264731409 0 0 0 0 0 0 0.09394976636 0 0 0 0 0 0 0.0007461935108 0 0 0 0 0 0 0.0007461935108 0 0 0 0 0 0 0.001299111478
683,1785497127.605207443,map,8.1451492310,6.9424405098,-1.4498831034,0.0246794529,0.0460398907,0.7475433697,0.6621557096,0.04270485179 0 0 0 0 0 0 0.04270485179 0 0 0 0 0 0 0.0940351563 0 0 0 0 0 0 0.0007475219953 0 0 0 0 0 0 0.0007475219953 0 0 0 0 0 0 0.001300864176
684,1785497127.704970360,map,8.1483640671,6.9414591789,-1.4475549459,0.0247241962,0.0459970852,0.7475753405,0.6621208738,0.04256109419 0 0 0 0 0 0 0.04256109419 0 0 0 0 0 0 0.09382177483 0 0 0 0 0 0 0.0007442033205 0 0 0 0 0 0 0.0007442033205 0 0 0 0 0 0 0.001296485069
685,1785497127.804863691,map,8.1517314911,6.9427752495,-1.4492595196,0.0247500201,0.0458155749,0.7476353783,0.6620647534,0.04257228746 0 0 0 0 0 0 0.04257228746 0 0 0 0 0 0 0.09383839339 0 0 0 0 0 0 0.0007444616555 0 0 0 0 0 0 0.0007444616555 0 0 0 0 0 0 0.001296826036
686,1785497127.904888630,map,8.1529970169,6.9462342262,-1.4531449080,0.0249095325,0.0455349948,0.7476415389,0.6620711369,0.04259913515 0 0 0 0 0 0 0.04259913515 0 0 0 0 0 0 0.09387825101 0 0 0 0 0 0 0.0007450813303 0 0 0 0 0 0 0.0007450813303 0 0 0 0 0 0 0.001297643864
687,1785497128.005679369,map,8.1481828690,6.9468660355,-1.4526369572,0.0253252749,0.0454573268,0.7475008197,0.6622195757,0.04254872365 0 0 0 0 0 0 0.04254872365 0 0 0 0 0 0 0.09380340757 0 0 0 0 0 0 0.0007439178276 0 0 0 0 0 0 0.0007439178276 0 0 0 0 0 0 0.001296108241
688,1785497128.105112314,map,8.1436214447,6.9527387619,-1.4540306330,0.0256056185,0.0454006729,0.7475290475,0.6621808348,0.04262447976 0 0 0 0 0 0 0.04262447976 0 0 0 0 0 0 0.09391587342 0 0 0 0 0 0 0.0007456663696 0 0 0 0 0 0 0.0007456663696 0 0 0 0 0 0 0.001298415904
689,1785497128.204861403,map,8.1375865936,6.9550919533,-1.4536234140,0.0254823154,0.0452774783,0.7475270170,0.6621963281,0.04261298654 0 0 0 0 0 0 0.04261298654 0 0 0 0 0 0 0.09389881293 0 0 0 0 0 0 0.0007454010602 0 0 0 0 0 0 0.0007454010602 0 0 0 0 0 0 0.001298065801
690,1785497128.304871321,map,8.1462516785,6.9555726051,-1.4530627728,0.0257036137,0.0453906946,0.7477532149,0.6619245699,0.04264417325 0 0 0 0 0 0 0.04264417325 0 0 0 0 0 0 0.09394510459 0 0 0 0 0 0 0.0007461210003 0 0 0 0 0 0 0.0007461210003 0 0 0 0 0 0 0.001299015802
691,1785497128.604928017,map,8.1370697021,6.9582419395,-1.4516417980,0.0257388892,0.0453447050,0.7477505096,0.6619293959,0.04264039969 0 0 0 0 0 0 0.04264039969 0 0 0 0 0 0 0.09393950364 0 0 0 0 0 0 0.0007460338838 0 0 0 0 0 0 0.0007460338838 0 0 0 0 0 0 0.001298900853
692,1785497128.704797506,map,8.1229248047,6.9667496681,-1.4530059099,0.0255434870,0.0454662762,0.7476716383,0.6620177175,0.04258589412 0 0 0 0 0 0 0.04258589412 0 0 0 0 0 0 0.09385859412 0 0 0 0 0 0 0.0007447757046 0 0 0 0 0 0 0.0007447757046 0 0 0 0 0 0 0.001297240519
693,1785497128.804978609,map,8.1189594269,6.9686093330,-1.4501404762,0.0258158642,0.0455286730,0.7475802642,0.6621060484,0.04271486162 0 0 0 0 0 0 0.04271486162 0 0 0 0 0 0 0.09405000967 0 0 0 0 0 0 0.0007477531408 0 0 0 0 0 0 0.0007477531408 0 0 0 0 0 0 0.001301169093
694,1785497128.905198574,map,8.1169900894,6.9751820564,-1.4517927170,0.0262539920,0.0454556375,0.7475978073,0.6620740276,0.04268114489 0 0 0 0 0 0 0.04268114489 0 0 0 0 0 0 0.09399997589 0 0 0 0 0 0 0.0007469745934 0 0 0 0 0 0 0.0007469745934 0 0 0 0 0 0 0.001300142023
695,1785497129.004948854,map,8.1141557693,6.9762063026,-1.4515919685,0.0263019593,0.0453972989,0.7475144920,0.6621702062,0.04266470607 0 0 0 0 0 0 0.04266470607 0 0 0 0 0 0 0.09397557925 0 0 0 0 0 0 0.0007465950431 0 0 0 0 0 0 0.0007465950431 0 0 0 0 0 0 0.001299641268
696,1785497129.104867220,map,8.1121511459,6.9791026115,-1.4490891695,0.0264302224,0.0453415631,0.7474660655,0.6622235529,0.04279161032 0 0 0 0 0 0 0.04279161032 0 0 0 0 0 0 0.09416387655 0 0 0 0 0 0 0.000749525698 0 0 0 0 0 0 0.000749525698 0 0 0 0 0 0 0.001303506993
697,1785497129.204923630,map,8.1130990982,6.9788823128,-1.4487509727,0.0264047982,0.0453845123,0.7473768973,0.6623222802,0.04280003885 0 0 0 0 0 0 0.04280003885 0 0 0 0 0 0 0.09417637936 0 0 0 0 0 0 0.0007497203908 0 0 0 0 0 0 0.0007497203908 0 0 0 0 0 0 0.00130376374
698,1785497129.305043459,map,8.1139879227,6.9783797264,-1.4485260248,0.0265635056,0.0454162698,0.7474184375,0.6622668884,0.04276840848 0 0 0 0 0 0 0.04276840848 0 0 0 0 0 0 0.09412945705 0 0 0 0 0 0 0.000748989784 0 0 0 0 0 0 0.000748989784 0 0 0 0 0 0 0.001302800224
699,1785497129.404986620,map,8.1128520966,6.9770889282,-1.4504003525,0.0266215971,0.0457480998,0.7473718444,0.6622942790,0.04270922327 0 0 0 0 0 0 0.04270922327 0 0 0 0 0 0 0.09404164312 0 0 0 0 0 0 0.0007476229399 0 0 0 0 0 0 0.0007476229399 0 0 0 0 0 0 0.001300997339
700,1785497129.504880428,map,8.1079807281,6.9798159599,-1.4497249126,0.0265303209,0.0457681973,0.7474286289,0.6622324790,0.04254768106 0 0 0 0 0 0 0.04254768106 0 0 0 0 0 0 0.09380185955 0 0 0 0 0 0 0.000743893767 0 0 0 0 0 0 0.000743893767 0 0 0 0 0 0 0.001296076482
701,1785497129.604836702,map,8.1109895706,6.9794073105,-1.4484230280,0.0262942884,0.0455470233,0.7473547819,0.6623405036,0.04260781689 0 0 0 0 0 0 0.04260781689 0 0 0 0 0 0 0.0938911389 0 0 0 0 0 0 0.000745281728 0 0 0 0 0 0 0.000745281728 0 0 0 0 0 0 0.001297908325
702,1785497129.705193520,map,8.1103601456,6.9803380966,-1.4501492977,0.0258590611,0.0454431456,0.7473062148,0.6624195602,0.04272892307 0 0 0 0 0 0 0.04272892307 0 0 0 0 0 0 0.0940708742 0 0 0 0 0 0 0.0007480778606 0 0 0 0 0 0 0.0007480778606 0 0 0 0 0 0 0.00130159743
703,1785497129.805100203,map,8.1071386337,6.9736208916,-1.4497317076,0.0259174970,0.0454683614,0.7473231074,0.6623964714,0.04271866408 0 0 0 0 0 0 0.04271866408 0 0 0 0 0 0 0.09405565191 0 0 0 0 0 0 0.000747840949 0 0 0 0 0 0 0.000747840949 0 0 0 0 0 0 0.001301284923
704,1785497129.905093431,map,8.1023406982,6.9742364883,-1.4493771791,0.0261336125,0.0456322238,0.7472829513,0.6624220360,0.04258994063 0 0 0 0 0 0 0.04258994063 0 0 0 0 0 0 0.09386460144 0 0 0 0 0 0 0.0007448691032 0 0 0 0 0 0 0.0007448691032 0 0 0 0 0 0 0.001297363782
705,1785497130.004852295,map,8.1005172729,6.9769315720,-1.4492989779,0.0264356403,0.0456425164,0.7471995381,0.6625034038,0.04275410169 0 0 0 0 0 0 0.04275410169 0 0 0 0 0 0 0.09410823168 0 0 0 0 0 0 0.0007486593503 0 0 0 0 0 0 0.0007486593503 0 0 0 0 0 0 0.001302364414
706,1785497130.104897738,map,8.1156759262,6.9761080742,-1.4518465996,0.0267794196,0.0458324003,0.7473680726,0.6622863564,0.04263824283 0 0 0 0 0 0 0.04263824283 0 0 0 0 0 0 0.09393630227 0 0 0 0 0 0 0.0007459840911 0 0 0 0 0 0 0.0007459840911 0 0 0 0 0 0 0.001298835152
707,1785497130.304940462,map,8.1026020050,6.9898247719,-1.4492576122,0.0271495167,0.0457647640,0.7473295691,0.6623194215,0.0426548302 0 0 0 0 0 0 0.0426548302 0 0 0 0 0 0 0.09396092185 0 0 0 0 0 0 0.0007463670335 0 0 0 0 0 0 0.0007463670335 0 0 0 0 0 0 0.001299340432
708,1785497130.404874802,map,8.1057872772,6.9867300987,-1.4489285946,0.0268386213,0.0456528007,0.7473871621,0.6622748435,0.04271939591 0 0 0 0 0 0 0.04271939591 0 0 0 0 0 0 0.09405673783 0 0 0 0 0 0 0.000747857849 0 0 0 0 0 0 0.000747857849 0 0 0 0 0 0 0.001301307216
709,1785497130.504823685,map,8.1041746140,6.9848570824,-1.4491262436,0.0267561523,0.0457409829,0.7473584895,0.6623044191,0.04266422754 0 0 0 0 0 0 0.04266422754 0 0 0 0 0 0 0.09397486905 0 0 0 0 0 0 0.0007465839947 0 0 0 0 0 0 0.0007465839947 0 0 0 0 0 0 0.001299626691
710,1785497130.605005503,map,8.1062726974,6.9814467430,-1.4506127834,0.0268736846,0.0457617005,0.7473656825,0.6622901293,0.04275304195 0 0 0 0 0 0 0.04275304195 0 0 0 0 0 0 0.09410665942 0 0 0 0 0 0 0.0007486348749 0 0 0 0 0 0 0.0007486348749 0 0 0 0 0 0 0.001302332133
711,1785497130.705043077,map,8.1094312668,6.9743661880,-1.4486569166,0.0270794209,0.0458690264,0.7473601750,0.6622805346,0.04268360865 0 0 0 0 0 0 0.04268360865 0 0 0 0 0 0 0.0940036322 0 0 0 0 0 0 0.0007470314804 0 0 0 0 0 0 0.0007470314804 0 0 0 0 0 0 0.001300217073
712,1785497130.804834843,map,8.1103820801,6.9738245010,-1.4490474463,0.0268764182,0.0458964582,0.7473836396,0.6622603998,0.04247881709 0 0 0 0 0 0 0.04247881709 0 0 0 0 0 0 0.09369959684 0 0 0 0 0 0 0.0007423047421 0 0 0 0 0 0 0.0007423047421 0 0 0 0 0 0 0.001293978766
713,1785497130.904587269,map,8.1087274551,6.9779734612,-1.4484796524,0.0268747657,0.0458124825,0.7473437967,0.6623112390,0.04276439185 0 0 0 0 0 0 0.04276439185 0 0 0 0 0 0 0.09412349815 0 0 0 0 0 0 0.000748897013 0 0 0 0 0 0 0.000748897013 0 0 0 0 0 0 0.00130267787
714,1785497131.005048752,map,8.1058168411,6.9773316383,-1.4480450153,0.0270930577,0.0457755477,0.7473453438,0.6623032084,0.04271661692 0 0 0 0 0 0 0.04271661692 0 0 0 0 0 0 0.09405261428 0 0 0 0 0 0 0.000747793675 0 0 0 0 0 0 0.000747793675 0 0 0 0 0 0 0.001301222563
715,1785497131.105377913,map,8.1056280136,6.9772682190,-1.4492971897,0.0268179303,0.0458801042,0.7474258895,0.6622162454,0.04281897066 0 0 0 0 0 0 0.04281897066 0 0 0 0 0 0 0.09420446119 0 0 0 0 0 0 0.0007501577239 0 0 0 0 0 0 0.0007501577239 0 0 0 0 0 0 0.001304340436
716,1785497131.205054998,map,8.1057567596,6.9763398170,-1.4479706287,0.0268915267,0.0456801104,0.7473922483,0.6622650532,0.04281343189 0 0 0 0 0 0 0.04281343189 0 0 0 0 0 0 0.09419624566 0 0 0 0 0 0 0.0007500297727 0 0 0 0 0 0 0.0007500297727 0 0 0 0 0 0 0.001304171715
717,1785497131.304721355,map,8.1037712097,6.9793343544,-1.4470396042,0.0271225201,0.0456520338,0.7473786409,0.6622729240,0.04275047438 0 0 0 0 0 0 0.04275047438 0 0 0 0 0 0 0.09410285008 0 0 0 0 0 0 0.0007485755758 0 0 0 0 0 0 0.0007485755758 0 0 0 0 0 0 0.00130225392
718,1785497131.404811859,map,8.1023550034,6.9778838158,-1.4481867552,0.0272239833,0.0456360495,0.7474117071,0.6622325394,0.04271067393 0 0 0 0 0 0 0.04271067393 0 0 0 0 0 0 0.09404379573 0 0 0 0 0 0 0.0007476564384 0 0 0 0 0 0 0.0007476564384 0 0 0 0 0 0 0.001301041529
719,1785497131.505053282,map,8.1038026810,6.9766912460,-1.4482176304,0.0272927876,0.0457119319,0.7474252794,0.6622091502,0.04272311589 0 0 0 0 0 0 0.04272311589 0 0 0 0 0 0 0.09406225757 0 0 0 0 0 0 0.0007479437537 0 0 0 0 0 0 0.0007479437537 0 0 0 0 0 0 0.001301420533
720,1785497131.605141640,map,8.1031894684,6.9750814438,-1.4488526583,0.0270820052,0.0455485818,0.7473749773,0.6622858403,0.04260744442 0 0 0 0 0 0 0.04260744442 0 0 0 0 0 0 0.09389058598 0 0 0 0 0 0 0.0007452731302 0 0 0 0 0 0 0.0007452731302 0 0 0 0 0 0 0.001297896978
721,1785497131.704936981,map,8.1025304794,6.9689936638,-1.4500308037,0.0270896765,0.0455385292,0.7472901291,0.6623819544,0.04267156734 0 0 0 0 0 0 0.04267156734 0 0 0 0 0 0 0.09398576217 0 0 0 0 0 0 0.0007467534579 0 0 0 0 0 0 0.0007467534579 0 0 0 0 0 0 0.001299850274
722,1785497131.804787159,map,8.1032466888,6.9722347260,-1.4501265287,0.0273620194,0.0456559948,0.7473377929,0.6623089231,0.0426674481 0 0 0 0 0 0 0.0426674481 0 0 0 0 0 0 0.09397964877 0 0 0 0 0 0 0.0007466583512 0 0 0 0 0 0 0.0007466583512 0 0 0 0 0 0 0.001299724795
723,1785497131.904964924,map,8.1032505035,6.9710574150,-1.4505348206,0.0271218535,0.0456554626,0.7473441010,0.6623117270,0.04274102778 0 0 0 0 0 0 0.04274102778 0 0 0 0 0 0 0.09408883439 0 0 0 0 0 0 0.000748357407 0 0 0 0 0 0 0.000748357407 0 0 0 0 0 0 0.00130196616
724,1785497132.005144596,map,8.0991897583,6.9763417244,-1.4533274174,0.0270778903,0.0456644130,0.7474391994,0.6622055696,0.04279048525 0 0 0 0 0 0 0.04279048525 0 0 0 0 0 0 0.0941622076 0 0 0 0 0 0 0.0007494997101 0 0 0 0 0 0 0.0007494997101 0 0 0 0 0 0 0.001303472721
725,1785497132.104933023,map,8.1038885117,6.9764695168,-1.4512230158,0.0269941631,0.0454667428,0.7474355827,0.6622266567,0.04264708535 0 0 0 0 0 0 0.04264708535 0 0 0 0 0 0 0.09394942686 0 0 0 0 0 0 0.0007461882299 0 0 0 0 0 0 0.0007461882299 0 0 0 0 0 0 0.00129910451
726,1785497132.204778194,map,8.0992612839,6.9739623070,-1.4515817165,0.0268589188,0.0455392516,0.7474656649,0.6621932269,0.04267020455 0 0 0 0 0 0 0.04267020455 0 0 0 0 0 0 0.09398373965 0 0 0 0 0 0 0.0007467219931 0 0 0 0 0 0 0.0007467219931 0 0 0 0 0 0 0.001299808761
727,1785497132.304886580,map,8.1160936356,6.9405326843,-1.4518178701,0.0271185747,0.0456457264,0.7470866302,0.6626029102,0.04259836201 0 0 0 0 0 0 0.04259836201 0 0 0 0 0 0 0.09387710327 0 0 0 0 0 0 0.0007450634844 0 0 0 0 0 0 0.0007450634844 0 0 0 0 0 0 0.001297620312
728,1785497132.405159712,map,8.1013612747,6.9742097855,-1.4523141384,0.0277317840,0.0458793452,0.7473504043,0.6622638311,0.0426226696 0 0 0 0 0 0 0.0426226696 0 0 0 0 0 0 0.09391318648 0 0 0 0 0 0 0.0007456245832 0 0 0 0 0 0 0.0007456245832 0 0 0 0 0 0 0.001298360764
729,1785497132.604847670,map,8.1022233963,6.9804081917,-1.4511057138,0.0274154705,0.0458332751,0.7474294821,0.6621909527,0.0427470319 0 0 0 0 0 0 0.0427470319 0 0 0 0 0 0 0.09409774261 0 0 0 0 0 0 0.000748496071 0 0 0 0 0 0 0.000748496071 0 0 0 0 0 0 0.001302149056
730,1785497132.704838037,map,8.1006183624,6.9754915237,-1.4512015581,0.0274429850,0.0459038083,0.7473032999,0.6623273297,0.04271744584 0 0 0 0 0 0 0.04271744584 0 0 0 0 0 0 0.09405384425 0 0 0 0 0 0 0.0007478128167 0 0 0 0 0 0 0.0007478128167 0 0 0 0 0 0 0.001301247813
731,1785497132.805129290,map,8.1068468094,6.9684271812,-1.4508934021,0.0272242519,0.0458468018,0.7473025345,0.6623411884,0.04270056502 0 0 0 0 0 0 0.04270056502 0 0 0 0 0 0 0.0940287951 0 0 0 0 0 0 0.0007474230086 0 0 0 0 0 0 0.0007474230086 0 0 0 0 0 0 0.001300733594
732,1785497132.905182123,map,8.1069736481,6.9651722908,-1.4496932030,0.0269115516,0.0455799717,0.7472925242,0.6623836599,0.04263780542 0 0 0 0 0 0 0.04263780542 0 0 0 0 0 0 0.09393565303 0 0 0 0 0 0 0.0007459739932 0 0 0 0 0 0 0.0007459739932 0 0 0 0 0 0 0.001298821827
733,1785497133.005048752,map,8.1077623367,6.9693942070,-1.4503953457,0.0266976143,0.0453711292,0.7473212656,0.6623742564,0.04267283595 0 0 0 0 0 0 0.04267283595 0 0 0 0 0 0 0.09398764489 0 0 0 0 0 0 0.0007467827481 0 0 0 0 0 0 0.0007467827481 0 0 0 0 0 0 0.001299888918
734,1785497133.104782581,map,8.1065912247,6.9690151215,-1.4492110014,0.0268170295,0.0454443009,0.7473629275,0.6623173938,0.04288245193 0 0 0 0 0 0 0.04288245193 0 0 0 0 0 0 0.09429860913 0 0 0 0 0 0 0.0007516243938 0 0 0 0 0 0 0.0007516243938 0 0 0 0 0 0 0.001306274186
735,1785497133.204844236,map,8.1079206467,6.9705700874,-1.4500596523,0.0268231254,0.0455351836,0.7474305413,0.6622346124,0.04285317598 0 0 0 0 0 0 0.04285317598 0 0 0 0 0 0 0.09425519331 0 0 0 0 0 0 0.0007509479598 0 0 0 0 0 0 0.0007509479598 0 0 0 0 0 0 0.00130538239
736,1785497133.305165291,map,8.1071376801,6.9702024460,-1.4508433342,0.0267608767,0.0456375901,0.7474222740,0.6622393855,0.04274427623 0 0 0 0 0 0 0.04274427623 0 0 0 0 0 0 0.09409365409 0 0 0 0 0 0 0.0007484324289 0 0 0 0 0 0 0.0007484324289 0 0 0 0 0 0 0.001302065114
737,1785497133.404956818,map,8.1073637009,6.9698600769,-1.4531184435,0.0265129722,0.0456301944,0.7474912930,0.6621719587,0.04279037343 0 0 0 0 0 0 0.04279037343 0 0 0 0 0 0 0.09416204172 0 0 0 0 0 0 0.0007494971271 0 0 0 0 0 0 0.0007494971271 0 0 0 0 0 0 0.001303469314
738,1785497133.504821777,map,8.1089057922,6.9721636772,-1.4515373707,0.0263695696,0.0454017919,0.7474563223,0.6622328629,0.04267635367 0 0 0 0 0 0 0.04267635367 0 0 0 0 0 0 0.09399286547 0 0 0 0 0 0 0.0007468639682 0 0 0 0 0 0 0.0007468639682 0 0 0 0 0 0 0.001299996074
739,1785497133.604957342,map,8.1049966812,6.9775090218,-1.4491518736,0.0265721721,0.0453991497,0.7475338551,0.6621374262,0.04274192305 0 0 0 0 0 0 0.04274192305 0 0 0 0 0 0 0.0940901627 0 0 0 0 0 0 0.0007483780829 0 0 0 0 0 0 0.0007483780829 0 0 0 0 0 0 0.001301993432
740,1785497133.705013514,map,8.1071567535,6.9790267944,-1.4489121437,0.0270411853,0.0455205912,0.7475652979,0.6620746142,0.04256050701 0 0 0 0 0 0 0.04256050701 0 0 0 0 0 0 0.09382090304 0 0 0 0 0 0 0.0007441897691 0 0 0 0 0 0 0.0007441897691 0 0 0 0 0 0 0.001296467183
741,1785497133.804975033,map,8.1079359055,6.9771852493,-1.4495273829,0.0271869270,0.0456430886,0.7474855984,0.6621501707,0.04267871542 0 0 0 0 0 0 0.04267871542 0 0 0 0 0 0 0.09399637044 0 0 0 0 0 0 0.0007469184987 0 0 0 0 0 0 0.0007469184987 0 0 0 0 0 0 0.001300068017
742,1785497133.904870033,map,8.1087007523,6.9773116112,-1.4523478746,0.0267604069,0.0454190999,0.7475176469,0.6621467796,0.04266137983 0 0 0 0 0 0 0.04266137983 0 0 0 0 0 0 0.09397064263 0 0 0 0 0 0 0.0007465182474 0 0 0 0 0 0 0.0007465182474 0 0 0 0 0 0 0.001299539945
743,1785497134.004775763,map,8.1073150635,6.9794874191,-1.4521740675,0.0268676479,0.0454246656,0.7474434873,0.6622257538,0.04284239418 0 0 0 0 0 0 0.04284239418 0 0 0 0 0 0 0.09423920285 0 0 0 0 0 0 0.0007506988602 0 0 0 0 0 0 0.0007506988602 0 0 0 0 0 0 0.001305053957
744,1785497134.104973793,map,8.1088523865,6.9738535881,-1.4487335682,0.0265158918,0.0455297015,0.7474050489,0.6622761401,0.04278321015 0 0 0 0 0 0 0.04278321015 0 0 0 0 0 0 0.0941514154 0 0 0 0 0 0 0.0007493316662 0 0 0 0 0 0 0.0007493316662 0 0 0 0 0 0 0.001303251109
745,1785497134.205173016,map,8.1101217270,6.9678931236,-1.4514079094,0.0265036527,0.0454552064,0.7473131279,0.6623854371,0.04295200259 0 0 0 0 0 0 0.04295200259 0 0 0 0 0 0 0.09440173243 0 0 0 0 0 0 0.0007532316877 0 0 0 0 0 0 0.0007532316877 0 0 0 0 0 0 0.00130839282
746,1785497134.305099726,map,8.1091794968,6.9649415016,-1.4519904852,0.0269029348,0.0456087128,0.7473308219,0.6623388486,0.04266905925 0 0 0 0 0 0 0.04266905925 0 0 0 0 0 0 0.0939820399 0 0 0 0 0 0 0.0007466955499 0 0 0 0 0 0 0.0007466955499 0 0 0 0 0 0 0.001299773873
747,1785497134.404787779,map,8.1042060852,6.9715147018,-1.4508599043,0.0267506463,0.0456168840,0.7474228124,0.6622406230,0.04266268305 0 0 0 0 0 0 0.04266268305 0 0 0 0 0 0 0.0939725768 0 0 0 0 0 0 0.0007465483357 0 0 0 0 0 0 0.0007465483357 0 0 0 0 0 0 0.001299579643
748,1785497134.504906416,map,8.1119794846,6.9472589493,-1.4497262239,0.0266994014,0.0454917684,0.7470637940,0.6626562755,0.04279783631 0 0 0 0 0 0 0.04279783631 0 0 0 0 0 0 0.09417311217 0 0 0 0 0 0 0.0007496695131 0 0 0 0 0 0 0.0007496695131 0 0 0 0 0 0 0.001303696647
749,1785497134.605066299,map,8.1083946228,6.9479117393,-1.4511940479,0.0267023809,0.0456160387,0.7472104366,0.6624822340,0.04280562934 0 0 0 0 0 0 0.04280562934 0 0 0 0 0 0 0.09418467203 0 0 0 0 0 0 0.0007498495304 0 0 0 0 0 0 0.0007498495304 0 0 0 0 0 0 0.001303934036
750,1785497134.704917908,map,8.0973567963,6.9544291496,-1.4500091076,0.0272140754,0.0456301038,0.7473898024,0.6622581090,0.04273739835 0 0 0 0 0 0 0.04273739835 0 0 0 0 0 0 0.09408344936 0 0 0 0 0 0 0.0007482735875 0 0 0 0 0 0 0.0007482735875 0 0 0 0 0 0 0.001301855601
751,1785497134.804766655,map,8.1036128998,6.9574580193,-1.4492264986,0.0268139358,0.0457581515,0.7474299505,0.6622202831,0.04267509532 0 0 0 0 0 0 0.04267509532 0 0 0 0 0 0 0.09399099799 0 0 0 0 0 0 0.0007468349143 0 0 0 0 0 0 0.0007468349143 0 0 0 0 0 0 0.001299957743
752,1785497134.904854059,map,8.0992746353,6.9641079903,-1.4510650635,0.0269844652,0.0457488985,0.7473851470,0.6622645469,0.04267647395 0 0 0 0 0 0 0.04267647395 0 0 0 0 0 0 0.09399304396 0 0 0 0 0 0 0.0007468667452 0 0 0 0 0 0 0.0007468667452 0 0 0 0 0 0 0.001299999738
753,1785497135.005176306,map,8.0979595184,6.9657101631,-1.4514971972,0.0272766379,0.0457111416,0.7474071828,0.6622302879,0.04249684434 0 0 0 0 0 0 0.04249684434 0 0 0 0 0 0 0.09372636985 0 0 0 0 0 0 0.0007427206781 0 0 0 0 0 0 0.0007427206781 0 0 0 0 0 0 0.001294527907
754,1785497135.104974747,map,8.1037263870,6.9668545723,-1.4524221420,0.0269872318,0.0456796922,0.7474009282,0.6622514207,0.04277670977 0 0 0 0 0 0 0.04277670977 0 0 0 0 0 0 0.09414177222 0 0 0 0 0 0 0.0007491815212 0 0 0 0 0 0 0.0007491815212 0 0 0 0 0 0 0.001303053096
755,1785497135.204874039,map,8.1008682251,6.9627304077,-1.4503455162,0.0270807133,0.0457902857,0.7473966465,0.6622447674,0.04267000401 0 0 0 0 0 0 0.04267000401 0 0 0 0 0 0 0.09398344202 0 0 0 0 0 0 0.0007467173628 0 0 0 0 0 0 0.0007467173628 0 0 0 0 0 0 0.001299802652
756,1785497135.304581881,map,8.1044397354,6.9622049332,-1.4498888254,0.0271938425,0.0458135941,0.7473986227,0.6622362775,0.04263341543 0 0 0 0 0 0 0.04263341543 0 0 0 0 0 0 0.09392913697 0 0 0 0 0 0 0.0007458726483 0 0 0 0 0 0 0.0007458726483 0 0 0 0 0 0 0.0012986881
757,1785497135.404983759,map,8.0990190506,6.9631943703,-1.4488247633,0.0271063988,0.0457526714,0.7473959316,0.6622471554,0.04260849107 0 0 0 0 0 0 0.04260849107 0 0 0 0 0 0 0.09389213968 0 0 0 0 0 0 0.00074529729 0 0 0 0 0 0 0.00074529729 0 0 0 0 0 0 0.001297928861
758,1785497135.505116701,map,8.1065788269,6.9665875435,-1.4489566088,0.0270300278,0.0458253364,0.7473442084,0.6623035965,0.04289425734 0 0 0 0 0 0 0.04289425734 0 0 0 0 0 0 0.09431611502 0 0 0 0 0 0 0.0007518971839 0 0 0 0 0 0 0.0007518971839 0 0 0 0 0 0 0.001306633799
759,1785497135.604908705,map,8.1064863205,6.9588918686,-1.4493039846,0.0272650013,0.0458569979,0.7473521479,0.6622828029,0.04264635704 0 0 0 0 0 0 0.04264635704 0 0 0 0 0 0 0.09394834587 0 0 0 0 0 0 0.0007461714159 0 0 0 0 0 0 0.0007461714159 0 0 0 0 0 0 0.001299082324
760,1785497135.704770803,map,8.1043052673,6.9579238892,-1.4493519068,0.0271201300,0.0457008782,0.7473932606,0.6622531307,0.04261677517 0 0 0 0 0 0 0.04261677517 0 0 0 0 0 0 0.09390443685 0 0 0 0 0 0 0.0007454885157 0 0 0 0 0 0 0.0007454885157 0 0 0 0 0 0 0.001298181209
761,1785497135.804956198,map,8.1005382538,6.9568562508,-1.4494584799,0.0272986255,0.0457378818,0.7473516493,0.6622902432,0.04273399343 0 0 0 0 0 0 0.04273399343 0 0 0 0 0 0 0.09407839737 0 0 0 0 0 0 0.0007481949539 0 0 0 0 0 0 0.0007481949539 0 0 0 0 0 0 0.001301751881
762,1785497135.904996872,map,8.1049680710,6.9544796944,-1.4509084225,0.0271202437,0.0457111018,0.7473042431,0.6623528941,0.04259649654 0 0 0 0 0 0 0.04259649654 0 0 0 0 0 0 0.09387433395 0 0 0 0 0 0 0.0007450204253 0 0 0 0 0 0 0.0007450204253 0 0 0 0 0 0 0.001297563487
763,1785497136.004837275,map,8.1039133072,6.9544639587,-1.4503402710,0.0272072768,0.0458571668,0.7473077611,0.6623352799,0.04265975757 0 0 0 0 0 0 0.04265975757 0 0 0 0 0 0 0.09396823494 0 0 0 0 0 0 0.0007464807933 0 0 0 0 0 0 0.0007464807933 0 0 0 0 0 0 0.001299490528
764,1785497136.104739666,map,8.1065444946,6.9507832527,-1.4521007538,0.0268843353,0.0458059963,0.7472985611,0.6623623570,0.04265866179 0 0 0 0 0 0 0.04265866179 0 0 0 0 0 0 0.09396660862 0 0 0 0 0 0 0.0007464554945 0 0 0 0 0 0 0.0007464554945 0 0 0 0 0 0 0.001299457149
765,1785497136.204949617,map,8.1079578400,6.9486060143,-1.4496910572,0.0266588614,0.0459297336,0.7472110020,0.6624616906,0.04283969967 0 0 0 0 0 0 0.04283969967 0 0 0 0 0 0 0.09423520651 0 0 0 0 0 0 0.0007506366085 0 0 0 0 0 0 0.0007506366085 0 0 0 0 0 0 0.001304971878
766,1785497136.405054331,map,8.1037282944,6.9474091530,-1.4532328844,0.0268381999,0.0458524993,0.7471863992,0.6624875522,0.04278667966 0 0 0 0 0 0 0.04278667966 0 0 0 0 0 0 0.09415656226 0 0 0 0 0 0 0.0007494118061 0 0 0 0 0 0 0.0007494118061 0 0 0 0 0 0 0.001303356796
767,1785497136.504748821,map,8.1028804779,6.9509263039,-1.4497758150,0.0269593703,0.0458285661,0.7471548484,0.6625198355,0.04263060494 0 0 0 0 0 0 0.04263060494 0 0 0 0 0 0 0.0939249653 0 0 0 0 0 0 0.0007458077677 0 0 0 0 0 0 0.0007458077677 0 0 0 0 0 0 0.001298602488
768,1785497136.604840994,map,8.1050729752,6.9455671310,-1.4503219128,0.0271930783,0.0458922981,0.7470820828,0.6625879550,0.04285237752 0 0 0 0 0 0 0.04285237752 0 0 0 0 0 0 0.09425400914 0 0 0 0 0 0 0.0007509295122 0 0 0 0 0 0 0.0007509295122 0 0 0 0 0 0 0.001305358067
769,1785497136.705225945,map,8.1062803268,6.9505267143,-1.4512439966,0.0273026850,0.0458697713,0.7470613217,0.6626084031,0.04262771392 0 0 0 0 0 0 0.04262771392 0 0 0 0 0 0 0.09392067406 0 0 0 0 0 0 0.0007457410289 0 0 0 0 0 0 0.0007457410289 0 0 0 0 0 0 0.001298514423
770,1785497136.804970026,map,8.1081333160,6.9528679848,-1.4520387650,0.0273525761,0.0458596800,0.7470308354,0.6626414282,0.04269406644 0 0 0 0 0 0 0.04269406644 0 0 0 0 0 0 0.09401915154 0 0 0 0 0 0 0.0007472729514 0 0 0 0 0 0 0.0007472729514 0 0 0 0 0 0 0.001300535636
771,1785497136.904870510,map,8.1105222702,6.9523863792,-1.4528841972,0.0272575264,0.0459540880,0.7470536214,0.6626131187,0.04268339778 0 0 0 0 0 0 0.04268339778 0 0 0 0 0 0 0.09400331927 0 0 0 0 0 0 0.0007470266116 0 0 0 0 0 0 0.0007470266116 0 0 0 0 0 0 0.00130021065
772,1785497137.004766464,map,8.1061248779,6.9532418251,-1.4509646893,0.0273473225,0.0458420508,0.7471053188,0.6625589108,0.04251586581 0 0 0 0 0 0 0.04251586581 0 0 0 0 0 0 0.0937546174 0 0 0 0 0 0 0.0007431595841 0 0 0 0 0 0 0.0007431595841 0 0 0 0 0 0 0.001295107334
773,1785497137.104881763,map,8.1051931381,6.9522728920,-1.4518077374,0.0273875807,0.0458188559,0.7471728289,0.6624826923,0.04273226208 0 0 0 0 0 0 0.04273226208 0 0 0 0 0 0 0.09407582849 0 0 0 0 0 0 0.0007481549705 0 0 0 0 0 0 0.0007481549705 0 0 0 0 0 0 0.001301699142
774,1785497137.205028057,map,8.1055212021,6.9484963417,-1.4499521255,0.0277256948,0.0458344009,0.7470980150,0.6625519050,0.04263705648 0 0 0 0 0 0 0.04263705648 0 0 0 0 0 0 0.09393454138 0 0 0 0 0 0 0.0007459567034 0 0 0 0 0 0 0.0007459567034 0 0 0 0 0 0 0.001298799013
775,1785497137.304853439,map,8.1078672409,6.9431920052,-1.4500609636,0.0275615310,0.0458984548,0.7471147042,0.6625355092,0.0427080049 0 0 0 0 0 0 0.0427080049 0 0 0 0 0 0 0.09403983519 0 0 0 0 0 0 0.0007475948055 0 0 0 0 0 0 0.0007475948055 0 0 0 0 0 0 0.001300960226
776,1785497137.404711962,map,8.1092376709,6.9524497986,-1.4502619505,0.0272998803,0.0457505376,0.7472661985,0.6623857183,0.04270155477 0 0 0 0 0 0 0.04270155477 0 0 0 0 0 0 0.09403026381 0 0 0 0 0 0 0.000747445863 0 0 0 0 0 0 0.000747445863 0 0 0 0 0 0 0.001300763744
777,1785497137.504900694,map,8.1066493988,6.9509291649,-1.4512938261,0.0273117630,0.0457726222,0.7472054480,0.6624522362,0.04267255185 0 0 0 0 0 0 0.04267255185 0 0 0 0 0 0 0.09398722327 0 0 0 0 0 0 0.0007467761888 0 0 0 0 0 0 0.0007467761888 0 0 0 0 0 0 0.001299880264
778,1785497137.605019569,map,8.1088113785,6.9508252144,-1.4509054422,0.0272547949,0.0457534781,0.7472111746,0.6624494526,0.04272511854 0 0 0 0 0 0 0.04272511854 0 0 0 0 0 0 0.0940652291 0 0 0 0 0 0 0.0007479900012 0 0 0 0 0 0 0.0007479900012 0 0 0 0 0 0 0.001301481537
779,1785497137.704871655,map,8.1046886444,6.9444851875,-1.4515120983,0.0271106911,0.0457567208,0.7472143437,0.6624515488,0.04284127523 0 0 0 0 0 0 0.04284127523 0 0 0 0 0 0 0.09423754329 0 0 0 0 0 0 0.0007506730087 0 0 0 0 0 0 0.0007506730087 0 0 0 0 0 0 0.001305019872
780,1785497137.804729462,map,8.1097040176,6.9460253716,-1.4514348507,0.0270407654,0.0458084071,0.7471382571,0.6625366619,0.04267616087 0 0 0 0 0 0 0.04267616087 0 0 0 0 0 0 0.09399257933 0 0 0 0 0 0 0.0007468595166 0 0 0 0 0 0 0.0007468595166 0 0 0 0 0 0 0.001299990201
781,1785497137.904908895,map,8.1010065079,6.9619369507,-1.4488786459,0.0278524729,0.0459927953,0.7473404528,0.6622621619,0.04258689782 0 0 0 0 0 0 0.04258689782 0 0 0 0 0 0 0.09386008418 0 0 0 0 0 0 0.0007447988711 0 0 0 0 0 0 0.0007447988711 0 0 0 0 0 0 0.001297271093
782,1785497138.005163193,map,8.1032543182,6.9613485336,-1.4502140284,0.0278764632,0.0460860624,0.7473499085,0.6622439729,0.04261616772 0 0 0 0 0 0 0.04261616772 0 0 0 0 0 0 0.09390353514 0 0 0 0 0 0 0.0007454744934 0 0 0 0 0 0 0.0007454744934 0 0 0 0 0 0 0.001298162705
783,1785497138.104959965,map,8.1094293594,6.9603734016,-1.4501209259,0.0277580099,0.0460925909,0.7473025124,0.6623020061,0.04274038848 0 0 0 0 0 0 0.04274038848 0 0 0 0 0 0 0.09408788586 0 0 0 0 0 0 0.0007483426427 0 0 0 0 0 0 0.0007483426427 0 0 0 0 0 0 0.001301946686
784,1785497138.204742670,map,8.1074953079,6.9637441635,-1.4531832933,0.0274169878,0.0460759899,0.7472886273,0.6623330161,0.0426252638 0 0 0 0 0 0 0.0426252638 0 0 0 0 0 0 0.09391703722 0 0 0 0 0 0 0.0007456844687 0 0 0 0 0 0 0.0007456844687 0 0 0 0 0 0 0.001298439788
785,1785497138.304762840,map,8.1052417755,6.9712061882,-1.4517288208,0.0275040493,0.0460894142,0.7472673024,0.6623525553,0.04273141674 0 0 0 0 0 0 0.04273141674 0 0 0 0 0 0 0.09407457421 0 0 0 0 0 0 0.0007481354484 0 0 0 0 0 0 0.0007481354484 0 0 0 0 0 0 0.001301673391
786,1785497138.404976130,map,8.1064109802,6.9715533257,-1.4512330294,0.0272423503,0.0460318807,0.7473573155,0.6622657619,0.04280741981 0 0 0 0 0 0 0.04280741981 0 0 0 0 0 0 0.09418732788 0 0 0 0 0 0 0.0007498908905 0 0 0 0 0 0 0.0007498908905 0 0 0 0 0 0 0.001303988577
787,1785497138.604791403,map,8.1092004776,6.9644227028,-1.4511922598,0.0269122656,0.0460408476,0.7473931076,0.6622382534,0.04281987479 0 0 0 0 0 0 0.04281987479 0 0 0 0 0 0 0.09420580225 0 0 0 0 0 0 0.0007501786105 0 0 0 0 0 0 0.0007501786105 0 0 0 0 0 0 0.001304367977
788,1785497138.704711914,map,8.1072645187,6.9614381790,-1.4519888163,0.0270653848,0.0461118280,0.7473933685,0.6622267973,0.04271893104 0 0 0 0 0 0 0.04271893104 0 0 0 0 0 0 0.09405604803 0 0 0 0 0 0 0.0007478471137 0 0 0 0 0 0 0.0007478471137 0 0 0 0 0 0 0.001301293055
789,1785497138.804947853,map,8.1081619263,6.9606671333,-1.4515620470,0.0267490576,0.0460956879,0.7473993124,0.6622340316,0.04274479154 0 0 0 0 0 0 0.04274479154 0 0 0 0 0 0 0.09409441864 0 0 0 0 0 0 0.0007484443299 0 0 0 0 0 0 0.0007484443299 0 0 0 0 0 0 0.001302080811
790,1785497138.904989004,map,8.1070518494,6.9560585022,-1.4522680044,0.0267878489,0.0463292858,0.7472547688,0.6623792787,0.0425454796 0 0 0 0 0 0 0.0425454796 0 0 0 0 0 0 0.0937985908 0 0 0 0 0 0 0.0007438429622 0 0 0 0 0 0 0.0007438429622 0 0 0 0 0 0 0.001296009422
791,1785497139.004819870,map,8.1124935150,6.9553766251,-1.4531950951,0.0270560023,0.0463497089,0.7472099109,0.6624175483,0.04267905781 0 0 0 0 0 0 0.04267905781 0 0 0 0 0 0 0.09399687857 0 0 0 0 0 0 0.0007469264042 0 0 0 0 0 0 0.0007469264042 0 0 0 0 0 0 0.001300078447
792,1785497139.104725361,map,8.1148328781,6.9510488510,-1.4519780874,0.0270699842,0.0462094070,0.7471738821,0.6624674392,0.04258878127 0 0 0 0 0 0 0.04258878127 0 0 0 0 0 0 0.0938628803 0 0 0 0 0 0 0.0007448423436 0 0 0 0 0 0 0.0007448423436 0 0 0 0 0 0 0.001297328466
793,1785497139.204901695,map,8.1106576920,6.9575386047,-1.4527027607,0.0269869881,0.0460087590,0.7471894684,0.6624672212,0.04272083105 0 0 0 0 0 0 0.04272083105 0 0 0 0 0 0 0.09405886731 0 0 0 0 0 0 0.0007478909902 0 0 0 0 0 0 0.0007478909902 0 0 0 0 0 0 0.001301350932
794,1785497139.305178404,map,8.1104307175,6.9647808075,-1.4518014193,0.0271690663,0.0458926193,0.7471467209,0.6625160133,0.04277369864 0 0 0 0 0 0 0.04277369864 0 0 0 0 0 0 0.09413730517 0 0 0 0 0 0 0.0007491119715 0 0 0 0 0 0 0.0007491119715 0 0 0 0 0 0 0.001302961371
795,1785497139.404854536,map,8.1091403961,6.9593071938,-1.4491558075,0.0272335662,0.0459064879,0.7471313610,0.6625297135,0.04261211072 0 0 0 0 0 0 0.04261211072 0 0 0 0 0 0 0.09389751284 0 0 0 0 0 0 0.0007453808433 0 0 0 0 0 0 0.0007453808433 0 0 0 0 0 0 0.001298039122
796,1785497139.504743576,map,8.1098632812,6.9583058357,-1.4488273859,0.0273021491,0.0460090188,0.7472016854,0.6624405154,0.04275765847 0 0 0 0 0 0 0.04275765847 0 0 0 0 0 0 0.09411350859 0 0 0 0 0 0 0.0007487414971 0 0 0 0 0 0 0.0007487414971 0 0 0 0 0 0 0.00130247276
797,1785497139.604774237,map,8.1114006042,6.9550952911,-1.4498398304,0.0271856251,0.0460548055,0.7471468872,0.6625039393,0.04260885901 0 0 0 0 0 0 0.04260885901 0 0 0 0 0 0 0.09389268587 0 0 0 0 0 0 0.0007453057832 0 0 0 0 0 0 0.0007453057832 0 0 0 0 0 0 0.001297940069
798,1785497139.705096483,map,8.1140317917,6.9500694275,-1.4493464231,0.0275331870,0.0460802094,0.7471000277,0.6625406062,0.04276459284 0 0 0 0 0 0 0.04276459284 0 0 0 0 0 0 0.09412379633 0 0 0 0 0 0 0.0007489016551 0 0 0 0 0 0 0.0007489016551 0 0 0 0 0 0 0.001302683993
799,1785497139.804946184,map,8.1156139374,6.9493274689,-1.4522415400,0.0272591491,0.0460572122,0.7471678729,0.6624770550,0.04259516304 0 0 0 0 0 0 0.04259516304 0 0 0 0 0 0 0.09387235434 0 0 0 0 0 0 0.0007449896455 0 0 0 0 0 0 0.0007449896455 0 0 0 0 0 0 0.001297522866
800,1785497139.904578924,map,8.1102256775,6.9523563385,-1.4517784119,0.0272066892,0.0461571602,0.7471852413,0.6624526214,0.04246812606 0 0 0 0 0 0 0.04246812606 0 0 0 0 0 0 0.09368371829 0 0 0 0 0 0 0.0007420580854 0 0 0 0 0 0 0.0007420580854 0 0 0 0 0 0 0.001293653098
801,1785497140.004725933,map,8.1048326492,6.9568281174,-1.4525825977,0.0273187019,0.0461658282,0.7472517292,0.6623724412,0.04275383256 0 0 0 0 0 0 0.04275383256 0 0 0 0 0 0 0.0941078324 0 0 0 0 0 0 0.0007486531346 0 0 0 0 0 0 0.0007486531346 0 0 0 0 0 0 0.001302356216
802,1785497140.105084419,map,8.1011171341,6.9570012093,-1.4518452883,0.0274404409,0.0461306034,0.7473280501,0.6622837605,0.04253648791 0 0 0 0 0 0 0.04253648791 0 0 0 0 0 0 0.09378523961 0 0 0 0 0 0 0.0007436354588 0 0 0 0 0 0 0.0007436354588 0 0 0 0 0 0 0.001295735519
803,1785497140.204939604,map,8.0970640182,6.9545769691,-1.4494570494,0.0275309555,0.0461520680,0.7473309753,0.6622752064,0.04268346231 0 0 0 0 0 0 0.04268346231 0 0 0 0 0 0 0.09400341502 0 0 0 0 0 0 0.0007470281014 0 0 0 0 0 0 0.0007470281014 0 0 0 0 0 0 0.001300212616
804,1785497140.304772854,map,8.1009597778,6.9505872726,-1.4492146969,0.0271580740,0.0463977013,0.7473636661,0.6622365475,0.04259644519 0 0 0 0 0 0 0.04259644519 0 0 0 0 0 0 0.09387425772 0 0 0 0 0 0 0.00074501924 0 0 0 0 0 0 0.00074501924 0 0 0 0 0 0 0.001297561923
805,1785497140.504959583,map,8.1024169922,6.9560794830,-1.4495242834,0.0273943730,0.0463100284,0.7472273342,0.6623867672,0.04267018337 0 0 0 0 0 0 0.04267018337 0 0 0 0 0 0 0.09398370821 0 0 0 0 0 0 0.000746721504 0 0 0 0 0 0 0.000746721504 0 0 0 0 0 0 0.001299808116
806,1785497140.605013371,map,8.1070613861,6.9591155052,-1.4508394003,0.0272908668,0.0462860682,0.7472093390,0.6624130099,0.04290748034 0 0 0 0 0 0 0.04290748034 0 0 0 0 0 0 0.09433572209 0 0 0 0 0 0 0.0007522027449 0 0 0 0 0 0 0.0007522027449 0 0 0 0 0 0 0.001307036595
807,1785497140.704865217,map,8.1077785492,6.9604439735,-1.4504975080,0.0273394851,0.0461145600,0.7471378688,0.6625035795,0.04258702632 0 0 0 0 0 0 0.04258702632 0 0 0 0 0 0 0.09386027496 0 0 0 0 0 0 0.0007448018372 0 0 0 0 0 0 0.0007448018372 0 0 0 0 0 0 0.001297275008
808,1785497140.804749012,map,8.1064805984,6.9591374397,-1.4545799494,0.0272278891,0.0461144843,0.7471860564,0.6624538333,0.04257871839 0 0 0 0 0 0 0.04257871839 0 0 0 0 0 0 0.09384794101 0 0 0 0 0 0 0.0007446100828 0 0 0 0 0 0 0.0007446100828 0 0 0 0 0 0 0.001297021933
809,1785497140.904778242,map,8.1035547256,6.9674296379,-1.4526307583,0.0274697728,0.0460226005,0.7471949539,0.6624402412,0.04278334161 0 0 0 0 0 0 0.04278334161 0 0 0 0 0 0 0.09415161042 0 0 0 0 0 0 0.0007493347027 0 0 0 0 0 0 0.0007493347027 0 0 0 0 0 0 0.001303255113
810,1785497141.004977703,map,8.1019210815,6.9708819389,-1.4519805908,0.0273115726,0.0460273568,0.7472013952,0.6624391573,0.04269424325 0 0 0 0 0 0 0.04269424325 0 0 0 0 0 0 0.09401941391 0 0 0 0 0 0 0.0007472770338 0 0 0 0 0 0 0.0007472770338 0 0 0 0 0 0 0.001300541022
811,1785497141.104855776,map,8.1015806198,6.9667062759,-1.4531135559,0.0272693506,0.0460531126,0.7471847227,0.6624579075,0.04272646404 0 0 0 0 0 0 0.04272646404 0 0 0 0 0 0 0.09406722555 0 0 0 0 0 0 0.0007480210732 0 0 0 0 0 0 0.0007480210732 0 0 0 0 0 0 0.001301522523
812,1785497141.204714775,map,8.1052675247,6.9601516724,-1.4537028074,0.0271097301,0.0459726214,0.7471382445,0.6625224727,0.04270276236 0 0 0 0 0 0 0.04270276236 0 0 0 0 0 0 0.09403205578 0 0 0 0 0 0 0.0007474737476 0 0 0 0 0 0 0.0007474737476 0 0 0 0 0 0 0.001300800529
813,1785497141.304755688,map,8.1089181900,6.9595403671,-1.4536743164,0.0270753696,0.0457601930,0.7471521378,0.6625228972,0.04277590509 0 0 0 0 0 0 0.04277590509 0 0 0 0 0 0 0.09414057847 0 0 0 0 0 0 0.0007491629351 0 0 0 0 0 0 0.0007491629351 0 0 0 0 0 0 0.001303028584
814,1785497141.404969692,map,8.1086931229,6.9581875801,-1.4540375471,0.0269795852,0.0456608750,0.7472119897,0.6624661795,0.04271962901 0 0 0 0 0 0 0.04271962901 0 0 0 0 0 0 0.0940570837 0 0 0 0 0 0 0.0007478632318 0 0 0 0 0 0 0.0007478632318 0 0 0 0 0 0 0.001301314316
815,1785497141.504895449,map,8.1107769012,6.9579873085,-1.4528034925,0.0270019242,0.0455702620,0.7472073702,0.6624766965,0.04261354552 0 0 0 0 0 0 0.04261354552 0 0 0 0 0 0 0.09389964271 0 0 0 0 0 0 0.0007454139636 0 0 0 0 0 0 0.0007454139636 0 0 0 0 0 0 0.001298082829
816,1785497141.604685068,map,8.1106739044,6.9605860710,-1.4528363943,0.0267956305,0.0454970024,0.7472547912,0.6624366098,0.04269411588 0 0 0 0 0 0 0.04269411588 0 0 0 0 0 0 0.09401922489 0 0 0 0 0 0 0.0007472740928 0 0 0 0 0 0 0.0007472740928 0 0 0 0 0 0 0.001300537142
817,1785497141.704765320,map,8.1098356247,6.9546179771,-1.4531840086,0.0268166302,0.0456317657,0.7472490655,0.6624329713,0.0426260983 0 0 0 0 0 0 0.0426260983 0 0 0 0 0 0 0.09391827592 0 0 0 0 0 0 0.0007457037329 0 0 0 0 0 0 0.0007457037329 0 0 0 0 0 0 0.001298465208
818,1785497141.804979086,map,8.1116762161,6.9583382607,-1.4536340237,0.0266472558,0.0454967967,0.7472447418,0.6624539739,0.04259035586 0 0 0 0 0 0 0.04259035586 0 0 0 0 0 0 0.09386521788 0 0 0 0 0 0 0.0007448786875 0 0 0 0 0 0 0.0007448786875 0 0 0 0 0 0 0.001297376431
819,1785497141.904870510,map,8.1101427078,6.9572558403,-1.4524159431,0.0265375365,0.0453034397,0.7473035895,0.6624052574,0.042629907 0 0 0 0 0 0 0.042629907 0 0 0 0 0 0 0.09392392932 0 0 0 0 0 0 0.0007457916558 0 0 0 0 0 0 0.0007457916558 0 0 0 0 0 0 0.001298581227
820,1785497142.004755020,map,8.1120510101,6.9523472786,-1.4530318975,0.0265271226,0.0453516688,0.7472105757,0.6625072780,0.04258367467 0 0 0 0 0 0 0.04258367467 0 0 0 0 0 0 0.09385529914 0 0 0 0 0 0 0.0007447244773 0 0 0 0 0 0 0.0007447244773 0 0 0 0 0 0 0.00129717291
821,1785497142.104740381,map,8.1089067459,6.9563045502,-1.4524066448,0.0265964124,0.0453695440,0.7472844169,0.6624199791,0.04266448439 0 0 0 0 0 0 0.04266448439 0 0 0 0 0 0 0.09397525025 0 0 0 0 0 0 0.0007465899249 0 0 0 0 0 0 0.0007465899249 0 0 0 0 0 0 0.001299634515
822,1785497142.204968691,map,8.1062479019,6.9619307518,-1.4512150288,0.0268408544,0.0453161777,0.7472571815,0.6624444814,0.04261500753 0 0 0 0 0 0 0.04261500753 0 0 0 0 0 0 0.09390181294 0 0 0 0 0 0 0.0007454477119 0 0 0 0 0 0 0.0007454477119 0 0 0 0 0 0 0.001298127364
823,1785497142.304885864,map,8.1038064957,6.9635319710,-1.4518015385,0.0267869709,0.0455225580,0.7472364100,0.6624559562,0.04266889711 0 0 0 0 0 0 0.04266889711 0 0 0 0 0 0 0.09398179926 0 0 0 0 0 0 0.0007466918062 0 0 0 0 0 0 0.0007466918062 0 0 0 0 0 0 0.001299768934
824,1785497142.504600048,map,8.1005592346,6.9653797150,-1.4496164322,0.0269267411,0.0455753984,0.7472499959,0.6624313489,0.0426374797 0 0 0 0 0 0 0.0426374797 0 0 0 0 0 0 0.09393516956 0 0 0 0 0 0 0.0007459664737 0 0 0 0 0 0 0.0007459664737 0 0 0 0 0 0 0.001298811905
825,1785497142.605021715,map,8.0994405746,6.9690055847,-1.4519368410,0.0268496664,0.0455646164,0.7472434547,0.6624426116,0.04287337631 0 0 0 0 0 0 0.04287337631 0 0 0 0 0 0 0.09428515063 0 0 0 0 0 0 0.0007514146897 0 0 0 0 0 0 0.0007514146897 0 0 0 0 0 0 0.001305997727
826,1785497142.704926252,map,8.0951805115,6.9682769775,-1.4508585930,0.0269814457,0.0455170760,0.7472808615,0.6623983048,0.04277078878 0 0 0 0 0 0 0.04277078878 0 0 0 0 0 0 0.09413298832 0 0 0 0 0 0 0.0007490447619 0 0 0 0 0 0 0.0007490447619 0 0 0 0 0 0 0.001302872732
827,1785497142.804739714,map,8.0966386795,6.9652967453,-1.4498100281,0.0270450753,0.0455286080,0.7472824625,0.6623930970,0.04267074782 0 0 0 0 0 0 0.04267074782 0 0 0 0 0 0 0.09398454591 0 0 0 0 0 0 0.0007467345362 0 0 0 0 0 0 0.0007467345362 0 0 0 0 0 0 0.00129982531
828,1785497142.904689550,map,8.0925254822,6.9648590088,-1.4495123625,0.0271101429,0.0456616374,0.7473083732,0.6623520252,0.04288165981 0 0 0 0 0 0 0.04288165981 0 0 0 0 0 0 0.09429743449 0 0 0 0 0 0 0.0007516060906 0 0 0 0 0 0 0.0007516060906 0 0 0 0 0 0 0.001306250057
829,1785497143.004878044,map,8.0964241028,6.9667353630,-1.4495327473,0.0269754673,0.0455873849,0.7472559868,0.6624217506,0.04282502406 0 0 0 0 0 0 0.04282502406 0 0 0 0 0 0 0.09421343986 0 0 0 0 0 0 0.0007502975667 0 0 0 0 0 0 0.0007502975667 0 0 0 0 0 0 0.001304524833
830,1785497143.105063677,map,8.0986738205,6.9665498734,-1.4509758949,0.0271059967,0.0456877884,0.7473148463,0.6623431176,0.042756218 0 0 0 0 0 0 0.042756218 0 0 0 0 0 0 0.09411137148 0 0 0 0 0 0 0.000748708228 0 0 0 0 0 0 0.000748708228 0 0 0 0 0 0 0.001302428881
831,1785497143.204778433,map,8.1034870148,6.9694042206,-1.4523369074,0.0266709606,0.0456445194,0.7473102624,0.6623689345,0.04258791658 0 0 0 0 0 0 0.04258791658 0 0 0 0 0 0 0.09386159661 0 0 0 0 0 0 0.0007448223855 0 0 0 0 0 0 0.0007448223855 0 0 0 0 0 0 0.001297302126
832,1785497143.304653883,map,8.1059169769,6.9668407440,-1.4516031742,0.0266436169,0.0456783888,0.7472706220,0.6624124264,0.04256450998 0 0 0 0 0 0 0.04256450998 0 0 0 0 0 0 0.09382684631 0 0 0 0 0 0 0.000744282154 0 0 0 0 0 0 0.000744282154 0 0 0 0 0 0 0.00129658912
833,1785497143.404750824,map,8.1044912338,6.9672455788,-1.4519926310,0.0264442229,0.0456682673,0.7473313780,0.6623525525,0.04262577663 0 0 0 0 0 0 0.04262577663 0 0 0 0 0 0 0.09391779843 0 0 0 0 0 0 0.0007456963071 0 0 0 0 0 0 0.0007456963071 0 0 0 0 0 0 0.001298455409
834,1785497143.505143881,map,8.1058139801,6.9690961838,-1.4491338730,0.0265330044,0.0454664439,0.7472667765,0.6624357761,0.04274889502 0 0 0 0 0 0 0.04274889502 0 0 0 0 0 0 0.09410050685 0 0 0 0 0 0 0.0007485390999 0 0 0 0 0 0 0.0007485390999 0 0 0 0 0 0 0.00130220581
835,1785497143.604904890,map,8.1029653549,6.9685645103,-1.4499704838,0.0269048394,0.0455155356,0.7473037929,0.6623756259,0.04272607983 0 0 0 0 0 0 0.04272607983 0 0 0 0 0 0 0.09406665546 0 0 0 0 0 0 0.0007480122005 0 0 0 0 0 0 0.0007480122005 0 0 0 0 0 0 0.00130151082
836,1785497143.704713583,map,8.1032514572,6.9696421623,-1.4507929087,0.0270739148,0.0454655743,0.7472397241,0.6624444631,0.04267143497 0 0 0 0 0 0 0.04267143497 0 0 0 0 0 0 0.09398556572 0 0 0 0 0 0 0.0007467504016 0 0 0 0 0 0 0.0007467504016 0 0 0 0 0 0 0.001299846242
837,1785497143.804657221,map,8.1054525375,6.9718461037,-1.4499831200,0.0268214892,0.0453579898,0.7472747916,0.6624225492,0.04278783481 0 0 0 0 0 0 0.04278783481 0 0 0 0 0 0 0.09415827585 0 0 0 0 0 0 0.0007494384883 0 0 0 0 0 0 0.0007494384883 0 0 0 0 0 0 0.001303391984
838,1785497143.904917479,map,8.1061801910,6.9691495895,-1.4508720636,0.0268428214,0.0453003716,0.7472417023,0.6624629700,0.04271143357 0 0 0 0 0 0 0.04271143357 0 0 0 0 0 0 0.09404492293 0 0 0 0 0 0 0.0007476739798 0 0 0 0 0 0 0.0007476739798 0 0 0 0 0 0 0.001301064669
839,1785497144.005018950,map,8.1043539047,6.9653263092,-1.4521391392,0.0267816809,0.0452952456,0.7472228383,0.6624870728,0.04255585093 0 0 0 0 0 0 0.04255585093 0 0 0 0 0 0 0.09381398997 0 0 0 0 0 0 0.0007440823126 0 0 0 0 0 0 0.0007440823126 0 0 0 0 0 0 0.001296325351
840,1785497144.104788303,map,8.1002244949,6.9635806084,-1.4497163296,0.0268918467,0.0454615342,0.7472511453,0.6624393035,0.04266046522 0 0 0 0 0 0 0.04266046522 0 0 0 0 0 0 0.0939692852 0 0 0 0 0 0 0.0007464971311 0 0 0 0 0 0 0.0007464971311 0 0 0 0 0 0 0.001299512084
841,1785497144.204697132,map,8.1025133133,6.9592247009,-1.4475176334,0.0267689149,0.0455545956,0.7472853463,0.6623992946,0.04256500621 0 0 0 0 0 0 0.04256500621 0 0 0 0 0 0 0.09382758306 0 0 0 0 0 0 0.0007442936067 0 0 0 0 0 0 0.0007442936067 0 0 0 0 0 0 0.001296604236
842,1785497144.304742813,map,8.1022291183,6.9579863548,-1.4509745836,0.0266863461,0.0453942361,0.7472481938,0.6624555400,0.0425645473 0 0 0 0 0 0 0.0425645473 0 0 0 0 0 0 0.09382690172 0 0 0 0 0 0 0.0007442830154 0 0 0 0 0 0 0.0007442830154 0 0 0 0 0 0 0.001296590257
843,1785497144.404873371,map,8.1052875519,6.9599924088,-1.4498205185,0.0265442386,0.0453861454,0.7472318319,0.6624802757,0.042719817 0 0 0 0 0 0 0.042719817 0 0 0 0 0 0 0.09405736265 0 0 0 0 0 0 0.000747867573 0 0 0 0 0 0 0.000747867573 0 0 0 0 0 0 0.001301320043
844,1785497144.504827976,map,8.1198644638,6.9586081505,-1.4530919790,0.0261748026,0.0452351833,0.7472731570,0.6624586751,0.04263412401 0 0 0 0 0 0 0.04263412401 0 0 0 0 0 0 0.09393018872 0 0 0 0 0 0 0.0007458890062 0 0 0 0 0 0 0.0007458890062 0 0 0 0 0 0 0.001298709685
845,1785497144.704749346,map,8.1137609482,6.9599351883,-1.4541032314,0.0262723875,0.0451588771,0.7472834531,0.6624483912,0.04286318487 0 0 0 0 0 0 0.04286318487 0 0 0 0 0 0 0.0942700369 0 0 0 0 0 0 0.0007511792115 0 0 0 0 0 0 0.0007511792115 0 0 0 0 0 0 0.001305687278
846,1785497144.804871082,map,8.1091413498,6.9588007927,-1.4526723623,0.0263761736,0.0452056985,0.7473153220,0.6624051069,0.0428434582 0 0 0 0 0 0 0.0428434582 0 0 0 0 0 0 0.09424078091 0 0 0 0 0 0 0.0007507234424 0 0 0 0 0 0 0.0007507234424 0 0 0 0 0 0 0.001305086369
847,1785497144.905036211,map,8.1107778549,6.9603872299,-1.4527320862,0.0264456190,0.0453008532,0.7472834048,0.6624318634,0.04281850278 0 0 0 0 0 0 0.04281850278 0 0 0 0 0 0 0.09420376721 0 0 0 0 0 0 0.0007501469154 0 0 0 0 0 0 0.0007501469154 0 0 0 0 0 0 0.001304326184
848,1785497145.004750252,map,8.1112394333,6.9614081383,-1.4516417980,0.0266110119,0.0453611230,0.7472734406,0.6624323611,0.04263053132 0 0 0 0 0 0 0.04263053132 0 0 0 0 0 0 0.09392485603 0 0 0 0 0 0 0.0007458060683 0 0 0 0 0 0 0.0007458060683 0 0 0 0 0 0 0.001298600246
849,1785497145.104716301,map,8.1133251190,6.9668693542,-1.4526239634,0.0267241832,0.0453190755,0.7472260321,0.6624841614,0.04263819798 0 0 0 0 0 0 0.04263819798 0 0 0 0 0 0 0.0939362357 0 0 0 0 0 0 0.0007459830557 0 0 0 0 0 0 0.0007459830557 0 0 0 0 0 0 0.001298833785
850,1785497145.204800844,map,8.1125316620,6.9659605026,-1.4516727924,0.0268475950,0.0454008812,0.7472055754,0.6624966350,0.04261810098 0 0 0 0 0 0 0.04261810098 0 0 0 0 0 0 0.09390640488 0 0 0 0 0 0 0.0007455191204 0 0 0 0 0 0 0.0007455191204 0 0 0 0 0 0 0.001298221596
851,1785497145.304889202,map,8.1127834320,6.9672002792,-1.4499799013,0.0271738171,0.0455214719,0.7472500149,0.6624249308,0.04261985844 0 0 0 0 0 0 0.04261985844 0 0 0 0 0 0 0.09390901365 0 0 0 0 0 0 0.0007455596898 0 0 0 0 0 0 0.0007455596898 0 0 0 0 0 0 0.001298275131
852,1785497145.404765129,map,8.1086626053,6.9671998024,-1.4519369602,0.0271550651,0.0456981213,0.7473761701,0.6622712056,0.04275535304 0 0 0 0 0 0 0.04275535304 0 0 0 0 0 0 0.09411008821 0 0 0 0 0 0 0.0007486882511 0 0 0 0 0 0 0.0007486882511 0 0 0 0 0 0 0.001302402532
853,1785497145.504677296,map,8.1114797592,6.9664797783,-1.4511399269,0.0269113735,0.0455628918,0.7473293015,0.6623433665,0.04257872089 0 0 0 0 0 0 0.04257872089 0 0 0 0 0 0 0.09384794473 0 0 0 0 0 0 0.0007446101406 0 0 0 0 0 0 0.0007446101406 0 0 0 0 0 0 0.00129702201
854,1785497145.604746819,map,8.1219244003,6.9257464409,-1.4491982460,0.0265388895,0.0453982100,0.7466585225,0.6631257364,0.04258505697 0 0 0 0 0 0 0.04258505697 0 0 0 0 0 0 0.0938573513 0 0 0 0 0 0 0.0007447563823 0 0 0 0 0 0 0.0007447563823 0 0 0 0 0 0 0.001297215018
855,1785497145.704877377,map,8.0987920761,6.9503049850,-1.4509222507,0.0268114533,0.0454774380,0.7468891116,0.6628496033,0.0427445847 0 0 0 0 0 0 0.0427445847 0 0 0 0 0 0 0.09409411176 0 0 0 0 0 0 0.0007484395529 0 0 0 0 0 0 0.0007484395529 0 0 0 0 0 0 0.00130207451
856,1785497145.804805994,map,8.0996103287,6.9520359039,-1.4508032799,0.0267879145,0.0455410266,0.7469397747,0.6627890831,0.04266888906 0 0 0 0 0 0 0.04266888906 0 0 0 0 0 0 0.09398178732 0 0 0 0 0 0 0.0007466916205 0 0 0 0 0 0 0.0007466916205 0 0 0 0 0 0 0.001299768689
857,1785497145.904660463,map,8.1040878296,6.9538817406,-1.4495723248,0.0268573213,0.0455081092,0.7469942341,0.6627271381,0.04278727174 0 0 0 0 0 0 0.04278727174 0 0 0 0 0 0 0.09415744058 0 0 0 0 0 0 0.0007494254823 0 0 0 0 0 0 0.0007494254823 0 0 0 0 0 0 0.001303374832
858,1785497146.004781485,map,8.1067008972,6.9555025101,-1.4493232965,0.0268886598,0.0454441611,0.7469745926,0.6627524440,0.04256165159 0 0 0 0 0 0 0.04256165159 0 0 0 0 0 0 0.09382260242 0 0 0 0 0 0 0.0007442161849 0 0 0 0 0 0 0.0007442161849 0 0 0 0 0 0 0.001296502049
859,1785497146.105090618,map,8.1074085236,6.9555029869,-1.4498072863,0.0269279247,0.0455381376,0.7470134794,0.6627005692,0.04258856303 0 0 0 0 0 0 0.04258856303 0 0 0 0 0 0 0.09386255631 0 0 0 0 0 0 0.0007448373064 0 0 0 0 0 0 0.0007448373064 0 0 0 0 0 0 0.001297321818
860,1785497146.204766750,map,8.1069946289,6.9551310539,-1.4492030144,0.0270213771,0.0456228399,0.7470426971,0.6626579746,0.04255041534 0 0 0 0 0 0 0.04255041534 0 0 0 0 0 0 0.09380591937 0 0 0 0 0 0 0.0007439568684 0 0 0 0 0 0 0.0007439568684 0 0 0 0 0 0 0.001296159773
861,1785497146.304641962,map,8.1116113663,6.9537043571,-1.4511915445,0.0269491274,0.0454314861,0.7470183320,0.6627015304,0.04278571512 0 0 0 0 0 0 0.04278571512 0 0 0 0 0 0 0.09415513141 0 0 0 0 0 0 0.0007493895267 0 0 0 0 0 0 0.0007493895267 0 0 0 0 0 0 0.001303327414
862,1785497146.404789209,map,8.1436176300,6.9466185570,-1.4568643570,0.0269814503,0.0455702415,0.7470566295,0.6626475111,0.0425311031 0 0 0 0 0 0 0.0425311031 0 0 0 0 0 0 0.09377724381 0 0 0 0 0 0 0.0007435111955 0 0 0 0 0 0 0.0007435111955 0 0 0 0 0 0 0.001295571489
863,1785497146.604787111,map,8.1241626740,6.9523625374,-1.4524681568,0.0265127750,0.0453449372,0.7471680839,0.6625562232,0.04261635102 0 0 0 0 0 0 0.04261635102 0 0 0 0 0 0 0.09390380724 0 0 0 0 0 0 0.0007454787247 0 0 0 0 0 0 0.0007454787247 0 0 0 0 0 0 0.001298168289
864,1785497146.704626322,map,8.1159572601,6.9568333626,-1.4516023397,0.0265489871,0.0453637957,0.7471851829,0.6625342005,0.04271430748 0 0 0 0 0 0 0.04271430748 0 0 0 0 0 0 0.09404918742 0 0 0 0 0 0 0.0007477403446 0 0 0 0 0 0 0.0007477403446 0 0 0 0 0 0 0.001301152213
865,1785497146.804760218,map,8.1135740280,6.9564132690,-1.4537129402,0.0267202165,0.0453437682,0.7471386474,0.6625811505,0.04268911202 0 0 0 0 0 0 0.04268911202 0 0 0 0 0 0 0.09401179925 0 0 0 0 0 0 0.0007471585522 0 0 0 0 0 0 0.0007471585522 0 0 0 0 0 0 0.001300384715
866,1785497146.904873848,map,8.1094932556,6.9531464577,-1.4505833387,0.0268260012,0.0453955571,0.7470989817,0.6626181041,0.04282529374 0 0 0 0 0 0 0.04282529374 0 0 0 0 0 0 0.09421383986 0 0 0 0 0 0 0.0007503037968 0 0 0 0 0 0 0.0007503037968 0 0 0 0 0 0 0.001304533048
867,1785497147.004794836,map,8.1040630341,6.9549880028,-1.4523839951,0.0268789052,0.0453552656,0.7471210847,0.6625937741,0.04248749958 0 0 0 0 0 0 0.04248749958 0 0 0 0 0 0 0.0937124918 0 0 0 0 0 0 0.0007425050666 0 0 0 0 0 0 0.0007425050666 0 0 0 0 0 0 0.00129424325
868,1785497147.104681015,map,8.1012516022,6.9568524361,-1.4527394772,0.0267882033,0.0453839974,0.7470389470,0.6626880699,0.04285931946 0 0 0 0 0 0 0.04285931946 0 0 0 0 0 0 0.0942643044 0 0 0 0 0 0 0.0007510899016 0 0 0 0 0 0 0.0007510899016 0 0 0 0 0 0 0.001305569531
869,1785497147.204657793,map,8.1039361954,6.9517250061,-1.4501464367,0.0267259283,0.0456465123,0.7469403224,0.6627837294,0.04266443177 0 0 0 0 0 0 0.04266443177 0 0 0 0 0 0 0.09397517215 0 0 0 0 0 0 0.00074658871 0 0 0 0 0 0 0.00074658871 0 0 0 0 0 0 0.001299632912
870,1785497147.304890633,map,8.1042709351,6.9514474869,-1.4521236420,0.0268431244,0.0456976575,0.7469409856,0.6627747223,0.04260540003 0 0 0 0 0 0 0.04260540003 0 0 0 0 0 0 0.09388755115 0 0 0 0 0 0 0.0007452259396 0 0 0 0 0 0 0.0007452259396 0 0 0 0 0 0 0.001297834703
871,1785497147.404925346,map,8.1060171127,6.9559936523,-1.4510055780,0.0267891166,0.0456613400,0.7469131672,0.6628107587,0.04264540333 0 0 0 0 0 0 0.04264540333 0 0 0 0 0 0 0.09394693034 0 0 0 0 0 0 0.0007461493982 0 0 0 0 0 0 0.0007461493982 0 0 0 0 0 0 0.001299053273
872,1785497147.504775763,map,8.1093034744,6.9615144730,-1.4520131350,0.0265766573,0.0454521996,0.7470011710,0.6627345285,0.04265579877 0 0 0 0 0 0 0.04265579877 0 0 0 0 0 0 0.09396235939 0 0 0 0 0 0 0.000746389395 0 0 0 0 0 0 0.000746389395 0 0 0 0 0 0 0.001299369936
873,1785497147.604739189,map,8.1085243225,6.9587297440,-1.4522056580,0.0267074773,0.0454487771,0.7469164909,0.6628249066,0.04269077217 0 0 0 0 0 0 0.04269077217 0 0 0 0 0 0 0.0940142629 0 0 0 0 0 0 0.0007471968853 0 0 0 0 0 0 0.0007471968853 0 0 0 0 0 0 0.001300435287
874,1785497147.704677820,map,8.1114873886,6.9495577812,-1.4514526129,0.0267111551,0.0455189704,0.7468572256,0.6628867413,0.04282269819 0 0 0 0 0 0 0.04282269819 0 0 0 0 0 0 0.09420999005 0 0 0 0 0 0 0.000750243835 0 0 0 0 0 0 0.000750243835 0 0 0 0 0 0 0.001304453983
875,1785497147.804785967,map,8.1019763947,6.9621567726,-1.4496964216,0.0266868362,0.0454372035,0.7469522541,0.6627862489,0.04285122249 0 0 0 0 0 0 0.04285122249 0 0 0 0 0 0 0.09425229614 0 0 0 0 0 0 0.0007509028262 0 0 0 0 0 0 0.0007509028262 0 0 0 0 0 0 0.001305322883
876,1785497147.904852152,map,8.0958986282,6.9654998779,-1.4496902227,0.0270156712,0.0455046964,0.7470690940,0.6626365948,0.04282606801 0 0 0 0 0 0 0.04282606801 0 0 0 0 0 0 0.09421498827 0 0 0 0 0 0 0.0007503216838 0 0 0 0 0 0 0.0007503216838 0 0 0 0 0 0 0.001304556634
877,1785497148.004705667,map,8.1184263229,6.9587111473,-1.4513307810,0.0268996800,0.0453674207,0.7471328248,0.6625788749,0.04276882262 0 0 0 0 0 0 0.04276882262 0 0 0 0 0 0 0.09413007145 0 0 0 0 0 0 0.0007489993494 0 0 0 0 0 0 0.0007489993494 0 0 0 0 0 0 0.001302812839
878,1785497148.204765797,map,8.1300592422,6.9139251709,-1.4534697533,0.0262749927,0.0455057738,0.7463596578,0.6634652425,0.04265517595 0 0 0 0 0 0 0.04265517595 0 0 0 0 0 0 0.09396143502 0 0 0 0 0 0 0.000746375016 0 0 0 0 0 0 0.000746375016 0 0 0 0 0 0 0.001299350964
879,1785497148.304878950,map,8.1312255859,6.9102039337,-1.4532142878,0.0263977808,0.0456013039,0.7462828551,0.6635402112,0.04256163939 0 0 0 0 0 0 0.04256163939 0 0 0 0 0 0 0.09382258431 0 0 0 0 0 0 0.0007442159033 0 0 0 0 0 0 0.0007442159033 0 0 0 0 0 0 0.001296501677
880,1785497148.404681683,map,8.1025094986,6.9479904175,-1.4516197443,0.0261050727,0.0452999173,0.7466919995,0.6631119910,0.04281576797 0 0 0 0 0 0 0.04281576797 0 0 0 0 0 0 0.09419971074 0 0 0 0 0 0 0.0007500837382 0 0 0 0 0 0 0.0007500837382 0 0 0 0 0 0 0.001304242877
881,1785497148.504638195,map,8.0971841812,6.9486498833,-1.4489420652,0.0263817330,0.0455456193,0.7468071809,0.6629544677,0.04267367115 0 0 0 0 0 0 0.04267367115 0 0 0 0 0 0 0.0939888844 0 0 0 0 0 0 0.0007468020318 0 0 0 0 0 0 0.0007468020318 0 0 0 0 0 0 0.00129991436
882,1785497148.604835033,map,8.1195507050,6.9228940010,-1.4553176165,0.0254260257,0.0451617596,0.7464952012,0.6633693078,0.04274725698 0 0 0 0 0 0 0.04274725698 0 0 0 0 0 0 0.09409807654 0 0 0 0 0 0 0.0007485012691 0 0 0 0 0 0 0.0007485012691 0 0 0 0 0 0 0.001302155912
883,1785497148.705008268,map,8.1111822128,6.9431796074,-1.4516541958,0.0263282505,0.0453673363,0.7465919838,0.6632111421,0.04271753315 0 0 0 0 0 0 0.04271753315 0 0 0 0 0 0 0.09405397381 0 0 0 0 0 0 0.000747814833 0 0 0 0 0 0 0.000747814833 0 0 0 0 0 0 0.001301250473
884,1785497148.804704905,map,8.1139230728,6.9444203377,-1.4510645866,0.0263355683,0.0455214089,0.7466586778,0.6631252392,0.04261303233 0 0 0 0 0 0 0.04261303233 0 0 0 0 0 0 0.09389888092 0 0 0 0 0 0 0.0007454021173 0 0 0 0 0 0 0.0007454021173 0 0 0 0 0 0 0.001298067196
885,1785497148.904645205,map,8.1145372391,6.9474949837,-1.4515362978,0.0264272748,0.0454995838,0.7467148953,0.6630597496,0.04279902869 0 0 0 0 0 0 0.04279902869 0 0 0 0 0 0 0.09417488092 0 0 0 0 0 0 0.0007496970565 0 0 0 0 0 0 0.0007496970565 0 0 0 0 0 0 0.001303732969
886,1785497149.004657269,map,8.1091966629,6.9606199265,-1.4516136646,0.0266716927,0.0454745119,0.7469740495,0.6627597484,0.04279260717 0 0 0 0 0 0 0.04279260717 0 0 0 0 0 0 0.09416535529 0 0 0 0 0 0 0.0007495487242 0 0 0 0 0 0 0.0007495487242 0 0 0 0 0 0 0.001303537358
887,1785497149.104809046,map,8.1124696732,6.9653778076,-1.4504176378,0.0267899597,0.0455204042,0.7470372246,0.6626806017,0.04250749051 0 0 0 0 0 0 0.04250749051 0 0 0 0 0 0 0.09374218004 0 0 0 0 0 0 0.0007429663266 0 0 0 0 0 0 0.0007429663266 0 0 0 0 0 0 0.001294852208
888,1785497149.204806089,map,8.1172552109,6.9626522064,-1.4512567520,0.0268744806,0.0454730518,0.7470746068,0.6626382673,0.04259492573 0 0 0 0 0 0 0.04259492573 0 0 0 0 0 0 0.09387200204 0 0 0 0 0 0 0.0007449841679 0 0 0 0 0 0 0.0007449841679 0 0 0 0 0 0 0.001297515637
889,1785497149.304648876,map,8.1156139374,6.9646906853,-1.4507629871,0.0268278445,0.0453810705,0.7472158435,0.6624872120,0.04283470094 0 0 0 0 0 0 0.04283470094 0 0 0 0 0 0 0.09422779261 0 0 0 0 0 0 0.0007505211237 0 0 0 0 0 0 0.0007505211237 0 0 0 0 0 0 0.001304819608
890,1785497149.404649973,map,8.1102428436,6.9606866837,-1.4526782036,0.0266104216,0.0454198418,0.7472144387,0.6624948988,0.04268430625 0 0 0 0 0 0 0.04268430625 0 0 0 0 0 0 0.09400466746 0 0 0 0 0 0 0.0007470475878 0 0 0 0 0 0 0.0007470475878 0 0 0 0 0 0 0.001300238324
891,1785497149.504818201,map,8.1098175049,6.9620251656,-1.4527144432,0.0265796705,0.0453514960,0.7471903920,0.6625279662,0.0426018114 0 0 0 0 0 0 0.0426018114 0 0 0 0 0 0 0.09388222389 0 0 0 0 0 0 0.0007451431044 0 0 0 0 0 0 0.0007451431044 0 0 0 0 0 0 0.001297725387
892,1785497149.604882717,map,8.1108388901,6.9535264969,-1.4529131651,0.0265420803,0.0454699394,0.7470292554,0.6627029906,0.04272531127 0 0 0 0 0 0 0.04272531127 0 0 0 0 0 0 0.09406551508 0 0 0 0 0 0 0.000747994452 0 0 0 0 0 0 0.000747994452 0 0 0 0 0 0 0.001301487408
893,1785497149.704680443,map,8.1068944931,6.9521689415,-1.4518582821,0.0266940043,0.0454403822,0.7470519581,0.6626733766,0.04263753023 0 0 0 0 0 0 0.04263753023 0 0 0 0 0 0 0.09393524456 0 0 0 0 0 0 0.0007459676401 0 0 0 0 0 0 0.0007459676401 0 0 0 0 0 0 0.001298813444
894,1785497149.804611683,map,8.1115064621,6.9361486435,-1.4540237188,0.0263377201,0.0455290458,0.7469775482,0.6627654016,0.04274731817 0 0 0 0 0 0 0.04274731817 0 0 0 0 0 0 0.09409816733 0 0 0 0 0 0 0.0007485026823 0 0 0 0 0 0 0.0007485026823 0 0 0 0 0 0 0.001302157776
895,1785497149.904792786,map,8.1147441864,6.9417405128,-1.4539639950,0.0261603750,0.0453322659,0.7469534477,0.6628130589,0.04273368122 0 0 0 0 0 0 0.04273368122 0 0 0 0 0 0 0.09407793413 0 0 0 0 0 0 0.0007481877438 0 0 0 0 0 0 0.0007481877438 0 0 0 0 0 0 0.001301742371
896,1785497150.004902840,map,8.1337003708,6.8589920998,-1.4579788446,0.0254540787,0.0454442065,0.7459789480,0.6639294463,0.04255212694 0 0 0 0 0 0 0.04255212694 0 0 0 0 0 0 0.09380846072 0 0 0 0 0 0 0.0007439963689 0 0 0 0 0 0 0.0007439963689 0 0 0 0 0 0 0.001296211911
897,1785497150.104666233,map,8.1139202118,6.9481921196,-1.4517215490,0.0264056567,0.0455732660,0.7466565706,0.6631212632,0.04267534673 0 0 0 0 0 0 0.04267534673 0 0 0 0 0 0 0.09399137109 0 0 0 0 0 0 0.000746840719 0 0 0 0 0 0 0.000746840719 0 0 0 0 0 0 0.001299965401
898,1785497150.204605818,map,8.1086502075,6.9530630112,-1.4494969845,0.0264893197,0.0454449874,0.7467181193,0.6630573856,0.04262151856 0 0 0 0 0 0 0.04262151856 0 0 0 0 0 0 0.09391147789 0 0 0 0 0 0 0.0007455980121 0 0 0 0 0 0 0.0007455980121 0 0 0 0 0 0 0.001298325701
899,1785497150.304794312,map,8.1092643738,6.9558196068,-1.4507671595,0.0264611733,0.0454831483,0.7468117819,0.6629504232,0.04270559132 0 0 0 0 0 0 0.04270559132 0 0 0 0 0 0 0.0940362537 0 0 0 0 0 0 0.0007475390721 0 0 0 0 0 0 0.0007475390721 0 0 0 0 0 0 0.001300886704
900,1785497150.404901028,map,8.1102218628,6.9594712257,-1.4521405697,0.0264920082,0.0456955982,0.7468393217,0.6629035106,0.04264032258 0 0 0 0 0 0 0.04264032258 0 0 0 0 0 0 0.0939393892 0 0 0 0 0 0 0.0007460321038 0 0 0 0 0 0 0.0007460321038 0 0 0 0 0 0 0.001298898504
901,1785497150.504719257,map,8.1127138138,6.9596152306,-1.4521738291,0.0264435713,0.0456307133,0.7468356201,0.6629141387,0.0426987807 0 0 0 0 0 0 0.0426987807 0 0 0 0 0 0 0.09402614727 0 0 0 0 0 0 0.0007473818068 0 0 0 0 0 0 0.0007473818068 0 0 0 0 0 0 0.00130067924
902,1785497150.604589939,map,8.1149244308,6.9526419640,-1.4512668848,0.0265733868,0.0456933578,0.7468073475,0.6629364817,0.04248169222 0 0 0 0 0 0 0.04248169222 0 0 0 0 0 0 0.09370386695 0 0 0 0 0 0 0.0007423710772 0 0 0 0 0 0 0.0007423710772 0 0 0 0 0 0 0.001294066347
903,1785497150.704722404,map,8.1159839630,6.9468431473,-1.4509327412,0.0264413803,0.0456827859,0.7468515953,0.6628926365,0.04281908495 0 0 0 0 0 0 0.04281908495 0 0 0 0 0 0 0.09420463071 0 0 0 0 0 0 0.0007501603642 0 0 0 0 0 0 0.0007501603642 0 0 0 0 0 0 0.001304343918
904,1785497150.804867744,map,8.1178388596,6.9410467148,-1.4511839151,0.0263218545,0.0456630634,0.7469240722,0.6628170817,0.04275294662 0 0 0 0 0 0 0.04275294662 0 0 0 0 0 0 0.09410651798 0 0 0 0 0 0 0.0007486326732 0 0 0 0 0 0 0.0007486326732 0 0 0 0 0 0 0.001302329229
905,1785497150.904790401,map,8.1212348938,6.9310479164,-1.4503326416,0.0259211533,0.0456583266,0.7469516434,0.6628020919,0.04264599302 0 0 0 0 0 0 0.04264599302 0 0 0 0 0 0 0.09394780558 0 0 0 0 0 0 0.000746163012 0 0 0 0 0 0 0.000746163012 0 0 0 0 0 0 0.001299071236
906,1785497151.004589319,map,8.1155071259,6.9302692413,-1.4524409771,0.0261855094,0.0455929655,0.7468882177,0.6628676942,0.04274606103 0 0 0 0 0 0 0.04274606103 0 0 0 0 0 0 0.09409630215 0 0 0 0 0 0 0.0007484736486 0 0 0 0 0 0 0.0007484736486 0 0 0 0 0 0 0.001302119482
907,1785497151.104665041,map,8.1103992462,6.9286236763,-1.4528645277,0.0260034026,0.0454749862,0.7468985979,0.6628712502,0.04250044899 0 0 0 0 0 0 0.04250044899 0 0 0 0 0 0 0.09373172304 0 0 0 0 0 0 0.0007428038503 0 0 0 0 0 0 0.0007428038503 0 0 0 0 0 0 0.001294637711
908,1785497151.204893589,map,8.1080255508,6.9304375648,-1.4504579306,0.0262908001,0.0455671106,0.7468794808,0.6628751490,0.04287520374 0 0 0 0 0 0 0.04287520374 0 0 0 0 0 0 0.09428786061 0 0 0 0 0 0 0.0007514569143 0 0 0 0 0 0 0.0007514569143 0 0 0 0 0 0 0.001306053394
909,1785497151.304660559,map,8.1213378906,6.8944363594,-1.4513486624,0.0258742925,0.0457121203,0.7463383457,0.6634907968,0.04266284783 0 0 0 0 0 0 0.04266284783 0 0 0 0 0 0 0.09397282136 0 0 0 0 0 0 0.0007465521402 0 0 0 0 0 0 0.0007465521402 0 0 0 0 0 0 0.001299584663
910,1785497151.404676437,map,8.1262426376,6.8775262833,-1.4573774338,0.0252246574,0.0457775797,0.7461544268,0.6637181062,0.04281013039 0 0 0 0 0 0 0.04281013039 0 0 0 0 0 0 0.09419134853 0 0 0 0 0 0 0.0007499535058 0 0 0 0 0 0 0.0007499535058 0 0 0 0 0 0 0.001304071146
911,1785497151.504623890,map,8.1023015976,6.9130778313,-1.4538329840,0.0256963893,0.0457274295,0.7466886892,0.6631023183,0.04284052027 0 0 0 0 0 0 0.04284052027 0 0 0 0 0 0 0.09423642359 0 0 0 0 0 0 0.000750655567 0 0 0 0 0 0 0.000750655567 0 0 0 0 0 0 0.001304996875
912,1785497151.604801655,map,8.1049346924,6.9312481880,-1.4510529041,0.0262311032,0.0454144460,0.7469352789,0.6628251118,0.04284384197 0 0 0 0 0 0 0.04284384197 0 0 0 0 0 0 0.09424135009 0 0 0 0 0 0 0.0007507323088 0 0 0 0 0 0 0.0007507323088 0 0 0 0 0 0 0.001305098059
913,1785497151.704992294,map,8.1020698547,6.9356055260,-1.4532468319,0.0266821776,0.0455615413,0.7470456848,0.6626725783,0.04259589277 0 0 0 0 0 0 0.04259589277 0 0 0 0 0 0 0.09387343765 0 0 0 0 0 0 0.0007450064892 0 0 0 0 0 0 0.0007450064892 0 0 0 0 0 0 0.001297545095
914,1785497151.804728985,map,8.0996532440,6.9437499046,-1.4516476393,0.0265895351,0.0454929666,0.7471370717,0.6625780006,0.04263182569 0 0 0 0 0 0 0.04263182569 0 0 0 0 0 0 0.09392677729 0 0 0 0 0 0 0.0007458359489 0 0 0 0 0 0 0.0007458359489 0 0 0 0 0 0 0.001298639674
915,1785497151.904626608,map,8.0953950882,6.9583659172,-1.4518362284,0.0270250056,0.0456267339,0.7471644750,0.6625202741,0.04266857919 0 0 0 0 0 0 0.04266857919 0 0 0 0 0 0 0.09398132743 0 0 0 0 0 0 0.000746684466 0 0 0 0 0 0 0.000746684466 0 0 0 0 0 0 0.00129975925
916,1785497152.004695654,map,8.0970268250,6.9557008743,-1.4514862299,0.0269469487,0.0456638270,0.7472696576,0.6624022739,0.04252125813 0 0 0 0 0 0 0.04252125813 0 0 0 0 0 0 0.0937626248 0 0 0 0 0 0 0.0007432840134 0 0 0 0 0 0 0.0007432840134 0 0 0 0 0 0 0.001295271594
917,1785497152.105019093,map,8.1397857666,6.9431838989,-1.4543993473,0.0265665488,0.0456988452,0.7472525699,0.6624344911,0.04276948594 0 0 0 0 0 0 0.04276948594 0 0 0 0 0 0 0.09413105551 0 0 0 0 0 0 0.0007490146701 0 0 0 0 0 0 0.0007490146701 0 0 0 0 0 0 0.001302833045
918,1785497152.304612637,map,8.1096134186,6.9576339722,-1.4527009726,0.0268690832,0.0458255465,0.7473497808,0.6623038622,0.04269801953 0 0 0 0 0 0 0.04269801953 0 0 0 0 0 0 0.09402501774 0 0 0 0 0 0 0.0007473642307 0 0 0 0 0 0 0.0007473642307 0 0 0 0 0 0 0.001300656054
919,1785497152.404641390,map,8.1063919067,6.9601378441,-1.4540972710,0.0267552880,0.0457033484,0.7473645992,0.6623001611,0.04272105745 0 0 0 0 0 0 0.04272105745 0 0 0 0 0 0 0.09405920325 0 0 0 0 0 0 0.0007478962185 0 0 0 0 0 0 0.0007478962185 0 0 0 0 0 0 0.001301357829
920,1785497152.504827976,map,8.1161069870,6.9530539513,-1.4532057047,0.0266505218,0.0456599061,0.7472359478,0.6624525371,0.04273569325 0 0 0 0 0 0 0.04273569325 0 0 0 0 0 0 0.09408091945 0 0 0 0 0 0 0.0007482342095 0 0 0 0 0 0 0.0007482342095 0 0 0 0 0 0 0.001301803661
921,1785497152.604788780,map,8.1146125793,6.9493970871,-1.4521857500,0.0264577113,0.0456005527,0.7472027718,0.6625017731,0.0427296756 0 0 0 0 0 0 0.0427296756 0 0 0 0 0 0 0.09407199077 0 0 0 0 0 0 0.000748095239 0 0 0 0 0 0 0.000748095239 0 0 0 0 0 0 0.001301620353
922,1785497152.704608917,map,8.1152610779,6.9288306236,-1.4525809288,0.0264671384,0.0454624298,0.7468844572,0.6628696949,0.04276532669 0 0 0 0 0 0 0.04276532669 0 0 0 0 0 0 0.09412488505 0 0 0 0 0 0 0.0007489186047 0 0 0 0 0 0 0.0007489186047 0 0 0 0 0 0 0.001302706347
923,1785497152.804603815,map,8.1086864471,6.9357142448,-1.4519982338,0.0266271602,0.0455807554,0.7470117661,0.6627116840,0.04264752116 0 0 0 0 0 0 0.04264752116 0 0 0 0 0 0 0.0939500737 0 0 0 0 0 0 0.0007461982913 0 0 0 0 0 0 0.0007461982913 0 0 0 0 0 0 0.001299117786
924,1785497152.904983759,map,8.1102800369,6.9354262352,-1.4511831999,0.0266910367,0.0455513212,0.7470615252,0.6626550766,0.04269819611 0 0 0 0 0 0 0.04269819611 0 0 0 0 0 0 0.09402527978 0 0 0 0 0 0 0.0007473683082 0 0 0 0 0 0 0.0007473683082 0 0 0 0 0 0 0.001300661433
925,1785497153.004834652,map,8.1103849411,6.9351825714,-1.4502081871,0.0266805095,0.0456510981,0.7471115293,0.6625922561,0.04267251792 0 0 0 0 0 0 0.04267251792 0 0 0 0 0 0 0.0939871729 0 0 0 0 0 0 0.0007467754052 0 0 0 0 0 0 0.0007467754052 0 0 0 0 0 0 0.00129987923
926,1785497153.104673386,map,8.1094131470,6.9383063316,-1.4536331892,0.0269836070,0.0457307959,0.7471370443,0.6625456751,0.04267476568 0 0 0 0 0 0 0.04267476568 0 0 0 0 0 0 0.09399050877 0 0 0 0 0 0 0.0007468273033 0 0 0 0 0 0 0.0007468273033 0 0 0 0 0 0 0.001299947701
927,1785497153.204589844,map,8.1025953293,6.9563283920,-1.4538265467,0.0269414443,0.0457694579,0.7474576916,0.6621830064,0.04265260189 0 0 0 0 0 0 0.04265260189 0 0 0 0 0 0 0.09395761461 0 0 0 0 0 0 0.0007463155886 0 0 0 0 0 0 0.0007463155886 0 0 0 0 0 0 0.001299272554
928,1785497153.304753065,map,8.1041421890,6.9593772888,-1.4498486519,0.0271716282,0.0459035701,0.7474430073,0.6621808841,0.04255585273 0 0 0 0 0 0 0.04255585273 0 0 0 0 0 0 0.09381399264 0 0 0 0 0 0 0.0007440823541 0 0 0 0 0 0 0.0007440823541 0 0 0 0 0 0 0.001296325405
929,1785497153.404935598,map,8.1091432571,6.9599351883,-1.4505794048,0.0271133958,0.0458452606,0.7473546322,0.6622870215,0.04277138894 0 0 0 0 0 0 0.04277138894 0 0 0 0 0 0 0.09413387869 0 0 0 0 0 0 0.000749058624 0 0 0 0 0 0 0.000749058624 0 0 0 0 0 0 0.001302891014
930,1785497153.504787445,map,8.1162672043,6.9538989067,-1.4495561123,0.0270427223,0.0457174195,0.7472904687,0.6623711448,0.04239592573 0 0 0 0 0 0 0.04239592573 0 0 0 0 0 0 0.0935764676 0 0 0 0 0 0 0.0007403925848 0 0 0 0 0 0 0.0007403925848 0 0 0 0 0 0 0.00129145375
931,1785497153.604598522,map,8.1195354462,6.9526982307,-1.4519045353,0.0269468291,0.0456310037,0.7473475264,0.6623166668,0.04279847851 0 0 0 0 0 0 0.04279847851 0 0 0 0 0 0 0.09417406479 0 0 0 0 0 0 0.0007496843475 0 0 0 0 0 0 0.0007496843475 0 0 0 0 0 0 0.001303716209
932,1785497153.704653740,map,8.1154098511,6.9515810013,-1.4507101774,0.0268569797,0.0455762456,0.7473164288,0.6623591821,0.04283992025 0 0 0 0 0 0 0.04283992025 0 0 0 0 0 0 0.09423553367 0 0 0 0 0 0 0.0007506417046 0 0 0 0 0 0 0.0007506417046 0 0 0 0 0 0 0.001304978597
933,1785497153.804925919,map,8.1133222580,6.9550938606,-1.4513645172,0.0267814636,0.0454722662,0.7472739809,0.6624172657,0.04264722031 0 0 0 0 0 0 0.04264722031 0 0 0 0 0 0 0.09394962717 0 0 0 0 0 0 0.0007461913457 0 0 0 0 0 0 0.0007461913457 0 0 0 0 0 0 0.001299108621
934,1785497153.904572725,map,8.1151494980,6.9575991631,-1.4498577118,0.0268118463,0.0453484806,0.7472993863,0.6623958626,0.04261359924 0 0 0 0 0 0 0.04261359924 0 0 0 0 0 0 0.09389972245 0 0 0 0 0 0 0.0007454152036 0 0 0 0 0 0 0.0007454152036 0 0 0 0 0 0 0.001298084465
935,1785497154.004580975,map,8.1181745529,6.9577417374,-1.4540331364,0.0265233847,0.0453338034,0.7473772033,0.6623206533,0.04260727918 0 0 0 0 0 0 0.04260727918 0 0 0 0 0 0 0.09389034069 0 0 0 0 0 0 0.000745269316 0 0 0 0 0 0 0.000745269316 0 0 0 0 0 0 0.001297891945
936,1785497154.104624271,map,8.1224937439,6.9579405785,-1.4535697699,0.0263875740,0.0452135936,0.7473214413,0.6623972503,0.04273472652 0 0 0 0 0 0 0.04273472652 0 0 0 0 0 0 0.09407948508 0 0 0 0 0 0 0.0007482118839 0 0 0 0 0 0 0.0007482118839 0 0 0 0 0 0 0.001301774213
937,1785497154.204832554,map,8.1650085449,6.9029502869,-1.4587049484,0.0253177887,0.0450259007,0.7466905735,0.6631627888,0.04248397434 0 0 0 0 0 0 0.04248397434 0 0 0 0 0 0 0.09370725628 0 0 0 0 0 0 0.0007424237307 0 0 0 0 0 0 0.0007424237307 0 0 0 0 0 0 0.001294135865
938,1785497154.404561281,map,8.1495161057,6.9079232216,-1.4586308002,0.0255421881,0.0449815081,0.7466231188,0.6632331213,0.04251508183 0 0 0 0 0 0 0.04251508183 0 0 0 0 0 0 0.0937534532 0 0 0 0 0 0 0.0007431414938 0 0 0 0 0 0 0.0007431414938 0 0 0 0 0 0 0.001295083453
939,1785497154.504654169,map,8.1256456375,6.9451694489,-1.4540812969,0.0265743550,0.0453218033,0.7468950706,0.6628630886,0.04293154284 0 0 0 0 0 0 0.04293154284 0 0 0 0 0 0 0.09437139942 0 0 0 0 0 0 0.0007527588262 0 0 0 0 0 0 0.0007527588262 0 0 0 0 0 0 0.001307769581
940,1785497154.605011940,map,8.1222181320,6.9481325150,-1.4535268545,0.0265625461,0.0453345043,0.7469189877,0.6628357383,0.04277374562 0 0 0 0 0 0 0.04277374562 0 0 0 0 0 0 0.09413737488 0 0 0 0 0 0 0.0007491130568 0 0 0 0 0 0 0.0007491130568 0 0 0 0 0 0 0.001302962803
941,1785497154.704913616,map,8.1122732162,6.9592394829,-1.4524186850,0.0266910803,0.0453067808,0.7471342797,0.6625897907,0.04271627907 0 0 0 0 0 0 0.04271627907 0 0 0 0 0 0 0.09405211296 0 0 0 0 0 0 0.0007477858733 0 0 0 0 0 0 0.0007477858733 0 0 0 0 0 0 0.001301212271
942,1785497154.804617643,map,8.1135454178,6.9599971771,-1.4525475502,0.0264283609,0.0453141949,0.7471895476,0.6625374898,0.0428946388 0 0 0 0 0 0 0.0428946388 0 0 0 0 0 0 0.09431668067 0 0 0 0 0 0 0.0007519059987 0 0 0 0 0 0 0.0007519059987 0 0 0 0 0 0 0.00130664542
943,1785497154.904589653,map,8.1143064499,6.9551024437,-1.4526671171,0.0263301200,0.0455278183,0.7472217373,0.6624904819,0.04282724639 0 0 0 0 0 0 0.04282724639 0 0 0 0 0 0 0.09421673607 0 0 0 0 0 0 0.0007503489066 0 0 0 0 0 0 0.0007503489066 0 0 0 0 0 0 0.001304592529
944,1785497155.004757404,map,8.1169834137,6.9492554665,-1.4505438805,0.0265886290,0.0454385872,0.7471290236,0.6625908420,0.0428327938 0 0 0 0 0 0 0.0428327938 0 0 0 0 0 0 0.09422496398 0 0 0 0 0 0 0.000750477064 0 0 0 0 0 0 0.000750477064 0 0 0 0 0 0 0.001304761513
945,1785497155.104776859,map,8.1176156998,6.9443745613,-1.4514843225,0.0266436800,0.0454545377,0.7471505058,0.6625632950,0.04262291459 0 0 0 0 0 0 0.04262291459 0 0 0 0 0 0 0.09391355014 0 0 0 0 0 0 0.0007456302386 0 0 0 0 0 0 0.0007456302386 0 0 0 0 0 0 0.001298368227
946,1785497155.204527140,map,8.1168308258,6.9408702850,-1.4504917860,0.0262606728,0.0455010457,0.7471977785,0.6625220748,0.04275541203 0 0 0 0 0 0 0.04275541203 0 0 0 0 0 0 0.09411017574 0 0 0 0 0 0 0.0007486896136 0 0 0 0 0 0 0.0007486896136 0 0 0 0 0 0 0.00130240433
947,1785497155.304631472,map,8.1133251190,6.9455757141,-1.4529734850,0.0265410090,0.0453874971,0.7472395995,0.6624715147,0.04267416436 0 0 0 0 0 0 0.04267416436 0 0 0 0 0 0 0.09398961636 0 0 0 0 0 0 0.0007468134194 0 0 0 0 0 0 0.0007468134194 0 0 0 0 0 0 0.001299929384
948,1785497155.404851675,map,8.1063718796,6.9481706619,-1.4526945353,0.0267369072,0.0453400709,0.7472306265,0.6624770171,0.04259202755 0 0 0 0 0 0 0.04259202755 0 0 0 0 0 0 0.09386769959 0 0 0 0 0 0 0.0007449172729 0 0 0 0 0 0 0.0007449172729 0 0 0 0 0 0 0.001297427354
949,1785497155.604584932,map,8.1173877716,6.9352216721,-1.4529861212,0.0265286941,0.0453600931,0.7471198316,0.6626089864,0.04279130171 0 0 0 0 0 0 0.04279130171 0 0 0 0 0 0 0.09416341876 0 0 0 0 0 0 0.0007495185694 0 0 0 0 0 0 0.0007495185694 0 0 0 0 0 0 0.001303497592
950,1785497155.704611540,map,8.1168079376,6.9399867058,-1.4533990622,0.0263185068,0.0452298147,0.7471871790,0.6625503194,0.04269814432 0 0 0 0 0 0 0.04269814432 0 0 0 0 0 0 0.09402520292 0 0 0 0 0 0 0.0007473671122 0 0 0 0 0 0 0.0007473671122 0 0 0 0 0 0 0.001300659855
951,1785497155.804834366,map,8.1278657913,6.9380254745,-1.4534586668,0.0264807129,0.0452962406,0.7472969324,0.6624155251,0.04278774186 0 0 0 0 0 0 0.04278774186 0 0 0 0 0 0 0.09415813797 0 0 0 0 0 0 0.0007494363414 0 0 0 0 0 0 0.0007494363414 0 0 0 0 0 0 0.001303389152
952,1785497156.004712582,map,8.1240634918,6.9446058273,-1.4516407251,0.0266745280,0.0452734134,0.7472184397,0.6624978327,0.04260804195 0 0 0 0 0 0 0.04260804195 0 0 0 0 0 0 0.09389147298 0 0 0 0 0 0 0.0007452869229 0 0 0 0 0 0 0.0007452869229 0 0 0 0 0 0 0.00129791518
953,1785497156.104463339,map,8.1181077957,6.9431300163,-1.4515477419,0.0266518497,0.0454772994,0.7471915606,0.6625151038,0.0426186879 0 0 0 0 0 0 0.0426186879 0 0 0 0 0 0 0.0939072761 0 0 0 0 0 0 0.0007455326689 0 0 0 0 0 0 0.0007455326689 0 0 0 0 0 0 0.001298239474
954,1785497156.205120564,map,8.1209745407,6.9387197495,-1.4513936043,0.0265526459,0.0454340173,0.7471509727,0.6625678070,0.04279504466 0 0 0 0 0 0 0.04279504466 0 0 0 0 0 0 0.09416897107 0 0 0 0 0 0 0.0007496050279 0 0 0 0 0 0 0.0007496050279 0 0 0 0 0 0 0.001303611608
955,1785497156.304843664,map,8.1186752319,6.9370994568,-1.4533079863,0.0267003804,0.0454665446,0.7470557937,0.6626669623,0.04255361642 0 0 0 0 0 0 0.04255361642 0 0 0 0 0 0 0.09381067226 0 0 0 0 0 0 0.0007440307435 0 0 0 0 0 0 0.0007440307435 0 0 0 0 0 0 0.001296257283
956,1785497156.404601097,map,8.1210699081,6.9324593544,-1.4530467987,0.0265870681,0.0455224557,0.7470669803,0.6626551047,0.04278086345 0 0 0 0 0 0 0.04278086345 0 0 0 0 0 0 0.09414793415 0 0 0 0 0 0 0.000749277462 0 0 0 0 0 0 0.000749277462 0 0 0 0 0 0 0.001303179624
957,1785497156.504559994,map,8.1175537109,6.9398355484,-1.4524216652,0.0266941850,0.0455310413,0.7471526652,0.6625535820,0.04275982595 0 0 0 0 0 0 0.04275982595 0 0 0 0 0 0 0.09411672427 0 0 0 0 0 0 0.0007487915575 0 0 0 0 0 0 0.0007487915575 0 0 0 0 0 0 0.001302538785
958,1785497156.604955196,map,8.1133470535,6.9466743469,-1.4524677992,0.0266702460,0.0455198515,0.7472078485,0.6624930840,0.04274931488 0 0 0 0 0 0 0.04274931488 0 0 0 0 0 0 0.09410112978 0 0 0 0 0 0 0.0007485487968 0 0 0 0 0 0 0.0007485487968 0 0 0 0 0 0 0.0013022186
959,1785497156.704623699,map,8.1079769135,6.9513897896,-1.4534666538,0.0269600941,0.0454095563,0.7471736681,0.6625274390,0.04289462723 0 0 0 0 0 0 0.04289462723 0 0 0 0 0 0 0.0943166635 0 0 0 0 0 0 0.0007519057312 0 0 0 0 0 0 0.0007519057312 0 0 0 0 0 0 0.001306645067
960,1785497156.804605484,map,8.1012105942,6.9538655281,-1.4505469799,0.0270404627,0.0455370466,0.7471627973,0.6625276850,0.04237955702 0 0 0 0 0 0 0.04237955702 0 0 0 0 0 0 0.09355214839 0 0 0 0 0 0 0.0007400150584 0 0 0 0 0 0 0.0007400150584 0 0 0 0 0 0 0.001290955131
961,1785497156.904532433,map,8.0988721848,6.9586634636,-1.4529781342,0.0267774473,0.0455427946,0.7471852014,0.6625127253,0.04268770495 0 0 0 0 0 0 0.04268770495 0 0 0 0 0 0 0.09400971117 0 0 0 0 0 0 0.0007471260631 0 0 0 0 0 0 0.0007471260631 0 0 0 0 0 0 0.001300341854
962,1785497157.004705191,map,8.0955648422,6.9607763290,-1.4488831758,0.0269308803,0.0455988452,0.7471916714,0.6624953220,0.0427457903 0 0 0 0 0 0 0.0427457903 0 0 0 0 0 0 0.09409590049 0 0 0 0 0 0 0.0007484673962 0 0 0 0 0 0 0.0007484673962 0 0 0 0 0 0 0.001302111235
963,1785497157.104868174,map,8.0957317352,6.9616932869,-1.4513003826,0.0269643441,0.0456563585,0.7472104802,0.6624688141,0.04275795166 0 0 0 0 0 0 0.04275795166 0 0 0 0 0 0 0.09411394357 0 0 0 0 0 0 0.0007487482687 0 0 0 0 0 0 0.0007487482687 0 0 0 0 0 0 0.001302481691
964,1785497157.204738617,map,8.1032714844,6.9604034424,-1.4505667686,0.0267252896,0.0456501932,0.7472141758,0.6624747509,0.04280845461 0 0 0 0 0 0 0.04280845461 0 0 0 0 0 0 0.09418886283 0 0 0 0 0 0 0.0007499147947 0 0 0 0 0 0 0.0007499147947 0 0 0 0 0 0 0.001304020099
965,1785497157.304545164,map,8.1047248840,6.9668507576,-1.4511367083,0.0266528852,0.0456293530,0.7472580693,0.6624295760,0.04260203431 0 0 0 0 0 0 0.04260203431 0 0 0 0 0 0 0.0938825548 0 0 0 0 0 0 0.0007451482497 0 0 0 0 0 0 0.0007451482497 0 0 0 0 0 0 0.001297732177
966,1785497157.404679537,map,8.1028594971,6.9643721581,-1.4522882700,0.0264659213,0.0455336448,0.7472072381,0.6625010238,0.04264551646 0 0 0 0 0 0 0.04264551646 0 0 0 0 0 0 0.09394709825 0 0 0 0 0 0 0.0007461520101 0 0 0 0 0 0 0.0007461520101 0 0 0 0 0 0 0.001299056719
967,1785497157.504778385,map,8.1100425720,6.9589676857,-1.4527659416,0.0264129044,0.0455203146,0.7472062782,0.6625051455,0.04253291255 0 0 0 0 0 0 0.04253291255 0 0 0 0 0 0 0.09377993065 0 0 0 0 0 0 0.0007435529513 0 0 0 0 0 0 0.0007435529513 0 0 0 0 0 0 0.001295626608
968,1785497157.605028152,map,8.1112747192,6.9606213570,-1.4518138170,0.0263928140,0.0455608878,0.7471436132,0.6625737950,0.04268857642 0 0 0 0 0 0 0.04268857642 0 0 0 0 0 0 0.09401100443 0 0 0 0 0 0 0.0007471461853 0 0 0 0 0 0 0.0007471461853 0 0 0 0 0 0 0.0013003684
969,1785497157.704531908,map,8.1104335785,6.9606618881,-1.4511575699,0.0265280934,0.0455884865,0.7472157498,0.6624851412,0.04264488014 0 0 0 0 0 0 0.04264488014 0 0 0 0 0 0 0.0939461538 0 0 0 0 0 0 0.0007461373198 0 0 0 0 0 0 0.0007461373198 0 0 0 0 0 0 0.001299037336
970,1785497157.804710865,map,8.1109972000,6.9592261314,-1.4516707659,0.0267952800,0.0456005217,0.7471600042,0.6625364440,0.04265225253 0 0 0 0 0 0 0.04265225253 0 0 0 0 0 0 0.09395709609 0 0 0 0 0 0 0.0007463075229 0 0 0 0 0 0 0.0007463075229 0 0 0 0 0 0 0.001299261911
971,1785497157.904941082,map,8.1060743332,6.9593014717,-1.4546225071,0.0266794736,0.0455609967,0.7471358721,0.6625710667,0.04280638329 0 0 0 0 0 0 0.04280638329 0 0 0 0 0 0 0.09418579039 0 0 0 0 0 0 0.0007498669468 0 0 0 0 0 0 0.0007498669468 0 0 0 0 0 0 0.001303957003
972,1785497158.004737616,map,8.1086149216,6.9616374969,-1.4539594650,0.0266012761,0.0454162366,0.7470209930,0.6627136317,0.04254382391 0 0 0 0 0 0 0.04254382391 0 0 0 0 0 0 0.0937961324 0 0 0 0 0 0 0.0007438047528 0 0 0 0 0 0 0.0007438047528 0 0 0 0 0 0 0.001295958987
973,1785497158.104361057,map,8.1051826477,6.9617958069,-1.4531755447,0.0266209536,0.0453186781,0.7470318132,0.6627073640,0.04250304629 0 0 0 0 0 0 0.04250304629 0 0 0 0 0 0 0.09373558019 0 0 0 0 0 0 0.00074286378 0 0 0 0 0 0 0.00074286378 0 0 0 0 0 0 0.001294716829
974,1785497158.304794312,map,8.1022443771,6.9687609673,-1.4568883181,0.0273437206,0.0450449316,0.7469676989,0.6627688542,0.04270795355 0 0 0 0 0 0 0.04270795355 0 0 0 0 0 0 0.09403975901 0 0 0 0 0 0 0.0007475936199 0 0 0 0 0 0 0.0007475936199 0 0 0 0 0 0 0.001300958662
975,1785497158.404734135,map,8.1003236771,6.9752211571,-1.4575719833,0.0276504582,0.0449591024,0.7470588727,0.6626591847,0.04288855956 0 0 0 0 0 0 0.04288855956 0 0 0 0 0 0 0.09430766604 0 0 0 0 0 0 0.0007517655226 0 0 0 0 0 0 0.0007517655226 0 0 0 0 0 0 0.001306460235
976,1785497158.504541397,map,8.0990686417,6.9750127792,-1.4568638802,0.0277398078,0.0450261356,0.7471084991,0.6625949435,0.04261133301 0 0 0 0 0 0 0.04261133301 0 0 0 0 0 0 0.09389635839 0 0 0 0 0 0 0.0007453628911 0 0 0 0 0 0 0.0007453628911 0 0 0 0 0 0 0.001298015431
977,1785497158.604575634,map,8.0963401794,6.9696054459,-1.4573274851,0.0271991149,0.0451802719,0.7472458842,0.6624519241,0.04280827138 0 0 0 0 0 0 0.04280827138 0 0 0 0 0 0 0.09418859104 0 0 0 0 0 0 0.0007499105621 0 0 0 0 0 0 0.0007499105621 0 0 0 0 0 0 0.001304014517
978,1785497158.704791069,map,8.0959396362,6.9688944817,-1.4545667171,0.0267098275,0.0453282880,0.7473461830,0.6623485831,0.04247862704 0 0 0 0 0 0 0.04247862704 0 0 0 0 0 0 0.09369931458 0 0 0 0 0 0 0.0007423003573 0 0 0 0 0 0 0.0007423003573 0 0 0 0 0 0 0.001293972976
979,1785497158.804764986,map,8.1037206650,6.9671626091,-1.4518594742,0.0265071255,0.0454937245,0.7472907104,0.6624079596,0.04284795422 0 0 0 0 0 0 0.04284795422 0 0 0 0 0 0 0.09424744901 0 0 0 0 0 0 0.0007508273166 0 0 0 0 0 0 0.0007508273166 0 0 0 0 0 0 0.001305223326
980,1785497158.904570341,map,8.1087188721,6.9622225761,-1.4509773254,0.0261588190,0.0455272504,0.7472883486,0.6624221569,0.04268115049 0 0 0 0 0 0 0.04268115049 0 0 0 0 0 0 0.0939999842 0 0 0 0 0 0 0.0007469747227 0 0 0 0 0 0 0.0007469747227 0 0 0 0 0 0 0.001300142193
981,1785497159.004539490,map,8.1146478653,6.9546556473,-1.4500843287,0.0256391473,0.0457275766,0.7471830470,0.6625474420,0.04263426194 0 0 0 0 0 0 0.04263426194 0 0 0 0 0 0 0.09393039345 0 0 0 0 0 0 0.0007458921902 0 0 0 0 0 0 0.0007458921902 0 0 0 0 0 0 0.001298713887
982,1785497159.105870008,map,8.1251258850,6.9378561974,-1.4545401335,0.0249300046,0.0454606873,0.7470130660,0.6627844967,0.04263792562 0 0 0 0 0 0 0.04263792562 0 0 0 0 0 0 0.09393583144 0 0 0 0 0 0 0.0007459767681 0 0 0 0 0 0 0.0007459767681 0 0 0 0 0 0 0.001298825489
983,1785497159.204728127,map,8.1272754669,6.9408636093,-1.4543350935,0.0248908640,0.0454160546,0.7470701063,0.6627247365,0.04261530318 0 0 0 0 0 0 0.04261530318 0 0 0 0 0 0 0.0939022518 0 0 0 0 0 0 0.0007454545365 0 0 0 0 0 0 0.0007454545365 0 0 0 0 0 0 0.00129813637
984,1785497159.304553986,map,8.1169595718,6.9588170052,-1.4562579393,0.0260480320,0.0453700576,0.7470392930,0.6627181821,0.0425668809 0 0 0 0 0 0 0.0425668809 0 0 0 0 0 0 0.09383036641 0 0 0 0 0 0 0.0007443368736 0 0 0 0 0 0 0.0007443368736 0 0 0 0 0 0 0.001296661343
985,1785497159.404622078,map,8.1206626892,6.9561624527,-1.4526227713,0.0259454114,0.0453492415,0.7470022060,0.6627654072,0.04265064113 0 0 0 0 0 0 0.04265064113 0 0 0 0 0 0 0.09395470443 0 0 0 0 0 0 0.0007462703208 0 0 0 0 0 0 0.0007462703208 0 0 0 0 0 0 0.001299212825
986,1785497159.504715919,map,8.1058130264,6.9628152847,-1.4519070387,0.0269014358,0.0456131846,0.7469873381,0.6627259352,0.04271652341 0 0 0 0 0 0 0.04271652341 0 0 0 0 0 0 0.09405247552 0 0 0 0 0 0 0.0007477915156 0 0 0 0 0 0 0.0007477915156 0 0 0 0 0 0 0.001301219714
987,1785497159.604746580,map,8.0994787216,6.9651145935,-1.4547784328,0.0270326790,0.0456207970,0.7469613855,0.6627493202,0.04275442655 0 0 0 0 0 0 0.04275442655 0 0 0 0 0 0 0.09410871366 0 0 0 0 0 0 0.0007486668532 0 0 0 0 0 0 0.0007486668532 0 0 0 0 0 0 0.00130237431
988,1785497159.704550743,map,8.1027584076,6.9620895386,-1.4521930218,0.0266129235,0.0455312006,0.7469612230,0.6627726651,0.04284003478 0 0 0 0 0 0 0.04284003478 0 0 0 0 0 0 0.09423570353 0 0 0 0 0 0 0.0007506443506 0 0 0 0 0 0 0.0007506443506 0 0 0 0 0 0 0.001304982086
989,1785497159.804536819,map,8.1189365387,6.9396095276,-1.4509536028,0.0260277825,0.0454689094,0.7468080568,0.6629727454,0.0428572136 0 0 0 0 0 0 0.0428572136 0 0 0 0 0 0 0.09426118133 0 0 0 0 0 0 0.0007510412465 0 0 0 0 0 0 0.0007510412465 0 0 0 0 0 0 0.001305505383
990,1785497159.904679775,map,8.1168642044,6.9461765289,-1.4509741068,0.0257649309,0.0453324549,0.7468967047,0.6628924623,0.0426607899 0 0 0 0 0 0 0.0426607899 0 0 0 0 0 0 0.09396976709 0 0 0 0 0 0 0.0007465046273 0 0 0 0 0 0 0.0007465046273 0 0 0 0 0 0 0.001299521975
991,1785497160.004761457,map,8.1229438782,6.9508619308,-1.4504846334,0.0255435002,0.0451242981,0.7470030884,0.6627953641,0.04271346039 0 0 0 0 0 0 0.04271346039 0 0 0 0 0 0 0.09404793046 0 0 0 0 0 0 0.0007477207835 0 0 0 0 0 0 0.0007477207835 0 0 0 0 0 0 0.00130112641
992,1785497160.104570866,map,8.1247930527,6.9503755569,-1.4498832226,0.0253203269,0.0451391013,0.7470327910,0.6627694696,0.04275399451 0 0 0 0 0 0 0.04275399451 0 0 0 0 0 0 0.09410807267 0 0 0 0 0 0 0.000748656875 0 0 0 0 0 0 0.000748656875 0 0 0 0 0 0 0.001302361149
993,1785497160.204542160,map,8.1415052414,6.9468812943,-1.4540992975,0.0247211934,0.0448009013,0.7472284859,0.6625943785,0.0425344669 0 0 0 0 0 0 0.0425344669 0 0 0 0 0 0 0.09378223867 0 0 0 0 0 0 0.0007435888205 0 0 0 0 0 0 0.0007435888205 0 0 0 0 0 0 0.001295673956
994,1785497160.404960155,map,8.1234645844,6.9566574097,-1.4606587887,0.0259967177,0.0449042706,0.7471215627,0.6626591678,0.0427055922 0 0 0 0 0 0 0.0427055922 0 0 0 0 0 0 0.09403625501 0 0 0 0 0 0 0.0007475390926 0 0 0 0 0 0 0.0007475390926 0 0 0 0 0 0 0.001300886731
995,1785497160.504428148,map,8.1244449615,6.9551768303,-1.4545713663,0.0258395244,0.0449121719,0.7472238063,0.6625494507,0.042759045 0 0 0 0 0 0 0.042759045 0 0 0 0 0 0 0.09411556565 0 0 0 0 0 0 0.0007487735205 0 0 0 0 0 0 0.0007487735205 0 0 0 0 0 0 0.001302514996
996,1785497160.604481697,map,8.1247453690,6.9527106285,-1.4558323622,0.0259560331,0.0449071926,0.7471893735,0.6625840713,0.04263830486 0 0 0 0 0 0 0.04263830486 0 0 0 0 0 0 0.09393639434 0 0 0 0 0 0 0.0007459855231 0 0 0 0 0 0 0.0007459855231 0 0 0 0 0 0 0.001298837041
997,1785497160.704649687,map,8.1055793762,6.9793953896,-1.4566507339,0.0266644827,0.0449511873,0.7470837129,0.6626720766,0.0427454281 0 0 0 0 0 0 0.0427454281 0 0 0 0 0 0 0.0940953631 0 0 0 0 0 0 0.0007484590313 0 0 0 0 0 0 0.0007484590313 0 0 0 0 0 0 0.001302100202
998,1785497160.804833412,map,8.1103124619,6.9781541824,-1.4516649246,0.0265500980,0.0451223497,0.7470025280,0.6627565838,0.04276037798 0 0 0 0 0 0 0.04276037798 0 0 0 0 0 0 0.09411754325 0 0 0 0 0 0 0.0007488043071 0 0 0 0 0 0 0.0007488043071 0 0 0 0 0 0 0.001302555601
999,1785497160.904468775,map,8.1092910767,6.9771089554,-1.4491891861,0.0266785233,0.0452192014,0.7471000557,0.6626348829,0.04269523304 0 0 0 0 0 0 0.04269523304 0 0 0 0 0 0 0.09402088272 0 0 0 0 0 0 0.0007472998887 0 0 0 0 0 0 0.0007472998887 0 0 0 0 0 0 0.001300571173
1000,1785497161.004498720,map,8.1113042831,6.9730744362,-1.4504956007,0.0267015819,0.0452325365,0.7470495977,0.6626899517,0.04280128777 0 0 0 0 0 0 0.04280128777 0 0 0 0 0 0 0.09417823196 0 0 0 0 0 0 0.0007497492403 0 0 0 0 0 0 0.0007497492403 0 0 0 0 0 0 0.001303801784
1001,1785497161.104582310,map,8.1164855957,6.9748044014,-1.4520654678,0.0266236104,0.0451045102,0.7469702297,0.6627912653,0.04271894674 0 0 0 0 0 0 0.04271894674 0 0 0 0 0 0 0.09405607133 0 0 0 0 0 0 0.0007478474763 0 0 0 0 0 0 0.0007478474763 0 0 0 0 0 0 0.001301293533
1002,1785497161.204795599,map,8.1206178665,6.9702329636,-1.4547731876,0.0267691399,0.0453453888,0.7470224552,0.6627100805,0.04279272921 0 0 0 0 0 0 0.04279272921 0 0 0 0 0 0 0.09416553633 0 0 0 0 0 0 0.0007495515432 0 0 0 0 0 0 0.0007495515432 0 0 0 0 0 0 0.001303541076
1003,1785497161.304661751,map,8.1257905960,6.9699349403,-1.4570876360,0.0261381161,0.0448945551,0.7470361960,0.6627504711,0.04278263121 0 0 0 0 0 0 0.04278263121 0 0 0 0 0 0 0.09415055656 0 0 0 0 0 0 0.0007493182937 0 0 0 0 0 0 0.0007493182937 0 0 0 0 0 0 0.001303233473
1004,1785497161.404470205,map,8.1185684204,6.9719352722,-1.4538110495,0.0261589647,0.0451332218,0.7470661241,0.6626997260,0.04290113098 0 0 0 0 0 0 0.04290113098 0 0 0 0 0 0 0.09432630738 0 0 0 0 0 0 0.0007520560202 0 0 0 0 0 0 0.0007520560202 0 0 0 0 0 0 0.001306843183
1005,1785497161.504608393,map,8.1147623062,6.9747548103,-1.4521278143,0.0260323011,0.0451437522,0.7470968430,0.6626693459,0.0427770564 0 0 0 0 0 0 0.0427770564 0 0 0 0 0 0 0.09414228644 0 0 0 0 0 0 0.0007491895275 0 0 0 0 0 0 0.0007491895275 0 0 0 0 0 0 0.001303063655
1006,1785497161.604877710,map,8.1125097275,6.9749279022,-1.4522266388,0.0263106269,0.0450383605,0.7471267810,0.6626317628,0.04274961323 0 0 0 0 0 0 0.04274961323 0 0 0 0 0 0 0.09410157243 0 0 0 0 0 0 0.0007485556873 0 0 0 0 0 0 0.0007485556873 0 0 0 0 0 0 0.001302227688
1007,1785497161.704536676,map,8.1096572876,6.9727654457,-1.4511682987,0.0265025688,0.0451226029,0.7471546628,0.6625869317,0.04271535192 0 0 0 0 0 0 0.04271535192 0 0 0 0 0 0 0.0940507372 0 0 0 0 0 0 0.000747764463 0 0 0 0 0 0 0.000747764463 0 0 0 0 0 0 0.001301184029
1008,1785497161.804527521,map,8.1135253906,6.9720129967,-1.4523324966,0.0265692337,0.0450950230,0.7471974091,0.6625379776,0.04280954277 0 0 0 0 0 0 0.04280954277 0 0 0 0 0 0 0.09419047692 0 0 0 0 0 0 0.0007499399317 0 0 0 0 0 0 0.0007499399317 0 0 0 0 0 0 0.001304053246
1009,1785497161.904518366,map,8.1149749756,6.9709072113,-1.4514919519,0.0266369849,0.0452334855,0.7472121496,0.6625091730,0.04275751911 0 0 0 0 0 0 0.04275751911 0 0 0 0 0 0 0.09411330182 0 0 0 0 0 0 0.0007487382783 0 0 0 0 0 0 0.0007487382783 0 0 0 0 0 0 0.001302468515
1010,1785497162.004769564,map,8.1176881790,6.9710569382,-1.4511784315,0.0265688547,0.0451318354,0.7471959611,0.6625370878,0.04264841151 0 0 0 0 0 0 0.04264841151 0 0 0 0 0 0 0.09395139518 0 0 0 0 0 0 0.0007462188463 0 0 0 0 0 0 0.0007462188463 0 0 0 0 0 0 0.001299144907
1011,1785497162.104933500,map,8.1133708954,6.9740705490,-1.4510238171,0.0267135046,0.0453320506,0.7472466848,0.6624603874,0.04286109037 0 0 0 0 0 0 0.04286109037 0 0 0 0 0 0 0.09426693072 0 0 0 0 0 0 0.0007511308183 0 0 0 0 0 0 0.0007511308183 0 0 0 0 0 0 0.001305623476
1012,1785497162.204580545,map,8.1144256592,6.9720263481,-1.4521734715,0.0269286846,0.0453725799,0.7472755422,0.6624163602,0.04280426005 0 0 0 0 0 0 0.04280426005 0 0 0 0 0 0 0.09418264091 0 0 0 0 0 0 0.0007498178997 0 0 0 0 0 0 0.0007498178997 0 0 0 0 0 0 0.001303892325
1013,1785497162.304536343,map,8.1122026443,6.9739665985,-1.4515442848,0.0271023421,0.0454179835,0.7473228140,0.6623528449,0.04275989325 0 0 0 0 0 0 0.04275989325 0 0 0 0 0 0 0.09411682411 0 0 0 0 0 0 0.0007487931117 0 0 0 0 0 0 0.0007487931117 0 0 0 0 0 0 0.001302540835
1014,1785497162.404726982,map,8.1084661484,6.9738082886,-1.4509972334,0.0269470801,0.0453977362,0.7473216678,0.6623618564,0.04271236243 0 0 0 0 0 0 0.04271236243 0 0 0 0 0 0 0.09404630123 0 0 0 0 0 0 0.0007476954291 0 0 0 0 0 0 0.0007476954291 0 0 0 0 0 0 0.001301092964
1015,1785497162.504712582,map,8.1103439331,6.9719071388,-1.4524294138,0.0269000111,0.0454444150,0.7473415525,0.6623381315,0.04265945904 0 0 0 0 0 0 0.04265945904 0 0 0 0 0 0 0.09396779188 0 0 0 0 0 0 0.000746473901 0 0 0 0 0 0 0.000746473901 0 0 0 0 0 0 0.001299481434
1016,1785497162.604539633,map,8.1311683655,6.9634504318,-1.4538760185,0.0262334524,0.0449858594,0.7471247667,0.6626406496,0.04288706234 0 0 0 0 0 0 0.04288706234 0 0 0 0 0 0 0.09430544586 0 0 0 0 0 0 0.0007517309261 0 0 0 0 0 0 0.0007517309261 0 0 0 0 0 0 0.001306414627
1017,1785497162.804740429,map,8.1239614487,6.9625997543,-1.4536932707,0.0264591384,0.0450617762,0.7470871940,0.6626688892,0.04271728185 0 0 0 0 0 0 0.04271728185 0 0 0 0 0 0 0.09405360092 0 0 0 0 0 0 0.0007478090299 0 0 0 0 0 0 0.0007478090299 0 0 0 0 0 0 0.001301242818
1018,1785497162.904743195,map,8.1179199219,6.9668664932,-1.4530986547,0.0266563637,0.0451247840,0.7470806369,0.6626640742,0.04272221998 0 0 0 0 0 0 0.04272221998 0 0 0 0 0 0 0.09406092822 0 0 0 0 0 0 0.0007479230646 0 0 0 0 0 0 0.0007479230646 0 0 0 0 0 0 0.001301393242
1019,1785497163.004576206,map,8.1176481247,6.9711532593,-1.4527406693,0.0267600327,0.0452905271,0.7471901215,0.6625251548,0.04254195488 0 0 0 0 0 0 0.04254195488 0 0 0 0 0 0 0.09379335722 0 0 0 0 0 0 0.0007437616206 0 0 0 0 0 0 0.0007437616206 0 0 0 0 0 0 0.001295902053
1020,1785497163.104432106,map,8.1164312363,6.9699859619,-1.4543476105,0.0267998371,0.0452498849,0.7472396876,0.6624704195,0.04287620434 0 0 0 0 0 0 0.04287620434 0 0 0 0 0 0 0.09428934444 0 0 0 0 0 0 0.0007514800342 0 0 0 0 0 0 0.0007514800342 0 0 0 0 0 0 0.001306083873
1021,1785497163.204646349,map,8.1104669571,6.9725084305,-1.4546877146,0.0267453771,0.0451746962,0.7472700275,0.6624435226,0.04268887232 0 0 0 0 0 0 0.04268887232 0 0 0 0 0 0 0.09401144355 0 0 0 0 0 0 0.0007471530177 0 0 0 0 0 0 0.0007471530177 0 0 0 0 0 0 0.001300377414
1022,1785497163.304957390,map,8.1059713364,6.9759955406,-1.4526472092,0.0267366572,0.0452634898,0.7473014758,0.6624023653,0.04296269916 0 0 0 0 0 0 0.04296269916 0 0 0 0 0 0 0.09441758991 0 0 0 0 0 0 0.0007534789188 0 0 0 0 0 0 0.0007534789188 0 0 0 0 0 0 0.001308718657
1023,1785497163.404681444,map,8.1098012924,6.9763035774,-1.4527099133,0.0266342430,0.0452686335,0.7473603798,0.6623396698,0.0428737996 0 0 0 0 0 0 0.0428737996 0 0 0 0 0 0 0.09428577835 0 0 0 0 0 0 0.0007514244703 0 0 0 0 0 0 0.0007514244703 0 0 0 0 0 0 0.001306010621
1024,1785497163.504496336,map,8.1116724014,6.9770216942,-1.4538828135,0.0266793298,0.0452144457,0.7473115776,0.6623966415,0.04271095441 0 0 0 0 0 0 0.04271095441 0 0 0 0 0 0 0.09404421192 0 0 0 0 0 0 0.0007476629151 0 0 0 0 0 0 0.0007476629151 0 0 0 0 0 0 0.001301050073
1025,1785497163.604530573,map,8.1121101379,6.9770369530,-1.4541414976,0.0267401152,0.0451568566,0.7473618286,0.6623413965,0.04272236769 0 0 0 0 0 0 0.04272236769 0 0 0 0 0 0 0.09406114739 0 0 0 0 0 0 0.0007479264756 0 0 0 0 0 0 0.0007479264756 0 0 0 0 0 0 0.001301397741
1026,1785497163.704552650,map,8.1149930954,6.9738249779,-1.4533350468,0.0265357655,0.0451981605,0.7473537439,0.6623558989,0.04271322717 0 0 0 0 0 0 0.04271322717 0 0 0 0 0 0 0.09404758438 0 0 0 0 0 0 0.0007477153977 0 0 0 0 0 0 0.0007477153977 0 0 0 0 0 0 0.001301119305
1027,1785497163.804880857,map,8.1146993637,6.9703788757,-1.4547989368,0.0264808802,0.0451217046,0.7473349902,0.6623845035,0.04269466425 0 0 0 0 0 0 0.04269466425 0 0 0 0 0 0 0.09402003866 0 0 0 0 0 0 0.0007472867551 0 0 0 0 0 0 0.0007472867551 0 0 0 0 0 0 0.001300553846
1028,1785497163.904715061,map,8.1177339554,6.9667038918,-1.4541280270,0.0263361611,0.0450406472,0.7473043754,0.6624302832,0.04284582698 0 0 0 0 0 0 0.04284582698 0 0 0 0 0 0 0.09424429409 0 0 0 0 0 0 0.0007507781696 0 0 0 0 0 0 0.0007507781696 0 0 0 0 0 0 0.001305158526
1029,1785497164.004486561,map,8.1238946915,6.9723873138,-1.4547095299,0.0264082160,0.0451482407,0.7472479060,0.6624838128,0.04275353825 0 0 0 0 0 0 0.04275353825 0 0 0 0 0 0 0.09410739574 0 0 0 0 0 0 0.0007486463372 0 0 0 0 0 0 0.0007486463372 0 0 0 0 0 0 0.001302347251
1030,1785497164.104374647,map,8.1214151382,6.9734697342,-1.4544204473,0.0264717304,0.0451047225,0.7472259710,0.6625089635,0.04258273374 0 0 0 0 0 0 0.04258273374 0 0 0 0 0 0 0.09385390224 0 0 0 0 0 0 0.0007447027598 0 0 0 0 0 0 0.0007447027598 0 0 0 0 0 0 0.001297144248
1031,1785497164.204791784,map,8.1226835251,6.9748206139,-1.4543520212,0.0263706945,0.0450319998,0.7472250559,0.6625189682,0.04271949184 0 0 0 0 0 0 0.04271949184 0 0 0 0 0 0 0.09405688017 0 0 0 0 0 0 0.0007478600643 0 0 0 0 0 0 0.0007478600643 0 0 0 0 0 0 0.001301310138
1032,1785497164.304873466,map,8.1203575134,6.9670844078,-1.4537280798,0.0262502830,0.0450077600,0.7471520091,0.6626077931,0.04275096305 0 0 0 0 0 0 0.04275096305 0 0 0 0 0 0 0.09410357508 0 0 0 0 0 0 0.0007485868617 0 0 0 0 0 0 0.0007485868617 0 0 0 0 0 0 0.001302268806
1033,1785497164.404707909,map,8.1232175827,6.9593024254,-1.4549075365,0.0262982702,0.0449702831,0.7470484368,0.6627252100,0.0426599608 0 0 0 0 0 0 0.0426599608 0 0 0 0 0 0 0.09396853656 0 0 0 0 0 0 0.0007464854853 0 0 0 0 0 0 0.0007464854853 0 0 0 0 0 0 0.001299496719
1034,1785497164.504415035,map,8.1235065460,6.9611382484,-1.4544316530,0.0263350254,0.0450387486,0.7470095007,0.6627629846,0.04275205337 0 0 0 0 0 0 0.04275205337 0 0 0 0 0 0 0.09410519273 0 0 0 0 0 0 0.0007486120431 0 0 0 0 0 0 0.0007486120431 0 0 0 0 0 0 0.001302302019
1035,1785497164.604604483,map,8.1595354080,6.9436841011,-1.4556910992,0.0261715741,0.0451722898,0.7469840238,0.6627891000,0.04256328153 0 0 0 0 0 0 0.04256328153 0 0 0 0 0 0 0.09382502242 0 0 0 0 0 0 0.0007442538024 0 0 0 0 0 0 0.0007442538024 0 0 0 0 0 0 0.0012965517
1036,1785497164.804775476,map,8.1356000900,6.9670362473,-1.4574266672,0.0262235276,0.0449795619,0.7472140613,0.6625408016,0.04265403373 0 0 0 0 0 0 0.04265403373 0 0 0 0 0 0 0.09395973975 0 0 0 0 0 0 0.0007463486455 0 0 0 0 0 0 0.0007463486455 0 0 0 0 0 0 0.00129931617
1037,1785497164.904598236,map,8.1314296722,6.9694061279,-1.4553536177,0.0262702960,0.0449524378,0.7472939167,0.6624507207,0.04279760036 0 0 0 0 0 0 0.04279760036 0 0 0 0 0 0 0.09417276217 0 0 0 0 0 0 0.0007496640629 0 0 0 0 0 0 0.0007496640629 0 0 0 0 0 0 0.00130368946
1038,1785497165.004460335,map,8.1320466995,6.9687500000,-1.4541639090,0.0264719646,0.0450665543,0.7473069604,0.6624202153,0.04281114115 0 0 0 0 0 0 0.04281114115 0 0 0 0 0 0 0.09419284781 0 0 0 0 0 0 0.000749976855 0 0 0 0 0 0 0.000749976855 0 0 0 0 0 0 0.001304101936
1039,1785497165.104662895,map,8.1305084229,6.9721636772,-1.4537987709,0.0264381980,0.0449429516,0.7472828788,0.6624571357,0.04260157384 0 0 0 0 0 0 0.04260157384 0 0 0 0 0 0 0.09388187124 0 0 0 0 0 0 0.0007451376209 0 0 0 0 0 0 0.0007451376209 0 0 0 0 0 0 0.00129771815
1040,1785497165.204831362,map,8.1301927567,6.9728131294,-1.4560997486,0.0262720067,0.0450816798,0.7472611654,0.6624788376,0.04281298944 0 0 0 0 0 0 0.04281298944 0 0 0 0 0 0 0.09419558937 0 0 0 0 0 0 0.0007500195517 0 0 0 0 0 0 0.0007500195517 0 0 0 0 0 0 0.001304158238
1041,1785497165.304634333,map,8.1326551437,6.9728412628,-1.4553705454,0.0262142326,0.0450670126,0.7472142143,0.6625350622,0.04267348337 0 0 0 0 0 0 0.04267348337 0 0 0 0 0 0 0.09398860572 0 0 0 0 0 0 0.0007467976963 0 0 0 0 0 0 0.0007467976963 0 0 0 0 0 0 0.00129990864
1042,1785497165.405347347,map,8.1316232681,6.9723477364,-1.4566513300,0.0259292721,0.0448596617,0.7472535407,0.6625160077,0.04271001935 0 0 0 0 0 0 0.04271001935 0 0 0 0 0 0 0.09404282442 0 0 0 0 0 0 0.0007476413229 0 0 0 0 0 0 0.0007476413229 0 0 0 0 0 0 0.001301021589
1043,1785497165.504518986,map,8.1254835129,6.9762735367,-1.4558416605,0.0258765939,0.0448979623,0.7472254753,0.6625470934,0.04269660791 0 0 0 0 0 0 0.04269660791 0 0 0 0 0 0 0.09402292297 0 0 0 0 0 0 0.0007473316353 0 0 0 0 0 0 0.0007473316353 0 0 0 0 0 0 0.001300613053
1044,1785497165.604847431,map,8.1260938644,6.9819264412,-1.4556165934,0.0259871114,0.0449134130,0.7471718626,0.6626021526,0.04265272922 0 0 0 0 0 0 0.04265272922 0 0 0 0 0 0 0.09395780359 0 0 0 0 0 0 0.0007463185281 0 0 0 0 0 0 0.0007463185281 0 0 0 0 0 0 0.001299276432
1045,1785497165.704879284,map,8.1231851578,6.9812607765,-1.4554686546,0.0260780096,0.0448573716,0.7472530838,0.6625108093,0.0427299459 0 0 0 0 0 0 0.0427299459 0 0 0 0 0 0 0.09407239184 0 0 0 0 0 0 0.0007481014813 0 0 0 0 0 0 0.0007481014813 0 0 0 0 0 0 0.001301628587
1046,1785497165.804675102,map,8.1210670471,6.9816865921,-1.4543476105,0.0260232042,0.0450433931,0.7473659118,0.6623730486,0.04274252075 0 0 0 0 0 0 0.04274252075 0 0 0 0 0 0 0.0940910495 0 0 0 0 0 0 0.0007483918865 0 0 0 0 0 0 0.0007483918865 0 0 0 0 0 0 0.001302011639
1047,1785497165.904490948,map,8.1176958084,6.9808549881,-1.4525499344,0.0262630972,0.0451609190,0.7473432930,0.6623810925,0.04269698996 0 0 0 0 0 0 0.04269698996 0 0 0 0 0 0 0.09402348991 0 0 0 0 0 0 0.000747340457 0 0 0 0 0 0 0.000747340457 0 0 0 0 0 0 0.001300624691
1048,1785497166.004512310,map,8.1205806732,6.9753637314,-1.4531184435,0.0262617267,0.0452249064,0.7473463741,0.6623733172,0.04276387076 0 0 0 0 0 0 0.04276387076 0 0 0 0 0 0 0.09412272508 0 0 0 0 0 0 0.0007488849777 0 0 0 0 0 0 0.0007488849777 0 0 0 0 0 0 0.001302661997
1049,1785497166.104755163,map,8.1224689484,6.9717350006,-1.4529520273,0.0260153301,0.0450708979,0.7472713115,0.6624781979,0.04276196706 0 0 0 0 0 0 0.04276196706 0 0 0 0 0 0 0.09411990079 0 0 0 0 0 0 0.000748841009 0 0 0 0 0 0 0.000748841009 0 0 0 0 0 0 0.001302604007
1050,1785497166.204713345,map,8.1218032837,6.9684505463,-1.4512042999,0.0258864894,0.0450599783,0.7473001079,0.6624515136,0.04278591194 0 0 0 0 0 0 0.04278591194 0 0 0 0 0 0 0.09415542339 0 0 0 0 0 0 0.0007493940731 0 0 0 0 0 0 0.0007493940731 0 0 0 0 0 0 0.00130333341
1051,1785497166.304620743,map,8.1326951981,6.9102702141,-1.4556940794,0.0253309676,0.0448938660,0.7462432546,0.6636745652,0.0426291605 0 0 0 0 0 0 0.0426291605 0 0 0 0 0 0 0.09392282128 0 0 0 0 0 0 0.000745774423 0 0 0 0 0 0 0.000745774423 0 0 0 0 0 0 0.001298558488
1052,1785497166.404548168,map,8.1242961884,6.9488806725,-1.4558112621,0.0259316068,0.0450644620,0.7468356575,0.6629730249,0.04275628322 0 0 0 0 0 0 0.04275628322 0 0 0 0 0 0 0.09411146825 0 0 0 0 0 0 0.0007487097345 0 0 0 0 0 0 0.0007487097345 0 0 0 0 0 0 0.001302430868
1053,1785497166.504585266,map,8.1418323517,6.9587569237,-1.4537992477,0.0265475284,0.0452301299,0.7470274731,0.6627212078,0.04280406279 0 0 0 0 0 0 0.04280406279 0 0 0 0 0 0 0.0941823483 0 0 0 0 0 0 0.000749813343 0 0 0 0 0 0 0.000749813343 0 0 0 0 0 0 0.001303886316
1054,1785497166.704588413,map,8.1236143112,6.9712128639,-1.4554344416,0.0264947258,0.0452926358,0.7471956801,0.6625294197,0.04265784586 0 0 0 0 0 0 0.04265784586 0 0 0 0 0 0 0.09396539765 0 0 0 0 0 0 0.0007464366569 0 0 0 0 0 0 0.0007464366569 0 0 0 0 0 0 0.001299432294
1055,1785497166.804495811,map,8.1193790436,6.9734807014,-1.4548786879,0.0263430436,0.0451554685,0.7471810798,0.6625612919,0.04274307734 0 0 0 0 0 0 0.04274307734 0 0 0 0 0 0 0.09409187531 0 0 0 0 0 0 0.0007484047408 0 0 0 0 0 0 0.0007484047408 0 0 0 0 0 0 0.001302028593
1056,1785497166.904464960,map,8.1131153107,6.9760818481,-1.4522407055,0.0264071507,0.0451665271,0.7472222538,0.6625115613,0.04300990467 0 0 0 0 0 0 0.04300990467 0 0 0 0 0 0 0.09448756356 0 0 0 0 0 0 0.0007545701021 0 0 0 0 0 0 0.0007545701021 0 0 0 0 0 0 0.001310156619
1057,1785497167.004782438,map,8.1146783829,6.9758663177,-1.4538859129,0.0263545655,0.0451897077,0.7471962082,0.6625414356,0.04290327105 0 0 0 0 0 0 0.04290327105 0 0 0 0 0 0 0.09432948065 0 0 0 0 0 0 0.0007521054736 0 0 0 0 0 0 0.0007521054736 0 0 0 0 0 0 0.001306908373
1058,1785497167.104794741,map,8.1129426956,6.9752421379,-1.4546861649,0.0263883963,0.0452345045,0.7472678963,0.6624561600,0.04273586716 0 0 0 0 0 0 0.04273586716 0 0 0 0 0 0 0.09408117749 0 0 0 0 0 0 0.0007482382259 0 0 0 0 0 0 0.0007482382259 0 0 0 0 0 0 0.001301808959
1059,1785497167.204585552,map,8.1103506088,6.9743189812,-1.4519112110,0.0264298309,0.0452116127,0.7472744852,0.6624486639,0.04256101961 0 0 0 0 0 0 0.04256101961 0 0 0 0 0 0 0.09382166411 0 0 0 0 0 0 0.0007442015994 0 0 0 0 0 0 0.0007442015994 0 0 0 0 0 0 0.001296482798
1060,1785497167.304408312,map,8.1128177643,6.9719843864,-1.4522565603,0.0262510393,0.0450586916,0.7472357242,0.6625099082,0.04278679876 0 0 0 0 0 0 0.04278679876 0 0 0 0 0 0 0.09415673893 0 0 0 0 0 0 0.0007494145571 0 0 0 0 0 0 0.0007494145571 0 0 0 0 0 0 0.001303360424
1061,1785497167.404487371,map,8.1105079651,6.9715437889,-1.4541075230,0.0261092656,0.0450735445,0.7473036744,0.6624378835,0.04282620441 0 0 0 0 0 0 0.04282620441 0 0 0 0 0 0 0.09421519058 0 0 0 0 0 0 0.0007503248347 0 0 0 0 0 0 0.0007503248347 0 0 0 0 0 0 0.001304560789
1062,1785497167.504934072,map,8.1187639236,6.9745788574,-1.4514132738,0.0258835656,0.0449178807,0.7472527835,0.6625146849,0.04269710549 0 0 0 0 0 0 0.04269710549 0 0 0 0 0 0 0.09402366135 0 0 0 0 0 0 0.0007473431247 0 0 0 0 0 0 0.0007473431247 0 0 0 0 0 0 0.001300628211
1063,1785497167.604746103,map,8.1240768433,6.9758567810,-1.4538891315,0.0256760895,0.0448132138,0.7472775245,0.6625019628,0.04288223125 0 0 0 0 0 0 0.04288223125 0 0 0 0 0 0 0.09429828188 0 0 0 0 0 0 0.0007516192946 0 0 0 0 0 0 0.0007516192946 0 0 0 0 0 0 0.001306267464
1064,1785497167.704539776,map,8.1164064407,6.9742374420,-1.4531670809,0.0255894812,0.0449332904,0.7472832043,0.6624907658,0.04259568154 0 0 0 0 0 0 0.04259568154 0 0 0 0 0 0 0.09387312406 0 0 0 0 0 0 0.0007450016135 0 0 0 0 0 0 0.0007450016135 0 0 0 0 0 0 0.00129753866
1065,1785497167.804459095,map,8.1168432236,6.9749498367,-1.4522273540,0.0256203313,0.0448743314,0.7473381762,0.6624315471,0.04260571296 0 0 0 0 0 0 0.04260571296 0 0 0 0 0 0 0.09388801568 0 0 0 0 0 0 0.0007452331629 0 0 0 0 0 0 0.0007452331629 0 0 0 0 0 0 0.001297844235
1066,1785497167.904536486,map,8.1233930588,6.9427876472,-1.4551949501,0.0259978677,0.0448513136,0.7467529774,0.6630780370,0.04281322732 0 0 0 0 0 0 0.04281322732 0 0 0 0 0 0 0.09419594222 0 0 0 0 0 0 0.0007500250469 0 0 0 0 0 0 0.0007500250469 0 0 0 0 0 0 0.001304165484
1067,1785497168.004752636,map,8.1205215454,6.9418344498,-1.4536474943,0.0262290075,0.0452980935,0.7468781215,0.6628975636,0.04268420717 0 0 0 0 0 0 0.04268420717 0 0 0 0 0 0 0.09400452042 0 0 0 0 0 0 0.0007470453001 0 0 0 0 0 0 0.0007470453001 0 0 0 0 0 0 0.001300235305
1068,1785497168.104825020,map,8.1202869415,6.9490804672,-1.4528324604,0.0264662156,0.0452827460,0.7469975645,0.6627545842,0.04273681608 0 0 0 0 0 0 0.04273681608 0 0 0 0 0 0 0.09408258543 0 0 0 0 0 0 0.0007482601404 0 0 0 0 0 0 0.0007482601404 0 0 0 0 0 0 0.001301837864
1069,1785497168.304287195,map,8.1177673340,6.9554729462,-1.4533810616,0.0264956442,0.0451784677,0.7470310849,0.6627227311,0.04265902048 0 0 0 0 0 0 0.04265902048 0 0 0 0 0 0 0.09396714098 0 0 0 0 0 0 0.0007464637758 0 0 0 0 0 0 0.0007464637758 0 0 0 0 0 0 0.001299468075
1070,1785497168.404525280,map,8.1187334061,6.9570631981,-1.4526633024,0.0266681864,0.0453320342,0.7470850634,0.6626445104,0.04263523935 0 0 0 0 0 0 0.04263523935 0 0 0 0 0 0 0.09393184422 0 0 0 0 0 0 0.000745914754 0 0 0 0 0 0 0.000745914754 0 0 0 0 0 0 0.00129874366
1071,1785497168.504824638,map,8.1197147369,6.9580025673,-1.4534869194,0.0265622335,0.0453071577,0.7470954585,0.6626387410,0.04268687665 0 0 0 0 0 0 0.04268687665 0 0 0 0 0 0 0.09400848197 0 0 0 0 0 0 0.0007471069378 0 0 0 0 0 0 0.0007471069378 0 0 0 0 0 0 0.001300316623
1072,1785497168.604605436,map,8.1186819077,6.9637460709,-1.4527039528,0.0265292019,0.0451850025,0.7471425517,0.6625953188,0.04274583271 0 0 0 0 0 0 0.04274583271 0 0 0 0 0 0 0.0940959634 0 0 0 0 0 0 0.0007484683756 0 0 0 0 0 0 0.0007484683756 0 0 0 0 0 0 0.001302112527
1073,1785497168.704439402,map,8.1194667816,6.9629602432,-1.4529318810,0.0264196863,0.0451014821,0.7471708747,0.6625734127,0.04265849358 0 0 0 0 0 0 0.04265849358 0 0 0 0 0 0 0.09396635897 0 0 0 0 0 0 0.000746451611 0 0 0 0 0 0 0.000746451611 0 0 0 0 0 0 0.001299452025
1074,1785497168.804507256,map,8.1230897903,6.9665932655,-1.4534386396,0.0263034505,0.0449987548,0.7472277154,0.6625209376,0.04278495792 0 0 0 0 0 0 0.04278495792 0 0 0 0 0 0 0.09415400815 0 0 0 0 0 0 0.0007493720367 0 0 0 0 0 0 0.0007493720367 0 0 0 0 0 0 0.001303304349
1075,1785497168.904804468,map,8.1223735809,6.9727611542,-1.4555647373,0.0263834818,0.0450736186,0.7471984333,0.6625457046,0.04268670942 0 0 0 0 0 0 0.04268670942 0 0 0 0 0 0 0.0940082338 0 0 0 0 0 0 0.0007471030764 0 0 0 0 0 0 0.0007471030764 0 0 0 0 0 0 0.001300311528
1076,1785497169.004719257,map,8.1208868027,6.9682574272,-1.4519098997,0.0265502098,0.0451540235,0.7472336190,0.6624938670,0.04257719033 0 0 0 0 0 0 0.04257719033 0 0 0 0 0 0 0.09384567241 0 0 0 0 0 0 0.0007445748145 0 0 0 0 0 0 0.0007445748145 0 0 0 0 0 0 0.001296975386
1077,1785497169.104493141,map,8.1157588959,6.9746751785,-1.4524289370,0.0267221872,0.0453387399,0.7472948692,0.6624052503,0.04292112026 0 0 0 0 0 0 0.04292112026 0 0 0 0 0 0 0.09435594632 0 0 0 0 0 0 0.0007525179557 0 0 0 0 0 0 0.0007525179557 0 0 0 0 0 0 0.001307452091
1078,1785497169.204390526,map,8.1170101166,6.9706430435,-1.4528154135,0.0266285459,0.0453618559,0.7473315958,0.6623659579,0.04281390716 0 0 0 0 0 0 0.04281390716 0 0 0 0 0 0 0.09419695063 0 0 0 0 0 0 0.0007500407519 0 0 0 0 0 0 0.0007500407519 0 0 0 0 0 0 0.001304186193
1079,1785497169.304666042,map,8.1199092865,6.9727282524,-1.4505243301,0.0266212810,0.0453717726,0.7473323733,0.6623647304,0.04269584715 0 0 0 0 0 0 0.04269584715 0 0 0 0 0 0 0.09402179403 0 0 0 0 0 0 0.0007473140688 0 0 0 0 0 0 0.0007473140688 0 0 0 0 0 0 0.001300589879
1080,1785497169.404809475,map,8.1231021881,6.9690752029,-1.4517824650,0.0264599955,0.0453732309,0.7473420165,0.6623602113,0.04284001334 0 0 0 0 0 0 0.04284001334 0 0 0 0 0 0 0.09423567174 0 0 0 0 0 0 0.0007506438553 0 0 0 0 0 0 0.0007506438553 0 0 0 0 0 0 0.001304981433
1081,1785497169.504490614,map,8.1228284836,6.9724488258,-1.4524642229,0.0267944901,0.0452747306,0.7473040927,0.6623962971,0.04256217825 0 0 0 0 0 0 0.04256217825 0 0 0 0 0 0 0.09382338436 0 0 0 0 0 0 0.0007442283396 0 0 0 0 0 0 0.0007442283396 0 0 0 0 0 0 0.001296518092
1082,1785497169.604413271,map,8.1202020645,6.9759607315,-1.4528565407,0.0267064819,0.0453190027,0.7472709518,0.6624342085,0.04276757302 0 0 0 0 0 0 0.04276757302 0 0 0 0 0 0 0.0941282176 0 0 0 0 0 0 0.0007489704875 0 0 0 0 0 0 0.0007489704875 0 0 0 0 0 0 0.001302774774
1083,1785497169.704582214,map,8.1196937561,6.9761104584,-1.4531998634,0.0265968919,0.0452854615,0.7473072807,0.6623999119,0.04286122662 0 0 0 0 0 0 0.04286122662 0 0 0 0 0 0 0.09426713278 0 0 0 0 0 0 0.0007511339663 0 0 0 0 0 0 0.0007511339663 0 0 0 0 0 0 0.001305627626
1084,1785497169.804773569,map,8.1324081421,6.9711804390,-1.4521555901,0.0257072202,0.0449181758,0.7495641104,0.6599054255,0.04293926163 0 0 0 0 0 0 0.04293926163 0 0 0 0 0 0 0.09438284334 0 0 0 0 0 0 0.0007529372171 0 0 0 0 0 0 0.0007529372171 0 0 0 0 0 0 0.001308004709
1085,1785497169.904562712,map,8.1160554886,6.9970068932,-1.4467537403,0.0272869517,0.0449680346,0.7532339427,0.6556461769,0.04296532077 0 0 0 0 0 0 0.04296532077 0 0 0 0 0 0 0.09442147629 0 0 0 0 0 0 0.0007535395137 0 0 0 0 0 0 0.0007535395137 0 0 0 0 0 0 0.001308798515
1086,1785497170.004400492,map,8.1111879349,6.9831500053,-1.4559488297,0.0242371136,0.0436988930,0.7602814073,0.6476690467,0.0426957525 0 0 0 0 0 0 0.0426957525 0 0 0 0 0 0 0.09402165358 0 0 0 0 0 0 0.0007473118833 0 0 0 0 0 0 0.0007473118833 0 0 0 0 0 0 0.001300586996
1087,1785497170.104479313,map,8.1089239120,6.9763135910,-1.4515074492,0.0214145128,0.0412864680,0.7682049061,0.6385123669,0.04306907365 0 0 0 0 0 0 0.04306907365 0 0 0 0 0 0 0.09457525327 0 0 0 0 0 0 0.0007559380969 0 0 0 0 0 0 0.0007559380969 0 0 0 0 0 0 0.001311959009
1088,1785497170.204729080,map,8.0942163467,6.9424581528,-1.4558184147,0.0202605263,0.0404211604,0.7764220242,0.6285892659,0.04287339283 0 0 0 0 0 0 0.04287339283 0 0 0 0 0 0 0.09428517512 0 0 0 0 0 0 0.0007514150714 0 0 0 0 0 0 0.0007514150714 0 0 0 0 0 0 0.00130599823
1089,1785497170.304802656,map,8.0958480835,6.9320197105,-1.4670470953,0.0193466827,0.0402175127,0.7826324252,0.6208822232,0.04253173218 0 0 0 0 0 0 0.04253173218 0 0 0 0 0 0 0.09377817793 0 0 0 0 0 0 0.0007435257125 0 0 0 0 0 0 0.0007435257125 0 0 0 0 0 0 0.001295590652
1090,1785497170.404510498,map,8.1113109589,6.9037308693,-1.4579731226,0.0185767025,0.0412039388,0.7854678849,0.6172498478,0.04275662049 0 0 0 0 0 0 0.04275662049 0 0 0 0 0 0 0.09411196862 0 0 0 0 0 0 0.0007487175239 0 0 0 0 0 0 0.0007487175239 0 0 0 0 0 0 0.001302441141
1091,1785497170.804594278,map,8.0320186615,7.0065307617,-1.4541114569,0.0266669491,0.0267370686,0.7985759978,0.6007082497,0.04275261719 0 0 0 0 0 0 0.04275261719 0 0 0 0 0 0 0.09410602923 0 0 0 0 0 0 0.0007486250649 0 0 0 0 0 0 0.0007486250649 0 0 0 0 0 0 0.001302319194
1092,1785497170.904230833,map,8.0799579620,7.0030026436,-1.4418215752,0.0269696040,0.0225665826,0.8013322668,0.5971850925,0.04284428775 0 0 0 0 0 0 0.04284428775 0 0 0 0 0 0 0.09424201123 0 0 0 0 0 0 0.0007507426079 0 0 0 0 0 0 0.0007507426079 0 0 0 0 0 0 0.001305111639
1093,1785497171.104799032,map,8.0412616730,7.0307211876,-1.4683830738,0.0293392759,0.0264867425,0.8142912920,0.5791090889,0.04265692317 0 0 0 0 0 0 0.04265692317 0 0 0 0 0 0 0.09396402821 0 0 0 0 0 0 0.0007464153543 0 0 0 0 0 0 0.0007464153543 0 0 0 0 0 0 0.001299404187
1094,1785497171.204696655,map,8.0647811890,6.9894971848,-1.4586912394,0.0284374536,0.0301862867,0.8177298452,0.5741062443,0.04274471448 0 0 0 0 0 0 0.04274471448 0 0 0 0 0 0 0.09409430431 0 0 0 0 0 0 0.0007484425502 0 0 0 0 0 0 0.0007484425502 0 0 0 0 0 0 0.001302078463
1095,1785497171.304441690,map,8.0722131729,6.9618325233,-1.4660420418,0.0272632402,0.0325612223,0.8247829872,0.5638524195,0.0426657227 0 0 0 0 0 0 0.0426657227 0 0 0 0 0 0 0.09397708807 0 0 0 0 0 0 0.0007466185151 0 0 0 0 0 0 0.0007466185151 0 0 0 0 0 0 0.001299672236
1096,1785497171.404385090,map,8.0873432159,6.9601030350,-1.4619214535,0.0258376849,0.0337147541,0.8303696989,0.5555914779,0.04258170663 0 0 0 0 0 0 0.04258170663 0 0 0 0 0 0 0.09385237739 0 0 0 0 0 0 0.0007446790532 0 0 0 0 0 0 0.0007446790532 0 0 0 0 0 0 0.00129711296
1097,1785497171.504714012,map,8.0821475983,6.9637608528,-1.4536373615,0.0249518139,0.0352748924,0.8370994570,0.5453417333,0.04284723291 0 0 0 0 0 0 0.04284723291 0 0 0 0 0 0 0.09424637924 0 0 0 0 0 0 0.0007508106517 0 0 0 0 0 0 0.0007508106517 0 0 0 0 0 0 0.001305201354
1098,1785497171.604792118,map,8.0601530075,6.9555497169,-1.4502416849,0.0256960511,0.0367906791,0.8413854865,0.5385690448,0.04276877185 0 0 0 0 0 0 0.04276877185 0 0 0 0 0 0 0.09412999613 0 0 0 0 0 0 0.0007489981768 0 0 0 0 0 0 0.0007489981768 0 0 0 0 0 0 0.001302811293
1099,1785497171.704649925,map,8.0700826645,6.9473390579,-1.4505569935,0.0262304970,0.0369518433,0.8463569913,0.5306847805,0.04287781039 0 0 0 0 0 0 0.04287781039 0 0 0 0 0 0 0.09429172611 0 0 0 0 0 0 0.0007515171441 0 0 0 0 0 0 0.0007515171441 0 0 0 0 0 0 0.001306132797
1100,1785497171.804432392,map,8.0320997238,6.9869279861,-1.4598692656,0.0275390695,0.0356468086,0.8509527822,0.5233070723,0.04299821999 0 0 0 0 0 0 0.04299821999 0 0 0 0 0 0 0.09447024429 0 0 0 0 0 0 0.0007542999861 0 0 0 0 0 0 0.0007542999861 0 0 0 0 0 0 0.001309800683
1101,1785497171.904435873,map,8.0343017578,6.9502897263,-1.4486960173,0.0270450173,0.0357832969,0.8559627804,0.5150881704,0.04294116109 0 0 0 0 0 0 0.04294116109 0 0 0 0 0 0 0.09438565944 0 0 0 0 0 0 0.0007529811167 0 0 0 0 0 0 0.0007529811167 0 0 0 0 0 0 0.001308062569
1102,1785497172.004594326,map,8.0253210068,6.9339423180,-1.4465017319,0.0277263207,0.0351676783,0.8609631689,0.5066921346,0.04286219152 0 0 0 0 0 0 0.04286219152 0 0 0 0 0 0 0.09426856374 0 0 0 0 0 0 0.0007511562601 0 0 0 0 0 0 0.0007511562601 0 0 0 0 0 0 0.001305657019
1103,1785497172.104796171,map,8.0249938965,6.9445557594,-1.4546450377,0.0280892800,0.0336638107,0.8657962275,0.4984723121,0.04280707049 0 0 0 0 0 0 0.04280707049 0 0 0 0 0 0 0.09418680972 0 0 0 0 0 0 0.000749882821 0 0 0 0 0 0 0.000749882821 0 0 0 0 0 0 0.001303977936
1104,1785497172.204573154,map,7.9951014519,6.9818148613,-1.4576419592,0.0297983536,0.0314934643,0.8726719472,0.4863783690,0.04250414689 0 0 0 0 0 0 0.04250414689 0 0 0 0 0 0 0.09373721464 0 0 0 0 0 0 0.0007428891753 0 0 0 0 0 0 0.0007428891753 0 0 0 0 0 0 0.001294750356
1105,1785497172.304207563,map,7.9857301712,6.9966678619,-1.4555577040,0.0308445518,0.0319244791,0.8783872725,0.4758836377,0.04266114186 0 0 0 0 0 0 0.04266114186 0 0 0 0 0 0 0.09397028945 0 0 0 0 0 0 0.0007465127533 0 0 0 0 0 0 0.0007465127533 0 0 0 0 0 0 0.001299532696
1106,1785497172.404457569,map,7.9852461815,6.9776635170,-1.4456133842,0.0286350496,0.0338153720,0.8850096225,0.4634592950,0.04290418981 0 0 0 0 0 0 0.04290418981 0 0 0 0 0 0 0.09433084297 0 0 0 0 0 0 0.0007521267048 0 0 0 0 0 0 0.0007521267048 0 0 0 0 0 0 0.00130693636
1107,1785497172.504736185,map,8.0025062561,6.9567155838,-1.4458569288,0.0287392518,0.0340611914,0.8904635132,0.4528671199,0.04277297333 0 0 0 0 0 0 0.04277297333 0 0 0 0 0 0 0.09413622917 0 0 0 0 0 0 0.000749095219 0 0 0 0 0 0 0.000749095219 0 0 0 0 0 0 0.001302939277
1108,1785497172.604725838,map,7.9662132263,6.9877080917,-1.4567544460,0.0280072681,0.0341659521,0.8966749566,0.4404796258,0.04293900789 0 0 0 0 0 0 0.04293900789 0 0 0 0 0 0 0.09438246715 0 0 0 0 0 0 0.0007529313527 0 0 0 0 0 0 0.0007529313527 0 0 0 0 0 0 0.001307996979
