stamp_sec,recv_wall_sec,accepted_gap_sec,x,y,z,qx,qy,qz,qw
1785495429.852205038,1789399346.333857,0.000000,-0.011454012225801655,-0.021630923050775658,-0.0029625805294039576,-0.01108216594319955,0.002621809514413566,0.00035618500145710957,0.9999350903159275
1785495429.951565027,1789399346.353510,0.099360,-0.01203686683764978,-0.019381235794040545,-0.004531197489375138,-0.011059732453036696,0.0026187735706302375,0.00032767366707266203,0.9999353563971127
1785495430.051863909,1789399346.481192,0.100299,0.04276147454606137,-0.04158329803187581,-0.0005249181835118577,-0.01103360364232594,0.0026003519275184044,0.00031926008668096154,0.9999356958492451
1785495430.152066946,1789399346.595959,0.100203,-0.007819860606011211,-0.05287264669814048,-0.000579300411069128,-0.011030961936114053,0.0024848866423533423,0.00033779312316289326,0.9999360125092728
1785495430.251229048,1789399346.672970,0.099162,-0.0022132311112837352,-0.0407706412507795,0.0012272374806565067,-0.011184734188119454,0.002530207624261838,0.0002993590250631331,0.9999342029127183
1785495430.351475954,1789399346.820936,0.100247,0.007867493568594716,-0.022853357281377277,-0.0031277931610818044,-0.0113124569087465,0.002571098437696196,0.0002605959613004555,0.9999326726641431
1785495430.451785088,1789399346.876677,0.100309,-0.005915811959070115,-0.03269490420474253,-0.002135443845624918,-0.010968422891414106,0.0020998692597581224,0.00029477352562676284,0.9999375967313838
1785495430.552309036,1789399347.007183,0.100524,0.00024315128152397475,-0.02768911279041468,-0.003670416904330176,-0.01132053844652226,0.002448670178129396,0.0002625867746194387,0.9999328879839013
1785495430.652524948,1789399347.067359,0.100216,0.0018038996695896245,-0.016660548989343944,-0.002934236722789141,-0.011841598111741855,0.002397211088373124,0.0002283661579650035,0.9999269862255222
1785495430.751563072,1789399347.196521,0.099038,0.0027686450342129174,-0.027128638610491237,-0.004159277266231609,-0.010721177847776575,0.0023683277529913953,0.00022911184359822523,0.9999396956201778
1785495430.851839066,1789399347.267920,0.100276,0.002377831154031902,-0.022527824548810596,-0.003504439842955731,-0.011316714459258167,0.0021725291235653588,0.00019949715864849783,0.9999335839404228
1785495430.952213049,1789399347.408883,0.100374,-0.0014333746022316615,-0.03135372505924229,-0.0018201383747644129,-0.01040343776803875,0.0018223051866947558,0.00019354252765244672,0.99994420355723
1785495431.052498102,1789399347.472543,0.100285,0.0009562946876874381,-0.029860609793456373,-0.0020162908853690875,-0.01074732907008083,0.0021538588151952484,0.0001287030452434372,0.9999399178178606
1785495431.152724028,1789399347.611789,0.100226,0.0003132904055076144,-0.03144964684071452,-0.0009974291674910152,-0.01072324867419594,0.0021076642168660923,0.00015739559057690886,0.999940270674228
1785495431.251972914,1789399347.673200,0.099249,0.0023727833228126896,-0.025582406251994635,-0.0015833308910441768,-0.01127463858857718,0.002307880391516028,0.00014485832971364404,0.9999337654209202
1785495431.352257013,1789399347.806612,0.100284,0.008147849192318993,-0.015127892248332093,-0.0031755849391205127,-0.01198284869787075,0.002774683647917545,0.00011503697052954943,0.99992434675541
1785495431.451512098,1789399347.870905,0.099255,-0.0001540281183888062,-0.01345008651775158,-0.004271501796187627,-0.011578511724559046,0.001835145031347385,5.625177990753373e-05,0.9999312812112118
1785495431.551650047,1789399347.994753,0.100138,-0.013174589133040444,-0.024769957606830425,-0.004140111620202114,-0.010272638564389298,0.0009702736905761454,0.00012820231993609932,0.9999467560975714
1785495431.651865959,1789399348.075299,0.100216,-0.008306247201990132,-0.01363595887717208,-0.0036635054421157442,-0.011458563281514499,0.0020080083414893545,0.00016046518143874092,0.9999323194501464
1785495431.752110004,1789399348.199264,0.100244,-0.0010275834755822597,-0.01844682337001845,-0.005266495528489401,-0.010708741225020897,0.0027307351483093142,0.00015009012795683853,0.9999389198445466
1785495431.851408005,1789399348.256341,0.099298,0.008646710018502278,-0.016025284635255665,-0.004603755629071338,-0.01093029537168649,0.003391802996575088,9.814611401331367e-05,0.9999345051966455
1785495431.951628923,1789399348.418460,0.100221,0.01879533350478107,-0.021698890078460677,-0.004080502089695182,-0.010314024137944168,0.0038457511315595863,6.176192613330105e-05,0.9999394118094258
1785495432.052097082,1789399348.487360,0.100468,0.008855340684902645,-0.015288034592306925,-0.0025028003420058953,-0.011023400138503494,0.002365666362311131,7.67746173816781e-05,0.9999364391688638
1785495432.152303934,1789399348.566763,0.100207,0.0051517879517162316,-0.02232021269258929,-0.002960417794348136,-0.010197357478968418,0.0021164411403118925,3.0433797897025335e-05,0.9999457653548665
1785495432.251545906,1789399348.710328,0.099242,-0.011733520458639568,-0.02733762557901128,-0.0021182186619629895,-0.009944589657564937,0.0008304161780866929,0.00014002845294462337,0.9999501967285902
1785495432.351875067,1789399348.779388,0.100329,-0.013186390104879632,-0.029536289626075587,-0.002174337740325105,-0.010088854381103197,0.001356606592083292,0.0001870507851576802,0.9999481684806644
1785495432.451059103,1789399348.911881,0.099184,-0.003438926814965139,-0.02635067655412122,-0.002837579123917633,-0.010566658816082122,0.002655545082675379,0.00014199163315841738,0.9999406350579791
1785495432.551098108,1789399348.972722,0.100039,-0.006747291505895078,-0.028300815969845176,-0.002394723452685099,-0.010517390715975886,0.0022512333682402374,0.00013769022128428762,0.9999421470676452
1785495432.651318073,1789399349.103224,0.100220,-0.007084997626432346,-0.032162786722280325,-0.0022529296811873434,-0.010337512303489607,0.002326440506109119,0.0001399126532311581,0.9999438503928089
1785495432.751388073,1789399349.153059,0.100070,0.0028615754815721622,-0.04265494143727792,0.00010315407864924797,-0.009704685799932786,0.0032425383442613457,0.00013745365343452727,0.9999476416918557
1785495432.851555109,1789399349.309439,0.100167,0.0014547450990308464,-0.02953584927621563,-0.0018221553319681116,-0.011362238153543761,0.002814021651133223,0.0001184871104453621,0.9999314810461234
1785495432.951648951,1789399349.379390,0.100094,-0.00632698605041929,-0.03320117248199552,-0.0013694401053834238,-0.010847531033599693,0.002069111003513468,0.00021358925361601716,0.9999390002543961
1785495433.051076889,1789399349.488410,0.099428,-0.006295000052290917,-0.01784108973204287,-0.0016701967659593642,-0.012178114884923355,0.0023447451296786034,0.00024447798474483136,0.9999230649998236
1785495433.151295900,1789399349.596380,0.100219,0.006016304214316814,-0.031185728962443544,-0.0017562471609475216,-0.0105250936924545,0.0034604697108086705,0.00023122102930714123,0.9999385951592134
1785495433.251557112,1789399349.710853,0.100261,0.00031572794797116166,-0.032358496404710425,-0.0030988841553544755,-0.010612666316454179,0.002553448384613171,0.0002771184347566568,0.9999403854332396
1785495433.351826906,1789399349.771174,0.100270,0.006232820583873158,-0.02320200044047878,-0.003724552829023786,-0.011495494565083458,0.0029806588198566697,0.00018635742260615575,0.9999294647866993
1785495433.451190948,1789399349.879909,0.099364,-0.006909281035791918,-0.02118791219565301,-0.004398771067483487,-0.01136722361858703,0.0015956340372494265,0.0001832970521637035,0.9999341011193762
1785495433.550651073,1789399349.987713,0.099460,0.0005918212237256762,-0.015907051546625747,-0.004309561025458264,-0.011521851346790592,0.002600621501589225,0.0002022909811257425,0.9999302189591567
1785495433.651020050,1789399350.081798,0.100369,0.011226793684696389,-0.011925648964840255,-0.004142909464377509,-0.01151979729029883,0.0034343646261582443,0.0001181228109236208,0.999927740117758
1785495433.751178026,1789399350.189296,0.100158,0.011606680737386896,-0.014862561479493556,-0.0037079022033847386,-0.010914194573945326,0.00300867724762434,0.000158038467382381,0.9999358995664995
1785495433.851310015,1789399350.266402,0.100132,0.010616746477113762,-0.012487230894812894,-0.003872182803580204,-0.011028494194860053,0.0026671484286863206,0.000138735719846172,0.9999356176211813
1785495433.950403929,1789399350.390257,0.099094,0.021067556471400205,-0.018256725567244482,-0.004403056427042751,-0.010362649365997314,0.003372483166120461,0.00010469154125656225,0.9999406136841792
1785495434.051543951,1789399350.471976,0.101140,0.005953920360931245,-0.01816735320886022,-0.005222713176261606,-0.010470164968750936,0.0015733904014035387,0.00019427420263414,0.9999439296009083
1785495434.150707960,1789399350.601026,0.099164,0.004951649643472347,-0.016209582854627064,-0.005288331687714476,-0.010652659401850388,0.0017700758150078087,0.00014776019718713796,0.9999416812225608
1785495434.250870943,1789399350.665982,0.100163,0.010195461272067677,-0.03736227671700937,-0.0032774429381242642,-0.00885563228719295,0.0023055367290698765,0.00014619032772433655,0.9999581195758016
1785495434.351070881,1789399350.775515,0.100200,0.005139904524728095,-0.024606109100704085,-0.004766175462812661,-0.010732309349186626,0.0018560057021895443,0.00013922564767443994,0.9999406749378115
1785495434.451294899,1789399350.907457,0.100224,0.0008742133655202169,-0.025231559244017696,-0.005007337227808939,-0.010583135762223146,0.001630127851461504,0.00013490496594651492,0.9999426592166555
1785495434.551486015,1789399350.977154,0.100191,0.001727968487676812,-0.025084260189347,-0.004711424631235861,-0.010632652486710636,0.0020018226533988067,0.00010168894516165889,0.9999414628199591
1785495434.651634932,1789399351.078628,0.100149,-0.004405818010486479,-0.03278890718887409,-0.005936972302409638,-0.01006337059066319,0.0015932695071982997,0.00011072925379869021,0.9999480875543814
1785495434.751907110,1789399351.196727,0.100272,-0.008628659568722934,-0.028716141206194874,-0.004933512249784777,-0.01072094537275004,0.0015987004013032588,0.00018758012920099478,0.999941233423763
1785495434.851048946,1789399351.250894,0.099142,-0.0036909888810380334,-0.03016384150960931,-0.004299394393463218,-0.010636112475997142,0.0024264257076885686,0.00016924119971554268,0.9999404766920376
1785495434.951306105,1789399351.414669,0.100257,-0.0010036698752461867,-0.0302878797868614,-0.0036184102099294235,-0.010714391399334016,0.002721144836982654,0.00019783533420901603,0.9999388771564482
1785495435.051502943,1789399351.466231,0.100197,-0.007093752549948186,-0.026501221769340638,-0.00457364440036323,-0.011140336557499346,0.002100365133409848,0.0002211460774602363,0.9999357141647179
1785495435.151707888,1789399351.588876,0.100205,-0.007610213298473587,-0.011765207052036361,-0.005447607739624494,-0.012221576737112218,0.0022909127897141218,0.0002694264763155517,0.9999226531037402
1785495435.250991106,1789399351.684929,0.099283,0.0049924711193110455,-0.016243797984696415,-0.0026659049425998838,-0.011225713270337718,0.0035232294450125764,0.00019904646120643402,0.9999307629012902
1785495435.351385117,1789399351.773136,0.100394,0.00385219040944227,-0.019582993269281375,-0.0030425425399335237,-0.010808060794797302,0.002962855836645875,0.00020495816120315183,0.999937180676516
1785495435.451620102,1789399351.862793,0.100235,0.006481317642094496,-0.02024079021832359,-0.004634706817800316,-0.010687902352175803,0.00305616364069094,0.00016138660782325266,0.9999381993710784
1785495435.550599098,1789399351.974486,0.098979,-0.0022515654646037622,-0.021572079751892802,-0.00337893644820747,-0.010578877552786832,0.0020721811247996157,0.00016348183289722346,0.9999418816555288
1785495435.651580095,1789399352.063836,0.100981,0.001881654457511761,-0.017931124837316653,-0.004565208922598651,-0.010902280948212148,0.002529027546248848,0.00013203656791480216,0.9999373614662777
1785495435.751743078,1789399352.161543,0.100163,-0.0004387250254891048,-0.027504778823306254,-0.004161885951277644,-0.00995776527836514,0.002252038872366006,0.00014635663641697982,0.999947873547073
1785495435.851042032,1789399352.287824,0.099299,0.003347384634881455,-0.02515506798766961,-0.0035767530771183,-0.010477719172100148,0.002606762235764812,0.00013847442473122047,0.9999416998087591
1785495435.951189041,1789399352.373676,0.100147,-0.0036097898510285206,-0.026488913745555915,-0.005091013531126398,-0.010414736731936805,0.0019484238744689884,0.00013517055176467656,0.9999438577400892
1785495436.051346064,1789399352.483376,0.100157,0.010139589131426228,-0.02664619576292017,-0.003180195595436419,-0.010533557668227573,0.0032706294823768947,4.1582849902310756e-05,0.9999391708581605
1785495436.151390076,1789399352.569535,0.100044,0.008196989519872709,-0.026480080478038327,-0.0024625335797849868,-0.010677984988281567,0.0026767840935896835,6.691040559095681e-05,0.9999394036572936
1785495436.251375914,1789399352.682862,0.099986,0.00843988075234476,-0.02103071623537607,-0.004783580150822975,-0.011117063897178179,0.0025890910818760163,4.517735525171881e-05,0.9999348506061194
1785495436.351551056,1789399352.773114,0.100175,0.010900406387480369,-0.021319182842163165,-0.005004429033189095,-0.010904181285139501,0.002702878833494836,4.056465531802691e-05,0.9999368938243158
1785495436.450613022,1789399352.878570,0.099062,0.018652223777891365,-0.012548752855627808,-0.004202552334290066,-0.011586142357785037,0.00312968177485986,-2.155322861396965e-05,0.9999279803729424
1785495436.550844908,1789399352.958264,0.100232,0.021863691227815292,-0.017093769948266932,-0.004520130645364107,-0.010795176997639934,0.003016762549462782,7.993272882603188e-06,0.9999371796435101
1785495436.651091099,1789399353.076058,0.100246,0.014684137143537716,-0.02699139324648016,-0.003377651826813488,-0.008428224977671553,0.0022665646336829065,-3.5973831029371554e-05,0.9999619124818557
1785495436.750401974,1789399353.177743,0.099311,0.011784085633816256,-0.022769870077657912,-0.004226284126684021,-0.00915215062438426,0.002037554663212799,-5.437785194836486e-06,0.9999560422740459
1785495436.850744963,1789399353.271730,0.100343,0.01699534180476394,-0.00922227395855709,-0.0053565168021851295,-0.010187242028933981,0.0025158923607178805,-7.490779647834093e-05,0.9999449408713937
1785495436.950962067,1789399353.390149,0.100217,0.011152734973314753,-0.02315379263741565,-0.004732255696078658,-0.008579999189516503,0.0018614296081117705,-3.393872542280525e-05,0.9999614580282007
1785495437.050416946,1789399353.470237,0.099455,0.011762245542727874,-0.007309904191578127,-0.005197984132822242,-0.010221515447646877,0.0020745524258161687,-6.559501985095231e-05,0.9999456047963206
1785495437.150521994,1789399353.581737,0.100105,0.011294002590399511,-0.008883433568498378,-0.005518231854382272,-0.00959619185930467,0.002111686689853677,-4.2214614257068197e-05,0.9999517248842815
1785495437.250828028,1789399353.678026,0.100306,0.009218426976452913,-0.013879067452783389,-0.004822025657364781,-0.009008066842865979,0.0019961683841621383,-6.361337784116127e-05,0.9999574320924239
1785495437.350404024,1789399353.774754,0.099576,-0.008790841168233261,-0.023050419016522397,-0.006568017800547665,-0.008204504276906596,0.0006223351804448648,3.067562496366193e-05,0.9999661483607829
1785495437.450459003,1789399353.877771,0.100055,-0.015536519691250365,-0.0054659856256487616,-0.007015064971511886,-0.01012797866187749,0.0008528684597583629,0.00016937133455169256,0.9999483326537256
1785495437.550647020,1789399353.974543,0.100188,-0.004072140067374816,-0.016049437829420882,-0.006234550446498566,-0.00873908067435158,0.002517052140658537,0.00020016682837515682,0.9999586255694428
1785495437.649825096,1789399354.088027,0.099178,0.0011877121574157476,-0.018237966280229976,-0.004847359493062753,-0.008812456020798753,0.002976612474363959,0.00015645311567254845,0.9999567270234655
1785495437.750036955,1789399354.163705,0.100212,-0.0040933157307621384,-0.006028806311886416,-0.005576642623825179,-0.009987206579345325,0.00237469841896834,0.00015522810310830972,0.9999472948192801
1785495437.850322008,1789399354.260597,0.100285,0.0007480171407549877,-0.009279109904401266,-0.0036627492013257545,-0.009420454545491654,0.0029095793125980176,0.00012754709713621635,0.9999513853763682
1785495437.950532913,1789399354.371552,0.100211,-0.0013160259111902259,-0.02198741505484436,-0.00482154184369904,-0.008261182429647027,0.0026204775197201636,0.00016540758765330016,0.9999624285955762
1785495438.050498962,1789399354.495080,0.099966,0.017184304438536815,-0.03317388021738976,-0.003482856853547378,-0.007808854600388126,0.00420900588592668,-4.844846085619906e-06,0.9999606522437818
1785495438.150568008,1789399354.591121,0.100069,0.00889266521603889,-0.013725120820667151,-0.003990817188699147,-0.011859551930241798,0.0022931010927847825,3.970059839115501e-05,0.9999270429082587
1785495438.249728918,1789399354.654655,0.099161,0.0075966150381279116,-0.012379874196756282,-0.0037969619165263424,-0.012129305345993215,0.002029597499529218,2.5065073746832952e-05,0.9999243771693715
1785495438.350084066,1789399354.759846,0.100355,0.0007977606614565438,-0.02384160325324907,-0.0025128873643457394,-0.011255305501272928,0.001372092959351202,2.942744084895681e-05,0.999935715230239
1785495438.450418949,1789399354.875811,0.100335,0.005576466891074279,-0.01292573147075373,-0.002924507336834248,-0.01266563849648165,0.0019374779481388404,1.1911372034888975e-05,0.999917910450051
1785495438.550498009,1789399354.972658,0.100079,0.011764262010233263,-0.004378570162870561,-0.0030387384102281145,-0.013247766588344256,0.0022882267953132297,-1.658633119929949e-05,0.9999096261280054
1785495438.650702953,1789399355.076466,0.100205,0.007872505592022766,-0.026180296988559507,-0.003657157563534408,-0.0110456681852919,0.0016726043368815225,-1.8113463738555007e-05,0.9999375956933388
1785495438.750828981,1789399355.163314,0.100126,0.00012209073393062292,-0.025297637144701568,-0.004750072910888525,-0.011731831966200978,0.0010585767202906868,3.2210828888088366e-05,0.9999306188413807
1785495438.850050926,1789399355.265919,0.099222,-0.004281060133135846,-0.025805960123220003,-0.004559769821746162,-0.01196713779290609,0.0009918626457776905,6.643416025550523e-05,0.9999278971046062
1785495438.951114893,1789399355.375005,0.101064,-0.003836136488871107,-0.019068308343654555,-0.004371196768895691,-0.012764568185065345,0.001336139197331005,6.37584910741355e-05,0.9999176348409649
1785495439.050390005,1789399355.464702,0.099275,-0.011666423387928733,-0.017261360237277916,-0.003901460854772054,-0.012760754185457947,0.0008209625007941018,0.00012562851103104796,0.9999182333524416
1785495439.150552988,1789399355.570284,0.100163,-0.017839315961869766,-0.02183870605201474,-0.0033643357986578026,-0.012236868939271974,0.0007221640571072007,0.00015702287189113388,0.9999248536072375
1785495439.250768900,1789399355.666057,0.100216,-0.012329748353572433,-0.013675258912612648,-0.004068699192705361,-0.013014142655807531,0.0016763501269217425,0.00012489867335176844,0.9999138994641027
1785495439.351068020,1789399355.765588,0.100299,-0.022086620764700554,-0.0240476446810206,-0.002374572737507352,-0.011916599049685622,0.000891714295965383,0.0001833856489035364,0.9999285803908233
1785495439.450486898,1789399355.866824,0.099419,-0.011370020697180985,-0.016019725849869375,-0.0027403259227161136,-0.012797030647876635,0.0022691686510774075,0.00013549602631516896,0.9999155306929967
1785495439.550635099,1789399356.011626,0.100148,-0.005830747713279454,-0.004142016310071279,-0.0034999344958431267,-0.01358311311592231,0.0025720200099240663,8.280247647191754e-05,0.9999044338810077
1785495439.650706053,1789399356.102581,0.100071,-0.005203469704818692,-0.008770289712707185,-0.001983213248732907,-0.013911066770825821,0.0038673986255136922,0.00010136782222689155,0.9998957521530599
1785495439.750830889,1789399356.167854,0.100125,-0.0010294349693477575,-0.0020332462930006522,-0.0023628211782679154,-0.014172736267768136,0.0037711000373236224,5.536118852628744e-05,0.9998924488595419
1785495439.850075960,1789399356.251397,0.099245,-5.096879011790012e-05,-0.0040867596076715395,-0.0022160210934231706,-0.013595416874186724,0.0034633276825166053,3.9277647995950765e-05,0.9999015793860149
1785495439.950311899,1789399356.378602,0.100236,-0.004889448531539532,-0.007216599190011696,-0.002040189929045755,-0.013106343428209833,0.0027166797686679262,5.58476600319361e-05,0.9999104161343731
1785495440.050415993,1789399356.462402,0.100104,-2.7374504152855028e-05,-0.005364274812391771,-0.0033461541108306125,-0.013206723690861408,0.0030875823495698823,2.93785204915744e-05,0.9999080199805832
1785495440.150779963,1789399356.574448,0.100364,0.00803404445104626,-0.00026485134651367537,-0.002908407999004159,-0.013521877816342693,0.0034970151951583474,4.1801416673598955e-06,0.9999024600867682
1785495440.249979019,1789399356.661122,0.099199,-0.0014122013396526759,-0.010172437588756758,-0.0038435215302347614,-0.012449327778293167,0.002237776141454985,2.443764047212008e-05,0.9999199997992895
1785495440.349999905,1789399356.770405,0.100021,-0.0022528877176878834,-0.01810141132380049,-0.0022843783666114392,-0.012063770170336958,0.002237842915580793,3.826908176753418e-05,0.9999247251887714
1785495440.450159073,1789399356.863660,0.100159,-0.0034296229980514473,-0.009727272420791425,-0.0033989981107296896,-0.013128663972910626,0.0022204642593109435,2.972827422403244e-05,0.999911349489038
1785495440.550283909,1789399356.974324,0.100125,0.0028172303279420732,-0.005286637178044071,-0.0028907301487879344,-0.013436132321349856,0.0028374253222257484,-3.3189424914929065e-05,0.9999057046863199
1785495440.650466919,1789399357.062576,0.100183,0.0022812457501278707,-0.01622117562328001,-0.0014823633053000496,-0.012390988093438105,0.002572355327930957,-3.5681144029349495e-05,0.9999199193580409
1785495440.750621080,1789399357.170635,0.100154,-0.0015203466757254466,-0.012896393478446901,-0.003182000422132625,-0.012976985399523838,0.0021693420351680186,-4.0525052636298975e-05,0.9999134413351963
1785495440.849910975,1789399357.261934,0.099290,0.0005895542539393478,-0.015075389592262747,-0.004154058557324647,-0.012832274859198642,0.0024326551970224744,-2.5525302553285767e-05,0.9999147034917976
1785495440.950042009,1789399357.370038,0.100131,-0.006538280390459221,-0.015649110659271805,-0.003616492394831805,-0.012977457480193893,0.0018208761729320195,-2.959257688484674e-06,0.999914131312562
1785495441.050295115,1789399357.453563,0.100253,-0.0052156340448262645,0.0010390999597007147,-0.005417284109058451,-0.014421109874488278,0.002087010295343339,4.604448403413042e-05,0.9998938312930631
1785495441.150340080,1789399357.603460,0.100045,-0.0013433928779260848,-0.0031781256881350493,-0.004006849412654279,-0.013573624606778727,0.0025351289848390486,2.4236759009812188e-05,0.9999046600794718
1785495441.250361919,1789399357.688490,0.100022,0.006631498633213488,-0.009250815344473834,-0.002139848859236626,-0.011708320207626539,0.0013312788645509024,0.00012687879023846394,0.9999305610072498
1785495441.349659920,1789399357.754547,0.099298,0.005170106229493605,-0.013105522515508705,-0.0001046577194431797,-0.01136567222907656,0.0015002808302240758,9.187340972910604e-05,0.9999342789461156
1785495441.449783087,1789399357.859650,0.100123,0.009431186559591562,-0.014658240552689286,0.0003946376517762751,-0.011441477576749846,0.0020244359689414277,9.276462348190993e-05,0.9999324905435332
1785495441.549351931,1789399357.972788,0.099569,0.012766081337626162,-0.008492598642104936,2.8433120142223878e-06,-0.0120747021471719,0.0023054064499504483,9.350661826555863e-05,0.9999244361078841
1785495441.650333881,1789399358.068882,0.100982,0.019227200403747945,-0.004180740800425537,-0.00013153586770919823,-0.012298744942865278,0.0027386431080259946,3.940290270728008e-05,0.9999206164262083
1785495441.749810934,1789399358.173739,0.099477,0.01872249351701242,-0.0011043167913495008,0.0004992990243730122,-0.012372548261784761,0.002372686713968645,4.915233963791738e-05,0.9999206408467197
1785495441.849881887,1789399358.261580,0.100071,0.018526713380007817,-0.007088959474689514,-0.0002894981216492454,-0.011599420018676589,0.002204724886742046,4.6420761530753556e-05,0.9999302928147127
1785495441.950114965,1789399358.380699,0.100233,0.018281829024851412,-0.018219714115480307,-0.000162421950608449,-0.01076738899343538,0.002088483635304103,7.73819088385797e-05,0.9999398459819517
1785495442.050329924,1789399358.467440,0.100215,0.012873009068086923,-0.015954501937880988,0.00012965460473229884,-0.011400611963715602,0.001563759415834958,7.010862754172792e-05,0.9999337857018946
1785495442.149733067,1789399358.564588,0.099403,0.021411896032707316,-0.012448605447350774,-1.4626885779134291e-05,-0.0118447290434592,0.0024483758916713605,6.343004615166302e-05,0.9999268492374876
1785495442.249936104,1789399358.671396,0.100203,0.022728918092110598,-0.016761317440717093,0.0004542740217298724,-0.011460599720541165,0.002331204060217257,5.815731960471976e-05,0.9999316060408339
1785495442.350284100,1789399358.765914,0.100348,0.015379766750304384,-0.012354780599436342,0.00044270253520445335,-0.012016024679418213,0.0015477699841320346,6.249609149678345e-05,0.999926605133206
1785495442.450529099,1789399358.876143,0.100245,0.016687997031987617,-0.012770803279357975,0.0007440646639956805,-0.011935553895680124,0.0018503569194951628,5.3241073731006666e-05,0.9999270552884655
1785495442.549712896,1789399358.953164,0.099184,0.00843478649177802,-0.00138300748425986,-0.00046541690014251236,-0.012842291978137169,0.0011556576083434746,9.408152823055105e-05,0.9999168621144994
1785495442.649858952,1789399359.099038,0.100146,0.006407419805493628,-0.0036284427648864415,-0.0008444999784874008,-0.012183723369664574,0.0013509019937728453,0.00011311823317445732,0.9999248567532062
1785495442.750119925,1789399359.203803,0.100261,-0.00887987031308217,-0.010424876375759756,-0.0020036150919546802,-0.010972048625916343,0.002569533636001977,0.000380899344587613,0.9999364312602743
1785495442.850130081,1789399359.269400,0.100010,0.00689043814660683,-0.015587727508052642,-0.0012940223489391056,-0.01031098384968727,0.004285969128806618,0.0003148553358128838,0.9999376055268628
1785495442.950367928,1789399359.349577,0.100238,-0.004453043069414707,-0.011510920727681406,-0.0033758785523663737,-0.010626344300577436,0.002970467581657851,0.0003652448963509874,0.9999390600058173
1785495443.049598932,1789399359.473925,0.099231,-0.002491021854143044,-0.01872078315109564,-0.0022621000633114563,-0.00991104289723611,0.003451283567021713,0.0003455800741215633,0.9999448687026907
1785495443.149811983,1789399359.580767,0.100213,-0.0010842200800546403,-0.03018879110496283,-0.0026564491532048984,-0.009078270364583158,0.0035821162505060857,0.00035324803429761517,0.9999523131960752
1785495443.250076056,1789399359.657756,0.100264,0.0018661520546440422,-0.026700786050884967,-8.896822466458731e-05,-0.009940795838061548,0.003812337251842294,0.0003363397787227246,0.9999432651597476
1785495443.350562096,1789399359.795263,0.100486,0.0008323308045446245,-0.03205501372789674,-0.00039912001871289515,-0.009646322848237982,0.0035981126125631496,0.00035690000079643296,0.9999469359238641
1785495443.450715065,1789399359.873889,0.100153,0.0022972094285517927,-0.02657023320472443,0.0013644107507443937,-0.010507509293548418,0.0036872288452551405,0.0003696365139567163,0.9999379280539049
1785495443.549992085,1789399359.965755,0.099277,0.00853687673437091,-0.02121087304752361,-0.0001832766477551928,-0.01094665436289106,0.004106335249098925,0.0003530149287376547,0.9999315897347886
1785495443.650274992,1789399360.100842,0.100283,0.008579830039368734,-0.016350438679223655,-4.606239332249906e-05,-0.011186240429677776,0.0038258093153373312,0.00032226875320788746,0.9999300612297757
1785495443.749706030,1789399360.176394,0.099431,0.018848362415350782,-0.035457544053424585,0.000516570231418656,-0.009598414190615768,0.004435986205903222,0.0008474559560816258,0.999943735562061
1785495443.850054979,1789399360.255458,0.100349,-0.009393450118348114,-0.03700151211472326,0.0014005470768398975,-0.010918098713414622,0.0014771909418544104,0.0037577925293111308,0.9999322437158991
1785495443.950197935,1789399360.362527,0.100143,0.0034403546297431323,-0.044355404030045675,0.001093960694425966,-0.011438358122868524,0.003143407605410687,0.007384538585661959,0.9999023710052678
1785495444.049441099,1789399360.520642,0.099243,0.005065819695809812,-0.038384604939037406,0.0015561436615217361,-0.012729735556541198,0.0032105935315704026,0.015271291664533993,0.9997971962216798
1785495444.149461031,1789399360.617744,0.100020,0.018269109738528168,0.0003844809158613117,-0.00241302519640324,-0.016774694604657244,0.0038189675640154888,0.025045741246614406,0.9995382613752578
1785495444.249598026,1789399360.671154,0.100137,0.01035031414124498,-0.019980758178192455,-0.0023915658014955765,-0.015341122151054713,0.0029462839208428764,0.03669687181718291,0.999204337951471
1785495444.349968910,1789399360.747892,0.100371,0.021361969189036205,0.0011105395804789139,-0.0061647225421600504,-0.018231792793364697,0.003962015885590694,0.049429122921363935,0.9986033576795578
1785495444.450339079,1789399360.870156,0.100370,0.018010152132753803,-0.016425124806937495,-0.005074098335271948,-0.016626286623749598,0.002712659318506138,0.06039815677515779,0.9980321992454402
1785495444.550585032,1789399360.966818,0.100246,0.03232539638569554,-0.013528936550966085,-0.0029340548069825556,-0.018297502426066477,0.003242125077726759,0.07117916159768227,0.9972904376279758
1785495444.649785042,1789399361.072064,0.099200,0.015430326220071275,-0.021386210928796258,0.0020209716980176262,-0.019151789882130607,0.0017318791010528887,0.08354049039494102,0.9963188224678196
1785495444.749943972,1789399361.162192,0.100159,0.014502137697552535,-0.03640218735126148,0.004413925512593619,-0.01941406686582825,0.0028735034021854233,0.09590107025692032,0.9951973782669967
1785495444.849252939,1789399361.266098,0.099309,0.025806229760161524,-0.03660536906601987,0.0062236727974405714,-0.019888594153891524,0.00440402351568605,0.10780757998983623,0.9939630647545158
1785495444.949502945,1789399361.361081,0.100250,0.014068031798237068,-0.01176308764055753,0.0033096162454099853,-0.02281901517490388,0.0030287640306565227,0.11855879127438898,0.9926801761627203
1785495445.049653053,1789399361.463039,0.100150,0.01821510488814397,-0.022136000868798675,0.0034294654374867894,-0.022149214333532917,0.003211127941232597,0.12887643008444308,0.9914080727583579
1785495445.149149895,1789399361.570218,0.099497,0.0188869992190517,-0.02249052649256588,0.002378526036158679,-0.022102537205251006,0.004238142197056597,0.13964336806219377,0.9899460822469343
1785495445.249355078,1789399361.657759,0.100205,0.041072906821821256,-0.00359408119687403,-0.0006878153723158253,-0.022390277105821112,0.007543178872851218,0.14999448454453707,0.988404487317735
1785495445.349560022,1789399361.770633,0.100205,0.05144881416876643,-0.010813024427195759,-0.0015841236297198802,-0.02018584449755683,0.00796785725796359,0.15917685857113023,0.9870115362183274
1785495445.449702024,1789399361.879397,0.100142,0.05134184799819845,-0.005058685322140261,0.001214781477683835,-0.021446362288178426,0.007353707372701802,0.16766950098004485,0.9855825257042571
1785495445.550033092,1789399361.943927,0.100331,0.04659661064618831,-0.01150059297331264,0.001881817085348625,-0.02080497278568146,0.00665743047524893,0.17429042592909363,0.9844519689432839
1785495445.649450064,1789399362.129680,0.099417,0.039294167524589196,-0.0177051339696582,-0.00017158150999657673,-0.020625700361107176,0.005863592976301124,0.18062255718272302,0.9833187126251564
1785495445.749820948,1789399362.295892,0.100371,0.0441516400068131,-0.013404107043014892,-0.0005487624897795862,-0.021263254917618366,0.007220067110139677,0.18822220448360544,0.981869719647451
1785495445.849170923,1789399362.360602,0.099350,0.048635619104198544,-0.047118337373827576,-0.0008714184212014198,-0.01951870745049134,0.004488411535168128,0.1942943466058669,0.9807387935114785
1785495445.949228048,1789399362.387485,0.100057,0.039163804435135154,-0.05841735013641227,0.00019104263691605006,-0.019465397173318827,0.0026731130214340338,0.20034411993379575,0.9795285531252321
1785495446.049406052,1789399362.447697,0.100178,0.04879983586506108,-0.04134105142383142,0.0022144758690129107,-0.02241352814426614,0.003557404688765987,0.2056856847756313,0.9783549344212377
1785495446.149697065,1789399362.559709,0.100291,0.04542054050379134,-0.045052231473942994,0.006963803636756721,-0.022063794383652947,0.0025483612299901683,0.2112297412597011,0.977184062108974
1785495446.249042034,1789399362.670360,0.099345,0.0485279157528484,-0.06217376773811449,0.01037870416507733,-0.020793752290702214,0.004242634947983341,0.2170726936406782,0.975924723321399
1785495446.349375963,1789399362.765321,0.100334,0.04938592512036631,-0.04674435295283517,0.005804334267284772,-0.02543595889504091,0.005457856982203128,0.2232019674060532,0.9744250127835987
1785495446.449839115,1789399362.869178,0.100463,0.062335115960345897,-0.042820192361400417,0.01315988877780594,-0.02889753160449059,0.0055591812736551696,0.2283647657995243,0.9731308041122017
1785495446.549367905,1789399362.957097,0.099529,0.07268617523163344,-0.04689807739201507,0.010824648005244769,-0.029446955270165772,0.005076091260297897,0.23632266573950306,0.9712150677273322
1785495446.649688005,1789399363.116989,0.100320,0.06917251708775783,-0.03902492983829477,0.011345619458239281,-0.02913830836696222,0.005470288716406613,0.2447334987584293,0.9691370127656492
1785495446.748944998,1789399363.172319,0.099257,0.07799680454221086,-0.03285995115658717,0.010601271184817795,-0.029984984147873553,0.0068966254125757,0.25249718207596816,0.9671083239881988
1785495446.849490881,1789399363.263291,0.100546,0.06969127273584938,-0.03795695564518786,0.009475879278862537,-0.032401365318161256,0.004885855277234856,0.25738400915498616,0.9657534632477545
1785495446.949672937,1789399363.360953,0.100182,0.08935361585211996,-0.03955624104681671,0.010478819477043294,-0.03359703961270682,0.008576264460483485,0.26169830837400004,0.9645266621568062
1785495447.048916101,1789399363.538993,0.099243,0.10902619864319099,-0.05900231092012211,0.007778708535345263,-0.0296817145959053,0.014096303379034364,0.268965103194241,0.9625892495313884
1785495447.149368048,1789399363.631544,0.100452,0.09509610731897139,-0.0680744735964233,0.007591638740107182,-0.03214449074329528,0.011204970885696396,0.2728750188113216,0.9614470367373453
1785495447.249625921,1789399363.687110,0.100258,0.09140425078239411,-0.08809934278860901,0.004427438832788788,-0.033093013912942615,0.009565007356457942,0.273269854672827,0.9613204198348835
1785495447.348818064,1789399363.751863,0.099192,0.11579648075818423,-0.08274001841986359,0.005608724796513032,-0.03576241953417423,0.011108119292222255,0.2697110790389569,0.9622128625613404
1785495447.449228048,1789399363.871642,0.100410,0.16096275718462333,-0.1269130653499797,0.005434263146257029,-0.03437793348145597,0.011748215285848396,0.2627178860527646,0.964188492710375
1785495447.549590111,1789399363.967821,0.100362,0.13372215956076222,-0.11336484013412464,0.005202813820061242,-0.039759509235629126,0.007403840244686867,0.2534739938227317,0.9664964040442796
1785495447.648853064,1789399364.074847,0.099263,0.12884066233350755,-0.12284441775077562,0.010862430003734103,-0.04087386216380513,0.007499852983002205,0.24286775908994637,0.9691688868260641
1785495447.749209881,1789399364.161653,0.100357,0.12980379359580763,-0.11716067975774806,0.009581833567455539,-0.04179168594840238,0.008171782999251446,0.23402846981743827,0.9712967374922602
1785495447.848512888,1789399364.266002,0.099303,0.13011228393439236,-0.11202063374409126,0.009144012995229656,-0.043561498350409976,0.007937417863815974,0.22535306152333803,0.9732704613421587
1785495447.949485064,1789399364.364500,0.100972,0.11554216184871997,-0.13093076219201794,0.013806408950439941,-0.04339457726547912,0.006082528003089658,0.21463119724690607,0.9757117210966564
1785495448.048907995,1789399364.464860,0.099423,0.10457412626453921,-0.13565937097015895,0.015933739123873053,-0.044118240105537866,0.005294345847876567,0.20546427369113945,0.9776553498184334
1785495448.149271965,1789399364.561742,0.100364,0.10006228861789401,-0.14272895805693314,0.014286317450700331,-0.04488329850791275,0.00559065002789789,0.19665004044949694,0.9794299340629345
1785495448.249659061,1789399364.669843,0.100387,0.10308276726251038,-0.14053836888871685,0.010202561700171031,-0.04440358950326919,0.006723245449216477,0.18833563268182513,0.9810773713995189
1785495448.349092960,1789399364.757905,0.099434,0.11133582054278061,-0.12796287611759627,0.007566618236365119,-0.044114733128238284,0.008145456887985712,0.17979658803454499,0.9826803797696607
1785495448.449238062,1789399364.852502,0.100145,0.09958816297958549,-0.13672346309719552,0.011002038507920725,-0.042708317002084835,0.006955902017071486,0.1722932342198482,0.9840948412262109
1785495448.549432039,1789399364.982686,0.100194,0.08897095522698324,-0.12904557931976562,0.011517450916379346,-0.04334811663545373,0.00761096627003017,0.16270754478060812,0.9856922789836899
1785495448.648749113,1789399365.083364,0.099317,0.08611403725349116,-0.12161750969897757,0.0045271477559948314,-0.04505834583814671,0.0083078826313804,0.15388581187348477,0.9870257754793186
1785495448.749059916,1789399365.174716,0.100311,0.07872335514512115,-0.11487820525106836,0.007407702708135455,-0.04846539629099289,0.008794130804096764,0.14376663703551112,0.9883850073231867
1785495448.849306107,1789399365.245226,0.100246,0.08898025483503935,-0.11668692770976155,0.007423054336200607,-0.04845318721904569,0.008981987479076671,0.132586715615619,0.9899456426448392
1785495448.948558092,1789399365.359629,0.099252,0.08500146081130483,-0.1360658824712439,0.009938502949398215,-0.04852897282938778,0.00689622034904136,0.11833725590119733,0.9917629125989716
1785495449.048813105,1789399365.474290,0.100255,0.08867206466385928,-0.1596726179991278,0.013892817387623269,-0.04960956121031463,0.005752261527356359,0.10477535664550128,0.9932411225697656
1785495449.149168015,1789399365.559013,0.100355,0.10974853923325664,-0.1756575876675554,0.019060390892277346,-0.052421806771111946,0.008211520805832196,0.09736993331811043,0.9938327933744859
1785495449.248466015,1789399365.665191,0.099298,0.10066769520588392,-0.2162180186223258,0.020992805209267495,-0.05012247187626018,0.007651810558907407,0.09553873309334235,0.9941335614931741
1785495449.349567890,1789399365.757537,0.101102,0.09649663681629568,-0.23325329195379296,0.02649369621376002,-0.05247963421102956,0.0074783325936584495,0.09749061809863306,0.9938236976030713
1785495449.448721886,1789399365.870733,0.099154,0.09505437266681736,-0.2448731198311209,0.02870309895419859,-0.053927498597133784,0.007745838868751648,0.10098942486323265,0.9933946662535833
1785495449.548907042,1789399365.958231,0.100185,0.12781913463041367,-0.28144722020679996,0.03195721038007421,-0.05348546708350951,0.00989005761612036,0.10531697642049259,0.9929500622130265
1785495449.649141073,1789399366.065054,0.100234,0.13775753945922722,-0.2838257378450948,0.029306830605978995,-0.05612045476673106,0.00810816159461513,0.11108816724168225,0.9921916001313527
1785495449.749274015,1789399366.154859,0.100133,0.1393594790251682,-0.318028202778646,0.03636313549048581,-0.056051417227017335,0.006872887241788242,0.1185620224912468,0.9913395225000305
1785495449.848632097,1789399366.274414,0.099358,0.1484776348469191,-0.3402508605533513,0.041215286496380954,-0.0562507286606235,0.005699160397197046,0.13002098614135876,0.9898979332530922
1785495449.948101997,1789399366.349073,0.099470,0.1588589961566911,-0.33756832137286646,0.04173948439140088,-0.05876285238104768,0.00747950615161039,0.14385456106843525,0.9878243008893726
1785495450.048582077,1789399366.533495,0.100480,0.17270695513855133,-0.37531477103700245,0.04092489614665301,-0.054230931001650634,0.007550132920015753,0.1603022914702838,0.9855481606522123
1785495450.148680925,1789399366.719296,0.100099,0.1607374011071595,-0.3645854161089359,0.04024019026383205,-0.0569614103455448,0.007051943838917086,0.17264166709466713,0.9833109999396485
1785495450.248894930,1789399366.750078,0.100214,0.18665385454741623,-0.3435095355623026,0.03653555474546688,-0.05588741869881466,0.01021625259348903,0.17872840128442824,0.9822567806782703
1785495450.349345922,1789399366.794151,0.100451,0.1561641361558378,-0.36771941383778906,0.03867078457995379,-0.0552727479225834,0.006936131697239074,0.18845191616888482,0.9805012436026984
1785495450.448597908,1789399366.859090,0.099252,0.16082556929892733,-0.3298297425330872,0.037314784621684416,-0.05976718159913655,0.009698806828825643,0.200406157710592,0.9778400631501387
1785495450.548806906,1789399366.947115,0.100209,0.18405336430921693,-0.3247007449655197,0.03635076612593824,-0.05777380931990767,0.012810592478400306,0.21404291947055884,0.975030104305265
1785495450.648957014,1789399367.071362,0.100150,0.15165324732537477,-0.3350026549389882,0.03362704817916784,-0.056018292254908064,0.010475779901910339,0.22933966497562613,0.9716766576578622
1785495450.749181986,1789399367.158068,0.100225,0.14243208839389318,-0.32156598200900693,0.03313658531362612,-0.05463580942351645,0.012975221964226376,0.24597162799123432,0.9676489705295789
1785495450.848906994,1789399367.247925,0.099725,0.17316460435758796,-0.32057040097406997,0.03352234513033006,-0.04857511283867832,0.018493911769966093,0.26211709842015035,0.96363533577591
1785495450.949321985,1789399367.399475,0.100415,0.19714835860884883,-0.29121922547351997,0.03384976545933499,-0.04576042851665365,0.023063949629177186,0.27783465917923933,0.959261142530138
1785495451.048682928,1789399367.466658,0.099361,0.19572719345847137,-0.2850941716687656,0.028628826442259503,-0.04022836049830974,0.02495519362667421,0.29436132792339487,0.9545209929309271
1785495451.148902893,1789399367.562048,0.100220,0.22513144086122805,-0.2919535009673878,0.02925877600610413,-0.03492034541142789,0.02848611796420149,0.31098917404063575,0.9493444286396758
1785495451.248246908,1789399367.663345,0.099344,0.16841822550090496,-0.3090486487176806,0.028152595411713888,-0.03214083074205652,0.023957024934052717,0.3273018968366546,0.94406911626355
1785495451.348601103,1789399367.766651,0.100354,0.19763396051993115,-0.298669783916538,0.028075266426118822,-0.028948091561040362,0.03030351560404033,0.34256058935734,0.9385605721295526
1785495451.448751926,1789399367.858304,0.100151,0.2151445135725388,-0.27133220309227857,0.027593293997956125,-0.030156297629113968,0.03347284971347247,0.36040627382704277,0.9317067584983277
1785495451.548172951,1789399367.945994,0.099421,0.21097747370836553,-0.26551799824307276,0.030907396072043375,-0.030530555188894127,0.032246341434843846,0.37755904132340756,0.9249201203232984
1785495451.648359060,1789399368.081066,0.100186,0.21024489254961704,-0.24617750020805157,0.021102614038778583,-0.031169503570620743,0.032616618070445885,0.39570986650505546,0.9172667658992927
1785495451.748536110,1789399368.193538,0.100177,0.2198637156214923,-0.24148728255285234,0.021034708207248426,-0.030397698487572095,0.0350783546197377,0.41235623362931967,0.9098394504256564
1785495451.848891973,1789399368.320721,0.100356,0.2257789413303338,-0.24381186122417678,0.019081802998781816,-0.029026024526489037,0.036336789411299114,0.4251006011107981,0.9039505553793812
1785495451.948299885,1789399368.408170,0.099408,0.23825605053737695,-0.2471832195443173,0.019970977153358355,-0.028458468614704482,0.03689498599521632,0.4410876282546378,0.8962536358493634
1785495452.048491001,1789399368.470184,0.100191,0.24541923853363687,-0.24887145988961018,0.02242343191640761,-0.02803092631291917,0.039111572613627014,0.4600968470840122,0.8865638405445279
1785495452.148870945,1789399368.540902,0.100380,0.2465070802606025,-0.22352343573468944,0.026120336455168786,-0.02995912047613501,0.03929748470688837,0.48045334345931595,0.8756270573450518
1785495452.248162985,1789399368.672657,0.099292,0.240145388456904,-0.2314132218413223,0.024649038227525427,-0.027533795951941924,0.03865849456669558,0.49939066480245364,0.8650759358498288
1785495452.348536968,1789399368.757354,0.100374,0.27752103216813756,-0.22300160111852607,0.023952775526642683,-0.02587858544674888,0.041926388429624546,0.516010599287479,0.8551640416852658
1785495452.448662043,1789399368.860099,0.100125,0.27869719447515445,-0.21162113256553497,0.0239535462186109,-0.02730538843733392,0.03947073848444277,0.5344915067421147,0.8438099938886124
1785495452.549010992,1789399368.972046,0.100349,0.2725245960356446,-0.2253586920318344,0.024522352509399742,-0.02656786570872831,0.036442463430922216,0.551887285365383,0.8326983365077493
1785495452.648294926,1789399369.047803,0.099284,0.27627195993386555,-0.21527689314997556,0.020676469556423493,-0.02776610089908272,0.03772777391800174,0.5676886361059647,0.8219095273521155
1785495452.748744965,1789399369.195668,0.100450,0.29285102630801313,-0.1983539788365246,0.020701906106771223,-0.02712999150272176,0.0398810455931577,0.5819885917486772,0.8117652030222922
1785495452.848217964,1789399369.261225,0.099473,0.3113671026058215,-0.2118826231659574,0.018436907926419305,-0.024350631654447924,0.040381628736384,0.5967121961568659,0.8010686148865451
1785495452.948604107,1789399369.352454,0.100386,0.3127028014691947,-0.20932973632941562,0.01755995976549099,-0.02520913221760372,0.039532549583873526,0.611917144453984,0.7895309275129672
1785495453.048947096,1789399369.445941,0.100343,0.3460968833169158,-0.17881644378691122,0.01485947069969265,-0.025770631042018613,0.04447174499155688,0.6236981133527298,0.7799735904973429
1785495453.148159981,1789399369.572983,0.099213,0.3282231320159693,-0.18309831259936218,0.01727396306880183,-0.027755407967469732,0.04356085103781694,0.6345872776459617,0.7711232564481998
1785495453.248739958,1789399369.681240,0.100580,0.3607724252335359,-0.20041285510789014,0.015517513764161162,-0.02677655951804771,0.04661931553821365,0.644798494553262,0.7624595443044434
1785495453.348999977,1789399369.793935,0.100260,0.389890499536034,-0.20931489302426642,0.013197471016629853,-0.028311860852379873,0.04708659098527466,0.6549971764593633,0.7536312031190651
1785495453.448164940,1789399369.868616,0.099165,0.3869220751852051,-0.21963531968852945,0.016110843440533568,-0.03203699542413172,0.04422204561231964,0.6634877470879168,0.7461916986071493
1785495453.548300982,1789399369.943816,0.100136,0.3886613926091119,-0.21641076887650554,0.01922284160289639,-0.03308994566764628,0.04378963229336318,0.6714502626266672,0.7390142545430823
1785495453.648405075,1789399370.068328,0.100104,0.4008319976787826,-0.21948196160777506,0.021919608022355125,-0.03271280706879672,0.04402069951060256,0.6784254194945523,0.732619273874146
1785495453.748985052,1789399370.161405,0.100580,0.40161555717012104,-0.20935129099238106,0.0200759244428029,-0.030674146611376633,0.04844299798017786,0.6743003766280088,0.7362278008576185
1785495453.848185062,1789399370.258708,0.099200,0.37087944941621426,-0.20276194982917836,0.021424536493117735,-0.03603945942937175,0.043620038388294896,0.6742143066121026,0.7363650713977188
1785495453.948399067,1789399370.377048,0.100214,0.3641856661352933,-0.20366078502688623,0.022422109469289686,-0.035424848157231834,0.04384548954868831,0.6742027625762392,0.7363920749938877
1785495454.048850060,1789399370.458380,0.100451,0.36164661831479905,-0.2005243742309199,0.022434568254758175,-0.03562209480929836,0.04329713108380422,0.6715362684124936,0.7388473895249925
1785495454.148185968,1789399370.573292,0.099336,0.3846452811984617,-0.1921639917910875,0.02637327067353712,-0.03455344416657651,0.04491902765843228,0.6668912881369982,0.7429968709606974
1785495454.248543978,1789399370.664767,0.100358,0.39283515290658805,-0.18285568579556644,0.027110979842260602,-0.035367455078323756,0.044323018391925234,0.662578395172142,0.746843011223232
1785495454.347975969,1789399370.763401,0.099432,0.3907394031634651,-0.2012735186804978,0.027371140267604704,-0.034385959975784794,0.041440662510807774,0.6579768377564409,0.7511103502303824
1785495454.448097944,1789399370.864984,0.100122,0.3973853271327002,-0.20347543373232568,0.027664426009174486,-0.03465357228861297,0.04114720994254952,0.650060257112917,0.7579760544791866
1785495454.548491955,1789399370.987483,0.100394,0.3983317754226915,-0.21125200281166426,0.028423238523595573,-0.035643336551844755,0.039746700420170616,0.641718737942218,0.7650796126802579
1785495454.648950100,1789399371.097329,0.100458,0.4182464986362906,-0.2082954169866416,0.02697414622618785,-0.036530361633700464,0.04041200724610094,0.6294982717356443,0.7750898839689855
1785495454.748471975,1789399371.208547,0.099522,0.41471079301568636,-0.20042728911454322,0.026397661014230217,-0.03832151734612101,0.03924966225321071,0.6137869474079578,0.7875636536260979
1785495454.847742081,1789399371.327563,0.099270,0.39695935689188655,-0.20713506281555244,0.02638471514863222,-0.03941440302301472,0.03657577035038617,0.596861153116259,0.8005407433468418
1785495454.947994947,1789399371.413327,0.100253,0.39021956725620416,-0.21937591805396678,0.026030292074427336,-0.040491674028622006,0.035771343430835885,0.5806124390694137,0.812385395561337
1785495455.048388004,1789399371.473352,0.100393,0.4152274656144929,-0.19765854065683489,0.023382915750907785,-0.04177854410577261,0.03669876078696246,0.5636069296956698,0.8241692684200824
1785495455.148749113,1789399371.543317,0.100361,0.42310203744469876,-0.20246132810562428,0.02425701545002587,-0.040619669426897854,0.03521753911926189,0.5451158421506864,0.8366352168241263
1785495455.248013020,1789399371.665802,0.099264,0.41845771006688554,-0.19079695707042094,0.028220655257348543,-0.04409386647154895,0.032994763315757826,0.5256642470948975,0.8489076368247931
1785495455.348277092,1789399371.762140,0.100264,0.41244136246723784,-0.19435332703880723,0.029432625444952648,-0.04245625595892764,0.031001742661911427,0.5065453780552149,0.8606091669583528
1785495455.448481083,1789399371.864193,0.100204,0.42565867387693374,-0.20865617040019546,0.03049696318447287,-0.04145810068490558,0.030555882682577706,0.48854228180119,0.8710189451519139
1785495455.547857046,1789399371.966107,0.099376,0.42065923833303887,-0.20620593920112026,0.029569291413340387,-0.041616397472951934,0.02923214906992545,0.4714054101274456,0.8804490310203544
1785495455.648190022,1789399372.056336,0.100333,0.42112318491949663,-0.21311959629667032,0.02937580694891259,-0.03976463397454079,0.027865113339350937,0.4552870966782045,0.8890196673537475
1785495455.748316050,1789399372.172710,0.100126,0.4052054631170435,-0.23913565564955316,0.034688596314547016,-0.03945569061530415,0.02485374934915238,0.44015979998797083,0.8967078064207372
1785495455.847723961,1789399372.265846,0.099408,0.3900094130741791,-0.23959358634546132,0.035292182663111404,-0.039447561384644184,0.02443609882271693,0.4245754129548246,0.9042026795411273
1785495455.947808027,1789399372.365340,0.100084,0.4125297436190148,-0.2665102320824292,0.033348766932531276,-0.03302832323995302,0.026334283662257898,0.40679583897817406,0.9125419336983813
1785495456.048088074,1789399372.447878,0.100280,0.40341569875101,-0.2756574815625014,0.032460429794066326,-0.03130588899755082,0.0249114692126863,0.38734351459747207,0.9210669691803102
1785495456.148214102,1789399372.584740,0.100126,0.3995316756659231,-0.27899343908098845,0.031741076140762714,-0.03167353727012418,0.02487737729565472,0.36911832081589124,0.9285093259487123
1785495456.248390913,1789399372.695000,0.100177,0.4394266297899238,-0.25904059631317156,0.031172003693293482,-0.03230806865897867,0.028838193163518242,0.3528854420384274,0.9346637962989273
1785495456.347515106,1789399372.803926,0.099124,0.4161677686782342,-0.2672124954239855,0.03135761831029926,-0.03307393188758445,0.025761803037250033,0.33714581533070836,0.9405185504490312
1785495456.447710991,1789399372.920968,0.100196,0.39652721613299574,-0.2403727008953662,0.030059280166341656,-0.035482797564566494,0.025364874975387367,0.3197027597953393,0.9465134650778663
1785495456.547900915,1789399373.012063,0.100190,0.39703156460503425,-0.24808374417282003,0.029765275559026416,-0.0341499083424694,0.025182260224434632,0.30163146278806263,0.9524799725907706
1785495456.648058891,1789399373.089407,0.100158,0.4320858162972539,-0.26937223862880827,0.03186180686768919,-0.03375419924142523,0.027409743620258265,0.284163389515904,0.9577893964995993
1785495456.748199940,1789399373.143695,0.100141,0.4229500140535861,-0.2771413698991388,0.03088277420985369,-0.03432398713335771,0.026884757784356735,0.2671741642427897,0.9626614356393972
1785495456.847419024,1789399373.250553,0.099219,0.4240376948040528,-0.2895897387484519,0.0321719909195842,-0.033370019471304316,0.02600977667509542,0.25256206470154247,0.9666552316061212
1785495456.947773933,1789399373.374991,0.100355,0.4150843577464374,-0.2808440914255503,0.03139944269649739,-0.03481827484629766,0.0249916837395501,0.23872936413757007,0.9701398838203983
1785495457.047911882,1789399373.457780,0.100138,0.42264628081146205,-0.28753453521173317,0.031965595849909906,-0.03527374728049406,0.02474843157217417,0.22689879494133075,0.9729646523598254
1785495457.148147106,1789399373.572630,0.100235,0.42162088401929365,-0.29361537482674155,0.03230640936938589,-0.037716417926831565,0.022370948949964845,0.21713188328788502,0.975156786225527
1785495457.248233080,1789399373.660204,0.100086,0.41126789906068256,-0.32725930640323214,0.03193189632976698,-0.03568375086419512,0.018939668737178006,0.20623448003911463,0.9776682965686163
1785495457.348457098,1789399373.786776,0.100224,0.3942317590212801,-0.32937844988760323,0.034434375954798396,-0.03935997071627216,0.01719548003982331,0.19517560352939098,0.9798273276237749
1785495457.447664022,1789399373.886651,0.099207,0.42095921002627207,-0.33259905596917294,0.03859578363056271,-0.04350201803175364,0.019917402050464602,0.19201609207099601,0.9802248170233725
1785495457.548054934,1789399373.951566,0.100391,0.41354643595472435,-0.36866052062823224,0.04041764585785265,-0.04385295993677231,0.01527348581474992,0.19351709733810762,0.9799973324319204
1785495457.648264885,1789399374.090227,0.100210,0.4301705604052891,-0.3925874482713176,0.041732091195531784,-0.047242783589659144,0.013918191914005546,0.1949249977585428,0.9795808535191843
1785495457.748473883,1789399374.198472,0.100209,0.4386013065082712,-0.4116805103216508,0.04695398932066497,-0.04951104678377301,0.011826305155607366,0.19895200903972174,0.9786863097294229
1785495457.847779989,1789399374.488312,0.099306,0.43731434698703875,-0.420821419912719,0.05165222126008376,-0.054026599280731856,0.008869644321408568,0.2051230844343793,0.9772036513500617
1785495457.948096037,1789399374.532222,0.100316,0.46613146744196365,-0.4332739151480841,0.05306743698511007,-0.05590969821313889,0.01031831539791091,0.21177163602990065,0.9756640877813837
1785495458.047487974,1789399374.569335,0.099392,0.46138681017452077,-0.4471924238579174,0.056902008080371935,-0.056241020647937706,0.007852749165939085,0.2174299879682809,0.9744226404692798
1785495458.147892952,1789399374.607351,0.100405,0.45889330945434953,-0.4739209825277273,0.05621288044682496,-0.0528430778385039,0.0036266989414701946,0.22007512219528153,0.9740438371911545
1785495458.248130083,1789399374.662732,0.100237,0.4572427823186094,-0.4786152909918493,0.06043795843009825,-0.05400814488813541,0.0024104947252409107,0.21693519564995778,0.9746878632101823
1785495458.348507881,1789399374.741330,0.100378,0.45840188335018084,-0.5050329222250252,0.061240019319299455,-0.05317645786977123,0.0021080232616662925,0.21083686871840662,0.9760715318845055
1785495458.447789907,1789399374.864026,0.099282,0.45934711575860065,-0.5140000321082213,0.06199680015721565,-0.055064368036438216,0.0029294205564398264,0.20544940382390517,0.9771130315047223
1785495458.548197985,1789399374.992777,0.100408,0.45559083286044555,-0.5153676892664565,0.059290929915440466,-0.05678198262240555,0.002595682487884467,0.19824824841495775,0.9785022743367987
1785495458.647501945,1789399375.043133,0.099304,0.47192671679502946,-0.5212103633273293,0.0588516412802009,-0.05511334511430845,0.004079421108731137,0.19059053589121072,0.9801128124570282
1785495458.747806072,1789399375.177951,0.100304,0.4802370934909234,-0.5352916230684591,0.05948328500325312,-0.05546896856676452,0.005345499568067835,0.1814639270526167,0.9818174282111445
1785495458.848160982,1789399375.248453,0.100355,0.470763503524591,-0.5491160974960125,0.06251341677526231,-0.05619535946437266,0.0038350491572318223,0.17018431169921924,0.9838011354049614
1785495458.948473930,1789399375.349116,0.100313,0.4718495952869615,-0.549753523004003,0.06116509028264208,-0.05449989620506132,0.0034581500501585905,0.15892246333882054,0.9857796169317898
1785495459.047702074,1789399375.494984,0.099228,0.48350888624622307,-0.5623342793594466,0.05967644876862796,-0.05274934810608508,0.004353715444646143,0.1457406576029772,0.9879059733383838
1785495459.147989988,1789399375.596058,0.100288,0.4842133900323204,-0.5827770377463762,0.0614699601011654,-0.05354375322148588,0.004034581616310207,0.13650262648205114,0.9891834115095326
1785495459.248125076,1789399375.708074,0.100135,0.4764706585719647,-0.5872241802049591,0.06535210535645905,-0.05341799392052302,0.003154761900834166,0.1326464931429554,0.9897178755886598
1785495459.348294973,1789399375.804025,0.100170,0.4784973756756077,-0.5948862734582209,0.06753960118169522,-0.05326927790016761,0.0036515681415502234,0.13166290996070992,0.9898555087601313
1785495459.448663950,1789399375.908278,0.100369,0.4923609023181249,-0.5707719325566862,0.0636423220023167,-0.055729388582024406,0.005288914871540486,0.13231444264323544,0.9896257630517523
1785495459.547813892,1789399375.980251,0.099150,0.48418212905951435,-0.5869434039932688,0.0655349475565439,-0.05343759659881256,0.0034188489428215157,0.13453798089599728,0.9894605936762084
1785495459.647929907,1789399376.060847,0.100116,0.4803882779422866,-0.5697470877860198,0.06610273992667687,-0.054958968845793224,0.003062400928863979,0.13751813019084505,0.988968602794229
1785495459.747967958,1789399376.144552,0.100038,0.46267667760116504,-0.5634267525454465,0.06925530535102617,-0.05228912229847469,0.0035493548856959252,0.13887149353937028,0.9889226249061616
1785495459.848088980,1789399376.251244,0.100121,0.47391408888294007,-0.5484410603035293,0.06762797004896945,-0.05078885289181671,0.004072564073896815,0.14339889677601453,0.9883524993883592
1785495459.948296070,1789399376.374491,0.100207,0.44380419036250707,-0.5603102646695164,0.06604759610261682,-0.04786199951665247,6.0152120042889545e-05,0.15259879930116513,0.9871285791809647
1785495460.047681093,1789399376.486287,0.099385,0.41865445834452814,-0.558881334856124,0.06683490096473005,-0.049167166518957646,-0.0015357262815406132,0.16217370788832508,0.9855353467791169
1785495460.147986889,1789399376.567814,0.100306,0.42914551770349396,-0.5398218692126723,0.06339005353663055,-0.04831386816808792,9.543215850743641e-05,0.17203885358837542,0.9839046670746784
1785495460.248173952,1789399376.656654,0.100187,0.4251303455917945,-0.5234568404006159,0.06613809437477175,-0.048696484440124664,-0.0005259593497116881,0.18363012440482576,0.9817883443904798
1785495460.348408937,1789399376.763737,0.100235,0.4368917617475038,-0.5121527901974156,0.06790204151130316,-0.04887387978964091,0.0011214701964342847,0.196511461786824,0.9792820490365926
1785495460.447659969,1789399376.862926,0.099251,0.4377834664929712,-0.4997331793748829,0.06785689779213996,-0.04787470212552704,0.0007322286259345655,0.21059279957841184,0.9764006091268855
1785495460.547884941,1789399376.947603,0.100225,0.45298605769830785,-0.5019398136758999,0.0669064431998409,-0.046913160303482214,0.002349825196760825,0.22442336596524842,0.9733590224170662
1785495460.648122072,1789399377.080907,0.100237,0.4559371478373151,-0.5027969236830929,0.06616974353493707,-0.04614736964227566,0.0036071145613933583,0.24092551445892596,0.9694391705941818
1785495460.748308897,1789399377.196581,0.100187,0.47345441834337837,-0.49348699179835237,0.06552026398179683,-0.04586655152860385,0.006936574110531766,0.260814511725211,0.964273785739307
1785495460.848469019,1789399377.326882,0.100160,0.45810827815276317,-0.4714320614055516,0.06132345016419183,-0.047786327345388194,0.007806404483037575,0.2781222260439703,0.959324530254608
1785495460.947901011,1789399377.596390,0.099432,0.445583157871804,-0.4853751352157032,0.06148679479489566,-0.04469009183284272,0.00868921321301367,0.29419718865692224,0.9546597862338521
1785495461.048054934,1789399377.643054,0.100154,0.44993415405697806,-0.4666108779246503,0.0591901755861389,-0.045213878074262165,0.012232560748137127,0.3117942195973208,0.9489944332358938
1785495461.147418976,1789399377.694160,0.099364,0.47902438703387745,-0.4515436619746327,0.056062474563718684,-0.04295633722574947,0.017146949792301937,0.32855989101031907,0.9433499526815289
1785495461.247625113,1789399377.774384,0.100206,0.4835338213366037,-0.46058605169028005,0.050615009628135366,-0.04264338445243335,0.014072635227134209,0.3437749165262755,0.9379777766384148
1785495461.348052025,1789399377.787981,0.100427,0.4872559120822883,-0.4368535921471692,0.047053274255741295,-0.043453280110527036,0.014278765064082032,0.35957102447181216,0.9319960341525904
1785495461.448363066,1789399377.857499,0.100311,0.48459992131722057,-0.4352238363470455,0.0457366051228936,-0.041735484510861086,0.01252612206877424,0.3764374720353436,0.9254167035699022
1785495461.548593998,1789399377.944650,0.100231,0.5027163539252006,-0.4191777617291007,0.047116156095913825,-0.04100711585765266,0.014104179772047178,0.3938663415746444,0.9181442117317853
1785495461.647764921,1789399378.072043,0.099171,0.4862018261348981,-0.41371710534594414,0.04836899895839378,-0.04067709897731331,0.01197929179610782,0.4106518844106758,0.910805632402871
1785495461.748104095,1789399378.198931,0.100339,0.4968543882318533,-0.433465569640397,0.049250401081199185,-0.03747373836222768,0.01200669073564114,0.4280287337082068,0.9029080581271077
1785495461.848556995,1789399378.265053,0.100453,0.5386881776512811,-0.4077676581572469,0.04938781407010681,-0.03753606119653611,0.017281607438664977,0.44614395171929844,0.8940066915289
1785495461.947863102,1789399378.364926,0.099306,0.5320874139872318,-0.4150973802988701,0.04826183186353755,-0.0364239881467138,0.01637128455401891,0.46307259541147733,0.8854202649072312
1785495462.048233986,1789399378.453797,0.100371,0.5200711130267456,-0.42743894378132896,0.04828694209345355,-0.03580746439611124,0.016310573300147263,0.4776140400618252,0.8776882245011238
1785495462.148657084,1789399378.598439,0.100423,0.5142807899420302,-0.42734220629665487,0.04518847732258913,-0.035521035536057836,0.016739454047633526,0.4886147637371528,0.8716155456224325
1785495462.247826099,1789399378.702912,0.099169,0.5115160758756534,-0.4445294803206434,0.04557853340658366,-0.03450520232232795,0.01691037416865894,0.4942849243194055,0.8684502541013509
1785495462.348077059,1789399378.816531,0.100251,0.5207403914827697,-0.4461544244419783,0.043927256874423254,-0.035050940210168954,0.018479769030943755,0.4947012086335087,0.8681593424616602
1785495462.448297977,1789399379.084396,0.100221,0.5085846877591571,-0.4429883045850666,0.0440897279849054,-0.03646035011630297,0.0179360462188817,0.494091771563848,0.8684597068306044
1785495462.548378944,1789399379.140379,0.100081,0.5039216877172771,-0.4413771267796104,0.04413723255656188,-0.036903582636035596,0.018211963672002965,0.49292013382824357,0.8691007948647567
1785495462.648555040,1789399379.187481,0.100176,0.49726970553451905,-0.4378203684758883,0.04491753990514835,-0.037296892995745255,0.01849414831262796,0.49244803764387374,0.8693456380932286
1785495462.747872114,1789399379.267623,0.099317,0.5069881156018916,-0.42996217185183727,0.04385488273796767,-0.03915232451525318,0.022134256874072288,0.49236100497652524,0.869228284707855
1785495462.847765923,1789399379.307518,0.099894,0.49594659881729314,-0.4362132507871203,0.04614976687015421,-0.039101582889606856,0.021021066667049587,0.49072958813455425,0.8701802412724426
1785495462.948016882,1789399379.362215,0.100251,0.5041956719824036,-0.4279860362015351,0.04472814632825625,-0.04004147330614994,0.022238889975976433,0.4872039915424303,0.8720862244143076
1785495463.048387051,1789399379.444582,0.100370,0.5045986093609696,-0.3996907953170273,0.045724730420230286,-0.04258097087709722,0.022789603664219976,0.48348684920646934,0.8740182844359505
1785495463.148773909,1789399379.567248,0.100387,0.5046201478292156,-0.4069671798596073,0.046172862879606674,-0.04220891552408863,0.02113051146506242,0.47905607998627125,0.8765142218832863
1785495463.248836040,1789399379.664900,0.100062,0.4837175883203435,-0.41291862121853945,0.04664640298680667,-0.044907902256023785,0.017754405343405857,0.4700668826742762,0.8813087922055045
1785495463.348287106,1789399379.768167,0.099451,0.495448769788512,-0.42944414732387814,0.04956826499618969,-0.04349310186202462,0.01730937021870545,0.45957081588768933,0.8869066472731769
1785495463.448587894,1789399379.848387,0.100301,0.49123202071182853,-0.42320483838711154,0.051272654428551306,-0.04670186870589111,0.016191032533281937,0.4476269715508912,0.8928532243683928
1785495463.548899889,1789399379.982164,0.100312,0.4883400000372386,-0.43467439752256326,0.04798251112592561,-0.04708752277484986,0.016415125278734174,0.4318791674517801,0.9005518827819663
1785495463.648205996,1789399380.091535,0.099306,0.5134957967163116,-0.45225783168826134,0.048019950232262215,-0.04466889248912577,0.017479855866157724,0.41661204259108764,0.9078180162624845
1785495463.748425007,1789399380.190375,0.100219,0.5268669967441943,-0.4681526838629958,0.05035831076247663,-0.04444124701709707,0.016719858695913616,0.40199769119194284,0.9144087041170815
1785495463.847646952,1789399380.308647,0.099222,0.5308052707348845,-0.4918485742116362,0.05127268004832472,-0.045315477999035944,0.014966075293267626,0.38909433824049106,0.9199609339494855
1785495463.947876930,1789399380.497431,0.100230,0.5750442818247111,-0.4961515217549117,0.0490547145604118,-0.039350748370019305,0.01742086434606757,0.38777329448029263,0.9207496425066024
1785495464.048295021,1789399380.535397,0.100418,0.5623341592266717,-0.47321413100437815,0.05180915732346289,-0.04688999039498422,0.01635690273604244,0.3893037306029471,0.919769746117065
1785495464.148422956,1789399380.611038,0.100128,0.5784501554990289,-0.4973089960216576,0.050364947849667496,-0.04453895141488085,0.0162465074308978,0.3908506611354507,0.9192323392337336
1785495464.248743057,1789399380.691451,0.100320,0.5783841920039031,-0.48801137905732145,0.04931936839754464,-0.04622070703292264,0.015420875993684705,0.39200213916966004,0.9186730461439231
1785495464.348175049,1789399380.757115,0.099432,0.5823699022036938,-0.5050081047152791,0.04742848265565072,-0.045041610329004764,0.01493592496060614,0.3937976063423656,0.9179714683602879
1785495464.448523045,1789399380.864730,0.100348,0.5699019081589658,-0.5045885732372006,0.04561715051374349,-0.04569528667389952,0.013449348863184633,0.3976484720496585,0.916300577576756
1785495464.548695087,1789399380.958985,0.100172,0.5552953986832136,-0.4981557173041793,0.04754440303171206,-0.04846764740448745,0.012326905378245533,0.39985557124208,0.915212793128198
1785495464.648020983,1789399381.062896,0.099326,0.5623222813615164,-0.5095787412158974,0.05439995253278465,-0.05340818988663745,0.011928147019227725,0.40450931428354536,0.9128951195069199
1785495464.748328924,1789399381.182624,0.100308,0.5751143118287616,-0.5210459851377848,0.05791528199923876,-0.05608225012384611,0.012731343701513484,0.4102098831027952,0.9101761070877262
1785495464.847757101,1789399381.298576,0.099428,0.6061018295114637,-0.5666726908671762,0.06392763518945646,-0.048859715564049264,0.012611953927979185,0.411517304288966,0.9100039423452174
1785495464.948153973,1789399381.359954,0.100397,0.6420561410593487,-0.6091697425851711,0.06473820322255647,-0.04346600390175304,0.01652924520277715,0.40919925668595303,0.9112592709462437
1785495465.048379898,1789399381.514069,0.100226,0.6768906324801839,-0.6418336571468214,0.06427928780710329,-0.04545415792938355,0.015700438057052308,0.412209403603806,0.9098191157325276
1785495465.148612022,1789399381.703477,0.100232,0.7206955836361422,-0.6654273142187221,0.06559001155614269,-0.04084771379693039,0.0172093106283878,0.4142115234845805,0.9091007192373235
1785495465.247891903,1789399381.753081,0.099280,0.7683202280547868,-0.7160359918075446,0.062118399979704364,-0.0283501163495204,0.018728335878251293,0.41621365570254604,0.9086317808358338
1785495465.348272085,1789399381.836056,0.100380,0.8001746671725483,-0.7432899283404093,0.06620850514045229,-0.0204870490748712,0.024250920210689312,0.41577651728263654,0.908912570803945
1785495465.448523045,1789399381.904956,0.100251,0.803961460150462,-0.7576288459399858,0.07351687432399082,-0.025054787869466966,0.020641854316942484,0.41676438886612566,0.9084347063098124
1785495465.547962904,1789399381.992429,0.099440,0.8373890496682374,-0.7806997390679082,0.0815941812320834,-0.028549558672090695,0.017424422544674502,0.4185764833417228,0.9075654465612196
1785495465.648452997,1789399382.074284,0.100490,0.8592230770186036,-0.7780784874652364,0.08263891388536596,-0.026388271991073745,0.0176037111033035,0.4173167877675882,0.9082072820144278
1785495465.748684883,1789399382.155222,0.100232,0.8896162678864434,-0.7735278922005622,0.08075968701349978,-0.020969799775498784,0.02054429292767966,0.4199641807764452,0.9070657563761411
1785495465.848155975,1789399382.248842,0.099471,0.8703367110771357,-0.7690762105253409,0.08302898645097898,-0.02441952529147865,0.01730518464858051,0.41838969318385677,0.9077743563277771
1785495465.947807074,1789399382.370553,0.099651,0.8516800397057652,-0.7657945665839335,0.08093052514530827,-0.027014864452956908,0.015279065911859102,0.4140056375947629,0.9097450627968137
1785495466.048361063,1789399382.489010,0.100554,0.8537209552454595,-0.7514191136847934,0.07967601429175653,-0.02726085229168533,0.016235739444612637,0.41096636019796745,0.9110981821311178
1785495466.148706913,1789399382.571318,0.100346,0.8450587080258052,-0.7501639640484425,0.08095560591318043,-0.02642252060012839,0.01597926089182815,0.409235791665703,0.9119060151387355
1785495466.247770071,1789399382.657003,0.099063,0.8477589063333266,-0.7502232525217599,0.0797924749404941,-0.026188734869896185,0.01634442537520939,0.40873389472226385,0.9121313574426732
1785495466.348022938,1789399382.817786,0.100253,0.8419655833326489,-0.7478250154820927,0.07873147594736166,-0.026530493211278445,0.015704437147397426,0.4080435253210713,0.9124417707598539
1785495466.448452950,1789399382.886036,0.100430,0.8382775692309596,-0.7529567101430801,0.07593550796777226,-0.027236932530772764,0.014776936694532035,0.4064132246627436,0.9131637763662367
1785495466.548676968,1789399382.978838,0.100224,0.8337415464332621,-0.7613780304127975,0.07639893727087646,-0.027388949341286637,0.014343870539670601,0.40284897576937073,0.9147441180753594
1785495466.648071051,1789399383.053668,0.099394,0.8341367722544327,-0.7870273333100312,0.07858053140196913,-0.02610114950746154,0.013913169358909204,0.3961650517076694,0.9177027871365632
1785495466.748450994,1789399383.183654,0.100380,0.834972607827687,-0.7909894064546881,0.07974748999356873,-0.026528882122052667,0.014484727711086219,0.38733715587468354,0.921442531444788
1785495466.848628998,1789399383.296980,0.100178,0.8366640670769707,-0.7897768971411189,0.0808729481694799,-0.02673102096120659,0.014829446776160531,0.37883231552126484,0.9249603325242983
1785495466.948971033,1789399383.398389,0.100342,0.8437803215517211,-0.8077953553298148,0.07831410600909555,-0.024766135532340004,0.015516092080233086,0.36924877653827765,0.9288709439111101
1785495467.048291922,1789399383.582012,0.099321,0.848151492608132,-0.7886902994825619,0.07990999473392915,-0.027638902944278274,0.01687887055886751,0.35691851086265897,0.9335739774523801
1785495467.148463011,1789399383.607481,0.100171,0.862250750663554,-0.7851694843989627,0.0811679085566428,-0.02813189715883173,0.018839336442183073,0.34433804707247895,0.9382350372390477
1785495467.248358965,1789399383.675534,0.099896,0.8677545870287565,-0.787444158505432,0.07790432379270396,-0.02824954741896897,0.020016180172571656,0.3287664887792613,0.9437764096742738
1785495467.348727942,1789399383.767661,0.100369,0.8639803565291441,-0.8039936005162311,0.07764530207327411,-0.026659355308801317,0.018781875725985612,0.314002103549679,0.9488620547187536
1785495467.448008060,1789399383.845948,0.099280,0.8886874115676517,-0.8353730018844956,0.07626660263453575,-0.022037040225625002,0.015661947452023872,0.2981929395709637,0.9541226561874098
1785495467.548402071,1789399383.970826,0.100394,0.8739634616238896,-0.8346729981864058,0.07596105656982266,-0.022482250061344758,0.013964103319336705,0.28015792438928566,0.9595890212234305
1785495467.647617102,1789399384.067927,0.099215,0.8837398083284841,-0.8462392298547904,0.07514121522600048,-0.021388377947539273,0.01591532087685097,0.26270838576756067,0.9645068915759762
1785495467.748016119,1789399384.152944,0.100399,0.9078368750096996,-0.8552981678692001,0.07578749700818097,-0.021785437656823125,0.018152386194388248,0.2471102950258559,0.968572345090327
1785495467.848417044,1789399384.256894,0.100401,0.9210726661066247,-0.8720138467414315,0.07573603763514428,-0.02078441691039067,0.01794081634845292,0.23343341419533695,0.9719850699776957
1785495467.948791981,1789399384.389022,0.100375,0.9125643225019778,-0.885930653278983,0.07819714039051123,-0.02097467415581152,0.01585331888566069,0.2183990391416607,0.9755053024081207
1785495468.047425985,1789399384.488852,0.098634,0.8926382594999303,-0.9042932101550721,0.0787975482135771,-0.020475703856363214,0.01369157634192829,0.20408818159248535,0.9786425805283182
1785495468.147655010,1789399384.597042,0.100229,0.8969398480875299,-0.9118985377217078,0.07990808811411637,-0.02223814414209239,0.01364633145408817,0.1919968455987908,0.9810486501000188
1785495468.248058081,1789399384.693064,0.100403,0.8868684018034023,-0.918222744860763,0.07957275517561851,-0.023957824383981377,0.011206999995148136,0.17999915886564932,0.9833111046914648
1785495468.348321915,1789399384.797878,0.100264,0.8856784853951534,-0.9346691246464333,0.08244379047115138,-0.02503482438512707,0.009888519172530726,0.17157364696993815,0.9848035125963
1785495468.448514938,1789399384.871828,0.100193,0.9103591831055557,-0.9213649269571,0.08224181136748543,-0.028658786338357597,0.011218518568339282,0.16190739232081525,0.9863259172903314
1785495468.548609018,1789399384.956681,0.100094,0.911472350489278,-0.9308643927296677,0.08496197095414465,-0.030213769520904703,0.00889650944131114,0.15271198503802005,0.9877687127444573
1785495468.648005962,1789399385.052619,0.099397,0.8949630071306641,-0.9545663140191093,0.08623009095164658,-0.030395633905114953,0.006163013069539067,0.1424783161299174,0.9893119084202874
1785495468.748279095,1789399385.145872,0.100273,0.887523352460516,-0.9412048274453081,0.09017254362106006,-0.03391941879381296,0.008649819883133378,0.136079582590754,0.9900792901816512
1785495468.847635031,1789399385.247362,0.099356,0.8893895083530248,-0.9781415270582792,0.09365565024110847,-0.03222742906302456,0.008178955459503577,0.13286125399758583,0.9905767939386452
1785495468.947932005,1789399385.397665,0.100297,0.8920789264634552,-0.9824362859209841,0.1033565944585457,-0.03414262539140216,0.00857584402785585,0.13020697641060255,0.9908616852641938
1785495469.048290014,1789399385.461082,0.100358,0.8971316450711614,-1.0034905188872278,0.10444797134457104,-0.03130347799795618,0.00877504829937934,0.12860968120565336,0.9911622675892946
1785495469.147460938,1789399385.554973,0.099171,0.9177092971076507,-1.0288257813485302,0.10380639353565599,-0.0275737281724506,0.010071116878731457,0.12725181124755228,0.9914359478320832
1785495469.247487068,1789399385.673448,0.100026,0.92451855348724,-1.0650707291609565,0.10127803522504775,-0.023928722457717388,0.00954406701776254,0.126702855669486,0.9916061281534603
1785495469.348550081,1789399385.760406,0.101063,0.9532984345826506,-1.0933360522147453,0.09682000399636717,-0.022452238969708754,0.009623195431434113,0.12569546866854905,0.9917680879273777
1785495469.447837114,1789399385.856663,0.099287,0.95157538103097,-1.1037369381118929,0.09833834073162295,-0.026419985252066756,0.009521674518898415,0.11916444173600203,0.9924772833266167
1785495469.548090935,1789399385.950209,0.100254,0.9350007399084881,-1.0967527710332272,0.09990362687555226,-0.03397520780088252,0.006999205327745902,0.1129816821183219,0.9929913574071927
1785495469.647408009,1789399386.090780,0.099317,0.9337187505194524,-1.1242860052417323,0.09899286216263906,-0.034638766622803525,0.0074983344260659045,0.10328581500878783,0.9940201060570427
1785495469.747720957,1789399386.198816,0.100313,0.9433499677350272,-1.148179615622506,0.1006258448317923,-0.03430533973354411,0.009098218467097087,0.09225167143109478,0.9951030073337427
1785495469.847850084,1789399386.316733,0.100129,0.9517373527718803,-1.1754923607776777,0.09933983829273665,-0.03132429051894677,0.011279473831368899,0.08081222259761142,0.9961731510999505
1785495469.948121071,1789399386.420336,0.100271,0.9499503400420746,-1.2081246126091345,0.10268324011743923,-0.0305318501301515,0.012422778746527472,0.07066225448046631,0.9969555288414733
1785495470.048378944,1789399386.519201,0.100258,0.9504209234656089,-1.2333858244472016,0.11067616666118177,-0.03127625204441303,0.011988121349309596,0.06429953109640738,0.9973683628957507
1785495470.147730112,1789399386.628973,0.099351,0.9443596140771616,-1.2607111993528937,0.11729258997870207,-0.03355798001469893,0.011192607868618509,0.059008695552571246,0.9976304733495341
1785495470.247997046,1789399386.710466,0.100267,0.9503967885606838,-1.2590018465265111,0.11534344969983679,-0.03362540554713906,0.012037216066265332,0.054157009953183,0.9978935092504082
1785495470.348119020,1789399386.782528,0.100122,0.9572292693900337,-1.2965221445119912,0.12089778045833574,-0.0276216851294285,0.01250916845145274,0.05293467418511722,0.9981375073025655
1785495470.448415041,1789399386.864818,0.100296,0.9516629494835753,-1.317270179149643,0.12434394856994269,-0.02492168154946907,0.01112852772757735,0.05971056521123919,0.997842529691693
1785495470.547590017,1789399386.956923,0.099175,0.946350697827143,-1.3206283471961127,0.1231276016615192,-0.02804319569741619,0.00940283704907806,0.06815858576924598,0.9972359665678131
1785495470.647924900,1789399387.047057,0.100335,0.9453020184309163,-1.3682263483382897,0.1284127642126709,-0.02624228965742014,0.00647946842727108,0.08084388173572679,0.996360188640802
1785495470.748245955,1789399387.202822,0.100321,0.9612724994105991,-1.3676136092602378,0.12708560198253543,-0.026437196845345675,0.005959447743354422,0.09407533027023013,0.9951961574685164
1785495470.847778082,1789399387.265653,0.099532,0.958304458696395,-1.3706569349591293,0.12701440804439834,-0.02675171932819506,0.005480048027806826,0.10672168434595083,0.9939138778973556
1785495470.948005915,1789399387.363562,0.100228,0.9614214680276428,-1.3680483573392046,0.1262910257685204,-0.02790161181533303,0.006815718076397698,0.11961952704803083,0.9924042597621255
1785495471.048408985,1789399387.453103,0.100403,0.9672163731383162,-1.3630048199169031,0.1262670823385764,-0.02909973281232008,0.008724917964819742,0.13392533878093227,0.9905256609443129
1785495471.148669958,1789399387.581743,0.100261,0.9589998725716636,-1.3579789969311105,0.1300761716851741,-0.03272488193008728,0.009021720184609205,0.14461719795953717,0.988905231415984
1785495471.248130083,1789399387.694026,0.099460,0.9841274221498304,-1.3940502853153414,0.13482203609348736,-0.030699397144467035,0.012115447055463312,0.15531963531181844,0.9873128044567294
1785495471.347644091,1789399387.796172,0.099514,0.9661712192123202,-1.3885665988590976,0.13743284200270825,-0.0355279914003461,0.0112603353281322,0.16681988121024235,0.9852827482039613
1785495471.447999001,1789399387.904259,0.100355,0.9643938636127071,-1.3889664884935453,0.14036061349938844,-0.03953019948684171,0.0104744201499598,0.1816339459757366,0.9825155263507697
1785495471.548226118,1789399388.003911,0.100227,0.9667971612991094,-1.3795844503161454,0.13512977728023312,-0.04045832011931527,0.0123349641394284,0.19778793471850545,0.9793318670770309
1785495471.648561001,1789399388.116224,0.100335,0.9577154915375058,-1.3377417243374081,0.1326297641167466,-0.046761130137681205,0.012262442522129829,0.21376852085168116,0.9756874749142344
1785495471.748869896,1789399388.192794,0.100309,0.9705513499010584,-1.3308791125506532,0.1330241982015919,-0.046480497873530376,0.012322715177568316,0.22897415433169552,0.9722440797742905
1785495471.848124027,1789399388.286759,0.099254,0.9811467392671411,-1.3291350152531722,0.12983963843223623,-0.041318885247781635,0.01819265005797041,0.2440309700362336,0.9687159866900686
1785495471.948344946,1789399388.369681,0.100221,1.0041040406932,-1.3058652313871593,0.1306059471365014,-0.04274620958205738,0.022137499257769873,0.2600923292933719,0.9643830530114658
1785495472.048638105,1789399388.459465,0.100293,1.01063398311428,-1.312579222025272,0.12317166801409615,-0.041275314224385,0.01690410283791573,0.2746056644440785,0.9605219043822665
1785495472.148000956,1789399388.551628,0.099363,1.0074447459240699,-1.3059236838565156,0.12376696258233799,-0.04441736478318561,0.015218290183153705,0.29009777094257005,0.9558445399978783
1785495472.248308897,1789399388.706130,0.100308,1.016342415094094,-1.3198479938904888,0.1238240808905938,-0.04355216034728063,0.01634002540133837,0.3053972599522861,0.9510881801981282
1785495472.347426891,1789399388.780985,0.099118,1.035695592915655,-1.296854960830016,0.12282426535591787,-0.042612028476389785,0.021768055715343654,0.32145048638120083,0.9457166338733668
1785495472.447791100,1789399388.875050,0.100364,1.0462790738120502,-1.2926870169685947,0.11917540227021875,-0.039824756580131127,0.025342841194145278,0.3380112721498318,0.9399575038602402
1785495472.548084974,1789399388.941823,0.100294,1.0512436823636453,-1.2901623000692766,0.11891569716823963,-0.03764949122900756,0.025713439297221505,0.35282032465174173,0.9345796666749829
1785495472.648283005,1789399389.078136,0.100198,1.0913422534760335,-1.2963632150025777,0.11290645625885556,-0.03341311398054994,0.025805980860127864,0.3693956594745335,0.9283126962006496
1785495472.748641968,1789399389.183849,0.100359,1.086621624287904,-1.3074987542924261,0.11644611462052723,-0.0314755155589152,0.023219672410889944,0.3896861998145617,0.9201167341199104
1785495472.848064899,1789399389.315533,0.099423,1.0715551983210834,-1.306117463845044,0.11253628612679017,-0.032488365220343506,0.01991416568650305,0.40774165512489113,0.9123018550930962
1785495472.948587894,1789399389.500749,0.100523,1.0594247032688406,-1.277239521279655,0.11196755077786796,-0.035275727951467564,0.01941731534058176,0.42359970101620514,0.9049540784931621
1785495473.047930956,1789399389.543884,0.099343,1.0602788391325395,-1.2838271364482168,0.11052602139393883,-0.0331659634094224,0.01841590096962509,0.4398423373104943,0.8972734208544287
1785495473.148372889,1789399389.637745,0.100442,1.048221689648201,-1.268127757703499,0.11251812466384759,-0.034752743998081224,0.016194003824563444,0.45653288019027216,0.8888800427109789
1785495473.247736931,1789399389.686757,0.099364,1.036642090718266,-1.2677345605917598,0.1129889770926337,-0.03414295686557949,0.015190424372730158,0.4728560424769004,0.880346904689791
1785495473.347940922,1789399389.771046,0.100204,1.0586386403039136,-1.2638732177479166,0.11215939365577293,-0.032142492193972236,0.016994810603256024,0.48952131533414384,0.871232987461797
1785495473.448338985,1789399389.856948,0.100398,1.0549117156941608,-1.2730692472071132,0.11064869418034479,-0.032053559358125365,0.016529207932211777,0.5003036816798265,0.8650985959502975
1785495473.547705889,1789399389.944628,0.099367,1.077082194614347,-1.293463329721579,0.1140942814341181,-0.032386576442512055,0.020124451847220285,0.5004171931305821,0.864944361750192
1785495473.648052931,1789399390.076138,0.100347,1.0834322053701433,-1.2883626169142046,0.11254239738985489,-0.03242129781395852,0.02134390733935207,0.4983670184723845,0.8660967682461638
1785495473.748156071,1789399390.162660,0.100103,1.1043564459076858,-1.307102917915905,0.11375434518205471,-0.030791022148611208,0.022210260633732038,0.49318806407508053,0.8690938676181393
1785495473.848465919,1789399390.255901,0.100310,1.1051875954271955,-1.328339416110983,0.11617982525752688,-0.029168308018488267,0.02188284485251585,0.48390299469426834,0.8743616200602448
1785495473.947686911,1789399390.343286,0.099221,1.1108432208458612,-1.3409698324429533,0.11811395823926699,-0.02771667959183129,0.02182712464510226,0.47215780903690924,0.8808077915570207
1785495474.047928095,1789399390.476564,0.100241,1.1109706762659832,-1.339530584863301,0.1173656347832508,-0.028532005552814134,0.021879469976125325,0.4592994781495437,0.8875534929367448
1785495474.148108959,1789399390.581700,0.100181,1.1175707019820762,-1.3357077406568598,0.11761519160927952,-0.030342791478069,0.02178992075180125,0.4476108774894832,0.89344782540001
1785495474.248466969,1789399390.694702,0.100358,1.118843416791299,-1.32292132230382,0.12045036222877623,-0.031876134920915,0.020701490927624154,0.43513134730174224,0.8995643784027983
1785495474.347729921,1789399390.805127,0.099263,1.1315048341313936,-1.3173943905945384,0.12063571565748349,-0.031671365227742554,0.021351389912080524,0.4240512218525562,0.9048323623847426
1785495474.448065042,1789399390.881415,0.100335,1.1529681310545101,-1.3071478603512785,0.11955629616834554,-0.03179922254150411,0.021785530406166233,0.41394678434394366,0.9094846122073506
1785495474.548357010,1789399390.961830,0.100292,1.1501646870679947,-1.3264372060215122,0.11705240724688834,-0.02792802702285315,0.018758764017757338,0.4033015837984492,0.9144484493861692
1785495474.647702932,1789399391.057389,0.099346,1.143942162216594,-1.3439903660988706,0.12009832294255196,-0.026952829289442915,0.016818329570042142,0.39255820940529396,0.9191782966390409
1785495474.748169899,1789399391.153687,0.100467,1.1161850261278963,-1.3487087794825587,0.11789938738755446,-0.030379063179017646,0.01404255944001955,0.38027281238516963,0.9242686336803742
1785495474.848597050,1789399391.242193,0.100427,1.0953745381242197,-1.3261689939648194,0.11787218962507337,-0.032767181617044845,0.012883598281183193,0.3673964756534141,0.9293977374523941
1785495474.948113918,1789399391.392037,0.099517,1.0797291441854928,-1.3352379972375623,0.11989688937033224,-0.03299675956003365,0.010661880307684479,0.3532712910520337,0.9348780311277228
1785495475.047426939,1789399391.464823,0.099313,1.0890762685744422,-1.3562459143129497,0.1209639337365683,-0.031892147904413796,0.011500099080388152,0.33983170346213515,0.9398750193218168
1785495475.147552013,1789399391.562608,0.100125,1.0932806690802128,-1.3620049780876227,0.12399373186897097,-0.03301366233695066,0.010440431422791501,0.3251507110857927,0.9450281004135226
1785495475.247946024,1789399391.656775,0.100394,1.1031535408314035,-1.3762682049646509,0.12601104246056472,-0.03321680610823952,0.010575196528781554,0.30982985343341085,0.9501527618924012
1785495475.348134995,1789399391.771101,0.100189,1.1118629340816126,-1.363494071520695,0.12409578612968777,-0.03600412454729722,0.010193242816944384,0.29595342727627444,0.9544691559709343
1785495475.448260069,1789399391.863784,0.100125,1.1169517072895074,-1.3736260128693067,0.12266495636398961,-0.03622069668637787,0.009534826589928082,0.2815782013901983,0.9588070007646476
1785495475.547274113,1789399391.951017,0.099014,1.1231305817537824,-1.3958245356935142,0.12484089872716414,-0.03481902796808127,0.009346143665762075,0.2674861966910816,0.9628870232117905
1785495475.647349119,1789399392.075180,0.100075,1.1446627768110231,-1.3986636536539625,0.12651189833842866,-0.03413288962473305,0.012384810124941524,0.2544945200881059,0.9663923124534606
1785495475.747637033,1789399392.187870,0.100288,1.149212926518895,-1.3988481428904493,0.12328436359274073,-0.03419121208324147,0.011400730877993486,0.2415963205140987,0.9697072765869935
1785495475.847945929,1789399392.312193,0.100309,1.1589506815972446,-1.437218065630676,0.12335523237125356,-0.030473941172343172,0.010401025557536272,0.22936375438530363,0.9728080107354401
1785495475.948328972,1789399392.419240,0.100383,1.165368647825408,-1.437300257370799,0.12278902324114771,-0.03224237978411317,0.009914760272026604,0.21317714817888012,0.9764310676995669
1785495476.047411919,1789399392.610406,0.099083,1.1534191117630364,-1.432563482710437,0.12248725587727785,-0.033943271882557656,0.008226105325108401,0.1992978941313261,0.9793163609783603
1785495476.147669077,1789399392.664647,0.100257,1.1504270126355882,-1.4238615429693156,0.1266810801853432,-0.036486542289194894,0.006941944449832113,0.1853342009569656,0.9819734088022295
1785495476.247942924,1789399392.726014,0.100274,1.1339677902605483,-1.4492627326175616,0.12353311714871054,-0.03417617668526429,0.005176192733087983,0.1746761328058157,0.9840190265457098
1785495476.348170042,1789399392.784605,0.100227,1.148258903407359,-1.4417269717387713,0.1238074363772704,-0.03665927960217327,0.005914661563527596,0.16170093074465447,0.9861409245102577
1785495476.447556019,1789399392.881344,0.099386,1.131375926193732,-1.4466310287538138,0.12624758489240365,-0.03664799123263994,0.003590468025496406,0.14997537300773991,0.9880037554428399
1785495476.547880888,1789399392.962960,0.100325,1.134085941079631,-1.4441898886600275,0.12897267362701942,-0.03830918606728364,0.0020007177825117056,0.14001322844751987,0.9894062357044833
1785495476.647962093,1789399393.045651,0.100081,1.1334844263492616,-1.4478283605947528,0.13111659424104014,-0.0410608683599021,0.002477470257179179,0.1345814034046788,0.9900483387634559
1785495476.747208118,1789399393.159931,0.099246,1.1434035096140205,-1.4631753264049172,0.13586723988702665,-0.043017818959874,0.0017243457255175063,0.13254988078573116,0.990240891393321
1785495476.847533941,1789399393.254954,0.100326,1.1634517895485745,-1.4766809030321157,0.13427174896710486,-0.04196883870594045,0.0050603122873000405,0.1350645708168601,0.9899346299262811
1785495476.947729111,1789399393.355244,0.100195,1.175971949639185,-1.511682406884641,0.14030953150600206,-0.041118283011471815,0.006162058603653205,0.13854223978707578,0.9894833821902872
1785495477.047895908,1789399393.498559,0.100167,1.1892675903116148,-1.527312336377023,0.1378615738675253,-0.040204221533136075,0.006966987335543362,0.14635030447168465,0.988390949998745
1785495477.148106098,1789399393.612275,0.100210,1.1775742555780493,-1.5520111059172474,0.14340184986093296,-0.04150930600707192,0.006953208377397772,0.1530639220072126,0.98731963729475
1785495477.247340918,1789399393.711341,0.099235,1.2082807845221855,-1.5533020547921137,0.1432285815164323,-0.042729809699939426,0.00912666009637353,0.16298709968013608,0.9856602217683049
1785495477.347548008,1789399393.831784,0.100207,1.2328988445080813,-1.5746879792971666,0.14545977890919584,-0.03935387153523865,0.009299193660038013,0.176114158734141,0.9835388151394028
1785495477.447654009,1789399394.024298,0.100106,1.2391568679148564,-1.5798263257779253,0.14882837303457302,-0.04220510342312827,0.008813322270494556,0.18370222502253453,0.982035919463928
1785495477.548239946,1789399394.073139,0.100586,1.248646786467424,-1.6088994594991803,0.1502556655973439,-0.04174414906250631,0.00902701157399625,0.19232881626524156,0.9804007168067013
1785495477.647562981,1789399394.141102,0.099323,1.2612072751004135,-1.6080274437260744,0.15125939069058955,-0.04254009568690993,0.010363926177767394,0.20319219956138584,0.9781594242916274
1785495477.747836113,1789399394.189504,0.100273,1.2696420295169215,-1.6228318778930684,0.1520540182842985,-0.040940786003943026,0.011188514743689811,0.2138822235067456,0.9759370182788492
1785495477.848124981,1789399394.286402,0.100289,1.3001486209932505,-1.6435417722205135,0.15169670500666094,-0.037623298432264335,0.014078273914116195,0.22672143114029913,0.9731308659580993
1785495477.948431969,1789399394.368320,0.100307,1.2946500137797705,-1.67218508644871,0.15235259735542905,-0.03637457196691029,0.01208133229090806,0.23892943597085844,0.9702801948668934
1785495478.047707081,1789399394.453635,0.099275,1.3273465639845967,-1.6686822495848455,0.14901970051623464,-0.035791119877240166,0.014605466305246695,0.24790064609709497,0.9680139181626314
1785495478.147897005,1789399394.572086,0.100190,1.331789885887999,-1.6905893746010618,0.15345904679057762,-0.03686348415684187,0.01418249680260686,0.2568706883136348,0.9656383328169653
1785495478.247282028,1789399394.667010,0.099385,1.3532763365050926,-1.704480767529504,0.15145771238760922,-0.03907509684574501,0.016262782581857132,0.26816063675643526,0.9624440407647393
1785495478.347620964,1789399394.776274,0.100339,1.3624469594579462,-1.7018191780610155,0.14808714794043015,-0.03933594615053502,0.01933186530560869,0.28131701331484066,0.9586134259146643
1785495478.447861910,1789399394.885410,0.100241,1.3884072200503177,-1.7516336165743238,0.1468827239839603,-0.03327011405597099,0.020265711469414947,0.2946186590555925,0.9548205308777185
1785495478.548101902,1789399394.998490,0.100240,1.3860225283189034,-1.7521677586936593,0.1487811038229057,-0.033991075205946186,0.020218759818271786,0.30478916446343124,0.9515983258620305
1785495478.648283958,1789399395.103061,0.100182,1.3915171680174967,-1.7919996272972734,0.1557917993375671,-0.03461697641980136,0.018084623533134257,0.30799490391722234,0.9505860037346529
1785495478.747646093,1789399395.231832,0.099362,1.427945541519067,-1.7916510955461011,0.155905639414114,-0.035674130558631154,0.02012055281793807,0.3080896354580497,0.9504753001980077
1785495478.848027945,1789399395.400669,0.100382,1.4445464616224508,-1.8109895344755376,0.15468146242972303,-0.030907372622572177,0.02039095203197704,0.3044759932121309,0.9518000383222658
1785495478.948339939,1789399395.448463,0.100312,1.4550789847855357,-1.837646051053004,0.15773967508149017,-0.025058864362825027,0.0207389725406303,0.29899996677806245,0.9536985730310725
1785495479.047823906,1789399395.505036,0.099484,1.4451522684556042,-1.8502376837057573,0.1637455085078706,-0.024303647419319917,0.020320623680140808,0.29345264207250893,0.9554485605389826
1785495479.148121119,1789399395.580472,0.100297,1.4615630945711928,-1.8710882109053046,0.16490752955421523,-0.024470677444666907,0.02231967695024309,0.2869449051441541,0.9573743465217937
1785495479.247387886,1789399395.663054,0.099267,1.491476866469137,-1.9020151630520037,0.16475231641335925,-0.02005008761897472,0.025199997419978686,0.2791215662134475,0.9597156377756073
1785495479.347851038,1789399395.758229,0.100463,1.4854781193446873,-1.9317985170406335,0.16496834925416293,-0.020496259032659805,0.02418912058307196,0.27162680923815347,0.9618802764971162
1785495479.448020935,1789399395.849448,0.100170,1.5013620792698474,-1.9328609382979682,0.16733308996066443,-0.0230166102146044,0.029493334905142655,0.2629857775187154,0.9640740944933974
1785495479.548336029,1789399395.980361,0.100315,1.5213076023228498,-1.9702840630690392,0.17172756246959348,-0.020329362080776056,0.02959982059328539,0.2574312949989731,0.9656291710658764
1785495479.647612095,1789399396.074537,0.099276,1.512886681083112,-1.993284728247989,0.17170884462291952,-0.01904794891164681,0.02818283293477235,0.25323920632624414,0.9668054654113569
1785495479.747927904,1789399396.168136,0.100316,1.54276399243969,-2.0476709314907615,0.17246954420487343,-0.01565381032481172,0.02974887577868656,0.25116660418835374,0.9673599637946035
1785495479.847356081,1789399396.259315,0.099428,1.5725671158959604,-2.0413943965395664,0.17266518916729146,-0.017050091574196204,0.032567120356097934,0.25078041926615835,0.9673457801436358
1785495479.947846889,1789399396.358749,0.100491,1.587371903967772,-2.0533380171288527,0.17238293813347186,-0.014647339661199351,0.03426931053908258,0.24896374590001225,0.9677954964885125
1785495480.048100948,1789399396.486264,0.100254,1.6197704824154888,-2.0792094661920224,0.17082213731795018,-0.013932703390766266,0.03469451900048344,0.25045367129890356,0.9674063927122032
1785495480.147486925,1789399396.591466,0.099386,1.6341162893324046,-2.104704342994614,0.17037306869550034,-0.010480889498182745,0.03159123358365655,0.2545349720592788,0.9664906067390197
1785495480.247875929,1789399396.691729,0.100389,1.635976726195693,-2.1396717677750243,0.17078745637888487,-0.006119698788396321,0.026861933088956576,0.25755792412057676,0.9658700231191302
1785495480.347346067,1789399396.792384,0.099470,1.652744328942146,-2.1855380918390126,0.17428349170804772,-0.005411790307236909,0.025801303099672192,0.25974536829488787,0.9653172270986198
1785495480.447696924,1789399396.884271,0.100351,1.642911590174126,-2.1874069575982475,0.1728781889291028,-0.009964990521131444,0.023698881860185615,0.26422749495499664,0.964117675842676
1785495480.547919035,1789399396.974468,0.100222,1.6414246993191395,-2.184863340004273,0.17264409049435261,-0.010681136406242384,0.024410581266592964,0.26854644094105856,0.9628981492895153
1785495480.648037910,1789399397.063388,0.100119,1.6622590268770205,-2.2151028394962267,0.17137102132895454,-0.005914001481856445,0.027149800617602592,0.26781538636035784,0.9630694843787411
1785495480.748460054,1789399397.162882,0.100422,1.6742913645072857,-2.24143126565358,0.17026398664051817,-0.004875829896807461,0.02725543577619135,0.2679362625717102,0.963038694291437
1785495480.847726107,1789399397.246013,0.099266,1.650104765328272,-2.2244227663710703,0.17954863610706528,-0.009071372917329974,0.02666667358143333,0.2729504311558778,0.9616156513104913
1785495480.947945118,1789399397.375719,0.100219,1.664209920517207,-2.2028842527372885,0.17963270686568272,-0.010033753094512777,0.028377318227921812,0.2819851600636531,0.9589465162942552
1785495481.047435999,1789399397.466986,0.099491,1.672800654030021,-2.216732801619934,0.17746673933530113,-0.007201058859078579,0.028499747734286426,0.29563886772730213,0.9548474061436676
1785495481.147726059,1789399397.612194,0.100290,1.6869672096845565,-2.208736862127716,0.182744111109981,-0.00753959882280782,0.03249567114980646,0.30994405751818166,0.9501693885909291
1785495481.248039961,1789399397.660732,0.100314,1.6930790996157565,-2.1901065000572593,0.18130036169151112,-0.009428749256617078,0.03379685211228576,0.32134488356427493,0.9463119661516473
1785495481.348354101,1789399397.767684,0.100314,1.680679399006458,-2.1765935766490156,0.1794675200063366,-0.00881266965238708,0.0335805101928301,0.33358521197676944,0.9420804596950183
1785495481.447685957,1789399397.873768,0.099332,1.6846218795359653,-2.184357988851729,0.17587635141052585,-0.006446285134996136,0.035471348995520464,0.34415389820296705,0.9382208285686652
1785495481.547856092,1789399398.007655,0.100170,1.6944534230615964,-2.165506621438695,0.1708637590436885,-0.008812096248525435,0.03672353977096238,0.35517774155562476,0.9340355991555225
1785495481.648076057,1789399398.124230,0.100220,1.6879812792552382,-2.1629641909466084,0.17417757776096468,-0.009660971964394893,0.036626587365633116,0.3659238338684776,0.929873597068772
1785495481.747498035,1789399398.222813,0.099422,1.7064005112866731,-2.137313493282428,0.18046064755078467,-0.011139482144160329,0.04001234279739201,0.37560674652081927,0.9258479877007018
1785495481.847949028,1789399398.411109,0.100451,1.7097581642641442,-2.139351010343773,0.1735130888596118,-0.009206034071739559,0.0408877372999135,0.3849668159501887,0.9219783036993361
1785495481.947264910,1789399398.465032,0.099316,1.7218985378264635,-2.162438385611753,0.1725640853990433,-0.007035747676232072,0.04078523107430062,0.39290700170014564,0.9186463689558791
1785495482.047560930,1789399398.529499,0.100296,1.7265291956812052,-2.1590368194872656,0.17287098866426492,-0.008224932092087219,0.04123440490368865,0.4004157874547638,0.9153683802170941
1785495482.147675037,1789399398.597773,0.100114,1.7215845930242761,-2.1594546699597856,0.17404441483203614,-0.008976942038481145,0.04176146901758667,0.408100854446341,0.9119369971753871
1785495482.247946978,1789399398.676074,0.100272,1.7100400973966063,-2.171860377211923,0.17120588765226358,-0.008674884171157093,0.04176668089287889,0.4150926506496554,0.9087785110401853
1785495482.348192930,1789399398.766887,0.100246,1.7006440219762347,-2.173066361260732,0.17324018905397068,-0.009649902963668695,0.041800519453966324,0.42178369515764813,0.9056810202523253
1785495482.447423935,1789399398.860211,0.099231,1.7157224981812116,-2.1789203880226022,0.17261456203359504,-0.008978212485318706,0.04370162244072094,0.42856722293612276,0.9024077212221747
1785495482.547549009,1789399398.947846,0.100125,1.7149386715624844,-2.1312195118767376,0.1704658325220063,-0.009600971169062835,0.044615730729457174,0.4373679626744438,0.8981238907578691
1785495482.647778988,1789399399.061406,0.100230,1.7417778765848972,-2.1283114121689284,0.1731216265925578,-0.008372024893419623,0.04706724575249737,0.44579797290729894,0.8938561131010734
1785495482.747976065,1789399399.158887,0.100197,1.7320109661902379,-2.1403677976782776,0.1755096173843752,-0.008579415157667107,0.0451747209734137,0.45550656070658463,0.8890440997913103
1785495482.847115993,1789399399.254532,0.099140,1.7581354651317007,-2.1310961140479154,0.17802480207576044,-0.010688043437675378,0.047852436388077416,0.46460821584830675,0.8841578568476373
1785495482.947388887,1789399399.364714,0.100273,1.7541887030662062,-2.1456889769751544,0.1798268870822079,-0.010742945784734401,0.046960498214997225,0.46879969377060476,0.8819898796719873
1785495483.047607899,1789399399.462915,0.100219,1.7526635067049088,-2.1433368470420353,0.17938062017213494,-0.014808820409456816,0.04626026345246886,0.4755905513311745,0.8783247203328909
1785495483.146910906,1789399399.590735,0.099303,1.7682220799530615,-2.1270953544911992,0.186380094048058,-0.01884624727394124,0.047539495903916436,0.4851111854951978,0.8729558711643367
1785495483.247021914,1789399399.697327,0.100111,1.792742648338709,-2.120648880317744,0.18788129292416417,-0.020814068469105888,0.048525785071091905,0.49996270105503926,0.8644358393141135
1785495483.347089052,1789399399.802852,0.100067,1.8142482014357262,-2.1122435956001753,0.1817983329212493,-0.0184612268673606,0.05270275798560175,0.5178528947400275,0.8536451146773952
1785495483.447441101,1789399399.934309,0.100352,1.8445058305205482,-2.137052214096172,0.1758159489945269,-0.010891624164248744,0.05685043106029887,0.5342985547852327,0.8433116003979068
1785495483.546875954,1789399400.013492,0.099435,1.8530015859767583,-2.1257972016993145,0.17614938145475872,-0.011660371069170505,0.05521388264277725,0.5490634794037087,0.8338733467949881
1785495483.647058964,1789399400.088274,0.100183,1.8540149343113002,-2.161804267106738,0.1808686006551014,-0.012078958840046899,0.05210886900733739,0.5543467173982524,0.8305651578496661
1785495483.747360945,1789399400.170707,0.100302,1.8523531439681382,-2.1410413547777916,0.18017490387123905,-0.01660766848022902,0.05301863799546673,0.5542426097393711,0.8304988494404971
1785495483.847620964,1789399400.270677,0.100260,1.8355524561229093,-2.1260550860250924,0.18102859242308345,-0.026463350201776502,0.045155701647297854,0.5526907288214062,0.8317413131374704
1785495483.947968960,1789399400.356966,0.100348,1.8689403879261313,-2.125601147390227,0.18163780478765862,-0.029218875820993893,0.043628150432745844,0.5485958653142853,0.834437186578827
1785495484.047234058,1789399400.459395,0.099265,1.873937239849322,-2.1778401433403616,0.18508194432842445,-0.029770800641747863,0.04337291172857063,0.5422386677485856,0.8385760055925264
1785495484.147334099,1789399400.559854,0.100100,1.869564626059988,-2.1723496825088504,0.1849237309148299,-0.03276134540951878,0.04479927239714712,0.5321851554691385,0.8448068890213178
1785495484.247586012,1789399400.678197,0.100252,1.8939866212273146,-2.1685309193623845,0.18101247094870637,-0.034264901615889666,0.04574948634465512,0.5249007976199519,0.8492420465770266
1785495484.347994089,1789399400.759831,0.100408,1.9063039736342657,-2.193330256005325,0.18227141250425796,-0.03749353524789764,0.04287368562677069,0.5127408052484813,0.8566521747643421
1785495484.447534084,1789399400.859252,0.099540,1.917881213453175,-2.195214960065243,0.1840128623365787,-0.040466325744613604,0.043055593379119086,0.501165102495395,0.8633320522256954
1785495484.547190905,1789399400.989708,0.099657,1.9207460823512554,-2.209403402406172,0.18741630678685756,-0.04356502907888573,0.042060234077665924,0.4870925509556867,0.8712484558116126
1785495484.647402048,1789399401.094818,0.100211,1.9220328475190447,-2.2175586242708003,0.1900542916168076,-0.04622895178808662,0.04106292568170004,0.47438071326686654,0.878145579634382
1785495484.746738911,1789399401.212757,0.099337,1.9205172784332583,-2.2135794194926155,0.18701735073027836,-0.048001565627620243,0.043342829349336254,0.46239047144016787,0.8843145937745145
1785495484.847093105,1789399401.338531,0.100354,1.941608440046329,-2.205950825603837,0.1902618827790133,-0.050188025818652865,0.046172481388077065,0.4496438113015465,0.8906007562230501
1785495484.947556973,1789399401.606352,0.100464,1.971390104056748,-2.2336510507789913,0.1903873202386954,-0.049775721346686,0.04958740621979544,0.43599391857941744,0.897202747248654
1785495485.047930002,1789399401.657914,0.100373,2.001598107487621,-2.239522133151912,0.18802422670603045,-0.0500683107522071,0.0549673537778832,0.42384897395827165,0.9026759116934258
1785495485.147319078,1789399401.735408,0.099389,2.0224731673083243,-2.2484309799703035,0.19201443741252047,-0.05228505591766589,0.0539128776444826,0.4146743942606385,0.9068653821247734
1785495485.247659922,1789399401.794397,0.100341,2.019712874175079,-2.2715059903886923,0.18755821606424167,-0.05338320003701324,0.054599084886061036,0.4035974732521647,0.9117446207507034
1785495485.347877026,1789399401.867590,0.100217,2.0506754173888666,-2.292933919979706,0.18625535527798004,-0.049614422588114146,0.06063386611623227,0.39399063466231626,0.9157692521314507
1785495485.447113991,1789399401.933206,0.099237,2.077371110474081,-2.304521114623378,0.19155516683852336,-0.04759172146167063,0.06446703025507987,0.3831768948686341,0.9201926414057021
1785495485.547499895,1789399401.982096,0.100386,2.09406328027962,-2.3127265085808655,0.18858569326098135,-0.05102932426682119,0.06364342340640064,0.3707357779323942,0.9251489100046628
1785495485.646874905,1789399402.057969,0.099375,2.137038291567608,-2.317706466784696,0.1875520266884398,-0.050360554533635915,0.06047998878385608,0.3623099475458078,0.9287289633758025
1785495485.747169971,1789399402.141391,0.100295,2.13696284976923,-2.3427306945589876,0.18628982855990045,-0.0459124066297087,0.056340991571208046,0.35109624125879946,0.9335144203279107
1785495485.847357035,1789399402.256775,0.100187,2.1699356341929703,-2.392386204785766,0.1863289587720146,-0.035686924220914254,0.055300259817431946,0.33970849422782357,0.9382251668193583
1785495485.947535038,1789399402.363977,0.100178,2.1409294185506784,-2.4209931799123674,0.19865729470861135,-0.03854342325163167,0.047361659568560574,0.3274876830707654,0.9428802125211209
1785495486.047722101,1789399402.484577,0.100187,2.1596395191525892,-2.432587203406406,0.2015630834698589,-0.047063673647296356,0.04461454621655877,0.3174921124476754,0.9460408613914094
1785495486.148092031,1789399402.587840,0.100370,2.1609112731349644,-2.430952577815322,0.19862308049436134,-0.051542175150294384,0.040072256319737966,0.31103284473792847,0.9481540950438543
1785495486.247229099,1789399402.687089,0.099137,2.1424736953997154,-2.4978020177782447,0.20371733781680076,-0.046608335662591226,0.03546954504620663,0.30485879206784294,0.9505949144193293
1785495486.347424030,1789399402.808957,0.100195,2.174972231882442,-2.4951955217413673,0.21071264596907857,-0.04707467108918071,0.034384755609712395,0.3021158692890605,0.9514870810721496
1785495486.447639942,1789399402.888297,0.100216,2.1912755170635654,-2.506535337614868,0.21333869953816842,-0.04766091749412397,0.03370328930400942,0.2936691960209738,0.9541231202219569
1785495486.548049927,1789399402.969461,0.100410,2.2256933439670243,-2.523022159616613,0.21408773155450284,-0.04418354634024813,0.04190339404760506,0.2775904515476433,0.9587676783296605
1785495486.647336006,1789399403.061965,0.099286,2.257659317210284,-2.552127203524511,0.20701959535623815,-0.03954308502559403,0.05699847295975938,0.2635285946699389,0.9621539369031258
1785495486.746684074,1789399403.160580,0.099348,2.2950682772518203,-2.575000765383154,0.20295129937394907,-0.03496572026866907,0.06491276494856306,0.26142494473321004,0.9624036209533123
1785495486.846990108,1789399403.256757,0.100306,2.280323664314959,-2.6057256062630914,0.2069794020832441,-0.03425333327582965,0.058798704532539804,0.26597354243419014,0.9615755280942734
1785495486.947124958,1789399403.349283,0.100135,2.2890590496684973,-2.576028283018692,0.21573956715388237,-0.04357256855002148,0.053105084443703134,0.27264940975488494,0.9596580540153222
1785495487.047481060,1789399403.493879,0.100356,2.2940999199800443,-2.5909154702816752,0.22260416041184344,-0.055238702826692895,0.04925122410979049,0.2758929814097904,0.9583350486351364
1785495487.148211956,1789399403.583045,0.100731,2.3375671828486624,-2.5996144816134756,0.22137016384868605,-0.060766701272297274,0.052911256809345934,0.2768071138216647,0.9575414500986572
1785495487.247342110,1789399403.662630,0.099130,2.370867483069046,-2.6537851542151105,0.22176461511167087,-0.04950761873503976,0.05062630482384564,0.2734992054515331,0.9592622986255794
1785495487.347564936,1789399403.768730,0.100223,2.361911848733185,-2.6801946885273025,0.2246204904773459,-0.04453902172192735,0.037132643235557386,0.2755053556848658,0.9595489780825841
1785495487.447875023,1789399403.872909,0.100310,2.3531375338907248,-2.6840569304518147,0.22582276586557368,-0.05155527385106382,0.028812214211194488,0.27834538866357167,0.9586635252580001
1785495487.547728062,1789399403.951835,0.099853,2.3558861883657896,-2.690448220549024,0.2300540928311377,-0.053855249643552615,0.02907525800843785,0.2786458797379247,0.9584418162635812
1785495487.648047924,1789399404.090931,0.100320,2.3665970119735116,-2.7152080704101835,0.23189008908826872,-0.05117177762533148,0.028241198074730283,0.2801598367247569,0.9581724008717355
1785495487.747298956,1789399404.192490,0.099251,2.3758315381965054,-2.738620896231284,0.23213809404938046,-0.04505513331788614,0.029034710411590992,0.2823294827656772,0.9578189201066496
1785495487.846704006,1789399404.400804,0.099405,2.3870633975880695,-2.763941786022758,0.23122668611425484,-0.040827458348231364,0.027672218397825604,0.2867946871600182,0.9567215762125019
1785495487.946829081,1789399404.455758,0.100125,2.4051003348524747,-2.792526268842711,0.23449183435430793,-0.03477769549691941,0.02698967860906188,0.29195676823459094,0.9554178743494891
1785495488.047096014,1789399404.495767,0.100267,2.4186009157672643,-2.8232403894197358,0.23928042178536826,-0.03186696413188171,0.024714879948974013,0.29808057206863026,0.9536884417152921
1785495488.147275925,1789399404.581880,0.100180,2.4560151166513395,-2.8392019488618367,0.24366675105254432,-0.03433217995075112,0.025722171725705355,0.30189315592425936,0.9523760778744979
1785495488.247522116,1789399404.643930,0.100246,2.4785599498981936,-2.852335680972708,0.2462145087809693,-0.043526402670522574,0.02622757933197208,0.3040171368756905,0.9513102263924392
1785495488.346822977,1789399404.740612,0.099301,2.481268094172513,-2.845083983456743,0.25094227447665546,-0.05685118493478648,0.026505630353533833,0.30945831173571064,0.948841898120405
1785495488.447052956,1789399404.850135,0.100230,2.4797252111729637,-2.8468934189102493,0.24909542701396983,-0.06509829594249285,0.02500764556612733,0.3155023277534207,0.946358869938234
1785495488.547355890,1789399404.948531,0.100303,2.5107180431850744,-2.883209449400385,0.2477768459481305,-0.06397186675497404,0.026682261537507558,0.3216828161107154,0.9443070597015474
1785495488.647566080,1789399405.097090,0.100210,2.5233487456667323,-2.9225689750836494,0.25326881070061896,-0.05889988076839595,0.018373238970922703,0.3295669570005384,0.9421140318393335
1785495488.747879982,1789399405.171556,0.100314,2.5245695754754114,-2.9529757293431977,0.2582339892878011,-0.06332422016323776,0.011355889447831016,0.3334064885014694,0.9405855624772573
1785495488.847287893,1789399405.268829,0.099408,2.5439848746117653,-2.9609751426121904,0.26082098027165923,-0.07236498900984947,0.010366519451374899,0.33430777701332093,0.9396244749198759
1785495488.947622061,1789399405.341933,0.100334,2.56756723040058,-2.9621092747884545,0.2587772261190475,-0.07947347349450493,0.01040842724402559,0.3383242106711922,0.9376099189570842
1785495489.047029018,1789399405.464687,0.099407,2.550888488520457,-2.989383878221568,0.2605905988910315,-0.07510222795098458,0.006836999734303426,0.3406855383932251,0.9371479470825943
1785495489.147283077,1789399405.557372,0.100254,2.593133898413846,-3.0445965861815556,0.2629427339774144,-0.06355331497582725,0.010401982404642653,0.3424723385671172,0.9373182342374323
1785495489.247383118,1789399405.657655,0.100100,2.6305312003073906,-3.0439776898494,0.26918502456924853,-0.06597067514224877,0.015182196857417177,0.3455420358390478,0.9359583710764253
1785495489.347821951,1789399405.752467,0.100439,2.639602596405,-3.0879350068947704,0.2703792728681906,-0.0667827474492187,0.016538039253368032,0.3504234712632564,0.9340609983767483
1785495489.447304010,1789399405.851732,0.099482,2.6594739674478443,-3.1079175236306837,0.27349725137228303,-0.06695797062351158,0.01963246690956752,0.35458579282233577,0.9324162761028738
1785495489.547470093,1789399405.950866,0.100166,2.6795752590409787,-3.13639711437719,0.27125678557361854,-0.0603834450867524,0.023152899800812404,0.3588555869994203,0.9311500687158536
1785495489.647710085,1789399406.050854,0.100240,2.691854807626385,-3.1601145744783548,0.2726309036698206,-0.053799977002129885,0.024844258464302604,0.3619031469586357,0.9303302841020139
1785495489.747905016,1789399406.150571,0.100195,2.726411924481509,-3.1894790108110476,0.2735016174157973,-0.04536621632150137,0.03034260297935862,0.3638881950197489,0.9298422524204552
1785495489.847304106,1789399406.243272,0.099399,2.73733715245987,-3.195916588486212,0.2671069409412605,-0.03637460679897371,0.031873883594841536,0.3612433118410967,0.9312165232505527
1785495489.947588921,1789399406.386666,0.100285,2.7707508379539534,-3.240569516097137,0.26863370857917435,-0.02600797872690944,0.037991746797940776,0.35975735692616356,0.9319092532834148
1785495490.046890020,1789399406.468760,0.099301,2.8000624808651047,-3.261384213975351,0.2644479109338113,-0.014641142005517025,0.04494526013684699,0.35782355294200596,0.9325920145014829
1785495490.147238016,1789399406.570060,0.100348,2.841676351531938,-3.3196662088092874,0.25387200021179124,0.009021711653525796,0.052101381845795776,0.35591077151112255,0.9330228172188105
1785495490.247435093,1789399406.657868,0.100197,2.8977425774396197,-3.3741858526697674,0.2437916586859678,0.0361514689501775,0.06463017796251404,0.3515772445413096,0.9332252956869458
1785495490.347762108,1789399406.758046,0.100327,2.9773022973764345,-3.422693522128631,0.2275486390749183,0.06397623496058129,0.08755161997871658,0.3408651426265986,0.9338376249335257
1785495490.446966887,1789399406.851734,0.099205,3.0160474802451627,-3.4661845778191864,0.2133755912364867,0.0794537334988398,0.09219945530253561,0.32843016898179833,0.9366536119492457
1785495490.547204971,1789399406.941330,0.100238,3.043803999092854,-3.493531735910822,0.21048622112309903,0.0806438389697901,0.0893371574959466,0.3209916716399493,0.9394039547843733
1785495490.647274017,1789399407.076404,0.100069,3.040667840550495,-3.5308742552715433,0.21030628154528946,0.07537830379648329,0.08097071876237003,0.3176832510001047,0.9417214057532338
1785495490.747715950,1789399407.165794,0.100442,3.0453202399440866,-3.54312179017924,0.21762049410996387,0.06525416115529453,0.06821003681796735,0.315861865266536,0.9440977530952652
1785495490.847997904,1789399407.282847,0.100282,3.05336842296978,-3.5654003004219286,0.2189522729853521,0.057947772793444575,0.06586645381592017,0.3048875158730362,0.9483392159742942
1785495490.947341919,1789399407.386754,0.099344,3.08035533869956,-3.592580484685027,0.20974916472672964,0.05507821579998322,0.0730473755968405,0.29475246498611535,0.9511842384350626
1785495491.047466993,1789399407.484609,0.100125,3.1124243156163045,-3.5924225584598424,0.21403507893219947,0.04684263047785742,0.07284594474751804,0.29208137923966676,0.952464017275817
1785495491.146819115,1789399407.582495,0.099352,3.112836380185599,-3.6091214116174535,0.22120489741712634,0.03683767324975191,0.06928687866486241,0.29179870062264157,0.953255386866154
1785495491.246978998,1789399407.677629,0.100160,3.1336673225348624,-3.590003911015045,0.22239716451770947,0.01751569972736882,0.07138566456706694,0.2922853774165958,0.9535022523863249
1785495491.347096920,1789399407.758932,0.100118,3.1552811650149,-3.624644479308289,0.22058251869586387,0.006118744494939881,0.06801178962535831,0.29400370209329657,0.9533618308875049
1785495491.448132038,1789399407.841789,0.101035,3.154843339687513,-3.6524077829829684,0.21972359804367375,-0.0016222392521520368,0.06019962547759682,0.2963741482401003,0.95317141044363
1785495491.547389030,1789399407.942559,0.099257,3.1533997378447385,-3.6926414459467254,0.22158487533992155,0.0007099874085562473,0.053900979815468826,0.2933594524859954,0.9544812265989875
1785495491.647634029,1789399408.040877,0.100245,3.160759214922014,-3.7330563753896167,0.22300438358585756,0.0026080979224617808,0.046570074166044494,0.2917648263843426,0.9553521403662051
1785495491.747832060,1789399408.139051,0.100198,3.181339164402855,-3.757600385386244,0.23254126316699691,-0.0021110372132204453,0.041908015478375804,0.29380058063995906,0.9549452762206586
1785495491.847922087,1789399408.239608,0.100090,3.196356968193039,-3.759860774203055,0.23192631202730546,-0.01345650933663658,0.03924677748579602,0.2928007992382383,0.9552728954486674
1785495491.947331905,1789399408.370777,0.099410,3.2011735711479643,-3.778831069701741,0.23623615799711686,-0.019365682452829224,0.03567746744704922,0.290892494365269,0.9558941601357505
1785495492.047414064,1789399408.461602,0.100082,3.203301350482797,-3.7982894523942714,0.23297905371914468,-0.02249856578446214,0.0344271300523808,0.2877744190214673,0.9568147527138338
1785495492.147798061,1789399408.548288,0.100384,3.222715708040024,-3.830057053816622,0.23162673434767114,-0.016930114480671492,0.03380981206110575,0.287646819736331,0.9569898510055466
1785495492.247023106,1789399408.646426,0.099225,3.2591654382065376,-3.860431278173769,0.23167398952314547,-0.009615230387324194,0.026154946990381563,0.2873923590693635,0.9574074879804599
1785495492.347284079,1789399408.748885,0.100261,3.2633461041522103,-3.8817560278297045,0.2325099961192478,-0.008833034506171634,0.0165991675874952,0.2942226741053888,0.955551915480822
1785495492.447618961,1789399408.840439,0.100335,3.256449474888984,-3.87798388929239,0.23738760977943807,-0.015367529642327772,0.014917431554450269,0.29776201286188375,0.9543998601031582
1785495492.547903061,1789399408.941631,0.100284,3.2602755628652127,-3.8749442228184243,0.24344454055152595,-0.03038759009434301,0.018735490048618613,0.2990596912104773,0.9535663987756532
1785495492.647207022,1789399409.042830,0.099304,3.2833961119154833,-3.887417431812798,0.248310412298865,-0.04576144805223879,0.02254358094953329,0.30186782556388503,0.9519839771337766
1785495492.747508049,1789399409.134298,0.100301,3.274018816065711,-3.9188667773133288,0.24955068319397253,-0.05020870392300081,0.013548003691270427,0.30891820340585213,0.9496657734439153
1785495492.847982883,1789399409.246770,0.100475,3.2835472558266816,-3.9339931873817324,0.2447340459272531,-0.048003032683595986,0.0011968953339911346,0.3145012638165857,0.9480417877670173
1785495492.948288918,1789399409.385688,0.100306,3.276777613170974,-3.971991547960723,0.232747025068163,-0.042320558412329054,-0.020665550278501418,0.3183599200579479,0.9467992747504757
1785495493.047671080,1789399409.461494,0.099382,3.2719922232885716,-4.006290666021097,0.23743808232447852,-0.03751023044411308,-0.027761845773014323,0.31941863527135295,0.9464639443595648
1785495493.147131920,1789399409.561427,0.099461,3.271989744595237,-4.006587931031347,0.2418174945351015,-0.046060528310149874,-0.024412653391794773,0.32037546658099786,0.9458551741673478
1785495493.247332096,1789399409.692426,0.100200,3.3050474722729972,-4.02505448799046,0.23744738571117385,-0.047668026374123686,-0.023579665115972388,0.32474458927338284,0.9443054116080504
1785495493.347856998,1789399409.744325,0.100525,3.325141907801242,-4.057423064428691,0.2465329226739797,-0.04452992034484776,-0.02563145298158951,0.32682074111439025,0.9436886764126968
1785495493.448084116,1789399409.846487,0.100227,3.341846376049854,-4.089871737381926,0.24991320659034938,-0.04580609144836544,-0.02489189482785058,0.3272834883748109,0.9434869971522082
1785495493.547514915,1789399409.981515,0.099431,3.335389269752581,-4.137264881854736,0.25402518677371944,-0.04896587486658315,-0.025021260123155455,0.32886014360515015,0.9427763709323499
1785495493.646914959,1789399410.063388,0.099400,3.3539063639989286,-4.132424644121342,0.25840591676742763,-0.05790147653576561,-0.021011680655658053,0.33090443906541983,0.9416518361357209
1785495493.747070074,1789399410.157545,0.100155,3.370366601181418,-4.128411490370326,0.2667779681119044,-0.06648034434803725,-0.017335796354623605,0.3323735217562495,0.9406421615127809
1785495493.847369909,1789399410.273709,0.100300,3.380328691416686,-4.135888902488429,0.2707459859985119,-0.0731799814063269,-0.01587685530506103,0.3346615082473404,0.9393584463263093
1785495493.947504044,1789399410.367275,0.100134,3.3816051044371953,-4.132337097419869,0.2640858421621744,-0.069963351414873,-0.01080644358764441,0.3299107722002958,0.9413539358933823
1785495494.047745943,1789399410.473865,0.100242,3.37648405738602,-4.1177575081028355,0.26462271700987466,-0.07170115277099709,-0.013218425674174611,0.3289641618624731,0.9415236577612368
1785495494.147949934,1789399410.567035,0.100204,3.3689669310716033,-4.112883420848915,0.2675752494284051,-0.07068461095112784,-0.015336464483393734,0.3294436261553643,0.9414007519741067
1785495494.247189999,1789399410.670798,0.099240,3.3803065584881025,-4.096378352742782,0.26497324992613336,-0.06979644825697899,-0.012733596002373369,0.3294395354763433,0.9415072510653659
1785495494.347323895,1789399410.743250,0.100134,3.375190848073276,-4.096369975242171,0.26395807559129414,-0.06908002162329518,-0.013920880133167148,0.3294289696542446,0.9415469789985826
1785495494.447599888,1789399410.842942,0.100276,3.378391810234511,-4.10499450405309,0.26427919370839953,-0.06756805429940192,-0.01409973804190855,0.32942420728451427,0.9416556945509774
1785495494.547837973,1789399410.942195,0.100238,3.3808912342539137,-4.098473277800003,0.2636123691853091,-0.06784876456421941,-0.013825982041326425,0.3294047121825504,0.9416463895537459
1785495494.648015022,1789399411.036709,0.100177,3.3645465086784734,-4.088550416565656,0.2669998110327189,-0.06860079775325019,-0.014771263707738418,0.328731433660593,0.9418128183665354
1785495494.747235060,1789399411.156857,0.099220,3.349870729482697,-4.093571431231798,0.2712069400588153,-0.06853154595828596,-0.016219995105086045,0.3287637595633223,0.9417827400017053
1785495494.847584963,1789399411.284889,0.100350,3.3663374486787507,-4.0878475750884204,0.27032104530314494,-0.06842476137348585,-0.014435353678941264,0.3288525324604152,0.9417885561470197
1785495494.947633028,1789399411.400971,0.100048,3.3695949819257542,-4.0907019077463085,0.26982972442673075,-0.06791014153624178,-0.01465098187102877,0.32885716651824887,0.9418208563396239
1785495495.047800064,1789399411.475985,0.100167,3.3675688974602727,-4.0770950641191455,0.2691806171065737,-0.06918537467974478,-0.014725950990915698,0.328846074049522,0.9417307417091278
1785495495.148109913,1789399411.580637,0.100310,3.3686478852998754,-4.0778330582957825,0.2699221328242358,-0.06859286840960077,-0.01497990682798631,0.32883872611779386,0.9417726440070161
1785495495.247174978,1789399411.669977,0.099065,3.3616836544353172,-4.077594550408977,0.2678882316574513,-0.06855507054781784,-0.015658083987046836,0.3288316029061268,0.9417668520595726
1785495495.347323895,1789399411.756554,0.100149,3.364682254366177,-4.085804284885282,0.2639621910016772,-0.06752908296598045,-0.015540392797982645,0.3288582389388261,0.9418336253433954
1785495495.447570086,1789399411.853203,0.100246,3.3624102104021985,-4.085897037595158,0.263079359759323,-0.06773021962123041,-0.015621915934688878,0.328831020952573,0.9418273370166366
1785495495.547739029,1789399411.950233,0.100169,3.356555271143302,-4.091521168673488,0.263622437701406,-0.06748519629712428,-0.016099716178191375,0.3288431269350518,0.9418326524851796
1785495495.647967100,1789399412.047613,0.100228,3.368380955822522,-4.102661932047982,0.26526909409109745,-0.06644515162989842,-0.015141006165539173,0.32875746764342834,0.9419523975370658
1785495495.748181105,1789399412.141824,0.100214,3.3675791417952277,-4.08984452902909,0.26391030071090915,-0.06803851761949478,-0.015129669668320857,0.32864938470052907,0.9418765498470616
1785495495.847368956,1789399412.241342,0.099188,3.3681342302648227,-4.075499715608234,0.259523564936483,-0.06896691787946756,-0.014831818349823495,0.328671088490959,0.9418061886570847
1785495495.947674036,1789399412.341841,0.100305,3.3732958034038507,-4.081521981941975,0.2619780543534561,-0.06797279073001777,-0.014888052772029583,0.32869918844830065,0.9418677662593781
1785495496.047862053,1789399412.442973,0.100188,3.3705805577567887,-4.0833747524783055,0.2614137467786315,-0.06791034095143629,-0.015452400856825739,0.328669941710709,0.9418733876246159
1785495496.148083925,1789399412.546309,0.100222,3.3919070318992324,-4.0925233297084365,0.25174866699746046,-0.06626697111069992,-0.011294783214151408,0.32835735103887537,0.9421584614228452
1785495496.247364998,1789399412.674123,0.099281,3.3956650837323297,-4.0962993406507175,0.25392078983517863,-0.06637379976091581,-0.011043467012888842,0.328318787282494,0.942167360111226
1785495496.347563982,1789399412.753819,0.100199,3.393218873228333,-4.094091576360473,0.25625637012113156,-0.06705938199092042,-0.011210745785694403,0.3282528494481496,0.9421398119679828
1785495496.446835041,1789399412.847038,0.099271,3.3848489793762466,-4.099051300560769,0.25663744419537526,-0.06706173943299391,-0.01203810819729012,0.32822389055084666,0.9421395250847342
1785495496.547034979,1789399412.956926,0.100200,3.3806648367953422,-4.100965487059655,0.25755380410213935,-0.06731714388925715,-0.012039921977955033,0.3282548554659096,0.942110498975775
1785495496.647120953,1789399413.049785,0.100086,3.3804564972811555,-4.102000953499521,0.25596254547555375,-0.06732204891778192,-0.011634333698373035,0.3282550089140982,0.9421151910099334
1785495496.747404099,1789399413.147900,0.100283,3.38747826844736,-4.112462760497206,0.25820912742140717,-0.0665014443824092,-0.011142583012192096,0.32821673706292037,0.942192747929324
1785495496.846657991,1789399413.255229,0.099254,3.3891259468732513,-4.087196992359505,0.2549970522456824,-0.06897796305459766,-0.01005316326338256,0.3281700987326268,0.9420431841582568
1785495496.947016001,1789399413.355129,0.100358,3.3839003399035508,-4.079836020848845,0.25380523252426057,-0.06905558595385278,-0.010608599487340302,0.3281483800890767,0.9420389717577363
1785495497.047147989,1789399413.458492,0.100132,3.3807732505904915,-4.092294424705706,0.2574279892489905,-0.06759790135006125,-0.011224617190968933,0.3280862491435113,0.942159192931267
1785495497.147351980,1789399413.547832,0.100204,3.377716765735844,-4.087251745070482,0.2566888733079766,-0.06811615016807977,-0.011174049003968284,0.32809818132511176,0.9421183121701125
1785495497.247467041,1789399413.641165,0.100115,3.380091761224957,-4.092478140997741,0.25719608319549675,-0.06737310909918472,-0.01096389370402974,0.32815716432070574,0.9421536672486716
1785495497.347760916,1789399413.740704,0.100294,3.385241342995198,-4.083036490112244,0.25894692142564274,-0.06805747879653486,-0.010262688725733144,0.3282010693112741,0.9420970835868696
1785495497.446933985,1789399413.840827,0.099173,3.386948142911211,-4.087217744600699,0.2612215360197903,-0.06743048650398113,-0.010569998485888923,0.32821705921512445,0.9421332000635534
1785495497.547425032,1789399413.946126,0.100491,3.368464845268379,-4.125236817710755,0.257891492965431,-0.0646703930051893,-0.014409614591366403,0.3282763439673188,0.942255138095465
1785495497.646692038,1789399414.055025,0.099267,3.355110221612547,-4.127734217861633,0.25794775237949175,-0.06464286104007956,-0.015258555547049073,0.32832128885877765,0.9422280022803676
1785495497.746876001,1789399414.192964,0.100184,3.356896059745982,-4.141119783077503,0.25920277061392916,-0.06340567125480909,-0.014834125208109894,0.3283406697077991,0.9423120895955023
1785495497.848026991,1789399414.256823,0.101151,3.3534075039594984,-4.126667572820442,0.25908884581448527,-0.06502875348086869,-0.014317861284913035,0.32835604956569914,0.9422040993237767
1785495497.947161913,1789399414.363990,0.099135,3.357693002813864,-4.12325800327978,0.26000635070958567,-0.0648470474597571,-0.013630271501191683,0.3284143095806134,0.9422065152593754
1785495498.047352076,1789399414.445325,0.100190,3.3611204773591616,-4.122404661199971,0.2615366686015742,-0.06464628093229154,-0.013343671207155784,0.3284286016976095,0.9422194321851266
1785495498.147583008,1789399414.568359,0.100231,3.362549905820991,-4.115163956170239,0.26211930190495913,-0.06501057268882533,-0.013199437678041537,0.32843238158217936,0.9421950811864191
1785495498.247864962,1789399414.658807,0.100282,3.361894637044049,-4.122856825491768,0.2639492933558103,-0.06413939684298653,-0.013627689032255036,0.3284333541798267,0.9422483514055184
1785495498.348174095,1789399414.757497,0.100309,3.360362136408371,-4.116790153979009,0.25937869642385086,-0.06465613134557203,-0.013502774618831393,0.328415040205687,0.9422212166596997
1785495498.447544098,1789399414.849288,0.099370,3.3586795142565045,-4.126339148033533,0.2605708360736371,-0.06375730421364524,-0.014037203150867959,0.3283803400510988,0.9422867479461894
1785495498.547754049,1789399414.949779,0.100210,3.3655118151519656,-4.105293892389933,0.2565970027219081,-0.06536351871905445,-0.012780346866663917,0.3284218431975778,0.9421801133887873
1785495498.648096085,1789399415.047738,0.100342,3.3716219529623013,-4.115307270240203,0.2594703298088967,-0.06395005472297388,-0.013004368843567635,0.32848597930474405,0.9422516852158361
1785495498.747258902,1789399415.154308,0.099163,3.3710529034357353,-4.122376745660545,0.25843359105728725,-0.06357978955544949,-0.013569066624099636,0.32847299450280365,0.9422733057204621
1785495498.847444057,1789399415.249730,0.100185,3.3670588301101185,-4.120451954519871,0.25941657474022994,-0.06414892732530819,-0.01392359211480553,0.32842971883456273,0.9422446436525143
1785495498.947557926,1789399415.350591,0.100114,3.3691147198431897,-4.11751280254119,0.2583619145275468,-0.0643277001552381,-0.013693585011909433,0.3284547093421439,0.9422271152080044
1785495499.046716928,1789399415.450956,0.099159,3.3724180989541055,-4.104524337338749,0.259531482118219,-0.06523235320063446,-0.01314686034742963,0.32839925270477105,0.9421920350872381
1785495499.147347927,1789399415.553602,0.100631,3.387284671832844,-4.0814356022518306,0.26128230230838423,-0.06734178299624176,-0.011300698941387612,0.328142847726288,0.9421569136573672
1785495499.247549057,1789399415.664971,0.100201,3.3895782350704224,-4.092365301872839,0.26214499513217543,-0.06644737859167517,-0.011675258326793074,0.3280999528604143,0.9422307865667845
1785495499.347863913,1789399415.760166,0.100315,3.392412694449227,-4.086727380274152,0.2608306604656776,-0.06721787417475095,-0.011400282353562934,0.3280715488715738,0.9421893916695641
1785495499.447114944,1789399415.852115,0.099251,3.3951337743073444,-4.097939997068393,0.25972348456396965,-0.06623812196989333,-0.011740877125659122,0.32807456273248403,0.9422535456500449
1785495499.547250032,1789399415.966436,0.100135,3.4039486844030713,-4.101343688100719,0.2616098823605437,-0.06626524573802652,-0.01122368361207295,0.327983910019874,0.9422894995177971
1785495499.646600008,1789399416.058848,0.099350,3.391832903614736,-4.101638224036988,0.260541384676715,-0.06715349161857148,-0.012555822016781662,0.32793252366605113,0.9422276900085788
1785495499.746906996,1789399416.150794,0.100307,3.388867294549741,-4.108722244301409,0.26248890890835597,-0.06698861394608219,-0.012765709635874018,0.3279557290354378,0.9422285296316812
1785495499.847188950,1789399416.268027,0.100282,3.3864808683741505,-4.093241165579742,0.26147910869790914,-0.06857725251941747,-0.012236505226078252,0.32794353564471646,0.9421255042750689
1785495499.947516918,1789399416.357996,0.100328,3.385760383778068,-4.098184224169985,0.2618542486417457,-0.06780871261553027,-0.01230528400903345,0.3279419133849975,0.9421808000188915
1785495500.046848059,1789399416.472055,0.099331,3.3827642811937277,-4.104060026954236,0.2624754934858019,-0.06741289250903855,-0.012530434877597257,0.3279297063746076,0.942210484871813
1785495500.147114992,1789399416.558182,0.100267,3.3826979245780797,-4.096815479357394,0.26266413000189875,-0.06808244596159842,-0.01206603461386827,0.32795720676366275,0.942158830501699
1785495500.246704102,1789399416.641235,0.099589,3.3845173034963265,-4.0923449719088305,0.26278902916123326,-0.06822814799190247,-0.011706262127301099,0.32798565184505235,0.9421429272845752
1785495500.346990108,1789399416.741927,0.100286,3.385261609041113,-4.089966892636653,0.2614177036595164,-0.06811194217303786,-0.011624791920667078,0.3279380514829996,0.9421689136963295
1785495500.447287083,1789399416.843101,0.100297,3.3759291670812153,-4.091976711806954,0.26003744937733353,-0.06792090097913032,-0.012468470809812754,0.3279314459938095,0.9421742169971684
1785495500.547508955,1789399416.948263,0.100222,3.3839613778463593,-4.1074656278423545,0.2583133418289607,-0.0639825429702935,-0.014790399550575513,0.3277307352173235,0.9424860972290633
1785495500.646950006,1789399417.064897,0.099441,3.383558841690482,-4.106970660971274,0.2590476778045758,-0.06402242514567247,-0.014737222201616544,0.3277276016677295,0.9424853115382408
1785495500.746349096,1789399417.149350,0.099399,3.3840902783547055,-4.114416859024909,0.26056818405729515,-0.06334483985807667,-0.01479163799863678,0.32776025110234885,0.9425188892038011
1785495500.846597910,1789399417.251980,0.100249,3.3816119044324986,-4.110364856857256,0.26002367857616426,-0.0639865041619693,-0.014789775764832267,0.3277884659491994,0.9424657613985755
1785495500.946779013,1789399417.343946,0.100181,3.385035420536748,-4.11410233177155,0.25925187581795917,-0.0634958380088811,-0.014501519700077911,0.3277881012846556,0.9425035517907125
1785495501.046478033,1789399417.449537,0.099699,3.3769132323939703,-4.128000902739828,0.25996664310235557,-0.0627683969842246,-0.015530325863467344,0.32781819654100514,0.9425254199941655
1785495501.146583080,1789399417.556979,0.100105,3.3864241318315003,-4.128258188402158,0.2610405677762009,-0.06295809271532772,-0.014342335410558592,0.32783851344715176,0.9425245275733416
1785495501.246779919,1789399417.651460,0.100197,3.3866375001660476,-4.1127120972131115,0.26135206883808415,-0.06457210931212014,-0.013931573345468354,0.3277715440068808,0.9424447829461515
1785495501.347013950,1789399417.746573,0.100234,3.394068174791977,-4.123483267308272,0.26260508174305025,-0.06320486316888291,-0.013904646882287371,0.3277578215952846,0.9425426337572032
1785495501.446582079,1789399417.845983,0.099568,3.392542215879486,-4.11642394826109,0.2618831761910127,-0.06420996764980082,-0.014106656381133231,0.32773832626888727,0.9424784728547355
1785495501.546760082,1789399417.944418,0.100178,3.3889971098167306,-4.116540471340012,0.2610034807104165,-0.06418510036960505,-0.014553270871021777,0.32773237160457114,0.9424754467888867
1785495501.646095991,1789399418.041870,0.099336,3.388625527047578,-4.105044999357349,0.2596251766471378,-0.06505710828188013,-0.014307876009823289,0.32776471077381675,0.9424081661983906
1785495501.746386051,1789399418.141434,0.100290,3.3858041625655164,-4.1006396917273795,0.2600708633995291,-0.0650682353388412,-0.01456764253481265,0.32778147586293677,0.9423975873387791
1785495501.846560955,1789399418.240658,0.100175,3.389295069590209,-4.105731278024081,0.2591199973018898,-0.06412075543988026,-0.014470700465105776,0.32778506108329386,0.9424627744799576
1785495501.946898937,1789399418.341444,0.100338,3.3879111654868828,-4.10383516309492,0.25723600008426784,-0.0672720503571073,-0.013373388377621044,0.3277539273130112,0.9422701241443023
1785495502.046050072,1789399418.486576,0.099151,3.3875039081841916,-4.107717074136073,0.2581753567069732,-0.06697238185350309,-0.013561746809621909,0.32775936218195945,0.9422868881579457
1785495502.146298885,1789399418.569170,0.100249,3.390460562373417,-4.112942783252003,0.2574664451937022,-0.06651155719129427,-0.013465947598855946,0.327757280165476,0.9423216257275183
1785495502.246323109,1789399418.650182,0.100024,3.387641847973352,-4.107035147344926,0.2568322667257658,-0.06728599276163826,-0.013586317110107524,0.32775310849043965,0.9422663673507019
1785495502.346499920,1789399418.775014,0.100177,3.385457593713709,-4.106639422040729,0.25519818898330343,-0.06728033951901378,-0.013702224091894142,0.3277353782252676,0.9422712596851567
1785495502.447048903,1789399418.874401,0.100549,3.3851589341544615,-4.091797730869051,0.2532634620551965,-0.06834111082675887,-0.013197057191287182,0.32777665259197386,0.9421877712367235
1785495502.547116041,1789399418.942374,0.100067,3.390025232099848,-4.095089578542133,0.25241092955049793,-0.06734401721758389,-0.013045301847608605,0.32778723595888143,0.9422579961916526
1785495502.646495104,1789399419.059926,0.099379,3.3862506072132756,-4.093535687628292,0.25421198632042563,-0.06754420572504356,-0.013462820265343614,0.3277270272632716,0.9422587374732189
1785495502.746707916,1789399419.146205,0.100213,3.3946736057048446,-4.103105832784478,0.2540868264323283,-0.06633275112725613,-0.01310536678881595,0.3277136509762845,0.9423544866200741
1785495502.846036911,1789399419.247060,0.099329,3.4018101359593116,-4.095581116946766,0.25449527396498073,-0.0670519209300737,-0.01246544847048691,0.32764345396768196,0.9423366805797775
1785495502.946275949,1789399419.339341,0.100239,3.404609480014716,-4.103094810480297,0.2554108233401451,-0.06639159299603717,-0.012917285658211486,0.3276087940447513,0.9423893983779666
1785495503.046478987,1789399419.440330,0.100203,3.3936079770684975,-4.114242825736745,0.2566646286135215,-0.06606507962607787,-0.014318740398789363,0.32757161432284326,0.9424050171859698
1785495503.146559000,1789399419.540052,0.100080,3.3869384717426625,-4.127505641213662,0.2575299237091498,-0.06559748269395217,-0.014841181828039786,0.3275589844356851,0.9424339877686903
1785495503.245791912,1789399419.642795,0.099233,3.38044727704171,-4.115622576867149,0.2570835397384885,-0.06638990204378831,-0.013559579983538156,0.3279365448746527,0.9422664916216272
1785495503.346045017,1789399419.778384,0.100253,3.3841576816391696,-4.1068973154790855,0.25773541764827906,-0.0672794252602809,-0.012601741758958132,0.32798618342668007,0.9421994154755435
1785495503.446295023,1789399419.869165,0.100250,3.372819104364995,-4.118092261872157,0.2574289152462648,-0.066648475474768,-0.013781408304959745,0.3279936549136571,0.9422251407378022
1785495503.546663046,1789399419.947778,0.100368,3.3786907304899803,-4.098228883832055,0.2570803194112924,-0.06835380229906628,-0.012225660599379122,0.3280812809294077,0.9420939252738322
1785495503.646974087,1789399420.064640,0.100311,3.3872773303545944,-4.1025287906301395,0.25677522445076567,-0.067298800656344,-0.011745326754068548,0.32817916343132186,0.9421418977092275
1785495503.746407986,1789399420.161947,0.099434,3.379982094378041,-4.106467643195966,0.25839968286491916,-0.0672255376205351,-0.012713423066371098,0.32814174640662774,0.9421475947168485
1785495503.846750975,1789399420.254589,0.100343,3.375505944932527,-4.109366299876137,0.2566112319840946,-0.06706134043223223,-0.012958740571795193,0.328117066412861,0.9421645495298644
1785495503.947073936,1789399420.341377,0.100323,3.375281519527205,-4.113680745480976,0.25872872733018454,-0.06671435107020109,-0.012822136239800922,0.32812657154133895,0.9421877420302313
1785495504.046992064,1789399420.459384,0.099918,3.3805217746512084,-4.11345040205046,0.25745782561182373,-0.06674445000573033,-0.012242892013341253,0.3281485560663113,0.9421856585302847
1785495504.147046089,1789399420.546701,0.100054,3.376224825914494,-4.114981342907355,0.25941291727329086,-0.06690908280243611,-0.012637006153101827,0.3281429669109783,0.9421707244341934
1785495504.247185946,1789399420.642484,0.100140,3.3819217239661983,-4.114390042778663,0.25990834971809573,-0.0668936265021171,-0.011972204355310982,0.3281626359870408,0.9421736535258646
1785495504.346479893,1789399420.741768,0.099294,3.3854359226587327,-4.116271461262441,0.26093892795661644,-0.06676228707816827,-0.01191320745200466,0.32816055563272933,0.9421844417305377
1785495504.446754932,1789399420.841558,0.100275,3.3792580395366416,-4.120024232065858,0.26146892856226306,-0.0668247038029671,-0.012660905643510289,0.3281667712898783,0.942168101057915
1785495504.546991110,1789399420.942987,0.100236,3.3924604944338412,-4.11619943709722,0.25762561905247916,-0.06797136500536335,-0.013102069889766404,0.3278307246584526,0.9421970310257795
1785495504.647241116,1789399421.062493,0.100250,3.3873073278489145,-4.114802785319206,0.2574171299906651,-0.06817814923389175,-0.013847359329422848,0.32779711799066696,0.9421831244740186
1785495504.747437000,1789399421.175745,0.100196,3.3889296052318727,-4.117794132562596,0.2551995923728704,-0.06773261622459183,-0.013736614255552023,0.3277658089713364,0.9422277710816532
1785495504.846482992,1789399421.255319,0.099046,3.3794333613808747,-4.109014128292187,0.2545227550908419,-0.0687544224164523,-0.014359069723593269,0.3278081056004306,0.9421297641076193
1785495504.946623087,1789399421.398160,0.100140,3.3864873503448516,-4.107697974055435,0.2551493786066697,-0.06821131049165574,-0.013586041043703426,0.32782697398682364,0.9421741408765052
1785495505.046892881,1789399421.447499,0.100270,3.3852348023918064,-4.103993046121224,0.25361851972530236,-0.0683683553636226,-0.01380859570737393,0.32782726816181734,0.9421594201190115
1785495505.147120953,1789399421.553601,0.100228,3.3861069524214282,-4.0950948435750885,0.25186858103348986,-0.06878521099565688,-0.013628956382034079,0.32782744768097394,0.9421316313781033
1785495505.247278929,1789399421.658733,0.100158,3.3856998529800237,-4.103698816561633,0.2523165094417386,-0.06760866545970157,-0.014111659309964341,0.3278326621873451,0.9422078725150859
1785495505.347341061,1789399421.746283,0.100062,3.38218024817486,-4.100662447068486,0.2537597437226241,-0.06790800382590202,-0.014212937749010172,0.3278389230577403,0.9421826446847944
1785495505.446474075,1789399421.890222,0.099133,3.3806271026483734,-4.107790487981929,0.25268875355885045,-0.06719527106320798,-0.014464054468531665,0.32778709271378553,0.9422479549063961
1785495505.546713114,1789399421.972816,0.100239,3.3924828973823407,-4.094034209115506,0.25255328322213555,-0.06809093372035975,-0.012942077415366123,0.3277721973472025,0.9422109710799483
1785495505.647195101,1789399422.058033,0.100482,3.3883355489706255,-4.107199283011716,0.2541975948298014,-0.06689146085555779,-0.014152346766448769,0.3277451963131317,0.9422888781256239
1785495505.747324944,1789399422.143688,0.100130,3.394124122914861,-4.098411547481134,0.25663887331959073,-0.0677252918462615,-0.013325425116745117,0.3277193618800674,0.9422503583117847
1785495505.846527100,1789399422.243017,0.099202,3.3887077410172197,-4.104523788149642,0.2562769239211299,-0.06722851011951857,-0.014276326498906906,0.32768524559539713,0.9422838711067165
1785495505.946873903,1789399422.343119,0.100347,3.382385739544759,-4.1055482543918576,0.2555988966381529,-0.06744352011830218,-0.014684414351167829,0.3276867683586095,0.9422617053727032
1785495506.047142982,1789399422.439538,0.100269,3.3822545583397283,-4.112297211555805,0.25373754698522344,-0.06554309386299052,-0.012328061954791681,0.32791647377314054,0.942349673933972
1785495506.146275997,1789399422.550426,0.099133,3.3913172671277074,-4.092336364852497,0.2522737295300701,-0.06710320622444667,-0.011089898318630742,0.32787857231257744,0.9422684414156698
1785495506.246577978,1789399422.696999,0.100302,3.3978109520430944,-4.103683295403021,0.2533436684940199,-0.06552384115749878,-0.011382557065626,0.327847001430379,0.9423870793297686
1785495506.346806049,1789399422.749144,0.100228,3.381547502579364,-4.109411394361201,0.25175653936783554,-0.06572657968515773,-0.013230828548728537,0.3278502919888178,0.942347678907111
1785495506.446005106,1789399422.876441,0.099199,3.380090706343892,-4.112273305421943,0.25200524423810156,-0.06563245518912353,-0.013032117657524878,0.32787381217044403,0.9423488250260603
1785495506.546238899,1789399422.985770,0.100234,3.3951281231631603,-4.11295953285235,0.25166955837658816,-0.06532122854851821,-0.0115779348155424,0.3279003811821537,0.942380193205951
1785495506.646478891,1789399423.050122,0.100240,3.387839410969126,-4.110325046550375,0.25157926868882396,-0.06604570018415203,-0.01247858413106043,0.3278599877385352,0.942332255027559
1785495506.747008085,1789399423.147642,0.100529,3.3862012330416214,-4.109028708757824,0.25141994308950827,-0.06619525469632594,-0.012498243729142764,0.32787572449752955,0.9423160252508516
1785495506.846240044,1789399423.246850,0.099232,3.393611748427027,-4.104239061617867,0.2523814530410642,-0.0663307759931652,-0.011715295189483693,0.3278987195909803,0.9423085533440367
1785495506.946577072,1789399423.395569,0.100337,3.3876844760801865,-4.104448884873364,0.2508558800953144,-0.0664031308202839,-0.012520214909836756,0.32782588392397377,0.9423184484373152
1785495507.045897007,1789399423.483963,0.099320,3.3856235273131134,-4.098873278930398,0.2538924575790564,-0.0668143379691507,-0.012459427574335599,0.32783749601021317,0.942286147152756
1785495507.146096945,1789399423.556093,0.100200,3.373710473675148,-4.107826992976174,0.2541825328577079,-0.06606873718588216,-0.013597280676986888,0.32782647312331986,0.9423268219913657
1785495507.246433020,1789399423.649481,0.100336,3.3742198230217832,-4.100161688276558,0.2560763676300252,-0.06673170029770277,-0.012804977025794142,0.327897775384291,0.9422663963215219
1785495507.346697092,1789399423.749506,0.100264,3.3759112733693475,-4.104440952778091,0.25504303336522993,-0.06603885262571615,-0.012581782664657044,0.32790546902680157,0.9423155374242428
1785495507.447047949,1789399423.846032,0.100351,3.3771993705391052,-4.104624311352095,0.2538510463932564,-0.06599664396886022,-0.012400172713969251,0.3279673519599386,0.9422993657802519
1785495507.546226025,1789399423.939442,0.099178,3.377736108479135,-4.099413973816939,0.25505070127144647,-0.06580392834012719,-0.012851229402005396,0.3278891523296612,0.9423340133425981
1785495507.646471977,1789399424.097038,0.100246,3.3767890159072897,-4.102790029622583,0.2554275631344829,-0.06541956645527891,-0.013000098345493656,0.3278875146834956,0.9423593027515877
1785495507.746664047,1789399424.183494,0.100192,3.3779968702331953,-4.108209014022414,0.2553419857996814,-0.06495225014294218,-0.012942681646799356,0.32787977391954437,0.9423951114302291
1785495507.846965075,1789399424.264038,0.100301,3.37960517632926,-4.112090087693765,0.2553832894964257,-0.06485903436055247,-0.012949135737531866,0.32786602407862275,0.9424062265288313
1785495507.946997881,1789399424.360214,0.100033,3.3766469305732354,-4.104534729675602,0.25504172204225384,-0.06579076071907801,-0.012942159615295684,0.3278648866812013,0.9423421312824698
1785495508.046061039,1789399424.490207,0.099063,3.3780063599612897,-4.105558152019734,0.2539606772974296,-0.0655199374041074,-0.012824896895448322,0.3278851073387198,0.9423555678233277
1785495508.146408081,1789399424.564615,0.100347,3.3789241844098292,-4.122707048423153,0.25598069904493365,-0.06416626786317536,-0.013247142875151724,0.3278947871897853,0.9424395003435972
1785495508.246478081,1789399424.653002,0.100070,3.375286172652822,-4.101918362686695,0.2552783147394425,-0.06657149775565771,-0.012842855646461848,0.32792664795173954,0.942267165037876
1785495508.346611023,1789399424.748635,0.100133,3.3785415607716915,-4.09379367949539,0.2535878329060636,-0.06659642977255646,-0.012386028718365352,0.3279485902280345,0.9422638823607475
1785495508.446723938,1789399424.886241,0.100113,3.377988633810055,-4.102181556187378,0.25572007248375084,-0.06552053046063615,-0.012855698637241258,0.32793100755878324,0.9423391350157085
1785495508.546008110,1789399424.971114,0.099284,3.3731472356981906,-4.1111787638813455,0.2564433481850439,-0.06497670749148914,-0.013481247261412494,0.32790581095674226,0.9423768156086029
1785495508.646019936,1789399425.040290,0.100012,3.3765302099989105,-4.106522332687507,0.255726866088962,-0.06548588612823189,-0.01279311579278818,0.32791206239153065,0.9423489875011342
1785495508.746041059,1789399425.139185,0.100021,3.373229292741132,-4.104300381424013,0.2585193926107572,-0.06581862825377176,-0.01297811510040655,0.32790679686517804,0.9423251080560352
1785495508.846118927,1789399425.240356,0.100078,3.380264603022083,-4.11045138028473,0.2567434319146284,-0.06499654694905048,-0.012679743907619816,0.32792638001806046,0.942379415239613
1785495508.946329117,1789399425.349322,0.100210,3.375471659861468,-4.120535501889303,0.2576570850149173,-0.06453003573958868,-0.013418611310734104,0.3279258996177396,0.9424014111395432
1785495509.046408892,1789399425.437385,0.100080,3.373045669916782,-4.090582875612725,0.2598635131012555,-0.06841843948333966,-0.011190671068765954,0.32825209492225643,0.9420425936223966
1785495509.145608902,1789399425.580867,0.099200,3.3728108129151413,-4.090740975209805,0.26050935221908966,-0.06829057567305961,-0.01120157535194797,0.32824586089797736,0.9420539139492968
1785495509.245861053,1789399425.664036,0.100252,3.3472700443516006,-4.108823802419788,0.2637832603832572,-0.06760711857992165,-0.013625424755618802,0.3282738237703339,0.942061527685278
1785495509.346220970,1789399425.747168,0.100360,3.3662463551778137,-4.09693461400273,0.25954983222585964,-0.06821742990974486,-0.0106692382655101,0.32834016520840187,0.9420325289087574
1785495509.445620060,1789399425.870266,0.099399,3.370105747706346,-4.097390458474391,0.25960574047398494,-0.06809872416495658,-0.010581648307504134,0.3283551255586552,0.942036891000309
1785495509.546011925,1789399425.955666,0.100392,3.3720012453540344,-4.085348956323007,0.2588619694577053,-0.0690593718068401,-0.010278746825417675,0.3283583950827613,0.9419691687672073
1785495509.645236969,1789399426.047237,0.099225,3.3652023420330153,-4.093564555052245,0.25905010306716103,-0.0681985513035641,-0.011292841946821924,0.32834416886268386,0.9420252311348668
1785495509.745548964,1789399426.159748,0.100312,3.373134846947256,-4.086049147939495,0.2580670993894263,-0.06861034464237308,-0.010260170449335387,0.32835819554024515,0.9420022531458861
1785495509.846002102,1789399426.245679,0.100453,3.380250206039631,-4.081107430144581,0.25933567337338886,-0.06866677308896026,-0.00999851914384618,0.3283513036577654,0.9420033573585033
1785495509.945202112,1789399426.339960,0.099200,3.382048848780578,-4.087750613734576,0.25914607032319786,-0.06774292024529374,-0.010679375569771226,0.32828091732625153,0.942087303286421
1785495510.045433044,1789399426.462344,0.100231,3.380530842821845,-4.08817081658806,0.25933847880068184,-0.06783521957714207,-0.011223958220199446,0.32825138927801795,0.9420846199698889
1785495510.145792961,1789399426.546811,0.100360,3.3757880422326907,-4.097801313920532,0.26073401125696355,-0.06720565962813911,-0.012048792044585036,0.3282270070871219,0.9421280474239211
1785495510.244911909,1789399426.644730,0.099119,3.379039310113847,-4.09632561066403,0.26176835026345063,-0.06751593154003799,-0.011583675218418597,0.3282045260528805,0.9421195287940304
1785495510.344995022,1789399426.739315,0.100083,3.375805500442012,-4.0894174871462985,0.2594891249423828,-0.06830702483305408,-0.011797050625397565,0.3282195773775346,0.9420546104027503
1785495510.445111036,1789399426.839663,0.100116,3.3740688855560004,-4.089495236590058,0.2602689287401823,-0.06814240865995538,-0.011889741063583526,0.3282306730828908,0.9420615008835569
1785495510.545259953,1789399426.940358,0.100149,3.372723105392114,-4.092368588142974,0.2619420094929547,-0.06788807534741781,-0.011990798629046777,0.3282407222100696,0.9420750810083236
1785495510.645535946,1789399427.032739,0.100276,3.3684546381185014,-4.084802499323609,0.25914283652469555,-0.06678471217233434,-0.01317569039836229,0.3281446607895455,0.9421715793834292
1785495510.745632887,1789399427.164068,0.100097,3.3687091218721736,-4.0868575914705305,0.25886602724592656,-0.06660618916282929,-0.013268374125369098,0.3281332118819794,0.942186903471523
1785495510.845674038,1789399427.251615,0.100041,3.3534205137376407,-4.079606062678113,0.2606328629617217,-0.0677276719495878,-0.014205998163653961,0.32815288895701716,0.9420864257262139
1785495510.945910931,1789399427.377388,0.100237,3.34879468448554,-4.073060720262293,0.26215996293370236,-0.0679874707369378,-0.013952431336351155,0.32822319707157266,0.9420470085864507
1785495511.046080112,1789399427.452496,0.100169,3.3614241945122947,-4.075042854118174,0.25991895328796427,-0.06691535480799182,-0.012636535004595075,0.32824928100663847,0.9421332510810717
1785495511.146358013,1789399427.569682,0.100278,3.3677179230427914,-4.07576807358006,0.26005300373027324,-0.06658572869972769,-0.0123168268710645,0.3282632541283221,0.942155970367118
1785495511.245685101,1789399427.668669,0.099327,3.3638999075617084,-4.079628514413987,0.2578754100529832,-0.06636397570058174,-0.013012474733737662,0.3282428859709878,0.9421693616542198
1785495511.345772982,1789399427.778114,0.100088,3.367747899908478,-4.095163949010506,0.2581421901634676,-0.06510549400558276,-0.01301641433948401,0.32816497434673075,0.9422842443870151
1785495511.446065903,1789399427.870509,0.100293,3.3712590665331437,-4.087712340010039,0.25763078376666815,-0.06624994450383744,-0.012478095093726176,0.3281438146965712,0.9422191246586004
1785495511.545387983,1789399427.941406,0.099322,3.362597630380269,-4.093344276310897,0.2567546078246553,-0.06615157959365214,-0.013553002877110304,0.32810799604575747,0.9422236611129449
1785495511.645665884,1789399428.099317,0.100278,3.37112354277577,-4.08304735865996,0.2555156727331571,-0.06696678202824731,-0.012282780185325902,0.3281406396980913,0.9421721201533158
1785495511.745943069,1789399428.189836,0.100277,3.370140045184823,-4.08925077296147,0.25422015777621126,-0.06639502866827154,-0.012799262247449492,0.3281384786911773,0.9422064624360559
1785495511.845134020,1789399428.263650,0.099191,3.375210114201327,-4.100185188968966,0.2550472762291469,-0.06561544752688506,-0.012707205604986905,0.32811681461573783,0.9422698636473243
1785495511.945416927,1789399428.339158,0.100283,3.3759416244894673,-4.0951432326437756,0.2556101712459192,-0.06655137393014633,-0.012578737726841954,0.3281086888048008,0.9422087763951098
1785495512.045608997,1789399428.439328,0.100192,3.3680257546738286,-4.085382771860647,0.2563313525317537,-0.06769351335937092,-0.01306984688773467,0.32806201516397254,0.9421369760060985
1785495512.145756960,1789399428.539345,0.100148,3.3627060422196844,-4.090429033322861,0.2583362706334231,-0.06717018279326349,-0.013581169107440243,0.32808505313075326,0.9421591777939394
1785495512.245975971,1789399428.634096,0.100219,3.3578806380611113,-4.10067624300723,0.25406058046550384,-0.06814533682669784,-0.01386282487411845,0.32809513878695346,0.9420815331273729
1785495512.345247984,1789399428.775197,0.099272,3.363490890246122,-4.08826362057836,0.25345793237853226,-0.06891172398450963,-0.013190418261860112,0.3280809211142298,0.9420403899856761
1785495512.445555925,1789399428.854730,0.100308,3.3545548628287154,-4.098201453286385,0.25338942241915074,-0.06795030827601163,-0.014544365434618933,0.32806627388875653,0.9420953969614823
1785495512.545857906,1789399428.965566,0.100302,3.3569282343511846,-4.0982231050060705,0.2523157982451961,-0.06782936646192315,-0.014081034798509301,0.3280596218674173,0.9421134676908884
1785495512.645134926,1789399429.056256,0.099277,3.366779773756386,-4.1180976064290435,0.2518573781030814,-0.06602470515554018,-0.013780239540856611,0.32803395742912705,0.9422550430115365
1785495512.745363951,1789399429.160431,0.100229,3.3586456437106813,-4.106119931917695,0.25137762394674773,-0.06800534644753661,-0.014190342346781591,0.3280514360628153,0.9421019914721136
1785495512.845575094,1789399429.244388,0.100211,3.3715969637197265,-4.084981812227626,0.25332309457467883,-0.0691840200005834,-0.012452148380132921,0.32811222589396194,0.942019576546132
1785495512.945595026,1789399429.340245,0.100020,3.3625317639905807,-4.092781857412746,0.25041252612308557,-0.06818209926796673,-0.014078463221576952,0.32807894873044463,0.942081313694643
1785495513.045676947,1789399429.471550,0.100082,3.3538362526928496,-4.102528896696297,0.2511072113433004,-0.06752487195394678,-0.015009415656117093,0.3280675036914135,0.9421182633464419
1785495513.145844936,1789399429.559720,0.100168,3.3539859740102442,-4.0955693738433645,0.2501456098468493,-0.06816971296848447,-0.01435558650071271,0.32809121706234495,0.9420737554228599
1785495513.244992971,1789399429.646175,0.099148,3.351788412626037,-4.092825965127251,0.2518466134554254,-0.06830232597961242,-0.014344646002658631,0.32810894917754824,0.9420581409161561
1785495513.345056057,1789399429.738486,0.100063,3.3611813480076433,-4.121341293773184,0.25358745452101317,-0.06562095670917246,-0.014265021710358688,0.3280826487175346,0.9422590805116334
1785495513.445218086,1789399429.839784,0.100162,3.35036471443305,-4.118503187824577,0.25466732817942933,-0.06712705761550791,-0.01491759079373795,0.32812844377842104,0.9421269277567182
1785495513.545351028,1789399429.938361,0.100133,3.3591579664165025,-4.111293112077031,0.2529866137628438,-0.06772814073390906,-0.013639818725294342,0.32821189890287045,0.9420742028717308
1785495513.644817114,1789399430.035226,0.099466,3.377705603892033,-4.094265626162118,0.25439854510136906,-0.06875215946474596,-0.01136148988923659,0.3282667700927835,0.9420111383467015
1785495513.745017052,1789399430.149616,0.100200,3.3712340654751523,-4.098982185578536,0.2549139220537445,-0.06807914840365227,-0.012533453782386425,0.32819754254300504,0.94206927301426
1785495513.845057964,1789399430.256614,0.100041,3.3719235857064676,-4.107990929500025,0.25804341879719556,-0.06723738714867167,-0.012770592065828227,0.3281556398223609,0.9421411368794225
1785495513.945000887,1789399430.366293,0.099943,3.369962376877561,-4.1049731347563565,0.2564923048129298,-0.06772771052761509,-0.012801422604717838,0.328183796455594,0.9420957894768144
1785495514.045028925,1789399430.460287,0.100028,3.3693950986234666,-4.1067488448411416,0.2565584678233502,-0.06758823459039137,-0.012852385300042067,0.3282025128070619,0.9420985921463579
1785495514.145226002,1789399430.549949,0.100197,3.3626723939021934,-4.096194659989182,0.2561363942167726,-0.06864758695118514,-0.013044754545620369,0.32819401193193515,0.9420223106257147
1785495514.245481968,1789399430.676246,0.100256,3.3635411604819447,-4.0930045260214865,0.2552658884437823,-0.0684301985218975,-0.01278891960280116,0.32821912104051554,0.9420328869254003
1785495514.344831944,1789399430.750643,0.099350,3.3657182854920205,-4.092533921387245,0.25637274213704625,-0.06809355731945474,-0.012560007917264512,0.3282331183456977,0.9420554833308522
1785495514.445235014,1789399430.847428,0.100403,3.3599273564050542,-4.089031302833253,0.25654021253321263,-0.06837115186261926,-0.01295029441226843,0.3282237635485997,0.9420333521216607
1785495514.544337034,1789399430.989137,0.099102,3.3600649021158135,-4.085974957681394,0.2537876056337741,-0.06825881110027535,-0.012802890320813118,0.32827146662128015,0.9420268918183227
1785495514.644792080,1789399431.079467,0.100455,3.3665764395092794,-4.065807737344891,0.25176465274642995,-0.06933411587134743,-0.011681290843145422,0.3282736981805193,0.9419621578935257
1785495514.744888067,1789399431.165106,0.100096,3.3655822860044804,-4.090685539487935,0.25334337929557643,-0.06653385748991472,-0.012902609033512116,0.3282672914821695,0.9421503881178239
1785495514.844961882,1789399431.250675,0.100074,3.3607560599027013,-4.091802277157436,0.2545817616541398,-0.06700575220615038,-0.013267013042654313,0.32826669745127285,0.942112090401463
1785495514.945053101,1789399431.349543,0.100091,3.357793969396042,-4.09947517919227,0.2554115032649459,-0.06662956101196685,-0.013521153984517973,0.3282580318326345,0.9421381769844647
1785495515.044351101,1789399431.445187,0.099298,3.3587712225241986,-4.10556005061478,0.255934973915075,-0.06648105964436136,-0.013334351898997426,0.32831471614472885,0.942131578353453
1785495515.144577026,1789399431.542187,0.100226,3.3596944055415077,-4.104810652534054,0.25686059367771136,-0.06695407317936175,-0.012983329728740245,0.32830268990653316,0.9421071749190472
1785495515.244687080,1789399431.640477,0.100110,3.3854910743228603,-4.072701503094645,0.2478076769349548,-0.06801825514443734,-0.010342176985203597,0.32816673120888495,0.9421110087829108
1785495515.344805002,1789399431.768094,0.100118,3.3899161973633034,-4.0876216007030175,0.247934014914948,-0.06634661466041392,-0.01039545787875408,0.328167559214857,0.9422293320935845
1785495515.444924116,1789399431.862210,0.100119,3.3932092425772318,-4.086639228636592,0.24870596195487246,-0.06679312536301364,-0.010091211807461399,0.32814797472706186,0.9422079136427324
1785495515.544919014,1789399431.958186,0.099995,3.3912483298480782,-4.085287370029754,0.24887959776353927,-0.06722683104863393,-0.010328952576716635,0.3281466929228314,0.9421749380288147
1785495515.644021988,1789399432.062728,0.099103,3.388444969519604,-4.088744072709299,0.24968237296859702,-0.06709042538281389,-0.010665204836155344,0.32815252903491937,0.9421788821214938
1785495515.744318008,1789399432.156876,0.100296,3.379399962450337,-4.069488534502013,0.2473874908595996,-0.06897201203565483,-0.010710909137373287,0.3282143905244461,0.9420209402310736
1785495515.844588041,1789399432.242959,0.100270,3.387823476908724,-4.077555916717096,0.24837054385761467,-0.06743855718496136,-0.010117425119512375,0.3282212329447862,0.9421361371680483
1785495515.944588900,1789399432.339028,0.100001,3.404364265637376,-4.075972643736481,0.24779612278959004,-0.06710443256309791,-0.008897469882979393,0.32817510224434143,0.942188374173099
1785495516.043812037,1789399432.455007,0.099223,3.393310625350132,-4.079447159299021,0.24773715146060313,-0.06725261648402454,-0.010521094497333076,0.328100456854259,0.9421870739713122
1785495516.144254923,1789399432.549472,0.100443,3.4031646877669584,-4.078160768345667,0.24747989892757988,-0.0671402287377319,-0.009653813420889303,0.3281075806098461,0.9422018940321647
1785495516.244421959,1789399432.637399,0.100167,3.3985039535963213,-4.084250078802104,0.24871476139383447,-0.0668701929071437,-0.010548783710622053,0.3280720113829298,0.9422238883672565
1785495516.344643116,1789399432.739183,0.100221,3.395501282621266,-4.085646584457779,0.24788996406361108,-0.06707325038804547,-0.010775468350593311,0.32808590171269797,0.9422020534161126
1785495516.443768024,1789399432.836713,0.099125,3.4154589181588064,-4.095735340016132,0.2496681224809678,-0.06579867330650707,-0.00935986421850996,0.3280551039129567,0.9423177682340174
1785495516.544085026,1789399432.935857,0.100317,3.404335871029464,-4.093215961656164,0.24823862345052497,-0.06695906312084207,-0.010718002447212159,0.32795955431725393,0.9422548163960289
1785495516.644361973,1789399433.033960,0.100277,3.372398597909182,-4.085234436477366,0.2520334725948932,-0.06788799345820484,-0.011906033101979085,0.32817520394760885,0.9420989874922399
1785495516.743752956,1789399433.172775,0.099391,3.3632348257432323,-4.0949188436837165,0.25343523641459326,-0.06696422080085812,-0.012890778461808656,0.328150423831972,0.9421607720034009
1785495516.844223976,1789399433.252533,0.100471,3.3667816674740725,-4.089869337050316,0.2541632539942692,-0.06726810694139118,-0.01199509930260092,0.32819425337411945,0.9421356863177466
1785495516.944396973,1789399433.348940,0.100173,3.3727439272886808,-4.086027154645327,0.25472206411624154,-0.06734509191253514,-0.011383799178102358,0.32823066753874186,0.9421250854311234
1785495517.044775009,1789399433.458118,0.100378,3.3797743096634103,-4.073948538837324,0.2523028600465956,-0.06784581115585855,-0.010727707703426225,0.32817640198061215,0.9421157632579226
1785495517.144017935,1789399433.560160,0.099243,3.3738535794223723,-4.080218605419898,0.2521799738591832,-0.06704713208684168,-0.011847441978810998,0.3281160994139541,0.9421805270237893
1785495517.244299889,1789399433.659989,0.100282,3.372406447568966,-4.083039641963041,0.25253301663195576,-0.06676514078321534,-0.012039159103887764,0.3281170099430779,0.9421978042907166
1785495517.344644070,1789399433.760098,0.100344,3.376794044518748,-4.081046057589428,0.2533024717915184,-0.06677063855973435,-0.011539819717647507,0.3281114740439891,0.942205590615899
1785495517.444957972,1789399433.848641,0.100314,3.3771019816880687,-4.08547813887531,0.2541686760406086,-0.06633914309351516,-0.011785685571378669,0.3280903027991241,0.9422403986872855
1785495517.545160055,1789399433.935683,0.100202,3.365524878551948,-4.086577358357135,0.2538084846394804,-0.06674438124670402,-0.012749777492878148,0.3280768632137884,0.9422039071080329
1785495517.644429922,1789399434.070731,0.099270,3.364502094994961,-4.084529586306666,0.2525275887132401,-0.06690648038569344,-0.012351308724551558,0.32810497240286735,0.9421879298418486
1785495517.744815111,1789399434.158036,0.100385,3.390576481525184,-4.089673452424513,0.25156662988345724,-0.0656555874419188,-0.01019437355221771,0.32813013266904767,0.9422929664494437
1785495517.845021009,1789399434.262755,0.100206,3.3748062442134694,-4.087844678944706,0.24993861678019216,-0.0667049897595759,-0.01218249767657003,0.3280617446797343,0.9422194663501645
1785495517.945080042,1789399434.349713,0.100059,3.37678124813751,-4.083408534895821,0.25064999183481756,-0.06703843666099533,-0.011716687926559789,0.3281091019153959,0.9421852177116337
1785495518.045099020,1789399434.442095,0.100019,3.3712730268841637,-4.09293016616439,0.2514146082785264,-0.06628327517856734,-0.012465048645500798,0.32809285273170136,0.9422347000510046
1785495518.145203114,1789399434.540250,0.100104,3.370297989045196,-4.097449580218564,0.25332105901457624,-0.06619412249060737,-0.012352329286454947,0.328114760943112,0.9422348230457771
1785495518.244393110,1789399434.638090,0.099190,3.369503951268763,-4.084585164984004,0.2516016973250592,-0.0675067386628928,-0.011808512893792103,0.3281390543474971,0.9421402020242169
1785495518.344636917,1789399434.732069,0.100244,3.3699445827065535,-4.092018160493737,0.2527119810400791,-0.06667772279998109,-0.01349136010407977,0.3280418045264807,0.9422105067169043
1785495518.444813967,1789399434.865221,0.100177,3.3738795363554392,-4.095353915733971,0.25421330391260283,-0.06635106381340716,-0.01306224534159275,0.32803891644133926,0.9422406186200113
1785495518.544967890,1789399434.955194,0.100154,3.3721072863407198,-4.093644352897076,0.2544951625788309,-0.06668518775192159,-0.013125404110710242,0.3280589713274966,0.9422091704249808
1785495518.644928932,1789399435.052478,0.099961,3.3731734412752563,-4.0895606556402715,0.2529217447840466,-0.06688973399680874,-0.012835363448435751,0.32804806744391485,0.942202463580551
1785495518.744162083,1789399435.185975,0.099233,3.3739221088513514,-4.078661715889987,0.2526391754540137,-0.06759725468866729,-0.012483586876005589,0.3280524807887603,0.9421551576388938
1785495518.844391108,1789399435.244201,0.100229,3.3857127213723706,-4.079576300485141,0.25179948336620095,-0.06675714339400059,-0.011707580883685849,0.32806654582531014,0.9422201217687609
1785495518.944637060,1789399435.345680,0.100246,3.378774382745513,-4.084599001781666,0.2513843789045468,-0.06641580911927035,-0.012886671732595764,0.32803126173113484,0.9422411396865098
1785495519.044749975,1789399435.467468,0.100113,3.386748697361665,-4.068417260289615,0.24969624969440038,-0.06746969661708878,-0.011829089151326315,0.3280723116552889,0.9421658405044024
1785495519.145024061,1789399435.557007,0.100274,3.3778745021134404,-4.08321666057154,0.2517251714382786,-0.06605729190993562,-0.013417337210826349,0.32802864725848146,0.9422598451729923
1785495519.244415045,1789399435.647504,0.099391,3.3728284184729587,-4.090812569025611,0.2541544598507272,-0.06580387797920896,-0.01380319147487384,0.32801047766101665,0.9422783283576893
1785495519.344681978,1789399435.738746,0.100267,3.365977636608239,-4.081597734007852,0.25534168496140713,-0.06695998458072085,-0.013777540365234578,0.3280375714503349,0.9421878218080323
1785495519.444792986,1789399435.840445,0.100111,3.3689235878800994,-4.081611386126743,0.25393760504124424,-0.06652939150775282,-0.013243199619819988,0.32807621478839805,0.9422125317673921
1785495519.544917107,1789399435.937871,0.100124,3.3798055744248816,-4.074420747614647,0.2535662334733019,-0.06673088159041385,-0.012093502001418966,0.32808634496312844,0.9422102137528584
1785495519.644119978,1789399436.038013,0.099203,3.375891173076405,-4.08763436865114,0.25429883902806705,-0.06563220868671504,-0.01311276569813178,0.32806405784951,0.942281509160573
1785495519.744319916,1789399436.133235,0.100200,3.3674365595958005,-4.097037958601467,0.25760190124013543,-0.06555280715972266,-0.013721922625951637,0.32799015034720075,0.9423040908263701
1785495519.844630003,1789399436.253098,0.100310,3.3684159128044135,-4.097767784151229,0.25564249385206667,-0.0658078006410674,-0.013390701623867568,0.32801136744419995,0.9422836968302889
1785495519.944696903,1789399436.374001,0.100067,3.3717215539741834,-4.101492186808489,0.25592988157015994,-0.06571482148716377,-0.013094230927235813,0.32802360257591906,0.9422900930745338
1785495520.044087887,1789399436.464563,0.099391,3.3769163663621127,-4.096732660270444,0.2556279202264537,-0.066335041410126,-0.012582236534226389,0.32801193759491276,0.9422576709160336
1785495520.144352913,1789399436.584803,0.100265,3.3703446571729017,-4.090429207816995,0.2556458667562963,-0.06712414464039362,-0.013118649286775834,0.3279721514176898,0.9422083199280304
1785495520.244415998,1789399436.658054,0.100063,3.3695826540949527,-4.091139913003543,0.2559906359198054,-0.06692898257897555,-0.013188176739250466,0.3279759159227016,0.9422199222367706
1785495520.343822956,1789399436.770175,0.099407,3.370297525582,-4.088239144977194,0.2546783145301653,-0.06704036749067865,-0.01299438696054069,0.3279678434086735,0.9422175060590108
1785495520.444072962,1789399436.850399,0.100250,3.372256070859887,-4.085116836640016,0.25460199724513494,-0.06707782619907264,-0.012808830407803418,0.3279465732736644,0.9422247843131786
1785495520.544359922,1789399436.959319,0.100287,3.3719391826644047,-4.078973363636035,0.2537311461281923,-0.06743951509225343,-0.012863268049452798,0.3279266512909567,0.9422051578675806
1785495520.644486904,1789399437.060128,0.100127,3.3667412909610293,-4.083326598781557,0.25405753884159765,-0.06691331365160266,-0.013504682650137186,0.32793259343305825,0.9422316308461065
1785495520.743599892,1789399437.146427,0.099113,3.3601045747678477,-4.087442451359405,0.2564595511373792,-0.06670502293204794,-0.014000386061489083,0.3279436245849727,0.9422353252769704
1785495520.843988895,1789399437.238527,0.100389,3.3604749660003286,-4.101913042061385,0.2569261064614871,-0.0655398289801539,-0.014018578967241435,0.32796017060672716,0.9423110615696717
1785495520.944109917,1789399437.340288,0.100121,3.3618026501354406,-4.104576420665347,0.25639879774623847,-0.06581788573593546,-0.013596757641186254,0.32798226513008694,0.9422901717936992
1785495521.044321060,1789399437.436813,0.100211,3.377218532412002,-4.111149225187931,0.2584813403112397,-0.06525336362776349,-0.012381990557097282,0.327996770157052,0.9423411291096302
1785495521.143558025,1789399437.537570,0.099237,3.3749887494871618,-4.0987534319864904,0.25668462530398534,-0.06689257681312047,-0.012569038760116056,0.32799124678479663,0.9422256335212208
1785495521.243730068,1789399437.640244,0.100172,3.3870276424879475,-4.105956804352431,0.25516599777039156,-0.06690723110255176,-0.012157080971354478,0.3279261683274902,0.9422526497359714
1785495521.344048977,1789399437.784988,0.100319,3.3847374552414613,-4.104639499199644,0.25503974562803633,-0.06700821851884617,-0.012484557059405994,0.32791509866196916,0.9422450437945722
1785495521.443263054,1789399437.864697,0.099214,3.3810444068158887,-4.090531686865908,0.25277554981781747,-0.06808918031851144,-0.012368900386836803,0.32795980108955286,0.9421535133384781
1785495521.543438911,1789399437.959893,0.100176,3.3816776384572056,-4.099110415944598,0.2515884299049576,-0.06680023842227568,-0.012687922083104826,0.32796877328025364,0.9422384138491431
1785495521.643712044,1789399438.049998,0.100273,3.3823252690393306,-4.111725101414448,0.2532540673563292,-0.0657526755322995,-0.012894358499767241,0.32797811007164823,0.9423060439650256
1785495521.744071960,1789399438.156988,0.100360,3.370250691788743,-4.10166205651087,0.2522662560074057,-0.06725083014760382,-0.013406804642983586,0.32800957222584975,0.9421822031655561
1785495521.844289064,1789399438.248943,0.100217,3.373771709179964,-4.0990372887916395,0.2517937208041101,-0.06701719375988527,-0.012666927085308947,0.3280840266807324,0.9421831648547352
1785495521.943259954,1789399438.339258,0.098971,3.3796477579451447,-4.106636788135992,0.2534363429159795,-0.06613925484775782,-0.012400910849380605,0.3281317054390679,0.9422321371423823
1785495522.043515921,1789399438.450154,0.100256,3.382288539725502,-4.0945180537481,0.25406695053242206,-0.06726691664866735,-0.011971260540535964,0.3280907452996989,0.942172125301053
1785495522.143769026,1789399438.544136,0.100253,3.379564238655133,-4.098285087151213,0.25367486629924074,-0.06670359030477946,-0.012547844266692323,0.32806115774487354,0.9422149751642496
1785495522.244071960,1789399438.637803,0.100303,3.382807949081671,-4.102817810491614,0.25298270131647566,-0.06620163549705671,-0.01242787529057335,0.32801395476894885,0.9422683995816022
1785495522.344444036,1789399438.739055,0.100372,3.3780125039467404,-4.110418713064508,0.25342292545113476,-0.06589490363679715,-0.013069779038024434,0.32803084915251646,0.9422753337293918
1785495522.444097042,1789399438.838616,0.099653,3.3749851336476047,-4.105754096041261,0.254757969545197,-0.0666414104279089,-0.012920893337587235,0.3280296527687905,0.9422253020567255
1785495522.544342995,1789399438.937808,0.100246,3.376815398528516,-4.105643882654031,0.2522231824222482,-0.06648392536498049,-0.012654541605182871,0.32803234367315803,0.9422391054021717
1785495522.643683910,1789399439.037815,0.099341,3.3796454515272774,-4.10204681492977,0.2530414261363883,-0.0666750235975481,-0.012281493913243421,0.32802326696951156,0.9422336984326856
1785495522.743927002,1789399439.146088,0.100243,3.3865160349315135,-4.088540420998377,0.2552195994671327,-0.06636052572860987,-0.010994212153407307,0.3281319868616331,0.942233945006413
1785495522.843981981,1789399439.261708,0.100055,3.3942124232432613,-4.081011504538348,0.25440970616095027,-0.06676789095255703,-0.010420903372295825,0.32807369633045813,0.9422319795499864
1785495522.944346905,1789399439.346849,0.100365,3.3840106777062577,-4.082156618944704,0.25454387632545855,-0.06678051697334612,-0.011724333315310078,0.3279951585092352,0.9422431101130687
1785495523.043668985,1789399439.478411,0.099322,3.377752382601287,-4.0831841346975315,0.25390079823346556,-0.0667595202722057,-0.01220685339753082,0.3279958265472816,0.9422382378945807
1785495523.144290924,1789399439.566693,0.100622,3.3766075712161157,-4.085015028034381,0.25509304712192926,-0.0665502465822316,-0.01207402048046701,0.32802049989126497,0.942246164417945
1785495523.244436979,1789399439.643627,0.100146,3.3839131865314798,-4.065799896658813,0.25414347062509984,-0.06782864596815207,-0.01084240294938104,0.3280311459171812,0.9421662721582821
1785495523.344692945,1789399439.778287,0.100256,3.388373345929764,-4.069341985318736,0.2535254268811635,-0.06676116862613068,-0.010963688693001685,0.32806751683165136,0.9422284480388996
1785495523.443953037,1789399439.865662,0.099260,3.385961291023163,-4.0710688444137,0.2539654253562365,-0.06646961503040953,-0.011503487521609871,0.32805251112654094,0.9422478495576856
1785495523.544178963,1789399439.938500,0.100226,3.366577915782838,-4.0708333011876885,0.2552844378876517,-0.06699950417566171,-0.013076386890971464,0.3280344873631468,0.9421960781315392
1785495523.644186974,1789399440.051802,0.100008,3.3704830877769343,-4.077015912770104,0.25485040085916455,-0.06602601528927524,-0.012374258993056664,0.328062784054784,0.9422644282459038
1785495523.744321108,1789399440.146604,0.100134,3.3686781312431298,-4.081042677134334,0.2543242522146943,-0.06582009240945433,-0.012334095358815649,0.3281117801599401,0.9422623017223646
1785495523.844635010,1789399440.246986,0.100314,3.3745952992579595,-4.077452460823324,0.2537991830654798,-0.06613601309258405,-0.011481787767873562,0.3281721801094598,0.9422299170181544
1785495523.944710970,1789399440.350256,0.100076,3.376757599359431,-4.084345395512942,0.25443825308441104,-0.06555011232643093,-0.011538175469414134,0.3281556677750916,0.9422759208362887
1785495524.043858051,1789399440.443337,0.099147,3.37768772317154,-4.092333554073899,0.2536566473088446,-0.06520594793164762,-0.01169428666324779,0.3281625324363832,0.9422954846112103
1785495524.143997908,1789399440.541728,0.100140,3.3792477076781466,-4.099032694409722,0.2550206859482435,-0.06516224336411561,-0.011718809392751344,0.3282117033770461,0.9422810776580802
1785495524.244055986,1789399440.643529,0.100058,3.3472521471218726,-4.124100748070751,0.25714348347276494,-0.06467100584550613,-0.014197597674593642,0.32825407649070015,0.9422660720255192
1785495524.344192028,1789399440.786259,0.100136,3.3571712643123983,-4.115455707501781,0.2564087854223209,-0.06571301022708007,-0.012260840305729423,0.32831742830562655,0.942199096981437
1785495524.444226027,1789399440.859940,0.100034,3.363090695643958,-4.107065471161271,0.25697915325764265,-0.06651834232052546,-0.011553204720488411,0.32830312318004956,0.9421565118948144
1785495524.544424057,1789399440.958565,0.100198,3.3677302750111497,-4.102578532385768,0.2566172899595501,-0.0667389073685533,-0.011254568745230856,0.32828150117039984,0.9421520625222246
1785495524.643392086,1789399441.045568,0.098968,3.3707700606496283,-4.098836583411648,0.2559849845134055,-0.0668594763748765,-0.011237426481810774,0.3282422151940737,0.942157406609635
1785495524.743753910,1789399441.185552,0.100362,3.3615177273424885,-4.0942048588553455,0.25569679369988496,-0.06736163750031604,-0.012243498666971239,0.3282425407516111,0.9421089857201008
1785495524.843930960,1789399441.245488,0.100177,3.3655961293536327,-4.091043204658966,0.2566335189553641,-0.06711414387594798,-0.011806356673946248,0.3282547411092779,0.9421279778104085
1785495524.944238901,1789399441.350458,0.100308,3.3647213334917594,-4.095544006572339,0.2568051548067285,-0.06645616579841039,-0.012219705228258182,0.32823922616011736,0.9421747540882628
1785495525.044450045,1789399441.460921,0.100211,3.361152615744485,-4.09375460716224,0.2563796063027777,-0.06669181537453919,-0.012543775845161434,0.3282506902917319,0.9421498499562364
1785495525.143560886,1789399441.561527,0.099111,3.3663012998537765,-4.08208946340693,0.2546940662971115,-0.06730266666963798,-0.0117392932203027,0.32825591488947886,0.9421149581626846
1785495525.243711948,1789399441.643250,0.100151,3.376742082387307,-4.081950405390023,0.2546157046312158,-0.06652140945701317,-0.011159114999605098,0.32824384322113953,0.9421816998985155
1785495525.343746901,1789399441.738581,0.100035,3.3781215924102534,-4.0832986220016325,0.25525602603199693,-0.0661921935458839,-0.011636197736824332,0.32817440279407173,0.9422233035573524
1785495525.443830013,1789399441.836874,0.100083,3.376886493627185,-4.085053259570186,0.25428114630771853,-0.06604688489173345,-0.012141851968453599,0.3281374027771167,0.9422400062221541
1785495525.544106960,1789399441.937714,0.100277,3.3708406814579788,-4.092241799268225,0.2551286155187834,-0.06571025689932569,-0.012994785753452016,0.3281193890625956,0.9422584381169521
1785495525.643062115,1789399442.038039,0.098955,3.3747243999165204,-4.092565406857594,0.25486529596849394,-0.06568772225746096,-0.012440145021542923,0.32808359884680816,0.9422799573927904
1785495525.743279934,1789399442.134664,0.100218,3.367970062113075,-4.081095855749643,0.2513596063269212,-0.06790784771248487,-0.012693663217214981,0.3280979598291917,0.9421141777348805
1785495525.843272924,1789399442.258727,0.099993,3.369786787256553,-4.074670253798325,0.2510581469107101,-0.06841501023994237,-0.012163839471438936,0.32812661224853384,0.9420744947813012
1785495525.943603039,1789399442.354882,0.100330,3.377257820599909,-4.07213301272904,0.24922166107967716,-0.06822031472504395,-0.011531705657839572,0.3281203588294878,0.942098741398696
1785495526.043834925,1789399442.461332,0.100232,3.3736021059961554,-4.070869781699715,0.2494364179373554,-0.06836165247105892,-0.01210375412520251,0.32813124567536395,0.9420775282422348
1785495526.144068956,1789399442.547205,0.100234,3.372354105458167,-4.073982116613414,0.25050444472703204,-0.06799413257343906,-0.012284797717818955,0.32809683962891734,0.9421137646304169
1785495526.243256092,1789399442.650163,0.099187,3.371274693143316,-4.079940560216637,0.24828041330698492,-0.06757924353463714,-0.012506925203402991,0.3280513865307408,0.9421565212110263
1785495526.343383074,1789399442.781445,0.100127,3.3713745475303116,-4.072225769833907,0.24770336313983893,-0.06934580690772127,-0.012407763924304663,0.3282159749414283,0.941972122863477
1785495526.443795919,1789399442.874499,0.100413,3.354784165695283,-4.050609780841549,0.2450205494132683,-0.07315252229769315,-0.013195027868674379,0.3280062751982775,0.9417465068432928
1785495526.543019056,1789399442.938707,0.099223,3.359808995097982,-4.0732593579657195,0.24867582479947087,-0.07239834254936527,-0.013299755874714929,0.3276187715695282,0.941938181095242
1785495526.643162966,1789399443.054987,0.100144,3.355250240370924,-4.080497964553331,0.24973078557511902,-0.07419956794143363,-0.014273302774324441,0.3269506032217769,0.9420159234312842
1785495526.743489981,1789399443.143770,0.100327,3.3607977712522006,-4.099765122785342,0.2503267329123881,-0.06891025099214845,-0.01153558969075078,0.3244904718115905,0.9433049566190882
1785495526.843552113,1789399443.244623,0.100062,3.3446624739762374,-4.103914812219577,0.24637832144659808,-0.06907422080068297,-0.013921247717709603,0.3260843556821568,0.9427109545677698
1785495526.943670034,1789399443.338390,0.100118,3.3452544879242834,-4.10232626176597,0.2494770326910358,-0.06764728419426352,-0.01244161681316205,0.32699594672592447,0.9425193376992291
1785495527.043925047,1789399443.438861,0.100255,3.3417708838750295,-4.099910849363792,0.2506345526387306,-0.06802111260160015,-0.012427007185482593,0.32726016220038734,0.9424009146692244
1785495527.144100904,1789399443.538756,0.100176,3.3411123412543913,-4.078188311235906,0.24989519883350783,-0.06980783732682867,-0.011467775646147888,0.32742363474946545,0.9422256202082872
1785495527.243151903,1789399443.637739,0.099051,3.3312744058730117,-4.078390739021654,0.24759694553202202,-0.06933471311233347,-0.012246281872342848,0.3274290925324854,0.9422488607057313
1785495527.343538046,1789399443.740112,0.100386,3.330204448791047,-4.0800783743863684,0.24638286706640475,-0.06717637788611716,-0.012375558387114106,0.32751238873342525,0.9423745619629151
1785495527.443715096,1789399443.884033,0.100177,3.33577064560537,-4.073788091604706,0.24774972204067336,-0.06735593373004085,-0.011865013175100326,0.32755429329115093,0.9423537470611583
1785495527.543936968,1789399443.967683,0.100222,3.339665226848313,-4.071038921318889,0.2479519628564062,-0.06714502254724379,-0.011754387918158327,0.3275596382426222,0.9423683269858574
1785495527.644069910,1789399444.045042,0.100133,3.3520022885039307,-4.069887569434485,0.24916409680395454,-0.06667589237883804,-0.011165413666719474,0.32751320631839054,0.9424249352601753
1785495527.744208097,1789399444.160827,0.100138,3.3512487259164883,-4.043652414806192,0.24898434997771263,-0.06874333965265739,-0.011266556046750637,0.32745470797780213,0.9422955121358579
1785495527.843396902,1789399444.252064,0.099189,3.3470071915653614,-4.049788145892184,0.25028938006634666,-0.06744877946924895,-0.012518983089267674,0.32736095880195604,0.9424058254609555
1785495527.943689108,1789399444.383322,0.100292,3.342487348763054,-4.047840390082025,0.2498508741414969,-0.06734189367352303,-0.01297550941638419,0.3273591030109498,0.94240793883948
1785495528.044035912,1789399444.464558,0.100347,3.3422407179642044,-4.076086616297813,0.24981549636823508,-0.06470913547794292,-0.013811555202365301,0.32729523910863656,0.9426026708987045
1785495528.144150019,1789399444.538187,0.100114,3.35340164812965,-4.0879855075855565,0.24923049325544336,-0.06424917868611271,-0.013048310878908719,0.3272755756936134,0.9426518350779057
1785495528.244206905,1789399444.638270,0.100057,3.3471838473990965,-4.0776932032527204,0.2503477025719273,-0.06613592538716297,-0.013299666723699147,0.3272290260187466,0.9425339902459785
1785495528.343290091,1789399444.736846,0.099083,3.3490178025573774,-4.075674377463418,0.25031081076776973,-0.06630107472424912,-0.013135951978362715,0.327300868577018,0.9424997377637423
1785495528.443290949,1789399444.837928,0.100001,3.3486872077457117,-4.088373844026507,0.2503646104715314,-0.06542657329954665,-0.013556364990641346,0.327283887327898,0.9425607914453163
1785495528.543442011,1789399444.937988,0.100151,3.351312708465124,-4.084208605095395,0.2474745143422824,-0.0661558900197167,-0.013098946265554495,0.3272819466904574,0.9425170254127496
1785495528.643716097,1789399445.035525,0.100274,3.357653716826409,-4.084171142300506,0.24861346092130562,-0.06593906477011531,-0.013763182930466907,0.32711161095299146,0.9425818842480292
1785495528.743685007,1789399445.173488,0.099969,3.3460006675129024,-4.0719342275485815,0.24840948652975617,-0.06758983289931983,-0.014370841083933378,0.3271677304130604,0.9424364008205066
1785495528.842823029,1789399445.254150,0.099138,3.342870603241806,-4.08926990691256,0.2502015850656971,-0.06592384322467228,-0.014889271337395222,0.3271520329650521,0.9425518043165189
1785495528.942887068,1789399445.349997,0.100064,3.358338841291889,-4.08755817261223,0.25072638606188513,-0.06607473514309108,-0.01316768294386993,0.3271232295398723,0.942576858509175
1785495529.042993069,1789399445.453180,0.100106,3.348065480451487,-4.08360247002079,0.2505912401314835,-0.06699352549808268,-0.014201882083251757,0.32710214055001213,0.942504304358443
1785495529.143189907,1789399445.564982,0.100197,3.35572939416441,-4.079034645898895,0.25098304589822534,-0.06707548015891472,-0.013275276910583347,0.32714169836724616,0.942498252610451
1785495529.243484974,1789399445.663340,0.100295,3.359226937359565,-4.075267871154313,0.25197312829447305,-0.06719365832145234,-0.01309690573154918,0.3271678588925904,0.942483249426343
1785495529.343656063,1789399445.748914,0.100171,3.3633753766268346,-4.065581444803192,0.2499734598196272,-0.06766149797740813,-0.012764882533707753,0.32714780778304936,0.9424612943394864
1785495529.442902088,1789399445.841526,0.099246,3.365274704925852,-4.069372735872585,0.24766409669647774,-0.06690492910865926,-0.013186733898629881,0.3271357955490176,0.9425136666279831
1785495529.543204069,1789399445.949817,0.100302,3.358324228419787,-4.065658219430001,0.24803973217091724,-0.06730960374225736,-0.013904421339675128,0.32711320195897786,0.9424823804270165
1785495529.643260956,1789399446.043818,0.100057,3.351063669193099,-4.08505691364285,0.2497411940250653,-0.06569142002635979,-0.014975392064532297,0.3270580229105405,0.942599291649025
1785495529.743335962,1789399446.141865,0.100075,3.346571403495392,-4.070883325762897,0.24836993503921573,-0.0673438326976938,-0.014464972111410413,0.32711069594969927,0.9424723684939872
1785495529.843441010,1789399446.236995,0.100105,3.34248798096313,-4.07665636438834,0.24896776505734117,-0.06667313571437622,-0.014691238709209072,0.3271406210730043,0.9425061668355978
1785495529.942537069,1789399446.337333,0.099096,3.338501540707508,-4.0762414632733694,0.24818075449138416,-0.0667593350972973,-0.014620528078102773,0.3271712613073379,0.9424905289235596
1785495530.042603016,1789399446.438860,0.100066,3.3463059553952466,-4.079111536595917,0.2481554617359209,-0.0662361460858627,-0.01371261955089405,0.32721920979601216,0.9425244430555525
1785495530.143018007,1789399446.537785,0.100415,3.357921260771322,-4.095443642490282,0.25145040154575693,-0.06475210164332439,-0.013223585038622053,0.3272495559906086,0.942624013186281
1785495530.243356943,1789399446.636775,0.100339,3.365422693787608,-4.08178045347057,0.25117832162932374,-0.0664744295743153,-0.012452322698159934,0.327202633829267,0.9425309152952716
1785495530.342643023,1789399446.734699,0.099286,3.3816323998532507,-4.059617914922244,0.2528179987934605,-0.06964535410392468,-0.009709212238502364,0.3271490261049288,0.9423527845600097
1785495530.442946911,1789399446.849906,0.100304,3.381704005687057,-4.070762603471397,0.2532124585077207,-0.06870597320159857,-0.010005922926778672,0.3271012828497015,0.942435208123532
1785495530.542120934,1789399446.947967,0.099174,3.3869647919461396,-4.057162502229667,0.25261154406431124,-0.0700120699736164,-0.009156568762848991,0.327122147777407,0.9423404733640373
1785495530.642292976,1789399447.065818,0.100172,3.3855519134068004,-4.0631174905866665,0.2535228297712768,-0.06935371841009237,-0.009721347487759826,0.32709306330061416,0.9423935935087298
1785495530.742450953,1789399447.162391,0.100158,3.3831613317946614,-4.064417416840242,0.25363239233221385,-0.06941813051947429,-0.010073872570034028,0.32711328376951926,0.9423781299606367
1785495530.842724085,1789399447.249395,0.100273,3.3837955314699704,-4.072040225412834,0.252427907235924,-0.06882490472990242,-0.010183687509937133,0.32709126269016714,0.9424281038197729
1785495530.942992926,1789399447.337869,0.100269,3.3963213073797434,-4.062426940575773,0.25199918601424093,-0.06954420848842188,-0.008847775083147052,0.32705904722924317,0.9423999679367872
1785495531.042372942,1789399447.477923,0.099380,3.390187731000377,-4.066945523096143,0.25322085760908886,-0.06934067152720597,-0.009977154337093931,0.3270263079437418,0.942415047405407
1785495531.142513990,1789399447.562209,0.100141,3.384128174157671,-4.065870176813791,0.2530045733796693,-0.06963030004542296,-0.010434543317957687,0.3270699024306259,0.9423736098519057
1785495531.242698908,1789399447.653154,0.100185,3.3844425545869354,-4.059991414857747,0.2520753197439442,-0.07003857585447676,-0.010062765269959967,0.32711599999316493,0.9423313966943003
1785495531.342822075,1789399447.738975,0.100123,3.3735284705052444,-4.053801891745806,0.25215698090846406,-0.07065345649209283,-0.010790824680941431,0.32710016370896183,0.9422829352641149
1785495531.443301916,1789399447.836540,0.100480,3.3728343514060555,-4.056153358918374,0.2530166243981155,-0.07000044194339283,-0.010553901837596554,0.3271454822700994,0.9423186227141842
1785495531.542587996,1789399447.937464,0.099286,3.3700119271610083,-4.056215976489311,0.2520802453436103,-0.06986086637388064,-0.010578639205276746,0.32719129341002845,0.9423127979915633
1785495531.642842054,1789399448.037992,0.100254,3.3672285926005463,-4.024748623996608,0.2496086566877392,-0.07213197179508463,-0.009642046064952257,0.3272591973281078,0.9421281374403153
1785495531.743146896,1789399448.136336,0.100305,3.375273614736862,-4.036713482368721,0.24969060505352444,-0.06969488606861766,-0.009458896680620254,0.3273075562156002,0.9422966177237401
1785495531.843357086,1789399448.236108,0.100210,3.3637712591088653,-4.058202053297004,0.25164724208352435,-0.06665908087358269,-0.01195222315118747,0.32725705609943423,0.942505453847311
1785495531.943542957,1789399448.382038,0.100186,3.3634332002846112,-4.062539834291121,0.25097948982906965,-0.06629446407170908,-0.012373761229593253,0.3272196602499734,0.9425387143307856
1785495532.042686939,1789399448.457089,0.099144,3.3667950135278786,-4.0704137795836886,0.25133138530168075,-0.06568090591748084,-0.012437625588751564,0.32720835977238677,0.9425847512890275
1785495532.142910957,1789399448.550317,0.100224,3.354556964083438,-4.066006378230587,0.2495045273638894,-0.0667189594426408,-0.013388266438191824,0.3272065177673601,0.9424994586222264
1785495532.243108988,1789399448.660811,0.100198,3.357489809089626,-4.078159706234076,0.25023169984869503,-0.06558674940223576,-0.013226063632637636,0.32722140225666835,0.942576046507004
1785495532.343385935,1789399448.746520,0.100277,3.359386870193983,-4.080783635196829,0.25090517169512755,-0.06580365807070142,-0.012957877729511699,0.3272114750087004,0.9425680997211036
1785495532.442689896,1789399448.838247,0.099304,3.3600565533468503,-4.0808586225257155,0.2486477797631641,-0.06615583443857218,-0.012775778981950139,0.3272282880460514,0.9425400959871953
1785495532.542721033,1789399448.949821,0.100031,3.361682365968407,-4.079088652457621,0.2486668161650583,-0.06653163427390438,-0.012608170591544584,0.3272679448845126,0.9425021315234284
1785495532.642709970,1789399449.062832,0.099989,3.361400755214866,-4.0760699216879335,0.2497075908795158,-0.06691855980547773,-0.012529644620836678,0.32726906479872253,0.9424753968061799
1785495532.742862940,1789399449.153971,0.100153,3.363095228840401,-4.075025293626914,0.25111914399706925,-0.06696604183323625,-0.012379447437479886,0.3272563821427103,0.9424784129459712
1785495532.842946053,1789399449.247283,0.100083,3.362731257615056,-4.083680172726292,0.25226093668094274,-0.06635546862701637,-0.012734108305638526,0.3272478472947782,0.9425198357116116
1785495532.942985058,1789399449.341207,0.100039,3.356808714267643,-4.088332590120705,0.2522903544078266,-0.06647684291200748,-0.01325809696635267,0.32724845448846057,0.9425038468123923
1785495533.043240070,1789399449.441212,0.100255,3.3541343999785336,-4.09195545956214,0.25105749388936177,-0.06655031971218482,-0.013294022956248376,0.32728687532064693,0.9424848142769476
1785495533.142355919,1789399449.536223,0.099116,3.3547114305929147,-4.086425942139566,0.2506772476208149,-0.06717707601968002,-0.01276420965967143,0.3272942689487906,0.942445105522039
1785495533.242439985,1789399449.636693,0.100084,3.358719903529331,-4.080880945779453,0.24831209501228899,-0.06746546445301758,-0.012206500334519732,0.32730759996709696,0.9424272637500791
1785495533.342719078,1789399449.735486,0.100279,3.358963602388594,-4.0757555938152334,0.24832427635970072,-0.06771763802346084,-0.012176485312659245,0.32732453043240267,0.9424036855207653
1785495533.442873955,1789399449.835502,0.100155,3.3561354118942894,-4.0719334686962885,0.2504133817254394,-0.06791552953133266,-0.012457542230732923,0.32732202750474604,0.9423866408222215
1785495533.543082952,1789399449.933717,0.100209,3.3814152880492774,-4.070662218762499,0.25354411628995127,-0.06579415430563035,-0.01115943924882983,0.32733986019172817,0.9425471935688304
1785495533.642244101,1789399450.079675,0.099161,3.38493941261509,-4.079232698677558,0.2546657546248338,-0.0647926977658826,-0.011438942163731805,0.32734439420239525,0.9426116403390215
1785495533.742284060,1789399450.159642,0.100040,3.3860440690864446,-4.07609404588452,0.2518151395542304,-0.06513323726088939,-0.01143401586314815,0.3272883504359164,0.9426076916480444
1785495533.842295885,1789399450.241545,0.100012,3.3848841559903593,-4.0858412726025986,0.25287530034702055,-0.06436357583251748,-0.011925539282779396,0.3272435477598795,0.9426700228968534
1785495533.943303108,1789399450.337201,0.101007,3.3823504845356416,-4.0812644348672364,0.2546833738245393,-0.06512669981419915,-0.011960268124979748,0.3272187630361195,0.9426257720191834
1785495534.042402029,1789399450.455554,0.099099,3.396690454887879,-4.072295132664121,0.252513857825967,-0.0653448888685198,-0.010598010585371064,0.3272553859076137,0.9426142583606573
1785495534.142453909,1789399450.547105,0.100052,3.3828190735660737,-4.082213605915013,0.25327815191957376,-0.064843826332091,-0.012648670598596524,0.3272117626631706,0.9426387174806277
1785495534.242629051,1789399450.644788,0.100175,3.3870388488717293,-4.088168121117402,0.255436669916444,-0.06446106916763795,-0.012277817594428381,0.3271773642348087,0.942681811688974
1785495534.342773914,1789399450.739578,0.100145,3.3774205715202674,-4.077664455660029,0.2536047461569026,-0.06584859012619441,-0.012736437471084756,0.32717659890707285,0.9425800865000799
1785495534.442023993,1789399450.840227,0.099250,3.3780027352539257,-4.094398913948001,0.25577989678862834,-0.06421878915335316,-0.012877444325648984,0.3272023378942523,0.9426816793721051
1785495534.542992115,1789399450.943268,0.100968,3.3770417330376588,-4.080913609854587,0.2546253900641644,-0.0657252351182579,-0.01218977812992131,0.32720403469842985,0.9425864005250774
1785495534.642234087,1789399451.043482,0.099242,3.3761310123741604,-4.076750742288749,0.2553309659129391,-0.06582196697240898,-0.012080286520695089,0.3272421228185997,0.9425678375557895
1785495534.742373943,1789399451.136152,0.100140,3.3699464840115514,-4.072599183122731,0.2546192301953121,-0.06601983771694407,-0.012323686754768812,0.3272585284012937,0.9425451518952173
1785495534.842576027,1789399451.231853,0.100202,3.3579056050103597,-4.081783872389808,0.2550651994725185,-0.06714406674166248,-0.01186325628288921,0.3273889809286943,0.9424263327274912
1785495534.942692995,1789399451.355619,0.100117,3.3611636366321833,-4.071775790157603,0.2536121626198033,-0.06749466032790741,-0.01119178623655775,0.32740246613169327,0.9424048174319252
1785495535.041914940,1789399451.446909,0.099222,3.364648549500826,-4.070455027754703,0.253352111340272,-0.06690030534283399,-0.011078626420156197,0.3274064121511151,0.9424471626908172
1785495535.142090082,1789399451.581450,0.100175,3.3685786234279513,-4.06972895646169,0.2528219758560258,-0.06652692599365978,-0.010956118837771785,0.32740454131842606,0.9424756749656072
1785495535.242273092,1789399451.654214,0.100183,3.3718275531545734,-4.072367828544712,0.25351037403708815,-0.06605604441111271,-0.011097695531163054,0.32735781222076343,0.942523369964188
1785495535.342308998,1789399451.740852,0.100036,3.366348172189452,-4.076201493875007,0.2527172229321153,-0.06589647597256597,-0.011913911072036957,0.3273583549797115,0.9425243872719163
1785495535.442456007,1789399451.839233,0.100147,3.3696258179553626,-4.07899014060602,0.2521870696869396,-0.06561387700458685,-0.011660089594487938,0.3273600320800084,0.9425466942553089
1785495535.542512894,1789399451.964378,0.100057,3.36584221291921,-4.0810480667529205,0.2527416976208701,-0.06567141589662466,-0.012061373025694133,0.3273313738953304,0.9425475903521383
1785495535.642587900,1789399452.050341,0.100075,3.3670011345576674,-4.091089226172215,0.25260153440497335,-0.06499953469211996,-0.012168095678294204,0.3273411039655092,0.9425894119880474
1785495535.741935015,1789399452.144007,0.099347,3.375719001015086,-4.092084899531643,0.2537553310828883,-0.06512228458053962,-0.01129291272402068,0.3273419806301288,0.9425915265322103
1785495535.841932058,1789399452.242162,0.099997,3.369986859138546,-4.077863657461557,0.2529221998275045,-0.06681139681961337,-0.011556609601487555,0.32728934184013797,0.9424883918369179
1785495535.942256927,1789399452.335783,0.100325,3.3741244716503296,-4.080472094546011,0.25082029428613084,-0.06617221395514312,-0.01141890499041822,0.3273156522015894,0.942526026448555
1785495536.042289019,1789399452.435419,0.100032,3.37001702078429,-4.084573261683557,0.2524138912883826,-0.06663843076101025,-0.01240020986822759,0.3276353195577002,0.9423697001279364
1785495536.142537117,1789399452.535237,0.100248,3.364175959330361,-4.099522968319437,0.25796504022498223,-0.07317312513498804,-0.015353952303035047,0.3284142336611507,0.9415699873272158
1785495536.242769957,1789399452.635571,0.100233,3.3621086191894993,-4.0959508504088635,0.2687776653922647,-0.08566465767557532,-0.019849980901718165,0.3287753472675913,0.9403054374577231
1785495536.342072010,1789399452.738838,0.099302,3.3769225418035966,-4.123326008314374,0.2810824267866085,-0.0906904847361326,-0.02815064396518671,0.33099646065994515,0.9388419037586766
1785495536.442212105,1789399452.831574,0.100140,3.3837458681577397,-4.160181292865851,0.28667102550241264,-0.08586234620611384,-0.03575764494481548,0.3346479339642608,0.9377418667337983
1785495536.542520046,1789399452.962582,0.100308,3.4152259341359783,-4.203501632154232,0.2927832858411834,-0.07763367397088428,-0.03158183492000455,0.3336226112444997,0.9389736703631394
1785495536.642672062,1789399453.055969,0.100152,3.476667048056854,-4.2422211107920615,0.3007623823594684,-0.0724363065750877,-0.018573083818035525,0.33210732815957617,0.9402726969501524
1785495536.742815018,1789399453.144925,0.100143,3.5057872718115743,-4.28785944585487,0.3021971307022529,-0.06974337638974792,-0.009298391884526422,0.33100919171912924,0.9410006994447594
1785495536.841965914,1789399453.246132,0.099151,3.5599606231598098,-4.3140546533788084,0.2987853089802319,-0.06217462275127458,-0.003932032662594001,0.33417125969598566,0.9404511814007321
1785495536.942136049,1789399453.339512,0.100170,3.573089333123673,-4.363557018192015,0.2984075744046122,-0.0515243775366886,-0.006814502781135951,0.3343041779111076,0.9410310928457356
1785495537.042120934,1789399453.462368,0.099985,3.6449628563242804,-4.409599142565512,0.29915459185097165,-0.03883045187611765,0.006973202333319595,0.3322836106159576,0.9423540590310507
1785495537.142154932,1789399453.549609,0.100034,3.7085720459080305,-4.449320264955379,0.3021089633270866,-0.02486707197490264,0.020966209830222557,0.33102200949418975,0.9430622863878814
1785495537.242472887,1789399453.635573,0.100318,3.7211957500179773,-4.503459079462498,0.3132164282486883,-0.016967766602402446,0.02163370607441132,0.331800713707367,0.9429487600295436
1785495537.342708111,1789399453.734939,0.100235,3.7549511581190025,-4.532359599445561,0.31687109479280406,-0.015660886870942286,0.01967010981028587,0.3313085979992339,0.9431873813268543
1785495537.441881895,1789399453.834274,0.099174,3.785758378498953,-4.565483433472617,0.32051499954083806,-0.015789114196454054,0.019834526022313427,0.32726707341671524,0.9445917414987178
1785495537.542048931,1789399453.935400,0.100167,3.8009554632002502,-4.610815327750165,0.3172501433574141,-0.014457288962266637,0.022348028923467926,0.32688999673714075,0.944687505174198
1785495537.642014980,1789399454.035298,0.099966,3.8404452980227046,-4.647122501509018,0.31676736704728337,-0.009816443152150692,0.024619815936420562,0.32975764476083536,0.9436934872239208
1785495537.742336035,1789399454.134742,0.100321,3.86334559508469,-4.714178353718983,0.31462193561078383,-0.0053459169677538875,0.01672488915730842,0.3300668553652721,0.9437942414762287
1785495537.842365980,1789399454.247941,0.100030,3.859477459581467,-4.739728939142165,0.3136212939226657,-0.012681251736988369,0.011644284373395077,0.32628490980012714,0.9451146777679934
1785495537.942456007,1789399454.363204,0.100090,3.8995036062652098,-4.767213164589277,0.3114154886651018,-0.018244502217840804,0.015267166591192564,0.3241819044324185,0.9456955877033747
1785495538.042645931,1789399454.455911,0.100190,3.9166691972899206,-4.797766594884511,0.3091819038032606,-0.016067937322758737,0.014623472598495897,0.32683003098687374,0.9448333748785722
1785495538.142688990,1789399454.540978,0.100043,3.950566408024462,-4.8132746603902765,0.3139865640701724,-0.02176310575170378,0.013141171956363225,0.3285505536439486,0.9441441682962768
1785495538.242930889,1789399454.679734,0.100242,3.9737543724364,-4.857119853767425,0.3145085219416284,-0.015533924377362517,0.008042224910209344,0.3310599378880757,0.943447580598644
1785495538.342948914,1789399454.779928,0.100018,3.996965974890198,-4.8780473675957055,0.3239073171517839,-0.01937323605407791,0.003900361590244399,0.33155729661717526,0.9432280869249644
1785495538.442174911,1789399454.843475,0.099226,4.007828526984544,-4.913075068850215,0.3337158108349964,-0.03276951875185304,0.0006794892887635866,0.32961100444683783,0.9435477108671212
1785495538.542155027,1789399454.999492,0.099980,4.014623337598531,-4.918569836804278,0.3336370430957704,-0.04604661818243145,-0.00030445339237459245,0.3289542044265635,0.9432225334734847
1785495538.642354012,1789399455.092634,0.100199,4.037262090310912,-4.948877284374883,0.3374355604185803,-0.04913225844995306,-0.004411709309740413,0.32999113083959836,0.9426942301551098
1785495538.742532015,1789399455.174334,0.100178,4.04424563613667,-5.005642203745208,0.33927229018319743,-0.046881638473090584,-0.009337170366945476,0.33007118456764195,0.9427448978072962
1785495538.842628002,1789399455.271051,0.100096,4.083260863164895,-5.041999019229731,0.3406594584989612,-0.046915375032218494,-0.014902664866346312,0.33168387957508716,0.9421054411239991
1785495538.942780018,1789399455.343190,0.100152,4.116487920066362,-5.054290528425341,0.3473763476233521,-0.057174626969789456,-0.015036654530304375,0.33193126170056775,0.9414492012621969
1785495539.042124987,1789399455.435515,0.099345,4.124668103205179,-5.08565162225532,0.3605661972090115,-0.06156502387382019,-0.026522617878094467,0.3360980545944462,0.9394383408580328
1785495539.142414093,1789399455.536707,0.100289,4.1325961842133365,-5.097680437399239,0.37282853933706867,-0.07620467456906245,-0.035962787138564184,0.33740718141173087,0.9375798203069408
1785495539.242826939,1789399455.635847,0.100413,4.153419887405226,-5.109068165291153,0.3779966286878377,-0.08226111550450214,-0.03252470957453552,0.3291524205798645,0.9401244258976675
1785495539.342044115,1789399455.736931,0.099217,4.181761532608267,-5.1790303249677505,0.37856043574841497,-0.0654217282498542,-0.026723704159140035,0.3269037496975247,0.9424116826220232
1785495539.442133904,1789399455.837137,0.100090,4.223349420549341,-5.262724954762648,0.3756940055725113,-0.034299527788140466,-0.024238093104423507,0.3287116692323014,0.9434959966775932
1785495539.542277098,1789399455.947700,0.100143,4.26574081199982,-5.303143295947741,0.3849356132300663,-0.025712260167583306,-0.01913112740337284,0.33125174698006465,0.9429979638175068
1785495539.642302990,1789399456.048199,0.100026,4.278392267859192,-5.307287579545441,0.383822124048835,-0.03433163722328531,-0.01526684026079207,0.3285940977449188,0.9437235724517967
1785495539.742410898,1789399456.184788,0.100108,4.301624178415581,-5.339867143036735,0.38577904562398047,-0.03712816722787989,-0.02090636418148267,0.334102918726972,0.941572972654316
1785495539.842477083,1789399456.252937,0.100066,4.329046814241842,-5.372078901680578,0.3935216033883314,-0.037434686364786626,-0.030579943918497037,0.33742908408645933,0.9401091024446263
1785495539.942581892,1789399456.357871,0.100105,4.366756070229227,-5.395072822353316,0.38782947731540407,-0.02828703690303151,-0.030154323535777253,0.34209722224868255,0.9387545210783472
1785495540.041893959,1789399456.440881,0.099312,4.43877717157332,-5.453983169784053,0.38569358602760395,0.0026295998413549864,-0.0160260597824428,0.3451220018756954,0.9384173135837766
1785495540.142131090,1789399456.546834,0.100237,4.524717614982807,-5.555665253825126,0.3862265594175902,0.02743243715364561,0.007182211398315132,0.3399373989383863,0.9400204476681356
1785495540.242521048,1789399456.645232,0.100390,4.598448048858918,-5.551975021546793,0.37781978209835365,0.027162471313869674,0.034285583979566235,0.3393386835905598,0.9396467190930246
1785495540.341924906,1789399456.744656,0.099404,4.637636059486124,-5.576229849685947,0.3800684204699953,0.022196033690821602,0.04245318581554189,0.3377620217922779,0.9400116380860697
1785495540.442110062,1789399456.844861,0.100185,4.643684467598171,-5.642338303429008,0.38224711185040106,0.014216280053847678,0.03181573692720889,0.34215583339821065,0.9389968274369946
1785495540.542337894,1789399456.944918,0.100228,4.651309899301582,-5.628050935358963,0.3849168468692632,0.0005927337052151128,0.020306525912668662,0.3458599775970587,0.9380661861343422
1785495540.642560959,1789399457.039794,0.100223,4.654218560729369,-5.681344019932257,0.3897785831500067,0.0023847649246849937,0.01691491189777941,0.3451426226933474,0.938394782941624
1785495540.742696047,1789399457.140909,0.100135,4.684788961754236,-5.696421342064403,0.38702257998597966,0.0032740389826754084,0.028924039519191366,0.34402459332416735,0.9385093285603128
1785495540.841949940,1789399457.238322,0.099254,4.720145184574528,-5.695982235736662,0.3788762192392771,-0.002139423002128715,0.03036722247567131,0.3457981227605555,0.9378149673382064
1785495540.942255974,1789399457.395015,0.100306,4.740866963810734,-5.711252636024959,0.3752067880309001,-0.005600557391077521,0.0235908984616877,0.3520224093360799,0.935677469319345
1785495541.042241096,1789399457.461104,0.099985,4.760287116596441,-5.747569161700253,0.3697248987457664,-0.0029756236268533003,0.02609833225491279,0.3489811448145545,0.9367615402445918
1785495541.142383099,1789399457.545793,0.100142,4.796158154703027,-5.771882036876349,0.36937680761934244,-0.004417047583458064,0.03314057495583358,0.3464567808613813,0.9374699413727168
1785495541.242625952,1789399457.678863,0.100243,4.8287158177346505,-5.798778816535256,0.3682791070094034,-0.007746536633099186,0.035005535487370475,0.3480644379710291,0.9367847942165264
1785495541.342782974,1789399457.766087,0.100157,4.862757448123827,-5.8345457361255235,0.36087550874924446,-0.004113603638191612,0.034509092133225325,0.34962915201483086,0.9362433748158605
1785495541.442091942,1789399457.836026,0.099309,4.893261226402942,-5.88867046115573,0.36655722495142706,0.0031122304629326424,0.030692041992170117,0.34928963647460165,0.936506840568338
1785495541.542289019,1789399457.979656,0.100197,4.91071763568055,-5.908979601636826,0.36236460094174705,0.004067685658695666,0.030607985405516683,0.3479230304040033,0.9370144983281989
1785495541.642374992,1789399458.066104,0.100086,4.959552624650364,-5.950503016989464,0.3619860331770251,0.008035397877339943,0.03566610742563617,0.3491743905944844,0.9363442775576617
1785495541.742597103,1789399458.153373,0.100222,4.994458041612359,-6.002404426119486,0.36250570711806074,0.014993323110369449,0.03494119062457673,0.3509606744295626,0.9356179340220795
1785495541.842089891,1789399458.249759,0.099493,5.011746423382287,-6.041245068230081,0.3639375139073524,0.01538194803262962,0.02835187303676949,0.3499706786136492,0.9362051543762635
1785495541.942212105,1789399458.337883,0.100122,5.0446975514941865,-6.083244736829632,0.3694105415323371,0.012683788166005322,0.027264904843756165,0.3491401326178893,0.9365879105973646
1785495542.042314053,1789399458.434715,0.100102,5.062204338749507,-6.096061999034825,0.36995498241665653,0.006940084738093058,0.028430098855485652,0.3479040295851947,0.9370732900372484
1785495542.142435074,1789399458.534940,0.100121,5.108353098444906,-6.107019541732795,0.36005978227348656,0.006550670727483567,0.030768228080168644,0.35056026499119214,0.9360117015631189
1785495542.241699934,1789399458.639887,0.099265,5.150122044712397,-6.140124009111756,0.359342067975924,0.009753601353038504,0.028424278493918733,0.35187196499875223,0.9355656299269527
1785495542.341916084,1789399458.743793,0.100216,5.186967174350192,-6.180760218100427,0.36194051310323205,0.011548385354560965,0.032553121968767966,0.3513121666998266,0.9356210186685713
1785495542.442147970,1789399458.833625,0.100232,5.221578540968911,-6.2295458558721135,0.3670625559931423,0.007651172058197708,0.037902551355618964,0.3533972746775666,0.934673858849861
1785495542.542376995,1789399458.956221,0.100229,5.24681631007408,-6.273311477988788,0.36875277879942014,0.008304872069826138,0.03623780792578233,0.3540034967805295,0.9345048820866301
1785495542.642612934,1789399459.054307,0.100236,5.254089537230937,-6.318796178349459,0.36364990475872566,0.008813604470314797,0.03405290732854192,0.35629330082836586,0.9337118418781527
1785495542.742722034,1789399459.190432,0.100109,5.291603623328098,-6.311391773551954,0.3717442737836817,0.00563224063260198,0.036747265422119146,0.3576686282376081,0.9331082834934166
1785495542.841959000,1789399459.252102,0.099237,5.308077045028896,-6.343481332995291,0.3738207601682146,0.007781217154571309,0.03679057903204888,0.357310257833316,0.933228420913722
1785495542.942147017,1789399459.344434,0.100188,5.325939738161928,-6.363452118449931,0.3706657532340901,0.014156210381361892,0.041587894190871194,0.35689101421119096,0.9331124544982051
1785495543.041949034,1789399459.501225,0.099802,5.310263016420762,-6.34951065917403,0.3696651091722863,0.00751683250376184,0.03763173785011196,0.3572752135025281,0.9332104646606594
1785495543.142191887,1789399459.596070,0.100243,5.28684859546914,-6.32776066569557,0.3729306365107043,0.0027409633958180466,0.03412138667999483,0.3574087197990765,0.9333205371694294
1785495543.242270947,1789399459.679022,0.100079,5.289704900583511,-6.336565481336735,0.37032623102552253,0.00601702436874904,0.036206360989125864,0.3570721188921055,0.933355450378645
1785495543.341603041,1789399459.765792,0.099332,5.2865472315673445,-6.348354258449554,0.3699546796382075,0.006926884091025335,0.035615639490416476,0.35715288521507754,0.9333409672156118
1785495543.441692114,1789399459.857654,0.100089,5.28692706029291,-6.351492657653357,0.3724757072665356,0.006811246059883957,0.03593644099243072,0.35707858365347533,0.9333579507519542
1785495543.541955948,1789399459.943888,0.100264,5.2916943659022815,-6.344937279698493,0.37048427797958683,0.006498113949339631,0.03690558274915613,0.3570079328356659,0.9333493924406879
1785495543.641858101,1789399460.039600,0.099902,5.295535713818765,-6.3455651910813895,0.371176236614596,0.006628060496530654,0.037086184605020035,0.356944161722095,0.9333657102861438
1785495543.742126942,1789399460.139901,0.100269,5.284404153526823,-6.3464132739877614,0.3712963417120089,0.006432923078709009,0.0361446127772529,0.3570674646253169,0.9333568503920908
1785495543.842000008,1789399460.239764,0.099873,5.295834262665194,-6.361689215157193,0.37614564125740096,0.007938199125649128,0.036843346342825274,0.356970295909828,0.9333551096248973
1785495543.942137957,1789399460.340872,0.100138,5.297789497914208,-6.346359204451939,0.3744260355679421,0.0061889242149180766,0.037474224225783344,0.35684052114800724,0.9333928552343361
1785495544.042228937,1789399460.437619,0.100091,5.275111870405304,-6.330746558701561,0.37049114998248833,0.005446699724463496,0.03705597859868107,0.3565447908084116,0.9335271822820911
1785495544.141464949,1789399460.574832,0.099236,5.274509554383441,-6.317473587991417,0.37201640060249574,0.00445051944262417,0.037671014933676486,0.35653423244944665,0.9335118791971478
1785495544.241669893,1789399460.652809,0.100205,5.279402314896061,-6.313197097632282,0.36980939228487725,0.004801381100508541,0.038100172565740865,0.35650605734811575,0.9335034840128018
1785495544.341825008,1789399460.763017,0.100155,5.273944945507348,-6.302620291416398,0.3682060888832642,0.004164769391082525,0.037686089510335814,0.3565656095579977,0.9335006049456104
1785495544.441857100,1789399460.852772,0.100032,5.270748181898948,-6.296764353181205,0.3677543402633686,0.004284212866910391,0.037453515948468026,0.35660027481181916,0.9334961829955668
1785495544.542045116,1789399460.977711,0.100188,5.27550159006764,-6.296717453980465,0.3676762659028567,0.005070486201168276,0.0378152070322048,0.35656839223088493,0.9334898403028423
1785495544.641303062,1789399461.063611,0.099258,5.278882716880703,-6.290541286569394,0.3673282143515061,0.005063243595572255,0.03802354286093628,0.3565552490651561,0.9334864370287486
1785495544.741516113,1789399461.153659,0.100213,5.278394314954575,-6.313841245634722,0.36986027315696063,0.007289307726120747,0.03695066512456851,0.3566679836321652,0.9334717262946105
1785495544.841653109,1789399461.264722,0.100137,5.274541471888114,-6.313396757155112,0.3671536384043834,0.006569380069354955,0.03672451000297158,0.3567061185085387,0.9334714235738913
1785495544.941682100,1789399461.376057,0.100029,5.2645168899229455,-6.326251251593235,0.36860445060998814,0.007146310015616549,0.03571828357342314,0.35676889916325255,0.9334822371430102
1785495545.041691065,1789399461.483716,0.100009,5.273832198180978,-6.326882643475631,0.3719096106295281,0.006971289916233137,0.0370174317172991,0.35672133677788975,0.9334511228518091
1785495545.141921043,1789399461.582742,0.100230,5.263624129429186,-6.325923964808738,0.376826033875753,0.006101153495332116,0.036323520358379935,0.3567746639812971,0.933464095150843
1785495545.241030931,1789399461.664453,0.099110,5.2672379025159355,-6.332505320274234,0.37617061602276414,0.006599380626003547,0.036870676560965106,0.3567820614921265,0.9334364263208647
1785495545.341226101,1789399461.745089,0.100195,5.269589381669688,-6.329208376251046,0.37643565876217666,0.005948317268663346,0.0373933454466636,0.356689308935892,0.9334554580314812
1785495545.441308022,1789399461.835834,0.100082,5.275199651141657,-6.329978515379374,0.3720666563787113,0.006070792606210746,0.03778379224235167,0.35664890696348783,0.9334543843609164
1785495545.541501045,1789399461.935069,0.100193,5.281769428990243,-6.328667689613425,0.3722810913379164,0.0059105365456353885,0.038189874156963496,0.35659045261650835,0.9334612194260244
1785495545.640664101,1789399462.034887,0.099163,5.280836177084442,-6.3254999136162064,0.37201053979096566,0.005479988551841747,0.03789949266484542,0.35657728651137255,0.933480710526658
1785495545.740758896,1789399462.133814,0.100095,5.276843385923104,-6.321090314748612,0.3693336305011689,0.0050000669104265875,0.03752440739982443,0.3566013436463712,0.9334893678503976
1785495545.840857029,1789399462.228357,0.100098,5.282162562132839,-6.353622140327765,0.370333038166174,0.005759430808879907,0.035605340749466904,0.35769353826414513,0.9331422299686666
1785495545.940897942,1789399462.329178,0.100041,5.28086084282903,-6.361736381568567,0.3746520099881774,-0.0017446416810834586,0.03145835750167493,0.3595762480676705,0.9325836422510453
1785495546.040826082,1789399462.476899,0.099928,5.285386002557078,-6.388607552629934,0.3758319356003164,-0.0060910327006267265,0.02533133639182393,0.36296706792567296,0.9314376685096166
1785495546.140906096,1789399462.562621,0.100080,5.325383163315895,-6.448226309927759,0.37156478581712526,0.0021600581047294767,0.02923791000560249,0.36500627551424814,0.9305433346183567
1785495546.241136074,1789399462.655128,0.100230,5.398614402969395,-6.497184983983546,0.3598562974810777,0.018214538301172874,0.04291718887750193,0.36594176054019784,0.9294691890460991
