stamp_sec,recv_wall_sec,accepted_gap_sec,x,y,z,qx,qy,qz,qw
1785497056.505740404,1789401678.660205,0.000000,-0.002837733591793304,0.005930890463650674,-0.0028954878329450207,0.003812379686623849,-0.028126455871076903,-5.6633209676489196e-05,0.9995971013533125
1785497056.605889320,1789401678.697328,0.100149,-0.0031538822330501592,0.005740768211976199,-0.0028981215627736923,0.0038318970226171143,-0.0281248477140276,-4.6531837594836655e-05,0.9995970724952462
1785497056.705776453,1789401678.832182,0.099887,-0.03916669835566319,0.018245887725280803,-0.0011147127031311266,0.003829564266960055,-0.028113401376145174,-4.375512814297756e-05,0.9995974035510923
1785497056.805559397,1789401678.932558,0.099783,-0.024831914756195464,-0.0021052751023718976,-0.005162281623405707,0.003905840566844227,-0.028075880057320826,-6.552344219480474e-05,0.9995981618006103
1785497056.905585766,1789401679.110725,0.100026,-0.04022261659760911,0.007520648525146102,-0.0008007530313186018,0.003858861337556159,-0.02809782787524884,-5.619091634293808e-05,0.9995977281389042
1785497057.005833149,1789401679.161072,0.100247,-0.0397049887726085,0.009244551845661904,-0.0003728982634332856,0.0038700887819443377,-0.027961349946560972,-5.856893971477536e-05,0.9996015115493136
1785497057.105914116,1789401679.225554,0.100081,-0.035256818416170496,0.0077413738632438715,-0.0008340748117141028,0.003976680335884118,-0.02772499259189085,-0.0001011236322291979,0.9996076733265428
1785497057.205642939,1789401679.343543,0.099729,-0.022838422827283163,0.0090726024001846,-5.708005926291504e-05,0.0038989469770964753,-0.027210338433770406,-7.14128571292376e-05,0.9996221239023277
1785497057.305518866,1789401679.442416,0.099876,-0.033868178794552894,0.004954123001569505,-0.001511244242377363,0.004134234955383265,-0.027939184292486246,-8.86341591724642e-05,0.9996010715412411
1785497057.405603170,1789401679.542419,0.100084,-0.030525745370869543,0.0058079600213604135,-0.0019948455754848493,0.003977721419370281,-0.027441553921309526,-8.822254585620947e-05,0.999615491610391
1785497057.506054163,1789401679.641394,0.100451,-0.027538505160572567,0.005549995127590853,-0.0030900517238819925,0.004007325116561168,-0.027166233203733507,-6.93766393773347e-05,0.9996228950488378
1785497057.605827808,1789401679.746086,0.099774,-0.028959206198952592,0.0049968187501412634,-0.0024164603331668366,0.004000756267078123,-0.027347060194703024,-7.720097530210135e-05,0.9996179901782558
1785497057.705650806,1789401679.842152,0.099823,-0.029944133478750107,0.0027478256569088417,-0.0012450923930277247,0.0041141003957853705,-0.027436445672782948,-8.952481622865031e-05,0.9996150797242369
1785497057.805523872,1789401679.940902,0.099873,-0.02646860615890787,0.006268739134713296,-0.0015725390222310898,0.0036876907267745242,-0.02713218718059849,-7.448910754575163e-05,0.999625049609743
1785497057.905591249,1789401680.043491,0.100067,-0.02475395722884423,0.0034811845564943866,-0.0015327489492462099,0.003993354226232699,-0.02715608377938352,-8.028106973319521e-05,0.9996232259160189
1785497058.005958796,1789401680.148766,0.100368,-0.02459124606773211,0.002712015813350103,-0.0004908279069146815,0.0039637627893491,-0.027338553978936107,-7.151710555361903e-05,0.9996183706476195
1785497058.105751276,1789401680.241360,0.099792,-0.02319386117644366,0.004460745842826809,0.00029371558593122016,0.0037633246615526965,-0.027341314589527186,-5.840182078454953e-05,0.9996190706930531
1785497058.205631495,1789401680.344344,0.099880,-0.024336126488551074,0.0052583884057605616,-0.00016103906599768125,0.003719496506209146,-0.027609605077876402,-5.004978667510214e-05,0.9996118609481434
1785497058.305483341,1789401680.443872,0.099852,-0.02325468729399604,0.007071742383889874,0.0012983678001758925,0.003562721480324185,-0.02756430122120622,-2.9082028068120765e-05,0.9996136831136733
1785497058.405687332,1789401680.546707,0.100204,-0.02579330268356802,0.00391461111317342,0.0003589661884552675,0.003910901728108683,-0.027908209330058435,-2.1959032805824888e-05,0.9996028392404009
1785497058.506133080,1789401680.635652,0.100446,-0.022163156476163494,0.0075559771698694485,-4.7092816160054785e-05,0.0035756667975653145,-0.027625321696246874,-1.597776602768787e-05,0.9996119526860661
1785497058.605814695,1789401680.721015,0.099682,-0.021783253281075457,0.005369093008601375,-0.0009468878217920862,0.003859534192460039,-0.02772497881434334,-2.320505574482071e-05,0.999608137725526
1785497058.705622435,1789401680.847555,0.099808,-0.02149027659845662,0.004937710577062359,-5.218723505912015e-05,0.003878386922093764,-0.027799982717478317,-2.6916692202052233e-05,0.9996059815503754
1785497058.805493832,1789401680.949957,0.099871,-0.02163268217995115,0.006304521534927649,-0.0007089006962572308,0.0037769402179794846,-0.027919218856432507,-4.469242823384929e-05,0.99960304618565
1785497058.905643940,1789401681.043273,0.100150,-0.025238847876242976,0.004373448161312449,-0.001228294477342018,0.003958558551181181,-0.028239982485329482,-6.123926889927054e-05,0.9995933320371763
1785497059.005920410,1789401681.134192,0.100276,-0.030439817305118654,0.010082273532258624,-0.0010749929663596003,0.003461260962329761,-0.028577966029949938,-3.063555115073537e-05,0.9995855734211114
1785497059.105730772,1789401681.332032,0.099810,-0.028567320287540894,0.010612543601622167,-0.0012968617951570338,0.0036138293528931394,-0.02819075398903914,-2.1750743199971566e-05,0.9995960289806328
1785497059.205543995,1789401681.410920,0.099813,-0.01565768287971342,0.014108234123285856,-0.0002056676640427857,0.0034067569106634747,-0.02708352238214043,-1.868409523797704e-05,0.9996273688098178
1785497059.305551767,1789401681.445217,0.100008,-0.024615330995017656,0.0071299107656238635,-0.0018240793860306304,0.00419232916604354,-0.028236228487643858,-0.00013438158464624807,0.9995924778221144
1785497059.405975819,1789401681.540105,0.100424,-0.03203689683965313,0.0025167115336433826,-0.0030375517147627207,0.004434631926686215,-0.028746797405249953,-0.00012164702116393577,0.9995768809254373
1785497059.505888700,1789401681.640071,0.099913,-0.02659509716465249,0.006220462254090628,-0.0022732121099911518,0.003920261693468643,-0.027991004212853866,-0.00010468755720668801,0.9996004823287818
1785497059.605641365,1789401681.741998,0.099753,-0.02510856391038164,0.004647267040123722,-0.0033561425040073423,0.004068573810715078,-0.027920467488858652,-8.194616997207883e-05,0.9996018644876483
1785497059.705504417,1789401681.842049,0.099863,-0.02614402856137491,0.0025941152599979257,-0.0027401889641655575,0.0041261622805997085,-0.028047391728020035,-9.27799953437659e-05,0.99959807422482
1785497059.805650949,1789401681.951545,0.100147,-0.026731916674778644,0.0012696165465508327,-0.0014096011207999637,0.00410457417790962,-0.02808677542017415,-9.882179294851464e-05,0.9995970566941338
1785497059.905936241,1789401682.048785,0.100285,-0.022390869046616614,0.001639291215987986,-0.0007566572663358917,0.003962971284836107,-0.027695657740942556,-8.422324858816817e-05,0.9996085425341982
1785497060.005677700,1789401682.148722,0.099741,-0.04293720021227403,-0.003122012118003031,-0.001527423030142916,0.00429693490510184,-0.02952270428215843,-0.0001210882167640421,0.9995548667381599
1785497060.105610609,1789401682.246073,0.099933,-0.034489294448304036,0.0019224305329367686,-0.0005097084865577917,0.0036534329483476216,-0.02815589593239562,-5.570577212382735e-05,0.9995968661659611
1785497060.205538273,1789401682.348951,0.099928,-0.0318866590999926,0.004283587931054565,-0.0014026089248181384,0.0035111848366156766,-0.027902317101241445,-5.236330433019264e-05,0.9996044865543153
1785497060.305945158,1789401682.451730,0.100407,-0.019793225712528922,0.008875363181051492,-0.0008664463223503338,0.0032310633699538793,-0.026967998093857862,-4.691259085288464e-05,0.9996310745007506
1785497060.405777693,1789401682.548481,0.099833,-0.025658699730720075,0.009112083052676512,-0.0016856754092476334,0.0034273561253640324,-0.0278985553112318,-2.9773341025996855e-05,0.9996048834189895
1785497060.505597591,1789401682.641762,0.099820,-0.024241455022114736,0.005936599691554123,-0.0013440278920919257,0.003848588264564147,-0.027802826068434115,-4.972116806065999e-05,0.999606016768002
1785497060.605550289,1789401682.748730,0.099953,-0.024851695402840948,0.010603437470571733,-0.0017601003395498749,0.0034435991184707023,-0.027930691856924185,-3.488904514208607e-05,0.9996039299944086
1785497060.705601454,1789401682.848130,0.100051,-0.026864667444948934,0.009105989882316229,-0.0017486923113085862,0.003745163811987686,-0.028147195702393275,-5.5760044558625806e-05,0.9995967717099417
1785497060.806074619,1789401682.941806,0.100473,-0.02883257443603976,0.006388656941944034,-0.001703075300709067,0.004005203991967873,-0.02826612322983829,-6.287576944979488e-05,0.9995924072666735
1785497060.905608892,1789401683.044051,0.099534,-0.03006546034176008,0.010337611059381876,-0.0016197078774529139,0.00361372210060617,-0.028294739046864092,-4.596406977091725e-05,0.9995930905334236
1785497061.005550623,1789401683.135599,0.099942,-0.03087323769751473,0.005179217208759638,-0.0011641106896955744,0.0041557955313162856,-0.028239318918784454,-7.567447016278022e-05,0.9995925492438841
1785497061.105510950,1789401683.236715,0.099960,-0.03425203152947846,0.0037582854340247247,-0.0008592999835721482,0.004170619807900558,-0.028422899835508858,-7.897090587917188e-05,0.9995872840622584
1785497061.205703735,1789401683.347070,0.100193,-0.030903479521847015,0.007950323373096166,-0.0009777663582264395,0.0037374894618626042,-0.02795527881936977,-5.7292129661384676e-05,0.9996021860101512
1785497061.305658102,1789401683.446961,0.099954,-0.026832677682760257,0.00558922728233502,-0.0008390561146097708,0.00401486619895826,-0.027623399602175257,-6.606741833173666e-05,0.9996103362205327
1785497061.405664206,1789401683.544209,0.100006,-0.024102383536297525,0.008270964065134013,0.000397074810172815,0.003739170939187409,-0.027507991321222877,-5.259865317457012e-05,0.9996145888528979
1785497061.505549431,1789401683.767695,0.099885,-0.027561387772429544,0.0026811360601311967,-0.0018788525036992354,0.004271465788093498,-0.0280028977982643,-7.883293074087655e-05,0.9995987125243297
1785497061.605491400,1789401683.818762,0.099942,-0.023084668465031606,0.002436399005199222,-0.0015211860487183704,0.004115173060867857,-0.027593458789944736,-8.421540458423349e-05,0.9996107538889624
1785497061.705799341,1789401683.866977,0.100308,-0.024388347392016535,0.006137177096712836,-0.002110991488422309,0.003753192667933775,-0.02792420399786048,-4.352436433089617e-05,0.999602996434852
1785497061.805864096,1789401683.946181,0.100065,-0.04145650856379486,0.005767114943547419,-0.00041301873272853173,0.00372346857217723,-0.027866235637079628,-0.00014228860679920405,0.999604716098904
1785497061.905599594,1789401684.004199,0.099735,-0.027105811499237527,0.0016784138070468453,-0.007193935917031824,0.0037305144986972977,-0.027866946968025493,-0.00010839966608154634,0.9996046742476628
1785497062.005496502,1789401684.152713,0.099897,-0.015413386221356934,0.01148172135434274,0.0008148432605709632,0.0036905197339542005,-0.02790381572424228,-7.456516513793199e-05,0.9996037972977915
1785497062.105610847,1789401684.245903,0.100114,-0.02892251334905488,0.00489594836559522,-0.002387902630695382,0.0038993016246173158,-0.02826265361063369,-7.101983009600119e-05,0.9995929235513408
1785497062.205840111,1789401684.318256,0.100229,-0.02885304456996131,0.00752249772716809,6.503146007491578e-05,0.0037894874114774934,-0.028195228526521295,-7.00036951591376e-05,0.9995952500752419
1785497062.305722237,1789401684.423917,0.099882,-0.022725018719377148,0.010286322327621188,0.0019917257505863706,0.003695810983358599,-0.02796036090567737,-6.730844804132336e-05,0.9996021982112582
1785497062.405528307,1789401684.538375,0.099806,-0.022218776256250197,0.007142364940777565,-0.0005263246859792958,0.0039441139894143655,-0.028122421480440866,-5.481328172978673e-05,0.9995967038613254
1785497062.505491495,1789401684.643904,0.099963,-0.023262845852830602,-9.797628843625627e-05,-0.001001973153883562,0.004372955059064009,-0.02829879793423135,-7.699792247041086e-05,0.9995899406110768
1785497062.605791807,1789401684.717486,0.100300,-0.023205955400147485,0.005267602806324569,-0.0007730896075633376,0.0037470968739922086,-0.02831333139790595,-3.790474762974188e-05,0.9995920733446252
1785497062.705613613,1789401684.827726,0.099822,-0.015319062444302423,0.008247831008240029,-0.00016231244731007566,0.0035923153178226046,-0.02775862773391142,-4.722416006105509e-05,0.9996081990594482
1785497062.805601358,1789401684.943943,0.099988,-0.01745075282049769,0.008380671119346546,-6.192743796828992e-05,0.0036796019429980635,-0.028236009872612277,-4.5657359485359076e-05,0.9995945108850026
1785497062.905307055,1789401685.019725,0.099706,-0.030060311709589407,0.006441953182912677,-8.560867652285253e-05,0.003897810574898991,-0.029312428176953058,-7.190961834483896e-05,0.9995626961107078
1785497063.005633831,1789401685.149925,0.100327,-0.026906353961996164,0.005023196437767623,-0.0008420049599330293,0.0039865383672057575,-0.0286445129013549,-6.684426373214323e-05,0.9995817099789004
1785497063.106091022,1789401685.230755,0.100457,-0.020295339106111615,0.004330090951206031,-0.0012750597958821053,0.003986466959890419,-0.028005758107515658,-5.6954932390121495e-05,0.9995998110994939
1785497063.205692053,1789401685.308240,0.099601,-0.016755701752919308,0.006020286168888473,0.00017454530763594267,0.0037862671933799564,-0.027845178746341303,-3.7304021588420187e-05,0.9996050764225549
1785497063.305520773,1789401685.576625,0.099829,-0.021395612547251176,0.009414359373626191,-0.0003202189296276914,0.0033326256494359773,-0.028971490588632794,-1.0462743143937405e-05,0.9995746826675439
1785497063.405500650,1789401685.629707,0.099980,-0.02072239116702495,0.006575169330417266,-0.0012265360828486727,0.0035966877875230094,-0.028860498398781898,-1.566566434581135e-05,0.9995769781381305
1785497063.505856991,1789401685.697667,0.100356,-0.02385118626730344,0.00794486017721774,-0.001525647521695983,0.0034168303014656004,-0.02912762018646439,-2.7974623268819284e-06,0.9995698609928119
1785497063.605792999,1789401685.740789,0.099936,-0.03032653382391169,0.0028292536177901358,-0.000688335240910054,0.003501742909399103,-0.028812201311168857,-0.00011058315659884696,0.9995787025660378
1785497063.705622435,1789401685.811843,0.099829,-0.03741635839745983,0.00813776621220935,0.002476192917563236,0.003524390340994867,-0.028660994426686456,-9.7951152736257e-05,0.9995829712819272
1785497063.805514336,1789401685.931767,0.099892,-0.0208425848495628,0.00986190553148442,0.00040722414637012205,0.0035196431754948186,-0.028462414543343813,-8.773845414221497e-05,0.9995886630871123
1785497063.905493259,1789401686.044604,0.099979,-0.026064275335372027,0.012377590778342148,-0.0021502429764651,0.003506742896566025,-0.02865571418841485,-6.258251425194412e-05,0.9995831875747385
1785497064.005741119,1789401686.122580,0.100248,-0.0226664338932216,0.012188847403560346,-0.0008570236732343139,0.0035741748100694974,-0.028560540945569757,-2.902654594540803e-05,0.9995856741334481
1785497064.105951548,1789401686.227399,0.100210,-0.022510426780535865,0.013968617980618001,0.0017680034542887357,0.0035350036953415683,-0.028611124837241295,-2.5816639737391572e-05,0.9995843669335568
1785497064.205644131,1789401686.331353,0.099693,-0.032729339398875845,0.012477747322666571,0.0021135769670312943,0.0036983589673756385,-0.02916232617315095,-3.4215113403004764e-05,0.9995678464729054
1785497064.305518150,1789401686.426693,0.099874,-0.02533304785723888,0.009874192136768364,0.0028794588530798304,0.003839079901776999,-0.02846389987985226,-5.169799524243882e-05,0.9995874474984625
1785497064.405558348,1789401686.551431,0.100040,-0.027213615081904813,0.008332978723606091,0.0019771000404578687,0.0038223361896898744,-0.02873828063893627,-0.00010605220309688852,0.9995796565181474
1785497064.505767107,1789401686.606445,0.100209,-0.02781054532888693,0.017822211415357846,0.0013805137654069322,0.0029733011396952526,-0.02899569816403666,-0.00041025170331630254,0.9995750300312074
1785497064.605648756,1789401686.717834,0.099882,-0.03399660079054202,0.016959491140210736,-0.00018292035110295535,0.0033306619009431113,-0.029659495449689842,-0.00048288386126023433,0.9995543946400238
1785497064.705572844,1789401686.822756,0.099924,-0.029494172530827735,0.014565298737025075,-0.001696607490205837,0.0036070403726102583,-0.02919238802814066,-0.0007116506381014226,0.9995670499243013
1785497064.805576086,1789401686.912701,0.100003,-0.044267577409490166,0.017518816697010955,-0.002706985091217362,0.003303260233784596,-0.03061474650903119,-0.0009829442102665255,0.9995253171324535
1785497064.905728817,1789401687.018504,0.100153,-0.03141486181167652,0.00756141700654575,-0.0023647397766856093,0.004271913507165445,-0.029109328796724572,-0.0013550050005911101,0.9995661867497703
1785497065.005765200,1789401687.120064,0.100036,-0.01517645809541942,0.0028228209889305323,0.0025195058215894406,0.003930804201523049,-0.02616604561416993,-0.0018469649647657959,0.9996481758877697
1785497065.105611086,1789401687.236913,0.099846,-0.02530452987765789,-0.012456735195912411,-0.0016121428900757184,0.004715823696856663,-0.02733602266694298,-0.0020161554485342886,0.9996131441657315
1785497065.205482006,1789401687.488938,0.099871,-0.01924397047131307,-0.009727236290856802,-0.0013239782774743247,0.0037957213644522207,-0.026486932430622258,-0.001863292399842492,0.9996402168036516
1785497065.305991173,1789401687.535363,0.100509,-0.014610460689684385,-0.010906696025452047,-0.0026921953427219703,0.003521763992354378,-0.025977835473740683,-0.0019537362028253045,0.9996544063612238
1785497065.405821800,1789401687.587928,0.099831,-0.018959446120974444,-0.00757840249534159,-0.0016340581374749696,0.0028163527012580463,-0.026210748243239032,-0.001985778178957315,0.9996504996843195
1785497065.505584955,1789401687.663910,0.099763,-0.03244226623224855,0.004166435785861024,-0.005564755108003416,0.0024941273750028487,-0.024570859106947923,-0.002251226085438154,0.9996924448011877
1785497065.605372429,1789401687.709944,0.099787,0.015605667071236076,-0.03144657295503224,-0.011095482724200245,0.0023693955686259227,-0.024253057468789307,-0.001993242946302984,0.9997010563917054
1785497065.705708504,1789401687.844634,0.100336,0.0023408643627758213,-0.0029923545589376765,-0.0025490356095038136,0.0019393232689509355,-0.024382512686249923,-0.0017800869646457105,0.999699236466069
1785497065.806258440,1789401687.936238,0.100550,-0.011587832759049968,-0.015470139023642039,-0.001453480787952488,0.0021475676254954883,-0.024456087632280275,-0.0019592212733458864,0.99969667858961
1785497065.905811787,1789401688.021084,0.099553,-0.022551302338489024,-0.0007670542372917079,0.0020044533611736637,0.0016405697407208856,-0.024633852175943105,-0.0016669015188280599,0.9996938047708938
1785497066.005471945,1789401688.104615,0.099660,-0.03789769982537451,0.011741924383893288,0.003831975957384992,0.0012223405832055777,-0.02504959641069227,-0.0008707849735073742,0.9996850830820524
1785497066.105477333,1789401688.243200,0.100005,-0.04681414802266617,0.014881884979498633,0.0028044502733286514,0.0016773686699363439,-0.024920066117505607,-0.0010011218784642718,0.9996875384309383
1785497066.205750942,1789401688.312686,0.100274,-0.04863271266675477,0.015232761009313213,0.003975975857777925,0.002137679897565971,-0.02446714199687965,-0.0008739999712909777,0.9996979670937068
1785497066.305711508,1789401688.399393,0.099961,-0.05375955373274585,0.02112567218134245,-0.0005550129184241359,0.0026762010158701386,-0.024650102970880335,-0.0008390841421725802,0.9996922057861474
1785497066.405564547,1789401688.535102,0.099853,-0.04365203911695502,0.021211776309114555,0.0004593029605714505,0.003390232806582685,-0.023730271064608954,-0.0007844363492996547,0.9997123412344443
1785497066.505451679,1789401688.608948,0.099887,-0.05121863402903992,0.013091355450567279,-0.0008860739542480012,0.004398811679737101,-0.024610408855142162,-0.0007753971422943993,0.9996871395547627
1785497066.605485439,1789401688.745371,0.100034,-0.05693652886921462,0.008973916609664345,-0.00043679948757657794,0.004754603731638694,-0.02504054535677107,-0.0007872801018709955,0.999674819639744
1785497066.705686808,1789401688.840089,0.100201,-0.0495647284442393,0.013714138764133597,-0.0010011114796721898,0.00426024466292325,-0.024276460022976513,-0.0007139515891067667,0.9996959508157548
1785497066.805686474,1789401688.920652,0.100000,-0.054815072753200224,0.00844263131197423,-0.0014199445016988554,0.004834166936846127,-0.0249544257351347,-0.0007749011591782955,0.9996766012038958
1785497066.905511618,1789401689.012933,0.099825,-0.03595676330163529,0.0025203758130905177,-0.0013610686094207014,0.005165842179708454,-0.02340799961375983,-0.0008217768411239223,0.9997123107732558
1785497067.005470753,1789401689.141694,0.099959,-0.027839856080385472,0.00796890715548961,-0.00047910637404818823,0.004422517347993329,-0.023495018774510004,-0.0007919952187812831,0.9997138581498151
1785497067.105576277,1789401689.225902,0.100106,-0.027090978095958493,0.0013471744357544373,-0.0005636919634156579,0.00497657798466149,-0.024183181640409543,-0.0008348331848282805,0.9996948086546144
1785497067.205717802,1789401689.482570,0.100142,-0.02084431192156519,0.006911882782146512,-0.0017082020784517926,0.004171022476605078,-0.02418847161295348,-0.0007349566812242947,0.9996984446578522
1785497067.305515528,1789401689.537592,0.099798,-0.01036563131301288,0.009115922830166164,-0.002028145266604997,0.004124319033746936,-0.02399217341644955,-0.0007381700103190407,0.9997033663604528
1785497067.405409813,1789401689.577435,0.099894,-0.004574011429982636,0.013184308215483139,-0.000989784723698095,0.003980320136959764,-0.024196490897630086,-0.0007164457182345603,0.9996990415047512
1785497067.505628109,1789401689.629458,0.100218,-0.02942619283002898,0.008842487084029798,-0.004122631348913497,0.00381031330959387,-0.02368783961961199,-0.0006562344580012638,0.9997119270685417
1785497067.605815649,1789401689.719431,0.100188,-0.10114048889054689,0.02410915864288194,-0.0040001093480493966,0.004024476162683172,-0.023547213949438553,-0.000658130808113515,0.9997144088042333
1785497067.705622673,1789401689.826221,0.099807,-0.034844922207415,0.021250384424063455,-0.007321191578434083,0.004218260300526362,-0.022740468286882098,-0.0006535152122949537,0.999732289315555
1785497067.805482864,1789401689.902685,0.099860,-0.03643294250773796,0.004918329127885156,-0.004211336025905843,0.004565514699292732,-0.02299757641289083,-0.0006697954752606096,0.9997248716165903
1785497067.905465603,1789401690.005547,0.099983,-0.03692639699886718,0.012282394719975017,-0.0032307490961229757,0.0041873668168129355,-0.023184714818416986,-0.0006135444922527872,0.9997222406854861
1785497068.005597353,1789401690.098218,0.100132,-0.04238845232469578,0.020191444147556557,-0.004917526161639096,0.0037959267738013197,-0.024203509714688338,-0.0005771889264749199,0.99969967885887
1785497068.105582476,1789401690.239449,0.099985,-0.036428542161176976,0.0052001667818090975,-0.004078558619332429,0.004591045658747874,-0.024064648922333082,-0.0006160908482973894,0.9996996726038458
1785497068.205604553,1789401690.322767,0.100022,-0.03332233009856339,0.01694516554785081,-0.0013890437831013402,0.003536469507196552,-0.02426624858630812,-0.000554825343004776,0.9996991221022338
1785497068.305296183,1789401690.413549,0.099692,-0.031839486660971666,0.02186047571836181,-0.0027455297486048136,0.003401530488027882,-0.02455583538634593,-0.0005601003252420797,0.9996925161401425
1785497068.405486584,1789401690.541842,0.100190,-0.02788375610014928,0.02386192106750315,-0.0021655798997569087,0.0034948763457530877,-0.024714663378585095,-0.000544031263674845,0.9996882890599255
1785497068.505443335,1789401690.601862,0.099957,-0.034259349316427094,0.019023673627578928,-0.000697497831976035,0.00410063854862332,-0.02568205998702323,-0.0005733606154845608,0.9996615866462445
1785497068.605718613,1789401690.747995,0.100275,-0.037827572029597245,0.02170697081447887,-0.0012780039042002977,0.003861841693875122,-0.02615620879836723,-0.0005244465539098504,0.9996502707827402
1785497068.705538273,1789401690.860893,0.099820,-0.04246388904441027,0.018946327938969762,-0.0013926844704381658,0.004160680379241803,-0.026615258178830984,-0.000569714935447679,0.9996369301881128
1785497068.805410624,1789401690.924867,0.099872,-0.048678243706549704,0.019510617916654566,-0.0024507898274098716,0.00403933189733621,-0.027049835856750137,-0.0005357272142398678,0.9996257815675142
1785497068.905607224,1789401691.040226,0.100197,-0.04307158700098061,0.020516807212881568,-0.0038424055558985426,0.003934232553323394,-0.026390281849687645,-0.0005225019502487224,0.999643837489127
1785497069.005856991,1789401691.120682,0.100250,-0.05237364714634503,0.021601460932436478,-0.003678980876361204,0.0038800655823038213,-0.027184981230328503,-0.000545657944216258,0.9996227409098681
1785497069.105632782,1789401691.210277,0.099776,-0.04560865770864416,0.022629523470823455,-0.005234390195605176,0.003846838833089441,-0.026375804446271488,-0.000552142489072085,0.9996445437802589
1785497069.205518246,1789401691.351348,0.099885,-0.04626261037654647,0.019926517461228022,-0.0053651927011973966,0.004077187631821555,-0.026518404114023484,-0.0005730001758129566,0.9996398463722944
1785497069.305425167,1789401691.510973,0.099907,-0.04124750588564132,0.014398973470633895,-0.004930267433032709,0.0044188550339306475,-0.02615275203729192,-0.000632851686117927,0.9996479914349721
1785497069.405623436,1789401691.566447,0.100198,-0.05930294104511538,0.01389306651916217,-0.006046795991109133,0.004257540082112606,-0.02781638496886416,-0.0006007570649530046,0.9996038020990254
1785497069.505617619,1789401691.624377,0.099994,-0.045518059539157246,0.01633204199893396,-0.004681541102719067,0.003990091447560736,-0.02594447028851009,-0.0005872709938678958,0.999655249946024
1785497069.605538607,1789401691.701174,0.099921,-0.06374909283970066,0.010167563707830637,-0.0030239425490474203,0.004541934013708924,-0.024226928573569124,-0.0005441985670653489,0.9996960191055249
1785497069.705382824,1789401691.836444,0.099844,-0.040758686943215605,0.02527416846239817,0.0013161867903500601,0.004637073615300468,-0.023932525078601944,-0.0005578272247260058,0.9997026661065997
1785497069.805571318,1789401691.914465,0.100188,-0.06360787890284471,-0.012497266395875478,0.0030771006142475965,0.005020123951531087,-0.025304788208310683,0.001956237503684387,0.9996652635679021
1785497069.905566454,1789401692.028065,0.099995,-0.02936477020289354,0.0005413652859960095,0.03335063893072604,0.0021283081400714963,-0.02688230627677515,0.0007824521939029176,0.9996360336054698
1785497070.005582333,1789401692.135695,0.100016,-0.07042947142040823,0.0026863425685571016,0.060323058705539,-0.0007165045698827067,-0.02889265465321115,-0.0004437068098579623,0.9995821648332701
1785497070.105434418,1789401692.213187,0.099852,-0.08031161840692727,-0.017737867025350993,0.027151758389091285,0.0011008945866688195,-0.030441256186002772,-0.0005191679228462472,0.9995358164757295
1785497070.205447435,1789401692.341314,0.100013,-0.11879715341704052,0.015642329816702813,0.030985741260640576,0.000646747990509532,-0.026335521413762043,-0.00019561572637687765,0.9996529316535805
1785497070.305851936,1789401692.421147,0.100405,-0.20151193980597132,0.004216578942377347,-0.02615029422703219,0.006333057731439609,-0.02744066762270645,0.0006076383189189763,0.9996031877280468
1785497070.405661583,1789401692.522691,0.099810,-0.2603107101881048,-0.011672969431029714,-0.013144138562146468,0.008152313459874721,-0.029535396599852454,-0.0002801984281288637,0.9995304505726629
1785497070.505505800,1789401692.615620,0.099844,-0.32261811027073883,-0.027572509237631507,-0.020122884342434533,0.009984711193568238,-0.030618512347143977,0.0002958133861843855,0.999481227807045
1785497070.605406046,1789401692.713959,0.099900,-0.34908441003957,-0.019562520817702687,-0.031973189137613045,0.00998176195944399,-0.025689556896274807,0.00037519483087736797,0.9996200629857855
1785497070.705529213,1789401692.825453,0.100123,-0.3794784527841984,-0.01607841328625113,-0.03122534097962315,0.009495402616948829,-0.02467500653841676,0.0042540294278590254,0.9996413780027867
1785497070.805766106,1789401692.908501,0.100237,-0.4204849521098158,-0.020112081497677257,-0.031637825248842566,0.010030718459286818,-0.024495244454188082,0.003497152274330544,0.9996435052620017
1785497070.905753136,1789401693.008306,0.099987,-0.43724629818693816,-0.02066589478176868,-0.027811247687357266,0.00975194691636301,-0.022652150454244405,0.002616828570686059,0.9996924186066338
1785497071.005509853,1789401693.107585,0.099757,-0.4225981826897055,-0.011720948916567813,-0.01866104818031228,0.008504494416927133,-0.017796435510954518,-9.487293694410352e-07,0.9998054613059109
1785497071.105371714,1789401693.208466,0.099862,-0.47073360277568677,0.0037902239701560515,-0.014928233468430696,0.005466723693608157,-0.018747422843629662,0.002626930940452495,0.9998058553053599
1785497071.205624342,1789401693.479565,0.100253,-0.4559621947381715,-0.004571478207145786,-0.01559787595772344,0.00573388923047591,-0.015396860665866338,0.0007450011865768988,0.9998647429374768
1785497071.305789948,1789401693.529536,0.100166,-0.4561777316594749,-0.001667621452822227,-0.013329503230342765,0.004487282079531137,-0.014464762426951522,-0.0018168287872692191,0.9998836602729797
1785497071.405505657,1789401693.595200,0.099716,-0.431851905979216,-0.011498765431494768,-0.01032311590199636,0.00483757413759067,-0.012210489284086594,-0.005141167720366547,0.999900530164201
1785497071.505411863,1789401693.666345,0.099906,-0.414710019876245,-0.00033863339839496727,-0.015613834625217426,0.004726737481633584,-0.016258880279962626,-0.009597512559275635,0.9998105793187783
1785497071.605499744,1789401693.700732,0.100088,-0.5371478854053898,0.02188249781823971,-0.00499303572427906,0.005573055489167506,-0.01819314167694939,-0.020725517306074578,0.9996041234314093
1785497071.705689430,1789401693.845596,0.100190,-0.5004144554538931,0.0041434557261529215,-0.03496627414953685,0.0064655410041192475,-0.0189687538145391,-0.033536414692260756,0.9992365545995937
1785497071.805499554,1789401693.934172,0.099810,-0.49629456633265046,0.028146980581094227,-0.010972303738132405,0.005304563298098684,-0.020575953543359143,-0.04304520684074632,0.9988471364088989
1785497071.907017708,1789401694.043393,0.101518,-0.5303606993920431,0.024344456104469833,-0.022213152433451733,0.006191367306933675,-0.021576225331998385,-0.0412886309707464,0.9988950807888076
1785497072.005706310,1789401694.140440,0.098689,-0.5112418202060618,0.020773103455907826,-0.02753168385367938,0.006742899417541982,-0.019960710665695196,-0.04332549869402573,0.9988388280900482
1785497072.105653048,1789401694.205657,0.099947,-0.5265518221361634,0.04047664480050134,-0.007745246011073459,0.002742949620332446,-0.021133639864258567,-0.04714425139906539,0.9986607357124381
1785497072.205528498,1789401694.354006,0.099875,-0.5664041821734505,0.020346772455063063,-0.01214105012510086,0.00284239831393307,-0.02635561889403273,-0.048703464781245216,0.9984614537592608
1785497072.305508375,1789401694.438571,0.099980,-0.5716384748410303,0.03936220320605205,-0.0041084649942970675,-0.0003877904364225796,-0.02742486955075854,-0.051125482196024835,0.9983155369016051
1785497072.405422688,1789401694.525144,0.099914,-0.5956343095908813,0.06422466387187756,0.03148207721168034,-0.005069339442558977,-0.02701113563198077,-0.051021689641073564,0.9983193314445392
1785497072.505682230,1789401694.624953,0.100260,-0.655914673438105,0.0457824929386553,0.019334182441380465,-0.00109002734682915,-0.032634960073799624,-0.05037978161375155,0.9981961975614468
1785497072.605579853,1789401694.705409,0.099898,-0.6913540918177812,0.04932482498894914,-0.000338915106008586,0.0032044475441301164,-0.02656385223122331,-0.047539386583670816,0.9985109413491877
1785497072.705433369,1789401694.810929,0.099854,-0.7372574514825836,0.0448680640778794,-0.005825199781502366,0.006402669534981894,-0.02876183988958407,-0.044131321673739,0.9985911019213729
1785497072.805423975,1789401694.901324,0.099991,-0.7638035134479196,0.06365429419834609,-0.021398689953544492,0.0041294439380145775,-0.03312491855991465,-0.04225095399976584,0.9985492197931547
1785497072.905470371,1789401695.039403,0.100046,-0.8180692198563159,0.0471075778523231,-0.013419674358656208,0.0095100797898349,-0.03619146551384633,-0.04057905634257451,0.9984753759572368
1785497073.005629063,1789401695.114452,0.100159,-0.9171122191723479,0.052601318687930165,0.003943688172814708,0.005423462632335463,-0.04560501503787221,-0.044347088335381805,0.9979599713479943
1785497073.105459213,1789401695.233168,0.099830,-1.0184005721063738,0.0340396363390867,-0.018643928638836293,0.009450422641315518,-0.050536695823961655,-0.05005019699570226,0.9974225331663745
1785497073.205421686,1789401695.346406,0.099962,-1.1108569194247082,0.039201762169135686,-0.015004762470397004,0.006774966434738784,-0.049106187960636906,-0.051502650497376325,0.9974418073881631
1785497073.305598259,1789401695.434909,0.100177,-1.2214874878280264,0.040253648404535124,-0.02211079666242799,0.005914588334734272,-0.04884491187328724,-0.055108263730349716,0.9972674022035323
1785497073.405668974,1789401695.677547,0.100071,-1.2664305299588605,0.052632532539786496,-0.02388589194904317,0.004196312215069496,-0.04168877897805975,-0.05861583651863384,0.9974009326146449
1785497073.505483389,1789401695.757398,0.099814,-1.2646796619058296,0.052296139038573095,-0.01901202650650824,0.0030986093875193807,-0.03337394758521337,-0.05718896907021771,0.9978005813083897
1785497073.605350971,1789401695.818604,0.099868,-1.2829842084025094,0.0666505773584773,-0.02488639276825927,0.0013486923463496212,-0.02971044070862301,-0.05637566424510654,0.9979665601727444
1785497073.705525160,1789401695.861383,0.100174,-1.3280781472363632,0.03718260834833242,-0.04105103054900816,0.0033865152755471516,-0.022646993537047463,-0.04660032394783027,0.9986511177614634
1785497073.805709839,1789401695.915312,0.100185,-1.2649000045989784,0.05181390219266373,-0.015013884777053399,0.0035079188297624116,-0.0238595427495574,-0.04059483878186421,0.9988846158539973
1785497073.905567169,1789401696.004498,0.099857,-1.30318868374632,0.08853559571363777,-0.03864821326918294,0.0022705455959183083,-0.02023231767476202,-0.0374735265445056,0.9990902025106508
1785497074.005388737,1789401696.093452,0.099822,-1.3181782791317609,0.08766754824399843,-0.002725950410043032,0.0003544648848970648,-0.017659273328347186,-0.036540617588223835,0.999176064408412
1785497074.105341434,1789401696.195104,0.099953,-1.3280025569620653,0.09498591912443245,0.011743765275257445,-0.0021634083098796063,-0.018645879421253973,-0.03445561916633347,0.9992299340758419
1785497074.205655098,1789401696.294838,0.100314,-1.3762035862426691,0.07939482295633389,-0.007530503673300493,0.000995757055139943,-0.023586821070248478,-0.03041772372201683,0.9992584412570923
1785497074.305424929,1789401696.415176,0.099770,-1.3907953582461523,0.0860157399489388,0.011661900032146177,0.0039163463645609095,-0.022283985466289312,-0.02620994194978144,0.9994003828127047
1785497074.405412912,1789401696.526906,0.099988,-1.4535350849176378,0.07662933823932642,0.012574126652630524,0.00715759928578381,-0.025441263103822855,-0.019187284360803344,0.999466537220388
1785497074.505369186,1789401696.626797,0.099956,-1.5113770212135735,0.07692850868208168,-0.007633634097330089,0.007210612002250146,-0.023014999719058182,-0.015929265696980235,0.999582200400324
1785497074.605573416,1789401696.723056,0.100204,-1.5446488441409734,0.07869357258315482,-0.0065284983522719275,0.006111228212885102,-0.02124262049643125,-0.015170034236837373,0.9996405724187781
1785497074.705606937,1789401696.813483,0.100034,-1.5703638027848918,0.07722669889464183,-0.0035279584392017282,0.003163226444883005,-0.01911773170526909,-0.0158882855798254,0.9996859850545827
1785497074.805516481,1789401696.927237,0.099910,-1.5783503693547316,0.0809908112414104,-0.0035030954468251996,0.0009787360079749556,-0.020483267091625665,-0.01829013811838999,0.9996224030567746
1785497074.905416250,1789401697.036903,0.099900,-1.5931126562013238,0.08942048301351221,0.0167222732487316,-0.002412359380972804,-0.01819361073823577,-0.02730793743316552,0.9994585782332194
1785497075.005427122,1789401697.125085,0.100011,-1.629637207724013,0.10374751502450505,0.01898703704424287,-0.0034679577879384196,-0.01870309855025203,-0.03649992616043168,0.9991526023405893
1785497075.105987787,1789401697.206978,0.100561,-1.6716090751738208,0.09513841051950893,0.00956382569387565,0.0008018446669130372,-0.018059118960017544,-0.036951426434757635,0.9991535504376904
1785497075.205539703,1789401697.323484,0.099552,-1.7392205895383017,0.09587585918966743,0.0005902742497165825,0.003960897901388831,-0.019286070358085806,-0.03931313940839608,0.9990329503315185
1785497075.305404425,1789401697.397867,0.099865,-1.7964506202658386,0.09260935931169768,-0.0006428708853633003,0.005930776825623997,-0.02158802907242017,-0.04319715375378748,0.9988156931060228
1785497075.405414104,1789401697.503098,0.100010,-1.818610325738192,0.08579600482533198,-0.000816627088055355,0.006704560060751277,-0.01990852724118716,-0.047429591125012646,0.9986536603364893
1785497075.505567551,1789401697.661796,0.100153,-1.986218734596738,0.08900928020147261,-0.037184585861160024,0.007908699619062333,-0.01774719264459755,-0.05111313117879794,0.9985038494893118
1785497075.605616808,1789401697.703469,0.100049,-2.0115260596031406,0.11390483847842663,-0.046540427116367244,0.00619451044514236,-0.010763570899780977,-0.05786713190880627,0.9982470478928425
1785497075.705533266,1789401697.812284,0.099916,-1.9968344393324744,0.12923988224141061,-0.04864462596960395,0.005438226484418665,-0.002795249838576072,-0.06541389319275402,0.997839483508594
1785497075.805398941,1789401697.933816,0.099866,-2.0107862036229,0.14541765632172501,-0.04695168728150345,0.004980712577736131,-0.0022161662176854308,-0.07550561858776023,0.9971304742467096
1785497075.905543566,1789401698.025726,0.100145,-2.046827393547879,0.1396514281930818,-0.050991541194464474,0.008367330496011774,-0.001783348448788907,-0.08587557138520578,0.9962691371753963
1785497076.005600214,1789401698.103632,0.100057,-2.090371635489807,0.1721656355865407,-0.053783665262171876,0.009414098969489483,-0.002073624291014964,-0.09340647815228127,0.9955813902752176
1785497076.105404615,1789401698.227039,0.099804,-2.1185667888684967,0.16041646565934017,-0.047087297605868994,0.009379908030219278,-0.004573988700278475,-0.1054170260877784,0.9943733436510485
1785497076.205360651,1789401698.336216,0.099956,-2.1410669514107585,0.16401490331102786,-0.048295175758744424,0.009650164840158008,-0.004384027305702371,-0.11674014290509656,0.9931059327472928
1785497076.305521011,1789401698.444042,0.100160,-2.197321956009419,0.1650326654561231,-0.050309575520963434,0.011923714908827822,-0.008985001293128281,-0.13140988334417036,0.9912156865860354
1785497076.405567646,1789401698.534738,0.100047,-2.240589510003314,0.16914475436634413,-0.05115546049246855,0.011996146104359076,-0.014244227896675093,-0.14789673417590818,0.988827462437495
1785497076.505436420,1789401698.625033,0.099869,-2.2908833583972017,0.16990677107974517,-0.046229673038671315,0.011424994063024769,-0.01649897594344725,-0.15893062796107743,0.9870857656756936
1785497076.605355978,1789401698.701955,0.099920,-2.325193739541174,0.17592787318529388,-0.04041409121695111,0.011151848459023726,-0.01709402575298194,-0.16949299996138378,0.9853200259427293
1785497076.705473423,1789401698.834022,0.100117,-2.351948366737409,0.1684476425173582,-0.03882245775725662,0.012044304677541338,-0.017152810773718028,-0.17866821876761385,0.9836861203707123
1785497076.805614710,1789401698.911806,0.100141,-2.3441608750349885,0.16005894413939437,-0.037950903378105194,0.01191539920421022,-0.013799305955876513,-0.18813095835474627,0.9819747170501072
1785497076.905428886,1789401699.004134,0.099814,-2.3476500915722998,0.15511052838619746,-0.03897726863087464,0.01214092277178644,-0.014175607928452455,-0.19741569988072702,0.9801421792652725
1785497077.005359650,1789401699.106429,0.099931,-2.324229124366377,0.1519032473870009,-0.03630514024417869,0.011358578920520343,-0.011697835997817206,-0.20532270851280962,0.9785584952811964
1785497077.105474949,1789401699.210568,0.100115,-2.302501564103023,0.15562047010735916,-0.0453175555536488,0.010050708179015818,-0.011131445351699056,-0.2100878729239086,0.9775674707353696
1785497077.205591679,1789401699.309002,0.100117,-2.2865893869087803,0.15579897100639423,-0.04616172768328991,0.009867810300529606,-0.012670940713447232,-0.21092129110784474,0.9773711078903786
1785497077.305471897,1789401699.413054,0.099880,-2.2817388664670597,0.1562530454111784,-0.04122439512295761,0.008138065486189892,-0.014538417386417738,-0.21534545493628468,0.9763957913410318
1785497077.405344009,1789401699.504733,0.099872,-2.3068943827039985,0.16857348563082342,-0.037076701049282734,0.007502685097046288,-0.016991519486567883,-0.22810597673419186,0.9734591215660566
1785497077.505390882,1789401699.629300,0.100047,-2.142390070465916,0.1661313811997357,-0.12332050441797787,0.013289996479227307,-0.05301246801691395,-0.23840309879967694,0.9696272565843072
1785497077.605606794,1789401699.729662,0.100216,-2.207184758824061,0.1831903697694203,-0.12606001738788059,0.01384757987026026,-0.05814135388560715,-0.2432218864247236,0.9681275440065951
1785497077.705482244,1789401699.809966,0.099875,-2.223840964363818,0.19334747174250436,-0.12699938170362168,0.015050954822119334,-0.05687685268470432,-0.25365151686571974,0.9655047386623719
1785497077.805340528,1789401700.112408,0.099858,-2.2488565833053022,0.216508114536226,-0.1281539861955467,0.014791136695682407,-0.05820222263148731,-0.2601652868732293,0.9636948412554261
1785497077.905395508,1789401700.162805,0.100055,-2.2543445226045424,0.22837143733223705,-0.12790564123695447,0.014279985941895177,-0.05716094934679048,-0.2609454413912282,0.9635539343952448
1785497078.005592346,1789401700.239651,0.100197,-2.2969169537669964,0.24595015813927373,-0.13222676238566772,0.015659942951678024,-0.059012747546424306,-0.2678117272810213,0.9615347838454257
1785497078.105507135,1789401700.313006,0.099915,-2.3049534145399067,0.24842411345188195,-0.13508545948674272,0.018284401904533315,-0.057668420369947695,-0.27817892761254825,0.9586221978295183
1785497078.205921650,1789401700.363389,0.100415,-2.2968837626752596,0.25581315191101844,-0.1337395082232007,0.018142279155902632,-0.05643465504816761,-0.28386578903468723,0.9570298852347662
1785497078.305381536,1789401700.425237,0.099460,-2.3026139559289174,0.2657505606298881,-0.13002612926459978,0.01709264248653558,-0.05540448118179125,-0.28313828947023484,0.9573248633947651
1785497078.405627489,1789401700.502685,0.100246,-2.300246683795849,0.2632148414121094,-0.12882077611266401,0.017211702345745674,-0.05521688531044501,-0.28173253097732776,0.9577482100574328
1785497078.505529404,1789401700.634207,0.099902,-2.2955827355709597,0.2677294252021054,-0.11744437074774106,0.015349127679611331,-0.052918886722984365,-0.2815882942208342,0.9579519968481764
1785497078.605396271,1789401700.746423,0.099867,-2.3123460307101427,0.2880780174964928,-0.1118984721250505,0.011029488124081756,-0.05667982046162755,-0.286012352757531,0.9564845437404571
1785497078.705296278,1789401700.835086,0.099900,-2.324410665294342,0.29609047331014854,-0.10762834607261501,0.011528503454550717,-0.05629014836158192,-0.2886341883369903,0.9557137741649981
1785497078.805564165,1789401700.937598,0.100268,-2.3500488112140294,0.31697770610794607,-0.1171752417787924,0.01123198730428889,-0.058327798116790244,-0.2848780050587681,0.9567216066661769
1785497078.905773878,1789401701.037982,0.100210,-2.3735502109476263,0.31710861466814055,-0.12617847647100988,0.01462522360751374,-0.059805731762264315,-0.28208640716653366,0.9574114247150071
1785497079.005425453,1789401701.144946,0.099652,-2.4017520471796594,0.3219252865834257,-0.1345616058376925,0.015522879969147271,-0.06158353075009162,-0.2797408530912214,0.9579726322028964
1785497079.105295420,1789401701.232388,0.099870,-2.407309038905646,0.33211251847226064,-0.12953885639679263,0.01442996707974882,-0.05993261958044023,-0.2745857980334857,0.9595845437890059
1785497079.205484390,1789401701.341658,0.100189,-2.437646254775073,0.3257530675912237,-0.13466544492592536,0.016064108083574825,-0.06197665328384699,-0.2704315443100243,0.9606079422539917
1785497079.305796385,1789401701.439774,0.100312,-2.439170608841656,0.3353163525660706,-0.13292146805100952,0.015425231607861972,-0.060115280675777885,-0.2649532626013139,0.9622619102386724
1785497079.405495644,1789401701.526195,0.099699,-2.461913896351859,0.3300820462569004,-0.14578491835035978,0.018020761942741815,-0.06133446882090473,-0.2629167016463685,0.9626983655688834
1785497079.505350351,1789401701.688583,0.099855,-2.5371705632557973,0.3273053734564531,0.02630381781478347,0.004776599854606425,-0.016808824581139366,-0.2614866169713933,0.9650489089445358
1785497079.605337620,1789401701.848321,0.099987,-2.5757127619962747,0.35797906532195634,0.028883616469960682,0.001288466056496381,-0.021738459464219186,-0.2559368821449191,0.9664481836050182
1785497079.705617189,1789401701.896806,0.100280,-2.591949188275459,0.368641951009322,0.028975147791072742,-0.0018050459300014141,-0.021022011329659154,-0.2501749980931419,0.9679707057437762
1785497079.805525780,1789401701.976303,0.099909,-2.616653468478054,0.39256899671750006,0.027974767445910653,-0.002929471587349916,-0.019457132226788146,-0.2416107567435733,0.9701737372386935
1785497079.905348301,1789401702.062994,0.099823,-2.619361264200526,0.3919629240883487,0.010821408133669663,-0.0010994456381539957,-0.018470127939697267,-0.23804946021263645,0.97107677352814
1785497080.005341530,1789401702.140906,0.099993,-2.6503653194892647,0.39993495076742613,0.009318491241032512,-0.000583261810327735,-0.02040798987751878,-0.23567281692237596,0.9716179790014509
1785497080.105556965,1789401702.233572,0.100215,-2.650659624550928,0.3990561672343792,0.027949279625576362,-0.004005297295761058,-0.02203221703006934,-0.23307593877480037,0.9722006715543514
1785497080.205499411,1789401702.357847,0.099942,-2.681660596941026,0.4000130573147584,0.02774334004830714,-0.0010667586653271921,-0.023638580990236767,-0.22994082584295922,0.9729169009353019
1785497080.305373669,1789401702.459970,0.099874,-2.738195356674123,0.4357610375428675,0.01949717396283518,-0.002778812310542237,-0.024989658101581352,-0.227885052637099,0.9733633432459193
1785497080.405324221,1789401702.551426,0.099951,-2.775550363655649,0.4505613774738038,0.030766582564721534,-0.0058788001759252796,-0.023445474483487883,-0.22922229758770948,0.9730739374392493
1785497080.505463362,1789401702.707869,0.100139,-2.795529316998869,0.44123585062645004,0.03267929799845687,-0.004449845481359608,-0.024727013139524398,-0.22161167108771807,0.9748112847799216
1785497080.605595589,1789401702.762193,0.100132,-2.826455573947754,0.46002907983973745,0.027355046646038883,-0.001483978313408,-0.023406900085137208,-0.21236693546636445,0.9769084908821218
1785497080.705427170,1789401702.825971,0.099832,-2.8746753987713975,0.46135049701602837,0.015355421155522853,0.004292083481549553,-0.023788847026293615,-0.20294199201523794,0.9788923417075198
1785497080.805308104,1789401702.901032,0.099881,-2.8962199806110576,0.47752471141145686,-0.11437460255172716,0.009642668214834864,-0.04715313328237348,-0.19472772775252223,0.9796758203691237
1785497080.905375481,1789401703.045116,0.100067,-2.9294935968288627,0.4763854478151725,-0.10783179279512317,0.007462452117269716,-0.05363174277485284,-0.18769683245560867,0.9807333210723954
1785497081.005618334,1789401703.124545,0.100243,-2.94898746791927,0.4974557109572405,-0.12303480875395373,0.011655133797414579,-0.046888418141806526,-0.17884665820401424,0.982689934287422
1785497081.105479717,1789401703.210869,0.099861,-3.007970421678309,0.5225064692775521,-0.1291811697089545,0.010616102645203561,-0.0467055946508125,-0.1742018454211281,0.983544408171312
1785497081.205339670,1789401703.308952,0.099860,-3.074578827965203,0.5594401367829835,-0.12141902874409694,0.0055340886010579035,-0.0451432968139523,-0.17643871955472462,0.9832603087983631
1785497081.305310488,1789401703.418853,0.099971,-3.158219007239471,0.5816589827430073,-0.10582235827470515,-0.0005411133420981202,-0.041598796615055826,-0.18290089105821883,0.9822507375242197
1785497081.405517817,1789401703.508683,0.100207,-3.2172816000664715,0.5935421353516458,-0.11178823988146147,-0.0009209526345312051,-0.041197662804148945,-0.18629119097751265,0.9816300202164413
1785497081.505539656,1789401703.629230,0.100022,-3.269572687778801,0.5868176449585883,-0.12325788476443594,0.0047819756848334295,-0.040977806957241514,-0.18792943080216354,0.9813156887995464
1785497081.605306625,1789401703.721676,0.099767,-3.3347345035537397,0.6336423588023745,-0.11441847773730257,-0.00396227131609133,-0.04275332200541917,-0.19141392031007903,0.9805698164716631
1785497081.705315351,1789401703.800871,0.100009,-3.379949720871781,0.606767018617406,-0.10310420679653615,-0.0003230993572116692,-0.05192568201517184,-0.18896492272981902,0.9806099515770816
1785497081.805595160,1789401703.894796,0.100280,-3.455244200755731,0.6000432941424848,-0.13477362497597967,0.009905189555361713,-0.05629127016057772,-0.19176203940511272,0.9797757398338657
1785497081.905460596,1789401703.994543,0.099865,-3.4956654018688793,0.6170801292731939,-0.14151839252549103,0.010726930113139382,-0.05594214791188704,-0.19344736943379265,0.9794557286149906
1785497082.005370140,1789401704.099638,0.099910,-3.5204830412527475,0.6196220649456194,-0.15394574759153057,0.013204687490896466,-0.05004853365161686,-0.19401739499637768,0.9796315791901737
1785497082.105305195,1789401704.316874,0.099935,-3.559934349444967,0.6493894759625654,-0.12348116944468884,0.019115045911256262,-0.044718712859859094,-0.19439410493583859,0.9797171957796812
1785497082.205502987,1789401704.349476,0.100198,-3.5934235877034206,0.6469649823323692,-0.12702021696791238,0.018469298481365377,-0.047888818877505915,-0.20000013511834266,0.9784505567441836
1785497082.305521488,1789401704.410757,0.100019,-3.632669406329297,0.697451840885482,-0.11769848524931714,0.014725964591862945,-0.050228760812881156,-0.20541427919343633,0.9772743685668408
1785497082.405407906,1789401704.506061,0.099886,-3.609862311343153,0.719729932891233,-0.07589416686285022,0.02336301076379596,-0.03549114732781202,-0.2134781821089472,0.9760233675241011
1785497082.505321980,1789401704.597394,0.099914,-3.5151991352362626,0.7584706183242792,-0.1016755059241739,0.0291484363263888,-0.04572615921227508,-0.2125423386232159,0.9756460635477482
1785497082.605475903,1789401704.715070,0.100154,-3.526971870152747,0.7963126802286334,-0.030250306694500795,0.01985994499906056,-0.048249307137424965,-0.21211664067663377,0.9758504586737025
1785497082.705476999,1789401704.797902,0.100001,-3.5146488944557146,0.8148127683330215,-0.009663490000164698,0.01292990205222271,-0.036589326035175666,-0.21566374244122555,0.9756962586018639
1785497082.805330276,1789401704.894651,0.099853,-3.6714941316468335,0.8681844296565421,-0.18007098700819685,0.013435566423411366,-0.010723765941103938,-0.2249183707733523,0.9742259557658035
1785497082.905276299,1789401704.994650,0.099946,-3.708378376688888,0.839735365787139,-0.12019422428025811,0.024123295862784926,-0.014674027395202073,-0.23233712599884673,0.9722253850828628
1785497083.005462885,1789401705.095549,0.100187,-3.753293876227598,0.7899119395546783,-0.10880963498822532,0.03062366383062789,-0.024012058453001518,-0.24172547698107802,0.9695640288505469
1785497083.105642796,1789401705.194296,0.100180,-3.856114093819275,0.8078703438603325,-0.20078512650226377,0.04237789930035858,-0.03383290430129449,-0.24887543073313814,0.9670162709153415
1785497083.205398321,1789401705.293832,0.099756,-3.9081488060224023,0.9082618477020691,-0.13510576724546847,0.030038546891010483,-0.024870641385658213,-0.2575327607476245,0.9654822701839905
1785497083.305118084,1789401705.394856,0.099720,-3.9930995219841185,0.9487170295833931,-0.11321782610331654,0.02693887279034265,-0.024347608883249133,-0.2657868055022434,0.9633477384078621
1785497083.405309677,1789401705.495488,0.100192,-4.068603404091807,1.0171688344917507,-0.16505237702516906,0.022316815137771378,-0.037833450469744255,-0.254663054026852,0.9660317379369971
1785497083.505658388,1789401705.610503,0.100349,-4.1412146348319805,1.0628911241744798,-0.15822315032708673,0.01958152401852729,-0.03592846899204654,-0.2406318741069724,0.9697535822037352
1785497083.605532646,1789401705.725075,0.099874,-4.174643082468627,1.0860926283381376,-0.16665212781711564,0.01974481653624689,-0.032458442346205645,-0.22907236859153923,0.9726676933508647
1785497083.705367804,1789401705.810806,0.099835,-4.208366989865167,1.0816586913876303,-0.16115748324872065,0.020703359940197244,-0.030729905867351272,-0.2293975053471972,0.9726272812919008
1785497083.805259466,1789401705.934710,0.099892,-4.191872494897068,1.0773489220685697,-0.163605119585432,0.020568594390205603,-0.025942439113594853,-0.23115795396196584,0.9723527770814385
1785497083.905364990,1789401706.019738,0.100106,-4.179863469983208,1.069355288410267,-0.16341438492377613,0.02050790677465943,-0.023831525194642305,-0.23070114787560986,0.9725165626022596
1785497084.005666733,1789401706.122006,0.100302,-4.11633857067836,1.0479704241297312,-0.16325773741208327,0.01990391332030115,-0.01895265909652015,-0.21921994192033406,0.9752882896930452
1785497084.105606079,1789401706.353359,0.099939,-4.121207783219249,1.039090248332597,-0.16168490230565702,0.018232547278836046,-0.02453258673322144,-0.20519242653728972,0.9782442407189965
1785497084.205374241,1789401706.457738,0.099768,-4.16216092152653,1.0695481784973382,-0.1608934318709107,0.015732454487615875,-0.030271351153604523,-0.2015511495180139,0.978883685277953
1785497084.305282831,1789401706.508492,0.099909,-4.105090768001987,1.0279731381974004,-0.15978197047125992,0.018584871422963365,-0.02454741643020578,-0.20229896038827627,0.9788396996070728
1785497084.405327082,1789401706.604875,0.100044,-4.099484705997964,1.021862798971865,-0.16151105257662868,0.01778836770995834,-0.027373633494307378,-0.20254855825918397,0.9787279191434709
1785497084.505390167,1789401706.767480,0.100063,-4.096759130318158,1.0237072537497065,-0.1643417499480505,0.016820659627088095,-0.03016936856217181,-0.19787667528229785,0.9796181378423668
1785497084.605485201,1789401706.894132,0.100095,-4.094109812585087,1.019606920041728,-0.17284542251280027,0.016712146409346592,-0.0320302490717394,-0.1840247575664501,0.982257428533718
1785497084.705296040,1789401706.962866,0.099811,-4.094782419412907,1.0144391516067752,-0.17185872527793133,0.015579907076736519,-0.0347744006298241,-0.17179534356129872,0.9843954324798821
1785497084.805321932,1789401707.042961,0.100026,-4.066638572738972,1.014943607038889,-0.18114702226662727,0.014094995916536977,-0.035318147941059724,-0.15874787019691447,0.9865865766491898
1785497084.905451775,1789401707.136742,0.100130,-4.067616029413482,1.009541729079308,-0.18242862936562682,0.014274728475665067,-0.03871715077818242,-0.14695292017857714,0.9882823754443196
1785497085.005528927,1789401707.239374,0.100077,-4.059555885078774,1.000477634857172,-0.17987481975316166,0.013377727084958074,-0.042206641413976925,-0.1346318613718599,0.9899060044986443
1785497085.105347157,1789401707.277796,0.099818,-4.052164250790436,1.0105235627327689,-0.1776941618824116,0.010663620814514982,-0.04286784907556551,-0.13607841978509572,0.9897127352802314
1785497085.205361605,1789401707.329075,0.100014,-4.085675311017131,1.0210765330078613,-0.17418919143617062,0.009489173021936985,-0.04666703044466554,-0.13855396538751374,0.9892092511397962
1785497085.305436850,1789401707.395188,0.100075,-4.0959771919118655,1.0187603596540342,-0.17572594986531326,0.00966530900189789,-0.04686244109365849,-0.13880350949190212,0.9891633227984632
1785497085.405460835,1789401707.505839,0.100024,-3.9888315794489286,0.9574076625439708,-0.17152377474954217,0.004827863139896058,-0.04689603134120292,-0.1394580090032401,0.9891051095344439
1785497085.505287647,1789401707.628524,0.099827,-3.98674847102302,0.9564628153166342,-0.16148856061661676,0.004207551885943502,-0.04767890461073913,-0.1395897830778696,0.9890519253420748
1785497085.605283976,1789401707.706596,0.099996,-3.9941737664354964,0.9506846776325895,-0.16927256478664188,0.008194388356696202,-0.04947703761704871,-0.13620381444819457,0.9894106304655373
1785497085.705492973,1789401707.801218,0.100209,-3.982064671200612,0.9684213521909488,-0.15451752528906532,-0.003908198349040942,-0.048252956821538795,-0.13881740715714228,0.9891340180249375
1785497085.805461645,1789401707.905030,0.099969,-3.9982995820592193,0.9725632658264174,-0.12339094515446508,-0.0065762628831610185,-0.052455028175832655,-0.1417538997914411,0.9884892789908367
1785497085.905327320,1789401707.994828,0.099866,-4.004780939044818,0.9788301115026086,-0.1238154955182883,0.0030550204963089066,-0.053091582229064065,-0.14292257091863175,0.9883041482603069
1785497086.005315542,1789401708.224370,0.099988,-4.071230729853377,0.9674515605525105,-0.12633518577968195,0.007921560520840266,-0.063728729643959,-0.14157940479281464,0.9878416725547354
1785497086.105647564,1789401708.276354,0.100332,-4.200401558853794,0.9930785780030735,-0.17265009525752484,0.003986920389125587,-0.055126192994105275,-0.15166236537684227,0.986885877009301
1785497086.205468416,1789401708.334766,0.099821,-4.360649304956217,1.0601994960740309,-0.17771270776725395,-0.002000164556552457,-0.050354216564754244,-0.15959060348193457,0.9858961869773577
1785497086.305280447,1789401708.418841,0.099812,-4.386516293660424,1.0758766858636915,-0.08144093867248953,0.009936925007267922,-0.055540012076374705,-0.15297880446076342,0.9866174790495241
1785497086.405228138,1789401708.511544,0.099948,-4.745977584798436,1.1579242439821205,-0.20049583575862867,0.025411883766466928,-0.048547622278118444,-0.15048049996976504,0.9870931990768449
1785497086.505545855,1789401708.626340,0.100318,-4.694307460892865,1.1853851185550925,-0.045905504991332946,0.03533035893822115,-0.06388939870464466,-0.14861065458202574,0.9861971323297845
1785497086.605500460,1789401708.703197,0.099955,-4.913133531687785,1.3348337698564596,0.003840599899723074,0.035269283482596725,-0.03194109747365343,-0.15816040083718408,0.9862662579355245
1785497086.705332041,1789401708.804157,0.099832,-5.051363350013624,1.3534620807733362,-0.0945015016030078,0.0348940625609583,-0.04473394277061828,-0.15702031991509635,0.9859644506250155
1785497086.805260420,1789401708.945393,0.099928,-5.148964901723485,1.3424166203741144,-0.2214309203822406,0.040758222583432084,-0.03984942701711129,-0.15276458957574296,0.9866173374872087
1785497086.905417681,1789401709.026168,0.100157,-5.199627429849684,1.3441974288690857,-0.23629716587141097,0.040442939013047,-0.03560193540309807,-0.15548861308476786,0.9863671537925716
1785497087.005520821,1789401709.116196,0.100103,-5.245062652133787,1.333246681730355,-0.24470441985639002,0.037956964136993905,-0.033676963170952666,-0.1550790799465841,0.9865979981676171
1785497087.105185032,1789401709.204817,0.099664,-5.280287170456246,1.324167540258517,-0.2592279127383187,0.0358959620977276,-0.03186557817673876,-0.15496667186647758,0.9867529556294783
1785497087.205351830,1789401709.336882,0.100167,-5.266621933888977,1.3168208652490239,-0.262377960701419,0.03313977424702434,-0.02599542102098156,-0.15487888753604595,0.9870352190498259
1785497087.305449724,1789401709.422061,0.100098,-5.2506132885891335,1.300524185990532,-0.26569230418797835,0.031046227786105426,-0.02195932483213543,-0.15489173470727616,0.9871993062765408
1785497087.405521393,1789401709.509154,0.100072,-5.2256059269999175,1.286721049641262,-0.2643313272019906,0.028435399424467215,-0.019282286662891363,-0.15481829995590232,0.9873453881391901
1785497087.505355597,1789401709.614798,0.099834,-5.208893299706734,1.2803932455349165,-0.26148359559391304,0.025668229537697606,-0.018991645259447514,-0.15487939887779242,0.9874172528401232
1785497087.605340719,1789401709.719191,0.099985,-5.163671759375039,1.2756887131413395,-0.26112432890438075,0.022864167334885027,-0.01763273469450823,-0.15484937112182337,0.9875160701390099
1785497087.705371380,1789401709.805052,0.100031,-5.1359836544789195,1.2708375138925665,-0.26082571387455095,0.020610686301482172,-0.019310503323556015,-0.15480151982282706,0.9875417933092545
1785497087.805525541,1789401709.906633,0.100154,-5.098341959289045,1.2501793268435715,-0.25809299766168176,0.019982337979927822,-0.02066301755852812,-0.15469628858531953,0.9875438239250461
1785497087.905359507,1789401709.994924,0.099834,-5.071862026810233,1.2562321513861394,-0.25906581464787853,0.017324115239396597,-0.02403491905699521,-0.15477753841140973,0.9875049930510444
1785497088.005172491,1789401710.094303,0.099813,-5.066871207298281,1.2540944423813263,-0.25772740537786626,0.01631114997971169,-0.02878762677556623,-0.15461811540767986,0.9874201017394222
1785497088.105386257,1789401710.350477,0.100214,-4.913896774476996,1.2709730236457524,-0.23719625976459124,0.015272066967065765,-0.022317867387433948,-0.15499569863194199,0.9875449408365117
1785497088.205632687,1789401710.392472,0.100246,-4.89457120567732,1.2649810195326703,-0.23725386347724242,0.01486361201449375,-0.02536338014150956,-0.15535163787764514,0.9874217136536827
1785497088.305430889,1789401710.429405,0.099798,-4.886187849567842,1.273809324970883,-0.23884577909376992,0.014416700011025987,-0.03015981301381651,-0.15545026679830512,0.9872779542724881
1785497088.405299425,1789401710.500438,0.099869,-4.901945560048644,1.297008094970127,-0.22638223348314368,0.022026998785305243,-0.04230672614674117,-0.15574649168242566,0.9866448107481414
1785497088.505281448,1789401710.630854,0.099982,-4.874847252711018,1.3232712701872134,-0.20079828801907862,0.02511689603920444,-0.04658894626156077,-0.15589357109805912,0.9863548074147813
1785497088.605430841,1789401710.719837,0.100149,-4.902360373645212,1.3341833905166596,-0.22556473873699306,0.026663054084590822,-0.04908804456653891,-0.15607787366982454,0.9861638518920599
1785497088.705343723,1789401710.792754,0.099913,-4.92687202024582,1.3403594002320158,-0.21091731999899183,0.02743956433453108,-0.050428867534175956,-0.15588279561972312,0.9861057517622004
1785497088.805243492,1789401710.918531,0.099900,-4.931714275710144,1.3277434983172824,-0.21009347468678957,0.028141991190313735,-0.05069092821338116,-0.15589570476387318,0.986070477889511
1785497088.905165195,1789401710.992896,0.099922,-4.936369546827173,1.3204125044077724,-0.20923532390537986,0.028016863173387203,-0.05065708600317909,-0.15590449559565234,0.9860743903321992
1785497089.005455732,1789401711.096403,0.100291,-4.918937779185706,1.305373095251438,-0.2117944632433067,0.027765926773895114,-0.04927135182369719,-0.15588423786164038,0.9861549024298925
1785497089.105335951,1789401711.193684,0.099880,-4.904352615640732,1.2866189666080694,-0.21344685168301025,0.02735837783903247,-0.048120362803050064,-0.15588916574394604,0.9862223470646663
1785497089.205320358,1789401711.294512,0.099984,-4.928924305704476,1.2858761309217872,-0.21348588157277476,0.025620620651345148,-0.04975244029240957,-0.15600781169540767,0.9861692761249273
1785497089.305344343,1789401711.393866,0.100024,-4.921008806300669,1.2743198709249384,-0.21241672044585486,0.024440617420950064,-0.04772179940825457,-0.1558949597080251,0.9863174172746405
1785497089.405503035,1789401711.494507,0.100159,-4.930958376633986,1.2777483255714848,-0.21507047532410883,0.022151548425302463,-0.04786091978547922,-0.15595905438657207,0.9863546089590998
1785497089.505374193,1789401711.601016,0.099871,-4.938632931944575,1.271595746758842,-0.22126363105172958,0.02097615730864339,-0.047317017768730874,-0.15592333685799456,0.9864121925835405
1785497089.605252028,1789401711.692789,0.099878,-4.932788141420887,1.2698871416434565,-0.2233687251245649,0.01915799995347526,-0.04557225337738998,-0.15590466517061283,0.9865342751969095
1785497089.705301523,1789401711.794183,0.100049,-4.93259627808435,1.2622622202568927,-0.22158175967092797,0.01824439123442399,-0.044561877175567026,-0.15595015213356883,0.9865905591180946
1785497089.805456161,1789401711.894330,0.100155,-4.916805576495233,1.2036574967390474,-0.16685135438237092,0.010763459146849664,-0.02762415493456577,-0.15732393604707984,0.9871019365589246
1785497089.905346394,1789401712.151608,0.099890,-4.917755025299172,1.2067025142600554,-0.16639876690775413,0.00946171592916399,-0.026526906120585426,-0.15716900405972825,0.9871700478370474
1785497090.005219698,1789401712.220804,0.099873,-4.924408374021532,1.2095473662036187,-0.1669039866894837,0.008545610094847084,-0.026168472925589978,-0.15721209706740902,0.9871811080591529
1785497090.105333805,1789401712.242838,0.100114,-4.912998685453734,1.2118523582377083,-0.16481626558109003,0.00874038488263207,-0.025122549181598532,-0.15716599292232067,0.9872139149464263
1785497090.205542326,1789401712.316164,0.100209,-4.915826569435537,1.2386158125742448,-0.17248014021530111,0.016828149689843124,-0.030472334018699823,-0.157278547045104,0.9869405802160685
1785497090.305203438,1789401712.412855,0.099661,-4.809098843001629,1.2598326494577576,-0.1452987152785396,0.019698821972592862,-0.03249972537072349,-0.1573753833193569,0.9868073332668262
1785497090.405245304,1789401712.493057,0.100042,-4.853848124152547,1.2440396452387354,-0.1750218898137505,0.02142923465859969,-0.034242285043655965,-0.15746048094466347,0.986698763938615
1785497090.505059004,1789401712.601006,0.099814,-4.866618351925157,1.2644656890494022,-0.15922511064716016,0.021695600746995804,-0.03489681713873859,-0.15747099925208916,0.986668332043114
1785497090.605480909,1789401712.693225,0.100422,-4.870441415942736,1.2593037503409281,-0.1592822500141824,0.022171237198211367,-0.034885086390977114,-0.15748109901562768,0.9866565615460147
1785497090.705495596,1789401712.793089,0.100015,-4.861389802188064,1.2413288235690174,-0.1597790119553898,0.022480410029812097,-0.03416283352968136,-0.15748609908187575,0.9866740396739281
1785497090.805269241,1789401712.894540,0.099774,-4.8800848153046585,1.2388257850081832,-0.16171188498341366,0.02172605117005117,-0.03484406492252695,-0.15748251057676996,0.9866676890944834
1785497090.905201674,1789401712.993489,0.099932,-4.886071537193018,1.2240481009108322,-0.16629065473231286,0.021310752234425807,-0.033956546057721866,-0.15749923759469286,0.9867050192314332
1785497091.005395412,1789401713.094515,0.100194,-4.897562219390899,1.217439214283634,-0.16187224536229883,0.019893670206102443,-0.03339985263254439,-0.15751885909071872,0.9867504754298287
1785497091.105535269,1789401713.194107,0.100140,-4.90740776468003,1.2150835985626876,-0.16292130148587503,0.018120032752332878,-0.0325444218338286,-0.15751284612394503,0.9868141812554531
1785497091.205247402,1789401713.295150,0.099712,-4.909182678140518,1.2102598955836656,-0.16331275625806857,0.016599905412358586,-0.030997514185341572,-0.15746963042520953,0.9868976201961163
1785497091.305320024,1789401713.396707,0.100073,-5.06626123434339,1.2641096725494543,-0.340281272317326,0.005665253586882565,-0.09365727048783598,-0.15610351466027975,0.9832740784225321
1785497091.405436754,1789401713.528679,0.100117,-5.078067233023863,1.2692887220670979,-0.34255674305394657,0.003799371810728566,-0.09350931703563094,-0.15624527707770872,0.9832746237916907
1785497091.505515099,1789401713.613796,0.100078,-5.078696005089076,1.2717538643517274,-0.34222326926945934,0.002395249836118982,-0.0921122846790685,-0.15621451008229334,0.9834157903092573
1785497091.605229378,1789401713.702588,0.099714,-5.07456775858416,1.2569940190391546,-0.3420553312114658,0.0025947293254892255,-0.09053013135718285,-0.15620081386354306,0.9835643692432907
1785497091.705219030,1789401713.797851,0.099990,-5.069671075809907,1.2545812233975036,-0.34264465476034817,0.001349741907879991,-0.08949513922006919,-0.15635746802742437,0.9836366912865858
1785497091.805359364,1789401713.941494,0.100140,-5.069023299212274,1.25347752983218,-0.34292285868974814,0.0004647653967636714,-0.08903902543378577,-0.156434237878391,0.9836666941412325
1785497091.905419111,1789401714.005155,0.100060,-5.066377459949548,1.2559023196193493,-0.34125090119164475,-0.0005261373901688829,-0.08854742304642499,-0.1564622164141533,0.9837065883109969
1785497092.005231142,1789401714.250210,0.099812,-5.068871879916645,1.2626976419251799,-0.34223499373444594,-0.0015343741069875898,-0.08865313048384364,-0.15650003263073026,0.98368999585159
1785497092.105339289,1789401714.306197,0.100108,-5.049581785239008,1.2633962577270113,-0.339179693068662,-0.0019920556588093816,-0.08681051765276121,-0.1564284824245277,0.9838648767111657
1785497092.205441475,1789401714.406250,0.100102,-5.053759449901288,1.266276153778636,-0.33939639386155673,-0.002264089310031974,-0.08777447112483147,-0.15642775672877404,0.983778874058374
1785497092.305378437,1789401714.476664,0.099937,-5.048668776887846,1.2714844160621381,-0.3392143598836796,-0.002689433997273996,-0.08758717151066155,-0.15635685927301554,0.9838057668514762
1785497092.405241013,1789401714.576105,0.099863,-5.044428124483525,1.2701924015417156,-0.3396861648998925,-0.0022781985135912268,-0.08753270752854458,-0.15635075618320723,0.9838126223857878
1785497092.505203247,1789401714.712688,0.099962,-5.06457344681951,1.2744814535063993,-0.34342603803946053,-0.0022072284756482568,-0.08956409746505155,-0.15640881018126057,0.9836207016354506
1785497092.605360508,1789401714.759392,0.100157,-5.053976216223861,1.276873308244987,-0.34056120476966706,-0.0023578132997213487,-0.08811919117260318,-0.1562907062964767,0.9837696193668948
1785497092.705433846,1789401714.824864,0.100073,-5.067194632135795,1.2738555809187673,-0.34343892883022403,-0.0016679625986255647,-0.08923122153909686,-0.15634123034186162,0.9836627606547936
1785497092.805273533,1789401714.893592,0.099840,-5.068196943207655,1.2729024891121288,-0.34268025537096347,-0.0015836031429225647,-0.08880932525832817,-0.15631091495381716,0.9837058980279387
1785497092.905055046,1789401714.998958,0.099782,-4.896237982779989,1.1947877240116898,-0.16141571531258947,-0.00014272502932479356,0.005425338475125271,-0.15362644083618784,0.9881140936189642
1785497093.005249023,1789401715.131208,0.100194,-4.890677199286012,1.1903879294143538,-0.1606854724356953,0.0002602529195440721,0.006217030021158656,-0.1536026094651971,0.988113110515209
1785497093.105543375,1789401715.237837,0.100294,-4.889985992868236,1.1913775100413446,-0.16202924311334593,9.809802753076933e-05,0.006203841056660614,-0.15367056870961587,0.988102656127292
1785497093.205418348,1789401715.294660,0.099875,-4.8891167154016495,1.1922437067800074,-0.1609359411235381,-9.495779615308313e-06,0.006296022951283959,-0.15366576774957055,0.9881028245214096
1785497093.305111408,1789401715.398105,0.099693,-4.89393455782858,1.1928141056402393,-0.1617083982455101,4.8116520189836435e-05,0.0058600790400352015,-0.15364655561822507,0.9881084925783838
1785497093.405194283,1789401715.494843,0.100083,-4.885920162571339,1.1921037019981628,-0.16241418532194174,1.501366418151725e-06,0.006662915207001734,-0.15356576706116723,0.98811596523183
1785497093.605427742,1789401715.693687,0.200233,-4.910206739040972,1.1612184381839583,-0.16255672423989131,3.139913179746013e-05,0.006737021434058331,-0.15361690591531935,0.9881075132665074
1785497093.705269098,1789401715.795585,0.099841,-4.895028332393851,1.1853630753668607,-0.1642051823188112,-0.0023385597227866947,0.007520855420825369,-0.15356002475920302,0.9881079327019597
1785497093.805195332,1789401715.893405,0.099926,-4.894303319863509,1.19141013810246,-0.16319665577376302,-0.0021285634162652133,0.0070778622556914176,-0.1535632391329681,0.9881111803188388
1785497093.905339956,1789401715.992053,0.100145,-4.900082913520604,1.196314985377438,-0.1605504474721674,-0.001856292138613389,0.006362913174229893,-0.153538133809953,0.9881204931495025
1785497094.005485535,1789401716.091859,0.100146,-4.892013870516814,1.1966321154329873,-0.15918999105694348,-0.0015388083377761827,0.007147262165491436,-0.15350972063645682,0.9881200910734383
1785497094.105286121,1789401716.206343,0.099801,-4.993326960075282,1.273188067720197,-0.20600288351069013,0.013387279776709548,-0.06293774430231446,-0.15712596280058377,0.9854801128874953
1785497094.205189943,1789401716.333591,0.099904,-4.993940613464108,1.2754736984803003,-0.2073468916212799,0.01339047755362974,-0.06347611708115868,-0.15720865594282052,0.9854323498689703
1785497094.305105209,1789401716.581319,0.099915,-5.002047837835589,1.2743791764342491,-0.20753307368851426,0.013811339425647893,-0.06431185688270744,-0.1571900132672806,0.985375325293385
1785497094.405456781,1789401716.643373,0.100352,-5.0012245227081955,1.2742702610976018,-0.20643998736953756,0.01390359502463725,-0.06413420629701012,-0.15711933903088493,0.9853968778776325
1785497094.505335808,1789401716.701861,0.099879,-4.995990480709261,1.27347433795474,-0.20640750567434518,0.015117465869886331,-0.064509256776382,-0.157059068100647,0.9853641292150023
1785497094.605164051,1789401716.772020,0.099828,-4.998348251216644,1.306446515972888,-0.20459834243963593,0.023888635573432977,-0.0707430625650368,-0.1567746615566724,0.9848078277936236
1785497094.705086708,1789401716.821548,0.099923,-4.9034036547060635,1.3143466792592826,-0.20186996954689823,0.026986557469191392,-0.07296297720428067,-0.1567378563302537,0.9845716703556386
1785497094.805453300,1789401716.911420,0.100367,-4.956036070273435,1.309614553251334,-0.20827629622045746,0.028594617581581508,-0.07477178769457264,-0.15674941023116135,0.9843887189535189
1785497094.905342102,1789401717.027197,0.099889,-4.9602075760659465,1.3029791216553603,-0.20570464615549816,0.02930203762260268,-0.07519694254332668,-0.15674272324981323,0.9843365934130346
1785497095.005178928,1789401717.116306,0.099837,-4.969442199754084,1.3155053279797235,-0.2034605088467445,0.029012456691763767,-0.07557373430993777,-0.15678617599921157,0.984309393968761
1785497095.105219126,1789401717.213968,0.100040,-4.981553200099129,1.30606247666172,-0.20633698476319667,0.029258641144762367,-0.07563214779051253,-0.15676810069342015,0.9843004992096569
1785497095.205443621,1789401717.300780,0.100224,-4.977410291020424,1.2898419616938586,-0.2074443776853594,0.029137823703636684,-0.07451083497356023,-0.15678614724087978,0.9843867262083361
1785497095.305373907,1789401717.410718,0.099930,-4.987581576050789,1.2803752365532666,-0.2099395496653434,0.028309703864675875,-0.07433723911379345,-0.15688784855788834,0.9844078110840832
1785497095.405207872,1789401717.493753,0.099834,-5.000498129284161,1.2780349149004966,-0.21085683659997162,0.026734635840691166,-0.0739941988851845,-0.15690504074846223,0.9844749493846832
1785497095.505156755,1789401717.592479,0.099949,-5.00613575483203,1.2736349194443601,-0.20883647658703586,0.02523409055900343,-0.07276667302226439,-0.15687905435353064,0.9846101839187519
1785497095.605435610,1789401717.696146,0.100279,-4.958426644285522,1.285634981811003,-0.2287502037218948,0.01607309758741021,-0.03346976510053986,-0.15656832803125634,0.9869689909090462
1785497095.705515146,1789401717.813243,0.100080,-4.974603121586408,1.2843103361378967,-0.2267916284525952,0.014382113670146817,-0.03364090670742315,-0.1566238374308191,0.9869804545943093
1785497095.805328131,1789401718.076689,0.099813,-4.97527129768378,1.2766478155965133,-0.22532433871138652,0.01328967160955703,-0.031984053768038485,-0.15650598041431932,0.9870695431569602
1785497095.905149937,1789401718.136743,0.099822,-4.971392673026554,1.2736925946381912,-0.2255039189716292,0.011768158096959592,-0.03047368590645884,-0.1565331669467827,0.9871323277901265
1785497096.005306482,1789401718.172485,0.100157,-4.967742686516527,1.2818919942554399,-0.22564407383446133,0.010641975361626938,-0.030141023192546523,-0.15658335675980478,0.9871473646156441
1785497096.105612040,1789401718.205053,0.100306,-4.958633653430105,1.297079315013433,-0.22542649339365411,0.017619957762124654,-0.03495427989507063,-0.1565810399161101,0.9868891089401745
1785497096.205307961,1789401718.318198,0.099696,-4.8699346316996435,1.3496438898110579,-0.22960621406546572,0.02011025706500683,-0.036676142840260974,-0.15664891725868355,0.986768237647162
1785497096.305011511,1789401718.393417,0.099704,-4.89795319956927,1.3331365363998737,-0.23275549830289416,0.02164202430772917,-0.0380108970878731,-0.1566878503108272,0.9866791332808627
1785497096.405195713,1789401718.493896,0.100184,-4.912514744362646,1.3300476870564257,-0.22754983384085337,0.02226571489169919,-0.03857826872943512,-0.15671747222386276,0.986638530071894
1785497096.505544186,1789401718.593351,0.100348,-4.925120372808438,1.3260194817633593,-0.22860680828427266,0.022410063175185693,-0.03883758377537447,-0.156721880191822,0.9866243882170047
1785497096.605332375,1789401718.694192,0.099788,-4.9273925627202715,1.318371543472313,-0.22938572021343645,0.02224296715159561,-0.03837118758258277,-0.15671693431808215,0.9866472038546509
1785497096.705145121,1789401718.792850,0.099813,-4.927766142397885,1.3133915204909221,-0.22353312267121367,0.021527137769694143,-0.037642517077064376,-0.15671721780830294,0.9866911051035355
1785497096.805199146,1789401718.893926,0.100054,-4.940254279101316,1.3052336447327917,-0.22441244610865835,0.020827262668361723,-0.037481255161730884,-0.15671958407449943,0.9867118893624541
1785497096.905529976,1789401718.993934,0.100331,-4.956056198211973,1.298633225712607,-0.225761823084712,0.019679895704911028,-0.03715180524717801,-0.15668883561275018,0.9867527825482449
1785497097.005364895,1789401719.107239,0.099835,-4.971582865107798,1.2783465182978875,-0.21535760912272267,0.006565464774238135,-0.025355048612119752,-0.15617948636890874,0.9873813772905609
1785497097.105194807,1789401719.233136,0.099830,-4.996543982247335,1.2756327864239694,-0.2147663984170698,0.005033960567256966,-0.025666998214239754,-0.15621054436886406,0.9873774001222362
1785497097.205268383,1789401719.331873,0.100074,-4.982992514984858,1.2714346276982285,-0.2153947325720446,0.003156738960308412,-0.02225635571037913,-0.1560181136927863,0.9874983735834
1785497097.305363178,1789401719.415584,0.100095,-4.9891355310899135,1.270632670459689,-0.21525103440240712,0.0014961518943001466,-0.021573626922658462,-0.15614146345848176,0.9874979410309879
1785497097.405434847,1789401719.507294,0.100072,-4.98819865052168,1.2688670988903263,-0.21562582557568827,8.60362143253351e-05,-0.020218191688057777,-0.15604419473276743,0.9875431264574337
1785497097.505216360,1789401719.594872,0.099782,-4.985762114889838,1.2630917698277275,-0.21456449707131825,-0.0007831972872675382,-0.01899844163215785,-0.15601901985542596,0.9875710158066593
1785497097.605154037,1789401719.694144,0.099938,-4.985467865888032,1.2683850274156128,-0.21596188816389822,-0.0024694010059822867,-0.01843161962235926,-0.15602015997697863,0.9875788004701256
1785497097.705280304,1789401719.956009,0.100126,-4.994152119166941,1.2686597076319057,-0.2156121815497467,-0.003097249061843733,-0.018600673940028695,-0.15595991324052128,0.9875833774622378
1785497097.805438757,1789401720.007109,0.100158,-4.987334706612247,1.2666133126710462,-0.2160293081739283,-0.0036675325257990677,-0.01728808531851042,-0.15588853358724686,0.9876165432027231
1785497097.905248642,1789401720.056731,0.099810,-4.977046885061209,1.2670496318183992,-0.21736981288010548,-0.0043411176688072034,-0.01626026158076057,-0.1559535383404837,0.9876210064950423
1785497098.005145073,1789401720.106764,0.099896,-4.963707308554176,1.2675188042136325,-0.21722558575697254,-0.004839347501435994,-0.015382595425216403,-0.15597259972030916,0.9876297406471307
1785497098.105299473,1789401720.194269,0.100154,-4.991755979109959,1.2561020276101351,-0.21865422531058487,0.016926017251746098,-0.03217440071011918,-0.15642933748786125,0.9870198479526915
1785497098.205385208,1789401720.328449,0.100086,-4.991244646205741,1.2582578275713847,-0.21973291006291862,0.016762586406915678,-0.03225204302189117,-0.15631735248543524,0.9870378446292302
1785497098.304996729,1789401720.413147,0.099612,-4.98727571151676,1.2624515356110524,-0.21910122946772392,0.01646186364293168,-0.032075123061759254,-0.15631363684862054,0.9870492593896413
1785497098.405117512,1789401720.533412,0.100121,-4.989666217553621,1.2604835465896607,-0.21883856637267557,0.0168244132605438,-0.03242131273225434,-0.15631561815508221,0.987031521847432
1785497098.505385160,1789401720.639539,0.100268,-4.9901536362536225,1.2598575172140574,-0.21880961704977042,0.01689668824564736,-0.03249359419581418,-0.15633761070323138,0.9870244271256308
1785497098.605478764,1789401720.728683,0.100094,-4.9757150755827215,1.2540515123848839,-0.22005717881688203,0.017170158856373883,-0.031313617499737975,-0.15631873874618968,0.9870608364843754
1785497098.705090523,1789401720.814184,0.099612,-4.9847300854717105,1.2579544291473477,-0.21941737820430562,0.016842724184906056,-0.03262189677779406,-0.15647055856900513,0.9870000500477499
1785497098.805096388,1789401720.933196,0.100006,-4.998469500739499,1.261286252478798,-0.22052435179521618,0.016781129273941243,-0.033737827868897514,-0.15642894606150212,0.9869701806567283
1785497098.905303240,1789401721.025304,0.100207,-4.996896421926944,1.2601862985479961,-0.2204307470455274,0.016885202844751514,-0.03306954535882205,-0.15630603427131246,0.9870104957626009
1785497099.005443096,1789401721.125066,0.100140,-5.000818424264473,1.2621545467959128,-0.22018422127332554,0.016742330601327016,-0.03323521520445215,-0.156354818519563,0.986999638076211
1785497099.105197668,1789401721.222539,0.099755,-4.9985201446915495,1.2623610980919726,-0.22000052985887847,0.016746786832944907,-0.03273470778114843,-0.15633771429631524,0.9870189983614124
1785497099.205181360,1789401721.294452,0.099984,-5.004381490057524,1.2621871647808407,-0.2194070775746927,0.016880940372804982,-0.03309350582840428,-0.15638605174871756,0.9869970904430619
1785497099.305235624,1789401721.450141,0.100054,-5.00176664714717,1.2628468794471033,-0.2207222904021251,0.016788061728785948,-0.032613552311730104,-0.15633699229197737,0.9870224222532161
1785497099.405482531,1789401721.521565,0.100247,-4.999187124238361,1.2620623164995552,-0.2190591003599205,0.01684792989196875,-0.032253385471397,-0.15634001150889862,0.987032758922364
1785497099.505269289,1789401721.609428,0.099787,-4.997536227456409,1.258500948483416,-0.21846784591116608,0.01716071454520236,-0.03211823969871631,-0.1563484609952366,0.9870304388922775
1785497099.605048418,1789401721.733159,0.099779,-4.995247962207482,1.2559455832560233,-0.21901423464056563,0.017215903851219627,-0.031997251687982106,-0.15635578527364183,0.9870322471687394
1785497099.705265284,1789401721.938281,0.100217,-4.990420464988054,1.2603707552395491,-0.2185190194149494,0.016677503042577473,-0.0317659672163453,-0.15633611382666615,0.9870520775182826
1785497099.805601835,1789401721.976084,0.100337,-4.991779147111183,1.2631332785003933,-0.21830442463948935,0.016549718432811753,-0.03214332365785786,-0.1563132475165821,0.9870456332993667
1785497099.905534983,1789401722.033094,0.099933,-5.003048228525412,1.2735678807566668,-0.2181596928177636,0.0170446750935588,-0.03401772657802714,-0.15634444676742462,0.986969445978405
1785497100.005264759,1789401722.098905,0.099730,-4.987773273626074,1.2887606017173299,-0.2166854241296164,0.02617515024780426,-0.03962775351911826,-0.15637448543838656,0.986555382614134
1785497100.105071306,1789401722.194860,0.099807,-4.930125649863424,1.2940742184284884,-0.22696184637507183,0.04174769284316545,-0.050217851472717595,-0.15675724658488224,0.9854757547395027
1785497100.205209255,1789401722.334562,0.100138,-4.9405520660572515,1.2905356977935563,-0.21923261248341896,0.043318772870298346,-0.05120782415198659,-0.15678446572953614,0.9853526647698599
1785497100.305338144,1789401722.434801,0.100129,-4.945094880214533,1.2913425852787894,-0.2212109130465752,0.044067173011604684,-0.05174436380086023,-0.15681309767509835,0.9852868909488641
1785497100.405366421,1789401722.510481,0.100028,-4.9343752960119325,1.2800514280884798,-0.22373878700350597,0.044538293194873416,-0.05148475854724959,-0.156842956820914,0.9852745541080522
1785497100.505157471,1789401722.628009,0.099791,-4.942406543430477,1.2767683388188598,-0.2240202238238443,0.04433415066175802,-0.05178074010329703,-0.15684056318759507,0.9852686312772688
1785497100.605101347,1789401722.733745,0.099944,-4.944789216529713,1.2726509402177486,-0.22585581198020682,0.043730890574835285,-0.05137026358209663,-0.15683695155897595,0.9853176522600487
1785497100.705366373,1789401722.810781,0.100265,-4.956147253453099,1.261768769216575,-0.22665562170136344,0.04329040002539222,-0.05117318121518271,-0.15684144685122725,0.9853466432378518
1785497100.805414438,1789401722.896378,0.100048,-4.957409356515532,1.259298771442163,-0.22405927111324325,0.04168040253362504,-0.050028917797732386,-0.15681609634472463,0.9854788497762668
1785497100.905133724,1789401723.035131,0.099719,-4.968179269751421,1.2515328130609011,-0.22561454994022767,0.040653770093652924,-0.049591711469673276,-0.1568428180964807,0.9855395798965988
1785497101.005124807,1789401723.098712,0.099991,-4.980091485056434,1.2528799492625784,-0.22800181391806446,0.03869557144539559,-0.04906847755636218,-0.15682492693888936,0.9856474418127184
1785497101.105443954,1789401723.192807,0.100319,-4.987566020053831,1.242839739391096,-0.22925156880422404,0.03777926889536901,-0.04779990132920674,-0.15675651475353133,0.9857562027994065
1785497101.205367088,1789401723.293302,0.099923,-4.9875504973183915,1.2373471394838114,-0.23061748174568225,0.03628290598968146,-0.046147727826495885,-0.15678178884085248,0.9858871175939904
1785497101.305142403,1789401723.392840,0.099775,-4.981745244653068,1.2278212840403107,-0.23022849731177847,0.035246887835495296,-0.04435116176475237,-0.15676174159335188,0.9860103385468008
1785497101.405255079,1789401723.690741,0.100113,-4.950163486943116,1.256282208817654,-0.22337678739827266,0.011087097440292714,-0.02849930503430629,-0.15635302698155834,0.9872277330166352
1785497101.505342722,1789401723.729096,0.100088,-4.949705029276938,1.2570060164230854,-0.2256456136484426,0.009858866837095033,-0.02772851970417669,-0.1562506681773253,0.9872789173452418
1785497101.605397224,1789401723.792560,0.100055,-4.9427056939588825,1.2596893518229,-0.22909582103988746,0.009587866071969183,-0.027377673149230973,-0.15621553571221375,0.9872969372178882
1785497101.705251455,1789401723.822744,0.099854,-4.919825787001007,1.282210308977625,-0.21851223992177082,0.017536145310649478,-0.03272303750171984,-0.15637200961147302,0.9870002436853418
1785497101.805073023,1789401723.909330,0.099822,-4.9211441935098765,1.3527836028320455,-0.22967064386672575,0.020121605030725555,-0.03477542855446964,-0.1564330435980387,0.9868710622219321
1785497101.905306101,1789401724.031151,0.100233,-4.895827519495416,1.3127573622494078,-0.21424221241466684,0.02186893425466792,-0.035376492483380505,-0.15643028075776996,0.9868129613846452
1785497102.005479574,1789401724.113477,0.100173,-4.8961483458786255,1.318396406480525,-0.22301380065346665,0.022283605276731455,-0.036029484447636644,-0.15647130867389555,0.9867735539366348
1785497102.105117321,1789401724.197690,0.099638,-4.909665051165458,1.311352358233263,-0.22473648281388892,0.022636254540914395,-0.03654275435821853,-0.15645993562747518,0.9867484561063524
1785497102.205054998,1789401724.301157,0.099938,-4.907267218407524,1.3059938027512064,-0.22613241407860224,0.022378523969721426,-0.036073460328197145,-0.15645096525666735,0.9867730248621988
1785497102.305244684,1789401724.393913,0.100190,-4.909982869232488,1.2963339802956824,-0.2252548082287218,0.021999901094270594,-0.0356301650650985,-0.15643141651428646,0.9868007436241422
1785497102.405443907,1789401724.494077,0.100199,-4.920610151679706,1.290115891162711,-0.22763867838479346,0.02108154136638322,-0.03547667625398419,-0.15640945449770793,0.9868298012321409
1785497102.505213976,1789401724.593623,0.099770,-4.934398455801518,1.2836605572166777,-0.22679582958080774,0.019953622587537467,-0.035142828379098864,-0.1563768532874016,0.9868703634802455
1785497102.605069637,1789401724.693658,0.099856,-4.940445799861621,1.2767991731038384,-0.22651761770501644,0.018570105615511076,-0.03391583021115627,-0.15631968465175716,0.986949352210863
1785497102.705035210,1789401724.793014,0.099966,-4.948066226774792,1.2738938779974716,-0.22513503416309316,0.016805094597732682,-0.03292409561355591,-0.1563188278840893,0.987014699370321
1785497102.805399418,1789401724.897164,0.100364,-4.945708043976144,1.2618687381612481,-0.22578627163088655,0.015779393370638245,-0.031022858759789503,-0.1562431877963715,0.9871051915814255
1785497102.905354023,1789401724.994162,0.099955,-4.949732473305448,1.2593224698524337,-0.22363586919237766,0.01396112612608326,-0.030194905892650174,-0.15632704995753768,0.9871449782415697
1785497103.005063057,1789401725.114212,0.099709,-4.955122354861344,1.2645355910418183,-0.21717410650480384,0.001026833626280063,-0.02107004412352111,-0.15605204154126462,0.9875235486735046
1785497103.105225086,1789401725.234477,0.100162,-4.949325624990766,1.2625485621448236,-0.21815520072036143,-0.000244764801692265,-0.019574779024557492,-0.15596006095332604,0.9875693532630191
1785497103.205463171,1789401725.315099,0.100238,-4.959308017847745,1.262494590025521,-0.21871500067513477,-0.0012511635111772971,-0.019826851502756294,-0.15600052145449314,0.9875571719428975
1785497103.305342197,1789401725.418384,0.099879,-4.952334824465283,1.2676884334666438,-0.21944497080600112,-0.002678521092188947,-0.01848568232294767,-0.15588235320595334,0.987599006192979
1785497103.405105114,1789401725.521796,0.099763,-4.948695673529912,1.2678912107688034,-0.21934799587265624,-0.0032120721369266057,-0.01785875605776696,-0.15589298482200015,0.9876072725068987
1785497103.505060673,1789401725.633884,0.099956,-4.957410284084075,1.266802704663002,-0.21942205698651585,-0.003387437313665359,-0.018333894583500435,-0.15594575004021743,0.9875896499168126
1785497103.605400801,1789401725.892116,0.100340,-4.9591065668392895,1.2684114633399879,-0.21722560522950918,-0.0038959700607080626,-0.017970715964569676,-0.1558935659391788,0.9876026887794228
1785497103.705473661,1789401725.950051,0.100073,-4.95812496017448,1.271594779439162,-0.21763921588063756,-0.004319172422393406,-0.017594360408497774,-0.15584829358040803,0.9876148503440236
1785497103.805152655,1789401726.024249,0.099679,-4.9438860619778,1.2751545409757603,-0.21742079299037864,-0.003746438847895478,-0.017011877230718873,-0.15582230676421982,0.9876314945080995
1785497103.905055285,1789401726.069790,0.099903,-4.919074671060837,1.2909252483640878,-0.21490763183729794,0.005049195307487631,-0.023345670726765938,-0.1561314759518801,0.9874474403747893
1785497104.005399704,1789401726.122127,0.100344,-4.89245625192478,1.341289314337756,-0.222979940012761,0.00826352930048007,-0.02573859964739624,-0.1561946509826924,0.9873563032546342
1785497104.105551958,1789401726.234094,0.100152,-4.90753003792506,1.3296221378694768,-0.2136304333323611,0.009996360109205649,-0.027012360449058807,-0.15623486401117057,0.9872998898184479
1785497104.205308437,1789401726.333706,0.099756,-4.9107058409707705,1.3286171343804636,-0.21680130928158292,0.010771956841540255,-0.027540518291049997,-0.15622539011593514,0.9872786396361259
1785497104.305117607,1789401726.424415,0.099809,-4.921199946630614,1.3158991382780763,-0.21426379572782306,0.011331376039321488,-0.027761442104408014,-0.15622757786142413,0.9872658437145807
1785497104.405202389,1789401726.514958,0.100085,-4.904809572262198,1.305294477064201,-0.2165496031962531,0.011199914784887958,-0.02677275646785531,-0.15624254130400922,0.9872922818027902
1785497104.505457401,1789401726.607015,0.100255,-4.9187483626210735,1.3004974328208303,-0.215651510240225,0.010615571938518533,-0.027252871085148997,-0.15626723144210813,0.987281693858457
1785497104.605374575,1789401726.729955,0.099917,-4.929249598785155,1.2936905245435817,-0.21422151148404434,0.009857970069112754,-0.026887381549727595,-0.1562230101053064,0.9873065685255641
1785497104.705209970,1789401726.792418,0.099835,-4.942626832144601,1.2848873874143956,-0.2166597433534896,0.008882977199795293,-0.02648547761915863,-0.1561786524242947,0.9873337028172671
1785497104.805038929,1789401726.892901,0.099829,-4.966453076646035,1.2627573226673714,-0.22231135696538817,0.023991874572302056,-0.03817850855889074,-0.15664578603329665,0.9866249992562159
1785497104.905224800,1789401727.029048,0.100186,-4.970059965481786,1.2595818300898216,-0.2215546055582478,0.022193595375730388,-0.03687811004177232,-0.15662848600283621,0.986719294783018
1785497105.005427122,1789401727.107639,0.100202,-4.96862394008621,1.254540412597959,-0.2228563791331723,0.020656337064365995,-0.03532221330972739,-0.15656985184763136,0.9868188985213995
1785497105.105274439,1789401727.194476,0.099847,-4.977677386801993,1.2573520583514275,-0.22287433067498957,0.018699238376335112,-0.03499346541442631,-0.15661485729952085,0.9868624941379
1785497105.205122709,1789401727.312447,0.099848,-4.981140308294353,1.256429667138771,-0.22208328411886197,0.017397291059328367,-0.03400853845620591,-0.15651489419213402,0.9869365944540139
1785497105.305074215,1789401727.392830,0.099952,-4.977251943107866,1.248852320341969,-0.22260852395931718,0.016733103308793996,-0.03250815249339325,-0.1564822136036227,0.9870038196995113
1785497105.405356169,1789401727.494150,0.100282,-4.978177620804776,1.2505610030297374,-0.22256294609816946,0.015327763767308981,-0.03196451315796258,-0.15656087799782398,0.9870319250346516
1785497105.505525827,1789401727.593068,0.100170,-4.96950310379982,1.250621882491259,-0.22074396804092888,0.014374294575424511,-0.030669154181791027,-0.15647658802865755,0.9871007344930577
1785497105.605158806,1789401727.693670,0.099633,-4.958476697126917,1.245862894832176,-0.22200426803632684,0.014052018267762978,-0.029629494315664036,-0.1564720013206917,0.9871378559514824
1785497105.705113173,1789401727.792854,0.099954,-4.9694312414885875,1.2500370213511236,-0.22304959515534467,0.013260985812250884,-0.030834861674256604,-0.15655433083068973,0.9870988294287272
1785497105.805236340,1789401728.014655,0.100123,-5.027652380542807,1.1858926770739495,-0.23250811298551638,0.01204166395966995,-0.028902467277078688,-0.15637416351600217,0.9872014823224603
1785497105.905271769,1789401728.048922,0.100035,-5.010256518220248,1.185863443529926,-0.23239476357289557,0.011692084211057765,-0.027181012417364352,-0.15621727151688977,0.9872794193191711
1785497106.005307198,1789401728.103244,0.100035,-4.9996879807466215,1.1914153734756816,-0.23396666303961722,0.012154374000788904,-0.027610443289744515,-0.1564311368221505,0.9872280557435256
1785497106.105099440,1789401728.278931,0.099792,-4.991237656426838,1.2067528112469301,-0.22703157994131612,0.021113600107851325,-0.03397865546297874,-0.15652671992104725,0.9868632391647711
1785497106.205060482,1789401728.334582,0.099961,-4.962690098671163,1.2622234831726014,-0.23000647945926678,0.024195030472590764,-0.036392294474632894,-0.15657666728076006,0.9866985095089404
1785497106.305275917,1789401728.412423,0.100215,-4.952614106291057,1.2348791786993243,-0.22810572349016256,0.026073210038832347,-0.037481514933232034,-0.15661633476451386,0.9866035918453384
1785497106.405407667,1789401728.507816,0.100132,-4.96092675326792,1.2419971980288493,-0.22950098568252703,0.026670396108571887,-0.038363570684046965,-0.1566604230596832,0.9865467238114753
1785497106.505170584,1789401728.628004,0.099763,-4.972219655974123,1.2300318911508423,-0.23005625615608177,0.027291855901195462,-0.03874848032694667,-0.1566859980827909,0.9865106222840343
1785497106.605043888,1789401728.727485,0.099873,-4.992479396132042,1.2270778776845446,-0.22976248793521953,0.027109392585894662,-0.03917052425593835,-0.1566898390931458,0.9864983756645093
1785497106.705147505,1789401728.823436,0.100104,-4.986949279562915,1.2160745341194745,-0.23134600398817584,0.026754281779975197,-0.03788880457405284,-0.15663953516300275,0.9865661168512314
1785497106.805429935,1789401728.893383,0.100282,-5.007384187528545,1.2193239988463098,-0.2300707807521385,0.025389995831251167,-0.038359120165592585,-0.15671169450804592,0.9865725370274807
1785497106.905267477,1789401728.999373,0.099838,-5.008421908528363,1.2080834590624592,-0.23068967856709804,0.024712807820813965,-0.03676902283379265,-0.15659315164079596,0.9866690939465341
1785497107.005175591,1789401729.093619,0.099908,-5.016397654998943,1.2046586866622286,-0.23161321474843777,0.023167769044351524,-0.035987628498798,-0.15664350600084948,0.9867273975627281
1785497107.105046988,1789401729.193637,0.099871,-5.023825890663017,1.1953317827355368,-0.23087265515096433,0.022077818593474106,-0.034910310185095474,-0.1566179135071648,0.9867951506458716
1785497107.205170393,1789401729.293910,0.100123,-5.0214612049136536,1.1888017201728887,-0.23099148225134541,0.0204890054868571,-0.03314161925001367,-0.15657962509739926,0.9868964761982975
1785497107.305591583,1789401729.394000,0.100421,-5.0269853035914815,1.188367292007477,-0.23461862031519642,0.018954338198601556,-0.03242170996521577,-0.16020124361745505,0.986369670727161
1785497107.405290365,1789401729.492990,0.099699,-5.0358272703979186,1.1838975397588907,-0.229355090107433,0.017703269417353337,-0.032398542958085925,-0.16439250436718128,0.9857038262960169
1785497107.505061388,1789401729.592691,0.099771,-5.016083296575817,1.183835365892178,-0.2355846654626761,0.016282893088895856,-0.030303583576288227,-0.16922552982026795,0.9849767917431965
1785497107.605070591,1789401729.693559,0.100009,-5.0100767960888595,1.1854011415398773,-0.23868971842673464,0.014433811332130744,-0.030330410576680192,-0.18023210095612072,0.9830504163419979
1785497107.705433846,1789401729.804975,0.100363,-4.99919160716962,1.1925105637712228,-0.23669224119705423,0.021087932788674543,-0.03634091226491398,-0.19370581494159458,0.9801595249982568
1785497107.805431366,1789401730.076344,0.099998,-5.040933546247423,1.1794893318118316,-0.26271053759817264,0.026695164384480805,-0.0420580600237623,-0.2083844748047469,0.9767775583245051
1785497107.905224323,1789401730.134808,0.099793,-4.992877782494795,1.221304371006741,-0.22554516280948672,0.018444611274658233,-0.03513174679865559,-0.2156159239458006,0.9756717327171539
1785497108.005113602,1789401730.174535,0.099889,-5.020266893604399,1.2171927374477787,-0.23110969088082806,0.019583201697544867,-0.03562064337425818,-0.22271884282272947,0.9740348992870147
1785497108.105072021,1789401730.212774,0.099958,-4.983522016514318,1.1923254458637826,-0.24691422702721827,0.02941292643417616,-0.036112466942772425,-0.231745812965386,0.9716607677905684
1785497108.205465078,1789401730.297034,0.100393,-4.837713831953546,1.3763818649155986,-0.12623284113021704,0.03055392003495118,-0.03373400648762785,-0.23701386494718973,0.9704395409297969
1785497108.305299282,1789401730.394213,0.099834,-5.084438157199647,1.2654658574975086,-0.22303920986500925,0.03441520372046159,-0.03637359232501354,-0.25318595968254565,0.9661208130220049
1785497108.405164480,1789401730.493832,0.099865,-5.0460176993202275,1.2660339069531348,-0.21969518763003548,0.035123192930148324,-0.035211518238578585,-0.2529080949306083,0.9662111600580461
1785497108.505035162,1789401730.594583,0.099871,-5.069122653546985,1.2495115745679313,-0.22878517237517998,0.03667404614152016,-0.0360361406442581,-0.24681851810369698,0.9676967655358792
1785497108.605130434,1789401730.696742,0.100095,-5.087735235117104,1.23490854257935,-0.24980536352063604,0.0392554539727253,-0.037664720872732184,-0.24140652347245894,0.9688979660213745
1785497108.705465317,1789401730.794342,0.100335,-5.066799967090351,1.2192630828196698,-0.24670383592675504,0.03899152518590984,-0.03525825521351194,-0.2387510430974832,0.9696568753034679
1785497108.805362701,1789401730.894372,0.099897,-5.045517696118621,1.2234864057441328,-0.25146075738563667,0.03699513184581091,-0.033518880419653355,-0.23960227657793792,0.9695868160893265
1785497108.905066252,1789401730.994927,0.099704,-5.035756223175102,1.2149768902895224,-0.2520474922017196,0.03551640015073093,-0.03367793014934495,-0.23881989397513836,0.9698295935798918
1785497109.005023956,1789401731.098313,0.099958,-4.911301860755986,1.2808669326284725,-0.23473212158221646,0.022917200781747915,-0.023177476772577303,-0.2396683116859514,0.970307532101472
1785497109.105128527,1789401731.230584,0.100105,-4.931294042217233,1.2690237005469116,-0.23254737897264144,0.02168394144057958,-0.02599597323346215,-0.24023078339285406,0.9701253459064758
1785497109.205339909,1789401731.316604,0.100211,-4.942814415094608,1.2677095140824897,-0.22867506851409358,0.01926451884594193,-0.02680698535154722,-0.2401394714185615,0.9701769416540816
1785497109.305141211,1789401731.418978,0.099801,-4.938519474831063,1.2632402381332117,-0.22620899923608445,0.01644528431971569,-0.026403751023700413,-0.24042371971428875,0.9701694849636964
1785497109.404988766,1789401731.521853,0.099848,-4.915144080786182,1.2621404408501753,-0.21357666898535488,0.011398751464039044,-0.025082975538342975,-0.2414697780273898,0.9700171437160591
1785497109.505224228,1789401731.614889,0.100235,-4.906394195006046,1.2640344540587676,-0.19542756403324407,0.007582720834198706,-0.023336941306793046,-0.24187930579228267,0.9699960262522167
1785497109.605356455,1789401731.713104,0.100132,-4.96122104457843,1.2737389511774517,-0.20533671718193852,0.008204279788524704,-0.03122088474584506,-0.23782514200999375,0.9707714190154276
1785497109.705177546,1789401731.806108,0.099821,-5.004598752942926,1.2735450314023171,-0.21015710671026167,0.009827846853445671,-0.03897230190532526,-0.2367096105425283,0.9707487488468348
1785497109.805067539,1789401731.901145,0.099890,-5.0526381733086705,1.27415294264728,-0.2281023051397919,0.0157404446327422,-0.04142463573978823,-0.2356151981161811,0.9708355763844513
1785497109.905153751,1789401732.143083,0.100086,-5.116083116909774,1.2985061341402393,-0.2497488226383211,0.017362559666767967,-0.04399925970869676,-0.2350768446824157,0.970825156123147
1785497110.005482912,1789401732.195314,0.100329,-5.1442973234902425,1.319813104885777,-0.23604555728005078,0.012795791361834298,-0.04352554128826058,-0.2365241113738079,0.9705658863355361
1785497110.105215073,1789401732.279563,0.099732,-5.1723254868819835,1.36845532650536,-0.21941442918513826,0.010373367348228048,-0.04324073546863659,-0.238144216263847,0.9702112987934823
1785497110.205036402,1789401732.356124,0.099821,-5.178825885713307,1.427424732218993,-0.22041296322081871,0.02294749942578424,-0.028707604641751257,-0.2379371513668489,0.9705849770657526
1785497110.305032492,1789401732.416026,0.099996,-5.156963480765249,1.4489896240968936,-0.20992006536811303,0.024728999365374916,-0.027324398728144333,-0.24000281079266378,0.9700724223668102
1785497110.405276775,1789401732.495046,0.100244,-5.159292409863097,1.49055336833685,-0.20131017650080146,0.027245276251386747,-0.025432550765222193,-0.2393074366703785,0.9702282365702781
1785497110.505112410,1789401732.595457,0.099836,-5.264780038380227,1.4885625562927296,-0.22687822751571357,0.031115076931916685,-0.026270448724877674,-0.2346926643608032,0.9712162832278968
1785497110.605391502,1789401732.699084,0.100279,-5.321192141426764,1.471115558563326,-0.2243457985094769,0.019116059982336755,-0.01639366255291861,-0.23694035983499653,0.9711977604796014
1785497110.705002069,1789401732.828105,0.099611,-5.352801084672963,1.4779785168005974,-0.22936983858022497,0.02007229412063973,-0.014804590352689028,-0.23636435184855523,0.9713443366226598
1785497110.805286646,1789401732.934147,0.100285,-5.382780598929977,1.4907128276390111,-0.21265592237140707,0.015791509994497275,-0.013920502309104759,-0.235100341630161,0.9717431127584178
1785497110.905381918,1789401733.043166,0.100095,-5.4460629874069735,1.5036225576486286,-0.2002195857965962,0.012276033316693113,-0.016458070170726355,-0.232905031486579,0.9722827146673879
1785497111.005346060,1789401733.127671,0.099964,-5.4683456330325315,1.5016853063225952,-0.18482788850517617,0.008653734053340837,-0.01518444087737591,-0.23410544515399032,0.9720541066174823
1785497111.105079174,1789401733.208614,0.099733,-5.5144899258591185,1.499968904118822,-0.18248388328127824,0.009151975158461667,-0.013008304718511884,-0.23294484987578581,0.9723598728227544
1785497111.205189228,1789401733.301865,0.100110,-5.554424973826504,1.5048865084642626,-0.19300600426580888,0.011230511404986987,-0.008157819554496485,-0.2331929763441808,0.9723314051175795
1785497111.305239677,1789401733.422343,0.100050,-5.560793131465112,1.5113820871975348,-0.1966884533010887,0.01097805739331673,-0.004314751774100361,-0.23299118481071954,0.9724073081656573
1785497111.405312300,1789401733.494971,0.100073,-5.564181998642419,1.5211858527818758,-0.20855050122039426,0.008720068781800011,-0.0016323422772033963,-0.23407848557746214,0.9721772258438149
1785497111.505079508,1789401733.594982,0.099767,-5.636663770980891,1.5431009249234797,-0.2029906552756291,0.008140308406650282,-0.006319641760982933,-0.23538427878146476,0.971847744664805
1785497111.604983807,1789401733.699411,0.099904,-5.689641843614247,1.5576850003688067,-0.21068089188760053,0.005991955488096392,-0.009327294097043972,-0.23575100034230145,0.9717502579841902
1785497111.705118895,1789401733.812560,0.100135,-5.715658975791986,1.5925204898329186,-0.19628589717063433,-0.001404328611408109,-0.00925241270563277,-0.23562317139904332,0.971799434976484
1785497111.805367470,1789401734.004004,0.100249,-5.759580866182005,1.6065540817700412,-0.20070156614323542,-0.00316005657878049,-0.012291722500011286,-0.23502651618604745,0.9719060984942596
1785497111.905168056,1789401734.065650,0.099801,-5.821855236477929,1.6313166081849888,-0.2039048904984761,-0.002166301679792075,-0.016817632852374184,-0.2349993457159218,0.9718476124762802
1785497112.004963398,1789401734.128018,0.099795,-5.865106146952802,1.6518775222480229,-0.20478035963197155,-0.0008186754590907756,-0.017097396456809882,-0.23587826774125722,0.9716318498344709
1785497112.105051517,1789401734.201599,0.100088,-5.975740230150338,1.5919855152718712,-0.23978257509226109,0.0295779911704781,-0.03582550257905452,-0.23551516538018816,0.9707596420740422
1785497112.205327511,1789401734.329751,0.100276,-6.006013316319079,1.6171569746201127,-0.23542479227751306,0.028093500230219965,-0.03442581028917076,-0.23432025830324854,0.9711434679695645
1785497112.305319071,1789401734.422753,0.099992,-6.028788511731816,1.6304322105801712,-0.2529863130326509,0.030729859874800522,-0.03318916968057436,-0.23436040554688997,0.9710969853935246
1785497112.405026436,1789401734.511003,0.099707,-6.056196269614601,1.650932078975096,-0.2532674163886073,0.030093441664502913,-0.034305960366292756,-0.23430187548029777,0.9710922288840806
1785497112.505107641,1789401734.648183,0.100081,-6.104411535247623,1.667133917317689,-0.2470174504746983,0.02922953487015204,-0.036817940631439366,-0.233514330591152,0.9712163152192244
1785497112.605261087,1789401734.704494,0.100153,-6.166992594720082,1.6659437562518333,-0.2511536639331065,0.0313559345872246,-0.039101278707395576,-0.23220029330969438,0.9713757867874876
1785497112.705495119,1789401734.799064,0.100234,-6.190537030590255,1.682894335571837,-0.2518582429019122,0.03095374572567061,-0.036866666142567506,-0.2315224555546508,0.9716378271390731
1785497112.805156946,1789401734.957238,0.099662,-6.212972762220454,1.6782332829770177,-0.2507444951289103,0.03241279388748688,-0.03487179163819191,-0.23087898641538715,0.9718169902675432
1785497112.905078411,1789401735.033508,0.099921,-6.219413761057022,1.6783829898470686,-0.24994801308856118,0.03271906957443436,-0.0325584062165638,-0.23009542606409,0.9720727892373697
1785497113.004993916,1789401735.124050,0.099916,-6.215139074557941,1.6859126655254415,-0.2520347152198964,0.03189106628517457,-0.030291464046245244,-0.2299898771305315,0.9721985617738421
1785497113.105434179,1789401735.216467,0.100440,-6.214272822768474,1.6835971894785025,-0.25426883421712493,0.03172691864821187,-0.028938253056910883,-0.22981057719893772,0.9722875494168943
1785497113.205316067,1789401735.315754,0.099882,-6.236769865144858,1.6902328522985623,-0.24938544119136807,0.030396678601295798,-0.03054472683611335,-0.23023203839053993,0.9721811920066997
1785497113.305039167,1789401735.411938,0.099723,-6.217182524472444,1.6940181646081323,-0.2457990713123559,0.02907348056805946,-0.028192372040546136,-0.22981225027562413,0.972392026144885
1785497113.404919147,1789401735.511446,0.099880,-6.230622172779412,1.7002423389922858,-0.24665730619376114,0.0288758627242917,-0.029351982072665816,-0.22965433642202962,0.9724009108713371
1785497113.505075455,1789401735.606543,0.100156,-6.2371625257787695,1.6991057045417843,-0.24545910127394693,0.02917120159991455,-0.029672864328223674,-0.22843597315486605,0.9726693005791244
1785497113.605394602,1789401735.708063,0.100319,-6.242393397589774,1.7008216085235461,-0.2515756399850714,0.029522749020310463,-0.030722878738439218,-0.22758565012058793,0.9728254128424154
1785497113.705170393,1789401735.798038,0.099776,-6.17398755815028,1.7766621331880492,-0.22553806676534566,0.018811630988234594,-0.024344377705660496,-0.22691379187198332,0.9734287877767414
1785497113.805078268,1789401736.034675,0.099908,-6.163345880310303,1.772124807818082,-0.22358419430746435,0.01884450738919323,-0.024014391776088995,-0.22671649702246832,0.9734823180249736
1785497113.904969931,1789401736.127879,0.099892,-6.189018834710109,1.7775038651074153,-0.2275776693730837,0.01932859123358147,-0.027513661851518538,-0.22641082895237455,0.9734513549767532
1785497114.005290508,1789401736.168046,0.100321,-6.203726347795137,1.7766504039917783,-0.22754820556682137,0.01985997674168558,-0.028732687732210778,-0.2254513465675456,0.9736281139690444
1785497114.105437279,1789401736.218603,0.100147,-6.205052375956565,1.7836776194408774,-0.2300498952956454,0.01970427206683896,-0.02839690274975872,-0.22458242575523804,0.9738419233217301
1785497114.205138445,1789401736.303077,0.099701,-6.227432403954801,1.778849305215756,-0.2333863078841404,0.02108920256327719,-0.029903146443122603,-0.22433804136443902,0.9738241579286022
1785497114.304967880,1789401736.435032,0.099829,-6.212830731503022,1.7940232575628996,-0.23249081497140106,0.01987834712199509,-0.027991262906621427,-0.22351493256213512,0.9740956911098999
1785497114.405033112,1789401736.519873,0.100065,-6.237301833539555,1.787398198797081,-0.2355165474651698,0.021571496770989494,-0.028958956987424636,-0.2232966173672978,0.9740814493717259
1785497114.505339622,1789401736.615316,0.100307,-6.235230754193159,1.7954855131860705,-0.23380655072294626,0.020291076658178305,-0.027507817117176085,-0.22328398787107082,0.9741539164661975
1785497114.605224609,1789401736.717736,0.099885,-6.230583418498251,1.8026901337381016,-0.23767931366991008,0.019207171637519182,-0.026964506450025242,-0.22304317572899915,0.9742462428518043
1785497114.704971075,1789401736.829144,0.099746,-6.261016909052759,1.8047277791418166,-0.23518568805686207,0.01991579712489073,-0.02819442193659922,-0.22447769285059108,0.9738676506638642
1785497114.804940224,1789401736.909306,0.099969,-6.29249809254695,1.8073736921114882,-0.23658376976577833,0.020669179851027893,-0.029472922631166878,-0.22436725407545396,0.9738395489684332
1785497114.905382633,1789401737.012071,0.100442,-6.281372082566198,1.7962999587971928,-0.2378807309899853,0.021553999496734682,-0.027257852274093795,-0.23064160419157984,0.9724180608213506
1785497115.005295038,1789401737.109489,0.099912,-6.240792937437229,1.8213265858494447,-0.23452178854392042,0.017922496261755717,-0.021574313777955136,-0.23531380670497343,0.9715146656058693
1785497115.105091333,1789401737.203217,0.099796,-6.282394009395858,1.820090611455866,-0.25344230425183445,0.02153163345246727,-0.02976655590191094,-0.24066279521675873,0.9699132744269274
1785497115.204934835,1789401737.305619,0.099844,-6.276341090917753,1.8260324141133553,-0.2397136946534854,0.019617449248907473,-0.02927788900867699,-0.24512115883869262,0.9688516802845674
1785497115.305220127,1789401737.406455,0.100285,-6.30102126534315,1.8404682671960777,-0.236920372902247,0.017527766449587517,-0.031071286639645663,-0.2574966464194037,0.9656204376633042
1785497115.405294895,1789401737.522740,0.100075,-6.4478387587441075,1.8864780272900439,-0.2834719358337422,0.0034039544296044404,-0.051269310475999995,-0.27453696178518194,0.9602027533348169
1785497115.505146980,1789401737.613754,0.099852,-6.554853561919595,1.9000234991288354,-0.32353769428407203,0.011652970493152065,-0.06221718051051803,-0.29238503965122525,0.9542034475501384
1785497115.605054617,1789401737.742242,0.099908,-6.492032323884995,1.9406145232966887,-0.3045861552538597,0.004550135064504456,-0.04257132451741578,-0.31567692259403646,0.9479003424103469
1785497115.705045700,1789401737.835289,0.099991,-6.533758274655766,1.9827667075152042,-0.29265141801214584,0.0022314140036669306,-0.042342379075534856,-0.3345531527429594,0.9414225043602095
1785497115.805191994,1789401737.905202,0.100146,-6.5930875920854755,2.0157704408154697,-0.29704982792897966,0.0016787668250015765,-0.044311980002727354,-0.34681413488617807,0.9368850441829306
1785497115.905182600,1789401738.020941,0.099991,-6.638213846430755,2.037510425444865,-0.27640364414890195,0.0008203408134575621,-0.04465275074091393,-0.35441650934138563,0.9340205548052943
1785497116.004913807,1789401738.111261,0.099731,-6.607045602034777,2.0440094796797963,-0.2620658008040709,-0.0012015195955658931,-0.03719775710452132,-0.3625447318315586,0.9312229596817981
1785497116.105063200,1789401738.211796,0.100149,-6.652353644122902,2.043500026746947,-0.2756340259530083,0.002620250168866706,-0.04103004500996626,-0.3722480331085771,0.9272222341718322
1785497116.205296993,1789401738.309440,0.100234,-6.687222783443343,2.0645626354641196,-0.26708180536473075,0.0027721773534840114,-0.043632838350476204,-0.3837970832644948,0.9223818565692453
1785497116.305266380,1789401738.817128,0.099969,-6.723809365938321,2.0126505668939365,-0.1810462607153593,0.004986409112968335,-0.019410519386174545,-0.3987871268053469,0.9168245169910637
1785497116.505000353,1789401738.848217,0.199734,-6.829299458265325,1.979087778782597,-0.1700563911922976,0.0035576034299656537,-0.013518640167632906,-0.4182329838064444,0.9082322175976965
1785497116.605208874,1789401738.886937,0.100209,-6.765139146046172,2.0061180077640617,-0.17769910940574185,0.000738901488686845,-0.0034576000092554253,-0.4410905264310194,0.897455651561548
1785497116.705438614,1789401738.960720,0.100230,-6.725488154819512,2.143805568194748,-0.18587962141658654,0.0567428334067348,-0.015019258398972305,-0.44884405219288437,0.8916802619467221
1785497116.805081129,1789401739.006752,0.099643,-6.602982780949983,2.07130416224866,-0.20157750579516914,0.06673698373775379,-0.022333263829650726,-0.44549379281063545,0.892514807101644
1785497116.904874563,1789401739.031324,0.099793,-6.6131156750850195,2.0534479727001576,-0.1592395545177786,0.0585942734776155,-0.019158433296618857,-0.46038733353740247,0.8855750497093617
1785497117.005002499,1789401739.120365,0.100128,-6.668584163024867,2.100244973201697,-0.15821048431487367,0.06103797264758645,-0.019315907880136565,-0.4685251048037357,0.8811273958779439
1785497117.105337143,1789401739.231560,0.100335,-6.581865016689228,2.095242461237167,-0.19140161121321486,0.06212128002686916,-0.02032648216586131,-0.4737852819385744,0.8782114137889144
1785497117.205237627,1789401739.315462,0.099900,-6.689395925481039,2.0897605862847835,-0.18833200510653048,0.06232318136033275,-0.021091561134551517,-0.4852639150822799,0.8718886969293697
1785497117.305128813,1789401739.394902,0.099891,-6.713945807298877,2.0747170791350356,-0.18332051488642115,0.06205477293191582,-0.01998602510670654,-0.4962765216646974,0.8657132192598899
1785497117.404879570,1789401739.495416,0.099751,-6.700180286906443,2.062618549052516,-0.17290363770224554,0.059235900470870566,-0.019081638866747918,-0.5005988988134565,0.8634394834963507
1785497117.505143166,1789401739.594799,0.100264,-6.775204207067386,2.0406492833054943,-0.23631663649880408,0.059043711710691775,-0.025546656258900197,-0.49671320063795,0.8655271253828778
1785497117.605418205,1789401739.695041,0.100275,-6.774108539116852,1.9963043515305385,-0.2453379864196613,0.056892122686693254,-0.024325405327564293,-0.4934238620811754,0.8675854155994569
1785497117.705271006,1789401739.801423,0.099853,-6.78946197232665,1.9842284779926316,-0.26728288127379124,0.056037313892193796,-0.02671854840294545,-0.49747387496395834,0.8652546921869076
1785497117.804958582,1789401739.896554,0.099688,-6.795687235020212,1.9952510134926922,-0.25479915543951687,0.049898914045285965,-0.02720991730695706,-0.5000162486560227,0.8641489859146595
1785497117.904964209,1789401739.994272,0.100006,-6.824354457763046,2.042831644889057,-0.25229115455999596,0.040881578975074266,-0.030869847318839964,-0.5031572741819322,0.8626752033441942
1785497118.005239964,1789401740.094723,0.100276,-6.827144554014884,2.092285162765165,-0.21802996635107036,0.025381698547138617,-0.034125667528650434,-0.5066495094045909,0.8611024810176733
1785497118.105299234,1789401740.194804,0.100059,-6.879033538258232,2.1608016970987634,-0.20712588711732627,0.015064940861620588,-0.044105150219411866,-0.511922520932628,0.8577663527109559
1785497118.204980612,1789401740.299061,0.099681,-6.83443805684177,2.107471678445041,-0.17639071398953626,0.0203399155566268,-0.027789544094017706,-0.5126052493263469,0.8579334982604317
1785497118.304918528,1789401740.394311,0.099938,-6.934769818276668,2.317395695902255,-0.14977124877067782,0.004167878364249468,-0.04180914388967607,-0.5209491587780887,0.8525529885266137
1785497118.405164719,1789401740.837336,0.100246,-6.875034601285251,2.426758594791265,-0.14764738666712773,0.0050308041240991344,-0.014990261167661344,-0.5297497876377314,0.8480065716595995
1785497118.505286455,1789401740.909376,0.100122,-6.947741053872168,2.5197846465075706,-0.14961710807125572,0.011786457513576947,-0.015845962356047717,-0.527866681044531,0.8490976103719896
1785497118.605051994,1789401740.959516,0.099766,-6.941279688158014,2.579570404841184,-0.15954632158641208,0.015811520272771447,-0.008804224925582133,-0.5253816441459053,0.8506742087572494
1785497118.704864979,1789401741.014317,0.099813,-6.810320058955635,2.848999762578514,-0.15196052679574423,0.02788968313129039,-0.023238026248898886,-0.5353697365644882,0.8438373094867619
1785497118.805135250,1789401741.065605,0.100270,-7.20009667151062,2.960871570778423,-0.2123817539163519,0.02439006405388222,-0.015218441551517772,-0.513635889705493,0.8575264990767064
1785497118.905445814,1789401741.121544,0.100311,-7.073249326728002,2.9366902745965153,-0.19933896987980226,0.025195393203862444,-0.018396676029466645,-0.4993411513621455,0.865843616959105
1785497119.005136967,1789401741.209144,0.099691,-6.955743414981538,2.8581795891322543,-0.08104790320256772,0.029018506930011696,-0.015548895197758813,-0.4946750897600989,0.8684542093194401
1785497119.104986191,1789401741.294009,0.099849,-7.0601430689255285,3.080120205632432,-0.1130323646851541,0.023261907100649085,-0.014798672656901853,-0.4945038659451902,0.8687380557630877
1785497119.204993725,1789401741.356596,0.100008,-7.0297316920145185,2.9969204878411344,-0.07580362991419459,0.02585695933820644,-0.008480798733452454,-0.49269872482866284,0.8697743731905246
1785497119.305099964,1789401741.473173,0.100106,-7.062861768304306,3.083690711036594,-0.11130608919526502,0.020473345260840096,-0.01270259372886723,-0.48886608887414407,0.8720260508697126
1785497119.405310392,1789401741.571304,0.100210,-7.125389824934236,3.1398401798991498,-0.15670001906188624,0.021498836841431813,-0.014731844345828363,-0.48167509342624154,0.8759622578339803
1785497119.505131721,1789401741.637312,0.099821,-7.159564096433207,3.1419542574535457,-0.02987708765302932,0.026180517904413635,-0.03342840907580108,-0.4716255858912737,0.8807760377540875
1785497119.604910612,1789401741.727823,0.099779,-7.14482999495786,3.228450550681786,-0.000272911908775042,0.01977768915177524,-0.022129686731375924,-0.4705213599366669,0.8818893183503792
1785497119.704880476,1789401741.864186,0.099970,-7.251338036718757,3.35302580606922,-0.04065958170405909,0.013796654954948017,-0.030489600231974886,-0.4699718043090612,0.8820467899972171
1785497119.805321932,1789401741.933447,0.100441,-7.295607043176552,3.319279475338333,-0.05607871064551684,0.035158495587860876,-0.01465483106073269,-0.466381189132746,0.8837633747434154
1785497119.905354261,1789401742.005127,0.100032,-7.395249118048935,3.429440749232468,-0.09079601462168307,0.02570136306792149,-0.020639805394615476,-0.4667833071099072,0.8837571966176149
1785497120.005053043,1789401742.095205,0.099699,-7.48337950078132,3.510077079102871,-0.07446406987354992,0.019159638954389553,-0.02162961722949402,-0.4650821118049911,0.8847958505626137
1785497120.105003834,1789401742.196748,0.099951,-7.516107740822506,3.532930483664098,-0.08088946226390459,0.013294211464509893,-0.01518161384418038,-0.46271220879093455,0.8862788468527308
1785497120.204927683,1789401742.670031,0.099924,-7.550510508153298,3.5486312040240935,-0.1577239815045246,0.014231635548666344,-0.023486445268358535,-0.4665271068072172,0.88408048618467
1785497120.305091143,1789401742.729755,0.100163,-7.572502130623367,3.6271238658638367,-0.18410322838629123,0.008878596882427797,-0.022009285110630394,-0.46478380413815334,0.8851060825106535
1785497120.405387878,1789401742.780495,0.100297,-7.516064193552803,3.71455379779869,-0.20281318664340148,0.001063318345488782,-0.01409513963611882,-0.46463844883841393,0.8853876598721823
1785497120.505073071,1789401742.850964,0.099685,-7.44673745656665,3.9300820903107283,-0.1470185101354048,0.006690164085075519,-0.029353708507024647,-0.4856855015667897,0.8736150153639551
1785497120.604882002,1789401742.931268,0.099809,-7.579063857372899,3.648661818868405,-0.22483185921033394,0.016666801414793556,-0.03621449484889095,-0.48049084596890534,0.8760931885556922
1785497120.705054045,1789401743.035730,0.100172,-7.656284751324147,3.7281391182418173,-0.2368353237636321,0.009654847294977198,-0.03415533122001666,-0.4585493747685463,0.8879598347743639
1785497120.805334330,1789401743.079195,0.100280,-7.508131617353697,3.9288093201412613,-0.14269660201040324,0.007695774436048032,-0.03442157127624568,-0.45170879498328254,0.8914679439114127
1785497120.905051231,1789401743.136666,0.099717,-7.477557640313084,3.8770242615690163,-0.19302207409066058,0.011962528574114315,-0.03373745738482115,-0.43780502143617467,0.8983570810567456
1785497121.005091429,1789401743.197780,0.100040,-7.557954748037697,3.876624876795078,-0.2881994319529892,0.016964544943809386,-0.03904428987914077,-0.421399617295564,0.9058753281694242
1785497121.104875565,1789401743.228313,0.099784,-7.600844357276494,3.7991209151521863,-0.2432988473115702,0.015001648542596802,-0.04100538963637606,-0.4130818909514557,0.9096465576969889
1785497121.205306053,1789401743.296059,0.100430,-7.667313452409906,3.7851408146865166,-0.26431644772837687,0.013749441837436146,-0.04319536907659252,-0.4007609280607821,0.9150605397893696
1785497121.305306196,1789401743.394936,0.100000,-7.850141113784593,3.8749481141342965,-0.23932093731916493,0.01712317250426591,-0.03765396160038792,-0.3818482657679928,0.923298910466948
1785497121.405102015,1789401743.528609,0.099796,-7.880288438457742,3.96950975668653,-0.19706039599987746,0.002890191891060299,-0.03866740563024953,-0.3765482285719017,0.9255851717115617
1785497121.504894733,1789401743.615619,0.099793,-7.936250919856569,3.9944393722884093,-0.21638142314844733,0.006959725110028029,-0.03552363795018622,-0.3697328982996091,0.9284326670730938
1785497121.604983091,1789401743.721102,0.100088,-7.998759389590682,3.9824608168415625,-0.1998052950171828,0.011972337905504006,-0.03380981925776584,-0.3632372484897042,0.9310060475403925
1785497121.705413580,1789401743.831159,0.100430,-8.022341730743111,4.032697622114228,-0.22237684446114453,0.013654992668593645,-0.02786795378829988,-0.3526855557422524,0.9352271473273169
1785497121.805203199,1789401743.912903,0.099790,-8.095235499821806,4.072540010281513,-0.2173600662881009,0.012637565049495415,-0.030263788817619354,-0.34929830414344953,0.9364374457265564
1785497121.904988527,1789401744.030744,0.099785,-8.101834966667512,4.055161999325602,-0.21653652756161867,0.01434963436664671,-0.023022767215183246,-0.3458175691120292,0.9379095100685867
1785497122.004909277,1789401744.114945,0.099921,-8.148361003045359,4.107787655918442,-0.20967761348759872,0.007459171131173811,-0.024531830123439857,-0.3423577952495596,0.9392197240843315
1785497122.105171204,1789401744.209674,0.100262,-8.088823497902062,4.106712232429633,-0.1851193766992804,0.009104503135268869,-0.010439892368628242,-0.33002082326668314,0.9438720108578019
1785497122.205300808,1789401744.315676,0.100130,-8.100791156958437,4.168965259991622,-0.1912048414032123,0.006549970950140473,-0.008903889833543541,-0.31819332131230804,0.9479614068616019
1785497122.305103064,1789401744.410936,0.099802,-8.106084257219521,4.187914277108221,-0.1912786039766779,0.007042548112229757,-0.00648986553041579,-0.30814452772237366,0.9512913508471839
1785497122.404979706,1789401744.513342,0.099877,-8.135025288608585,4.239791078778261,-0.184281530557231,0.0014301994880434761,-0.006377694670004341,-0.30198428329428184,0.9532904972692178
1785497122.505038738,1789401744.619455,0.100059,-8.191371003818045,4.2626705861135425,-0.18573184798246578,0.00410969878631932,-0.00872626350156803,-0.2979052262051868,0.9545467190773141
1785497122.604972363,1789401744.710937,0.099934,-8.210228869542508,4.294127134088793,-0.18531160722150897,0.0002818876917377972,-0.00710079807285607,-0.2960042001934202,0.9551602026227625
1785497122.705132484,1789401745.211426,0.100160,-8.195791813345993,4.131608883190778,-0.05531569772200773,0.06178169458795241,-0.026136676346759712,-0.28208700210880844,0.957040657237269
1785497122.805026054,1789401745.247870,0.099894,-8.239174502817363,4.107894352180243,-0.06424012636441623,0.0660993246483456,-0.029567637652813138,-0.27117210704734457,0.9598032727828588
1785497122.904926062,1789401745.296104,0.099900,-8.233895526124956,4.155102045133118,-0.06512613701958492,0.063296308936518,-0.03166462651091992,-0.26111301423737815,0.9627101965281942
1785497123.004924536,1789401745.337009,0.099998,-8.19717388674773,4.094452909717312,-0.05146828142366583,0.07844352627980024,-0.0492482827362597,-0.26691958130757787,0.9592576071876849
1785497123.105256796,1789401745.371274,0.100332,-8.185028405300448,4.054899661211675,-0.08102926389219506,0.07759129817048517,-0.050834793472553104,-0.2617433651827015,0.9606694670927172
1785497123.205140114,1789401745.462399,0.099883,-8.230234649758716,4.168714774365425,-0.07103908629173994,0.07409316997628478,-0.051759271304182446,-0.2464026749054962,0.9649439889428424
1785497123.304895163,1789401745.485312,0.099755,-8.431294379047948,4.163609795677796,0.04605090905500725,0.07160835209166877,-0.053290365729464266,-0.23950491558519404,0.9667832105711524
1785497123.404837370,1789401745.531474,0.099942,-8.421638255127565,4.060819130651084,-0.09305441432390132,0.07316661708612977,-0.0527028136036504,-0.23016362142500998,0.9689653074055751
1785497123.505271673,1789401745.601201,0.100434,-8.390285014845952,4.169561989197259,-0.16607211262440486,0.0721177410964202,-0.050786597408303547,-0.21625373110164892,0.9723446285798653
1785497123.605357885,1789401745.710660,0.100086,-8.435315777078745,4.1367838353360735,-0.10527820417396427,0.07563862392354627,-0.05550067342278623,-0.20662199353794472,0.973912637564411
1785497123.705027342,1789401745.833329,0.099669,-8.44236069662039,4.168000758717261,-0.09329225554818638,0.07392134166178506,-0.05668273048108147,-0.19980851813256376,0.9753969752846853
1785497123.804818392,1789401745.917421,0.099791,-8.499067683284265,4.187552183253348,-0.15191562272298437,0.07389143927703339,-0.04572815476600644,-0.19261684398986717,0.9774189186195351
1785497123.905067444,1789401745.998805,0.100249,-8.544200592570096,4.188170869469432,-0.12075078772440195,0.07026598551133624,-0.051436635724214176,-0.18837391836891035,0.9782291299407241
1785497124.005300283,1789401746.093776,0.100233,-8.58241120816189,4.2049621717448185,-0.05442617660017435,0.05946060558956617,-0.05846030034420492,-0.1906799192225252,0.9781042879328459
1785497124.105112791,1789401746.194548,0.099813,-8.731457373707139,4.267818959150335,-0.10280515984911442,0.057219491693685585,-0.06012750376031026,-0.18567122259265414,0.9791000000835339
1785497124.205027819,1789401746.294564,0.099915,-8.861598955653033,4.354791626883796,-0.16336479568527035,0.05484654287315369,-0.06421273399616202,-0.18723770444972895,0.9786779978934592
1785497124.304841280,1789401746.394520,0.099813,-8.967183758206748,4.3801269337045765,-0.15309440708319738,0.060989571868743896,-0.05875058208877041,-0.18521212297036524,0.9790429565310537
1785497124.405098915,1789401746.496595,0.100258,-9.164549574200013,4.408274952336056,-0.1515393010916003,0.07085883213560129,-0.0713666668199556,-0.18481026211111956,0.9776149506807729
1785497124.505225420,1789401746.596707,0.100127,-9.355209006475365,4.4658107924290045,-0.11004140674220247,0.061778280509077625,-0.07241612017006953,-0.18457533260435163,0.9781979841482049
1785497124.605076075,1789401746.693330,0.099851,-9.464461401592999,4.519618006104085,-0.0941517239301628,0.06173149114880027,-0.0846752071595425,-0.17588460942027492,0.9788176216552834
1785497124.704967022,1789401746.794600,0.099891,-9.49678282778711,4.555104193834776,-0.10749895344816168,0.05882320593985817,-0.06773868572529301,-0.1751935180315378,0.9804379287541323
1785497124.804840088,1789401746.908416,0.099873,-9.559193815232184,4.804168906424964,-0.061804908422158744,0.018652002770661626,-0.013294293067334317,-0.1706645491582593,0.985062930084115
1785497124.905050516,1789401747.287857,0.100210,-9.722519635985645,4.820463168815802,-0.025528453363507897,0.020215606842398426,-0.013303900240269959,-0.1718954312315411,0.9848179000205672
1785497125.005216599,1789401747.347921,0.100166,-9.766136769775306,4.867818212099319,-0.017005969027703627,0.01613364802723132,0.0035171273981328553,-0.1724101189626977,0.9848868392339654
1785497125.105041742,1789401747.427327,0.099825,-9.824442943235908,4.898630607197683,-0.015005931215855084,0.016353527399108586,0.012185613379659357,-0.17276634546480094,0.9847516757252626
1785497125.204850197,1789401747.497043,0.099808,-9.435312355522239,4.913926291893739,-0.014833483563220173,0.029678302631721984,0.00903053777740708,-0.17205976700482994,0.9845979302839328
1785497125.304916859,1789401747.561217,0.100067,-9.30722320628522,4.816235199016437,-0.020376750253394138,0.028119475005195824,0.00902886735944298,-0.17270601786002693,0.984530551113259
1785497125.405297041,1789401747.621072,0.100380,-9.609339810530788,4.864563785328739,-0.009359881923399926,0.027607109726326587,0.009767096509446783,-0.17285747400415208,0.9845114245147382
1785497125.505092144,1789401747.703466,0.099795,-9.465329350856718,4.803901834042891,-0.016540026540864894,0.027918645965788844,0.009567247281336708,-0.17285136331601364,0.9845056745329057
1785497125.605016708,1789401747.734978,0.099925,-9.528576252514252,4.8495558386455215,-0.013123446614354606,0.027626653257983903,0.00906783169409356,-0.17280143761628156,0.9845274021664804
1785497125.704843521,1789401747.832874,0.099827,-9.438885770251423,4.875421427181593,-0.01018561867613027,0.026908365616423395,0.010847407858271525,-0.17248500780590573,0.984584783391257
1785497125.805095196,1789401747.906522,0.100252,-9.51759587538927,4.876890052465415,-0.026566908673730627,0.027634368597294443,0.007954977029658793,-0.17260334399134414,0.9845715543608269
1785497125.905245781,1789401747.999289,0.100151,-9.626556055212856,4.649320371788364,-0.07867686029691079,0.02802786420637881,0.02144683934474564,-0.1771276517748993,0.9835549130006234
1785497126.005023241,1789401748.127749,0.099777,-9.611543722738555,4.6043243430707115,-0.08079047278064505,0.02880611193156517,0.024205352241137013,-0.17723278992941835,0.9834494633751686
1785497126.104857922,1789401748.228831,0.099835,-9.588042333731297,4.58841983646164,-0.08387195944143183,0.027155414789609197,0.026041847594125908,-0.17721889948475414,0.9834520157525252
1785497126.204904079,1789401748.494218,0.100046,-9.597952966899085,4.590986571823012,-0.0862327135616579,0.024744561673460928,0.024847700373872798,-0.17717040128922454,0.9835552589262779
1785497126.305278301,1789401748.544210,0.100374,-9.578972405859776,4.598743348770452,-0.08141125735699911,0.021791751528335852,0.0262657455307734,-0.1766123501996136,0.983688623465177
1785497126.405070305,1789401748.654838,0.099792,-9.5858777247468,4.601554712169994,-0.0798118152289713,0.021034477634587805,0.025140015071575303,-0.17669462362678504,0.9837197468664747
1785497126.504966497,1789401748.677166,0.099896,-9.599500685446234,4.66880193184997,-0.08324858197659352,0.025866856606310173,0.023138981661459876,-0.17641495097439347,0.9837038468616905
1785497126.604859114,1789401748.817340,0.099893,-9.427712788759099,4.592110556624338,-0.11145292448205979,0.02707632071347203,0.023246182161229412,-0.1766575899502698,0.9836252252689112
1785497126.705024958,1789401748.978412,0.100166,-9.570715190932598,4.647861621469421,-0.09225736344032298,0.027104882829651893,0.021463192290104623,-0.17680272617550538,0.9836388832906228
1785497126.805159569,1789401749.068352,0.100135,-9.55498099542209,4.625843885951601,-0.09212696545598292,0.027428562816589782,0.022161081963329207,-0.17679535471434907,0.9836157598067773
1785497126.904972553,1789401749.166199,0.099813,-9.550666724218482,4.6167777475733836,-0.09370110786294106,0.027038151082164067,0.02224104033494611,-0.17684546304260382,0.9836157566412453
1785497127.004845381,1789401749.259761,0.099873,-9.573355091302291,4.621979439311945,-0.0798475504232335,0.02599107928281842,0.02130056319772866,-0.1767809962095336,0.9836763843791027
1785497127.104817152,1789401749.342232,0.099972,-9.588989253915917,4.612612274225664,-0.08334801955954863,0.02554564298136571,0.02116415587009598,-0.17678153408652375,0.9836909005565699
1785497127.205188274,1789401749.434196,0.100371,-9.555007190387176,4.58038884976506,-0.0851289469916538,0.025350011238265087,0.024150480346395223,-0.1767360553672036,0.9836353480651783
1785497127.305056810,1789401749.548705,0.099869,-9.564776432301752,4.5861151810999425,-0.08739159518875667,0.02259873393460386,0.022596761392561504,-0.1767534578287763,0.9837361936746544
1785497127.404844046,1789401749.648979,0.099787,-9.548209994945724,4.58971956631819,-0.08229971559261207,0.020188590279941403,0.023682417131484154,-0.17634347794579008,0.9838366438225954
1785497127.504966497,1789401749.707969,0.100122,-9.540637409138586,4.577325425393803,-0.09130890805753733,0.019587610906558004,0.0239188266856842,-0.17636938570425942,0.9838384293246846
1785497127.605207443,1789401749.743993,0.100241,-9.55421986291046,4.581203721075722,-0.08794268993773102,0.017482778045892558,0.02207481059066967,-0.17624674222274492,0.9839431594690116
1785497127.704970360,1789401749.851244,0.099763,-9.5577373968637,4.560656222287026,-0.08760410848161287,0.017636270260034437,0.022308083789750785,-0.17628705328720118,0.9839279375101955
1785497127.804863691,1789401749.934884,0.099893,-9.56174907632684,4.568375274917115,-0.08660943255460529,0.015050971481288781,0.021917872587410094,-0.17611128127591213,0.984011123782082
1785497127.904888630,1789401750.029454,0.100025,-9.540749008400013,4.581468988614634,-0.0901790396804874,0.012567896230581414,0.023768478377365475,-0.17572175840389326,0.9840726452067525
1785497128.005679369,1789401750.099645,0.100791,-9.553455417757085,4.574525020135809,-0.09170518000304756,0.012922877560887976,0.02227239956779698,-0.17600780882241532,0.9840519247922739
1785497128.105112314,1789401750.194171,0.099433,-9.568930845848051,4.583096930189008,-0.09397362697583556,0.011841812510855292,0.021006013400419507,-0.17579712374286022,0.9841310330245793
1785497128.204861403,1789401750.294104,0.099749,-9.649651743509889,4.578571238302824,-0.03444502375346864,0.0051930167593886405,0.010550713636243504,-0.17315341772534942,0.98482465898736
1785497128.304871321,1789401750.606192,0.100010,-9.662724153587886,4.586722348029308,-0.0350954524003787,0.004278201424815118,0.0101698221480912,-0.17304971417555712,0.9848512923962885
1785497128.405210733,1789401750.664138,0.100339,-9.66544444980749,4.589055760571355,-0.03075478666699316,0.003939606832206621,0.011001406605117666,-0.17306639728087603,0.9848408352032177
1785497128.505073071,1789401750.753212,0.099862,-9.680521200785076,4.603892486261554,-0.02975882173333405,0.0040227751858043755,0.010464585687115393,-0.17321975824591943,0.9848193870351399
1785497128.604928017,1789401750.851695,0.099855,-9.56170275395982,4.6124856783713,-0.026192645663270286,0.022536486589750465,0.01282373591519393,-0.17509108243171093,0.9842107352712091
1785497128.704797506,1789401750.959012,0.099869,-9.655713079894856,4.641035971856117,-0.037638451215963986,0.01896554404939643,0.012107691435304865,-0.17392324433232462,0.9845021163150285
1785497128.804978609,1789401751.027310,0.100181,-9.589951737770935,4.66385961128824,0.0020482189313332233,0.020104754807647545,0.012376191341313032,-0.17400679306166053,0.9844614084316547
1785497128.905198574,1789401751.098663,0.100220,-9.6559838870378,4.645036111089524,-0.022869634866043154,0.020807979960832012,0.012090793883480996,-0.17411495061360188,0.984431218850191
1785497129.004948854,1789401751.138007,0.099750,-9.601251451894766,4.642758492729816,-0.03283639057713528,0.02056177456187804,0.01341962013476559,-0.1740681230298636,0.9844274558178465
1785497129.104867220,1789401751.204792,0.099918,-9.605690423054831,4.668526192688388,-0.023455316249272162,0.019590157994681036,0.012776249535973477,-0.1740661816590265,0.9844561735095259
1785497129.204923630,1789401751.307328,0.100056,-9.591137495483679,4.633256543475227,-0.02783062756804161,0.020664420883590873,0.013459867845384861,-0.1741114485047864,0.9844170951215386
1785497129.305043459,1789401751.406464,0.100120,-9.61825857827309,4.612829912879669,-0.029152056985209118,0.020523729513893207,0.011669535045122293,-0.17408967947090348,0.9844467390271666
1785497129.404986620,1789401751.506829,0.099943,-9.612109965497249,4.585191937793937,-0.03365887850690735,0.020078912821553344,0.012540636704900646,-0.17410967159051108,0.9844416650825062
1785497129.504880428,1789401751.607601,0.099894,-9.561154028506344,4.473655993217169,-0.116045270952507,0.04082427128699169,-0.010160022954402504,-0.17577265572715503,0.9835314566941527
1785497129.604836702,1789401751.710909,0.099956,-9.543091558604308,4.457559682488889,-0.11550945151192321,0.03955215834959521,-0.007983928653174691,-0.17554821684691732,0.9836435874928806
1785497129.705193520,1789401751.837597,0.100357,-9.547391453529489,4.460951987331603,-0.11575140020630104,0.036887666090459015,-0.008769435346413158,-0.17562617049188217,0.9837265094188055
1785497129.805100203,1789401751.938441,0.099907,-9.54516987648278,4.449166263863214,-0.11979906053331052,0.03586710129250541,-0.00832560552392569,-0.1755924314192263,0.9837741272094243
1785497129.905093431,1789401752.029783,0.099993,-9.56545126310011,4.451209275275913,-0.11865332507009951,0.0339045278901977,-0.010149098899032845,-0.1755921475910125,0.9838266496112532
1785497130.004852295,1789401752.148013,0.099759,-9.58188920836252,4.460342346519077,-0.11722902663321882,0.0317532000248662,-0.010841638675028383,-0.17543123372749914,0.9839197504841115
1785497130.104897738,1789401752.383442,0.100045,-9.576033174380202,4.450428273212443,-0.11669172932482447,0.03135284924997773,-0.009142182694540328,-0.17532669264106546,0.9839684802817014
1785497130.205053568,1789401752.441608,0.100156,-9.566912532179497,4.451171686670996,-0.1174725371540421,0.029922666419273027,-0.008072063201788583,-0.17537083716575544,0.9840145046200574
1785497130.304940462,1789401752.511916,0.099887,-9.55642412490633,4.462246932373053,-0.11891684790762713,0.02910656340096094,-0.007389625490431998,-0.1753633765383849,0.9840456735192766
1785497130.404874802,1789401752.584916,0.099934,-9.562094601964398,4.502783075134126,-0.11237822028344313,0.03746792116104184,-0.00789160081073267,-0.1756727306208836,0.9837036999206433
1785497130.504823685,1789401752.630939,0.099949,-9.565781817765297,4.511808131020852,-0.11163167556666442,0.040462661032387555,-0.008008877191579975,-0.1758243028061657,0.9835570372336727
1785497130.605005503,1789401752.704522,0.100182,-9.529495548024807,4.5684959796624245,-0.11540422286917401,0.041433445935408666,-0.007937344473154345,-0.1758634957270242,0.9835101926223994
1785497130.705043077,1789401752.815069,0.100038,-9.495982284250584,4.516785739191765,-0.11655381705817802,0.04323055372091476,-0.007490951753481855,-0.17582700143639432,0.9834428658714967
1785497130.804834843,1789401752.910553,0.099792,-9.5344584693857,4.511603503646634,-0.1173332637648914,0.043387240935377,-0.009101163014338125,-0.1758868910476319,0.9834116725533852
1785497130.904587269,1789401753.006982,0.099752,-9.542921728530699,4.497151563677291,-0.11358068747488698,0.04329645842537901,-0.00899325830227372,-0.17589250519460162,0.9834156621745157
1785497131.005048752,1789401753.119072,0.100461,-9.645651476551148,4.682088699686167,-0.06283190908015651,0.02607013152472008,0.024855826467042208,-0.17428287392737996,0.9840365928101473
1785497131.105377913,1789401753.209049,0.100329,-9.641741887744736,4.666367472819437,-0.06640363121345944,0.02562102426946912,0.025508911218543432,-0.1742261864541027,0.9840417138101183
1785497131.205054998,1789401753.310941,0.099677,-9.64928702715628,4.6641351549402055,-0.06519981918828871,0.023884445713466186,0.024947229933024343,-0.17417606681666015,0.98410866611405
1785497131.304721355,1789401753.407680,0.099666,-9.656251430161804,4.657765624228479,-0.06685795003883488,0.02259320206926684,0.02470789853517599,-0.17405984225821028,0.9841657575246902
1785497131.404811859,1789401753.511705,0.100091,-9.654052275176133,4.6519122374790065,-0.0685872321546066,0.021006191069599774,0.0253007603816867,-0.17388654134138187,0.9842164813708699
1785497131.505053282,1789401753.608948,0.100241,-9.645559793674702,4.649118901341817,-0.06917308230728286,0.019141701846728695,0.026106215965030547,-0.17372605132266655,0.9842618146769188
1785497131.605141640,1789401753.712377,0.100088,-9.664043820924224,4.6485560521930065,-0.07020024417798748,0.017849799886870583,0.024359412832946997,-0.173763199534108,0.9843243134957965
1785497131.704936981,1789401753.825613,0.099795,-9.669457513257203,4.650930611368807,-0.06746930378118615,0.01616667465109073,0.024478101654409324,-0.17348728011880857,0.9843991186546085
1785497131.804787159,1789401753.906643,0.099850,-9.670873819516565,4.654767052053409,-0.06757198005877801,0.01474348689712561,0.024820048941903303,-0.1733432144813349,0.9844382787959761
1785497131.904964924,1789401754.006148,0.100178,-9.677114885213046,4.6488149618687995,-0.06820803195691005,0.014470296948728926,0.02484441203606594,-0.1733702879766305,0.9844369502129469
1785497132.005144596,1789401754.105064,0.100180,-9.651620794961095,4.662349696257071,-0.06711146919475602,0.012070003005623614,0.027201303161334723,-0.17299509860301182,0.9844730062292084
1785497132.104933023,1789401754.205832,0.099788,-9.650571644725392,4.662655000679674,-0.06723602796976214,0.01203270722967027,0.026747789841545824,-0.17316617357119493,0.9844558121251046
1785497132.204778194,1789401754.300794,0.099845,-9.498792131771273,4.571941502809854,-0.055917809851228406,0.01948325141656281,0.001067129888702983,-0.1749977665367014,0.9843754597998107
1785497132.304886580,1789401754.401828,0.100108,-9.483471333022383,4.562294504595475,-0.05733904331203327,0.020211962439530568,0.0023290826478933073,-0.17490140860515865,0.9843757154751314
1785497132.405159712,1789401754.667210,0.100273,-9.484110777320684,4.571128789614969,-0.05600439650862499,0.019331112862906782,0.0014024731262071188,-0.17493484106424967,0.9843892230857266
1785497132.505018234,1789401754.746603,0.099859,-9.491053563551542,4.555923408081107,-0.058978448188664045,0.02090599064468186,0.0007219616953019498,-0.1750158973968046,0.9843433618335368
1785497132.604847670,1789401754.951329,0.099829,-9.502793720386663,4.56028031578488,-0.056326305017829426,0.02123782876798953,-0.00035849334213529865,-0.17498648300837313,0.984341687056377
1785497132.704838037,1789401755.047118,0.099990,-9.496622115724747,4.583640374053173,-0.05711001568815799,0.02963985236926455,2.251101568656562e-05,-0.17544462274145814,0.984043018875075
1785497132.805129290,1789401755.116732,0.100291,-9.453947995599641,4.617414338697177,-0.06800828895511307,0.032554809359946764,0.00019376829877646695,-0.1756253557948759,0.9839186354796762
1785497132.905182123,1789401755.162229,0.100053,-9.497683831322924,4.604338967503563,-0.057980339724785335,0.03416549576176843,-7.170166431188803e-05,-0.17578009851582826,0.9838364044519139
1785497133.005048752,1789401755.225648,0.099867,-9.491938978170069,4.597161814009751,-0.05827480362644799,0.034821282668269726,0.0002921237225158623,-0.17582239824287108,0.9838058127568023
1785497133.104782581,1789401755.267551,0.099734,-9.520566731877565,4.597568456806167,-0.052831870878609744,0.034938952836646914,-0.0003627378183348652,-0.17584889330905284,0.98379688184036
1785497133.204844236,1789401755.336517,0.100062,-9.501714946286391,4.589671610820035,-0.05485733706414636,0.03474973402537684,0.0009334662862788387,-0.17578195205527708,0.9838151706282915
1785497133.305165291,1789401755.405151,0.100321,-9.480031650243138,4.585482754798981,-0.056225559986556484,0.03386096129008382,0.0019219648740175562,-0.1757172577383643,0.98385628355229
1785497133.404956818,1789401755.506966,0.099792,-9.492737467922685,4.5771192428203635,-0.053563968163817255,0.033350763856947005,0.0006563394222426291,-0.1757711851934943,0.9838657358731807
1785497133.504821777,1789401755.598105,0.099865,-9.459547629401701,4.582626566463056,-0.05827967396408157,0.017513087913744698,9.192209781936123e-05,-0.1751693404550842,0.9843825402085732
1785497133.604957342,1789401755.713573,0.100136,-9.469748076059044,4.5852618226703425,-0.06224512047319919,0.0154072524495083,-0.0009892002154148322,-0.17510467347498113,0.9844287639961617
1785497133.705013514,1789401755.804854,0.100056,-9.484745394222502,4.571141573958953,-0.059444335101196455,0.014884734419550547,-0.001744711896747393,-0.17510429483873072,0.9844358214691231
1785497133.804975033,1789401755.920339,0.099962,-9.47382381379781,4.571687443204403,-0.06379885850248163,0.012590970143065521,-0.0003894304815797232,-0.17490530884575206,0.9845046717782646
1785497133.904870033,1789401755.992443,0.099895,-9.473147755120845,4.57420909939885,-0.06274814572031812,0.01062079391312201,-0.00046698203167612213,-0.17489067121535043,0.9845304636156169
1785497134.004775763,1789401756.093056,0.099906,-9.47209900045651,4.574462132605652,-0.06225510329213263,0.009326819133259213,-0.00042594300463945383,-0.17484073028571084,0.9845524607919438
1785497134.104973793,1789401756.193138,0.100198,-9.466471065501063,4.561663912874478,-0.060461522928002664,0.009179957317689343,0.00018347551488793735,-0.17481163643705255,0.9845590822736242
1785497134.205173016,1789401756.293984,0.100199,-9.475573470032044,4.559457662257649,-0.05884443641548642,0.008166767146488993,-0.0008111524844568005,-0.1748002145545838,0.9845697186784662
1785497134.305099726,1789401756.392713,0.099927,-9.472324071036866,4.567584834505258,-0.057801300103309694,0.006388527771253969,-0.0005078770588402671,-0.17457365647626139,0.9846232615773501
1785497134.404787779,1789401756.602115,0.099688,-9.475519187548619,4.567162193639149,-0.05759938511113849,0.005954309686586249,-0.0007528691433689314,-0.17463108057813015,0.9846156433254679
1785497134.504906416,1789401756.644872,0.100119,-9.467558961055419,4.570850027941589,-0.059077853905879996,0.005133932913395884,2.7969019254855654e-05,-0.17457263830737335,0.9846309135436888
1785497134.605066299,1789401756.698767,0.100160,-9.474906810914026,4.578157792304235,-0.06143015313368033,0.005578279153168122,-0.000770772513863905,-0.1747507303632997,0.9845966031577711
1785497134.704917908,1789401756.793239,0.099852,-9.457387456172468,4.606767786920492,-0.06342616746077379,0.014114194467240887,-0.00075930224480167,-0.17490329111125963,0.984484155146233
1785497134.804766655,1789401756.899593,0.099849,-9.62603461273319,4.570762889312463,-0.07605591038731946,0.030709309933545717,0.0008219041220618206,-0.17470511641930403,0.9841414456544648
1785497134.904854059,1789401757.033897,0.100087,-9.635301805882628,4.55367402851024,-0.07485413705644234,0.0323602248502128,0.0011129466275958655,-0.1748161668511146,0.9840685367421588
1785497135.005176306,1789401757.129911,0.100322,-9.630041775185854,4.551866062977714,-0.07209567973777603,0.03290742300585848,0.00150131043367229,-0.17480001534363676,0.9840527436143258
1785497135.104974747,1789401757.208246,0.099798,-9.606803751164195,4.533969659328343,-0.07941402384860108,0.03342588547859365,0.002335518126000999,-0.17479419406699911,0.9840346768566877
1785497135.204874039,1789401757.334865,0.099899,-9.615549088523965,4.528077487992668,-0.07804408977584087,0.03314873822341489,0.0016971730894712773,-0.1748191255805651,0.9840409311049357
1785497135.304581881,1789401757.439061,0.099708,-9.626797503157315,4.509325501303968,-0.07890373487835012,0.03320924491108003,0.0013817338023122247,-0.17484955381769923,0.9840339782725032
1785497135.404983759,1789401757.495173,0.100402,-9.616963989506923,4.508315761229878,-0.08027747071582242,0.03146963875443968,0.0021754358960495578,-0.1746984747120447,0.9841165440381211
1785497135.505116701,1789401757.594870,0.100133,-9.607851164468917,4.499037244353881,-0.07901127554315929,0.030356870511189606,0.0026954485381520442,-0.17463832601606807,0.9841608862666579
1785497135.604908705,1789401757.693751,0.099792,-9.604374603407335,4.4905713913115,-0.08149018825589993,0.02910191330941764,0.0026130553758398336,-0.1745838807502403,0.9842086766364352
1785497135.704770803,1789401757.793647,0.099862,-9.604482810741487,4.4881526897615345,-0.0818871126237447,0.027262510579160928,0.002173992182179051,-0.17451904383448685,0.9842739113757577
1785497135.804956198,1789401757.894813,0.100185,-9.593436811129099,4.4748781064645105,-0.0825595307580072,0.026363014385442435,0.002955039901367192,-0.1744148212930359,0.9843148527406952
1785497135.904996872,1789401758.000785,0.100041,-9.597791955776533,4.4800042154786235,-0.0824135067802731,0.024019050832905744,0.0018053895093382327,-0.17439056899088057,0.9843819153223848
1785497136.004837275,1789401758.093487,0.099840,-9.597157946795312,4.481967399101205,-0.08190231619388588,0.02249357564666444,0.0015818863039747445,-0.17427303425198531,0.9844391531343518
1785497136.104739666,1789401758.191697,0.099902,-9.605274961021529,4.488979816524274,-0.08382339031654201,0.021019753502898034,0.0005776502395213826,-0.17422425297133567,0.9844814604452351
1785497136.204949617,1789401758.519137,0.100210,-9.49659367743085,4.53203715184827,-0.07361740975080827,0.03203266915622834,0.0020662301667096843,-0.175530215485482,0.9839505994978492
1785497136.305152655,1789401758.567772,0.100203,-9.50338896924685,4.5387474908209064,-0.07328413138381001,0.03091525594556564,0.0011639676100008128,-0.17556359336833013,0.9839818681326163
1785497136.405054331,1789401758.628264,0.099902,-9.503827383003465,4.5434220224820026,-0.07433522181727664,0.03131782877899688,0.0012277093527816546,-0.17550375257962528,0.983979735137732
1785497136.504748821,1789401758.678457,0.099694,-9.48783329316842,4.569250892509781,-0.07348113373840315,0.03939306327041939,0.0013849537436452957,-0.17595630788177372,0.983608482164954
1785497136.604840994,1789401758.710949,0.100092,-9.506558168662025,4.628272858474879,-0.05040827476072679,0.042292589770643256,0.001477873199074926,-0.17611337453801792,0.9834598273702186
1785497136.705225945,1789401758.807885,0.100385,-9.471432627200938,4.675794860216452,-0.06526057007655184,0.04351631285044472,0.0017885957715314943,-0.1759641650326091,0.983432633212044
1785497136.804970026,1789401758.895373,0.099744,-9.479623647281846,4.610924105776445,-0.06511595967370248,0.045744095754553744,0.0017585303429148596,-0.17612300472822354,0.9833031437359806
1785497136.904870510,1789401758.993812,0.099900,-9.499709844568002,4.597715771151788,-0.06774211646383194,0.045881118623083014,0.0012746425592975012,-0.17616516277112731,0.983289954015087
1785497137.004766464,1789401759.094442,0.099896,-9.498756721187622,4.577891093445828,-0.07187536658919752,0.04590818369942222,0.0016821624652611574,-0.1761896873047488,0.9832836839321826
1785497137.104881763,1789401759.193725,0.100115,-9.481081557475852,4.570637845491344,-0.07287609378926274,0.0448067306573396,0.002602941755741704,-0.17612466630445933,0.9833441327948668
1785497137.205028057,1789401759.295477,0.100146,-9.500787004465849,4.5607340762708315,-0.06974094270045111,0.044069965263457696,0.0011089952311422904,-0.17625060887777105,0.9833576822104958
1785497137.304853439,1789401759.394668,0.099825,-9.496982123815046,4.545161596036225,-0.07182513024940185,0.04314927788364098,0.0018380032416574603,-0.1761286254268892,0.9834192742001591
1785497137.404711962,1789401759.493612,0.099859,-9.495711891083397,4.541734679210178,-0.0721640826841976,0.04105174879748073,0.0018565071299468828,-0.1761083342394137,0.9835126648469215
1785497137.504900694,1789401759.593714,0.100189,-9.500227619911305,4.534338603306516,-0.07516447372242652,0.03961169140422667,0.001482199743639456,-0.17604802917062828,0.9835831476871099
1785497137.605019569,1789401759.692518,0.100119,-9.50530617590974,4.534572202453732,-0.07341236408579221,0.03746833087023929,0.0011277154584798503,-0.17595969069686285,0.9836834041959012
1785497137.704871655,1789401759.794903,0.099852,-9.507784635760036,4.590789955868253,-0.06354618227889752,0.02560480999549629,0.0011683463409811897,-0.17497273091039336,0.9842395908063398
1785497137.804729462,1789401759.929844,0.099858,-9.50434680169718,4.594696424425756,-0.06609816357994436,0.023533079644054482,0.0013984136974646028,-0.17487158074428755,0.9843089803768642
1785497137.904908895,1789401760.017177,0.100179,-9.505767072613633,4.593849097346077,-0.06628296225801,0.02245973367770972,0.001205632175398036,-0.17484570738356095,0.9843389078080154
1785497138.005163193,1789401760.129236,0.100254,-9.498333733220207,4.592736773921236,-0.06636483828970863,0.02147010748919918,0.0018579139608984113,-0.1747544116142897,0.984376187370667
1785497138.104959965,1789401760.210043,0.099797,-9.494325045236621,4.594284080394233,-0.0693746320625917,0.020625445340782964,0.0018156581307040023,-0.1747293668989534,0.9843987722128104
1785497138.204742670,1789401760.296478,0.099783,-9.504186342251787,4.597863145970689,-0.06751114278202125,0.01988915739510236,0.0007112666930042512,-0.17474835774852024,0.984411970154239
1785497138.304762840,1789401760.438579,0.100020,-9.506267374539574,4.6020600360841035,-0.06563122636439139,0.019291865192889366,0.000693549970499781,-0.1746412125833398,0.9844428829516672
1785497138.404976130,1789401760.675737,0.100213,-9.500430974149904,4.60415069753039,-0.06544410861505967,0.018915273280665532,0.0013121727376126419,-0.17456627011724885,0.984462852512845
1785497138.504880667,1789401760.723117,0.099905,-9.50262438504985,4.600819952035926,-0.06412059446253376,0.0192206380744813,0.0010939945324996204,-0.17463899031730176,0.9844443068604122
1785497138.604791403,1789401760.824150,0.099911,-9.500193254601049,4.604527379438094,-0.0631649388192459,0.019817027868964637,0.0012550959976583716,-0.174650191717178,0.98443030259871
1785497138.704711914,1789401760.961562,0.099921,-9.514065146450864,4.620702368827542,-0.06306107207848682,0.028464292298881165,0.0013737396862442692,-0.1752606011871961,0.9841095561855143
1785497138.804947853,1789401761.021964,0.100236,-9.485303040498978,4.657604892891261,-0.06470703871832462,0.031490489293696744,0.0013366800660583342,-0.17537296459037618,0.983997401247674
1785497138.904989004,1789401761.071288,0.100041,-9.4970687071406,4.665864846609636,-0.05362454154745694,0.03302675211612884,0.0010854751861993763,-0.17541536939585742,0.983939786556547
1785497139.004819870,1789401761.127229,0.099831,-9.501769963723484,4.655165382611713,-0.05617218620393105,0.03404973378565497,0.0010544734267263862,-0.17545166268858314,0.9838984794051053
1785497139.104725361,1789401761.193870,0.099905,-9.475452764424778,4.647762062147596,-0.05664114124690883,0.03425021299901744,0.0018114404499245424,-0.17542506095319024,0.9838951618864361
1785497139.204901695,1789401761.293204,0.100176,-9.494983729509718,4.636209557343972,-0.05928914743531877,0.034517089357991255,0.0007015593629448058,-0.17548156032658235,0.9838771774683104
1785497139.305178404,1789401761.397095,0.100277,-9.491849993362315,4.580438717944065,-0.06939862617070719,0.027078908135569638,-0.0009998626237318667,-0.1755935701322727,0.9840897475017646
1785497139.404854536,1789401761.515863,0.099676,-9.485127604760825,4.577717030932044,-0.06955257169056678,0.02595965207988724,-0.0003422958407996655,-0.1755020240250731,0.9841366870823974
1785497139.504743576,1789401761.633337,0.099889,-9.487229265326162,4.5690148119176115,-0.06940727830107946,0.02510416244470141,-0.0004645637458710703,-0.17551089852422672,0.98415724846625
1785497139.604774237,1789401761.715412,0.100031,-9.480835516926538,4.562955250168679,-0.06962541793287824,0.02366438515647396,5.1016164563838516e-05,-0.17540207330315022,0.9842124297906621
1785497139.705096483,1789401761.832373,0.100322,-9.484318642077096,4.556342443497029,-0.07062496306603566,0.02234559406168492,-0.0003988823330711757,-0.17537633151830032,0.9842477623358175
1785497139.804946184,1789401761.935708,0.099850,-9.484899564521063,4.549662363232147,-0.07485554151741536,0.021023697071315704,-0.0004109860400149615,-0.17528238620258949,0.9842936149036124
1785497139.904578924,1789401761.992178,0.099633,-9.500525038229682,4.547412412337776,-0.07336468085083203,0.019525532510574643,-0.001695626821877853,-0.17528935816757527,0.9843218575974148
1785497140.004725933,1789401762.108295,0.100147,-9.498609614741193,4.550865437887471,-0.07436989088813922,0.017566853708690204,-0.001103762420260784,-0.17502881672803472,0.9844059633479717
1785497140.105084419,1789401762.193363,0.100358,-9.508691111480232,4.553974251053238,-0.07296210752727489,0.016231037739350654,-0.001677121581900957,-0.17506681844625802,0.9844213273579435
1785497140.204939604,1789401762.292063,0.099855,-9.51108092027272,4.55462605241593,-0.07216113026771442,0.015279563316233369,-0.001311096023820556,-0.174944404345665,0.9844588723563772
1785497140.304772854,1789401762.530760,0.099833,-9.505849575874445,4.553642289076685,-0.07407741616404978,0.014545913168704998,-0.0004297291830335396,-0.17490820329883197,0.9844771973807519
1785497140.404712915,1789401762.569582,0.099940,-9.51033851206587,4.552406212616665,-0.07397544492772945,0.014108692129950577,-0.0006738114352088483,-0.1749454937994894,0.9844767975857798
1785497140.504959583,1789401762.618722,0.100247,-9.491533551246189,4.553650078091552,-0.0765482206038936,0.014294804623941674,0.0009906803522873068,-0.1748155194863051,0.9844969330886257
1785497140.605013371,1789401762.704627,0.100054,-9.454607398801059,4.573778299530986,-0.07151196704098378,0.02221929978065346,0.0006404995966297522,-0.1753640169794171,0.9842526880975905
1785497140.704865217,1789401762.792821,0.099852,-9.494891119034277,4.5837177155520115,-0.06664187164434954,0.02512568523081353,0.00034457733189122955,-0.17554402299207544,0.9841508406747754
1785497140.804749012,1789401762.894245,0.099884,-9.557744941736473,4.617403981930702,-0.06307858696227014,0.02626405007603015,-3.9805705401927424e-05,-0.175622270738451,0.9841072177922204
1785497140.904778242,1789401762.993981,0.100029,-9.5263238665354,4.5462704585358376,-0.0708033916498596,0.04985249027618887,0.0022407886399178653,-0.1760310561329717,0.9831189019428075
1785497141.004977703,1789401763.127910,0.100199,-9.537289317009488,4.54548591656554,-0.06590396795829812,0.049949027402388754,0.0015581203289818883,-0.1761204872257983,0.9830993036834734
1785497141.104855776,1789401763.205531,0.099878,-9.520292303007448,4.539168509806107,-0.07159368515707565,0.04975634927150908,0.002220702833049894,-0.17601195702695166,0.9831272375286064
1785497141.204714775,1789401763.333043,0.099859,-9.532702404273953,4.539193293230709,-0.07269102362670249,0.04907551392831702,0.0012015092435420577,-0.1760247920596147,0.9831609343792939
1785497141.304755688,1789401763.419233,0.100041,-9.537901646698145,4.532469666905548,-0.0738227888042412,0.04841753713005299,0.0011193860482017716,-0.1759317484651975,0.9832103075924812
1785497141.404969692,1789401763.493869,0.100214,-9.538575154103407,4.519865710638549,-0.07209660729781381,0.047680083921396145,0.0013593178950430831,-0.175901636118515,0.9832514308476373
1785497141.504895449,1789401763.628566,0.099926,-9.53795264579525,4.5178631361297485,-0.07145767502181427,0.04588084271548039,0.0014150388273286932,-0.17581871067786015,0.9833517818733017
1785497141.604685068,1789401763.698534,0.099790,-9.531054712452441,4.508155332647116,-0.07491843580457813,0.04476773453987499,0.002019989062348148,-0.17572660873588095,0.9834184910665094
1785497141.704765320,1789401763.792352,0.100080,-9.532962309016698,4.508309167277422,-0.07410173703833256,0.042795723243302525,0.0015127006990258525,-0.1756893766034796,0.9835138437044731
1785497141.804979086,1789401763.893576,0.100214,-9.523937938748482,4.50262999638921,-0.07780797921248295,0.041509747210288446,0.0021720847828220475,-0.1755163378819736,0.9835986163429288
1785497141.904870510,1789401763.992844,0.099891,-9.521966896847985,4.496965120030209,-0.07680731346764236,0.040411914201864095,0.0019078450190358738,-0.1755360389788561,0.9836413657113688
1785497142.004755020,1789401764.092377,0.099885,-9.516563932256107,4.497507345658263,-0.07579021224573779,0.038911391031052435,0.0019006316704933553,-0.17544882569020007,0.9837174395181782
1785497142.104740381,1789401764.191940,0.099985,-9.521385732479237,4.498723462422233,-0.07716845158909896,0.03787399604119487,0.001013435020336797,-0.1754705777223461,0.9837553607112423
1785497142.204968691,1789401764.292456,0.100228,-9.516224221047645,4.502366880322892,-0.07808886174814866,0.03671382783853424,0.0011821837604852135,-0.17531621701260347,0.9838266724074818
1785497142.304885864,1789401764.587664,0.099917,-9.515307874157408,4.560188014285577,-0.07292885666132903,0.032430167433839155,-0.002801066203479414,-0.17567890206085138,0.9839092242885168
1785497142.404658318,1789401764.631533,0.099772,-9.509691664834373,4.560366896736526,-0.07574297043071676,0.032158789864386944,-0.002030300895409805,-0.17555047170708094,0.9839429465152714
1785497142.504600048,1789401764.671273,0.099942,-9.5082041108791,4.56263579165095,-0.0760683123517576,0.032782231488689556,-0.001989061371884873,-0.17569577591495117,0.9838965206057647
1785497142.605021715,1789401764.701979,0.100422,-9.507810602199132,4.579802849884624,-0.07116346707789362,0.041268123138113955,-0.0019440229117839434,-0.17612182261546505,0.9835010251073362
1785497142.704926252,1789401764.793692,0.099905,-9.52016397569216,4.640802940837259,-0.06452042544576769,0.044264477842637984,-0.0020005532459896713,-0.17623191717782818,0.9833508860812878
1785497142.804739714,1789401764.893719,0.099813,-9.496411275363846,4.591355399247335,-0.06577440966328157,0.0461022239972894,-0.001702165529817803,-0.17631556758703634,0.9832520064573843
1785497142.904689550,1789401764.993362,0.099950,-9.494993965350542,4.623328865415883,-0.06906183747470074,0.04613091443831369,-0.0020094590052827195,-0.17629941071350463,0.983252977921074
1785497143.004878044,1789401765.093948,0.100188,-9.541468585866703,4.657961198152848,-0.06445285973584641,0.04585944017096533,-0.0033669305121886905,-0.1762853456773612,0.9832644875243605
1785497143.105063677,1789401765.193048,0.100186,-9.520347780517083,4.606594511257482,-0.06741398906372548,0.04800733321960837,-0.0013776362134351274,-0.17634943212992893,0.9831552653899863
1785497143.204778433,1789401765.292612,0.099715,-9.52062806159233,4.590208454294456,-0.06826649323865619,0.04747004685188791,-0.0014355907243806512,-0.17636279491729367,0.9831788740107825
1785497143.304653883,1789401765.392966,0.099875,-9.515246271427696,4.5919683059479,-0.06560192789946423,0.04557921406973624,-0.0011981887992245403,-0.1761982962987674,0.9832981541581357
1785497143.404750824,1789401765.494564,0.100097,-9.511527316289884,4.569870566995706,-0.06816403834871099,0.045522326846125685,-0.0009062561686421846,-0.1761716603399526,0.9833058743607374
1785497143.505143881,1789401765.595401,0.100393,-9.523023024847001,4.56053349077523,-0.06716805957902988,0.04397586672055673,-0.0019812705559795517,-0.17616060696392521,0.9833766512726748
1785497143.604904890,1789401765.694502,0.099761,-9.509977480695072,4.606977302279755,-0.0643791382995112,0.02714233131392004,-0.0006395798990389438,-0.1753512896359279,0.9841315003658984
1785497143.704713583,1789401765.818924,0.099809,-9.504020798689472,4.606810038394865,-0.06402351081544871,0.02469648027577035,-0.0002769157083892847,-0.17522232320445727,0.9842190531744096
1785497143.804657221,1789401765.931714,0.099944,-9.50430096672809,4.610231816929622,-0.06423016951113913,0.02256261563214427,-0.0006390669995255731,-0.17514193505325518,0.984284421575404
1785497143.904917479,1789401766.015900,0.100260,-9.505188800859582,4.610478602736381,-0.06532313243131194,0.02111669415588238,-0.0008431677051961737,-0.17506547456109228,0.9843299517508688
1785497144.005018950,1789401766.110391,0.100101,-9.495610231558118,4.610118699151764,-0.06527476120235537,0.019815180298618944,-0.00011665679173021104,-0.17493340553447995,0.9843808453287051
1785497144.104788303,1789401766.230208,0.099769,-9.489076234377816,4.607021030676425,-0.06332599544520695,0.01906003815513691,6.484712215027362e-05,-0.17495925011565786,0.9843911679512178
1785497144.204697132,1789401766.330638,0.099909,-9.493606088310484,4.616008856483298,-0.06561188581216165,0.017643478617670502,-0.0009445642099979129,-0.17492308554241864,0.9844235519358837
1785497144.304742813,1789401766.429743,0.100046,-9.496320986685198,4.611676764927048,-0.06543965631826143,0.017686828240095032,-0.0011820633937679639,-0.17489928039375977,0.984426747174062
1785497144.404873371,1789401766.494334,0.100131,-9.498615150496311,4.6092064799148895,-0.06539361672657629,0.01745094351573229,-0.00137591446663758,-0.17489711579606235,0.9844310896741483
1785497144.504827976,1789401766.756552,0.099955,-9.500486887381532,4.61199354212572,-0.0656896639171915,0.01683886531718977,-0.001517053341641681,-0.17487854026252606,0.9844448421931303
1785497144.604713678,1789401766.808202,0.099886,-9.471737647716363,4.6060940536670065,-0.06984804156015723,0.016794020717481716,0.0009303885852816681,-0.17472392866227154,0.984473790407375
1785497144.704749346,1789401766.940387,0.100036,-9.458327648856608,4.609934510011523,-0.07104817568779115,0.017099542805916194,0.0009305070036554246,-0.17496236968486717,0.9844261825997046
1785497144.804871082,1789401767.005669,0.100122,-9.505212251269269,4.633592241747572,-0.06832299683109405,0.025698075059810803,2.6070635291919585e-05,-0.1753717442095756,0.9841668352431169
1785497144.905036211,1789401767.112265,0.100165,-9.445903888884095,4.664671362830538,-0.053436956751223175,0.028719640129314137,-0.0002841317836282492,-0.1754858066038346,0.984062921373218
1785497145.004750252,1789401767.200183,0.099714,-9.50364496141594,4.667032123747518,-0.06834893296278005,0.030357106943462223,-0.0010811437581236332,-0.17562035898074388,0.9839892106617278
1785497145.104716301,1789401767.231809,0.099966,-9.497683123877277,4.653308519634111,-0.06416024501723455,0.031229788813890456,-0.0008402716789452615,-0.17565346025468187,0.9839562267376126
1785497145.204800844,1789401767.295994,0.100085,-9.502970816312143,4.651245955039424,-0.06504390576737062,0.03139568700228072,-0.0010405513461547195,-0.17569054603387302,0.9839441346569876
1785497145.304889202,1789401767.393395,0.100088,-9.492992776246286,4.649435271940119,-0.0649568557519205,0.031041168167168964,-0.00062048038656228,-0.17564072440620623,0.9839646318918117
1785497145.404765129,1789401767.493743,0.099876,-9.485826487206504,4.636452965729424,-0.06529008837123995,0.030927305496049922,-0.00042429043660273543,-0.17564217383079037,0.9839680627568111
1785497145.504677296,1789401767.592218,0.099912,-9.493870934808053,4.626624510262265,-0.06351070846672224,0.03024134093065163,-0.0011709784424626486,-0.17564308398074105,0.9839886163767118
1785497145.604746819,1789401767.716133,0.100070,-9.534556777512837,4.571070732455429,-0.07275194320246964,0.02714374853363731,-0.002446694431921996,-0.17552204178965986,0.9840981879105992
1785497145.704877377,1789401767.813607,0.100131,-9.536454598493897,4.56711619781177,-0.07189407802545211,0.02564881027499368,-0.0025980811792598083,-0.17545705132498277,0.9841494864333582
1785497145.804805994,1789401767.904942,0.099929,-9.537151753959773,4.5671723609198045,-0.07205719151037954,0.023831710653202522,-0.002684314484455072,-0.17537235299496226,0.9842100293276523
1785497145.904660463,1789401768.004356,0.099854,-9.533932959733368,4.566365238371421,-0.07300756424502852,0.022197147793430565,-0.002399094716699285,-0.17521145111519987,0.9842776429308555
1785497146.004781485,1789401768.110490,0.100121,-9.54093038094282,4.561308488686798,-0.07360091360411569,0.02123724466867667,-0.0030161763140993357,-0.1752474399820642,0.984290717674456
1785497146.105090618,1789401768.208771,0.100309,-9.531690123923179,4.547934142826899,-0.07491029592351861,0.020711276514813838,-0.0018783678168090173,-0.17514929705099752,0.9843222229041928
1785497146.204766750,1789401768.311102,0.099676,-9.541168966797073,4.546858700930674,-0.0755201274291234,0.019326508097021432,-0.0030038803161225227,-0.17521077923881198,0.9843366525876137
1785497146.304641962,1789401768.408114,0.099875,-9.533062566867448,4.550265772173823,-0.07594417608522147,0.01764128814124174,-0.0022179230115727294,-0.17502878595717078,0.9844027579490165
1785497146.404789209,1789401768.687733,0.100147,-9.535398435612905,4.557514734845611,-0.07485541413565366,0.016294242688001673,-0.0026750720418894647,-0.17502912477336152,0.9844247798216504
1785497146.505033731,1789401768.740216,0.100245,-9.529361253617234,4.549990533810058,-0.0747409039498112,0.016394815373654732,-0.002022028322511672,-0.1749792185102881,0.9844335399207477
1785497146.604787111,1789401768.860791,0.099753,-9.565769104166558,4.553745506438714,-0.07492656582936619,0.01704918085698752,-0.005237139055015817,-0.17516526356713663,0.9843774825985832
1785497146.704626322,1789401768.936905,0.099839,-9.516965768801148,4.584989087854172,-0.06417468162433199,0.024827507175839404,-0.003598255129797338,-0.1753595760696494,0.9841847725550141
1785497146.804760218,1789401769.007855,0.100134,-9.554867272167572,4.631926403324488,-0.07295162706623232,0.027623388657411846,-0.0031392943997639315,-0.17550622255169068,0.9840856970185201
1785497146.904873848,1789401769.028381,0.100114,-9.519532120728,4.591906582930302,-0.07577710986282138,0.03915087682334364,-0.0008497818236157888,-0.17592727100190697,0.9836239535684816
1785497147.004794836,1789401769.099992,0.099921,-9.516754308802865,4.581824750178913,-0.07596375163366187,0.04002714951291569,-0.0007502518179088862,-0.17595132505405026,0.9835844628891094
1785497147.104681015,1789401769.238234,0.099886,-9.539115742310404,4.565962524768478,-0.07387764047819345,0.04066171382480774,-0.0012256689632127236,-0.17603511912334505,0.9835429627630431
1785497147.204657793,1789401769.346644,0.099977,-9.533540880847177,4.553001007397832,-0.07331293938116534,0.04047704976537158,-0.000573767297976183,-0.1759812389996737,0.9835608180252873
1785497147.304890633,1789401769.439621,0.100233,-9.519160154194125,4.553295414720067,-0.07728789723742541,0.03932534861019973,9.899978290387243e-05,-0.17589582775056536,0.983622979060944
1785497147.404925346,1789401769.506374,0.100035,-9.534274108725382,4.543841435416603,-0.0762422917322984,0.03881300391032671,-0.001019175670014895,-0.1759720868973675,0.98362916622193
1785497147.504775763,1789401769.676420,0.099850,-9.540301019502547,4.52886982524625,-0.07533030229877968,0.038139350303249324,-0.0009915872103202395,-0.17590955538100075,0.9836667296599811
1785497147.604739189,1789401769.761058,0.099963,-9.54232524758334,4.528100260930707,-0.07506167305203881,0.03604133910642416,-0.0009150213445076645,-0.17576758712773458,0.9837712843581596
1785497147.704677820,1789401769.851253,0.099939,-9.522881879253518,4.517542048665739,-0.07723494476073622,0.03466803597186352,0.0009254211587117595,-0.17558986870245713,0.9838523613264548
1785497147.804785967,1789401769.942689,0.100108,-9.534983353854061,4.510725830002344,-0.07823363035747449,0.03338532298227756,-0.0005946338079860269,-0.17571725209713848,0.9838742368496535
1785497147.904852152,1789401770.041067,0.100066,-9.52803181625485,4.516218990984745,-0.07708942186625878,0.030812721207291376,-4.224136388849736e-05,-0.1753764717929764,0.984019139839247
1785497148.004705667,1789401770.215543,0.099854,-9.536040568664648,4.50928359371703,-0.07599158352231428,0.030181003889891863,-0.0008345807415588575,-0.17547317069460372,0.984021126219667
1785497148.104674339,1789401770.271779,0.099969,-9.541241274840484,4.504765568681498,-0.07708194641385868,0.029167474709910303,-0.00107856703032535,-0.17539935413608718,0.9840646125544331
1785497148.204765797,1789401770.356225,0.100091,-9.544240297653134,4.5048176848769685,-0.07435234857872236,0.028863712986836956,-0.001132538906657017,-0.17536967355738015,0.9840787981791284
1785497148.304878950,1789401770.408735,0.100113,-9.51193111999039,4.5469568387743475,-0.07302016420974661,0.03590531669850479,-0.0010072142594925522,-0.17574780685090935,0.9837797020371812
1785497148.404681683,1789401770.506232,0.099803,-9.53803311791,4.586492008141085,-0.061033112740707274,0.03842950838491722,-0.0008630015180845609,-0.17593168225840167,0.9836516005641711
1785497148.504638195,1789401770.603675,0.099957,-9.515588836553986,4.538894310591196,-0.07849940150906687,0.04000089406950122,-0.0004990998049267835,-0.1760576296759663,0.983566668003221
1785497148.604835033,1789401770.706342,0.100197,-9.528835502291804,4.55233329205579,-0.0765901550413346,0.039964852166056594,-0.0008147815672161442,-0.17607053462454333,0.9835656122295163
1785497148.705008268,1789401770.804471,0.100173,-9.483387809668285,4.5707381250923165,-0.07183813534477013,0.03922248883107722,0.0004087330117914844,-0.17583698503161488,0.9836375267359753
1785497148.804704905,1789401770.898408,0.099697,-9.4816650617686,4.6275511815670525,-0.07078488067136585,0.04723687869045879,-0.003439617268588137,-0.17640899683696806,0.9831768468392008
1785497148.904645205,1789401771.014928,0.099940,-9.498949800016648,4.615641931454751,-0.07033750403628897,0.04708207227326751,-0.0039613004717333755,-0.17638225074862351,0.9831871074169695
1785497149.004657269,1789401771.112365,0.100012,-9.51877499903285,4.5972893361522935,-0.0733677502976659,0.04690134850892302,-0.00442892731436673,-0.17642668659710914,0.9831857771389516
1785497149.104809046,1789401771.210967,0.100152,-9.51839618145894,4.586691029551292,-0.07484785666176685,0.0454127367901654,-0.0035332926816686377,-0.17634881958654694,0.983273254498237
1785497149.204806089,1789401771.311411,0.099997,-9.511081925161536,4.581196175729977,-0.0767048253600276,0.043430216735729214,-0.0025765175244838873,-0.17622982579957316,0.9833871192625294
1785497149.304648876,1789401771.407423,0.099843,-9.516375540057293,4.577648673211769,-0.07520219444676057,0.041612273823812614,-0.0029565332462670965,-0.17621305403132603,0.9834676594420374
1785497149.404649973,1789401771.507769,0.100001,-9.512243317901866,4.583268580704351,-0.07696439023349366,0.03921424185196691,-0.002568192880076663,-0.17601615655444822,0.9836025418095348
1785497149.504818201,1789401771.605395,0.100168,-9.512790715961705,4.580601160704795,-0.07832645659217713,0.037970781075277606,-0.0025976028203945002,-0.17597586222691342,0.9836584611330736
1785497149.604882717,1789401771.707191,0.100065,-9.50844383586701,4.585062040254385,-0.07669101565925995,0.03615629393299049,-0.002322807161599554,-0.17585278905121,0.9837495227749306
1785497149.704680443,1789401771.806733,0.099798,-9.5136571289466,4.582974920075999,-0.07734714443787377,0.03552336251645777,-0.0028613415822440684,-0.17587144726104814,0.9837678270197954
1785497149.804611683,1789401771.903361,0.099931,-9.493028039496577,4.626691691033186,-0.06967670722826974,0.015321785216733512,-0.0008287735753028259,-0.1749135418547113,0.9844642242910944
1785497149.904792786,1789401772.045701,0.100181,-9.488956273246188,4.625069818322644,-0.07244988761123072,0.014935245705109252,-0.0005175493825749533,-0.17491380519193284,0.9844703303465961
1785497150.004902840,1789401772.128283,0.100110,-9.48985300422782,4.627518988113672,-0.0698880096051126,0.01426515509664133,-0.0008352384146493936,-0.17489180087782435,0.9844839590941357
1785497150.104666233,1789401772.356075,0.099763,-9.490139871797112,4.626214038943462,-0.0706649283113212,0.014149031287070594,-0.0009394900806964921,-0.1748815831983504,0.9844873560037006
1785497150.204605818,1789401772.429168,0.099940,-9.4877514927858,4.627048161396407,-0.07008381135614627,0.013858004058941954,-0.0008534070773317916,-0.1747923994382475,0.9845074121201811
1785497150.304794312,1789401772.443660,0.100188,-9.490240301454593,4.620270769931032,-0.0702075657315383,0.014358904839720374,-0.0010926152203140813,-0.17480045338199834,0.9844985675674319
1785497150.404901028,1789401772.515875,0.100107,-9.495916557981785,4.621473732993542,-0.06984680077422445,0.014014378467742224,-0.0016055629576012158,-0.17481476853910782,0.9845002874887663
1785497150.504719257,1789401772.627255,0.099818,-9.497624568882678,4.61680424099713,-0.06708861366352092,0.014248438009287169,-0.0014956526609967505,-0.17485310587181596,0.9844902926923585
1785497150.604589939,1789401772.741893,0.099871,-9.502404380182913,4.6252114849306745,-0.06571845111552826,0.013418210165620854,-0.0018744085536668191,-0.17483796527935938,0.9845039990404264
1785497150.704722404,1789401772.865950,0.100132,-9.489688849007495,4.623598356673632,-0.06708954037739889,0.01345757119326543,-0.0005530359264654556,-0.1747357632461726,0.9845232353645663
1785497150.804867744,1789401772.967103,0.100145,-9.487546547658132,4.632775631033351,-0.06800711656947511,0.012704458987744785,-0.0008316871038685714,-0.17483805140919884,0.984514886022003
1785497150.904790401,1789401773.056271,0.099923,-9.48227325754924,4.631891134907469,-0.06946276003575458,0.0130945961887324,-0.0005229625541510562,-0.17482886728041416,0.9845116176192952
1785497151.004589319,1789401773.149580,0.099799,-9.482291313353088,4.6349179277950165,-0.069281754020872,0.013018343120546585,-0.0008760431204931025,-0.174830873173922,0.9845120218042966
1785497151.104665041,1789401773.244009,0.100076,-9.47254356154853,4.62747163067415,-0.07003511244127614,0.013673821708130232,-0.00012217385195516586,-0.1748147748398507,0.984506376907854
1785497151.204893589,1789401773.332083,0.100229,-9.487093762787628,4.629079114434532,-0.06977770188166171,0.013705952515252818,-0.0018373472546815062,-0.17493015676241283,0.9844837282946254
1785497151.304660559,1789401773.415431,0.099767,-9.485971999819425,4.6349680119717656,-0.07017282254245466,0.013182889901988267,-0.0016169235926699944,-0.1747583931464004,0.9845217625821733
1785497151.404676437,1789401773.506526,0.100016,-9.495100929037054,4.630775894765619,-0.06882668444474155,0.013813597428444473,-0.0021914186990793713,-0.17484204212676807,0.9844971521117798
1785497151.504623890,1789401773.611361,0.099947,-9.483205936887448,4.612637452340975,-0.07326921165210531,0.015019095966065923,-0.0006412242893090414,-0.1749177238063722,0.9844682856685955
1785497151.604801655,1789401773.706398,0.100178,-9.4951540967769,4.6239894497728375,-0.07073899237129821,0.013626920288834127,-0.0021356161475223857,-0.17500769157354817,0.9844704434762389
1785497151.704992294,1789401773.810356,0.100191,-9.495690225409358,4.622296797802475,-0.07014287576270317,0.013751000561574035,-0.0017894954940828056,-0.1749219787020289,0.9844846413517542
1785497151.804728985,1789401773.908356,0.099737,-9.492597448405045,4.62100992270562,-0.07058551347001579,0.013744467995423157,-0.0013747905492332913,-0.1749216527445281,0.9844854569533691
1785497151.904626608,1789401774.010131,0.099898,-9.50822384900223,4.549713058578211,-0.07678112166419165,0.017270011146078835,-0.003730203919977376,-0.1751661284638058,0.9843803430249105
1785497152.004695654,1789401774.110251,0.100069,-9.513301269535617,4.5537134179843495,-0.07560372216052735,0.016973305454488778,-0.004191361500101511,-0.1751964373429944,0.9843782543992707
1785497152.105019093,1789401774.381352,0.100323,-9.515786295448537,4.548400628873849,-0.07556223666350464,0.01753865777641924,-0.004111806798248839,-0.17521247537512316,0.9843658247837977
1785497152.204769135,1789401774.429229,0.099750,-9.513474122720881,4.552092574498476,-0.07395875588460904,0.017063740080707906,-0.0038059300797750853,-0.1751792793525765,0.9843813101422167
1785497152.304612637,1789401774.534087,0.099844,-9.511125970356456,4.569960396616715,-0.07382989376968929,0.016758016307367455,-0.0038117791988883025,-0.17517492859968864,0.9843873138251985
1785497152.404641390,1789401774.547721,0.100029,-9.496877720142498,4.578817427540611,-0.07333976197849806,0.025888483873303565,-0.003705305496894667,-0.17555610707172015,0.9841219997463967
1785497152.504827976,1789401774.622119,0.100187,-9.487820356040153,4.65008566971057,-0.06819927098859146,0.029221126236933848,-0.0037433264723299013,-0.1756491522101391,0.9840119352006527
1785497152.604788780,1789401774.714779,0.099961,-9.4974722782973,4.585171647712613,-0.06921966753681891,0.031377683835169985,-0.003612721372396967,-0.17579767420927778,0.9839194921054979
1785497152.704608917,1789401774.807766,0.099820,-9.481531364540404,4.602092626553099,-0.06985519639497118,0.03157319360600831,-0.0034488656426132306,-0.17578511388448903,0.9839160698499749
1785497152.804603815,1789401774.910373,0.099995,-9.491574576973264,4.592258761670262,-0.06828881432091793,0.03214058032482758,-0.003811573678563738,-0.17586354798989579,0.9838823443339088
1785497152.904983759,1789401774.998629,0.100380,-9.460428124532914,4.556962763889358,-0.06951241617361598,0.05044278253239366,0.003140267706678603,-0.17619985424754891,0.9830560898409567
1785497153.004834652,1789401775.122717,0.099851,-9.464950474382086,4.549052407433801,-0.06894414052319747,0.05000022531616806,0.0031456171337390284,-0.17617778203551374,0.9830826372586162
1785497153.104673386,1789401775.229947,0.099839,-9.454220047844052,4.538742551667752,-0.07493383527904912,0.04925901095266747,0.0040282612020334846,-0.17607449853364363,0.9831353385566547
1785497153.204589844,1789401775.341071,0.099916,-9.45186603139118,4.5263391401596795,-0.07419958740306509,0.04836693217308108,0.004023726961375559,-0.17605035156644508,0.9831839722086426
1785497153.304753065,1789401775.428705,0.100163,-9.460970956339251,4.521496300214211,-0.07602214013876218,0.04684525933872749,0.0031168236220511913,-0.17604184100624476,0.9832624661321399
1785497153.404935598,1789401775.506891,0.100183,-9.458076395869195,4.509769619107886,-0.07724658344911067,0.04562640584145871,0.003621980232342692,-0.17596322578215637,0.9833321186265881
1785497153.504787445,1789401775.653621,0.099852,-9.471869502297855,4.510649059466662,-0.07517307448570076,0.04357086155645398,0.0023705133002402167,-0.17594890807543298,0.9834317172219502
1785497153.604598522,1789401775.734916,0.099811,-9.480587966089205,4.5140627798688415,-0.07431166077126328,0.04164704768436018,0.0020479397372972098,-0.17577997111253876,0.9835459984763367
1785497153.704653740,1789401775.821705,0.100055,-9.485019662946499,4.512546049263452,-0.07339480780405189,0.04042884622431548,0.0022589813076314075,-0.17567590225929483,0.9836149565571558
1785497153.804925919,1789401775.915785,0.100272,-9.485299812249375,4.510685735817974,-0.07377186185259299,0.039309640644860686,0.002766356479673148,-0.17565860267865466,0.9836621141074369
1785497153.904572725,1789401776.011123,0.099647,-9.46938636791386,4.516706785677765,-0.07335264970055244,0.03756623999214631,0.004292016224044243,-0.17550016689656164,0.9837530419927528
1785497154.004580975,1789401776.112306,0.100008,-9.4709233814186,4.514485854719894,-0.07362327938574748,0.03724076814920815,0.0039012375772048565,-0.17558639514810365,0.9837516573673701
1785497154.104624271,1789401776.215653,0.100043,-9.470758736219544,4.514624517714467,-0.07325172856772866,0.036672609232652684,0.003828090972647147,-0.17553517773710856,0.9837824286037573
1785497154.204832554,1789401776.435352,0.100208,-9.456687633030935,4.5238911653026666,-0.07479755183928471,0.03538463327031338,0.004729645169885213,-0.17530931261097693,0.9838659477275807
1785497154.304757118,1789401776.478886,0.099925,-9.467973960025542,4.519483090441167,-0.07411065391289984,0.03600285178266475,0.003374009257252817,-0.17553576434340842,0.9838087243781454
1785497154.404561281,1789401776.554278,0.099804,-9.471655060657433,4.534268042753518,-0.07316014167671608,0.03572197392197227,0.002958320631136109,-0.17536839923408587,0.9838501478728215
1785497154.504654169,1789401776.610776,0.100093,-9.454697019451766,4.540557727378891,-0.07211652559757242,0.044547699238253725,0.0031790083727219406,-0.17586050689878938,0.9834014838878243
1785497154.605011940,1789401776.700022,0.100358,-9.509976951519176,4.580509361102029,-0.07411864266284501,0.04439197850207593,-0.002020735077836894,-0.1763768292432311,0.9833191155376062
1785497154.704913616,1789401776.802835,0.099902,-9.499540628446882,4.575927415820162,-0.06650216479971627,0.04603270321199772,-0.0017918607812915273,-0.17645440642159702,0.983230197830334
1785497154.804617643,1789401776.940852,0.099704,-9.50974713756077,4.5724547745670625,-0.06927390120268134,0.04690707579145005,-0.0019071457642375995,-0.1765044625204387,0.9831796701250689
1785497154.904589653,1789401777.018048,0.099972,-9.512951648953027,4.574418224396329,-0.06893985553887005,0.047040927741112834,-0.0018211470848637844,-0.17647074420493122,0.9831794907245817
1785497155.004757404,1789401777.109017,0.100168,-9.51008132944089,4.560552842463702,-0.07431101474896362,0.04743240159090662,-0.0014975733264701592,-0.17649568701475765,0.9831567509913048
1785497155.104776859,1789401777.207723,0.100019,-9.515857738007263,4.554322805479175,-0.07276028757101854,0.04684413972286022,-0.0017550261568132872,-0.17648948736704112,0.9831856423417056
1785497155.204527140,1789401777.309945,0.099750,-9.504463111258273,4.540643118135441,-0.07485976801612282,0.046277683967244035,-0.0008040098893611148,-0.17637931783885433,0.9832334747019985
1785497155.304631472,1789401777.409626,0.100104,-9.509416917299502,4.532028203559948,-0.07413746994023435,0.04513839359922619,-0.0013943676655204607,-0.17638574030778606,0.9832846239921116
1785497155.404851675,1789401777.506611,0.100220,-9.51197006518037,4.529631623683604,-0.07088394577986229,0.043314249302192964,-0.0015975548591658907,-0.17625403109144522,0.9833899735867837
1785497155.604584932,1789401777.702526,0.199733,-9.52977242124871,4.485288765363471,-0.07404910879934734,0.041811236935810084,-0.002179532361313765,-0.17621421425185077,0.9834610418320221
1785497155.704611540,1789401777.798195,0.100027,-9.510575958996602,4.581700469065804,-0.06435506810379127,0.026695372894851493,-0.002134048430294862,-0.17539487019072375,0.9841338539117745
1785497155.804834366,1789401778.138186,0.100223,-9.518124922516536,4.58104670762518,-0.07090764060776078,0.02595987596507065,-0.0028582628094445234,-0.17546486729921082,0.9841392155170026
1785497155.904763222,1789401778.187707,0.099929,-9.511185136582197,4.583551561762794,-0.06887659511935573,0.024567035853900077,-0.0021318715176448094,-0.17533579353604722,0.984199814762953
1785497156.004712582,1789401778.269289,0.099949,-9.516818932738659,4.591922328017499,-0.06933216450676494,0.02433357216287403,-0.0028723824484021446,-0.1754553509771766,0.9841824254169071
1785497156.104463339,1789401778.322973,0.099751,-9.487103435401638,4.600582736385566,-0.06710037389130336,0.03210972378692525,-0.002792287784971185,-0.17597847513163412,0.9838662231516826
1785497156.205120564,1789401778.354245,0.100657,-9.529615874399424,4.660639972383268,-0.05924389762691512,0.03487449876281907,-0.002822289556778127,-0.17618793070956187,0.9837345257187733
1785497156.304843664,1789401778.417656,0.099723,-9.525744699393426,4.631566751003664,-0.05836909694032166,0.03648801048784116,-0.0024566050545135635,-0.17617256112234403,0.983679733902756
1785497156.404601097,1789401778.501803,0.099757,-9.514261011820105,4.636203873935455,-0.05812600428212494,0.03689134964737785,-0.002157026103386311,-0.17612293187536138,0.9836742796415736
1785497156.504559994,1789401778.666413,0.099959,-9.51365242066814,4.63804339096152,-0.05904988650024545,0.03698436132099737,-0.0021178341044041276,-0.17608517882546737,0.9836776309317729
1785497156.604955196,1789401778.748416,0.100395,-9.510792904033158,4.625289880357472,-0.06104173498471721,0.03720051075171109,-0.0018802531130880228,-0.1760434110584193,0.9836774390378774
1785497156.704623699,1789401778.823172,0.099669,-9.482240518009693,4.634300160231569,-0.05889009806418544,0.03561378004874208,-0.0006906773263673878,-0.17585385963656613,0.9837716206963649
1785497156.804605484,1789401778.948063,0.099982,-9.49177606966006,4.618941596695343,-0.058995079873403966,0.03589570766295396,-0.001848122658662825,-0.17593654897546165,0.9837450957182851
1785497156.904532433,1789401779.043962,0.099927,-9.497934866358992,4.610981999344899,-0.060423886639284885,0.03489411732932099,-0.00234122928538433,-0.17585521347790906,0.983794624459312
1785497157.004705191,1789401779.142134,0.100173,-9.50461390516034,4.596040738194923,-0.06009335829016621,0.03417943672390254,-0.0026351804890326633,-0.1758334848802069,0.9838228537318433
1785497157.104868174,1789401779.209870,0.100163,-9.49907604918295,4.588599165306907,-0.059904396941646065,0.03240967505987415,-0.0020335593388578254,-0.17572091618103886,0.9839042825481472
1785497157.204738617,1789401779.301797,0.099870,-9.50745266928713,4.589102787809272,-0.06194949073148093,0.030402815008116906,-0.002966801311034704,-0.17573480363816313,0.9839634880019577
1785497157.304545164,1789401779.402099,0.099807,-9.49122415878022,4.582410469742501,-0.06507990767143035,0.02893291502511887,-0.0013975758176272418,-0.17551748364426842,0.9840500729873086
1785497157.404679537,1789401779.504033,0.100134,-9.495193308739248,4.58137215878627,-0.06547333323806048,0.027403401932085163,-0.002288492107936238,-0.17558688052986576,0.9840798055815245
1785497157.504778385,1789401779.604218,0.100099,-9.503180413221996,4.583275783681039,-0.06612400125314416,0.025978061241369973,-0.003110974875875757,-0.1755024668307164,0.9841312647746513
1785497157.605028152,1789401779.703205,0.100250,-9.52105050190514,4.570536728072724,-0.0778453481885476,0.03257632466032909,-0.003207285303517918,-0.17577214310883216,0.9838865026519632
1785497157.704531908,1789401779.802644,0.099504,-9.514572021044158,4.576731947701861,-0.07750912694616924,0.03107731075515006,-0.0027261749732866067,-0.17568391874311395,0.9839521987487414
1785497157.804710865,1789401779.922719,0.100179,-9.515406998650784,4.569578078540938,-0.07847940945589815,0.03121431462708932,-0.002846177022166867,-0.17575181559883685,0.9839353968394514
1785497157.904941082,1789401780.009761,0.100230,-9.513536025769493,4.572364638388726,-0.07880511612799146,0.030333892308160748,-0.0028646634252280077,-0.17570271352422193,0.9839716485459828
1785497158.004737616,1789401780.105476,0.099797,-9.517613567029493,4.58110876806434,-0.07663705045484559,0.029335937768689254,-0.003415124827667681,-0.17569495418900194,0.9840015359496876
1785497158.104361057,1789401780.328885,0.099623,-9.528782737572948,4.587530250686069,-0.07528786936968324,0.029015213390020413,-0.004275438732672252,-0.17567975098623706,0.9840103978668953
1785497158.204624176,1789401780.381223,0.100263,-9.526979494707446,4.585918278427792,-0.07468142932007854,0.0292456457595355,-0.0036160053179790518,-0.17555646132745323,0.9840282239839506
1785497158.304794312,1789401780.449885,0.100170,-9.522654237633075,4.591358682068624,-0.07503218485208252,0.029844925543161076,-0.0031667547164271692,-0.175616077297951,0.9840011409950458
1785497158.404734135,1789401780.506197,0.099940,-9.527445868359294,4.599673300721264,-0.07254049799574275,0.038510363451805675,-0.002847383637787772,-0.17600369118275105,0.9836318137415299
1785497158.504541397,1789401780.602242,0.099807,-9.515274371215007,4.642808098186463,-0.06610295238619174,0.041595036971340184,-0.0028007206431196986,-0.1761815115477012,0.9834744957817536
1785497158.604575634,1789401780.706346,0.100034,-9.528035103091954,4.641203345340882,-0.07274856681035657,0.043288441282388304,-0.002961762277352738,-0.17624323152156782,0.9833898830878645
1785497158.704791069,1789401780.806077,0.100215,-9.533973373282238,4.624988044939034,-0.0730501287078405,0.04438254548593295,-0.002996486718822683,-0.1763058103447547,0.983329787997591
1785497158.804764986,1789401780.905439,0.099974,-9.508638777582041,4.581499767764602,-0.0785702479178848,0.03070165083788513,-0.0012641409763001353,-0.17565511199813807,0.9839720993064468
1785497158.904570341,1789401781.023661,0.099805,-9.507160565006942,4.581537108971788,-0.07992566815836022,0.030452268032858887,-0.0013963772521680753,-0.17567979228033764,0.9839752639613232
1785497159.004539490,1789401781.151899,0.099969,-9.51369169584911,4.56160289542009,-0.08035600878431909,0.030779473205486872,-0.0016284373166203278,-0.1756890130717236,0.9839630800534012
1785497159.105870008,1789401781.228578,0.101331,-9.50258871709757,4.559140168898651,-0.08035809262081389,0.029257071987523198,-0.0009218166133332306,-0.17555938043481006,0.9840335756138547
1785497159.204728127,1789401781.312206,0.098858,-9.509271738561566,4.55280172149647,-0.07933830627693572,0.028263050866509102,-0.0016514726144686463,-0.17556717138911393,0.9840602831765646
1785497159.304553986,1789401781.407696,0.099826,-9.509137187603597,4.546540491826612,-0.07997801598751775,0.026910177411655887,-0.0015668291843832574,-0.17546927927886094,0.9841158059032137
1785497159.404622078,1789401781.514506,0.100068,-9.513580221762938,4.547420298758368,-0.08118842214986804,0.025004971298915886,-0.001991912095669295,-0.17539150160035355,0.984179152829459
1785497159.504715919,1789401781.611042,0.100094,-9.507091824251047,4.541207264476651,-0.08152598924766796,0.023726345255320004,-0.0012655187364576288,-0.17526205766802314,0.9842350685412093
1785497159.604746580,1789401781.711680,0.100031,-9.51811383580658,4.537329996717483,-0.08083136962033949,0.022521581568153856,-0.002361498573466776,-0.1752803795636317,0.9842580912694501
1785497159.704550743,1789401781.812453,0.099804,-9.525828619030024,4.541460903662193,-0.08114057236541389,0.020705171724028804,-0.0027535574125968224,-0.1751112383223475,0.984327063531154
1785497159.804536819,1789401781.913228,0.099986,-9.516560347651284,4.535597842196478,-0.08085415381835653,0.019899429831594106,-0.0014652185600618965,-0.17501353074723677,0.9843638198773517
1785497159.904679775,1789401782.017209,0.100143,-9.512021899950803,4.53447636713423,-0.08304354229406335,0.018825539888098177,-0.0012222227262325414,-0.17503832868481534,0.9843808656774836
1785497160.004761457,1789401782.100634,0.100082,-9.509552091489061,4.540539434924097,-0.08437990613091695,0.017436837703768703,-0.0012975647510353413,-0.1749951882748728,0.9844140171180252
1785497160.104570866,1789401782.191798,0.099809,-9.506688092273947,4.5399839666705235,-0.08547535512187232,0.01699475202203604,-0.001186122424956851,-0.17493937817016594,0.9844318084478655
1785497160.204542160,1789401782.471089,0.099971,-9.51539491171862,4.5584632421731826,-0.08225625058564795,0.034765693660468916,-0.0018692664152237866,-0.17561759971596075,0.9838426251482455
1785497160.304723978,1789401782.507194,0.100182,-9.514327944319021,4.561736814023762,-0.08322177968423339,0.03405296161748103,-0.0018110013341637208,-0.17552944277374583,0.9838833928875901
1785497160.404960155,1789401782.544824,0.100236,-9.517778164559797,4.561211096592229,-0.08368537590381281,0.03492308512223267,-0.0020923973184591694,-0.1756502837786419,0.9838307668540897
1785497160.504428148,1789401782.594082,0.099468,-9.496493719916185,4.5975684968638335,-0.08501742577584515,0.04315537127911852,-0.0019879709026559673,-0.17597670065117768,0.9834459124581217
1785497160.604481697,1789401782.732569,0.100054,-9.544996638924882,4.601033931154154,-0.07181867555754595,0.046064585436210476,-0.001869102004652526,-0.1761767321006164,0.9832783530078567
1785497160.704649687,1789401782.829873,0.100168,-9.518829086786823,4.619329494416655,-0.07683180929626765,0.04712353404136199,-0.0014049987014138226,-0.1761422108824054,0.9832351295924945
1785497160.804833412,1789401782.916449,0.100184,-9.522980248370922,4.601697619560991,-0.08181603158218403,0.048094390320835095,-0.0013536252057051218,-0.17622493721552646,0.9831733666160117
1785497160.904468775,1789401782.995208,0.099635,-9.527255016389368,4.596901035422048,-0.07945385864885524,0.0482499930961316,-0.001403879840123888,-0.17623262468869888,0.9831642941462831
1785497161.004498720,1789401783.153015,0.100030,-9.519311247325525,4.594570241843632,-0.07732467295302292,0.04781297638372151,-0.000981896980110543,-0.176160968995269,0.983198997238864
1785497161.104582310,1789401783.219373,0.100084,-9.517708746478736,4.582935209821873,-0.07834993943427859,0.047590369211248366,-0.000898402872548126,-0.17615873165966098,0.9832102780646085
1785497161.204795599,1789401783.293813,0.100213,-9.510451042766372,4.584770341080532,-0.07835382437127797,0.04600907326439965,-0.0006547941197535592,-0.176060123339537,0.9833033964107358
1785497161.304661751,1789401783.393118,0.099866,-9.516921003959029,4.569224378856834,-0.07862309990520222,0.04579653324143057,-0.0011884395136441263,-0.1761107313918438,0.9833037554308579
1785497161.404470205,1789401783.492514,0.099808,-9.516313594745965,4.564164334218883,-0.08063770530215653,0.044178270418123736,-0.0011785865247006659,-0.1759918788322648,0.9833990796939798
1785497161.504608393,1789401783.593244,0.100138,-9.5171524423613,4.564599831289784,-0.07928399388640112,0.04218018597389262,-0.001377200719213179,-0.17589098873321882,0.9835045985215564
1785497161.604877710,1789401783.692517,0.100269,-9.529163258435965,4.561140748982202,-0.08146882754504692,0.04098513764956342,-0.002362315885584261,-0.1759170555195798,0.9835485893101745
1785497161.704536676,1789401783.793589,0.099659,-9.526085077946934,4.567013079177777,-0.08185949451789143,0.03876591524035681,-0.0018421602105775476,-0.17567854910226774,0.9836822950769569
1785497161.804527521,1789401783.894726,0.099991,-9.534808764985774,4.555482943396818,-0.08224062814334215,0.0387095945302381,-0.00228537956447666,-0.17580684705594862,0.983660661438185
1785497161.904518366,1789401783.992890,0.099991,-9.538851537311855,4.550718243245307,-0.08185480854067922,0.03768820464076864,-0.0022347821853253434,-0.1757320572489789,0.9837138044349039
1785497162.004769564,1789401784.093110,0.100251,-9.530683059969066,4.566326359505908,-0.0760237005104939,0.029909819224168663,-0.0018918081687553665,-0.1757208136947698,0.9839837495667829
1785497162.104933500,1789401784.228420,0.100164,-9.528139045013955,4.570801313674484,-0.07774212674362924,0.028795857189425983,-0.0017465743922091069,-0.17571808434522695,0.9840177350647138
1785497162.204580545,1789401784.312652,0.099647,-9.523951230897888,4.574673645705714,-0.07812437369049102,0.028005595799580008,-0.001530061186741633,-0.17566214001306846,0.9840508920192754
1785497162.304536343,1789401784.398034,0.099956,-9.52172263419147,4.571912346129595,-0.07809513140035568,0.027968582643841538,-0.0014491652621252595,-0.1756614284029651,0.9840521941836189
1785497162.404726982,1789401784.511834,0.100191,-9.515047201129153,4.573742071799157,-0.08014554228540327,0.027474283165490835,-0.0011273887183859575,-0.17561601795830453,0.9840746450330463
1785497162.504712582,1789401784.595651,0.099986,-9.518591084890039,4.575163409432043,-0.08107534928911375,0.02729292103335613,-0.001803783235506118,-0.17563426333606397,0.9840754281919307
1785497162.604539633,1789401784.901317,0.099827,-9.51599593744076,4.578094131512733,-0.07979763684741326,0.026919303154020895,-0.0016859346847280343,-0.17559027726895934,0.9840937776816691
1785497162.704514503,1789401784.943789,0.099975,-9.521664069171917,4.582932162409209,-0.08020009663271627,0.02673373872230529,-0.002461789236208028,-0.17559954238505668,0.9840955479642566
1785497162.804740429,1789401785.034006,0.100226,-9.509929703283735,4.590580300682076,-0.07970454082804213,0.027250204509583865,-0.00158732336822642,-0.17548880317630972,0.9841029350223942
1785497162.904743195,1789401785.099968,0.100003,-9.50591600348443,4.626604059407991,-0.07140677832638731,0.045076200486652875,-0.0019549205175565854,-0.17646141405749324,0.9832729447033093
1785497163.004576206,1789401785.163970,0.099833,-9.526230302002178,4.606330265471821,-0.07591530168032784,0.04172708781331426,-0.001950498370891415,-0.17642673727388733,0.9834269937696647
1785497163.104432106,1789401785.221527,0.099856,-9.489284796874117,4.651069435807196,-0.06921585391206753,0.0431250832590027,-0.001962880272919978,-0.17641011867618817,0.9833696376870785
1785497163.204646349,1789401785.293529,0.100214,-9.492190832931646,4.643985692488175,-0.07444652207243063,0.04386877218970294,-0.002136003855473038,-0.17644664122099585,0.9833298282454117
1785497163.304957390,1789401785.392757,0.100311,-9.52426815776412,4.639785957735548,-0.07297302262773886,0.04416215756450056,-0.002720746717535082,-0.17645481032906812,0.9833137857721228
1785497163.404681444,1789401785.493488,0.099724,-9.513743876387716,4.606521808134493,-0.07416201855066817,0.04467515176921327,-0.001967858750965532,-0.1765170692089816,0.9832812327230851
1785497163.504496336,1789401785.596705,0.099815,-9.499966589987581,4.650227716102544,-0.0656324245551892,0.031108629681799026,-0.0016704097471667572,-0.17568471174932734,0.9839534262094913
1785497163.604530573,1789401785.733361,0.100034,-9.493063599562506,4.644115262788353,-0.06622290810258624,0.03029119014332167,-0.001255103832892896,-0.1755932405855403,0.9839958751824026
1785497163.704552650,1789401785.818632,0.100022,-9.499801935719004,4.630585276221369,-0.06618704088034494,0.029743484569176873,-0.0017247822657034113,-0.17560258334598974,0.984010204710946
1785497163.804880857,1789401785.898530,0.100328,-9.48973261214036,4.6206826075575,-0.06859439155984093,0.0283278900934652,-0.0009144399922141421,-0.17550822999434576,0.9840698936802453
1785497163.904715061,1789401785.991781,0.099834,-9.493780891794996,4.611328090773586,-0.06896292551019262,0.02693833658606423,-0.0015207463742962094,-0.17551072596292122,0.9841077168814671
1785497164.004486561,1789401786.107057,0.099771,-9.493078832389221,4.611226868627815,-0.06944260483178655,0.024696368377510804,-0.0015784419103547617,-0.1753536238998873,0.9841944444552204
1785497164.104374647,1789401786.192095,0.099888,-9.494075276063096,4.601963592949592,-0.07295495954473319,0.023575063147797233,-0.001622213007009081,-0.17529002921575504,0.9842331992375193
1785497164.204791784,1789401786.294571,0.100417,-9.49427741795765,4.597113655778753,-0.0731357249355008,0.021887212596069187,-0.0016354798588107445,-0.17520418455142373,0.98428744218715
1785497164.304873466,1789401786.393630,0.100082,-9.489292253591254,4.5996416134351925,-0.07426863426215391,0.019887126558027414,-0.0013897326537145656,-0.1750909520655196,0.9843504098370927
1785497164.404707909,1789401786.496842,0.099834,-9.48896451729215,4.598303778979732,-0.07526944110729628,0.01876761249273627,-0.0015517273270669873,-0.17508953709199235,0.9843724004998224
1785497164.504415035,1789401786.593384,0.099707,-9.496425853745638,4.60229377650591,-0.07443631836124487,0.017506834157377655,-0.0023638351550778454,-0.17504202102317348,0.9844024654167193
1785497164.604604483,1789401786.880835,0.100189,-9.491096533854153,4.59884322692759,-0.0734797011494509,0.016963301920421996,-0.0016499745424228413,-0.17494430119912596,0.9844308078535344
1785497164.704990625,1789401786.916171,0.100386,-9.48945449378946,4.60924414393854,-0.07407534435334734,0.015478653093098668,-0.0017962914182264181,-0.1749000615985143,0.9844628754247909
1785497164.804775476,1789401787.007114,0.099785,-9.492724648231007,4.614902809419912,-0.0739945102604595,0.016060947573069643,-0.002178871077805605,-0.174986537849327,0.9844374078917562
1785497164.904598236,1789401787.066308,0.099823,-9.48187784320356,4.621007588870321,-0.06933769618728669,0.02430298031512939,-0.0016822100275972322,-0.17545818640896674,0.9841854297542442
1785497165.004460335,1789401787.113352,0.099862,-9.499068248612739,4.620822471070787,-0.061189225273473535,0.028887813672868363,-0.001321693457337405,-0.1755595663956669,0.9840439959655424
1785497165.104662895,1789401787.200503,0.100203,-9.490397816844515,4.598094396906357,-0.06861286164428032,0.030722147239551228,-0.0010877867327251359,-0.17562675956257415,0.983976731287801
1785497165.204831362,1789401787.324990,0.100168,-9.487023822989364,4.595470160435951,-0.06565084747155431,0.03150803192040507,-0.0010219289762250486,-0.1756345267623873,0.9839505641016132
1785497165.304634333,1789401787.414649,0.099803,-9.48777322373711,4.586132053418175,-0.0650433087350159,0.03195412526644051,-0.0010080774150715913,-0.17564605574987247,0.9839341343601994
1785497165.405347347,1789401787.500910,0.100713,-9.493864510536826,4.576921889703886,-0.06608482404677457,0.03195733625923674,-0.0011893033237163819,-0.1756392428739674,0.983935043882846
1785497165.504518986,1789401787.604009,0.099172,-9.497338453163389,4.5744349845782715,-0.0658959222877264,0.0312317536493241,-0.001217821885003438,-0.17558225497731336,0.9839684782614667
1785497165.604847431,1789401787.693824,0.100328,-9.49785478677551,4.56228495513439,-0.06725975303096149,0.030764167328993664,-0.0009990074667536937,-0.17555904439880954,0.983987596427756
1785497165.704879284,1789401787.792791,0.100032,-9.489437458419518,4.552934564747759,-0.06647604507031668,0.0295606100544355,-0.00029226306903782105,-0.17545012198414658,0.9840443788836544
1785497165.804675102,1789401787.893229,0.099796,-9.480647815240406,4.537143572555572,-0.06735547247747048,0.0286840419591131,0.00023989758127894388,-0.17542894295757394,0.9840741100954173
1785497165.904490948,1789401787.991948,0.099816,-9.488865102120073,4.5373075878484626,-0.06747861192143922,0.026523048333775508,-0.000984691389447788,-0.17539277703002862,0.9841407074483342
1785497166.004512310,1789401788.094221,0.100021,-9.500596306771566,4.53063828803146,-0.06396156943132858,0.02527047657240982,-0.0018371111350197111,-0.17533817179976743,0.9841821749796416
1785497166.104755163,1789401788.193304,0.100243,-9.492702039957786,4.5369162336628825,-0.064328795722987,0.02272830169790034,-0.0009954076605859384,-0.17506410453514543,0.9842941596748854
1785497166.204713345,1789401788.292748,0.099958,-9.500769282959673,4.538134360853455,-0.06725547400628751,0.021476323957796077,-0.0018113516581108966,-0.1751299855615235,0.9843093897108335
1785497166.304620743,1789401788.393071,0.099907,-9.504444946602742,4.537103710667451,-0.06722512680835968,0.020439153071830758,-0.001815574254779821,-0.1750603216586028,0.9843438568375794
1785497166.404548168,1789401788.491951,0.099927,-9.514129880297839,4.531639993420243,-0.06707224870998574,0.020007674721293785,-0.002265714042314602,-0.1750902783689779,0.9843464603045322
1785497166.504585266,1789401788.776381,0.100037,-9.524826921070655,4.533328543155315,-0.07643760380321035,0.03900105999678952,-0.0010933534947212935,-0.1758709666169938,0.9836397333372326
1785497166.604732752,1789401788.841401,0.100147,-9.528314911209065,4.539209369881605,-0.07770092158325281,0.03801339944901039,-0.0016043831808154785,-0.17595129272776783,0.9836633316362065
1785497166.704588413,1789401788.874502,0.099856,-9.527617756541714,4.5331708701376225,-0.07832934228966976,0.03918558826019067,-0.0013061523108617561,-0.17598083625522654,0.9836124892004143
1785497166.804495811,1789401788.928135,0.099907,-9.524548090460936,4.563421565923123,-0.08044027127143633,0.04728177964945871,-0.001273525846513831,-0.17638516303175722,0.983184156559
1785497166.904464960,1789401788.993181,0.099969,-9.50538244185454,4.608832139697674,-0.05715064396351033,0.04993143400402733,-0.0012243905930629552,-0.1764672985465387,0.9830384760073928
1785497167.004782438,1789401789.116128,0.100317,-9.492842700538823,4.5716479750243,-0.07236382018154258,0.051585943643335304,-0.0011466702162199408,-0.17654200684082058,0.9829397211364137
1785497167.104794741,1789401789.193640,0.100012,-9.501558407419212,4.590108925718599,-0.07013416871847161,0.05174505770211848,-0.0015598747144067611,-0.17657302585172271,0.9829252170623765
1785497167.204585552,1789401789.294628,0.099791,-9.497483183224952,4.584272486435774,-0.06836671032915237,0.05210080053452739,-0.001411921285837057,-0.1765527179769028,0.9829102964351251
1785497167.304408312,1789401789.393263,0.099823,-9.513168156850057,4.568899320344972,-0.06718137186649342,0.052399124714611986,-0.001990580653429843,-0.1766184788756513,0.9828816216812322
1785497167.404487371,1789401789.497005,0.100079,-9.510321336593861,4.562777633505623,-0.06998036218244247,0.05158408302490877,-0.0016001401094037978,-0.17655945478153115,0.9829360512559457
1785497167.504934072,1789401789.593573,0.100447,-9.501584702727833,4.5533330793085405,-0.07238198427824494,0.05073228321127276,-0.0010463037778087167,-0.17649433885098928,0.9829928224780694
1785497167.604746103,1789401789.694461,0.099812,-9.505717063509177,4.5539057296649545,-0.07338713745691139,0.04906115344449466,-0.0016724110103334118,-0.17647982940110415,0.983079384424238
1785497167.704539776,1789401789.793803,0.099794,-9.514624793269041,4.546149737647176,-0.07481161880874904,0.048112803060422905,-0.002223446719944234,-0.176461232025459,0.9831285002784138
1785497167.804459095,1789401789.904498,0.099919,-9.510790282442075,4.543477610202165,-0.07336418927186383,0.04628100058963645,-0.0016317036727748634,-0.17627818452368116,0.9832504300481416
1785497167.904536486,1789401790.004834,0.100077,-9.515211524914331,4.535294575837428,-0.07593424604739585,0.04526100236039996,-0.0019366719494820787,-0.1762796486906723,0.9832970946900327
1785497168.004752636,1789401790.105795,0.100216,-9.524727732132643,4.535067338442995,-0.07490220148091326,0.04351466745343239,-0.0026080425044875707,-0.17623238285376938,0.9833828446061426
1785497168.104825020,1789401790.448794,0.100072,-9.494788551833876,4.595606481048062,-0.06852070886084649,0.024380750045173358,-0.0006252381438673672,-0.1753042059436151,0.9842121841779193
1785497168.204576492,1789401790.501794,0.099751,-9.495613568186112,4.5954752086431006,-0.06775300794547795,0.023069747014099588,-0.0008454591850398291,-0.17531311228532206,0.9842420355957165
1785497168.304287195,1789401790.567003,0.099711,-9.50019968376468,4.606164561957872,-0.06710445504701912,0.022249100813359218,-0.0013627956295761804,-0.17527497586276947,0.9842671401294845
1785497168.404525280,1789401790.593391,0.100238,-9.491696900018034,4.624709266420721,-0.07979255322302725,0.030023818152390462,-0.001551567085406555,-0.17570141227525538,0.9839843376339404
1785497168.504824638,1789401790.648462,0.100299,-9.499447717143072,4.656513149802038,-0.05503541329978001,0.03255255901025568,-0.0012312860458770533,-0.1758168662369793,0.9838837555242269
1785497168.604605436,1789401790.715386,0.099781,-9.48053814229261,4.659613767643819,-0.06887838505094579,0.0337340812191478,-0.0009090385264864978,-0.17583165098803144,0.9838416620195406
1785497168.704439402,1789401790.837998,0.099834,-9.491243936996995,4.651956298506735,-0.06353393411835345,0.034519030936659555,-0.0010643033946282359,-0.17590827099795736,0.9838005813971034
1785497168.804507256,1789401790.935080,0.100068,-9.50162595885502,4.661055358688125,-0.061812873214730946,0.03436036309868693,-0.00123847029020789,-0.17586599889893934,0.9838134894743192
1785497168.904804468,1789401791.012074,0.100297,-9.501358244543379,4.63831292276965,-0.06416096140638455,0.034982731890138355,-0.0007786124430427064,-0.17588128215375634,0.983789294931292
1785497169.004719257,1789401791.119179,0.099915,-9.496271054946128,4.629882774363622,-0.06599758364250902,0.03418273747048774,-0.00038420753365867423,-0.1758591478479993,0.9838216062696843
1785497169.104493141,1789401791.232047,0.099774,-9.494453702909611,4.62494632423996,-0.06657522697603718,0.033032989461005725,-0.0003423497815282105,-0.17579384334949053,0.9838725674830062
1785497169.204390526,1789401791.342566,0.099897,-9.497290411633788,4.612520503834719,-0.06521018855411664,0.032268279929095825,-0.0004915429513349055,-0.1757652310868522,0.9839029932052356
1785497169.304666042,1789401791.415426,0.100276,-9.509214241909804,4.605380117389952,-0.0647076865473788,0.030878785505405272,-0.0013070794957550837,-0.17572340865061378,0.9839543057492073
1785497169.404809475,1789401791.521745,0.100143,-9.505076063359677,4.607960691951192,-0.06641104968878675,0.028465003394208824,-0.0006760993757999095,-0.17548053508234812,0.9840710687139967
1785497169.504490614,1789401791.613824,0.099681,-9.50286539875035,4.602626051512211,-0.06539028049789058,0.02711714858131134,-0.0004085938218509127,-0.1754097501448598,0.9841218993901717
1785497169.604413271,1789401791.703019,0.099923,-9.505601197875405,4.595922344829242,-0.0648502686692829,0.025995418404467334,-0.0006315044902171106,-0.17539600329430582,0.9841545008044889
1785497169.704582214,1789401791.807029,0.100169,-9.503516362588838,4.589456199612034,-0.06544782614105032,0.024793779602784925,-0.00031681033750073883,-0.17532295862706485,0.9841986731873625
1785497169.804773569,1789401791.905103,0.100191,-9.489338471286745,4.596648157660996,-0.06692047758324499,0.022476594343391325,0.000610760330156937,-0.17517568245555593,0.9842804020989477
1785497169.904562712,1789401792.007591,0.099789,-9.505164329005959,4.593005245477911,-0.0652055744373663,0.02193195516037208,-0.0014939149966898238,-0.17103346934351918,0.9850199540752781
1785497170.004400492,1789401792.101791,0.099838,-9.505437394636157,4.576820809291942,-0.06511999240510008,0.021548612545559218,-0.001198909762138012,-0.15860399261309838,0.9871063739239639
1785497170.104479313,1789401792.203955,0.100079,-9.468313040591442,4.590986468711079,-0.06191883382549612,0.017596041404815316,0.0019928360071720707,-0.14657100168530057,0.9890416317819773
1785497170.204729080,1789401792.309562,0.100250,-9.51313458213718,4.487281888510308,-0.06381202079329734,0.016604432327325613,0.0006967789817416547,-0.1323421445220376,0.9910647628238107
1785497170.304802656,1789401792.408821,0.100074,-9.531160895756074,4.472659178419905,-0.06366436296168015,0.017025438085010194,-0.0014322801353528374,-0.12193828792190839,0.9923906171321561
1785497170.404510498,1789401792.867711,0.099708,-9.549774021165666,4.461742554939784,-0.0823039397172613,0.018990897941931692,-0.0020052664491188536,-0.11569662347699254,0.9931010099781061
1785497170.504450321,1789401792.918914,0.099940,-9.560187537799841,4.451913586819076,-0.08728949260109098,0.019545234470313876,-0.00275985117190388,-0.11028739201730225,0.9937037074474233
1785497170.604505777,1789401792.986456,0.100055,-9.527175805511028,4.452615216312031,-0.08012029068088666,0.020769949833103544,-0.00025889588780495665,-0.10517821487337944,0.9942364332867041
1785497170.704849720,1789401793.038762,0.100344,-9.509267862666706,4.51490954335081,-0.01297615026005089,0.04949093723545027,-0.001178107842737354,-0.10337582028705607,0.9934096330191439
1785497170.804594278,1789401793.130794,0.099745,-9.5245040559171,4.471446438369058,-0.06638563363311334,0.05692352719025147,-0.0019059750301293745,-0.09749557323670517,0.9936048975888161
1785497170.904230833,1789401793.219861,0.099637,-9.586083983876145,4.488881591456004,-0.06723724203117676,0.05030552658094291,-0.0006478318631485319,-0.09080066934162832,0.9945974928373165
1785497171.104799032,1789401793.248107,0.200568,-9.229324858783913,4.449575774775948,0.08744328587045924,0.0497055531301269,-0.0041384861830662135,-0.07848142139026311,0.9956670615314522
1785497171.204696655,1789401793.315265,0.099898,-9.638996039318666,4.433347653904059,-0.13891264807786136,0.06996020450840341,-0.011259632336808,-0.07223442646959641,0.9948673168314692
1785497171.304441690,1789401793.404855,0.099745,-9.51976978686759,4.416729884750521,-0.14084150918269395,0.06896886482822569,-0.003741754608937937,-0.05889078963866238,0.9958720650036629
1785497171.404385090,1789401793.565818,0.099943,-9.532695980145977,4.4309051717093615,-0.10155208968056723,0.06584889178842265,-0.005829934202215751,-0.049211571780360494,0.9965982924541881
1785497171.504714012,1789401793.640258,0.100329,-9.503419065963307,4.4312852275435235,-0.10413973939249971,0.06461880142443294,-0.004411496732709671,-0.036830184655924615,0.9972203802067227
1785497171.604792118,1789401793.726498,0.100078,-9.495304869166961,4.426332578580955,-0.09496192244303475,0.061651740694571605,-0.00553797773258662,-0.024421380128307628,0.9977835385829446
1785497171.704649925,1789401793.818505,0.099858,-9.543456559955857,4.404299082474705,-0.09315705631001314,0.059996978119466755,-0.010808624594692711,-0.01404848388138679,0.9980411696689487
1785497171.804432392,1789401793.914283,0.099782,-9.514932681420838,4.382673899038154,-0.09292276474890265,0.056404529651611246,-0.009182861000815468,-0.005034061739057624,0.9983530749808681
1785497171.904435873,1789401794.008003,0.100003,-9.532715021808793,4.381931873889267,-0.0975466426732759,0.05283881362946634,-0.011575592341607408,0.004136711615310162,0.9985273922412042
1785497172.004594326,1789401794.106132,0.100158,-9.530669638176978,4.359845544871832,-0.0956140337722331,0.05096000634251714,-0.011835899462492454,0.013969495545471252,0.9985328449453469
1785497172.104796171,1789401794.205939,0.100202,-9.529063773843777,4.357926471975099,-0.08084901745056738,0.0467312296951662,-0.013321276987926706,0.02299863449273665,0.9985538536128806
1785497172.204573154,1789401794.303371,0.099777,-9.534864634352347,4.364127751601064,-0.07966670791226599,0.043527956708480905,-0.014416514644943836,0.0331711785490717,0.9983972926681829
1785497172.304207563,1789401794.405588,0.099634,-9.567143015469528,4.3488028166391155,-0.0878521524398867,0.043905755513311856,-0.016503810487390667,0.04510309659541316,0.9978805637715843
1785497172.404457569,1789401794.503098,0.100250,-9.585604479911089,4.361585372385719,-0.09440743756562231,0.041772470568251514,-0.015371584607084307,0.06098357822256318,0.9971458159567725
1785497172.504736185,1789401794.605113,0.100279,-9.571705498294044,4.336520155183525,-0.10502292614733777,0.04370697412849653,-0.011651603566926374,0.07448175457360486,0.9961959690675047
1785497172.604725838,1789401794.724155,0.099990,-9.567495448185737,4.415763140354799,-0.10116908678795222,0.03219219936228227,-0.009271964465877991,0.08775036401478582,0.9955790107242006
