stamp_sec,recv_wall_sec,accepted_gap_sec,x,y,z,qx,qy,qz,qw
1785495427.853138924,1789398859.265271,0.000000,-0.010879565481500517,-0.024639498835012243,-0.003441829621751602,-0.01878816001687738,0.0024622565723261465,0.00027945273036236577,0.9998204159957546
1785495427.953464031,1789398859.270933,0.100325,-0.011813938757517687,-0.01608885199201939,-0.004389468000395191,-0.018775069840112183,0.002477541649973656,0.0002838913057089974,0.9998206228847243
1785495428.052647114,1789398859.297866,0.099183,-0.051438530647352945,-0.02586810515350034,-0.004622107213102522,-0.01855849081457741,0.002750379952826025,0.0005018829309701385,0.9998238674598261
1785495428.152858019,1789398859.405099,0.100211,-0.03418958559685152,-0.018937587023460815,-0.004314342524138315,-0.018399875763744827,0.0026028682415831,0.0003440912792691619,0.9998272607055617
1785495428.253067970,1789398859.486971,0.100210,-0.02000545675836984,-0.025508475769627326,-0.010798468318920729,-0.018592976921725735,0.0025148757387095824,0.00028022007013971974,0.999823933543261
1785495428.352382898,1789398859.609838,0.099315,-0.016928955018786506,-0.03511794185113247,-0.00511359566741848,-0.018494303756405785,0.0025367756056715713,0.00029119132084131055,0.9998257051635084
1785495428.452474117,1789398859.682917,0.100091,-0.014180286406195411,-0.033157391488211396,-0.002001589340657417,-0.018425885206726045,0.002205748334146614,0.0004910514079789212,0.9998276753006738
1785495428.552761078,1789398859.829301,0.100287,-0.00946371305887024,-0.024111723930339727,-0.0074400622517661885,-0.018277033226144247,0.0022427446515511005,0.0003079356065582883,0.9998303982818989
1785495428.651973009,1789398859.884704,0.099212,-0.008561466036998654,-0.016636271017620385,-0.013236281786860538,-0.01836762393558088,0.00203721346356468,0.0003956662192869632,0.9998291472049151
1785495428.752245903,1789398860.016518,0.100273,-0.010610939265820053,-0.024018065876337626,-0.008467375722140902,-0.018488414540704812,0.002086866988099747,0.00037706673162895996,0.9998268256726387
1785495428.852550030,1789398860.066348,0.100304,-0.0014388024137935718,-0.03290257610346486,0.00020986496801844723,-0.018641768475911074,0.0021813536302721227,0.00021509058036507287,0.9998238244313207
1785495428.951936007,1789398860.227349,0.099386,-0.00668186322733726,-0.032856604123900575,0.0022678108954483633,-0.01872043887367717,0.0021971174729807,0.00029830631111009816,0.999822298639379
1785495429.051964045,1789398860.285136,0.100028,-0.003219627246182487,-0.04938680736140155,-0.0032492246142101777,-0.018708424921254754,0.0023277897720751783,0.00011347183495622806,0.9998222658832346
1785495429.152035952,1789398860.423201,0.100072,0.005614569894813376,-0.04456712685046592,-0.0002476711545444932,-0.01861831548795736,0.002414253396087031,8.141587626662525e-05,0.9998237460074577
1785495429.252379894,1789398860.474925,0.100344,-0.012958965534517534,-0.043716768939713845,-0.0006463709741659218,-0.01885592980677296,0.0024344438496356952,0.00020928092395346035,0.9998192254581625
1785495429.351785898,1789398860.624553,0.099406,-0.028271460795229734,-0.03795793209290967,-0.004264721683906625,-0.018584773145147757,0.0025053353748641675,0.0005235879122529457,0.9998240121928963
1785495429.452049017,1789398860.664388,0.100263,-0.03399703952008999,-0.024659169379605238,-0.00537245435981526,-0.018534921585490843,0.0028992547227562186,0.00042938198833664413,0.9998239178150222
1785495429.552469015,1789398860.809523,0.100420,-0.025744556856217626,-0.017997985842591144,-0.002336517792376702,-0.018472057278388132,0.0024974246454588464,0.00023371312514559043,0.9998262305762033
1785495429.651681900,1789398860.875573,0.099213,-0.01647310212098924,-0.014511292809681978,-0.003443985711630071,-0.01847183050955646,0.0025849053079342985,0.00037090544793595253,0.9998259709426055
1785495429.751981974,1789398861.015707,0.100300,0.0029458541801429677,-0.01711594608106471,-0.008542334548719166,-0.01843455151589892,0.002034611458182695,0.000277480361342816,0.9998279605368471
1785495429.852205038,1789398861.076919,0.100223,0.004489793427220293,-0.016900984392890367,-0.009488360811708785,-0.018558612171480547,0.0020521792777783527,8.000811170314218e-05,0.9998256648402173
1785495429.951565027,1789398861.223635,0.099360,-0.0017371633547429086,-0.03057205850801483,-0.008788145525226831,-0.01876296307407183,0.002505901189411079,6.151233490607799e-06,0.999820819766258
1785495430.051863909,1789398861.276173,0.100299,-0.005247702007055939,-0.02729954906971099,-0.008036697011515992,-0.01881991900114263,0.002409173916119608,3.226863263504098e-05,0.9998199865418613
1785495430.152066946,1789398861.420420,0.100203,-0.009410325553304427,-0.029842397259656393,-0.007369336997468667,-0.0184561761067418,0.0020947552351903774,6.21017783695359e-05,0.99982747397108
1785495430.251229048,1789398861.479612,0.099162,-0.01502195803452961,-0.02208455975913879,-0.0032502911230154474,-0.01871171149750937,0.0023665518305104384,0.00018977859623285113,0.9998221018107931
1785495430.351475954,1789398861.633953,0.100247,-0.013511453980434726,-0.020421792225602375,-0.0045647249513365296,-0.01881629113615124,0.002015297535616708,0.0003560458278794598,0.9998208634525942
1785495430.451785088,1789398861.673824,0.100309,-0.0036547678065847466,-0.02248662016873718,-0.005122663405555727,-0.018524523684134715,0.002073259017685956,0.00030269415342020303,0.9998262108964592
1785495430.552309036,1789398861.807579,0.100524,-0.017581932858927864,-0.015934584949985304,-0.008785179341724014,-0.018787370220948917,0.002335737629142192,0.0005201982884379283,0.9998206381364857
1785495430.652524948,1789398861.885472,0.100216,-0.017123150879631954,-0.015052915535258156,-0.0011920317046593132,-0.01868154153688361,0.002332640630901197,0.0005037170396565247,0.9998226368024664
1785495430.751563072,1789398862.026181,0.099038,-0.012027361309910629,0.0012198477722726742,-0.009258145174568855,-0.01833433781329906,0.0022169359177272767,0.00048742719921473506,0.99982933527018
1785495430.851839066,1789398862.075268,0.100276,-0.01294302961920617,-0.00605198855568148,-0.012974983259798789,-0.018386661334250133,0.0026176481969471302,0.00029370090991904103,0.9998274812899833
1785495430.952213049,1789398862.222404,0.100374,-0.014089669470476383,-0.02072442639778494,-0.0034000793423841214,-0.018566626433473166,0.0023628901493849444,0.0004249405617035448,0.9998247429217487
1785495431.052498102,1789398862.280043,0.100285,-0.007664443586181402,-0.018880624201754265,-0.004852343504091972,-0.01860709338907565,0.0024868634924396283,0.00022607086530845408,0.9998237547075705
1785495431.152724028,1789398862.422462,0.100226,0.0026433409771630667,-0.008237994142913227,-0.00721228378067168,-0.018738978099230783,0.0020454273830136415,0.00029118090725998376,0.9998222752771098
1785495431.251972914,1789398862.462993,0.099249,0.0011250042378689526,-0.004287502190960324,-0.001880276888613086,-0.018657112846936132,0.0022709703082281186,0.00017599349157594815,0.9998233463269233
1785495431.352257013,1789398862.616152,0.100284,-0.005672571131091729,-0.005755534325055781,-0.005659249757685503,-0.01863106800028079,0.002654834380355906,0.00031750455501581583,0.9998228514844214
1785495431.451512098,1789398862.654588,0.099255,-0.0072404973031290724,-0.024393813484357017,-0.0033256719510680877,-0.018609374876777284,0.002409471283726249,0.00027011108232811396,0.9998238908201942
1785495431.551650047,1789398862.811515,0.100138,-0.01928421004010799,-0.02250431049292343,-0.010172731156749215,-0.0186765537187031,0.002114909946432295,0.0002727315065765968,0.9998233039465704
1785495431.651865959,1789398862.857473,0.100216,-0.014348182227499756,-0.027793950076057387,-0.011122047921793499,-0.01865229203313886,0.0025956469258343177,0.00022174473792280658,0.9998226369952913
1785495431.752110004,1789398863.040887,0.100244,-0.012701903024151674,-0.020895012848003304,-0.012086276429923382,-0.01821724532063419,0.002368204188549239,0.00025182484042830816,0.9998312158390029
1785495431.851408005,1789398863.093063,0.099298,-0.0021508968232695283,-0.01972304159935314,-0.0074846596811453114,-0.018392753588091094,0.002344230699588139,0.00017981664849900752,0.9998280746527614
1785495431.951628923,1789398863.217564,0.100221,-0.009127992613498403,-0.027622757897215924,-0.01015951003074933,-0.01827863948200807,0.001939061245522437,0.00035121759886854196,0.99983098973095
1785495432.052097082,1789398863.259690,0.100468,-0.010601260883034088,-0.03384423359301625,-0.010025856722290172,-0.01857061669281402,0.0024031955807825283,0.0002923055908336862,0.9998246203230298
1785495432.152303934,1789398863.424176,0.100207,-0.006046884461851244,-0.038892557896486823,-0.009759001860851046,-0.01852645092136306,0.0021217974751215774,0.00037973771111181505,0.9998260470656902
1785495432.251545906,1789398863.465281,0.099242,-0.009516079720185588,-0.023718873211618655,-0.010255770582636659,-0.018471896988122256,0.0023605402053814757,0.00028294870145950776,0.9998265533639479
1785495432.351875067,1789398863.587667,0.100329,-0.009890453300514804,-0.021830518821489044,-0.004888441932525522,-0.018718961712418672,0.0023215191747882596,0.0002840943650151794,0.999822049322539
1785495432.451059103,1789398863.709535,0.099184,-0.010563085533697794,-0.019022902471018288,-0.00790368521591861,-0.018506948821275227,0.002260713687768617,0.0004033598582464594,0.9998260945383318
1785495432.551098108,1789398863.779308,0.100039,-0.01682947392182588,-0.017978236970511242,-0.009764922759657957,-0.018579906546785596,0.002255748999919747,0.00025594101246485844,0.9998248012343763
1785495432.651318073,1789398863.921810,0.100220,-0.008959614558697926,-0.026499567344606616,-0.005946314580033751,-0.018626704960006527,0.0022755645252769846,0.00022234325538889773,0.9998238936092201
1785495432.751388073,1789398863.980487,0.100070,-0.002203189509636695,-0.019190765421381352,-0.007487657120317515,-0.01854788179285605,0.002280607797551328,0.00014714992609528353,0.9998253613786616
1785495432.851555109,1789398864.121008,0.100167,0.0018731788924495202,-0.024453585302885748,-0.00434432076574931,-0.01876675946098431,0.0024167542641304464,0.00021985024175017788,0.9998209438214583
1785495432.951648951,1789398864.165524,0.100094,-0.0045847626313615455,-0.02332298827803693,-0.007976799030022241,-0.018782228310862906,0.002290044591256353,0.00034768881932865844,0.9998209153183052
1785495433.051076889,1789398864.261570,0.099428,-0.011566457838601388,-0.01572504818850852,-0.007043082485622798,-0.01862622965534514,0.0023765119550332044,0.00019664871149756855,0.9998236729989134
1785495433.151295900,1789398864.382589,0.100219,-0.025670577515536867,-0.020466390659347085,-0.003542797735640202,-0.018384336790324127,0.00225462067121103,0.0006299581270136814,0.9998282532511107
1785495433.251557112,1789398864.468868,0.100261,-0.019844394807907246,-0.018236504690225232,-0.005647561398020418,-0.018605532824105906,0.0022500279004872784,0.0005931276103625053,0.9998241944074048
1785495433.351826906,1789398864.576543,0.100270,-0.021035763543926188,-0.012314983669876135,-0.012255274063806554,-0.01837376769668877,0.001986557560303444,0.0006889029895422975,0.9998289772067814
1785495433.451190948,1789398864.669866,0.099364,-0.021913434649570254,-0.017389620885643303,-0.01074741603534457,-0.018683319801710386,0.0023608713467850773,0.0005295377548439426,0.9998225239698479
1785495433.550651073,1789398864.776521,0.099460,-0.017266701048658697,-0.016433010662999,-0.006041622737639751,-0.01875081866938407,0.0024629475916733232,0.0003806362447467061,0.999821081896375
1785495433.651020050,1789398864.876552,0.100369,-0.002483459694349918,-0.00032684885961921546,-0.004644357745235139,-0.01865182466019943,0.0022744108988972905,0.00031143007271147114,0.9998234041585634
1785495433.751178026,1789398864.973773,0.100158,-0.004631864574597862,-0.007403279621916124,-0.006746761310806426,-0.01850163895356818,0.002268919367447885,0.0004541304690985875,0.9998261524517413
1785495433.851310015,1789398865.071509,0.100132,0.001471896808519682,-0.0087556535611009,-0.003924022682856687,-0.018701575557421468,0.002242699600137363,0.0002755389272629591,0.9998225569812241
1785495433.950403929,1789398865.175800,0.099094,-0.009348564007877348,-0.016164474057263872,-0.008018259203412204,-0.018692757394781233,0.002401304166424047,0.00039719832026237665,0.999822312609983
1785495434.051543951,1789398865.271921,0.101140,-0.0146503457436911,-0.016889806779571408,-0.005889840263921198,-0.018615003937477545,0.0022578705256780305,0.000345389258703651,0.9998241167102127
1785495434.150707960,1789398865.374386,0.099164,-0.013090187195684444,-0.012457883434739574,-0.007353007890903596,-0.018623455965323936,0.0023235956085201374,0.00035018537453621024,0.9998238070588034
1785495434.250870943,1789398865.476675,0.100163,-0.02318289903746896,-0.004931995653159644,-0.009303213371837371,-0.018541478103454485,0.0024945953819321453,0.0004597922666668512,0.9998248742528318
1785495434.351070881,1789398865.569696,0.100200,-0.018466555408957495,-0.020151110949034684,-0.007599094318833877,-0.01859645060002559,0.0025312079915779215,0.000451480102449061,0.9998237650590734
1785495434.451294899,1789398865.681167,0.100224,-0.015389293026222717,-0.009703124893596912,-0.011663532717017588,-0.018482774425020502,0.0021171643445609917,0.0005919104399541741,0.9998267621476847
1785495434.551486015,1789398865.771888,0.100191,-0.029159773642354336,-0.015591608009841485,-0.004722334839208198,-0.0187638281789913,0.0026098737123215606,0.0006127128081539774,0.9998203498100495
1785495434.651634932,1789398865.875275,0.100149,-0.013794930952252028,-0.003278667117560424,-0.00781894288012508,-0.018641808487631806,0.002424842719603647,0.00039335649539179327,0.9998232085647758
1785495434.751907110,1789398865.974472,0.100272,-0.013173753760622825,-0.0024932142592321363,-0.010406573329525881,-0.01868889554754964,0.0022975669151136047,0.0004239624142054209,0.999822617580416
1785495434.851048946,1789398866.073102,0.099142,-0.007438383136676656,-0.008016831547749525,-0.013300425593678111,-0.018518615756947875,0.002418703277002519,0.00026885843239154555,0.9998255540143229
1785495434.951306105,1789398866.175474,0.100257,-0.008274978596481346,-0.012834571187213368,-0.010638854558862376,-0.018578690000271684,0.002235965151717028,0.00027871894462455594,0.9998248621901058
1785495435.051502943,1789398866.274842,0.100197,-0.010255213284025518,-0.020103609331275682,-0.006934567726249563,-0.01880180499315235,0.0021343790204122995,0.000212510594504548,0.9998209296641294
1785495435.151707888,1789398866.372720,0.100205,-0.012032997477632493,-0.020043177346662958,-0.008382597389777424,-0.018556866156486083,0.0028701805535168005,0.0001802767502007454,0.9998236705951374
1785495435.250991106,1789398866.476459,0.099283,-0.020765436476710863,-0.013568437822030145,-0.007783012083331764,-0.01848153879389265,0.00284937211640508,0.000392142310500389,0.9998250647122028
1785495435.351385117,1789398866.574440,0.100394,-0.022318450163818303,-0.022417459712654603,-0.00709933711522448,-0.01841056699834604,0.0026655428282042403,0.0004980899529096604,0.9998268339120676
1785495435.451620102,1789398866.671773,0.100235,-0.019111627953865805,-0.024842859183404065,-0.0025722442882014085,-0.018668485792160936,0.002730688719985297,0.000522502829626562,0.9998218631176933
1785495435.550599098,1789398866.789891,0.098979,-0.01218576345265207,-0.017571624658487724,-0.00610338363498697,-0.018811265139254123,0.0025751840429291306,0.0002903506220706249,0.9998196939586267
1785495435.651580095,1789398866.871871,0.100981,-0.0063829599630826975,-0.024121574688255862,-0.013094438636397532,-0.018510145146086617,0.0023175569012355863,0.0003761852729372852,0.9998259158180092
1785495435.751743078,1789398867.007074,0.100163,-0.012093520248824825,-0.012280077769590886,-0.006142176451089998,-0.0184700709587006,0.0027046820008961043,0.00011580829703085017,0.9998257486994886
1785495435.851042032,1789398867.086712,0.099299,-0.010477936581396806,-0.024769172933937104,-0.00811687204746836,-0.018484398334686288,0.0026056671182623945,0.00036194237845613023,0.9998256880650688
1785495435.951189041,1789398867.172457,0.100147,-0.006092766785629811,-0.031227103075532038,0.0005675560893276255,-0.018677070716032758,0.0028254083816939574,0.0003163853649944055,0.9998215260721515
1785495436.051346064,1789398867.318732,0.100157,-0.006743123632537051,-0.03343056934022936,-0.007938244107425885,-0.0185304050316577,0.0025214069646601707,0.0001829432151049239,0.9998251012692476
1785495436.151390076,1789398867.379496,0.100044,-0.011475034104574577,-0.010412664667486192,-0.011918299898644402,-0.018706405654298718,0.002467700876905062,0.00021769378393863347,0.999821950873902
1785495436.251375914,1789398867.530322,0.099986,-0.0011750460170008165,-0.01986917972941478,-0.012912130099604346,-0.018530614323618896,0.0022978729469391493,0.000156499410643264,0.9998256406097232
1785495436.351551056,1789398867.583474,0.100175,0.002191000974959792,-0.025600726846415036,-0.009176027452646507,-0.018543581426992372,0.0025536240281281448,4.920582102863671e-05,0.9998247907363422
1785495436.450613022,1789398867.686608,0.099062,-0.0036790234030796218,-0.020887920940594423,-0.009531886492231023,-0.018460196056770302,0.0021365313554976106,0.00014252668497143924,0.9998273031286237
1785495436.550844908,1789398867.769492,0.100232,-0.003172081516301474,-0.019375021084980057,-0.002550463934450631,-0.01863243067260383,0.0022970555614241846,0.00020431453657797024,0.999823741625767
1785495436.651091099,1789398867.876363,0.100246,-0.006752445037141636,-0.009882494839053253,-0.011854495557046651,-0.018498243980451346,0.0021514027087298966,0.00022621166726302587,0.9998265525901511
1785495436.750401974,1789398867.976620,0.099311,-0.013142888859887045,-0.019729469885299694,-0.012159335165969065,-0.018255677748645702,0.0026843456869303775,0.0001921673150082005,0.999829729298891
1785495436.850744963,1789398868.068816,0.100343,-0.011303809858334651,-0.0111393773285318,-0.007800753087012391,-0.018244724614623228,0.0023368117601175287,0.00031672924692768687,0.9998307701891948
1785495436.950962067,1789398868.173482,0.100217,-0.0086493658148947,-0.012791809533824205,-0.011708407310468405,-0.018511988214782935,0.002059300854881816,0.00039468331331306576,0.9998264398371384
1785495437.050416946,1789398868.273691,0.099455,-0.008505750874975012,-0.007911581109829398,-0.005996045941849382,-0.018492859368962094,0.00220660282168918,0.00028934886667613844,0.9998265156183749
1785495437.150521994,1789398868.372372,0.100105,-0.011572849083779303,-0.0010689248118516586,-0.008471390812098467,-0.01856706628826425,0.0023149081239656885,0.0004539810237927688,0.9998248342340046
1785495437.250828028,1789398868.469980,0.100306,-0.009430310197182778,0.0016306310266475353,-0.012505628701369509,-0.01866356930483985,0.002348312675539129,0.00034774007245263257,0.9998230021784973
1785495437.350404024,1789398868.569651,0.099576,-0.014493665416931277,-0.003801343079272548,-0.0049416751501859535,-0.018902171828528255,0.0023065444001693744,0.00033348129835808753,0.9998186218226376
1785495437.450459003,1789398868.671434,0.100055,-0.01110499152800623,0.004350473758995494,-0.0014182506223184843,-0.018760032837880424,0.0024410889848383256,0.00023530663192407932,0.9998210074224679
1785495437.550647020,1789398868.769355,0.100188,-0.0026588801494933506,0.004319514335430961,-0.009641265469546856,-0.018321762214626666,0.002520534609014752,0.000260298144669548,0.9998289314575326
1785495437.649825096,1789398868.871652,0.099178,-0.00027408914836849624,0.007469004446070423,-0.009247015269807757,-0.018346787875684528,0.0024607573975564717,0.00028636740313032523,0.9998286143341695
1785495437.750036955,1789398868.967681,0.100212,-0.0031486377077533864,-0.021021909538536117,-0.012260662346005369,-0.018443168811072566,0.002446160830081378,0.000451331275138664,0.999826816064402
1785495437.850322008,1789398869.072132,0.100285,-0.008540794108839678,-0.0182319185572673,-0.00940234505028198,-0.018689307012981757,0.0021745144025950842,0.00020598096979220596,0.999822953758478
1785495437.950532913,1789398869.167791,0.100211,-0.007415847853461596,-0.020192369145994038,-0.011310478703275062,-0.018273403644118218,0.0019408036066892159,0.00034183360827363826,0.9998310853091155
1785495438.050498962,1789398869.270272,0.099966,-0.008257809412690904,-0.0198862088090346,-0.012932855320286096,-0.01822961102071686,0.002382767989065983,0.0003440489401771909,0.9998309283719274
1785495438.150568008,1789398869.370153,0.100069,-0.00941595084983348,-0.023460122825611746,-0.014255002382991822,-0.01818665205166295,0.002685585811761927,0.0003634409434782196,0.9998309363220764
1785495438.249728918,1789398869.469141,0.099161,-0.01566774653711945,-0.02451093221259087,-0.0018688794956466803,-0.018736277274255694,0.0025109821841892135,0.0001695125231883185,0.9998212931058617
1785495438.350084066,1789398869.571414,0.100355,-0.02110580264829867,-0.026042838010530166,-0.0029849392414881826,-0.0185728506246972,0.002534543976769957,0.00018046378008670623,0.9998242809310677
1785495438.450418949,1789398869.668745,0.100335,-0.01919904315092413,-0.02374162978664491,-0.010381099041290698,-0.018494840909161554,0.002761592535504643,0.0004224536170224691,0.9998250526963975
1785495438.550498009,1789398869.769719,0.100079,-0.01638625681473492,-0.02147482445741611,-0.005040488434516266,-0.018537661874780047,0.0022947675566645023,0.0005523149103879948,0.9998253767945265
1785495438.650702953,1789398869.875816,0.100205,-0.01773555532788789,-0.00947813071577675,-0.007900875124472406,-0.018739339562482308,0.0026096044696420364,0.00028228056289150125,0.9998209576894044
1785495438.750828981,1789398869.965830,0.100126,-0.013940398525813781,0.0011872391458772544,-0.008318745160925123,-0.018525660012827978,0.002802739804582297,0.00038933248133292105,0.9998243810744445
1785495438.850050926,1789398870.074522,0.099222,-0.004696149894772683,-0.005701076676164307,-0.010004734703299378,-0.01842200693131653,0.0022105308307327444,0.00031649260553384266,0.9998278066979831
1785495438.951114893,1789398870.172887,0.101064,-0.005137271696749757,-0.016066717603917334,-0.009649502613165661,-0.018556744360528548,0.002629392124846793,0.00018167036269193105,0.9998243348367107
1785495439.050390005,1789398870.270021,0.099275,-0.004738961400887622,-0.02495365601795485,-0.009065389822208836,-0.018390163625349634,0.0019954972791688254,0.00023408130661677884,0.9998288678960933
1785495439.150552988,1789398870.374918,0.100163,-0.0048908807963667505,-0.009410384882371916,-0.006779775289299517,-0.01859281943111972,0.0023775974986618128,0.0001187954147920005,0.9998243045572485
1785495439.250768900,1789398870.468130,0.100216,-0.01013544439855131,-0.004482599795765209,-0.009006568068254783,-0.01847517529651228,0.00251247571925379,0.0002886259611762885,0.9998261209123203
1785495439.351068020,1789398870.572493,0.100299,-0.014782537092944241,-0.021173502728706592,-0.008763535465457883,-0.018487682838521712,0.002540118921099997,0.00044968460378733046,0.9998257604017242
1785495439.450486898,1789398870.669194,0.099419,-0.020079756660315688,-0.005525438370113323,-0.008457794580512046,-0.018402864072155745,0.0024184478579610336,0.00046503882151593696,0.9998276198639416
1785495439.550635099,1789398870.771980,0.100148,-0.030546510345803746,-0.004984521168184079,-0.009599531919143811,-0.01843235355635944,0.002483837903394373,0.00041248570006671524,0.9998269393986092
1785495439.650706053,1789398870.870491,0.100071,-0.01653547674066732,-0.0314526939909542,-0.009409623023153846,-0.01846776665948258,0.0025504214730595,0.0004639031645701091,0.9998260957480429
1785495439.750830889,1789398870.968111,0.100125,-0.013017470412395028,-0.02530078922072737,-0.007237732027402299,-0.018495734586933345,0.002496679050327026,0.00033133047126977035,0.9998257671294174
1785495439.850075960,1789398871.070051,0.099245,-0.017131364775588413,-0.021971878437060048,-0.007400061653472567,-0.018550886328293603,0.0022736957253264955,0.00048420700154284317,0.9998252149589762
1785495439.950311899,1789398871.169867,0.100236,-0.02729053491253743,-0.033905753900238915,-0.00749400404940298,-0.01823880462286905,0.002450754857818672,0.00047193524701432684,0.9998305441842024
1785495440.050415993,1789398871.272877,0.100104,-0.019341300284571847,-0.015262797830677872,-0.009728354850139509,-0.018186861563619885,0.0028421287861122913,0.00037329746460168777,0.9998304961439373
1785495440.150779963,1789398871.366390,0.100364,-0.024701905103167665,-0.012769917312176686,-0.011545845313277847,-0.018539332128847442,0.0025110776060265736,0.0005717196163456882,0.9998248150501932
1785495440.249979019,1789398871.472254,0.099199,-0.026749946125395437,-0.02509402593297816,-0.004262100293388027,-0.01854836838008013,0.002829389492737014,0.0005379594263689898,0.9998238160722072
1785495440.349999905,1789398871.569270,0.100021,-0.024171400266477606,-0.028175266930606645,-0.006511869865937048,-0.018757165983443985,0.00297005812204848,0.0003792565015724227,0.9998195855470762
1785495440.450159073,1789398871.669975,0.100159,-0.015450925111310385,-0.01311616589979793,-0.008767190669628666,-0.018564624707012138,0.002259435620717369,0.00047137763892912075,0.9998249984188659
1785495440.550283909,1789398871.767563,0.100125,-0.015919834116811003,-0.012274137862423897,-0.008989849506506498,-0.0184067183522251,0.0023280273588345436,0.0006366466647170366,0.9998276689955837
1785495440.650466919,1789398871.870520,0.100183,-0.008497201614097592,-0.023853029123495822,-0.0011127427585144734,-0.018651649913041603,0.0023139817426030738,0.0002965652630460372,0.9998233211388206
1785495440.750621080,1789398871.968391,0.100154,-0.008954025554122651,-0.025222055974316517,-0.0023143983844906013,-0.0187082687670971,0.0025117223877055427,0.0005501426449243565,0.9998216787374914
1785495440.849910975,1789398872.069140,0.099290,-0.019732549833108196,-0.022540828758821668,-0.004815501460964544,-0.018586671715654247,0.002246249323016813,0.00043841356300993893,0.9998246335193293
1785495440.950042009,1789398872.169676,0.100131,-0.01635330251871541,-0.018071696571413297,-0.0046800570228803795,-0.018660204898477396,0.002500956036356239,0.0004504723324026029,0.9998226537975267
1785495441.050295115,1789398872.272185,0.100253,-0.014384384233992558,-0.018844327923815858,-0.012314424937796886,-0.018158260383824933,0.00244865302897252,0.00028252544573249713,0.9998320868313586
1785495441.150340080,1789398872.369102,0.100045,-0.014330239172191794,-0.029921920039897146,-0.00835999800607512,-0.018550039343480675,0.002463404506339294,0.00033763925120241833,0.9998248414989145
1785495441.250361919,1789398872.478418,0.100022,-0.010812822755823931,-0.03843867419413065,-0.005531449937290045,-0.018629812810344242,0.0024131419577418547,0.0002956728994911115,0.9998234941218773
1785495441.349659920,1789398872.562650,0.099298,-0.00900542846003028,-0.017081982080652126,-0.007997279911498512,-0.018555980721237892,0.0024126407539976336,0.000252552194001518,0.9998248801472459
1785495441.449783087,1789398872.672473,0.100123,0.001303215116642574,-0.013012077083750347,-0.00913004315429139,-0.01868082203410898,0.002504243586610369,0.0001448282828014048,0.9998223515589943
1785495441.549351931,1789398872.773664,0.099569,0.0004951855169453429,-0.008160392679547223,-0.014051609696117628,-0.018507177951835145,0.002025443531479213,0.00029173098638669354,0.999826633389905
1785495441.650333881,1789398872.867987,0.100982,0.005035762985085207,-0.016689223841329683,-0.009971523849982233,-0.018399957931348444,0.0023324700836172196,6.715710691156475e-05,0.9998279835158429
1785495441.749810934,1789398872.972874,0.099477,0.004040072435873898,-0.028157997338637247,-0.002797739926584719,-0.019036872244132468,0.0024684966682397727,-1.3748379107533944e-05,0.9998157349383643
1785495441.849881887,1789398873.068394,0.100071,0.01106236282721608,-0.03350360998185017,-0.011390107621875867,-0.018533400039662935,0.00240097815062133,3.362629384769362e-05,0.9998253583782332
1785495441.950114965,1789398873.178160,0.100233,0.003925775658890296,-0.026411409927081055,-0.005412319854105396,-0.018411538996825485,0.002410656056968575,0.00010931210244513759,0.9998275811458732
1785495442.050329924,1789398873.281311,0.100215,0.008600897218093422,-0.031776093906890304,-0.007922859960545037,-0.01860780377837752,0.002468528175531789,-4.239880356107854e-05,0.9998238115835877
1785495442.149733067,1789398873.379978,0.099403,0.0075516599972271295,-0.03278491033857448,-0.0014950936901630962,-0.018364388246952985,0.0024344166242318936,-6.172940714176523e-05,0.9998283948005753
1785495442.249936104,1789398873.463174,0.100203,0.004231039035878091,-0.018679400769159277,-0.007160497554655976,-0.01825752892040656,0.0027900569471949583,4.9336523854608235e-06,0.9998294245498134
1785495442.350284100,1789398873.575495,0.100348,0.005818760969774434,-0.024563896506771342,-0.01137163820335857,-0.018249957534352643,0.0021325030195865264,-5.208225880284354e-06,0.9998311814770232
1785495442.450529099,1789398873.670367,0.100245,0.013806660004097297,-0.02183038680559176,-0.011748836077320579,-0.018236879553923217,0.0024857840141313103,4.930591483425759e-07,0.9998306042033959
1785495442.549712896,1789398873.790230,0.099184,-0.0056979533732314375,-0.029124130943654264,-0.008434076798371382,-0.01829558078198648,0.0023887092792865693,0.00043514287174852825,0.9998296737157335
1785495442.649858952,1789398873.883423,0.100146,-0.008225968574281983,-0.015140135497044582,-0.006110958676026124,-0.01812787675036481,0.0027142061393965206,0.00046444336014526966,0.9998318845995668
1785495442.750119925,1789398873.972279,0.100261,-0.018642795040148374,-0.027525290670880886,-0.005037540383580785,-0.018130618525785805,0.0025148395679881167,0.000416671672947591,0.9998323772705786
1785495442.850130081,1789398874.066365,0.100010,-0.015689524574923012,-0.03899413384322514,-0.010885927371965698,-0.01835451995296741,0.002647737356498863,0.00024591162685617425,0.999828005514778
1785495442.950367928,1789398874.181359,0.100238,-0.01134704465183221,-0.021832091102676712,-0.01600513492518363,-0.01807781457450506,0.0026916320870485977,0.0003889798615741277,0.9998328842519559
1785495443.049598932,1789398874.271453,0.099231,-0.014657630064033561,-0.008730811522428402,-0.007739015668912497,-0.018380734542366852,0.0026642971125457717,0.00035153133500302465,0.9998274483851199
1785495443.149811983,1789398874.368958,0.100213,-0.012936041480975474,-0.012356575262475338,-0.013030842596294334,-0.018315378541159517,0.002938667003691496,0.0002996204902236142,0.999827895876434
1785495443.250076056,1789398874.473656,0.100264,-0.01657056456374024,-0.01654168845618887,-0.008165966022424032,-0.01850447830925651,0.002571935325944819,0.00046293876010071786,0.9998253623102815
1785495443.350562096,1789398874.577280,0.100486,-0.020500736718228746,-0.0051235195002702115,-0.010158580422933328,-0.018426230838114826,0.002604230452541962,0.0005828422655190172,0.9998266611246892
1785495443.450715065,1789398874.675714,0.100153,0.001140213741093396,-0.025068718975526767,-0.004486248204831289,-0.018516474767844158,0.0025384401613872186,0.00032907200366056124,0.9998252788339247
1785495443.549992085,1789398874.766285,0.099277,0.006501802915199764,-0.01926474156343389,-0.004346196584487705,-0.018692187452502115,0.0022634149483862736,0.0002938836856118278,0.9998226806356172
1785495443.650274992,1789398874.875321,0.100283,-0.0020088602736582292,-0.019683806144158614,0.0004167609788666704,-0.018703333054063024,0.002748193124558068,0.0002407119799853075,0.9998212714405318
1785495443.749706030,1789398874.971113,0.099431,0.003253754296070513,-0.02584053556332644,-0.0028885459324753393,-0.018830819663509673,0.0025443557461882023,0.000716364415905795,0.999819190307258
1785495443.850054979,1789398875.068109,0.100349,-0.0071542123698562915,-0.027308310224137454,-0.006926971301070173,-0.019692615115087984,0.0028025014832049606,0.0035397472703146892,0.9997958877114008
1785495443.950197935,1789398875.167713,0.100143,0.003325010075865338,-0.021024537722930385,-0.00221896421232054,-0.019886167312963186,0.002353621992353415,0.0074609098420807835,0.9997716417449768
1785495444.049441099,1789398875.272737,0.099243,0.01849942083797742,-0.02168450973925202,-0.009581687886330625,-0.019867055176293683,0.0025216071440345806,0.015749720168915012,0.9996753912799065
1785495444.149461031,1789398875.367677,0.100020,0.029953422787991,-0.010936859488755812,-0.005293610976355556,-0.020654240523253143,0.0026908836148858035,0.02580781223436651,0.999449907860046
1785495444.249598026,1789398875.472622,0.100137,0.024559070610522107,-0.0322967850080375,-0.006144399998001204,-0.021367273990835184,0.002807603558919424,0.037613081484396585,0.9990599646996694
1785495444.349968910,1789398875.604094,0.100371,0.017488401747562388,-0.015945210604423568,-0.011883472646577964,-0.022377379001889224,0.0023169249558256293,0.05080513772978965,0.9984551681212392
1785495444.450339079,1789398875.671167,0.100370,0.00538589879873036,-0.004479027541465506,-0.011009581920315092,-0.02291507978558625,0.002482279871671733,0.06094288985801191,0.9978750931759011
1785495444.550585032,1789398875.808236,0.100246,0.0018396457434801394,-0.0069019897093367845,0.002909470086195659,-0.024512950383066886,0.0016767472941655408,0.07190135487649271,0.9971090707384792
1785495444.649785042,1789398875.874120,0.099200,-0.0038544681027820327,0.0010282476406043902,0.00782429670276144,-0.025844040773273944,0.002940161987522133,0.08446630701921212,0.9960867853668839
1785495444.749943972,1789398876.009202,0.100159,-0.0039638566133219505,-0.027494172391117205,0.0007891160866388414,-0.02723456366230734,0.0032986826368448918,0.09681386976474524,0.994924354841191
1785495444.849252939,1789398876.070904,0.099309,0.013687298231030487,-0.04157827608539945,0.0009138602874481094,-0.027438404290257283,0.0035887422854242266,0.10859675846821684,0.9937006586236163
1785495444.949502945,1789398876.205390,0.100250,0.01794780102696722,-0.04657915295258122,0.00047034938703238716,-0.02794240906069752,0.002997880225535051,0.11920581306210097,0.9924717671663217
1785495445.049653053,1789398876.271107,0.100150,0.005434809043819766,-0.03647454676707875,0.0006826572205134718,-0.02877793234465082,0.002837972433136848,0.12934343903698226,0.9911781128034063
1785495445.149149895,1789398876.412448,0.099497,0.003950256538621629,-0.04031007624765786,0.0014336187598323613,-0.028342133531280265,0.004183829196413856,0.1402986414520804,0.9896946550562203
1785495445.249355078,1789398876.469464,0.100205,0.00789542007600896,-0.04129048301909417,-0.006046995279078149,-0.027763119860828342,0.0061037900274004235,0.1505091962316602,0.9881998455639397
1785495445.349560022,1789398876.621766,0.100205,0.017834030603838927,-0.03584658014543884,-0.007616377897588622,-0.02678411628953161,0.006457580188713486,0.15927221681121762,0.9868501769391014
1785495445.449702024,1789398876.676572,0.100142,0.023247992492338967,-0.04340611672320299,-0.0029247581113830967,-0.02774060505554584,0.006216643012420851,0.16754250331924558,0.9854548806324565
1785495445.550033092,1789398876.820220,0.100331,0.02537471902713383,-0.05280165978223565,-0.008537381227866625,-0.027975170701249455,0.007158500273612189,0.1740712337461575,0.984309581016135
1785495445.649450064,1789398876.876418,0.099417,0.021083189351145313,-0.06316907860356274,-0.0033861646763042597,-0.028507196028596676,0.006759109299591097,0.1805134848786203,0.9831360719620857
1785495445.749820948,1789398877.010457,0.100371,0.02364860184781535,-0.06808132831618374,0.0006928590583341054,-0.02867391895344005,0.007068350050559051,0.18848192764961175,0.98163252174574
1785495445.849170923,1789398877.074472,0.099350,0.029776051402924317,-0.053540448456112895,0.0004513302855082002,-0.028581545681359476,0.006910244814860778,0.19435550722149528,0.9804903266099765
1785495445.949228048,1789398877.201831,0.100057,0.01264631743352829,-0.056714816836808776,0.0016871264706519729,-0.028842556829089244,0.00585189341506422,0.20068266498928838,0.9792141391094271
1785495446.049406052,1789398877.287518,0.100178,0.03131224083505706,-0.05084815871586747,0.00916262546071872,-0.0300419883392255,0.005294602154646652,0.2056271522470755,0.978154855011929
1785495446.149697065,1789398877.384352,0.100291,0.029582757933105358,-0.044718477029709894,0.0060613138974336955,-0.02919188852412982,0.004957181413265839,0.21126200401479564,0.9769808727178251
1785495446.249042034,1789398877.491062,0.099345,0.04685855953233517,-0.059426998109477935,0.0004479345983068872,-0.029378115323806138,0.006503805440039775,0.21708162810300508,0.9756895989990709
1785495446.349375963,1789398877.598995,0.100334,0.04328520985864087,-0.042104660138549285,-0.014648564911562356,-0.03153455091834734,0.0074015927551677315,0.2232178430281506,0.9742302515714263
1785495446.449839115,1789398877.671198,0.100463,0.041478687676778384,-0.03127013913072156,0.008634413586376621,-0.03529278404547566,0.006013969108154762,0.2283155378677064,0.9729287058865441
1785495446.549367905,1789398877.806282,0.099529,0.05064227430079139,-0.015164545132561848,0.0032347447040786403,-0.036717753271443804,0.005249347988965396,0.23679937488547775,0.9708503010218594
1785495446.649688005,1789398877.877300,0.100320,0.060154120068168185,-0.038061742368376755,0.0019297612261852948,-0.034604580129866405,0.007138666406297258,0.24509288049959055,0.9688555322670087
1785495446.748944998,1789398877.996821,0.099257,0.06670944288009506,-0.029608538075582516,-0.0034955396387048032,-0.03550244675917939,0.007739197751307819,0.2526627697381441,0.9668718663196936
1785495446.849490881,1789398878.083809,0.100546,0.0770800788085737,-0.03531423091808431,0.001078868788053522,-0.03898528300049471,0.007513244107006663,0.2569039892776824,0.9656210639612064
1785495446.949672937,1789398878.208124,0.100182,0.08760368017584988,-0.04601847034816656,0.002301990318523406,-0.04024144440448138,0.00985203504242215,0.2614575558677728,0.9643254170856508
1785495447.048916101,1789398878.276064,0.099243,0.12056146798849465,-0.04717959031402605,-0.0011424100934207537,-0.036664773148393726,0.016303999326850036,0.2687789743954534,0.9623656981308378
1785495447.149368048,1789398878.394549,0.100452,0.09824056667647879,-0.05087148049709089,-0.005257457569795565,-0.03848422421443906,0.015213040797723695,0.272452992039166,0.9612787811062957
1785495447.249625921,1789398878.467670,0.100258,0.08199087501691754,-0.06796080883194262,0.00732863707621953,-0.04121531608793836,0.013792526935127726,0.2727154005212969,0.9611125710545168
1785495447.348818064,1789398878.607657,0.099192,0.09780202240900626,-0.08719080448964492,0.006356796960306527,-0.04374126410860807,0.012741054228559078,0.2688197014718542,0.9621124338932061
1785495447.449228048,1789398878.678803,0.100410,0.10067345015252666,-0.09098320104516928,0.0010988662626034151,-0.04663987915407413,0.011159757588153107,0.2610834091007651,0.9641242839880081
1785495447.549590111,1789398878.818556,0.100362,0.09642729784743208,-0.08862059584411297,0.006668526776480416,-0.048032357604648114,0.009992201213053165,0.25232991828861284,0.9663967409269958
1785495447.648853064,1789398878.878484,0.099263,0.08436891829470336,-0.09326631480493092,0.003545907588187125,-0.04899698652943357,0.010832164864184503,0.24187634041629044,0.9690086663504163
1785495447.749209881,1789398879.027610,0.100357,0.08949833166449281,-0.10568420262382763,0.0038620655503881496,-0.04826388175799305,0.010665516623918377,0.23366073478677063,0.9710610204779625
1785495447.848512888,1789398879.087192,0.099303,0.09966037243886297,-0.11474604153547799,0.014035564430926434,-0.050543442364264515,0.010494458137737616,0.22508954303282247,0.9729696420750448
1785495447.949485064,1789398879.193781,0.100972,0.09405859239130498,-0.11713881625862754,0.014640898225658283,-0.051643432815338036,0.010058517871850749,0.2143765757043743,0.9753330025455593
1785495448.048907995,1789398879.275437,0.099423,0.09895856343524155,-0.11621219292313463,0.0086672343004002,-0.05166486769923443,0.009228502279275477,0.20535411743063545,0.9772795212453737
1785495448.149271965,1789398879.406217,0.100364,0.10518578108761353,-0.1275237894460468,0.005426891656296756,-0.05239138439861723,0.008808740349538546,0.1966387637874101,0.979035620143828
1785495448.249659061,1789398879.472018,0.100387,0.10175973149676036,-0.12239656563784404,-0.0005483243485906453,-0.05130284866953377,0.008815143562770673,0.18863545205073506,0.9806665983870223
1785495448.349092960,1789398879.600038,0.099434,0.10619674890630329,-0.1286731770251079,0.007603746755700608,-0.05049695266352696,0.00922305362810431,0.17998252266021303,0.9823295193520026
1785495448.449238062,1789398879.675073,0.100145,0.09491836436042696,-0.13230268373334808,0.02004730948522157,-0.05082622830617089,0.009737773699220948,0.17266433192666944,0.9836203021287577
1785495448.549432039,1789398879.798293,0.100194,0.0999482512415937,-0.11345310157880467,0.010819413950701684,-0.05143076589903322,0.010595321841025396,0.16266334773000551,0.985283335279447
1785495448.648749113,1789398879.881692,0.099317,0.09960129357696572,-0.10922951840437346,0.002411224735518913,-0.05369214819915452,0.01099037568127759,0.1536028176099574,0.986611645626802
1785495448.749059916,1789398879.999706,0.100311,0.08942635159997234,-0.11409962743805208,0.0085042210197806,-0.05715195367596766,0.011235665363171974,0.143485801305358,0.9879368597428816
1785495448.849306107,1789398880.083321,0.100246,0.06632596724566069,-0.1129186612368783,0.004771183966486042,-0.05598012175782088,0.010580436915434976,0.13264102084369767,0.9895254619827626
1785495448.948558092,1789398880.193276,0.099252,0.049810144559134156,-0.14658185336783602,0.011888706330424686,-0.055943957930388324,0.008809862730601841,0.11834374113451687,0.9913563530961191
1785495449.048813105,1789398880.280028,0.100255,0.06461159095825833,-0.15006686353676318,0.01666264683429755,-0.057119084380233505,0.007456855889530566,0.10458164650306805,0.9928466572006545
1785495449.149168015,1789398880.356556,0.100355,0.07427480295831768,-0.18690944563859704,0.021276995182494263,-0.059177854837099954,0.008638091746260205,0.0978279452683198,0.9934047805363335
1785495449.248466015,1789398880.465783,0.099298,0.07122183516752698,-0.22747725425297877,0.01229684780652679,-0.057805510170745956,0.010421137138399594,0.0969638485086093,0.9935531867882272
1785495449.349567890,1789398880.560928,0.101102,0.07699335918240409,-0.2611556999932294,0.021536333905694066,-0.058704245269265,0.010503751018840424,0.09956842703504812,0.9932419700856717
1785495449.448721886,1789398880.659122,0.099154,0.07948183531776266,-0.298319077686863,0.02602980842399824,-0.059008123080163795,0.010505077369089254,0.10276500177257905,0.9928983025318895
1785495449.548907042,1789398880.759554,0.100185,0.0949855534283234,-0.31570799396710103,0.03548190543310667,-0.060728858176676795,0.01015098741594406,0.10670116078021219,0.9923829026777888
1785495449.649141073,1789398880.860042,0.100234,0.09396288826926757,-0.3317005498526668,0.04829061347891461,-0.06174085029859464,0.008354098941308001,0.11266246476942593,0.9916780956879925
1785495449.749274015,1789398880.958406,0.100133,0.11038418184827056,-0.3459687780511299,0.04039111344970983,-0.06267766629296963,0.009079868065961127,0.12002573577803194,0.9907486507156665
1785495449.848632097,1789398881.058754,0.099358,0.12097245175128198,-0.37662373025831414,0.04801772690800657,-0.06262455287839488,0.007653730643273035,0.13145415926250933,0.9893125844729804
1785495449.948101997,1789398881.160405,0.099470,0.13336696231877304,-0.3845294870213862,0.05810002046244356,-0.06366971428812614,0.009806740544280818,0.1453538361155965,0.9872802325828498
1785495450.048582077,1789398881.258488,0.100480,0.15208844859918919,-0.39586409110319765,0.05796999654296098,-0.06155194210979812,0.00958082084963578,0.161730350357024,0.9848669250552348
1785495450.148680925,1789398881.361648,0.100099,0.15659972275454043,-0.39413784771354293,0.04527283896493273,-0.06281053011618139,0.010137663870554542,0.1735635851457084,0.9827653570355135
1785495450.248894930,1789398881.461573,0.100214,0.14541127979959204,-0.38778184300185753,0.0508004176211527,-0.06301280128845832,0.010929143881144434,0.17874910613068787,0.9818139832703986
1785495450.349345922,1789398881.560464,0.100451,0.15398858612103183,-0.37831412306582923,0.0459415376372109,-0.06445780889663993,0.010481036918846127,0.18834673571325908,0.9799290004298831
1785495450.448597908,1789398881.660495,0.099252,0.14889953652871213,-0.3661472889199969,0.04432698382128941,-0.06590542570905633,0.01114874919665687,0.2007668886612219,0.9773560439628696
1785495450.548806906,1789398881.768640,0.100209,0.12294357651068255,-0.36269993894474983,0.04208233827670382,-0.06551278554220598,0.012882417812180346,0.21454753516327263,0.9744287933949702
1785495450.648957014,1789398881.859929,0.100150,0.1426321110223347,-0.3536515510834093,0.03909149027918776,-0.06445440124793532,0.01404836046987396,0.22979592909337423,0.971000568846379
1785495450.749181986,1789398881.969120,0.100225,0.1571890422185301,-0.3477598869386983,0.037341003927488736,-0.06173698758434201,0.016341884471321018,0.246320205343574,0.9670821286816526
1785495450.848906994,1789398882.055478,0.099725,0.1662039418243583,-0.3436532645365946,0.047019634084605966,-0.056715191628833976,0.019589064589815415,0.26221281597685986,0.963142821561001
1785495450.949321985,1789398882.176599,0.100415,0.18011967199128376,-0.32865121581348977,0.04280588723374104,-0.05191576886536057,0.022253250301522035,0.2779348233675261,0.9589378393586303
1785495451.048682928,1789398882.276480,0.099361,0.17981455262759774,-0.3306409052428895,0.03434462308900979,-0.046122443308335634,0.026443571757939165,0.2945555187556955,0.9541543397724056
1785495451.148902893,1789398882.375493,0.100220,0.18720969669085663,-0.33333506080531,0.030062930963352275,-0.043197577841779876,0.027738341891282606,0.3111440701406232,0.9489751952891353
1785495451.248246908,1789398882.511039,0.099344,0.19059963380587125,-0.33342259910778804,0.037159311005814905,-0.0395439537705371,0.03018048406251257,0.32690259545195705,0.9437479044685186
1785495451.348601103,1789398882.565275,0.100354,0.1987722976707898,-0.314057082383109,0.027867415043390437,-0.03606756323200608,0.031938866793763,0.3422922960184993,0.9383576203968397
1785495451.448751926,1789398882.699124,0.100151,0.21423368664535652,-0.3048431400017949,0.02616609826254282,-0.03624530655003711,0.03362620982545113,0.360645033041175,0.9313918165351242
1785495451.548172951,1789398882.770408,0.099421,0.21247873708482296,-0.2800870902877819,0.01790320434259693,-0.03691081184944271,0.0328202040911155,0.37761070276426517,0.9246461935951016
1785495451.648359060,1789398882.899156,0.100186,0.2111848492035668,-0.2679433543901229,0.018273113464925578,-0.03652669094937929,0.033822925831915686,0.3957308476356761,0.9170163067067054
1785495451.748536110,1789398882.965478,0.100177,0.20464368853014792,-0.2670746885600998,0.019618944962844526,-0.03664254295097742,0.036833029255691936,0.412007212130393,0.9096981417780715
1785495451.848891973,1789398883.062944,0.100356,0.2074549114859218,-0.2695190476066764,0.021638723231766105,-0.03600847213244778,0.038732436014115204,0.4240548687286568,0.9040910665649897
1785495451.948299885,1789398883.157828,0.099408,0.21408038259314363,-0.27516685577067995,0.0298423529171625,-0.035964485918992595,0.03851167178819426,0.4408853862421173,0.89601533641272
1785495452.048491001,1789398883.265051,0.100191,0.22134272237021316,-0.2817437973806307,0.028666103809970284,-0.03425972262294935,0.040887078348018316,0.4605909575531501,0.8860081760628588
1785495452.148870945,1789398883.358826,0.100380,0.22358107313069758,-0.2730244344344264,0.03721013203388099,-0.03434992715149412,0.04069710229566338,0.4811020204056989,0.8750455270047254
1785495452.248162985,1789398883.460064,0.099292,0.24257819788706797,-0.2585644226198676,0.02733455439710117,-0.03259315971971151,0.04170080901179628,0.49966885177760817,0.8645980378363656
1785495452.348536968,1789398883.565303,0.100374,0.2517964152452271,-0.2531677535628688,0.028307051165013808,-0.032376485996207,0.04174744985972946,0.5161813302723072,0.8548483771190408
1785495452.448662043,1789398883.658232,0.100125,0.23503753200639207,-0.24500592760329185,0.027105637715116787,-0.03223912814408802,0.040026780074675875,0.535135645236146,0.8432012432931156
1785495452.549010992,1789398883.758848,0.100349,0.2435847254961414,-0.25089937504094767,0.034223831940040694,-0.0322838224222711,0.039109185422304196,0.5523154834475947,0.8320912408921634
1785495452.648294926,1789398883.862698,0.099284,0.24252462574127057,-0.24936742958475883,0.02435451522257237,-0.0324120991902085,0.040135307534040064,0.5680814111240222,0.8213538355974065
1785495452.748744965,1789398883.964741,0.100450,0.2634933809954156,-0.24225961315052574,0.02711581406810648,-0.029926993610504386,0.04098515430113326,0.5821120327795699,0.811523365944312
1785495452.848217964,1789398884.065372,0.099473,0.2865108692506051,-0.2523501627818818,0.024098993020328696,-0.029125006601450527,0.04232033459276335,0.5966527305912276,0.8008534462362347
1785495452.948604107,1789398884.171182,0.100386,0.30816386931586237,-0.2302130866310718,0.01885400744261498,-0.02947697750289898,0.0420831727125283,0.6118316059044526,0.7893175535791151
1785495453.048947096,1789398884.254120,0.100343,0.32598564556037524,-0.2341051920215334,0.024232639017651908,-0.02981070736111746,0.043904305487694396,0.6233636313042853,0.7801291667752256
1785495453.148159981,1789398884.374748,0.099213,0.33851366076175815,-0.23057721115199784,0.028021152058632898,-0.030989482318313014,0.04719389502413378,0.63401984725859,0.7712530204415978
1785495453.248739958,1789398884.461726,0.100580,0.3510635135847898,-0.22543036466770522,0.022019715941619528,-0.03331769671487494,0.04961309817603571,0.6445740092452102,0.7622026096652686
1785495453.348999977,1789398884.559807,0.100260,0.3521166611797988,-0.22227749711394895,0.022087457135012284,-0.03599543616206462,0.04909840513447664,0.6548662992526562,0.7532886600048374
1785495453.448164940,1789398884.659199,0.099165,0.3731755167897215,-0.2150176894443554,0.024515188159469875,-0.03870691026101205,0.04789608075649903,0.6634047343633974,0.7457224007433614
1785495453.548300982,1789398884.762085,0.100136,0.3880800006064852,-0.2031493926691075,0.025027226951244153,-0.04005008534066098,0.048909359817150236,0.671217591684858,0.7385599568073407
1785495453.648405075,1789398884.867806,0.100104,0.39932389737636015,-0.20457897568770247,0.029668307324560883,-0.03880572543971449,0.049684096189357596,0.6781913405774971,0.732176284664179
1785495453.748985052,1789398884.963160,0.100580,0.39387557468108236,-0.19807941622742212,0.024191474575862626,-0.035141944474434646,0.053721097523879185,0.672837749449704,0.7369996270927431
1785495453.848185062,1789398885.059091,0.099200,0.37840887469577067,-0.1974010385427157,0.026887334053760675,-0.03926873204223782,0.049359759598865925,0.6733867132278679,0.7365948107774759
1785495453.948399067,1789398885.163404,0.100214,0.3904770190259328,-0.20406884690936947,0.024006579136458095,-0.03897934750430585,0.05002050271932814,0.673531373386167,0.7364333295284694
1785495454.048850060,1789398885.258532,0.100451,0.38875276869461917,-0.22479406516763717,0.02136284243661457,-0.03947924211429415,0.04899295795717643,0.6704539475278457,0.7392784210005154
1785495454.148185968,1789398885.361545,0.099336,0.39650778268992576,-0.2206433039962104,0.027624492598995604,-0.03977022594705148,0.048575141362327164,0.6657712475955924,0.7435102088369455
1785495454.248543978,1789398885.465543,0.100358,0.4151357443401868,-0.2040957439378003,0.02671116746959923,-0.040639114854945424,0.04704931468718111,0.6617525439252961,0.7471401441093041
1785495454.347975969,1789398885.563798,0.099432,0.4115952800349834,-0.20401894479997904,0.027780647602036995,-0.040629662270570736,0.04618441454180736,0.6570746643291425,0.7513115970713842
1785495454.448097944,1789398885.668100,0.100122,0.39684410473635534,-0.2062382085709864,0.02288587850272361,-0.041376950132717534,0.04571749942423601,0.6491701978935491,0.7581397710257386
1785495454.548491955,1789398885.757082,0.100394,0.3978404317246412,-0.2022078654979405,0.017514768101942968,-0.04267266256023424,0.044311709871222335,0.640754191611421,0.7652774543724015
1785495454.648950100,1789398885.863258,0.100458,0.3985078944482364,-0.21998664730700232,0.018367174592536756,-0.04416474094174823,0.043097066332225126,0.6283254495161059,0.7754993539787682
1785495454.748471975,1789398885.962804,0.099522,0.4135912223874495,-0.22507018735103368,0.023040552086978916,-0.0452691938730427,0.042053814402538865,0.6123234656083082,0.7881891589242472
1785495454.847742081,1789398886.071169,0.099270,0.4308727532977461,-0.2299719436748122,0.02269763702792557,-0.045779287695283555,0.0411188874402009,0.595250953960055,0.8011802517058421
1785495454.947994947,1789398886.170945,0.100253,0.40501132199615875,-0.22719244949625955,0.01849614626557483,-0.04774399473144462,0.041286085254244625,0.5796586148164925,0.8124111400027008
1785495455.048388004,1789398886.277724,0.100393,0.4029784753523249,-0.21837202278007775,0.02549648335458654,-0.046977219760271256,0.03972469515530005,0.5615773688892227,0.8251338971160204
1785495455.148749113,1789398886.368303,0.100361,0.4198706186347358,-0.23938231956787462,0.027309133245640937,-0.046023495787002405,0.037635457451404494,0.5430440964633076,0.8375968716956367
1785495455.248013020,1789398886.457633,0.099264,0.4117367908469893,-0.22415695584100978,0.021851852250228426,-0.048254933510356916,0.03444386304371439,0.5237351052522669,0.8498156395459745
1785495455.348277092,1789398886.562218,0.100264,0.40961638837646935,-0.24387578880178434,0.02075749463701801,-0.046631681655512604,0.03338211152874949,0.5049077068805137,0.8612661194012696
1785495455.448481083,1789398886.665025,0.100204,0.42356550666609427,-0.25857932930143357,0.02732305159916959,-0.04758719025839762,0.03269961025718516,0.4870007141427535,0.871490963370698
1785495455.547857046,1789398886.764713,0.099376,0.4350195229354893,-0.24909707353906768,0.018292413262658985,-0.04623107115628847,0.03184414814094689,0.47009312861167024,0.8808297728397986
1785495455.648190022,1789398886.855040,0.100333,0.43703209021443434,-0.25916343790831287,0.022825694998645396,-0.04508822565415567,0.030530256964600988,0.45395410147914533,0.8893596736232743
1785495455.748316050,1789398886.970916,0.100126,0.4243683672690739,-0.26449681921579277,0.02707574353950523,-0.046261652931670574,0.02912605850965021,0.43938215741908593,0.8966352948247529
1785495455.847723961,1789398887.060443,0.099408,0.41243508301299375,-0.2586938993977738,0.025446204318601395,-0.04470868744521086,0.02913448875774421,0.4234056796594714,0.9043671518049804
1785495455.947808027,1789398887.157735,0.100084,0.415463288401632,-0.26067536170224204,0.025243356943862955,-0.039922456534100495,0.02933025736038118,0.4055885421158054,0.9127123686966405
1785495456.048088074,1789398887.257786,0.100280,0.40407167211800865,-0.26687420210316914,0.030953613770597244,-0.037136568097145876,0.028438253322695676,0.38600173131584714,0.92131145899695
1785495456.148214102,1789398887.364566,0.100126,0.4119106493714289,-0.25956458878862315,0.02808245635134135,-0.037332934391048504,0.028564109517871257,0.36766910660510266,0.9287678782695977
1785495456.248390913,1789398887.462092,0.100177,0.4074437913423914,-0.2680691360130133,0.023810806622533043,-0.03716539258247937,0.02762900457955949,0.35207325931600136,0.9348260756818567
1785495456.347515106,1789398887.558650,0.099124,0.40535015779911265,-0.2685243102538035,0.025679115289997723,-0.03870763329498525,0.02760330893470894,0.33608037274193914,0.9406326379188611
1785495456.447710991,1789398887.660836,0.100196,0.40429184539647256,-0.2841548014096566,0.020625018891152896,-0.03867043521430344,0.026877938502481227,0.31826538573768254,0.9468311983154322
1785495456.547900915,1789398887.750627,0.100190,0.4119567172806134,-0.27990545887619483,0.025608591630561756,-0.03920251175490105,0.026993728379029837,0.2997153931313508,0.9528405873074602
1785495456.648058891,1789398887.890955,0.100158,0.3883568185254714,-0.287838862959516,0.02327164402728374,-0.041044790500838514,0.026357098857333363,0.28397437450385127,0.957590300252521
1785495456.748199940,1789398887.974836,0.100141,0.3699504695544355,-0.2721767185080552,0.025166603671572696,-0.04217319977239849,0.025987156880454686,0.26716469118754915,0.9623768059761673
1785495456.847419024,1789398888.059845,0.099219,0.38499556177307065,-0.27481828126017704,0.02805490739438396,-0.0421996778544816,0.02429594143453216,0.25264468422500275,0.9663330471176262
1785495456.947773933,1789398888.157834,0.100355,0.369643753301682,-0.2665210373317333,0.020836983852225738,-0.041287738774345946,0.02349269160763909,0.2390259195310899,0.9698505172758566
1785495457.047911882,1789398888.263793,0.100138,0.36940822333873496,-0.28767402267878583,0.024316721520218382,-0.04277201806834435,0.022817564163121168,0.2272822385873506,0.9726215591167747
1785495457.148147106,1789398888.364389,0.100235,0.3669661265870466,-0.3017541822015027,0.026411491979688895,-0.0449639916486238,0.020940421750333987,0.21774252401029734,0.9747450597102637
1785495457.248233080,1789398888.458272,0.100086,0.3639335800816522,-0.3104617640091664,0.02484110624300162,-0.04415273505209503,0.019182023341359374,0.20648358904551584,0.9772651193114557
1785495457.348457098,1789398888.559325,0.100224,0.3625435143786193,-0.31818129108267207,0.02761231100282316,-0.046292313787596004,0.018382156455213777,0.19555486978043776,0.9794270829997519
1785495457.447664022,1789398888.665793,0.099207,0.3714189293968955,-0.34721209355066374,0.03601971923328792,-0.05111444419036869,0.018232751212749403,0.193109637022016,0.9796752260150038
1785495457.548054934,1789398888.762247,0.100391,0.37538947239508536,-0.361853384419494,0.04192876689920816,-0.05245070071544042,0.014761020920638468,0.1947676548915627,0.9793347726206197
1785495457.648264885,1789398888.859204,0.100210,0.3719660537646703,-0.38833235439543456,0.04574635447719372,-0.05568529718591094,0.012319422022320994,0.19628067857806134,0.9788877743313013
1785495457.748473883,1789398888.965718,0.100209,0.38962545649298796,-0.41898082181042645,0.046596525684257345,-0.05729830360149185,0.010268808875663655,0.20009177813224013,0.9780463875975131
1785495457.847779989,1789398889.057386,0.099306,0.3842002591420511,-0.4259713126957216,0.049315933283403696,-0.06062384974794868,0.007389097892124136,0.20662205791842808,0.976512916072098
1785495457.948096037,1789398889.160079,0.100316,0.40615444085884533,-0.4457098514890557,0.05275814719334687,-0.062396980715022574,0.00722631901648488,0.21299926881668704,0.9750311321156252
1785495458.047487974,1789398889.259165,0.099392,0.4180621091108751,-0.4691754017670704,0.05929069218901134,-0.06210007288278518,0.006788149756302411,0.21819333900377033,0.973904086029638
1785495458.147892952,1789398889.359093,0.100405,0.4264561563095899,-0.49383138778305724,0.06446099724715756,-0.060347960808771105,0.004946639934339131,0.22050658585870908,0.9735042372647994
1785495458.248130083,1789398889.460826,0.100237,0.4208467830064841,-0.5093054855182685,0.06591014537499468,-0.06060291253345987,0.00460689553180455,0.21675392670038193,0.9743324888178503
1785495458.348507881,1789398889.560116,0.100378,0.432680495766287,-0.515021654021931,0.06764308219408424,-0.06212285340182973,0.004478054135530185,0.2101050666935921,0.9756928610305884
1785495458.447789907,1789398889.660447,0.099282,0.43418233424220315,-0.5219445940476284,0.0702438518037779,-0.0635053303672504,0.005484382914651513,0.20485111732657835,0.9767154213429029
1785495458.548197985,1789398889.759624,0.100408,0.4394732198301905,-0.5382124868668444,0.07386022788710012,-0.06487344808401684,0.004976218131153571,0.19779276313754662,0.9780821518856255
1785495458.647501945,1789398889.857672,0.099304,0.44310468318019003,-0.5535892909317577,0.07089294158384882,-0.06261613898938,0.004797641943689693,0.190138801999796,0.9797466191541184
1785495458.747806072,1789398889.960932,0.100304,0.45227491281475285,-0.5495866269834865,0.0694949374581838,-0.06421782314149192,0.005707117968677436,0.18073597742318695,0.9814163267749039
1785495458.848160982,1789398890.066228,0.100355,0.4579521735493944,-0.5569122908733438,0.07153235127943147,-0.06536692683314668,0.004727899382140393,0.16944369846078808,0.9833583501937389
1785495458.948473930,1789398890.161837,0.100313,0.4466526056556648,-0.5622686111673072,0.07500023545123283,-0.062283162225473754,0.00366769464483629,0.1584956213093355,0.9853864692317199
1785495459.047702074,1789398890.264199,0.099228,0.4545457759579437,-0.5752966679277112,0.07219014524300332,-0.06142192604815985,0.00429621023827257,0.14464834272969732,0.9875655656834512
1785495459.147989988,1789398890.359190,0.100288,0.45933720095736696,-0.5855972298539506,0.06813492573854513,-0.0636679445824045,0.004782657253999939,0.13616677030425056,0.9886263852877649
1785495459.248125076,1789398890.465920,0.100135,0.4684414595506735,-0.5883505238447904,0.07377183252385372,-0.06191037995771914,0.0047084412907210105,0.13308696955587096,0.9891576183645038
1785495459.348294973,1789398890.566856,0.100170,0.4650178419701323,-0.6036052419639379,0.07086423606134237,-0.06193974470735571,0.004893206567841306,0.1324797068880792,0.9892363983487065
1785495459.448663950,1789398890.657179,0.100369,0.45906088002182416,-0.5955039480385823,0.07339838689778083,-0.062087320141676824,0.0052462989791835545,0.13336721316240696,0.989106074937334
1785495459.547813892,1789398890.766968,0.099150,0.4533764237477888,-0.5982179026933057,0.06800931626064305,-0.06175286261601885,0.004833871012392352,0.13555097629404342,0.9888322155327942
1785495459.647929907,1789398890.875495,0.100116,0.46000073686331244,-0.5891656363212485,0.07237804626706129,-0.061873634406396476,0.004187675491481633,0.1385995574292808,0.9884049167318671
1785495459.747967958,1789398890.975396,0.100038,0.4608682101222257,-0.5966548219512339,0.07138551881018018,-0.06181404563944001,0.0041101778037518685,0.1400532588206664,0.9882040350523864
1785495459.848088980,1789398891.062363,0.100121,0.4568286184509564,-0.599809417472002,0.06712044293618968,-0.05872547146998494,0.002990398423310099,0.1450058484481866,0.9876819733262926
1785495459.948296070,1789398891.170100,0.100207,0.4392899914091562,-0.6049531627016238,0.06576823152912023,-0.058045509080660626,0.0017324070354530236,0.15488062222470944,0.9862249796576424
1785495460.047681093,1789398891.265886,0.099385,0.43765326017678036,-0.5702541702801869,0.07240536916769091,-0.05990847423340327,0.0013524960706745035,0.16424914686577746,0.98459705627392
1785495460.147986889,1789398891.371605,0.100306,0.4228607406403475,-0.5616883804001295,0.06359313467587613,-0.05728546013469219,0.0009418993588479515,0.17404874403413656,0.9830689312468857
1785495460.248173952,1789398891.463377,0.100187,0.43769262844501555,-0.5454937422378205,0.07072912649732929,-0.05739262429154702,-0.0006029243224561809,0.18543525905343508,0.9809788416979115
1785495460.348408937,1789398891.560083,0.100235,0.434003223299704,-0.536468239219095,0.06744199801786294,-0.05772320239985102,0.0007340482512837914,0.19829323059365297,0.978441254127504
1785495460.447659969,1789398891.661206,0.099251,0.438391119211847,-0.5339578809417592,0.06911058689419147,-0.056320477571672536,0.0007742349832177962,0.2124519510839546,0.9755468071020018
1785495460.547884941,1789398891.754623,0.100225,0.4535623884077242,-0.5169959381826092,0.06037421664231041,-0.05672415670212804,0.00167943843988369,0.22622756510197167,0.9724199907041156
1785495460.648122072,1789398891.861850,0.100237,0.44792386761376984,-0.5169975638770552,0.05847492918725228,-0.05632460788324942,0.003769700935840489,0.24263260064484704,0.9684744441677181
1785495460.748308897,1789398891.961712,0.100187,0.4649921258264488,-0.5087851208318904,0.06423423145614132,-0.05547370904485877,0.006661557860776776,0.2627922360066346,0.9632333735633889
1785495460.848469019,1789398892.066789,0.100160,0.457860587652699,-0.4737131091550391,0.06286636787342825,-0.055852472157267095,0.009839185110379782,0.28011918680379755,0.9582885436937376
1785495460.947901011,1789398892.161431,0.099432,0.47927237595937355,-0.4637764807472398,0.06147012263480464,-0.0536600509494482,0.011933910694739671,0.2957255088358917,0.9536899937251022
1785495461.048054934,1789398892.265536,0.100154,0.5110680635503408,-0.4726632534599253,0.05119151826112692,-0.05252771769684578,0.014328412639134324,0.3130630955587228,0.9481703610976211
1785495461.147418976,1789398892.365402,0.099364,0.4998483278782305,-0.4738508058518062,0.04191906271023316,-0.04977561339617744,0.017116308983321414,0.32916639413675663,0.942803746942505
1785495461.247625113,1789398892.472050,0.100206,0.5005283581756104,-0.4627185468026337,0.05022604884273152,-0.05074266679266277,0.01692392154000968,0.34401491306019344,0.937439332564334
1785495461.348052025,1789398892.585902,0.100427,0.48903098775041853,-0.4497256316047917,0.04332680138572162,-0.05119473689770387,0.017066970679764037,0.3599600128800873,0.9314057153320234
1785495461.448363066,1789398892.670973,0.100311,0.4810633508679712,-0.44502786135416816,0.04574125753023381,-0.050451652155225804,0.0168749030547261,0.37703053600093944,0.9246717489815215
1785495461.548593998,1789398892.762987,0.100231,0.4630134336261344,-0.4395845293916731,0.0499257079107058,-0.04961108751311211,0.016823262037074346,0.39496396707557907,0.9172018221537281
1785495461.647764921,1789398892.876533,0.099171,0.46309682400766183,-0.4418242393268821,0.05619685797183524,-0.049330784474561365,0.017405110738953844,0.411817477990822,0.9097636509800597
1785495461.748104095,1789398892.983109,0.100339,0.4803367695517944,-0.4451088796835432,0.051847835225426964,-0.048892214817025846,0.01752989375369957,0.42898797695083396,0.9018157072189974
1785495461.848556995,1789398893.075072,0.100453,0.4836101528434101,-0.4438276645651109,0.05586016487884213,-0.04796904053662162,0.019875122594165007,0.44739704546512893,0.8928268781577625
1785495461.947863102,1789398893.176687,0.099306,0.4885661244709044,-0.43623397201841596,0.054288586888546736,-0.046332142098636044,0.02231695796027413,0.46433680110038045,0.8841643631926231
1785495462.048233986,1789398893.277891,0.100371,0.5028898066042559,-0.41855439440285447,0.05126370847743897,-0.04568546958085453,0.024935950980471973,0.47843055110722416,0.8765815672172863
1785495462.148657084,1789398893.375047,0.100423,0.4865992792235074,-0.41512085186358355,0.0555200434447129,-0.044158728733158834,0.02511452599093521,0.4890950895659685,0.8707498266571054
1785495462.247826099,1789398893.468335,0.099169,0.4908447934068664,-0.43550345198315915,0.05237994386781489,-0.044221156755220294,0.02558406674457425,0.49424431130087976,0.8678205491752072
1785495462.348077059,1789398893.564735,0.100251,0.49546997902931555,-0.4310998044760968,0.03976928775884997,-0.04494738319117356,0.02531294560256851,0.49403849715058135,0.8679083769974698
1785495462.448297977,1789398893.666580,0.100221,0.5029366090514164,-0.42560062852876734,0.048389866216092536,-0.045309501269239986,0.025069486348743703,0.4934675595599658,0.8682213644059183
1785495462.548378944,1789398893.767552,0.100081,0.5192460901417172,-0.4248413346323427,0.05028124628480443,-0.04481388485861653,0.025014216966820116,0.49223006082263737,0.8689508455004564
1785495462.648555040,1789398893.880897,0.100176,0.49800375075211917,-0.4222836868025377,0.04821588825442144,-0.04476344597263682,0.02560771336558332,0.4921519345760442,0.8689804095685345
1785495462.747872114,1789398893.972194,0.099317,0.4962465007157932,-0.41330076478894995,0.048087641208160226,-0.044688031929417615,0.025341341359840973,0.4911176599540326,0.8695770467886296
1785495462.847765923,1789398894.061206,0.099894,0.4804592182453311,-0.41855743425283126,0.05032580307971754,-0.04495237522048282,0.02538488926029645,0.4896859424349766,0.87036921426533
1785495462.948016882,1789398894.178492,0.100251,0.49713347863061397,-0.41987644599718077,0.04851395132628983,-0.045476825371939644,0.025660848402289424,0.4858310345006601,0.8724915960222098
1785495463.048387051,1789398894.273363,0.100370,0.5122777382991371,-0.4119941306133158,0.05049364321570707,-0.046440098262156206,0.0250769454778056,0.4822435020904029,0.8744459210096917
1785495463.148773909,1789398894.384233,0.100387,0.509511815377707,-0.4145154080122222,0.04886467024317573,-0.047625344516437886,0.02379973938540417,0.4778492613734395,0.8768269398061032
1785495463.248836040,1789398894.468770,0.100062,0.49768023535069594,-0.4251247842624958,0.04180363240043278,-0.05043566370125947,0.021950158685595127,0.4685270200632339,0.8817351449451001
1785495463.348287106,1789398894.572302,0.099451,0.4923376027491745,-0.43087642691172795,0.05190681928324986,-0.05041983742826976,0.02080234041208614,0.45792351418460303,0.8873168305537262
1785495463.448587894,1789398894.674324,0.100301,0.48574955917217993,-0.4510163956471035,0.05063641485060133,-0.05260176230395569,0.019246789105810555,0.44597962134359304,0.8932887512209363
1785495463.548899889,1789398894.771856,0.100312,0.5014507026530657,-0.4478903678462305,0.04766553999984802,-0.05296348566519765,0.020806381371399733,0.4297538089478516,0.9011512788512447
1785495463.648205996,1789398894.879571,0.099306,0.5223198854379829,-0.4763975973837795,0.049144410283202766,-0.052197388198646694,0.01998100629469115,0.41488468015053326,0.9081557653999015
1785495463.748425007,1789398894.987542,0.100219,0.5406341399570619,-0.48838452959170364,0.055504962113081896,-0.05288614109601624,0.018446046734139198,0.4002954473910903,0.914672812670094
1785495463.847646952,1789398895.074886,0.099222,0.5214883804346866,-0.5141795818667725,0.06100480674212763,-0.054709959367824426,0.017697556881459117,0.387897603184161,0.9199070965431138
1785495463.947876930,1789398895.176656,0.100230,0.5479003547838814,-0.5381600387212845,0.05706760968435287,-0.04854824461393081,0.016236290698912612,0.3884219540610266,0.9200586048794175
1785495464.048295021,1789398895.265238,0.100418,0.5460797611280893,-0.5154928744222962,0.058303813011155475,-0.055045935909118965,0.01690659549726233,0.39023347389100715,0.9189134604648784
1785495464.148422956,1789398895.374544,0.100128,0.5327634304108285,-0.4964160013209213,0.053910482638398816,-0.05466329580577785,0.017326830363394226,0.39189531810132777,0.9182209781373257
1785495464.248743057,1789398895.478662,0.100320,0.5557853866721975,-0.5008772260387253,0.06763510895805136,-0.053980611157672956,0.017346859831462762,0.3926453733954252,0.9179405159508969
1785495464.348175049,1789398895.575804,0.099432,0.5557668222642318,-0.4717735876294506,0.06066759253563492,-0.05414959066398129,0.01745453971868685,0.39521188220415115,0.9168264443387222
1785495464.448523045,1789398895.660681,0.100348,0.5644569068855718,-0.4630057760375972,0.05249480453523117,-0.05341578412205598,0.01735225624892561,0.398992927915732,0.9152323730522915
1785495464.548695087,1789398895.770004,0.100172,0.5532964960725066,-0.47879272131306194,0.059674745125681855,-0.055775753492872046,0.016890027467737576,0.4006808107826973,0.9143624446383183
1785495464.648020983,1789398895.860407,0.099326,0.5663786847393583,-0.47979514613524726,0.0641798814551014,-0.06249485418820074,0.016112794408892787,0.4054691574890598,0.9118275787567758
1785495464.748328924,1789398895.965661,0.100308,0.6055692278276416,-0.5131619923791854,0.058525733624440024,-0.06480557014327266,0.01731832108927855,0.4110592554423295,0.9091372846541119
1785495464.847757101,1789398896.063731,0.099428,0.6357657673256392,-0.5528694784888265,0.06660944148511325,-0.05742831237058673,0.017058037394188437,0.41169563331959846,0.9093501623709646
1785495464.948153973,1789398896.165921,0.100397,0.6697055372373529,-0.5959388550371645,0.07058727142396554,-0.051655238651056326,0.021165769632900105,0.408637146688142,0.9109881606597988
1785495465.048379898,1789398896.266221,0.100226,0.6917988300452456,-0.619495107590595,0.07018156982708745,-0.05444185209452946,0.018974264831567434,0.4125699160949258,0.9090996239951069
1785495465.148612022,1789398896.364566,0.100232,0.7213928950683655,-0.666239178737925,0.07247719500483601,-0.048733847178134795,0.019061526365683847,0.4145154250304749,0.9085365335327101
1785495465.247891903,1789398896.466476,0.099280,0.7568927700891205,-0.7078825338862237,0.07171578898132044,-0.03667521720431814,0.021273773798159295,0.4163803828765067,0.908201371804191
1785495465.348272085,1789398896.565697,0.100380,0.7927351281813126,-0.7221225608415164,0.08038907295108419,-0.027471497180204005,0.02797731673774723,0.4157452432228192,0.9086355041095592
1785495465.448523045,1789398896.665224,0.100251,0.8071887343671712,-0.7299411759036072,0.0736797089312626,-0.03205215758467234,0.02474696036959114,0.4167686406232007,0.9081102066047504
1785495465.547962904,1789398896.765949,0.099440,0.8282762952803766,-0.764702187743585,0.09045738718666685,-0.036857695228468844,0.019984624874867973,0.4186702634313427,0.9071699595937832
1785495465.648452997,1789398896.866543,0.100490,0.8441998722201094,-0.7763941759843165,0.08883681955269188,-0.03172408499265409,0.01929807360899639,0.4175229593164333,0.9079073439674384
1785495465.748684883,1789398896.965717,0.100232,0.8665528336566645,-0.7909487750598636,0.08168951889148363,-0.02611789094533749,0.020576933743301953,0.41969736559561055,0.9070548863670795
1785495465.848155975,1789398897.063312,0.099471,0.859417310886091,-0.7643838005611019,0.08687257532308815,-0.03065908655650687,0.018995690365767915,0.41732987364234386,0.9080390744481834
1785495465.947807074,1789398897.168646,0.099651,0.8631200869897039,-0.758106241433034,0.09212113463206331,-0.033977056661230395,0.01802366503648733,0.41257312413613273,0.910112149330973
1785495466.048361063,1789398897.265459,0.100554,0.8420201629198729,-0.7589764280541985,0.08459796234875563,-0.034261764947316094,0.017602589270301082,0.40984123594659067,0.9113432073765881
1785495466.148706913,1789398897.364345,0.100346,0.851440717024073,-0.7297514511233871,0.08261496702308058,-0.03341226943538176,0.017799194460512896,0.40828922646015386,0.9120672762928749
1785495466.247770071,1789398897.467422,0.099063,0.8503107389637715,-0.7177476338344264,0.08029717659996824,-0.033790036354957094,0.018110284059946267,0.4081205843695402,0.9121227108609147
1785495466.348022938,1789398897.560603,0.100253,0.8536414947396779,-0.7247101782607736,0.07647812866525736,-0.03345345892833814,0.01846855835219463,0.4072987518109903,0.912495208322395
1785495466.448452950,1789398897.673789,0.100430,0.85322205835427,-0.7432785270517233,0.08385548176915555,-0.034479836618815596,0.018135001624363108,0.4053945671180278,0.9133112873133732
1785495466.548676968,1789398897.765042,0.100224,0.8434668725487855,-0.7411714426027539,0.08496243342165025,-0.03466922661302912,0.01835060309079464,0.40192245110015695,0.914833123249208
1785495466.648071051,1789398897.865273,0.099394,0.8520762516106016,-0.7475583556158863,0.08723570308380282,-0.034966759783623506,0.017910477257389458,0.394577868831306,0.9180222469761784
1785495466.748450994,1789398897.967132,0.100380,0.8538040432563797,-0.7289108865437128,0.09117861528345678,-0.03419120614912209,0.018731610328865837,0.3857105926207881,0.9217957620518095
1785495466.848628998,1789398898.063919,0.100178,0.8691814455102306,-0.7542708765666625,0.09111712722316709,-0.03358747136897443,0.018417108756720566,0.37712143076442445,0.9253713407763798
1785495466.948971033,1789398898.165060,0.100342,0.8799468997886885,-0.7796072840844842,0.09715334997540864,-0.033527697427035257,0.01887692422453872,0.3675634027932349,0.9292021847607335
1785495467.048291922,1789398898.268695,0.099321,0.8772812684703258,-0.7928410057314706,0.09184159552752763,-0.03438269855530385,0.019021543934902005,0.35526666170250504,0.9339387613699014
1785495467.148463011,1789398898.362596,0.100171,0.897125318982378,-0.800907842702561,0.08821850022520972,-0.03506528147104728,0.019730343723493207,0.342320605344566,0.9387213339050301
1785495467.248358965,1789398898.468136,0.099896,0.9018094559451719,-0.8168924482743197,0.08966061322280328,-0.03565759192189211,0.021162315212037344,0.32652615766339327,0.944278222196604
1785495467.348727942,1789398898.561777,0.100369,0.899724133441652,-0.8287835815638906,0.09060254113681848,-0.03464265246330752,0.021059776944518143,0.31190878294509655,0.9492466926711213
1785495467.448008060,1789398898.667082,0.099280,0.8820264560817377,-0.8467608045935838,0.08896911543166705,-0.033572791501693,0.021864268919324515,0.2970441360963214,0.9540228522557503
1785495467.548402071,1789398898.770245,0.100394,0.8720421928764802,-0.8426520163074386,0.09363921861206001,-0.03277653952553227,0.02109831105599811,0.27857871037764254,0.9596220411451819
1785495467.647617102,1789398898.872726,0.099215,0.8768440046043888,-0.824421307713885,0.08928099176970392,-0.03307807165909703,0.021896378993613633,0.26158886010407734,0.9643638618445494
1785495467.748016119,1789398898.968764,0.100399,0.8612033660169675,-0.827367415857706,0.08556382658360942,-0.03383773981058946,0.022333566401318502,0.24642017214071776,0.9683146791918668
1785495467.848417044,1789398899.077029,0.100401,0.8704610538846911,-0.8291653631295051,0.08141750518425658,-0.03266156547463841,0.021869381540787453,0.2331482211992745,0.9716464682400608
1785495467.948791981,1789398899.173301,0.100375,0.8791809114490983,-0.8450580607897238,0.08498097816373493,-0.03295604691781782,0.020848355793450603,0.21801593077663495,0.9751657802444965
1785495468.047425985,1789398899.277454,0.098634,0.8769909912323427,-0.8552152586958944,0.0815186469427743,-0.03232934678254049,0.020371430245699235,0.20352214883585648,0.9783243598621034
1785495468.147655010,1789398899.367846,0.100229,0.8805790473108819,-0.8678777782435655,0.08457256846978473,-0.03379202716073776,0.01938166178489978,0.19184098793876056,0.9806525814137768
1785495468.248058081,1789398899.475032,0.100403,0.864060624200369,-0.8829678176134814,0.08978104278585167,-0.03448940545594179,0.01722574620984393,0.17982043239158851,0.9829437250795754
1785495468.348321915,1789398899.635236,0.100264,0.8513071957503566,-0.8928216429932182,0.09435777718943802,-0.0363575356210761,0.015681993722275397,0.1722222513925074,0.9842620082080547
1785495468.448514938,1789398899.700956,0.100193,0.863971323711286,-0.900253893342896,0.08744525851844934,-0.03827895275673487,0.013246034970392008,0.16225794618512662,0.9859166411178967
1785495468.548609018,1789398899.775638,0.100094,0.872498813927778,-0.9087706875721558,0.1024995362660949,-0.039971538527181875,0.012075765915872234,0.1528834958456561,0.9873616807853778
1785495468.648005962,1789398899.862280,0.099397,0.878956453877816,-0.9230331103902036,0.09413173409936695,-0.040904966387394846,0.011405590319505544,0.142581499803756,0.9888716863921331
1785495468.748279095,1789398899.963264,0.100273,0.9120701536092972,-0.9417006036355267,0.09852524885207653,-0.04130644595655788,0.008838698954545109,0.13638045887875253,0.9897555381806408
1785495468.847635031,1789398900.072793,0.099356,0.9097485316071598,-0.9723136633147472,0.10732233006006511,-0.04134951215529983,0.008803372761482377,0.13368080053147563,0.9901222965077622
1785495468.947932005,1789398900.155983,0.100297,0.912330838685628,-0.9889588865537186,0.0970358189428357,-0.04151707001922031,0.008729763884289364,0.13108255324993567,0.9904632695627948
1785495469.048290014,1789398900.275636,0.100358,0.9067220315040412,-0.9916197381936859,0.10813792729731125,-0.038620883723353525,0.008759958041959127,0.12938397844360372,0.9908034500331715
1785495469.147460938,1789398900.364151,0.099171,0.9076061211205273,-1.0274787041418867,0.11737079760110192,-0.03616177923060678,0.008974313935072122,0.12821763832922564,0.9910459245834915
1785495469.247487068,1789398900.464958,0.100026,0.8998937318032589,-1.0561863028488472,0.11262892446808373,-0.03366068996172023,0.009539934206906747,0.12768043401079887,0.991198090382262
1785495469.348550081,1789398900.571360,0.101063,0.9111399889688804,-1.07323504855812,0.11054066766591572,-0.03234206874315945,0.008020071459993667,0.12683954362039465,0.9913634042153057
1785495469.447837114,1789398900.678265,0.099287,0.9052826890337213,-1.0905030673641212,0.11818117708071707,-0.03581845217782169,0.009232405562320255,0.11978746464673119,0.9921102582297121
1785495469.548090935,1789398900.776175,0.100254,0.889063765217192,-1.1149890777499951,0.11713977655060512,-0.04179595793482492,0.008459218683743337,0.11368211144622674,0.9926015902952698
1785495469.647408009,1789398900.874684,0.099317,0.887165179302068,-1.1198893758107353,0.10926020719229107,-0.043922713869349185,0.008689218069708134,0.10369437270002435,0.9936009107111551
1785495469.747720957,1789398900.968518,0.100313,0.8985412275599387,-1.135945992900707,0.1105464286009456,-0.04378917365934743,0.009209304319455103,0.09245164182954949,0.9947112098027265
1785495469.847850084,1789398901.067664,0.100129,0.9031973267294768,-1.1724996142335566,0.12355687919768524,-0.041557599590629525,0.011477475892443642,0.08103326318333068,0.9957785113775374
1785495469.948121071,1789398901.178595,0.100271,0.9037284754810607,-1.1906906000512936,0.12799157079339585,-0.04184617559028761,0.013377030843155417,0.0708683675520128,0.9965177505267033
1785495470.048378944,1789398901.265043,0.100258,0.9271099484598967,-1.1951348272146978,0.1318760124340262,-0.041597901024995804,0.01258939030495993,0.06492764715695516,0.9969430889056435
1785495470.147730112,1789398901.362442,0.099351,0.9303107819376399,-1.2067409878542592,0.1279611028620321,-0.04412992773110914,0.01216210080703623,0.05958312660986932,0.9971732466356079
1785495470.247997046,1789398901.468316,0.100267,0.9328865272192495,-1.2548991163280623,0.1377710375066658,-0.0416390726759026,0.01250247847714591,0.054819639453615655,0.9975493385235614
1785495470.348119020,1789398901.562051,0.100122,0.9483887692456928,-1.2813672111389118,0.137457886162221,-0.03635593086080724,0.011649072257487222,0.05416537996519768,0.9978019127161512
1785495470.448415041,1789398901.678198,0.100296,0.9561085465663948,-1.3085026159918736,0.13775521701312665,-0.03337338027360097,0.01046397557348427,0.06168539506708707,0.9974826488414364
1785495470.547590017,1789398901.774622,0.099175,0.9481516912293452,-1.315522305187172,0.13902262479289923,-0.037056139403849296,0.00943778275085142,0.070154437528722,0.9968029522850836
1785495470.647924900,1789398901.867632,0.100335,0.9502747598254607,-1.3476520452788898,0.13631956734304188,-0.03486975985118957,0.009811311512642827,0.08205070767182095,0.9959696377826363
1785495470.748245955,1789398901.959173,0.100321,0.9473383115477302,-1.3555036778701879,0.13355111407887577,-0.03315023347624074,0.008872711222713592,0.09533498184208454,0.9948535461328961
1785495470.847778082,1789398902.076284,0.099532,0.9635028822355126,-1.3665884305664298,0.13258313509868863,-0.03343935726603135,0.009769790817376363,0.10732780067661783,0.9936131559993253
1785495470.948005915,1789398902.167288,0.100228,0.9689263763065613,-1.3631892201349545,0.13573926695428162,-0.0343788367730958,0.01165003879319514,0.12009276996153381,0.9920988351879121
1785495471.048408985,1789398902.271710,0.100403,0.976411163388107,-1.3583009740933356,0.13283766980137196,-0.034368072671574636,0.013471398895512908,0.13446628736689462,0.990230364387198
1785495471.148669958,1789398902.365314,0.100261,0.988168950768742,-1.3521958560471097,0.12964521577760463,-0.03797776408970389,0.014168447379074908,0.1445349605739792,0.9886691002076942
1785495471.248130083,1789398902.462436,0.099460,0.9962188465065905,-1.3437588685382351,0.14435339497129424,-0.03966649963833773,0.016177972938750097,0.15500145817909075,0.9869849998659506
1785495471.347644091,1789398902.566004,0.099514,1.0074843067930055,-1.3410614641075411,0.14563241393132087,-0.04362844934399615,0.017105474369278537,0.16616513526488613,0.9849838115303431
1785495471.447999001,1789398902.675114,0.100355,1.0065156944654532,-1.32350853856522,0.1393392356051411,-0.047531640440303835,0.015248535191779967,0.18169223516679117,0.9820876524076932
1785495471.548226118,1789398902.768704,0.100227,1.0032568699541344,-1.3250652436973862,0.13740569766209113,-0.046982036481614246,0.017078841704694796,0.1979032260783962,0.9789460222718255
1785495471.648561001,1789398902.863498,0.100335,0.9965113997798203,-1.3121364431110984,0.14498473511554566,-0.05072801701824531,0.017176192332854195,0.21394898832519185,0.9753755569527915
1785495471.748869896,1789398902.963156,0.100309,0.9957250392702195,-1.3168056528773648,0.1436078634141747,-0.051434542738066566,0.016710974582611674,0.22875788203191694,0.9719799702412065
1785495471.848124027,1789398903.069162,0.099254,1.0099955155852027,-1.312532280884818,0.1385562130148527,-0.04680721406521894,0.023461563578464895,0.24363148390278946,0.9684535816430394
1785495471.948344946,1789398903.181931,0.100221,1.0171705479139512,-1.2943460161224387,0.13496069431756283,-0.04772061958330525,0.025606123131944145,0.2598978097529319,0.9641162779511432
1785495472.048638105,1789398903.274993,0.100293,1.0324147250472913,-1.2657668902135482,0.1351176809360371,-0.05127469986032781,0.02252810649884607,0.2746642256512341,0.9599077834454818
1785495472.148000956,1789398903.368232,0.099363,1.0262969520659109,-1.254756224163819,0.12515712885576993,-0.053670404019272415,0.021609705870188553,0.29011375132883116,0.9552416027553057
1785495472.248308897,1789398903.467544,0.100308,1.045520158677316,-1.2444998382135894,0.12872159919745313,-0.054260966816276464,0.02375915223525788,0.3052860249086604,0.9504165892705648
1785495472.347426891,1789398903.565718,0.099118,1.064511807659957,-1.240418047254206,0.13654820862685502,-0.050503806017573975,0.027866217735753256,0.3212611161165837,0.9452323178766
1785495472.447791100,1789398903.672993,0.100364,1.0613127708901329,-1.2432277221252557,0.13632893352024378,-0.04742524432321387,0.032200415329748856,0.33798791144199325,0.9394030823733519
1785495472.548084974,1789398903.763175,0.100294,1.0723296254160628,-1.2482792823726316,0.13012344763902872,-0.04570768897530857,0.03162668761155686,0.352554796926823,0.9341390019494658
1785495472.648283005,1789398903.864131,0.100198,1.0576269282194934,-1.2503511094788153,0.12848133959841224,-0.04359144853783529,0.028806575886176276,0.36976262071045035,0.9276559551500906
1785495472.748641968,1789398903.970412,0.100359,1.0778663237978514,-1.25373316155604,0.13319639837434388,-0.0419495210317275,0.029454711744857708,0.3899331881957411,0.9194154481977888
1785495472.848064899,1789398904.064895,0.099423,1.069039037376463,-1.2432633346835336,0.1327363571745468,-0.04207418558002166,0.027742502556108706,0.4076465341516232,0.9117480022757778
1785495472.948587894,1789398904.187805,0.100523,1.06695893885898,-1.2504037733328475,0.12737800324399812,-0.04214813565252133,0.027272164401904372,0.4232222239252911,0.9046340215167584
1785495473.047930956,1789398904.295700,0.099343,1.0588010191819717,-1.231685530180348,0.12712707163247683,-0.040663025305528455,0.02657343843798482,0.439588630449987,0.8968847232067728
1785495473.148372889,1789398904.368583,0.100442,1.0323808400644292,-1.2485312882787847,0.1310241106259849,-0.04069135464867467,0.024047597631874647,0.4569284886521786,0.8882467466661655
1785495473.247736931,1789398904.457173,0.099364,1.0364366754151675,-1.2493905500462354,0.13308217079207102,-0.040292868207395,0.024226888764161875,0.47326478087668367,0.8796647030625788
1785495473.347940922,1789398904.598756,0.100204,1.034659388557736,-1.2185525460538014,0.12153300425168787,-0.03847500375168122,0.024777135890929468,0.48989367297663955,0.8705802414486605
1785495473.448338985,1789398904.669617,0.100398,1.0386180066632726,-1.2140837638552495,0.12674145728728883,-0.039290207330969225,0.02547811284277817,0.49991517344243375,0.8648074726410969
1785495473.547705889,1789398904.763280,0.099367,1.056966560838064,-1.22229707350948,0.12770193599768306,-0.03953277922749492,0.026302158170485538,0.4990407318068214,0.8652766631776435
1785495473.648052931,1789398904.865060,0.100347,1.0567655548268915,-1.213905076059858,0.12499998258295744,-0.038807298935638196,0.02670779805266099,0.49696992959404424,0.8664880704036203
1785495473.748156071,1789398904.964569,0.100103,1.0633078909038023,-1.212566806000117,0.12514165423628293,-0.039650942568513814,0.0277384910006184,0.49132015542217544,0.8696337641480847
1785495473.848465919,1789398905.063228,0.100310,1.0713206117584164,-1.2165014951847937,0.12292434379524556,-0.037712937357530216,0.02794087632940307,0.4821271253074861,0.8748431155518981
1785495473.947686911,1789398905.164151,0.099221,1.0885329411679485,-1.2429453560672652,0.12242187482667191,-0.035838218092899825,0.02751499351956757,0.47016983938536,0.881418668617751
1785495474.047928095,1789398905.271378,0.100241,1.0948644733042856,-1.2609269340141025,0.12584971691381827,-0.03550215878692044,0.026638930055508967,0.45748121537505976,0.8881108611575045
1785495474.148108959,1789398905.363123,0.100181,1.0934593275460027,-1.2777960112759523,0.13109308909800754,-0.037515856511426915,0.025977393643314303,0.44621604591125597,0.8937611402947871
1785495474.248466969,1789398905.470099,0.100358,1.1192408511531224,-1.3024854457485568,0.13601928770366278,-0.03767490002844392,0.024277468332928417,0.4338526530858673,0.8998683691793732
1785495474.347729921,1789398905.557398,0.099263,1.1263872115157898,-1.3101890364102966,0.14817788230510848,-0.038275987921045744,0.024367076229828352,0.4230482885721688,0.9049703530397207
1785495474.448065042,1789398905.671062,0.100335,1.1408052536056252,-1.3179795916040482,0.1405750693286254,-0.038567264820139543,0.023869050378264017,0.41330398559883585,0.9094628359677214
1785495474.548357010,1789398905.762973,0.100292,1.1340573710876378,-1.3265563283082085,0.12968631845686643,-0.03649478211948256,0.022629975610887223,0.40253837081475513,0.9143953603905177
1785495474.647702932,1789398905.864852,0.099346,1.1256336961542115,-1.336759832691833,0.13300701744826338,-0.037263941347669846,0.022037130586470003,0.39208227571051085,0.9189109057054548
1785495474.748169899,1789398905.966244,0.100467,1.1149404212279364,-1.3285155850786488,0.13467559266665208,-0.04062958569483433,0.020556914365788093,0.37982225145940807,0.9239381512494924
1785495474.848597050,1789398906.065610,0.100427,1.1245707127031424,-1.3265804385228954,0.13065480035768545,-0.043889871452261205,0.018755490562859807,0.36560367483726486,0.9295460524918268
1785495474.948113918,1789398906.163924,0.099517,1.1121725555954034,-1.3143470870208631,0.1342595267845995,-0.04397527226216441,0.016187658551441816,0.35195477293526584,0.9348432879088217
1785495475.047426939,1789398906.266474,0.099313,1.1242300068245228,-1.3122666172213004,0.13318536483193522,-0.04407180082919521,0.015884360849384403,0.3382541492679104,0.9398880220298163
1785495475.147552013,1789398906.363445,0.100125,1.1144573928816808,-1.292437337639421,0.13107675316047662,-0.0437384584641182,0.01414835044509526,0.3235301090612664,0.9451005448954468
1785495475.247946024,1789398906.468191,0.100394,1.109261191831618,-1.2990536999821831,0.1307582801466014,-0.04430448540053213,0.013192135946608868,0.30824343892357214,0.9501836993356234
1785495475.348134995,1789398906.561090,0.100189,1.1176899529503461,-1.3150379752267511,0.13881236605266403,-0.04517196583958983,0.011973361426838766,0.29478726119718607,0.9544195108830242
1785495475.448260069,1789398906.703135,0.100125,1.1286726012805541,-1.3360610396199641,0.14374865906231474,-0.04636005923977442,0.012164404671392796,0.2804150613348538,0.9586814724103336
1785495475.547274113,1789398906.774082,0.099014,1.1354584923948559,-1.3426039964177099,0.1416485230004199,-0.04568040480882777,0.012180720167523649,0.26635837674222157,0.9627139480717785
1785495475.647349119,1789398906.902284,0.100075,1.1528450378974808,-1.365353000885334,0.14501879382658692,-0.044782072432318805,0.013674635200727188,0.2532872550589343,0.9662572829042501
1785495475.747637033,1789398906.972584,0.100288,1.1636865113891468,-1.3758373821641197,0.13816965868047787,-0.04423213527558058,0.012744815934151303,0.24054995556669737,0.969544638865394
1785495475.847945929,1789398907.120849,0.100309,1.1610816469093266,-1.3913811935386293,0.13648499175253984,-0.04320336689584148,0.011978219145297855,0.22877327483698262,0.9724468006401856
1785495475.948328972,1789398907.179238,0.100383,1.1420173373086058,-1.3935987479474183,0.14093326405812706,-0.04366275117150784,0.01132854503893983,0.21236460478565766,0.9761488118425731
1785495476.047411919,1789398907.316788,0.099083,1.1418771882217973,-1.3929001153325182,0.13631484797933768,-0.04361587105298479,0.011961598415270717,0.19897470067589199,0.9789604917700103
1785495476.147669077,1789398907.375246,0.100257,1.1479223128866163,-1.4046715845872761,0.13922738823068423,-0.04513074698960672,0.009742063721603352,0.1847904434005068,0.9816928235952672
1785495476.247942924,1789398907.520927,0.100274,1.1633426007008907,-1.4007533330039967,0.14213402453799673,-0.044484219388591706,0.00956556723602228,0.17424440934501814,0.9836506188484032
1785495476.348170042,1789398907.582172,0.100227,1.1552469213640357,-1.3938712540799525,0.1356698287908391,-0.04594765864255933,0.007756591350612165,0.16103690490635236,0.9858477383521599
1785495476.447556019,1789398907.741423,0.099386,1.1627597859080347,-1.401766649531589,0.13704019645462823,-0.045753345718416154,0.0071862801102298155,0.149169933157952,0.9877263385044466
1785495476.547880888,1789398907.795398,0.100325,1.159019018352709,-1.4058727081253022,0.145586166531108,-0.046645971080832536,0.003987101613784626,0.13965749122406154,0.9890925343705961
1785495476.647962093,1789398907.890476,0.100081,1.1689994938110724,-1.4077056246417565,0.14630498106167775,-0.047212050810656464,0.0040447177297927754,0.1338845507358735,0.9898634196650524
1785495476.747208118,1789398908.002213,0.099246,1.1690711363752777,-1.4373448985273352,0.1463588557357628,-0.05071137535462535,0.0023642553065487764,0.13216698872781027,0.9899265901051
1785495476.847533941,1789398908.070497,0.100326,1.168763514351227,-1.4821309638334128,0.15572888731100284,-0.050059454301184386,0.005377110734140553,0.1351669837572358,0.9895428359688082
1785495476.947729111,1789398908.207044,0.100195,1.1785184310121195,-1.5106061949441678,0.1600396928461953,-0.051033868496751136,0.007158790031978466,0.13829202352081854,0.989049853254148
1785495477.047895908,1789398908.272268,0.100167,1.1766591107906845,-1.5236847644518887,0.1557402448477363,-0.04962075161162446,0.007648394846578804,0.14639192682410504,0.9879517634107924
1785495477.148106098,1789398908.398965,0.100210,1.193607950870782,-1.5319581856900355,0.16300654607553333,-0.052313263260780625,0.009738732797273084,0.1527888451191646,0.9868252369987623
1785495477.247340918,1789398908.488846,0.099235,1.201545714353624,-1.5381621141581945,0.15511192066960872,-0.05169768173082917,0.009443497683749275,0.1628775460182045,0.9852456927377264
1785495477.347548008,1789398908.586506,0.100207,1.2197748320657258,-1.5554368488921522,0.165141332253349,-0.04830238772528435,0.009432124952703404,0.17622132405742916,0.9831195040819602
1785495477.447654009,1789398908.692622,0.100106,1.2226108650090037,-1.570709168370261,0.1648492163024502,-0.05010933497270327,0.009949141536233589,0.18294406520523143,0.9817950591327447
1785495477.548239946,1789398908.790358,0.100586,1.2323568705906045,-1.5917616927453468,0.16402557957624642,-0.05143559980503967,0.010722336370178671,0.1915861352896753,0.9800684482933969
1785495477.647562981,1789398908.886817,0.099323,1.2477661908391315,-1.5979584307612515,0.17299639286131002,-0.05049427164075876,0.011702547904438892,0.20268789423394343,0.9778706440194548
1785495477.747836113,1789398909.002888,0.100273,1.2693030923334505,-1.624520197623635,0.18014719752530794,-0.049605718422483666,0.013457786000441618,0.2130508029273011,0.9756882268777194
1785495477.848124981,1789398909.076873,0.100289,1.2813641637344273,-1.6107737306050371,0.17479629631802876,-0.04698835682029268,0.01548339762013209,0.2261774042004141,0.9728289369414482
1785495477.948431969,1789398909.200237,0.100307,1.3055886355470108,-1.6262485066873154,0.18021619590940424,-0.0460280865561963,0.015977322370919585,0.23779227042442297,0.9700932823931053
1785495478.047707081,1789398909.277902,0.099275,1.3090379416835825,-1.6483286795524805,0.17004786023070273,-0.04486543783035752,0.017705539044914263,0.24713409037964615,0.9677801133251521
1785495478.147897005,1789398909.397042,0.100190,1.3238458604889167,-1.6650975323659274,0.1724594282066928,-0.04752803236162943,0.017844840456840348,0.25628001139946915,0.9652684619140883
1785495478.247282028,1789398909.473317,0.099385,1.3554538360963115,-1.6813633389143519,0.16986449609975943,-0.049316689747626,0.01933929653564731,0.2678250776269153,0.9620101784887619
1785495478.347620964,1789398909.606764,0.100339,1.3748122206707138,-1.6905681707351246,0.17272076525517516,-0.047541681904267254,0.022656248203545733,0.2811550395436154,0.9582162212352079
1785495478.447861910,1789398909.667114,0.100241,1.3881566327786934,-1.6935403920398178,0.1574482836820224,-0.044602546457633355,0.023346563845729886,0.29409089206844646,0.954450678667304
1785495478.548101902,1789398909.809327,0.100240,1.3896774888675492,-1.71177663565022,0.1711535040993868,-0.042852655958331896,0.024558945363562387,0.3038966010835181,0.9514238613414273
1785495478.648283958,1789398909.868913,0.100182,1.3747746934187164,-1.739976771084108,0.1877527227258345,-0.046846027247954204,0.022674900745806487,0.30643893667899547,0.9504664521666708
1785495478.747646093,1789398910.017587,0.099362,1.3810040600121956,-1.7577751410041447,0.18613239106492308,-0.04658694638005618,0.021091739313619837,0.3062836035794037,0.9505656995379765
1785495478.848027945,1789398910.070455,0.100382,1.3976127401485363,-1.7793362210418129,0.19128036368931803,-0.040781856880637526,0.022050227735099154,0.30261525677410833,0.9519845765419406
1785495478.948339939,1789398910.219555,0.100312,1.413533149801423,-1.7859453586976932,0.18761292458632,-0.034893011212699124,0.023466105844171723,0.2969380961594777,0.9539704328196998
1785495479.047823906,1789398910.273888,0.099484,1.4318664160856742,-1.8247970095877628,0.19528803889407248,-0.0331757588596577,0.025149233450770588,0.2913959823993135,0.9556962208371776
1785495479.148121119,1789398910.406487,0.100297,1.4193239981799162,-1.844497009395853,0.1812153582693191,-0.034845965118592254,0.025390602459007122,0.2850334124912728,0.9575474034142135
1785495479.247387886,1789398910.472970,0.099267,1.4439707677005882,-1.8562738990413132,0.17806962867634146,-0.030915709034870564,0.026626509249139733,0.2773353786161987,0.9599064202868353
1785495479.347851038,1789398910.605859,0.100463,1.469689119149915,-1.8769339069517212,0.18727355025570658,-0.03113202220052746,0.02818486442733996,0.26986691494947157,0.9619814233271727
1785495479.448020935,1789398910.665197,0.100170,1.4848616505427237,-1.9114475850735444,0.19395847814390044,-0.02986490194936407,0.02924967181236831,0.26308276675746994,0.9638672118946978
1785495479.548336029,1789398910.808224,0.100315,1.4978109458120596,-1.9294162467739118,0.19871359119548745,-0.028721205934797107,0.029235913674418055,0.2575668908441074,0.9653909313962777
1785495479.647612095,1789398910.871345,0.099276,1.5247447644429166,-1.9431249116770617,0.19152827213499757,-0.026304744746705914,0.02933057476103787,0.25319398536604415,0.9666129440279896
1785495479.747927904,1789398911.014421,0.100316,1.5358885847272363,-1.9797636181725526,0.19103900128599371,-0.026018290450577724,0.029602979250615113,0.2518624551223078,0.9669601935350186
1785495479.847356081,1789398911.072270,0.099428,1.5361666368490918,-2.003943415324464,0.19456697547549692,-0.024664337161073104,0.030089019770309637,0.2526209491369244,0.9667827974363354
1785495479.947846889,1789398911.216054,0.100491,1.5342242392707697,-2.0321409967765116,0.2025682691076999,-0.020539473606394278,0.032914666996386725,0.2506822832541374,0.9672916559047647
1785495480.048100948,1789398911.274589,0.100254,1.5526025140087683,-2.043456413125306,0.1941985626048801,-0.021752915749873945,0.031909798875779966,0.25243131888159215,0.9668438367387912
1785495480.147486925,1789398911.399327,0.099386,1.5725845179046631,-2.0815822038108975,0.19463545593122505,-0.01775889385926811,0.02876547574053777,0.2568116162155139,0.9658700548578424
1785495480.247875929,1789398911.448019,0.100389,1.5965700670291803,-2.0986547445835533,0.2059602985952596,-0.01367778488048999,0.025866993772825322,0.2594106971093726,0.9653237317393316
1785495480.347346067,1789398911.568225,0.099470,1.6316069706580116,-2.134112558713771,0.19934686937217225,-0.015435479024782007,0.025089547487860554,0.26092144869106954,0.9649104923292541
1785495480.447696924,1789398911.663797,0.100351,1.6517937894026022,-2.1525687811400696,0.1998792962600986,-0.017737487005469597,0.024679890355172332,0.26522632176936145,0.9637070523802773
1785495480.547919035,1789398911.757174,0.100222,1.6656796078494591,-2.1719769868997396,0.19449986681630305,-0.016445090498008998,0.025763733031339088,0.26955994044269893,0.9624984299038263
1785495480.648037910,1789398911.867573,0.100119,1.6642275865193699,-2.195623199812809,0.1941132222985527,-0.013703651984963152,0.02737268487743001,0.26833250695565564,0.9628398681794232
1785495480.748460054,1789398911.963311,0.100422,1.6607891274151467,-2.199927277931788,0.1986705610396045,-0.015097192772626404,0.026871963057899233,0.2683679249208727,0.9628232596097094
1785495480.847726107,1789398912.053831,0.099266,1.6631772603757093,-2.210876500134748,0.20119004074638572,-0.015647046911315427,0.026148009416772863,0.2738911601385658,0.961277839089431
1785495480.947945118,1789398912.214601,0.100219,1.6610186545428745,-2.19808822255466,0.19779813755405365,-0.015580703209951773,0.02673858545185886,0.2832239786335497,0.9585543634361589
1785495481.047435999,1789398912.271278,0.099491,1.6692918448801932,-2.170893673520748,0.19582598067950957,-0.014658558277700007,0.027437053440542782,0.2973535927548531,0.9542605386599097
1785495481.147726059,1789398912.404737,0.100290,1.6725955081899206,-2.153318604777071,0.19468200968951394,-0.01439682168151118,0.03138623290514109,0.3117130860965096,0.9495486232235214
1785495481.248039961,1789398912.471834,0.100314,1.6661478421800648,-2.1335121237515415,0.19641311845274484,-0.014931686819792619,0.03233691649158853,0.32284002120190725,0.9457831090006227
1785495481.348354101,1789398912.581736,0.100314,1.665929021508589,-2.1396571116033156,0.1918909362434184,-0.013442496915255264,0.033683156355104105,0.3350767525107653,0.9414925991113686
1785495481.447685957,1789398912.685844,0.099332,1.6706940590950088,-2.1389881948694702,0.19059006806071377,-0.012499525043661662,0.03581904014698084,0.3451647453751513,0.9377750566029889
1785495481.547856092,1789398912.794938,0.100170,1.6770680618226885,-2.1360444312531643,0.19294992080836337,-0.014509695778165655,0.035534142029649406,0.3562265234365944,0.933610977591266
1785495481.648076057,1789398912.880099,0.100220,1.668940082019856,-2.120867767423434,0.2018897162370578,-0.015440978387819463,0.037256395871786196,0.36695381593574017,0.9293645324216276
1785495481.747498035,1789398913.004970,0.099422,1.6877088527602975,-2.1273141533503486,0.20558507334335555,-0.015510499368110836,0.038798503909307454,0.37637038654742877,0.9255265704634797
1785495481.847949028,1789398913.075811,0.100451,1.6868663505126147,-2.134810440885585,0.19593172106992263,-0.014796747681809231,0.04180090627592082,0.3857645672077175,0.9215310299602478
1785495481.947264910,1789398913.200628,0.099316,1.6812642018379773,-2.127879633418903,0.20184943931519622,-0.015000428508697804,0.04214119114258968,0.39336673179267906,0.9182928299145027
1785495482.047560930,1789398913.276560,0.100296,1.6828023714747915,-2.1298647747395587,0.19928157164742347,-0.015241912706929504,0.04235820210163415,0.4009754291640754,0.9149820610364102
1785495482.147675037,1789398913.416730,0.100114,1.6901304450466264,-2.1262465976213227,0.20127225775632274,-0.01621570956661087,0.04391288591469654,0.40865143832769774,0.9114892819811969
1785495482.247946978,1789398913.473467,0.100272,1.7043778911365894,-2.114837321375928,0.1978719518345912,-0.016473514727881923,0.0450836871614093,0.4154986104384294,0.9083264772030907
1785495482.348192930,1789398913.588389,0.100246,1.7145469535497142,-2.119259087940247,0.2030031971447922,-0.016473291465359956,0.044887593751191994,0.42192041082095544,0.9053711402116822
1785495482.447423935,1789398913.684070,0.099231,1.7191388593845718,-2.1251937129041383,0.19644648280752017,-0.016443667773661783,0.04475073259567889,0.428758628420194,0.9021601943543806
1785495482.547549009,1789398913.773901,0.100125,1.7250604165651782,-2.132508715176895,0.1911223649306733,-0.015963081376330953,0.04541659397421261,0.4363737779999625,0.8984767325305613
1785495482.647778988,1789398913.911375,0.100230,1.7393019720905885,-2.129567244863509,0.19330403047028025,-0.015689615494083157,0.044959186901605844,0.44495579894123605,0.8942856615575142
1785495482.747976065,1789398913.974667,0.100197,1.7425104527012811,-2.1250430508149067,0.19640348679523095,-0.01600570720999757,0.04541836766697589,0.45468839329720634,0.8893477689947731
1785495482.847115993,1789398914.124029,0.099140,1.7490362851766574,-2.1483062412466163,0.19100463012406602,-0.01805520649795812,0.04591558008044865,0.46380911905897804,0.8845602693439982
1785495482.947388887,1789398914.181505,0.100273,1.7523329680684783,-2.1640709435052803,0.19960067704069823,-0.01932432371967756,0.04655125280928927,0.46709830995261115,0.8827676479199253
1785495483.047607899,1789398914.311569,0.100219,1.7527881513776198,-2.169832587658965,0.1937278825237688,-0.023141376168431434,0.04670040955857508,0.47395604049770346,0.8790046758304713
1785495483.146910906,1789398914.384144,0.099303,1.7754602517773352,-2.165866657539368,0.21238136628751617,-0.025944563876109977,0.046194859267594354,0.48391352367662105,0.8735105129220839
1785495483.247021914,1789398914.498085,0.100111,1.7951326982529687,-2.1449752893597713,0.2123836320630152,-0.028926642340104412,0.046635985505708716,0.4995977610476797,0.8645174442282727
1785495483.347089052,1789398914.569753,0.100067,1.8269532765050713,-2.1180106054535797,0.2030594491797575,-0.025672436461328756,0.051362143914761016,0.5177954492877781,0.8535752625723677
1785495483.447441101,1789398914.670854,0.100352,1.8599593219425175,-2.129670862652568,0.1956411288256684,-0.019156011977296626,0.056325014533816026,0.5338217476035987,0.8435015600034956
1785495483.546875954,1789398914.765505,0.099435,1.8633106301244609,-2.147226364622869,0.20113753817337215,-0.0176185385109597,0.05410872925315728,0.5482473957908512,0.8343779872023807
1785495483.647058964,1789398914.861311,0.100183,1.851774592366454,-2.143505792055164,0.19717163799274134,-0.02132869776092714,0.053649948974968324,0.5521075004751446,0.8317716498810804
1785495483.747360945,1789398914.962201,0.100302,1.8379261500235182,-2.1534465204357254,0.19402145775658847,-0.023106797137288797,0.053701720780271744,0.5518197611618295,0.831911745501045
1785495483.847620964,1789398915.076676,0.100260,1.822842997030123,-2.1501857566749267,0.2048680289788568,-0.032394314156644566,0.04558719389078364,0.5503020742852125,0.8330906572521848
1785495483.947968960,1789398915.170527,0.100348,1.836452388052452,-2.158472939247736,0.2099959514416693,-0.03678449111500149,0.042435104269645044,0.5462561707309201,0.8357334258466791
1785495484.047234058,1789398915.263679,0.099265,1.8467989051829659,-2.1695419185838305,0.20750715262810018,-0.03701591925270507,0.04722842851583577,0.5398920700396026,0.839592669078378
1785495484.147334099,1789398915.365223,0.100100,1.8614046996150388,-2.1654136090568388,0.20506862400507758,-0.03799326843415608,0.04945711784391977,0.529520466964217,0.8460015248888506
1785495484.247586012,1789398915.463041,0.100252,1.8897520408740407,-2.1727199398024966,0.20406040631598338,-0.03998471168759508,0.04953097091611734,0.5227057933756076,0.8501332597439906
1785495484.347994089,1789398915.558556,0.100408,1.8857261809010808,-2.165387671789382,0.20895186028173204,-0.04578000639696136,0.04671765838129912,0.5101091899716873,0.8576189513508267
1785495484.447534084,1789398915.667663,0.099540,1.9049907811634994,-2.158339601916836,0.20163464798112213,-0.04770385096146013,0.04677671623295167,0.49910879915838763,0.8639598879719944
1785495484.547190905,1789398915.766246,0.099657,1.914839881781372,-2.1599179636146193,0.20954480912359774,-0.0516296293986011,0.046658157409622786,0.48487824320929046,0.8718087444947855
1785495484.647402048,1789398915.866497,0.100211,1.9211910259730371,-2.15457144888282,0.20695894584658361,-0.052791083150240274,0.04590687403358604,0.47249905766981193,0.8785501129459996
1785495484.746738911,1789398915.954775,0.099337,1.9605837128681294,-2.1653965641814685,0.19455571519271916,-0.0528058727872539,0.04858535313673188,0.4607635847811356,0.8846173874616035
1785495484.847093105,1789398916.062315,0.100354,1.966741392531865,-2.1763394379116314,0.2033832301394236,-0.05501002046552867,0.04909880712349119,0.4479501140854524,0.8910128506807646
1785495484.947556973,1789398916.160135,0.100464,1.9658145535192897,-2.1975497192636233,0.21076695860207276,-0.057383834043243584,0.052869097454844326,0.4341132577041835,0.8974729152516353
1785495485.047930002,1789398916.263857,0.100373,2.0062743904463436,-2.2121332766962767,0.20024157847678256,-0.05711962756225474,0.05686767741911803,0.42268759441502146,0.9026841158122518
1785495485.147319078,1789398916.364335,0.099389,2.0166193997993767,-2.227391328016275,0.20805043476298712,-0.05970358511286972,0.05526324483029341,0.41354884065954073,0.9068400146027121
1785495485.247659922,1789398916.465663,0.100341,2.0256283402955235,-2.2412496783029017,0.21550038325642906,-0.06069833253975539,0.05931588250372237,0.40220462686322156,0.9116077975969242
1785495485.347877026,1789398916.582532,0.100217,2.060185024802328,-2.26153924091302,0.217844011273906,-0.057333283209763185,0.06461326367010292,0.3929729582518236,0.9154836289508936
1785495485.447113991,1789398916.670825,0.099237,2.082976542504667,-2.265972447350725,0.22197146383883348,-0.054707271389701606,0.06829537479172265,0.3818325551308066,0.9200797552828947
1785495485.547499895,1789398916.761884,0.100386,2.089909580776048,-2.2878439187216353,0.21539275874790512,-0.05884882731397274,0.0670139964085677,0.36932374444466287,0.9250113034976903
1785495485.646874905,1789398916.861938,0.099375,2.112606101793105,-2.307422715272838,0.21304831215993766,-0.05787891174993284,0.06060790420993273,0.36153519312202004,0.9285844160097384
1785495485.747169971,1789398916.978891,0.100295,2.1143303478378423,-2.3496820568972066,0.21664133346642683,-0.05166734053495525,0.05817650140147644,0.3508825017123581,0.9331813599717935
1785495485.847357035,1789398917.082013,0.100187,2.1312167412596756,-2.382900499010067,0.21382797183587382,-0.04248686907888769,0.05703689295427879,0.3395330161624269,0.9379013752701512
1785495485.947535038,1789398917.184902,0.100178,2.1556189907418033,-2.408404609685508,0.23042013584092277,-0.04442428360488206,0.051743211732323977,0.3269280645607769,0.9425853614757453
1785495486.047722101,1789398917.280762,0.100187,2.1798228183762816,-2.3968836876508686,0.20833158272703675,-0.05367120828507662,0.046545247647775,0.3172905821321815,0.9456635912484146
1785495486.148092031,1789398917.360584,0.100370,2.1985466248537473,-2.4032656270492385,0.20460161589789133,-0.056066111429624234,0.04253751795424444,0.3112518923041212,0.9477180014395407
1785495486.247229099,1789398917.479089,0.099137,2.2101390749472536,-2.4345101215764697,0.21998960847059984,-0.0540826660046886,0.04187395051568662,0.3044512153123506,0.9500689948634615
1785495486.347424030,1789398917.570220,0.100195,2.225687962395835,-2.4520354026526747,0.23472434962642347,-0.0520126796561432,0.03670009284221832,0.30242265168461735,0.9510459106102106
1785495486.447639942,1789398917.668008,0.100216,2.218395337171492,-2.472745084360103,0.24201462268580862,-0.05229879769841563,0.036240972172531784,0.2934347357009249,0.9538592577416326
1785495486.548049927,1789398917.762908,0.100410,2.241435019101112,-2.4929865583749002,0.241918029951996,-0.04821003862876387,0.0441234176984035,0.27623416604603424,0.9588657891982993
1785495486.647336006,1789398917.856937,0.099286,2.2775372564516454,-2.521455547336522,0.22487040068378644,-0.04395405289111999,0.06105674894988832,0.2624925418259667,0.9619967672127896
1785495486.746684074,1789398917.959196,0.099348,2.3143240868697434,-2.5464016270485033,0.2261844959387192,-0.039375072172830566,0.06738643333141388,0.2618692676029616,0.961942388596814
1785495486.846990108,1789398918.069649,0.100306,2.3194729945822137,-2.5664322462700313,0.23629916088210037,-0.03981533849930823,0.06215897319336832,0.26697489177953915,0.9608722121234619
1785495486.947124958,1789398918.172862,0.100135,2.3082158715924623,-2.584550596133373,0.2378073364824769,-0.04764925814455091,0.05456796604487459,0.27319068873674046,0.9592281964514725
1785495487.047481060,1789398918.272376,0.100356,2.2908557920746158,-2.5891262446118395,0.24281743678097095,-0.06259962339170075,0.04996519879080009,0.27597345628146236,0.9578222264538847
1785495487.148211956,1789398918.374548,0.100731,2.30862255516821,-2.6117230575806865,0.23451245645985874,-0.06785310276353838,0.0519158314124288,0.27705342248855114,0.9570486424322943
1785495487.247342110,1789398918.472523,0.099130,2.3090291590828063,-2.6480700584661543,0.250203400043086,-0.056535828813591586,0.04939844174898859,0.2728905150765834,0.9591111827073904
1785495487.347564936,1789398918.573959,0.100223,2.3317989358401534,-2.675314194319047,0.2608032782396352,-0.048640201794893076,0.037853924570297015,0.27517224517397115,0.9594172432523267
1785495487.447875023,1789398918.679016,0.100310,2.3235622416867825,-2.6911094054527287,0.25281311258134437,-0.05543029105395733,0.029613484452644594,0.27850878514712585,0.9583753862491037
1785495487.547728062,1789398918.774358,0.099853,2.342411590642207,-2.686874329018102,0.24991843486206985,-0.056831030047379355,0.03119363316288148,0.27847149041374936,0.9582540478915801
1785495487.648047924,1789398918.876118,0.100320,2.371686180285918,-2.6940992818602116,0.2548375646753722,-0.054732341424645115,0.030739453161527843,0.2795693790533282,0.9580711973111616
1785495487.747298956,1789398918.975030,0.099251,2.3952089330324666,-2.7048509416182562,0.2567833315509613,-0.048496167810516654,0.03241626407354909,0.28163961065084636,0.9577454971147856
1785495487.846704006,1789398919.074855,0.099405,2.412389963422339,-2.749687509423362,0.2532041465279524,-0.04402144114200706,0.030152646093954263,0.28633444973908717,0.9566428348897659
1785495487.946829081,1789398919.175969,0.100125,2.414565142044444,-2.7645742339536876,0.253650272758301,-0.03824009823760365,0.029215669915142215,0.2913789384559509,0.9553964903339718
1785495488.047096014,1789398919.292276,0.100267,2.4271314025742896,-2.809335247865302,0.25209651899378843,-0.036173956647561546,0.02663911497976195,0.297689211778303,0.9536052304829122
1785495488.147275925,1789398919.365276,0.100180,2.441827958834556,-2.83534423075281,0.2545421503862811,-0.039825696247364595,0.026050809442843555,0.3012613958797829,0.952353317103663
1785495488.247522116,1789398919.455413,0.100246,2.4483791607092638,-2.859312226775816,0.26889818645079266,-0.05025331227928638,0.027248488823307816,0.30300823864906523,0.9512718495638341
1785495488.346822977,1789398919.565957,0.099301,2.4471639330537096,-2.8789065477775706,0.27732511972762264,-0.06231289211155167,0.02891877532779753,0.3094120593976408,0.9484434539863436
1785495488.447052956,1789398919.659972,0.100230,2.4505841739417007,-2.8825276953899874,0.2716511197154544,-0.06956969420636804,0.028215928740328005,0.31540617197784593,0.9459824869899204
1785495488.547355890,1789398919.763712,0.100303,2.462989302620926,-2.8992122377699165,0.2885707125507372,-0.07043482568228895,0.024211028224243807,0.3215287275273327,0.943966121647427
1785495488.647566080,1789398919.862109,0.100210,2.484562504285654,-2.9205433411571136,0.3019382539166232,-0.06616001947572575,0.01545033125445325,0.32950431830321425,0.9417064528326401
1785495488.747879982,1789398919.978586,0.100314,2.5097383083073717,-2.9290313563023505,0.30794568149322066,-0.07117067815773166,0.009868596063095886,0.33253427742162217,0.9403500942319258
1785495488.847287893,1789398920.080923,0.099408,2.518793316221512,-2.9441410321772183,0.2923772939948959,-0.08011555185919392,0.008575395248751887,0.3329015628125089,0.9395129112596664
1785495488.947622061,1789398920.178788,0.100334,2.5417589918700196,-2.9472969198313876,0.2842998684502969,-0.08632324036643345,0.007645299563904967,0.3375100392581382,0.9373242880493321
1785495489.047029018,1789398920.280885,0.099407,2.569876140043566,-2.974475163064936,0.29094618710423964,-0.08035641974031955,0.007706812018673036,0.33963147520875475,0.9370879958160554
1785495489.147283077,1789398920.382351,0.100254,2.5913192745204054,-3.014583478809877,0.3019397479600507,-0.07099686505397641,0.009188741573760139,0.34140333639055054,0.9371866271358117
1785495489.247383118,1789398920.491986,0.100100,2.601788863116677,-3.049483827419611,0.32005366912060795,-0.07190005338987097,0.012788819659810274,0.34525120677211507,0.9356647009675212
1785495489.347821951,1789398920.565636,0.100439,2.61320670696028,-3.049585616923047,0.3024867798160064,-0.07522983740480148,0.0165404613534247,0.35031325758990517,0.9334599650006485
1785495489.447304010,1789398920.660601,0.099482,2.6317918026326885,-3.0683699223262386,0.2980508953084433,-0.07457551941148524,0.019133148303390943,0.354387929365504,0.9319236074166908
1785495489.547470093,1789398920.771808,0.100166,2.671602575662051,-3.0845047096698144,0.299391561418546,-0.06717632283984876,0.022498860284063005,0.35869754745703347,0.9307616302705779
1785495489.647710085,1789398920.871889,0.100240,2.690257648458077,-3.1157707441302875,0.30595798384967343,-0.05919297426276872,0.024500714053046234,0.36129852685167607,0.9302468926600223
1785495489.747905016,1789398920.961634,0.100195,2.7227957182401843,-3.113652273759428,0.3037699024372797,-0.05072585975033568,0.029233124382677715,0.3631860657967839,0.9298753643378614
1785495489.847304106,1789398921.068698,0.099399,2.7498893170735195,-3.136110766541753,0.2979469074810065,-0.04055308939475048,0.03578634427298867,0.3621158351230233,0.9305626827126006
1785495489.947588921,1789398921.171759,0.100285,2.796621147568191,-3.1652661462110383,0.30452604074085343,-0.032307099052040336,0.04221638391637017,0.3603480398219177,0.9313019480685998
1785495490.046890020,1789398921.277707,0.099301,2.8221496103338937,-3.2137022152276424,0.309904306558613,-0.019623622658710052,0.0484613344418066,0.3584656574536301,0.9320776710790817
1785495490.147238016,1789398921.376843,0.100348,2.84699541545824,-3.265938287305631,0.2863654558792735,0.003739244591246122,0.05562391619967839,0.356551871723244,0.9326107230603503
1785495490.247435093,1789398921.474845,0.100197,2.897749445531139,-3.3250410244192334,0.2822817480534585,0.03208551955592733,0.06810782475716445,0.3522440251131085,0.9328751204817232
1785495490.347762108,1789398921.576138,0.100327,2.942015995171548,-3.3851550836944044,0.2789933437943272,0.05986116321951675,0.09048704842879905,0.3412725608454147,0.9336818378969698
1785495490.446966887,1789398921.673823,0.099205,2.978031454330431,-3.447478032822893,0.2552006759669297,0.07455588444688216,0.09449754535283005,0.32832746604663643,0.9368632285750295
1785495490.547204971,1789398921.773604,0.100238,3.002912972305712,-3.4864484746020046,0.25651328321733075,0.07410867332962565,0.09030764718409781,0.32173074318930844,0.9395965955048212
1785495490.647274017,1789398921.875687,0.100069,3.02963716414322,-3.5124252800225384,0.2472025650088777,0.06643016621428337,0.08348045498552596,0.3183322012637079,0.9419568229440002
1785495490.747715950,1789398921.976700,0.100442,3.037574251984092,-3.5285868620403615,0.2666532823911145,0.056379490336749966,0.06870008212302704,0.31691593566878795,0.9442806476386321
1785495490.847997904,1789398922.075976,0.100282,3.0408088683876513,-3.5227964029301115,0.2603654770369991,0.0491943832632833,0.06816574595070991,0.30456227981979017,0.9487756117466871
1785495490.947341919,1789398922.177312,0.099344,3.0620495607487355,-3.555193877028649,0.2348989017463224,0.04751541014229192,0.07662869169103281,0.2951639209812107,0.9511827317396632
1785495491.047466993,1789398922.274393,0.100125,3.085914969075225,-3.559529280614326,0.24770253185045515,0.040660678696472066,0.07456574117392537,0.29374645338642996,0.9521027678638581
1785495491.146819115,1789398922.373427,0.099352,3.098080838799281,-3.5511873492221735,0.265552975139838,0.02979604210536795,0.07227059926156322,0.2932958221471992,0.9528204012657517
1785495491.246978998,1789398922.460840,0.100160,3.120834967901108,-3.5542808052948147,0.26507760538466923,0.011201601706567352,0.0741150338039043,0.2942238765428039,0.9527926303008324
1785495491.347096920,1789398922.564798,0.100118,3.1218869308346107,-3.5690242603569438,0.25257988809122917,-0.003689587666104805,0.07032429872044073,0.295629723968846,0.952703493358997
1785495491.448132038,1789398922.674332,0.101035,3.1252686275557027,-3.5959058209387007,0.2481417148768526,-0.01005790193296419,0.06343887760346638,0.29802804989264436,0.9523936312755913
1785495491.547389030,1789398922.770917,0.099257,3.1243431847973184,-3.6255739928693678,0.25647911322630396,-0.006085361352654661,0.0584464095675978,0.29451878929958514,0.9538373385097539
1785495491.647634029,1789398922.863568,0.100245,3.1330512486642967,-3.6703211078014415,0.2658131854230229,-0.005061690687962324,0.05042744031759292,0.2929868921260544,0.9547722941061448
1785495491.747832060,1789398922.960387,0.100198,3.152671128478083,-3.6903332931115407,0.270717236050511,-0.009697249854861084,0.04437989339537072,0.2945652423917283,0.95455104964699
1785495491.847922087,1789398923.064405,0.100090,3.161538774424658,-3.700483929687744,0.26275400946398064,-0.021471723319743632,0.04082246238521228,0.2933429675837201,0.9548939182085437
1785495491.947331905,1789398923.167849,0.099410,3.1679087056643827,-3.7195930310375647,0.25979738005913516,-0.027361282667051113,0.03759662186139819,0.291237550494067,0.9555200382083259
1785495492.047414064,1789398923.278445,0.100082,3.15604958625609,-3.7327684429456407,0.26055721091607786,-0.02857480014505414,0.03756301956958034,0.28819158117017213,0.9564089673879693
1785495492.147798061,1789398923.382460,0.100384,3.1995699471300787,-3.769359899454187,0.2635031028917014,-0.023060096613105978,0.03656494386531686,0.28832272932197794,0.9565569719471213
1785495492.247023106,1789398923.491336,0.099225,3.209384042961995,-3.816546927610456,0.26248784941348374,-0.016401284905530396,0.024568283537195635,0.28792611495353787,0.9571969231173101
1785495492.347284079,1789398923.565897,0.100261,3.225064013350892,-3.8491234493916164,0.2650486715569264,-0.016036407996096683,0.015757501193948482,0.29549324553613593,0.9550802461663765
1785495492.447618961,1789398923.661101,0.100335,3.2372874284037674,-3.8748602545550357,0.27822963297517644,-0.022128013984212807,0.01638407255025147,0.298513640653899,0.9540081338790238
1785495492.547903061,1789398923.776720,0.100284,3.258827956963924,-3.8673626197561113,0.2957513015547339,-0.039047788474165984,0.022379437277314847,0.2994423129345214,0.953052323971172
1785495492.647207022,1789398923.872480,0.099304,3.290950729487487,-3.8611673112963016,0.2919248551589364,-0.0569369087734662,0.0260047121669012,0.30234339259675386,0.9511416384101391
1785495492.747508049,1789398923.963917,0.100301,3.2853282367164,-3.883697250799224,0.2854274875486626,-0.060625777931748594,0.018800573337587625,0.30777743043411665,0.9493387734669436
1785495492.847982883,1789398924.062581,0.100475,3.2887432812008095,-3.92675166649912,0.28749793239814575,-0.055019391663123064,0.0030740474009192105,0.3137395844630248,0.9479086928151705
1785495492.948288918,1789398924.167553,0.100306,3.2587791264910697,-3.983639586843892,0.27342645277274513,-0.04847900682951899,-0.019152783012068065,0.31771760293355833,0.9467515416337435
1785495493.047671080,1789398924.277754,0.099382,3.2622936301467527,-4.003293102094188,0.28794161972663534,-0.04471925375283299,-0.023090815797095442,0.31839740704064196,0.9466203535522624
1785495493.147131920,1789398924.381665,0.099461,3.282102800583424,-3.9905731783212026,0.2889411695823324,-0.053134129738547226,-0.017940797548808902,0.31916540194638593,0.9460382329698107
1785495493.247332096,1789398924.481472,0.100200,3.310828278199574,-4.011441567153962,0.27577184259412835,-0.05681670666104328,-0.01942083637650123,0.323800377547981,0.9442181996013502
1785495493.347856998,1789398924.575620,0.100525,3.327243324733725,-4.011830487088664,0.2936937534386993,-0.05352864778910223,-0.022218915784814032,0.32574385946561196,0.9436799996119793
1785495493.448084116,1789398924.677827,0.100227,3.3425109778086477,-4.0222201493480005,0.29754719849566263,-0.05503676738104408,-0.020584179764859045,0.3257797866518937,0.9436179186454121
1785495493.547514915,1789398924.779018,0.099431,3.348293676459923,-4.03391073107066,0.2911125429034044,-0.06069694783613684,-0.018460205385731367,0.3276584416302734,0.9426638037863312
1785495493.646914959,1789398924.883209,0.099400,3.3572573213071966,-4.0268413731661,0.30611709691385586,-0.06756802838482245,-0.01627636544600222,0.3298379353208531,0.9414757447174796
1785495493.747070074,1789398924.973560,0.100155,3.376716160748553,-4.042122388834627,0.3138662321930564,-0.0750127336903014,-0.01246550846999204,0.33104417256452745,0.9405463607361202
1785495493.847369909,1789398925.073951,0.100300,3.3860752200636277,-4.047635400313859,0.31127164248094735,-0.08157673552262028,-0.010869854977496608,0.3334969115882099,0.9391522200556024
1785495493.947504044,1789398925.173377,0.100134,3.3905344723334814,-4.0627752388127165,0.2958976016858403,-0.07551737410559109,-0.0056987595614948336,0.32786124315673854,0.9416855396486529
1785495494.047745943,1789398925.272691,0.100242,3.373970145746266,-4.074506085114074,0.3060679774509245,-0.07643252718909775,-0.009262524501987703,0.3273987803408323,0.9417442928198044
1785495494.147949934,1789398925.372945,0.100204,3.3649410799728057,-4.063451378310876,0.30650730292131245,-0.0763372473981195,-0.011643672755087972,0.3281329331595104,0.9414700354873686
1785495494.247189999,1789398925.472570,0.099240,3.3705966480584375,-4.059999974777006,0.31758665459960855,-0.07495097007044559,-0.009688450602772092,0.3284384676530529,0.941497030784554
1785495494.347323895,1789398925.571861,0.100134,3.373321269749899,-4.07364244222967,0.3181278043109041,-0.07536312600288886,-0.010231704186750257,0.32838243760938934,0.941477926527342
1785495494.447599888,1789398925.674138,0.100276,3.363867190326071,-4.0730691528905645,0.31976005366070626,-0.0753719257900755,-0.010381497641202112,0.3285086015221638,0.9414315673671525
1785495494.547837973,1789398925.772789,0.100238,3.3818123460236045,-4.059758103453807,0.31840729058204265,-0.0750313697468866,-0.010414207332714172,0.32847684362855484,0.9414694902328802
1785495494.648015022,1789398925.867340,0.100177,3.3733608664046613,-4.0637566478319425,0.3104014649574585,-0.07515593472113812,-0.010342620378651588,0.3285977260337724,0.9414181590161351
1785495494.747235060,1789398925.966470,0.099220,3.36282929845896,-4.058585004217959,0.3096699581187905,-0.07453279810325607,-0.010153966205822719,0.32854756330146484,0.941487258344934
1785495494.847584963,1789398926.064052,0.100350,3.3762703247383468,-4.038057987096522,0.31641619161177487,-0.07518260546033904,-0.010489375884280082,0.3285005421969946,0.9414483217925634
1785495494.947633028,1789398926.167569,0.100048,3.3836137700106668,-4.043099536745709,0.3013564725654586,-0.07448334463107119,-0.01056442264706888,0.32838547564862347,0.9415432033261834
1785495495.047800064,1789398926.276075,0.100167,3.3838651899527084,-4.038159730982321,0.29762115254666044,-0.07439334357991538,-0.010436573489326507,0.32817574904384617,0.9416248648502827
1785495495.148109913,1789398926.376270,0.100310,3.3825187372320014,-4.0406428212075705,0.3036155318481965,-0.074651529634973,-0.010908242262897688,0.32819115115607694,0.9415937168846985
1785495495.247174978,1789398926.475189,0.099065,3.36672725855352,-4.046063587973835,0.3062594048282493,-0.07445581448461218,-0.010431118521441704,0.32849574726895553,0.9415084001123066
1785495495.347323895,1789398926.567950,0.100149,3.3753470060631057,-4.068713891057348,0.30123179739363276,-0.0747455184498981,-0.010273010802012882,0.3284918684950962,0.941488536867719
1785495495.447570086,1789398926.668788,0.100246,3.383469421865696,-4.072272797588662,0.3038255986888285,-0.07478701923749755,-0.01033579914068021,0.32848680869366836,0.9414863193503893
1785495495.547739029,1789398926.774689,0.100169,3.376825355311411,-4.064939553731993,0.30544550063495624,-0.07455456347878654,-0.010372989787459656,0.3284337853941362,0.9415228445231881
1785495495.647967100,1789398926.872227,0.100228,3.381681063432426,-4.057425711845793,0.300484081262289,-0.07419014236733715,-0.010527442586785108,0.3282167063255002,0.9416256100048133
1785495495.748181105,1789398926.970505,0.100214,3.365156285925341,-4.054621530641808,0.30433803873600695,-0.07442045371529912,-0.010460968234073057,0.32840763830932773,0.941541601477335
1785495495.847368956,1789398927.068478,0.099188,3.3695652716114197,-4.04292922807787,0.30502803666211964,-0.07441344825541799,-0.010841718255477684,0.32833832835073157,0.9415620202619975
1785495495.947674036,1789398927.166389,0.100305,3.366678946777026,-4.034238847067573,0.3072032269268144,-0.0743535090994958,-0.010433432462130719,0.32845340398615447,0.941531231867301
1785495496.047862053,1789398927.270808,0.100188,3.3673798177950975,-4.034252294332652,0.3036647946960908,-0.0742975760470219,-0.010715712389283708,0.32852515818109224,0.941507442426036
1785495496.148083925,1789398927.381114,0.100222,3.361047200139883,-4.044363476947259,0.2972460248178459,-0.07441233725348749,-0.010789005672891129,0.328766800107433,0.9414131890770295
1785495496.247364998,1789398927.487321,0.099281,3.3648695162555717,-4.047897046042743,0.30542189588262125,-0.07446220009830097,-0.01036946381729879,0.3286010276212214,0.9414718368718948
1785495496.347563982,1789398927.567325,0.100199,3.370025874103324,-4.042144512219504,0.3121005444521279,-0.07463110199156422,-0.010506090211952993,0.32838781119040117,0.9415313410320235
1785495496.446835041,1789398927.671770,0.099271,3.36285112319108,-4.0514611755345875,0.3126713026522863,-0.07483122753409192,-0.010574851387201309,0.32856055989924393,0.9414544165187049
1785495496.547034979,1789398927.775239,0.100200,3.3586061940872383,-4.047187411973588,0.3133753115863301,-0.07440384423224347,-0.010364543832423665,0.328573113419242,0.9414862470225446
1785495496.647120953,1789398927.877509,0.100086,3.3601674266613455,-4.043578405275468,0.308128390985663,-0.07430672196587089,-0.01031280278669357,0.32855435678808254,0.9415010312288239
1785495496.747404099,1789398927.980206,0.100283,3.365996846849096,-4.040402325813143,0.3031683356533575,-0.07421274497493735,-0.010397836637831084,0.3284541084812317,0.9415424855514154
1785495496.846657991,1789398928.070528,0.099254,3.366155921378854,-4.029591224266065,0.29851410885730645,-0.0740407789599479,-0.010425962761678552,0.3283701489029232,0.9415849975764101
1785495496.947016001,1789398928.165161,0.100358,3.3564420476876395,-4.051228097602807,0.3102549258988458,-0.07442447302085324,-0.010033947538124775,0.32856008655800945,0.9414927441214637
1785495497.047147989,1789398928.280146,0.100132,3.362710751106777,-4.0562214360713655,0.3072682628856244,-0.07426587713161532,-0.010297393226291243,0.3282030632241358,0.9416269391202171
1785495497.147351980,1789398928.375173,0.100204,3.351790241380366,-4.066527673589768,0.3090627905165075,-0.0744698140442337,-0.01031994677296043,0.3284070736243968,0.9415394519021922
1785495497.247467041,1789398928.470201,0.100115,3.3467203107899777,-4.062487581053053,0.31350752645011626,-0.07450760604198957,-0.0102429199512431,0.3286040586118578,0.9414685719112342
1785495497.347760916,1789398928.567749,0.100294,3.3603520584290805,-4.063170754439443,0.3067415642385531,-0.07432176859355709,-0.010359426361580137,0.328465967734668,0.9415301721340177
1785495497.446933985,1789398928.667351,0.099173,3.3671880146024504,-4.059351561084401,0.30975798903009855,-0.07439299782042111,-0.010220652726503278,0.32842502541965635,0.9415403458223303
1785495497.547425032,1789398928.777086,0.100491,3.36345316912621,-4.072529097993101,0.31256591047682786,-0.07451968454125146,-0.009939991673343787,0.3283259457937993,0.9415678873559853
1785495497.646692038,1789398928.882064,0.099267,3.3623037577002335,-4.066674237750699,0.2977923340926174,-0.07403546415491684,-0.010010912871698432,0.32829058836314395,0.9416176619323907
1785495497.746876001,1789398928.982282,0.100184,3.3565895424350107,-4.06892143298854,0.2950243371170807,-0.07398909213582869,-0.009967567183382332,0.3283696851053941,0.9415941863420488
1785495497.848026991,1789398929.075239,0.101151,3.3595936661465173,-4.051129907777118,0.2954850943813262,-0.07384619886314112,-0.009965233895080867,0.3283519078551624,0.94161162781412
1785495497.947161913,1789398929.173443,0.099135,3.3613511014364086,-4.046973792852329,0.2977494147801881,-0.07395888822655157,-0.010415235785747195,0.32830515877162736,0.9416142142298811
1785495498.047352076,1789398929.271784,0.100190,3.3643061945094086,-4.060535840528841,0.30503370154316206,-0.07385332930335438,-0.009966494423752944,0.3282928346911738,0.9416316527337775
1785495498.147583008,1789398929.373215,0.100231,3.358666923844124,-4.059772954792551,0.3035810438633745,-0.07412491724875597,-0.010461941058909815,0.3284080422287089,0.9415647626327419
1785495498.247864962,1789398929.476043,0.100282,3.353940735060094,-4.065317124832442,0.30596860566037704,-0.0746471753398125,-0.009673454633598533,0.3284154165647573,0.941529361014215
1785495498.348174095,1789398929.575750,0.100309,3.350293950318833,-4.070168433212388,0.30496013954893114,-0.07443852203392151,-0.010265765206084807,0.32856627802286326,0.941486973594612
1785495498.447544098,1789398929.674157,0.099370,3.3527592523494345,-4.072040603265086,0.3067842142208554,-0.07462082472933891,-0.010501841082310615,0.32862347764113414,0.9414499741322649
1785495498.547754049,1789398929.773608,0.100210,3.3658287028009877,-4.0886514937539875,0.3106231467373758,-0.07477966038628711,-0.010575489585688144,0.32843207530663215,0.9415033368620174
1785495498.648096085,1789398929.873408,0.100342,3.3397211293663696,-4.098709320914885,0.3091606027706723,-0.07480887395894739,-0.01037727630351056,0.32867685187854195,0.9414177986169191
1785495498.747258902,1789398929.969910,0.099163,3.3431147118198123,-4.082819301273324,0.30608480026400714,-0.07457242330230304,-0.010291190269644358,0.32859551583207125,0.9414658953253225
1785495498.847444057,1789398930.063900,0.100185,3.355707483872703,-4.079335343079019,0.31364296587282614,-0.0747779892671361,-0.010161423822862226,0.32845528759162473,0.9414999319384784
1785495498.947557926,1789398930.171193,0.100114,3.3464538720966552,-4.074471726257936,0.3148977493260236,-0.074404513027568,-0.010074911029123938,0.32869329306816253,0.941447387643565
1785495499.046716928,1789398930.274701,0.099159,3.3495548955415733,-4.06559457491861,0.30907027170039514,-0.07439241853868488,-0.010202563063299952,0.32862018550386457,0.9414724900124859
1785495499.147347927,1789398930.372542,0.100631,3.3513559272272246,-4.062345447320934,0.30838773596200086,-0.07441316363808485,-0.01021048833350476,0.32868975457947575,0.9414464786910869
1785495499.247549057,1789398930.472295,0.100201,3.350064364454296,-4.067440394161846,0.29540099360155625,-0.07407423226797423,-0.009990961008020697,0.328661582734359,0.9414853970437314
1785495499.347863913,1789398930.572443,0.100315,3.3522036437371785,-4.071905389158516,0.30856048890566323,-0.07442464848987414,-0.009963215271141978,0.328577923713225,0.9414872564654955
1785495499.447114944,1789398930.675189,0.099251,3.356085586956626,-4.072554817056658,0.30461774184126433,-0.07433369758373004,-0.01026920291081632,0.32850611707529026,0.9415162111823794
1785495499.547250032,1789398930.773266,0.100135,3.357108777127176,-4.066826949698308,0.3054678710945451,-0.0742441694145579,-0.010001482069459416,0.32835410488274475,0.9415791817319499
1785495499.646600008,1789398930.874042,0.099350,3.3574465965540634,-4.064404025868173,0.30911748974304415,-0.07457642442439659,-0.010309577840631676,0.3284084471571952,0.9415306481260289
1785495499.746906996,1789398930.975646,0.100307,3.3809826813599235,-4.061773317658303,0.3090087688240562,-0.07426154793697826,-0.010225610692117953,0.3281748425626742,0.9416378986069651
1785495499.847188950,1789398931.076243,0.100282,3.3685978160513703,-4.075615960616023,0.3073356751817623,-0.07433248999993651,-0.01041400689305836,0.328403884905599,0.941550379836231
1785495499.947516918,1789398931.179369,0.100328,3.3854171251076663,-4.0696056204615285,0.3052444165589048,-0.07462547726830214,-0.010338695495214864,0.3283627241340989,0.941542389336332
1785495500.046848059,1789398931.282778,0.099331,3.377793843683024,-4.060962407299125,0.3138170984768623,-0.07480287179557259,-0.01025164752744244,0.32828982130756473,0.9415546863140534
1785495500.147114992,1789398931.386504,0.100267,3.354996229520132,-4.055634300250287,0.3129145841990502,-0.07479291642103114,-0.010472412012558241,0.32866521384548975,0.9414220761421385
1785495500.246704102,1789398931.478330,0.099589,3.365887137756189,-4.041579049227461,0.3028881330837327,-0.07448872545425911,-0.010269050935723095,0.3284094634977084,0.9415376788308724
1785495500.346990108,1789398931.571627,0.100286,3.358605995921813,-4.039330100083228,0.3008396594699334,-0.07425600991488873,-0.010079702388574025,0.328365132856992,0.9415735680843467
1785495500.447287083,1789398931.667048,0.100297,3.36520821303305,-4.042325875682863,0.3035149536057595,-0.07422446324370914,-0.010593434220261383,0.3283031356220288,0.9415920344545976
1785495500.547508955,1789398931.775453,0.100222,3.3659637789805177,-4.031129177145956,0.3058654787728472,-0.07452956134376355,-0.010335018882945047,0.32827998983705214,0.9415788762197145
1785495500.646950006,1789398931.876276,0.099441,3.3616978397213924,-4.0410804804692155,0.2949410797728299,-0.07376980532066127,-0.010307524537221079,0.32827272215159126,0.9416415404239824
1785495500.746349096,1789398931.976289,0.099399,3.345610917198045,-4.0603877355749125,0.3130033823509562,-0.07437516704157537,-0.010392335065289427,0.3285397211016838,0.9414998595633759
1785495500.846597910,1789398932.070336,0.100249,3.3570399417144112,-4.052190857469769,0.2978734397566324,-0.07414435599662754,-0.010823471717711601,0.3285363946768331,0.9415143675518549
1785495500.946779013,1789398932.168756,0.100181,3.347240076814661,-4.068562569460288,0.3009103809689851,-0.07405503792504427,-0.010421148843332399,0.3285234701774179,0.9415304459003399
1785495501.046478033,1789398932.273692,0.099699,3.3389705856828975,-4.068669146080856,0.30822181715900754,-0.07412675438852291,-0.009986057547573469,0.3285316529228048,0.9415266623767433
1785495501.146583080,1789398932.375266,0.100105,3.340589071634204,-4.061472120679496,0.31342041419387634,-0.07418682900060614,-0.010145796514097341,0.32864101929661593,0.9414820538128227
1785495501.246779919,1789398932.476968,0.100197,3.3447678407246624,-4.06188478107213,0.30677966673044715,-0.07365975462717829,-0.009992434041476001,0.32861437235517815,0.9415343786032473
1785495501.347013950,1789398932.574223,0.100234,3.3404194464333243,-4.060628678516393,0.31021113044396526,-0.07421003119535004,-0.009886595749062003,0.3286736848037033,0.9414715797155195
1785495501.446582079,1789398932.668946,0.099568,3.345694104292004,-4.059911658283173,0.3096476974891728,-0.07415943738051692,-0.010333634798566528,0.32861505792646106,0.9414912307309313
1785495501.546760082,1789398932.777358,0.100178,3.3427969403547237,-4.063726098708263,0.30321224514274936,-0.07424849061009269,-0.009868450716968425,0.3286262640543836,0.941485291386025
1785495501.646095991,1789398932.880891,0.099336,3.3407038320128724,-4.070807591855442,0.3020048309932203,-0.07403100737709845,-0.01014271650991059,0.3286519800067551,0.9414905263921518
1785495501.746386051,1789398932.980142,0.100290,3.347895006195342,-4.06755170949349,0.29963445016703893,-0.07425319887094019,-0.010533839210464543,0.328707396964637,0.9414493867806455
1785495501.846560955,1789398933.075903,0.100175,3.3506270006845513,-4.067943272297742,0.31076396081988067,-0.07421569839691984,-0.010151948199643933,0.3285504383233013,0.9415113262923478
1785495501.946898937,1789398933.176084,0.100338,3.346993957355149,-4.067082052007067,0.3087028747216434,-0.07436290333771792,-0.009902839286289647,0.32841233194264724,0.941550547028277
1785495502.046050072,1789398933.275247,0.099151,3.363248258624063,-4.073028753263496,0.3101186557784802,-0.07443997665412763,-0.010300066618068746,0.32838829917261186,0.941548577328815
1785495502.146298885,1789398933.371785,0.100249,3.365410585138883,-4.060547103169233,0.3128813513160115,-0.07427631208467539,-0.010222546342002207,0.328254825447848,0.9416088883286884
1785495502.246323109,1789398933.466927,0.100024,3.350952029641696,-4.076190131381715,0.3124809948110299,-0.07427825579538129,-0.010656163758074098,0.3284577009013892,0.941533178177238
1785495502.346499920,1789398933.563874,0.100177,3.3621576455814766,-4.0739040737676255,0.3149293996904394,-0.07461902480785657,-0.009996095299490502,0.3283770843802218,0.9415415921080879
1785495502.447048903,1789398933.666822,0.100549,3.359853783819499,-4.076445847103516,0.3128986023570432,-0.07435780002571782,-0.009800744703385027,0.328386813042872,0.9415609188991121
1785495502.547116041,1789398933.777416,0.100067,3.3720615145690562,-4.064790224403926,0.30837017362780184,-0.07451816799045029,-0.009760692567723599,0.32824746518676495,0.9415972457045576
1785495502.646495104,1789398933.879375,0.099379,3.352900385411639,-4.065112240286016,0.30962790906707005,-0.07423370908054122,-0.009309644614475827,0.32826807696885113,0.941617096593127
1785495502.746707916,1789398933.979711,0.100213,3.3739497494889084,-4.047281314066136,0.3073455387875281,-0.07408413939572744,-0.009687828179164353,0.32819437278832037,0.9416507526388148
1785495502.846036911,1789398934.077441,0.099329,3.377355932211143,-4.0446148647137665,0.2990210445990658,-0.07414847035064744,-0.01002894504252134,0.3281343469300341,0.9416630368506526
1785495502.946275949,1789398934.175633,0.100239,3.3764932230565097,-4.047347718262572,0.30526665143575016,-0.07417791175242858,-0.010526922805532217,0.32819562791896045,0.9416339262787714
1785495503.046478987,1789398934.271782,0.100203,3.3704465365906193,-4.04160226830144,0.31371939335600935,-0.07445393087730194,-0.01052437726921106,0.3282946110955538,0.941577664340883
1785495503.146559000,1789398934.370878,0.100080,3.367339475213196,-4.061518413155126,0.31849308536773036,-0.07435156050806178,-0.010589714584974347,0.3283383441846046,0.94156977178175
1785495503.245791912,1789398934.469898,0.099233,3.3695454998447234,-4.056198263279471,0.3136181490878741,-0.0741900530515021,-0.010484757632984875,0.32828687483055397,0.9416016321670121
1785495503.346045017,1789398934.568758,0.100253,3.3672837903562884,-4.0530922292072376,0.30435784846497677,-0.07415298305918337,-0.010389639313781687,0.3282940534508602,0.9416031037370033
1785495503.446295023,1789398934.669558,0.100250,3.354502475884442,-4.052549669265928,0.30594675608331684,-0.07438106236802058,-0.010288868158895554,0.32843024504594465,0.9415387251154752
1785495503.546663046,1789398934.774764,0.100368,3.3606144355165664,-4.059087072571589,0.30680523676988564,-0.07440144001275639,-0.010145196393392295,0.3282622678249819,0.9415972516084399
1785495503.646974087,1789398934.893654,0.100311,3.3726137353416505,-4.050898004731867,0.3041751472222652,-0.07425454153608811,-0.01018825004142227,0.32844461348444026,0.941544793674425
1785495503.746407986,1789398934.970838,0.099434,3.3720411874965555,-4.062043124430413,0.3114624497143697,-0.07467946766692402,-0.010517823382777168,0.3280516339046418,0.9416445603266492
1785495503.846750975,1789398935.065285,0.100343,3.3614854191399104,-4.066263593167085,0.3081866990960997,-0.0744344617401011,-0.010572980179493678,0.3283397639925622,0.941562914720463
1785495503.947073936,1789398935.169343,0.100323,3.339955030004636,-4.072058928016733,0.30372070142134144,-0.07422294082666697,-0.010327387825329423,0.32850083864195123,0.9415261542449478
1785495504.046992064,1789398935.292377,0.099918,3.3331514126484136,-4.083272210407377,0.3143255698155661,-0.07464337628200075,-0.01010483653220538,0.32868830307460156,0.9414299007774397
1785495504.147046089,1789398935.385335,0.100054,3.3457756894290087,-4.090173875061152,0.31217588008831587,-0.0746821212401745,-0.010210414711531843,0.3285581581058019,0.9414711174224142
1785495504.247185946,1789398935.476609,0.100140,3.348079330661582,-4.0918047862838405,0.3133505161342636,-0.07479281378586845,-0.010094451344827601,0.3286662444232071,0.9414258530732965
1785495504.346479893,1789398935.573488,0.099294,3.356371136344413,-4.074310327358154,0.3121801154912074,-0.0746712083600661,-0.010595353815098704,0.32848475294081014,0.941493343685974
1785495504.446754932,1789398935.709468,0.100275,3.3614468556977064,-4.073132255470261,0.307832175180394,-0.0744909220990496,-0.010159093020606563,0.32836220956542017,0.9415551787777215
1785495504.546991110,1789398935.798616,0.100236,3.3493091069896286,-4.077727954539656,0.31034431780640925,-0.07459658528800021,-0.009880028906590876,0.3286477427733709,0.9414501556971263
1785495504.647241116,1789398935.878145,0.100250,3.356268979460729,-4.063595662566022,0.30791363146471584,-0.07424744627978545,-0.010031080177371088,0.3283587150780769,0.94157700077247
1785495504.747437000,1789398935.971675,0.100196,3.3613864192746212,-4.0738831091480625,0.3028265079121147,-0.07402105129238858,-0.009812822704693237,0.32818044075582364,0.9416592753121743
1785495504.846482992,1789398936.065289,0.099046,3.369132366707036,-4.066797580574595,0.30030236141742167,-0.07411539501062536,-0.009646072934989926,0.3282362919471424,0.9416341105483288
1785495504.946623087,1789398936.168194,0.100140,3.3665840483193437,-4.079916752954573,0.30220678473828044,-0.07415204155401248,-0.009797477872757395,0.3282833389608939,0.9416132611223101
1785495505.046892881,1789398936.275064,0.100270,3.379834662723871,-4.062133072594496,0.2962711500682597,-0.07431038392627372,-0.010128609417795142,0.32805791026700337,0.9416758389293198
1785495505.147120953,1789398936.375363,0.100228,3.381552569608749,-4.059732446415995,0.3097636813840477,-0.07444922519253339,-0.010156417518329583,0.3281463183711873,0.9416337683998276
1785495505.247278929,1789398936.472228,0.100158,3.371945395667896,-4.065347519704028,0.301301861303914,-0.07412514140005225,-0.010253207396033193,0.3281051368977698,0.9416726364782041
1785495505.347341061,1789398936.571727,0.100062,3.3595773150973187,-4.061794710968632,0.30264363379633474,-0.07386864040643903,-0.010155762962927178,0.32835667162206,0.941606170670322
1785495505.446474075,1789398936.672395,0.099133,3.3455826596276754,-4.047380373932543,0.3000397165748942,-0.07394667849639641,-0.010543857470268984,0.32852201908118017,0.94153810267446
1785495505.546713114,1789398936.779194,0.100239,3.3330784245026366,-4.059932616476515,0.30308033394896416,-0.07393533206361666,-0.010066707459864353,0.3286687317327183,0.9414930126425617
1785495505.647195101,1789398936.882504,0.100482,3.3362102530639275,-4.07606030064178,0.3091769957870383,-0.07437439331535219,-0.01051430946348167,0.3287358532838615,0.9414301023874322
1785495505.747324944,1789398936.980007,0.100130,3.329074531223784,-4.062138970417412,0.3103190138083715,-0.07428486381702885,-0.01043746935624357,0.32890961692089554,0.9413773324964186
1785495505.846527100,1789398937.072695,0.099202,3.356104855766185,-4.06782033753103,0.30630947307923173,-0.07425607043698171,-0.010470320293077548,0.3285230957156895,0.9415141974381472
1785495505.946873903,1789398937.170923,0.100347,3.3497891544227425,-4.059404847592063,0.3084127008317919,-0.07435980099120272,-0.010202930154053146,0.32873633864285356,0.9414345117258615
1785495506.047142982,1789398937.278079,0.100269,3.3791204241586414,-4.065395585530784,0.3042833087484207,-0.07431189306637667,-0.010172705414591317,0.32816892074128134,0.9416365636873613
1785495506.146275997,1789398937.373430,0.099133,3.3702045890976278,-4.061694789713846,0.30026776064943134,-0.07405813104930327,-0.009984255447060483,0.3280906538747447,0.9416858450187592
1785495506.246577978,1789398937.467924,0.100302,3.37288194474413,-4.065221200040233,0.30941647019021906,-0.07386867594932553,-0.009530044449858124,0.32795358195679747,0.9417531762877063
1785495506.346806049,1789398937.566610,0.100228,3.3764745216180247,-4.0645647518646975,0.3012876219042538,-0.07379546261117069,-0.009951983094073172,0.3278483558714716,0.9417911887902072
1785495506.446005106,1789398937.673664,0.099199,3.361850569304853,-4.065310964442271,0.3033586839045995,-0.0738247378328888,-0.009871762444307694,0.32822775607868804,0.941657579234457
1785495506.546238899,1789398937.771015,0.100234,3.367480737862759,-4.071912993063901,0.30730266018242336,-0.07427342333304268,-0.01029724822023236,0.3282142686657756,0.9416224397866013
1785495506.646478891,1789398937.871653,0.100240,3.3652123966214695,-4.086446765396473,0.3045728839796973,-0.0737194214532702,-0.01064777889512862,0.328307767255353,0.9416294821558002
1785495506.747008085,1789398937.972105,0.100529,3.3624683781766276,-4.083818108799219,0.30692843634864625,-0.07420040480948441,-0.010146885800526969,0.32838087712919656,0.9415717392586288
1785495506.846240044,1789398938.072550,0.099232,3.3640035715297345,-4.074328497567108,0.30977688032883094,-0.0739658554805992,-0.010363608044947924,0.32843891999907154,0.941567588482716
1785495506.946577072,1789398938.170139,0.100337,3.3443730199724646,-4.0912524106357635,0.30973427107738477,-0.07417112437997915,-0.010116325159349834,0.3284741027446592,0.9415418567963779
1785495507.045897007,1789398938.266937,0.099320,3.34373374489408,-4.103332842972476,0.3140172173806173,-0.07445941456839146,-0.010275876934824627,0.32853099460983576,0.9414975239032893
1785495507.146096945,1789398938.361802,0.100200,3.3360755437548635,-4.094407723233912,0.31137566639314107,-0.07451293200776508,-0.010727808096473118,0.32881332039737904,0.9413896841512032
1785495507.246433020,1789398938.460773,0.100336,3.342458841614438,-4.107553568211407,0.31555162543313703,-0.07460252583767897,-0.009979971867018945,0.3285936624491476,0.9414675078293608
1785495507.346697092,1789398938.561116,0.100264,3.346838853980807,-4.103455946379969,0.3102333748709745,-0.07443292352492226,-0.010284238306620916,0.32847176814709,0.9415201919599547
1785495507.447047949,1789398938.661694,0.100351,3.342566414680501,-4.102803133207473,0.30981052774766976,-0.07405072694043573,-0.010111565164441672,0.32862165899273066,0.9414998944930285
1785495507.546226025,1789398938.763630,0.099178,3.330369873566899,-4.105757989733762,0.30626299889945924,-0.0743084434677664,-0.00986219637535317,0.32863936219949313,0.9414760548867731
1785495507.646471977,1789398938.862747,0.100246,3.35046953732983,-4.108904043285765,0.3052787402494733,-0.07408811508294251,-0.009866044251119756,0.3284837923845062,0.9415476676807097
1785495507.746664047,1789398938.957850,0.100192,3.3612537431728384,-4.098031440075586,0.3026430027819224,-0.07445399036713835,-0.009931472110223289,0.32841626453383566,0.9415416753228588
1785495507.846965075,1789398939.072875,0.100301,3.3633693405726452,-4.103005594695811,0.30752858961325885,-0.0742014164784562,-0.009829784601090996,0.3283202253206414,0.9415961739369432
1785495507.946997881,1789398939.179296,0.100033,3.3678935018393363,-4.101505792766519,0.3151124346519518,-0.07421991769419228,-0.0100258013962962,0.32835027000564776,0.9415821723625866
1785495508.046061039,1789398939.273501,0.099063,3.3694215660448292,-4.101787107858925,0.31088477933553715,-0.07437333837720816,-0.009857509246299004,0.32825478003301223,0.9416051377491349
1785495508.146408081,1789398939.371104,0.100347,3.368742593779995,-4.089551811805023,0.3127368039479771,-0.07419074912942433,-0.009822370791484677,0.3282551181446004,0.9416197912042439
1785495508.246478081,1789398939.471459,0.100070,3.3703233100688603,-4.084651730819841,0.32038968195703244,-0.07453969731496417,-0.009686753269508668,0.32812471633308227,0.9416390873719206
1785495508.346611023,1789398939.572852,0.100133,3.3622249391639407,-4.077063275526929,0.31620463150930384,-0.07451119439264392,-0.010043333329058626,0.32823160437588206,0.9416003543195264
1785495508.446723938,1789398939.673989,0.100113,3.368170805006503,-4.06543974932111,0.3100507290869186,-0.07445153016010995,-0.010238336012596458,0.32824091589147064,0.9415997277332019
1785495508.546008110,1789398939.770920,0.099284,3.3752582124635566,-4.061516258503644,0.31616895224024877,-0.07451516421665998,-0.01028656171435156,0.32814212606010723,0.9416286009115344
1785495508.646019936,1789398939.868909,0.100012,3.3820489545230537,-4.063268261369165,0.3151710823762017,-0.07439005077709462,-0.010606291308275046,0.32778144051358893,0.9417605609627651
1785495508.746041059,1789398939.966561,0.100021,3.3457976014851134,-4.0776518246366384,0.31073617557813993,-0.07424442703302345,-0.010064156658739967,0.3283695979986167,0.9415730905859159
1785495508.846118927,1789398940.067960,0.100078,3.354325373641857,-4.071214604059611,0.30607011980713883,-0.07409224977310591,-0.00994143191963387,0.32802428735130046,0.9417067342663631
1785495508.946329117,1789398940.180383,0.100210,3.352969370349697,-4.069416840156403,0.3036221129309269,-0.07402220682269593,-0.009941398415560273,0.328280184116849,0.9416230680112126
1785495509.046408892,1789398940.300783,0.100080,3.3515565084828225,-4.06153256986301,0.30514709815254193,-0.07398773870545755,-0.009843158324303772,0.3282008261836602,0.9416544718992303
1785495509.145608902,1789398940.371593,0.099200,3.3624975224746576,-4.074556100594339,0.2990528919179753,-0.07365626887058882,-0.010447006393804944,0.32815581252124215,0.941689639330281
1785495509.245861053,1789398940.462581,0.100252,3.3587171196192642,-4.067765142472276,0.30186924614411204,-0.07396905604345554,-0.01051573405036487,0.3281585716002109,0.9416633952590127
1785495509.346220970,1789398940.565164,0.100360,3.3599689299668,-4.055734739743688,0.29697812240116217,-0.07370942031507553,-0.010456617721379265,0.32818324688268274,0.9416758130950293
1785495509.445620060,1789398940.672180,0.099399,3.3621905837888004,-4.067763786355628,0.2941752552387675,-0.07349486920259256,-0.010195759970351635,0.3281676177415608,0.9417008895319945
1785495509.546011925,1789398940.771882,0.100392,3.354719673387325,-4.067634138694567,0.2995570171161512,-0.07376684086342576,-0.010111813480545758,0.3282407909035011,0.9416550257945894
1785495509.645236969,1789398940.873397,0.099225,3.3591205172228675,-4.075003773240662,0.3061497562857781,-0.07389328571503784,-0.010208050614999051,0.3281500716000467,0.9416756918057095
1785495509.745548964,1789398940.977788,0.100312,3.3497692198265363,-4.0855953737584425,0.30924484971444577,-0.07408415255362885,-0.010019895240786034,0.32851629847865893,0.9415350135144498
1785495509.846002102,1789398941.072699,0.100453,3.357842210779347,-4.061334281130085,0.3098554390861777,-0.07425815630590119,-0.010372323981337406,0.3282428796697846,0.9416128466962215
1785495509.945202112,1789398941.173223,0.099200,3.3608830021869434,-4.053889752192302,0.3098041718524534,-0.07419993059830643,-0.0100114400528088,0.3282061759896231,0.9416341367057294
1785495510.045433044,1789398941.274872,0.100231,3.3409959748821807,-4.055537741117201,0.31651961784328186,-0.07437898824071107,-0.010137653315199419,0.32852940060547053,0.9415059357387819
1785495510.145792961,1789398941.377009,0.100360,3.344540128970066,-4.066424834284275,0.3171168079049165,-0.07437844087979616,-0.010443582690212845,0.32858448136213086,0.9414834134071949
1785495510.244911909,1789398941.472783,0.099119,3.3592677802261446,-4.070001094096261,0.30709385012767604,-0.0740069741851543,-0.010419791140462422,0.3284240491420344,0.9415689245454618
1785495510.344995022,1789398941.554935,0.100083,3.359643525943095,-4.076151140132062,0.3035122616401153,-0.07405665090291157,-0.010758795243615808,0.32861533208284843,0.9414944632349304
1785495510.445111036,1789398941.659730,0.100116,3.3352788831606577,-4.092315924269483,0.3023760982189757,-0.07399869168244194,-0.009775779840852185,0.32853996197062063,0.9415360434662782
1785495510.545259953,1789398941.774579,0.100149,3.33823708905152,-4.087586775904844,0.3021695193545173,-0.0739201564455799,-0.009887122803827818,0.3285688802387203,0.9415309587116063
1785495510.645535946,1789398941.869028,0.100276,3.343801017422221,-4.069394721922591,0.30190916415166114,-0.07423484108300689,-0.010009568573377356,0.32849204282284317,0.9415317173140961
1785495510.745632887,1789398941.964677,0.100097,3.345500901107123,-4.055624313202267,0.3094963556440053,-0.07440894185480328,-0.010135247791699182,0.32851062321064345,0.9415101468183994
1785495510.845674038,1789398942.058749,0.100041,3.3344025294841066,-4.050910403802856,0.3176899148559754,-0.07422928079100466,-0.010044385972263979,0.3286756491946685,0.941467706196104
1785495510.945910931,1789398942.155407,0.100237,3.345850388768488,-4.047301026143247,0.31174507056740136,-0.07426567500445469,-0.00991960188737312,0.3285041616918106,0.9415260096065798
1785495511.046080112,1789398942.263659,0.100169,3.3514332874834847,-4.050819592196744,0.30232554735371764,-0.07402363258611003,-0.009830204816866831,0.3284289480430827,0.941572246287734
1785495511.146358013,1789398942.382221,0.100278,3.353978509594631,-4.0711987743589875,0.299453347853344,-0.0737364332401849,-0.010280617113720221,0.328503960425788,0.9415638031006445
1785495511.245685101,1789398942.469836,0.099327,3.3533529346882838,-4.093093253825851,0.2991071636543492,-0.07374224497633158,-0.00993010352443749,0.32843606670242664,0.9415907945805778
1785495511.345772982,1789398942.563714,0.100088,3.3453699192519424,-4.087978207644108,0.3110248377383354,-0.07392602169181485,-0.00962715390571873,0.32862139081164793,0.9415148659078704
1785495511.446065903,1789398942.659799,0.100293,3.34469067487192,-4.107477229912037,0.31099196109310184,-0.07417556421432643,-0.009579685422195646,0.3285605676077423,0.941516950837305
1785495511.545387983,1789398942.756320,0.099322,3.3421888177983448,-4.106550826275095,0.306768975878236,-0.0741322102010189,-0.009916857734796454,0.3285791327405489,0.9415103955192681
1785495511.645665884,1789398942.864962,0.100278,3.3459333788501358,-4.111029875330653,0.3143594624742109,-0.07444182061364638,-0.009928849302623785,0.3284564031722518,0.941528663669035
1785495511.745943069,1789398942.968908,0.100277,3.3523044987087465,-4.108701675122425,0.3162517475831996,-0.07479029458913584,-0.010408104883975007,0.32840256453814426,0.9415146513956989
1785495511.845134020,1789398943.071923,0.099191,3.3465625440221998,-4.098796657653849,0.3146131206879391,-0.07469152101778642,-0.010252826833989117,0.32843939171924286,0.9415113500096829
1785495511.945416927,1789398943.172055,0.100283,3.346340389466056,-4.090172816348852,0.30995727812573104,-0.0745271078576763,-0.010107916115198826,0.3284608648346319,0.941518454677477
1785495512.045608997,1789398943.273297,0.100192,3.3523346517054393,-4.086672393827677,0.30437771035455186,-0.07428574784256031,-0.01045207801203452,0.3282968682195055,0.9415909664233013
1785495512.145756960,1789398943.374124,0.100148,3.356992216118845,-4.08598637226671,0.31000053296116925,-0.07438898938411512,-0.010346221247563278,0.32832673062760165,0.9415735722287966
1785495512.245975971,1789398943.475024,0.100219,3.3599992839298523,-4.079885510029243,0.3038296075769604,-0.07400263948107616,-0.010332855454661973,0.32812906418928595,0.9416730635853668
1785495512.345247984,1789398943.577233,0.099272,3.3726293261335236,-4.079713935715779,0.3152055719070679,-0.07429752070176246,-0.009635454593981544,0.32797303763011004,0.9417115922722927
1785495512.445555925,1789398943.673834,0.100308,3.3818618469190365,-4.0757170582171085,0.3157237088175807,-0.07469438426953175,-0.010514203233171145,0.3280278946294134,0.9416516876393105
1785495512.545857906,1789398943.772316,0.100302,3.3790035109589467,-4.0624441409652485,0.30268563673420507,-0.07440785439323618,-0.010754609239853705,0.3279409699291155,0.9417019325809223
1785495512.645134926,1789398943.877211,0.099277,3.3635721806582235,-4.078095245098873,0.30504013150170195,-0.07435193752240657,-0.010432455667543921,0.32826314771037973,0.9415977161774992
1785495512.745363951,1789398943.976844,0.100229,3.353824842842697,-4.067243407474095,0.3080665930854205,-0.07411727794051046,-0.01017059983736646,0.3283276689677179,0.9415965854865139
1785495512.845575094,1789398944.074764,0.100211,3.3513215875503923,-4.077415624082607,0.31387669140980384,-0.0741073817939491,-0.010054956889708326,0.3282981410455174,0.9416089020350484
1785495512.945595026,1789398944.173996,0.100020,3.342118273846096,-4.074366556137949,0.30021144534750965,-0.07386674615353454,-0.00994327648558118,0.32837791416004514,0.941601179139724
1785495513.045676947,1789398944.271493,0.100082,3.341273427264484,-4.053331089576233,0.3025125175850737,-0.07387109495520554,-0.010260725930457425,0.3285811259552769,0.941526538393614
1785495513.145844936,1789398944.370213,0.100168,3.345861068399574,-4.066878431300509,0.2971020883473914,-0.07368318450736133,-0.01025231797211561,0.32840775639620556,0.9416018393333051
1785495513.244992971,1789398944.466044,0.099148,3.3521058790425355,-4.0615383931244144,0.3037992262182293,-0.07425640177734921,-0.010053217488059282,0.3284017961311053,0.941561033556021
1785495513.345056057,1789398944.561769,0.100063,3.355641003430157,-4.069603581186209,0.30373911546573934,-0.07421872667966369,-0.010084668821608312,0.3283000375471952,0.9415991532554169
1785495513.445218086,1789398944.664130,0.100162,3.368549247400538,-4.055568625042402,0.3000438866738927,-0.07399648884064541,-0.010615039384802252,0.32828253369691013,0.9416169171418133
1785495513.545351028,1789398944.761304,0.100133,3.344596206383027,-4.050863430652046,0.2971654042448991,-0.07390942112001228,-0.010348205314018139,0.32855482071713116,0.9415317529961575
1785495513.644817114,1789398944.862487,0.099466,3.3534872410476733,-4.0583560257491165,0.2960870533581823,-0.07356927801778206,-0.010095362571119457,0.3284453992544121,0.9415993121785454
1785495513.745017052,1789398944.956016,0.100200,3.348547770197305,-4.053133700249657,0.29900942705790423,-0.07365867962904368,-0.010011650719971024,0.32870342562748917,0.9415031724566417
1785495513.845057964,1789398945.065374,0.100041,3.3495559160332715,-4.047438089204679,0.29951220493299935,-0.07373682464858401,-0.010411693639325762,0.3285529317193027,0.9415452450015114
1785495513.945000887,1789398945.165073,0.099943,3.3513758565115723,-4.050140572330092,0.2974227836518212,-0.07375055154639247,-0.010228927849961383,0.32863057518904637,0.9415190758729001
1785495514.045028925,1789398945.265366,0.100028,3.359889325130445,-4.063073747734379,0.3067370436320583,-0.07426340207394408,-0.0104330374125807,0.32843758804579504,0.9415438649374823
1785495514.145226002,1789398945.368007,0.100197,3.349282712140548,-4.074354681118278,0.3058505235983338,-0.07402914982698484,-0.010215190804921202,0.3285374969620419,0.9415298444248218
1785495514.245481968,1789398945.476252,0.100256,3.351926011131821,-4.069116131193351,0.30689089659920793,-0.07422801554767466,-0.010217967893239803,0.32849679064156817,0.9415283603684897
1785495514.344831944,1789398945.576471,0.099350,3.357523007710076,-4.083821865443905,0.3108814306419932,-0.07431170205507756,-0.010069579346560855,0.32827353010383487,0.9416012234181874
1785495514.445235014,1789398945.680785,0.100403,3.362678367775035,-4.077797848177382,0.3200268993460874,-0.07462554318483061,-0.010089936043717914,0.32820915682165885,0.9415986251441845
1785495514.544337034,1789398945.777242,0.099102,3.3646301321618406,-4.074789432937884,0.32295911702475766,-0.07467921279112028,-0.010038523925884347,0.3281812347569379,0.9416046518405161
1785495514.644792080,1789398945.873283,0.100455,3.36384257125059,-4.0631230534785105,0.312892442714156,-0.07467355621209003,-0.010239377514055438,0.3281249584344546,0.9416225500714986
1785495514.744888067,1789398945.970271,0.100096,3.3507969601942835,-4.05436194102539,0.3129843507154346,-0.07460868954443044,-0.009734564949334352,0.3282010184613058,0.9416065384069249
1785495514.844961882,1789398946.066216,0.100074,3.3387394903365473,-4.063273994158546,0.313514741333907,-0.07447506947890264,-0.009687896277273986,0.32835412380000334,0.9415642187739324
1785495514.945053101,1789398946.163513,0.100091,3.3390404520788723,-4.075517765552707,0.30679206551266924,-0.07434312136571304,-0.009894326584761663,0.3284498587160586,0.9415391085432607
1785495515.044351101,1789398946.274907,0.099298,3.341259503581837,-4.080458837626461,0.3036040440285237,-0.07424342366901882,-0.009965415442359246,0.3286502563957501,0.941476294713771
1785495515.144577026,1789398946.368468,0.100226,3.3567661530041426,-4.078367987826449,0.3066539809029166,-0.07414569352971699,-0.010493725315873682,0.32840084571041755,0.9415652831305298
1785495515.244687080,1789398946.463266,0.100110,3.3492572414769293,-4.0892230618909196,0.30541056593054583,-0.07437314795714314,-0.010106940314220858,0.32829239077878414,0.941589396062413
1785495515.344805002,1789398946.575031,0.100118,3.352607648847049,-4.110885120528894,0.312793913332266,-0.0741765515290003,-0.01015343343781466,0.32821365017036114,0.9416318531329201
1785495515.444924116,1789398946.667409,0.100119,3.3533461270853384,-4.117426582509931,0.3068348051833853,-0.07413482030209761,-0.010486577407945319,0.3283275075622406,0.941591794723706
1785495515.544919014,1789398946.762592,0.099995,3.354276594104102,-4.1178951886112785,0.2991592367772951,-0.07419056783297641,-0.010431292745449875,0.3284095353408652,0.9415594112287744
1785495515.644021988,1789398946.857273,0.099103,3.348437722345811,-4.124384972647725,0.3130431532624395,-0.07448003263658518,-0.010617271267620455,0.32853541385725243,0.9414905629537276
1785495515.744318008,1789398946.961353,0.100296,3.3360317710283205,-4.1175425992822285,0.31238950846731356,-0.07414000123147232,-0.00999326298779816,0.3286441736040125,0.9414862729049158
1785495515.844588041,1789398947.063888,0.100270,3.339818093502263,-4.11335787564915,0.30298673920225455,-0.07421513030067098,-0.010394225133062653,0.3286556709450798,0.9414719987731855
1785495515.944588900,1789398947.164785,0.100001,3.346169441881658,-4.10430732320982,0.3121371210856172,-0.07445353017694091,-0.009986672139801953,0.32847433704651374,0.9415208697238828
1785495516.043812037,1789398947.264618,0.099223,3.360409832986382,-4.103687313266415,0.3155937702135131,-0.07432550453509087,-0.009873559425657463,0.32813120187713024,0.9416518181124816
1785495516.144254923,1789398947.363351,0.100443,3.371843614019303,-4.097271223665783,0.3108990992869754,-0.07437881205841276,-0.009714457829265935,0.328021725349175,0.9416874053128316
1785495516.244421959,1789398947.458820,0.100167,3.3685844123364794,-4.094199398810675,0.30807682712177853,-0.07415964089961131,-0.009765763577757259,0.3281098648565494,0.9416734540737575
1785495516.344643116,1789398947.564021,0.100221,3.3637177118666632,-4.098445796456037,0.30192499668313566,-0.07423327665560453,-0.010315076657187129,0.32828437440835084,0.9416009714044726
1785495516.443768024,1789398947.662195,0.099125,3.3567416554396914,-4.1012732731530415,0.3104413367721532,-0.07418030334932936,-0.009956126825329184,0.3283249848231317,0.9415948504927848
1785495516.544085026,1789398947.758274,0.100317,3.3641785481760884,-4.098803325863421,0.3119202882565941,-0.07417474508021127,-0.010237525064846077,0.3282684131659258,0.9416119950331757
1785495516.644361973,1789398947.853931,0.100277,3.3713072976061076,-4.105020338678308,0.30378771677228045,-0.07426982726014167,-0.010494604151385412,0.3283251972808592,0.9415818715719517
1785495516.743752956,1789398947.962033,0.099391,3.3576209963099433,-4.0884058852520315,0.30495916027567405,-0.07430082496540419,-0.010775071153893706,0.3285429112121712,0.9415003137244938
1785495516.844223976,1789398948.065807,0.100471,3.355879361561714,-4.0821118540071275,0.3142148523756122,-0.07455772315142296,-0.010459228128138744,0.32865636415864846,0.9414439679362002
1785495516.944396973,1789398948.162565,0.100173,3.3451938967413524,-4.086979498334865,0.31342069711957854,-0.07473739613575918,-0.010833042562421465,0.3287491349841292,0.9413931022983302
1785495517.044775009,1789398948.262644,0.100378,3.3501587776963144,-4.079428756346784,0.31599438922904205,-0.07443435933958285,-0.010042617018527218,0.32849390362885156,0.941514963912844
1785495517.144017935,1789398948.366740,0.099243,3.349429524434423,-4.073189973928933,0.31241718770235977,-0.07385495133575563,-0.009801587943569461,0.3284033203976108,0.9415947292698711
1785495517.244299889,1789398948.469565,0.100282,3.357710619743999,-4.0698767031498,0.30231487106821325,-0.07393670325937471,-0.010180827706253613,0.3283917467405865,0.9415883258255793
1785495517.344644070,1789398948.571192,0.100344,3.3569024632907345,-4.07172142645652,0.3088124437507959,-0.0738755296792201,-0.009723733842933074,0.32840166461982623,0.9415944996598555
1785495517.444957972,1789398948.668883,0.100314,3.357347285946453,-4.069593811615125,0.31143868068524877,-0.07442267477606729,-0.009808501180117054,0.32837865061307026,0.9415585593075528
1785495517.545160055,1789398948.766834,0.100202,3.3615314245824046,-4.078421006650523,0.31715932688817405,-0.07468183647618291,-0.009696819600113595,0.3283745901296824,0.9415406117355484
1785495517.644429922,1789398948.871241,0.099270,3.3567792993989167,-4.0815952097380395,0.31069973517315885,-0.07446042725847939,-0.010698057647435387,0.3283587783101431,0.941552817977689
1785495517.744815111,1789398948.973920,0.100385,3.3442897659467388,-4.074175462330659,0.31060308234566975,-0.07457811676881192,-0.0107337062530338,0.32849888997254695,0.9414942226780234
1785495517.845021009,1789398949.075957,0.100206,3.3371391801689354,-4.068608492900974,0.3130187594855878,-0.07458511299226121,-0.010482032163989387,0.328524814423299,0.9414874583497019
1785495517.945080042,1789398949.176800,0.100059,3.34062084001469,-4.075986078183165,0.3034659678843644,-0.0746549792439583,-0.01007209855013594,0.328720044842773,0.94141824872022
1785495518.045099020,1789398949.280510,0.100019,3.340292425344498,-4.058734568134311,0.30339394852048857,-0.07434031311800404,-0.009814470071551918,0.32862601204878195,0.9414786977025267
1785495518.145203114,1789398949.382527,0.100104,3.335510272565157,-4.0574121580573435,0.30311931703667133,-0.07419108125794875,-0.00972879232271273,0.32858860263629275,0.9415044154326875
1785495518.244393110,1789398949.484219,0.099190,3.3444804579238996,-4.070085066965502,0.30448516630882105,-0.0742523207695032,-0.010254906491342811,0.32857108893410475,0.9415001164470737
1785495518.344636917,1789398949.576886,0.100244,3.3547085395727914,-4.074659250856339,0.3059586488739615,-0.07406283693064453,-0.00987286093218323,0.3282171737492739,0.9416425593922767
1785495518.444813967,1789398949.670307,0.100177,3.361628603638375,-4.081607035182314,0.31288352830023447,-0.07420427860115145,-0.009947909859610372,0.3281935379411704,0.9416388722755478
1785495518.544967890,1789398949.766872,0.100154,3.3660735862600806,-4.084326254123575,0.310051006075582,-0.07412063305671225,-0.009667962900836666,0.3280892978402575,0.9416847003595774
1785495518.644928932,1789398949.864832,0.099961,3.3639336845184626,-4.078245995068681,0.31193399502634067,-0.07447463234205194,-0.009601685359831129,0.3281360839438231,0.9416411456546381
1785495518.744162083,1789398949.971875,0.099233,3.370760085586087,-4.067688612842486,0.30781328672727315,-0.07399566878361184,-0.00966338496548517,0.3279735342053845,0.9417348994558417
1785495518.844391108,1789398950.070346,0.100229,3.376174885470023,-4.074784571152876,0.30924513030692724,-0.07432698287685045,-0.00968918359130267,0.32799070237506345,0.9417025637074962
1785495518.944637060,1789398950.172970,0.100246,3.3690932990968196,-4.0787932696002285,0.30846329925007643,-0.0743661951387248,-0.009905868239286323,0.3280869951447321,0.9416636694764833
1785495519.044749975,1789398950.272974,0.100113,3.3716018806898305,-4.065683355156883,0.3113917200176279,-0.07438029050436853,-0.009946137185497786,0.32806974690008606,0.9416681410711985
1785495519.145024061,1789398950.368213,0.100274,3.3662954379068997,-4.06518730378144,0.31266086211722793,-0.07416481079514584,-0.0101007315245737,0.3280977739437528,0.9416737262956543
1785495519.244415045,1789398950.469507,0.099391,3.360492804403761,-4.047726286551376,0.30950351416052296,-0.07428513452058035,-0.010190016560542872,0.328253367913773,0.9416090530602498
1785495519.344681978,1789398950.569327,0.100267,3.3617335776578767,-4.058329559920495,0.3120715310252925,-0.0738995866833532,-0.009965485012561122,0.32825916450670845,0.9416397724787604
1785495519.444792986,1789398950.667709,0.100111,3.3635081033695315,-4.061216350794197,0.31524763640211606,-0.0740295423248419,-0.010093987281443399,0.3282846289983626,0.9416193183273929
1785495519.544917107,1789398950.768945,0.100124,3.35010401832982,-4.059452513554938,0.3110876139496109,-0.0741730585837097,-0.009966790491750269,0.3284649863484452,0.9415464795806667
1785495519.644119978,1789398950.872769,0.099203,3.344032518095997,-4.054620368899616,0.3113380393097507,-0.0741864144773372,-0.009701808655407948,0.3283195923489055,0.9415989040433612
1785495519.744319916,1789398950.966718,0.100200,3.352786659275341,-4.054373663549971,0.3040320954706011,-0.07396602374994111,-0.010336520672318397,0.32813920377662675,0.9416723669174196
1785495519.844630003,1789398951.065329,0.100310,3.3393444192552515,-4.051168233862353,0.3014109515286539,-0.07384574085994962,-0.010351262009549639,0.328494827754857,0.9415576488298323
1785495519.944696903,1789398951.164803,0.100067,3.339636314527173,-4.044841804161048,0.30585725548582865,-0.07397016213322398,-0.010391792093716145,0.32854424194618476,0.9415301943406129
1785495520.044087887,1789398951.261348,0.099391,3.362525192080087,-4.0633443484028,0.3146656342351908,-0.07454335903378045,-0.010456292593211841,0.3282686699086398,0.9415803916424654
1785495520.144352913,1789398951.362834,0.100265,3.3718785422710735,-4.071972048993121,0.3066444355084197,-0.07441199417106577,-0.010517495300681306,0.32802009671417265,0.9416767245545099
1785495520.244415998,1789398951.454487,0.100063,3.389731137974478,-4.054269613869014,0.30535880299508183,-0.074143322627744,-0.010575687359548527,0.3277537431120537,0.941790001233093
1785495520.343822956,1789398951.560184,0.099407,3.371603053450553,-4.060889578458396,0.3088334610038389,-0.07435297048086212,-0.01076043284929681,0.3280913894061143,0.941653805314423
1785495520.444072962,1789398951.658276,0.100250,3.369008256039327,-4.064114099825569,0.3068736859092187,-0.07392333571662049,-0.010555360518457617,0.3282448787672145,0.9416364608297354
1785495520.544359922,1789398951.758497,0.100287,3.3698870240272925,-4.064419797205265,0.29535696152677543,-0.07392946013001434,-0.01100102871115424,0.3279599714763392,0.9417301468050281
1785495520.644486904,1789398951.876526,0.100127,3.376730907759187,-4.055668473438042,0.2935064766572719,-0.07357217629900555,-0.010719004340677896,0.3280904375233331,0.9417159352088721
1785495520.743599892,1789398951.980911,0.099113,3.3624993103785457,-4.050792216137608,0.3006197988947449,-0.0738471920622085,-0.010596360074724906,0.32798456735575926,0.941732675951169
1785495520.843988895,1789398952.081810,0.100389,3.361699685780137,-4.060338440235862,0.3046167786077259,-0.07383344702335588,-0.01072851365490616,0.3280022762153074,0.9417260896316842
1785495520.944109917,1789398952.183012,0.100121,3.3559734713501634,-4.052856857646314,0.30099559663976555,-0.07401061305151566,-0.01086474634220796,0.3281082453411745,0.9416737045186055
1785495521.044321060,1789398952.273750,0.100211,3.3580684875635933,-4.057697244340837,0.3019830161999294,-0.07360354976427615,-0.010379143395577476,0.32829710484555835,0.9416452632464606
1785495521.143558025,1789398952.365568,0.099237,3.3646578140689356,-4.048807098767718,0.2933131943498811,-0.0734265303075755,-0.010581823588431055,0.3282551659928283,0.9416714478285698
1785495521.243730068,1789398952.471227,0.100172,3.361802330763116,-4.059518923916264,0.29475515989371276,-0.07355727724572315,-0.010771883276187394,0.3284688858266874,0.9415845604823045
1785495521.344048977,1789398952.571534,0.100319,3.359173432136762,-4.067288643742578,0.30287256320020944,-0.07362602533114947,-0.01034802737754573,0.3282747927706071,0.9416516272777027
1785495521.443263054,1789398952.673687,0.099214,3.344760821667339,-4.074293036066491,0.30359912813006984,-0.07377916819664834,-0.010495069986483169,0.32856355269317644,0.9415372959622087
1785495521.543438911,1789398952.774880,0.100176,3.3364769856524905,-4.085896155226629,0.30765341958026027,-0.07401173666009991,-0.010447219486803865,0.32856634249727074,0.9415186015260223
1785495521.643712044,1789398952.890196,0.100273,3.335774774174057,-4.081373982527579,0.3179637971059697,-0.07456119765487,-0.010103122386025284,0.32875067188160784,0.9414146538373597
1785495521.744071960,1789398952.973535,0.100360,3.3515994471291926,-4.076320972860878,0.3110052936930915,-0.0744996642626975,-0.010062368978645023,0.328355227984376,0.9415579605157673
1785495521.844289064,1789398953.070329,0.100217,3.355321212478586,-4.075037114370155,0.2997418122505533,-0.07420619993568953,-0.01040608198872845,0.3282885297494393,0.9416006555773524
1785495521.943259954,1789398953.165698,0.098971,3.365817891408124,-4.064654377875585,0.29917733531551666,-0.07408434320830079,-0.010529655384059302,0.32822702282370797,0.9416303191471549
1785495522.043515921,1789398953.259856,0.100256,3.364733360745809,-4.074047819455395,0.3046989441742421,-0.07413366500851329,-0.010687616701858126,0.32818942696402525,0.9416377618759054
1785495522.143769026,1789398953.365302,0.100253,3.3674084350977553,-4.0903405649356435,0.3009181445420864,-0.07379871109783029,-0.01050068769796978,0.3281146654274377,0.9416922279224827
1785495522.244071960,1789398953.468416,0.100303,3.361321314816707,-4.0819094962673885,0.3054154601975299,-0.07404199510216695,-0.010167173878017495,0.3280034302634931,0.9417155415899254
1785495522.344444036,1789398953.569437,0.100372,3.3424228986636586,-4.079327883795153,0.31083471659989453,-0.0739495395686832,-0.00992388407954105,0.3283439572957192,0.9416067267334821
1785495522.444097042,1789398953.669476,0.099653,3.345412028875422,-4.070115130108774,0.3062301644298489,-0.07378837212265454,-0.009849895466245175,0.3283603597557077,0.9416144273745464
1785495522.544342995,1789398953.771185,0.100246,3.353499972096242,-4.08157240032124,0.2950853946106183,-0.07349632076316218,-0.010332808836026636,0.32832926883559577,0.9416429339838533
1785495522.643683910,1789398953.871814,0.099341,3.3574426635409584,-4.095011133729534,0.3016964371266551,-0.07390574204785166,-0.010218061018142282,0.3283162414986321,0.9416166832047943
1785495522.743927002,1789398953.973473,0.100243,3.3668218044286284,-4.0876184939153,0.3031327734117725,-0.07380173991305676,-0.010155604479968145,0.328341267987148,0.9416167896867832
1785495522.843981981,1789398954.069952,0.100055,3.3621169889931135,-4.074365619266188,0.3027592309194921,-0.07402989402680707,-0.009995654436850054,0.3280969754628044,0.9416857418347793
1785495522.944346905,1789398954.170182,0.100365,3.3490070419724156,-4.072760515576631,0.30702368352205767,-0.07385966782242913,-0.009933813817737436,0.3283128679313236,0.9416245162286846
1785495523.043668985,1789398954.266809,0.099322,3.3312280948009287,-4.0908821659916255,0.3008937347565239,-0.0740503888318659,-0.009929134641155373,0.32855772156529195,0.941524176959334
1785495523.144290924,1789398954.365772,0.100622,3.3239639904480907,-4.07921743668198,0.30184045704360285,-0.0738719110037021,-0.010066514164071512,0.32875923031954674,0.9414663958617667
1785495523.244436979,1789398954.463958,0.100146,3.3094737703471493,-4.104619437541177,0.3102733372828357,-0.07403875486647754,-0.009461427049413454,0.328935459268033,0.9413980071213973
1785495523.344692945,1789398954.564621,0.100256,3.3218527081704115,-4.089799501399149,0.30856924894537363,-0.07406236578031429,-0.009603528765683489,0.32899728683196,0.9413731053453134
1785495523.443953037,1789398954.663123,0.099260,3.3271096043382014,-4.077159700346454,0.3076305902854594,-0.07382971171717063,-0.009808044049930844,0.3287411661556812,0.9414787419874528
1785495523.544178963,1789398954.757888,0.100226,3.3366725801594583,-4.07409829143882,0.2962001137431791,-0.07369927409747067,-0.01032361552147735,0.3284419717552611,0.9415878669298935
1785495523.644186974,1789398954.880835,0.100008,3.3554460674837965,-4.076301796105654,0.2971720272048243,-0.07353087082756511,-0.010153840548623073,0.32830235497483273,0.9416515673408248
1785495523.744321108,1789398954.989703,0.100134,3.3670774990304335,-4.069292430395741,0.3044737556714229,-0.0737981273607917,-0.009776908594298367,0.3282426877080177,0.9416554499510932
1785495523.844635010,1789398955.082048,0.100314,3.3743383702150194,-4.0581746679092685,0.30404531271672225,-0.07383100107443588,-0.009998358169301159,0.3282803429598714,0.9416374209537417
1785495523.944710970,1789398955.176932,0.100076,3.366809307672817,-4.0643356783215046,0.31011795281030574,-0.074290618914191,-0.009780471458235278,0.3281603454731251,0.9416453865327225
1785495524.043858051,1789398955.272949,0.099147,3.3695488790162695,-4.0703011603201,0.3007971668078647,-0.07368406508708113,-0.009783208886822367,0.32817326790147855,0.9416885119884303
1785495524.143997908,1789398955.368169,0.100140,3.370378661764115,-4.077892474344825,0.30480579548704956,-0.07362645363405688,-0.009872658674400871,0.32816092019128085,0.9416963875874127
1785495524.244055986,1789398955.469550,0.100058,3.355432982230873,-4.080275749203843,0.303998702717858,-0.07406744066414157,-0.010077620267729357,0.3282754067294463,0.9416197285209247
1785495524.344192028,1789398955.570385,0.100136,3.34524872024911,-4.076419376053949,0.3025698449023062,-0.07373018199336627,-0.009689806167845845,0.32841788109355724,0.9416005858630679
1785495524.444226027,1789398955.672731,0.100034,3.345118851199563,-4.071672646705094,0.3127333844714065,-0.07430295505742304,-0.009381419261632195,0.3284971510631077,0.941531030601644
1785495524.544424057,1789398955.776046,0.100198,3.3433939350888875,-4.082946893703185,0.31007338817860847,-0.07400928341812527,-0.010176977097274912,0.3285064655052001,0.9415426475876586
1785495524.643392086,1789398955.879649,0.098968,3.3453398901069766,-4.074873365885276,0.3002743794251013,-0.07424892692192846,-0.010342858028915143,0.32854851649053396,0.9415072992019792
1785495524.743753910,1789398955.982647,0.100362,3.335801419214292,-4.073199026312476,0.29923775983753814,-0.07378266618938756,-0.010315694892942368,0.3286077832214272,0.9415235681676591
1785495524.843930960,1789398956.083443,0.100177,3.344964782951396,-4.059407460021108,0.2985002166894003,-0.07369531188970044,-0.010383368680159877,0.3283934950653123,0.9416044281220859
1785495524.944238901,1789398956.183190,0.100308,3.3529087147983194,-4.05371885091639,0.3033847996870769,-0.0736456092474972,-0.01039501737104123,0.32853810133238953,0.9415577432241367
1785495525.044450045,1789398956.276902,0.100211,3.3388356557333987,-4.054512572458151,0.2978926731851855,-0.07394037322684702,-0.010425123036343988,0.32857515635675505,0.9415213776871376
1785495525.143560886,1789398956.372950,0.099111,3.3317517682461095,-4.072142079738293,0.30477193380571277,-0.07384319582794814,-0.010585283402725642,0.3287259249458041,0.9414745883313712
1785495525.243711948,1789398956.466745,0.100151,3.3230827827614147,-4.072217054762086,0.3100229214442142,-0.0738763840545729,-0.010036926043008623,0.32879264174067496,0.9414546928725867
1785495525.343746901,1789398956.560968,0.100035,3.3289755544226143,-4.064887122372773,0.30574753939364485,-0.07377556740452386,-0.010070375104514879,0.3289095528590221,0.9414214036431682
1785495525.443830013,1789398956.654304,0.100083,3.335284358652371,-4.058015780729627,0.3076919164629662,-0.07384357780680781,-0.009897615643959003,0.32872077392237053,0.9414838373616045
1785495525.544106960,1789398956.760088,0.100277,3.3390826311784503,-4.06617809194582,0.3062021844064391,-0.07384726632364001,-0.010084577271564766,0.32890875564977573,0.9414159086263071
1785495525.643062115,1789398956.860930,0.098955,3.3462861094427288,-4.067184433851946,0.3058145161175005,-0.0737664907776741,-0.01010020053683839,0.32863059826267466,0.94151920887095
1785495525.743279934,1789398956.958867,0.100218,3.353590653532266,-4.069521533858011,0.30822504131516854,-0.07382393929000493,-0.009993194650724227,0.32840539354052634,0.941594424124246
1785495525.843272924,1789398957.059573,0.099993,3.361150040377592,-4.0680333943980465,0.3072741690097933,-0.0740520767903375,-0.009561268183400196,0.32818116498010624,0.9416591713704398
1785495525.943603039,1789398957.160160,0.100330,3.3581076175781908,-4.0694573185901595,0.30672182231530076,-0.07384205700806985,-0.009279043709594167,0.32790667851481975,0.9417741025054952
1785495526.043834925,1789398957.259975,0.100232,3.3791334335052268,-4.070986557224307,0.30105808415859225,-0.07366805876831134,-0.00986365802869053,0.32788091087278637,0.9417907589548931
1785495526.144068956,1789398957.361866,0.100234,3.371258192931409,-4.077658586172766,0.30041894765717053,-0.07423777516223261,-0.01013336785526184,0.3278307707552607,0.9417606136067082
1785495526.243256092,1789398957.463509,0.099187,3.3640229233662966,-4.075319273684271,0.3080880948317216,-0.07437445600957145,-0.009915151050314175,0.32814693911539944,0.9416420319963017
1785495526.343383074,1789398957.564560,0.100127,3.37969990103057,-4.0619458750837465,0.3161776950823132,-0.07556095048488465,-0.010447337604044494,0.3279983704167288,0.9415935773478801
1785495526.443795919,1789398957.664812,0.100413,3.3713158482195813,-4.05643577332637,0.31080889127235944,-0.07704372789824626,-0.010659905285084965,0.3279371469829419,0.9414923568672994
1785495526.543019056,1789398957.764125,0.099223,3.37404479314966,-4.055701574583294,0.30800416461604446,-0.07930596265415484,-0.010625663058234522,0.32759081774523413,0.9414254700724214
1785495526.643162966,1789398957.863826,0.100144,3.372437449271186,-4.071172770230786,0.3104828715855389,-0.08083301441808934,-0.011190509351271551,0.32680161983166744,0.9415633263652224
1785495526.743489981,1789398957.962350,0.100327,3.3509911717207426,-4.06177752493256,0.3072224587620244,-0.07610885291693249,-0.008573716214967914,0.32462250420360056,0.9427375900336834
1785495526.843552113,1789398958.066171,0.100062,3.329801887081302,-4.056451669507396,0.30398436087636965,-0.07669090155262977,-0.010652663484973547,0.326749659585052,0.9419340137933089
1785495526.943670034,1789398958.167557,0.100118,3.3417761779744737,-4.078564276052646,0.32326069021664927,-0.07509769332843609,-0.009858530443422131,0.32725230158206525,0.9418965319733825
1785495527.043925047,1789398958.285954,0.100255,3.3431034515465807,-4.082369383091354,0.3129403674350109,-0.07485493431382564,-0.010231068156836384,0.3275472868768867,0.9418093431862065
1785495527.144100904,1789398958.361185,0.100176,3.3560384109959256,-4.0784003532345485,0.3106049754000652,-0.07476066772558324,-0.010008768487786266,0.32737306756331847,0.9418797915598177
1785495527.243151903,1789398958.453841,0.099051,3.3518959341207046,-4.064466700979507,0.30037118735165735,-0.07437762257235618,-0.010342779534143906,0.3273732939796203,0.941906429833094
1785495527.343538046,1789398958.557883,0.100386,3.346768440522739,-4.06265732857329,0.3058531351297097,-0.07452149764963305,-0.010127938123577337,0.32749335782007094,0.9418556533997955
1785495527.443715096,1789398958.658124,0.100177,3.347911848680932,-4.065331692166106,0.2991971402007421,-0.0743317703316541,-0.010237303930330824,0.3275021099175831,0.9418664202142104
1785495527.543936968,1789398958.754684,0.100222,3.3399228613490877,-4.06525640864158,0.30711331906041234,-0.07434324963831393,-0.010277155494162497,0.3275381726835569,0.9418525398082657
1785495527.644069910,1789398958.861358,0.100133,3.3534313601925008,-4.069884613674471,0.3039854979786447,-0.07434376311347819,-0.010358690095413807,0.3273416018401127,0.9419199425271679
1785495527.744208097,1789398958.961359,0.100138,3.358783742246203,-4.080595207943988,0.3040573898312175,-0.07441968252108123,-0.010352389642180352,0.32728269427325574,0.9419344865283342
1785495527.843396902,1789398959.061546,0.099189,3.3562560303423807,-4.084202924719122,0.30379310296045714,-0.07458256459572836,-0.010212019191590607,0.3271984516603792,0.941952402700585
1785495527.943689108,1789398959.160600,0.100292,3.349747748899691,-4.097783518784235,0.31116959152636336,-0.07445204784658944,-0.00999317047207528,0.327441411398309,0.9418806459508808
1785495528.044035912,1789398959.258744,0.100347,3.341889784666562,-4.098107566489147,0.3114418378322237,-0.0745392139364179,-0.009514053008528266,0.32738991531648465,0.9418966141409347
1785495528.144150019,1789398959.367161,0.100114,3.3428381826343596,-4.102445239516808,0.3173329206374139,-0.07454843608805102,-0.009262763473980485,0.32738424050628523,0.9419003614808594
1785495528.244206905,1789398959.467939,0.100057,3.3551715161282374,-4.0817382780746705,0.31039949746853257,-0.0746104239044827,-0.009635371507167017,0.32713112933309285,0.94197965396391
1785495528.343290091,1789398959.566140,0.099083,3.374075842386647,-4.061980585732596,0.30311268032365685,-0.07435757073327652,-0.009764105177969188,0.32704923825460086,0.9420267563513282
1785495528.443290949,1789398959.659312,0.100001,3.3742759860418556,-4.05558373553121,0.3025491258503221,-0.0742240743220793,-0.009607076948778931,0.3269187220056252,0.9420842000934627
1785495528.543442011,1789398959.758595,0.100151,3.3822022062460255,-4.073174393617948,0.30542435346615854,-0.07410339788435885,-0.009770120935412038,0.3269512388849586,0.9420807388703426
1785495528.643716097,1789398959.860980,0.100274,3.365790196551441,-4.07448881459644,0.30592642513371154,-0.07483281535428457,-0.009724673144414647,0.3270340329531038,0.9419948098417603
1785495528.743685007,1789398959.958680,0.099969,3.370921630035434,-4.063965887128477,0.30321756798638233,-0.07477522733908841,-0.009935446763711235,0.3271874489013252,0.9419439078604606
1785495528.842823029,1789398960.074840,0.099138,3.364784917805634,-4.082250060143612,0.31112921167316265,-0.074528294255968,-0.0100238620214803,0.3271845457596095,0.9419635494866817
1785495528.942887068,1789398960.167921,0.100064,3.3542293503632252,-4.079298326245665,0.31209191595369506,-0.07429156939665006,-0.009645856677364265,0.3273633144075619,0.9419240842794276
1785495529.042993069,1789398960.264594,0.100106,3.350000389372697,-4.081690099040272,0.30719055444039445,-0.07453889545244075,-0.010031174996444256,0.3274152691519562,0.9418824608830302
1785495529.143189907,1789398960.358860,0.100197,3.3475357196450646,-4.089323473468799,0.3059556556622158,-0.07448491995875679,-0.009997908859817823,0.3274324925127425,0.9418810972538207
1785495529.243484974,1789398960.455669,0.100295,3.3519906630144902,-4.085367814418007,0.30621082934324023,-0.07462233062638741,-0.00986520766477434,0.3271985717511397,0.9419529075774602
1785495529.343656063,1789398960.568707,0.100171,3.3460961617274054,-4.09051610376767,0.31066352235560224,-0.07469342364634213,-0.01057480607807044,0.3276339105078242,0.9417882387382794
1785495529.442902088,1789398960.672636,0.099246,3.3416621207271233,-4.070224212835871,0.30756530173651586,-0.07449747168961995,-0.010076699419348375,0.3275174793843316,0.9418497160048414
1785495529.543204069,1789398960.772843,0.100302,3.349246190636729,-4.065723881295334,0.3057046889485885,-0.07412233921953737,-0.009800026438721568,0.3274947591997579,0.9418901321317241
1785495529.643260956,1789398960.868970,0.100057,3.361695017859871,-4.046262164040358,0.306253514320405,-0.07448490630126922,-0.009591567552146501,0.327352156046296,0.9419132478615136
1785495529.743335962,1789398960.968939,0.100075,3.361772410871909,-4.044073379932247,0.30825223402809293,-0.07433858623215747,-0.00972699780060346,0.32732863947632485,0.9419315908755631
1785495529.843441010,1789398961.068356,0.100105,3.3511100548190305,-4.060043663503178,0.3020018063704756,-0.07435602101908621,-0.009967408301333877,0.32742528268339305,0.9418941114422915
1785495529.942537069,1789398961.169191,0.099096,3.336374121804756,-4.076504405370339,0.31129197721446106,-0.07434221471151498,-0.010043711719066064,0.3275408559951245,0.9418542066693084
1785495530.042603016,1789398961.289083,0.100066,3.349404553561049,-4.077803102077028,0.3115491448907718,-0.07458599591432437,-0.009715885348689007,0.32732489584384483,0.9419134479060035
1785495530.143018007,1789398961.359627,0.100415,3.352937919858483,-4.083021824224847,0.3148892018574414,-0.07444751747765906,-0.009604330125224984,0.32737530257166203,0.9419080290826553
1785495530.243356943,1789398961.451541,0.100339,3.345628718592694,-4.072715118960654,0.3129058597588532,-0.07436340586544588,-0.009504495431310333,0.3272910103029982,0.9419449787591258
1785495530.342643023,1789398961.559482,0.099286,3.361750974773451,-4.073553349918118,0.311894672663227,-0.07425981981201339,-0.010269226218213103,0.32731879399650793,0.941935469791343
1785495530.442946911,1789398961.659977,0.100304,3.365392836968761,-4.0852515879688776,0.3115223327120027,-0.07443811768086109,-0.010157635385624732,0.3271583219724182,0.9419783550823737
1785495530.542120934,1789398961.762633,0.099174,3.3727348813306333,-4.07865767452617,0.3048133182008687,-0.07406981738309057,-0.010086638930970207,0.3271165496792066,0.942022656199883
1785495530.642292976,1789398961.860519,0.100172,3.3703823316228645,-4.085752048537114,0.31265138274281534,-0.0743915664408188,-0.009757678375292978,0.32708356091296853,0.9420122221795735
1785495530.742450953,1789398961.964885,0.100158,3.3818403703496247,-4.10310825599916,0.3125014920322722,-0.07430991146689701,-0.00979831641283051,0.32678832401687774,0.9421207042303529
1785495530.842724085,1789398962.068192,0.100273,3.373097731746009,-4.102457810795655,0.3153328371612034,-0.07473732691418657,-0.010189468495752793,0.32701246958023217,0.942004963594425
1785495530.942992926,1789398962.171267,0.100269,3.3726947034659025,-4.092086337284221,0.3039035924920032,-0.0741643953016768,-0.01034249612338295,0.32695064163535675,0.9420700362381254
1785495531.042372942,1789398962.269289,0.099380,3.37822297293035,-4.09464572565846,0.2972644947787085,-0.07405315140669247,-0.010317105487993344,0.3269626157224392,0.9420749099838227
1785495531.142513990,1789398962.357620,0.100141,3.3718911788380965,-4.083091118250081,0.3063504447866025,-0.0744765860619996,-0.010367223967847223,0.3269778697866292,0.942035684815362
1785495531.242698908,1789398962.461092,0.100185,3.3538654466676774,-4.078933151500766,0.3089322954961753,-0.07454571292085056,-0.010224419406491457,0.327338941870744,0.9419063727716592
1785495531.342822075,1789398962.562700,0.100123,3.3477104606075265,-4.077508773689724,0.30928630621205977,-0.07433290506624882,-0.010082875892949782,0.32746410751222943,0.941881209669966
1785495531.443301916,1789398962.660740,0.100480,3.3592516584006122,-4.076082065264514,0.3093784246390972,-0.07429845328167382,-0.010078158599507529,0.32730318291876137,0.9419399115710311
1785495531.542587996,1789398962.762680,0.099286,3.368046702042763,-4.075361845755722,0.3154115495888531,-0.07487286385265618,-0.01001909455723669,0.3272214713472248,0.9419234473629543
1785495531.642842054,1789398962.861730,0.100254,3.369581744225351,-4.079483020044872,0.31218366129401837,-0.0746790441775002,-0.010051705255793623,0.3271324329331586,0.9419694129351643
1785495531.743146896,1789398962.964109,0.100305,3.361638412320098,-4.0763532595458045,0.3071111213237804,-0.07495599823326762,-0.01059782759614157,0.32709483907751413,0.9419544843716983
1785495531.843357086,1789398963.062985,0.100210,3.352888294392509,-4.072162749299176,0.30754937454921577,-0.07466682168164547,-0.010048793341741946,0.32722896331317713,0.9419368837991852
1785495531.943542957,1789398963.163484,0.100186,3.363390773349947,-4.072832520613981,0.3062460324317669,-0.07463596958592325,-0.009928882766692373,0.3271107754585148,0.9419816505165606
1785495532.042686939,1789398963.264956,0.099144,3.3621231397421942,-4.052921289462535,0.3098634558633745,-0.07441852556536582,-0.010107950746892918,0.32708169433313394,0.9420070475408036
1785495532.142910957,1789398963.366833,0.100224,3.347118706116612,-4.056538060523846,0.30800660411133873,-0.0743632125217317,-0.010004062950118683,0.32732443961990115,0.9419282045758347
1785495532.243108988,1789398963.463799,0.100198,3.349947513795523,-4.062809830609582,0.30246131367780704,-0.07427200794276269,-0.009958757025538466,0.3273311494382743,0.9419335489311731
1785495532.343385935,1789398963.559433,0.100277,3.3540617606330136,-4.058523009856678,0.30218677998599935,-0.07427711338966815,-0.01017492337658104,0.32734193884830337,0.9419270865793237
1785495532.442689896,1789398963.663928,0.099304,3.3489059439493962,-4.063684342845924,0.30393867519778694,-0.07433953142989198,-0.010021015657966561,0.32725635932292696,0.9419535490642149
1785495532.542721033,1789398963.768911,0.100031,3.35492899241173,-4.063785070788196,0.303816228748946,-0.07444618993805435,-0.010110443953723963,0.32724398918392006,0.9419484674172787
1785495532.642709970,1789398963.865157,0.099989,3.3497829836705004,-4.066819129765534,0.3050908527972758,-0.07428642358869661,-0.010005050808164278,0.32734842323174995,0.941925918550081
1785495532.742862940,1789398963.975085,0.100153,3.337679975082334,-4.081010476830374,0.3109868851902481,-0.0744500616063474,-0.0101991417413614,0.3276432746729238,0.9418083936747186
1785495532.842946053,1789398964.070776,0.100083,3.341703950833145,-4.0884510837427,0.31191812376450684,-0.07460867167766877,-0.010105494751784325,0.3275391193534512,0.9418330798923349
1785495532.942985058,1789398964.168157,0.100039,3.3363116289682493,-4.0875094071044105,0.3122106843908298,-0.07441285452572373,-0.010119922038941204,0.32751768632631906,0.9418558697607156
1785495533.043240070,1789398964.265393,0.100255,3.3458031780964066,-4.085691168507353,0.30585623338708284,-0.07423694509506672,-0.010136374808919648,0.3274829864890174,0.9418816398300368
1785495533.142355919,1789398964.372725,0.099116,3.3543736307488374,-4.092485040150705,0.3053414635244308,-0.07416448476092723,-0.009886370427989254,0.32701921787845495,0.9420511238876956
1785495533.242439985,1789398964.480194,0.100084,3.356134529631083,-4.068955771555342,0.3057123968384743,-0.074254481243661,-0.009694538758424779,0.32706113586343505,0.9420314757699001
1785495533.342719078,1789398964.580460,0.100279,3.3599584732597187,-4.081914229228385,0.2972632341897821,-0.07400283424090662,-0.009596267456638965,0.32709064759185896,0.9420420375084925
1785495533.442873955,1789398964.674339,0.100155,3.364692942913203,-4.087296872736558,0.30525917499961225,-0.07424335899124052,-0.009621388908374856,0.32710513484919923,0.9420178253496367
1785495533.543082952,1789398964.764461,0.100209,3.366192548624943,-4.0850366327220415,0.3070634504223591,-0.07435697258988616,-0.009706430599951165,0.32706024681309936,0.9420235776172642
1785495533.642244101,1789398964.881183,0.099161,3.344874006911722,-4.090772456581926,0.31088825275559445,-0.0740427543237319,-0.009559260362059417,0.3273434770684206,0.9419514526206976
1785495533.742284060,1789398964.969407,0.100040,3.355592604316814,-4.068988682981496,0.30229214828623524,-0.07398044783064646,-0.009758945895088437,0.32710535461730683,0.9420370180064473
1785495533.842295885,1789398965.063530,0.100012,3.3443766291489903,-4.074754284401596,0.3077977618929298,-0.0742474378945284,-0.009791107315647033,0.3272663874519239,0.9419597463946104
1785495533.943303108,1789398965.157196,0.101007,3.3427874615118873,-4.073531455421123,0.30958617265615673,-0.07419690127976519,-0.01005406256242371,0.327398578600639,0.941915020793677
1785495534.042402029,1789398965.251112,0.099099,3.3583082201469456,-4.068683194221741,0.3115981861441246,-0.07446342268644854,-0.009888123782748528,0.32715350608804245,0.9419808953180406
1785495534.142453909,1789398965.364451,0.100052,3.364803208746167,-4.0733105073918665,0.2994800466201374,-0.07409035876270043,-0.010039940959766288,0.3269895587913749,0.9420656276318337
1785495534.242629051,1789398965.462396,0.100175,3.339835540092525,-4.066835221784203,0.30524397315685353,-0.07419301742328595,-0.010058311262654876,0.32726477774551116,0.9419617783049123
1785495534.342773914,1789398965.559867,0.100145,3.330733045227825,-4.071589571994274,0.29837493077623223,-0.07373646373794837,-0.010064033344996032,0.32743448851658574,0.9419385886978698
1785495534.442023993,1789398965.663016,0.099250,3.3278077649114994,-4.066503754638235,0.30624848733947535,-0.07429975508310191,-0.009916523188636889,0.327748945100777,0.9417865139976088
1785495534.542992115,1789398965.765517,0.100968,3.3427617156191802,-4.060809400852468,0.3011775597362449,-0.074299227159445,-0.009741950072445061,0.3273782943154645,0.9419172849371605
1785495534.642234087,1789398965.861843,0.099242,3.3483157947537663,-4.049523754511914,0.3071791862475058,-0.07437496150133915,-0.009799879625464844,0.32741837334245727,0.9418967757980595
1785495534.742373943,1789398965.970891,0.100140,3.3457972825060036,-4.053566079659114,0.30383494614950474,-0.07427222518350002,-0.01021580027905506,0.3272755892052079,0.9419500850370649
1785495534.842576027,1789398966.070707,0.100202,3.3584108287844825,-4.067141857626522,0.30161376077138946,-0.07434521174676813,-0.010015946222862148,0.32746972140635744,0.941879000654347
1785495534.942692995,1789398966.171375,0.100117,3.3516355365609884,-4.061927942905962,0.30310768479320316,-0.07409337981389841,-0.009906903320333402,0.32736013137487346,0.9419380917664284
1785495535.041914940,1789398966.273599,0.099222,3.355575544145979,-4.048397615763584,0.30598334250592485,-0.07397138280096754,-0.01020172092768578,0.3273897154923387,0.9419342512120853
1785495535.142090082,1789398966.371296,0.100175,3.358125138179687,-4.05714992421035,0.31037100017028807,-0.07412894364559483,-0.010282131409409975,0.32738332806650156,0.9419232102415617
1785495535.242273092,1789398966.470659,0.100183,3.35833302693444,-4.063439508660098,0.3102158911513327,-0.07451872101107852,-0.009980193038797991,0.32730065674496867,0.9419244322450149
1785495535.342308998,1789398966.571448,0.100036,3.355622155474406,-4.068909267353187,0.3095506314703773,-0.07501334784394563,-0.01015855595127268,0.32723526604887326,0.9419059836523767
1785495535.442456007,1789398966.671655,0.100147,3.357173953270006,-4.052825940012283,0.30330439099181766,-0.07428144288372678,-0.009498725406398945,0.3271125700601087,0.9420134860857544
1785495535.542512894,1789398966.772521,0.100057,3.3484542179097,-4.042253451433227,0.3066697271307585,-0.0743630073880165,-0.010238397793320354,0.3272522141338336,0.9419507984429648
1785495535.642587900,1789398966.869580,0.100075,3.3481843631332135,-4.045844139309006,0.29952236160039936,-0.07421869721574838,-0.010297996619275697,0.3272629531961454,0.9419577993278488
1785495535.741935015,1789398966.981485,0.099347,3.340717920042526,-4.063053398698665,0.30073209798014783,-0.07417581041475914,-0.009881853681541035,0.3274604747396084,0.9418969877860532
1785495535.841932058,1789398967.060394,0.099997,3.3361962122635056,-4.048372098579402,0.30767028141691194,-0.07383001552786442,-0.00980746631586716,0.32757546597999443,0.9418849486532885
1785495535.942256927,1789398967.154898,0.100325,3.341701170977473,-4.046219652585338,0.3155616653268428,-0.07402501702094785,-0.009892717676267567,0.3274690717111868,0.9419057479730334
1785495536.042289019,1789398967.258282,0.100032,3.3539436646850285,-4.0488012432929406,0.3039935755315469,-0.07487094636940084,-0.010291208076192727,0.3276637726551951,0.941766894998676
1785495536.142537117,1789398967.353226,0.100248,3.3618705721737556,-4.045661860012755,0.3055996884210401,-0.08300057713769222,-0.013054375057574459,0.32833787506025014,0.9408159901317503
1785495536.242769957,1789398967.458793,0.100233,3.3878906041882573,-4.0662058455356,0.31025734928593274,-0.09431886756809647,-0.017359956400208383,0.32858216374467003,0.9395937126244117
1785495536.342072010,1789398967.562602,0.099302,3.383738868286302,-4.084522844649661,0.3150581145074062,-0.09972588791374225,-0.026936274583180046,0.3310696361301351,0.9379350086354892
1785495536.442212105,1789398967.661764,0.100140,3.4022222218526803,-4.119740538753217,0.32776535079032765,-0.09085818616279424,-0.03258706411114889,0.3350704552192375,0.9372356498229225
1785495536.542520046,1789398967.762304,0.100308,3.4345850472323267,-4.156099649123687,0.3386579315196111,-0.08266729517489192,-0.026531943398189595,0.33347302368936743,0.9387533844197065
1785495536.642672062,1789398967.862788,0.100152,3.476246661994351,-4.19619983121353,0.352594321273053,-0.07833763065577173,-0.013639703171124439,0.3319886601140595,0.9399259032904216
1785495536.742815018,1789398967.965022,0.100143,3.516635204376083,-4.24072233497681,0.3418329414230641,-0.07713877504545853,-0.002182317632281496,0.33062570032113725,0.940601665510643
1785495536.841965914,1789398968.062958,0.099151,3.5686338082030775,-4.295489656469933,0.3435748812570825,-0.06806706359639131,8.624640653132751e-05,0.33410401396345996,0.9400751966031368
1785495536.942136049,1789398968.159644,0.100170,3.592530623738576,-4.3368551370358395,0.3544539129891455,-0.05608053889496389,-0.001873651018668678,0.3335935086010803,0.941045606550677
1785495537.042120934,1789398968.249936,0.099985,3.6308677032488155,-4.3800696661903755,0.35676729794772494,-0.044484396069692414,0.010711733397483797,0.33170377740820856,0.9422733156187019
1785495537.142154932,1789398968.358126,0.100034,3.694423131281451,-4.430249039089197,0.3716491595213949,-0.030478756358514523,0.02455842797741205,0.3307086582717658,0.9429208409883647
1785495537.242472887,1789398968.459788,0.100318,3.7188110331559905,-4.4791186478988765,0.369616541615417,-0.022520847993639348,0.02685339937682878,0.3317277207394677,0.9427239392529255
1785495537.342708111,1789398968.560791,0.100235,3.7518095485500145,-4.525966869604634,0.38074441001593673,-0.02189184633887804,0.02185881329930556,0.33133707877971197,0.9430051323141079
1785495537.441881895,1789398968.657730,0.099174,3.78231368776824,-4.543870740789183,0.3848443942874075,-0.02268234829742609,0.02258146979820273,0.32671496091451113,0.9445808184650462
1785495537.542048931,1789398968.766248,0.100167,3.8155230951531283,-4.586086422990241,0.37527248958022386,-0.022201838897755826,0.027456368475647988,0.326800669976907,0.9444334536018576
1785495537.642014980,1789398968.867712,0.099966,3.8366621139760606,-4.617085929660133,0.36990337694054065,-0.01681624652748179,0.029086935418407008,0.33004594352495353,0.9433667575250971
1785495537.742336035,1789398968.967230,0.100321,3.8509045935605237,-4.649052232023369,0.37734797523086006,-0.014730890066828074,0.02009814763329898,0.3298337946842494,0.9437100896057738
1785495537.842365980,1789398969.069153,0.100030,3.867377237189125,-4.675387521476145,0.3772075078261113,-0.021125105249573287,0.01660862467706804,0.3254584879831992,0.9451744051307254
1785495537.942456007,1789398969.169002,0.100090,3.887425181438955,-4.701591865637856,0.3750500464707743,-0.027791261185418234,0.018670209320073294,0.32403200752904304,0.9454535034481425
1785495538.042645931,1789398969.269642,0.100190,3.930099996720959,-4.730858316172243,0.37094667470777887,-0.02355850997516291,0.018007896188195472,0.3270142183253544,0.9445540817209371
1785495538.142688990,1789398969.367824,0.100043,3.9448519719961146,-4.757870275185471,0.3740202120680153,-0.02906727430810002,0.014935240362562299,0.32852382398027224,0.9439301506133753
1785495538.242930889,1789398969.469241,0.100242,3.977686860949557,-4.818480511072271,0.37285198550883747,-0.023413650494685318,0.010183141598629014,0.3312772172389963,0.9431879504828726
1785495538.342948914,1789398969.568820,0.100018,3.9886743825483153,-4.852253550651482,0.39026890449972007,-0.02645354869064261,0.005471512503326007,0.3312977597260829,0.9431394736268207
1785495538.442174911,1789398969.666353,0.099226,3.995453137268972,-4.86497404821379,0.405829818262205,-0.04318748887727151,0.0042079841251965785,0.32905405329077464,0.9433136083440065
1785495538.542155027,1789398969.778381,0.099980,4.022071064722166,-4.876409660187806,0.40974470909327354,-0.05541735970827159,0.0029889534797945872,0.3289316996094813,0.9427215492350207
1785495538.642354012,1789398969.870081,0.100199,4.0481588881656,-4.919769425872365,0.40714697532715305,-0.05823155391155061,-0.0014425333942846333,0.3300313223250013,0.9421710733783243
1785495538.742532015,1789398969.984098,0.100178,4.0734199592489295,-4.969153940944241,0.41613030946008644,-0.056974684860125004,-0.005541513975416448,0.3299561039598835,0.9422590654207389
1785495538.842628002,1789398970.063760,0.100096,4.107512628676721,-4.996090828478084,0.41957677332622606,-0.05615718924805979,-0.01397934615127553,0.331718987489444,0.9416015406295375
1785495538.942780018,1789398970.152698,0.100152,4.102209627648663,-5.0137614343749854,0.41713656027365387,-0.06651512962599297,-0.014034033819662345,0.33193317059737704,0.9408502291452974
1785495539.042124987,1789398970.259712,0.099345,4.121240724571645,-5.045124196447678,0.4256724915318617,-0.07003829490040368,-0.02539477372578829,0.33639663502918077,0.9387688994933227
1785495539.142414093,1789398970.350052,0.100289,4.124129751439848,-5.056184865893027,0.4512064727589542,-0.0859548890212062,-0.035658742530647485,0.3372480120068783,0.9368052036212723
1785495539.242826939,1789398970.460706,0.100413,4.152317366208105,-5.0900763113894065,0.4523318979634342,-0.09159221395888287,-0.029497487386891702,0.3275108861892755,0.9399347764645619
1785495539.342044115,1789398970.578995,0.099217,4.230524486919396,-5.135482647864869,0.4570600216446454,-0.07483023951523819,-0.02234616142089207,0.325941765797846,0.9421587178561931
1785495539.442133904,1789398970.664225,0.100090,4.2775382203711745,-5.1980871967763305,0.4611283729847223,-0.04180924043467498,-0.020074925365260506,0.3283281018435989,0.9434244232187516
1785495539.542277098,1789398970.761887,0.100143,4.333155817181537,-5.2365524543810595,0.4662838314250841,-0.03278706896690616,-0.01685580847429973,0.331186478385805,0.9428448474503351
1785495539.642302990,1789398970.854100,0.100026,4.329422630636211,-5.268544830216067,0.43777381785839853,-0.04136409228693701,-0.011125209004498765,0.3274119329686987,0.9439103070438337
1785495539.742410898,1789398970.961731,0.100108,4.339494132182734,-5.295354212911633,0.43748511474591134,-0.04579670656740152,-0.019209975737550025,0.33412523418717555,0.941219403953779
1785495539.842477083,1789398971.053319,0.100066,4.339820770902974,-5.325000903902302,0.4509271024438249,-0.04577313768200158,-0.031123586512561842,0.3377193050174973,0.9396179081136322
1785495539.942581892,1789398971.164130,0.100105,4.3772871815895975,-5.365861369574893,0.4537397353597341,-0.03400721751878267,-0.029860372501156748,0.3426792321415055,0.9383617698785637
1785495540.041893959,1789398971.266205,0.099312,4.442929575578146,-5.436690120106185,0.46486378729250744,-0.00172415103073086,-0.014379975765316003,0.34545101692652636,0.9383250175203903
1785495540.142131090,1789398971.366738,0.100237,4.486940001096462,-5.5014767213312314,0.4662269276605391,0.018529822601968664,0.011254600287958933,0.33930269524779477,0.9404273819090339
1785495540.242521048,1789398971.466201,0.100390,4.574072357706017,-5.524073185710676,0.45175741185569346,0.020872045187822583,0.03798712567764859,0.339427986393653,0.9396328953720054
1785495540.341924906,1789398971.562368,0.099404,4.618725893220534,-5.549743278624574,0.4464300361650694,0.014676948327443463,0.04490099581582625,0.3374830140119278,0.9401455754381689
1785495540.442110062,1789398971.660706,0.100185,4.632884877091658,-5.556627070360748,0.4553513878815449,0.0018912201973232165,0.034550398289992186,0.3421643034836299,0.9390028129274856
1785495540.542337894,1789398971.762592,0.100228,4.636522215340334,-5.567775130522796,0.4526055612553318,-0.007965482986784964,0.020083253614943442,0.34678449951195545,0.9376959661336225
1785495540.642560959,1789398971.901358,0.100223,4.649489136009621,-5.601956809000423,0.46886565678225844,-0.006548844876239467,0.021037474982934012,0.3449398285110401,0.9383661609328757
1785495540.742696047,1789398971.966114,0.100135,4.69526364691113,-5.642010196430513,0.481276040900788,-0.002229332365250723,0.0345581273265202,0.34391270770647436,0.9383628378142915
1785495540.841949940,1789398972.092910,0.099254,4.745055581759744,-5.656603472475895,0.45768537438359624,-0.007433559574004524,0.03323392083138292,0.3452432141291598,0.937895181667973
1785495540.942255974,1789398972.182327,0.100306,4.755866930328395,-5.6890212640460405,0.4675236102836259,-0.011032806620561603,0.024932759413353357,0.351895487838615,0.9356421326153137
1785495541.042241096,1789398972.276323,0.099985,4.771541464898952,-5.7252789682768555,0.4495540786032366,-0.009441911245043313,0.029503014150944334,0.3474446862506946,0.9371886749551588
1785495541.142383099,1789398972.379998,0.100142,4.81793714527302,-5.749943184829831,0.441412091425837,-0.011407261214482673,0.03551920114657196,0.3454726255276023,0.9376870084162193
1785495541.242625952,1789398972.495066,0.100243,4.858444086577682,-5.787612633356124,0.43160226178273686,-0.01661345168315557,0.03619630335763346,0.3473087747388395,0.9369047101150787
1785495541.342782974,1789398972.569361,0.100157,4.885010895418526,-5.837617562416612,0.4359572334092988,-0.012914439280262232,0.03538799782391263,0.34880542180613316,0.9364377633279943
1785495541.442091942,1789398972.686091,0.099309,4.896273665751025,-5.87002300734863,0.4334948727419123,-0.006778222535291518,0.03107493831998971,0.3484060456744402,0.9368039449346756
1785495541.542289019,1789398972.819079,0.100197,4.9278995243198125,-5.903454265455167,0.4411199853338198,-0.0033223246832313306,0.03176197190495021,0.3472633084008411,0.9372237373956714
1785495541.642374992,1789398972.878508,0.100086,4.961497255247911,-5.9334165460129356,0.44455701829285055,-0.0018871214040914158,0.03669357937618731,0.3488220089466957,0.9364684864317437
1785495541.742597103,1789398973.019393,0.100222,4.995967383968707,-5.974922219703131,0.4481459853801645,0.0044045240212092305,0.03584250008219771,0.3506555493861587,0.9358079936828363
1785495541.842089891,1789398973.073611,0.099493,5.005285978983878,-6.017126006305367,0.4605368816491289,0.005612459523227826,0.029641909574238245,0.3494692167328685,0.9364620248846229
1785495541.942212105,1789398973.199948,0.100122,5.023714264960527,-6.046685617062212,0.46907479978350797,0.001530090827100207,0.02844070245062675,0.34901400549784645,0.9366845836419668
1785495542.042314053,1789398973.281549,0.100102,5.049055773692806,-6.077878214408133,0.44975483829532314,-0.0030092487412824455,0.031077190864281793,0.3477675574390425,0.9370607657045942
1785495542.142435074,1789398973.369502,0.100121,5.097953957773592,-6.109559383430947,0.44572063045735544,-0.001982754799957088,0.0313564789975274,0.35083539676696585,0.9359099124828449
1785495542.241699934,1789398973.490186,0.099265,5.125313488485694,-6.129982033762275,0.44491395379165,0.0010969844599340178,0.02816221798364746,0.3516667869181026,0.93570089082037
1785495542.341916084,1789398973.569432,0.100216,5.179265786396558,-6.1682120184822296,0.45475343793064205,0.0030046120255077646,0.03423978483169048,0.3505010735744308,0.9359314114102737
1785495542.442147970,1789398973.701184,0.100232,5.21371449725602,-6.18170100800494,0.43693812870529936,-0.0012192302096050924,0.0403109484119283,0.35256539993698516,0.9349177395274413
1785495542.542376995,1789398973.762015,0.100229,5.215410599900112,-6.2028495727388515,0.44712346616262044,-0.00017605257456156006,0.038348674906618925,0.3531057769027619,0.9347971215489991
1785495542.642612934,1789398973.903981,0.100236,5.2344147556449,-6.231739444408223,0.4500975033513894,0.00014171934871618595,0.03790055378124861,0.3556271781096501,0.9338591104275141
1785495542.742722034,1789398973.967454,0.100109,5.267431460446845,-6.253419606743448,0.45595062394810354,-0.0003801522883202851,0.037197739318214185,0.35728182881344617,0.9332555268915214
1785495542.841959000,1789398974.110438,0.099237,5.277070661240938,-6.27990878391246,0.4532382812440459,8.674300504645968e-05,0.038275506517726814,0.35646169703507075,0.9335255950552935
1785495542.942147017,1789398974.169808,0.100188,5.279149852400045,-6.292817939153168,0.445399832195985,0.006859016709362094,0.04347728666899612,0.35634660679607655,0.9333165461185209
1785495543.041949034,1789398974.309620,0.099802,5.26915246140714,-6.295531122080708,0.436266344082212,0.0004336897455345476,0.03846404457137985,0.35697248707849644,0.9333225448136395
1785495543.142191887,1789398974.362341,0.100243,5.254025079479006,-6.307395290166508,0.45288935817193254,-0.0027954557550409994,0.036018337550281755,0.3569154779298404,0.9334378428161937
1785495543.242270947,1789398974.503116,0.100079,5.279222612678142,-6.299837325622073,0.4622171463233353,-0.0007273177644210816,0.03829713141036067,0.35636923653689856,0.9335597292003952
1785495543.341603041,1789398974.568043,0.099332,5.2797709232469865,-6.30306339869142,0.46121876063968925,-0.0012752705897684587,0.03786572515761259,0.3562506618499586,0.9336219933542039
1785495543.441692114,1789398974.694706,0.100089,5.27929555285487,-6.299407900632248,0.45683844902741644,-0.0015295959823443115,0.0376670786520297,0.35631789952760046,0.9336039877797176
1785495543.541955948,1789398974.771353,0.100264,5.276496768135575,-6.296832715133505,0.448211786692796,-0.0009879050274625213,0.03780201094036016,0.3564992322565663,0.93353003669566
1785495543.641858101,1789398974.883852,0.099902,5.271593958938024,-6.287582569763434,0.45244420530290336,-0.0011597296957036774,0.03792803616874463,0.3564606149119691,0.9335394737856542
1785495543.742126942,1789398974.975279,0.100269,5.263805897841014,-6.279613457948692,0.4488651181631912,-0.0007375101692889257,0.037894377403307124,0.35661936413274764,0.933480637916781
1785495543.842000008,1789398975.079826,0.099873,5.269182112076762,-6.266948572368672,0.44896995186731875,-0.000646373533156952,0.03800922352554386,0.35656038275154883,0.9334985669942455
1785495543.942137957,1789398975.175334,0.100138,5.258206813125795,-6.273108164693343,0.4496919895684036,-0.0007555527029063997,0.038211852879482415,0.3566669183616902,0.9334495127140007
1785495544.042228937,1789398975.275723,0.100091,5.265864175280159,-6.262928171969061,0.4509549928488594,-0.0012404989761092167,0.03742610056977149,0.35681423994678785,0.9334245263167384
1785495544.141464949,1789398975.387639,0.099236,5.271675638651886,-6.266213760766551,0.4490522013876728,-0.000959302809475767,0.037524900604411576,0.3565977168661247,0.9335036314330094
1785495544.241669893,1789398975.473917,0.100205,5.277514134555413,-6.25958950891566,0.454686292575066,-0.0010438494717465055,0.037487789872512334,0.35649126227137184,0.9335456903188609
1785495544.341825008,1789398975.590232,0.100155,5.275920981733135,-6.271672951251257,0.4539608704932698,-0.0010520023449838165,0.03696302506393676,0.3566834790127926,0.9334931836218835
1785495544.441857100,1789398975.670599,0.100032,5.275851443083679,-6.289170400053477,0.44604118182565367,-0.0008239750706556635,0.03740339943309351,0.3564880195985678,0.9335505335323967
1785495544.542045116,1789398975.795169,0.100188,5.260504838180579,-6.294000185445594,0.4465626125826723,-0.0005635296909227233,0.037742498932436745,0.3566556032571646,0.9334730670318723
1785495544.641303062,1789398975.870185,0.099258,5.256045667425115,-6.315107411644449,0.45567816407232686,-0.0006802222528301898,0.03782145874623157,0.35669055591378557,0.9334564381254802
1785495544.741516113,1789398975.982120,0.100213,5.27224581281376,-6.300241428543859,0.4529938875580324,-0.000626936846618099,0.03789623607254306,0.35636946580629797,0.9335760740735904
1785495544.841653109,1789398976.076921,0.100137,5.279803936400746,-6.3025527309321205,0.4505339577686765,-0.0010193129654244362,0.037921784130518464,0.3563469417201765,0.9335832884194714
1785495544.941682100,1789398976.177539,0.100029,5.266320063871349,-6.303461864532998,0.45186782401407777,-0.0007908891751666061,0.038090692600392634,0.35651131997353286,0.9335138736849411
1785495545.041691065,1789398976.277527,0.100009,5.266359278201616,-6.294158349961035,0.4460305470514031,-0.0006466313800286806,0.03777255767296359,0.35669251075617214,0.9334576950912982
1785495545.141921043,1789398976.380352,0.100230,5.258620025614441,-6.296877402501331,0.4538914449917288,-0.0009331235298081447,0.038204941699237,0.3566829269701542,0.9334435180117968
1785495545.241030931,1789398976.477985,0.099110,5.267502354462481,-6.294845494459468,0.45305092438759476,-0.000998662785616383,0.03760535160860176,0.3566983933005258,0.9334618880382087
1785495545.341226101,1789398976.541271,0.100195,5.272781081602732,-6.308742844732218,0.4640724411699837,-0.001325942593788254,0.03730998906254745,0.35669971854948246,0.9334728262671124
1785495545.441308022,1789398976.656293,0.100082,5.276068396397109,-6.320927037214498,0.4572158744638497,-0.0013480399211920292,0.037238981618023324,0.35650351797360624,0.9335505785488357
1785495545.541501045,1789398976.756635,0.100193,5.261687023781941,-6.324446239606847,0.45666671067783904,-0.0011956137413313248,0.03737739131550903,0.3567002441367529,0.933470105016229
1785495545.640664101,1789398976.850798,0.099163,5.260140288669882,-6.318254766525505,0.45100400103440696,-0.000948705387313568,0.03782657923765524,0.3565796599337718,0.9334983642100189
1785495545.740758896,1789398976.952450,0.100095,5.272681470435447,-6.319555965205559,0.4597508399851239,-0.0013890160323076605,0.03754904692120669,0.35666141339258856,0.9334777854381817
1785495545.840857029,1789398977.060260,0.100098,5.279179500414773,-6.3018533377385095,0.4688098825796031,-0.0027342267051660143,0.0368527672530112,0.35732092990221165,0.9332503150837608
1785495545.940897942,1789398977.158679,0.100041,5.274097619807818,-6.304003908557114,0.4604384339808202,-0.0109220588389856,0.03319039533000684,0.35922623166101364,0.9325961724000283
1785495546.040826082,1789398977.255867,0.099928,5.304557720879676,-6.329647638848248,0.44922619325272234,-0.015449598307819428,0.02716122464835614,0.36277639350866625,0.9313521708250719
1785495546.140906096,1789398977.361846,0.100080,5.343710645628932,-6.371082057053305,0.456170701750404,-0.007882120298740278,0.032813524679065134,0.364550653090913,0.9305718489771336
1785495546.241136074,1789398977.465853,0.100230,5.415011600186976,-6.395081560991422,0.4479854689994155,0.010089050565586797,0.045077730146707344,0.36555843882505284,0.9296414562116385
