stamp_sec,recv_wall_sec,accepted_gap_sec,x,y,z,qx,qy,qz,qw
1785495427.853138924,1789399021.028291,0.000000,-0.010879565481500517,-0.024639498835012243,-0.003441829621751602,-0.01878816001687738,0.0024622565723261465,0.00027945273036236577,0.9998204159957546
1785495427.953464031,1789399021.033616,0.100325,-0.011813938757517687,-0.01608885199201939,-0.004389468000395191,-0.018775069840112183,0.002477541649973656,0.0002838913057089974,0.9998206228847243
1785495428.052647114,1789399021.060034,0.099183,-0.05143853037413475,-0.02586810496413313,-0.004622107300405742,-0.01855849080893344,0.002750379939764905,0.0005018829320324261,0.9998238674599662
1785495428.152858019,1789399021.179372,0.100211,-0.034189580103141944,-0.01893759353833338,-0.004314342586232589,-0.01839987570468219,0.002602868344860688,0.00034409132368295363,0.9998272607063645
1785495428.253067970,1789399021.282140,0.100210,-0.020005452634106375,-0.025508479391500156,-0.010798467550948598,-0.01859297688170443,0.0025148757018925785,0.0002802201949530854,0.999823933544063
1785495428.352382898,1789399021.375287,0.099315,-0.016928979122420817,-0.035117934059957265,-0.005113599924759904,-0.018494303764271264,0.002536775932869849,0.00029119094767952105,0.9998257051626415
1785495428.452474117,1789399021.480791,0.100091,-0.01418027837410113,-0.03315735604000058,-0.002001592676153019,-0.018425885334524553,0.0022057491789342332,0.000491051215084427,0.9998276752965497
1785495428.552761078,1789399021.573762,0.100287,-0.009463716029605392,-0.024111688429359304,-0.007440062246749424,-0.018277033513647244,0.0022427450624059883,0.0003079359197089854,0.9998303982756253
1785495428.651973009,1789399021.679597,0.099212,-0.008561487382186206,-0.01663628535598875,-0.01323628649166303,-0.01836762430239256,0.002037213155736271,0.00039566624967104965,0.9998291471987917
1785495428.752245903,1789399021.783789,0.100273,-0.010610972245208971,-0.024018106376697268,-0.00846736986406521,-0.018488415312665683,0.0020868659164809907,0.00037706578055237555,0.9998268256609593
1785495428.852550030,1789399021.856864,0.100304,-0.0014388773906521893,-0.03290258435531056,0.00020986460539867968,-0.018641769474645745,0.0021813530543866493,0.00021509017615429742,0.9998238244140426
1785495428.951936007,1789399021.984147,0.099386,-0.006682007186684987,-0.03285658616091149,0.002267810879332033,-0.018720439022205094,0.0021971173039278223,0.0002983062186664449,0.999822298636997
1785495429.051964045,1789399022.060746,0.100028,-0.003219781632230967,-0.049386792581156656,-0.003249223026377146,-0.018708425564562096,0.002327789340733883,0.0001134714129169012,0.9998222658722493
1785495429.152035952,1789399022.180135,0.100072,0.0056145665714399315,-0.04456707454609664,-0.00024767610060888456,-0.01861831521958197,0.002414254317116866,8.141367256684225e-05,0.9998237460104108
1785495429.252379894,1789399022.261733,0.100344,-0.012959034952690136,-0.043716677309447505,-0.0006463688223931618,-0.018855929850793044,0.002434442427820304,0.00020928130945372669,0.9998192254607136
1785495429.351785898,1789399022.378308,0.099406,-0.028271533009658237,-0.037957839412120116,-0.004264723569617268,-0.0185847735718336,0.0025053357681854263,0.000523586423078766,0.9998240121847594
1785495429.452049017,1789399022.477340,0.100263,-0.03399701625245805,-0.024659061921900392,-0.005372456020351912,-0.01853492153164909,0.0028992550817833257,0.00042938153286726605,0.9998239178151749
1785495429.552469015,1789399022.578642,0.100420,-0.025744748261404018,-0.017997883017851143,-0.0023365138825103826,-0.01847205744394032,0.0024974252563716094,0.00023370684502225364,0.9998262305730867
1785495429.651681900,1789399022.686494,0.099213,-0.01647292410980047,-0.014511258855510654,-0.0034439866537991914,-0.01847183073979615,0.0025849066229761816,0.0003709202975268123,0.9998259709294431
1785495429.751981974,1789399022.775170,0.100300,0.0029460337725513777,-0.017116079584098387,-0.008542319992524694,-0.01843455179821377,0.002034610105077676,0.00027748272955059757,0.9998279605337381
1785495429.852205038,1789399022.870249,0.100223,0.004487769241961134,-0.01690137083169506,-0.009486308223093765,-0.018558635900415083,0.0020522278907961896,8.000087560972538e-05,0.9998256643005619
1785495429.951565027,1789399022.976420,0.099360,-0.0018947947995466147,-0.030617837520692283,-0.008752552344000575,-0.018762703071339905,0.0025073040164799213,7.659919556849083e-06,0.9998208211181397
1785495430.051863909,1789399023.086842,0.100299,-0.005321226570077064,-0.027297726361568377,-0.008070235765138878,-0.01881871856469371,0.0024096017786560276,3.3373708686954336e-05,0.999820008069976
1785495430.152066946,1789399023.159478,0.100203,-0.009500577875812124,-0.02992016688472487,-0.0073532438455367055,-0.018456208859169973,0.0020945677975988102,6.332717580996904e-05,0.9998274736823133
1785495430.251229048,1789399023.290066,0.099162,-0.015055416863393251,-0.02212427159480672,-0.0032013205352980356,-0.01871290489784017,0.0023660498778279825,0.00019076904076707085,0.9998220804750378
1785495430.351475954,1789399023.370414,0.100247,-0.013519998283776508,-0.020441187720175447,-0.004556976677041635,-0.018816420899465468,0.0020152729057883773,0.0003563581330827665,0.9998208609488654
1785495430.451785088,1789399023.491996,0.100309,-0.003629977116767359,-0.022522308359828234,-0.005122199943574601,-0.018525660589611817,0.002070856452311825,0.0003031909143221252,0.9998261946601229
1785495430.552309036,1789399023.552820,0.100524,-0.017566375239740233,-0.01595524992284525,-0.0087808727315965,-0.018787696787677225,0.0023354476611063277,0.000520158205322341,0.9998206326982245
1785495430.652524948,1789399023.691278,0.100216,-0.01714665102553353,-0.015145761161310209,-0.0011920729551513354,-0.01868249510853328,0.002332166241455455,0.0005043961939329734,0.9998226197489339
1785495430.751563072,1789399023.750395,0.099038,-0.012048606094106771,0.0011696864898595258,-0.009252026500590371,-0.018334909784367723,0.002217154617181263,0.0004877229764893229,0.999829324152328
1785495430.851839066,1789399023.894952,0.100276,-0.012955425509834476,-0.006074153871097663,-0.012969217111437614,-0.01838688510145977,0.002617746975224143,0.00029396198499113897,0.999827476839575
1785495430.952213049,1789399023.945998,0.100374,-0.014097850562017403,-0.020735156418500718,-0.0033976725153470055,-0.01856679920621518,0.002363038177434835,0.00042504608026205866,0.9998247393186657
1785495431.052498102,1789399024.093844,0.100285,-0.00767018719262369,-0.01888521903741459,-0.004849854511671525,-0.018607168979338305,0.002487005061378584,0.0002261645861244691,0.9998237529274743
1785495431.152724028,1789399024.151726,0.100226,0.002639118597417549,-0.008238162889863395,-0.00721047129074448,-0.018739009879803675,0.0020455395921896214,0.0002912292799897808,0.9998222744378161
1785495431.251972914,1789399024.311328,0.099249,0.001121503644779781,-0.0042858918464501825,-0.001878562802097139,-0.018657120106789927,0.0022711041107202966,0.00017603087874916657,0.9998233458809456
1785495431.352257013,1789399024.363426,0.100284,-0.005676061993753551,-0.005753406833163804,-0.005657373254238762,-0.018631062107007424,0.002654963984070983,0.000317534210487154,0.9998228512406752
1785495431.451512098,1789399024.503711,0.099255,-0.007241515823334002,-0.02438580499679898,-0.0033274393530815516,-0.018609283533504963,0.002409666240623589,0.00026993636327411123,0.9998238920976725
1785495431.551650047,1789399024.554775,0.100138,-0.019285889608405746,-0.022500064567911655,-0.010172112504658049,-0.01867650931597075,0.0021150320019465763,0.00027270129097316297,0.9998233045260583
1785495431.651865959,1789399024.701775,0.100216,-0.014350429234684273,-0.02779096045568146,-0.01112060442606877,-0.018652260368472316,0.0025957816519039867,0.0002217044837352342,0.9998226372451687
1785495431.752110004,1789399024.757654,0.100244,-0.012704092855410132,-0.020893651662651315,-0.012084796788724872,-0.01821721958765132,0.0023683374839254313,0.0002518206235555523,0.999831215993195
1785495431.851408005,1789399024.891533,0.099298,-0.0021532756080594948,-0.019722443768068948,-0.007483004536374072,-0.018392748947966536,0.00234435587963061,0.00017982285697669645,0.9998280744434949
1785495431.951628923,1789399024.931463,0.100221,-0.009130779099435698,-0.02762241674591677,-0.010157934469157803,-0.01827863098124847,0.0019391810344965886,0.0003512412614286762,0.9998309896457216
1785495432.052097082,1789399025.100513,0.100468,-0.010614602400388078,-0.03386073275543153,-0.010021840285666495,-0.01857056519347946,0.002403393944926232,0.0002925557534336806,0.9998246207295914
1785495432.152303934,1789399025.161685,0.100207,-0.00605503920253915,-0.038914375913076296,-0.009758130098419637,-0.018525954069764324,0.0021222033364047565,0.00038014391403086477,0.9998260552563174
1785495432.251545906,1789399025.298351,0.099242,-0.009540476478757692,-0.023697631839490495,-0.01019740956781251,-0.018469546501782345,0.002361447698738942,0.0002832861532812119,0.9998265945481446
1785495432.351875067,1789399025.355647,0.100329,-0.009950513287460088,-0.021818407419513353,-0.004875659574886282,-0.018717857673414388,0.0023225241629315535,0.0002830293144053938,0.9998220679601134
1785495432.451059103,1789399025.504963,0.099184,-0.010606085479193325,-0.019000500451134758,-0.00790108246824378,-0.018506034315839588,0.0022615056790705433,0.0004034562223920568,0.9998261096355912
1785495432.551098108,1789399025.570274,0.100039,-0.016868509526772355,-0.01796456964537757,-0.009775991853382515,-0.018578295177925763,0.0022553472734974,0.00025637525673206403,0.9998248319724238
1785495432.651318073,1789399025.675448,0.100220,-0.008981724713202844,-0.026485988763330737,-0.005948174734339229,-0.018626289974367178,0.0022756905584873305,0.00022258946624781312,0.999823900998672
1785495432.751388073,1789399025.770028,0.100070,-0.0022159288065388,-0.01918349345015479,-0.00748687779390278,-0.01854743902853956,0.002280612031724512,0.000147349379315625,0.9998253695533054
1785495432.851555109,1789399025.873829,0.100167,0.0018688131074081835,-0.024451391006048356,-0.004343223389845219,-0.018766531632212466,0.002416807471119124,0.00022001538293613075,0.9998209479328666
1785495432.951648951,1789399025.964382,0.100094,-0.004589563256461281,-0.02332079216177151,-0.007974927280327893,-0.01878204334168927,0.0022900845565925853,0.0003478147391436411,0.9998209186577073
1785495433.051076889,1789399026.054619,0.099428,-0.011569708442569205,-0.015723714606910973,-0.007041022697360733,-0.01862610822277994,0.002376559936402548,0.00019676816099159177,0.9998236751235854
1785495433.151295900,1789399026.134497,0.100219,-0.025673054073087148,-0.020465516491731423,-0.0035404031418946325,-0.018384225992039264,0.0022546892025307875,0.0006300760678631839,0.9998282550595489
1785495433.251557112,1789399026.270945,0.100261,-0.01984574621366541,-0.018236308328116575,-0.005644955854132605,-0.018605447674005827,0.0022500905335504345,0.0005932365111108299,0.9998241957863805
1785495433.351826906,1789399026.345741,0.100270,-0.021036925836499208,-0.0123149842161746,-0.012252831191807423,-0.018373687845429563,0.001986618583384326,0.0006890028618902295,0.9998289784841301
1785495433.451190948,1789399026.456911,0.099364,-0.02191457489181331,-0.017389762871909395,-0.010745013463289821,-0.01868324400173187,0.0023609385329304046,0.0005296463927938792,0.9998225251700994
1785495433.550651073,1789399026.540364,0.099460,-0.01726778403117736,-0.016433487350630063,-0.006038884233840358,-0.018750744202262942,0.0024630108644418123,0.00038074617591363593,0.9998210830952169
1785495433.651020050,1789399026.672059,0.100369,-0.00248508851200515,-0.0003266400472422999,-0.004641636924498982,-0.01865174868743054,0.00227447736887026,0.00031151503406392405,0.9998234053981648
1785495433.751178026,1789399026.756170,0.100158,-0.004634555848754732,-0.007403747962139241,-0.00674396179070319,-0.01850156095321724,0.002269002764716321,0.00045424822382074707,0.9998261536523733
1785495433.851310015,1789399026.867177,0.100132,0.0014546864510419436,-0.00874522899742618,-0.003922896114354757,-0.018701606101193452,0.0022427355808320123,0.0002759036351758638,0.9998225562286212
1785495433.950403929,1789399026.953498,0.099094,-0.009330866021299664,-0.01614803008882045,-0.008015730526789111,-0.018692597859896954,0.0024015218476951604,0.00039688403895396767,0.9998223151946164
1785495434.051543951,1789399027.053940,0.101140,-0.01468641834429274,-0.016885129196930172,-0.005889407369400024,-0.01861482049163984,0.0022581952164846177,0.00034566612068857687,0.9998241192966697
1785495434.150707960,1789399027.151212,0.099164,-0.013102600255163958,-0.01245133162068823,-0.007350723450958607,-0.018623295331833777,0.002323883225914889,0.000350310266406879,0.9998238093386519
1785495434.250870943,1789399027.281360,0.100163,-0.02319783732383285,-0.004928510029569915,-0.009301327604639587,-0.018541388645541116,0.0024948557202652513,0.0004600112754001625,0.9998248751614738
1785495434.351070881,1789399027.359982,0.100200,-0.018477179305951143,-0.020149580820318702,-0.007596796873025613,-0.01859636277545735,0.002531410551732863,0.00045167995194082805,0.999823766089486
1785495434.451294899,1789399027.455773,0.100224,-0.015395544378692602,-0.009702360067009794,-0.01166087255150905,-0.018482698460374987,0.002117300080254476,0.000592084589918832,0.9998267631614145
1785495434.551486015,1789399027.562155,0.100191,-0.029164094253228984,-0.01559133547250738,-0.00471967969047582,-0.01876375526655824,0.0026099850553439,0.0006128595394986423,0.9998203507978283
1785495434.651634932,1789399027.653971,0.100149,-0.013777864586147413,-0.003270200925868141,-0.007814718577966506,-0.01864116209958028,0.0024250519347185895,0.00039303752490750656,0.9998232202345548
1785495434.751907110,1789399027.761582,0.100272,-0.013164518359378742,-0.002489097008161239,-0.01040370008826913,-0.01868880114070064,0.002297492597309361,0.0004239824550159771,0.9998226195073637
1785495434.851048946,1789399027.840245,0.099142,-0.00743682938659956,-0.008014655474398688,-0.013288049993816775,-0.018517737809431077,0.002419449699586061,0.0002688408730776749,0.9998255684739
1785495434.951306105,1789399027.971737,0.100257,-0.008290744875140012,-0.012846490930563262,-0.010613161738095012,-0.01857772308074104,0.0022381757228110313,0.0002791064457477176,0.9998248751027157
1785495435.051502943,1789399028.053499,0.100197,-0.010264643065383692,-0.02011642834732684,-0.0069253818387890465,-0.018801462508294346,0.0021350266303827707,0.00021273277780483273,0.9998209346746056
1785495435.151707888,1789399028.142569,0.100205,-0.012037927347676381,-0.020049159013970346,-0.008376621271192985,-0.018556627994809845,0.002870753133446836,0.0001804296659713484,0.9998236733439775
1785495435.250991106,1789399028.256531,0.099283,-0.020769713606607933,-0.013571946669429475,-0.007777375720493973,-0.01848139168284568,0.0028496533708713997,0.00039229798536762896,0.9998250665688583
1785495435.351385117,1789399028.347760,0.100394,-0.022322539765597872,-0.022419382079258133,-0.0070955179947037594,-0.018410447420075735,0.0026657627492591646,0.0004982425156507948,0.9998268354515961
1785495435.451620102,1789399028.448209,0.100235,-0.019114746020369323,-0.024843435577426187,-0.0025692588411723727,-0.01866839681555617,0.0027308286873092007,0.0005226255612561358,0.9998218643326122
1785495435.550599098,1789399028.548353,0.098979,-0.012188022429072468,-0.017571982882486303,-0.006100569103560716,-0.018811187212502228,0.0025752945350823397,0.00029047993102476445,0.9998196951026338
1785495435.651580095,1789399028.656814,0.100981,-0.006384923301667393,-0.024120999736593006,-0.013091922967305214,-0.018510065043168027,0.0023176311346917128,0.00037630481033122036,0.9998259170839247
1785495435.751743078,1789399028.746428,0.100163,-0.012095452806874976,-0.012279828108367856,-0.00613951306802768,-0.01846998965985634,0.002704767412723483,0.0001159309628653502,0.999825749956071
1785495435.851042032,1789399028.852381,0.099299,-0.010479474590280053,-0.024768801502493797,-0.008114417650152417,-0.018484322602969526,0.0026057440682440676,0.000362054984210294,0.9998256892238508
1785495435.951189041,1789399028.957439,0.100147,-0.0060944905291901615,-0.031226720277963003,0.0005701542293395367,-0.018676991913091148,0.0028254764509643886,0.00031649047628688455,0.9998215273185919
1785495436.051346064,1789399029.078060,0.100157,-0.006744963317290818,-0.0334300072579909,-0.0079356332930825,-0.01853032592268902,0.002521478286634482,0.00018306006316880477,0.9998251025341693
1785495436.151390076,1789399029.162552,0.100044,-0.01147699784239144,-0.010412135752706449,-0.01191556259625215,-0.018706319808625502,0.0024677738042472182,0.00021780425292683902,0.9998219522759919
1785495436.251375914,1789399029.287505,0.099986,-0.001177222378963616,-0.01986889094848969,-0.012909474715562586,-0.018530533247555655,0.002297947905984457,0.0001566125308848479,0.9998256419223793
1785495436.351551056,1789399029.348511,0.100175,0.0021886664017826407,-0.02560037150514894,-0.00917330488058199,-0.018543499492375656,0.0025537095776554174,4.930937943514726e-05,0.9998247920323612
1785495436.450613022,1789399029.454259,0.099062,-0.0036814142534347394,-0.02088751869015231,-0.009529014128418167,-0.01846011820227221,0.0021366122868583296,0.00014263549909436144,0.9998273043776151
1785495436.550844908,1789399029.546420,0.100232,-0.0031743788633072506,-0.01937469045939675,-0.0025478174918710517,-0.018632356683414265,0.002297142010147461,0.00020442337102430087,0.9998237427837432
1785495436.651091099,1789399029.646846,0.100246,-0.006754965088115825,-0.009882358844306903,-0.011851594165916357,-0.018498170133657694,0.002151479932998026,0.00022632487949865587,0.9998265537646283
1785495436.750401974,1789399029.742710,0.099311,-0.013145318442964973,-0.019729406863581087,-0.01215647558691646,-0.01825560865828895,0.002684429712437983,0.00019227359021240732,0.9998297303143675
1785495436.850744963,1789399029.856405,0.100343,-0.01130669906669918,-0.011139173447738768,-0.00779803897177922,-0.01824464900534355,0.002336889234664848,0.0003168570307865178,0.9998307713473309
1785495436.950962067,1789399029.947178,0.100217,-0.00865208974312457,-0.012791736662350613,-0.011705790877329869,-0.01851191737292073,0.0020593706861925056,0.0003948130071337078,0.9998264409537508
1785495437.050416946,1789399030.043130,0.099455,-0.00850776057872335,-0.007911531655222232,-0.005993555059580269,-0.01849278399562596,0.0022066716322771307,0.00028946890217060626,0.9998265168258706
1785495437.150521994,1789399030.156947,0.100105,-0.011575095836867041,-0.0010685247032176702,-0.008468778568304358,-0.01856699601494041,0.002314976445808629,0.000454083665624488,0.9998248353342005
1785495437.250828028,1789399030.258488,0.100306,-0.009432137374494099,0.001630887780018738,-0.012503104823022693,-0.018663501667832944,0.002348389215282569,0.0003478504576872357,0.9998230032228941
1785495437.350404024,1789399030.357380,0.099576,-0.014495255575065254,-0.003801064310736569,-0.004939002240658852,-0.018902102790145633,0.0023066145910485233,0.00033358117432711536,0.9998186229325994
1785495437.450459003,1789399030.458310,0.100055,-0.011106960879980421,0.004350831244553228,-0.0014157831115922948,-0.01875995923220863,0.002441163470350076,0.00023543220931332757,0.9998210085921339
1785495437.550647020,1789399030.557714,0.100188,-0.002661446428463131,0.004320381097482609,-0.009638677313281718,-0.018321681205923493,0.0025206071825757195,0.00026041271497794156,0.9998289327292131
1785495437.649825096,1789399030.658342,0.099178,-0.0002765258095675377,0.0074694409149964475,-0.00924430826057393,-0.018346707980956948,0.002460829732192796,0.0002864815130536124,0.9998286155895085
1785495437.750036955,1789399030.758982,0.100212,-0.0031507666821667946,-0.021021623411036017,-0.012258017564514945,-0.01844309371192503,0.0024462339562230638,0.00045143585523504026,0.9998268172235796
1785495437.850322008,1789399030.859006,0.100285,-0.008542518892926967,-0.018231277461287422,-0.009399949545875419,-0.018689232719654808,0.0021745779519955046,0.00020608405692926871,0.9998229549877532
1785495437.950532913,1789399030.961087,0.100211,-0.007418117161496422,-0.02019148795299536,-0.011308118701502223,-0.018273332321461205,0.0019408679120807837,0.00034192666308366067,0.9998310864559945
1785495438.050498962,1789399031.034608,0.099966,-0.008260463168213415,-0.019885388422920633,-0.012930193455247596,-0.01822953344331862,0.0023828544890380247,0.0003441529676023873,0.9998309295444195
1785495438.150568008,1789399031.161821,0.100069,-0.009418026877313562,-0.023459323155517388,-0.014252426816923902,-0.018186570853241827,0.002685655992812827,0.0003635551627544016,0.9998309375690132
1785495438.249728918,1789399031.249532,0.099161,-0.01566985622931557,-0.024510022717116095,-0.0018663652901841354,-0.01873620046518563,0.002511050430940637,0.0001696175840142316,0.9998212943560149
1785495438.350084066,1789399031.353066,0.100355,-0.021108010073966656,-0.02604208239398262,-0.002982248897960005,-0.018572766720919814,0.002534617632969607,0.00018055977928587924,0.9998242822856179
1785495438.450418949,1789399031.446464,0.100335,-0.01920138798512535,-0.023741344577591274,-0.010378316571846624,-0.018494758082534677,0.002761665733593778,0.00042258173322922473,0.9998250539722053
1785495438.550498009,1789399031.545791,0.100079,-0.01638812916027236,-0.021474338831755778,-0.005037811636094458,-0.018537582741323163,0.0022948294988705937,0.000552421154963419,0.9998253780608628
1785495438.650702953,1789399031.659043,0.100205,-0.017737384134520123,-0.009477767250238217,-0.007898101692547121,-0.018739259234751872,0.00260967694795584,0.00028238874475257917,0.9998209589752342
1785495438.750828981,1789399031.750270,0.100126,-0.01394247471872664,0.0011875001238762315,-0.008315916517243283,-0.01852557930455232,0.002802813310898839,0.00038943922901601145,0.9998243823222466
1785495438.850050926,1789399031.852889,0.099222,-0.004698522876657681,-0.005700686137441377,-0.010002048184431012,-0.0184219283768038,0.002210618356042639,0.0003165954123954095,0.999827807919298
1785495438.951114893,1789399031.947994,0.101064,-0.005139608574022628,-0.016065991102228856,-0.00964671129470529,-0.01855665837334897,0.0026294691841806227,0.000181778697251629,0.9998243362102812
1785495439.050390005,1789399032.043452,0.099275,-0.004746092562473575,-0.024955116847455536,-0.009064140214139926,-0.01839000781769814,0.001995568150351024,0.0002341382465209727,0.9998288706071173
1785495439.150552988,1789399032.167722,0.100163,-0.004892021238022827,-0.009424115162180714,-0.006795155850077894,-0.018591599351697536,0.002377299275908518,0.00011930735213702424,0.9998243278933827
1785495439.250768900,1789399032.266293,0.100216,-0.010447060218894976,-0.004713647279319873,-0.008945597926504956,-0.01847009949654085,0.002515460650892433,0.0002952919061272237,0.9998262052401866
1785495439.351068020,1789399032.354707,0.100299,-0.014981348770382104,-0.021342258773720084,-0.008730166325922661,-0.018486066300500727,0.0025410021572913706,0.0004529396395847397,0.9998257865780683
1785495439.450486898,1789399032.457767,0.099419,-0.020191027202165205,-0.005626833418696827,-0.008443375083169724,-0.018401775444983653,0.002419552367146683,0.0004676083401626799,0.9998276360299586
1785495439.550635099,1789399032.558181,0.100148,-0.03061679143532447,-0.004996705133316599,-0.009588866240353155,-0.018431885586372907,0.0024845490731671216,0.00041407409411470356,0.9998269456022268
1785495439.650706053,1789399032.663898,0.100071,-0.016574801365125083,-0.03144263789286658,-0.009409010489136171,-0.018467459779136473,0.0025506115334068048,0.0004649793746831913,0.9998261004316163
1785495439.750830889,1789399032.755803,0.100125,-0.01303587614939863,-0.02528941659677563,-0.0072363911692298055,-0.018495412664957186,0.0024968601324989433,0.0003319631117488062,0.9998257724225377
1785495439.850075960,1789399032.857712,0.099245,-0.017137927816377935,-0.021959803561689636,-0.007398588060560929,-0.018550650869567416,0.002273798754584831,0.0004845817371712461,0.9998252189118252
1785495439.950311899,1789399032.958552,0.100236,-0.02730663563666966,-0.03388774319631227,-0.007493893394431184,-0.01823862838483616,0.0024507723393940185,0.0004723618499487919,0.9998305471547981
1785495440.050415993,1789399033.060795,0.100104,-0.019347521458140428,-0.015250273574049943,-0.009726946171053685,-0.0181866878766274,0.002842235217527054,0.00037358216474453113,0.9998304988943939
1785495440.150779963,1789399033.151301,0.100364,-0.024703217254773892,-0.012762287712644822,-0.011544291056675648,-0.01853920542144173,0.00251112638921222,0.0005719129979716771,0.9998248171665483
1785495440.249979019,1789399033.274091,0.099199,-0.026734559801720466,-0.02509215226889227,-0.004260266919936084,-0.01854823200072167,0.0028295056563313234,0.0005378206614350893,0.9998238183481749
1785495440.349999905,1789399033.359221,0.100021,-0.024162448437382446,-0.028173086869631454,-0.006509982415163484,-0.0187570907374989,0.0029700505557392247,0.00037922699763316806,0.9998195869923963
1785495440.450159073,1789399033.446645,0.100159,-0.015445794884756628,-0.013115054314984467,-0.00876479440086203,-0.018564541331010605,0.0022594720732220758,0.0004713784050915712,0.9998249998842391
1785495440.550283909,1789399033.545271,0.100125,-0.01591635795102861,-0.012273802582862408,-0.00898756766935821,-0.018406651423863003,0.002328061570481598,0.0006366743553612174,0.9998276701304328
1785495440.650466919,1789399033.647565,0.100183,-0.00849555396477887,-0.023853106034436196,-0.0011099934827186186,-0.01865157627335467,0.0023140322711902505,0.0002966187084206902,0.9998233223797637
1785495440.750621080,1789399033.746266,0.100154,-0.008953498824151716,-0.025222491382600264,-0.00231162865001594,-0.01870819832426979,0.002511785322902374,0.0005502213102926697,0.9998216798541933
1785495440.849910975,1789399033.848715,0.099290,-0.01973292275567404,-0.022540939776601064,-0.004812746639042853,-0.01858660523400235,0.0022463129164310308,0.0004384798659803293,0.9998246345832673
1785495440.950042009,1789399033.948200,0.100131,-0.01635786029780705,-0.018063580196000503,-0.004677543054854072,-0.018660149684497526,0.002501009104879171,0.00045070177598106263,0.9998226545918624
1785495441.050295115,1789399034.043143,0.100253,-0.0143874445519881,-0.018840527027326352,-0.012311980301864478,-0.01815816928106695,0.002448718515525808,0.0002826808292019102,0.9998320882815978
1785495441.150340080,1789399034.146517,0.100045,-0.014333229580754777,-0.02991989449268109,-0.008357255792217133,-0.018549952723221717,0.0024634824246756414,0.0003378059646664661,0.9998248428577077
1785495441.250361919,1789399034.243284,0.100022,-0.010815804521888742,-0.038436979824769665,-0.00552876598919283,-0.018629725750810438,0.00241320991373199,0.00029580088552470454,0.9998234955421872
1785495441.349659920,1789399034.346525,0.099298,-0.009008418360074589,-0.01708077556422416,-0.007994481256389241,-0.01855588984430252,0.002412723181917287,0.0002526760339903487,0.9998248816036513
1785495441.449783087,1789399034.453398,0.100123,0.0013009002555348023,-0.01301120577368288,-0.009127366017586402,-0.01868073040621041,0.0025043207771563323,0.00014493294331707158,0.9998223530624716
1785495441.549351931,1789399034.545342,0.099569,0.0004927490068895382,-0.008159931934246106,-0.014049039837203958,-0.018507088616937423,0.002025516354462397,0.00029184016118741023,0.9998266348641364
1785495441.650333881,1789399034.644064,0.100982,0.005036014898744105,-0.016696795260673643,-0.00997160708091932,-0.01839977909701355,0.002332758365261167,6.711728886435887e-05,0.9998279861370455
1785495441.749810934,1789399034.743073,0.099477,0.004039247150825508,-0.028162084743252443,-0.0027953483240204524,-0.019036807619039118,0.002468603682144928,-1.3674282604587172e-05,0.9998157359056469
1785495441.849881887,1789399034.851656,0.100071,0.011061720473125584,-0.033509194092519026,-0.011391155743360026,-0.018533319307416175,0.0024011064058265595,3.36903765547155e-05,0.999825359564577
1785495441.950114965,1789399034.941468,0.100233,0.0039244680262930445,-0.026414809780710286,-0.005410775814529145,-0.018411477171711186,0.0024107469635435723,0.00010941419460118793,0.9998275820540097
1785495442.050329924,1789399035.051313,0.100215,0.008599433347068253,-0.031777760645826186,-0.007920705931327932,-0.018607734924442326,0.0024686099333533934,-4.2288374040148564e-05,0.999823812667848
1785495442.149733067,1789399035.146688,0.099403,0.0075493551070264925,-0.0327854694245229,-0.0014930028194222733,-0.018364326184685965,0.002434485702265129,-6.162421777299574e-05,0.9998283957787975
1785495442.249936104,1789399035.240301,0.100203,0.00422879186822335,-0.018679676980432817,-0.00715793175711904,-0.018257453515075118,0.002790138959890026,5.041099304857164e-06,0.9998294256973619
1785495442.350284100,1789399035.354416,0.100348,0.005816642496883927,-0.024563821520583173,-0.011368918999406785,-0.01824988378317128,0.002132579122468625,-5.107797603760562e-06,0.9998311826614019
1785495442.450529099,1789399035.444232,0.100245,0.013804381722403475,-0.021830097901836255,-0.0117462196138855,-0.018236809112489843,0.0024858548151402223,5.938834336811707e-07,0.9998306053121598
1785495442.549712896,1789399035.542922,0.099184,-0.005700115604726597,-0.029123801280474385,-0.008431266470911192,-0.01829550816865802,0.002388781499308926,0.0004352536234368139,0.9998296748237083
1785495442.649858952,1789399035.653419,0.100146,-0.008228460826041561,-0.015139978701625135,-0.006108192190659334,-0.018127798172184368,0.0027142710911189304,0.00046455372114349055,0.9998318857966636
1785495442.750119925,1789399035.743726,0.100261,-0.018645332142258844,-0.027525212078583675,-0.005034856006250921,-0.01813054044216217,0.0025149041163782288,0.00041677470180753826,0.9998323784812174
1785495442.850130081,1789399035.845521,0.100010,-0.01569191515871817,-0.038994156520740716,-0.010883313855948262,-0.018354447000526183,0.0026478144130871258,0.00024603385674779976,0.9998280066198787
1785495442.950367928,1789399035.953990,0.100238,-0.011349595754697312,-0.02183191576742177,-0.01600222570713028,-0.018077743941848468,0.0026917170206407887,0.0003890880509718542,0.9998328852583027
1785495443.049598932,1789399036.044036,0.099231,-0.014659993183257579,-0.008730581693038643,-0.007736146803789867,-0.01838065586991232,0.0026643756121383718,0.0003516494007864404,0.9998274495807206
1785495443.149811983,1789399036.145675,0.100213,-0.012937982778743938,-0.012356441572377159,-0.013028086573738829,-0.01831530606776573,0.002938746518716262,0.00029972058133790746,0.9998278969403264
1785495443.250076056,1789399036.249888,0.100264,-0.01657245761477852,-0.016541354062428577,-0.008163345926302412,-0.018504403471333062,0.0025720128329269213,0.00046305446229060355,0.9998253634423976
1785495443.350562096,1789399036.349406,0.100486,-0.02050250885478356,-0.005123104369312804,-0.01015586332724655,-0.018426149567160436,0.0026042953641372893,0.0005829628446246424,0.9998266623830886
1785495443.450715065,1789399036.446802,0.100153,0.0011390168223941594,-0.02506861689867601,-0.004483571791410346,-0.018516396458824663,0.002538507432260353,0.0003291823469020671,0.9998252800770635
1785495443.549992085,1789399036.562725,0.099277,0.00649635623096325,-0.01925938679822976,-0.004339226248660177,-0.018691690573831785,0.002263770949428059,0.0002940350346071478,0.9998226890744074
1785495443.650274992,1789399036.646979,0.100283,-0.0020158524313686824,-0.019688140459557555,0.00041910801099581674,-0.018703201585252693,0.002748425633773834,0.0002407514193634674,0.9998212732512501
1785495443.749706030,1789399036.750530,0.099431,0.003248798064865152,-0.02584261850375605,-0.002885754389185813,-0.018830670235147954,0.0025445422783377416,0.0007164775025606165,0.9998191925658745
1785495443.850054979,1789399036.849803,0.100349,-0.007158288680612655,-0.027309292404295697,-0.006923873437871764,-0.01969251166366466,0.002802627687981015,0.0035398466715999195,0.9997958890433389
1785495443.950197935,1789399036.947823,0.100143,0.00332207826565651,-0.02102482844021803,-0.0022161410976927476,-0.019886077252244134,0.0023537460952144417,0.007461011811009499,0.9997716424832188
1785495444.049441099,1789399037.065155,0.099243,0.018497402627385008,-0.021684838327934837,-0.009579026169236837,-0.019866977874959425,0.0025216898145355823,0.01574983594618151,0.99967539078356
1785495444.149461031,1789399037.146362,0.100020,0.029951181112099844,-0.010936646256812833,-0.0052909537403866835,-0.020654161842108144,0.0026909703303575295,0.02580789938343005,0.9994499070021948
1785495444.249598026,1789399037.260066,0.100137,0.02455726471208715,-0.032296761004227965,-0.006141694365754513,-0.021367190709980034,0.0028076898729576427,0.03761318232296838,0.9990599624418345
1785495444.349968910,1789399037.406291,0.100371,0.01748633743734279,-0.015945135590298844,-0.011880947114595697,-0.022377301871183208,0.00231700139130222,0.05080524432938178,0.9984551642483254
1785495444.450339079,1789399037.445125,0.100370,0.005383536500577164,-0.004478777711042713,-0.011006932258729063,-0.022915000690568874,0.0024823648006667065,0.06094297833163738,0.997875089377632
1785495444.550585032,1789399037.611875,0.100246,0.0018372431627951616,-0.006901632029898192,0.002912154075562584,-0.02451286717007072,0.0016768244328204196,0.07190145702112584,0.9971090652888295
1785495444.649785042,1789399037.651577,0.099200,-0.0038569295120446656,0.0010284673076609904,0.007827060714384548,-0.025843951451611346,0.0029402465745492303,0.08446641532818844,0.9960867782502957
1785495444.749943972,1789399037.810693,0.100159,-0.00396569594560325,-0.027493780835095356,0.0007918320543825463,-0.027234478161218267,0.003298756274801806,0.0968139799169833,0.9949243462188265
1785495444.849252939,1789399037.855841,0.099309,0.01368519687611449,-0.04157802889608206,0.0009166341865522454,-0.02743831792223811,0.003588815376669684,0.10859686010500487,0.9937006496370647
1785495444.949502945,1789399038.009814,0.100250,0.017945634837856453,-0.04657862213725894,0.00047305029803590415,-0.027942318109133543,0.0029979521560956567,0.1192059259086251,0.9924717559557175
1785495445.049653053,1789399038.049469,0.100150,0.005438161328983664,-0.036472115596411996,0.000684724706907669,-0.028777917692346687,0.002838093814725177,0.12934338919124305,0.991178119385872
1785495445.149149895,1789399038.187169,0.099497,0.0039510593039767325,-0.040309156128305136,0.0014359210436869496,-0.02834206004833089,0.00418387278237095,0.14029871175835124,0.9896946470097253
1785495445.249355078,1789399038.257432,0.100205,0.00789498767758754,-0.04129008053579799,-0.006044503512061594,-0.02776306471726716,0.006103860302686105,0.15050926633917008,0.988199836001279
1785495445.349560022,1789399038.378637,0.100205,0.01783246491059083,-0.03584620171696311,-0.007613618424051283,-0.026784031642595678,0.006457648783096005,0.15927231759664962,0.9868501625214208
1785495445.449702024,1789399038.460490,0.100142,0.023246019858494518,-0.043405746638423885,-0.0029221028326889,-0.02774052782901883,0.006216721654979025,0.1675426127720397,0.9854548637016057
1785495445.550033092,1789399038.582137,0.100331,0.025372531885419235,-0.0528011982793416,-0.008534777626540369,-0.027975095375412387,0.0071585772433811765,0.17407132545616055,0.9843095663786482
1785495445.649450064,1789399038.645165,0.099417,0.02109275970232164,-0.06316629629896237,-0.003384046592365908,-0.028507145740637,0.006759218177797234,0.18051339031668948,0.9831360900341933
1785495445.749820948,1789399038.788692,0.100371,0.023652390804251404,-0.0680797618096935,0.0006951578177764595,-0.02867384224340234,0.007068391546142197,0.1884819346761038,0.9816325223385296
1785495445.849170923,1789399038.855871,0.099350,0.029775138010985858,-0.0535393974626793,0.00045384269788595333,-0.028581474469807498,0.00691030655977258,0.19435557115425572,0.9804903155777137
1785495445.949228048,1789399038.979733,0.100057,0.012644314230019625,-0.05671460256958821,0.0016897847945359645,-0.02884247062032436,0.005851959531472333,0.20068275497291047,0.9792141228120846
1785495446.049406052,1789399039.075937,0.100178,0.0313099194273045,-0.05084809607649657,0.009165253321056582,-0.030041911617574947,0.005294659938226256,0.2056272575376049,0.9781548349213758
1785495446.149697065,1789399039.159516,0.100291,0.02957598960554091,-0.04471896306084843,0.006062220723114686,-0.029191832492111942,0.004957025124821933,0.21126213848449693,0.9769808461073439
1785495446.249042034,1789399039.279056,0.099345,0.04683501613512294,-0.05945565702884355,0.0004500567974901615,-0.029378090572899317,0.006503690776009268,0.2170821606366653,0.9756894820248384
1785495446.349375963,1789399039.365688,0.100334,0.043273730210070235,-0.04211805423488603,-0.014645062497912309,-0.03153454695991258,0.007401697439800431,0.22321808788905484,0.9742301948011038
1785495446.449839115,1789399039.458318,0.100463,0.04147137966503603,-0.03127816292929263,0.008637574965733225,-0.03529274571102311,0.00601402562333673,0.22831571661949365,0.9729286649803808
1785495446.549367905,1789399039.589298,0.099529,0.05063633609598919,-0.015168379292613285,0.003236650711413269,-0.03671763004533123,0.0052493445033843025,0.2367995011868634,0.9708502748950486
1785495446.649688005,1789399039.659180,0.100320,0.06014917647471351,-0.03806447693988813,0.0019323035166214086,-0.03460450262358104,0.007138740892815456,0.2450930319725554,0.9688554961681023
1785495446.748944998,1789399039.767279,0.099257,0.06670578210424878,-0.029609880014215516,-0.003492785888098815,-0.035502347700450555,0.007739246174260217,0.25266289487164345,0.9668718368695467
1785495446.849490881,1789399039.863609,0.100546,0.07707690390302745,-0.03531471400679092,0.0010814373531055632,-0.038985183328643466,0.007513306566106501,0.2569041039243828,0.9656210369974785
1785495446.949672937,1789399039.961017,0.100182,0.08760062531503246,-0.046018068501514936,0.0023046643977900905,-0.04024134901473141,0.009852088314036842,0.26145766685973953,0.9643253904287642
1785495447.048916101,1789399040.073908,0.099243,0.12055848089157575,-0.04717956257472283,-0.0011398577478659577,-0.036664683044670195,0.016304056122742747,0.2687790772908117,0.9623656718638088
1785495447.149368048,1789399040.161765,0.100452,0.09823776318268958,-0.05087138541585269,-0.005254759559494893,-0.03848412081581272,0.015213103066110987,0.27245310371028963,0.9612787526096496
1785495447.249625921,1789399040.268377,0.100258,0.08198809927737907,-0.06796042499685587,0.0073312102309090466,-0.04121522750085706,0.01379258170836134,0.2727155137277718,0.9611125419450463
1785495447.348818064,1789399040.374507,0.099192,0.09779974978713465,-0.08719065065759905,0.0063594649064735165,-0.043741166438306174,0.012741104327006467,0.2688198151399141,0.962112405910706
1785495447.449228048,1789399040.476517,0.100410,0.1006715336004617,-0.0909830158864466,0.0011015031825177268,-0.04663979005424473,0.011159814485227376,0.26108352419442554,0.964124256472458
1785495447.549590111,1789399040.560430,0.100362,0.09642504816460822,-0.0886206604160594,0.00667113667243191,-0.04803226044001941,0.009992255558820691,0.2523300320367053,0.9663967154943277
1785495447.648853064,1789399040.678519,0.099263,0.08436653692245584,-0.09326642803359546,0.00354849893500106,-0.04899690651552314,0.010832210568242105,0.24187645997596174,0.9690086400417756
1785495447.749209881,1789399040.754681,0.100357,0.08949609254461804,-0.10568469224569217,0.0038644747414315894,-0.0482637990417844,0.010665570654477478,0.23366086826748755,0.9710609918770048
1785495447.848512888,1789399040.882951,0.099303,0.09965829160107118,-0.11474594775633304,0.014038112243281137,-0.050543363246176864,0.010494509608577242,0.22508967024885063,0.9729696161993467
1785495447.949485064,1789399040.950140,0.100972,0.09405622348603039,-0.11713841848432943,0.014643546115223838,-0.051643341870525605,0.010058577279416734,0.2143767088843382,0.97533297747563
1785495448.048907995,1789399041.081871,0.099423,0.09895570069777504,-0.1162118004081344,0.00866988860136872,-0.0516647770509336,0.009228572208559629,0.20535423276458442,0.9772795011422973
1785495448.149271965,1789399041.153154,0.100364,0.10518322256155722,-0.12752346143924656,0.00542941913063269,-0.05239129010089606,0.008808799963205242,0.19663888472818356,0.9790356003627386
1785495448.249659061,1789399041.284475,0.100387,0.1017571074591807,-0.12239626737563468,-0.000545792729764516,-0.05130275955189725,0.008815198422258383,0.18863557470221207,0.9806665789634633
1785495448.349092960,1789399041.354421,0.099434,0.10619445974578881,-0.12867350806033087,0.007606217935136966,-0.050496869121429866,0.009223102815332503,0.1799826386795024,0.9823295019276143
1785495448.449238062,1789399041.446160,0.100145,0.09491621123676035,-0.13230296070342118,0.02004993142970171,-0.05082614594474337,0.009737834578377411,0.17266446158458465,0.9836202830217733
1785495448.549432039,1789399041.580272,0.100194,0.099946055655389,-0.11345336714443648,0.010822053485967181,-0.05143068283281433,0.010595383828237406,0.16266347389488062,0.9852833181198859
1785495448.648749113,1789399041.655425,0.099317,0.09959871858141225,-0.1092295015849423,0.002413665126342085,-0.05369206999571591,0.010990429120184919,0.1536029182494812,0.9866116336191119
1785495448.749059916,1789399041.785531,0.100311,0.08942384576310006,-0.11409922002514822,0.008506777818393318,-0.057151867049765034,0.011235724177619847,0.14348591513905387,0.9879368475523315
1785495448.849306107,1789399041.843317,0.100246,0.06632302452567493,-0.11291844298870951,0.004773814097597112,-0.05598003910595164,0.010580511256586284,0.13264112690610375,0.9895254516465578
1785495448.948558092,1789399042.014509,0.099252,0.04980766778434648,-0.14658188299037628,0.011891299423552104,-0.05594387542974082,0.008809934863093952,0.11834385389924383,0.9913563436493883
1785495449.048813105,1789399042.088017,0.100255,0.0646091529429693,-0.15006707436957648,0.016665281410652488,-0.05711899599581146,0.007456924235697513,0.10458176013293079,0.9928466498029147
1785495449.149168015,1789399042.173901,0.100355,0.07426090955698027,-0.1868946252832775,0.021272963839813197,-0.05917683030903744,0.008639059148629488,0.09782809862377102,0.9934048180531739
1785495449.248466015,1789399042.252663,0.099298,0.07121306868503724,-0.2274698344032393,0.012297320798895117,-0.05780515618336302,0.010421460004955568,0.09696399019788661,0.9935531901689443
1785495449.349567890,1789399042.336493,0.101102,0.0769881475625408,-0.2611528458962037,0.021538007741102122,-0.05870398705273569,0.010504181971497373,0.09956716624358025,0.9932421071780259
1785495449.448721886,1789399042.459731,0.099154,0.07950414517714594,-0.29834245806983456,0.02603729975301236,-0.05900766963719325,0.010505208037329706,0.1027645870005966,0.9928983710262985
1785495449.548907042,1789399042.546764,0.100185,0.09500114475024549,-0.3157267385622661,0.035487671048278935,-0.060728821493525625,0.010150982413173077,0.1067006880604716,0.9923829558005705
1785495449.649141073,1789399042.652384,0.100234,0.09396890458563895,-0.33171189570648174,0.048294670997197586,-0.06174077788838877,0.008354101738270114,0.1126623155194515,0.9916781171285766
1785495449.749274015,1789399042.751279,0.100133,0.11038530258675988,-0.3459818927070615,0.040395909443215444,-0.06267767836002182,0.009079824310452672,0.12002565014408129,0.9907486607275225
1785495449.848632097,1789399042.841575,0.099358,0.12097087227513417,-0.3766303445840537,0.048021063000800196,-0.06262452455198299,0.007653762764654039,0.13145419121328347,0.9893125817721323
1785495449.948101997,1789399042.952086,0.099470,0.13336368548284283,-0.3845321837166202,0.05810277080148357,-0.06366966215071951,0.009806786581949362,0.14535390025778985,0.9872802260444589
1785495450.048582077,1789399043.069315,0.100480,0.1520845096689797,-0.39586477154423105,0.05797252000859973,-0.06155186958071281,0.009580886215348784,0.16173046017504292,0.9848669109184328
1785495450.148680925,1789399043.164307,0.100099,0.15659635203545286,-0.3941380818254827,0.04527523322677576,-0.06281045539123858,0.010137726355795271,0.1735636971535603,0.982765341385352
1785495450.248894930,1789399043.250505,0.100214,0.14540797999243107,-0.3877810092983252,0.0508029371567614,-0.06301271502200372,0.010929208739533618,0.17874922023453124,0.9818139673112368
1785495450.349345922,1789399043.336105,0.100451,0.15398562064933213,-0.3783129788388578,0.04594387084524479,-0.06445772483285359,0.010481098117397487,0.18834685690438674,0.9799289820113823
1785495450.448597908,1789399043.449774,0.099252,0.1488964681469677,-0.36614733729730115,0.04432981699140792,-0.06590533522668104,0.011148807582153907,0.20076701093680108,0.9773560242806392
1785495450.548806906,1789399043.542353,0.100209,0.1229411246765618,-0.3626991959447356,0.04208486505420794,-0.06551269683211647,0.012882476022549593,0.21454765050979224,0.9744287731928074
1785495450.648957014,1789399043.639888,0.100150,0.14262963372738513,-0.35365056416918306,0.03909405242191835,-0.06445430724408834,0.014048412476900654,0.22979603927093664,0.9710005482593476
1785495450.749181986,1789399043.740819,0.100225,0.1571866935631745,-0.3477594054332327,0.037343510974492566,-0.06173689620087929,0.016341934163862433,0.2463203223292753,0.9670821038789146
1785495450.848906994,1789399043.841805,0.099725,0.1662015675122961,-0.34365309133762767,0.047022183127823886,-0.05671510689034852,0.01958911459527267,0.2622129226529979,0.9631427964915495
1785495450.949321985,1789399043.939157,0.100415,0.1801178256491779,-0.3286512589676211,0.0428083847875442,-0.051915683569953956,0.022253290284726543,0.2779349558293406,0.9589378046563346
1785495451.048682928,1789399044.038892,0.099361,0.1798120215159836,-0.33064086276301907,0.03434716583685987,-0.04612236250086445,0.0264436186397528,0.2945556266351732,0.9541543090759138
1785495451.148902893,1789399044.140184,0.100220,0.18720690824692254,-0.3333348080646865,0.030065335518444036,-0.04319749536867217,0.027738391442660732,0.31114417740340605,0.9489751624262908
1785495451.248246908,1789399044.289775,0.099344,0.19049268271215625,-0.3334555300359128,0.03715784784272394,-0.0395435373709809,0.030181578395342915,0.3269026763022381,0.9437478589136982
1785495451.348601103,1789399044.357073,0.100354,0.19871764413588797,-0.31407830348392834,0.027871535575339168,-0.036067401741172365,0.03193965064590477,0.3422928721906318,0.9383573897485681
1785495451.448751926,1789399044.457889,0.100151,0.2142078351319541,-0.3048541714001269,0.026169445421472287,-0.03624512516035423,0.03362660036644527,0.3606453100543101,0.9313917022315241
1785495451.548172951,1789399044.578920,0.099421,0.2124690916487302,-0.28009146115438194,0.017901485404530987,-0.036910319700683696,0.03282068001550947,0.3776108715038834,0.9246461274374054
1785495451.648359060,1789399044.659322,0.100186,0.21112681618202836,-0.2677673062967309,0.018043601359632566,-0.0365143676388605,0.03382119586836565,0.39573099765913466,0.9170167965515537
1785495451.748536110,1789399044.768681,0.100177,0.20465122430336646,-0.2669658411972434,0.019573746867679404,-0.03663838282728765,0.03683365325794069,0.4120095062457922,0.9096972450516564
1785495451.848891973,1789399044.855378,0.100356,0.20776371126226217,-0.2691634486591422,0.021314188568634762,-0.03599861980229427,0.03871003612463722,0.42405607513297344,0.9040918524234012
1785495451.948299885,1789399044.937478,0.099408,0.2146324311176119,-0.2745758841669755,0.029430663900164522,-0.0359613073654522,0.038462771145310194,0.4408882136016861,0.8960161732443812
1785495452.048491001,1789399045.046019,0.100191,0.22134231742331179,-0.2802267976115626,0.02839282085380368,-0.0342530623615599,0.04086770806341254,0.4606033794793718,0.8860028696165043
1785495452.148870945,1789399045.134663,0.100380,0.22367047547185148,-0.272105139987307,0.037086970243178335,-0.034337794973097906,0.04067876847137725,0.4811068525030752,0.8750441989446142
1785495452.248162985,1789399045.247059,0.099292,0.24306445995157847,-0.2576171542910698,0.027238254618390995,-0.032587673482875563,0.04168840551671572,0.49967585253102054,0.8645947968729889
1785495452.348536968,1789399045.345517,0.100374,0.2520522132865187,-0.2526358591687165,0.028299028834846,-0.0323695301905135,0.04173815408563127,0.5161821493747161,0.8548485998559439
1785495452.448662043,1789399045.438896,0.100125,0.2352508463429199,-0.24474411086071807,0.027099274223154446,-0.03223503129497901,0.040018654394269784,0.5351376705375387,0.84320050025456
1785495452.549010992,1789399045.550774,0.100349,0.24363714002868556,-0.25073992145944923,0.03431507269568085,-0.03228450787421531,0.03911149856367289,0.5523156103645376,0.8320910213306424
1785495452.648294926,1789399045.638083,0.099284,0.24254471240508205,-0.24937876864617933,0.024454872913713815,-0.03241152364608806,0.04013935398913301,0.5680814271400978,0.8213536494925578
1785495452.748744965,1789399045.739411,0.100450,0.26345561259510636,-0.2419982803235863,0.02714571697057716,-0.02992863598886709,0.040989094816063255,0.5821139027385626,0.811521765014645
1785495452.848217964,1789399045.839261,0.099473,0.2864772319724905,-0.2522267747269912,0.02411834987309361,-0.029124270544874722,0.04232156219916893,0.596653244610613,0.8008530251762045
1785495452.948604107,1789399045.939917,0.100386,0.3080221834378363,-0.2301734207189509,0.01892018977669374,-0.029474110185992927,0.04208674002407912,0.611831952610714,0.7893172017050245
1785495453.048947096,1789399046.039656,0.100343,0.32606092443231066,-0.23398525139006332,0.024240967903196187,-0.02980964962316502,0.04390500124021113,0.6233630919359242,0.7801295990202688
1785495453.148159981,1789399046.159842,0.099213,0.33855639384688996,-0.23052323649949438,0.02802788798043601,-0.03098878514012428,0.04719397799061078,0.6340192463864265,0.7712535373329243
1785495453.248739958,1789399046.248560,0.100580,0.3510784394116264,-0.22541042225038782,0.022024992134065613,-0.03331746180545591,0.0496131633279217,0.6445738328076765,0.7622027649012171
1785495453.348999977,1789399046.335223,0.100260,0.35212336825932133,-0.22227336005594298,0.022089567501855756,-0.03599530452318316,0.04909834799240441,0.6548661549740592,0.7532887954471321
1785495453.448164940,1789399046.445237,0.099165,0.37317656856013154,-0.2150225386224913,0.02451781114357643,-0.03870685077693795,0.04789610416310807,0.6634047446466478,0.745722393179422
1785495453.548300982,1789399046.545686,0.100136,0.38807942680171514,-0.20315697168774713,0.025030146493749517,-0.040050029660950996,0.04890942950061016,0.6712176189799909,0.7385599304057276
1785495453.648405075,1789399046.646013,0.100104,0.39932080451682617,-0.20458678710008282,0.02967134724976081,-0.03880565830786305,0.049684137598074586,0.6781914257403597,0.7321762065286517
1785495453.748985052,1789399046.766072,0.100580,0.3938722312050448,-0.1980862801758824,0.02419447010475312,-0.03514187625847943,0.05372116079051717,0.6728378219797096,0.7369995595181542
1785495453.848185062,1789399046.858051,0.099200,0.37840458118866194,-0.19740669174797013,0.026890085805247377,-0.039268669323941546,0.04935980158360661,0.6733868009032046,0.7365947311558111
1785495453.948399067,1789399046.944138,0.100214,0.39047292077647705,-0.2040712892277322,0.024009437653478904,-0.03897929694622441,0.050020571975258804,0.6735314815965846,0.7364332285327402
1785495454.048850060,1789399047.040057,0.100451,0.3888060718579928,-0.22484959766334403,0.02136880212273648,-0.03947802653613519,0.048993544014011146,0.670454206814081,0.7392782119277291
1785495454.148185968,1789399047.144815,0.099336,0.3965418595906115,-0.22065415551174916,0.02760293361915464,-0.03977180882074518,0.04857457592602673,0.6657710051622161,0.7435103781938923
1785495454.248543978,1789399047.264296,0.100358,0.4151622657982048,-0.20411086106643905,0.026710397098211602,-0.04063976034387101,0.047049084514619165,0.6617525227122915,0.7471401422821871
1785495454.347975969,1789399047.365337,0.099432,0.41161864479445165,-0.20403461262482156,0.027779919989644436,-0.04063015469878428,0.04618437756601292,0.6570744645567834,0.7513117474293934
1785495454.448097944,1789399047.452111,0.100122,0.39685588385018883,-0.20624615484355657,0.022884974555743315,-0.04137723149819077,0.045717282520030995,0.6491701648354804,0.7581397970559279
1785495454.548491955,1789399047.545477,0.100394,0.39783866429082543,-0.20221153973926473,0.017518268840796047,-0.04267270762897084,0.044311787121421406,0.6407541779603035,0.7652774588161692
1785495454.648950100,1789399047.651918,0.100458,0.39850532301721814,-0.21998796320131672,0.018370016578156734,-0.044164686808533346,0.043097083166916475,0.6283255228539544,0.7754992967062656
1785495454.748471975,1789399047.741866,0.099522,0.4135881734021342,-0.22507059914900474,0.023043115643455875,-0.04526912316868595,0.042053847719500256,0.6123235475580915,0.7881890975428401
1785495454.847742081,1789399047.839612,0.099270,0.4308694807805382,-0.22997144058325314,0.022700240745996608,-0.045779173614781746,0.04111890901503235,0.5952510583029471,0.8011801795936929
1785495454.947994947,1789399047.939666,0.100253,0.4050080248320913,-0.22719132320636043,0.01849870260630851,-0.047743883646752826,0.041286120936188705,0.5796587176444138,0.8124110713494745
1785495455.048388004,1789399048.046897,0.100393,0.402974993943529,-0.21837073462077278,0.025499160940144344,-0.04697710403175848,0.03972471720868127,0.5615774688052618,0.8251338346412384
1785495455.148749113,1789399048.146772,0.100361,0.4198674268761243,-0.23938108953503787,0.027311682183078695,-0.046023395104160064,0.03763547757621706,0.5430442002999613,0.8375968090025604
1785495455.248013020,1789399048.250064,0.099264,0.4117339219651342,-0.22415621677460212,0.02185440882825032,-0.04825482461294215,0.03444389224537714,0.5237352205496952,0.8498155734889334
1785495455.348277092,1789399048.347175,0.100264,0.4096133371400942,-0.24387558478535137,0.02075998739606849,-0.04663158222306002,0.033382138256320026,0.5049078084826119,0.8612660641857984
1785495455.448481083,1789399048.451683,0.100204,0.4235629542339419,-0.25857915613067867,0.027325559340446975,-0.047587095587432474,0.03269963796880587,0.4870008189883733,0.8714909089112262
1785495455.547857046,1789399048.545245,0.099376,0.4350171139244834,-0.24909691497726885,0.018294742590488716,-0.046230977372965214,0.031844176535400955,0.4700932359503825,0.8808297194495769
1785495455.648190022,1789399048.651010,0.100333,0.43702951899719955,-0.2591631551008769,0.022828076975765194,-0.045088126801750165,0.030530287648905963,0.45395419044851054,0.889359632169024
1785495455.748316050,1789399048.743195,0.100126,0.42436617645076835,-0.26449631683025576,0.027078137940188707,-0.04626155345545751,0.029126079043018616,0.4393822631869554,0.8966352474602907
1785495455.847723961,1789399048.838017,0.099408,0.41243321729637816,-0.2586931469442979,0.025448651795458688,-0.04470858886226305,0.029134524035875804,0.4234057891940087,0.9043671042602924
1785495455.947808027,1789399048.951964,0.100084,0.4154611092529673,-0.26067498423480207,0.0252458982591863,-0.039922360665209655,0.029330302495611024,0.40558864029600966,0.9127123278105028
1785495456.048088074,1789399049.041109,0.100280,0.4040687504283033,-0.2668741152946026,0.030956142164368483,-0.03713648485192046,0.02843829914591948,0.38600182995053917,0.9213114196130238
1785495456.148214102,1789399049.147931,0.100126,0.41190774912459777,-0.25956419561300476,0.028085041816463874,-0.03733283868942289,0.028564156822724184,0.3676692123357082,0.928767838806252
1785495456.248390913,1789399049.262532,0.100177,0.40744087810538715,-0.2680688549945854,0.023813459395513048,-0.03716529074874367,0.027629062762038623,0.35207336119436966,0.9348260396414679
1785495456.347515106,1789399049.354621,0.099124,0.4053477091014946,-0.26852383395865115,0.025681757294939878,-0.038707537249218736,0.027603355972096393,0.3360804731296976,0.9406326046231316
1785495456.447710991,1789399049.439826,0.100196,0.4042898688980736,-0.28415455865705214,0.020627548965303916,-0.03867033765858189,0.026877985877954178,0.31826548918580994,0.9468311661821408
1785495456.547900915,1789399049.539544,0.100190,0.4119410776703755,-0.2798966672279623,0.02561354393842802,-0.03920242704502565,0.026993840301710467,0.29971562299013177,0.9528405153199471
1785495456.648058891,1789399049.642754,0.100158,0.3883374702562782,-0.28783172003983437,0.023271719137071628,-0.041044498143846427,0.02635735969466536,0.2839746019894125,0.9575902381431217
1785495456.748199940,1789399049.739384,0.100141,0.3699401002036115,-0.27217303101138607,0.025168613699202563,-0.04217307542406802,0.025987321798235125,0.26716487710567494,0.962376755359428
1785495456.847419024,1789399049.839390,0.099219,0.3849814984677333,-0.2748085107471315,0.028059311497358158,-0.04219952944183569,0.024296316333476984,0.2526447070523004,0.9663330382047219
1785495456.947773933,1789399049.939002,0.100355,0.36963531512645714,-0.2665164034853433,0.020839994624344632,-0.04128759884541742,0.023492883742294156,0.23902606430177561,0.9698504828990159
1785495457.047911882,1789399050.039274,0.100138,0.3694036447058321,-0.28767183358498827,0.024319554543736077,-0.04277190393244479,0.022817710691007898,0.2272823687621545,0.9726215302792135
1785495457.148147106,1789399050.138688,0.100235,0.3669627544020829,-0.3017527703734988,0.026414136245197395,-0.044963899033048774,0.020940511607028332,0.21774262856116985,0.9747450386971221
1785495457.248233080,1789399050.238719,0.100086,0.3639308946949369,-0.31046129398700295,0.024843565684410707,-0.044152651041641316,0.019182105231108006,0.20648368700039138,0.9772651008030636
1785495457.348457098,1789399050.339668,0.100224,0.3625416414546568,-0.3181809496810921,0.027614598408834012,-0.04629224260239023,0.018382224792477687,0.19555496864286737,0.9794270653425947
1785495457.447664022,1789399050.445431,0.099207,0.3714168928695883,-0.3472119600485647,0.036022158372473356,-0.051114361457101576,0.01823281638712058,0.19310974488644522,0.9796752078568276
1785495457.548054934,1789399050.544531,0.100391,0.3753874005769237,-0.36185343079937227,0.04193113918027319,-0.05245061939437341,0.014761081870848146,0.19476775814091474,0.9793347555233148
1785495457.648264885,1789399050.634691,0.100210,0.3719637899617133,-0.3883321172561456,0.04574878285505529,-0.055685212317489734,0.012319480755047893,0.19628077913761735,0.9788877582563856
1785495457.748473883,1789399050.742478,0.100209,0.3896232931366547,-0.4189808321944401,0.046599005898346424,-0.05729821806870962,0.01026886724685337,0.20009188132481556,0.9780463708840766
1785495457.847779989,1789399050.845985,0.099306,0.3841975684096816,-0.42597141154175533,0.04931850768215515,-0.060623764817888025,0.007389149399249864,0.20662214280404062,0.9765129029938763
1785495457.948096037,1789399050.934405,0.100316,0.40615171469984496,-0.4457098438551923,0.052760601986397315,-0.062396897050764774,0.007226372525133176,0.21299938053486447,0.9750311126678616
1785495458.047487974,1789399051.042489,0.099392,0.41805966284471185,-0.4691751486721133,0.059293092200822906,-0.06209999451672545,0.006788198303094578,0.2181934437997223,0.9739040672097216
1785495458.147892952,1789399051.144121,0.100405,0.4264539621986718,-0.493831276143788,0.06446337550071343,-0.06034787539652029,0.004946688244488538,0.2205067000801697,0.9735042164419689
1785495458.248130083,1789399051.240046,0.100237,0.4208444478309241,-0.5093055258080285,0.06591250548749747,-0.060602834473883906,0.004606948940726987,0.216754038654155,0.974332468514881
1785495458.348507881,1789399051.340600,0.100378,0.43267803432898166,-0.5150214165737386,0.06764560512319345,-0.06212276637653439,0.00447810810105747,0.21010518242243661,0.975692841402865
1785495458.447789907,1789399051.439466,0.099282,0.43418042829012266,-0.5219443308061347,0.07024631551034263,-0.06350524327168461,0.005484443923691614,0.20485121879659135,0.9767154053814259
1785495458.548197985,1789399051.537774,0.100408,0.43947061879445487,-0.5382118335047361,0.0738627129259774,-0.06487335963985169,0.004976275995045128,0.19779287120380784,0.9780821356037608
1785495458.647501945,1789399051.639023,0.099304,0.44310210959462015,-0.5535889431868357,0.07089547230754248,-0.06261604651670112,0.004797699615361089,0.19013890844556797,0.9797466041238148
1785495458.747806072,1789399051.737965,0.100304,0.4522727607384322,-0.5495862078521048,0.06949732496879893,-0.06421773740426706,0.0057071744391202885,0.18073608727882354,0.9814163118257917
1785495458.848160982,1789399051.841391,0.100355,0.4579499358805393,-0.5569117804754721,0.07153492102373679,-0.06536684370652418,0.004727957153072823,0.16944380279875182,0.9833583374630549
1785495458.948473930,1789399051.943194,0.100313,0.4471280830327463,-0.5628590183247186,0.07514114239913017,-0.06227569322676169,0.0036439936756258186,0.15848129944311293,0.9853893327360717
1785495459.047702074,1789399052.041582,0.099228,0.4542987951582459,-0.5769546977440801,0.07230245406618327,-0.06142475167562653,0.004284309156249274,0.1446710357103076,0.987562117541549
1785495459.147989988,1789399052.138609,0.100288,0.45818138116505186,-0.5876238966947283,0.06831781896025618,-0.06366915355010021,0.004782833047077917,0.13616154323098995,0.9886270265065652
1785495459.248125076,1789399052.251406,0.100135,0.467796688629001,-0.589336077882106,0.07390500102936909,-0.06191589127187402,0.004712769028433836,0.133088174509053,0.9891570906695973
1785495459.348294973,1789399052.340376,0.100170,0.4645269692234917,-0.6043112731711228,0.07086078275763691,-0.06194023713177117,0.004893289759004212,0.1324821295577325,0.9892360426547562
1785495459.448663950,1789399052.440104,0.100369,0.4587984055426962,-0.5959740401133233,0.07343237915709971,-0.06208968993813493,0.0052493647943554125,0.1333693016230028,0.9891056283113723
1785495459.547813892,1789399052.539740,0.099150,0.452825507977152,-0.5990745873887882,0.0681720828396793,-0.06175779729479533,0.004831289389056468,0.13554965029048888,0.9888321017353049
1785495459.647929907,1789399052.640682,0.100116,0.4597124632923988,-0.5896132424526687,0.07256193195952959,-0.06187784940720694,0.004191083026381727,0.1386022611522477,0.9884042592883183
1785495459.747967958,1789399052.743948,0.100038,0.46153901637241734,-0.5971520412396466,0.07156037287516825,-0.06180399498060863,0.004115596968527311,0.14003653788101258,0.9882070107646116
1785495459.848088980,1789399052.844522,0.100121,0.45725362299527167,-0.5999696451551777,0.06719045761245535,-0.058726062566295444,0.002994627197464634,0.14499893835048686,0.9876829398448874
1785495459.948296070,1789399052.947636,0.100207,0.439746064318621,-0.6051023466486648,0.06573484704898763,-0.0580342932589053,0.001732787185942417,0.15487115873759635,0.986227125182522
1785495460.047681093,1789399053.033952,0.099385,0.4379820979030804,-0.5702073444334279,0.07239687015795171,-0.05990478649273059,0.0013528319052325682,0.1642449102715679,0.9845979869220641
1785495460.147986889,1789399053.145152,0.100306,0.42308617024239986,-0.5615710414523064,0.06358562727075665,-0.057282883961260404,0.0009417177524797103,0.17404559072951273,0.9830696398121398
1785495460.248173952,1789399053.243594,0.100187,0.4377281336761521,-0.5450925966814757,0.0707032159615692,-0.05739426814975163,-0.0006041528424554602,0.18543521954523418,0.9809787522342714
1785495460.348408937,1789399053.338304,0.100235,0.43407894745831693,-0.5358342045542657,0.06784157568423588,-0.05774615607626986,0.0007429950086939076,0.19829461715910043,0.9784396119447321
1785495460.447659969,1789399053.462555,0.099251,0.4383244347804121,-0.5336083149146968,0.06904184243834482,-0.05631540363469646,0.0007830901295295668,0.21245281408113748,0.9755469050088345
1785495460.547884941,1789399053.562985,0.100225,0.45359093495444985,-0.5168355941480743,0.06043398389839669,-0.0567168021916279,0.0016853530941706308,0.2262276681512143,0.9724203854799465
1785495460.648122072,1789399053.649786,0.100237,0.4478954874587995,-0.5169932594590617,0.05855094233075778,-0.05632368706745785,0.0037750962869973178,0.24263179612372335,0.9684746782610926
1785495460.748308897,1789399053.750308,0.100187,0.46489670452248943,-0.5089089301320137,0.06423184192335205,-0.05547426313403081,0.006669315135803542,0.2627922172511584,0.9632332930902957
1785495460.848469019,1789399053.840175,0.100160,0.45781905323024674,-0.4737773347314565,0.06288199443730219,-0.05585191562799069,0.009840470599207504,0.280119778721961,0.9582883899055803
1785495460.947901011,1789399053.943028,0.099432,0.47922270194965244,-0.4638445980547114,0.06157744136130894,-0.05366317582700718,0.01194139023708036,0.2957258578353767,0.9536896160527785
1785495461.048054934,1789399054.042255,0.100154,0.5109668355138438,-0.4727890633626651,0.05123241275285445,-0.05252828983545713,0.014330567719566591,0.3130668279925825,0.9481690644639593
1785495461.147418976,1789399054.143033,0.099364,0.49965040925003645,-0.47399222775332084,0.04193953179836418,-0.04977689413001511,0.01711637633813878,0.3291699130826046,0.9428024495052031
1785495461.247625113,1789399054.241097,0.100206,0.5003828789197087,-0.46284483704675455,0.05017076263351916,-0.0507452264961954,0.01692973494243747,0.34401671837988873,0.93743842653145
1785495461.348052025,1789399054.350336,0.100427,0.48871637285133945,-0.4495099256276787,0.04362593037015375,-0.05122584259511812,0.017074276845336318,0.35995341234992323,0.931406422061967
1785495461.448363066,1789399054.438709,0.100311,0.4804197612918607,-0.4445049979785169,0.04576412607832883,-0.050456818744719835,0.016873576863771996,0.3770323276230415,0.9246707607430529
1785495461.548593998,1789399054.545330,0.100231,0.4628430484849533,-0.4392847736355957,0.049933712011725334,-0.04960937820852386,0.0168169706243986,0.39496345923601556,0.917202248667709
1785495461.647764921,1789399054.643995,0.099171,0.46304521076170246,-0.44167837082555794,0.05622867732118955,-0.04933142598571232,0.017399699983314375,0.41181790246054917,0.909763527551913
1785495461.748104095,1789399054.748658,0.100339,0.48035340219861844,-0.4450211031292455,0.051880871170922604,-0.04889469072061327,0.017529947672941262,0.42898673941991683,0.9018161606202163
1785495461.848556995,1789399054.839212,0.100453,0.48364613141890256,-0.44376373713129086,0.05586637728543664,-0.047969521981623804,0.019873378643483756,0.4473964267400513,0.8928272011550616
1785495461.947863102,1789399054.943186,0.099306,0.48862981759201507,-0.43619444383075884,0.054300941713118334,-0.04633120716014187,0.022317906688650413,0.46433537417174603,0.8841651376167832
1785495462.048233986,1789399055.045704,0.100371,0.5029222536381645,-0.41857247354914073,0.05127645936408781,-0.045685024404937075,0.024936149921801088,0.47843062239617995,0.8765815458505851
1785495462.148657084,1789399055.142547,0.100423,0.4866983982647315,-0.41513016047354645,0.05556247317657689,-0.04415472890723952,0.025113937518864628,0.4890936803040025,0.870750838038134
1785495462.247826099,1789399055.243550,0.099169,0.4909795582218348,-0.4354919528826992,0.05242583284232588,-0.044220861366668585,0.025582585203180703,0.4942424013718965,0.8678216956497762
1785495462.348077059,1789399055.343050,0.100251,0.4955289737834832,-0.4311209827475312,0.039789925864622655,-0.04494622008026977,0.025312458384550297,0.4940372448634981,0.867909164278561
1785495462.448297977,1789399055.444594,0.100221,0.5029701098832577,-0.4256197080154929,0.048398479000304195,-0.04530915290696842,0.025069885343802497,0.4934667045249672,0.8682218570371112
1785495462.548378944,1789399055.543887,0.100081,0.5192615473885642,-0.42485177027872617,0.05028892517395034,-0.04481361477095382,0.025014341628334623,0.49222974092844224,0.8689510370496026
1785495462.648555040,1789399055.641870,0.100176,0.4980086783621537,-0.4223069078732964,0.048160340762122,-0.044763953499127235,0.02560834531057706,0.49215172667730867,0.8689804825461419
1785495462.747872114,1789399055.746153,0.099317,0.4962482597191063,-0.4133109943325576,0.04807851952383241,-0.04468816466883941,0.02534164390400001,0.4911175887586637,0.8695770713597785
1785495462.847765923,1789399055.844228,0.099894,0.4804575654877321,-0.4185629854278617,0.05032228966056704,-0.044952397264324005,0.02538511232522448,0.4896859334217165,0.8703692116919854
1785495462.948016882,1789399055.946412,0.100251,0.4971338190687562,-0.4198841783376736,0.04851196788740389,-0.045476770806625294,0.025660978449503314,0.48583110016247216,0.8724915584788987
1785495463.048387051,1789399056.041196,0.100370,0.5122803347037758,-0.412014973905725,0.05049679192234513,-0.04644009095045426,0.025076827534916676,0.4822433090164142,0.8744460312576166
1785495463.148773909,1789399056.142504,0.100387,0.509524096081931,-0.41453885472716673,0.04887353733947264,-0.0476250986756611,0.023798756196607655,0.47784907649794883,0.8768270805978139
1785495463.248836040,1789399056.242432,0.100062,0.49768623778790877,-0.42513818189213765,0.04180807722968369,-0.050435629437004054,0.021949885299584766,0.46852698428795236,0.8817351727206219
1785495463.348287106,1789399056.341965,0.099451,0.4923411691822191,-0.4308998776832755,0.05191523520219607,-0.05041986374362059,0.020801125055047266,0.4579233831427742,0.8873169251781434
1785495463.448587894,1789399056.444763,0.100301,0.4857496344531146,-0.45102624143690956,0.0506412837977836,-0.05260175103471524,0.01924652732953689,0.4459797066077927,0.8932887149560674
1785495463.548899889,1789399056.543901,0.100312,0.5014487321131217,-0.4478957674976186,0.04766894160028501,-0.05296341397270116,0.020806190746712083,0.42975389547326676,0.9011512462026117
1785495463.648205996,1789399056.644940,0.099306,0.5223168442006103,-0.4764004590942642,0.0491474989144178,-0.052197317828438956,0.019980968734293277,0.41488480489514723,0.9081557132821836
1785495463.748425007,1789399056.744461,0.100219,0.540630925771505,-0.48838540999993196,0.05550758060110153,-0.05288604259713483,0.01844603620789085,0.40029555257229193,0.9146727725462668
1785495463.847646952,1789399056.837750,0.099222,0.5214850129201328,-0.514179574612427,0.06100721813798643,-0.054709861714313135,0.01769757558911966,0.3878977080562919,0.919907057769503
1785495463.947876930,1789399056.940706,0.100230,0.547897308101007,-0.5381597731877233,0.057069967437841956,-0.048548135860367034,0.016236325457137702,0.38842205715362166,0.9200585664818745
1785495464.048295021,1789399057.047331,0.100418,0.5460770933321598,-0.515492379877848,0.058306257292246144,-0.05504583224153356,0.016906630294645664,0.3902335864518109,0.9189134182336626
1785495464.148422956,1789399057.139746,0.100128,0.5327604741440578,-0.49641572154941443,0.053912959950481176,-0.05466318972284515,0.017326871131658258,0.39189540894944896,0.9182209449094783
1785495464.248743057,1789399057.244180,0.100320,0.555782776331918,-0.5008766551456775,0.06763749629670626,-0.05398050466571697,0.017346891146330035,0.39264547341470013,0.9179404788386542
1785495464.348175049,1789399057.345124,0.099432,0.5557641773425762,-0.47177330006845497,0.060669937165033716,-0.054149497758991916,0.01745457709816441,0.39521198585889955,0.9168264044322884
1785495464.448523045,1789399057.444906,0.100348,0.5644542704066924,-0.4630052422691213,0.05249713568682335,-0.05341568860434351,0.017352290831000698,0.39899303287188276,0.915232332215999
1785495464.548695087,1789399057.543598,0.100172,0.5532942631600977,-0.4787925459415528,0.05967718335480274,-0.05577566199837565,0.016890055452884273,0.40068093384717945,0.9143623957746696
1785495464.648020983,1789399057.643880,0.099326,0.5663763447534966,-0.47979481416432934,0.06418245042445983,-0.062494755537002566,0.016112829856562077,0.40546927090492596,0.91182753445825
1785495464.748328924,1789399057.742962,0.100308,0.6055667960476906,-0.5131617875631815,0.058528241245681845,-0.06480546187570861,0.017318359968594613,0.41105936347445754,0.9091372427851847
1785495464.847757101,1789399057.838822,0.099428,0.6357635854077368,-0.5528692664447372,0.06661183551963926,-0.05742821070684069,0.017058082027198062,0.411695740518611,0.9093501194212251
1785495464.948153973,1789399057.941465,0.100397,0.6697031383207254,-0.5959384350337885,0.070589597011363,-0.051655145748023434,0.02116581359857925,0.40863725358245945,0.9109881169571012
1785495465.048379898,1789399058.046638,0.100226,0.691796494830354,-0.61949480109923,0.07018399192908356,-0.054441749775015855,0.018974309769764774,0.41257001208495514,0.9090995856221777
1785495465.148612022,1789399058.138489,0.100232,0.7213907402292703,-0.6662386212899576,0.07247965790781197,-0.048733748506297934,0.01906156351249988,0.41451551940875536,0.9085364949864553
1785495465.247891903,1789399058.240492,0.099280,0.7568905907789027,-0.7078825574075395,0.07171824289012055,-0.0366751218695837,0.021273803474412895,0.41638050378043345,0.9082013195284047
1785495465.348272085,1789399058.341305,0.100380,0.7927328866092936,-0.7221226831556345,0.0803915307913686,-0.02747140500565789,0.027977352998469707,0.4157453463365053,0.9086354586002866
1785495465.448523045,1789399058.444675,0.100251,0.8071865413939596,-0.7299411291115324,0.07368206576173955,-0.03205206729723687,0.024746994555205026,0.4167687396620402,0.9081101634069362
1785495465.547962904,1789399058.542699,0.099440,0.8282735304241322,-0.7647017655569405,0.09045971953680637,-0.03685760698844749,0.019984658398848044,0.4186703476901525,0.9071699235538914
1785495465.648452997,1789399058.640723,0.100490,0.8441974923505343,-0.776393594921346,0.08883928505589847,-0.031723986093345154,0.019298116234129636,0.41752306414343426,0.9079072983099324
1785495465.748684883,1789399058.738642,0.100232,0.8665502416434256,-0.7909487915877059,0.08169188789439036,-0.026117797785121997,0.020576969233270244,0.41969746529420854,0.9070548421135542
1785495465.848155975,1789399058.839089,0.099471,0.8594146027555336,-0.764383549428038,0.08687491914731085,-0.030658988523601202,0.0189957315106254,0.41732995596869854,0.9080390390606837
1785495465.947807074,1789399058.942132,0.099651,0.8631174614542635,-0.7581057325640651,0.09212347939747886,-0.03397695425198179,0.01802371008170903,0.4125732126217347,0.910112112149723
1785495466.048361063,1789399059.046987,0.100554,0.8420176912914654,-0.7589761887498698,0.08460039584630924,-0.03426165678173702,0.017602640328374025,0.40984131814331826,0.9113431734920646
1785495466.148706913,1789399059.146336,0.100346,0.8514386336012374,-0.7297504712803425,0.08261726268091985,-0.03341217466550456,0.017799224603352534,0.40828931281768943,0.9120672405182086
1785495466.247770071,1789399059.239144,0.099063,0.85030835434629,-0.7177469776353804,0.08029945013208109,-0.033789939896505555,0.018110324755160227,0.4081206602256378,0.912122679685163
1785495466.348022938,1789399059.349941,0.100253,0.8536389905191035,-0.7247095797879829,0.07648050323734981,-0.033453361860563774,0.018468604737437506,0.4072988375258225,0.9124951726827885
1785495466.448452950,1789399059.450047,0.100430,0.8532196750705825,-0.7432782051391088,0.08385780722103334,-0.034479739336379954,0.018135038888436757,0.40539466227317245,0.9133112480092591
1785495466.548676968,1789399059.538677,0.100224,0.8434644043703075,-0.7411709098826166,0.08496487136470623,-0.034669128043889164,0.018350643454296614,0.40192255485921885,0.9148330805895291
1785495466.648071051,1789399059.644180,0.099394,0.8520742184063538,-0.7475577105288298,0.08723808130223781,-0.03496665956651659,0.01791052014835829,0.3945779707469937,0.9180222061518768
1785495466.748450994,1789399059.745434,0.100380,0.8538018718604558,-0.7289105008849142,0.09118115392176204,-0.034191101292024566,0.018731652575879255,0.38571068685139825,0.9217957256533779
1785495466.848628998,1789399059.837447,0.100178,0.8691792936507288,-0.7542707535567129,0.09111958281437377,-0.03358737321104352,0.0184171511484858,0.37712152586234865,0.9253713047396755
1785495466.948971033,1789399059.940041,0.100342,0.8799444379165766,-0.7796070112211491,0.0971555851357736,-0.033527604173940066,0.018876970389236757,0.36756349645866143,0.9292021501365367
1785495467.048291922,1789399060.046825,0.099321,0.8772788338364159,-0.7928408925561867,0.09184393618278242,-0.0343826046953463,0.01902158740975289,0.3552667792911049,0.9339387192096181
1785495467.148463011,1789399060.136603,0.100171,0.8971231524314437,-0.8009076541148258,0.08822079730124399,-0.03506518769512264,0.019730389561591417,0.34232072783822126,0.9387212917751274
1785495467.248358965,1789399060.246256,0.099896,0.9018069377614634,-0.8168920629048052,0.08966291423533848,-0.0356574843184135,0.021162355854290722,0.3265262781353784,0.9442781836905033
1785495467.348727942,1789399060.337755,0.100369,0.899722245654712,-0.8287836517787116,0.09060476823501085,-0.034642562268955776,0.021059822376513233,0.31190890907329183,0.9492466535108881
1785495467.448008060,1789399060.440164,0.099280,0.8820243210469596,-0.8467606533500965,0.08897138555116046,-0.03357270873882341,0.021864310095562747,0.2970442489170128,0.9540228190967504
1785495467.548402071,1789399060.541607,0.100394,0.8720399616359935,-0.8426515961817503,0.09364149671290611,-0.03277645067053856,0.0210983634629335,0.2785788226264585,0.9596220104419676
1785495467.647617102,1789399060.659196,0.099215,0.876841647860478,-0.8244208887253199,0.08928338462842139,-0.03307799078605644,0.021896431439567383,0.2615889622757743,0.9643638357130846
1785495467.748016119,1789399060.758910,0.100399,0.8612009033264741,-0.827366944299254,0.08556624758532269,-0.033837651928263116,0.022333620302608378,0.24642027970077884,0.9683146536474342
1785495467.848417044,1789399060.848444,0.100401,0.8704584995752129,-0.8291649453737986,0.08142004644561984,-0.03266147959193077,0.021869439156756845,0.23314832602242885,0.971646444677679
1785495467.948791981,1789399060.934144,0.100375,0.8791784537638659,-0.8450575345115674,0.08498341472027274,-0.0329559577084231,0.02084842481754338,0.2180160401440325,0.9751657573326
1785495468.047425985,1789399061.052041,0.098634,0.8769888178473346,-0.8552146743303992,0.08152099736758395,-0.032329253463554385,0.02037149190906855,0.2035222435641128,0.9783243419554263
1785495468.147655010,1789399061.142953,0.100229,0.8805769492601012,-0.8678778223389056,0.08457503278927045,-0.03379193975250018,0.01938172813190012,0.19184111034166446,0.9806525591692818
1785495468.248058081,1789399061.243296,0.100403,0.8640581555054506,-0.8829676412301356,0.08978350837305688,-0.03448932127902481,0.0172258120259026,0.17982054974597148,0.9829437054108526
1785495468.348321915,1789399061.401113,0.100264,0.8513049645989574,-0.8928215646475381,0.09436009552563068,-0.03635745697575676,0.015682052763995268,0.17222235860778398,0.9842619914123145
1785495468.448514938,1789399061.468446,0.100193,0.8639688013811067,-0.9002535498248382,0.08744767121857622,-0.03827887447754364,0.01324609842374443,0.1622580502737867,0.9859166261741559
1785495468.548609018,1789399061.571578,0.100094,0.872495910881856,-0.9087701541676984,0.10250187470957439,-0.03997145910716855,0.01207583873631755,0.1528835967185371,0.9873616674907235
1785495468.648005962,1789399061.648001,0.099397,0.8789903110209185,-0.9230449773506961,0.09412673062370189,-0.04090570658873617,0.011404483368211149,0.14258140715304132,0.9888716818990415
1785495468.748279095,1789399061.734165,0.100273,0.9120979895132406,-0.9417088035246043,0.09852630989557948,-0.041306576018889526,0.008838533664231643,0.1363801506702594,0.9897555766973073
1785495468.847635031,1789399061.847031,0.099356,0.9097621657884226,-0.972318592747333,0.10732336403798431,-0.04134965973692661,0.008803018115496625,0.13368073978611686,0.9901223016991058
1785495468.947932005,1789399061.938606,0.100297,0.9123329044056423,-0.988979320794166,0.09703641694996418,-0.04151718572024294,0.00872963235268936,0.13108263843277138,0.9904632545987565
1785495469.048290014,1789399062.049580,0.100358,0.9067232273947866,-0.9916306544146397,0.1081408667046985,-0.03862095554518084,0.008759959713406212,0.1293840373517372,0.9908034395263073
1785495469.147460938,1789399062.137334,0.099171,0.9076047450764448,-1.0274845327194477,0.117373793095367,-0.03616177828855638,0.008974352256897786,0.12821774151807314,0.9910459109206712
1785495469.247487068,1789399062.245183,0.100026,0.899892809170192,-1.0561860466738577,0.11263645911836562,-0.03366189371007108,0.009539246994705358,0.12768067476179948,0.991198025104468
1785495469.348550081,1789399062.349371,0.101063,0.9111514447564556,-1.0732455433093395,0.11055410768577745,-0.03234293808714915,0.008018519547811676,0.12683959421786423,0.9913633819335873
1785495469.447837114,1789399062.437574,0.099287,0.9053163832594394,-1.0905154881098278,0.11821089927661,-0.035820264477826484,0.00923082872016902,0.11978763896133182,0.9921101864238403
1785495469.548090935,1789399062.549524,0.100254,0.8888895876973705,-1.115173797418903,0.11715753392820802,-0.04179788101099121,0.008458603240667606,0.11368593287971958,0.9926010768881303
1785495469.647408009,1789399062.640254,0.099317,0.8870690480534387,-1.119981735828163,0.10927194208785573,-0.04392396163240728,0.008689791222749783,0.10369628381005791,0.9936006510902676
1785495469.747720957,1789399062.743887,0.100313,0.898503565422038,-1.1359834745871782,0.11055465586656335,-0.043789709233884554,0.009209593723607063,0.09245255938574146,0.994711098265061
1785495469.847850084,1789399062.843034,0.100129,0.9031751640896852,-1.172510747860101,0.123564106065149,-0.04155796534831899,0.011478116076511155,0.08103354190636503,0.9957784660523401
1785495469.948121071,1789399062.941400,0.100271,0.903715788607609,-1.1906926749928999,0.12799445360686873,-0.04184623061380063,0.01337715797248071,0.07086873822601003,0.996517720148643
1785495470.048378944,1789399063.051843,0.100258,0.9271036634574397,-1.1951320645789736,0.1318781375120199,-0.041597882231275994,0.012589558749605182,0.06492786861652533,0.9969430731397246
1785495470.147730112,1789399063.150441,0.099351,0.9303181114661865,-1.206754073854319,0.12796347603496963,-0.044129192264190174,0.012163024907537226,0.05958350645317379,0.9971732452156713
1785495470.247997046,1789399063.240358,0.100267,0.9329292922581078,-1.2549026375787375,0.13777057378162386,-0.041639045505991366,0.01250250503902761,0.05481948145618383,0.9975493480073926
1785495470.348119020,1789399063.344493,0.100122,0.9484139517754845,-1.2813668677474772,0.13745896892690743,-0.03635573052206871,0.011649107861204962,0.0541652782622194,0.9978019251209235
1785495470.448415041,1789399063.446588,0.100296,0.9561220324973896,-1.3085021991785097,0.13775654427134154,-0.03337326635808716,0.010463956655928013,0.06168536311652264,0.9974826548270791
1785495470.547590017,1789399063.549016,0.099175,0.9481404988113855,-1.3155352343739026,0.13902409283792894,-0.03705607272278734,0.009437653901488915,0.07015491654328385,0.9968029222709994
1785495470.647924900,1789399063.636438,0.100335,0.9502660228204278,-1.3476594331192042,0.1363221886514827,-0.034869709479825414,0.009811402472572771,0.08205095854210927,0.9959696179827148
1785495470.748245955,1789399063.744517,0.100321,0.9473282786499829,-1.3555085811059486,0.13355355140633327,-0.0331502550685006,0.008872842483378744,0.0953352599591629,0.9948535175912468
1785495470.847778082,1789399063.845637,0.099532,0.9634951915348244,-1.366590875982995,0.13258558525354144,-0.033439300448366224,0.009769915756610173,0.10732801501205169,0.993613133530956
1785495470.948005915,1789399063.946390,0.100228,0.968920794832008,-1.3631904978096312,0.1357416769623857,-0.034378770858375964,0.011650147345981975,0.12009295281219634,0.9920988140633632
1785495471.048408985,1789399064.037362,0.100403,0.9764104095219295,-1.3583047465916733,0.1328382247399717,-0.03436778783858804,0.013471755912914059,0.1344664043636105,0.9902303535285245
1785495471.148669958,1789399064.149212,0.100261,0.9881674901514764,-1.3521979601548095,0.12964699706851188,-0.03797765987142423,0.014168572773245626,0.14453507440830918,0.9886690857724055
1785495471.248130083,1789399064.245456,0.099460,0.9962294095561417,-1.3437457538361601,0.14434781046727613,-0.03966608282819901,0.016177844578563486,0.15500152791432797,0.9869850077696632
1785495471.347644091,1789399064.346771,0.099514,1.0074879127733312,-1.3410542079452534,0.14563207486244784,-0.0436282490297054,0.017105429686419142,0.16616518607171474,0.9849838126079014
1785495471.447999001,1789399064.443491,0.100355,1.0065174235558505,-1.3235036859955907,0.13934045024246994,-0.04753145426943169,0.015248517619615851,0.1816923295992784,0.9820876442203232
1785495471.548226118,1789399064.538863,0.100227,1.003263631529215,-1.3250166634418596,0.13740738213155823,-0.04698186462141976,0.017078487391445192,0.19790376439781304,0.9789459278746144
1785495471.648561001,1789399064.642437,0.100335,0.9965058194017185,-1.3120042060490913,0.14482055869188798,-0.0507211305635989,0.017170641848253038,0.21394957181185453,0.9753758848230735
1785495471.748869896,1789399064.741135,0.100309,0.9957528737464926,-1.3165577406072209,0.1435234639436998,-0.0514359180607387,0.016704441947098192,0.2287306617083957,0.9719864157213949
1785495471.848124027,1789399064.840689,0.099254,1.0102065008347896,-1.3119522009352589,0.13849166246398698,-0.04680148129260717,0.023448198935938337,0.24362424779279118,0.9684560027192124
1785495471.948344946,1789399064.941214,0.100221,1.0168197881410805,-1.2942823664493863,0.13512930213349883,-0.047718446097700686,0.02560564255195964,0.25990023313405614,0.964115745016326
1785495472.048638105,1789399065.040792,0.100293,1.0320641440236609,-1.2656302083897093,0.1351704682615839,-0.051268728485091376,0.0225264588468307,0.2746678280237535,0.9599071102872703
1785495472.148000956,1789399065.140230,0.099363,1.0260676892146448,-1.254609593767096,0.12518995918116596,-0.05366901581554194,0.02161189587229499,0.290116830846704,0.9552406959283409
1785495472.248308897,1789399065.240782,0.100308,1.04536735228562,-1.2444144441601053,0.12875494711843227,-0.05425877113867708,0.02376059829865096,0.30528791061317306,0.9504160727578496
1785495472.347426891,1789399065.339744,0.099118,1.064329511934704,-1.2403422172464305,0.13656291560644962,-0.05050321438215684,0.02786700846015955,0.3212641615857383,0.9452312910907911
1785495472.447791100,1789399065.439886,0.100364,1.0612099829300425,-1.2432289097101659,0.13632618912554142,-0.04742485864427906,0.03220092028768412,0.33798963724657954,0.9394024636060531
1785495472.548084974,1789399065.538651,0.100294,1.0722778003021316,-1.2482865640724412,0.1301278517493445,-0.04570753448874801,0.03162708943677651,0.3525558378074621,0.9341386030630553
1785495472.648283005,1789399065.640986,0.100198,1.0576779982941458,-1.250369188810078,0.12848584029244428,-0.043591694214467354,0.02880632290956581,0.3697661001429516,0.9276545645556943
1785495472.748641968,1789399065.748517,0.100359,1.0779928025606058,-1.2538609941253716,0.13320621409606237,-0.04195020389721633,0.029452758383827587,0.389934274640292,0.9194150188447625
1785495472.848064899,1789399065.835574,0.099423,1.0689722970457816,-1.2438061269486114,0.13270099805252739,-0.042070454206140945,0.027737274154760103,0.4076506437938565,0.9117464960830981
1785495472.948587894,1789399065.953439,0.100523,1.0674671379508642,-1.250964328461982,0.12735488661428226,-0.042148934838224496,0.027268436096402587,0.42322236366908206,0.9046340312939893
1785495473.047930956,1789399066.062813,0.099343,1.0591432794162934,-1.2321103493579413,0.1271479338014834,-0.040667063759892104,0.026573498681412153,0.43958573733543044,0.8968859563089633
1785495473.148372889,1789399066.142382,0.100442,1.0326409768347011,-1.2487913924026735,0.13100468380937996,-0.04069224626134529,0.024043705232832748,0.456927530137515,0.8882473042657167
1785495473.247736931,1789399066.261441,0.099364,1.0365625314940683,-1.2494852397200829,0.13311107261536315,-0.04029540627270925,0.02422585932521499,0.4732640092317338,0.8796650303036818
1785495473.347940922,1789399066.350465,0.100204,1.0345942780321395,-1.2185858661902527,0.12153187204376462,-0.038472396723345556,0.02477728546071894,0.48989359648545994,0.8705803954478304
1785495473.448338985,1789399066.444404,0.100398,1.0385321918565675,-1.214081351776981,0.12673010623912376,-0.03928869258813334,0.02547861871398622,0.49991514514579843,0.8648075429117149
1785495473.547705889,1789399066.554531,0.099367,1.0568841953416925,-1.2223335677042373,0.12770962734171543,-0.03953146994758041,0.02630241568390117,0.49904158336067095,0.8652762240405367
1785495473.648052931,1789399066.642628,0.100347,1.056714355018322,-1.2139016487948384,0.1250045473868823,-0.03880658827778823,0.026708244635187093,0.4969702592485171,0.8664878993945656
1785495473.748156071,1789399066.741360,0.100103,1.0632725268805023,-1.2125578637673975,0.12514322669956937,-0.03965034569268299,0.027738701721005614,0.4913205299842445,0.8696335730233077
1785495473.848465919,1789399066.845682,0.100310,1.0713015987208336,-1.2164525243112099,0.12292379929982233,-0.037712529033376456,0.027941001172310725,0.4821274337398827,0.8748429591891281
1785495473.947686911,1789399066.944118,0.099221,1.0885210111222983,-1.242914150679947,0.12242187506283306,-0.035837839851544505,0.027514979459898947,0.4701700232289351,0.8814185863691546
1785495474.047928095,1789399067.040068,0.100241,1.0948577111644013,-1.2609063295323164,0.1258500502961566,-0.03550188774816362,0.026638936788822648,0.4574813708516917,0.8881107917015392
1785495474.148108959,1789399067.142127,0.100181,1.0934560798358564,-1.2777830011079556,0.1310943655455871,-0.03751564615288772,0.025977395046961834,0.44621616427552324,0.8937610899896821
1785495474.248466969,1789399067.252619,0.100358,1.1192225146487949,-1.3025681230238506,0.1360124128335514,-0.037675966606926035,0.024277707951043965,0.433853083174319,0.8998681107012377
1785495474.347729921,1789399067.333289,0.099263,1.126379505317085,-1.3102347167913582,0.14818184832183168,-0.038276459199139815,0.024367431704432934,0.42304851616324085,0.9049702171427447
1785495474.448065042,1789399067.453715,0.100335,1.1407798184956086,-1.318028743171704,0.14053446988939178,-0.03856289753785591,0.023871135976505024,0.41330366948656455,0.9094631100762782
1785495474.548357010,1789399067.554566,0.100292,1.1340397757013254,-1.3265920447802106,0.12967617171141063,-0.03649375504312562,0.02263084642964286,0.4025384129409282,0.9143953612851111
1785495474.647702932,1789399067.643124,0.099346,1.1256181842182207,-1.3367655485605714,0.13300293897368132,-0.03726298719838312,0.02203782954244713,0.39208241201486105,0.9189108694768605
1785495474.748169899,1789399067.742323,0.100467,1.11493099368962,-1.3285140484779254,0.13467124335110664,-0.04062887000258523,0.020557237901406424,0.379822372621913,0.9239381257140754
1785495474.848597050,1789399067.839556,0.100427,1.1245648825861028,-1.3265777432530292,0.13065471789855307,-0.043889480817128186,0.01875569313137633,0.3656037954620496,0.9295460194054452
1785495474.948113918,1789399067.941744,0.099517,1.1121686382617328,-1.3143438410786807,0.13426042737695848,-0.04397499562842461,0.016187801845552765,0.35195488212201953,0.934843257333209
1785495475.047426939,1789399068.045171,0.099313,1.1242272999600469,-1.3122635546406656,0.13318729310897073,-0.04407160714237874,0.015884450624358417,0.33825424542008087,0.9398879949906488
1785495475.147552013,1789399068.148128,0.100125,1.1144554942084555,-1.292434981606658,0.1310788912440553,-0.0437383042019306,0.014148410925928744,0.3235302144926828,0.94510051503749
1785495475.247946024,1789399068.244611,0.100394,1.1092594810945848,-1.2990517181737726,0.13076062699480823,-0.04430435027699593,0.013192187263518338,0.3082435417592939,0.950183671563253
1785495475.348134995,1789399068.339120,0.100189,1.1176878726960964,-1.3150364466794424,0.1388144350103664,-0.045171846958696686,0.011973414014347367,0.29478736301964786,0.9544194844003885
1785495475.448260069,1789399068.486217,0.100125,1.1286705525031917,-1.3360600799941118,0.14375075253153974,-0.04635994607263532,0.012164461733798496,0.2804151714968785,0.9586814449363488
1785495475.547274113,1789399068.560667,0.099014,1.135456372608771,-1.3426035829214458,0.14165054846500436,-0.04568030250906179,0.012180777242011066,0.2663584925149995,0.9627139201723418
1785495475.647349119,1789399068.707386,0.100075,1.1528428081003848,-1.3653524469584906,0.14502076794331498,-0.0447819680755893,0.013674698021027375,0.25328735666641317,0.9662572602170976
1785495475.747637033,1789399068.746952,0.100288,1.1636841342182735,-1.3758366780297488,0.13817163304721056,-0.044232037937066364,0.012744874906066885,0.24055005836438526,0.9695446170261859
1785495475.847945929,1789399068.914034,0.100309,1.1610796274472523,-1.391380734102449,0.13648708119174827,-0.043203259560765456,0.011978285126319087,0.22877340141057592,0.972446774818958
1785495475.948328972,1789399068.966388,0.100383,1.142014938533668,-1.3935980618358355,0.14093533509009928,-0.04366265221815631,0.011328608812488912,0.2123647221177188,0.9761487900025866
1785495476.047411919,1789399069.111353,0.099083,1.1418742018300547,-1.392899718138981,0.1363170061917141,-0.04361576335492615,0.011961672118155648,0.19897481605013886,0.9789604722178104
1785495476.147669077,1789399069.148441,0.100257,1.1479194351827733,-1.4046710373495073,0.1392293883902826,-0.045130655926268255,0.009742127506506777,0.18479055426732688,0.9816928062794826
1785495476.247942924,1789399069.296184,0.100274,1.163363843322301,-1.4007557935649337,0.14214620439161246,-0.04448488902728239,0.009565042734025525,0.1742446897161423,0.9836505439999776
1785495476.348170042,1789399069.333760,0.100227,1.1552561228347245,-1.3938784849801904,0.1356790561428967,-0.04594817305729347,0.0077562419117586144,0.16103688401709523,0.9858477205381001
1785495476.447556019,1789399069.495789,0.099386,1.1627626762745908,-1.4017694069456241,0.13704485616051695,-0.04575354588240788,0.007186133902642822,0.14917004427065989,0.9877263135155451
1785495476.547880888,1789399069.547080,0.100325,1.1590514452489797,-1.4058585457597277,0.14558671574827803,-0.04664587330272765,0.003987343814674079,0.13965786870389146,0.9890924847061654
1785495476.647962093,1789399069.681959,0.100081,1.169016687478303,-1.4076955813681256,0.14630518471638343,-0.04721200562773876,0.004044588616878815,0.13388461438195684,0.9898634137391488
1785495476.747208118,1789399069.760089,0.099246,1.1690817354631406,-1.437353968551439,0.14637079798867797,-0.050711649582602276,0.0023628965700154807,0.13216728501324457,0.9899265397435502
1785495476.847533941,1789399069.884017,0.100326,1.168769057707688,-1.4821346631127448,0.15573364705034626,-0.05005953044731938,0.0053767890058924435,0.1351670815985072,0.9895428205002159
1785495476.947729111,1789399069.956519,0.100195,1.1785197647527075,-1.510608198706481,0.16004277895385227,-0.05103388814921022,0.007158556416078256,0.1382921660674898,0.9890498339996694
1785495477.047895908,1789399070.077818,0.100167,1.176658173542855,-1.5236853919067106,0.15574328243707805,-0.04962073739629915,0.007648334832205458,0.14639205017390092,0.9879517463117438
1785495477.148106098,1789399070.154725,0.100210,1.193606266591877,-1.5319583476088607,0.16300906225308856,-0.05231323162766971,0.009738707738842847,0.152788969943806,0.9868252195965392
1785495477.247340918,1789399070.284293,0.099235,1.2015433381184168,-1.5381618382036746,0.15511433550830644,-0.05169763241988329,0.00944351764013577,0.16287766018011443,0.9852456762610076
1785495477.347548008,1789399070.349135,0.100207,1.2197723691661426,-1.5554364877625904,0.16514377942374237,-0.04830233448827565,0.009432149285801897,0.17622144953036678,0.9831194839734637
1785495477.447654009,1789399070.482994,0.100106,1.2226084008033626,-1.570708540516358,0.16485174745694936,-0.050109267878079414,0.009949166992801088,0.18294419044271,0.9817950389628853
1785495477.548239946,1789399070.551168,0.100586,1.2323546734916622,-1.591761096992201,0.1640279197291532,-0.051435534596497384,0.01072236390260964,0.19158626986290897,0.9800684251077213
1785495477.647562981,1789399070.682677,0.099323,1.2477638103592996,-1.5979579229887964,0.17299887658661894,-0.050494198428113285,0.011702573788496649,0.20268802916738135,0.9778706195218618
1785495477.747836113,1789399070.755619,0.100273,1.2692037438762052,-1.6245208191373293,0.1802245982170203,-0.0496034684620021,0.013460063417925211,0.2130518669698638,0.9756880775073457
1785495477.848124981,1789399070.886966,0.100289,1.2806644622351986,-1.6103034197536092,0.17477017367652062,-0.046987996480377936,0.015487167306964637,0.22619505541062998,0.9728247903622461
1785495477.948431969,1789399070.955244,0.100307,1.3050369131344202,-1.6257486823385663,0.18018130056325954,-0.04602235649284574,0.01598003956467738,0.23779896297390488,0.9700918689726722
1785495478.047707081,1789399071.081391,0.099275,1.3086033628726064,-1.6480770928586983,0.17005009011287603,-0.04486151092284617,0.01770888862181816,0.24714022048862969,0.9677786686625878
1785495478.147897005,1789399071.148687,0.100190,1.3195221291945594,-1.6648586275754007,0.1725781447789434,-0.04751495260800441,0.017874918245810233,0.25632068793518287,0.9652577487452765
1785495478.247282028,1789399071.285137,0.099385,1.3515097713590145,-1.6821997098491757,0.16998280062315835,-0.04928876224141205,0.01939920677165883,0.267879588747195,0.9619952258852295
1785495478.347620964,1789399071.351649,0.100339,1.3725086302476814,-1.6913144656234391,0.17252817495540465,-0.047538859569151985,0.02269698382231016,0.28118425247965134,0.9582068252280892
1785495478.447861910,1789399071.483441,0.100241,1.3864709072792656,-1.6947527493649095,0.1575640994895115,-0.04458244432670951,0.023366861440766,0.29412099286767157,0.9544418457919785
1785495478.548101902,1789399071.596453,0.100240,1.3886510223851585,-1.712351419286382,0.1708163791202564,-0.04282835223627071,0.02457483464014395,0.303910871299274,0.9514199872050468
1785495478.648283958,1789399071.665104,0.100182,1.374421843582409,-1.7402394835827246,0.1875338750393274,-0.046838868215277066,0.02268165735578756,0.306446002671186,0.9504643656080737
1785495478.747646093,1789399071.790051,0.099362,1.3808391898013324,-1.7579199557372058,0.18601238367707484,-0.046585679994785655,0.02109277408616383,0.3062851431134697,0.9505652425839769
1785495478.848027945,1789399071.869230,0.100382,1.3976197219847895,-1.779427878741653,0.19137296773083232,-0.040784482687521474,0.02204846246805654,0.30261446165751443,0.9519847576880832
1785495478.948339939,1789399071.970635,0.100312,1.4136401111901706,-1.7859488693990024,0.18766814573907287,-0.034894698237562395,0.02346304231411976,0.296937515242925,0.9539706272845265
1785495479.047823906,1789399072.058154,0.099484,1.4319722275895028,-1.8247881959078152,0.19525989749948672,-0.033178156000431724,0.02514748510758353,0.29139538431852036,0.9556963659840069
1785495479.148121119,1789399072.203318,0.100297,1.4195835674814143,-1.8447020499576554,0.1812522220957773,-0.03484508510124742,0.02538660027220451,0.2850313698268631,0.9575481495911984
1785495479.247387886,1789399072.244671,0.099267,1.444177083945564,-1.8563035925038391,0.17780334567449513,-0.03090886607360421,0.02661262101782143,0.27733541171425746,0.959907016231202
1785495479.347851038,1789399072.412243,0.100463,1.4697693790007738,-1.876952941937935,0.1871399888683321,-0.031124964427988552,0.028187666007419253,0.26986576906510895,0.9619818910776377
1785495479.448020935,1789399072.471956,0.100170,1.4849653041336344,-1.9113995717162042,0.19393183287489302,-0.029869040797472945,0.02925577986347166,0.26308028142646395,0.9638675766260588
1785495479.548336029,1789399072.606945,0.100315,1.4978487031799166,-1.9295742130861562,0.1987350106764481,-0.028722215086919134,0.029239011326218943,0.25756359025670267,0.9653916881511065
1785495479.647612095,1789399072.654850,0.099276,1.5247955136260647,-1.9433221148300026,0.19155552485359112,-0.026305319947430947,0.02933322858437101,0.2531908503136533,0.9666136690326335
1785495479.747927904,1789399072.791584,0.100316,1.5358029152684685,-1.980067326054244,0.19107489978425934,-0.026019551112285832,0.02960659848783076,0.25186305767783945,0.9669598918585325
1785495479.847356081,1789399072.851943,0.099428,1.536100164834319,-2.0041513759541987,0.1945948061698245,-0.024665231807884287,0.030091552649319148,0.2526212608095586,0.9667826143378901
1785495479.947846889,1789399072.993567,0.100491,1.5343049663629036,-2.0328192600685253,0.20270349333108423,-0.020547228717331018,0.032914133220696425,0.25068334218851124,0.967291234931634
1785495480.048100948,1789399073.054878,0.100254,1.552526892115263,-2.0447719137326743,0.1945362572032978,-0.021779494943379316,0.03191207999283094,0.252424796959451,0.9668448658551807
1785495480.147486925,1789399073.171026,0.099386,1.5726992182663435,-2.082351300085339,0.19472682881802234,-0.017769906380370428,0.02876530230492764,0.25680808280444667,0.9658707969582906
1785495480.247875929,1789399073.238397,0.100389,1.5964677298023753,-2.098868956953792,0.2060125141335907,-0.013687155295932696,0.025868119884184738,0.25939948598801593,0.9653265814338252
1785495480.347346067,1789399073.349918,0.099470,1.6308326553540928,-2.1342141513811894,0.19974287845073707,-0.015444034192413627,0.0251521354454426,0.26090215768631486,0.964913942279322
1785495480.447696924,1789399073.437493,0.100351,1.6505482311397492,-2.153193147637517,0.20026321347405868,-0.017736598494108823,0.024700198729453806,0.2652290606095083,0.9637057946618263
1785495480.547919035,1789399073.552141,0.100222,1.664422322664176,-2.1725654673660864,0.1946602396270837,-0.01644827486008216,0.025772646595011207,0.26957125266922277,0.962494968649687
1785495480.648037910,1789399073.645087,0.100119,1.6634982241136895,-2.19611769585115,0.194211083294472,-0.013705176653594844,0.02737942317133418,0.26834111530358556,0.9628372558004423
1785495480.748460054,1789399073.733830,0.100422,1.6603963704759834,-2.20022490349028,0.19868987270163282,-0.015096943039436433,0.026878461701463113,0.2683723180287241,0.9628218576264855
1785495480.847726107,1789399073.855533,0.099266,1.6631651579798923,-2.210761823840543,0.20102390497328385,-0.01563758109364823,0.026159817916762994,0.27388687760118935,0.9612788920297649
1785495480.947945118,1789399073.964448,0.100219,1.6610552907235916,-2.1981451330124266,0.19771832329997702,-0.015575025472344295,0.026745988661371234,0.28322003982079963,0.9585554129605478
1785495481.047435999,1789399074.057723,0.099491,1.6700642036264397,-2.170928070943966,0.19585583676572235,-0.014645791875217444,0.027450525424425293,0.29733991422578454,0.9542646094467058
1785495481.147726059,1789399074.180911,0.100290,1.6728870826142077,-2.153382372388083,0.19470803557819416,-0.014400513641138245,0.031382554825076465,0.31171002818299587,0.9495496926383992
1785495481.248039961,1789399074.261858,0.100314,1.666414903859763,-2.133582949662275,0.19646226179805634,-0.014931402018407628,0.03233741647193507,0.32283531719046515,0.9457847020882802
1785495481.348354101,1789399074.374897,0.100314,1.6662237115956156,-2.1397280528044926,0.19195604920975926,-0.013441415326650712,0.03368411076964103,0.33507306700152883,0.9414938920703968
1785495481.447685957,1789399074.458013,0.099332,1.6708794349492337,-2.13879269173453,0.1905927599477192,-0.01249923431891464,0.03582037856648639,0.34516016148630135,0.9377766965240417
1785495481.547856092,1789399074.563821,0.100170,1.67726942642408,-2.1358524714405545,0.19292086981473378,-0.014506617641586792,0.03553274772035482,0.3562226576288441,0.9336125535123688
1785495481.648076057,1789399074.651417,0.100220,1.6695245904818743,-2.1203637520653125,0.20180192316101997,-0.015442561672878462,0.0372554181185593,0.3669437455794146,0.9293685214649463
1785495481.747498035,1789399074.778767,0.099422,1.688009560204675,-2.126588333931836,0.20518733437323686,-0.015504724778228712,0.03878390184550241,0.3763672910561103,0.9255285380204518
1785495481.847949028,1789399074.847728,0.100451,1.6869833778748538,-2.134270845430323,0.1958129955224782,-0.0147938929376802,0.04179677027276907,0.38576295873370936,0.9215319367203332
1785495481.947264910,1789399074.981150,0.099316,1.6809009129876789,-2.127924534481826,0.20218043491443322,-0.015014498263466696,0.04216452914011185,0.3933574250737925,0.9182955153236918
1785495482.047560930,1789399075.049139,0.100296,1.6826221766026943,-2.1299873316067446,0.19933411252438005,-0.015243829178825944,0.04236141159331366,0.4009746776301116,0.9149822098703432
1785495482.147675037,1789399075.180033,0.100114,1.690109997840559,-2.1267390472592225,0.2023119593530009,-0.01625446786211217,0.04391588576236302,0.4086489888919959,0.9114895452663052
1785495482.247946978,1789399075.252167,0.100272,1.7040773049563795,-2.1151887090835957,0.19822875011177316,-0.016484118116670044,0.045087902456606405,0.41549618747405503,0.908327183946679
1785495482.348192930,1789399075.349447,0.100246,1.714481380003501,-2.119542141910692,0.20273095771138233,-0.016464992112046568,0.044845689519148545,0.4219282410101645,0.9053697187361475
1785495482.447423935,1789399075.442241,0.099231,1.7188306870566643,-2.125178157511106,0.19608745313992965,-0.01644822536715839,0.044719517756546937,0.4287685408438897,0.9021569480952273
1785495482.547549009,1789399075.536000,0.100125,1.7247414241114045,-2.1324158927755734,0.19095702659617378,-0.015959859033156457,0.045402059644192444,0.4363814568256548,0.8984737948423571
1785495482.647778988,1789399075.684518,0.100230,1.739079219285631,-2.1294892637932357,0.1932264595300912,-0.01568817062436982,0.04495057676115477,0.4449604415466647,0.8942838097661711
1785495482.747976065,1789399075.746438,0.100197,1.7421277616712485,-2.125105077213539,0.19631819805679418,-0.015996006159980418,0.04541338537951447,0.4546932899021217,0.8893456945042724
1785495482.847115993,1789399075.881967,0.099140,1.748689066828091,-2.1484856828098198,0.1909915779134969,-0.018051922415443594,0.045916354319111945,0.46381400037074866,0.8845577367041858
1785495482.947388887,1789399075.946608,0.100273,1.7520604421300208,-2.1642232123497576,0.19961974654190262,-0.01932243726972226,0.04655237622804331,0.46710233329605144,0.8827655010901053
1785495483.047607899,1789399076.079616,0.100219,1.7526157299485359,-2.169995999683133,0.19386625491374254,-0.023135381660517925,0.04669326411859846,0.4739600693299068,0.8790030408833424
1785495483.146910906,1789399076.150997,0.099303,1.775425270590026,-2.166039540521867,0.21244137463815552,-0.025943764488667732,0.046191505757799775,0.4839160271522112,0.8735093271083051
1785495483.247021914,1789399076.269223,0.100111,1.7953757549277003,-2.1449645069913577,0.21238788121648733,-0.028923340222212265,0.046629127712001214,0.4995963513898686,0.8645187392515786
1785495483.347089052,1789399076.359388,0.100067,1.8271148978446343,-2.1178963122398935,0.20300586061385908,-0.025672987496526786,0.0513534508026215,0.5177951008824223,0.8535759803941462
1785495483.447441101,1789399076.462270,0.100352,1.8600673542336739,-2.1295229722995006,0.19567122415154292,-0.019158873414882923,0.05631899967462682,0.5338198371084028,0.84350310571727
1785495483.546875954,1789399076.550154,0.099435,1.8636465003327891,-2.147476548524968,0.20127378093372839,-0.017630975936029875,0.05410541387892531,0.5482463597956939,0.8343786202002684
1785495483.647058964,1789399076.644078,0.100183,1.852084050089966,-2.1434085139011865,0.19806830373198192,-0.021369142486051634,0.05370271662502803,0.5520980511090189,0.831773478741734
1785495483.747360945,1789399076.737010,0.100302,1.838114528386577,-2.152914177999155,0.19461528553952512,-0.023146328087047467,0.05372447448345425,0.5518172345289112,0.831910853405837
1785495483.847620964,1789399076.853466,0.100260,1.8234895507805635,-2.150538834468793,0.2049419920319784,-0.03240655112217433,0.045616135728217086,0.55027826386095,0.8331043247563713
1785495483.947968960,1789399076.944999,0.100348,1.8368580757368993,-2.1585704671656534,0.21038328427464092,-0.036792428592270575,0.04245472940920273,0.5462403647138514,0.835742410738113
1785495484.047234058,1789399077.050656,0.099265,1.8469495088755103,-2.1694579834981793,0.20761051032043057,-0.037033777769878554,0.04723592720323903,0.5398873284841911,0.8395945086930623
1785495484.147334099,1789399077.146527,0.100100,1.8615787526381267,-2.1653482051067043,0.20511587993499408,-0.037998608016912544,0.04946271365699739,0.5295207052758719,0.846000808764747
1785495484.247586012,1789399077.255287,0.100252,1.88973212725428,-2.1727145606499816,0.20409719603031057,-0.039988366943343484,0.049533826948801485,0.5227064248294614,0.8501325331611614
1785495484.347994089,1789399077.351521,0.100408,1.8857024299045202,-2.165400008085022,0.208971976781049,-0.04578158101991102,0.046720410769221475,0.5101102002645437,0.8576181164381613
1785495484.447534084,1789399077.445008,0.099540,1.9049412190345283,-2.158345699186333,0.20165342594743546,-0.04770490559000782,0.04677851841081123,0.4991096601447821,0.863959234772161
1785495484.547190905,1789399077.544406,0.099657,1.9147581236359819,-2.1598990053709732,0.20972354595382459,-0.05163145990583548,0.04665973099226019,0.4848793008848802,0.8718079636164789
1785495484.647402048,1789399077.638084,0.100211,1.9211641984401409,-2.154617450424843,0.20707476305985056,-0.05279394308053216,0.045909203008249286,0.47249957530846187,0.8785495409972508
1785495484.746738911,1789399077.739641,0.099337,1.9605135151831528,-2.1654455183540806,0.19461190613370605,-0.052807042032021724,0.04858703354589721,0.4607643843899637,0.8846168088843755
1785495484.847093105,1789399077.834835,0.100354,1.966664988575658,-2.1763814180369203,0.203418108720268,-0.055010851469098475,0.04910027892636789,0.44795111520079617,0.8910122149669782
1785495484.947556973,1789399077.945529,0.100464,1.9657468896664076,-2.197597017659642,0.21078843106984074,-0.057383747561073194,0.052869796909111644,0.4341143621929176,0.8974723453279619
1785495485.047930002,1789399078.044750,0.100373,2.006217502304102,-2.2121656282411384,0.20025852204651834,-0.057119963611730704,0.056868632439759426,0.4226884224813383,0.9026836466346689
1785495485.147319078,1789399078.141337,0.099389,2.016435733596314,-2.2274037020828,0.20808458758199821,-0.0597060415626756,0.05526518202985136,0.41355248795699584,0.9068380715214278
1785495485.247659922,1789399078.236975,0.100341,2.0255491114143713,-2.2412849479020114,0.21550066943779786,-0.06069623775835942,0.05931448136229431,0.402208528614115,0.9116063067644778
1785495485.347877026,1789399078.354746,0.100217,2.0602875635764035,-2.261578391134756,0.2178639836258393,-0.05733324878120523,0.06461577918908414,0.3929725360928772,0.9154836347749271
1785495485.447113991,1789399078.442866,0.099237,2.08302115930472,-2.266004568356352,0.22198013569174962,-0.05470615067239956,0.0682972608467945,0.3818324774128832,0.9200797141727306
1785495485.547499895,1789399078.534053,0.100386,2.0896835900293356,-2.28772890250705,0.21541432124874332,-0.05884948894779275,0.06701188353830004,0.3693299263303472,0.9250089462443339
1785495485.646874905,1789399078.641605,0.099375,2.1122958928139273,-2.3073810432247437,0.21311671703075064,-0.05787425740394971,0.06059545651832934,0.36154525832317225,0.9285815996256372
1785495485.747169971,1789399078.738732,0.100295,2.1141212894988555,-2.3497087806004227,0.21665158181138863,-0.051667452680835155,0.05817705528488397,0.35088649132145516,0.9331798191023912
1785495485.847357035,1789399078.844027,0.100187,2.1310667826596528,-2.3829361692412094,0.2138499536768075,-0.042486488732935875,0.057036446125052036,0.33953597171182487,0.9379003497186026
1785495485.947535038,1789399078.939207,0.100178,2.1554982988565237,-2.408408944665643,0.23043441213848892,-0.04442445014038205,0.05174426716211668,0.32692992914698743,0.9425846489698025
1785495486.047722101,1789399079.038459,0.100187,2.179762922187902,-2.3968621180409313,0.20834968752474395,-0.053670874488147315,0.04654514209071542,0.3172918297443479,0.9456631967867399
1785495486.148092031,1789399079.138707,0.100370,2.1985259052240265,-2.403232392279191,0.20460724433486494,-0.05606531115956379,0.04253695633273896,0.3112525468736348,0.9477178590145928
1785495486.247229099,1789399079.257442,0.099137,2.2101007657363647,-2.4344847332431265,0.2200028284214366,-0.054082495279129436,0.041874077309725595,0.30445196220025045,0.9500687596517735
1785495486.347424030,1789399079.343531,0.100195,2.22558823139606,-2.452009034471289,0.23473582557446476,-0.052012540205320354,0.03670122454619599,0.3024196098549256,0.9510468418292519
1785495486.447639942,1789399079.442494,0.100216,2.2183244316991457,-2.4727308669743713,0.242025596010965,-0.05229887943554608,0.03624137408742987,0.29343563332715406,0.9538589618533408
1785495486.548049927,1789399079.541557,0.100410,2.2413755281391654,-2.49297973851204,0.24193277239556138,-0.04821030153631871,0.04412392118214982,0.2762347478304949,0.9588655852080163
1785495486.647336006,1789399079.635107,0.099286,2.277491453614245,-2.5214585790494772,0.22488591516307918,-0.04395427723300548,0.061057235990406314,0.26249318120620796,0.9619965515875724
1785495486.746684074,1789399079.738739,0.099348,2.3142350245326333,-2.5464134783255865,0.22613476647445227,-0.03937382994477889,0.06738722897904491,0.2618706690552413,0.9619420021885756
1785495486.846990108,1789399079.840881,0.100306,2.319381194381642,-2.5664517376743543,0.23627062447993707,-0.039814233478196626,0.06216064781151646,0.26697605980240596,0.9608718250467012
1785495486.947124958,1789399079.935305,0.100135,2.308143985744749,-2.5845595539923103,0.237806917370947,-0.047648657524824334,0.054569355002357905,0.27319184879448016,0.959227816883436
1785495487.047481060,1789399080.060020,0.100356,2.290800669036445,-2.589138094309109,0.24282911521978218,-0.06259943463634493,0.04996601539931742,0.275974409560594,0.9578219215261293
1785495487.148211956,1789399080.158911,0.100731,2.3085708278786563,-2.6117354523211502,0.23453076934697,-0.06785329329691059,0.05191658461712789,0.277054748766505,0.9570482041236924
1785495487.247342110,1789399080.250559,0.099130,2.309001308077659,-2.6481014786749935,0.25025354733238286,-0.05653738363484775,0.04939796394994236,0.2728913591632448,0.9591108755005144
1785495487.347564936,1789399080.342609,0.100223,2.3318160498326845,-2.6754593855021374,0.2608604566009077,-0.04864158978970933,0.03785433004690186,0.27517299369581816,0.9594169421997462
1785495487.447875023,1789399080.438796,0.100310,2.323594031881417,-2.6912052348016533,0.25284621744639724,-0.05543114682686705,0.02961303783169351,0.27850878514427785,0.958375350553892
1785495487.547728062,1789399080.535550,0.099853,2.3424091142264496,-2.6869543235615874,0.24994096123805565,-0.0568319160684223,0.031192815359585565,0.2784722000656028,0.9582538157380629
1785495487.648047924,1789399080.645532,0.100320,2.371662963277043,-2.6941398631903404,0.2548581761993232,-0.05473300209534375,0.03073959090369481,0.27956995490060804,0.9580709871139907
1785495487.747298956,1789399080.745183,0.099251,2.395165193941233,-2.7048447189241016,0.2567902285540949,-0.04849612583106128,0.03241759564854187,0.2816405510695387,0.9577451776255477
1785495487.846704006,1789399080.841197,0.099405,2.41233804624511,-2.749685419743112,0.25321945106569943,-0.04402110087121813,0.030153630507459513,0.28633526291145095,0.9566425761269126
1785495487.946829081,1789399080.938900,0.100125,2.414515240597049,-2.764572486743377,0.2536650584041814,-0.038240153161883096,0.029216593997170248,0.2913797834106959,0.955396202180486
1785495488.047096014,1789399081.052588,0.100267,2.427093657168463,-2.8093098483032177,0.2521068504525368,-0.03617374917354737,0.026639604853491157,0.29768963921408625,0.9536050912346086
1785495488.147275925,1789399081.141043,0.100180,2.441785268225812,-2.8353310275218564,0.25455563014648963,-0.039825719277871735,0.02605117106894732,0.30126211999134084,0.9523530771873736
1785495488.247522116,1789399081.235515,0.100246,2.4483349089760504,-2.859309813628132,0.2689118606712751,-0.05025354124349976,0.027248877229345436,0.3030089964006584,0.9512715849758646
1785495488.346822977,1789399081.347886,0.099301,2.4471230426383817,-2.878910146771521,0.27734126853823726,-0.06231304169372922,0.028919189374171376,0.3094127446917532,0.9484432079693187
1785495488.447052956,1789399081.435811,0.100230,2.4505394400651768,-2.882534626654525,0.2716680610757468,-0.06956989596184653,0.02821664672090409,0.3154069146056564,0.9459822031320809
1785495488.547355890,1789399081.538372,0.100303,2.4629692173194178,-2.8992070180392977,0.2885192524006059,-0.07043386659217668,0.02421244912101246,0.32152901384466204,0.9439660592418124
1785495488.647566080,1789399081.643491,0.100210,2.484525832493319,-2.9205395192782206,0.30194010724792686,-0.06615970860566936,0.015451401442953159,0.3295048747638682,0.9417062624075031
1785495488.747879982,1789399081.736639,0.100314,2.5097511418061664,-2.9290305398104746,0.3078599629227452,-0.07117331222603107,0.009867946308099267,0.3325343225345263,0.9403498857334646
1785495488.847287893,1789399081.840408,0.099408,2.518769303271042,-2.9441226236800646,0.2923722027446632,-0.08011666610050722,0.008575868098788535,0.33290193929744244,0.9395126785261038
1785495488.947622061,1789399081.944816,0.100334,2.5417195578147953,-2.947290698603271,0.28430332540468295,-0.08632324648428472,0.007645961538595874,0.33751067326741907,0.9373240537931037
1785495489.047029018,1789399082.042159,0.099407,2.569833510438115,-2.974482167292018,0.2909570741387306,-0.08035661364283116,0.007707300003833997,0.33963219688172264,0.9370877136169283
1785495489.147283077,1789399082.139696,0.100254,2.591267664559822,-3.014593170590158,0.30195713170978644,-0.07099706917264242,0.00918930564911026,0.34140415296605614,0.9371863086751279
1785495489.247383118,1789399082.256670,0.100100,2.6017473294898594,-3.049475582928624,0.32007921755214164,-0.07190028992479973,0.012789381080556309,0.345252332695586,0.9356642596618524
1785495489.347821951,1789399082.345934,0.100439,2.6131363642926835,-3.049576605678325,0.30250468207529646,-0.07522942429125344,0.016541822208222944,0.3503142730026065,0.9334595931102178
1785495489.447304010,1789399082.439526,0.099482,2.6317192383811676,-3.0683739793431775,0.29806204953840254,-0.07457545206669759,0.0191347276054384,0.354388971863752,0.9319231839426821
1785495489.547470093,1789399082.537561,0.100166,2.671540336782189,-3.08451625941613,0.2994080079172394,-0.06717634158451573,0.022499826877040087,0.3586985503198877,0.930761219067616
1785495489.647710085,1789399082.642690,0.100240,2.690200959715528,-3.1157845036148033,0.3059737022030591,-0.05919300816730996,0.024501422199864908,0.3612994798517585,0.9302465017150763
1785495489.747905016,1789399082.737519,0.100195,2.7227407568147037,-3.113662465844382,0.3037878442680585,-0.050726103381631346,0.0292340301055561,0.3631869972970909,0.9298749587518885
1785495489.847304106,1789399082.846753,0.099399,2.7498338126723416,-3.13611616930087,0.29796067558548345,-0.04055355440454533,0.03578715655867478,0.3621167742659808,0.9305622657543143
1785495489.947588921,1789399082.943798,0.100285,2.796549604056135,-3.165220765289594,0.3046266399284415,-0.03230303431807092,0.04221640297117091,0.3603492323144835,0.9313016267914406
1785495490.046890020,1789399083.038446,0.099301,2.822099776107269,-3.2136773767552893,0.3099389660617895,-0.01962258219374899,0.04846179524133634,0.3584666964728612,0.9320772694309576
1785495490.147238016,1789399083.142820,0.100348,2.8471769380344485,-3.2659869366218075,0.28638973173706483,0.0037401983781572795,0.055624785942573925,0.35655010657224545,0.93261134220438
1785495490.247435093,1789399083.242080,0.100197,2.897875235817178,-3.32505900226533,0.2822970408777341,0.03208550564537501,0.06810829079031575,0.3522418812529001,0.9328758964323819
1785495490.347762108,1789399083.338065,0.100327,2.9420591070442685,-3.3851645648943465,0.2790142333845189,0.05986063034999199,0.09048706171484754,0.34127182933391675,0.9336821381494866
1785495490.446966887,1789399083.434894,0.099205,2.9776011573420647,-3.448686571213593,0.2552483012959059,0.0745438108640949,0.09451602846902121,0.32832630306385563,0.9368627323897148
1785495490.547204971,1789399083.543972,0.100238,3.002312277888422,-3.4872371183234097,0.2566304020769264,0.07409336325608093,0.09031760865230731,0.3217344676601522,0.9395955701301328
1785495490.647274017,1789399083.640788,0.100069,3.029303639579587,-3.512803199215682,0.24776505369061494,0.06641944490066212,0.08351204888948144,0.31832841206851514,0.9419560590066324
1785495490.747715950,1789399083.739849,0.100442,3.0373096099612154,-3.528786393812284,0.2670450057490676,0.056369781542484974,0.06871918062876382,0.31691403470528917,0.9442804755735335
1785495490.847997904,1789399083.841210,0.100282,3.0406861605029083,-3.5229869066082404,0.260533374441911,0.04918832134533296,0.06817474170748652,0.3045621625508505,0.9487753173321358
1785495490.947341919,1789399083.934053,0.099344,3.061791164599116,-3.5552202996458124,0.23483232838697093,0.047515200684343784,0.07663588344318928,0.29516496358681804,0.9511818392629249
1785495491.047466993,1789399084.045465,0.100125,3.085700284906955,-3.5595353116740025,0.24739577964275863,0.04067604028208341,0.07456542562461597,0.2937488854960389,0.9521013860499443
1785495491.146819115,1789399084.143949,0.099352,3.098059464730751,-3.5511675295361647,0.26549354018732174,0.02980084472938139,0.07227744633474607,0.29330128428681224,0.9528180503330369
1785495491.246978998,1789399084.240215,0.100160,3.120843201325244,-3.5541971464676103,0.2650463894104723,0.011203643188023906,0.074116719105199,0.2942243918762457,0.9527923160654949
1785495491.347096920,1789399084.334558,0.100118,3.121860415159057,-3.5689373977533245,0.25253603736284796,-0.0036889987161889577,0.07032580728061226,0.2956313414325895,0.9527028823728675
1785495491.448132038,1789399084.440442,0.101035,3.125310885864453,-3.595822660925199,0.2481308814305801,-0.010057293691471004,0.06344088835402105,0.2980278388699058,0.9523935697950662
1785495491.547389030,1789399084.542638,0.099257,3.12436821410267,-3.625529742489991,0.25648559150185457,-0.0060852308921729836,0.05844780769444255,0.2945186371459998,0.9538373006516181
1785495491.647634029,1789399084.637784,0.100245,3.133038188947681,-3.670289831303157,0.2658262766906227,-0.005061946049427985,0.05042782061852036,0.2929873074635484,0.9547721452132542
1785495491.747832060,1789399084.734218,0.100198,3.1526598491630877,-3.6903299225261654,0.2707590377865445,-0.009698860739786465,0.0443784416647597,0.2945663099073703,0.9545507713491791
1785495491.847922087,1789399084.856720,0.100090,3.1615108063628217,-3.700482650739443,0.26277955406480685,-0.02147250442013267,0.04082217146596513,0.2933438639142495,0.9548936377286158
1785495491.947331905,1789399084.963929,0.099410,3.1678725591196653,-3.719596322952897,0.2598181241224412,-0.027361825411578097,0.037596698245948794,0.29123836496467115,0.9555197714144142
1785495492.047414064,1789399085.049168,0.100082,3.1559932624721916,-3.7328003347775485,0.260582468053187,-0.028574834161949645,0.0375622208498096,0.2881931372507024,0.956408528851058
1785495492.147798061,1789399085.134222,0.100384,3.199508426391458,-3.769381743323335,0.26352778416833383,-0.023060057569298357,0.03656552543423254,0.2883238724793583,0.9565566060893238
1785495492.247023106,1789399085.248463,0.099225,3.2093214543957083,-3.8165537507073317,0.2625065638226225,-0.016401456565402678,0.02456879178244458,0.28792717099241705,0.9571965894721876
1785495492.347284079,1789399085.337974,0.100261,3.225004538647389,-3.849131215576889,0.26506546956999855,-0.016036528158385816,0.01575816393387623,0.29549430692504236,0.955079904829406
1785495492.447618961,1789399085.440093,0.100335,3.237231834634455,-3.8748790681692316,0.2782492852671921,-0.022128327820867977,0.01638492543953908,0.2985145496449343,0.9540078275236923
1785495492.547903061,1789399085.558999,0.100284,3.258759278062412,-3.8673775864472995,0.2957718120776688,-0.03904808688458222,0.022380600313640135,0.299443265370947,0.9530519851845647
1785495492.647207022,1789399085.646016,0.099304,3.290885007325488,-3.861222145516672,0.29198073924432083,-0.05693721506650213,0.02600857642078001,0.30234409243332117,0.9511412919559884
1785495492.747508049,1789399085.736525,0.100301,3.285249342359076,-3.8837637001272785,0.28552394450736013,-0.06062543454662254,0.018803547087105615,0.30777821704464303,0.9493384814784434
1785495492.847982883,1789399085.839652,0.100475,3.28735974605405,-3.9284947293097034,0.28777827477547696,-0.05503630033091916,0.003065476877377539,0.31378420203894536,0.9478929702493745
1785495492.948288918,1789399085.939727,0.100306,3.2570413452276887,-3.98463570822783,0.2739124960470789,-0.04848788964814339,-0.01915370400061743,0.3177459081449009,0.9467415687703262
1785495493.047671080,1789399086.043190,0.099382,3.260004844124069,-4.004281596310855,0.2880679981861852,-0.044718825586907006,-0.02309454614831569,0.31845357077769737,0.9466013901507145
1785495493.147131920,1789399086.138952,0.099461,3.2799501092975643,-3.9917361794627175,0.28878364879658736,-0.05314447170525298,-0.017937039967013818,0.3192092628545033,0.9460229247921406
1785495493.247332096,1789399086.244103,0.100200,3.3091337848354527,-4.011879373699336,0.2760001220433269,-0.05684616233306318,-0.01941613216330758,0.3238257881686647,0.9442078089895058
1785495493.347856998,1789399086.341857,0.100525,3.324687092133899,-4.0129274456301,0.2959719197822565,-0.053655320371897915,-0.022045241097874157,0.3257676898890725,0.9436686527404959
1785495493.448084116,1789399086.439265,0.100227,3.3394301362032652,-4.0228310269746475,0.2985579168311335,-0.055098020774405926,-0.02046491625653085,0.3258112709147753,0.9436060677286128
1785495493.547514915,1789399086.543248,0.099431,3.3467724197380355,-4.033848172920314,0.2902658708151169,-0.06070600816108229,-0.018449663899309545,0.32769782196405156,0.9426497376837093
1785495493.646914959,1789399086.640270,0.099400,3.356069728001459,-4.027241001410143,0.3057053281565858,-0.0675694961753777,-0.01628070394773262,0.3298565723921769,0.9414690348148772
1785495493.747070074,1789399086.742423,0.100155,3.3757793683000092,-4.043428692106647,0.3139386416705406,-0.07500924673049426,-0.012456950085573433,0.33105680197722764,0.9405423069506762
1785495493.847369909,1789399086.838388,0.100300,3.3855558625961035,-4.0486193826041434,0.3112085639942155,-0.08158016584464274,-0.01089153993863602,0.33350705971817857,0.9391480671420567
1785495493.947504044,1789399086.936942,0.100134,3.3901435488850344,-4.063423098353826,0.29581050280300214,-0.07552268874528054,-0.005697290425842919,0.3278649717295967,0.9416838241571519
1785495494.047745943,1789399087.045096,0.100242,3.373640227407173,-4.074873573430038,0.3060915610603229,-0.07643433334088956,-0.009265890115147652,0.3274032016094913,0.9417425760487643
1785495494.147949934,1789399087.143484,0.100204,3.3649143230258565,-4.063654014368441,0.3065010641983116,-0.07633844576248443,-0.011644389201825301,0.3281344715753389,0.9414693932691905
1785495494.247189999,1789399087.239527,0.099240,3.37057673567202,-4.060186594742786,0.31762707776998167,-0.07495166249472626,-0.009687866212094089,0.328439691370565,0.9414965547838936
1785495494.347323895,1789399087.343330,0.100134,3.373389497915567,-4.073825255072237,0.31815739093450485,-0.07536313541742945,-0.010231816078855954,0.3283814338745755,0.9414782746544184
1785495494.447599888,1789399087.440454,0.100276,3.3639205633339335,-4.073151441621647,0.3198198533113731,-0.0753727174718397,-0.010381877956358053,0.32850810304295847,0.9414316737321549
1785495494.547837973,1789399087.538036,0.100238,3.3818878517620186,-4.059868078573092,0.31847799725034986,-0.07503396405672311,-0.010414598757639936,0.32847628653515665,0.9414694735118742
1785495494.648015022,1789399087.645340,0.100177,3.3734330793243825,-4.0637691263924625,0.31043246894983517,-0.07515690264167468,-0.010342999115776335,0.3285968785478785,0.9414183733936744
1785495494.747235060,1789399087.745652,0.099220,3.3628430929599578,-4.058583226653003,0.30969498300942144,-0.07453333944496522,-0.010154169186661215,0.3285476623017562,0.9414871787525103
1785495494.847584963,1789399087.840483,0.100350,3.3762721186038744,-4.038045014098556,0.3164343419175633,-0.07518292974981997,-0.01048891336279454,0.32850089878311933,0.9414481766243876
1785495494.947633028,1789399087.938047,0.100048,3.3835965772622156,-4.043093925514905,0.3013698173267612,-0.07448364324972806,-0.010564395796663429,0.3283860625945908,0.9415429752928542
1785495495.047800064,1789399088.043276,0.100167,3.3837926058744374,-4.038047061223128,0.2977334284903081,-0.0743886820155006,-0.010427363041479884,0.32817496793326356,0.9416256073992462
1785495495.148109913,1789399088.138647,0.100310,3.382486302711705,-4.040580502565011,0.3036066177184123,-0.07464893255060245,-0.010904032276562513,0.32819121835388454,0.9415939481244345
1785495495.247174978,1789399088.243887,0.099065,3.366655682144781,-4.04600413911925,0.30622005812398667,-0.0744527958077672,-0.010425391382335487,0.3284961281126903,0.9415085693852727
1785495495.347323895,1789399088.342747,0.100149,3.3752856787398726,-4.068688477360788,0.30122417235223187,-0.0747438173884416,-0.010269753351573733,0.3284925672090525,0.941488463666288
1785495495.447570086,1789399088.451862,0.100246,3.3834227600249385,-4.072276244048208,0.3038128370621963,-0.0747857133743201,-0.010334178146071848,0.32848757288668046,0.9414861742458872
1785495495.547739029,1789399088.547431,0.100169,3.3766446370894054,-4.064873334709127,0.30540789558496717,-0.07455225315032807,-0.010370522054165639,0.3284343582753447,0.9415228548085256
1785495495.647967100,1789399088.651461,0.100228,3.381506724098493,-4.057338198314683,0.3004990427076133,-0.07418926053914729,-0.010526957368581193,0.328219481319285,0.9416247176405864
1785495495.748181105,1789399088.745302,0.100214,3.364993732671903,-4.054602960376569,0.304351179116748,-0.07441954636821553,-0.010460266927418955,0.32840984601616685,0.9415409109400366
1785495495.847368956,1789399088.840178,0.099188,3.369396473850003,-4.042816656406575,0.30486029952471283,-0.07440960821115593,-0.010839444224829443,0.3283404058827255,0.941561625449724
1785495495.947674036,1789399088.952140,0.100305,3.366603771815866,-4.0341793711531055,0.30716736670061395,-0.07435171992748411,-0.010431642191078788,0.32845513780904617,0.9415307881486737
1785495496.047862053,1789399089.054742,0.100188,3.367643762662044,-4.034156219201095,0.3035624194080755,-0.07429445633492894,-0.010716702600675178,0.3285258216769665,0.9415074458201274
1785495496.148083925,1789399089.148556,0.100222,3.361198941285711,-4.044149943582195,0.2973262000806278,-0.07441487771755309,-0.0107925778858778,0.32876611790247495,0.9414131855652941
1785495496.247364998,1789399089.244713,0.099281,3.365151120874686,-4.047538254194577,0.3054207371368892,-0.07446362857692478,-0.010371749595675881,0.32859660580435396,0.9414732420432035
1785495496.347563982,1789399089.339441,0.100199,3.370206768578847,-4.041969850694585,0.3120749147186907,-0.07463239604282684,-0.010509597694062824,0.328385501236913,0.9415320049762499
1785495496.446835041,1789399089.435570,0.099271,3.36296140889081,-4.051369264230696,0.3128323222767818,-0.07483927729581266,-0.010572793304533534,0.3285582636495873,0.9414546011375952
1785495496.547034979,1789399089.545066,0.100200,3.358817948058244,-4.047125495984622,0.31343270545072244,-0.07440832706732993,-0.01036865281281887,0.3285785254138188,0.9414839587262063
1785495496.647120953,1789399089.643969,0.100086,3.3603369891632298,-4.0434872187110145,0.3081434508511794,-0.0743087346738634,-0.010313772309702453,0.3285537347981314,0.9415010788109125
1785495496.747404099,1789399089.737887,0.100283,3.3660214064419813,-4.040626127906186,0.3034946701618388,-0.07421835362888801,-0.010386026611882378,0.3284548767248899,0.9415419058074218
1785495496.846657991,1789399089.838061,0.099254,3.3664707772926787,-4.029727983570925,0.2987690987969984,-0.07405573412539783,-0.010419185352402601,0.3283676734280301,0.9415847597891563
1785495496.947016001,1789399089.937438,0.100358,3.3567505607757333,-4.051688081963582,0.3102076377534505,-0.07442124609812868,-0.010028930900407842,0.328556742831141,0.941494219533178
1785495497.047147989,1789399090.054945,0.100132,3.3624929412914666,-4.056909168800494,0.3074641233187719,-0.07426564176519333,-0.010291499024835381,0.3282046152022716,0.9416264811808102
1785495497.147351980,1789399090.145269,0.100204,3.3519504063189003,-4.067186046273698,0.30953626946121593,-0.07447135697324996,-0.010343805157075938,0.32841359720401825,0.9415367926198912
1785495497.247467041,1789399090.241743,0.100115,3.346749164495205,-4.0628346689422585,0.3137175232747409,-0.0745122878199116,-0.010249789141017459,0.3286053838754958,0.9414676640620459
1785495497.347760916,1789399090.339395,0.100294,3.3591368618734885,-4.062128092205261,0.3063321530451209,-0.07432324392571858,-0.01034729838069435,0.3284922703728034,0.9415210125822472
1785495497.446933985,1789399090.437670,0.099173,3.366148876790138,-4.058287983909634,0.3094761816355326,-0.07438375284363204,-0.010206000239577401,0.32843722308197915,0.9415369803497925
1785495497.547425032,1789399090.543968,0.100491,3.3627113874047687,-4.071955439851255,0.31259887288625243,-0.07452586395926318,-0.009933224987270704,0.328345701629102,0.9415605805598334
1785495497.646692038,1789399090.640018,0.099267,3.361941480571563,-4.066340383436668,0.2977127229586563,-0.07403373312314972,-0.009998867300557527,0.32829795564295833,0.9416153574221324
1785495497.746876001,1789399090.735790,0.100184,3.3562570897664585,-4.068184397296874,0.2949538225905859,-0.0739870903476566,-0.009957604257650967,0.3283782453507854,0.9415914637249401
1785495497.848026991,1789399090.844572,0.101151,3.3599180010105845,-4.051088555244571,0.29559368903585787,-0.07384707281690843,-0.009965698717354483,0.3283489509852921,0.9416125854470655
1785495497.947161913,1789399090.942238,0.099135,3.3614980663803937,-4.047010043779162,0.2977890833801929,-0.07396051832638789,-0.010415254969315328,0.32830379818092953,0.9416145603657537
1785495498.047352076,1789399091.037455,0.100190,3.3643382118162335,-4.060563596545882,0.3051054657151211,-0.07385270451332851,-0.00996328779174882,0.3282919339927646,0.9416320496923074
1785495498.147583008,1789399091.146517,0.100231,3.3586712739545277,-4.059754719900135,0.30362001772556163,-0.0741298592538791,-0.01046162341582893,0.32840782783322947,0.9415644518674042
1785495498.247864962,1789399091.246284,0.100282,3.3539517562866443,-4.065332916693763,0.306015522682901,-0.07465005273941916,-0.009672484538274517,0.3284157591207695,0.9415290233603993
1785495498.348174095,1789399091.341582,0.100309,3.3502455157050717,-4.070342200699649,0.30501175856065904,-0.07443966962151746,-0.010260690503313076,0.3285734510793021,0.9414844348489634
1785495498.447544098,1789399091.435418,0.099370,3.352686843243737,-4.0722149556196205,0.3068960146673568,-0.07462414779437457,-0.010496166483375117,0.32862694419258426,0.9414485639724354
1785495498.547754049,1789399091.546241,0.100210,3.365773333942746,-4.088811066155207,0.31070053326264946,-0.07478258352970142,-0.010572704917905816,0.328435676248491,0.941501879806163
1785495498.648096085,1789399091.647946,0.100342,3.3397505485655126,-4.099273113200441,0.3092905027633908,-0.0748133825340873,-0.010373646970028282,0.3286788331059442,0.941416788627898
1785495498.747258902,1789399091.742230,0.099163,3.3431484840834256,-4.083118889835255,0.30619618100240975,-0.07457853608350974,-0.010293657348704707,0.3285969691184028,0.9414648769126904
1785495498.847444057,1789399091.838656,0.100185,3.3557744055403993,-4.0795420452775035,0.31369787658518694,-0.07477969360284406,-0.01016036118551079,0.3284593254926689,0.9414983993518766
1785495498.947557926,1789399091.962056,0.100114,3.3464657813225993,-4.074584154972303,0.3149299620573121,-0.07440614170464056,-0.010075009770006003,0.32869498364606015,0.9414466676241833
1785495499.046716928,1789399092.064057,0.099159,3.3494748455532872,-4.065424777462865,0.30914843087590166,-0.07438956486790053,-0.010204391997364205,0.3286243255442877,0.9414712505877652
1785495499.147347927,1789399092.158657,0.100631,3.351302308535057,-4.062216851704364,0.3084031868194946,-0.07441137800217423,-0.010211577033390418,0.3286921631748678,0.9414457670974652
1785495499.247549057,1789399092.256291,0.100201,3.3485595547496643,-4.06513098826549,0.2954839396215527,-0.07405350708618025,-0.01000208879783343,0.328688366615602,0.9414775589250575
1785495499.347863913,1789399092.351940,0.100315,3.351160808799478,-4.070151343804341,0.308284119000799,-0.07439980492196545,-0.009970037983182111,0.3285988241993792,0.9414818533062509
1785495499.447114944,1789399092.446855,0.099251,3.3555763888346473,-4.071351619600894,0.30441487157531366,-0.07432083960284237,-0.010280474552029045,0.328517752909811,0.9415130432802309
1785495499.547250032,1789399092.543251,0.100135,3.3569878741405383,-4.0657290046467764,0.3052422004941626,-0.07423450092102142,-0.010018746374784752,0.3283552368187359,0.9415793657721033
1785495499.646600008,1789399092.636677,0.099350,3.3573742606238604,-4.063709472513764,0.3090501847367101,-0.07457365421787271,-0.010317365044441598,0.32840509536666757,0.9415319513496836
1785495499.746906996,1789399092.740192,0.100307,3.3809441641994082,-4.061442612667653,0.3088541283540962,-0.07425912079887793,-0.010232699494542735,0.3281741663814589,0.9416382486704045
1785495499.847188950,1789399092.836757,0.100282,3.3687872074666676,-4.075328922044924,0.3072986518397353,-0.07433395816643534,-0.010426705494090527,0.32840243791262236,0.94155062808587
1785495499.947516918,1789399092.949161,0.100328,3.385464596371871,-4.069524847585296,0.305222165698177,-0.07462494299344612,-0.01034469390465443,0.32836199022583473,0.9415426217469779
1785495500.046848059,1789399093.043433,0.099331,3.3778055481281695,-4.060976019170626,0.3138277285135922,-0.07480288746437923,-0.010254712148155853,0.32828973289839525,0.9415546825220775
1785495500.147114992,1789399093.158071,0.100267,3.354974749747896,-4.055635681461285,0.31301388019474735,-0.07479535769047424,-0.010472222203104436,0.3286650511009039,0.9414219411161623
1785495500.246704102,1789399093.257838,0.099589,3.3659636412703913,-4.041532180664389,0.30306665219917023,-0.07449826594272237,-0.01027253710382023,0.3284115491620515,0.9415361584824873
1785495500.346990108,1789399093.348028,0.100286,3.3586013427638335,-4.039307299933396,0.3009006646220229,-0.07426006511895254,-0.010081234757842792,0.3283657142195212,0.9415730291163771
1785495500.447287083,1789399093.447712,0.100297,3.36519807682274,-4.042419470526983,0.30365036187196776,-0.07422941067038545,-0.010595086326995322,0.3283041881937763,0.9415912588547518
1785495500.547508955,1789399093.553752,0.100222,3.365928362793313,-4.031212315710338,0.3059399164463912,-0.07453285356407188,-0.01033582643571415,0.3282811089250237,0.9415782165887463
1785495500.646950006,1789399093.651573,0.099441,3.361650745645978,-4.041148636224355,0.29498104135394443,-0.07377183360713652,-0.01030736678479583,0.32827373921560715,0.9416410286821663
1785495500.746349096,1789399093.751287,0.099399,3.345538749986117,-4.060425121292325,0.31303039734747057,-0.07437656653629093,-0.010391444537952118,0.3285407153128706,0.9414994119023096
1785495500.846597910,1789399093.850025,0.100249,3.3572228366380004,-4.052508736108969,0.2979419869918444,-0.07414466023553276,-0.010821448842755018,0.32853433470400256,0.9415150856593321
1785495500.946779013,1789399093.944684,0.100181,3.3472905829227586,-4.068337431484288,0.3009182122705551,-0.07404758011610185,-0.010419560128074504,0.3285216601126203,0.9415316816138132
1785495501.046478033,1789399094.041503,0.099699,3.337901567105359,-4.067928635270701,0.3081105399665187,-0.0741178082207635,-0.009981627593525963,0.32853888785622554,0.9415248890928634
1785495501.146583080,1789399094.137513,0.100105,3.3400155787196875,-4.060154200056528,0.3133766621807653,-0.07418115073623995,-0.010137096905517536,0.32863997889539875,0.9414829581109831
1785495501.246779919,1789399094.244421,0.100197,3.3443064901336848,-4.061171781206925,0.30687884763679557,-0.07365377724539092,-0.009993056716654887,0.3286191572948858,0.9415331695557747
1785495501.347013950,1789399094.342478,0.100234,3.339793945330237,-4.060325629673741,0.31023510219095973,-0.07421176166621259,-0.00988673302854151,0.3286812074277464,0.941468815640889
1785495501.446582079,1789399094.441170,0.099568,3.345028356205052,-4.059895158283561,0.3097113823080915,-0.07416201736105736,-0.01033769343201819,0.3286260109909289,0.9414871598570178
1785495501.546760082,1789399094.543915,0.100178,3.342380901166781,-4.063843049863731,0.3033477287077641,-0.0742535587634599,-0.009871102864630305,0.3286333336871282,0.9414823961863981
1785495501.646095991,1789399094.639146,0.099336,3.340496599423599,-4.070788463084226,0.3020279475872012,-0.0740326544304694,-0.01014608626426472,0.32865671613399744,0.9414887072883635
1785495501.746386051,1789399094.738666,0.100290,3.347637418978529,-4.067652376331988,0.2996718937085773,-0.07425482236500856,-0.010535119339097817,0.3287117067523102,0.9414477396329736
1785495501.846560955,1789399094.841935,0.100175,3.350462968610867,-4.068018733774555,0.3107969264050602,-0.07421679407816267,-0.010152761504529813,0.32855373755020995,0.9415100798464027
1785495501.946898937,1789399094.940684,0.100338,3.346895935679178,-4.06717538772025,0.3087320375412514,-0.07436263593415648,-0.009900847230962862,0.3284164296672234,0.9415491598029637
1785495502.046050072,1789399095.037380,0.099151,3.363161634090619,-4.07315968268658,0.31014968861337083,-0.0744398056996785,-0.01029927621307819,0.3283907325590148,0.9415477507839071
1785495502.146298885,1789399095.141364,0.100249,3.36534110849524,-4.06066388958811,0.3128858941615578,-0.07427689570379642,-0.010222173819713326,0.32825695638517505,0.9416081034654216
1785495502.246323109,1789399095.239218,0.100024,3.350731713609818,-4.076920243035904,0.31260681103582383,-0.0742755083503977,-0.010659280516453965,0.328461519586184,0.941532027468687
1785495502.346499920,1789399095.335654,0.100177,3.3621285236907763,-4.074291549387374,0.31498733712216664,-0.07461190021545958,-0.009999783772209538,0.32837577041452093,0.9415425758166315
1785495502.447048903,1789399095.437591,0.100549,3.359856323684699,-4.076818417226958,0.31299441353462387,-0.07435882252401564,-0.009804917410547146,0.32838727050915534,0.9415606351557828
1785495502.547116041,1789399095.532229,0.100067,3.3721578223339876,-4.065295135802603,0.3084402145551661,-0.0745183100135037,-0.009760605091108642,0.3282460727387279,0.9415977207876984
1785495502.646495104,1789399095.658557,0.099379,3.3529707441044656,-4.0655054061191,0.30966318168231843,-0.07423518193228144,-0.009315146670742768,0.3282682645549667,0.9416168606668288
1785495502.746707916,1789399095.756305,0.100213,3.3739561049112217,-4.047475465489844,0.307386601505148,-0.07408516790618302,-0.00968790614086188,0.3281942978093028,0.9416506970508636
1785495502.846036911,1789399095.849848,0.099329,3.3773938099351755,-4.044773207680695,0.299026091731309,-0.07415164256894026,-0.010030607178166858,0.32813456366253807,0.9416626938314808
1785495502.946275949,1789399095.942133,0.100239,3.376425822896627,-4.047456115332006,0.30528283831091796,-0.07417933500800332,-0.010528095946811195,0.3281968948880183,0.9416333594554561
1785495503.046478987,1789399096.034018,0.100203,3.3703775650582184,-4.0416552405165955,0.3137316482842063,-0.07445499568517007,-0.01052368132862123,0.32829578280319704,0.9415771793870383
1785495503.146559000,1789399096.136863,0.100080,3.367273567621501,-4.061542879337911,0.31850723210063725,-0.07435182378787429,-0.010589570662153873,0.328339680222735,0.9415692867143874
1785495503.245791912,1789399096.243451,0.099233,3.3694886298464013,-4.05620976780354,0.3136327737519636,-0.07419031008953132,-0.010484108524748167,0.3282879388056752,0.9416012481894773
1785495503.346045017,1789399096.342013,0.100253,3.3672328816723027,-4.053095275437692,0.30437254504945,-0.07415308598854183,-0.010389142783322855,0.32829502280944994,0.9416027631380158
1785495503.446295023,1789399096.437551,0.100250,3.3544548695182157,-4.052546497403884,0.3059624359315947,-0.07438115203864411,-0.010288330581952006,0.32843114002825746,0.9415384117150929
1785495503.546663046,1789399096.541454,0.100368,3.3605699277885015,-4.059063028419683,0.3068190580059219,-0.07440149461231042,-0.010144808001642348,0.3282632150481248,0.9415969212547015
1785495503.646974087,1789399096.664099,0.100311,3.3725874516695584,-4.050868418504587,0.30418181010856404,-0.07425442327199115,-0.01018828680768025,0.32844535486536547,0.9415445439828286
1785495503.746407986,1789399096.742405,0.099434,3.3720050819060257,-4.062030712594356,0.31147663770178935,-0.0746794959007943,-0.010517508491964483,0.3280524093314916,0.9416442914598528
1785495503.846750975,1789399096.834686,0.100343,3.361439225705194,-4.066261988534577,0.3082001782519757,-0.07443448897769234,-0.01057265255006374,0.3283406373739078,0.9415626116820811
1785495503.947073936,1789399096.943940,0.100323,3.3399122018831973,-4.072062331595607,0.30373556335610613,-0.07422306535514755,-0.010326906125529424,0.32850168490920045,0.9415258544463748
1785495504.046992064,1789399097.037576,0.099918,3.3331308142386344,-4.083302745958925,0.31434725418552384,-0.07464341971681564,-0.010103750885879961,0.3286889956290927,0.9414296671888738
1785495504.147046089,1789399097.155036,0.100054,3.3459206802970423,-4.09008220813591,0.3125841361528575,-0.0746896419025463,-0.010219022543721057,0.328558997262881,0.9414701345705717
1785495504.247185946,1789399097.260054,0.100140,3.34803786841339,-4.091682789483825,0.3136645444871422,-0.07480069019256498,-0.010100684980600124,0.32866785210125116,0.941424599160649
1785495504.346479893,1789399097.344621,0.099294,3.356354166893919,-4.074216854172933,0.31231742723966177,-0.0746787501742458,-0.01060283577579314,0.328476768455469,0.9414954470049106
1785495504.446754932,1789399097.485594,0.100275,3.361463176457519,-4.07313286943683,0.3078441583252393,-0.07450171536705266,-0.010163721753223906,0.32836104061118787,0.9415546825204724
1785495504.546991110,1789399097.573985,0.100236,3.3492568223115864,-4.077778546944167,0.31028252562007963,-0.0746010817329204,-0.009880912908899727,0.3286463867091925,0.9414502635122881
1785495504.647241116,1789399097.645676,0.100250,3.3562007848739377,-4.06363985322307,0.3079085633358168,-0.07425106347345568,-0.010031708555699981,0.32835906812721233,0.9415765857194746
1785495504.747437000,1789399097.745209,0.100196,3.3613106596441114,-4.073936655569882,0.3028354357734135,-0.07402325965718946,-0.009813109520393682,0.32818103784831615,0.9416588906329442
1785495504.846482992,1789399097.844777,0.099046,3.369040296404094,-4.066821797249223,0.300319117348346,-0.07411724469603291,-0.009647159146915128,0.32823634811877955,0.9416339342508371
1785495504.946623087,1789399097.945205,0.100140,3.3665082608544163,-4.079934093027901,0.3022184305187321,-0.07415292191507172,-0.009797160599124877,0.3282839884287284,0.9416129686643969
1785495505.046892881,1789399098.057892,0.100270,3.3797789392289923,-4.062145513976083,0.2962859928778019,-0.07431098594303855,-0.010128394201576896,0.32805849390568265,0.9416755904107349
1785495505.147120953,1789399098.157527,0.100228,3.381499476915049,-4.059771414638388,0.3097814727369675,-0.07445052215634004,-0.010155867634633572,0.3281470849870642,0.9416334046314035
1785495505.247278929,1789399098.255048,0.100158,3.3720125274086117,-4.065404067785655,0.3016642005351744,-0.07413239818225717,-0.010261062306781022,0.32810676336058164,0.9416714129552446
1785495505.347341061,1789399098.350581,0.100062,3.359574330139069,-4.061852917227097,0.3027604647021404,-0.07387207232031644,-0.010159528420574524,0.328355255261792,0.941606354723319
1785495505.446474075,1789399098.447601,0.099133,3.345569694112607,-4.04738461968194,0.30009658473132195,-0.07394910007881934,-0.010546532741107877,0.3285212929162524,0.9415381358953588
1785495505.546713114,1789399098.556388,0.100239,3.3330514268598512,-4.059963225617942,0.30312109876983206,-0.07393672534479723,-0.01006792023516497,0.3286685745993812,0.9414929451133648
1785495505.647195101,1789399098.654581,0.100482,3.336068301506891,-4.075642062453466,0.30908048081634176,-0.07436659888487904,-0.010522272629755238,0.32872638476818283,0.941433935391242
1785495505.747324944,1789399098.753525,0.100130,3.3291044109923513,-4.061793902016789,0.3102688703732205,-0.07427946493517716,-0.010438505667308877,0.32890541690139585,0.9413792144621085
1785495505.846527100,1789399098.850042,0.099202,3.3562481228171497,-4.067425251616802,0.3057845120939374,-0.07425183714385325,-0.010482113063591989,0.32851872039913094,0.9415159267552528
1785495505.946873903,1789399098.948061,0.100347,3.349936362658967,-4.058684708930744,0.3082958127879241,-0.07436583183491895,-0.010200830867085373,0.32873007250157554,0.9414362461357809
1785495506.047142982,1789399099.068115,0.100269,3.379244565318609,-4.064499239241936,0.30448950176217926,-0.07430998176222631,-0.010167861866110746,0.32816542261559106,0.9416379859559084
1785495506.146275997,1789399099.157022,0.099133,3.3702343326713433,-4.061147483074481,0.30027416137891383,-0.07405334395179643,-0.009986312961233696,0.32808915643584474,0.941686721384672
1785495506.246577978,1789399099.244448,0.100302,3.372697252981555,-4.064873412870742,0.3094567111978537,-0.07386846572434624,-0.00953162464867979,0.3279533734584564,0.941753249391955
1785495506.346806049,1789399099.344399,0.100228,3.376418453475757,-4.064363666177922,0.30126940166546123,-0.07379596008463167,-0.009953254630040568,0.32785014050364225,0.9417905151195775
1785495506.446005106,1789399099.442004,0.099199,3.361729166598898,-4.0652116580429025,0.30323800066097006,-0.07381956398466426,-0.009866445824519853,0.32822809020460975,0.9416579241001163
1785495506.546238899,1789399099.544455,0.100234,3.3673467829173362,-4.071718882639942,0.30725891395206906,-0.07427017420159776,-0.01029339102859974,0.32821598759002624,0.9416221390852598
1785495506.646478891,1789399099.643866,0.100240,3.365098795589276,-4.086354595579615,0.3045537081926963,-0.07371730443464769,-0.010645387980188551,0.32830938835956625,0.9416291097117846
1785495506.747008085,1789399099.742691,0.100529,3.362398590039722,-4.083797952246939,0.3069078669243456,-0.07420021303702402,-0.01014494026936567,0.32838201192736227,0.9415713795643583
1785495506.846240044,1789399099.840739,0.099232,3.3639428002747485,-4.074328556065364,0.3097793769476458,-0.07396547536166272,-0.010362098487704101,0.3284398876419514,0.9415672974223334
1785495506.946577072,1789399099.937207,0.100337,3.3443241847629213,-4.091269233517856,0.3097459127687232,-0.0741711296241224,-0.010115250991777808,0.3284749386486898,0.9415415763031362
1785495507.045897007,1789399100.043153,0.099320,3.3436861319682714,-4.103351514554238,0.3140334275433861,-0.07445945196282809,-0.010274880814445213,0.3285318176749232,0.9414972446124605
1785495507.146096945,1789399100.142736,0.100200,3.336035543127775,-4.094428142025451,0.31139252013146135,-0.07451309352263585,-0.010727081651692996,0.3288140624755008,0.9413894204479261
1785495507.246433020,1789399100.238033,0.100336,3.3424190208276072,-4.107542975939928,0.3155308125463653,-0.07460055200803932,-0.009980108294006742,0.3285943996407813,0.9414674054916878
1785495507.346697092,1789399100.339239,0.100264,3.34679190386745,-4.103457768701763,0.31021686921663993,-0.07443234923347862,-0.010284665046610292,0.3284726577518191,0.9415199223393633
1785495507.447047949,1789399100.447682,0.100351,3.342572183714797,-4.102829221854009,0.30981569142741944,-0.07405096293757296,-0.01011275381986876,0.3286223654408416,0.9414996165852979
1785495507.546226025,1789399100.557559,0.099178,3.3303469125147696,-4.1057773444721315,0.3062749208328145,-0.07430868823808105,-0.009862566175939514,0.32864002519099333,0.9414758002642575
1785495507.646471977,1789399100.659564,0.100246,3.3504411295630083,-4.108925976402133,0.30529174969585643,-0.07408820774541643,-0.009866003094596317,0.3284844641925877,0.9415474264422998
1785495507.746664047,1789399100.755794,0.100192,3.361205264368234,-4.098042788204272,0.3026573791234821,-0.07445412932821567,-0.009931135599241787,0.3284171631575866,0.9415413544370793
1785495507.846965075,1789399100.852238,0.100301,3.363325768607958,-4.103013619585297,0.307543972133728,-0.07420154485134928,-0.009829368907040979,0.32832103285763237,0.941595886583974
1785495507.946997881,1789399100.942951,0.100033,3.367849292370335,-4.1015143134050795,0.3151293334471459,-0.07422003855250466,-0.010025261321899185,0.32835107820840864,0.9415818867480767
1785495508.046061039,1789399101.070308,0.099063,3.3693808196921737,-4.101793124094949,0.31090079270052934,-0.07437351805263274,-0.009857009757141395,0.32825557265915306,0.9416048524669645
1785495508.146408081,1789399101.163487,0.100347,3.3687239826418276,-4.089552714186949,0.31274808185323866,-0.07419051438786324,-0.009821430719644206,0.32825587320061966,0.9416195562873481
1785495508.246478081,1789399101.260655,0.100070,3.3703084623581048,-4.084667827456708,0.32040676132454726,-0.0745395341288346,-0.009685895191920774,0.32812507973430577,0.9416389824850832
1785495508.346611023,1789399101.360783,0.100133,3.3622756290656586,-4.077282127739636,0.3163805522541517,-0.07452047221591633,-0.01004826223407686,0.3282307943176235,0.9415998498876335
1785495508.446723938,1789399101.460278,0.100113,3.368210591390137,-4.065627849363305,0.31013187243594764,-0.07445967613031343,-0.010244047843078703,0.3282405459890745,0.9415991504260992
1785495508.546008110,1789399101.555527,0.099284,3.375288106670587,-4.061720456197996,0.31625049212266665,-0.07452113379665333,-0.010289405057881002,0.32814176126402916,0.9416282245534896
1785495508.646019936,1789399101.650463,0.100012,3.382060207571971,-4.0633976467484185,0.31522938261989475,-0.07439355795515962,-0.010607620909270607,0.32778310791507437,0.9417596886037075
1785495508.746041059,1789399101.753101,0.100021,3.345836913374116,-4.0777424506907085,0.31078061693320097,-0.07424732240774685,-0.010065648737811557,0.32837128858800213,0.9415722567396632
1785495508.846118927,1789399101.851315,0.100078,3.354630451153197,-4.0706521855346445,0.3061317346044675,-0.07409332565334065,-0.00994244305368258,0.32802151639960275,0.9417076041418894
1785495508.946329117,1789399101.947455,0.100210,3.3531339576776613,-4.069590451815851,0.30351786745384224,-0.07401125944215137,-0.009932554295572897,0.3282813858498975,0.9416236029037413
1785495509.046408892,1789399102.058787,0.100080,3.352127809830197,-4.061666233752216,0.305156459459469,-0.07398607821298593,-0.009838910312902837,0.3282024849648768,0.9416540686140512
1785495509.145608902,1789399102.143968,0.099200,3.363016014622557,-4.0746538771046374,0.2990695797057462,-0.07365104194639155,-0.01044245133734717,0.3281491424174681,0.9416924230134583
1785495509.245861053,1789399102.235880,0.100252,3.3591060426470616,-4.067883569412066,0.3017756679458901,-0.07396561185322445,-0.010518118297542393,0.3281524893549133,0.9416657587386463
1785495509.346220970,1789399102.339413,0.100360,3.360452517241393,-4.0559867634536655,0.2969565627367796,-0.07371316801607126,-0.010456988675111033,0.3281821715449985,0.9416758903831467
1785495509.445620060,1789399102.437650,0.099399,3.3625899484615775,-4.06793842233004,0.2942350050750188,-0.0734964096467529,-0.010194280339044279,0.328162740424779,0.9417024849782997
1785495509.546011925,1789399102.543788,0.100392,3.3549699460406464,-4.067727232339756,0.29957478277243804,-0.07376772518093193,-0.010110971585167315,0.3282384324678438,0.9416557876561303
1785495509.645236969,1789399102.636796,0.099225,3.3592647789329884,-4.075051835414436,0.306171570680758,-0.07389400480618573,-0.010206969076528346,0.328148264743772,0.9416762767435662
1785495509.745548964,1789399102.753823,0.100312,3.349792763024055,-4.085629516925512,0.3092620379189525,-0.07408446137679475,-0.010018405290262038,0.32851092481697663,0.941536880007281
1785495509.846002102,1789399102.862897,0.100453,3.357906604747503,-4.061381866914326,0.30988438909590926,-0.07426112353596682,-0.010371427070750047,0.3282389535306798,0.9416139911963799
1785495509.945202112,1789399102.948855,0.099200,3.3611199300568946,-4.054132623863586,0.31012770562016245,-0.0742107407637953,-0.01001127645846063,0.32820311483384035,0.9416343535111312
1785495510.045433044,1789399103.040138,0.100231,3.341133191351942,-4.055701817053258,0.31665300060965407,-0.07438339387940784,-0.010137972893514672,0.32852686383972335,0.9415064694181485
1785495510.145792961,1789399103.143385,0.100360,3.3448668859054513,-4.066960672836927,0.31758103029556384,-0.07439849019994776,-0.010448258061240457,0.3285796233831966,0.9414834728537781
1785495510.244911909,1789399103.241607,0.099119,3.359384275606383,-4.070315871657158,0.30728465612229294,-0.07401606337306045,-0.010423058069430984,0.32841961395404823,0.9415697209413173
1785495510.344995022,1789399103.337232,0.100083,3.359694673297557,-4.07638120430677,0.30360344650197,-0.07406298733224592,-0.01075963849265139,0.32861382884453116,0.9414944798452448
1785495510.445111036,1789399103.438807,0.100116,3.335280480198337,-4.092439754548666,0.3024468548997957,-0.07400307395031461,-0.009775944124301073,0.32853948265433175,0.941535864584885
1785495510.545259953,1789399103.552884,0.100149,3.3382100143568914,-4.087652260712222,0.3022130301043805,-0.07392296402147616,-0.009886942885878387,0.3285691065529543,0.941530661194655
1785495510.645535946,1789399103.644762,0.100276,3.343737779922001,-4.069366453150784,0.3019254469602135,-0.07423618040069754,-0.010009251039900956,0.32849276165135216,0.9415313642974424
1785495510.745632887,1789399103.737776,0.100097,3.3454526767686703,-4.055590699816274,0.3095119771710483,-0.07440951860915669,-0.010135037398115627,0.32851155229126744,0.941509779327052
1785495510.845674038,1789399103.837987,0.100041,3.3343449879059435,-4.050910759081489,0.31769081413131195,-0.07422997704246038,-0.010044195266909351,0.32867670007528776,0.9414672864615824
1785495510.945910931,1789399103.934871,0.100237,3.345796355976457,-4.047291761051457,0.3117557261682154,-0.07426600950052031,-0.0099189880470103,0.32850506346646985,0.9415256750539958
1785495511.046080112,1789399104.043707,0.100169,3.3513977950895777,-4.05075382226256,0.3023309368559301,-0.07402407806073771,-0.009829583073913023,0.3284292407797802,0.941572115647372
1785495511.146358013,1789399104.155848,0.100278,3.3539433678501553,-4.07116869856554,0.2994627293149961,-0.0737365135709183,-0.010280138504289783,0.3285044998535084,0.9415636138332527
1785495511.245685101,1789399104.243231,0.099327,3.353314917319943,-4.093078946379266,0.29913158577708715,-0.07374322475346563,-0.00992918062030992,0.32843677857604564,0.9415904792709825
1785495511.345772982,1789399104.334405,0.100088,3.345325476016644,-4.088010229617767,0.31102205589799364,-0.07392560374207222,-0.009628301092445423,0.328622526254173,0.9415144906839027
1785495511.446065903,1789399104.441749,0.100293,3.3446128850017565,-4.1075359731200205,0.310995446219107,-0.07417628597124129,-0.009581302190622929,0.3285624494396734,0.9415162208194008
1785495511.545387983,1789399104.538450,0.099322,3.3421218892837996,-4.106591111891757,0.30678424768241164,-0.07413244864317528,-0.009916771391950548,0.32858047615141356,0.9415099088142604
1785495511.645665884,1789399104.644575,0.100278,3.3458760673367958,-4.111059396130789,0.31437640902905073,-0.07444214653288872,-0.009928784091236851,0.3284575793214646,0.9415282282822588
1785495511.745943069,1789399104.737413,0.100277,3.3522787320738643,-4.108730085378177,0.31626914028587283,-0.07479043024521707,-0.010407752349905411,0.32840310894180413,0.941514454627286
1785495511.845134020,1789399104.850528,0.099191,3.3465336870669113,-4.098833051996422,0.31463428444021246,-0.07469175620162036,-0.010252407121511436,0.32844012725038624,0.9415110793376159
1785495511.945416927,1789399104.960280,0.100283,3.346365258415697,-4.0902130862160355,0.30992770278641985,-0.07452920087545563,-0.010107314568598428,0.3284611506704483,0.9415181957399031
1785495512.045608997,1789399105.047271,0.100192,3.3523423448560736,-4.0866839300163535,0.3043795576782978,-0.07428649951928758,-0.01045175346508979,0.32829705012750543,0.9415908472984718
1785495512.145756960,1789399105.141429,0.100148,3.35699641565945,-4.086002863915579,0.3100132616700352,-0.07438966636504515,-0.010345476720134465,0.32832701804420467,0.941573426702204
1785495512.245975971,1789399105.244090,0.100219,3.3599792954170713,-4.079904847777112,0.3038463180184035,-0.07400307358560083,-0.010332412222621731,0.3281296503078508,0.9416728300988584
1785495512.345247984,1789399105.342069,0.099272,3.372598187439534,-4.079718389423527,0.31522087778316643,-0.07429798815666835,-0.009634714264252654,0.32797382735976593,0.9417112879242259
1785495512.445555925,1789399105.439418,0.100308,3.381804768568688,-4.075733124607128,0.31573130005918715,-0.07469425373403074,-0.010513165124307689,0.3280286931892727,0.9416514314026838
1785495512.545857906,1789399105.542768,0.100302,3.3789224487262595,-4.062454268425788,0.3026891689053866,-0.07440764491920465,-0.010753987795221649,0.32794218424472443,0.941701533351665
1785495512.645134926,1789399105.639926,0.099277,3.3634506822559986,-4.078026895905959,0.3050615686820962,-0.0743530334512729,-0.010432510243174584,0.32826396358968674,0.9415973445985332
1785495512.745363951,1789399105.735520,0.100229,3.3537287529941775,-4.067119574059725,0.30821124529027694,-0.07412563034586349,-0.010173115586376904,0.3283293860118578,0.941595302094361
1785495512.845575094,1789399105.843699,0.100211,3.351756218350542,-4.0775955302490985,0.3139759494931484,-0.07410664678012856,-0.010054788497143603,0.32828924192905895,0.9416120643688284
1785495512.945595026,1789399105.941089,0.100020,3.3423741071796416,-4.074594892767604,0.30024987290935845,-0.073871833345575,-0.009937507451558488,0.3283717137407996,0.941603003286812
1785495513.045676947,1789399106.050328,0.100082,3.341329374901326,-4.053572850532257,0.3025528663381747,-0.07387261003421429,-0.01025869432831947,0.32857876173742484,0.9415272667387342
1785495513.145844936,1789399106.150247,0.100168,3.345953950397844,-4.067166856973068,0.2971452673848677,-0.07368546119977576,-0.010249142864566222,0.32840639206751276,0.9416021715817764
1785495513.244992971,1789399106.247332,0.099148,3.3521746828460324,-4.061826766815031,0.3038127684497549,-0.07425678276714251,-0.010051001856632569,0.3284005005055799,0.9415614790561666
1785495513.345056057,1789399106.345542,0.100063,3.3556492573678547,-4.069772250561017,0.30374163600327225,-0.07421872672658487,-0.010081878978135745,0.32829958339196935,0.9415993414738639
1785495513.445218086,1789399106.450514,0.100162,3.368409237207405,-4.055361852129433,0.3000230368689014,-0.07399935647426199,-0.010614840681304173,0.3282836516632994,0.9416163042605598
1785495513.545351028,1789399106.546443,0.100133,3.3445211411619127,-4.050707591711655,0.2971634835704786,-0.07390930872771856,-0.010347842988480115,0.3285560759708895,0.9415313277695478
1785495513.644817114,1789399106.650058,0.099466,3.3533943127360093,-4.058260514265005,0.2960719153918524,-0.0735694738637131,-0.010095661588341066,0.32844681576767026,0.9415987995662422
1785495513.745017052,1789399106.745215,0.100200,3.348468988675492,-4.053068282826723,0.29902122382807395,-0.07365845857969584,-0.010011743987190944,0.32870470935267504,0.9415027405756032
1785495513.845057964,1789399106.856520,0.100041,3.34956707877936,-4.04706662985521,0.2995161556132622,-0.07373765623054077,-0.010410149856874447,0.32855093949438263,0.9415458921321587
1785495513.945000887,1789399106.957335,0.099943,3.3513047302956127,-4.049738172278965,0.2974092259292421,-0.07375012864181965,-0.010229615297229181,0.3286322496524696,0.9415185170693897
1785495514.045028925,1789399107.047849,0.100028,3.359778045053856,-4.062853482589339,0.3066313678570573,-0.07426099885175104,-0.010431585605755996,0.328438168099431,0.9415438682327977
1785495514.145226002,1789399107.144741,0.100197,3.3491725325175064,-4.0741371119261665,0.30580171535335426,-0.0740261435340131,-0.010214743858576219,0.32853848777638517,0.9415297399078754
1785495514.245481968,1789399107.243639,0.100256,3.3535410773406955,-4.069520624939695,0.30687643386029356,-0.07421762301616358,-0.010208263410891734,0.32846233305634764,0.9415413063456884
1785495514.344831944,1789399107.344868,0.099350,3.3586914551861984,-4.083981146564763,0.31083315239199805,-0.07430907657576505,-0.010066833779455605,0.3282518967825775,0.9416090017914835
1785495514.445235014,1789399107.475092,0.100403,3.363641234446387,-4.079865421121953,0.3200814421552984,-0.07462768334423894,-0.01011472418448895,0.3282007029270476,0.9416011362734943
1785495514.544337034,1789399107.543515,0.099102,3.3650509699869624,-4.0763626167505755,0.32314570448058066,-0.07467885339396294,-0.010037980160049236,0.32818356520930153,0.941603873896333
1785495514.644792080,1789399107.633897,0.100455,3.3631379099280516,-4.068360296975538,0.31356750690973617,-0.07469109574400559,-0.010238295206277587,0.32813748156298683,0.9416168067326164
1785495514.744888067,1789399107.740247,0.100096,3.353149397399816,-4.059016000539047,0.31457313073992343,-0.07469660767095664,-0.009797076141852367,0.3281911726707452,0.9416023514639941
1785495514.844961882,1789399107.838065,0.100074,3.3438960306882377,-4.068301578454241,0.3142745232431884,-0.07453097066945573,-0.009700518630088957,0.3282973948665174,0.9415794469258736
1785495514.945053101,1789399107.940813,0.100091,3.3438661830596694,-4.076748418174992,0.30818044835879227,-0.074449119917602,-0.009916632553709682,0.3284253412693151,0.9415390507856927
1785495515.044351101,1789399108.036266,0.099298,3.3450891166395347,-4.0811782078221475,0.30407004305065666,-0.07426021514320427,-0.009927652660761939,0.32859769115101345,0.9414937172014243
1785495515.144577026,1789399108.142218,0.100226,3.359040053423382,-4.0784756311292405,0.307065299645433,-0.07416335970521673,-0.0104801139345323,0.328376522196835,0.9415725266590278
1785495515.244687080,1789399108.240012,0.100110,3.3507946383328484,-4.089167133696708,0.30563713872054654,-0.07439123786727718,-0.010101530964692747,0.3282803194476777,0.9415922337530584
1785495515.344805002,1789399108.357905,0.100118,3.3534762928796336,-4.110609372200515,0.3128607623381414,-0.07417422704341216,-0.010151224383536543,0.32820568019867025,0.9416348380191525
1785495515.444924116,1789399108.445332,0.100119,3.3537298432627307,-4.117156377223232,0.3069092196386892,-0.07413363698096755,-0.010483487603420463,0.32832330376022184,0.9415933881265395
1785495515.544919014,1789399108.537369,0.099995,3.354279691047857,-4.117691665893117,0.29912594829406247,-0.07418338578110997,-0.010425707194841552,0.3284219120429213,0.9415557219801758
1785495515.644021988,1789399108.633846,0.099103,3.3472496619808334,-4.124288138230952,0.31277415916509277,-0.07450204683586754,-0.01056606419285337,0.3285983138750535,0.9414674457585938
1785495515.744318008,1789399108.737834,0.100296,3.335567264078068,-4.118060217629667,0.31213698568061654,-0.07416259744710467,-0.010049836622232793,0.3286771936771901,0.9414723640555
1785495515.844588041,1789399108.835433,0.100270,3.3394201162684642,-4.114002993490569,0.30342224387294675,-0.0742452439989484,-0.010409074614983872,0.3286828516574933,0.9414599714993169
1785495515.944588900,1789399108.934154,0.100001,3.346007487771447,-4.104560950338222,0.3123913507277956,-0.07447371782440063,-0.010005422300328103,0.32849039961569376,0.9415134700248985
1785495516.043812037,1789399109.042693,0.099223,3.3607329170443645,-4.1036923297272025,0.3160143749626906,-0.07436302339469543,-0.009895292123720003,0.3281206070972965,0.9416523196719094
1785495516.144254923,1789399109.143929,0.100443,3.372164129269624,-4.0970706683495965,0.3111105877109473,-0.07440522135404061,-0.009757038080789883,0.32800899098400904,0.9416893145176908
1785495516.244421959,1789399109.242150,0.100167,3.368716865642216,-4.0949122453579765,0.30837730077432357,-0.07418422944877266,-0.00976672490051509,0.32810619990449313,0.9416727843418022
1785495516.344643116,1789399109.338701,0.100221,3.3637933085584537,-4.098866460000648,0.30199234599457236,-0.07424300762781921,-0.010333847037685329,0.3282749599958345,0.941603280614246
1785495516.443768024,1789399109.435888,0.099125,3.356906712955851,-4.101521878644509,0.31046013311785525,-0.0741885935406054,-0.009964029625811515,0.3283205382506209,0.941595664213098
1785495516.544085026,1789399109.537835,0.100317,3.364212821218782,-4.098935282000051,0.3118209713481478,-0.07418051789998531,-0.010244691508943428,0.32826502891183784,0.9416126421482918
1785495516.644361973,1789399109.636118,0.100277,3.3713331013110075,-4.105017855210706,0.3038784793445654,-0.07427961917215475,-0.010500291089482548,0.3283233618081006,0.9415816757741746
1785495516.743752956,1789399109.736909,0.099391,3.357630845180351,-4.088370387402618,0.30498537920094454,-0.07430528734592548,-0.010779128440741545,0.32854210381902194,0.9415001968564152
1785495516.844223976,1789399109.829721,0.100471,3.355924949170697,-4.0820768663680695,0.31424832845648976,-0.07455988725642017,-0.010459722356394181,0.3286557296895307,0.9414440125481596
1785495516.944396973,1789399109.967130,0.100173,3.3454788094665306,-4.087199431160657,0.31351179687736147,-0.07474142551455483,-0.010835400266673541,0.32874600601111703,0.9413938479429594
1785495517.044775009,1789399110.047922,0.100378,3.3503197251747334,-4.079583574153913,0.3160999553782018,-0.0744364740837219,-0.010043768063847837,0.3284917178536539,0.9415155470573062
1785495517.144017935,1789399110.143575,0.099243,3.349258490796609,-4.073105541146572,0.31286031238635464,-0.07388310283198216,-0.009820387956100284,0.3284035141982369,0.9415922572741128
1785495517.244299889,1789399110.237831,0.100282,3.3573353707604086,-4.0698509716643105,0.302325213672063,-0.07393681333389802,-0.010175115917997827,0.3283924327664657,0.9415881396618194
1785495517.344644070,1789399110.330363,0.100344,3.3565187872181337,-4.071544644459324,0.30885067751371514,-0.07387976842216956,-0.009723468552891808,0.32840467514969174,0.9415931198330907
1785495517.444957972,1789399110.463987,0.100314,3.356900941509865,-4.06948232115541,0.31142466850507594,-0.07442002847427642,-0.00980202194883387,0.32837866809135746,0.9415588298508747
1785495517.545160055,1789399110.553411,0.100202,3.361263143894229,-4.078300464900647,0.3171436336539958,-0.07468094998364537,-0.009693992538189066,0.3283764258180689,0.9415400709397131
1785495517.644429922,1789399110.652660,0.099270,3.3565860652548145,-4.081542825876178,0.31070111845981924,-0.07445979570874116,-0.010695631723542437,0.32836023919995133,0.9415523860081274
1785495517.744815111,1789399110.750319,0.100385,3.3442249672898043,-4.0741577910190125,0.3105741030668504,-0.07458111753586862,-0.010734516820057077,0.32849970442875454,0.9414936915593018
1785495517.845021009,1789399110.850083,0.100206,3.337220885739597,-4.068704349031122,0.3130252671019607,-0.07458855636013371,-0.010483729726795916,0.32852513835813585,0.9414870536220317
1785495517.945080042,1789399110.949504,0.100059,3.340691465424834,-4.076018798200781,0.3034996416549167,-0.07465735341186089,-0.010072189547343608,0.3287195114775304,0.9414182457086928
1785495518.045099020,1789399111.046808,0.100019,3.340589230332713,-4.058684765306228,0.3034274382167645,-0.07434119808304643,-0.0098131534608077,0.3286223673114581,0.9414799137471521
1785495518.145203114,1789399111.145127,0.100104,3.335671469253582,-4.05742201245781,0.30313953003900707,-0.07419294627963383,-0.00973070170689545,0.3285867344115423,0.941504900749538
1785495518.244393110,1789399111.241306,0.099190,3.3445898423216507,-4.070071289714167,0.3045131458901036,-0.07425290055640686,-0.010254606466950315,0.32857169829849625,0.9414998613289385
1785495518.344636917,1789399111.339321,0.100244,3.354797560082248,-4.074671556632652,0.3060410703736382,-0.07406374205939482,-0.009874613457165728,0.32821636157704187,0.9416427529134176
1785495518.444813967,1789399111.435009,0.100177,3.3616929872887327,-4.081670251702344,0.31293496223270323,-0.07420565009790363,-0.009948785834881598,0.32819345296193636,0.9416387845595998
1785495518.544967890,1789399111.543695,0.100154,3.3660869072084294,-4.08437692749114,0.31008079714114417,-0.07412162179973134,-0.009668253254663127,0.328089448156358,0.9416845671822587
1785495518.644928932,1789399111.639925,0.099961,3.363925355870359,-4.078294007246398,0.31196060923573965,-0.07447557170684103,-0.009601575692917764,0.3281365005503719,0.9416409273017545
1785495518.744162083,1789399111.742959,0.099233,3.3706695540417386,-4.067733597043542,0.3078210842054532,-0.07399603342460569,-0.009663214088706785,0.32797480676042284,0.9417344293702783
1785495518.844391108,1789399111.839846,0.100229,3.376048069103531,-4.074841578565167,0.3092646840873874,-0.07432719893156825,-0.009688048691833933,0.327992535239826,0.9417019199505134
1785495518.944637060,1789399111.959176,0.100246,3.3689909759516357,-4.0788456569244405,0.30847985193923105,-0.0743659989556047,-0.009904756436452961,0.32808877666413505,0.9416630759599215
1785495519.044749975,1789399112.057743,0.100113,3.371575350496252,-4.065762936978633,0.31141540309423765,-0.07438031084990616,-0.009944734043854016,0.3280701434803737,0.9416680161179073
1785495519.145024061,1789399112.154429,0.100274,3.366256694651943,-4.065322442811271,0.3126326170085942,-0.07415962246743563,-0.010100064923861708,0.3281010121731593,0.9416730137871476
1785495519.244415045,1789399112.250744,0.099391,3.3604484430302746,-4.0478686230191645,0.3095169907293536,-0.07428325873633741,-0.010189160814650189,0.3282544693468935,0.94160882633246
1785495519.344681978,1789399112.349036,0.100267,3.36168798957333,-4.058408147194728,0.31208643862128765,-0.07389830574413644,-0.009964583117399941,0.3282603744731243,0.9416394607503483
1785495519.444792986,1789399112.445531,0.100111,3.3635708240298734,-4.0612805660919,0.3152510267373048,-0.07402610982677851,-0.010088177817305383,0.3282908541735872,0.94161748008319
1785495519.544917107,1789399112.544241,0.100124,3.3502021623141456,-4.059443618866019,0.311076093877783,-0.07417152851527807,-0.00996215285818352,0.32846589455756536,0.9415463323600363
1785495519.644119978,1789399112.643010,0.099203,3.344282813357837,-4.054528930095795,0.3113229632339205,-0.0741834964365687,-0.009696327925536662,0.3283251707661434,0.9415972452819671
1785495519.744319916,1789399112.735964,0.100200,3.352907594601127,-4.0542960998036754,0.30403565699381646,-0.07396605494866877,-0.010335681559103657,0.32814067490804394,0.9416718610391481
1785495519.844630003,1789399112.839360,0.100310,3.3394228297758684,-4.051116190131792,0.3013959025390433,-0.07384407287307737,-0.010349811154685255,0.32849671332716535,0.9415571377477991
1785495519.944696903,1789399112.935654,0.100067,3.339673598239681,-4.044872989656945,0.30587873185770176,-0.0739703796716095,-0.01039178500566075,0.32854541802587267,0.9415297669377419
1785495520.044087887,1789399113.040132,0.099391,3.362511136495063,-4.063366554046647,0.3146691350619606,-0.07454315259056739,-0.010454732124942257,0.32826967901074805,0.9415800735042323
1785495520.144352913,1789399113.159971,0.100265,3.371848698363902,-4.071989245985594,0.30666075672019455,-0.07441214138622647,-0.010516709658133646,0.32802114024334517,0.9416763581962427
1785495520.244415998,1789399113.241126,0.100063,3.3895276967710926,-4.054103131917644,0.3053941987412011,-0.07413697043783976,-0.010573586235628443,0.32775641361455865,0.9417895955163972
1785495520.343822956,1789399113.332649,0.099407,3.371470766090338,-4.060662914698547,0.3088092022410867,-0.07434942605855858,-0.010757921401284658,0.32809376624103515,0.9416532857297635
1785495520.444072962,1789399113.452053,0.100250,3.3688744403226103,-4.063954558587956,0.30683092087900754,-0.0739191609187069,-0.01055361154850469,0.32824681894060653,0.9416361318406014
1785495520.544359922,1789399113.546836,0.100287,3.3697354472900924,-4.064287786525876,0.29536928447346483,-0.07392900171511248,-0.011001782261146153,0.3279604637456015,0.9417300025550079
1785495520.644486904,1789399113.638859,0.100127,3.3766336293081958,-4.055618500198764,0.2935031664671046,-0.07357060896932843,-0.01071861315727096,0.3280917809352035,0.9417155940678871
1785495520.743599892,1789399113.735361,0.099113,3.3624375465271807,-4.0507665536396305,0.300630585410599,-0.07384658480791642,-0.0105958639530963,0.3279850700366583,0.941732554079099
1785495520.843988895,1789399113.842898,0.100389,3.361651684836488,-4.060333717949641,0.30463044906262365,-0.073833033289587,-0.010728024712476839,0.3280029531971093,0.9417258918469865
1785495520.944109917,1789399113.939234,0.100121,3.3555173047017166,-4.053215464197185,0.3009983851853479,-0.07401976232046734,-0.01085942040170101,0.32811628362844325,0.9416702459950721
1785495521.044321060,1789399114.034878,0.100211,3.35783401417875,-4.057924445235042,0.30220273812786735,-0.07360840520986592,-0.010378539485329215,0.3283021638615022,0.9416431265635974
1785495521.143558025,1789399114.134651,0.099237,3.3644607537427746,-4.0489795859443705,0.29341773432224305,-0.07342794318105582,-0.010583711664106365,0.3282582483580018,0.9416702419597569
1785495521.243730068,1789399114.241818,0.100172,3.3616144666208054,-4.059798940789763,0.29483799675749667,-0.0735599278671184,-0.010771260834001742,0.32847228426870384,0.9415831749874942
1785495521.344048977,1789399114.339875,0.100319,3.359112745623481,-4.067495637970748,0.3028864698278767,-0.073629231752091,-0.01034425430601332,0.3282784873245994,0.941650130034676
1785495521.443263054,1789399114.434927,0.099214,3.3447599697117103,-4.074418288977262,0.3036159562841711,-0.07378188786333399,-0.010491065087042385,0.3285643689381081,0.9415368426359982
1785495521.543438911,1789399114.533136,0.100176,3.3364801346230375,-4.085958085871433,0.3076754996463296,-0.07401311539114556,-0.010445193997245798,0.32856700985906556,0.9415182827246265
1785495521.643712044,1789399114.650815,0.100273,3.3357381452306663,-4.081295002650232,0.3180127539157031,-0.074561081479644,-0.010110160253810887,0.3287463953708836,0.9414160808690697
1785495521.744071960,1789399114.743496,0.100360,3.351589471491006,-4.076238736103522,0.31102657859466554,-0.07449958098948004,-0.010066592515511568,0.3283543059532052,0.9415582435035591
1785495521.844289064,1789399114.836406,0.100217,3.355276941608239,-4.074753549922107,0.29979727198786443,-0.07420644408401428,-0.010405597365858556,0.3282858516877779,0.9416015753924246
1785495521.943259954,1789399114.937629,0.098971,3.365655599701254,-4.06359643391606,0.299131427301235,-0.0740565177716149,-0.010522794371196548,0.32822435351536894,0.9416335150861943
1785495522.043515921,1789399115.042582,0.100256,3.3646761159628302,-4.073041097428199,0.30469916291804605,-0.07410478494046331,-0.010685607583920835,0.32818626398535244,0.9416411602998388
1785495522.143769026,1789399115.140810,0.100253,3.3673472041562396,-4.089044104155229,0.30065442921104757,-0.0737698178629995,-0.01048794332130577,0.3281153696842965,0.9416943884266734
1785495522.244071960,1789399115.237164,0.100303,3.3612843633455753,-4.081217101097046,0.30528958979870924,-0.07402265974156971,-0.010156716689025312,0.3279948211562697,0.9417201730055216
1785495522.344444036,1789399115.366070,0.100372,3.342487318925774,-4.078812165170483,0.31072783374127333,-0.07393741887947769,-0.009916087725422127,0.32834199349816173,0.9416084454800283
1785495522.444097042,1789399115.463804,0.099653,3.345815476145262,-4.070253983885208,0.30608390805677765,-0.07378648849529613,-0.009848466937294523,0.3283521197058267,0.9416174633571794
1785495522.544342995,1789399115.550568,0.100246,3.3537132184264884,-4.081764990073802,0.29507160825909257,-0.07349418076114142,-0.010330630750312047,0.3283248992399001,0.9416446484750278
1785495522.643683910,1789399115.643702,0.099341,3.3575379375927117,-4.095417522899675,0.3025050694295981,-0.07393448731692884,-0.010169214395161085,0.3283097262256418,0.941617227077655
1785495522.743927002,1789399115.751119,0.100243,3.3665178679294008,-4.088203000271659,0.30352097485873386,-0.07382438874922782,-0.010143415367127403,0.3283458204730474,0.9416135581693661
1785495522.843981981,1789399115.853927,0.100055,3.361768659504679,-4.074627869499082,0.3029600275404678,-0.07404245504745556,-0.009980094512493516,0.3281011302528701,0.9416834717094998
1785495522.944346905,1789399115.953096,0.100365,3.3487825702484235,-4.073206752930754,0.3071220612415556,-0.07386588479415128,-0.00992876935946086,0.3283173373843845,0.9416225234006523
1785495523.043668985,1789399116.046887,0.099322,3.330950723678637,-4.091219824077813,0.30122262422658663,-0.0740620055675523,-0.009902925634741289,0.3285593834243853,0.9415229593371436
1785495523.144290924,1789399116.148260,0.100622,3.3227184137251444,-4.0800101929050605,0.3020808308129391,-0.07387267523613543,-0.010051442046858407,0.3287757823546471,0.9414607168136783
1785495523.244436979,1789399116.248858,0.100146,3.307215077538239,-4.107011809184176,0.3107755307742599,-0.07408029895067733,-0.009444974631620442,0.3289685249781499,0.9413833498290092
1785495523.344692945,1789399116.349801,0.100256,3.3183220023970255,-4.090212522327468,0.3089577691411503,-0.074065800514522,-0.009576916896678082,0.32903691590028766,0.9413592554554951
1785495523.443953037,1789399116.444818,0.099260,3.324630009276226,-4.077642400257436,0.30796748205234675,-0.07384303538476814,-0.009796963441486986,0.3287712435582202,0.9414673095979869
1785495523.544178963,1789399116.540864,0.100226,3.3350109547058175,-4.074439253865625,0.2967440918256723,-0.0737126416187282,-0.010319741922386659,0.3284667571446401,0.9415782170606584
1785495523.644186974,1789399116.639471,0.100008,3.354401649121635,-4.075884305834127,0.297340944405134,-0.07348404828816217,-0.010156930652732397,0.32831796470838887,0.9416497466981233
1785495523.744321108,1789399116.762290,0.100134,3.3687888657500236,-4.0688803051517874,0.3044027377856657,-0.07378463103656303,-0.009772970011667496,0.3282143996988515,0.9416664086130884
1785495523.844635010,1789399116.844962,0.100314,3.375410929514425,-4.057891682643552,0.30414247014857565,-0.07382246633706215,-0.010006798960566056,0.3282603714403931,0.9416449628072627
1785495523.944710970,1789399116.937285,0.100076,3.367482669961673,-4.0641898519638815,0.31000877163553775,-0.0742838341776619,-0.009786373153070198,0.32814701617253206,0.9416505055791339
1785495524.043858051,1789399117.030591,0.099147,3.3699852211439043,-4.0702064418842365,0.3007130565019754,-0.07367970597495524,-0.00978780417123526,0.32816489728375997,0.9416917223846076
1785495524.143997908,1789399117.152375,0.100140,3.370698090109207,-4.077768312422463,0.30482353503683457,-0.07362389120674132,-0.009874331909432996,0.3281543942039195,0.9416988445238631
1785495524.244055986,1789399117.260619,0.100058,3.3556487741922307,-4.0804145764543716,0.3040210963435989,-0.07406847088205139,-0.01007853733730291,0.32827108362621243,0.9416211448142016
1785495524.344192028,1789399117.354972,0.100136,3.3453352674394052,-4.076513701284104,0.3025915007432683,-0.07373052557867375,-0.009689964583004205,0.32841583050624784,0.9416012725443632
1785495524.444226027,1789399117.449157,0.100034,3.3450561140607875,-4.071773842966949,0.3128009215247815,-0.0743041357033824,-0.00937696553285003,0.32849694595009127,0.9415310533573664
1785495524.544424057,1789399117.545670,0.100198,3.3436397077452185,-4.082937638056173,0.31007161535161815,-0.07401129252740735,-0.010172681564631173,0.3285014788955132,0.9415442759061667
1785495524.643392086,1789399117.643450,0.098968,3.345454847723633,-4.074872545892705,0.30028072290873487,-0.07425010919770811,-0.010341888061574009,0.3285460352645369,0.9415080824652564
1785495524.743753910,1789399117.740229,0.100362,3.33609814140024,-4.073115600936299,0.2992452105102345,-0.07378178413110918,-0.01031245943578369,0.3286027402112527,0.9415254328144682
1785495524.843930960,1789399117.836871,0.100177,3.3449949363595874,-4.059484100366557,0.2985204119680403,-0.07369614956885763,-0.010384322707640286,0.3283936090678551,0.9416043122798541
1785495524.944238901,1789399117.941045,0.100308,3.353139524213054,-4.053651648099563,0.3035326676084271,-0.07363840147115451,-0.01038146334202471,0.3285302678496489,0.9415611898088669
1785495525.044450045,1789399118.041515,0.100211,3.338960524574664,-4.054540606611083,0.2979669512399147,-0.07393917025658711,-0.01042547433435458,0.3285695735989839,0.9415234165392027
1785495525.143560886,1789399118.138874,0.099111,3.33184898752491,-4.072157146593935,0.30481184480166384,-0.07384132217804647,-0.010582025232782474,0.32872233466359396,0.941476025490977
1785495525.243711948,1789399118.230723,0.100151,3.3231625019025146,-4.072230374920569,0.3100128914173045,-0.07387641560635295,-0.010036886131321334,0.32879234257241985,0.9414547953033565
1785495525.343746901,1789399118.342925,0.100035,3.3290777400939904,-4.064885497032054,0.30575465430267196,-0.07377542054225243,-0.010070935357938147,0.32890819263030924,0.9414218843884464
1785495525.443830013,1789399118.443088,0.100083,3.3353775086048256,-4.057986592645169,0.3076118356189212,-0.07384305017311231,-0.009902530881736198,0.3287205007249298,0.9414839224471223
1785495525.544106960,1789399118.538182,0.100277,3.3391017112196284,-4.066095134215055,0.30616501677491514,-0.07384672291629871,-0.010088396967835417,0.3289094776796387,0.9414156580669614
1785495525.643062115,1789399118.651541,0.098955,3.3463697799338856,-4.066888935561773,0.3057954868693984,-0.07376677331269654,-0.01009930334752561,0.3286328098036886,0.9415184244333514
1785495525.743279934,1789399118.751073,0.100218,3.353676388180963,-4.069300059077815,0.30820847634101833,-0.07382145613466225,-0.009990880179296788,0.3284064543283434,0.9415942733910858
1785495525.843272924,1789399118.851810,0.099993,3.3613428707981194,-4.068077920343256,0.3073835682262282,-0.07404100125813824,-0.009564489295736913,0.3281777292552227,0.9416612069625093
1785495525.943603039,1789399118.950951,0.100330,3.3582296160868785,-4.069553499499153,0.3068262376046788,-0.07384234702395419,-0.00928081709645393,0.32790602080354003,0.9417742912931976
1785495526.043834925,1789399119.051536,0.100232,3.3793780959480526,-4.071029870120956,0.3011027858724664,-0.07366192595671982,-0.009863089240469221,0.32788193383345643,0.9417908884676122
1785495526.144068956,1789399119.152441,0.100234,3.371387547579548,-4.07771227236839,0.30046291230208344,-0.07423501851717346,-0.010135029131613687,0.3278300248682459,0.9417610726745619
1785495526.243256092,1789399119.246184,0.099187,3.3640841501001266,-4.075370516288584,0.30811968060111344,-0.07437298417337203,-0.009915055013490031,0.32814584737526376,0.9416425297105038
1785495526.343383074,1789399119.339950,0.100127,3.379710726178747,-4.061987620075603,0.31620622504990914,-0.07556061379432642,-0.010447722936232017,0.3279985626864235,0.9415935331150659
1785495526.443795919,1789399119.436499,0.100413,3.3712976206980967,-4.056481548526279,0.31082957628206936,-0.07704378239556137,-0.01065956543670211,0.3279374288339852,0.9414922580821581
1785495526.543019056,1789399119.535671,0.099223,3.374006319183199,-4.055731300930702,0.3080238272291318,-0.07930620097565706,-0.010625080713420915,0.32759147382928633,0.941425228268819
1785495526.643162966,1789399119.646210,0.100144,3.3723928452762713,-4.0711646038242115,0.31050182167979967,-0.08083171513991061,-0.011190035490248927,0.3268022770642798,0.9415632154236215
1785495526.743489981,1789399119.743064,0.100327,3.350951652933589,-4.06177648903219,0.30723225613112887,-0.07610846910401269,-0.008574025950603262,0.32462325527390257,0.9427373595784865
1785495526.843552113,1789399119.842668,0.100062,3.3297076373621044,-4.056451584844444,0.30397056728274263,-0.07669070297853575,-0.010651747643776062,0.32675089519567463,0.941933611693317
1785495526.943670034,1789399119.946806,0.100118,3.3417066472237495,-4.078566453696215,0.3232730635885888,-0.07509780130123994,-0.009857835097613225,0.327253470453101,0.941896124529297
1785495527.043925047,1789399120.073746,0.100255,3.3430512208688667,-4.082344221956367,0.31294904020918707,-0.07485479311326397,-0.010230481798877889,0.32754843917382226,0.941808960025825
1785495527.144100904,1789399120.141720,0.100176,3.3559866497933792,-4.078388025452044,0.3106171297597321,-0.0747606004347965,-0.010008206846323447,0.32737405126078073,0.9418794609606124
1785495527.243151903,1789399120.244719,0.099051,3.3518622957004895,-4.0646040589494925,0.30039430188439104,-0.07437653476758603,-0.010337151675757312,0.3273745269823781,0.9419061489629753
1785495527.343538046,1789399120.339402,0.100386,3.3467339303249894,-4.062745265667641,0.3058890292043194,-0.07452101558053593,-0.010124378501037472,0.32749373085280165,0.9418556001048812
1785495527.443715096,1789399120.431569,0.100177,3.34789824746389,-4.065413082754848,0.2992197060801257,-0.07433108471884921,-0.010235885602313576,0.3275023912374119,0.9418663919177882
1785495527.543936968,1789399120.558185,0.100222,3.3399052073802027,-4.065294236571767,0.30712647675013044,-0.07434292105273481,-0.01027619374540597,0.32753858067681263,0.9418524343545929
1785495527.644069910,1789399120.667091,0.100133,3.353397720780301,-4.069912043063382,0.30400256567778283,-0.07434356730968847,-0.01035799668340531,0.3273421962974078,0.9419197590174896
1785495527.744208097,1789399120.756187,0.100138,3.358723503918592,-4.080615093832041,0.30407656866253957,-0.07441953240899038,-0.010351836904763842,0.3272838044933763,0.9419341187073891
1785495527.843396902,1789399120.850837,0.099189,3.356216367060364,-4.084201539917567,0.3038070417605607,-0.07458222153950363,-0.010212109363559919,0.32719947229602814,0.941952074355049
1785495527.943689108,1789399120.946504,0.100292,3.3497087616808656,-4.097779688987476,0.31118536769649013,-0.07445196820575845,-0.009992898817910349,0.3274422402416929,0.9418803669835173
1785495528.044035912,1789399121.045186,0.100347,3.34184918629471,-4.098107917313479,0.3114574413755234,-0.07453921107462945,-0.009513701386770535,0.32739074455370326,0.9418963296875442
1785495528.144150019,1789399121.142342,0.100114,3.342786510193665,-4.102466185190136,0.3173108302216435,-0.07454854176518996,-0.009260504228319637,0.3273850286761645,0.9419001013806231
1785495528.244206905,1789399121.237198,0.100057,3.3551153581576885,-4.081742837604968,0.3104023828931092,-0.07461017707000041,-0.009633829781436091,0.32713195404993256,0.9419794028750301
1785495528.343290091,1789399121.333494,0.099083,3.374030395052372,-4.061985972432049,0.3031216427306701,-0.07435751512426704,-0.009763039147518597,0.32705001902847025,0.942026500723109
1785495528.443290949,1789399121.436629,0.100001,3.37421968737769,-4.0556547923167425,0.3026277004427565,-0.07422528363454484,-0.009603611762393244,0.3269195125433554,0.9420838658149833
1785495528.543442011,1789399121.537143,0.100151,3.3821876449296364,-4.073179677454663,0.3054559251338451,-0.07410433546681854,-0.009767712254973032,0.3269515686330698,0.9420805756572526
1785495528.643716097,1789399121.636094,0.100274,3.365752576798056,-4.074489891002175,0.3059463776696414,-0.07483313777506465,-0.009722942469426924,0.3270346298153611,0.9419945948793995
1785495528.743685007,1789399121.735312,0.099969,3.3708760718703945,-4.063969918409242,0.30324075989536503,-0.07477580945815439,-0.009934627000657139,0.32718820491775497,0.9419436076904671
1785495528.842823029,1789399121.855321,0.099138,3.364741969695967,-4.082253436218216,0.3111480047664157,-0.0745285357643765,-0.010022860935991255,0.3271852844156365,0.9419632844635373
1785495528.942887068,1789399121.943772,0.100064,3.3541922731487097,-4.079305312392402,0.3121115556711511,-0.0742919498138115,-0.009645126906168946,0.3273640031887124,0.9419238223636169
1785495529.042993069,1789399122.039819,0.100106,3.3499640136446827,-4.081696456574433,0.30720816774623727,-0.07453918486199519,-0.01003048458014212,0.32741593921803663,0.9418822124051222
1785495529.143189907,1789399122.138123,0.100197,3.347531308338639,-4.08935242439354,0.3059215755967158,-0.07448808616126051,-0.009997463079709787,0.3274328725595468,0.9418807194753517
1785495529.243484974,1789399122.232921,0.100295,3.3519705739503376,-4.085388202745476,0.30621688769239763,-0.07462345516102085,-0.009864600317169524,0.3271990413341573,0.941952661735409
1785495529.343656063,1789399122.342669,0.100171,3.3460597847099387,-4.090536621824524,0.3106772428264055,-0.0746944638843705,-0.010574482000705506,0.327634619276107,0.9417879133049243
1785495529.442902088,1789399122.442212,0.099246,3.3416080306709337,-4.070232598325098,0.30757899743626727,-0.07449779146378228,-0.010076258557663637,0.3275184508639921,0.9418493576066974
1785495529.543204069,1789399122.536023,0.100302,3.349168520309263,-4.065716974136911,0.30571593645582384,-0.07412258934931654,-0.009799309809243477,0.3274960028514379,0.9418896874856131
1785495529.643260956,1789399122.636541,0.100057,3.361452752061982,-4.046215478442583,0.30622457095282996,-0.07448153982704218,-0.009585882770571288,0.32735419247009784,0.9419128642017539
1785495529.743335962,1789399122.735833,0.100075,3.361386794565136,-4.043880016391292,0.3083032559858734,-0.07432935824853364,-0.009734402807697847,0.32733633998910155,0.9419295665955485
1785495529.843441010,1789399122.833194,0.100105,3.3505209338277497,-4.059513789290094,0.3019540723296214,-0.07435784502648184,-0.009961182179757246,0.32743616774747614,0.9418902493302742
1785495529.942537069,1789399122.941872,0.099096,3.33589904541929,-4.076078362882595,0.31116145662868455,-0.07433560238563033,-0.010041724066208641,0.3275497583696171,0.9418516538116547
1785495530.042603016,1789399123.054382,0.100066,3.3495631243200843,-4.077559446403771,0.311702339181922,-0.07459089797360767,-0.009722467085756584,0.32732872116626804,0.941911662457214
1785495530.143018007,1789399123.145776,0.100415,3.3530733960570442,-4.082968215372057,0.31505373650014773,-0.0744494707241693,-0.009615778113652974,0.32736716379840214,0.9419105866199563
1785495530.243356943,1789399123.238446,0.100339,3.345934698753216,-4.07245095146807,0.3130318383240566,-0.07436257072266185,-0.009514370199448388,0.32729023287016784,0.9419452151282558
1785495530.342643023,1789399123.337599,0.099286,3.3619388700525907,-4.073408885954864,0.3119522720858033,-0.07426088019264984,-0.01027439283222123,0.327316222849195,0.9419362233106221
1785495530.442946911,1789399123.435424,0.100304,3.365466621057601,-4.0851873073672405,0.3115558473922412,-0.07443875197476818,-0.01016184386436973,0.3271577048797211,0.9419784738896894
1785495530.542120934,1789399123.531208,0.099174,3.3725175333532182,-4.0786506243821385,0.3042653305874097,-0.07405405410949116,-0.010071301041373685,0.3271170291739065,0.9420238931097873
1785495530.642292976,1789399123.673876,0.100172,3.3700633469466683,-4.085908055486628,0.3125910597190574,-0.07439835580555346,-0.009722262973790374,0.3270790833470276,0.9420136068512847
1785495530.742450953,1789399123.760141,0.100158,3.3818502762258262,-4.103067707491038,0.31286412797525714,-0.07431767807257611,-0.009777692213324184,0.3267753992195979,0.9421247889349663
1785495530.842724085,1789399123.829633,0.100273,3.3731248522046817,-4.102374637808692,0.3154496142488047,-0.07473885032542159,-0.010172738761926817,0.3270069455625396,0.9420069411591265
1785495530.942992926,1789399123.935175,0.100269,3.372652752934417,-4.092046013005848,0.3039449973826868,-0.07416512472094801,-0.010333298875241462,0.32694769548224983,0.9420711022148631
1785495531.042372942,1789399124.034196,0.099380,3.3781590632507084,-4.09460315417293,0.2972991258328006,-0.0740538523072992,-0.010310528856531265,0.32696165624207485,0.9420752598920038
1785495531.142513990,1789399124.132195,0.100141,3.371839868362813,-4.083075294136744,0.3063959542655076,-0.07447737676456287,-0.010362221447409822,0.3269766918004469,0.9420360862176033
1785495531.242698908,1789399124.242610,0.100185,3.3537966986169367,-4.078929474625246,0.30895625864111614,-0.07454609493898696,-0.010221205078583442,0.3273390641617392,0.9419063349239168
1785495531.342822075,1789399124.339142,0.100123,3.347631321766653,-4.077517646638925,0.30928078603141385,-0.0743320748053512,-0.010078910578875744,0.3274642589106074,0.9418812649972401
1785495531.443301916,1789399124.442726,0.100480,3.359184179675809,-4.076091328583892,0.30939116600653177,-0.07429841069339668,-0.010075772031001084,0.32730383119898754,0.9419397151988439
1785495531.542587996,1789399124.544047,0.099286,3.367976477601658,-4.07537919478477,0.31542223595701047,-0.07487258952716352,-0.010017275763103494,0.3272222409240792,0.9419232211642341
1785495531.642842054,1789399124.640263,0.100254,3.3695276808150507,-4.079500112043194,0.3122008273309515,-0.07467928490837032,-0.010050336086389517,0.3271332688312879,0.9419691181635846
1785495531.743146896,1789399124.749851,0.100305,3.361596500868727,-4.076369691766438,0.3071290691169992,-0.07495602787571896,-0.010596610043354143,0.32709549901729373,0.9419542665455213
1785495531.843357086,1789399124.849994,0.100210,3.3528617592163084,-4.072184160859244,0.30756792327813254,-0.0746669331460849,-0.010047779253771153,0.3272294666601796,0.9419367109184777
1785495531.943542957,1789399124.951598,0.100186,3.363349516999879,-4.072848610989027,0.3062653330448359,-0.07463608197118043,-0.009927975926419558,0.3271114926528479,0.9419814021181211
1785495532.042686939,1789399125.047728,0.099144,3.3620781792460224,-4.052937270690645,0.30988136223546375,-0.07441861530288355,-0.01010702530247686,0.32708249841082043,0.9420067711907766
1785495532.142910957,1789399125.145224,0.100224,3.3470731836465704,-4.05654500074036,0.30802397951627175,-0.07436341009760067,-0.010003191587517878,0.3273252829501699,0.9419279051701943
1785495532.243108988,1789399125.251258,0.100198,3.349906670151246,-4.062822502032653,0.30246574432529033,-0.07427145913298977,-0.009957795389742043,0.3273319889997007,0.9419333106153176
1785495532.343385935,1789399125.350477,0.100277,3.3540206041912772,-4.058532749801916,0.30220004721508686,-0.07427712416880672,-0.010174085066637544,0.3273427235342359,0.9419268220872878
1785495532.442689896,1789399125.448089,0.099304,3.348865730013356,-4.0636946413846236,0.3039544806668318,-0.07433954478321848,-0.010020299860544238,0.3272571593629119,0.9419532776724365
1785495532.542721033,1789399125.546731,0.100031,3.3549061964671063,-4.063830735697759,0.30383996813588315,-0.07444586576276913,-0.010110572237174455,0.32724435566500437,0.9419483643413076
1785495532.642709970,1789399125.644929,0.099989,3.3497520312006697,-4.066845923162432,0.3051127825696657,-0.07428659669839022,-0.010004555291483088,0.3273489692754005,0.9419257203934518
1785495532.742862940,1789399125.760347,0.100153,3.3377387529891736,-4.080951511889885,0.3109891892099009,-0.07445192941597421,-0.010197651928482297,0.3276423236365513,0.9418085930078498
1785495532.842946053,1789399125.850606,0.100083,3.341718659315256,-4.088419948865333,0.3119261121981101,-0.0746092401879613,-0.010104993836296882,0.32753881648597133,0.9418331455587623
1785495532.942985058,1789399125.944083,0.100039,3.336306632657932,-4.087495050451107,0.31223022268884904,-0.07441300385626745,-0.010119223406285275,0.3275177649455077,0.941855838130146
1785495533.043240070,1789399126.042206,0.100255,3.345778039544032,-4.085687452140425,0.3058714055771073,-0.07423720361606526,-0.010135844928784095,0.32748348884679856,0.9418814504912894
1785495533.142355919,1789399126.144918,0.099116,3.3543952201439646,-4.092434006110435,0.3053410120780883,-0.07416811704699579,-0.009887156403595868,0.3270185929346017,0.9420510466142624
1785495533.242439985,1789399126.237879,0.100084,3.3561413071030537,-4.0688944677494305,0.30571897163829165,-0.07425437436921309,-0.009695048858623313,0.32706105886874715,0.9420315056760679
1785495533.342719078,1789399126.333408,0.100279,3.359902287055125,-4.081863712005844,0.2972725140301108,-0.0740040499788908,-0.009596366911917743,0.3270917548618608,0.942041556530391
1785495533.442873955,1789399126.439476,0.100155,3.36464191552166,-4.0872544682058916,0.3052551131359623,-0.07424293424652288,-0.009620305361813427,0.32710612179459003,0.9420175271849853
1785495533.543082952,1789399126.537591,0.100209,3.3661704737947096,-4.0849583271888825,0.30705796554496967,-0.07435673223674737,-0.009705380197239093,0.327061044162304,0.9420233305803859
1785495533.642244101,1789399126.660971,0.099161,3.3448541802854983,-4.090686351777651,0.31089563271348025,-0.07404249788473799,-0.009558846905974517,0.3273440187503481,0.9419512887305735
1785495533.742284060,1789399126.742431,0.100040,3.3555911068468083,-4.068863176488841,0.3022984436752987,-0.0739798109843647,-0.009757947174319206,0.32710537730973205,0.9420370704854022
1785495533.842295885,1789399126.831023,0.100012,3.3443507698685377,-4.074665063444053,0.30780211113025546,-0.0742470483120029,-0.00979080463425352,0.3272667309008612,0.941959660923456
1785495533.943303108,1789399126.937628,0.101007,3.3427548281324606,-4.07349009911525,0.30959678237869276,-0.07419671275677253,-0.010053270392361011,0.327399080651054,0.9419148695924444
1785495534.042402029,1789399127.032327,0.099099,3.3583742414790514,-4.06888991640388,0.3111976696076327,-0.07444564568035786,-0.009899917644462367,0.32715503539279917,0.9419816454087647
1785495534.142453909,1789399127.145791,0.100052,3.3648851990112,-4.073472848488851,0.29934972321600983,-0.07408396530492115,-0.010043761514565954,0.32699123767793387,0.9420655069692291
1785495534.242629051,1789399127.242705,0.100175,3.339634690166281,-4.067399232603006,0.30523868569663465,-0.07419522997780535,-0.010064083847409826,0.3272712857716831,0.9419592812718617
1785495534.342773914,1789399127.342155,0.100145,3.330608034351224,-4.0718729920702845,0.2983982318774689,-0.07373672149207942,-0.01006408724307727,0.3274375010953882,0.9419375207135401
1785495534.442023993,1789399127.442713,0.099250,3.3277714798903015,-4.066716942803745,0.30626614888933373,-0.07429986340409295,-0.009917058845225705,0.3277510434005703,0.9417857695844798
1785495534.542992115,1789399127.541679,0.100968,3.3428011735134557,-4.060944453307612,0.30119620728523716,-0.07429970486541577,-0.00974207515231069,0.3273787737733466,0.9419170793181844
1785495534.642234087,1789399127.640131,0.099242,3.3483243998459087,-4.049587322548732,0.30719671161170337,-0.0743749200214823,-0.009799753072373331,0.3274191800274872,0.9418964999731374
1785495534.742373943,1789399127.736917,0.100140,3.345791225753882,-4.053575337113797,0.3038753500990488,-0.0742731393860367,-0.010216449075346707,0.32727637476993315,0.9419497329748989
1785495534.842576027,1789399127.833285,0.100202,3.358402295781245,-4.0671394992772925,0.30163227260329406,-0.0743451213648797,-0.010015916939120914,0.3274704085332762,0.9418787692013018
1785495534.942692995,1789399127.938893,0.100117,3.3516142005412624,-4.061918363944839,0.30312817537042597,-0.0740935965641659,-0.009906770940281447,0.3273607942768101,0.9419378457245358
1785495535.041914940,1789399128.039122,0.099222,3.3555491081300923,-4.048389313732691,0.3060016579346035,-0.07397149186036933,-0.010201417566299687,0.3273903321061964,0.9419340316152632
1785495535.142090082,1789399128.132749,0.100175,3.358095057589975,-4.057141833391114,0.31038738355273293,-0.07412903034927085,-0.010281709008381639,0.32738400546727525,0.9419229725850977
1785495535.242273092,1789399128.235955,0.100183,3.358296563766893,-4.063438905509667,0.3102317502011741,-0.07451891113242969,-0.009979719229785303,0.3273014053193803,0.9419241621084419
1785495535.342308998,1789399128.333679,0.100036,3.3555810030237687,-4.068909814456026,0.3095681104776616,-0.07501347234977342,-0.010157878244683255,0.3272361039102871,0.9419056899569147
1785495535.442456007,1789399128.432922,0.100147,3.357127201661744,-4.052828074114333,0.3033215551788383,-0.07428165575918819,-0.009498099876220871,0.3271134911108352,0.9420131557731539
1785495535.542512894,1789399128.543089,0.100057,3.348392702394866,-4.04209124454196,0.30667273961363734,-0.07436139845586033,-0.010238321284150642,0.3272533664013592,0.941950525970419
1785495535.642587900,1789399128.639815,0.100075,3.348906480833172,-4.042779348401304,0.2993176841195241,-0.07423127712312101,-0.01022364333173617,0.32727743622310074,0.9419525860429123
1785495535.741935015,1789399128.769370,0.099347,3.3426918723398606,-4.0593516133948615,0.30005055488195015,-0.07417934665914337,-0.009851089427265517,0.32743216328002783,0.9419068738554145
1785495535.841932058,1789399128.857587,0.099997,3.3408562800079733,-4.0471358592400435,0.30755938137705796,-0.0737774201427419,-0.009718758541577928,0.3275003811898303,0.9419160994111989
1785495535.942256927,1789399128.946561,0.100325,3.3453070231384174,-4.047459401193186,0.3158455764235092,-0.07400791066650121,-0.009866626291956124,0.3274311458405453,0.9419205505656735
1785495536.042289019,1789399129.039168,0.100032,3.358022904689124,-4.048501118891073,0.30306046206670834,-0.07482918173058128,-0.010293973632065962,0.32760846035860564,0.9417894267668637
1785495536.142537117,1789399129.149058,0.100248,3.365175525875117,-4.044700836384164,0.30490681555566757,-0.08298304991637227,-0.013067696008117297,0.3282989451872587,0.940830936638751
1785495536.242769957,1789399129.252161,0.100233,3.3901044658802784,-4.064271549773864,0.30871132768688275,-0.09425020381090995,-0.017426777946068363,0.32852949700215733,0.9396177819153541
1785495536.342072010,1789399129.349473,0.099302,3.383979444003225,-4.083467760521129,0.31569334771578117,-0.0996954194572986,-0.026910550062152625,0.33104751935750953,0.9379467925004195
1785495536.442212105,1789399129.444727,0.100140,3.402320823903227,-4.11918335520382,0.32776572867197185,-0.09084664410127638,-0.032597539363358574,0.33505448260207477,0.9372421145953943
1785495536.542520046,1789399129.542882,0.100308,3.4345397159215105,-4.156271694684776,0.338330405398974,-0.08266527045415414,-0.026539541716864675,0.3334683731666745,0.938754999924779
1785495536.642672062,1789399129.641770,0.100152,3.476011817572973,-4.19642335302346,0.35275516594790435,-0.07833660481453165,-0.013625983056275581,0.3319842763764721,0.9399277361428761
1785495536.742815018,1789399129.738756,0.100143,3.5162395178775436,-4.241072803978701,0.3418659640427235,-0.07713657179226435,-0.00217939552162834,0.33062360099943167,0.9406025908902578
1785495536.841965914,1789399129.837242,0.099151,3.5682777394916085,-4.295614757844176,0.3435710028372106,-0.06806501196253312,9.08648099212432e-05,0.33410676979749676,0.9400743652847944
1785495536.942136049,1789399129.962373,0.100170,3.592230943458552,-4.33687051480269,0.3544589184067456,-0.05607911099771647,-0.0018703183416766522,0.3335952953144318,0.9410450648949197
1785495537.042120934,1789399130.043068,0.099985,3.6306418484924374,-4.380083342710363,0.3567793313304698,-0.04448313628101492,0.010714546194640386,0.3317065022881593,0.9422723838817536
1785495537.142154932,1789399130.134681,0.100034,3.6942988006753037,-4.430258642158579,0.37166344697575165,-0.030478295087488887,0.024560505336064645,0.3307101679708053,0.9429202722960827
1785495537.242472887,1789399130.256308,0.100318,3.7187046362190523,-4.479145619395965,0.36963239061887315,-0.022520263673035248,0.02685512356176864,0.3317290826006697,0.9427234248810714
1785495537.342708111,1789399130.357863,0.100235,3.751707576605093,-4.52599045582941,0.3807719526746805,-0.02189011482705544,0.021856664810211784,0.33133946257907476,0.9430043847268379
1785495537.441881895,1789399130.453632,0.099174,3.782242817333269,-4.543926239422734,0.3848740693244136,-0.02268254266633803,0.022581354697386282,0.32671644582518056,0.9445803029417786
1785495537.542048931,1789399130.548141,0.100167,3.8154362829535455,-4.58613698922219,0.375296280135188,-0.02220140191394726,0.027456331250987214,0.3268024124172841,0.9444328620211893
1785495537.642014980,1789399130.644506,0.099966,3.8363913134821788,-4.617117265082374,0.36989477868337184,-0.016825722255684995,0.02907895258192488,0.33005350235018754,0.9433641901056492
1785495537.742336035,1789399130.742454,0.100321,3.8504658132682255,-4.649044499410622,0.3773552674735288,-0.014740630435717507,0.020096267902371984,0.3298429634650186,0.9437067729349875
1785495537.842365980,1789399130.838619,0.100030,3.8671284602350524,-4.675465127002814,0.3772342476591995,-0.021127339642234587,0.016609752830637887,0.3254637499761595,0.9451725234484986
1785495537.942456007,1789399130.933125,0.100090,3.8872925008208403,-4.701584724107459,0.3750870854353373,-0.02779262622877508,0.01867212130476458,0.32403466376894496,0.9454525151954669
1785495538.042645931,1789399131.039587,0.100190,3.9299968050957217,-4.730847578519693,0.3709834356764123,-0.023559544079622238,0.018008040818630004,0.3270163924183845,0.9445533004750446
1785495538.142688990,1789399131.142931,0.100043,3.9448130518401454,-4.7581268254214,0.37404817438375926,-0.02906902772500636,0.014940318032136232,0.32852140692871384,0.9439308574857587
1785495538.242930889,1789399131.247179,0.100242,3.977636602213175,-4.818632541641645,0.3728308237245974,-0.023413440083574138,0.010177466800344799,0.3312780052837223,0.9431877401706507
1785495538.342948914,1789399131.346530,0.100018,3.9886551127745133,-4.852393156812425,0.3902793391445044,-0.026454205304133883,0.0054736845679356745,0.331297262539097,0.9431396172534997
1785495538.442174911,1789399131.441959,0.099226,3.995428314948299,-4.8650732043242435,0.4058498829930205,-0.043188244248331835,0.004207869905608963,0.3290544320407229,0.9433134421516324
1785495538.542155027,1789399131.537319,0.099980,4.022049183353761,-4.8764900186567814,0.40976528480394747,-0.055417327732964046,0.002990240332570666,0.32893203424624523,0.9427214302731839
1785495538.642354012,1789399131.651728,0.100199,4.048105605652418,-4.919771265699643,0.40714518085494594,-0.05823227425853845,-0.001441228893260045,0.33003219834848924,0.9421707239917928
1785495538.742532015,1789399131.762292,0.100178,4.073387378830197,-4.9691496982082874,0.41614025947195465,-0.05697551723527166,-0.005540586442132917,0.3299567503441217,0.9422587941961579
1785495538.842628002,1789399131.843622,0.100096,4.107484330578391,-4.9960758110001215,0.41958625159648244,-0.056157632490554166,-0.013978970016539093,0.33171953721480096,0.941601326114365
1785495538.942780018,1789399131.934308,0.100152,4.102174903220618,-5.01375485530915,0.4171523395386383,-0.06651532886407298,-0.014033359444911681,0.3319338236599718,0.9408499947171519
1785495539.042124987,1789399132.034960,0.099345,4.121205905598048,-5.045143205866702,0.425684977795012,-0.0700385561355994,-0.025393935145200913,0.3363972274970716,0.9387686903836138
1785495539.142414093,1789399132.132401,0.100289,4.124093276040932,-5.056197342771435,0.4512212867016338,-0.08595501753939486,-0.035657867346192675,0.3372486482239484,0.9368049961049755
1785495539.242826939,1789399132.234279,0.100413,4.152277708597095,-5.090088375391494,0.45234910152663743,-0.09159233064170363,-0.029496624353831127,0.32751156622760297,0.9399345552252519
1785495539.342044115,1789399132.348244,0.099217,4.230497622856157,-5.135443042084306,0.45707615635357657,-0.07483116837623327,-0.022346621174118366,0.32594074003893925,0.9421589880399257
1785495539.442133904,1789399132.435544,0.100090,4.277514106037452,-5.1980723790538885,0.46115243369182085,-0.04180985005213307,-0.020074666528139454,0.32832856453214854,0.9434242406863738
1785495539.542277098,1789399132.540556,0.100143,4.333081541956475,-5.23652101538371,0.4663065960142396,-0.03278658175283901,-0.016854528034031795,0.33118709531234797,0.9428446705795627
1785495539.642302990,1789399132.637473,0.100026,4.329362861772986,-5.268538124216966,0.4378047536072019,-0.04136508806952458,-0.011123731955268305,0.3274128116658825,0.9439099760217756
1785495539.742410898,1789399132.735066,0.100108,4.339147718513748,-5.295243722818805,0.4374504224548119,-0.04579360138797229,-0.01920385185269733,0.33412906547825827,0.9412183199176294
1785495539.842477083,1789399132.836849,0.100066,4.339581927083759,-5.324963807677627,0.450935575566163,-0.04577335957543172,-0.031118382790388026,0.33772299897365166,0.9396167419591521
1785495539.942581892,1789399132.933116,0.100105,4.377094245940918,-5.365787035916185,0.4537536572712001,-0.034006758552919195,-0.02985876321176546,0.3426822998085201,0.9383607174376657
1785495540.041893959,1789399133.038402,0.099312,4.442844453886108,-5.4366531952030694,0.46472279213202383,-0.001722189984950262,-0.01437724641141939,0.34545227889852675,0.9383245983406251
1785495540.142131090,1789399133.135930,0.100237,4.486863226456791,-5.501427357108056,0.466208430467307,0.018530030849870708,0.011257020202844702,0.3393035436151059,0.9404270427540286
1785495540.242521048,1789399133.231230,0.100390,4.574026832516775,-5.524049990088805,0.45176137252690973,0.02087241987754355,0.037988287510862265,0.3394287922962318,0.9396325489577131
1785495540.341924906,1789399133.341430,0.099404,4.618693850420047,-5.549736803892455,0.44643770125244353,0.014676938435468455,0.04490170532917301,0.33748372359153767,0.9401452869889229
1785495540.442110062,1789399133.438064,0.100185,4.63268619624814,-5.556004602967889,0.45555221435784565,0.0018910450203068704,0.034538352153974404,0.3421713356201025,0.9390006939609653
1785495540.542337894,1789399133.534584,0.100228,4.636293362471184,-5.567508713959173,0.45267495703121613,-0.007962927599210152,0.02008046323781156,0.3467893569431216,0.9376942511774191
1785495540.642560959,1789399133.681203,0.100223,4.649340932104257,-5.601771312934737,0.4688567814379992,-0.0065450300112795765,0.021039061238470946,0.3449425559667589,0.9383651493781483
1785495540.742696047,1789399133.740444,0.100135,4.694776178310395,-5.642512556389245,0.4812901575517631,-0.0022224997586973347,0.034557046495431856,0.3439240896206717,0.9383587222437522
1785495540.841949940,1789399133.882210,0.099254,4.744591327312078,-5.657316996985663,0.45787091088806064,-0.0074365818850480395,0.033248114755086045,0.34525208052560374,0.9378913908378952
1785495540.942255974,1789399133.941865,0.100306,4.755443692797055,-5.689637373454503,0.46766125165680394,-0.011037434494737175,0.024963641317385238,0.3518952499528995,0.935641344059003
1785495541.042241096,1789399134.087229,0.099985,4.770555537886208,-5.726073312607518,0.4494754170972425,-0.00944952486418318,0.029547364617014953,0.34744337772738393,0.9371876861106406
1785495541.142383099,1789399134.143797,0.100142,4.817396083306491,-5.750407604048836,0.4414294366148842,-0.01141137942450909,0.03554970173959002,0.34547900284065414,0.9376834528358082
1785495541.242625952,1789399134.281653,0.100243,4.858115337960749,-5.787828770142133,0.431598550770121,-0.01661672215070567,0.036201705336789444,0.34730910666869497,0.9369043203554286
1785495541.342782974,1789399134.347525,0.100157,4.8847658528289,-5.837439697771926,0.43607203346799417,-0.012910953615731713,0.035402372428485596,0.3488044318687391,0.9364376367980375
1785495541.442091942,1789399134.477334,0.099309,4.896090019008214,-5.869768211986409,0.43350038893250853,-0.006778626553423524,0.031078313705123657,0.34840723517012034,0.9368033876542119
1785495541.542289019,1789399134.573331,0.100197,4.927902261795507,-5.902887223656147,0.4412348628383614,-0.003341883886830595,0.031761972396103406,0.34725955053876756,0.9372250602076372
1785495541.642374992,1789399134.670101,0.100086,4.961408100775887,-5.932857198683623,0.44458232615604826,-0.0018955253857467532,0.036697842538704346,0.34882246461756994,0.9364681326743802
1785495541.742597103,1789399134.758759,0.100222,4.996033644635912,-5.974467209664121,0.4481290440253877,0.00439947758388004,0.03584153939571282,0.35065419550666166,0.9358085615254385
1785495541.842089891,1789399134.913578,0.099493,5.005507512523486,-6.016870193166825,0.46050112859738085,0.005612071088709976,0.029642488628883853,0.34946850804226154,0.9364622733525881
1785495541.942212105,1789399134.970472,0.100122,5.023992645799412,-6.046423854651256,0.46871348240575456,0.001537277698531151,0.028432597951447612,0.3490114524611185,0.9366857691894274
1785495542.042314053,1789399135.069706,0.100102,5.049258735017562,-6.077734630068658,0.4493359747317245,-0.0029993751516669206,0.031076636538236956,0.3477635010704377,0.9370623211576707
1785495542.142435074,1789399135.147188,0.100121,5.098061797089226,-6.109566212537014,0.4456476947981667,-0.0019838069900699955,0.03135588087533804,0.3508333734813498,0.935910688739077
1785495542.241699934,1789399135.277584,0.099265,5.125371179473294,-6.129969117494043,0.44489266802720395,0.0010976201821137328,0.028160745787695157,0.35166568213422145,0.9357013495959537
1785495542.341916084,1789399135.345775,0.100216,5.179301344114499,-6.168196660632343,0.45473819486560774,0.0030050866703022613,0.03424002940943401,0.350501419558655,0.9359312713695983
1785495542.442147970,1789399135.477563,0.100232,5.213455975796638,-6.181795626510185,0.4366233732165288,-0.0012171143755936094,0.040331064494447406,0.35256385695530895,0.9349174565907612
1785495542.542376995,1789399135.539700,0.100229,5.2152268108858975,-6.202846219089993,0.44701816870582134,-0.0001722590397126892,0.0383585698100384,0.3531070806351338,0.9347962238125936
1785495542.642612934,1789399135.681545,0.100236,5.234353767195054,-6.231964762901204,0.4500434161936522,0.00014692693057898333,0.037910622227177955,0.35562758541896416,0.9338585458322383
1785495542.742722034,1789399135.746655,0.100109,5.26738296837557,-6.253419286510339,0.4555679775115593,-0.0003606886468308303,0.03720656630022798,0.35727997105123277,0.9332558939612848
1785495542.841959000,1789399135.879667,0.099237,5.277036862725006,-6.279867222436327,0.4530647999297829,9.487995680489074e-05,0.038282537221855664,0.35646070559532483,0.9335256845465657
1785495542.942147017,1789399135.943410,0.100188,5.279117300890797,-6.292755814697752,0.44527267003142856,0.006867986981369914,0.04347246785116855,0.3563491679986702,0.9333157267293894
1785495543.041949034,1789399136.081306,0.099802,5.269135664474351,-6.2954773354425475,0.4362318156103703,0.00043758125091661966,0.03846425991082915,0.35697299097157936,0.933322341396029
1785495543.142191887,1789399136.144217,0.100243,5.253985054260431,-6.307386726659999,0.45286256284107473,-0.0027939503783168387,0.03601773107787814,0.3569166540813737,0.933437421002952
1785495543.242270947,1789399136.266546,0.100079,5.279189832694549,-6.299726027564893,0.46224614408147324,-0.0007292758731513695,0.03829864038856446,0.35637046218248,0.9335591979006654
1785495543.341603041,1789399136.360014,0.099332,5.279817085222659,-6.303069661722842,0.4613940657621193,-0.001286033350220563,0.037865655273284816,0.3562521371045648,0.9336214184975499
1785495543.441692114,1789399136.464571,0.100089,5.279343477784993,-6.299524818451555,0.45687902940152453,-0.0015323115908010571,0.0376674930833226,0.3563173218508678,0.9336041870809233
1785495543.541955948,1789399136.556216,0.100264,5.276509854156032,-6.296897143510698,0.44823482407511084,-0.0009900791265291537,0.037802998734315696,0.3564990054764358,0.9335300809959627
1785495543.641858101,1789399136.674960,0.099902,5.271615262332497,-6.287556516848483,0.45251022674525365,-0.0011612847321804576,0.03792624694290042,0.35646115644184656,0.9335393377671549
1785495543.742126942,1789399136.749324,0.100269,5.2638707718403674,-6.279606849325899,0.4488242040592374,-0.0007372200204398173,0.03789625192205317,0.356619762348488,0.933480409917321
1785495543.842000008,1789399136.876780,0.099873,5.26917965108582,-6.266952292743691,0.4489341217767722,-0.0006443235522234806,0.03801223149911042,0.3565586892187951,0.9334990927934492
1785495543.942137957,1789399136.945045,0.100138,5.258195790310515,-6.273101432891389,0.44967383029844743,-0.0007546404482466172,0.03821365687444427,0.3566669643440469,0.9334494220318948
1785495544.042228937,1789399137.078233,0.100091,5.265840932645602,-6.262900273552106,0.45096187944926114,-0.001240622609791578,0.03742759361959825,0.35681427254232956,0.9334244538265934
1785495544.141464949,1789399137.142752,0.099236,5.271614063038983,-6.266161057825794,0.4490317944932515,-0.0009594590076909226,0.03752609522614414,0.35659840056879794,0.9335033220761809
1785495544.241669893,1789399137.277794,0.100205,5.27745863483996,-6.2595494973227845,0.4546780331304668,-0.0010432575407169765,0.03748903690079705,0.35649183899660414,0.9335454206704533
1785495544.341825008,1789399137.344146,0.100155,5.275947569181783,-6.271694268913518,0.4539582678952097,-0.0010518638587016778,0.03696310573214321,0.3566838801776154,0.9334930273004173
1785495544.441857100,1789399137.475354,0.100032,5.2759009679853035,-6.289199434180002,0.4460646571766982,-0.0008239078869012865,0.03740379129298064,0.35648732255687315,0.9335507840653002
1785495544.542045116,1789399137.548818,0.100188,5.26054808039597,-6.294115737415442,0.44657981672307706,-0.0005629991071499579,0.03774273569340825,0.3566545912324252,0.9334734444467151
1785495544.641303062,1789399137.676238,0.099258,5.256123787022729,-6.315205553063659,0.4556351164492495,-0.0006802693437546223,0.03782300035451949,0.3566892032739277,0.9334568924945665
1785495544.741516113,1789399137.744208,0.100213,5.272216067244956,-6.300125237697311,0.4529684760405854,-0.0006266629203888188,0.03789757986125824,0.35636945709067086,0.9335760230356949
1785495544.841653109,1789399137.876508,0.100137,5.279885554751382,-6.302436863571366,0.450537453425079,-0.0010194050637763131,0.037923048550401704,0.3563463953875899,0.9335834454917414
1785495544.941682100,1789399137.946110,0.100029,5.266401652941018,-6.3034518421341605,0.45183265122719624,-0.0007909308661409157,0.03809001788262353,0.356510829051427,0.93351408866451
1785495545.041691065,1789399138.067507,0.100009,5.266374134415478,-6.294119280107185,0.44601220041865575,-0.000646124267447803,0.03777318138570601,0.3566921099730856,0.9334578233505688
1785495545.141921043,1789399138.152757,0.100230,5.258655441033092,-6.2967773724911975,0.4538608139960671,-0.0009316519085667372,0.03820535601113521,0.35668180416361617,0.933443931564918
1785495545.241030931,1789399138.247000,0.099110,5.267481295810455,-6.294784311656257,0.4530309581519214,-0.0009974580959314044,0.037606081608280585,0.35669824495519314,0.9334619166036198
1785495545.341226101,1789399138.323421,0.100195,5.272743428800233,-6.308700199792535,0.46406384780425175,-0.0013247907689175607,0.037310972024092184,0.3566998509781707,0.9334727380101611
1785495545.441308022,1789399138.431073,0.100082,5.276017431149531,-6.3208896338146765,0.45722655556690334,-0.0013461643721208228,0.037241465451374856,0.35650358809877836,0.9335504553933943
1785495545.541501045,1789399138.530529,0.100193,5.261623087077985,-6.324410369488942,0.45666071540364317,-0.001194311107587165,0.03737917541277463,0.356700735399778,0.933469847521438
1785495545.640664101,1789399138.639019,0.099163,5.2600792907133,-6.318230074004333,0.45099589186870326,-0.0009474842110531066,0.03782844807926056,0.3565801437541293,0.9334981049096291
1785495545.740758896,1789399138.742784,0.100095,5.272567928661347,-6.319543262157084,0.4597484745967891,-0.0013880469915593214,0.03755054838633997,0.35666266889479864,0.9334772467812344
1785495545.840857029,1789399138.846067,0.100098,5.279058521752945,-6.3018289246007155,0.4687260796092468,-0.0027328293573385468,0.03685601092674351,0.35732194725619904,0.9332498015597482
1785495545.940897942,1789399138.949834,0.100041,5.2740091893271615,-6.303988784875155,0.46040726482012373,-0.010920375815294099,0.033193443914951694,0.359227103879089,0.9325957476376138
1785495546.040826082,1789399139.051114,0.099928,5.304424067405582,-6.329638055423814,0.44918940021172166,-0.015447777713082277,0.0271614058445482,0.3627772139388637,0.9313518761687394
1785495546.140906096,1789399139.123209,0.100080,5.343635411648249,-6.371005090393709,0.45613157362357326,-0.007882432684788472,0.03281401808442675,0.36455138871224463,0.9305715407533687
1785495546.241136074,1789399139.231637,0.100230,5.4149028448098395,-6.394987975191845,0.44796738589537377,0.010089704285962052,0.045077906810413924,0.3655594322687432,0.9296410499027932
