message_index,stamp_sec,frame_id,position_x,position_y,position_z,orientation_x,orientation_y,orientation_z,orientation_w,covariance
0,0.000000000,map,7.4397000000,-4.2354000000,-1.3900000000,0.0000000000,0.0000000000,0.8530502707,0.5218287416,0 0 0 0 0 0 0 0 0 0 0 0 0 0 0 0 0 0 0 0 0 0 0 0 0 0 0 0 0 0 0 0 0 0 0 0
1,1785497053.405873299,map,8.3641071320,-3.7573890686,-1.3918703794,0.0491382354,0.0582324129,0.8517495219,0.5183794548,0.04281915722 0 0 0 0 0 0 0.04281915722 0 0 0 0 0 0 0.09420473791 0 0 0 0 0 0 0.0007501620337 0 0 0 0 0 0 0.0007501620337 0 0 0 0 0 0 0.001304346119
2,1785497056.106098890,map,8.3878450394,-3.7941837311,-1.3920041323,0.0485913715,0.0583117834,0.8517000022,0.5185033194,0.04313080328 0 0 0 0 0 0 0.04313080328 0 0 0 0 0 0 0.09466671704 0 0 0 0 0 0 0.0007573656121 0 0 0 0 0 0 0.0007573656121 0 0 0 0 0 0 0.001313839401
3,1785497056.705776453,map,8.3728141785,-3.8088207245,-1.3890782595,0.0484891599,0.0582177421,0.8514917750,0.5188653522,0.0430995213 0 0 0 0 0 0 0.0430995213 0 0 0 0 0 0 0.0946203697 0 0 0 0 0 0 0.0007566421667 0 0 0 0 0 0 0.0007566421667 0 0 0 0 0 0 0.001312886497
4,1785497056.905585766,map,8.3796033859,-3.8187482357,-1.3902781010,0.0482894083,0.0583905102,0.8515019091,0.5188479770,0.04260822046 0 0 0 0 0 0 0.04260822046 0 0 0 0 0 0 0.09389173798 0 0 0 0 0 0 0.0007452910436 0 0 0 0 0 0 0.0007452910436 0 0 0 0 0 0 0.001297920618
5,1785497057.205642939,map,8.3669214249,-3.7970461845,-1.3892809153,0.0489526650,0.0583778588,0.8514791605,0.5188244407,0.04292733985 0 0 0 0 0 0 0.04292733985 0 0 0 0 0 0 0.09436516791 0 0 0 0 0 0 0.0007526616921 0 0 0 0 0 0 0.0007526616921 0 0 0 0 0 0 0.00130764155
6,1785497057.506054163,map,8.3738689423,-3.7923831940,-1.3915917873,0.0489736932,0.0582467960,0.8515470671,0.5187258106,0.04304276359 0 0 0 0 0 0 0.04304276359 0 0 0 0 0 0 0.0945362636 0 0 0 0 0 0 0.0007553297678 0 0 0 0 0 0 0.0007553297678 0 0 0 0 0 0 0.001311157558
7,1785497057.605827808,map,8.3788948059,-3.7915141582,-1.3912426233,0.0488622226,0.0584131627,0.8516136135,0.5186083922,0.04272661524 0 0 0 0 0 0 0.04272661524 0 0 0 0 0 0 0.09406744988 0 0 0 0 0 0 0.0007480245648 0 0 0 0 0 0 0.0007480245648 0 0 0 0 0 0 0.001301527129
8,1785497057.705650806,map,8.3834199905,-3.7854800224,-1.3927143812,0.0489086329,0.0582659008,0.8516710494,0.5185261950,0.04272846491 0 0 0 0 0 0 0.04272846491 0 0 0 0 0 0 0.09407019438 0 0 0 0 0 0 0.0007480672799 0 0 0 0 0 0 0.0007480672799 0 0 0 0 0 0 0.001301583473
9,1785497057.805523872,map,8.3837509155,-3.7941391468,-1.3932048082,0.0490081639,0.0584536099,0.8516335946,0.5185572234,0.04266527916 0 0 0 0 0 0 0.04266527916 0 0 0 0 0 0 0.09397642979 0 0 0 0 0 0 0.0007466082745 0 0 0 0 0 0 0.0007466082745 0 0 0 0 0 0 0.001299658725
10,1785497057.905591249,map,8.3878107071,-3.7938666344,-1.3929491043,0.0487818488,0.0585137902,0.8517199701,0.5184299297,0.04279611142 0 0 0 0 0 0 0.04279611142 0 0 0 0 0 0 0.09417055349 0 0 0 0 0 0 0.0007496296693 0 0 0 0 0 0 0.0007496296693 0 0 0 0 0 0 0.001303644104
11,1785497058.005958796,map,8.3898048401,-3.7972614765,-1.3927521706,0.0488264917,0.0583277686,0.8516998659,0.5184796956,0.04291729596 0 0 0 0 0 0 0.04291729596 0 0 0 0 0 0 0.09435027605 0 0 0 0 0 0 0.0007524295767 0 0 0 0 0 0 0.0007524295767 0 0 0 0 0 0 0.001307335596
12,1785497058.105751276,map,8.3923206329,-3.7967495918,-1.3926424980,0.0488335205,0.0582366599,0.8517095443,0.5184734015,0.04296004451 0 0 0 0 0 0 0.04296004451 0 0 0 0 0 0 0.09441365449 0 0 0 0 0 0 0.0007534175606 0 0 0 0 0 0 0.0007534175606 0 0 0 0 0 0 0.001308637791
13,1785497058.205631495,map,8.3992252350,-3.7313439846,-1.3958604336,0.0490949305,0.0584737649,0.8521756402,0.5176554856,0.04332502302 0 0 0 0 0 0 0.04332502302 0 0 0 0 0 0 0.09495435067 0 0 0 0 0 0 0.0007618591085 0 0 0 0 0 0 0.0007618591085 0 0 0 0 0 0 0.001319755672
14,1785497058.305483341,map,8.3923053741,-3.8210928440,-1.3925931454,0.0489718938,0.0586421990,0.8515912012,0.5186089525,0.04280158605 0 0 0 0 0 0 0.04280158605 0 0 0 0 0 0 0.09417867442 0 0 0 0 0 0 0.0007497561306 0 0 0 0 0 0 0.0007497561306 0 0 0 0 0 0 0.001303810871
15,1785497058.405687332,map,8.4187908173,-3.7311897278,-1.3975421190,0.0487285661,0.0580057093,0.8523478655,0.5174591576,0.04308554815 0 0 0 0 0 0 0.04308554815 0 0 0 0 0 0 0.09459966534 0 0 0 0 0 0 0.0007563190426 0 0 0 0 0 0 0.0007563190426 0 0 0 0 0 0 0.001312460851
16,1785497058.506133080,map,8.4083318710,-3.7862570286,-1.3953214884,0.0486988548,0.0585136710,0.8519697161,0.5180271648,0.0429179721 0 0 0 0 0 0 0.0429179721 0 0 0 0 0 0 0.09435127855 0 0 0 0 0 0 0.0007524452019 0 0 0 0 0 0 0.0007524452019 0 0 0 0 0 0 0.001307356192
17,1785497058.605814695,map,8.4206123352,-3.7443468571,-1.3977963924,0.0489339034,0.0582122920,0.8523275427,0.5174500793,0.04288350745 0 0 0 0 0 0 0.04288350745 0 0 0 0 0 0 0.09430017436 0 0 0 0 0 0 0.0007516487835 0 0 0 0 0 0 0.0007516487835 0 0 0 0 0 0 0.001306306339
18,1785497058.705622435,map,8.4175853729,-3.7707293034,-1.3966320753,0.0487204609,0.0583324841,0.8521157426,0.5178053303,0.04305340723 0 0 0 0 0 0 0.04305340723 0 0 0 0 0 0 0.0945520372 0 0 0 0 0 0 0.0007555758581 0 0 0 0 0 0 0.0007555758581 0 0 0 0 0 0 0.001311481782
19,1785497058.805493832,map,8.4185562134,-3.7732613087,-1.3960207701,0.0487866267,0.0582332288,0.8520695627,0.5178862608,0.04290258756 0 0 0 0 0 0 0.04290258756 0 0 0 0 0 0 0.09432846718 0 0 0 0 0 0 0.0007520896793 0 0 0 0 0 0 0.0007520896793 0 0 0 0 0 0 0.001306887553
20,1785497058.905643940,map,8.4156885147,-3.7751605511,-1.3959560394,0.0487785360,0.0583056265,0.8520237699,0.5179542327,0.04331607887 0 0 0 0 0 0 0.04331607887 0 0 0 0 0 0 0.09494110926 0 0 0 0 0 0 0.0007616521052 0 0 0 0 0 0 0.0007616521052 0 0 0 0 0 0 0.001319483218
21,1785497059.005920410,map,8.4129257202,-3.7797553539,-1.3962910175,0.0489131439,0.0584655602,0.8519730420,0.5180069353,0.04297776605 0 0 0 0 0 0 0.04297776605 0 0 0 0 0 0 0.09443992521 0 0 0 0 0 0 0.0007538271782 0 0 0 0 0 0 0.0007538271782 0 0 0 0 0 0 0.00130917762
22,1785497059.105730772,map,8.4096164703,-3.7963471413,-1.3965137005,0.0490386268,0.0585382612,0.8518355368,0.5182129691,0.04314947303 0 0 0 0 0 0 0.04314947303 0 0 0 0 0 0 0.09469437549 0 0 0 0 0 0 0.000757797419 0 0 0 0 0 0 0.000757797419 0 0 0 0 0 0 0.001314408114
23,1785497059.305551767,map,8.4067697525,-3.7993087769,-1.3945282698,0.0489519223,0.0584527140,0.8518394729,0.5182243416,0.04296438551 0 0 0 0 0 0 0.04296438551 0 0 0 0 0 0 0.09442008982 0 0 0 0 0 0 0.0007535178963 0 0 0 0 0 0 0.0007535178963 0 0 0 0 0 0 0.001308770026
24,1785497059.405975819,map,8.4086246490,-3.7992362976,-1.3937748671,0.0487941407,0.0583277053,0.8518302969,0.5182683912,0.04316605571 0 0 0 0 0 0 0.04316605571 0 0 0 0 0 0 0.09471894043 0 0 0 0 0 0 0.0007581809798 0 0 0 0 0 0 0.0007581809798 0 0 0 0 0 0 0.001314913251
25,1785497059.505888700,map,8.4079456329,-3.8026242256,-1.3940309286,0.0485244778,0.0581413667,0.8518205861,0.5183306280,0.04263096638 0 0 0 0 0 0 0.04263096638 0 0 0 0 0 0 0.09392550179 0 0 0 0 0 0 0.0007458161115 0 0 0 0 0 0 0.0007458161115 0 0 0 0 0 0 0.001298613498
26,1785497059.605641365,map,8.4084215164,-3.8081979752,-1.3939470053,0.0485592909,0.0581720185,0.8517991691,0.5183591600,0.04288810528 0 0 0 0 0 0 0.04288810528 0 0 0 0 0 0 0.09430699241 0 0 0 0 0 0 0.0007517550255 0 0 0 0 0 0 0.0007517550255 0 0 0 0 0 0 0.001306446397
27,1785497059.705504417,map,8.4046211243,-3.8112154007,-1.3928588629,0.0486049998,0.0581321435,0.8517965077,0.5183636660,0.0430434412 0 0 0 0 0 0 0.0430434412 0 0 0 0 0 0 0.09453726782 0 0 0 0 0 0 0.0007553454344 0 0 0 0 0 0 0.0007553454344 0 0 0 0 0 0 0.0013111782
28,1785497059.805650949,map,8.4080619812,-3.8180084229,-1.3923532963,0.0487097751,0.0581214843,0.8517526495,0.5184271489,0.04287074881 0 0 0 0 0 0 0.04287074881 0 0 0 0 0 0 0.09428125414 0 0 0 0 0 0 0.0007513539791 0 0 0 0 0 0 0.0007513539791 0 0 0 0 0 0 0.001305917689
29,1785497059.905936241,map,8.4028091431,-3.8242144585,-1.3927286863,0.0487793334,0.0582499161,0.8517006503,0.5184916226,0.04277376318 0 0 0 0 0 0 0.04277376318 0 0 0 0 0 0 0.09413740092 0 0 0 0 0 0 0.0007491134622 0 0 0 0 0 0 0.0007491134622 0 0 0 0 0 0 0.001302963337
30,1785497060.005677700,map,8.4033079147,-3.8276164532,-1.3935397863,0.0486844633,0.0583546319,0.8516598892,0.5185557004,0.04298909679 0 0 0 0 0 0 0.04298909679 0 0 0 0 0 0 0.09445672117 0 0 0 0 0 0 0.0007540890922 0 0 0 0 0 0 0.0007540890922 0 0 0 0 0 0 0.001309522774
31,1785497060.105610609,map,8.4032754898,-3.8267571926,-1.3927346468,0.0485717022,0.0582955976,0.8516939452,0.5185169271,0.04302178119 0 0 0 0 0 0 0.04302178119 0 0 0 0 0 0 0.09450516639 0 0 0 0 0 0 0.0007548446649 0 0 0 0 0 0 0.0007548446649 0 0 0 0 0 0 0.001310518398
32,1785497060.205538273,map,8.4041042328,-3.8227016926,-1.3920519352,0.0486777978,0.0583254223,0.8516931997,0.5185048713,0.04290976698 0 0 0 0 0 0 0.04290976698 0 0 0 0 0 0 0.09433911261 0 0 0 0 0 0 0.0007522555866 0 0 0 0 0 0 0.0007522555866 0 0 0 0 0 0 0.00130710625
33,1785497060.305945158,map,8.3989028931,-3.8215291500,-1.3924489021,0.0487848488,0.0582954035,0.8516553021,0.5185604706,0.04287947142 0 0 0 0 0 0 0.04287947142 0 0 0 0 0 0 0.0942941893 0 0 0 0 0 0 0.0007515555245 0 0 0 0 0 0 0.0007515555245 0 0 0 0 0 0 0.001306183395
34,1785497060.405777693,map,8.4023303986,-3.8226308823,-1.3924235106,0.0485928958,0.0584196820,0.8516794783,0.5185247725,0.04286989308 0 0 0 0 0 0 0.04286989308 0 0 0 0 0 0 0.09427998512 0 0 0 0 0 0 0.0007513342069 0 0 0 0 0 0 0.0007513342069 0 0 0 0 0 0 0.001305891622
35,1785497060.505597591,map,8.3960056305,-3.8241236210,-1.3919045925,0.0486651900,0.0585208426,0.8516841039,0.5184990014,0.0429782295 0 0 0 0 0 0 0.0429782295 0 0 0 0 0 0 0.09444061221 0 0 0 0 0 0 0.0007538378907 0 0 0 0 0 0 0.0007538378907 0 0 0 0 0 0 0.001309191738
36,1785497060.605550289,map,8.4169931412,-3.7293996811,-1.3984961510,0.0490579926,0.0581477268,0.8523165310,0.5174636354,0.04327431111 0 0 0 0 0 0 0.04327431111 0 0 0 0 0 0 0.09487926808 0 0 0 0 0 0 0.0007606855223 0 0 0 0 0 0 0.0007606855223 0 0 0 0 0 0 0.001318210899
37,1785497060.705601454,map,8.4099912643,-3.7873146534,-1.3934587240,0.0485793788,0.0580515770,0.8519566818,0.5181118211,0.04286727672 0 0 0 0 0 0 0.04286727672 0 0 0 0 0 0 0.09427610512 0 0 0 0 0 0 0.0007512737547 0 0 0 0 0 0 0.0007512737547 0 0 0 0 0 0 0.001305811923
38,1785497060.806074619,map,8.4073419571,-3.7950718403,-1.3940026760,0.0485889792,0.0581448593,0.8519028117,0.5181890301,0.04282640025 0 0 0 0 0 0 0.04282640025 0 0 0 0 0 0 0.09421548106 0 0 0 0 0 0 0.0007503293591 0 0 0 0 0 0 0.0007503293591 0 0 0 0 0 0 0.001304566754
39,1785497060.905608892,map,8.4072408676,-3.7979094982,-1.3935621977,0.0486403126,0.0582347909,0.8518498575,0.5182611960,0.04271827889 0 0 0 0 0 0 0.04271827889 0 0 0 0 0 0 0.09405508036 0 0 0 0 0 0 0.0007478320541 0 0 0 0 0 0 0.0007478320541 0 0 0 0 0 0 0.001301273189
40,1785497061.005550623,map,8.4029750824,-3.8016452789,-1.3931851387,0.0487564619,0.0583553055,0.8518715712,0.5182010717,0.04299221766 0 0 0 0 0 0 0.04299221766 0 0 0 0 0 0 0.09446134722 0 0 0 0 0 0 0.000754161234 0 0 0 0 0 0 0.000754161234 0 0 0 0 0 0 0.001309617841
41,1785497061.105510950,map,8.4077568054,-3.8072381020,-1.3946323395,0.0486859611,0.0583376871,0.8517919892,0.5183404024,0.04293336932 0 0 0 0 0 0 0.04293336932 0 0 0 0 0 0 0.0943741074 0 0 0 0 0 0 0.000752801038 0 0 0 0 0 0 0.000752801038 0 0 0 0 0 0 0.001307825219
42,1785497061.205703735,map,8.4077939987,-3.8096115589,-1.3950198889,0.0487475008,0.0583659859,0.8517642219,0.5183770689,0.04293883146 0 0 0 0 0 0 0.04293883146 0 0 0 0 0 0 0.09438220558 0 0 0 0 0 0 0.0007529272751 0 0 0 0 0 0 0.0007529272751 0 0 0 0 0 0 0.001307991605
43,1785497061.305658102,map,8.4125843048,-3.8135545254,-1.3956983089,0.0483663208,0.0584099307,0.8517607907,0.5184134814,0.04304575027 0 0 0 0 0 0 0.04304575027 0 0 0 0 0 0 0.09454068985 0 0 0 0 0 0 0.0007553988215 0 0 0 0 0 0 0.0007553988215 0 0 0 0 0 0 0.001311248538
44,1785497061.405664206,map,8.4088544846,-3.8172063828,-1.3951917887,0.0484607289,0.0582549740,0.8517811359,0.5183886605,0.0430439381 0 0 0 0 0 0 0.0430439381 0 0 0 0 0 0 0.09453800423 0 0 0 0 0 0 0.0007553569231 0 0 0 0 0 0 0.0007553569231 0 0 0 0 0 0 0.001311193336
45,1785497061.505549431,map,8.4288148880,-3.8139388561,-1.3977309465,0.0483732192,0.0581787968,0.8519707923,0.5180936729,0.04273662522 0 0 0 0 0 0 0.04273662522 0 0 0 0 0 0 0.09408230224 0 0 0 0 0 0 0.0007482557326 0 0 0 0 0 0 0.0007482557326 0 0 0 0 0 0 0.00130183205
46,1785497061.705799341,map,8.4239215851,-3.8101489544,-1.3962934017,0.0484944362,0.0581650166,0.8519312437,0.5181489280,0.04312350973 0 0 0 0 0 0 0.04312350973 0 0 0 0 0 0 0.09465591141 0 0 0 0 0 0 0.0007571969297 0 0 0 0 0 0 0.0007571969297 0 0 0 0 0 0 0.001313617227
47,1785497061.805864096,map,8.4200916290,-3.8110892773,-1.3960106373,0.0485116579,0.0582439855,0.8519081475,0.5181763916,0.0431392408 0 0 0 0 0 0 0.0431392408 0 0 0 0 0 0 0.09467921711 0 0 0 0 0 0 0.0007575607572 0 0 0 0 0 0 0.0007575607572 0 0 0 0 0 0 0.001314096422
48,1785497061.905599594,map,8.4199523926,-3.8064849377,-1.3971089125,0.0484745153,0.0582389062,0.8519351032,0.5181361735,0.04303086558 0 0 0 0 0 0 0.04303086558 0 0 0 0 0 0 0.09451863032 0 0 0 0 0 0 0.0007550546869 0 0 0 0 0 0 0.0007550546869 0 0 0 0 0 0 0.001310795124
49,1785497062.005496502,map,8.4350976944,-3.7515063286,-1.3999891281,0.0484840642,0.0577576867,0.8524137231,0.5174013304,0.04311439329 0 0 0 0 0 0 0.04311439329 0 0 0 0 0 0 0.0946424047 0 0 0 0 0 0 0.0007569860947 0 0 0 0 0 0 0.0007569860947 0 0 0 0 0 0 0.001313339524
50,1785497062.105610847,map,8.4210376740,-3.8046588898,-1.3958339691,0.0484247434,0.0579456832,0.8519162142,0.5182046661,0.04293304262 0 0 0 0 0 0 0.04293304262 0 0 0 0 0 0 0.09437362303 0 0 0 0 0 0 0.0007527934876 0 0 0 0 0 0 0.0007527934876 0 0 0 0 0 0 0.001307815267
51,1785497062.205840111,map,8.4187345505,-3.8123877048,-1.3957095146,0.0483428030,0.0579797250,0.8519046015,0.5182276124,0.0431861494 0 0 0 0 0 0 0.0431861494 0 0 0 0 0 0 0.09474870438 0 0 0 0 0 0 0.0007586457823 0 0 0 0 0 0 0.0007586457823 0 0 0 0 0 0 0.00131552534
52,1785497062.305722237,map,8.4134597778,-3.8127770424,-1.3943539858,0.0484574728,0.0581780977,0.8518918170,0.5182156936,0.04291089617 0 0 0 0 0 0 0.04291089617 0 0 0 0 0 0 0.09434078691 0 0 0 0 0 0 0.0007522816812 0 0 0 0 0 0 0.0007522816812 0 0 0 0 0 0 0.001307140647
53,1785497062.405528307,map,8.4113292694,-3.8181881905,-1.3948936462,0.0484662673,0.0583729977,0.8518255606,0.5183018860,0.04313548694 0 0 0 0 0 0 0.04313548694 0 0 0 0 0 0 0.09467365587 0 0 0 0 0 0 0.0007574739363 0 0 0 0 0 0 0.0007574739363 0 0 0 0 0 0 0.001313982073
54,1785497062.505491495,map,8.4117155075,-3.8027429581,-1.3952130079,0.0489645607,0.0583241456,0.8519379413,0.5180757829,0.04280833696 0 0 0 0 0 0 0.04280833696 0 0 0 0 0 0 0.09418868832 0 0 0 0 0 0 0.000749912077 0 0 0 0 0 0 0.000749912077 0 0 0 0 0 0 0.001304016515
55,1785497062.605791807,map,8.4127922058,-3.8047707081,-1.3956550360,0.0489245177,0.0583044937,0.8518869194,0.5181656723,0.04321985666 0 0 0 0 0 0 0.04321985666 0 0 0 0 0 0 0.09479862848 0 0 0 0 0 0 0.0007594255673 0 0 0 0 0 0 0.0007594255673 0 0 0 0 0 0 0.001316552122
56,1785497062.705613613,map,8.4122276306,-3.7976217270,-1.3958145380,0.0487534316,0.0582639921,0.8519270500,0.5181203269,0.04327703018 0 0 0 0 0 0 0.04327703018 0 0 0 0 0 0 0.09488329422 0 0 0 0 0 0 0.000760748442 0 0 0 0 0 0 0.000760748442 0 0 0 0 0 0 0.001318293727
57,1785497062.805601358,map,8.4156665802,-3.8025984764,-1.3954195976,0.0487990547,0.0584031274,0.8519398474,0.5180793638,0.04310930989 0 0 0 0 0 0 0.04310930989 0 0 0 0 0 0 0.09463487304 0 0 0 0 0 0 0.0007568685344 0 0 0 0 0 0 0.0007568685344 0 0 0 0 0 0 0.001313184675
58,1785497062.905307055,map,8.4233427048,-3.7512149811,-1.3971805573,0.0486885211,0.0579166476,0.8522373634,0.5176548523,0.04299216216 0 0 0 0 0 0 0.04299216216 0 0 0 0 0 0 0.09446126496 0 0 0 0 0 0 0.0007541599512 0 0 0 0 0 0 0.0007541599512 0 0 0 0 0 0 0.001309616151
59,1785497063.005633831,map,8.4245166779,-3.7422742844,-1.3982148170,0.0487063024,0.0577873467,0.8522767880,0.5176027400,0.04272139105 0 0 0 0 0 0 0.04272139105 0 0 0 0 0 0 0.09405969825 0 0 0 0 0 0 0.0007479039222 0 0 0 0 0 0 0.0007479039222 0 0 0 0 0 0 0.001301367991
60,1785497063.106091022,map,8.4063787460,-3.8027796745,-1.3945920467,0.0486886199,0.0582066580,0.8517866107,0.5183637235,0.04325582697 0 0 0 0 0 0 0.04325582697 0 0 0 0 0 0 0.09485189744 0 0 0 0 0 0 0.000760257812 0 0 0 0 0 0 0.000760257812 0 0 0 0 0 0 0.00131764784
61,1785497063.205692053,map,8.4153718948,-3.7490327358,-1.3975265026,0.0487902463,0.0580015669,0.8522332790,0.5176424886,0.04308732915 0 0 0 0 0 0 0.04308732915 0 0 0 0 0 0 0.09460230435 0 0 0 0 0 0 0.0007563602267 0 0 0 0 0 0 0.0007563602267 0 0 0 0 0 0 0.001312515103
62,1785497063.305520773,map,8.4361534119,-3.7522387505,-1.4009594917,0.0485611785,0.0580947817,0.8523599676,0.5174449749,0.04312499378 0 0 0 0 0 0 0.04312499378 0 0 0 0 0 0 0.0946581101 0 0 0 0 0 0 0.0007572312518 0 0 0 0 0 0 0.0007572312518 0 0 0 0 0 0 0.001313662433
63,1785497063.505856991,map,8.4289093018,-3.7518343925,-1.3985217810,0.0486958871,0.0580479917,0.8523265855,0.5174925320,0.04300227166 0 0 0 0 0 0 0.04300227166 0 0 0 0 0 0 0.09447624984 0 0 0 0 0 0 0.0007543936475 0 0 0 0 0 0 0.0007543936475 0 0 0 0 0 0 0.001309924104
64,1785497063.605792999,map,8.4274587631,-3.7534179688,-1.3989661932,0.0487949063,0.0579147906,0.8522715285,0.5175888348,0.04326380779 0 0 0 0 0 0 0.04326380779 0 0 0 0 0 0 0.09486371539 0 0 0 0 0 0 0.0007604424793 0 0 0 0 0 0 0.0007604424793 0 0 0 0 0 0 0.00131789095
65,1785497063.705622435,map,8.4270277023,-3.7632670403,-1.3995609283,0.0487619137,0.0579647500,0.8522089903,0.5176892575,0.04310256644 0 0 0 0 0 0 0.04310256644 0 0 0 0 0 0 0.09462488162 0 0 0 0 0 0 0.0007567125869 0 0 0 0 0 0 0.0007567125869 0 0 0 0 0 0 0.001312979258
66,1785497063.805514336,map,8.4233064651,-3.7691459656,-1.3985671997,0.0486104520,0.0579205489,0.8521351114,0.5178300209,0.04291317511 0 0 0 0 0 0 0.04291317511 0 0 0 0 0 0 0.09434416599 0 0 0 0 0 0 0.0007523343458 0 0 0 0 0 0 0.0007523343458 0 0 0 0 0 0 0.001307210068
67,1785497063.905493259,map,8.4161186218,-3.7847747803,-1.3975813389,0.0488105408,0.0581245405,0.8520058964,0.5180009518,0.04296454557 0 0 0 0 0 0 0.04296454557 0 0 0 0 0 0 0.0944203271 0 0 0 0 0 0 0.0007535215959 0 0 0 0 0 0 0.0007535215959 0 0 0 0 0 0 0.001308774901
68,1785497064.005741119,map,8.4222688675,-3.7639884949,-1.3991751671,0.0485688499,0.0580705433,0.8522642387,0.5176046617,0.04285041124 0 0 0 0 0 0 0.04285041124 0 0 0 0 0 0 0.094251093 0 0 0 0 0 0 0.0007508840832 0 0 0 0 0 0 0.0007508840832 0 0 0 0 0 0 0.001305298171
69,1785497064.105951548,map,8.4260692596,-3.7678544521,-1.4007161856,0.0485411751,0.0580696575,0.8521927991,0.5177249196,0.04312183302 0 0 0 0 0 0 0.04312183302 0 0 0 0 0 0 0.09465342727 0 0 0 0 0 0 0.0007571581521 0 0 0 0 0 0 0.0007571581521 0 0 0 0 0 0 0.001313566151
70,1785497064.205644131,map,8.4243984222,-3.7876462936,-1.4003779888,0.0485449348,0.0582753807,0.8520291690,0.5179706956,0.04291642584 0 0 0 0 0 0 0.04291642584 0 0 0 0 0 0 0.09434898591 0 0 0 0 0 0 0.0007524094685 0 0 0 0 0 0 0.0007524094685 0 0 0 0 0 0 0.001307309091
71,1785497064.305518150,map,8.4217700958,-3.7864260674,-1.3981060982,0.0487333475,0.0582075787,0.8520461415,0.5179327632,0.04298821453 0 0 0 0 0 0 0.04298821453 0 0 0 0 0 0 0.09445541338 0 0 0 0 0 0 0.0007540686979 0 0 0 0 0 0 0.0007540686979 0 0 0 0 0 0 0.001309495899
72,1785497064.405558348,map,8.4150104523,-3.8416404724,-1.3951348066,0.0481360844,0.0581609139,0.8515321336,0.5188383630,0.04297735918 0 0 0 0 0 0 0.04297735918 0 0 0 0 0 0 0.09443932207 0 0 0 0 0 0 0.0007538177733 0 0 0 0 0 0 0.0007538177733 0 0 0 0 0 0 0.001309165226
73,1785497064.505767107,map,8.4070911407,-3.8394505978,-1.3960098028,0.0483705452,0.0582180386,0.8513985981,0.5190292314,0.04295397427 0 0 0 0 0 0 0.04295397427 0 0 0 0 0 0 0.09440465545 0 0 0 0 0 0 0.0007532772584 0 0 0 0 0 0 0.0007532772584 0 0 0 0 0 0 0.001308452881
74,1785497064.605648756,map,8.3918457031,-3.8408682346,-1.3933713436,0.0486690979,0.0580306544,0.8511089736,0.5194971317,0.04314913791 0 0 0 0 0 0 0.04314913791 0 0 0 0 0 0 0.09469387906 0 0 0 0 0 0 0.0007577896681 0 0 0 0 0 0 0.0007577896681 0 0 0 0 0 0 0.001314397906
75,1785497064.705572844,map,8.3896770477,-3.8193244934,-1.3972730637,0.0492482625,0.0578297665,0.8510367753,0.5195832262,0.04300621515 0 0 0 0 0 0 0.04300621515 0 0 0 0 0 0 0.09448209495 0 0 0 0 0 0 0.0007544848097 0 0 0 0 0 0 0.0007544848097 0 0 0 0 0 0 0.001310044229
76,1785497064.805576086,map,8.3883771896,-3.8129308224,-1.3995054960,0.0492722513,0.0577915557,0.8509566668,0.5197164378,0.04303073486 0 0 0 0 0 0 0.04303073486 0 0 0 0 0 0 0.09451843659 0 0 0 0 0 0 0.0007550516649 0 0 0 0 0 0 0.0007550516649 0 0 0 0 0 0 0.001310791143
77,1785497064.905728817,map,8.3852272034,-3.8149967194,-1.3985433578,0.0495544947,0.0578402731,0.8507447051,0.5200311149,0.04277225372 0 0 0 0 0 0 0.04277225372 0 0 0 0 0 0 0.09413516161 0 0 0 0 0 0 0.0007490785979 0 0 0 0 0 0 0.0007490785979 0 0 0 0 0 0 0.001302917357
78,1785497065.005765200,map,8.3911733627,-3.8141419888,-1.4004694223,0.0494196172,0.0578461319,0.8506350191,0.5202226341,0.0432580081 0 0 0 0 0 0 0.0432580081 0 0 0 0 0 0 0.09485512727 0 0 0 0 0 0 0.0007603082804 0 0 0 0 0 0 0.0007603082804 0 0 0 0 0 0 0.001317714281
79,1785497065.105611086,map,8.3851289749,-3.8119740486,-1.3979885578,0.0496510046,0.0575627952,0.8505462945,0.5203771302,0.04316408251 0 0 0 0 0 0 0.04316408251 0 0 0 0 0 0 0.09471601748 0 0 0 0 0 0 0.000758135338 0 0 0 0 0 0 0.000758135338 0 0 0 0 0 0 0.001314853144
80,1785497065.205482006,map,8.3846864700,-3.8207466602,-1.3999099731,0.0499554314,0.0574575789,0.8506120218,0.5202521149,0.04291754542 0 0 0 0 0 0 0.04291754542 0 0 0 0 0 0 0.09435064592 0 0 0 0 0 0 0.0007524353415 0 0 0 0 0 0 0.0007524353415 0 0 0 0 0 0 0.001307343195
81,1785497065.405821800,map,8.3890123367,-3.8147146702,-1.4000694752,0.0499904295,0.0573452678,0.8504854713,0.5204680465,0.04293850054 0 0 0 0 0 0 0.04293850054 0 0 0 0 0 0 0.09438171496 0 0 0 0 0 0 0.0007529196271 0 0 0 0 0 0 0.0007529196271 0 0 0 0 0 0 0.001307981524
82,1785497065.505584955,map,8.3888473511,-3.8170621395,-1.4010667801,0.0499943284,0.0573966016,0.8504362890,0.5205423011,0.04269863298 0 0 0 0 0 0 0.04269863298 0 0 0 0 0 0 0.09402592806 0 0 0 0 0 0 0.0007473783958 0 0 0 0 0 0 0.0007473783958 0 0 0 0 0 0 0.001300674741
83,1785497065.605372429,map,8.3843460083,-3.8150167465,-1.4016518593,0.0501820206,0.0575171444,0.8504601234,0.5204720476,0.04296598625 0 0 0 0 0 0 0.04296598625 0 0 0 0 0 0 0.09442246282 0 0 0 0 0 0 0.0007535548955 0 0 0 0 0 0 0.0007535548955 0 0 0 0 0 0 0.001308818787
84,1785497065.705708504,map,8.3770208359,-3.8118228912,-1.3997129202,0.0504997601,0.0574335789,0.8504788809,0.5204199024,0.04294880577 0 0 0 0 0 0 0.04294880577 0 0 0 0 0 0 0.09439699308 0 0 0 0 0 0 0.0007531578011 0 0 0 0 0 0 0.0007531578011 0 0 0 0 0 0 0.00130829544
85,1785497065.806258440,map,8.3755903244,-3.8127379417,-1.3986628056,0.0504962616,0.0574030781,0.8505228020,0.5203517157,0.04275062237 0 0 0 0 0 0 0.04275062237 0 0 0 0 0 0 0.09410306964 0 0 0 0 0 0 0.0007485789937 0 0 0 0 0 0 0.0007485789937 0 0 0 0 0 0 0.001302258428
86,1785497065.905811787,map,8.3811712265,-3.8173232079,-1.3967243433,0.0505902452,0.0571099331,0.8506467364,0.5201723403,0.04301108094 0 0 0 0 0 0 0.04301108094 0 0 0 0 0 0 0.094489307 0 0 0 0 0 0 0.0007545972946 0 0 0 0 0 0 0.0007545972946 0 0 0 0 0 0 0.00131019245
87,1785497066.005471945,map,8.3783712387,-3.8223865032,-1.3975255489,0.0507161098,0.0569610373,0.8508211471,0.5198910263,0.04275546165 0 0 0 0 0 0 0.04275546165 0 0 0 0 0 0 0.09411024936 0 0 0 0 0 0 0.0007486907597 0 0 0 0 0 0 0.0007486907597 0 0 0 0 0 0 0.001302405841
88,1785497066.105477333,map,8.3766765594,-3.8220303059,-1.3979095221,0.0508481415,0.0569928739,0.8507775702,0.5199460116,0.04287851524 0 0 0 0 0 0 0.04287851524 0 0 0 0 0 0 0.09429277136 0 0 0 0 0 0 0.0007515334307 0 0 0 0 0 0 0.0007515334307 0 0 0 0 0 0 0.001306154268
89,1785497066.205750942,map,8.3721532822,-3.8266682625,-1.3963084221,0.0508172096,0.0570290155,0.8508213618,0.5198733989,0.04284058505 0 0 0 0 0 0 0.04284058505 0 0 0 0 0 0 0.09423651965 0 0 0 0 0 0 0.0007506570634 0 0 0 0 0 0 0.0007506570634 0 0 0 0 0 0 0.001304998848
90,1785497066.305711508,map,8.3742504120,-3.8277139664,-1.3976085186,0.0507855924,0.0570007906,0.8508332932,0.5198600489,0.04325662442 0 0 0 0 0 0 0.04325662442 0 0 0 0 0 0 0.09485307831 0 0 0 0 0 0 0.0007602762639 0 0 0 0 0 0 0.0007602762639 0 0 0 0 0 0 0.001317672132
91,1785497066.405564547,map,8.3739700317,-3.8229067326,-1.3971121311,0.0507982965,0.0570320966,0.8508725917,0.5197909430,0.04293427388 0 0 0 0 0 0 0.04293427388 0 0 0 0 0 0 0.09437544851 0 0 0 0 0 0 0.0007528219433 0 0 0 0 0 0 0.0007528219433 0 0 0 0 0 0 0.001307852773
92,1785497066.505451679,map,8.3736972809,-3.8160974979,-1.3971904516,0.0509192730,0.0568425995,0.8508912177,0.5197694777,0.04305297949 0 0 0 0 0 0 0.04305297949 0 0 0 0 0 0 0.09455140331 0 0 0 0 0 0 0.0007555659682 0 0 0 0 0 0 0.0007555659682 0 0 0 0 0 0 0.001311468753
93,1785497066.605485439,map,8.3890857697,-3.7208316326,-1.3988027573,0.0516313014,0.0565311989,0.8515000528,0.5187350963,0.04309714334 0 0 0 0 0 0 0.04309714334 0 0 0 0 0 0 0.0946168463 0 0 0 0 0 0 0.0007565871762 0 0 0 0 0 0 0.0007565871762 0 0 0 0 0 0 0.00131281406
94,1785497066.705686808,map,8.3878507614,-3.7416203022,-1.4006192684,0.0513542616,0.0561683903,0.8513921125,0.5189791736,0.0429633533 0 0 0 0 0 0 0.0429633533 0 0 0 0 0 0 0.09441855962 0 0 0 0 0 0 0.0007534940381 0 0 0 0 0 0 0.0007534940381 0 0 0 0 0 0 0.001308738583
95,1785497066.805686474,map,8.3853406906,-3.7470865250,-1.4000587463,0.0513999661,0.0562351321,0.8513407176,0.5190516890,0.04286355202 0 0 0 0 0 0 0.04286355202 0 0 0 0 0 0 0.09427058138 0 0 0 0 0 0 0.0007511876945 0 0 0 0 0 0 0.0007511876945 0 0 0 0 0 0 0.001305698462
96,1785497066.905511618,map,8.3897008896,-3.7495980263,-1.3995310068,0.0512518390,0.0561708109,0.8513640822,0.5190349589,0.04296522043 0 0 0 0 0 0 0.04296522043 0 0 0 0 0 0 0.09442132755 0 0 0 0 0 0 0.0007535371946 0 0 0 0 0 0 0.0007535371946 0 0 0 0 0 0 0.001308795459
97,1785497067.005470753,map,8.3923034668,-3.7714190483,-1.4011123180,0.0510335657,0.0562155982,0.8512650599,0.5192140170,0.04295928716 0 0 0 0 0 0 0.04295928716 0 0 0 0 0 0 0.09441253174 0 0 0 0 0 0 0.0007534000557 0 0 0 0 0 0 0.0007534000557 0 0 0 0 0 0 0.001308614721
98,1785497067.105576277,map,8.3937988281,-3.7669146061,-1.4015676975,0.0509415909,0.0561851372,0.8512866437,0.5191909278,0.04269360451 0 0 0 0 0 0 0.04269360451 0 0 0 0 0 0 0.09401846604 0 0 0 0 0 0 0.0007472622851 0 0 0 0 0 0 0.0007472622851 0 0 0 0 0 0 0.001300521565
99,1785497067.205717802,map,8.4041709900,-3.7774839401,-1.4029521942,0.0511772842,0.0563544971,0.8513073680,0.5191154322,0.04294079418 0 0 0 0 0 0 0.04294079418 0 0 0 0 0 0 0.09438511547 0 0 0 0 0 0 0.0007529726368 0 0 0 0 0 0 0.0007529726368 0 0 0 0 0 0 0.001308051393
100,1785497067.405409813,map,8.4018363953,-3.7787611485,-1.4022291899,0.0510143447,0.0562852687,0.8513440377,0.5190788249,0.04289695081 0 0 0 0 0 0 0.04289695081 0 0 0 0 0 0 0.09432010898 0 0 0 0 0 0 0.0007519594242 0 0 0 0 0 0 0.0007519594242 0 0 0 0 0 0 0.001306715847
101,1785497067.505628109,map,8.3992185593,-3.7721416950,-1.4015058279,0.0510159781,0.0562824934,0.8513824669,0.5190159099,0.04289567806 0 0 0 0 0 0 0.04289567806 0 0 0 0 0 0 0.09431822171 0 0 0 0 0 0 0.0007519300137 0 0 0 0 0 0 0.0007519300137 0 0 0 0 0 0 0.001306677077
102,1785497067.605815649,map,8.3956060410,-3.7753095627,-1.4007306099,0.0510352680,0.0562838492,0.8513228918,0.5191115498,0.04297218187 0 0 0 0 0 0 0.04297218187 0 0 0 0 0 0 0.09443164732 0 0 0 0 0 0 0.000753698102 0 0 0 0 0 0 0.000753698102 0 0 0 0 0 0 0.001309007517
103,1785497067.705622673,map,8.3942079544,-3.7783193588,-1.4004740715,0.0511411276,0.0562749583,0.8512771629,0.5191771225,0.04299739559 0 0 0 0 0 0 0.04299739559 0 0 0 0 0 0 0.09446902232 0 0 0 0 0 0 0.0007542809288 0 0 0 0 0 0 0.0007542809288 0 0 0 0 0 0 0.00130977557
104,1785497067.805482864,map,8.3939599991,-3.7797648907,-1.4003010988,0.0510677318,0.0563660713,0.8512657659,0.5191931234,0.04289972114 0 0 0 0 0 0 0.04289972114 0 0 0 0 0 0 0.09432421685 0 0 0 0 0 0 0.0007520234411 0 0 0 0 0 0 0.0007520234411 0 0 0 0 0 0 0.001306800236
105,1785497067.905465603,map,8.4205904007,-3.7418606281,-1.4036655426,0.0508511722,0.0561570267,0.8517203414,0.5184911125,0.04308430691 0 0 0 0 0 0 0.04308430691 0 0 0 0 0 0 0.0945978261 0 0 0 0 0 0 0.00075629034 0 0 0 0 0 0 0.00075629034 0 0 0 0 0 0 0.00131242304
106,1785497068.005597353,map,8.4201965332,-3.7628862858,-1.4037638903,0.0507865449,0.0561752068,0.8516128731,0.5186719744,0.04294975416 0 0 0 0 0 0 0.04294975416 0 0 0 0 0 0 0.09439839908 0 0 0 0 0 0 0.0007531797205 0 0 0 0 0 0 0.0007531797205 0 0 0 0 0 0 0.001308324329
107,1785497068.105582476,map,8.4182853699,-3.7675063610,-1.4036527872,0.0508309591,0.0563048635,0.8516063554,0.5186642030,0.04327060163 0 0 0 0 0 0 0.04327060163 0 0 0 0 0 0 0.09487377537 0 0 0 0 0 0 0.0007605996852 0 0 0 0 0 0 0.0007605996852 0 0 0 0 0 0 0.001318097902
108,1785497068.205604553,map,8.4175758362,-3.7658634186,-1.4041435719,0.0510502098,0.0562254096,0.8514978886,0.5188294094,0.04310369633 0 0 0 0 0 0 0.04310369633 0 0 0 0 0 0 0.09462655574 0 0 0 0 0 0 0.0007567387162 0 0 0 0 0 0 0.0007567387162 0 0 0 0 0 0 0.001313013676
109,1785497068.305296183,map,8.4111175537,-3.7645719051,-1.4021452665,0.0511355330,0.0563029988,0.8515012307,0.5188071432,0.04300611453 0 0 0 0 0 0 0.04300611453 0 0 0 0 0 0 0.09448194582 0 0 0 0 0 0 0.0007544824837 0 0 0 0 0 0 0.0007544824837 0 0 0 0 0 0 0.001310041164
110,1785497068.405486584,map,8.4144487381,-3.7445173264,-1.4013473988,0.0512487096,0.0564347019,0.8516650943,0.5185125517,0.04299679625 0 0 0 0 0 0 0.04299679625 0 0 0 0 0 0 0.09446813395 0 0 0 0 0 0 0.0007542670742 0 0 0 0 0 0 0.0007542670742 0 0 0 0 0 0 0.001309757313
111,1785497068.505443335,map,8.4153480530,-3.7483587265,-1.4015978575,0.0510721975,0.0563609195,0.8516670019,0.5185348881,0.04294482609 0 0 0 0 0 0 0.04294482609 0 0 0 0 0 0 0.09439109304 0 0 0 0 0 0 0.0007530658219 0 0 0 0 0 0 0.0007530658219 0 0 0 0 0 0 0.001308174212
112,1785497068.605718613,map,8.4127111435,-3.7511484623,-1.4004194736,0.0512515720,0.0563816378,0.8515722486,0.5186704876,0.04309716775 0 0 0 0 0 0 0.04309716775 0 0 0 0 0 0 0.09461688247 0 0 0 0 0 0 0.0007565877407 0 0 0 0 0 0 0.0007565877407 0 0 0 0 0 0 0.001312814804
113,1785497068.705538273,map,8.4059572220,-3.7534472942,-1.4010246992,0.0512813035,0.0563892458,0.8514517595,0.5188644834,0.04287230691 0 0 0 0 0 0 0.04287230691 0 0 0 0 0 0 0.09428356476 0 0 0 0 0 0 0.0007513899803 0 0 0 0 0 0 0.0007513899803 0 0 0 0 0 0 0.001305965151
114,1785497068.805410624,map,8.4060983658,-3.7485675812,-1.4008352757,0.0509689211,0.0563247098,0.8515189516,0.5187920065,0.04299069003 0 0 0 0 0 0 0.04299069003 0 0 0 0 0 0 0.09445908283 0 0 0 0 0 0 0.0007541259214 0 0 0 0 0 0 0.0007541259214 0 0 0 0 0 0 0.001309571307
115,1785497068.905607224,map,8.4036083221,-3.7440721989,-1.3995479345,0.0510949760,0.0564202128,0.8515490675,0.5187198498,0.04290349872 0 0 0 0 0 0 0.04290349872 0 0 0 0 0 0 0.09432981823 0 0 0 0 0 0 0.0007521107347 0 0 0 0 0 0 0.0007521107347 0 0 0 0 0 0 0.001306915308
116,1785497069.005856991,map,8.3938531876,-3.7636015415,-1.3991827965,0.0512193567,0.0564096083,0.8514034157,0.5189477110,0.04304584805 0 0 0 0 0 0 0.04304584805 0 0 0 0 0 0 0.09454083476 0 0 0 0 0 0 0.0007554010822 0 0 0 0 0 0 0.0007554010822 0 0 0 0 0 0 0.001311251517
117,1785497069.105632782,map,8.3959188461,-3.7685739994,-1.3984342813,0.0512491434,0.0563603791,0.8513620545,0.5190180273,0.04275825514 0 0 0 0 0 0 0.04275825514 0 0 0 0 0 0 0.09411439381 0 0 0 0 0 0 0.0007487552779 0 0 0 0 0 0 0.0007487552779 0 0 0 0 0 0 0.001302490936
118,1785497069.205518246,map,8.3981256485,-3.7747251987,-1.3985468149,0.0512414978,0.0563870836,0.8513668262,0.5190080647,0.0427127917 0 0 0 0 0 0 0.0427127917 0 0 0 0 0 0 0.09404693822 0 0 0 0 0 0 0.000747705342 0 0 0 0 0 0 0.000747705342 0 0 0 0 0 0 0.00130110604
119,1785497069.305425167,map,8.4215097427,-3.7877824306,-1.4010163546,0.0511833585,0.0563812630,0.8514333923,0.5189051835,0.04276506575 0 0 0 0 0 0 0.04276506575 0 0 0 0 0 0 0.09412449793 0 0 0 0 0 0 0.0007489125779 0 0 0 0 0 0 0.0007489125779 0 0 0 0 0 0 0.001302698399
120,1785497069.505617619,map,8.4137639999,-3.7913310528,-1.4021682739,0.0510251579,0.0565345602,0.8513618478,0.5190214438,0.04319776892 0 0 0 0 0 0 0.04319776892 0 0 0 0 0 0 0.09476591486 0 0 0 0 0 0 0.0007589145779 0 0 0 0 0 0 0.0007589145779 0 0 0 0 0 0 0.001315879291
121,1785497069.605538607,map,8.4100332260,-3.7944796085,-1.4000533819,0.0511472192,0.0565046238,0.8513412543,0.5190464784,0.0428931956 0 0 0 0 0 0 0.0428931956 0 0 0 0 0 0 0.09431454064 0 0 0 0 0 0 0.0007518726497 0 0 0 0 0 0 0.0007518726497 0 0 0 0 0 0 0.001306601457
122,1785497069.705382824,map,8.3957204819,-3.7668242455,-1.4002962112,0.0518100650,0.0564844004,0.8513601006,0.5189520253,0.04299876362 0 0 0 0 0 0 0.04299876362 0 0 0 0 0 0 0.09447105009 0 0 0 0 0 0 0.000754312553 0 0 0 0 0 0 0.000754312553 0 0 0 0 0 0 0.001309817243
123,1785497069.805571318,map,8.3526687622,-3.7974076271,-1.3860050440,0.0540256246,0.0545437542,0.8518790493,0.5180813197,0.04320870076 0 0 0 0 0 0 0.04320870076 0 0 0 0 0 0 0.09478210608 0 0 0 0 0 0 0.0007591674755 0 0 0 0 0 0 0.0007591674755 0 0 0 0 0 0 0.001316212294
124,1785497069.905566454,map,8.3791303635,-3.7938613892,-1.3823639154,0.0530908421,0.0480613461,0.8515271402,0.5193967645,0.04329059967 0 0 0 0 0 0 0.04329059967 0 0 0 0 0 0 0.094903386 0 0 0 0 0 0 0.0007610624519 0 0 0 0 0 0 0.0007610624519 0 0 0 0 0 0 0.001318707077
125,1785497070.005582333,map,8.3183040619,-3.7220637798,-1.3948101997,0.0553271819,0.0445810826,0.8512648054,0.5199035085,0.0428780191 0 0 0 0 0 0 0.0428780191 0 0 0 0 0 0 0.09429203562 0 0 0 0 0 0 0.0007515219667 0 0 0 0 0 0 0.0007515219667 0 0 0 0 0 0 0.001306139155
126,1785497070.105434418,map,8.3277492523,-3.6950640678,-1.3894398212,0.0534189123,0.0426092044,0.8512884287,0.5202296088,0.04285267237 0 0 0 0 0 0 0.04285267237 0 0 0 0 0 0 0.09425444642 0 0 0 0 0 0 0.0007509363244 0 0 0 0 0 0 0.0007509363244 0 0 0 0 0 0 0.001305367049
127,1785497070.205447435,map,8.2775659561,-3.5514428616,-1.4018173218,0.0467393660,0.0468690511,0.8520933888,0.5191873976,0.04311485664 0 0 0 0 0 0 0.04311485664 0 0 0 0 0 0 0.0946430912 0 0 0 0 0 0 0.0007569968104 0 0 0 0 0 0 0.0007569968104 0 0 0 0 0 0 0.001313353638
128,1785497070.305851936,map,8.2636280060,-3.5839903355,-1.3767237663,0.0474682214,0.0482869949,0.8519246060,0.5192683422,0.04315366708 0 0 0 0 0 0 0.04315366708 0 0 0 0 0 0 0.09470058855 0 0 0 0 0 0 0.0007578944262 0 0 0 0 0 0 0.0007578944262 0 0 0 0 0 0 0.001314535872
129,1785497070.405661583,map,8.2557830811,-3.5813541412,-1.3753628731,0.0492607152,0.0476123727,0.8515758005,0.5197355829,0.04332785319 0 0 0 0 0 0 0.04332785319 0 0 0 0 0 0 0.09495854052 0 0 0 0 0 0 0.0007619246113 0 0 0 0 0 0 0.0007619246113 0 0 0 0 0 0 0.001319841884
130,1785497070.505505800,map,8.2295207977,-3.5565516949,-1.3826905489,0.0506214476,0.0495609369,0.8517354942,0.5191607839,0.04305128585 0 0 0 0 0 0 0.04305128585 0 0 0 0 0 0 0.09454889342 0 0 0 0 0 0 0.0007555268092 0 0 0 0 0 0 0.0007555268092 0 0 0 0 0 0 0.001311417162
131,1785497070.605406046,map,8.2473573685,-3.5178768635,-1.3822729588,0.0503958016,0.0522715379,0.8517834691,0.5188379753,0.04304851341 0 0 0 0 0 0 0.04304851341 0 0 0 0 0 0 0.09454478477 0 0 0 0 0 0 0.0007554627075 0 0 0 0 0 0 0.0007554627075 0 0 0 0 0 0 0.001311332708
132,1785497070.705529213,map,8.1589813232,-3.5399274826,-1.3698785305,0.0519530985,0.0537411998,0.8535721962,0.5155844022,0.04325339555 0 0 0 0 0 0 0.04325339555 0 0 0 0 0 0 0.09484829694 0 0 0 0 0 0 0.0007602015529 0 0 0 0 0 0 0.0007602015529 0 0 0 0 0 0 0.001317573775
133,1785497070.805766106,map,8.2050733566,-3.5080790520,-1.3702499866,0.0519732160,0.0540883979,0.8526857559,0.5170108638,0.04294101485 0 0 0 0 0 0 0.04294101485 0 0 0 0 0 0 0.09438544263 0 0 0 0 0 0 0.0007529777369 0 0 0 0 0 0 0.0007529777369 0 0 0 0 0 0 0.001308058115
134,1785497070.905753136,map,8.2101650238,-3.4999644756,-1.3679968119,0.0520874741,0.0544383942,0.8522157251,0.5177370799,0.04294207317 0 0 0 0 0 0 0.04294207317 0 0 0 0 0 0 0.09438701166 0 0 0 0 0 0 0.0007530021965 0 0 0 0 0 0 0.0007530021965 0 0 0 0 0 0 0.001308090353
135,1785497071.005509853,map,8.2608699799,-3.4307398796,-1.3718867302,0.0516587821,0.0555658724,0.8514270859,0.5189563683,0.04281394292 0 0 0 0 0 0 0.04281394292 0 0 0 0 0 0 0.09419700366 0 0 0 0 0 0 0.0007500415778 0 0 0 0 0 0 0.0007500415778 0 0 0 0 0 0 0.001304187282
136,1785497071.105371714,map,8.1853065491,-3.4465329647,-1.3654901981,0.0524344502,0.0552643496,0.8528572592,0.5165568442,0.0431046493 0 0 0 0 0 0 0.0431046493 0 0 0 0 0 0 0.09462796772 0 0 0 0 0 0 0.0007567607543 0 0 0 0 0 0 0.0007567607543 0 0 0 0 0 0 0.001313042705
137,1785497071.205624342,map,8.2372465134,-3.4518361092,-1.3722344637,0.0528311522,0.0554398874,0.8515132460,0.5187104345,0.04307308849 0 0 0 0 0 0 0.04307308849 0 0 0 0 0 0 0.09458120263 0 0 0 0 0 0 0.0007560309312 0 0 0 0 0 0 0.0007560309312 0 0 0 0 0 0 0.001312081308
138,1785497071.405505657,map,8.2694501877,-3.3871843815,-1.3811875582,0.0498867282,0.0555201774,0.8500662835,0.5213599324,0.04325371051 0 0 0 0 0 0 0.04325371051 0 0 0 0 0 0 0.09484876335 0 0 0 0 0 0 0.0007602088406 0 0 0 0 0 0 0.0007602088406 0 0 0 0 0 0 0.001317583369
139,1785497071.505411863,map,8.2441406250,-3.4096803665,-1.3811705112,0.0477385117,0.0568700263,0.8448133066,0.5298842658,0.04337564973 0 0 0 0 0 0 0.04337564973 0 0 0 0 0 0 0.0950292929 0 0 0 0 0 0 0.0007630309398 0 0 0 0 0 0 0.0007630309398 0 0 0 0 0 0 0.00132129785
140,1785497071.605499744,map,8.2696399689,-3.3961274624,-1.3778094053,0.0455956069,0.0593550788,0.8395392001,0.5381189049,0.04341112273 0 0 0 0 0 0 0.04341112273 0 0 0 0 0 0 0.09508179477 0 0 0 0 0 0 0.0007638521444 0 0 0 0 0 0 0.0007638521444 0 0 0 0 0 0 0.001322378419
141,1785497071.705689430,map,8.2626466751,-3.4301197529,-1.3686431646,0.0447690365,0.0607148615,0.8314585415,0.5504417523,0.04345130054 0 0 0 0 0 0 0.04345130054 0 0 0 0 0 0 0.09514125163 0 0 0 0 0 0 0.0007647823941 0 0 0 0 0 0 0.0007647823941 0 0 0 0 0 0 0.001323602306
142,1785497071.805499554,map,8.2243146896,-3.4047362804,-1.3670387268,0.0447879371,0.0618638577,0.8290719140,0.5539013234,0.04319816022 0 0 0 0 0 0 0.04319816022 0 0 0 0 0 0 0.09476649442 0 0 0 0 0 0 0.0007589236299 0 0 0 0 0 0 0.0007589236299 0 0 0 0 0 0 0.00131589121
143,1785497071.907017708,map,8.2018918991,-3.4109015465,-1.3667874336,0.0448309458,0.0635610679,0.8290848326,0.5536863264,0.04302739903 0 0 0 0 0 0 0.04302739903 0 0 0 0 0 0 0.09451349261 0 0 0 0 0 0 0.0007549745428 0 0 0 0 0 0 0.0007549745428 0 0 0 0 0 0 0.001310689527
144,1785497072.005706310,map,8.2003860474,-3.2906892300,-1.3624320030,0.0433132677,0.0641637722,0.8283583948,0.5548236572,0.04311777592 0 0 0 0 0 0 0.04311777592 0 0 0 0 0 0 0.09464741639 0 0 0 0 0 0 0.0007570643237 0 0 0 0 0 0 0.0007570643237 0 0 0 0 0 0 0.001313442565
145,1785497072.105653048,map,8.1072444916,-3.3246884346,-1.3548340797,0.0422221824,0.0634159544,0.8252711451,0.5595742004,0.04321004032 0 0 0 0 0 0 0.04321004032 0 0 0 0 0 0 0.09478409007 0 0 0 0 0 0 0.0007591984657 0 0 0 0 0 0 0.0007591984657 0 0 0 0 0 0 0.001316253099
146,1785497072.205528498,map,8.1223573685,-3.3380651474,-1.3486022949,0.0436150164,0.0606710645,0.8249554854,0.5602367287,0.04333993399 0 0 0 0 0 0 0.04333993399 0 0 0 0 0 0 0.09497642472 0 0 0 0 0 0 0.000762204223 0 0 0 0 0 0 0.000762204223 0 0 0 0 0 0 0.001320209887
147,1785497072.305508375,map,8.1662864685,-3.2942128181,-1.3520319462,0.0423769842,0.0553939261,0.8239014527,0.5624252243,0.04314957085 0 0 0 0 0 0 0.04314957085 0 0 0 0 0 0 0.09469452042 0 0 0 0 0 0 0.0007577996818 0 0 0 0 0 0 0.0007577996818 0 0 0 0 0 0 0.001314411094
148,1785497072.405422688,map,8.0925588608,-3.2584259510,-1.3498533964,0.0380832837,0.0525808919,0.8251660419,0.5611469566,0.04337471912 0 0 0 0 0 0 0.04337471912 0 0 0 0 0 0 0.09502791545 0 0 0 0 0 0 0.0007630093975 0 0 0 0 0 0 0.0007630093975 0 0 0 0 0 0 0.001321269502
149,1785497072.505682230,map,8.1031665802,-3.2106680870,-1.3544555902,0.0378041747,0.0542044675,0.8252962503,0.5608197654,0.04325990623 0 0 0 0 0 0 0.04325990623 0 0 0 0 0 0 0.09485793802 0 0 0 0 0 0 0.0007603522008 0 0 0 0 0 0 0.0007603522008 0 0 0 0 0 0 0.001317772102
150,1785497072.605579853,map,8.0514211655,-3.1983227730,-1.3448822498,0.0361314798,0.0596665764,0.8270649774,0.5577615060,0.04297944712 0 0 0 0 0 0 0.04297944712 0 0 0 0 0 0 0.09444241716 0 0 0 0 0 0 0.000753866036 0 0 0 0 0 0 0.000753866036 0 0 0 0 0 0 0.001309228829
151,1785497072.705433369,map,8.0658569336,-3.1472210884,-1.3481229544,0.0350073111,0.0620672968,0.8285253574,0.5553988476,0.04325123449 0 0 0 0 0 0 0.04325123449 0 0 0 0 0 0 0.09484509678 0 0 0 0 0 0 0.0007601515499 0 0 0 0 0 0 0.0007601515499 0 0 0 0 0 0 0.001317507945
152,1785497072.805423975,map,8.0308685303,-3.0814752579,-1.3363572359,0.0387171425,0.0600478045,0.8293586037,0.5541295281,0.04313458715 0 0 0 0 0 0 0.04313458715 0 0 0 0 0 0 0.09467232283 0 0 0 0 0 0 0.0007574531255 0 0 0 0 0 0 0.0007574531255 0 0 0 0 0 0 0.001313954664
153,1785497072.905470371,map,8.0055990219,-3.0716516972,-1.3225473166,0.0363494782,0.0633143854,0.8298592210,0.5531759891,0.04306769219 0 0 0 0 0 0 0.04306769219 0 0 0 0 0 0 0.09457320613 0 0 0 0 0 0 0.0007559061538 0 0 0 0 0 0 0.0007559061538 0 0 0 0 0 0 0.001311916927
154,1785497073.005629063,map,7.9576401711,-2.8729014397,-1.3422977924,0.0421554540,0.0627168441,0.8271013437,0.5569496234,0.04302983415 0 0 0 0 0 0 0.04302983415 0 0 0 0 0 0 0.09451710166 0 0 0 0 0 0 0.0007550308409 0 0 0 0 0 0 0.0007550308409 0 0 0 0 0 0 0.001310763705
155,1785497073.105459213,map,7.9831504822,-2.7844007015,-1.3299267292,0.0454206244,0.0603900629,0.8250566555,0.5599745643,0.04315022418 0 0 0 0 0 0 0.04315022418 0 0 0 0 0 0 0.09469548826 0 0 0 0 0 0 0.0007578147928 0 0 0 0 0 0 0.0007578147928 0 0 0 0 0 0 0.001314430995
156,1785497073.205421686,map,7.9271841049,-2.8374404907,-1.3256845474,0.0469678696,0.0602648632,0.8233976526,0.5622974998,0.042976157 0 0 0 0 0 0 0.042976157 0 0 0 0 0 0 0.09443754 0 0 0 0 0 0 0.0007537899852 0 0 0 0 0 0 0.0007537899852 0 0 0 0 0 0 0.001309128606
157,1785497073.305598259,map,7.9764261246,-2.7630884647,-1.3314437866,0.0476931869,0.0570626587,0.8217656154,0.5649517721,0.04301311005 0 0 0 0 0 0 0.04301311005 0 0 0 0 0 0 0.0944923145 0 0 0 0 0 0 0.0007546442032 0 0 0 0 0 0 0.0007546442032 0 0 0 0 0 0 0.00131025426
158,1785497073.405668974,map,7.9414744377,-2.7538599968,-1.3268171549,0.0509766568,0.0550203422,0.8194244988,0.5682584142,0.04293740968 0 0 0 0 0 0 0.04293740968 0 0 0 0 0 0 0.09438009767 0 0 0 0 0 0 0.0007528944158 0 0 0 0 0 0 0.0007528944158 0 0 0 0 0 0 0.001307948295
159,1785497073.605350971,map,7.8645153046,-2.6942467690,-1.3200830221,0.0528943214,0.0557706750,0.8238884855,0.5615153967,0.0432832987 0 0 0 0 0 0 0.0432832987 0 0 0 0 0 0 0.09489257589 0 0 0 0 0 0 0.0007608934991 0 0 0 0 0 0 0.0007608934991 0 0 0 0 0 0 0.001318484677
160,1785497073.705525160,map,7.8242259026,-2.6746923923,-1.3134516478,0.0577631773,0.0570401103,0.8260799557,0.5576753202,0.04306731201 0 0 0 0 0 0 0.04306731201 0 0 0 0 0 0 0.09457264276 0 0 0 0 0 0 0.0007558973632 0 0 0 0 0 0 0.0007558973632 0 0 0 0 0 0 0.001311905346
161,1785497073.805709839,map,7.8585462570,-2.6785962582,-1.3173296452,0.0609906891,0.0560909973,0.8297080126,0.5520131693,0.04300292455 0 0 0 0 0 0 0.04300292455 0 0 0 0 0 0 0.09447721757 0 0 0 0 0 0 0.0007544087404 0 0 0 0 0 0 0.0007544087404 0 0 0 0 0 0 0.001309943992
162,1785497073.905567169,map,7.8559060097,-2.6739962101,-1.3149752617,0.0611233340,0.0562579274,0.8300069284,0.5515319497,0.043165432 0 0 0 0 0 0 0.043165432 0 0 0 0 0 0 0.09471801651 0 0 0 0 0 0 0.0007581665528 0 0 0 0 0 0 0.0007581665528 0 0 0 0 0 0 0.001314894252
163,1785497074.005388737,map,7.8394794464,-2.6426756382,-1.3036147356,0.0596998905,0.0531730041,0.8308403782,0.5507384277,0.042822492 0 0 0 0 0 0 0.042822492 0 0 0 0 0 0 0.09420968422 0 0 0 0 0 0 0.0007502390717 0 0 0 0 0 0 0.0007502390717 0 0 0 0 0 0 0.001304447702
164,1785497074.105341434,map,7.7693247795,-2.5395472050,-1.3032969236,0.0616294070,0.0500568175,0.8328379113,0.5477929041,0.04288167573 0 0 0 0 0 0 0.04288167573 0 0 0 0 0 0 0.0942974581 0 0 0 0 0 0 0.0007516064585 0 0 0 0 0 0 0.0007516064585 0 0 0 0 0 0 0.001306250542
165,1785497074.205655098,map,7.7692375183,-2.5105628967,-1.2933604717,0.0695041637,0.0475825904,0.8336631557,0.5458120643,0.04318051433 0 0 0 0 0 0 0.04318051433 0 0 0 0 0 0 0.09474035761 0 0 0 0 0 0 0.0007585154297 0 0 0 0 0 0 0.0007585154297 0 0 0 0 0 0 0.001315353686
166,1785497074.305424929,map,7.7482995987,-2.4483599663,-1.2835333347,0.0724309129,0.0474731360,0.8372215377,0.5399631288,0.04301014823 0 0 0 0 0 0 0.04301014823 0 0 0 0 0 0 0.09448792457 0 0 0 0 0 0 0.0007545757327 0 0 0 0 0 0 0.0007545757327 0 0 0 0 0 0 0.001310164038
167,1785497074.405412912,map,7.7415537834,-2.4605948925,-1.2917951345,0.0729497572,0.0494846190,0.8400627671,0.5352795174,0.04302426732 0 0 0 0 0 0 0.04302426732 0 0 0 0 0 0 0.09450885111 0 0 0 0 0 0 0.0007549021409 0 0 0 0 0 0 0.0007549021409 0 0 0 0 0 0 0.00131059413
168,1785497074.505369186,map,7.7294197083,-2.4610264301,-1.2830972672,0.0736458346,0.0491495912,0.8412016736,0.5334232211,0.04312692267 0 0 0 0 0 0 0.04312692267 0 0 0 0 0 0 0.09466096783 0 0 0 0 0 0 0.0007572758623 0 0 0 0 0 0 0.0007572758623 0 0 0 0 0 0 0.001313721191
169,1785497074.605573416,map,7.7398753166,-2.4428465366,-1.2794470787,0.0755083653,0.0477864670,0.8411567528,0.5333575699,0.04290481625 0 0 0 0 0 0 0.04290481625 0 0 0 0 0 0 0.09433177185 0 0 0 0 0 0 0.000752141181 0 0 0 0 0 0 0.000752141181 0 0 0 0 0 0 0.001306955442
170,1785497074.705606937,map,7.7524108887,-2.4150364399,-1.2841509581,0.0744641323,0.0448605551,0.8411072999,0.5338362962,0.04296520877 0 0 0 0 0 0 0.04296520877 0 0 0 0 0 0 0.09442131026 0 0 0 0 0 0 0.000753536925 0 0 0 0 0 0 0.000753536925 0 0 0 0 0 0 0.001308795104
171,1785497074.805516481,map,7.7634282112,-2.3729412556,-1.2746783495,0.0737375191,0.0399607483,0.8388508032,0.5378617167,0.04301820495 0 0 0 0 0 0 0.04301820495 0 0 0 0 0 0 0.09449986594 0 0 0 0 0 0 0.0007547619877 0 0 0 0 0 0 0.0007547619877 0 0 0 0 0 0 0.00131040946
172,1785497074.905416250,map,7.7423796654,-2.3303458691,-1.2728518248,0.0690049927,0.0389051131,0.8335019659,0.5468081638,0.04311863381 0 0 0 0 0 0 0.04311863381 0 0 0 0 0 0 0.09464868741 0 0 0 0 0 0 0.0007570841638 0 0 0 0 0 0 0.0007570841638 0 0 0 0 0 0 0.001313468697
173,1785497075.005427122,map,7.7284884453,-2.2359590530,-1.2741792202,0.0666016880,0.0382261512,0.8301517327,0.5522237650,0.04292444138 0 0 0 0 0 0 0.04292444138 0 0 0 0 0 0 0.09436087046 0 0 0 0 0 0 0.0007525947072 0 0 0 0 0 0 0.0007525947072 0 0 0 0 0 0 0.001307553258
174,1785497075.105987787,map,7.6744179726,-2.2336449623,-1.2707363367,0.0674925259,0.0401600099,0.8303355991,0.5517016289,0.04294366075 0 0 0 0 0 0 0.04294366075 0 0 0 0 0 0 0.09438936535 0 0 0 0 0 0 0.0007530388884 0 0 0 0 0 0 0.0007530388884 0 0 0 0 0 0 0.001308138713
175,1785497075.205539703,map,7.6866383553,-2.2130992413,-1.2737576962,0.0682705020,0.0412117877,0.8286625945,0.5540388169,0.0432011318 0 0 0 0 0 0 0.0432011318 0 0 0 0 0 0 0.09477089572 0 0 0 0 0 0 0.0007589923738 0 0 0 0 0 0 0.0007589923738 0 0 0 0 0 0 0.00131598173
176,1785497075.305404425,map,7.6661610603,-2.2084307671,-1.2646938562,0.0707757148,0.0404205369,0.8256504050,0.5582636945,0.04313322213 0 0 0 0 0 0 0.04313322213 0 0 0 0 0 0 0.09467030056 0 0 0 0 0 0 0.0007574215551 0 0 0 0 0 0 0.0007574215551 0 0 0 0 0 0 0.001313913083
177,1785497075.405414104,map,7.6867699623,-2.1959166527,-1.2624727488,0.0719120138,0.0396977105,0.8239828058,0.5606291707,0.04301545778 0 0 0 0 0 0 0.04301545778 0 0 0 0 0 0 0.09449579422 0 0 0 0 0 0 0.000754698478 0 0 0 0 0 0 0.000754698478 0 0 0 0 0 0 0.001310325776
178,1785497075.505567551,map,7.6216583252,-2.2139031887,-1.2602924109,0.0711005573,0.0396583571,0.8204827248,0.5658444545,0.04310353532 0 0 0 0 0 0 0.04310353532 0 0 0 0 0 0 0.09462631718 0 0 0 0 0 0 0.0007567349928 0 0 0 0 0 0 0.0007567349928 0 0 0 0 0 0 0.001313008771
179,1785497075.605616808,map,7.6974368095,-2.1413254738,-1.2663923502,0.0670179792,0.0426111629,0.8177263279,0.5701022218,0.04298396805 0 0 0 0 0 0 0.04298396805 0 0 0 0 0 0 0.09444911874 0 0 0 0 0 0 0.0007539705381 0 0 0 0 0 0 0.0007539705381 0 0 0 0 0 0 0.001309366544
180,1785497075.705533266,map,7.6714692116,-2.1156606674,-1.2583478689,0.0608998958,0.0459202660,0.8131296091,0.5770639400,0.04288073663 0 0 0 0 0 0 0.04288073663 0 0 0 0 0 0 0.09429606549 0 0 0 0 0 0 0.000751584759 0 0 0 0 0 0 0.000751584759 0 0 0 0 0 0 0.001306221935
181,1785497075.805398941,map,7.6093349457,-2.0714154243,-1.2511483431,0.0585367202,0.0477280234,0.8062104995,0.5867879608,0.0431397898 0 0 0 0 0 0 0.0431397898 0 0 0 0 0 0 0.09468003044 0 0 0 0 0 0 0.0007575734549 0 0 0 0 0 0 0.0007575734549 0 0 0 0 0 0 0.001314113146
182,1785497076.005600214,map,7.6445994377,-2.0446672440,-1.2520767450,0.0488859228,0.0578219303,0.7960860262,0.6004280379,0.04300478819 0 0 0 0 0 0 0.04300478819 0 0 0 0 0 0 0.09447997991 0 0 0 0 0 0 0.0007544518225 0 0 0 0 0 0 0.0007544518225 0 0 0 0 0 0 0.001310000762
183,1785497076.105404615,map,7.5618972778,-2.0277602673,-1.2455427647,0.0453553635,0.0591872814,0.7894857232,0.6092224847,0.04285187483 0 0 0 0 0 0 0.04285187483 0 0 0 0 0 0 0.09425326362 0 0 0 0 0 0 0.0007509178981 0 0 0 0 0 0 0.0007509178981 0 0 0 0 0 0 0.001305342754
184,1785497076.205360651,map,7.5277843475,-2.0010750294,-1.2468240261,0.0422205843,0.0631025256,0.7808626408,0.6200717909,0.04301661927 0 0 0 0 0 0 0.04301661927 0 0 0 0 0 0 0.09449751573 0 0 0 0 0 0 0.0007547253295 0 0 0 0 0 0 0.0007547253295 0 0 0 0 0 0 0.001310361157
185,1785497076.305521011,map,7.5222644806,-2.0204739571,-1.2417994738,0.0405601591,0.0657162834,0.7706617506,0.6325477706,0.04281941489 0 0 0 0 0 0 0.04281941489 0 0 0 0 0 0 0.09420512009 0 0 0 0 0 0 0.0007501679861 0 0 0 0 0 0 0.0007501679861 0 0 0 0 0 0 0.001304353968
186,1785497076.505436420,map,7.5343379974,-1.9312460423,-1.2439032793,0.0405816445,0.0653242313,0.7556227497,0.6504768223,0.04276583852 0 0 0 0 0 0 0.04276583852 0 0 0 0 0 0 0.09412564438 0 0 0 0 0 0 0.0007489304263 0 0 0 0 0 0 0.0007489304263 0 0 0 0 0 0 0.001302721939
187,1785497076.605355978,map,7.5074801445,-1.9503155947,-1.2409890890,0.0398000465,0.0651806073,0.7477163063,0.6596118118,0.04306439082 0 0 0 0 0 0 0.04306439082 0 0 0 0 0 0 0.09456831392 0 0 0 0 0 0 0.0007558298183 0 0 0 0 0 0 0.0007558298183 0 0 0 0 0 0 0.001311816362
188,1785497076.705473423,map,7.5204033852,-1.9623159170,-1.2388700247,0.0396792317,0.0650034443,0.7426885445,0.6652922953,0.04314316245 0 0 0 0 0 0 0.04314316245 0 0 0 0 0 0 0.09468502685 0 0 0 0 0 0 0.0007576514602 0 0 0 0 0 0 0.0007576514602 0 0 0 0 0 0 0.001314215883
189,1785497076.805614710,map,7.4971656799,-1.9427552223,-1.2402110100,0.0391075233,0.0657448858,0.7357165634,0.6729556807,0.04294175561 0 0 0 0 0 0 0.04294175561 0 0 0 0 0 0 0.09438654086 0 0 0 0 0 0 0.0007529948571 0 0 0 0 0 0 0.0007529948571 0 0 0 0 0 0 0.001308080679
190,1785497076.905428886,map,7.5291519165,-1.9434070587,-1.2404683828,0.0393133366,0.0658733918,0.7298070600,0.6793355702,0.04305369268 0 0 0 0 0 0 0.04305369268 0 0 0 0 0 0 0.09455246022 0 0 0 0 0 0 0.000755582458 0 0 0 0 0 0 0.000755582458 0 0 0 0 0 0 0.001311490478
191,1785497077.005359650,map,7.5247178078,-1.8951134682,-1.2503650188,0.0367951840,0.0672909420,0.7249916971,0.6844743241,0.04283602539 0 0 0 0 0 0 0.04283602539 0 0 0 0 0 0 0.09422975699 0 0 0 0 0 0 0.000750551722 0 0 0 0 0 0 0.000750551722 0 0 0 0 0 0 0.001304859953
192,1785497077.205591679,map,7.5199704170,-1.8877891302,-1.2408142090,0.0351744194,0.0689308538,0.7218734698,0.6876845302,0.04283075409 0 0 0 0 0 0 0.04283075409 0 0 0 0 0 0 0.09422193871 0 0 0 0 0 0 0.0007504299419 0 0 0 0 0 0 0.0007504299419 0 0 0 0 0 0 0.00130469938
193,1785497077.305471897,map,7.5115032196,-1.8932696581,-1.2288746834,0.0316441012,0.0685992568,0.7167216228,0.6932553076,0.04324402108 0 0 0 0 0 0 0.04324402108 0 0 0 0 0 0 0.09483441473 0 0 0 0 0 0 0.0007599846473 0 0 0 0 0 0 0.0007599846473 0 0 0 0 0 0 0.001317288212
194,1785497077.405344009,map,7.4932141304,-1.8497810364,-1.2409830093,0.0289015379,0.0720334215,0.7075585652,0.7023793538,0.0432468268 0 0 0 0 0 0 0.0432468268 0 0 0 0 0 0 0.09483856963 0 0 0 0 0 0 0.000760049565 0 0 0 0 0 0 0.000760049565 0 0 0 0 0 0 0.001317373679
195,1785497077.505390882,map,7.5157537460,-1.8174326420,-1.2415751219,0.0280359033,0.0738158820,0.7007283142,0.7090451349,0.04300386645 0 0 0 0 0 0 0.04300386645 0 0 0 0 0 0 0.09447861368 0 0 0 0 0 0 0.0007544305143 0 0 0 0 0 0 0.0007544305143 0 0 0 0 0 0 0.001309972684
196,1785497077.605606794,map,7.5016078949,-1.8343212605,-1.2354854345,0.0260740676,0.0744003957,0.6970516308,0.7126736605,0.04297166466 0 0 0 0 0 0 0.04297166466 0 0 0 0 0 0 0.0944308806 0 0 0 0 0 0 0.0007536861469 0 0 0 0 0 0 0.0007536861469 0 0 0 0 0 0 0.001308991761
197,1785497077.705482244,map,7.5054445267,-1.7556642294,-1.2370610237,0.0269688576,0.0763977392,0.6885479871,0.7206509153,0.04287436066 0 0 0 0 0 0 0.04287436066 0 0 0 0 0 0 0.09428661038 0 0 0 0 0 0 0.0007514374342 0 0 0 0 0 0 0.0007514374342 0 0 0 0 0 0 0.001306027712
198,1785497077.805340528,map,7.5259633064,-1.7458486557,-1.2398710251,0.0256665410,0.0761867637,0.6868384539,0.7223501459,0.0427636835 0 0 0 0 0 0 0.0427636835 0 0 0 0 0 0 0.09412244727 0 0 0 0 0 0 0.0007488806527 0 0 0 0 0 0 0.0007488806527 0 0 0 0 0 0 0.001302656293
199,1785497078.005592346,map,7.4910597801,-1.8042169809,-1.2363713980,0.0233402421,0.0796057318,0.6801616792,0.7283530974,0.04275375293 0 0 0 0 0 0 0.04275375293 0 0 0 0 0 0 0.09410771425 0 0 0 0 0 0 0.0007486512955 0 0 0 0 0 0 0.0007486512955 0 0 0 0 0 0 0.00130235379
200,1785497078.105507135,map,7.5465378761,-1.8275688887,-1.2416528463,0.0230804612,0.0806784242,0.6714585185,0.7362755977,0.04284592766 0 0 0 0 0 0 0.04284592766 0 0 0 0 0 0 0.09424444341 0 0 0 0 0 0 0.0007507804956 0 0 0 0 0 0 0.0007507804956 0 0 0 0 0 0 0.001305161593
201,1785497078.205921650,map,7.5513958931,-1.7954167128,-1.2393711805,0.0228756325,0.0796946715,0.6704919675,0.7372692845,0.04321291128 0 0 0 0 0 0 0.04321291128 0 0 0 0 0 0 0.09478834214 0 0 0 0 0 0 0.0007592648848 0 0 0 0 0 0 0.0007592648848 0 0 0 0 0 0 0.001316340554
202,1785497078.305381536,map,7.5296864510,-1.7471821308,-1.2420903444,0.0227776919,0.0807217470,0.6704877504,0.7371644221,0.04290606441 0 0 0 0 0 0 0.04290606441 0 0 0 0 0 0 0.09433362258 0 0 0 0 0 0 0.0007521700243 0 0 0 0 0 0 0.0007521700243 0 0 0 0 0 0 0.001306993463
203,1785497078.405627489,map,7.5232477188,-1.7219756842,-1.2346584797,0.0218872118,0.0819360873,0.6713772720,0.7362472201,0.04281743927 0 0 0 0 0 0 0.04281743927 0 0 0 0 0 0 0.09420218973 0 0 0 0 0 0 0.0007501223469 0 0 0 0 0 0 0.0007501223469 0 0 0 0 0 0 0.001304293787
204,1785497078.505529404,map,7.5337524414,-1.6980931759,-1.2343485355,0.0188885130,0.0810939374,0.6711880881,0.7365958969,0.04297514773 0 0 0 0 0 0 0.04297514773 0 0 0 0 0 0 0.09443604387 0 0 0 0 0 0 0.0007537666562 0 0 0 0 0 0 0.0007537666562 0 0 0 0 0 0 0.001309097862
205,1785497078.605396271,map,7.6023354530,-1.6453307867,-1.2377704382,0.0160311761,0.0775509412,0.6678550651,0.7400665319,0.04284210066 0 0 0 0 0 0 0.04284210066 0 0 0 0 0 0 0.09423876752 0 0 0 0 0 0 0.000750692079 0 0 0 0 0 0 0.000750692079 0 0 0 0 0 0 0.001305045016
206,1785497078.705296278,map,7.5616073608,-1.6410194635,-1.2501429319,0.0117804243,0.0794190728,0.6679043752,0.7399037561,0.0427504562 0 0 0 0 0 0 0.0427504562 0 0 0 0 0 0 0.0941028231 0 0 0 0 0 0 0.000748575156 0 0 0 0 0 0 0.000748575156 0 0 0 0 0 0 0.001302253366
207,1785497078.805564165,map,7.5357046127,-1.6746762991,-1.2402126789,0.0124449176,0.0787334637,0.6690074842,0.7389689830,0.04293349319 0 0 0 0 0 0 0.04293349319 0 0 0 0 0 0 0.09437429106 0 0 0 0 0 0 0.0007528039009 0 0 0 0 0 0 0.0007528039009 0 0 0 0 0 0 0.001307828992
208,1785497078.905773878,map,7.4996843338,-1.6717059612,-1.2395129204,0.0136515393,0.0784324747,0.6707942856,0.7373581216,0.0430155018 0 0 0 0 0 0 0.0430155018 0 0 0 0 0 0 0.09449585947 0 0 0 0 0 0 0.0007546994957 0 0 0 0 0 0 0.0007546994957 0 0 0 0 0 0 0.001310327117
209,1785497079.005425453,map,7.5617375374,-1.6013621092,-1.2399111986,0.0128419654,0.0767501076,0.6736800850,0.7349147018,0.0429838352 0 0 0 0 0 0 0.0429838352 0 0 0 0 0 0 0.09444892182 0 0 0 0 0 0 0.0007539674673 0 0 0 0 0 0 0.0007539674673 0 0 0 0 0 0 0.001309362497
210,1785497079.105295420,map,7.5076923370,-1.6264952421,-1.2339996099,0.0125577406,0.0762025164,0.6773592021,0.7315873134,0.04286850114 0 0 0 0 0 0 0.04286850114 0 0 0 0 0 0 0.09427792091 0 0 0 0 0 0 0.0007513020454 0 0 0 0 0 0 0.0007513020454 0 0 0 0 0 0 0.001305849221
211,1785497079.205484390,map,7.5585794449,-1.5912371874,-1.2415231466,0.0128314105,0.0754378603,0.6808845255,0.7283822927,0.04297372935 0 0 0 0 0 0 0.04297372935 0 0 0 0 0 0 0.09443394129 0 0 0 0 0 0 0.000753733871 0 0 0 0 0 0 0.000753733871 0 0 0 0 0 0 0.001309054655
212,1785497079.305796385,map,7.5233430862,-1.6128830910,-1.2383617163,0.0129016610,0.0755653311,0.6844276584,0.7250394522,0.04327144692 0 0 0 0 0 0 0.04327144692 0 0 0 0 0 0 0.09487502702 0 0 0 0 0 0 0.0007606192449 0 0 0 0 0 0 0.0007606192449 0 0 0 0 0 0 0.001318123651
213,1785497079.405495644,map,7.5253419876,-1.6041350365,-1.2377982140,0.0143805896,0.0755232337,0.6852214581,0.7242658301,0.04304575616 0 0 0 0 0 0 0.04304575616 0 0 0 0 0 0 0.09454069857 0 0 0 0 0 0 0.0007553989576 0 0 0 0 0 0 0.0007553989576 0 0 0 0 0 0 0.001311248717
214,1785497079.505350351,map,7.6242547035,-1.4991059303,-1.2535742521,0.0188015635,0.0778788300,0.6895511473,0.7197920518,0.04297289119 0 0 0 0 0 0 0.04297289119 0 0 0 0 0 0 0.09443269881 0 0 0 0 0 0 0.0007537144975 0 0 0 0 0 0 0.0007537144975 0 0 0 0 0 0 0.001309029124
215,1785497079.705617189,map,7.5800065994,-1.4349652529,-1.2425971031,0.0143572438,0.0759157588,0.7005356598,0.7094226142,0.04292493111 0 0 0 0 0 0 0.04292493111 0 0 0 0 0 0 0.09436159657 0 0 0 0 0 0 0.000752606025 0 0 0 0 0 0 0.000752606025 0 0 0 0 0 0 0.001307568176
216,1785497079.805525780,map,7.5200071335,-1.4476130009,-1.2453447580,0.0149725992,0.0758218685,0.7052290841,0.7047544431,0.04272000245 0 0 0 0 0 0 0.04272000245 0 0 0 0 0 0 0.09405763781 0 0 0 0 0 0 0.0007478718555 0 0 0 0 0 0 0.0007478718555 0 0 0 0 0 0 0.001301325692
217,1785497079.905348301,map,7.5178055763,-1.4430741072,-1.2417277098,0.0155828261,0.0752927859,0.7061508724,0.7038743603,0.04281797298 0 0 0 0 0 0 0.04281797298 0 0 0 0 0 0 0.09420298137 0 0 0 0 0 0 0.0007501346763 0 0 0 0 0 0 0.0007501346763 0 0 0 0 0 0 0.001304310045
218,1785497080.005341530,map,7.5677537918,-1.3992840052,-1.2398060560,0.0156667681,0.0714959127,0.7088966436,0.7015043978,0.04275476319 0 0 0 0 0 0 0.04275476319 0 0 0 0 0 0 0.0941092131 0 0 0 0 0 0 0.0007486746281 0 0 0 0 0 0 0.0007486746281 0 0 0 0 0 0 0.001302384565
219,1785497080.105556965,map,7.5427989960,-1.3192526102,-1.2474424839,0.0176710826,0.0676607121,0.7098990884,0.7008231026,0.04281024553 0 0 0 0 0 0 0.04281024553 0 0 0 0 0 0 0.09419151933 0 0 0 0 0 0 0.0007499561658 0 0 0 0 0 0 0.0007499561658 0 0 0 0 0 0 0.001304074653
220,1785497080.205499411,map,7.5228700638,-1.2943378687,-1.2487648726,0.0175652800,0.0697924221,0.7126625492,0.6978055259,0.0429619761 0 0 0 0 0 0 0.0429619761 0 0 0 0 0 0 0.09441651799 0 0 0 0 0 0 0.0007534622061 0 0 0 0 0 0 0.0007534622061 0 0 0 0 0 0 0.001308696631
221,1785497080.305373669,map,7.5461354256,-1.2693545818,-1.2417299747,0.0148047059,0.0672299548,0.7119581255,0.6988394680,0.04273047588 0 0 0 0 0 0 0.04273047588 0 0 0 0 0 0 0.0940731782 0 0 0 0 0 0 0.0007481137205 0 0 0 0 0 0 0.0007481137205 0 0 0 0 0 0 0.001301644731
222,1785497080.405324221,map,7.5871696472,-1.1716709137,-1.2582442760,0.0132498377,0.0615773465,0.7135223358,0.6977954829,0.04289154931 0 0 0 0 0 0 0.04289154931 0 0 0 0 0 0 0.09431209944 0 0 0 0 0 0 0.0007518346079 0 0 0 0 0 0 0.0007518346079 0 0 0 0 0 0 0.001306551308
223,1785497080.505463362,map,7.5627870560,-1.1463509798,-1.2608567476,0.0155686989,0.0592135076,0.7194836623,0.6918053378,0.04308030995 0 0 0 0 0 0 0.04308030995 0 0 0 0 0 0 0.09459190348 0 0 0 0 0 0 0.0007561979152 0 0 0 0 0 0 0.0007561979152 0 0 0 0 0 0 0.001312301286
224,1785497080.605595589,map,7.5312933922,-1.1153473854,-1.2680988312,0.0169166556,0.0618194703,0.7254627748,0.6852707171,0.04292055035 0 0 0 0 0 0 0.04292055035 0 0 0 0 0 0 0.09435510132 0 0 0 0 0 0 0.000752504785 0 0 0 0 0 0 0.000752504785 0 0 0 0 0 0 0.00130743473
225,1785497080.705427170,map,7.5377492905,-1.0965911150,-1.2684999704,0.0195760458,0.0647785130,0.7315630863,0.6784069657,0.04278565418 0 0 0 0 0 0 0.04278565418 0 0 0 0 0 0 0.09415504101 0 0 0 0 0 0 0.0007493881191 0 0 0 0 0 0 0.0007493881191 0 0 0 0 0 0 0.001303325558
226,1785497080.805308104,map,7.5224189758,-1.0658195019,-1.2627065182,0.0202802248,0.0651292071,0.7352476375,0.6743573225,0.04278705033 0 0 0 0 0 0 0.04278705033 0 0 0 0 0 0 0.09415711213 0 0 0 0 0 0 0.000749420368 0 0 0 0 0 0 0.000749420368 0 0 0 0 0 0 0.001303368087
227,1785497080.905375481,map,7.5213513374,-1.0283805132,-1.2640656233,0.0243438210,0.0646479983,0.7404729660,0.6685265783,0.04295635377 0 0 0 0 0 0 0.04295635377 0 0 0 0 0 0 0.09440818305 0 0 0 0 0 0 0.0007533322557 0 0 0 0 0 0 0.0007533322557 0 0 0 0 0 0 0.001308525365
228,1785497081.005618334,map,7.5539407730,-0.9386278391,-1.2756762505,0.0194951284,0.0716325276,0.7460010274,0.6617938939,0.04303340535 0 0 0 0 0 0 0.04303340535 0 0 0 0 0 0 0.09452239442 0 0 0 0 0 0 0.0007551134051 0 0 0 0 0 0 0.0007551134051 0 0 0 0 0 0 0.00131087249
229,1785497081.105479717,map,7.5070381165,-0.9391456842,-1.2584488392,0.0181901466,0.0740075779,0.7478507671,0.6594779731,0.0428573031 0 0 0 0 0 0 0.0428573031 0 0 0 0 0 0 0.09426131407 0 0 0 0 0 0 0.0007510433145 0 0 0 0 0 0 0.0007510433145 0 0 0 0 0 0 0.001305508109
230,1785497081.205339670,map,7.5597677231,-0.8755276799,-1.2557684183,0.0078527801,0.0704303182,0.7458860573,0.6622929009,0.04280646173 0 0 0 0 0 0 0.04280646173 0 0 0 0 0 0 0.09418590673 0 0 0 0 0 0 0.0007498687585 0 0 0 0 0 0 0.0007498687585 0 0 0 0 0 0 0.001303959392
231,1785497081.305310488,map,7.5504045486,-0.8593031168,-1.2746584415,-0.0032230702,0.0677502215,0.7430151490,0.6658288283,0.04311293057 0 0 0 0 0 0 0.04311293057 0 0 0 0 0 0 0.09464023753 0 0 0 0 0 0 0.0007569522673 0 0 0 0 0 0 0.0007569522673 0 0 0 0 0 0 0.001313294967
232,1785497081.405517817,map,7.5175614357,-0.7913823128,-1.2814978361,-0.0032730294,0.0665530839,0.7418989543,0.6671925896,0.04290938573 0 0 0 0 0 0 0.04290938573 0 0 0 0 0 0 0.0943385473 0 0 0 0 0 0 0.0007522467762 0 0 0 0 0 0 0.0007522467762 0 0 0 0 0 0 0.001307094636
233,1785497081.505539656,map,7.5574817657,-0.7786743641,-1.2674418688,-0.0095033764,0.0687313764,0.7396443397,0.6694116401,0.04280322138 0 0 0 0 0 0 0.04280322138 0 0 0 0 0 0 0.0941811002 0 0 0 0 0 0 0.0007497939065 0 0 0 0 0 0 0.0007497939065 0 0 0 0 0 0 0.001303860686
234,1785497081.605306625,map,7.5110907555,-0.7104076147,-1.2631828785,-0.0098088770,0.0571574473,0.7389504752,0.6712592819,0.04307398819 0 0 0 0 0 0 0.04307398819 0 0 0 0 0 0 0.09458253584 0 0 0 0 0 0 0.0007560517352 0 0 0 0 0 0 0.0007560517352 0 0 0 0 0 0 0.001312108714
235,1785497081.705315351,map,7.4450850487,-0.6936739087,-1.2810431719,-0.0021609560,0.0554045158,0.7398937337,0.6704348999,0.04270413478 0 0 0 0 0 0 0.04270413478 0 0 0 0 0 0 0.09403409232 0 0 0 0 0 0 0.0007475054385 0 0 0 0 0 0 0.0007475054385 0 0 0 0 0 0 0.001300842335
236,1785497081.805595160,map,7.4938464165,-0.6250528693,-1.2739329338,0.0051029060,0.0566519894,0.7359867882,0.6746020517,0.04252893293 0 0 0 0 0 0 0.04252893293 0 0 0 0 0 0 0.09377402133 0 0 0 0 0 0 0.000743461116 0 0 0 0 0 0 0.000743461116 0 0 0 0 0 0 0.001295505381
237,1785497081.905460596,map,7.4899916649,-0.5795248747,-1.2743370533,0.0064911770,0.0565454965,0.7366994918,0.6738206987,0.04293331431 0 0 0 0 0 0 0.04293331431 0 0 0 0 0 0 0.09437402584 0 0 0 0 0 0 0.0007527997666 0 0 0 0 0 0 0.0007527997666 0 0 0 0 0 0 0.001307823543
238,1785497082.005370140,map,7.4890542030,-0.5364907384,-1.2919385433,0.0096781787,0.0600378129,0.7352227528,0.6750920853,0.04280762464 0 0 0 0 0 0 0.04280762464 0 0 0 0 0 0 0.09418763171 0 0 0 0 0 0 0.000749895622 0 0 0 0 0 0 0.000749895622 0 0 0 0 0 0 0.001303994816
239,1785497082.105305195,map,7.4117283821,-0.5267611146,-1.2705481052,0.0168903502,0.0583715336,0.7339707770,0.6764572269,0.04297018084 0 0 0 0 0 0 0.04297018084 0 0 0 0 0 0 0.09442868098 0 0 0 0 0 0 0.0007536518496 0 0 0 0 0 0 0.0007536518496 0 0 0 0 0 0 0.001308946562
240,1785497082.305521488,map,7.4729800224,-0.4541947842,-1.2560988665,0.0276713115,0.0505080843,0.7242520841,0.6871260051,0.04293247004 0 0 0 0 0 0 0.04293247004 0 0 0 0 0 0 0.09437277412 0 0 0 0 0 0 0.0007527802548 0 0 0 0 0 0 0.0007527802548 0 0 0 0 0 0 0.001307797825
241,1785497082.405407906,map,7.4382233620,-0.3676700592,-1.2863808870,0.0353426865,0.0531648513,0.7203684964,0.6906472710,0.04319974545 0 0 0 0 0 0 0.04319974545 0 0 0 0 0 0 0.09476884236 0 0 0 0 0 0 0.0007589603022 0 0 0 0 0 0 0.0007589603022 0 0 0 0 0 0 0.001315939499
242,1785497082.505321980,map,7.4482898712,-0.3197148442,-1.2559081316,0.0485040955,0.0462048293,0.7207461915,0.6899546374,0.04287679369 0 0 0 0 0 0 0.04287679369 0 0 0 0 0 0 0.09429021842 0 0 0 0 0 0 0.000751493652 0 0 0 0 0 0 0.000751493652 0 0 0 0 0 0 0.001306101826
243,1785497082.605475903,map,7.4672136307,-0.3120702803,-1.2341412306,0.0486931637,0.0313657565,0.7207314603,0.6907903661,0.04276110874 0 0 0 0 0 0 0.04276110874 0 0 0 0 0 0 0.09411862741 0 0 0 0 0 0 0.0007488211851 0 0 0 0 0 0 0.0007488211851 0 0 0 0 0 0 0.001302577861
244,1785497082.705476999,map,7.5223131180,-0.3462487757,-1.2280095816,0.0290816673,0.0286193160,0.7175200079,0.6953418121,0.0430148194 0 0 0 0 0 0 0.0430148194 0 0 0 0 0 0 0.09449484804 0 0 0 0 0 0 0.0007546837198 0 0 0 0 0 0 0.0007546837198 0 0 0 0 0 0 0.00131030633
245,1785497082.805330276,map,7.4786987305,-0.2450863868,-1.2745503187,0.0185938826,0.0366229517,0.7105268137,0.7024704141,0.04265502461 0 0 0 0 0 0 0.04265502461 0 0 0 0 0 0 0.0939612104 0 0 0 0 0 0 0.0007463715219 0 0 0 0 0 0 0.0007463715219 0 0 0 0 0 0 0.001299346354
246,1785497082.905276299,map,7.3971800804,-0.1448738426,-1.2707138062,0.0257626463,0.0406361791,0.7056634773,0.7069116284,0.04287896557 0 0 0 0 0 0 0.04287896557 0 0 0 0 0 0 0.09429343916 0 0 0 0 0 0 0.000751543836 0 0 0 0 0 0 0.000751543836 0 0 0 0 0 0 0.001306167985
247,1785497083.005462885,map,7.4377808571,-0.0048391004,-1.3149225712,0.0289575275,0.0445082037,0.6982697810,0.7138626011,0.04298873996 0 0 0 0 0 0 0.04298873996 0 0 0 0 0 0 0.09445619224 0 0 0 0 0 0 0.0007540808438 0 0 0 0 0 0 0.0007540808438 0 0 0 0 0 0 0.001309511905
248,1785497083.105642796,map,7.4577994347,-0.0042368402,-1.2420706749,0.0386674019,0.0540266085,0.6933104494,0.7175699374,0.04271958955 0 0 0 0 0 0 0.04271958955 0 0 0 0 0 0 0.09405702515 0 0 0 0 0 0 0.0007478623206 0 0 0 0 0 0 0.0007478623206 0 0 0 0 0 0 0.001301313114
249,1785497083.205398321,map,7.4646244049,0.1219414324,-1.2559463978,0.0263652683,0.0573500484,0.6848895314,0.7259078153,0.04281384013 0 0 0 0 0 0 0.04281384013 0 0 0 0 0 0 0.0941968512 0 0 0 0 0 0 0.0007500392034 0 0 0 0 0 0 0.0007500392034 0 0 0 0 0 0 0.001304184151
250,1785497083.405309677,map,7.5537509918,0.3655306399,-1.2705098391,0.0227521135,0.0569829837,0.6971510935,0.7142937950,0.04280895082 0 0 0 0 0 0 0.04280895082 0 0 0 0 0 0 0.09418959887 0 0 0 0 0 0 0.0007499262573 0 0 0 0 0 0 0.0007499262573 0 0 0 0 0 0 0.001304035214
251,1785497083.505658388,map,7.5467624664,0.3625856936,-1.2702560425,0.0226717736,0.0567171823,0.7055487928,0.7060241179,0.04276329964 0 0 0 0 0 0 0.04276329964 0 0 0 0 0 0 0.09412187778 0 0 0 0 0 0 0.0007488717869 0 0 0 0 0 0 0.0007488717869 0 0 0 0 0 0 0.0013026446
252,1785497083.605532646,map,7.4385943413,0.2398107946,-1.2616047859,0.0243928439,0.0557030331,0.7113445664,0.7002078651,0.04292858369 0 0 0 0 0 0 0.04292858369 0 0 0 0 0 0 0.09436701208 0 0 0 0 0 0 0.0007526904379 0 0 0 0 0 0 0.0007526904379 0 0 0 0 0 0 0.00130767944
253,1785497083.705367804,map,7.4993987083,0.2583341300,-1.2717690468,0.0240538820,0.0551651213,0.7093212061,0.7023116540,0.04252226048 0 0 0 0 0 0 0.04252226048 0 0 0 0 0 0 0.09376411324 0 0 0 0 0 0 0.0007433071433 0 0 0 0 0 0 0.0007433071433 0 0 0 0 0 0 0.001295302127
254,1785497083.805259466,map,7.4992280006,0.2609498799,-1.2710646391,0.0239117307,0.0548437531,0.7091183361,0.7025464927,0.04282852855 0 0 0 0 0 0 0.04282852855 0 0 0 0 0 0 0.09421863778 0 0 0 0 0 0 0.0007503785271 0 0 0 0 0 0 0.0007503785271 0 0 0 0 0 0 0.001304631586
255,1785497083.905364990,map,7.5448412895,0.3166917562,-1.2756654024,0.0239212483,0.0546446603,0.7129731688,0.6986494067,0.04270424979 0 0 0 0 0 0 0.04270424979 0 0 0 0 0 0 0.09403426299 0 0 0 0 0 0 0.0007475080943 0 0 0 0 0 0 0.0007475080943 0 0 0 0 0 0 0.001300845838
256,1785497084.005666733,map,7.5493469238,0.3525459766,-1.2749439478,0.0253758525,0.0536692210,0.7221367466,0.6891982354,0.04274828849 0 0 0 0 0 0 0.04274828849 0 0 0 0 0 0 0.09409960696 0 0 0 0 0 0 0.0007485250919 0 0 0 0 0 0 0.0007485250919 0 0 0 0 0 0 0.001302187334
257,1785497084.105606079,map,7.5241875648,0.3610526025,-1.2749110460,0.0263875206,0.0510587214,0.7312105806,0.6797262775,0.04295613838 0 0 0 0 0 0 0.04295613838 0 0 0 0 0 0 0.09440786373 0 0 0 0 0 0 0.0007533272773 0 0 0 0 0 0 0.0007533272773 0 0 0 0 0 0 0.001308518804
258,1785497084.305282831,map,7.4753355980,0.3037221134,-1.2754046917,0.0264307784,0.0518819500,0.7313520951,0.6795099728,0.04273402001 0 0 0 0 0 0 0.04273402001 0 0 0 0 0 0 0.0940784368 0 0 0 0 0 0 0.0007481955677 0 0 0 0 0 0 0.0007481955677 0 0 0 0 0 0 0.001301752691
259,1785497084.405327082,map,7.4907393456,0.3194117546,-1.2799969912,0.0266618663,0.0519212307,0.7313896409,0.6794575077,0.04285866046 0 0 0 0 0 0 0.04285866046 0 0 0 0 0 0 0.09426332709 0 0 0 0 0 0 0.0007510746758 0 0 0 0 0 0 0.0007510746758 0 0 0 0 0 0 0.001305549457
260,1785497084.505390167,map,7.5384407043,0.3726075888,-1.2827374935,0.0272076359,0.0531684070,0.7377426732,0.6724348522,0.04267047508 0 0 0 0 0 0 0.04267047508 0 0 0 0 0 0 0.09398414114 0 0 0 0 0 0 0.0007467282391 0 0 0 0 0 0 0.0007467282391 0 0 0 0 0 0 0.001299817002
261,1785497084.605485201,map,7.5218758583,0.3772513270,-1.2800248861,0.0278742997,0.0531440465,0.7463891347,0.6627985847,0.0427384127 0 0 0 0 0 0 0.0427384127 0 0 0 0 0 0 0.09408495436 0 0 0 0 0 0 0.0007482970131 0 0 0 0 0 0 0.0007482970131 0 0 0 0 0 0 0.0013018865
262,1785497084.705296040,map,7.5335116386,0.3730044365,-1.2832638025,0.0280902359,0.0529793068,0.7545843527,0.6534574105,0.04281719996 0 0 0 0 0 0 0.04281719996 0 0 0 0 0 0 0.09420183477 0 0 0 0 0 0 0.0007501168186 0 0 0 0 0 0 0.0007501168186 0 0 0 0 0 0 0.001304286497
263,1785497084.805321932,map,7.5209746361,0.3548673093,-1.2876942158,0.0289312435,0.0524668125,0.7625157793,0.6441893509,0.04283143739 0 0 0 0 0 0 0.04283143739 0 0 0 0 0 0 0.09422295216 0 0 0 0 0 0 0.0007504457276 0 0 0 0 0 0 0.0007504457276 0 0 0 0 0 0 0.001304720194
264,1785497084.905451775,map,7.5496296883,0.3637627661,-1.2834022045,0.0309826577,0.0521600289,0.7705364284,0.6345021743,0.04281441253 0 0 0 0 0 0 0.04281441253 0 0 0 0 0 0 0.09419770023 0 0 0 0 0 0 0.0007500524262 0 0 0 0 0 0 0.0007500524262 0 0 0 0 0 0 0.001304201587
265,1785497085.005528927,map,7.4208765030,0.2746854424,-1.2644270658,0.0323676529,0.0522430611,0.7749052369,0.6290825455,0.04287718847 0 0 0 0 0 0 0.04287718847 0 0 0 0 0 0 0.09429080385 0 0 0 0 0 0 0.0007515027739 0 0 0 0 0 0 0.0007515027739 0 0 0 0 0 0 0.001306113852
266,1785497085.105347157,map,7.4894199371,0.3041112721,-1.2738592625,0.0317887365,0.0511659867,0.7727690347,0.6318223648,0.04271081924 0 0 0 0 0 0 0.04271081924 0 0 0 0 0 0 0.09404401135 0 0 0 0 0 0 0.0007476597938 0 0 0 0 0 0 0.0007476597938 0 0 0 0 0 0 0.001301045955
267,1785497085.205361605,map,7.4937720299,0.3078061938,-1.2769241333,0.0316512452,0.0510666749,0.7723167716,0.6323900814,0.04287743309 0 0 0 0 0 0 0.04287743309 0 0 0 0 0 0 0.0942911666 0 0 0 0 0 0 0.000751508426 0 0 0 0 0 0 0.000751508426 0 0 0 0 0 0 0.001306121303
268,1785497085.305436850,map,7.4901509285,0.3030651808,-1.2737036943,0.0315862818,0.0507028117,0.7718662382,0.6329723733,0.04313692045 0 0 0 0 0 0 0.04313692045 0 0 0 0 0 0 0.09467577958 0 0 0 0 0 0 0.000757507091 0 0 0 0 0 0 0.000757507091 0 0 0 0 0 0 0.001314025741
269,1785497085.405460835,map,7.5186600685,0.2988438606,-1.2745171785,0.0311403595,0.0481145496,0.7706468952,0.6346799147,0.04276205283 0 0 0 0 0 0 0.04276205283 0 0 0 0 0 0 0.09412002804 0 0 0 0 0 0 0.00074884299 0 0 0 0 0 0 0.00074884299 0 0 0 0 0 0 0.00130260662
270,1785497085.505287647,map,7.5068783760,0.3562845588,-1.2795706987,0.0321876627,0.0495631932,0.7716209255,0.6333313628,0.04287894861 0 0 0 0 0 0 0.04287894861 0 0 0 0 0 0 0.09429341401 0 0 0 0 0 0 0.0007515434443 0 0 0 0 0 0 0.0007515434443 0 0 0 0 0 0 0.001306167469
271,1785497085.605283976,map,7.4563593864,0.3315671384,-1.2566583157,0.0311390899,0.0513377155,0.7718696640,0.6329391582,0.04295029771 0 0 0 0 0 0 0.04295029771 0 0 0 0 0 0 0.09439920491 0 0 0 0 0 0 0.0007531922834 0 0 0 0 0 0 0.0007531922834 0 0 0 0 0 0 0.001308340887
272,1785497085.705492973,map,7.4666347504,0.3635853231,-1.2479342222,0.0205826621,0.0409194862,0.7703523424,0.6359710955,0.04276010252 0 0 0 0 0 0 0.04276010252 0 0 0 0 0 0 0.09411713457 0 0 0 0 0 0 0.000748797945 0 0 0 0 0 0 0.000748797945 0 0 0 0 0 0 0.00130254721
273,1785497085.805461645,map,7.4532852173,0.4360662401,-1.2708559036,0.0192584900,0.0423073844,0.7688290350,0.6377625919,0.04295000552 0 0 0 0 0 0 0.04295000552 0 0 0 0 0 0 0.09439877174 0 0 0 0 0 0 0.0007531855303 0 0 0 0 0 0 0.0007531855303 0 0 0 0 0 0 0.001308331986
274,1785497085.905327320,map,7.4197187424,0.5867934823,-1.2605757713,0.0293836621,0.0497983564,0.7696625422,0.6358272302,0.04288897909 0 0 0 0 0 0 0.04288897909 0 0 0 0 0 0 0.09430828816 0 0 0 0 0 0 0.0007517752169 0 0 0 0 0 0 0.0007517752169 0 0 0 0 0 0 0.001306473015
275,1785497086.005315542,map,7.3930015564,0.5711785555,-1.2881996632,0.0130463455,0.0549981039,0.7666666464,0.6395523873,0.04315752301 0 0 0 0 0 0 0.04315752301 0 0 0 0 0 0 0.09470630062 0 0 0 0 0 0 0.0007579836139 0 0 0 0 0 0 0.0007579836139 0 0 0 0 0 0 0.00131465333
276,1785497086.205468416,map,7.3655347824,0.7272232771,-1.2147141695,0.0212342306,0.0434384199,0.7646584963,0.6426193259,0.04268304445 0 0 0 0 0 0 0.04268304445 0 0 0 0 0 0 0.09400279491 0 0 0 0 0 0 0.0007470184532 0 0 0 0 0 0 0.0007470184532 0 0 0 0 0 0 0.001300199887
277,1785497086.305280447,map,7.3583998680,0.9092751145,-1.2437082529,0.0182505038,0.0348795174,0.7619863502,0.6463954985,0.04263497127 0 0 0 0 0 0 0.04263497127 0 0 0 0 0 0 0.09393144631 0 0 0 0 0 0 0.0007459085654 0 0 0 0 0 0 0.0007459085654 0 0 0 0 0 0 0.001298735494
278,1785497086.405228138,map,7.2449932098,0.9798710346,-1.2670779228,0.0267590044,0.0435181370,0.7638662106,0.6433494484,0.04294083083 0 0 0 0 0 0 0.04294083083 0 0 0 0 0 0 0.0943851698 0 0 0 0 0 0 0.0007529734838 0 0 0 0 0 0 0.0007529734838 0 0 0 0 0 0 0.001308052509
279,1785497086.605500460,map,7.3653616905,1.1489375830,-1.2387422323,0.0110672140,0.0500116109,0.7599096419,0.6480074715,0.04294346477 0 0 0 0 0 0 0.04294346477 0 0 0 0 0 0 0.0943890748 0 0 0 0 0 0 0.0007530343589 0 0 0 0 0 0 0.0007530343589 0 0 0 0 0 0 0.001308132743
280,1785497086.705332041,map,7.3186230659,1.2481426001,-1.2844238281,0.0132190925,0.0487404316,0.7621884546,0.6453823712,0.04272459984 0 0 0 0 0 0 0.04272459984 0 0 0 0 0 0 0.09406445946 0 0 0 0 0 0 0.0007479780227 0 0 0 0 0 0 0.0007479780227 0 0 0 0 0 0 0.001301465736
281,1785497086.805260420,map,7.2896823883,1.2251449823,-1.2698723078,0.0115136435,0.0545815095,0.7626753973,0.6443714175,0.04287461149 0 0 0 0 0 0 0.04287461149 0 0 0 0 0 0 0.09428698234 0 0 0 0 0 0 0.0007514432297 0 0 0 0 0 0 0.0007514432297 0 0 0 0 0 0 0.001306035353
282,1785497086.905417681,map,7.2786641121,1.3278996944,-1.2641441822,0.0115098226,0.0563318575,0.7616657612,0.6454142273,0.0427806405 0 0 0 0 0 0 0.0427806405 0 0 0 0 0 0 0.0941476034 0 0 0 0 0 0 0.0007492723123 0 0 0 0 0 0 0.0007492723123 0 0 0 0 0 0 0.001303172833
283,1785497087.005520821,map,7.2813591957,1.3325924873,-1.2655975819,0.0117110301,0.0554655959,0.7616929998,0.6454534753,0.04293015449 0 0 0 0 0 0 0.04293015449 0 0 0 0 0 0 0.09436934101 0 0 0 0 0 0 0.0007527267402 0 0 0 0 0 0 0.0007527267402 0 0 0 0 0 0 0.001307727289
284,1785497087.105185032,map,7.2848930359,1.3348636627,-1.2658896446,0.0118173515,0.0547371442,0.7616335944,0.6455838192,0.04290540202 0 0 0 0 0 0 0.04290540202 0 0 0 0 0 0 0.09433264042 0 0 0 0 0 0 0.0007521547174 0 0 0 0 0 0 0.0007521547174 0 0 0 0 0 0 0.001306973286
285,1785497087.205351830,map,7.2893619537,1.3359801769,-1.2662178278,0.0119292931,0.0547190285,0.7616101570,0.6456109252,0.04298965211 0 0 0 0 0 0 0.04298965211 0 0 0 0 0 0 0.09445754432 0 0 0 0 0 0 0.0007541019287 0 0 0 0 0 0 0.0007541019287 0 0 0 0 0 0 0.00130953969
286,1785497087.305449724,map,7.2867040634,1.3357765675,-1.2669332027,0.0120774123,0.0548154161,0.7616138032,0.6455957235,0.04287108301 0 0 0 0 0 0 0.04287108301 0 0 0 0 0 0 0.09428174976 0 0 0 0 0 0 0.0007513617012 0 0 0 0 0 0 0.0007513617012 0 0 0 0 0 0 0.001305927869
287,1785497087.405521393,map,7.2855768204,1.3376106024,-1.2669036388,0.0119884931,0.0547351971,0.7615866615,0.6456362038,0.04290841834 0 0 0 0 0 0 0.04290841834 0 0 0 0 0 0 0.09433711291 0 0 0 0 0 0 0.000752224421 0 0 0 0 0 0 0.000752224421 0 0 0 0 0 0 0.001307065168
288,1785497087.505355597,map,7.2847170830,1.3389852047,-1.2669538260,0.0121121595,0.0546915934,0.7616000301,0.6456217990,0.04276184266 0 0 0 0 0 0 0.04276184266 0 0 0 0 0 0 0.09411971623 0 0 0 0 0 0 0.0007488381358 0 0 0 0 0 0 0.0007488381358 0 0 0 0 0 0 0.001302600218
289,1785497087.605340719,map,7.2834911346,1.3354971409,-1.2672754526,0.0121593985,0.0547221213,0.7616108313,0.6456055993,0.04279210781 0 0 0 0 0 0 0.04279210781 0 0 0 0 0 0 0.09416461453 0 0 0 0 0 0 0.0007495371894 0 0 0 0 0 0 0.0007495371894 0 0 0 0 0 0 0.001303522147
290,1785497087.705371380,map,7.2821393013,1.3398711681,-1.2662951946,0.0124176516,0.0547707439,0.7615298475,0.6456921007,0.04288964132 0 0 0 0 0 0 0.04288964132 0 0 0 0 0 0 0.09430927016 0 0 0 0 0 0 0.0007517905192 0 0 0 0 0 0 0.0007517905192 0 0 0 0 0 0 0.001306493187
291,1785497087.805525541,map,7.2835669518,1.3400839567,-1.2666594982,0.0123524323,0.0546818579,0.7614837642,0.6457552068,0.04278919914 0 0 0 0 0 0 0.04278919914 0 0 0 0 0 0 0.09416029975 0 0 0 0 0 0 0.0007494700026 0 0 0 0 0 0 0.0007494700026 0 0 0 0 0 0 0.001303433544
292,1785497087.905359507,map,7.2850303650,1.3320893049,-1.2653328180,0.0124079088,0.0547156172,0.7614757398,0.6457607593,0.04269003107 0 0 0 0 0 0 0.04269003107 0 0 0 0 0 0 0.09401316312 0 0 0 0 0 0 0.0007471797732 0 0 0 0 0 0 0.0007471797732 0 0 0 0 0 0 0.001300412711
293,1785497088.005172491,map,7.2896327972,1.3276252747,-1.2650593519,0.0124785616,0.0544693504,0.7614720508,0.6457845525,0.04292750216 0 0 0 0 0 0 0.04292750216 0 0 0 0 0 0 0.09436540856 0 0 0 0 0 0 0.0007526654432 0 0 0 0 0 0 0.0007526654432 0 0 0 0 0 0 0.001307646495
294,1785497088.105386257,map,7.2958059311,1.3281552792,-1.2663632631,0.0127370880,0.0546176698,0.7615453085,0.6456805963,0.04266711891 0 0 0 0 0 0 0.04266711891 0 0 0 0 0 0 0.09397916022 0 0 0 0 0 0 0.0007466507509 0 0 0 0 0 0 0.0007466507509 0 0 0 0 0 0 0.001299714767
295,1785497088.305430889,map,7.2905373573,1.3250931501,-1.2651351690,0.0126578427,0.0548077667,0.7614861777,0.6457358028,0.04261607363 0 0 0 0 0 0 0.04261607363 0 0 0 0 0 0 0.09390339547 0 0 0 0 0 0 0.0007454723214 0 0 0 0 0 0 0.0007454723214 0 0 0 0 0 0 0.001298159839
296,1785497088.405299425,map,7.2859535217,1.3265864849,-1.2641961575,0.0127035056,0.0547606265,0.7614701658,0.6457577566,0.04289368468 0 0 0 0 0 0 0.04289368468 0 0 0 0 0 0 0.09431526586 0 0 0 0 0 0 0.0007518839511 0 0 0 0 0 0 0.0007518839511 0 0 0 0 0 0 0.001306616355
297,1785497088.505281448,map,7.2854385376,1.3269494772,-1.2650693655,0.0127763416,0.0546890303,0.7614512665,0.6457846649,0.04273849935 0 0 0 0 0 0 0.04273849935 0 0 0 0 0 0 0.09408508293 0 0 0 0 0 0 0.0007482990143 0 0 0 0 0 0 0.0007482990143 0 0 0 0 0 0 0.00130188914
298,1785497088.605430841,map,7.2866272926,1.3273252249,-1.2675306797,0.0126879715,0.0546984862,0.7614585043,0.6457770590,0.04270959574 0 0 0 0 0 0 0.04270959574 0 0 0 0 0 0 0.09404219583 0 0 0 0 0 0 0.0007476315409 0 0 0 0 0 0 0.0007476315409 0 0 0 0 0 0 0.001301008686
299,1785497088.705343723,map,7.2872743607,1.3266361952,-1.2667841911,0.0125805310,0.0546863484,0.7614922535,0.6457404152,0.04280359466 0 0 0 0 0 0 0.04280359466 0 0 0 0 0 0 0.0941816539 0 0 0 0 0 0 0.0007498025293 0 0 0 0 0 0 0.0007498025293 0 0 0 0 0 0 0.001303872056
300,1785497088.805243492,map,7.2861804962,1.3256168365,-1.2655025721,0.0125357862,0.0545809757,0.7614716789,0.6457744573,0.04289716668 0 0 0 0 0 0 0.04289716668 0 0 0 0 0 0 0.09432042908 0 0 0 0 0 0 0.0007519644126 0 0 0 0 0 0 0.0007519644126 0 0 0 0 0 0 0.001306722423
301,1785497088.905165195,map,7.2831926346,1.3293786049,-1.2658400536,0.0125511524,0.0547183020,0.7614617511,0.6457742467,0.04286803471 0 0 0 0 0 0 0.04286803471 0 0 0 0 0 0 0.0942772292 0 0 0 0 0 0 0.0007512912683 0 0 0 0 0 0 0.0007512912683 0 0 0 0 0 0 0.001305835012
302,1785497089.005455732,map,7.2835454941,1.3312109709,-1.2645444870,0.0126262577,0.0547125966,0.7614491332,0.6457881377,0.04266785819 0 0 0 0 0 0 0.04266785819 0 0 0 0 0 0 0.09398025738 0 0 0 0 0 0 0.0007466678193 0 0 0 0 0 0 0.0007466678193 0 0 0 0 0 0 0.001299737287
303,1785497089.105335951,map,7.2850327492,1.3289461136,-1.2644064426,0.0126949760,0.0545510551,0.7613912600,0.6458686939,0.04277948812 0 0 0 0 0 0 0.04277948812 0 0 0 0 0 0 0.09414589387 0 0 0 0 0 0 0.0007492456947 0 0 0 0 0 0 0.0007492456947 0 0 0 0 0 0 0.001303137729
304,1785497089.205320358,map,7.2814474106,1.3313171864,-1.2645909786,0.0128276833,0.0546579516,0.7613741031,0.6458772592,0.04281982796 0 0 0 0 0 0 0.04281982796 0 0 0 0 0 0 0.09420573279 0 0 0 0 0 0 0.0007501775287 0 0 0 0 0 0 0.0007501775287 0 0 0 0 0 0 0.001304366551
305,1785497089.305344343,map,7.2832555771,1.3267241716,-1.2645679712,0.0128441524,0.0546396384,0.7613654915,0.6458886159,0.0425868561 0 0 0 0 0 0 0.0425868561 0 0 0 0 0 0 0.09386002224 0 0 0 0 0 0 0.0007447979081 0 0 0 0 0 0 0.0007447979081 0 0 0 0 0 0 0.001297269822
306,1785497089.405503035,map,7.2845301628,1.3225228786,-1.2647609711,0.0128776989,0.0546385076,0.7613436183,0.6459138462,0.04277012371 0 0 0 0 0 0 0.04277012371 0 0 0 0 0 0 0.09413200167 0 0 0 0 0 0 0.0007490294008 0 0 0 0 0 0 0.0007490294008 0 0 0 0 0 0 0.001302852473
307,1785497089.505374193,map,7.2892842293,1.3222063780,-1.2657053471,0.0126979940,0.0545961438,0.7613518233,0.6459113085,0.04267001136 0 0 0 0 0 0 0.04267001136 0 0 0 0 0 0 0.09398345294 0 0 0 0 0 0 0.0007467175326 0 0 0 0 0 0 0.0007467175326 0 0 0 0 0 0 0.001299802876
308,1785497089.605252028,map,7.2864055634,1.3237462044,-1.2661702633,0.0128804144,0.0545684765,0.7614015558,0.6458514276,0.04293281292 0 0 0 0 0 0 0.04293281292 0 0 0 0 0 0 0.09437328248 0 0 0 0 0 0 0.0007527881791 0 0 0 0 0 0 0.0007527881791 0 0 0 0 0 0 0.00130780827
309,1785497089.705301523,map,7.2872266769,1.3242706060,-1.2671132088,0.0128643325,0.0545635209,0.7613640636,0.6458963445,0.04282578437 0 0 0 0 0 0 0.04282578437 0 0 0 0 0 0 0.09421456756 0 0 0 0 0 0 0.000750315131 0 0 0 0 0 0 0.000750315131 0 0 0 0 0 0 0.001304547993
310,1785497089.805456161,map,7.2868881226,1.3245469332,-1.2657181025,0.0129674785,0.0546486149,0.7613835501,0.6458641373,0.04265169131 0 0 0 0 0 0 0.04265169131 0 0 0 0 0 0 0.09395626312 0 0 0 0 0 0 0.000746294566 0 0 0 0 0 0 0.000746294566 0 0 0 0 0 0 0.001299244816
311,1785497089.905346394,map,7.2893505096,1.3333814144,-1.2649298906,0.0128732521,0.0544436959,0.7614501925,0.6458047539,0.04279431317 0 0 0 0 0 0 0.04279431317 0 0 0 0 0 0 0.09416788597 0 0 0 0 0 0 0.000749588131 0 0 0 0 0 0 0.000749588131 0 0 0 0 0 0 0.001303589326
312,1785497090.105333805,map,7.2883901596,1.3285624981,-1.2657717466,0.0127443733,0.0544763892,0.7614750491,0.6457752389,0.04282298152 0 0 0 0 0 0 0.04282298152 0 0 0 0 0 0 0.09421041029 0 0 0 0 0 0 0.0007502503804 0 0 0 0 0 0 0.0007502503804 0 0 0 0 0 0 0.001304462614
313,1785497090.205542326,map,7.2903294563,1.3248929977,-1.2676604986,0.0128242361,0.0544533766,0.7614346035,0.6458232790,0.04266075747 0 0 0 0 0 0 0.04266075747 0 0 0 0 0 0 0.09396971896 0 0 0 0 0 0 0.0007465038786 0 0 0 0 0 0 0.0007465038786 0 0 0 0 0 0 0.001299520987
314,1785497090.305203438,map,7.2931227684,1.3184078932,-1.2685874701,0.0127171685,0.0545975871,0.7613821037,0.6458751107,0.04297448904 0 0 0 0 0 0 0.04297448904 0 0 0 0 0 0 0.09443506745 0 0 0 0 0 0 0.000753751431 0 0 0 0 0 0 0.000753751431 0 0 0 0 0 0 0.001309077797
315,1785497090.405245304,map,7.2897233963,1.3160483837,-1.2675883770,0.0127760412,0.0546504207,0.7613661076,0.6458883477,0.04266192104 0 0 0 0 0 0 0.04266192104 0 0 0 0 0 0 0.09397144587 0 0 0 0 0 0 0.0007465307427 0 0 0 0 0 0 0.0007465307427 0 0 0 0 0 0 0.001299556431
316,1785497090.505059004,map,7.2862830162,1.3206813335,-1.2669620514,0.0129669942,0.0544720429,0.7613672062,0.6458983171,0.0427198461 0 0 0 0 0 0 0.0427198461 0 0 0 0 0 0 0.09405740583 0 0 0 0 0 0 0.0007478682451 0 0 0 0 0 0 0.0007478682451 0 0 0 0 0 0 0.001301320929
317,1785497090.605480909,map,7.2841296196,1.3238493204,-1.2662073374,0.0129777047,0.0545496628,0.7613531918,0.6459080729,0.04258400209 0 0 0 0 0 0 0.04258400209 0 0 0 0 0 0 0.09385578523 0 0 0 0 0 0 0.0007447320345 0 0 0 0 0 0 0.0007447320345 0 0 0 0 0 0 0.001297182884
318,1785497090.705495596,map,7.2821903229,1.3270685673,-1.2663615942,0.0129401934,0.0547014008,0.7613859461,0.6458573686,0.04258871236 0 0 0 0 0 0 0.04258871236 0 0 0 0 0 0 0.09386277799 0 0 0 0 0 0 0.000744840753 0 0 0 0 0 0 0.000744840753 0 0 0 0 0 0 0.001297326367
319,1785497090.805269241,map,7.2793345451,1.3250725269,-1.2664011717,0.0129048629,0.0546389960,0.7613609769,0.6458928176,0.04275373083 0 0 0 0 0 0 0.04275373083 0 0 0 0 0 0 0.09410768146 0 0 0 0 0 0 0.000748650785 0 0 0 0 0 0 0.000748650785 0 0 0 0 0 0 0.001302353117
320,1785497090.905201674,map,7.2793321609,1.3236852884,-1.2660000324,0.0129056173,0.0545260415,0.7613586097,0.6459051401,0.04278432103 0 0 0 0 0 0 0.04278432103 0 0 0 0 0 0 0.09415306335 0 0 0 0 0 0 0.0007493573255 0 0 0 0 0 0 0.0007493573255 0 0 0 0 0 0 0.001303284948
321,1785497091.005395412,map,7.2833437920,1.3243492842,-1.2665795088,0.0129319662,0.0543730848,0.7613704355,0.6459035627,0.04268135657 0 0 0 0 0 0 0.04268135657 0 0 0 0 0 0 0.09400029004 0 0 0 0 0 0 0.0007469794811 0 0 0 0 0 0 0.0007469794811 0 0 0 0 0 0 0.001300148471
322,1785497091.105535269,map,7.2847256660,1.3199212551,-1.2657531500,0.0127924342,0.0545339996,0.7613881806,0.6458718345,0.04263654686 0 0 0 0 0 0 0.04263654686 0 0 0 0 0 0 0.09393378496 0 0 0 0 0 0 0.0007459449386 0 0 0 0 0 0 0.0007459449386 0 0 0 0 0 0 0.001298783489
323,1785497091.205247402,map,7.2854347229,1.3206446171,-1.2675383091,0.0127832734,0.0544768358,0.7613475035,0.6459247985,0.04281663919 0 0 0 0 0 0 0.04281663919 0 0 0 0 0 0 0.094201003 0 0 0 0 0 0 0.0007501038643 0 0 0 0 0 0 0.0007501038643 0 0 0 0 0 0 0.001304269415
324,1785497091.305320024,map,7.2863197327,1.3189190626,-1.2672287226,0.0128612441,0.0545774575,0.7613085632,0.6459606360,0.04291357445 0 0 0 0 0 0 0.04291357445 0 0 0 0 0 0 0.0943447581 0 0 0 0 0 0 0.0007523435743 0 0 0 0 0 0 0.0007523435743 0 0 0 0 0 0 0.001307222232
325,1785497091.405436754,map,7.2866129875,1.3189294338,-1.2682960033,0.0128019751,0.0544126572,0.7613100824,0.6459739289,0.0426521158 0 0 0 0 0 0 0.0426521158 0 0 0 0 0 0 0.09395689315 0 0 0 0 0 0 0.0007463043662 0 0 0 0 0 0 0.0007463043662 0 0 0 0 0 0 0.001299257746
326,1785497091.505515099,map,7.2894864082,1.3190482855,-1.2683577538,0.0127512445,0.0544328707,0.7613281355,0.6459519565,0.04262960669 0 0 0 0 0 0 0.04262960669 0 0 0 0 0 0 0.09392348357 0 0 0 0 0 0 0.0007457847233 0 0 0 0 0 0 0.0007457847233 0 0 0 0 0 0 0.00129857208
327,1785497091.605229378,map,7.2900681496,1.3191727400,-1.2674658298,0.0127375731,0.0543833028,0.7613246876,0.6459604601,0.04262383846 0 0 0 0 0 0 0.04262383846 0 0 0 0 0 0 0.0939149215 0 0 0 0 0 0 0.0007456515656 0 0 0 0 0 0 0.0007456515656 0 0 0 0 0 0 0.001298396369
328,1785497091.705219030,map,7.2876214981,1.3190479279,-1.2678033113,0.0128957765,0.0545611026,0.7613445237,0.6459189302,0.04292842844 0 0 0 0 0 0 0.04292842844 0 0 0 0 0 0 0.0943667819 0 0 0 0 0 0 0.00075268685 0 0 0 0 0 0 0.00075268685 0 0 0 0 0 0 0.001307674711
329,1785497091.805359364,map,7.2880001068,1.3143973351,-1.2677562237,0.0128547035,0.0545152276,0.7613140836,0.6459595143,0.04270825245 0 0 0 0 0 0 0.04270825245 0 0 0 0 0 0 0.09404020253 0 0 0 0 0 0 0.0007476005219 0 0 0 0 0 0 0.0007476005219 0 0 0 0 0 0 0.001300967766
330,1785497091.905419111,map,7.2894544601,1.3154370785,-1.2679893970,0.0127312145,0.0544443270,0.7613492143,0.6459265374,0.0428202397 0 0 0 0 0 0 0.0428202397 0 0 0 0 0 0 0.0942063435 0 0 0 0 0 0 0.0007501870404 0 0 0 0 0 0 0.0007501870404 0 0 0 0 0 0 0.001304379093
331,1785497092.005231142,map,7.2973222733,1.3233975172,-1.2690663338,0.0127111719,0.0542845676,0.7613750927,0.6459098868,0.0429114516 0 0 0 0 0 0 0.0429114516 0 0 0 0 0 0 0.09434161047 0 0 0 0 0 0 0.0007522945167 0 0 0 0 0 0 0.0007522945167 0 0 0 0 0 0 0.001307157567
332,1785497092.205441475,map,7.2894325256,1.3235733509,-1.2684239149,0.0127972798,0.0545391671,0.7613530619,0.6459127042,0.04273929959 0 0 0 0 0 0 0.04273929959 0 0 0 0 0 0 0.09408627026 0 0 0 0 0 0 0.0007483174953 0 0 0 0 0 0 0.0007483174953 0 0 0 0 0 0 0.001301913516
333,1785497092.305378437,map,7.2877907753,1.3244826794,-1.2677518129,0.0127391482,0.0542980269,0.7613365293,0.6459537011,0.04285060026 0 0 0 0 0 0 0.04285060026 0 0 0 0 0 0 0.09425137333 0 0 0 0 0 0 0.0007508884504 0 0 0 0 0 0 0.0007508884504 0 0 0 0 0 0 0.001305303929
334,1785497092.405241013,map,7.2874112129,1.3256672621,-1.2677634954,0.0129630981,0.0543356158,0.7613123962,0.6459744710,0.04281871427 0 0 0 0 0 0 0.04281871427 0 0 0 0 0 0 0.09420408089 0 0 0 0 0 0 0.0007501518009 0 0 0 0 0 0 0.0007501518009 0 0 0 0 0 0 0.001304332626
335,1785497092.505203247,map,7.2893681526,1.3250150681,-1.2680287361,0.0129046140,0.0543581852,0.7613501657,0.6459292336,0.04274439915 0 0 0 0 0 0 0.04274439915 0 0 0 0 0 0 0.09409383647 0 0 0 0 0 0 0.0007484352678 0 0 0 0 0 0 0.0007484352678 0 0 0 0 0 0 0.001302068858
336,1785497092.605360508,map,7.2871427536,1.3233071566,-1.2675195932,0.0129660689,0.0543011477,0.7613065556,0.6459842026,0.0426415223 0 0 0 0 0 0 0.0426415223 0 0 0 0 0 0 0.0939411699 0 0 0 0 0 0 0.0007460598002 0 0 0 0 0 0 0.0007460598002 0 0 0 0 0 0 0.00129893505
337,1785497092.705433846,map,7.2874655724,1.3208446503,-1.2668651342,0.0128211037,0.0544210632,0.7612900344,0.6459964599,0.04256573567 0 0 0 0 0 0 0.04256573567 0 0 0 0 0 0 0.09382866608 0 0 0 0 0 0 0.0007443104421 0 0 0 0 0 0 0.0007443104421 0 0 0 0 0 0 0.001296626457
338,1785497092.805273533,map,7.2892770767,1.3200941086,-1.2668186426,0.0128818588,0.0542942159,0.7613308042,0.6459578736,0.04282568964 0 0 0 0 0 0 0.04282568964 0 0 0 0 0 0 0.09421442707 0 0 0 0 0 0 0.0007503129427 0 0 0 0 0 0 0.0007503129427 0 0 0 0 0 0 0.001304545108
339,1785497092.905055046,map,7.2924938202,1.3197675943,-1.2683241367,0.0126860197,0.0542734221,0.7613351868,0.6459583436,0.04282093882 0 0 0 0 0 0 0.04282093882 0 0 0 0 0 0 0.09420738047 0 0 0 0 0 0 0.000750203191 0 0 0 0 0 0 0.000750203191 0 0 0 0 0 0 0.00130440039
340,1785497093.005249023,map,7.2908091545,1.3212763071,-1.2672661543,0.0127247195,0.0543704125,0.7613297358,0.6459558637,0.04307633021 0 0 0 0 0 0 0.04307633021 0 0 0 0 0 0 0.09458600629 0 0 0 0 0 0 0.0007561058899 0 0 0 0 0 0 0.0007561058899 0 0 0 0 0 0 0.001312180056
341,1785497093.105543375,map,7.2884430885,1.3185005188,-1.2656109333,0.0128159132,0.0543638019,0.7613135553,0.6459736636,0.04270176776 0 0 0 0 0 0 0.04270176776 0 0 0 0 0 0 0.09403057987 0 0 0 0 0 0 0.0007474507811 0 0 0 0 0 0 0.0007474507811 0 0 0 0 0 0 0.001300770232
342,1785497093.205418348,map,7.2884464264,1.3180735111,-1.2665383816,0.0128972944,0.0544936304,0.7612714653,0.6460107296,0.04278690244 0 0 0 0 0 0 0.04278690244 0 0 0 0 0 0 0.09415689275 0 0 0 0 0 0 0.0007494169521 0 0 0 0 0 0 0.0007494169521 0 0 0 0 0 0 0.001303363582
343,1785497093.305111408,map,7.2890014648,1.3167920113,-1.2675373554,0.0130469806,0.0544643705,0.7612863913,0.6459926222,0.04275180379 0 0 0 0 0 0 0.04275180379 0 0 0 0 0 0 0.09410482244 0 0 0 0 0 0 0.000748606279 0 0 0 0 0 0 0.000748606279 0 0 0 0 0 0 0.001302294416
344,1785497093.405194283,map,7.2874016762,1.3202178478,-1.2676181793,0.0129856735,0.0544107730,0.7612547225,0.6460356841,0.0427305087 0 0 0 0 0 0 0.0427305087 0 0 0 0 0 0 0.0940732269 0 0 0 0 0 0 0.0007481144783 0 0 0 0 0 0 0.0007481144783 0 0 0 0 0 0 0.001301645731
345,1785497093.605427742,map,7.2900166512,1.3224818707,-1.2660490274,0.0130136345,0.0543658944,0.7613238874,0.6459574007,0.04270409694 0 0 0 0 0 0 0.04270409694 0 0 0 0 0 0 0.09403403618 0 0 0 0 0 0 0.0007475045647 0 0 0 0 0 0 0.0007475045647 0 0 0 0 0 0 0.001300841182
346,1785497093.705269098,map,7.2859849930,1.3216243982,-1.2658547163,0.0129924419,0.0544613617,0.7612988558,0.6459792662,0.04279387815 0 0 0 0 0 0 0.04279387815 0 0 0 0 0 0 0.09416724067 0 0 0 0 0 0 0.0007495780826 0 0 0 0 0 0 0.0007495780826 0 0 0 0 0 0 0.001303576075
347,1785497093.805195332,map,7.2849631310,1.3220689297,-1.2667098045,0.0129648987,0.0543218033,0.7612898982,0.6460021344,0.04278700211 0 0 0 0 0 0 0.04278700211 0 0 0 0 0 0 0.0941570406 0 0 0 0 0 0 0.0007494192542 0 0 0 0 0 0 0.0007494192542 0 0 0 0 0 0 0.001303366618
348,1785497093.905339956,map,7.2832417488,1.3192429543,-1.2653738260,0.0131353550,0.0543492398,0.7612510125,0.6460421799,0.04272370316 0 0 0 0 0 0 0.04272370316 0 0 0 0 0 0 0.09406312897 0 0 0 0 0 0 0.0007479573156 0 0 0 0 0 0 0.0007479573156 0 0 0 0 0 0 0.001301438422
349,1785497094.005485535,map,7.2831039429,1.3219856024,-1.2650585175,0.0129652745,0.0543860159,0.7612620487,0.6460295255,0.04268497937 0 0 0 0 0 0 0.04268497937 0 0 0 0 0 0 0.09400566638 0 0 0 0 0 0 0.0007470631299 0 0 0 0 0 0 0.0007470631299 0 0 0 0 0 0 0.001300258828
350,1785497094.105286121,map,7.2859878540,1.3206454515,-1.2676054239,0.0128722137,0.0543199286,0.7612502155,0.6460509014,0.04265971155 0 0 0 0 0 0 0.04265971155 0 0 0 0 0 0 0.09396816664 0 0 0 0 0 0 0.0007464797309 0 0 0 0 0 0 0.0007464797309 0 0 0 0 0 0 0.001299489126
351,1785497094.205189943,map,7.2871727943,1.3211083412,-1.2683297396,0.0129110190,0.0542879984,0.7612570460,0.6460447718,0.04273406362 0 0 0 0 0 0 0.04273406362 0 0 0 0 0 0 0.09407850151 0 0 0 0 0 0 0.0007481965749 0 0 0 0 0 0 0.0007481965749 0 0 0 0 0 0 0.00130175402
352,1785497094.305105209,map,7.2939586639,1.3251847029,-1.2666355371,0.0127160212,0.0543700372,0.7614001742,0.6458730314,0.04281347648 0 0 0 0 0 0 0.04281347648 0 0 0 0 0 0 0.0941963118 0 0 0 0 0 0 0.0007500308027 0 0 0 0 0 0 0.0007500308027 0 0 0 0 0 0 0.001304173074
353,1785497094.505335808,map,7.2899408340,1.3182322979,-1.2659132481,0.0127581619,0.0545266865,0.7613866832,0.6458748857,0.04279615547 0 0 0 0 0 0 0.04279615547 0 0 0 0 0 0 0.09417061884 0 0 0 0 0 0 0.0007496306868 0 0 0 0 0 0 0.0007496306868 0 0 0 0 0 0 0.001303645446
354,1785497094.605164051,map,7.2908492088,1.3185026646,-1.2661981583,0.0126951759,0.0543396535,0.7613327178,0.6459555062,0.04279673903 0 0 0 0 0 0 0.04279673903 0 0 0 0 0 0 0.09417148448 0 0 0 0 0 0 0.0007496441665 0 0 0 0 0 0 0.0007496441665 0 0 0 0 0 0 0.001303663222
355,1785497094.705086708,map,7.2891607285,1.3172013760,-1.2659075260,0.0128657581,0.0544864588,0.7613153019,0.6459602813,0.04259743779 0 0 0 0 0 0 0.04259743779 0 0 0 0 0 0 0.09387573126 0 0 0 0 0 0 0.0007450421515 0 0 0 0 0 0 0.0007450421515 0 0 0 0 0 0 0.001297592159
356,1785497094.805453300,map,7.2906475067,1.3168257475,-1.2661821842,0.0127677684,0.0543301590,0.7612963759,0.6459977142,0.04265468991 0 0 0 0 0 0 0.04265468991 0 0 0 0 0 0 0.09396071364 0 0 0 0 0 0 0.0007463637946 0 0 0 0 0 0 0.0007463637946 0 0 0 0 0 0 0.001299336158
357,1785497094.905342102,map,7.2896409035,1.3155504465,-1.2648942471,0.0129116904,0.0545241475,0.7613349866,0.6459329910,0.04293426738 0 0 0 0 0 0 0.04293426738 0 0 0 0 0 0 0.09437543888 0 0 0 0 0 0 0.0007528217932 0 0 0 0 0 0 0.0007528217932 0 0 0 0 0 0 0.001307852575
358,1785497095.005178928,map,7.2904167175,1.3154772520,-1.2653721571,0.0128411924,0.0544788216,0.7613217585,0.6459538049,0.04286001959 0 0 0 0 0 0 0.04286001959 0 0 0 0 0 0 0.09426534272 0 0 0 0 0 0 0.000751106078 0 0 0 0 0 0 0.000751106078 0 0 0 0 0 0 0.001305590858
359,1785497095.105219126,map,7.2902712822,1.3172420263,-1.2651644945,0.0129503972,0.0545131325,0.7613434006,0.6459232298,0.04284502066 0 0 0 0 0 0 0.04284502066 0 0 0 0 0 0 0.09424309823 0 0 0 0 0 0 0.0007507595407 0 0 0 0 0 0 0.0007507595407 0 0 0 0 0 0 0.001305133964
360,1785497095.205443621,map,7.2916145325,1.3184602261,-1.2644799948,0.0130225577,0.0544998981,0.7613688355,0.6458929618,0.04291290401 0 0 0 0 0 0 0.04291290401 0 0 0 0 0 0 0.09434376402 0 0 0 0 0 0 0.0007523280809 0 0 0 0 0 0 0.0007523280809 0 0 0 0 0 0 0.00130720181
361,1785497095.305373907,map,7.2896409035,1.3202818632,-1.2641867399,0.0130823624,0.0544165242,0.7613153816,0.6459617404,0.04273246577 0 0 0 0 0 0 0.04273246577 0 0 0 0 0 0 0.09407613071 0 0 0 0 0 0 0.0007481596743 0 0 0 0 0 0 0.0007481596743 0 0 0 0 0 0 0.001301705346
362,1785497095.405207872,map,7.2883348465,1.3192292452,-1.2633073330,0.0129457147,0.0545640128,0.7613335302,0.6459306841,0.0427682223 0 0 0 0 0 0 0.0427682223 0 0 0 0 0 0 0.09412918084 0 0 0 0 0 0 0.0007489854838 0 0 0 0 0 0 0.0007489854838 0 0 0 0 0 0 0.001302794553
363,1785497095.505156755,map,7.2888264656,1.3181678057,-1.2651064396,0.0128368058,0.0543980674,0.7613759479,0.6458968117,0.04262145649 0 0 0 0 0 0 0.04262145649 0 0 0 0 0 0 0.09391138576 0 0 0 0 0 0 0.0007455965793 0 0 0 0 0 0 0.0007455965793 0 0 0 0 0 0 0.00129832381
364,1785497095.605435610,map,7.2861299515,1.3198298216,-1.2650256157,0.0128744517,0.0544084235,0.7613512050,0.6459244179,0.04295538655 0 0 0 0 0 0 0.04295538655 0 0 0 0 0 0 0.09440674915 0 0 0 0 0 0 0.0007533099003 0 0 0 0 0 0 0.0007533099003 0 0 0 0 0 0 0.001308495902
365,1785497095.705515146,map,7.2869300842,1.3199162483,-1.2645401955,0.0127952974,0.0543543560,0.7613202039,0.6459670633,0.04279279633 0 0 0 0 0 0 0.04279279633 0 0 0 0 0 0 0.09416563589 0 0 0 0 0 0 0.0007495530934 0 0 0 0 0 0 0.0007495530934 0 0 0 0 0 0 0.00130354312
366,1785497095.805328131,map,7.2894592285,1.3288309574,-1.2656816244,0.0128493624,0.0545187042,0.7613665363,0.6458975154,0.04302331404 0 0 0 0 0 0 0.04302331404 0 0 0 0 0 0 0.09450743825 0 0 0 0 0 0 0.0007548801023 0 0 0 0 0 0 0.0007548801023 0 0 0 0 0 0 0.001310565091
367,1785497096.005306482,map,7.2873482704,1.3289244175,-1.2651176453,0.0130226516,0.0544519266,0.7613692603,0.6458964570,0.04272167044 0 0 0 0 0 0 0.04272167044 0 0 0 0 0 0 0.09406011281 0 0 0 0 0 0 0.0007479103741 0 0 0 0 0 0 0.0007479103741 0 0 0 0 0 0 0.001301376502
368,1785497096.105612040,map,7.2866935730,1.3259180784,-1.2667031288,0.0130819505,0.0545017106,0.7614000405,0.6458547874,0.04283066764 0 0 0 0 0 0 0.04283066764 0 0 0 0 0 0 0.09422181048 0 0 0 0 0 0 0.0007504279446 0 0 0 0 0 0 0.0007504279446 0 0 0 0 0 0 0.001304696746
369,1785497096.205307961,map,7.2844600677,1.3240646124,-1.2660059929,0.0131091428,0.0544130803,0.7613711741,0.6458957534,0.04260372504 0 0 0 0 0 0 0.04260372504 0 0 0 0 0 0 0.09388506468 0 0 0 0 0 0 0.0007451872764 0 0 0 0 0 0 0.0007451872764 0 0 0 0 0 0 0.00129778368
370,1785497096.305011511,map,7.2863230705,1.3210335970,-1.2657607794,0.0129298271,0.0543565109,0.7613422134,0.6459382508,0.04276737624 0 0 0 0 0 0 0.04276737624 0 0 0 0 0 0 0.09412792567 0 0 0 0 0 0 0.0007489659425 0 0 0 0 0 0 0.0007489659425 0 0 0 0 0 0 0.00130276878
371,1785497096.405195713,map,7.2858901024,1.3236416578,-1.2656252384,0.0130496630,0.0544055264,0.7613420380,0.6459319212,0.04257646943 0 0 0 0 0 0 0.04257646943 0 0 0 0 0 0 0.09384460214 0 0 0 0 0 0 0.0007445581759 0 0 0 0 0 0 0.0007445581759 0 0 0 0 0 0 0.001296953426
372,1785497096.505544186,map,7.2841835022,1.3256677389,-1.2667762041,0.0130542965,0.0543992599,0.7613728794,0.6458959898,0.04270556287 0 0 0 0 0 0 0.04270556287 0 0 0 0 0 0 0.09403621149 0 0 0 0 0 0 0.0007475384153 0 0 0 0 0 0 0.0007475384153 0 0 0 0 0 0 0.001300885837
373,1785497096.605332375,map,7.2888407707,1.3182032108,-1.2668231726,0.0127665934,0.0543762961,0.7613437922,0.6459379682,0.04257064322 0 0 0 0 0 0 0.04257064322 0 0 0 0 0 0 0.09383595224 0 0 0 0 0 0 0.0007444237065 0 0 0 0 0 0 0.0007444237065 0 0 0 0 0 0 0.00129677595
374,1785497096.705145121,map,7.2901864052,1.3230323792,-1.2680528164,0.0127580350,0.0543247734,0.7614032191,0.6458724056,0.04281517519 0 0 0 0 0 0 0.04281517519 0 0 0 0 0 0 0.09419883148 0 0 0 0 0 0 0.0007500700444 0 0 0 0 0 0 0.0007500700444 0 0 0 0 0 0 0.001304224819
375,1785497096.805199146,map,7.2736277580,1.3319644928,-1.2656767368,0.0130779630,0.0544441785,0.7612951546,0.6459833462,0.04282032028 0 0 0 0 0 0 0.04282032028 0 0 0 0 0 0 0.09420646303 0 0 0 0 0 0 0.0007501889019 0 0 0 0 0 0 0.0007501889019 0 0 0 0 0 0 0.001304381548
376,1785497096.905529976,map,7.2790713310,1.3283116817,-1.2666337490,0.0129774839,0.0544257898,0.7612740772,0.6460117820,0.04265551747 0 0 0 0 0 0 0.04265551747 0 0 0 0 0 0 0.0939619419 0 0 0 0 0 0 0.0007463829007 0 0 0 0 0 0 0.0007463829007 0 0 0 0 0 0 0.001299361367
377,1785497097.005364895,map,7.2832503319,1.3270250559,-1.2658065557,0.0129079840,0.0542961809,0.7613221864,0.6459673776,0.04236345039 0 0 0 0 0 0 0.04236345039 0 0 0 0 0 0 0.09352821707 0 0 0 0 0 0 0.0007396435995 0 0 0 0 0 0 0.0007396435995 0 0 0 0 0 0 0.001290464495
378,1785497097.105194807,map,7.2845706940,1.3236199617,-1.2643325329,0.0129227081,0.0543560424,0.7613159899,0.6459693471,0.04277068316 0 0 0 0 0 0 0.04277068316 0 0 0 0 0 0 0.09413283163 0 0 0 0 0 0 0.0007490423224 0 0 0 0 0 0 0.0007490423224 0 0 0 0 0 0 0.001302869515
379,1785497097.205268383,map,7.2864260674,1.3220312595,-1.2648831606,0.0129166311,0.0543377267,0.7613562483,0.6459235643,0.04277588818 0 0 0 0 0 0 0.04277588818 0 0 0 0 0 0 0.09414055338 0 0 0 0 0 0 0.0007491625444 0 0 0 0 0 0 0.0007491625444 0 0 0 0 0 0 0.001303028069
380,1785497097.305363178,map,7.2880978584,1.3197076321,-1.2666108608,0.0129631512,0.0543654308,0.7613617636,0.6459137770,0.0427367518 0 0 0 0 0 0 0.0427367518 0 0 0 0 0 0 0.09408249006 0 0 0 0 0 0 0.0007482586559 0 0 0 0 0 0 0.0007482586559 0 0 0 0 0 0 0.001301835906
381,1785497097.405434847,map,7.2894630432,1.3117533922,-1.2657228708,0.0129537092,0.0543814446,0.7613275736,0.6459529225,0.04263410967 0 0 0 0 0 0 0.04263410967 0 0 0 0 0 0 0.09393016743 0 0 0 0 0 0 0.000745888675 0 0 0 0 0 0 0.000745888675 0 0 0 0 0 0 0.001298709248
382,1785497097.505216360,map,7.2877268791,1.3106447458,-1.2657364607,0.0130629111,0.0544587287,0.7613242511,0.6459481473,0.04274901259 0 0 0 0 0 0 0.04274901259 0 0 0 0 0 0 0.09410068129 0 0 0 0 0 0 0.0007485418154 0 0 0 0 0 0 0.0007485418154 0 0 0 0 0 0 0.001302209391
383,1785497097.605154037,map,7.2916831970,1.3077198267,-1.2674950361,0.0130359963,0.0544991564,0.7613426875,0.6459235412,0.04270333357 0 0 0 0 0 0 0.04270333357 0 0 0 0 0 0 0.0940329034 0 0 0 0 0 0 0.0007474869375 0 0 0 0 0 0 0.0007474869375 0 0 0 0 0 0 0.001300817929
384,1785497097.705280304,map,7.2964224815,1.3038781881,-1.2679561377,0.0127850415,0.0544421376,0.7613508299,0.6459237575,0.0426174737 0 0 0 0 0 0 0.0426174737 0 0 0 0 0 0 0.09390547374 0 0 0 0 0 0 0.0007455046403 0 0 0 0 0 0 0.0007455046403 0 0 0 0 0 0 0.001298202488
385,1785497098.005145073,map,7.2936234474,1.3047870398,-1.2688083649,0.0127429233,0.0543764698,0.7612979918,0.6459924088,0.04262824188 0 0 0 0 0 0 0.04262824188 0 0 0 0 0 0 0.09392145773 0 0 0 0 0 0 0.0007457532167 0 0 0 0 0 0 0.0007457532167 0 0 0 0 0 0 0.001298530505
386,1785497098.105299473,map,7.2915396690,1.3037397861,-1.2689570189,0.0127233074,0.0545009884,0.7612899290,0.6459918321,0.04253409142 0 0 0 0 0 0 0.04253409142 0 0 0 0 0 0 0.09378168113 0 0 0 0 0 0 0.0007435801557 0 0 0 0 0 0 0.0007435801557 0 0 0 0 0 0 0.001295662518
387,1785497098.205385208,map,7.2949676514,1.3028619289,-1.2694640160,0.0126696247,0.0543924742,0.7613287566,0.6459562444,0.04269395486 0 0 0 0 0 0 0.04269395486 0 0 0 0 0 0 0.09401898594 0 0 0 0 0 0 0.0007472703748 0 0 0 0 0 0 0.0007472703748 0 0 0 0 0 0 0.001300532237
388,1785497098.304996729,map,7.2882976532,1.3068552017,-1.2677787542,0.0128331851,0.0544562210,0.7613246598,0.6459524784,0.0428752251 0 0 0 0 0 0 0.0428752251 0 0 0 0 0 0 0.09428789229 0 0 0 0 0 0 0.0007514574078 0 0 0 0 0 0 0.0007514574078 0 0 0 0 0 0 0.001306054044
389,1785497098.405117512,map,7.2887835503,1.3046370745,-1.2681436539,0.0126851423,0.0544677984,0.7613069533,0.6459752726,0.04264659574 0 0 0 0 0 0 0.04264659574 0 0 0 0 0 0 0.09394870016 0 0 0 0 0 0 0.0007461769266 0 0 0 0 0 0 0.0007461769266 0 0 0 0 0 0 0.001299089596
390,1785497098.505385160,map,7.2901797295,1.3060846329,-1.2699398994,0.0126973668,0.0543920408,0.7613032938,0.6459857568,0.04273096489 0 0 0 0 0 0 0.04273096489 0 0 0 0 0 0 0.09407390378 0 0 0 0 0 0 0.0007481250136 0 0 0 0 0 0 0.0007481250136 0 0 0 0 0 0 0.001301659627
391,1785497098.605478764,map,7.2905011177,1.3029431105,-1.2676597834,0.0128412504,0.0545483250,0.7613025291,0.6459706100,0.04282373358 0 0 0 0 0 0 0.04282373358 0 0 0 0 0 0 0.09421152578 0 0 0 0 0 0 0.0007502677543 0 0 0 0 0 0 0.0007502677543 0 0 0 0 0 0 0.001304485523
392,1785497098.705090523,map,7.2890238762,1.3087785244,-1.2686405182,0.0130323558,0.0544392526,0.7612697311,0.6460146480,0.04259355153 0 0 0 0 0 0 0.04259355153 0 0 0 0 0 0 0.093869962 0 0 0 0 0 0 0.0007449524489 0 0 0 0 0 0 0.0007449524489 0 0 0 0 0 0 0.001297473777
393,1785497098.805096388,map,7.2900414467,1.3068952560,-1.2671142817,0.0129934906,0.0543513048,0.7613034995,0.6459830377,0.04254196125 0 0 0 0 0 0 0.04254196125 0 0 0 0 0 0 0.09379336668 0 0 0 0 0 0 0.0007437617675 0 0 0 0 0 0 0.0007437617675 0 0 0 0 0 0 0.001295902247
394,1785497098.905303240,map,7.2920594215,1.3112593889,-1.2681565285,0.0129230681,0.0543879680,0.7613503625,0.6459261308,0.04280453204 0 0 0 0 0 0 0.04280453204 0 0 0 0 0 0 0.09418304436 0 0 0 0 0 0 0.0007498241826 0 0 0 0 0 0 0.0007498241826 0 0 0 0 0 0 0.001303900611
395,1785497099.005443096,map,7.2920403481,1.3078157902,-1.2673215866,0.0127795197,0.0544284622,0.7613137168,0.6459687704,0.04287615131 0 0 0 0 0 0 0.04287615131 0 0 0 0 0 0 0.09428926581 0 0 0 0 0 0 0.000751478809 0 0 0 0 0 0 0.000751478809 0 0 0 0 0 0 0.001306082258
396,1785497099.105197668,map,7.2904748917,1.3049402237,-1.2694919109,0.0128569392,0.0545430163,0.7613091629,0.6459629457,0.04291887717 0 0 0 0 0 0 0.04291887717 0 0 0 0 0 0 0.09435262051 0 0 0 0 0 0 0.0007524661181 0 0 0 0 0 0 0.0007524661181 0 0 0 0 0 0 0.001307383762
397,1785497099.205181360,map,7.2888016701,1.3061431646,-1.2680480480,0.0128659219,0.0544750391,0.7613151210,0.6459614722,0.04258923351 0 0 0 0 0 0 0.04258923351 0 0 0 0 0 0 0.09386355169 0 0 0 0 0 0 0.0007448527821 0 0 0 0 0 0 0.0007448527821 0 0 0 0 0 0 0.001297342242
398,1785497099.305235624,map,7.2895994186,1.3075531721,-1.2679698467,0.0129353712,0.0544330060,0.7612966437,0.6459853906,0.04279334042 0 0 0 0 0 0 0.04279334042 0 0 0 0 0 0 0.09416644299 0 0 0 0 0 0 0.0007495656614 0 0 0 0 0 0 0.0007495656614 0 0 0 0 0 0 0.001303559694
399,1785497099.405482531,map,7.2918434143,1.3019212484,-1.2675327063,0.0126499842,0.0544198706,0.7612820099,0.6460094350,0.04278921509 0 0 0 0 0 0 0.04278921509 0 0 0 0 0 0 0.09416032341 0 0 0 0 0 0 0.000749470371 0 0 0 0 0 0 0.000749470371 0 0 0 0 0 0 0.00130343403
400,1785497099.505269289,map,7.2844843864,1.3019297123,-1.2681667805,0.0128592551,0.0546032578,0.7611415631,0.6461552822,0.04289994797 0 0 0 0 0 0 0.04289994797 0 0 0 0 0 0 0.0943245532 0 0 0 0 0 0 0.0007520286828 0 0 0 0 0 0 0.0007520286828 0 0 0 0 0 0 0.001306807146
401,1785497099.605048418,map,7.2854194641,1.3010635376,-1.2672506571,0.0127029498,0.0545007553,0.7611408657,0.6461678361,0.04284993362 0 0 0 0 0 0 0.04284993362 0 0 0 0 0 0 0.09425038464 0 0 0 0 0 0 0.0007508730483 0 0 0 0 0 0 0.0007508730483 0 0 0 0 0 0 0.001305283622
402,1785497099.705265284,map,7.2940740585,1.3032240868,-1.2679013014,0.0127434373,0.0545428945,0.7613090548,0.6459653275,0.04271387932 0 0 0 0 0 0 0.04271387932 0 0 0 0 0 0 0.09404855208 0 0 0 0 0 0 0.0007477304573 0 0 0 0 0 0 0.0007477304573 0 0 0 0 0 0 0.001301139171
403,1785497099.905534983,map,7.2913265228,1.3024338484,-1.2664132118,0.0128600999,0.0545160955,0.7612508088,0.6460338965,0.04290803396 0 0 0 0 0 0 0.04290803396 0 0 0 0 0 0 0.09433654297 0 0 0 0 0 0 0.0007522155383 0 0 0 0 0 0 0.0007522155383 0 0 0 0 0 0 0.001307053459
404,1785497100.005264759,map,7.2867641449,1.3019877672,-1.2661038637,0.0127608784,0.0544678617,0.7611702612,0.6461348554,0.04279332875 0 0 0 0 0 0 0.04279332875 0 0 0 0 0 0 0.09416642569 0 0 0 0 0 0 0.0007495653919 0 0 0 0 0 0 0.0007495653919 0 0 0 0 0 0 0.001303559339
405,1785497100.105071306,map,7.2848753929,1.2974325418,-1.2655543089,0.0126639695,0.0546037218,0.7611028700,0.6462046949,0.0426430112 0 0 0 0 0 0 0.0426430112 0 0 0 0 0 0 0.09394337981 0 0 0 0 0 0 0.000746094173 0 0 0 0 0 0 0.000746094173 0 0 0 0 0 0 0.001298980404
406,1785497100.205209255,map,7.2831134796,1.2984645367,-1.2646007538,0.0129284482,0.0546140295,0.7611130987,0.6461865151,0.04278392533 0 0 0 0 0 0 0.04278392533 0 0 0 0 0 0 0.09415247635 0 0 0 0 0 0 0.0007493481858 0 0 0 0 0 0 0.0007493481858 0 0 0 0 0 0 0.001303272894
407,1785497100.305338144,map,7.2843518257,1.3001998663,-1.2647198439,0.0130349945,0.0546802378,0.7611729945,0.6461082211,0.04279075749 0 0 0 0 0 0 0.04279075749 0 0 0 0 0 0 0.09416261145 0 0 0 0 0 0 0.0007495059986 0 0 0 0 0 0 0.0007495059986 0 0 0 0 0 0 0.001303481014
408,1785497100.405366421,map,7.2823491096,1.3059799671,-1.2645986080,0.0131554623,0.0546485736,0.7612031726,0.6460728964,0.04257083676 0 0 0 0 0 0 0.04257083676 0 0 0 0 0 0 0.09383623959 0 0 0 0 0 0 0.0007444281734 0 0 0 0 0 0 0.0007444281734 0 0 0 0 0 0 0.001296781845
409,1785497100.505157471,map,7.2879977226,1.3051753044,-1.2651566267,0.0131491441,0.0544931194,0.7612112439,0.6460766558,0.04266129888 0 0 0 0 0 0 0.04266129888 0 0 0 0 0 0 0.09397052249 0 0 0 0 0 0 0.0007465163785 0 0 0 0 0 0 0.0007465163785 0 0 0 0 0 0 0.001299537479
410,1785497100.605101347,map,7.2909445763,1.3063839674,-1.2662560940,0.0129017168,0.0544821155,0.7612643477,0.6460199993,0.04271358558 0 0 0 0 0 0 0.04271358558 0 0 0 0 0 0 0.09404811622 0 0 0 0 0 0 0.0007477236743 0 0 0 0 0 0 0.0007477236743 0 0 0 0 0 0 0.001301130223
411,1785497100.705366373,map,7.2907223701,1.3123346567,-1.2670513391,0.0129168468,0.0544253509,0.7613416324,0.6459334005,0.04285736887 0 0 0 0 0 0 0.04285736887 0 0 0 0 0 0 0.09426141161 0 0 0 0 0 0 0.000751044834 0 0 0 0 0 0 0.000751044834 0 0 0 0 0 0 0.001305510112
412,1785497100.805414438,map,7.2928080559,1.3136315346,-1.2665868998,0.0129101320,0.0543378235,0.7613809704,0.6458945277,0.0427283885 0 0 0 0 0 0 0.0427283885 0 0 0 0 0 0 0.09407008102 0 0 0 0 0 0 0.0007480655154 0 0 0 0 0 0 0.0007480655154 0 0 0 0 0 0 0.001301581146
413,1785497100.905133724,map,7.2971935272,1.3150416613,-1.2660169601,0.0128644623,0.0542631159,0.7613824560,0.6458999608,0.04271802743 0 0 0 0 0 0 0.04271802743 0 0 0 0 0 0 0.09405470723 0 0 0 0 0 0 0.0007478262471 0 0 0 0 0 0 0.0007478262471 0 0 0 0 0 0 0.001301265529
414,1785497101.005124807,map,7.2950382233,1.3107353449,-1.2648752928,0.0126876405,0.0544814216,0.7613375104,0.6459380720,0.04289268293 0 0 0 0 0 0 0.04289268293 0 0 0 0 0 0 0.09431378043 0 0 0 0 0 0 0.0007518608031 0 0 0 0 0 0 0.0007518608031 0 0 0 0 0 0 0.00130658584
415,1785497101.105443954,map,7.2951302528,1.3133140802,-1.2654235363,0.0127192538,0.0543547701,0.7613805655,0.6458973568,0.04276542543 0 0 0 0 0 0 0.04276542543 0 0 0 0 0 0 0.09412503154 0 0 0 0 0 0 0.0007489208853 0 0 0 0 0 0 0.0007489208853 0 0 0 0 0 0 0.001302709355
416,1785497101.205367088,map,7.2959451675,1.3143780231,-1.2652550936,0.0129558133,0.0544149317,0.7613688901,0.6459013508,0.04262399177 0 0 0 0 0 0 0.04262399177 0 0 0 0 0 0 0.09391514906 0 0 0 0 0 0 0.0007456551045 0 0 0 0 0 0 0.0007456551045 0 0 0 0 0 0 0.001298401039
417,1785497101.305142403,map,7.2960643768,1.3154925108,-1.2655985355,0.0127872851,0.0543691040,0.7613545409,0.6459255021,0.04277162342 0 0 0 0 0 0 0.04277162342 0 0 0 0 0 0 0.09413422654 0 0 0 0 0 0 0.0007490640397 0 0 0 0 0 0 0.0007490640397 0 0 0 0 0 0 0.001302898157
418,1785497101.405255079,map,7.3012700081,1.3262150288,-1.2658841610,0.0128048538,0.0542586529,0.7615465209,0.6457081165,0.04270853344 0 0 0 0 0 0 0.04270853344 0 0 0 0 0 0 0.09404061949 0 0 0 0 0 0 0.0007476070104 0 0 0 0 0 0 0.0007476070104 0 0 0 0 0 0 0.001300976326
419,1785497101.605397224,map,7.2984142303,1.3223659992,-1.2637617588,0.0127470073,0.0543540914,0.7614526734,0.6458118865,0.04256199542 0 0 0 0 0 0 0.04256199542 0 0 0 0 0 0 0.09382311291 0 0 0 0 0 0 0.0007442241201 0 0 0 0 0 0 0.0007442241201 0 0 0 0 0 0 0.001296512523
420,1785497101.705251455,map,7.2970476151,1.3236654997,-1.2650761604,0.0127056946,0.0543206020,0.7614629566,0.6458033608,0.0427949296 0 0 0 0 0 0 0.0427949296 0 0 0 0 0 0 0.09416880039 0 0 0 0 0 0 0.0007496023701 0 0 0 0 0 0 0.0007496023701 0 0 0 0 0 0 0.001303608103
421,1785497101.805073023,map,7.2955169678,1.3198150396,-1.2641630173,0.0126358193,0.0543704828,0.7614346124,0.6458339762,0.04292250443 0 0 0 0 0 0 0.04292250443 0 0 0 0 0 0 0.09435799861 0 0 0 0 0 0 0.000752549944 0 0 0 0 0 0 0.000752549944 0 0 0 0 0 0 0.001307494255
422,1785497101.905306101,map,7.2941107750,1.3205159903,-1.2634774446,0.0126961206,0.0544400603,0.7613784985,0.6458930628,0.04258612432 0 0 0 0 0 0 0.04258612432 0 0 0 0 0 0 0.09385893586 0 0 0 0 0 0 0.0007447810178 0 0 0 0 0 0 0.0007447810178 0 0 0 0 0 0 0.001297247531
423,1785497102.005479574,map,7.2992253304,1.3230016232,-1.2646006346,0.0126848389,0.0545224724,0.7614156565,0.6458425592,0.04276391876 0 0 0 0 0 0 0.04276391876 0 0 0 0 0 0 0.09412279629 0 0 0 0 0 0 0.0007488860864 0 0 0 0 0 0 0.0007488860864 0 0 0 0 0 0 0.001302663459
424,1785497102.105117321,map,7.2987780571,1.3160017729,-1.2640945911,0.0125168043,0.0545302832,0.7614057226,0.6458568956,0.04286215288 0 0 0 0 0 0 0.04286215288 0 0 0 0 0 0 0.09426850643 0 0 0 0 0 0 0.0007511553673 0 0 0 0 0 0 0.0007511553673 0 0 0 0 0 0 0.001305655842
425,1785497102.205054998,map,7.2991776466,1.3127460480,-1.2630690336,0.0123731521,0.0545971477,0.7613854921,0.6458778533,0.04291565692 0 0 0 0 0 0 0.04291565692 0 0 0 0 0 0 0.09434784581 0 0 0 0 0 0 0.000752391699 0 0 0 0 0 0 0.000752391699 0 0 0 0 0 0 0.001307285668
426,1785497102.305244684,map,7.2976307869,1.3081046343,-1.2618360519,0.0123167831,0.0546708241,0.7613413325,0.6459247495,0.04264273001 0 0 0 0 0 0 0.04264273001 0 0 0 0 0 0 0.09394296246 0 0 0 0 0 0 0.0007460876816 0 0 0 0 0 0 0.0007460876816 0 0 0 0 0 0 0.001298971839
427,1785497102.405443907,map,7.3019480705,1.3012787104,-1.2606003284,0.0119493305,0.0546325414,0.7613497212,0.6459249917,0.04279537892 0 0 0 0 0 0 0.04279537892 0 0 0 0 0 0 0.09416946691 0 0 0 0 0 0 0.0007496127491 0 0 0 0 0 0 0.0007496127491 0 0 0 0 0 0 0.001303621791
428,1785497102.505213976,map,7.3002085686,1.2998225689,-1.2612812519,0.0120986056,0.0546344548,0.7613540573,0.6459169289,0.04247742429 0 0 0 0 0 0 0.04247742429 0 0 0 0 0 0 0.09369752826 0 0 0 0 0 0 0.0007422726078 0 0 0 0 0 0 0.0007422726078 0 0 0 0 0 0 0.001293936339
429,1785497102.605069637,map,7.2979903221,1.3036514521,-1.2623691559,0.0122823316,0.0545123409,0.7613748409,0.6458992774,0.0429501632 0 0 0 0 0 0 0.0429501632 0 0 0 0 0 0 0.09439900549 0 0 0 0 0 0 0.0007531891745 0 0 0 0 0 0 0.0007531891745 0 0 0 0 0 0 0.001308336789
430,1785497102.705035210,map,7.2997031212,1.3004682064,-1.2605366707,0.0122347878,0.0546274341,0.7613562251,0.6459124476,0.04280969374 0 0 0 0 0 0 0.04280969374 0 0 0 0 0 0 0.09419070085 0 0 0 0 0 0 0.0007499434191 0 0 0 0 0 0 0.0007499434191 0 0 0 0 0 0 0.001304057845
431,1785497102.805399418,map,7.3003530502,1.3017864227,-1.2619061470,0.0122317944,0.0545328670,0.7613446665,0.6459340753,0.0426303884 0 0 0 0 0 0 0.0426303884 0 0 0 0 0 0 0.09392464388 0 0 0 0 0 0 0.0007458027689 0 0 0 0 0 0 0.0007458027689 0 0 0 0 0 0 0.001298595892
432,1785497102.905354023,map,7.2983846664,1.3003115654,-1.2616853714,0.0120915821,0.0544697718,0.7613334926,0.6459552207,0.04269137863 0 0 0 0 0 0 0.04269137863 0 0 0 0 0 0 0.09401516288 0 0 0 0 0 0 0.0007472108887 0 0 0 0 0 0 0.0007472108887 0 0 0 0 0 0 0.001300453761
433,1785497103.005063057,map,7.2973918915,1.3016287088,-1.2614924908,0.0120058985,0.0544908519,0.7613220836,0.6459685022,0.04276737218 0 0 0 0 0 0 0.04276737218 0 0 0 0 0 0 0.09412791966 0 0 0 0 0 0 0.0007489658489 0 0 0 0 0 0 0.0007489658489 0 0 0 0 0 0 0.001302768657
434,1785497103.105225086,map,7.2985949516,1.2970967293,-1.2614126205,0.0123068267,0.0546565027,0.7613169866,0.6459548199,0.04266284303 0 0 0 0 0 0 0.04266284303 0 0 0 0 0 0 0.09397281423 0 0 0 0 0 0 0.0007465520293 0 0 0 0 0 0 0.0007465520293 0 0 0 0 0 0 0.001299584516
435,1785497103.205463171,map,7.2975864410,1.2992514372,-1.2619328499,0.0124740844,0.0545079563,0.7613488695,0.6459265951,0.04274090349 0 0 0 0 0 0 0.04274090349 0 0 0 0 0 0 0.09408864998 0 0 0 0 0 0 0.0007483545366 0 0 0 0 0 0 0.0007483545366 0 0 0 0 0 0 0.001301962374
436,1785497103.305342197,map,7.3007102013,1.2970319986,-1.2619943619,0.0124090670,0.0544985000,0.7613544672,0.6459220417,0.04253601578 0 0 0 0 0 0 0.04253601578 0 0 0 0 0 0 0.09378453855 0 0 0 0 0 0 0.0007436245635 0 0 0 0 0 0 0.0007436245635 0 0 0 0 0 0 0.001295721137
437,1785497103.405105114,map,7.2986288071,1.2958925962,-1.2629003525,0.0125057035,0.0544731849,0.7613498377,0.6459278091,0.04278953346 0 0 0 0 0 0 0.04278953346 0 0 0 0 0 0 0.09416079568 0 0 0 0 0 0 0.0007494777249 0 0 0 0 0 0 0.0007494777249 0 0 0 0 0 0 0.001303443728
438,1785497103.505060673,map,7.3025193214,1.2957478762,-1.2629003525,0.0123063657,0.0545873909,0.7613442029,0.6459286165,0.0428463617 0 0 0 0 0 0 0.0428463617 0 0 0 0 0 0 0.09424508714 0 0 0 0 0 0 0.0007507905235 0 0 0 0 0 0 0.0007507905235 0 0 0 0 0 0 0.001305174815
439,1785497103.605400801,map,7.3134593964,1.3044965267,-1.2637947798,0.0120235683,0.0545618402,0.7615275969,0.6457198771,0.04268828001 0 0 0 0 0 0 0.04268828001 0 0 0 0 0 0 0.09401056456 0 0 0 0 0 0 0.0007471393412 0 0 0 0 0 0 0.0007471393412 0 0 0 0 0 0 0.001300359371
440,1785497103.805152655,map,7.3060331345,1.3041074276,-1.2630828619,0.0122869184,0.0544639636,0.7614832413,0.6457754928,0.04281540499 0 0 0 0 0 0 0.04281540499 0 0 0 0 0 0 0.09419917233 0 0 0 0 0 0 0.0007500753529 0 0 0 0 0 0 0.0007500753529 0 0 0 0 0 0 0.001304231819
441,1785497103.905055285,map,7.3039765358,1.3024430275,-1.2632392645,0.0122465814,0.0544986187,0.7614067461,0.6458635230,0.04285304852 0 0 0 0 0 0 0.04285304852 0 0 0 0 0 0 0.09425500429 0 0 0 0 0 0 0.0007509450152 0 0 0 0 0 0 0.0007509450152 0 0 0 0 0 0 0.001305378507
442,1785497104.005399704,map,7.3027625084,1.3017697334,-1.2637646198,0.0121861670,0.0544863195,0.7613947960,0.6458797855,0.04307796937 0 0 0 0 0 0 0.04307796937 0 0 0 0 0 0 0.09458843521 0 0 0 0 0 0 0.0007561437927 0 0 0 0 0 0 0.0007561437927 0 0 0 0 0 0 0.001312229988
443,1785497104.105551958,map,7.3035449982,1.3001871109,-1.2642809153,0.0120000826,0.0545310971,0.7614097460,0.6458618590,0.04278407508 0 0 0 0 0 0 0.04278407508 0 0 0 0 0 0 0.0941526985 0 0 0 0 0 0 0.0007493516447 0 0 0 0 0 0 0.0007493516447 0 0 0 0 0 0 0.001303277456
444,1785497104.205308437,map,7.3031272888,1.2978286743,-1.2650055885,0.0121599487,0.0544397705,0.7613823616,0.6458988275,0.04277006175 0 0 0 0 0 0 0.04277006175 0 0 0 0 0 0 0.09413190975 0 0 0 0 0 0 0.0007490279696 0 0 0 0 0 0 0.0007490279696 0 0 0 0 0 0 0.001302850585
445,1785497104.305117607,map,7.3036074638,1.2960271835,-1.2658991814,0.0121195479,0.0544531613,0.7613941081,0.6458846160,0.04243261412 0 0 0 0 0 0 0.04243261412 0 0 0 0 0 0 0.09363097045 0 0 0 0 0 0 0.0007412388473 0 0 0 0 0 0 0.0007412388473 0 0 0 0 0 0 0.001292571343
446,1785497104.405202389,map,7.3023238182,1.2935869694,-1.2662645578,0.0121185171,0.0545716985,0.7613690315,0.6459042058,0.0428021193 0 0 0 0 0 0 0.0428021193 0 0 0 0 0 0 0.09417946542 0 0 0 0 0 0 0.0007497684486 0 0 0 0 0 0 0.0007497684486 0 0 0 0 0 0 0.001303827114
447,1785497104.505457401,map,7.3025569916,1.2952618599,-1.2665814161,0.0119857179,0.0545492583,0.7613050770,0.6459839893,0.04306871759 0 0 0 0 0 0 0.04306871759 0 0 0 0 0 0 0.09457472564 0 0 0 0 0 0 0.0007559298638 0 0 0 0 0 0 0.0007559298638 0 0 0 0 0 0 0.001311948163
448,1785497104.605374575,map,7.3021368980,1.2955311537,-1.2674365044,0.0119957081,0.0544804565,0.7613186181,0.6459736348,0.0427130318 0 0 0 0 0 0 0.0427130318 0 0 0 0 0 0 0.09404729449 0 0 0 0 0 0 0.0007477108864 0 0 0 0 0 0 0.0007477108864 0 0 0 0 0 0 0.001301113354
449,1785497104.705209970,map,7.3009462357,1.2967386246,-1.2659131289,0.0120948647,0.0544337815,0.7613384448,0.6459523890,0.0427799737 0 0 0 0 0 0 0.0427799737 0 0 0 0 0 0 0.09414661423 0 0 0 0 0 0 0.0007492569107 0 0 0 0 0 0 0.0007492569107 0 0 0 0 0 0 0.001303152521
450,1785497104.805038929,map,7.3022623062,1.2969138622,-1.2661215067,0.0118979692,0.0545261704,0.7613707570,0.6459101204,0.04260182254 0 0 0 0 0 0 0.04260182254 0 0 0 0 0 0 0.09388224044 0 0 0 0 0 0 0.0007451433617 0 0 0 0 0 0 0.0007451433617 0 0 0 0 0 0 0.001297725726
451,1785497104.905224800,map,7.3020033836,1.2967947721,-1.2665750980,0.0119763343,0.0545913251,0.7613582361,0.6459179440,0.04290586739 0 0 0 0 0 0 0.04290586739 0 0 0 0 0 0 0.09433333045 0 0 0 0 0 0 0.0007521654714 0 0 0 0 0 0 0.0007521654714 0 0 0 0 0 0 0.001306987462
452,1785497105.005427122,map,7.3017501831,1.2971987724,-1.2654039860,0.0120363639,0.0545439318,0.7613622462,0.6459161272,0.0426735075 0 0 0 0 0 0 0.0426735075 0 0 0 0 0 0 0.09398864153 0 0 0 0 0 0 0.0007467982534 0 0 0 0 0 0 0.0007467982534 0 0 0 0 0 0 0.001299909375
453,1785497105.105274439,map,7.3016533852,1.2965503931,-1.2655433416,0.0121531033,0.0546152618,0.7613282247,0.6459479858,0.04264142366 0 0 0 0 0 0 0.04264142366 0 0 0 0 0 0 0.09394102349 0 0 0 0 0 0 0.0007460575231 0 0 0 0 0 0 0.0007460575231 0 0 0 0 0 0 0.001298932045
454,1785497105.205122709,map,7.3028063774,1.2920835018,-1.2658661604,0.0121306783,0.0544225044,0.7613473710,0.6459421148,0.04296260326 0 0 0 0 0 0 0.04296260326 0 0 0 0 0 0 0.09441744773 0 0 0 0 0 0 0.0007534767021 0 0 0 0 0 0 0.0007534767021 0 0 0 0 0 0 0.001308715735
455,1785497105.305074215,map,7.3022375107,1.2941286564,-1.2663872242,0.0122568054,0.0543794679,0.7613848129,0.6458992139,0.04268375666 0 0 0 0 0 0 0.04268375666 0 0 0 0 0 0 0.09400385185 0 0 0 0 0 0 0.000747034898 0 0 0 0 0 0 0.000747034898 0 0 0 0 0 0 0.001300221582
456,1785497105.405356169,map,7.3002586365,1.2945760489,-1.2655305862,0.0121502858,0.0543951350,0.7613416834,0.6459507569,0.04281036717 0 0 0 0 0 0 0.04281036717 0 0 0 0 0 0 0.09419169977 0 0 0 0 0 0 0.0007499589758 0 0 0 0 0 0 0.0007499589758 0 0 0 0 0 0 0.001304078359
457,1785497105.505525827,map,7.3002033234,1.3001176119,-1.2652006149,0.0121301308,0.0544364050,0.7613524000,0.6459350298,0.04286789469 0 0 0 0 0 0 0.04286789469 0 0 0 0 0 0 0.09427702155 0 0 0 0 0 0 0.0007512880331 0 0 0 0 0 0 0.0007512880331 0 0 0 0 0 0 0.001305830747
458,1785497105.605158806,map,7.2996592522,1.3045939207,-1.2645843029,0.0124293350,0.0544331907,0.7613770630,0.6459005434,0.04289689001 0 0 0 0 0 0 0.04289689001 0 0 0 0 0 0 0.09432001881 0 0 0 0 0 0 0.0007519580192 0 0 0 0 0 0 0.0007519580192 0 0 0 0 0 0 0.001306713995
459,1785497105.705113173,map,7.3013472557,1.2976387739,-1.2649284601,0.0121767306,0.0543529495,0.7613404891,0.6459552149,0.04272324106 0 0 0 0 0 0 0.04272324106 0 0 0 0 0 0 0.0940624433 0 0 0 0 0 0 0.0007479466443 0 0 0 0 0 0 0.0007479466443 0 0 0 0 0 0 0.001301424346
460,1785497105.805236340,map,7.3097033501,1.3059372902,-1.2644585371,0.0121352058,0.0543614787,0.7614713372,0.6458010476,0.0427835811 0 0 0 0 0 0 0.0427835811 0 0 0 0 0 0 0.09415196569 0 0 0 0 0 0 0.0007493402344 0 0 0 0 0 0 0.0007493402344 0 0 0 0 0 0 0.001303262408
461,1785497106.005307198,map,7.3051681519,1.3074297905,-1.2646169662,0.0121826882,0.0544260834,0.7614703573,0.6457958906,0.04282222878 0 0 0 0 0 0 0.04282222878 0 0 0 0 0 0 0.0942092938 0 0 0 0 0 0 0.0007502329909 0 0 0 0 0 0 0.0007502329909 0 0 0 0 0 0 0.001304439684
462,1785497106.105099440,map,7.3033518791,1.3046320677,-1.2655645609,0.0123926630,0.0545914012,0.7614383153,0.6458157081,0.04292270935 0 0 0 0 0 0 0.04292270935 0 0 0 0 0 0 0.09435830244 0 0 0 0 0 0 0.0007525546797 0 0 0 0 0 0 0.0007525546797 0 0 0 0 0 0 0.001307500497
463,1785497106.205060482,map,7.2987275124,1.3037328720,-1.2667434216,0.0123123888,0.0545470150,0.7614118938,0.6458521111,0.04270561871 0 0 0 0 0 0 0.04270561871 0 0 0 0 0 0 0.09403629435 0 0 0 0 0 0 0.0007475397047 0 0 0 0 0 0 0.0007475397047 0 0 0 0 0 0 0.001300887538
464,1785497106.305275917,map,7.3021450043,1.2961027622,-1.2644444704,0.0122988521,0.0545082674,0.7613252381,0.6459577813,0.042856365 0 0 0 0 0 0 0.042856365 0 0 0 0 0 0 0.09425992281 0 0 0 0 0 0 0.00075102164 0 0 0 0 0 0 0.00075102164 0 0 0 0 0 0 0.001305479533
465,1785497106.405407667,map,7.3047385216,1.2994439602,-1.2657204866,0.0122162140,0.0543687797,0.7613767206,0.6459104434,0.04261804716 0 0 0 0 0 0 0.04261804716 0 0 0 0 0 0 0.09390632499 0 0 0 0 0 0 0.0007455178781 0 0 0 0 0 0 0.0007455178781 0 0 0 0 0 0 0.001298219956
466,1785497106.505170584,map,7.3039054871,1.2985523939,-1.2648499012,0.0122996607,0.0545113785,0.7613610396,0.6459153111,0.04269866244 0 0 0 0 0 0 0.04269866244 0 0 0 0 0 0 0.09402597179 0 0 0 0 0 0 0.0007473790762 0 0 0 0 0 0 0.0007473790762 0 0 0 0 0 0 0.001300675638
467,1785497106.605043888,map,7.3030133247,1.2965772152,-1.2651847601,0.0120725957,0.0545498613,0.7613343056,0.6459478763,0.04296205735 0 0 0 0 0 0 0.04296205735 0 0 0 0 0 0 0.09441663844 0 0 0 0 0 0 0.0007534640841 0 0 0 0 0 0 0.0007534640841 0 0 0 0 0 0 0.001308699106
468,1785497106.705147505,map,7.3044853210,1.2980656624,-1.2643055916,0.0121073954,0.0544114300,0.7613353124,0.6459576890,0.04278012563 0 0 0 0 0 0 0.04278012563 0 0 0 0 0 0 0.09414683961 0 0 0 0 0 0 0.00074926042 0 0 0 0 0 0 0.00074926042 0 0 0 0 0 0 0.001303157149
469,1785497106.805429935,map,7.3042354584,1.2971448898,-1.2651677132,0.0121334620,0.0543523647,0.7613718970,0.6459190369,0.0430089357 0 0 0 0 0 0 0.0430089357 0 0 0 0 0 0 0.09448612736 0 0 0 0 0 0 0.0007545477019 0 0 0 0 0 0 0.0007545477019 0 0 0 0 0 0 0.001310127102
470,1785497106.905267477,map,7.3031988144,1.2949697971,-1.2638889551,0.0122780454,0.0544895682,0.7613099788,0.6459777553,0.04281572137 0 0 0 0 0 0 0.04281572137 0 0 0 0 0 0 0.09419964161 0 0 0 0 0 0 0.0007500826616 0 0 0 0 0 0 0.0007500826616 0 0 0 0 0 0 0.001304241457
471,1785497107.005175591,map,7.3029994965,1.2934045792,-1.2635806799,0.0122012705,0.0545957880,0.7612628019,0.6460258523,0.04284594329 0 0 0 0 0 0 0.04284594329 0 0 0 0 0 0 0.0942444666 0 0 0 0 0 0 0.0007507808568 0 0 0 0 0 0 0.0007507808568 0 0 0 0 0 0 0.001305162069
472,1785497107.105046988,map,7.3040027618,1.2880165577,-1.2646361589,0.0120922055,0.0544806600,0.7612261871,0.6460807295,0.04241043019 0 0 0 0 0 0 0.04241043019 0 0 0 0 0 0 0.0935980158 0 0 0 0 0 0 0.000740727134 0 0 0 0 0 0 0.000740727134 0 0 0 0 0 0 0.001291895582
473,1785497107.205170393,map,7.2692861557,1.2683563232,-1.2599523067,0.0121056445,0.0546041664,0.7604382889,0.6469972397,0.04303386322 0 0 0 0 0 0 0.04303386322 0 0 0 0 0 0 0.094523073 0 0 0 0 0 0 0.0007551239909 0 0 0 0 0 0 0.0007551239909 0 0 0 0 0 0 0.001310886438
474,1785497107.305591583,map,7.2882013321,1.2778170109,-1.2638832331,0.0122730999,0.0538790117,0.7584480391,0.6493866018,0.04305187572 0 0 0 0 0 0 0.04305187572 0 0 0 0 0 0 0.09454976758 0 0 0 0 0 0 0.0007555404476 0 0 0 0 0 0 0.0007555404476 0 0 0 0 0 0 0.00131143513
475,1785497107.405290365,map,7.2627863884,1.2666287422,-1.2626824379,0.0127739727,0.0545142124,0.7544041341,0.6540179014,0.042690392 0 0 0 0 0 0 0.042690392 0 0 0 0 0 0 0.09401369874 0 0 0 0 0 0 0.0007471881072 0 0 0 0 0 0 0.0007471881072 0 0 0 0 0 0 0.001300423706
476,1785497107.505061388,map,7.2323703766,1.2097293139,-1.2585062981,0.0129351048,0.0548195758,0.7502062211,0.6588005162,0.04288934221 0 0 0 0 0 0 0.04288934221 0 0 0 0 0 0 0.09430882661 0 0 0 0 0 0 0.0007517836075 0 0 0 0 0 0 0.0007517836075 0 0 0 0 0 0 0.001306484076
477,1785497107.605070591,map,7.2068743706,1.1901882887,-1.2411092520,0.0151558189,0.0514469208,0.7402486633,0.6701905821,0.04269346168 0 0 0 0 0 0 0.04269346168 0 0 0 0 0 0 0.09401825408 0 0 0 0 0 0 0.000747258987 0 0 0 0 0 0 0.000747258987 0 0 0 0 0 0 0.001300517214
478,1785497107.705433846,map,7.1724352837,1.1628422737,-1.2573852539,0.0171340458,0.0516587514,0.7309034135,0.6803073085,0.04300127793 0 0 0 0 0 0 0.04300127793 0 0 0 0 0 0 0.0944747769 0 0 0 0 0 0 0.0007543706756 0 0 0 0 0 0 0.0007543706756 0 0 0 0 0 0 0.001309893833
479,1785497107.805431366,map,7.2617444992,1.1684565544,-1.2200034857,0.0202512795,0.0522031146,0.7224406522,0.6891619740,0.04270655657 0 0 0 0 0 0 0.04270655657 0 0 0 0 0 0 0.09403768603 0 0 0 0 0 0 0.0007475613612 0 0 0 0 0 0 0.0007475613612 0 0 0 0 0 0 0.001300916107
480,1785497108.005113602,map,7.2281498909,1.2450871468,-1.2560697794,0.0179132908,0.0531760679,0.7120751166,0.6998574597,0.04281351162 0 0 0 0 0 0 0.04281351162 0 0 0 0 0 0 0.09419636392 0 0 0 0 0 0 0.0007500316144 0 0 0 0 0 0 0.0007500316144 0 0 0 0 0 0 0.001304174144
481,1785497108.105072021,map,7.2505331039,1.2740668058,-1.2446399927,0.0139344992,0.0534197821,0.7100546339,0.7019790598,0.04264036352 0 0 0 0 0 0 0.04264036352 0 0 0 0 0 0 0.09393944996 0 0 0 0 0 0 0.0007460330488 0 0 0 0 0 0 0.0007460330488 0 0 0 0 0 0 0.001298899751
482,1785497108.205465078,map,7.1753664017,1.2063403130,-1.2479343414,0.0104788550,0.0529867852,0.7004211920,0.7116830300,0.0428221526 0 0 0 0 0 0 0.0428221526 0 0 0 0 0 0 0.09420918082 0 0 0 0 0 0 0.0007502312312 0 0 0 0 0 0 0.0007502312312 0 0 0 0 0 0 0.001304437364
483,1785497108.305299282,map,7.2868947983,1.3431459665,-1.2670400143,0.0078663124,0.0519628826,0.6933836389,0.7186495028,0.04259915479 0 0 0 0 0 0 0.04259915479 0 0 0 0 0 0 0.09387828016 0 0 0 0 0 0 0.0007450817835 0 0 0 0 0 0 0.0007450817835 0 0 0 0 0 0 0.001297644462
484,1785497108.405164480,map,7.2583990097,1.3379163742,-1.2683743238,0.0073751028,0.0515362922,0.6952431292,0.7168867645,0.04281474155 0 0 0 0 0 0 0.04281474155 0 0 0 0 0 0 0.09419818827 0 0 0 0 0 0 0.000750060027 0 0 0 0 0 0 0.000750060027 0 0 0 0 0 0 0.00130421161
485,1785497108.505035162,map,7.2488446236,1.3457138538,-1.2720062733,0.0087410853,0.0519161064,0.6999692090,0.7122299015,0.04278258145 0 0 0 0 0 0 0.04278258145 0 0 0 0 0 0 0.09415048276 0 0 0 0 0 0 0.0007493171446 0 0 0 0 0 0 0.0007493171446 0 0 0 0 0 0 0.001303231957
486,1785497108.605130434,map,7.2379169464,1.3467967510,-1.2549701929,0.0129070448,0.0522809408,0.7031859616,0.7089637668,0.0428816366 0 0 0 0 0 0 0.0428816366 0 0 0 0 0 0 0.09429740007 0 0 0 0 0 0 0.0007516055542 0 0 0 0 0 0 0.0007516055542 0 0 0 0 0 0 0.00130624935
487,1785497108.705465317,map,7.2262148857,1.3073350191,-1.2586351633,0.0132538758,0.0534255386,0.7037981433,0.7082642440,0.04279919385 0 0 0 0 0 0 0.04279919385 0 0 0 0 0 0 0.09417512591 0 0 0 0 0 0 0.0007497008715 0 0 0 0 0 0 0.0007497008715 0 0 0 0 0 0 0.001303738
488,1785497108.805362701,map,7.2322883606,1.3169426918,-1.2633894682,0.0151586856,0.0540110135,0.7034442946,0.7085330732,0.04271471886 0 0 0 0 0 0 0.04271471886 0 0 0 0 0 0 0.09404979784 0 0 0 0 0 0 0.0007477498442 0 0 0 0 0 0 0.0007477498442 0 0 0 0 0 0 0.001301164745
489,1785497108.905066252,map,7.2313213348,1.3133859634,-1.2572611570,0.0150378238,0.0536281963,0.7032930558,0.7087148685,0.04299713667 0 0 0 0 0 0 0.04299713667 0 0 0 0 0 0 0.09446863854 0 0 0 0 0 0 0.0007542749435 0 0 0 0 0 0 0.0007542749435 0 0 0 0 0 0 0.001309767683
490,1785497109.005023956,map,7.2412667274,1.3125511408,-1.2588627338,0.0147333800,0.0536439511,0.7029178819,0.7090921614,0.04287626883 0 0 0 0 0 0 0.04287626883 0 0 0 0 0 0 0.09428944008 0 0 0 0 0 0 0.0007514815244 0 0 0 0 0 0 0.0007514815244 0 0 0 0 0 0 0.001306085838
491,1785497109.105128527,map,7.2486267090,1.3073625565,-1.2581216097,0.0143584498,0.0535542476,0.7027157669,0.7093069250,0.04274615496 0 0 0 0 0 0 0.04274615496 0 0 0 0 0 0 0.09409644152 0 0 0 0 0 0 0.0007484758181 0 0 0 0 0 0 0.0007484758181 0 0 0 0 0 0 0.001302122343
492,1785497109.205339909,map,7.2488307953,1.2950837612,-1.2558355331,0.0141649792,0.0529611953,0.7023513422,0.7097161815,0.04267765983 0 0 0 0 0 0 0.04267765983 0 0 0 0 0 0 0.09399480389 0 0 0 0 0 0 0.0007468941261 0 0 0 0 0 0 0.0007468941261 0 0 0 0 0 0 0.001300035862
493,1785497109.305141211,map,7.2436242104,1.3041313887,-1.2550688982,0.0129545008,0.0519259583,0.7020009865,0.7101622993,0.04246305892 0 0 0 0 0 0 0.04246305892 0 0 0 0 0 0 0.09367619222 0 0 0 0 0 0 0.0007419411829 0 0 0 0 0 0 0.0007419411829 0 0 0 0 0 0 0.001293498744
494,1785497109.404988766,map,7.2683863640,1.3267803192,-1.2466647625,0.0066481130,0.0490430716,0.7010974138,0.7113459085,0.04259927393 0 0 0 0 0 0 0.04259927393 0 0 0 0 0 0 0.09387845702 0 0 0 0 0 0 0.0007450845335 0 0 0 0 0 0 0.0007450845335 0 0 0 0 0 0 0.001297648091
495,1785497109.505224228,map,7.2421269417,1.3978085518,-1.2597054243,0.0033544249,0.0499876351,0.7029142594,0.7095079477,0.04272765319 0 0 0 0 0 0 0.04272765319 0 0 0 0 0 0 0.09406898998 0 0 0 0 0 0 0.0007480485347 0 0 0 0 0 0 0.0007480485347 0 0 0 0 0 0 0.001301558747
496,1785497109.605356455,map,7.2190313339,1.3964215517,-1.2549633980,0.0060469733,0.0476793778,0.7037532851,0.7088169267,0.04285498586 0 0 0 0 0 0 0.04285498586 0 0 0 0 0 0 0.09425787748 0 0 0 0 0 0 0.0007509897758 0 0 0 0 0 0 0.0007509897758 0 0 0 0 0 0 0.001305437522
497,1785497109.705177546,map,7.2035188675,1.4225906134,-1.2584735155,0.0128254431,0.0480296994,0.7045028680,0.7079578854,0.04286707714 0 0 0 0 0 0 0.04286707714 0 0 0 0 0 0 0.09427580914 0 0 0 0 0 0 0.0007512691433 0 0 0 0 0 0 0.0007512691433 0 0 0 0 0 0 0.001305805843
498,1785497109.805067539,map,7.2079467773,1.4610017538,-1.2599247694,0.0162528654,0.0532713505,0.7050145570,0.7070024877,0.04269708984 0 0 0 0 0 0 0.04269708984 0 0 0 0 0 0 0.09402363813 0 0 0 0 0 0 0.0007473427635 0 0 0 0 0 0 0.0007473427635 0 0 0 0 0 0 0.001300627734
499,1785497109.905153751,map,7.2092723846,1.4565323591,-1.2532638311,0.0214105344,0.0547154985,0.7040579591,0.7077077133,0.0427164481 0 0 0 0 0 0 0.0427164481 0 0 0 0 0 0 0.09405236377 0 0 0 0 0 0 0.0007477897766 0 0 0 0 0 0 0.0007477897766 0 0 0 0 0 0 0.00130121742
500,1785497110.105215073,map,7.2212715149,1.5708165169,-1.2485456467,0.0211907164,0.0449777972,0.7039708931,0.7084863538,0.04277389541 0 0 0 0 0 0 0.04277389541 0 0 0 0 0 0 0.09413759708 0 0 0 0 0 0 0.0007491165164 0 0 0 0 0 0 0.0007491165164 0 0 0 0 0 0 0.001302967365
501,1785497110.205036402,map,7.2297840118,1.5966185331,-1.2541072369,0.0204925943,0.0441839895,0.7033492470,0.7091739373,0.04266924448 0 0 0 0 0 0 0.04266924448 0 0 0 0 0 0 0.09398231481 0 0 0 0 0 0 0.0007466998266 0 0 0 0 0 0 0.0007466998266 0 0 0 0 0 0 0.001299779516
502,1785497110.305032492,map,7.2580533028,1.6241205931,-1.2566686869,0.0206400337,0.0415784495,0.7024304426,0.7102370757,0.04268299334 0 0 0 0 0 0 0.04268299334 0 0 0 0 0 0 0.09400271906 0 0 0 0 0 0 0.0007470172731 0 0 0 0 0 0 0.0007470172731 0 0 0 0 0 0 0.00130019833
503,1785497110.405276775,map,7.2350454330,1.7426463366,-1.2612226009,0.0234257392,0.0416935688,0.7049712563,0.7076216499,0.04282348477 0 0 0 0 0 0 0.04282348477 0 0 0 0 0 0 0.09421115674 0 0 0 0 0 0 0.0007502620065 0 0 0 0 0 0 0.0007502620065 0 0 0 0 0 0 0.001304477944
504,1785497110.505112410,map,7.1936173439,1.7279965878,-1.2526926994,0.0244641110,0.0423835680,0.7051726514,0.7073447931,0.0428762122 0 0 0 0 0 0 0.0428762122 0 0 0 0 0 0 0.09428935611 0 0 0 0 0 0 0.000751480216 0 0 0 0 0 0 0.000751480216 0 0 0 0 0 0 0.001306084113
505,1785497110.605391502,map,7.2300353050,1.7551319599,-1.2580997944,0.0246873024,0.0430482750,0.7046080500,0.7078593726,0.04261686547 0 0 0 0 0 0 0.04261686547 0 0 0 0 0 0 0.09390457089 0 0 0 0 0 0 0.0007454906002 0 0 0 0 0 0 0.0007454906002 0 0 0 0 0 0 0.00129818396
506,1785497110.705002069,map,7.2317485809,1.8019192219,-1.2520997524,0.0245079603,0.0448609442,0.7051393586,0.7072236923,0.04279629958 0 0 0 0 0 0 0.04279629958 0 0 0 0 0 0 0.0941708326 0 0 0 0 0 0 0.0007496340155 0 0 0 0 0 0 0.0007496340155 0 0 0 0 0 0 0.001303649835
507,1785497110.805286646,map,7.2359728813,1.8506778479,-1.2523752451,0.0233503452,0.0412502271,0.7064013987,0.7062225350,0.04273598394 0 0 0 0 0 0 0.04273598394 0 0 0 0 0 0 0.09408135076 0 0 0 0 0 0 0.0007482409229 0 0 0 0 0 0 0.0007482409229 0 0 0 0 0 0 0.001301812516
508,1785497110.905381918,map,7.2087330818,1.8762279749,-1.2453744411,0.0226116632,0.0376608024,0.7069779163,0.7058700736,0.04305027347 0 0 0 0 0 0 0.04305027347 0 0 0 0 0 0 0.09454739311 0 0 0 0 0 0 0.0007555034018 0 0 0 0 0 0 0.0007555034018 0 0 0 0 0 0 0.001311386323
509,1785497111.005346060,map,7.2710499763,1.8924530745,-1.2620428801,0.0179760544,0.0344429952,0.7076623303,0.7054817891,0.04278966445 0 0 0 0 0 0 0.04278966445 0 0 0 0 0 0 0.09416099 0 0 0 0 0 0 0.0007494807506 0 0 0 0 0 0 0.0007494807506 0 0 0 0 0 0 0.001303447718
510,1785497111.105079174,map,7.2555131912,1.9156546593,-1.2574450970,0.0158459891,0.0361426066,0.7076867242,0.7054233813,0.04275738433 0 0 0 0 0 0 0.04275738433 0 0 0 0 0 0 0.09411310187 0 0 0 0 0 0 0.0007487351656 0 0 0 0 0 0 0.0007487351656 0 0 0 0 0 0 0.001302464409
511,1785497111.205189228,map,7.2323408127,1.9650253057,-1.2616670132,0.0124977035,0.0426307058,0.7073780297,0.7054379933,0.04292780791 0 0 0 0 0 0 0.04292780791 0 0 0 0 0 0 0.09436586187 0 0 0 0 0 0 0.0007526725091 0 0 0 0 0 0 0.0007526725091 0 0 0 0 0 0 0.001307655808
512,1785497111.305239677,map,7.2331247330,1.9845640659,-1.2555456161,0.0101327870,0.0460787501,0.7071395368,0.7054982505,0.0427340714 0 0 0 0 0 0 0.0427340714 0 0 0 0 0 0 0.09407851306 0 0 0 0 0 0 0.0007481967546 0 0 0 0 0 0 0.0007481967546 0 0 0 0 0 0 0.001301754257
513,1785497111.405312300,map,7.2406587601,2.0187137127,-1.2531176805,0.0060900149,0.0485702730,0.7060812850,0.7064368761,0.04275682645 0 0 0 0 0 0 0.04275682645 0 0 0 0 0 0 0.09411227419 0 0 0 0 0 0 0.0007487222808 0 0 0 0 0 0 0.0007487222808 0 0 0 0 0 0 0.001302447415
514,1785497111.505079508,map,7.2085576057,2.0877287388,-1.2570775747,0.0045803130,0.0526493162,0.7059114848,0.7063257349,0.04250045208 0 0 0 0 0 0 0.04250045208 0 0 0 0 0 0 0.09373172763 0 0 0 0 0 0 0.0007428039216 0 0 0 0 0 0 0.0007428039216 0 0 0 0 0 0 0.001294637805
515,1785497111.604983807,map,7.2267618179,2.1481480598,-1.2520476580,0.0006646255,0.0509609257,0.7058249656,0.7065505337,0.04266173312 0 0 0 0 0 0 0.04266173312 0 0 0 0 0 0 0.09397116696 0 0 0 0 0 0 0.000746526404 0 0 0 0 0 0 0.000746526404 0 0 0 0 0 0 0.001299550707
516,1785497111.705118895,map,7.2321896553,2.1838035583,-1.2605021000,-0.0048693722,0.0476815182,0.7061480365,0.7064401560,0.04263371677 0 0 0 0 0 0 0.04263371677 0 0 0 0 0 0 0.09392958425 0 0 0 0 0 0 0.0007458796049 0 0 0 0 0 0 0.0007458796049 0 0 0 0 0 0 0.00129869728
517,1785497111.805367470,map,7.2010645866,2.2029023170,-1.2555997372,-0.0040741515,0.0452182290,0.7066845601,0.7060705661,0.0425566557 0 0 0 0 0 0 0.0425566557 0 0 0 0 0 0 0.09381518485 0 0 0 0 0 0 0.0007441008856 0 0 0 0 0 0 0.0007441008856 0 0 0 0 0 0 0.001296349865
518,1785497112.004963398,map,7.2185273170,2.2352013588,-1.2562205791,-0.0034166529,0.0444943517,0.7070148453,0.7057893448,0.04281476656 0 0 0 0 0 0 0.04281476656 0 0 0 0 0 0 0.09419822536 0 0 0 0 0 0 0.0007500606046 0 0 0 0 0 0 0.0007500606046 0 0 0 0 0 0 0.001304212372
519,1785497112.105051517,map,7.2024903297,2.2959287167,-1.2587224245,-0.0028257811,0.0457785621,0.7075894517,0.7051336908,0.04270209719 0 0 0 0 0 0 0.04270209719 0 0 0 0 0 0 0.09403106872 0 0 0 0 0 0 0.000747458388 0 0 0 0 0 0 0.000747458388 0 0 0 0 0 0 0.001300780267
520,1785497112.205327511,map,7.2007293701,2.3498241901,-1.2685093880,-0.0053515410,0.0466712261,0.7078054536,0.7048436833,0.04267829263 0 0 0 0 0 0 0.04267829263 0 0 0 0 0 0 0.093995743 0 0 0 0 0 0 0.0007469087368 0 0 0 0 0 0 0.0007469087368 0 0 0 0 0 0 0.001300055138
521,1785497112.305319071,map,7.1924009323,2.3809490204,-1.2634373903,-0.0040517241,0.0492656796,0.7078768111,0.7046040802,0.04278608625 0 0 0 0 0 0 0.04278608625 0 0 0 0 0 0 0.09415568197 0 0 0 0 0 0 0.0007493980993 0 0 0 0 0 0 0.0007493980993 0 0 0 0 0 0 0.00130333872
522,1785497112.405026436,map,7.2276039124,2.4216609001,-1.2544424534,-0.0052180830,0.0475586768,0.7081329254,0.7044563294,0.04281360262 0 0 0 0 0 0 0.04281360262 0 0 0 0 0 0 0.0941964989 0 0 0 0 0 0 0.0007500337166 0 0 0 0 0 0 0.0007500337166 0 0 0 0 0 0 0.001304176916
523,1785497112.505107641,map,7.2082309723,2.4596259594,-1.2638726234,-0.0045618384,0.0459793628,0.7087615802,0.7039333136,0.04259940703 0 0 0 0 0 0 0.04259940703 0 0 0 0 0 0 0.09387865461 0 0 0 0 0 0 0.0007450876058 0 0 0 0 0 0 0.0007450876058 0 0 0 0 0 0 0.001297652145
524,1785497112.605261087,map,7.2033677101,2.4662020206,-1.2600401640,-0.0035648557,0.0447239839,0.7092754354,0.7035022594,0.04282252272 0 0 0 0 0 0 0.04282252272 0 0 0 0 0 0 0.09420972978 0 0 0 0 0 0 0.0007502397814 0 0 0 0 0 0 0.0007502397814 0 0 0 0 0 0 0.001304448638
525,1785497112.705495119,map,7.1970734596,2.4962949753,-1.2585276365,-0.0019170037,0.0445591021,0.7098982435,0.7028906672,0.04257244882 0 0 0 0 0 0 0.04257244882 0 0 0 0 0 0 0.09383863295 0 0 0 0 0 0 0.0007444653795 0 0 0 0 0 0 0.0007444653795 0 0 0 0 0 0 0.001296830951
526,1785497112.805156946,map,7.1924347878,2.4958848953,-1.2585361004,-0.0019714051,0.0443446431,0.7100223616,0.7027787089,0.0428534194 0 0 0 0 0 0 0.0428534194 0 0 0 0 0 0 0.09425555432 0 0 0 0 0 0 0.0007509535839 0 0 0 0 0 0 0.0007509535839 0 0 0 0 0 0 0.001305389805
527,1785497112.905078411,map,7.1998143196,2.4907371998,-1.2593926191,-0.0021398764,0.0440842432,0.7102206711,0.7025942057,0.04275000483 0 0 0 0 0 0 0.04275000483 0 0 0 0 0 0 0.09410215342 0 0 0 0 0 0 0.0007485647314 0 0 0 0 0 0 0.0007485647314 0 0 0 0 0 0 0.001302239617
528,1785497113.004993916,map,7.1972799301,2.4918644428,-1.2606130838,-0.0021737681,0.0441493704,0.7102283777,0.7025821970,0.04244502072 0 0 0 0 0 0 0.04244502072 0 0 0 0 0 0 0.09364939947 0 0 0 0 0 0 0.0007415250472 0 0 0 0 0 0 0.0007415250472 0 0 0 0 0 0 0.001292949269
529,1785497113.105434179,map,7.2031087875,2.4995567799,-1.2607917786,-0.0018182676,0.0436573293,0.7100557449,0.7027884580,0.04278167047 0 0 0 0 0 0 0.04278167047 0 0 0 0 0 0 0.09414913134 0 0 0 0 0 0 0.0007492961026 0 0 0 0 0 0 0.0007492961026 0 0 0 0 0 0 0.001303204207
530,1785497113.205316067,map,7.2145776749,2.5030388832,-1.2586780787,-0.0028281055,0.0422801128,0.7102055353,0.7027179263,0.04296731668 0 0 0 0 0 0 0.04296731668 0 0 0 0 0 0 0.0944244351 0 0 0 0 0 0 0.0007535856471 0 0 0 0 0 0 0.0007535856471 0 0 0 0 0 0 0.001308859314
531,1785497113.305039167,map,7.2252888680,2.5204660892,-1.2603180408,-0.0038792155,0.0412530059,0.7105426134,0.7024331723,0.04258261061 0 0 0 0 0 0 0.04258261061 0 0 0 0 0 0 0.09385371944 0 0 0 0 0 0 0.0007446999179 0 0 0 0 0 0 0.0007446999179 0 0 0 0 0 0 0.001297140497
532,1785497113.404919147,map,7.2111678123,2.5647976398,-1.2613605261,-0.0041191972,0.0411760146,0.7111116106,0.7018602855,0.04276703007 0 0 0 0 0 0 0.04276703007 0 0 0 0 0 0 0.09412741211 0 0 0 0 0 0 0.0007489579471 0 0 0 0 0 0 0.0007489579471 0 0 0 0 0 0 0.001302758235
533,1785497113.505075455,map,7.2052764893,2.5937316418,-1.2604314089,-0.0041518887,0.0408990216,0.7118784191,0.7010985536,0.04291022764 0 0 0 0 0 0 0.04291022764 0 0 0 0 0 0 0.09433979565 0 0 0 0 0 0 0.0007522662321 0 0 0 0 0 0 0.0007522662321 0 0 0 0 0 0 0.001307120283
534,1785497113.605394602,map,7.2002716064,2.5955491066,-1.2605539560,-0.0038992747,0.0404743056,0.7121407515,0.7008581584,0.04274781006 0 0 0 0 0 0 0.04274781006 0 0 0 0 0 0 0.09409889713 0 0 0 0 0 0 0.0007485140425 0 0 0 0 0 0 0.0007485140425 0 0 0 0 0 0 0.00130217276
535,1785497113.705170393,map,7.2040591240,2.5578224659,-1.2657253742,-0.0041825933,0.0394681621,0.7123659921,0.7006849812,0.0430674844 0 0 0 0 0 0 0.0430674844 0 0 0 0 0 0 0.09457289822 0 0 0 0 0 0 0.0007559013492 0 0 0 0 0 0 0.0007559013492 0 0 0 0 0 0 0.001311910597
536,1785497113.805078268,map,7.2166295052,2.5769741535,-1.2695403099,-0.0045055332,0.0384082956,0.7126584061,0.7004445050,0.04282648018 0 0 0 0 0 0 0.04282648018 0 0 0 0 0 0 0.09421559961 0 0 0 0 0 0 0.0007503312057 0 0 0 0 0 0 0.0007503312057 0 0 0 0 0 0 0.001304569189
537,1785497113.904969931,map,7.2049732208,2.6087543964,-1.2684931755,-0.0029124702,0.0374554368,0.7131884470,0.6999649080,0.04279109904 0 0 0 0 0 0 0.04279109904 0 0 0 0 0 0 0.0941631181 0 0 0 0 0 0 0.0007495138879 0 0 0 0 0 0 0.0007495138879 0 0 0 0 0 0 0.001303491418
538,1785497114.005290508,map,7.2062339783,2.6162579060,-1.2678183317,-0.0022605327,0.0370777300,0.7135208404,0.6996485825,0.04251348406 0 0 0 0 0 0 0.04251348406 0 0 0 0 0 0 0.09375108053 0 0 0 0 0 0 0.0007431046253 0 0 0 0 0 0 0.0007431046253 0 0 0 0 0 0 0.001295034782
539,1785497114.105437279,map,7.2086200714,2.6368067265,-1.2692826986,-0.0012750642,0.0366015809,0.7140049863,0.6991820809,0.04254665689 0 0 0 0 0 0 0.04254665689 0 0 0 0 0 0 0.09380033886 0 0 0 0 0 0 0.0007438701315 0 0 0 0 0 0 0.0007438701315 0 0 0 0 0 0 0.001296045284
540,1785497114.205138445,map,7.2026228905,2.6438734531,-1.2713947296,-0.0009711393,0.0363977004,0.7140563991,0.6991406915,0.04270042783 0 0 0 0 0 0 0.04270042783 0 0 0 0 0 0 0.09402859151 0 0 0 0 0 0 0.0007474198406 0 0 0 0 0 0 0.0007474198406 0 0 0 0 0 0 0.001300729415
541,1785497114.304967880,map,7.2090930939,2.6507208347,-1.2734524012,-0.0010059967,0.0364286818,0.7142843498,0.6989061623,0.04273863921 0 0 0 0 0 0 0.04273863921 0 0 0 0 0 0 0.09408529044 0 0 0 0 0 0 0.0007483022442 0 0 0 0 0 0 0.0007483022442 0 0 0 0 0 0 0.0013018934
542,1785497114.405033112,map,7.2031555176,2.6553137302,-1.2750968933,-0.0012842633,0.0373731706,0.7145016158,0.6986337004,0.04266115903 0 0 0 0 0 0 0.04266115903 0 0 0 0 0 0 0.09397031493 0 0 0 0 0 0 0.0007465131497 0 0 0 0 0 0 0.0007465131497 0 0 0 0 0 0 0.001299533219
543,1785497114.505339622,map,7.2046298981,2.6613526344,-1.2736754417,-0.0017186499,0.0374049597,0.7146473724,0.6984819521,0.04274319568 0 0 0 0 0 0 0.04274319568 0 0 0 0 0 0 0.09409205089 0 0 0 0 0 0 0.0007484074739 0 0 0 0 0 0 0.0007484074739 0 0 0 0 0 0 0.001302032198
544,1785497114.605224609,map,7.2005138397,2.6949872971,-1.2713490725,-0.0028965052,0.0368457749,0.7149251422,0.6982234936,0.0428742948 0 0 0 0 0 0 0.0428742948 0 0 0 0 0 0 0.0942865127 0 0 0 0 0 0 0.0007514359122 0 0 0 0 0 0 0.0007514359122 0 0 0 0 0 0 0.001306025706
545,1785497114.704971075,map,7.1922535896,2.7131872177,-1.2714638710,-0.0031687921,0.0367446913,0.7149925322,0.6981586220,0.0425450827 0 0 0 0 0 0 0.0425450827 0 0 0 0 0 0 0.09379800148 0 0 0 0 0 0 0.0007438338027 0 0 0 0 0 0 0.0007438338027 0 0 0 0 0 0 0.001295997332
546,1785497114.804940224,map,7.1378660202,2.6612079144,-1.2715842724,-0.0030164905,0.0366852257,0.7124878424,0.7007183256,0.0425906198 0 0 0 0 0 0 0.0425906198 0 0 0 0 0 0 0.09386560971 0 0 0 0 0 0 0.0007448847796 0 0 0 0 0 0 0.0007448847796 0 0 0 0 0 0 0.001297384471
547,1785497114.905382633,map,7.1949644089,2.6991600990,-1.2685912848,-0.0050678885,0.0363194296,0.7089396076,0.7043151428,0.04300634628 0 0 0 0 0 0 0.04300634628 0 0 0 0 0 0 0.09448228932 0 0 0 0 0 0 0.0007544878412 0 0 0 0 0 0 0.0007544878412 0 0 0 0 0 0 0.001310048224
548,1785497115.005295038,map,7.1759996414,2.7288086414,-1.2852466106,-0.0064705775,0.0371362761,0.7058854037,0.7073222749,0.04286405157 0 0 0 0 0 0 0.04286405157 0 0 0 0 0 0 0.09427132222 0 0 0 0 0 0 0.0007511992367 0 0 0 0 0 0 0.0007511992367 0 0 0 0 0 0 0.001305713679
549,1785497115.105091333,map,7.1808466911,2.7367115021,-1.2646180391,-0.0052897298,0.0376239368,0.7024785929,0.7106899999,0.04283029848 0 0 0 0 0 0 0.04283029848 0 0 0 0 0 0 0.09422126294 0 0 0 0 0 0 0.0007504194162 0 0 0 0 0 0 0.0007504194162 0 0 0 0 0 0 0.001304685501
550,1785497115.204934835,map,7.1502218246,2.7172145844,-1.2550730705,-0.0087997492,0.0381682164,0.6960295157,0.7169439768,0.04263979588 0 0 0 0 0 0 0.04263979588 0 0 0 0 0 0 0.09393860742 0 0 0 0 0 0 0.0007460199443 0 0 0 0 0 0 0.0007460199443 0 0 0 0 0 0 0.00129888246
551,1785497115.305220127,map,7.0967793465,2.7724227905,-1.2700142860,-0.0105738715,0.0374366489,0.6846029131,0.7278774236,0.04298671922 0 0 0 0 0 0 0.04298671922 0 0 0 0 0 0 0.09445319687 0 0 0 0 0 0 0.0007540341328 0 0 0 0 0 0 0.0007540341328 0 0 0 0 0 0 0.001309450349
552,1785497115.405294895,map,7.0787229538,2.8696637154,-1.2942208052,-0.0015049320,0.0408555077,0.6720455354,0.7393803753,0.04319676527 0 0 0 0 0 0 0.04319676527 0 0 0 0 0 0 0.09476442832 0 0 0 0 0 0 0.0007588913599 0 0 0 0 0 0 0.0007588913599 0 0 0 0 0 0 0.001315848718
553,1785497115.505146980,map,7.1061964035,2.7781865597,-1.2432260513,-0.0043954254,0.0427007020,0.6526109288,0.7564762442,0.04308470603 0 0 0 0 0 0 0.04308470603 0 0 0 0 0 0 0.09459841752 0 0 0 0 0 0 0.0007562995694 0 0 0 0 0 0 0.0007562995694 0 0 0 0 0 0 0.001312435198
554,1785497115.605054617,map,7.1565656662,2.8269448280,-1.2512071133,-0.0089636262,0.0432635764,0.6363133640,0.7701644035,0.04288776092 0 0 0 0 0 0 0.04288776092 0 0 0 0 0 0 0.09430648177 0 0 0 0 0 0 0.0007517470683 0 0 0 0 0 0 0.0007517470683 0 0 0 0 0 0 0.001306435907
555,1785497115.705045700,map,7.1317639351,2.9167380333,-1.2611927986,-0.0114712264,0.0421443864,0.6243452218,0.7799264688,0.0427582526 0 0 0 0 0 0 0.0427582526 0 0 0 0 0 0 0.09411439003 0 0 0 0 0 0 0.000748755219 0 0 0 0 0 0 0.000748755219 0 0 0 0 0 0 0.001302490858
556,1785497115.805191994,map,7.1826462746,2.9381790161,-1.2629915476,-0.0122081717,0.0389950684,0.6175747117,0.7854500738,0.04308464361 0 0 0 0 0 0 0.04308464361 0 0 0 0 0 0 0.09459832503 0 0 0 0 0 0 0.000756298126 0 0 0 0 0 0 0.000756298126 0 0 0 0 0 0 0.001312433297
557,1785497115.905182600,map,7.2104148865,2.9667813778,-1.2586255074,-0.0141155999,0.0366089157,0.6111004080,0.7905800550,0.04283737309 0 0 0 0 0 0 0.04283737309 0 0 0 0 0 0 0.09423175584 0 0 0 0 0 0 0.0007505828576 0 0 0 0 0 0 0.0007505828576 0 0 0 0 0 0 0.001304901006
558,1785497116.004913807,map,7.1113061905,3.0129005909,-1.2764763832,-0.0169378861,0.0361892468,0.6057391434,0.7946593814,0.04305876397 0 0 0 0 0 0 0.04305876397 0 0 0 0 0 0 0.09455997551 0 0 0 0 0 0 0.0007556997143 0 0 0 0 0 0 0.0007556997143 0 0 0 0 0 0 0.001311644958
559,1785497116.105063200,map,7.1561813354,3.0626137257,-1.2685331106,-0.0141884839,0.0342707387,0.5933418203,0.8040955737,0.04307671936 0 0 0 0 0 0 0.04307671936 0 0 0 0 0 0 0.09458658294 0 0 0 0 0 0 0.0007561148885 0 0 0 0 0 0 0.0007561148885 0 0 0 0 0 0 0.00131219191
560,1785497116.205296993,map,7.1400151253,3.0913527012,-1.2656266689,-0.0139952245,0.0338285149,0.5810882196,0.8130167592,0.04300206532 0 0 0 0 0 0 0.04300206532 0 0 0 0 0 0 0.094475944 0 0 0 0 0 0 0.0007543888777 0 0 0 0 0 0 0.0007543888777 0 0 0 0 0 0 0.001309917818
561,1785497116.305266380,map,7.1789984703,3.0937955379,-1.2622365952,-0.0159372422,0.0311080342,0.5694388155,0.8212902872,0.04276878713 0 0 0 0 0 0 0.04276878713 0 0 0 0 0 0 0.09413001879 0 0 0 0 0 0 0.0007489985296 0 0 0 0 0 0 0.0007489985296 0 0 0 0 0 0 0.001302811758
562,1785497116.805081129,map,7.1779947281,3.0883624554,-1.2534221411,-0.0230178365,0.0247359122,0.5215732494,0.8525371836,0.04319334454 0 0 0 0 0 0 0.04319334454 0 0 0 0 0 0 0.09475936169 0 0 0 0 0 0 0.0007588122269 0 0 0 0 0 0 0.0007588122269 0 0 0 0 0 0 0.001315744517
563,1785497116.904874563,map,7.1962094307,3.0844886303,-1.2684578896,-0.0295266424,0.0242358307,0.5116188047,0.8583629761,0.04277841427 0 0 0 0 0 0 0.04277841427 0 0 0 0 0 0 0.09414430084 0 0 0 0 0 0 0.0007492208913 0 0 0 0 0 0 0.0007492208913 0 0 0 0 0 0 0.001303105018
564,1785497117.005002499,map,7.2128710747,3.0960714817,-1.2772119045,-0.0320941684,0.0247103940,0.5080637829,0.8603665094,0.0427190309 0 0 0 0 0 0 0.0427190309 0 0 0 0 0 0 0.09405619621 0 0 0 0 0 0 0.0007478494198 0 0 0 0 0 0 0.0007478494198 0 0 0 0 0 0 0.001301296097
565,1785497117.105337143,map,7.1337103844,3.1166598797,-1.2731462717,-0.0320483242,0.0274924510,0.4997189731,0.8651577935,0.04288968759 0 0 0 0 0 0 0.04288968759 0 0 0 0 0 0 0.09430933876 0 0 0 0 0 0 0.0007517915883 0 0 0 0 0 0 0.0007517915883 0 0 0 0 0 0 0.001306494597
566,1785497117.205237627,map,7.1282601357,3.1100277901,-1.2660543919,-0.0345675226,0.0265039442,0.4880555532,0.8717249563,0.0426605397 0 0 0 0 0 0 0.0426605397 0 0 0 0 0 0 0.09396939575 0 0 0 0 0 0 0.0007464988508 0 0 0 0 0 0 0.0007464988508 0 0 0 0 0 0 0.001299514353
567,1785497117.305128813,map,7.1597886086,3.1359479427,-1.2665158510,-0.0354611256,0.0260775223,0.4802310313,0.8760368981,0.0427224272 0 0 0 0 0 0 0.0427224272 0 0 0 0 0 0 0.09406123569 0 0 0 0 0 0 0.0007479278499 0 0 0 0 0 0 0.0007479278499 0 0 0 0 0 0 0.001301399554
568,1785497117.404879570,map,7.1691479683,3.1714763641,-1.2926745415,-0.0337270870,0.0260265355,0.4794520627,0.8765334079,0.04277663076 0 0 0 0 0 0 0.04277663076 0 0 0 0 0 0 0.094141655 0 0 0 0 0 0 0.0007491796962 0 0 0 0 0 0 0.0007491796962 0 0 0 0 0 0 0.001303050689
569,1785497117.505143166,map,7.1728219986,3.1863262653,-1.2883770466,-0.0319617513,0.0266147768,0.4843617860,0.8738785693,0.04268333481 0 0 0 0 0 0 0.04268333481 0 0 0 0 0 0 0.09400322581 0 0 0 0 0 0 0.0007470251575 0 0 0 0 0 0 0.0007470251575 0 0 0 0 0 0 0.001300208732
570,1785497117.605418205,map,7.1600923538,3.2286107540,-1.2849051952,-0.0276469020,0.0286316117,0.4828157679,0.8748170287,0.04275278774 0 0 0 0 0 0 0.04275278774 0 0 0 0 0 0 0.09410628227 0 0 0 0 0 0 0.0007486290039 0 0 0 0 0 0 0.0007486290039 0 0 0 0 0 0 0.001302324389
571,1785497117.705271006,map,7.1927175522,3.2173690796,-1.2643893957,-0.0229710740,0.0314816099,0.4802959735,0.8762402685,0.04289361388 0 0 0 0 0 0 0.04289361388 0 0 0 0 0 0 0.09431516087 0 0 0 0 0 0 0.000751882315 0 0 0 0 0 0 0.000751882315 0 0 0 0 0 0 0.001306614198
572,1785497117.804958582,map,7.2170782089,3.2827973366,-1.2705731392,-0.0197526411,0.0380677910,0.4765449042,0.8781034406,0.04284307423 0 0 0 0 0 0 0.04284307423 0 0 0 0 0 0 0.09424021144 0 0 0 0 0 0 0.0007507145716 0 0 0 0 0 0 0.0007507145716 0 0 0 0 0 0 0.001305074673
573,1785497117.904964209,map,7.2737140656,3.3261513710,-1.2721612453,-0.0154855654,0.0358229458,0.4738256542,0.8797534674,0.04274468844 0 0 0 0 0 0 0.04274468844 0 0 0 0 0 0 0.09409426567 0 0 0 0 0 0 0.0007484419487 0 0 0 0 0 0 0.0007484419487 0 0 0 0 0 0 0.00130207767
574,1785497118.005239964,map,7.3482379913,3.4439485073,-1.2902153730,-0.0146204140,0.0274102961,0.4685366559,0.8828976852,0.04285788202 0 0 0 0 0 0 0.04285788202 0 0 0 0 0 0 0.09426217263 0 0 0 0 0 0 0.0007510566902 0 0 0 0 0 0 0.0007510566902 0 0 0 0 0 0 0.001305525744
575,1785497118.105299234,map,7.3972725868,3.4078524113,-1.2565873861,-0.0108526157,0.0310148826,0.4649511126,0.8847263740,0.04286646133 0 0 0 0 0 0 0.04286646133 0 0 0 0 0 0 0.09427489589 0 0 0 0 0 0 0.0007512549147 0 0 0 0 0 0 0.0007512549147 0 0 0 0 0 0 0.001305787084
576,1785497118.204980612,map,7.4327983856,3.6297938824,-1.2750719786,-0.0128636179,0.0314717848,0.4608127171,0.8868459115,0.04272888284 0 0 0 0 0 0 0.04272888284 0 0 0 0 0 0 0.09407081451 0 0 0 0 0 0 0.0007480769315 0 0 0 0 0 0 0.0007480769315 0 0 0 0 0 0 0.001301596204
577,1785497118.304918528,map,7.4618048668,3.5934340954,-1.3008134365,-0.0214858232,0.0366669440,0.4526422617,0.8906788810,0.04296131887 0 0 0 0 0 0 0.04296131887 0 0 0 0 0 0 0.09441554368 0 0 0 0 0 0 0.0007534470153 0 0 0 0 0 0 0.0007534470153 0 0 0 0 0 0 0.00130867661
578,1785497118.405164719,map,7.5775561333,3.6937198639,-1.2962001562,-0.0226220506,0.0381121885,0.4456425113,0.8941132181,0.04269053206 0 0 0 0 0 0 0.04269053206 0 0 0 0 0 0 0.09401390659 0 0 0 0 0 0 0.0007471913412 0 0 0 0 0 0 0.0007471913412 0 0 0 0 0 0 0.001300427973
579,1785497118.905445814,map,7.6448230743,3.9099404812,-1.3068041801,-0.0122403534,0.0638805784,0.4812883430,0.8741458573,0.04285451734 0 0 0 0 0 0 0.04285451734 0 0 0 0 0 0 0.09425718263 0 0 0 0 0 0 0.0007509789509 0 0 0 0 0 0 0.0007509789509 0 0 0 0 0 0 0.00130542325
580,1785497119.005136967,map,7.6668434143,3.9265153408,-1.3074766397,-0.0122385930,0.0662690109,0.4833667375,0.8728202679,0.04274028457 0 0 0 0 0 0 0.04274028457 0 0 0 0 0 0 0.09408773169 0 0 0 0 0 0 0.000748340243 0 0 0 0 0 0 0.000748340243 0 0 0 0 0 0 0.001301943521
581,1785497119.104986191,map,7.7448778152,3.9411649704,-1.3077684641,-0.0177437578,0.0663671284,0.4856224650,0.8714650821,0.04280048292 0 0 0 0 0 0 0.04280048292 0 0 0 0 0 0 0.09417703808 0 0 0 0 0 0 0.0007497306486 0 0 0 0 0 0 0.0007497306486 0 0 0 0 0 0 0.001303777267
582,1785497119.204993725,map,7.7479290962,4.0878052711,-1.3279879093,-0.0183984189,0.0672054149,0.4879708616,0.8700743557,0.04283227416 0 0 0 0 0 0 0.04283227416 0 0 0 0 0 0 0.09422419326 0 0 0 0 0 0 0.000750465059 0 0 0 0 0 0 0.000750465059 0 0 0 0 0 0 0.001304745684
583,1785497119.305099964,map,7.7824187279,4.1049623489,-1.3279308081,-0.0249784258,0.0691348528,0.4926867497,0.8670964236,0.04251844227 0 0 0 0 0 0 0.04251844227 0 0 0 0 0 0 0.09375844338 0 0 0 0 0 0 0.0007432190364 0 0 0 0 0 0 0.0007432190364 0 0 0 0 0 0 0.001295185818
584,1785497119.405310392,map,7.7893710136,4.1753854752,-1.3571335077,-0.0147069563,0.0635658275,0.4976026171,0.8649478162,0.04352446939 0 0 0 0 0 0 0.04352446939 0 0 0 0 0 0 0.09524950714 0 0 0 0 0 0 0.0007664768441 0 0 0 0 0 0 0.0007664768441 0 0 0 0 0 0 0.001325831156
585,1785497119.505131721,map,7.9141364098,4.1617865562,-1.3029929399,-0.0083727275,0.0606020612,0.5047871573,0.8610732854,0.04271247725 0 0 0 0 0 0 0.04271247725 0 0 0 0 0 0 0.09404647162 0 0 0 0 0 0 0.0007476980807 0 0 0 0 0 0 0.0007476980807 0 0 0 0 0 0 0.001301096461
586,1785497119.604910612,map,7.9147129059,4.3485031128,-1.3612827063,-0.0104769310,0.0642369463,0.5088070544,0.8584166992,0.04291677476 0 0 0 0 0 0 0.04291677476 0 0 0 0 0 0 0.09434950325 0 0 0 0 0 0 0.0007524175317 0 0 0 0 0 0 0.0007524175317 0 0 0 0 0 0 0.001307319719
587,1785497119.704880476,map,7.9210891724,4.3034324646,-1.3513617516,-0.0092828484,0.0659456551,0.5114785182,0.8567115735,0.04265098896 0 0 0 0 0 0 0.04265098896 0 0 0 0 0 0 0.09395522069 0 0 0 0 0 0 0.0007462783511 0 0 0 0 0 0 0.0007462783511 0 0 0 0 0 0 0.001299223421
588,1785497119.805321932,map,7.9323611259,4.4569993019,-1.3731940985,-0.0053612933,0.0774960813,0.5123702746,0.8552440061,0.0430167719 0 0 0 0 0 0 0.0430167719 0 0 0 0 0 0 0.09449774195 0 0 0 0 0 0 0.0007547288581 0 0 0 0 0 0 0.0007547288581 0 0 0 0 0 0 0.001310365806
589,1785497119.905354261,map,7.9677839279,4.4738521576,-1.3493967056,-0.0020545615,0.0729680884,0.5118923854,0.8559425340,0.04270944267 0 0 0 0 0 0 0.04270944267 0 0 0 0 0 0 0.09404196868 0 0 0 0 0 0 0.0007476280061 0 0 0 0 0 0 0.0007476280061 0 0 0 0 0 0 0.001301004023
590,1785497120.005053043,map,7.9774661064,4.5109577179,-1.3695704937,-0.0028280189,0.0710455955,0.5138321693,0.8549391967,0.04242603779 0 0 0 0 0 0 0.04242603779 0 0 0 0 0 0 0.09362120148 0 0 0 0 0 0 0.0007410871477 0 0 0 0 0 0 0.0007410871477 0 0 0 0 0 0 0.001292371016
591,1785497120.105003834,map,8.0270338058,4.5043225288,-1.3615394831,-0.0079535376,0.0686401188,0.5149092480,0.8544552343,0.04248654622 0 0 0 0 0 0 0.04248654622 0 0 0 0 0 0 0.09371107591 0 0 0 0 0 0 0.00074248307 0 0 0 0 0 0 0.00074248307 0 0 0 0 0 0 0.001294214208
592,1785497120.204927683,map,8.0850296021,4.6009402275,-1.3819754124,-0.0089652910,0.0722318903,0.5107382232,0.8566496550,0.04272121462 0 0 0 0 0 0 0.04272121462 0 0 0 0 0 0 0.09405943645 0 0 0 0 0 0 0.0007478998479 0 0 0 0 0 0 0.0007478998479 0 0 0 0 0 0 0.001301362617
593,1785497120.805334330,map,8.1564416885,4.8195562363,-1.3973678350,-0.0071662377,0.0719767701,0.5292591117,0.8453713839,0.04270330619 0 0 0 0 0 0 0.04270330619 0 0 0 0 0 0 0.09403286278 0 0 0 0 0 0 0.0007474863054 0 0 0 0 0 0 0.0007474863054 0 0 0 0 0 0 0.001300817095
594,1785497120.905051231,map,8.1182842255,4.8977708817,-1.4198271036,-0.0055420980,0.0749377240,0.5444002550,0.8354531650,0.04261089617 0 0 0 0 0 0 0.04261089617 0 0 0 0 0 0 0.09389570993 0 0 0 0 0 0 0.0007453528075 0 0 0 0 0 0 0.0007453528075 0 0 0 0 0 0 0.001298002125
595,1785497121.005091429,map,8.1295356750,4.8834080696,-1.4001429081,0.0017862467,0.0727124080,0.5542984752,0.8291338318,0.04259531752 0 0 0 0 0 0 0.04259531752 0 0 0 0 0 0 0.09387258367 0 0 0 0 0 0 0.0007449932112 0 0 0 0 0 0 0.0007449932112 0 0 0 0 0 0 0.001297527572
596,1785497121.104875565,map,8.0733242035,4.9981803894,-1.4100482464,0.0041692923,0.0696398789,0.5642167879,0.8226738865,0.04284255822 0 0 0 0 0 0 0.04284255822 0 0 0 0 0 0 0.09423944613 0 0 0 0 0 0 0.0007507026499 0 0 0 0 0 0 0.0007507026499 0 0 0 0 0 0 0.001305058954
597,1785497121.205306053,map,8.1191902161,5.0195622444,-1.4051276445,0.0075075032,0.0677387463,0.5781295474,0.8130936975,0.04276584552 0 0 0 0 0 0 0.04276584552 0 0 0 0 0 0 0.09412565477 0 0 0 0 0 0 0.000748930588 0 0 0 0 0 0 0.000748930588 0 0 0 0 0 0 0.001302722152
598,1785497121.305306196,map,8.1925401688,5.0723829269,-1.3975741863,0.0093876708,0.0645762186,0.5876065810,0.8065111689,0.04270206124 0 0 0 0 0 0 0.04270206124 0 0 0 0 0 0 0.09403101537 0 0 0 0 0 0 0.0007474575579 0 0 0 0 0 0 0.0007474575579 0 0 0 0 0 0 0.001300779171
599,1785497121.405102015,map,8.1863145828,5.0711030960,-1.4104502201,0.0085663017,0.0604600960,0.5940027422,0.8021420848,0.04259003495 0 0 0 0 0 0 0.04259003495 0 0 0 0 0 0 0.09386474147 0 0 0 0 0 0 0.0007448712804 0 0 0 0 0 0 0.0007448712804 0 0 0 0 0 0 0.001297366656
600,1785497121.504894733,map,8.2236738205,5.0799136162,-1.4093664885,0.0086699165,0.0567819851,0.5996773047,0.7981777715,0.0429142299 0 0 0 0 0 0 0.0429142299 0 0 0 0 0 0 0.09434572995 0 0 0 0 0 0 0.0007523587214 0 0 0 0 0 0 0.0007523587214 0 0 0 0 0 0 0.001307242199
601,1785497121.604983091,map,8.2398118973,5.0996899605,-1.4166456461,0.0101978718,0.0608954689,0.6072638507,0.7920974304,0.04249537459 0 0 0 0 0 0 0.04249537459 0 0 0 0 0 0 0.09372418713 0 0 0 0 0 0 0.0007426867662 0 0 0 0 0 0 0.0007426867662 0 0 0 0 0 0 0.001294483136
602,1785497121.705413580,map,8.1869916916,5.1203041077,-1.4138433933,0.0143559079,0.0622674528,0.6104647295,0.7894615095,0.04273237684 0 0 0 0 0 0 0.04273237684 0 0 0 0 0 0 0.09407599877 0 0 0 0 0 0 0.0007481576208 0 0 0 0 0 0 0.0007481576208 0 0 0 0 0 0 0.001301702638
603,1785497121.805203199,map,8.1967639923,5.1850943565,-1.4304746389,0.0196525897,0.0606128853,0.6155640199,0.7855066922,0.04271785794 0 0 0 0 0 0 0.04271785794 0 0 0 0 0 0 0.09405445575 0 0 0 0 0 0 0.0007478223333 0 0 0 0 0 0 0.0007478223333 0 0 0 0 0 0 0.001301260367
604,1785497121.904988527,map,8.2290830612,5.1900768280,-1.4189958572,0.0208242065,0.0581335082,0.6176411903,0.7840320215,0.04297826789 0 0 0 0 0 0 0.04297826789 0 0 0 0 0 0 0.09444066912 0 0 0 0 0 0 0.0007538387782 0 0 0 0 0 0 0.0007538387782 0 0 0 0 0 0 0.001309192907
605,1785497122.004909277,map,8.2555646896,5.2196254730,-1.4104207754,0.0200935244,0.0545801927,0.6221277644,0.7807523955,0.04273130481 0 0 0 0 0 0 0.04273130481 0 0 0 0 0 0 0.09407440813 0 0 0 0 0 0 0.0007481328634 0 0 0 0 0 0 0.0007481328634 0 0 0 0 0 0 0.001301669981
606,1785497122.105171204,map,8.2584209442,5.2485070229,-1.4318755865,0.0161640232,0.0619889181,0.6344628335,0.7702941042,0.04292523136 0 0 0 0 0 0 0.04292523136 0 0 0 0 0 0 0.09436204174 0 0 0 0 0 0 0.0007526129639 0 0 0 0 0 0 0.0007526129639 0 0 0 0 0 0 0.001307577322
607,1785497122.205300808,map,8.2983837128,5.2342720032,-1.4160112143,0.0152621700,0.0622047100,0.6419411871,0.7640740465,0.04272002137 0 0 0 0 0 0 0.04272002137 0 0 0 0 0 0 0.09405766589 0 0 0 0 0 0 0.0007478722924 0 0 0 0 0 0 0.0007478722924 0 0 0 0 0 0 0.001301326268
608,1785497122.305103064,map,8.2785615921,5.3819413185,-1.4353677034,0.0131326808,0.0657210900,0.6524861802,0.7548311445,0.04285393681 0 0 0 0 0 0 0.04285393681 0 0 0 0 0 0 0.09425632168 0 0 0 0 0 0 0.0007509655384 0 0 0 0 0 0 0.0007509655384 0 0 0 0 0 0 0.001305405566
609,1785497122.404979706,map,8.3053684235,5.3949069977,-1.4338991642,0.0056737645,0.0640836465,0.6552481518,0.7526692238,0.04280443202 0 0 0 0 0 0 0.04280443202 0 0 0 0 0 0 0.094182896 0 0 0 0 0 0 0.0007498218722 0 0 0 0 0 0 0.0007498218722 0 0 0 0 0 0 0.001303897564
610,1785497122.505038738,map,8.3041744232,5.4126257896,-1.4330641031,0.0023981457,0.0656396548,0.6564598564,0.7514959407,0.04272289089 0 0 0 0 0 0 0.04272289089 0 0 0 0 0 0 0.09406192372 0 0 0 0 0 0 0.0007479385579 0 0 0 0 0 0 0.0007479385579 0 0 0 0 0 0 0.001301413679
611,1785497122.604972363,map,8.2957992554,5.4795398712,-1.4325133562,-0.0004536432,0.0619467305,0.6625714599,0.7464324846,0.04285231432 0 0 0 0 0 0 0.04285231432 0 0 0 0 0 0 0.09425391541 0 0 0 0 0 0 0.000750928052 0 0 0 0 0 0 0.000750928052 0 0 0 0 0 0 0.001305356142
612,1785497122.705132484,map,8.2706756592,5.5344681740,-1.4244791269,-0.0000104746,0.0621305291,0.6698056834,0.7399325271,0.04280304947 0 0 0 0 0 0 0.04280304947 0 0 0 0 0 0 0.0941808452 0 0 0 0 0 0 0.0007497899354 0 0 0 0 0 0 0.0007497899354 0 0 0 0 0 0 0.001303855449
613,1785497123.105256796,map,8.2668037415,5.5690608025,-1.4357664585,0.0013941854,0.0631531333,0.6905683915,0.7205033226,0.0427584542 0 0 0 0 0 0 0.0427584542 0 0 0 0 0 0 0.09411468914 0 0 0 0 0 0 0.0007487598754 0 0 0 0 0 0 0.0007487598754 0 0 0 0 0 0 0.001302496999
614,1785497123.304895163,map,8.2941970825,5.5994277000,-1.4390929937,0.0024956032,0.0532217221,0.7040205039,0.7081781842,0.04295200048 0 0 0 0 0 0 0.04295200048 0 0 0 0 0 0 0.0944017293 0 0 0 0 0 0 0.0007532316389 0 0 0 0 0 0 0.0007532316389 0 0 0 0 0 0 0.001308392756
615,1785497123.404837370,map,8.2655830383,5.6389203072,-1.4489754438,0.0047132835,0.0546383118,0.7120846613,0.6999484823,0.04303937082 0 0 0 0 0 0 0.04303937082 0 0 0 0 0 0 0.09453123548 0 0 0 0 0 0 0.0007552513261 0 0 0 0 0 0 0.0007552513261 0 0 0 0 0 0 0.001311054209
616,1785497123.505271673,map,8.2532186508,5.6871929169,-1.4311345816,0.0095659827,0.0526102540,0.7201859928,0.6917172867,0.04275528363 0 0 0 0 0 0 0.04275528363 0 0 0 0 0 0 0.09410998524 0 0 0 0 0 0 0.0007486866481 0 0 0 0 0 0 0.0007486866481 0 0 0 0 0 0 0.001302400418
617,1785497123.605357885,map,8.2672424316,5.7204451561,-1.4405326843,0.0125978756,0.0515754758,0.7256131804,0.6860516007,0.04297149093 0 0 0 0 0 0 0.04297149093 0 0 0 0 0 0 0.09443062307 0 0 0 0 0 0 0.0007536821313 0 0 0 0 0 0 0.0007536821313 0 0 0 0 0 0 0.001308986469
618,1785497123.705027342,map,8.3100814819,5.7156229019,-1.4269465208,0.0121934251,0.0543546961,0.7319882519,0.6790361311,0.04291213698 0 0 0 0 0 0 0.04291213698 0 0 0 0 0 0 0.09434262671 0 0 0 0 0 0 0.0007523103554 0 0 0 0 0 0 0.0007523103554 0 0 0 0 0 0 0.001307178445
619,1785497123.804818392,map,8.2468242645,5.9265041351,-1.4409677982,0.0044720589,0.0553834948,0.7367945973,0.6738296661,0.0428594358 0 0 0 0 0 0 0.0428594358 0 0 0 0 0 0 0.09426447695 0 0 0 0 0 0 0.0007510925898 0 0 0 0 0 0 0.0007510925898 0 0 0 0 0 0 0.001305573075
620,1785497123.905067444,map,8.2882022858,5.9505782127,-1.4102884531,0.0124811581,0.0512505938,0.7363711755,0.6745183782,0.042610881 0 0 0 0 0 0 0.042610881 0 0 0 0 0 0 0.0938956874 0 0 0 0 0 0 0.0007453524571 0 0 0 0 0 0 0.0007453524571 0 0 0 0 0 0 0.001298001662
621,1785497124.005300283,map,8.2501859665,6.1193947792,-1.4599367380,0.0089626472,0.0513237117,0.7392392618,0.6714244901,0.0428953234 0 0 0 0 0 0 0.0428953234 0 0 0 0 0 0 0.0943176958 0 0 0 0 0 0 0.0007519218181 0 0 0 0 0 0 0.0007519218181 0 0 0 0 0 0 0.001306666273
622,1785497124.105112791,map,8.1467857361,6.3756117821,-1.5009640455,-0.0024044203,0.0513900108,0.7407812089,0.6697734552,0.04302363527 0 0 0 0 0 0 0.04302363527 0 0 0 0 0 0 0.09450791434 0 0 0 0 0 0 0.0007548875287 0 0 0 0 0 0 0.0007548875287 0 0 0 0 0 0 0.001310574876
623,1785497124.205027819,map,8.2326345444,6.3119778633,-1.4467439651,0.0020362699,0.0512020886,0.7410448000,0.6694974319,0.04274098591 0 0 0 0 0 0 0.04274098591 0 0 0 0 0 0 0.09408877226 0 0 0 0 0 0 0.00074835644 0 0 0 0 0 0 0.00074835644 0 0 0 0 0 0 0.001301964885
624,1785497124.304841280,map,8.2468738556,6.4459180832,-1.4490536451,0.0016841359,0.0556785740,0.7402508262,0.6700192511,0.04300235874 0 0 0 0 0 0 0.04300235874 0 0 0 0 0 0 0.09447637892 0 0 0 0 0 0 0.0007543956607 0 0 0 0 0 0 0.0007543956607 0 0 0 0 0 0 0.001309926756
625,1785497124.405098915,map,8.3000869751,6.5385322571,-1.4227101803,0.0028339752,0.0540883569,0.7393543528,0.6711345338,0.04266697466 0 0 0 0 0 0 0.04266697466 0 0 0 0 0 0 0.09397894612 0 0 0 0 0 0 0.0007466474203 0 0 0 0 0 0 0.0007466474203 0 0 0 0 0 0 0.001299710373
626,1785497124.505225420,map,8.2413148880,6.6145529747,-1.4669817686,0.0158050999,0.0536875037,0.7419607954,0.6681033175,0.04304949535 0 0 0 0 0 0 0.04304949535 0 0 0 0 0 0 0.09454623996 0 0 0 0 0 0 0.0007554854107 0 0 0 0 0 0 0.0007554854107 0 0 0 0 0 0 0.00131136262
627,1785497124.605076075,map,8.2423715591,6.6784071922,-1.4474684000,0.0229563778,0.0418225495,0.7443212740,0.6661153995,0.04267765003 0 0 0 0 0 0 0.04267765003 0 0 0 0 0 0 0.09399478935 0 0 0 0 0 0 0.0007468938999 0 0 0 0 0 0 0.0007468938999 0 0 0 0 0 0 0.001300035564
628,1785497124.704967022,map,8.1736660004,6.7975711823,-1.4844131470,0.0205795091,0.0488890480,0.7480966472,0.6614663665,0.04280417803 0 0 0 0 0 0 0.04280417803 0 0 0 0 0 0 0.09418251923 0 0 0 0 0 0 0.0007498160049 0 0 0 0 0 0 0.0007498160049 0 0 0 0 0 0 0.001303889827
629,1785497124.804840088,map,8.1778793335,6.8549938202,-1.4581333399,0.0228136081,0.0493270207,0.7481390674,0.6613126014,0.04268990329 0 0 0 0 0 0 0.04268990329 0 0 0 0 0 0 0.0940129735 0 0 0 0 0 0 0.0007471768228 0 0 0 0 0 0 0.0007471768228 0 0 0 0 0 0 0.001300408819
630,1785497124.905050516,map,8.1918945312,6.8858571053,-1.4496619701,0.0246681701,0.0468032798,0.7478520047,0.6617539628,0.04269006925 0 0 0 0 0 0 0.04269006925 0 0 0 0 0 0 0.09401321978 0 0 0 0 0 0 0.0007471806548 0 0 0 0 0 0 0.0007471806548 0 0 0 0 0 0 0.001300413875
631,1785497125.204850197,map,8.1931514740,6.8862719536,-1.4529870749,0.0250359596,0.0463775458,0.7478701807,0.6617496155,0.04279862719 0 0 0 0 0 0 0.04279862719 0 0 0 0 0 0 0.09417428534 0 0 0 0 0 0 0.000749687782 0 0 0 0 0 0 0.000749687782 0 0 0 0 0 0 0.001303720738
632,1785497125.304916859,map,8.1970996857,6.8840742111,-1.4512714148,0.0254724176,0.0462438565,0.7478028608,0.6618183349,0.04270186483 0 0 0 0 0 0 0.04270186483 0 0 0 0 0 0 0.09403072391 0 0 0 0 0 0 0.0007474530225 0 0 0 0 0 0 0.0007474530225 0 0 0 0 0 0 0.001300773188
633,1785497125.405297041,map,8.1951732635,6.8834562302,-1.4517034292,0.0256780025,0.0462373325,0.7477155446,0.6619095107,0.04255401318 0 0 0 0 0 0 0.04255401318 0 0 0 0 0 0 0.09381126136 0 0 0 0 0 0 0.0007440399002 0 0 0 0 0 0 0.0007440399002 0 0 0 0 0 0 0.00129626937
634,1785497125.505092144,map,8.1958236694,6.8913540840,-1.4513216019,0.0256502605,0.0461223204,0.7477054178,0.6619300543,0.04288733407 0 0 0 0 0 0 0.04288733407 0 0 0 0 0 0 0.0943058488 0 0 0 0 0 0 0.0007517372051 0 0 0 0 0 0 0.0007517372051 0 0 0 0 0 0 0.001306422905
635,1785497125.605016708,map,8.1935892105,6.8946208954,-1.4498556852,0.0258153584,0.0459702543,0.7476465905,0.6620006528,0.04272621146 0 0 0 0 0 0 0.04272621146 0 0 0 0 0 0 0.09406685077 0 0 0 0 0 0 0.0007480152403 0 0 0 0 0 0 0.0007480152403 0 0 0 0 0 0 0.001301514829
636,1785497125.704843521,map,8.1912460327,6.8951330185,-1.4529089928,0.0257834160,0.0459310526,0.7476189770,0.6620358072,0.04281011157 0 0 0 0 0 0 0.04281011157 0 0 0 0 0 0 0.09419132062 0 0 0 0 0 0 0.0007499530712 0 0 0 0 0 0 0.0007499530712 0 0 0 0 0 0 0.001304070573
637,1785497125.805095196,map,8.1932010651,6.8936071396,-1.4520522356,0.0255741855,0.0460108273,0.7475893948,0.6620718107,0.04279578101 0 0 0 0 0 0 0.04279578101 0 0 0 0 0 0 0.09417006337 0 0 0 0 0 0 0.0007496220371 0 0 0 0 0 0 0.0007496220371 0 0 0 0 0 0 0.001303634039
638,1785497125.905245781,map,8.1912260056,6.8904166222,-1.4521656036,0.0257419018,0.0461122981,0.7476649725,0.6619728772,0.0426582942 0 0 0 0 0 0 0.0426582942 0 0 0 0 0 0 0.09396606305 0 0 0 0 0 0 0.0007464470077 0 0 0 0 0 0 0.0007464470077 0 0 0 0 0 0 0.001299445951
639,1785497126.005023241,map,8.1937513351,6.8898348808,-1.4524624348,0.0259067427,0.0461398388,0.7476012942,0.6620364374,0.04279203994 0 0 0 0 0 0 0.04279203994 0 0 0 0 0 0 0.09416451385 0 0 0 0 0 0 0.0007495356216 0 0 0 0 0 0 0.0007495356216 0 0 0 0 0 0 0.001303520079
640,1785497126.104857922,map,8.1911001205,6.8891110420,-1.4525477886,0.0259182004,0.0462680512,0.7476517095,0.6619701506,0.04257499823 0 0 0 0 0 0 0.04257499823 0 0 0 0 0 0 0.09384241794 0 0 0 0 0 0 0.0007445242202 0 0 0 0 0 0 0.0007445242202 0 0 0 0 0 0 0.001296908611
641,1785497126.204904079,map,8.2012424469,6.8763127327,-1.4515398741,0.0258183755,0.0463137846,0.7477064902,0.6619089366,0.04258055054 0 0 0 0 0 0 0.04258055054 0 0 0 0 0 0 0.09385066105 0 0 0 0 0 0 0.00074465237 0 0 0 0 0 0 0.00074465237 0 0 0 0 0 0 0.001297077744
642,1785497126.405070305,map,8.2003364563,6.8770766258,-1.4508169889,0.0253600059,0.0463020201,0.7477002643,0.6619345369,0.04268603547 0 0 0 0 0 0 0.04268603547 0 0 0 0 0 0 0.09400723364 0 0 0 0 0 0 0.0007470875149 0 0 0 0 0 0 0.0007470875149 0 0 0 0 0 0 0.001300290999
643,1785497126.504966497,map,8.1992492676,6.8767375946,-1.4486256838,0.0249492234,0.0462464337,0.7477120013,0.6619407473,0.04290792005 0 0 0 0 0 0 0.04290792005 0 0 0 0 0 0 0.09433637406 0 0 0 0 0 0 0.000752212906 0 0 0 0 0 0 0.000752212906 0 0 0 0 0 0 0.001307049989
644,1785497126.604859114,map,8.2043638229,6.8750848770,-1.4474861622,0.0252466201,0.0462782632,0.7477267393,0.6619105814,0.04252911906 0 0 0 0 0 0 0.04252911906 0 0 0 0 0 0 0.09377429772 0 0 0 0 0 0 0.0007434654113 0 0 0 0 0 0 0.0007434654113 0 0 0 0 0 0 0.001295511051
645,1785497126.705024958,map,8.2096691132,6.8698859215,-1.4497759342,0.0250288712,0.0463349653,0.7477095907,0.6619343118,0.04277898533 0 0 0 0 0 0 0.04277898533 0 0 0 0 0 0 0.09414514799 0 0 0 0 0 0 0.0007492340814 0 0 0 0 0 0 0.0007492340814 0 0 0 0 0 0 0.001303122413
646,1785497126.805159569,map,8.2142457962,6.8679451942,-1.4527939558,0.0246290406,0.0462681444,0.7477152100,0.6619475921,0.04259695224 0 0 0 0 0 0 0.04259695224 0 0 0 0 0 0 0.09387501045 0 0 0 0 0 0 0.0007450309439 0 0 0 0 0 0 0.0007450309439 0 0 0 0 0 0 0.001297577368
647,1785497126.904972553,map,8.2120437622,6.8697338104,-1.4512102604,0.0244384982,0.0462303427,0.7477165748,0.6619557903,0.04270034613 0 0 0 0 0 0 0.04270034613 0 0 0 0 0 0 0.09402847027 0 0 0 0 0 0 0.000747417954 0 0 0 0 0 0 0.000747417954 0 0 0 0 0 0 0.001300726926
648,1785497127.004845381,map,8.2180833817,6.8637118340,-1.4500445127,0.0242422882,0.0461776794,0.7476675183,0.6620220630,0.04271143249 0 0 0 0 0 0 0.04271143249 0 0 0 0 0 0 0.09404492132 0 0 0 0 0 0 0.0007476739549 0 0 0 0 0 0 0.0007476739549 0 0 0 0 0 0 0.001301064636
649,1785497127.104817152,map,8.2116851807,6.8622756004,-1.4495602846,0.0244406427,0.0463037819,0.7476862421,0.6619848174,0.04253039194 0 0 0 0 0 0 0.04253039194 0 0 0 0 0 0 0.09377618782 0 0 0 0 0 0 0.0007434947846 0 0 0 0 0 0 0.0007434947846 0 0 0 0 0 0 0.001295549826
650,1785497127.205188274,map,8.2124767303,6.8632926941,-1.4507799149,0.0242909673,0.0462584642,0.7476813679,0.6619990181,0.04250728058 0 0 0 0 0 0 0.04250728058 0 0 0 0 0 0 0.09374186828 0 0 0 0 0 0 0.0007429614825 0 0 0 0 0 0 0.0007429614825 0 0 0 0 0 0 0.001294845813
651,1785497127.305056810,map,8.2182807922,6.8604111671,-1.4489147663,0.0243346677,0.0462202739,0.7477128178,0.6619645371,0.04275111859 0 0 0 0 0 0 0.04275111859 0 0 0 0 0 0 0.09410380585 0 0 0 0 0 0 0.000748590454 0 0 0 0 0 0 0.000748590454 0 0 0 0 0 0 0.001302273544
652,1785497127.404844046,map,8.2225904465,6.8617901802,-1.4484821558,0.0241299153,0.0462153439,0.7477488719,0.6619316428,0.04267641513 0 0 0 0 0 0 0.04267641513 0 0 0 0 0 0 0.09399295667 0 0 0 0 0 0 0.0007468653872 0 0 0 0 0 0 0.0007468653872 0 0 0 0 0 0 0.001299997946
653,1785497127.504966497,map,8.2257366180,6.8561668396,-1.4476549625,0.0239073508,0.0463686757,0.7477196234,0.6619620792,0.04265091233 0 0 0 0 0 0 0.04265091233 0 0 0 0 0 0 0.09395510695 0 0 0 0 0 0 0.0007462765819 0 0 0 0 0 0 0.0007462765819 0 0 0 0 0 0 0.001299221087
654,1785497127.605207443,map,8.2283420563,6.8558826447,-1.4492528439,0.0236585617,0.0464902404,0.7477078907,0.6619757149,0.04277780344 0 0 0 0 0 0 0.04277780344 0 0 0 0 0 0 0.09414339467 0 0 0 0 0 0 0.0007492067824 0 0 0 0 0 0 0.0007492067824 0 0 0 0 0 0 0.001303086411
655,1785497127.704970360,map,8.2303466797,6.8524708748,-1.4461200237,0.0234279335,0.0463575770,0.7477250617,0.6619738254,0.0426637032 0 0 0 0 0 0 0.0426637032 0 0 0 0 0 0 0.09397409085 0 0 0 0 0 0 0.0007465718889 0 0 0 0 0 0 0.0007465718889 0 0 0 0 0 0 0.001299610719
656,1785497127.804863691,map,8.2354116440,6.8508715630,-1.4481626749,0.0232563265,0.0463029604,0.7477326252,0.6619751606,0.0428871276 0 0 0 0 0 0 0.0428871276 0 0 0 0 0 0 0.09430554264 0 0 0 0 0 0 0.0007517324342 0 0 0 0 0 0 0.0007517324342 0 0 0 0 0 0 0.001306416615
657,1785497127.904888630,map,8.2310762405,6.8529930115,-1.4514430761,0.0238155183,0.0462700984,0.7477357768,0.6619539965,0.04269631285 0 0 0 0 0 0 0.04269631285 0 0 0 0 0 0 0.09402248512 0 0 0 0 0 0 0.0007473248223 0 0 0 0 0 0 0.0007473248223 0 0 0 0 0 0 0.001300604066
658,1785497128.005679369,map,8.2271785736,6.8605637550,-1.4525346756,0.0243761526,0.0461268216,0.7477493229,0.6619282942,0.04274985828 0 0 0 0 0 0 0.04274985828 0 0 0 0 0 0 0.09410193599 0 0 0 0 0 0 0.0007485613466 0 0 0 0 0 0 0.0007485613466 0 0 0 0 0 0 0.001302235152
659,1785497128.105112314,map,8.2218837738,6.8659992218,-1.4543148279,0.0248895791,0.0461938624,0.7477405466,0.6619144212,0.0426107336 0 0 0 0 0 0 0.0426107336 0 0 0 0 0 0 0.09389546859 0 0 0 0 0 0 0.0007453490547 0 0 0 0 0 0 0.0007453490547 0 0 0 0 0 0 0.001297997172
660,1785497128.204861403,map,8.2183599472,6.8682885170,-1.4515151978,0.0247561670,0.0459505712,0.7478189955,0.6618477338,0.04269902536 0 0 0 0 0 0 0.04269902536 0 0 0 0 0 0 0.09402651033 0 0 0 0 0 0 0.0007473874561 0 0 0 0 0 0 0.0007473874561 0 0 0 0 0 0 0.001300686693
661,1785497128.304871321,map,8.2266969681,6.8712906837,-1.4528118372,0.0248113304,0.0459718079,0.7481565163,0.6614626100,0.04256821025 0 0 0 0 0 0 0.04256821025 0 0 0 0 0 0 0.09383234007 0 0 0 0 0 0 0.0007443675543 0 0 0 0 0 0 0.0007443675543 0 0 0 0 0 0 0.001296701837
662,1785497128.604928017,map,8.2243795395,6.8731637001,-1.4503545761,0.0246474287,0.0460007768,0.7480924208,0.6615392219,0.04257140432 0 0 0 0 0 0 0.04257140432 0 0 0 0 0 0 0.09383708222 0 0 0 0 0 0 0.0007444412726 0 0 0 0 0 0 0.0007444412726 0 0 0 0 0 0 0.001296799134
663,1785497128.704797506,map,8.2076616287,6.8829531670,-1.4509618282,0.0252813371,0.0460201217,0.7480685157,0.6615409803,0.042769119 0 0 0 0 0 0 0.042769119 0 0 0 0 0 0 0.09413051115 0 0 0 0 0 0 0.000749006195 0 0 0 0 0 0 0.000749006195 0 0 0 0 0 0 0.001302821868
664,1785497128.804978609,map,8.2036790848,6.8851537704,-1.4524614811,0.0250871047,0.0459949627,0.7480669268,0.6615519667,0.04263037077 0 0 0 0 0 0 0.04263037077 0 0 0 0 0 0 0.09392461771 0 0 0 0 0 0 0.0007458023619 0 0 0 0 0 0 0.0007458023619 0 0 0 0 0 0 0.001298595355
665,1785497128.905198574,map,8.2033395767,6.8869428635,-1.4504970312,0.0252376772,0.0459469268,0.7479541447,0.6616770619,0.04295360849 0 0 0 0 0 0 0.04295360849 0 0 0 0 0 0 0.09440411319 0 0 0 0 0 0 0.0007532688044 0 0 0 0 0 0 0.0007532688044 0 0 0 0 0 0 0.001308441739
666,1785497129.004948854,map,8.2068529129,6.8817005157,-1.4515951872,0.0250927452,0.0459697015,0.7480703638,0.6615496044,0.04269340525 0 0 0 0 0 0 0.04269340525 0 0 0 0 0 0 0.09401817034 0 0 0 0 0 0 0.000747257684 0 0 0 0 0 0 0.000747257684 0 0 0 0 0 0 0.001300515495
667,1785497129.104867220,map,8.2104310989,6.8801207542,-1.4509681463,0.0250389428,0.0459780119,0.7479269113,0.6617132482,0.04264615182 0 0 0 0 0 0 0.04264615182 0 0 0 0 0 0 0.09394804128 0 0 0 0 0 0 0.0007461666782 0 0 0 0 0 0 0.0007461666782 0 0 0 0 0 0 0.001299076073
668,1785497129.204923630,map,8.2066822052,6.8813815117,-1.4503360987,0.0253877671,0.0461067749,0.7478784412,0.6617457930,0.04253541962 0 0 0 0 0 0 0.04253541962 0 0 0 0 0 0 0.09378365334 0 0 0 0 0 0 0.0007436108061 0 0 0 0 0 0 0.0007436108061 0 0 0 0 0 0 0.001295702977
669,1785497129.305043459,map,8.2091083527,6.8815398216,-1.4501487017,0.0254000044,0.0461051310,0.7479069555,0.6617131919,0.0426776061 0 0 0 0 0 0 0.0426776061 0 0 0 0 0 0 0.09399472415 0 0 0 0 0 0 0.0007468928856 0 0 0 0 0 0 0.0007468928856 0 0 0 0 0 0 0.001300034225
670,1785497129.404986620,map,8.2119779587,6.8795337677,-1.4532169104,0.0250011852,0.0460330656,0.7479367403,0.6616997310,0.04265726127 0 0 0 0 0 0 0.04265726127 0 0 0 0 0 0 0.09396453001 0 0 0 0 0 0 0.0007464231601 0 0 0 0 0 0 0.0007464231601 0 0 0 0 0 0 0.001299414486
671,1785497129.504880428,map,8.2121467590,6.8816990852,-1.4530899525,0.0249867686,0.0460111827,0.7479157421,0.6617255209,0.04259217289 0 0 0 0 0 0 0.04259217289 0 0 0 0 0 0 0.09386791535 0 0 0 0 0 0 0.0007449206274 0 0 0 0 0 0 0.0007449206274 0 0 0 0 0 0 0.001297431781
672,1785497129.604836702,map,8.2148227692,6.8817501068,-1.4512342215,0.0248520278,0.0458785512,0.7478875488,0.6617716657,0.04265382433 0 0 0 0 0 0 0.04265382433 0 0 0 0 0 0 0.09395942895 0 0 0 0 0 0 0.0007463438109 0 0 0 0 0 0 0.0007463438109 0 0 0 0 0 0 0.001299309791
673,1785497129.705193520,map,8.2116947174,6.8822526932,-1.4519574642,0.0247336234,0.0459646283,0.7478594419,0.6618018970,0.04288730732 0 0 0 0 0 0 0.04288730732 0 0 0 0 0 0 0.09430580914 0 0 0 0 0 0 0.000751736587 0 0 0 0 0 0 0.000751736587 0 0 0 0 0 0 0.00130642209
674,1785497129.805100203,map,8.2095069885,6.8820757866,-1.4521588087,0.0248700031,0.0460369302,0.7478443406,0.6618088248,0.04264160694 0 0 0 0 0 0 0.04264160694 0 0 0 0 0 0 0.09394129553 0 0 0 0 0 0 0.0007460617543 0 0 0 0 0 0 0.0007460617543 0 0 0 0 0 0 0.001298937628
675,1785497129.905093431,map,8.2095594406,6.8790707588,-1.4522715807,0.0248348710,0.0462446072,0.7478323747,0.6618091724,0.04263054465 0 0 0 0 0 0 0.04263054465 0 0 0 0 0 0 0.09392487581 0 0 0 0 0 0 0.000745806376 0 0 0 0 0 0 0.000745806376 0 0 0 0 0 0 0.001298600652
676,1785497130.004852295,map,8.2124767303,6.8827133179,-1.4538899660,0.0246524241,0.0460787312,0.7477938663,0.6618710908,0.04284215124 0 0 0 0 0 0 0.04284215124 0 0 0 0 0 0 0.09423884253 0 0 0 0 0 0 0.0007506932475 0 0 0 0 0 0 0.0007506932475 0 0 0 0 0 0 0.001305046557
677,1785497130.104897738,map,8.2239837646,6.8788800240,-1.4537749290,0.0247817955,0.0461472606,0.7479585997,0.6616753123,0.04264861476 0 0 0 0 0 0 0.04264861476 0 0 0 0 0 0 0.09395169685 0 0 0 0 0 0 0.0007462235386 0 0 0 0 0 0 0.0007462235386 0 0 0 0 0 0 0.001299151098
678,1785497130.304940462,map,8.2208728790,6.8788585663,-1.4502613544,0.0245498774,0.0461113411,0.7478797307,0.6617755949,0.04257180711 0 0 0 0 0 0 0.04257180711 0 0 0 0 0 0 0.09383768023 0 0 0 0 0 0 0.0007444505689 0 0 0 0 0 0 0.0007444505689 0 0 0 0 0 0 0.001296811404
679,1785497130.404874802,map,8.2199430466,6.8804111481,-1.4530349970,0.0245814711,0.0460387080,0.7478784969,0.6617808709,0.04258253401 0 0 0 0 0 0 0.04258253401 0 0 0 0 0 0 0.09385360572 0 0 0 0 0 0 0.0007446981499 0 0 0 0 0 0 0.0007446981499 0 0 0 0 0 0 0.001297138164
680,1785497130.504823685,map,8.2171020508,6.8836112022,-1.4546148777,0.0245855096,0.0460550166,0.7479280577,0.6617235703,0.04261738743 0 0 0 0 0 0 0.04261738743 0 0 0 0 0 0 0.09390534569 0 0 0 0 0 0 0.000745502649 0 0 0 0 0 0 0.000745502649 0 0 0 0 0 0 0.00129819986
681,1785497130.605005503,map,8.2134361267,6.8829960823,-1.4512904882,0.0249250532,0.0460510932,0.7478882014,0.6617562047,0.04265494366 0 0 0 0 0 0 0.04265494366 0 0 0 0 0 0 0.09396109025 0 0 0 0 0 0 0.000746369653 0 0 0 0 0 0 0.000746369653 0 0 0 0 0 0 0.001299343888
682,1785497130.705043077,map,8.2094478607,6.8857655525,-1.4523897171,0.0249926083,0.0460453525,0.7478475736,0.6617999662,0.04280022864 0 0 0 0 0 0 0.04280022864 0 0 0 0 0 0 0.09417666089 0 0 0 0 0 0 0.0007497247748 0 0 0 0 0 0 0.0007497247748 0 0 0 0 0 0 0.001303769521
683,1785497130.804834843,map,8.2035245895,6.8917894363,-1.4510091543,0.0250680141,0.0460690128,0.7478762309,0.6617630908,0.04272482183 0 0 0 0 0 0 0.04272482183 0 0 0 0 0 0 0.09406478885 0 0 0 0 0 0 0.0007479831492 0 0 0 0 0 0 0.0007479831492 0 0 0 0 0 0 0.001301472499
684,1785497130.904587269,map,8.2006692886,6.8958024979,-1.4512598515,0.0251457904,0.0460258258,0.7478870108,0.6617509820,0.04263679001 0 0 0 0 0 0 0.04263679001 0 0 0 0 0 0 0.09393414587 0 0 0 0 0 0 0.0007459505519 0 0 0 0 0 0 0.0007459505519 0 0 0 0 0 0 0.001298790896
685,1785497131.005048752,map,8.1983423233,6.8962240219,-1.4517339468,0.0252320970,0.0459993346,0.7479587867,0.6616683732,0.0427428083 0 0 0 0 0 0 0.0427428083 0 0 0 0 0 0 0.09409147615 0 0 0 0 0 0 0.0007483985275 0 0 0 0 0 0 0.0007483985275 0 0 0 0 0 0 0.001302020398
686,1785497131.105377913,map,8.2010440826,6.8966121674,-1.4490767717,0.0249546352,0.0460678810,0.7478820605,0.6617608813,0.04270686701 0 0 0 0 0 0 0.04270686701 0 0 0 0 0 0 0.09403814669 0 0 0 0 0 0 0.0007475685297 0 0 0 0 0 0 0.0007475685297 0 0 0 0 0 0 0.001300925563
687,1785497131.205054998,map,8.2036657333,6.8986063004,-1.4505032301,0.0249754289,0.0459018766,0.7478952713,0.6617566635,0.0425729415 0 0 0 0 0 0 0.0425729415 0 0 0 0 0 0 0.09383936441 0 0 0 0 0 0 0.0007444767506 0 0 0 0 0 0 0.0007444767506 0 0 0 0 0 0 0.001296845959
688,1785497131.304721355,map,8.1969175339,6.8961925507,-1.4493855238,0.0252402314,0.0460038505,0.7478236941,0.6618204612,0.0428440025 0 0 0 0 0 0 0.0428440025 0 0 0 0 0 0 0.09424158817 0 0 0 0 0 0 0.0007507360176 0 0 0 0 0 0 0.0007507360176 0 0 0 0 0 0 0.001305102949
689,1785497131.404811859,map,8.1920528412,6.8941755295,-1.4508067369,0.0251598855,0.0461028428,0.7478403632,0.6617977990,0.04286872505 0 0 0 0 0 0 0.04286872505 0 0 0 0 0 0 0.09427825297 0 0 0 0 0 0 0.000751307219 0 0 0 0 0 0 0.000751307219 0 0 0 0 0 0 0.001305856041
690,1785497131.505053282,map,8.1929712296,6.8967399597,-1.4496829510,0.0251882535,0.0459154666,0.7478005946,0.6618546542,0.04251065615 0 0 0 0 0 0 0.04251065615 0 0 0 0 0 0 0.09374688108 0 0 0 0 0 0 0.0007430393721 0 0 0 0 0 0 0.0007430393721 0 0 0 0 0 0 0.001294948639
691,1785497131.605141640,map,8.1885251999,6.8983764648,-1.4497302771,0.0254995432,0.0459883019,0.7478072564,0.6618301667,0.04272576339 0 0 0 0 0 0 0.04272576339 0 0 0 0 0 0 0.09406618592 0 0 0 0 0 0 0.0007480048928 0 0 0 0 0 0 0.0007480048928 0 0 0 0 0 0 0.00130150118
692,1785497131.704936981,map,8.1899290085,6.8991899490,-1.4490790367,0.0258789017,0.0459055986,0.7477837622,0.6618477521,0.04264970423 0 0 0 0 0 0 0.04264970423 0 0 0 0 0 0 0.09395331387 0 0 0 0 0 0 0.0007462486909 0 0 0 0 0 0 0.0007462486909 0 0 0 0 0 0 0.001299184286
693,1785497131.804787159,map,8.1906776428,6.9030060768,-1.4510298967,0.0260755472,0.0459846979,0.7478803094,0.6617254309,0.04268739864 0 0 0 0 0 0 0.04268739864 0 0 0 0 0 0 0.0940092566 0 0 0 0 0 0 0.0007471189904 0 0 0 0 0 0 0.0007471189904 0 0 0 0 0 0 0.001300332523
694,1785497131.904964924,map,8.1921920776,6.9018774033,-1.4510427713,0.0258439853,0.0458808764,0.7477777979,0.6618575346,0.04271607966 0 0 0 0 0 0 0.04271607966 0 0 0 0 0 0 0.09405181706 0 0 0 0 0 0 0.0007477812683 0 0 0 0 0 0 0.0007477812683 0 0 0 0 0 0 0.001301206197
695,1785497132.005144596,map,8.1884822845,6.9011335373,-1.4512286186,0.0258171008,0.0459722153,0.7477664065,0.6618651063,0.04275238771 0 0 0 0 0 0 0.04275238771 0 0 0 0 0 0 0.09410568877 0 0 0 0 0 0 0.0007486197649 0 0 0 0 0 0 0.0007486197649 0 0 0 0 0 0 0.001302312203
696,1785497132.104933023,map,8.1885461807,6.9031901360,-1.4524430037,0.0256562414,0.0458587010,0.7477195004,0.6619322351,0.04294332731 0 0 0 0 0 0 0.04294332731 0 0 0 0 0 0 0.09438887101 0 0 0 0 0 0 0.000753031182 0 0 0 0 0 0 0.000753031182 0 0 0 0 0 0 0.001308128556
697,1785497132.204778194,map,8.1923999786,6.9005880356,-1.4506285191,0.0256999300,0.0458428115,0.7477428206,0.6619052938,0.04247066609 0 0 0 0 0 0 0.04247066609 0 0 0 0 0 0 0.09368749086 0 0 0 0 0 0 0.0007421166865 0 0 0 0 0 0 0.0007421166865 0 0 0 0 0 0 0.001293730472
698,1785497132.304886580,map,8.1889705658,6.8996510506,-1.4507527351,0.0259897425,0.0459597585,0.7478359756,0.6617806204,0.04267810666 0 0 0 0 0 0 0.04267810666 0 0 0 0 0 0 0.09399546702 0 0 0 0 0 0 0.0007469044431 0 0 0 0 0 0 0.0007469044431 0 0 0 0 0 0 0.001300049473
699,1785497132.405159712,map,8.2032022476,6.8916845322,-1.4534986019,0.0260235524,0.0461423347,0.7479603872,0.6616259571,0.04277564733 0 0 0 0 0 0 0.04277564733 0 0 0 0 0 0 0.09414019607 0 0 0 0 0 0 0.0007491569812 0 0 0 0 0 0 0.0007491569812 0 0 0 0 0 0 0.001303020732
700,1785497132.604847670,map,8.1969461441,6.8929557800,-1.4507232904,0.0261502502,0.0461555366,0.7479786695,0.6615993862,0.04266839925 0 0 0 0 0 0 0.04266839925 0 0 0 0 0 0 0.09398106039 0 0 0 0 0 0 0.0007466803117 0 0 0 0 0 0 0.0007466803117 0 0 0 0 0 0 0.001299753769
701,1785497132.704838037,map,8.1927404404,6.8948206902,-1.4515322447,0.0262386866,0.0461697190,0.7479383560,0.6616404851,0.04290124335 0 0 0 0 0 0 0.04290124335 0 0 0 0 0 0 0.09432647399 0 0 0 0 0 0 0.0007520586167 0 0 0 0 0 0 0.0007520586167 0 0 0 0 0 0 0.001306846605
702,1785497132.805129290,map,8.1922254562,6.8963623047,-1.4519928694,0.0260546297,0.0461846393,0.7478734298,0.6617200813,0.04270691228 0 0 0 0 0 0 0.04270691228 0 0 0 0 0 0 0.09403821387 0 0 0 0 0 0 0.0007475695751 0 0 0 0 0 0 0.0007475695751 0 0 0 0 0 0 0.001300926943
703,1785497132.905182123,map,8.1902103424,6.8937730789,-1.4503890276,0.0260073432,0.0460860657,0.7478550800,0.6617495479,0.04281435521 0 0 0 0 0 0 0.04281435521 0 0 0 0 0 0 0.09419761521 0 0 0 0 0 0 0.000750051102 0 0 0 0 0 0 0.000750051102 0 0 0 0 0 0 0.001304199841
704,1785497133.005048752,map,8.1895856857,6.8949441910,-1.4496411085,0.0261349995,0.0460272173,0.7478198778,0.6617883900,0.04260988103 0 0 0 0 0 0 0.04260988103 0 0 0 0 0 0 0.09389420301 0 0 0 0 0 0 0.0007453293746 0 0 0 0 0 0 0.0007453293746 0 0 0 0 0 0 0.001297971202
705,1785497133.104782581,map,8.1867971420,6.8975391388,-1.4484686852,0.0263656807,0.0459740144,0.7478542500,0.6617441056,0.04275052976 0 0 0 0 0 0 0.04275052976 0 0 0 0 0 0 0.09410293223 0 0 0 0 0 0 0.0007485768547 0 0 0 0 0 0 0.0007485768547 0 0 0 0 0 0 0.001302255607
706,1785497133.204844236,map,8.1854000092,6.8991827965,-1.4506590366,0.0263764475,0.0459970261,0.7478266208,0.6617732967,0.04271470929 0 0 0 0 0 0 0.04271470929 0 0 0 0 0 0 0.09404978364 0 0 0 0 0 0 0.0007477496232 0 0 0 0 0 0 0.0007477496232 0 0 0 0 0 0 0.001301164453
707,1785497133.305165291,map,8.1820783615,6.9000949860,-1.4515751600,0.0264910806,0.0460009091,0.7479224898,0.6616601193,0.04262672284 0 0 0 0 0 0 0.04262672284 0 0 0 0 0 0 0.09391920296 0 0 0 0 0 0 0.0007457181502 0 0 0 0 0 0 0.0007457181502 0 0 0 0 0 0 0.001298484233
708,1785497133.404956818,map,8.1851577759,6.9020671844,-1.4500949383,0.0264045759,0.0459809985,0.7478015414,0.6618016085,0.04262075344 0 0 0 0 0 0 0.04262075344 0 0 0 0 0 0 0.09391034217 0 0 0 0 0 0 0.0007455803499 0 0 0 0 0 0 0.0007455803499 0 0 0 0 0 0 0.001298302394
709,1785497133.504821777,map,8.1886014938,6.9027962685,-1.4513273239,0.0260760422,0.0460151304,0.7476776399,0.6619522350,0.04266448886 0 0 0 0 0 0 0.04266448886 0 0 0 0 0 0 0.09397525688 0 0 0 0 0 0 0.000746590028 0 0 0 0 0 0 0.000746590028 0 0 0 0 0 0 0.001299634651
710,1785497133.604957342,map,8.1877841949,6.9022302628,-1.4506539106,0.0260451233,0.0459394350,0.7477569508,0.6618691715,0.04274795123 0 0 0 0 0 0 0.04274795123 0 0 0 0 0 0 0.09409910659 0 0 0 0 0 0 0.0007485173031 0 0 0 0 0 0 0.0007485173031 0 0 0 0 0 0 0.001302177061
711,1785497133.705013514,map,8.1944942474,6.9012756348,-1.4527693987,0.0255723479,0.0458017659,0.7477310612,0.6619263652,0.04266887217 0 0 0 0 0 0 0.04266887217 0 0 0 0 0 0 0.09398176225 0 0 0 0 0 0 0.0007466912305 0 0 0 0 0 0 0.0007466912305 0 0 0 0 0 0 0.001299768175
712,1785497133.804975033,map,8.1926898956,6.8989729881,-1.4514148235,0.0256043110,0.0458946995,0.7477205288,0.6619306073,0.04267454738 0 0 0 0 0 0 0.04267454738 0 0 0 0 0 0 0.09399018479 0 0 0 0 0 0 0.0007468222629 0 0 0 0 0 0 0.0007468222629 0 0 0 0 0 0 0.001299941051
713,1785497133.904870033,map,8.1975278854,6.8995280266,-1.4530457258,0.0253214695,0.0457836896,0.7476930904,0.6619801691,0.04269391224 0 0 0 0 0 0 0.04269391224 0 0 0 0 0 0 0.09401892271 0 0 0 0 0 0 0.0007472693908 0 0 0 0 0 0 0.0007472693908 0 0 0 0 0 0 0.001300530939
714,1785497134.004775763,map,8.1963605881,6.8964982033,-1.4510957003,0.0253566909,0.0458302909,0.7476399580,0.6620355849,0.04265885531 0 0 0 0 0 0 0.04265885531 0 0 0 0 0 0 0.09396689584 0 0 0 0 0 0 0.0007464599624 0 0 0 0 0 0 0.0007464599624 0 0 0 0 0 0 0.001299463044
715,1785497134.104973793,map,8.1973161697,6.8917460442,-1.4489783049,0.0252005890,0.0459790604,0.7476512539,0.6620184673,0.04280544479 0 0 0 0 0 0 0.04280544479 0 0 0 0 0 0 0.09418439828 0 0 0 0 0 0 0.0007498452673 0 0 0 0 0 0 0.0007498452673 0 0 0 0 0 0 0.001303928415
716,1785497134.205173016,map,8.1998682022,6.8910136223,-1.4510568380,0.0249572141,0.0459777322,0.7475933845,0.6620931328,0.04288328176 0 0 0 0 0 0 0.04288328176 0 0 0 0 0 0 0.09429983969 0 0 0 0 0 0 0.0007516435686 0 0 0 0 0 0 0.0007516435686 0 0 0 0 0 0 0.001306299464
717,1785497134.305099726,map,8.2055463791,6.8869509697,-1.4517132044,0.0248449801,0.0459853813,0.7475970818,0.6620926489,0.04271035568 0 0 0 0 0 0 0.04271035568 0 0 0 0 0 0 0.09404332348 0 0 0 0 0 0 0.0007476490894 0 0 0 0 0 0 0.0007476490894 0 0 0 0 0 0 0.001301031835
718,1785497134.404787779,map,8.2265195847,6.8756904602,-1.4561783075,0.0245603873,0.0457550206,0.7476105151,0.6621040524,0.04282260919 0 0 0 0 0 0 0.04282260919 0 0 0 0 0 0 0.09420985805 0 0 0 0 0 0 0.0007502417791 0 0 0 0 0 0 0.0007502417791 0 0 0 0 0 0 0.001304451272
719,1785497134.605066299,map,8.2133846283,6.8724565506,-1.4510688782,0.0249242163,0.0459220665,0.7476100078,0.6620794475,0.04274531943 0 0 0 0 0 0 0.04274531943 0 0 0 0 0 0 0.09409520186 0 0 0 0 0 0 0.0007484565215 0 0 0 0 0 0 0.0007484565215 0 0 0 0 0 0 0.001302096891
720,1785497134.704917908,map,8.2097368240,6.8718829155,-1.4522169828,0.0249023912,0.0459451967,0.7476659964,0.6620154384,0.04274714045 0 0 0 0 0 0 0.04274714045 0 0 0 0 0 0 0.09409790366 0 0 0 0 0 0 0.0007484985778 0 0 0 0 0 0 0.0007484985778 0 0 0 0 0 0 0.001302152363
721,1785497134.804766655,map,8.2126331329,6.8711795807,-1.4508179426,0.0244811957,0.0460769109,0.7476695566,0.6620179862,0.0427090707 0 0 0 0 0 0 0.0427090707 0 0 0 0 0 0 0.09404141673 0 0 0 0 0 0 0.0007476194168 0 0 0 0 0 0 0.0007476194168 0 0 0 0 0 0 0.001300992692
722,1785497134.904854059,map,8.2098960876,6.8794445992,-1.4520920515,0.0247285433,0.0461392751,0.7475300779,0.6621619417,0.04268069155 0 0 0 0 0 0 0.04268069155 0 0 0 0 0 0 0.09399930312 0 0 0 0 0 0 0.0007469641261 0 0 0 0 0 0 0.0007469641261 0 0 0 0 0 0 0.001300128213
723,1785497135.005176306,map,8.2041883469,6.8799090385,-1.4522427320,0.0251318166,0.0461626885,0.7475643184,0.6621064774,0.04264033294 0 0 0 0 0 0 0.04264033294 0 0 0 0 0 0 0.09393940457 0 0 0 0 0 0 0.0007460323428 0 0 0 0 0 0 0.0007460323428 0 0 0 0 0 0 0.00129889882
724,1785497135.104974747,map,8.2040071487,6.8801674843,-1.4525552988,0.0250481289,0.0460874919,0.7476066491,0.6620670744,0.04275611388 0 0 0 0 0 0 0.04275611388 0 0 0 0 0 0 0.09411121702 0 0 0 0 0 0 0.0007487058234 0 0 0 0 0 0 0.0007487058234 0 0 0 0 0 0 0.001302425709
725,1785497135.204874039,map,8.2031345367,6.8817300797,-1.4524332285,0.0249869319,0.0460649376,0.7476895430,0.6619773708,0.04243956237 0 0 0 0 0 0 0.04243956237 0 0 0 0 0 0 0.09364129165 0 0 0 0 0 0 0.0007413991306 0 0 0 0 0 0 0.0007413991306 0 0 0 0 0 0 0.001292782999
726,1785497135.304581881,map,8.1998138428,6.8838524818,-1.4538511038,0.0249076626,0.0460374220,0.7477371559,0.6619284630,0.04256147514 0 0 0 0 0 0 0.04256147514 0 0 0 0 0 0 0.09382234044 0 0 0 0 0 0 0.0007442121125 0 0 0 0 0 0 0.0007442121125 0 0 0 0 0 0 0.001296496674
727,1785497135.404983759,map,8.2002239227,6.8867774010,-1.4519695044,0.0248891645,0.0459588355,0.7477094389,0.6619659342,0.04269521179 0 0 0 0 0 0 0.04269521179 0 0 0 0 0 0 0.09402085119 0 0 0 0 0 0 0.000747299398 0 0 0 0 0 0 0.000747299398 0 0 0 0 0 0 0.001300570525
728,1785497135.505116701,map,8.2033357620,6.8901438713,-1.4522374868,0.0247663184,0.0459369594,0.7476623346,0.6620252578,0.04288174554 0 0 0 0 0 0 0.04288174554 0 0 0 0 0 0 0.09429756162 0 0 0 0 0 0 0.0007516080715 0 0 0 0 0 0 0.0007516080715 0 0 0 0 0 0 0.001306252668
729,1785497135.604908705,map,8.2010507584,6.8884158134,-1.4494985342,0.0250892902,0.0459377565,0.7476955796,0.6619754940,0.04254282375 0 0 0 0 0 0 0.04254282375 0 0 0 0 0 0 0.09379464735 0 0 0 0 0 0 0.0007437816719 0 0 0 0 0 0 0.0007437816719 0 0 0 0 0 0 0.00129592852
730,1785497135.704770803,map,8.2037334442,6.8893985748,-1.4516261816,0.0249024126,0.0459371894,0.7477097150,0.6619666264,0.04277835614 0 0 0 0 0 0 0.04277835614 0 0 0 0 0 0 0.09414421459 0 0 0 0 0 0 0.0007492195485 0 0 0 0 0 0 0.0007492195485 0 0 0 0 0 0 0.001303103247
731,1785497135.804956198,map,8.1999101639,6.8906545639,-1.4515914917,0.0252102619,0.0461066075,0.7477234218,0.6619277075,0.04272535989 0 0 0 0 0 0 0.04272535989 0 0 0 0 0 0 0.09406558722 0 0 0 0 0 0 0.0007479955747 0 0 0 0 0 0 0.0007479955747 0 0 0 0 0 0 0.001301488889
732,1785497135.904996872,map,8.1983118057,6.8915486336,-1.4508194923,0.0255381054,0.0461472442,0.7477161757,0.6619205107,0.04274419345 0 0 0 0 0 0 0.04274419345 0 0 0 0 0 0 0.09409353126 0 0 0 0 0 0 0.0007484305171 0 0 0 0 0 0 0.0007484305171 0 0 0 0 0 0 0.001302062592
733,1785497136.004837275,map,8.1943511963,6.8933768272,-1.4505325556,0.0256327256,0.0460669156,0.7477950846,0.6618333272,0.04267342031 0 0 0 0 0 0 0.04267342031 0 0 0 0 0 0 0.09398851213 0 0 0 0 0 0 0.0007467962403 0 0 0 0 0 0 0.0007467962403 0 0 0 0 0 0 0.001299906719
734,1785497136.104739666,map,8.1980133057,6.8907194138,-1.4485702515,0.0254914119,0.0461971543,0.7477942313,0.6618306550,0.04261285346 0 0 0 0 0 0 0.04261285346 0 0 0 0 0 0 0.0938986154 0 0 0 0 0 0 0.0007453979884 0 0 0 0 0 0 0.0007453979884 0 0 0 0 0 0 0.001298061747
735,1785497136.204949617,map,8.2280569077,6.8779101372,-1.4505751133,0.0247842024,0.0462878584,0.7478704226,0.6617650822,0.04269138513 0 0 0 0 0 0 0.04269138513 0 0 0 0 0 0 0.09401517253 0 0 0 0 0 0 0.0007472110388 0 0 0 0 0 0 0.0007472110388 0 0 0 0 0 0 0.001300453959
736,1785497136.405054331,map,8.2117023468,6.8896441460,-1.4518381357,0.0253434197,0.0460211955,0.7478578061,0.6617767644,0.04273785087 0 0 0 0 0 0 0.04273785087 0 0 0 0 0 0 0.09408412077 0 0 0 0 0 0 0.0007482840381 0 0 0 0 0 0 0.0007482840381 0 0 0 0 0 0 0.001301869386
737,1785497136.504748821,map,8.2061357498,6.8816151619,-1.4514539242,0.0256875836,0.0460625552,0.7481108986,0.6614744608,0.04274020067 0 0 0 0 0 0 0.04274020067 0 0 0 0 0 0 0.09408760721 0 0 0 0 0 0 0.0007483383053 0 0 0 0 0 0 0.0007483383053 0 0 0 0 0 0 0.001301940965
738,1785497136.604840994,map,8.2018299103,6.8856153488,-1.4511128664,0.0259142506,0.0460789277,0.7480024753,0.6615870956,0.04273475925 0 0 0 0 0 0 0.04273475925 0 0 0 0 0 0 0.09407953365 0 0 0 0 0 0 0.0007482126398 0 0 0 0 0 0 0.0007482126398 0 0 0 0 0 0 0.00130177521
739,1785497136.705225945,map,8.2007846832,6.8922677040,-1.4519374371,0.0260130574,0.0460061818,0.7478541134,0.6617559823,0.04280208075 0 0 0 0 0 0 0.04280208075 0 0 0 0 0 0 0.09417940824 0 0 0 0 0 0 0.0007497675581 0 0 0 0 0 0 0.0007497675581 0 0 0 0 0 0 0.00130382594
740,1785497136.804970026,map,8.1966857910,6.8930497169,-1.4510802031,0.0260485502,0.0460879140,0.7477548380,0.6618610777,0.04266842847 0 0 0 0 0 0 0.04266842847 0 0 0 0 0 0 0.09398110375 0 0 0 0 0 0 0.0007466809862 0 0 0 0 0 0 0.0007466809862 0 0 0 0 0 0 0.001299754659
741,1785497136.904870510,map,8.1956110001,6.8888821602,-1.4508947134,0.0258961862,0.0461169170,0.7476972590,0.6619300628,0.04264131894 0 0 0 0 0 0 0.04264131894 0 0 0 0 0 0 0.09394086806 0 0 0 0 0 0 0.0007460551055 0 0 0 0 0 0 0.0007460551055 0 0 0 0 0 0 0.001298928855
742,1785497137.004766464,map,8.1950998306,6.8931455612,-1.4510748386,0.0262299794,0.0460434641,0.7476448830,0.6619811975,0.0425456852 0 0 0 0 0 0 0.0425456852 0 0 0 0 0 0 0.09379889608 0 0 0 0 0 0 0.0007438477069 0 0 0 0 0 0 0.0007438477069 0 0 0 0 0 0 0.001296015685
743,1785497137.104881763,map,8.1949300766,6.8922090530,-1.4502400160,0.0258906868,0.0459225945,0.7476443055,0.6620036128,0.04274480911 0 0 0 0 0 0 0.04274480911 0 0 0 0 0 0 0.0940944447 0 0 0 0 0 0 0.0007484447356 0 0 0 0 0 0 0.0007484447356 0 0 0 0 0 0 0.001302081346
744,1785497137.205028057,map,8.1909465790,6.8969655037,-1.4485539198,0.0261291520,0.0459652397,0.7476030387,0.6620378624,0.04261648451 0 0 0 0 0 0 0.04261648451 0 0 0 0 0 0 0.09390400538 0 0 0 0 0 0 0.0007454818061 0 0 0 0 0 0 0.0007454818061 0 0 0 0 0 0 0.001298172355
745,1785497137.304853439,map,8.1928844452,6.8944253922,-1.4501223564,0.0260420430,0.0460218796,0.7475725832,0.6620717699,0.04296195925 0 0 0 0 0 0 0.04296195925 0 0 0 0 0 0 0.09441649302 0 0 0 0 0 0 0.0007534618168 0 0 0 0 0 0 0.0007534618168 0 0 0 0 0 0 0.001308696118
746,1785497137.404711962,map,8.1903629303,6.8925204277,-1.4507983923,0.0260148070,0.0459679531,0.7475543949,0.6620971473,0.04269036133 0 0 0 0 0 0 0.04269036133 0 0 0 0 0 0 0.09401365323 0 0 0 0 0 0 0.0007471873991 0 0 0 0 0 0 0.0007471873991 0 0 0 0 0 0 0.001300422772
747,1785497137.504900694,map,8.1871976852,6.8889036179,-1.4507299662,0.0258382679,0.0460179844,0.7475548937,0.6620999746,0.04268475881 0 0 0 0 0 0 0.04268475881 0 0 0 0 0 0 0.09400533906 0 0 0 0 0 0 0.0007470580372 0 0 0 0 0 0 0.0007470580372 0 0 0 0 0 0 0.001300252109
748,1785497137.605019569,map,8.1897087097,6.8879818916,-1.4505336285,0.0257181403,0.0459260751,0.7474939357,0.6621798841,0.04273554897 0 0 0 0 0 0 0.04273554897 0 0 0 0 0 0 0.09408070538 0 0 0 0 0 0 0.0007482308776 0 0 0 0 0 0 0.0007482308776 0 0 0 0 0 0 0.001301799266
749,1785497137.704871655,map,8.1864290237,6.8868656158,-1.4501883984,0.0256896463,0.0458715323,0.7474997548,0.6621781977,0.04274530809 0 0 0 0 0 0 0.04274530809 0 0 0 0 0 0 0.09409518504 0 0 0 0 0 0 0.0007484562596 0 0 0 0 0 0 0.0007484562596 0 0 0 0 0 0 0.001302096546
750,1785497137.804729462,map,8.1877937317,6.8862962723,-1.4490576982,0.0257686375,0.0458920631,0.7474938158,0.6621803890,0.04247442884 0 0 0 0 0 0 0.04247442884 0 0 0 0 0 0 0.0936930794 0 0 0 0 0 0 0.0007422034981 0 0 0 0 0 0 0.0007422034981 0 0 0 0 0 0 0.001293845092
751,1785497137.904908895,map,8.1887416840,6.8855142593,-1.4485605955,0.0261906902,0.0461162342,0.7474903224,0.6621522257,0.04270761724 0 0 0 0 0 0 0.04270761724 0 0 0 0 0 0 0.09403925995 0 0 0 0 0 0 0.0007475858538 0 0 0 0 0 0 0.0007475858538 0 0 0 0 0 0 0.001300948417
752,1785497138.005163193,map,8.1897459030,6.8890428543,-1.4488415718,0.0261466032,0.0460029406,0.7476424887,0.6619900143,0.04282651566 0 0 0 0 0 0 0.04282651566 0 0 0 0 0 0 0.09421565223 0 0 0 0 0 0 0.0007503320252 0 0 0 0 0 0 0.0007503320252 0 0 0 0 0 0 0.00130457027
753,1785497138.104959965,map,8.1884098053,6.8928337097,-1.4484832287,0.0263914248,0.0460540508,0.7476594139,0.6619576292,0.04245071439 0 0 0 0 0 0 0.04245071439 0 0 0 0 0 0 0.09365785667 0 0 0 0 0 0 0.0007416563954 0 0 0 0 0 0 0.0007416563954 0 0 0 0 0 0 0.001293122708
754,1785497138.204742670,map,8.1839752197,6.8914527893,-1.4503418207,0.0260262730,0.0460337698,0.7477136161,0.6619122741,0.04281130085 0 0 0 0 0 0 0.04281130085 0 0 0 0 0 0 0.0941930847 0 0 0 0 0 0 0.0007499805443 0 0 0 0 0 0 0.0007499805443 0 0 0 0 0 0 0.0013041068
755,1785497138.304762840,map,8.1873245239,6.8942642212,-1.4515432119,0.0257273533,0.0461368640,0.7476700260,0.6619660312,0.04257236351 0 0 0 0 0 0 0.04257236351 0 0 0 0 0 0 0.09383850629 0 0 0 0 0 0 0.0007444634106 0 0 0 0 0 0 0.0007444634106 0 0 0 0 0 0 0.001296828353
756,1785497138.404976130,map,8.2043390274,6.8901748657,-1.4520645142,0.0258257616,0.0460645485,0.7477934929,0.6618277815,0.04265085416 0 0 0 0 0 0 0.04265085416 0 0 0 0 0 0 0.09395502062 0 0 0 0 0 0 0.000746275239 0 0 0 0 0 0 0.000746275239 0 0 0 0 0 0 0.001299219315
757,1785497138.604791403,map,8.2006340027,6.8859000206,-1.4514847994,0.0252889733,0.0460393021,0.7477877166,0.6618567663,0.04260124974 0 0 0 0 0 0 0.04260124974 0 0 0 0 0 0 0.09388139011 0 0 0 0 0 0 0.0007451301399 0 0 0 0 0 0 0.0007451301399 0 0 0 0 0 0 0.001297708277
758,1785497138.704711914,map,8.1935749054,6.8918638229,-1.4507442713,0.0255714223,0.0459795042,0.7477935152,0.6618435039,0.04266569273 0 0 0 0 0 0 0.04266569273 0 0 0 0 0 0 0.09397704358 0 0 0 0 0 0 0.000746617823 0 0 0 0 0 0 0.000746617823 0 0 0 0 0 0 0.001299671323
759,1785497138.804947853,map,8.1941690445,6.8868398666,-1.4486585855,0.0254154239,0.0461037485,0.7477636508,0.6618746198,0.04262076767 0 0 0 0 0 0 0.04262076767 0 0 0 0 0 0 0.09391036329 0 0 0 0 0 0 0.0007455806785 0 0 0 0 0 0 0.0007455806785 0 0 0 0 0 0 0.001298302828
760,1785497138.904989004,map,8.1946220398,6.8851838112,-1.4505647421,0.0254628939,0.0462173040,0.7477872153,0.6618382594,0.04283048204 0 0 0 0 0 0 0.04283048204 0 0 0 0 0 0 0.0942215352 0 0 0 0 0 0 0.0007504236569 0 0 0 0 0 0 0.0007504236569 0 0 0 0 0 0 0.001304691093
761,1785497139.004819870,map,8.1987915039,6.8853354454,-1.4519242048,0.0253159127,0.0461103378,0.7478305076,0.6618024359,0.04250456927 0 0 0 0 0 0 0.04250456927 0 0 0 0 0 0 0.09373784189 0 0 0 0 0 0 0.0007428989213 0 0 0 0 0 0 0.0007428989213 0 0 0 0 0 0 0.001294763222
762,1785497139.104725361,map,8.2001743317,6.8878660202,-1.4512317181,0.0253097137,0.0459888397,0.7477837514,0.6618639623,0.04246398295 0 0 0 0 0 0 0.04246398295 0 0 0 0 0 0 0.09367756466 0 0 0 0 0 0 0.0007419625007 0 0 0 0 0 0 0.0007419625007 0 0 0 0 0 0 0.001293526892
763,1785497139.204901695,map,8.1953048706,6.8923716545,-1.4523067474,0.0254431620,0.0459727372,0.7478068430,0.6618338802,0.04291381081 0 0 0 0 0 0 0.04291381081 0 0 0 0 0 0 0.09434510856 0 0 0 0 0 0 0.0007523490365 0 0 0 0 0 0 0.0007523490365 0 0 0 0 0 0 0.001307229432
764,1785497139.305178404,map,8.1946868896,6.8949422836,-1.4502183199,0.0255212021,0.0459061922,0.7477882088,0.6618565299,0.04267544583 0 0 0 0 0 0 0.04267544583 0 0 0 0 0 0 0.09399151817 0 0 0 0 0 0 0.0007468430072 0 0 0 0 0 0 0.0007468430072 0 0 0 0 0 0 0.00129996842
765,1785497139.404854536,map,8.1903953552,6.8938460350,-1.4489681721,0.0255963671,0.0459321715,0.7478068686,0.6618307689,0.04275227254 0 0 0 0 0 0 0.04275227254 0 0 0 0 0 0 0.09410551789 0 0 0 0 0 0 0.000748617105 0 0 0 0 0 0 0.000748617105 0 0 0 0 0 0 0.001302308695
766,1785497139.504743576,map,8.1928167343,6.8940382004,-1.4488266706,0.0257916723,0.0459520017,0.7477276606,0.6619113004,0.04273205824 0 0 0 0 0 0 0.04273205824 0 0 0 0 0 0 0.09407552605 0 0 0 0 0 0 0.0007481502631 0 0 0 0 0 0 0.0007481502631 0 0 0 0 0 0 0.001301692932
767,1785497139.604774237,map,8.1911478043,6.8948507309,-1.4493631124,0.0259096568,0.0458132299,0.7476422318,0.6620128035,0.04267479897 0 0 0 0 0 0 0.04267479897 0 0 0 0 0 0 0.09399055818 0 0 0 0 0 0 0.0007468280719 0 0 0 0 0 0 0.0007468280719 0 0 0 0 0 0 0.001299948715
768,1785497139.705096483,map,8.1893701553,6.8966054916,-1.4500435591,0.0260682706,0.0458417068,0.7475717947,0.6620841289,0.04279763389 0 0 0 0 0 0 0.04279763389 0 0 0 0 0 0 0.0941728119 0 0 0 0 0 0 0.0007496648373 0 0 0 0 0 0 0.0007496648373 0 0 0 0 0 0 0.001303690481
769,1785497139.804946184,map,8.1901130676,6.8939728737,-1.4508818388,0.0257798296,0.0458442779,0.7475223918,0.6621510287,0.04274328906 0 0 0 0 0 0 0.04274328906 0 0 0 0 0 0 0.09409218944 0 0 0 0 0 0 0.0007484096305 0 0 0 0 0 0 0.0007484096305 0 0 0 0 0 0 0.001302035043
770,1785497139.904578924,map,8.1919860840,6.8948211670,-1.4510277510,0.0255836440,0.0458336467,0.7474914677,0.6621942705,0.04275574873 0 0 0 0 0 0 0.04275574873 0 0 0 0 0 0 0.09411067527 0 0 0 0 0 0 0.00074869739 0 0 0 0 0 0 0.00074869739 0 0 0 0 0 0 0.001302414586
771,1785497140.004725933,map,8.1895608902,6.9006047249,-1.4497215748,0.0258155550,0.0459096529,0.7474765498,0.6621968808,0.04276322684 0 0 0 0 0 0 0.04276322684 0 0 0 0 0 0 0.09412176977 0 0 0 0 0 0 0.0007488701053 0 0 0 0 0 0 0.0007488701053 0 0 0 0 0 0 0.001302642382
772,1785497140.105084419,map,8.1886787415,6.8976101875,-1.4506254196,0.0257186863,0.0458858592,0.7474972539,0.6621788981,0.0425502647 0 0 0 0 0 0 0.0425502647 0 0 0 0 0 0 0.09380569571 0 0 0 0 0 0 0.000743953392 0 0 0 0 0 0 0.000743953392 0 0 0 0 0 0 0.001296155184
773,1785497140.204939604,map,8.1874208450,6.8958196640,-1.4480074644,0.0260634755,0.0459106144,0.7474397650,0.6622285932,0.04261542165 0 0 0 0 0 0 0.04261542165 0 0 0 0 0 0 0.09390242766 0 0 0 0 0 0 0.0007454572713 0 0 0 0 0 0 0.0007454572713 0 0 0 0 0 0 0.001298139979
774,1785497140.304772854,map,8.2241611481,6.8660364151,-1.4503443241,0.0251776147,0.0462501967,0.7476164967,0.6620397376,0.04252468638 0 0 0 0 0 0 0.04252468638 0 0 0 0 0 0 0.09376771555 0 0 0 0 0 0 0.0007433631226 0 0 0 0 0 0 0.0007433631226 0 0 0 0 0 0 0.001295376024
775,1785497140.504959583,map,8.2150096893,6.8676581383,-1.4502261877,0.0250943740,0.0461292595,0.7476173025,0.6620504049,0.04272383326 0 0 0 0 0 0 0.04272383326 0 0 0 0 0 0 0.09406332202 0 0 0 0 0 0 0.0007479603202 0 0 0 0 0 0 0.0007479603202 0 0 0 0 0 0 0.001301442385
776,1785497140.605013371,map,8.2075557709,6.8719215393,-1.4507263899,0.0251557890,0.0461588467,0.7476047828,0.6620601366,0.04262829405 0 0 0 0 0 0 0.04262829405 0 0 0 0 0 0 0.09392153517 0 0 0 0 0 0 0.0007457544211 0 0 0 0 0 0 0.0007457544211 0 0 0 0 0 0 0.001298532094
777,1785497140.704865217,map,8.2061672211,6.8723678589,-1.4499975443,0.0249189208,0.0462078745,0.7475897018,0.6620827208,0.04281561183 0 0 0 0 0 0 0.04281561183 0 0 0 0 0 0 0.09419947914 0 0 0 0 0 0 0.0007500801313 0 0 0 0 0 0 0.0007500801313 0 0 0 0 0 0 0.00130423812
778,1785497140.804749012,map,8.1961688995,6.8883371353,-1.4521794319,0.0256475574,0.0461695844,0.7476340024,0.6620075139,0.04275508433 0 0 0 0 0 0 0.04275508433 0 0 0 0 0 0 0.09410968956 0 0 0 0 0 0 0.0007486820451 0 0 0 0 0 0 0.0007486820451 0 0 0 0 0 0 0.001302394347
779,1785497140.904778242,map,8.1911516190,6.8898239136,-1.4514893293,0.0257170204,0.0460281596,0.7476223988,0.6620277942,0.04260336648 0 0 0 0 0 0 0.04260336648 0 0 0 0 0 0 0.0938845324 0 0 0 0 0 0 0.0007451789999 0 0 0 0 0 0 0.0007451789999 0 0 0 0 0 0 0.001297772757
780,1785497141.004977703,map,8.1868009567,6.8930802345,-1.4508318901,0.0257620492,0.0460641260,0.7475854071,0.6620652963,0.04269113366 0 0 0 0 0 0 0.04269113366 0 0 0 0 0 0 0.09401479935 0 0 0 0 0 0 0.0007472052322 0 0 0 0 0 0 0.0007472052322 0 0 0 0 0 0 0.001300446298
781,1785497141.104855776,map,8.1878871918,6.8958783150,-1.4507511854,0.0257291415,0.0460655865,0.7475720887,0.6620815364,0.042807544 0 0 0 0 0 0 0.042807544 0 0 0 0 0 0 0.09418751211 0 0 0 0 0 0 0.0007498937594 0 0 0 0 0 0 0.0007498937594 0 0 0 0 0 0 0.00130399236
782,1785497141.204714775,map,8.1882991791,6.8970346451,-1.4502625465,0.0258052213,0.0460050741,0.7475933827,0.6620587116,0.04267605387 0 0 0 0 0 0 0.04267605387 0 0 0 0 0 0 0.09399242054 0 0 0 0 0 0 0.0007468570461 0 0 0 0 0 0 0.0007468570461 0 0 0 0 0 0 0.001299986942
783,1785497141.304755688,map,8.1852350235,6.8967528343,-1.4490251541,0.0259993672,0.0459567802,0.7475656431,0.6620858098,0.04251536787 0 0 0 0 0 0 0.04251536787 0 0 0 0 0 0 0.09375387797 0 0 0 0 0 0 0.0007431480942 0 0 0 0 0 0 0.0007431480942 0 0 0 0 0 0 0.001295092166
784,1785497141.404969692,map,8.1874876022,6.8920736313,-1.4475188255,0.0262633976,0.0460889483,0.7475364629,0.6620991560,0.04280662022 0 0 0 0 0 0 0.04280662022 0 0 0 0 0 0 0.09418614184 0 0 0 0 0 0 0.0007498724199 0 0 0 0 0 0 0.0007498724199 0 0 0 0 0 0 0.00130396422
785,1785497141.504895449,map,8.1885910034,6.8948950768,-1.4487335682,0.0262751313,0.0461100633,0.7475607795,0.6620697457,0.04269514366 0 0 0 0 0 0 0.04269514366 0 0 0 0 0 0 0.09402075009 0 0 0 0 0 0 0.000747297825 0 0 0 0 0 0 0.000747297825 0 0 0 0 0 0 0.00130056845
786,1785497141.604685068,map,8.1897888184,6.8941631317,-1.4491117001,0.0259925939,0.0459377938,0.7475332409,0.6621239767,0.04263001384 0 0 0 0 0 0 0.04263001384 0 0 0 0 0 0 0.09392408791 0 0 0 0 0 0 0.0007457941222 0 0 0 0 0 0 0.0007457941222 0 0 0 0 0 0 0.001298584482
787,1785497141.704765320,map,8.1866312027,6.8964691162,-1.4507849216,0.0260357131,0.0459760370,0.7475423381,0.6621093609,0.04267060836 0 0 0 0 0 0 0.04267060836 0 0 0 0 0 0 0.09398433894 0 0 0 0 0 0 0.0007467313163 0 0 0 0 0 0 0.0007467313163 0 0 0 0 0 0 0.001299821062
788,1785497141.804979086,map,8.1907148361,6.8908438683,-1.4469101429,0.0256680956,0.0461046060,0.7474916866,0.6621719488,0.04275586916 0 0 0 0 0 0 0.04275586916 0 0 0 0 0 0 0.09411085395 0 0 0 0 0 0 0.0007487001715 0 0 0 0 0 0 0.0007487001715 0 0 0 0 0 0 0.001302418255
789,1785497141.904870510,map,8.1916313171,6.8912048340,-1.4487057924,0.0255045294,0.0459943364,0.7474728679,0.6622071799,0.04260698581 0 0 0 0 0 0 0.04260698581 0 0 0 0 0 0 0.09388990518 0 0 0 0 0 0 0.000745262544 0 0 0 0 0 0 0.000745262544 0 0 0 0 0 0 0.001297883008
790,1785497142.004755020,map,8.1921691895,6.8910083771,-1.4493013620,0.0254034405,0.0459439017,0.7474904390,0.6621947234,0.04258717318 0 0 0 0 0 0 0.04258717318 0 0 0 0 0 0 0.09386049298 0 0 0 0 0 0 0.0007448052268 0 0 0 0 0 0 0.0007448052268 0 0 0 0 0 0 0.001297279481
791,1785497142.104740381,map,8.1922721863,6.8920736313,-1.4508302212,0.0255097999,0.0460022016,0.7475105210,0.6621639361,0.04245691356 0 0 0 0 0 0 0.04245691356 0 0 0 0 0 0 0.09366706452 0 0 0 0 0 0 0.0007417994082 0 0 0 0 0 0 0.0007417994082 0 0 0 0 0 0 0.001293311546
792,1785497142.204968691,map,8.1936025620,6.8894443512,-1.4488083124,0.0253402412,0.0459498894,0.7476243710,0.6620455208,0.04274222406 0 0 0 0 0 0 0.04274222406 0 0 0 0 0 0 0.09409060931 0 0 0 0 0 0 0.0007483850346 0 0 0 0 0 0 0.0007483850346 0 0 0 0 0 0 0.001302002601
793,1785497142.304885864,map,8.2024908066,6.8763818741,-1.4517222643,0.0256595484,0.0461016502,0.7476285818,0.6620179144,0.04291532472 0 0 0 0 0 0 0.04291532472 0 0 0 0 0 0 0.09434735325 0 0 0 0 0 0 0.0007523840219 0 0 0 0 0 0 0.0007523840219 0 0 0 0 0 0 0.001307275548
794,1785497142.504600048,map,8.1987133026,6.8772826195,-1.4509072304,0.0257315642,0.0460806742,0.7476442307,0.6619988957,0.0426338367 0 0 0 0 0 0 0.0426338367 0 0 0 0 0 0 0.09392976226 0 0 0 0 0 0 0.0007458823734 0 0 0 0 0 0 0.0007458823734 0 0 0 0 0 0 0.001298700933
795,1785497142.605021715,map,8.1943950653,6.8770089149,-1.4516633749,0.0255043239,0.0459966714,0.7476387752,0.6620197109,0.04268140618 0 0 0 0 0 0 0.04268140618 0 0 0 0 0 0 0.09400036366 0 0 0 0 0 0 0.0007469806265 0 0 0 0 0 0 0.0007469806265 0 0 0 0 0 0 0.001300149982
796,1785497142.704926252,map,8.1922063828,6.8775420189,-1.4495118856,0.0256966310,0.0461348477,0.7475983465,0.6620482962,0.04251473974 0 0 0 0 0 0 0.04251473974 0 0 0 0 0 0 0.0937529452 0 0 0 0 0 0 0.0007431335999 0 0 0 0 0 0 0.0007431335999 0 0 0 0 0 0 0.001295073032
797,1785497142.804739714,map,8.1933755875,6.8788619041,-1.4501824379,0.0256497891,0.0460215411,0.7475316928,0.6621332417,0.04292316483 0 0 0 0 0 0 0.04292316483 0 0 0 0 0 0 0.09435897776 0 0 0 0 0 0 0.0007525652058 0 0 0 0 0 0 0.0007525652058 0 0 0 0 0 0 0.001307514372
798,1785497142.904689550,map,8.1927251816,6.8836421967,-1.4514181614,0.0252839945,0.0460033552,0.7475422787,0.6621366428,0.04285251222 0 0 0 0 0 0 0.04285251222 0 0 0 0 0 0 0.0942542089 0 0 0 0 0 0 0.0007509326242 0 0 0 0 0 0 0.0007509326242 0 0 0 0 0 0 0.00130536217
799,1785497143.004878044,map,8.1921043396,6.8819861412,-1.4512571096,0.0252528677,0.0460655029,0.7474676314,0.6622177798,0.0427455537 0 0 0 0 0 0 0.0427455537 0 0 0 0 0 0 0.09409554945 0 0 0 0 0 0 0.000748461932 0 0 0 0 0 0 0.000748461932 0 0 0 0 0 0 0.001302104028
800,1785497143.105063677,map,8.1925020218,6.8823490143,-1.4509029388,0.0253227217,0.0460918034,0.7474778657,0.6622017554,0.04282063143 0 0 0 0 0 0 0.04282063143 0 0 0 0 0 0 0.09420692454 0 0 0 0 0 0 0.0007501960899 0 0 0 0 0 0 0.0007501960899 0 0 0 0 0 0 0.001304391026
801,1785497143.204778433,map,8.1934900284,6.8844480515,-1.4510356188,0.0251665234,0.0460644340,0.7474645523,0.6622246344,0.04252020409 0 0 0 0 0 0 0.04252020409 0 0 0 0 0 0 0.0937610596 0 0 0 0 0 0 0.000743259691 0 0 0 0 0 0 0.000743259691 0 0 0 0 0 0 0.001295239486
802,1785497143.304653883,map,8.1967611313,6.8834013939,-1.4507362843,0.0250340157,0.0459342698,0.7474537331,0.6622508863,0.04272975012 0 0 0 0 0 0 0.04272975012 0 0 0 0 0 0 0.09407210135 0 0 0 0 0 0 0.0007480969601 0 0 0 0 0 0 0.0007480969601 0 0 0 0 0 0 0.001301622623
803,1785497143.404750824,map,8.1939582825,6.8798832893,-1.4506983757,0.0252103470,0.0460776403,0.7475388917,0.6621381478,0.04258332899 0 0 0 0 0 0 0.04258332899 0 0 0 0 0 0 0.09385478595 0 0 0 0 0 0 0.0007447164988 0 0 0 0 0 0 0.0007447164988 0 0 0 0 0 0 0.00129716238
804,1785497143.505143881,map,8.1928787231,6.8791546822,-1.4513518810,0.0251776629,0.0461054085,0.7475737133,0.6620980968,0.04265302052 0 0 0 0 0 0 0.04265302052 0 0 0 0 0 0 0.09395823593 0 0 0 0 0 0 0.0007463252533 0 0 0 0 0 0 0.0007463252533 0 0 0 0 0 0 0.001299285306
805,1785497143.604904890,map,8.1918697357,6.8803825378,-1.4505298138,0.0250959434,0.0460763405,0.7475866198,0.6620886794,0.04258889971 0 0 0 0 0 0 0.04258889971 0 0 0 0 0 0 0.09386305614 0 0 0 0 0 0 0.0007448450775 0 0 0 0 0 0 0.0007448450775 0 0 0 0 0 0 0.001297332074
806,1785497143.704713583,map,8.1937360764,6.8820166588,-1.4499005079,0.0251713305,0.0460300741,0.7475418751,0.6621395318,0.04258330985 0 0 0 0 0 0 0.04258330985 0 0 0 0 0 0 0.09385475754 0 0 0 0 0 0 0.0007447160571 0 0 0 0 0 0 0.0007447160571 0 0 0 0 0 0 0.001297161797
807,1785497143.804657221,map,8.1985778809,6.8742876053,-1.4485093355,0.0247665550,0.0462713113,0.7476215500,0.6620480388,0.04261941547 0 0 0 0 0 0 0.04261941547 0 0 0 0 0 0 0.09390835611 0 0 0 0 0 0 0.0007455494642 0 0 0 0 0 0 0.0007455494642 0 0 0 0 0 0 0.001298261637
808,1785497143.904917479,map,8.2009325027,6.8745656013,-1.4493777752,0.0247820091,0.0460085189,0.7475844863,0.6621076111,0.04278142804 0 0 0 0 0 0 0.04278142804 0 0 0 0 0 0 0.0941487717 0 0 0 0 0 0 0.0007492905028 0 0 0 0 0 0 0.0007492905028 0 0 0 0 0 0 0.001303196822
809,1785497144.005018950,map,8.2015228271,6.8768076897,-1.4519916773,0.0248790929,0.0459262001,0.7475368694,0.6621634608,0.04285566557 0 0 0 0 0 0 0.04285566557 0 0 0 0 0 0 0.09425888552 0 0 0 0 0 0 0.0007510054801 0 0 0 0 0 0 0.0007510054801 0 0 0 0 0 0 0.001305458227
810,1785497144.104788303,map,8.1982231140,6.8760409355,-1.4509160519,0.0250784020,0.0461120201,0.7476278516,0.6620403060,0.04276530112 0 0 0 0 0 0 0.04276530112 0 0 0 0 0 0 0.09412484711 0 0 0 0 0 0 0.000748918014 0 0 0 0 0 0 0.000748918014 0 0 0 0 0 0 0.001302705568
811,1785497144.204697132,map,8.2024106979,6.8678021431,-1.4507914782,0.0246836101,0.0461824812,0.7476357952,0.6620412443,0.0428085967 0 0 0 0 0 0 0.0428085967 0 0 0 0 0 0 0.09418907359 0 0 0 0 0 0 0.000749918077 0 0 0 0 0 0 0.000749918077 0 0 0 0 0 0 0.001304024427
812,1785497144.304742813,map,8.2029514313,6.8699431419,-1.4525992870,0.0248753518,0.0460850966,0.7476343254,0.6620425258,0.04279681191 0 0 0 0 0 0 0.04279681191 0 0 0 0 0 0 0.09417159259 0 0 0 0 0 0 0.0007496458501 0 0 0 0 0 0 0.0007496458501 0 0 0 0 0 0 0.001303665442
813,1785497144.404873371,map,8.2079639435,6.8699617386,-1.4508522749,0.0248613026,0.0460891088,0.7476440130,0.6620318148,0.04263690017 0 0 0 0 0 0 0.04263690017 0 0 0 0 0 0 0.09393430938 0 0 0 0 0 0 0.0007459530951 0 0 0 0 0 0 0.0007459530951 0 0 0 0 0 0 0.001298794252
814,1785497144.504827976,map,8.2051134109,6.8639731407,-1.4515837431,0.0249185757,0.0462707117,0.7476327640,0.6620296976,0.04257537765 0 0 0 0 0 0 0.04257537765 0 0 0 0 0 0 0.09384298125 0 0 0 0 0 0 0.0007445329774 0 0 0 0 0 0 0.0007445329774 0 0 0 0 0 0 0.001296920169
815,1785497144.704749346,map,8.2054443359,6.8686656952,-1.4525885582,0.0246831197,0.0460222418,0.7476326750,0.6620559460,0.04297948227 0 0 0 0 0 0 0.04297948227 0 0 0 0 0 0 0.09444246927 0 0 0 0 0 0 0.0007538668485 0 0 0 0 0 0 0.0007538668485 0 0 0 0 0 0 0.001309229899
816,1785497144.804871082,map,8.2025442123,6.8692846298,-1.4533045292,0.0248666383,0.0461769153,0.7476524250,0.6620160152,0.04252416171 0 0 0 0 0 0 0.04252416171 0 0 0 0 0 0 0.09376693645 0 0 0 0 0 0 0.0007433510154 0 0 0 0 0 0 0.0007433510154 0 0 0 0 0 0 0.001295360042
817,1785497144.905036211,map,8.2021903992,6.8713965416,-1.4524527788,0.0247890053,0.0460776224,0.7476545068,0.6620234994,0.04270364788 0 0 0 0 0 0 0.04270364788 0 0 0 0 0 0 0.09403336981 0 0 0 0 0 0 0.0007474941954 0 0 0 0 0 0 0.0007474941954 0 0 0 0 0 0 0.001300827503
818,1785497145.004750252,map,8.2056560516,6.8682646751,-1.4491138458,0.0246706084,0.0462708031,0.7475844140,0.6620935829,0.04285337472 0 0 0 0 0 0 0.04285337472 0 0 0 0 0 0 0.09425548806 0 0 0 0 0 0 0.0007509525517 0 0 0 0 0 0 0.0007509525517 0 0 0 0 0 0 0.001305388444
819,1785497145.104716301,map,8.2060117722,6.8714394569,-1.4521872997,0.0247336335,0.0462370678,0.7475659948,0.6621143811,0.04252963621 0 0 0 0 0 0 0.04252963621 0 0 0 0 0 0 0.09377506564 0 0 0 0 0 0 0.0007434773453 0 0 0 0 0 0 0.0007434773453 0 0 0 0 0 0 0.001295526805
820,1785497145.204800844,map,8.2075357437,6.8714618683,-1.4532784224,0.0249401918,0.0461892787,0.7475829267,0.6620908737,0.04277382944 0 0 0 0 0 0 0.04277382944 0 0 0 0 0 0 0.09413749923 0 0 0 0 0 0 0.0007491149928 0 0 0 0 0 0 0.0007491149928 0 0 0 0 0 0 0.001302965356
821,1785497145.304889202,map,8.2068367004,6.8681793213,-1.4508574009,0.0247463013,0.0461599523,0.7475631615,0.6621224717,0.04275719507 0 0 0 0 0 0 0.04275719507 0 0 0 0 0 0 0.09411282108 0 0 0 0 0 0 0.0007487307944 0 0 0 0 0 0 0.0007487307944 0 0 0 0 0 0 0.001302458644
822,1785497145.404765129,map,8.2131538391,6.8655447960,-1.4504823685,0.0240809896,0.0461462804,0.7476166853,0.6620875259,0.04244284105 0 0 0 0 0 0 0.04244284105 0 0 0 0 0 0 0.09364616182 0 0 0 0 0 0 0.000741474765 0 0 0 0 0 0 0.000741474765 0 0 0 0 0 0 0.001292882873
823,1785497145.504677296,map,8.2113723755,6.8691244125,-1.4508768320,0.0242068671,0.0461310750,0.7476251632,0.6620744173,0.04273411036 0 0 0 0 0 0 0.04273411036 0 0 0 0 0 0 0.09407857087 0 0 0 0 0 0 0.0007481976544 0 0 0 0 0 0 0.0007481976544 0 0 0 0 0 0 0.001301755444
824,1785497145.604746819,map,8.2036819458,6.8739051819,-1.4495922327,0.0249168128,0.0461776888,0.7476401423,0.6620279476,0.04288371629 0 0 0 0 0 0 0.04288371629 0 0 0 0 0 0 0.09430048405 0 0 0 0 0 0 0.0007516536092 0 0 0 0 0 0 0.0007516536092 0 0 0 0 0 0 0.001306312701
825,1785497145.704877377,map,8.2031507492,6.8767681122,-1.4510426521,0.0249825551,0.0461142960,0.7476260438,0.6620458134,0.04261363054 0 0 0 0 0 0 0.04261363054 0 0 0 0 0 0 0.09389976892 0 0 0 0 0 0 0.0007454159261 0 0 0 0 0 0 0.0007454159261 0 0 0 0 0 0 0.001298085418
826,1785497145.804805994,map,8.2041282654,6.8792614937,-1.4513288736,0.0249757829,0.0460027886,0.7475659823,0.6621216278,0.0427469533 0 0 0 0 0 0 0.0427469533 0 0 0 0 0 0 0.09409762599 0 0 0 0 0 0 0.0007484942557 0 0 0 0 0 0 0.0007484942557 0 0 0 0 0 0 0.001302146662
827,1785497145.904660463,map,8.2061958313,6.8778471947,-1.4531801939,0.0248759672,0.0459897174,0.7475874307,0.6621020733,0.04256014607 0 0 0 0 0 0 0.04256014607 0 0 0 0 0 0 0.09382036713 0 0 0 0 0 0 0.0007441814389 0 0 0 0 0 0 0.0007441814389 0 0 0 0 0 0 0.001296456188
828,1785497146.004781485,map,8.2089328766,6.8789591789,-1.4536582232,0.0246362264,0.0458178622,0.7475061504,0.6622147336,0.04267689617 0 0 0 0 0 0 0.04267689617 0 0 0 0 0 0 0.09399367057 0 0 0 0 0 0 0.0007468764939 0 0 0 0 0 0 0.0007468764939 0 0 0 0 0 0 0.0013000126
829,1785497146.105090618,map,8.2083988190,6.8762392998,-1.4512962103,0.0246379540,0.0457848288,0.7475399107,0.6621788067,0.04278919028 0 0 0 0 0 0 0.04278919028 0 0 0 0 0 0 0.09416028661 0 0 0 0 0 0 0.000749469798 0 0 0 0 0 0 0.000749469798 0 0 0 0 0 0 0.001303433274
830,1785497146.204766750,map,8.2118768692,6.8771362305,-1.4508166313,0.0247953864,0.0458569015,0.7474797962,0.6622358289,0.04266816025 0 0 0 0 0 0 0.04266816025 0 0 0 0 0 0 0.09398070567 0 0 0 0 0 0 0.0007466747934 0 0 0 0 0 0 0.0007466747934 0 0 0 0 0 0 0.001299746488
831,1785497146.304641962,map,8.2088327408,6.8780093193,-1.4523391724,0.0250298857,0.0460717535,0.7475756576,0.6621038695,0.04268659201 0 0 0 0 0 0 0.04268659201 0 0 0 0 0 0 0.09400805956 0 0 0 0 0 0 0.0007471003653 0 0 0 0 0 0 0.0007471003653 0 0 0 0 0 0 0.001300307952
832,1785497146.404789209,map,8.2352914810,6.8649687767,-1.4562352896,0.0243609705,0.0459016496,0.7476002860,0.6621128127,0.04256973152 0 0 0 0 0 0 0.04256973152 0 0 0 0 0 0 0.09383459867 0 0 0 0 0 0 0.0007444026647 0 0 0 0 0 0 0.0007444026647 0 0 0 0 0 0 0.001296748178
833,1785497146.704626322,map,8.2211227417,6.8786563873,-1.4532244205,0.0245469509,0.0460573144,0.7477438191,0.6619330667,0.04266347822 0 0 0 0 0 0 0.04266347822 0 0 0 0 0 0 0.09397375695 0 0 0 0 0 0 0.0007465666945 0 0 0 0 0 0 0.0007465666945 0 0 0 0 0 0 0.001299603865
834,1785497146.804760218,map,8.2166261673,6.8793931007,-1.4526036978,0.0245640364,0.0459924284,0.7477553304,0.6619239128,0.04253841158 0 0 0 0 0 0 0.04253841158 0 0 0 0 0 0 0.09378809598 0 0 0 0 0 0 0.0007436798512 0 0 0 0 0 0 0.0007436798512 0 0 0 0 0 0 0.001295794118
835,1785497146.904873848,map,8.2129392624,6.8831205368,-1.4515254498,0.0247593386,0.0459940472,0.7477233473,0.6619526444,0.04284379111 0 0 0 0 0 0 0.04284379111 0 0 0 0 0 0 0.09424127466 0 0 0 0 0 0 0.0007507311338 0 0 0 0 0 0 0.0007507311338 0 0 0 0 0 0 0.00130509651
836,1785497147.004794836,map,8.2105646133,6.8757967949,-1.4486260414,0.0247379026,0.0461669047,0.7477537371,0.6619070892,0.04269464485 0 0 0 0 0 0 0.04269464485 0 0 0 0 0 0 0.09402000987 0 0 0 0 0 0 0.0007472863071 0 0 0 0 0 0 0.0007472863071 0 0 0 0 0 0 0.001300553255
837,1785497147.104681015,map,8.2121715546,6.8791942596,-1.4511023760,0.0247041906,0.0459112973,0.7476935570,0.6619941251,0.04254153615 0 0 0 0 0 0 0.04254153615 0 0 0 0 0 0 0.09379273548 0 0 0 0 0 0 0.0007437519575 0 0 0 0 0 0 0.0007437519575 0 0 0 0 0 0 0.001295889298
838,1785497147.204657793,map,8.2098541260,6.8801665306,-1.4509444237,0.0247946850,0.0459678164,0.7477154873,0.6619620342,0.04276161457 0 0 0 0 0 0 0.04276161457 0 0 0 0 0 0 0.09411937784 0 0 0 0 0 0 0.0007488328678 0 0 0 0 0 0 0.0007488328678 0 0 0 0 0 0 0.00130259327
839,1785497147.304890633,map,8.2101335526,6.8787002563,-1.4523793459,0.0249446635,0.0459803502,0.7476553137,0.6620234825,0.0428167908 0 0 0 0 0 0 0.0428167908 0 0 0 0 0 0 0.09420122788 0 0 0 0 0 0 0.0007501073666 0 0 0 0 0 0 0.0007501073666 0 0 0 0 0 0 0.001304274034
840,1785497147.404925346,map,8.2063493729,6.8765292168,-1.4515281916,0.0250585688,0.0460238909,0.7476786108,0.6619898201,0.04299659157 0 0 0 0 0 0 0.04299659157 0 0 0 0 0 0 0.09446783055 0 0 0 0 0 0 0.0007542623425 0 0 0 0 0 0 0.0007542623425 0 0 0 0 0 0 0.001309751078
841,1785497147.504775763,map,8.2055864334,6.8787088394,-1.4529663324,0.0248623468,0.0459605032,0.7477027395,0.6619744163,0.04290795307 0 0 0 0 0 0 0.04290795307 0 0 0 0 0 0 0.09433642303 0 0 0 0 0 0 0.0007522136691 0 0 0 0 0 0 0.0007522136691 0 0 0 0 0 0 0.001307050995
842,1785497147.604739189,map,8.2052412033,6.8793907166,-1.4511888027,0.0248288505,0.0459773115,0.7476723592,0.6620088082,0.04258298167 0 0 0 0 0 0 0.04258298167 0 0 0 0 0 0 0.09385427033 0 0 0 0 0 0 0.0007447084824 0 0 0 0 0 0 0.0007447084824 0 0 0 0 0 0 0.0012971518
843,1785497147.704677820,map,8.2005500793,6.8778777122,-1.4506957531,0.0248684005,0.0460268009,0.7476981010,0.6619747962,0.04281496323 0 0 0 0 0 0 0.04281496323 0 0 0 0 0 0 0.09419851708 0 0 0 0 0 0 0.0007500651479 0 0 0 0 0 0 0.0007500651479 0 0 0 0 0 0 0.001304218363
844,1785497147.804785967,map,8.2015323639,6.8791389465,-1.4518610239,0.0250487616,0.0460201243,0.7476617333,0.6620095271,0.04266321945 0 0 0 0 0 0 0.04266321945 0 0 0 0 0 0 0.0939733729 0 0 0 0 0 0 0.0007465607201 0 0 0 0 0 0 0.0007465607201 0 0 0 0 0 0 0.001299595983
845,1785497147.904852152,map,8.2015628815,6.8777999878,-1.4496155977,0.0251466009,0.0459492793,0.7476328591,0.6620433459,0.04289109122 0 0 0 0 0 0 0.04289109122 0 0 0 0 0 0 0.09431142015 0 0 0 0 0 0 0.0007518240226 0 0 0 0 0 0 0.0007518240226 0 0 0 0 0 0 0.001306537354
846,1785497148.004705667,map,8.2086687088,6.8663487434,-1.4549040794,0.0256887365,0.0461980454,0.7477649421,0.6618560402,0.04284455064 0 0 0 0 0 0 0.04284455064 0 0 0 0 0 0 0.09424240114 0 0 0 0 0 0 0.0007507486816 0 0 0 0 0 0 0.0007507486816 0 0 0 0 0 0 0.001305119647
847,1785497148.204765797,map,8.2051649094,6.8693265915,-1.4535189867,0.0253921736,0.0461085720,0.7477037597,0.6619428619,0.04274444691 0 0 0 0 0 0 0.04274444691 0 0 0 0 0 0 0.09409390732 0 0 0 0 0 0 0.0007484363707 0 0 0 0 0 0 0.0007484363707 0 0 0 0 0 0 0.001302070313
848,1785497148.304878950,map,8.2031850815,6.8717913628,-1.4525616169,0.0251033553,0.0459197925,0.7476587093,0.6620178849,0.04287868009 0 0 0 0 0 0 0.04287868009 0 0 0 0 0 0 0.09429301582 0 0 0 0 0 0 0.0007515372397 0 0 0 0 0 0 0.0007515372397 0 0 0 0 0 0 0.001306159289
849,1785497148.404681683,map,8.2028007507,6.8625116348,-1.4544082880,0.0249091415,0.0458539061,0.7481586303,0.6614647642,0.04278470729 0 0 0 0 0 0 0.04278470729 0 0 0 0 0 0 0.09415363635 0 0 0 0 0 0 0.0007493662475 0 0 0 0 0 0 0.0007493662475 0 0 0 0 0 0 0.001303296714
850,1785497148.504638195,map,8.2011632919,6.8818473816,-1.4516756535,0.0249937245,0.0458424621,0.7478840461,0.6617728323,0.04260410314 0 0 0 0 0 0 0.04260410314 0 0 0 0 0 0 0.09388562596 0 0 0 0 0 0 0.0007451960039 0 0 0 0 0 0 0.0007451960039 0 0 0 0 0 0 0.001297795197
851,1785497148.604835033,map,8.2097320557,6.8814873695,-1.4526164532,0.0244992640,0.0458346131,0.7477810563,0.6619082148,0.04257279813 0 0 0 0 0 0 0.04257279813 0 0 0 0 0 0 0.09383915155 0 0 0 0 0 0 0.0007444734416 0 0 0 0 0 0 0.0007444734416 0 0 0 0 0 0 0.001296841592
852,1785497148.705008268,map,8.2051105499,6.8821735382,-1.4510742426,0.0245668389,0.0459286703,0.7477210378,0.6619669851,0.0427730814 0 0 0 0 0 0 0.0427730814 0 0 0 0 0 0 0.09413638949 0 0 0 0 0 0 0.000749097715 0 0 0 0 0 0 0.000749097715 0 0 0 0 0 0 0.001302942569
853,1785497148.804704905,map,8.2077178955,6.8856177330,-1.4504227638,0.0247793218,0.0460133422,0.7477711537,0.6618965547,0.04274266262 0 0 0 0 0 0 0.04274266262 0 0 0 0 0 0 0.09409126 0 0 0 0 0 0 0.000748395163 0 0 0 0 0 0 0.000748395163 0 0 0 0 0 0 0.00130201596
854,1785497148.904645205,map,8.2072277069,6.8846793175,-1.4514390230,0.0246004421,0.0458498828,0.7477093158,0.6619844178,0.04262894211 0 0 0 0 0 0 0.04262894211 0 0 0 0 0 0 0.09392249711 0 0 0 0 0 0 0.0007457693815 0 0 0 0 0 0 0.0007457693815 0 0 0 0 0 0 0.001298551836
855,1785497149.004657269,map,8.2039403915,6.8843979836,-1.4523202181,0.0248460621,0.0459303336,0.7476667007,0.6620178244,0.04260038874 0 0 0 0 0 0 0.04260038874 0 0 0 0 0 0 0.09388011196 0 0 0 0 0 0 0.000745110266 0 0 0 0 0 0 0.000745110266 0 0 0 0 0 0 0.00129768205
856,1785497149.104809046,map,8.2039575577,6.8830456734,-1.4538029432,0.0247974105,0.0459589807,0.7476512281,0.6620351122,0.0426354687 0 0 0 0 0 0 0.0426354687 0 0 0 0 0 0 0.09393218465 0 0 0 0 0 0 0.0007459200488 0 0 0 0 0 0 0.0007459200488 0 0 0 0 0 0 0.001298750647
857,1785497149.204806089,map,8.1999177933,6.8859038353,-1.4511710405,0.0252244229,0.0460464834,0.7475994323,0.6620714126,0.04308601539 0 0 0 0 0 0 0.04308601539 0 0 0 0 0 0 0.09460035767 0 0 0 0 0 0 0.000756329847 0 0 0 0 0 0 0.000756329847 0 0 0 0 0 0 0.001312475084
858,1785497149.304648876,map,8.2000188828,6.8876929283,-1.4513576031,0.0253626224,0.0460504506,0.7476018352,0.6620631455,0.04257579385 0 0 0 0 0 0 0.04257579385 0 0 0 0 0 0 0.09384359915 0 0 0 0 0 0 0.0007445425833 0 0 0 0 0 0 0.0007445425833 0 0 0 0 0 0 0.001296932847
859,1785497149.404649973,map,8.1979379654,6.8858604431,-1.4516980648,0.0254167996,0.0459817406,0.7476103451,0.6620562273,0.0428240268 0 0 0 0 0 0 0.0428240268 0 0 0 0 0 0 0.09421196069 0 0 0 0 0 0 0.0007502745281 0 0 0 0 0 0 0.0007502745281 0 0 0 0 0 0 0.001304494455
860,1785497149.504818201,map,8.1989803314,6.8872961998,-1.4513936043,0.0249888487,0.0459393134,0.7476161477,0.6620688876,0.04262471602 0 0 0 0 0 0 0.04262471602 0 0 0 0 0 0 0.09391622412 0 0 0 0 0 0 0.0007456718235 0 0 0 0 0 0 0.0007456718235 0 0 0 0 0 0 0.001298423101
861,1785497149.604882717,map,8.1987190247,6.8900375366,-1.4516925812,0.0250328351,0.0459821388,0.7475922304,0.6620912648,0.04265537917 0 0 0 0 0 0 0.04265537917 0 0 0 0 0 0 0.09396173663 0 0 0 0 0 0 0.0007463797077 0 0 0 0 0 0 0.0007463797077 0 0 0 0 0 0 0.001299357154
862,1785497149.704680443,map,8.2032899857,6.8920049667,-1.4508130550,0.0247805432,0.0458993476,0.7475999653,0.6620977690,0.04255501411 0 0 0 0 0 0 0.04255501411 0 0 0 0 0 0 0.09381274751 0 0 0 0 0 0 0.0007440630002 0 0 0 0 0 0 0.0007440630002 0 0 0 0 0 0 0.00129629986
863,1785497149.804611683,map,8.1999397278,6.8891358376,-1.4524368048,0.0249158817,0.0460275102,0.7476534082,0.6620234557,0.04279568534 0 0 0 0 0 0 0.04279568534 0 0 0 0 0 0 0.09416992144 0 0 0 0 0 0 0.0007496198271 0 0 0 0 0 0 0.0007496198271 0 0 0 0 0 0 0.001303631125
864,1785497149.904792786,map,8.2005510330,6.8916068077,-1.4535086155,0.0247093739,0.0459551122,0.7475985353,0.6620981784,0.0428370776 0 0 0 0 0 0 0.0428370776 0 0 0 0 0 0 0.09423131758 0 0 0 0 0 0 0.000750576031 0 0 0 0 0 0 0.000750576031 0 0 0 0 0 0 0.001304892005
865,1785497150.004902840,map,8.1997537613,6.8911752701,-1.4519799948,0.0247117923,0.0458945049,0.7475750074,0.6621288828,0.04282475162 0 0 0 0 0 0 0.04282475162 0 0 0 0 0 0 0.09421303576 0 0 0 0 0 0 0.0007502912727 0 0 0 0 0 0 0.0007502912727 0 0 0 0 0 0 0.001304516534
866,1785497150.104666233,map,8.2066326141,6.8816847801,-1.4507610798,0.0249247543,0.0458606270,0.7477424550,0.6619341149,0.04260482656 0 0 0 0 0 0 0.04260482656 0 0 0 0 0 0 0.09388669985 0 0 0 0 0 0 0.0007452127023 0 0 0 0 0 0 0.0007452127023 0 0 0 0 0 0 0.001297817234
867,1785497150.304794312,map,8.2015275955,6.8831033707,-1.4513665438,0.0249870081,0.0459156756,0.7477476463,0.6619221259,0.04252250148 0 0 0 0 0 0 0.04252250148 0 0 0 0 0 0 0.09376447112 0 0 0 0 0 0 0.0007433127045 0 0 0 0 0 0 0.0007433127045 0 0 0 0 0 0 0.001295309468
868,1785497150.404901028,map,8.2058191299,6.8840770721,-1.4515661001,0.0249067268,0.0458414490,0.7476579218,0.6620315967,0.04274030168 0 0 0 0 0 0 0.04274030168 0 0 0 0 0 0 0.09408775707 0 0 0 0 0 0 0.000748340638 0 0 0 0 0 0 0.000748340638 0 0 0 0 0 0 0.001301944042
869,1785497150.504719257,map,8.2122812271,6.8869323730,-1.4527239799,0.0247835855,0.0458090747,0.7476017894,0.6621018342,0.04258312946 0 0 0 0 0 0 0.04258312946 0 0 0 0 0 0 0.09385448973 0 0 0 0 0 0 0.0007447118934 0 0 0 0 0 0 0.0007447118934 0 0 0 0 0 0 0.001297156302
870,1785497150.604589939,map,8.2081584930,6.8843827248,-1.4528483152,0.0249224202,0.0458738332,0.7475892412,0.6621063100,0.04255632848 0 0 0 0 0 0 0.04255632848 0 0 0 0 0 0 0.09381469902 0 0 0 0 0 0 0.0007440933339 0 0 0 0 0 0 0.0007440933339 0 0 0 0 0 0 0.001296339898
871,1785497150.704722404,map,8.2039709091,6.8801641464,-1.4521561861,0.0248843430,0.0460037398,0.7476366404,0.6620452394,0.04288085843 0 0 0 0 0 0 0.04288085843 0 0 0 0 0 0 0.09429624612 0 0 0 0 0 0 0.0007515875735 0 0 0 0 0 0 0.0007515875735 0 0 0 0 0 0 0.001306225645
872,1785497150.804867744,map,8.2066068649,6.8831305504,-1.4511624575,0.0247458216,0.0459829325,0.7476846834,0.6619975972,0.04290062845 0 0 0 0 0 0 0.04290062845 0 0 0 0 0 0 0.09432556222 0 0 0 0 0 0 0.0007520444074 0 0 0 0 0 0 0.0007520444074 0 0 0 0 0 0 0.001306827874
873,1785497150.904790401,map,8.2250251770,6.8535079956,-1.4504542351,0.0245585340,0.0462861447,0.7487007552,0.6608340477,0.0428785569 0 0 0 0 0 0 0.0428785569 0 0 0 0 0 0 0.09429283313 0 0 0 0 0 0 0.0007515343931 0 0 0 0 0 0 0.0007515343931 0 0 0 0 0 0 0.001306155537
874,1785497151.004589319,map,8.2218236923,6.8699612617,-1.4521604776,0.0248064450,0.0460041702,0.7481323446,0.6614879052,0.04298001314 0 0 0 0 0 0 0.04298001314 0 0 0 0 0 0 0.0944432562 0 0 0 0 0 0 0.0007538791195 0 0 0 0 0 0 0.0007538791195 0 0 0 0 0 0 0.00130924607
875,1785497151.104665041,map,8.2231655121,6.8712415695,-1.4541132450,0.0243868524,0.0459592448,0.7479786628,0.6616804146,0.0428230281 0 0 0 0 0 0 0.0428230281 0 0 0 0 0 0 0.09421047939 0 0 0 0 0 0 0.0007502514566 0 0 0 0 0 0 0.0007502514566 0 0 0 0 0 0 0.001304464033
876,1785497151.204893589,map,8.2223882675,6.8702378273,-1.4527821541,0.0243399844,0.0459348765,0.7478665293,0.6618105290,0.04270813743 0 0 0 0 0 0 0.04270813743 0 0 0 0 0 0 0.09404003186 0 0 0 0 0 0 0.000747597866 0 0 0 0 0 0 0.000747597866 0 0 0 0 0 0 0.001300964263
877,1785497151.304660559,map,8.2218990326,6.8654971123,-1.4490841627,0.0243818932,0.0460864111,0.7477791827,0.6618971597,0.04274506504 0 0 0 0 0 0 0.04274506504 0 0 0 0 0 0 0.09409482443 0 0 0 0 0 0 0.0007484506464 0 0 0 0 0 0 0.0007484506464 0 0 0 0 0 0 0.001302089142
878,1785497151.404676437,map,8.2151079178,6.8700718880,-1.4500629902,0.0246071275,0.0460367012,0.7477079843,0.6619727224,0.04264829985 0 0 0 0 0 0 0.04264829985 0 0 0 0 0 0 0.09395122946 0 0 0 0 0 0 0.0007462162686 0 0 0 0 0 0 0.0007462162686 0 0 0 0 0 0 0.001299141506
879,1785497151.504623890,map,8.2092990875,6.8705286980,-1.4531953335,0.0246943264,0.0460574254,0.7476876989,0.6619909414,0.04284771951 0 0 0 0 0 0 0.04284771951 0 0 0 0 0 0 0.09424710092 0 0 0 0 0 0 0.000750821894 0 0 0 0 0 0 0.000750821894 0 0 0 0 0 0 0.001305216176
880,1785497151.604801655,map,8.2066059113,6.8704409599,-1.4533606768,0.0247062595,0.0460481153,0.7476344257,0.6620513263,0.0428545295 0 0 0 0 0 0 0.0428545295 0 0 0 0 0 0 0.09425720067 0 0 0 0 0 0 0.0007509792321 0 0 0 0 0 0 0.0007509792321 0 0 0 0 0 0 0.00130542362
881,1785497151.704992294,map,8.2039527893,6.8735361099,-1.4528672695,0.0249320638,0.0461480447,0.7475936665,0.6620819204,0.04263461267 0 0 0 0 0 0 0.04263461267 0 0 0 0 0 0 0.09393091404 0 0 0 0 0 0 0.000745900287 0 0 0 0 0 0 0.000745900287 0 0 0 0 0 0 0.001298724571
882,1785497151.804728985,map,8.2082185745,6.8731179237,-1.4550194740,0.0245417488,0.0460212397,0.7476031314,0.6620946660,0.04242468729 0 0 0 0 0 0 0.04242468729 0 0 0 0 0 0 0.09361919532 0 0 0 0 0 0 0.0007410559955 0 0 0 0 0 0 0.0007410559955 0 0 0 0 0 0 0.001292329878
883,1785497151.904626608,map,8.2055625916,6.8746762276,-1.4539272785,0.0248637677,0.0460460188,0.7475321660,0.6621610289,0.04292670995 0 0 0 0 0 0 0.04292670995 0 0 0 0 0 0 0.09436423398 0 0 0 0 0 0 0.0007526471348 0 0 0 0 0 0 0.0007526471348 0 0 0 0 0 0 0.001307622362
884,1785497152.004695654,map,8.2036828995,6.8785920143,-1.4539662600,0.0251092759,0.0460606538,0.7475470414,0.6621339591,0.04290834536 0 0 0 0 0 0 0.04290834536 0 0 0 0 0 0 0.0943370047 0 0 0 0 0 0 0.0007522227344 0 0 0 0 0 0 0.0007522227344 0 0 0 0 0 0 0.001307062945
885,1785497152.105019093,map,8.2285575867,6.8572306633,-1.4542646408,0.0246030440,0.0460788096,0.7475967029,0.6620956155,0.04275897414 0 0 0 0 0 0 0.04275897414 0 0 0 0 0 0 0.09411546052 0 0 0 0 0 0 0.0007487718839 0 0 0 0 0 0 0.0007487718839 0 0 0 0 0 0 0.001302512838
886,1785497152.304612637,map,8.2235755920,6.8605480194,-1.4544016123,0.0245623408,0.0460439570,0.7476877050,0.6619967953,0.04271749917 0 0 0 0 0 0 0.04271749917 0 0 0 0 0 0 0.09405392339 0 0 0 0 0 0 0.0007478140483 0 0 0 0 0 0 0.0007478140483 0 0 0 0 0 0 0.001301249438
887,1785497152.404641390,map,8.2200145721,6.8591780663,-1.4554712772,0.0244778202,0.0460006498,0.7476030464,0.6620985483,0.04260906727 0 0 0 0 0 0 0.04260906727 0 0 0 0 0 0 0.09389299503 0 0 0 0 0 0 0.0007453105906 0 0 0 0 0 0 0.0007453105906 0 0 0 0 0 0 0.001297946413
888,1785497152.504827976,map,8.2171936035,6.8641476631,-1.4547629356,0.0244941484,0.0460782184,0.7475968483,0.6620995330,0.0426652199 0 0 0 0 0 0 0.0426652199 0 0 0 0 0 0 0.09397634184 0 0 0 0 0 0 0.0007466069063 0 0 0 0 0 0 0.0007466069063 0 0 0 0 0 0 0.00129965692
889,1785497152.604788780,map,8.2121553421,6.8715209961,-1.4540164471,0.0247416568,0.0461919150,0.7475447453,0.6621412154,0.04262842052 0 0 0 0 0 0 0.04262842052 0 0 0 0 0 0 0.09392172289 0 0 0 0 0 0 0.0007457573406 0 0 0 0 0 0 0.0007457573406 0 0 0 0 0 0 0.001298535947
890,1785497152.704608917,map,8.2149782181,6.8683090210,-1.4559485912,0.0245555673,0.0460561012,0.7475498661,0.6621518290,0.042702714 0 0 0 0 0 0 0.042702714 0 0 0 0 0 0 0.09403198402 0 0 0 0 0 0 0.000747472631 0 0 0 0 0 0 0.000747472631 0 0 0 0 0 0 0.001300799056
891,1785497152.804603815,map,8.2096338272,6.8690705299,-1.4543431997,0.0248043719,0.0461087844,0.7475584211,0.6621292218,0.04279045725 0 0 0 0 0 0 0.04279045725 0 0 0 0 0 0 0.09416216605 0 0 0 0 0 0 0.0007494990632 0 0 0 0 0 0 0.0007494990632 0 0 0 0 0 0 0.001303471868
892,1785497152.904983759,map,8.2088479996,6.8678913116,-1.4527696371,0.0247186562,0.0460460082,0.7475109047,0.6621904478,0.04251172273 0 0 0 0 0 0 0.04251172273 0 0 0 0 0 0 0.09374846496 0 0 0 0 0 0 0.0007430639831 0 0 0 0 0 0 0.0007430639831 0 0 0 0 0 0 0.001294981129
893,1785497153.004834652,map,8.2091560364,6.8620452881,-1.4532325268,0.0247453336,0.0461485555,0.7477114797,0.6619558170,0.04254092473 0 0 0 0 0 0 0.04254092473 0 0 0 0 0 0 0.09379182762 0 0 0 0 0 0 0.0007437378475 0 0 0 0 0 0 0.0007437378475 0 0 0 0 0 0 0.001295870673
894,1785497153.104673386,map,8.2072153091,6.8683991432,-1.4544068575,0.0247229572,0.0461788283,0.7476526247,0.6620210403,0.04284892339 0 0 0 0 0 0 0.04284892339 0 0 0 0 0 0 0.09424888638 0 0 0 0 0 0 0.000750849708 0 0 0 0 0 0 0.000750849708 0 0 0 0 0 0 0.001305252848
895,1785497153.204589844,map,8.2026224136,6.8735833168,-1.4530981779,0.0250635778,0.0461696992,0.7476270595,0.6620377386,0.04284646751 0 0 0 0 0 0 0.04284646751 0 0 0 0 0 0 0.09424524407 0 0 0 0 0 0 0.0007507929681 0 0 0 0 0 0 0.0007507929681 0 0 0 0 0 0 0.001305178038
896,1785497153.304753065,map,8.2001085281,6.8751664162,-1.4534828663,0.0251887455,0.0460559764,0.7476732851,0.6619886961,0.04270536134 0 0 0 0 0 0 0.04270536134 0 0 0 0 0 0 0.09403591243 0 0 0 0 0 0 0.0007475337615 0 0 0 0 0 0 0.0007475337615 0 0 0 0 0 0 0.001300879698
897,1785497153.404935598,map,8.1978044510,6.8780832291,-1.4537665844,0.0253010072,0.0458665403,0.7475807147,0.6621021014,0.04263058763 0 0 0 0 0 0 0.04263058763 0 0 0 0 0 0 0.09392493961 0 0 0 0 0 0 0.0007458073682 0 0 0 0 0 0 0.0007458073682 0 0 0 0 0 0 0.001298601961
898,1785497153.504787445,map,8.2028951645,6.8749537468,-1.4527633190,0.0249171882,0.0458740421,0.7475220022,0.6621824311,0.04272980078 0 0 0 0 0 0 0.04272980078 0 0 0 0 0 0 0.09407217651 0 0 0 0 0 0 0.0007480981298 0 0 0 0 0 0 0.0007480981298 0 0 0 0 0 0 0.001301624166
899,1785497153.604598522,map,8.2002315521,6.8766884804,-1.4531511068,0.0251273199,0.0460223425,0.7474890540,0.6622013926,0.04249002533 0 0 0 0 0 0 0.04249002533 0 0 0 0 0 0 0.09371624287 0 0 0 0 0 0 0.0007425633423 0 0 0 0 0 0 0.0007425633423 0 0 0 0 0 0 0.001294320188
900,1785497153.704653740,map,8.1998119354,6.8805336952,-1.4562965631,0.0249662065,0.0459276729,0.7475020595,0.6621993800,0.04273484223 0 0 0 0 0 0 0.04273484223 0 0 0 0 0 0 0.09407965677 0 0 0 0 0 0 0.0007482145562 0 0 0 0 0 0 0.0007482145562 0 0 0 0 0 0 0.001301777738
901,1785497153.804925919,map,8.2002429962,6.8803563118,-1.4520854950,0.0251958288,0.0458339292,0.7474658099,0.6622380930,0.04261005521 0 0 0 0 0 0 0.04261005521 0 0 0 0 0 0 0.09389446157 0 0 0 0 0 0 0.0007453333954 0 0 0 0 0 0 0.0007453333954 0 0 0 0 0 0 0.001297976508
902,1785497153.904572725,map,8.1998262405,6.8792567253,-1.4521145821,0.0251042775,0.0457550984,0.7475264457,0.6621785747,0.0428132224 0 0 0 0 0 0 0.0428132224 0 0 0 0 0 0 0.09419593493 0 0 0 0 0 0 0.0007500249333 0 0 0 0 0 0 0.0007500249333 0 0 0 0 0 0 0.001304165334
903,1785497154.004580975,map,8.2002992630,6.8732972145,-1.4508144855,0.0249685327,0.0460065756,0.7475348894,0.6621567827,0.04282049737 0 0 0 0 0 0 0.04282049737 0 0 0 0 0 0 0.09420672569 0 0 0 0 0 0 0.0007501929929 0 0 0 0 0 0 0.0007501929929 0 0 0 0 0 0 0.001304386942
904,1785497154.104624271,map,8.2057094574,6.8741741180,-1.4533737898,0.0249093134,0.0458999847,0.7475723212,0.6621241062,0.04275390617 0 0 0 0 0 0 0.04275390617 0 0 0 0 0 0 0.09410794161 0 0 0 0 0 0 0.0007486548347 0 0 0 0 0 0 0.0007486548347 0 0 0 0 0 0 0.001302358458
905,1785497154.204832554,map,8.2303876877,6.8614830971,-1.4556804895,0.0243737560,0.0459809261,0.7476348718,0.6620678129,0.04272036346 0 0 0 0 0 0 0.04272036346 0 0 0 0 0 0 0.0940581735 0 0 0 0 0 0 0.0007478801924 0 0 0 0 0 0 0.0007478801924 0 0 0 0 0 0 0.001301336689
906,1785497154.404561281,map,8.2234849930,6.8671708107,-1.4570758343,0.0244575934,0.0460475550,0.7475730519,0.6621298773,0.04263368792 0 0 0 0 0 0 0.04263368792 0 0 0 0 0 0 0.09392954143 0 0 0 0 0 0 0.0007458789389 0 0 0 0 0 0 0.0007458789389 0 0 0 0 0 0 0.001298696401
907,1785497154.504654169,map,8.2150163651,6.8693046570,-1.4529045820,0.0244881150,0.0458516049,0.7475471718,0.6621715775,0.04267750923 0 0 0 0 0 0 0.04267750923 0 0 0 0 0 0 0.09399458039 0 0 0 0 0 0 0.000746890649 0 0 0 0 0 0 0.000746890649 0 0 0 0 0 0 0.001300031275
908,1785497154.605011940,map,8.2148904800,6.8700785637,-1.4542340040,0.0242429114,0.0457844652,0.7474866923,0.6622535217,0.04274894201 0 0 0 0 0 0 0.04274894201 0 0 0 0 0 0 0.09410057657 0 0 0 0 0 0 0.0007485401853 0 0 0 0 0 0 0.0007485401853 0 0 0 0 0 0 0.001302207241
909,1785497154.704913616,map,8.2084302902,6.8721270561,-1.4528049231,0.0244846195,0.0457282223,0.7474604495,0.6622781285,0.04275477458 0 0 0 0 0 0 0.04275477458 0 0 0 0 0 0 0.09410923001 0 0 0 0 0 0 0.0007486748913 0 0 0 0 0 0 0.0007486748913 0 0 0 0 0 0 0.001302384912
910,1785497154.804617643,map,8.2067766190,6.8729577065,-1.4537039995,0.0248476859,0.0459182921,0.7474955387,0.6622118547,0.04267799484 0 0 0 0 0 0 0.04267799484 0 0 0 0 0 0 0.09399530106 0 0 0 0 0 0 0.0007469018611 0 0 0 0 0 0 0.0007469018611 0 0 0 0 0 0 0.001300046067
911,1785497154.904589653,map,8.2064065933,6.8737988472,-1.4537891150,0.0246248575,0.0457835836,0.7474394940,0.6622927491,0.04261326512 0 0 0 0 0 0 0.04261326512 0 0 0 0 0 0 0.09389922648 0 0 0 0 0 0 0.000745407491 0 0 0 0 0 0 0.000745407491 0 0 0 0 0 0 0.001298074287
912,1785497155.004757404,map,8.2017297745,6.8729958534,-1.4535371065,0.0247881450,0.0457960589,0.7475061719,0.6622105482,0.0426409506 0 0 0 0 0 0 0.0426409506 0 0 0 0 0 0 0.09394032135 0 0 0 0 0 0 0.0007460466022 0 0 0 0 0 0 0.0007460466022 0 0 0 0 0 0 0.001298917635
913,1785497155.104776859,map,8.1967983246,6.8757209778,-1.4518495798,0.0251366198,0.0458676688,0.7475432265,0.6621506138,0.04287128453 0 0 0 0 0 0 0.04287128453 0 0 0 0 0 0 0.0942820486 0 0 0 0 0 0 0.0007513663574 0 0 0 0 0 0 0.0007513663574 0 0 0 0 0 0 0.001305934008
914,1785497155.204527140,map,8.1991195679,6.8758888245,-1.4511321783,0.0251109197,0.0460263448,0.7474907166,0.6621998399,0.04263597587 0 0 0 0 0 0 0.04263597587 0 0 0 0 0 0 0.09393293743 0 0 0 0 0 0 0.0007459317569 0 0 0 0 0 0 0.0007459317569 0 0 0 0 0 0 0.001298766096
915,1785497155.304631472,map,8.1964893341,6.8757696152,-1.4516743422,0.0252370609,0.0457793018,0.7475396592,0.6621569431,0.04267318235 0 0 0 0 0 0 0.04267318235 0 0 0 0 0 0 0.09398815898 0 0 0 0 0 0 0.0007467907461 0 0 0 0 0 0 0.0007467907461 0 0 0 0 0 0 0.00129989947
916,1785497155.404851675,map,8.1962604523,6.8755631447,-1.4543025494,0.0248074456,0.0455544817,0.7475108144,0.6622212268,0.04282946115 0 0 0 0 0 0 0.04282946115 0 0 0 0 0 0 0.09422002101 0 0 0 0 0 0 0.000750400072 0 0 0 0 0 0 0.000750400072 0 0 0 0 0 0 0.001304659995
917,1785497155.604584932,map,8.1935911179,6.8833150864,-1.4547039270,0.0253046799,0.0453796297,0.7476205253,0.6620905432,0.04267504576 0 0 0 0 0 0 0.04267504576 0 0 0 0 0 0 0.09399092444 0 0 0 0 0 0 0.00074683377 0 0 0 0 0 0 0.00074683377 0 0 0 0 0 0 0.001299956233
918,1785497155.704611540,map,8.1939611435,6.8879694939,-1.4538117647,0.0252792399,0.0454957967,0.7476217247,0.6620822060,0.04263397847 0 0 0 0 0 0 0.04263397847 0 0 0 0 0 0 0.09392997269 0 0 0 0 0 0 0.0007458856462 0 0 0 0 0 0 0.0007458856462 0 0 0 0 0 0 0.001298705252
919,1785497155.804834366,map,8.2081880569,6.8868422508,-1.4544425011,0.0246996710,0.0456067353,0.7477317353,0.6619722019,0.04273215742 0 0 0 0 0 0 0.04273215742 0 0 0 0 0 0 0.0940756732 0 0 0 0 0 0 0.0007481525535 0 0 0 0 0 0 0.0007481525535 0 0 0 0 0 0 0.001301695954
920,1785497156.104463339,map,8.1966638565,6.9011521339,-1.4528414011,0.0251803401,0.0457639553,0.7476683072,0.6620148673,0.04262309667 0 0 0 0 0 0 0.04262309667 0 0 0 0 0 0 0.09391382041 0 0 0 0 0 0 0.0007456344418 0 0 0 0 0 0 0.0007456344418 0 0 0 0 0 0 0.001298373773
921,1785497156.205120564,map,8.1954126358,6.8954896927,-1.4509860277,0.0252555591,0.0458475077,0.7476620894,0.6620132776,0.04283193768 0 0 0 0 0 0 0.04283193768 0 0 0 0 0 0 0.0942236942 0 0 0 0 0 0 0.0007504572856 0 0 0 0 0 0 0.0007504572856 0 0 0 0 0 0 0.001304735434
922,1785497156.304843664,map,8.1923217773,6.8984303474,-1.4527776241,0.0253641456,0.0458226775,0.7475833366,0.6620997594,0.04250349236 0 0 0 0 0 0 0.04250349236 0 0 0 0 0 0 0.09373624263 0 0 0 0 0 0 0.0007428740727 0 0 0 0 0 0 0.0007428740727 0 0 0 0 0 0 0.001294730418
923,1785497156.404601097,map,8.1994075775,6.8961615562,-1.4536907673,0.0248762886,0.0457582512,0.7475756043,0.6621314836,0.04269442218 0 0 0 0 0 0 0.04269442218 0 0 0 0 0 0 0.09401967944 0 0 0 0 0 0 0.0007472811655 0 0 0 0 0 0 0.0007472811655 0 0 0 0 0 0 0.001300546472
924,1785497156.504559994,map,8.1974592209,6.8970947266,-1.4524086714,0.0251759662,0.0457521997,0.7476032309,0.6620893757,0.0427370936 0 0 0 0 0 0 0.0427370936 0 0 0 0 0 0 0.09408299719 0 0 0 0 0 0 0.0007482665495 0 0 0 0 0 0 0.0007482665495 0 0 0 0 0 0 0.001301846318
925,1785497156.604955196,map,8.1992578506,6.8978142738,-1.4520416260,0.0252198779,0.0455895890,0.7475641992,0.6621429806,0.04280570956 0 0 0 0 0 0 0.04280570956 0 0 0 0 0 0 0.09418479102 0 0 0 0 0 0 0.0007498513834 0 0 0 0 0 0 0.0007498513834 0 0 0 0 0 0 0.00130393648
926,1785497156.704623699,map,8.1955156326,6.8978843689,-1.4534090757,0.0252843068,0.0455754345,0.7475583530,0.6621480990,0.04262414518 0 0 0 0 0 0 0.04262414518 0 0 0 0 0 0 0.09391537678 0 0 0 0 0 0 0.0007456586459 0 0 0 0 0 0 0.0007456586459 0 0 0 0 0 0 0.001298405712
927,1785497156.804605484,map,8.1923437119,6.8999514580,-1.4528359175,0.0253821983,0.0456430028,0.7475347542,0.6621663511,0.04265689716 0 0 0 0 0 0 0.04265689716 0 0 0 0 0 0 0.09396398961 0 0 0 0 0 0 0.000746414754 0 0 0 0 0 0 0.000746414754 0 0 0 0 0 0 0.001299403395
928,1785497156.904532433,map,8.1863861084,6.8970880508,-1.4516578913,0.0253605606,0.0456216474,0.7475144708,0.6621915547,0.04287301533 0 0 0 0 0 0 0.04287301533 0 0 0 0 0 0 0.09428461531 0 0 0 0 0 0 0.0007514063489 0 0 0 0 0 0 0.0007514063489 0 0 0 0 0 0 0.001305986731
929,1785497157.004705191,map,8.1888208389,6.9010066986,-1.4521775246,0.0252352035,0.0456038553,0.7475130138,0.6621991845,0.04292364506 0 0 0 0 0 0 0.04292364506 0 0 0 0 0 0 0.09435968979 0 0 0 0 0 0 0.0007525763041 0 0 0 0 0 0 0.0007525763041 0 0 0 0 0 0 0.001307529001
930,1785497157.104868174,map,8.1856260300,6.9035167694,-1.4525011778,0.0250462401,0.0456211683,0.7474658473,0.6622584141,0.04289916639 0 0 0 0 0 0 0.04289916639 0 0 0 0 0 0 0.09432339428 0 0 0 0 0 0 0.000752010622 0 0 0 0 0 0 0.000752010622 0 0 0 0 0 0 0.001306783338
931,1785497157.204738617,map,8.1869029999,6.9032988548,-1.4511249065,0.0250584394,0.0456489619,0.7474614812,0.6622609469,0.04246058777 0 0 0 0 0 0 0.04246058777 0 0 0 0 0 0 0.09367252185 0 0 0 0 0 0 0.0007418841727 0 0 0 0 0 0 0.0007418841727 0 0 0 0 0 0 0.001293423469
932,1785497157.304545164,map,8.1871280670,6.8980479240,-1.4499659538,0.0250366015,0.0458205040,0.7474050991,0.6623135775,0.04282190206 0 0 0 0 0 0 0.04282190206 0 0 0 0 0 0 0.0942088092 0 0 0 0 0 0 0.0007502254433 0 0 0 0 0 0 0.0007502254433 0 0 0 0 0 0 0.001304429732
933,1785497157.404679537,map,8.1879081726,6.8979673386,-1.4524362087,0.0251121063,0.0458296236,0.7474047476,0.6623104797,0.04250322062 0 0 0 0 0 0 0.04250322062 0 0 0 0 0 0 0.09373583907 0 0 0 0 0 0 0.0007428678024 0 0 0 0 0 0 0.0007428678024 0 0 0 0 0 0 0.00129472214
934,1785497157.504778385,map,8.1881217957,6.8934350014,-1.4505774975,0.0247082006,0.0457985432,0.7474229341,0.6623073032,0.04267950288 0 0 0 0 0 0 0.04267950288 0 0 0 0 0 0 0.09399753908 0 0 0 0 0 0 0.0007469366807 0 0 0 0 0 0 0.0007469366807 0 0 0 0 0 0 0.001300092005
935,1785497157.605028152,map,8.1861209869,6.8933029175,-1.4511029720,0.0248975953,0.0458092485,0.7474589484,0.6622588051,0.04271187566 0 0 0 0 0 0 0.04271187566 0 0 0 0 0 0 0.09404557893 0 0 0 0 0 0 0.0007476841886 0 0 0 0 0 0 0.0007476841886 0 0 0 0 0 0 0.001301078136
936,1785497157.704531908,map,8.1871452332,6.8944373131,-1.4515981674,0.0249521960,0.0456828678,0.7474095671,0.6623212017,0.04257553967 0 0 0 0 0 0 0.04257553967 0 0 0 0 0 0 0.09384322178 0 0 0 0 0 0 0.0007445367167 0 0 0 0 0 0 0.0007445367167 0 0 0 0 0 0 0.001296925104
937,1785497157.804710865,map,8.1861982346,6.8940658569,-1.4530076981,0.0251621498,0.0458308887,0.7474161390,0.6622956205,0.04269877907 0 0 0 0 0 0 0.04269877907 0 0 0 0 0 0 0.09402614485 0 0 0 0 0 0 0.0007473817691 0 0 0 0 0 0 0.0007473817691 0 0 0 0 0 0 0.001300679191
938,1785497157.904941082,map,8.1872396469,6.8956589699,-1.4519622326,0.0252292471,0.0457507900,0.7473766876,0.6623431218,0.0428394984 0 0 0 0 0 0 0.0428394984 0 0 0 0 0 0 0.094234908 0 0 0 0 0 0 0.0007506319585 0 0 0 0 0 0 0.0007506319585 0 0 0 0 0 0 0.001304965747
939,1785497158.004737616,map,8.1900510788,6.8937864304,-1.4535410404,0.0248471654,0.0457243463,0.7473872617,0.6623474680,0.04261400501 0 0 0 0 0 0 0.04261400501 0 0 0 0 0 0 0.09390032479 0 0 0 0 0 0 0.0007454245702 0 0 0 0 0 0 0.0007454245702 0 0 0 0 0 0 0.001298096825
940,1785497158.104361057,map,8.2166175842,6.8737368584,-1.4543635845,0.0247587391,0.0457763560,0.7478745271,0.6617969561,0.04271539297 0 0 0 0 0 0 0.04271539297 0 0 0 0 0 0 0.09405079812 0 0 0 0 0 0 0.000747765411 0 0 0 0 0 0 0.000747765411 0 0 0 0 0 0 0.001301185279
941,1785497158.304794312,map,8.2121334076,6.8765029907,-1.4535728693,0.0245229239,0.0458124554,0.7477166158,0.6619816814,0.04278063949 0 0 0 0 0 0 0.04278063949 0 0 0 0 0 0 0.0941476019 0 0 0 0 0 0 0.0007492722889 0 0 0 0 0 0 0.0007492722889 0 0 0 0 0 0 0.001303172802
942,1785497158.404734135,map,8.2095098495,6.8739418983,-1.4516735077,0.0242546403,0.0458381634,0.7476508184,0.6620640556,0.04265161895 0 0 0 0 0 0 0.04265161895 0 0 0 0 0 0 0.09395615572 0 0 0 0 0 0 0.0007462928954 0 0 0 0 0 0 0.0007462928954 0 0 0 0 0 0 0.001299242611
943,1785497158.504541397,map,8.2075004578,6.8714351654,-1.4521360397,0.0240189937,0.0459588023,0.7475989657,0.6621228318,0.04271099494 0 0 0 0 0 0 0.04271099494 0 0 0 0 0 0 0.09404427206 0 0 0 0 0 0 0.0007476638511 0 0 0 0 0 0 0.0007476638511 0 0 0 0 0 0 0.001301051308
944,1785497158.604575634,map,8.2072362900,6.8685026169,-1.4517010450,0.0238637017,0.0460093523,0.7475879904,0.6621373362,0.04277270759 0 0 0 0 0 0 0.04277270759 0 0 0 0 0 0 0.09413583493 0 0 0 0 0 0 0.000749089081 0 0 0 0 0 0 0.000749089081 0 0 0 0 0 0 0.001302931182
945,1785497158.704791069,map,8.2101364136,6.8646497726,-1.4488741159,0.0237942509,0.0460858591,0.7476007026,0.6621201973,0.04266759466 0 0 0 0 0 0 0.04266759466 0 0 0 0 0 0 0.09397986628 0 0 0 0 0 0 0.000746661735 0 0 0 0 0 0 0.000746661735 0 0 0 0 0 0 0.001299729259
946,1785497158.804764986,map,8.2113656998,6.8635993004,-1.4480077028,0.0237495496,0.0462053211,0.7476094540,0.6621035770,0.04255007807 0 0 0 0 0 0 0.04255007807 0 0 0 0 0 0 0.09380541861 0 0 0 0 0 0 0.0007439490851 0 0 0 0 0 0 0.0007439490851 0 0 0 0 0 0 0.001296149499
947,1785497158.904570341,map,8.2149887085,6.8633375168,-1.4496314526,0.0237537655,0.0462380500,0.7475887934,0.6621244662,0.04266719274 0 0 0 0 0 0 0.04266719274 0 0 0 0 0 0 0.09397926979 0 0 0 0 0 0 0.0007466524555 0 0 0 0 0 0 0.0007466524555 0 0 0 0 0 0 0.001299717016
948,1785497159.004539490,map,8.2180318832,6.8585047722,-1.4509204626,0.0235284760,0.0463833019,0.7475636299,0.6621507404,0.04244611507 0 0 0 0 0 0 0.04244611507 0 0 0 0 0 0 0.09365102501 0 0 0 0 0 0 0.0007415502929 0 0 0 0 0 0 0.0007415502929 0 0 0 0 0 0 0.001292982605
949,1785497159.105870008,map,8.2233991623,6.8551712036,-1.4492259026,0.0230124544,0.0461998531,0.7475449992,0.6622027244,0.04256805883 0 0 0 0 0 0 0.04256805883 0 0 0 0 0 0 0.09383211526 0 0 0 0 0 0 0.0007443640596 0 0 0 0 0 0 0.0007443640596 0 0 0 0 0 0 0.001296697225
950,1785497159.204728127,map,8.2188262939,6.8592190742,-1.4486187696,0.0235049433,0.0461854569,0.7475332886,0.6621996430,0.04289012795 0 0 0 0 0 0 0.04289012795 0 0 0 0 0 0 0.09430999176 0 0 0 0 0 0 0.0007518017638 0 0 0 0 0 0 0.0007518017638 0 0 0 0 0 0 0.001306508011
951,1785497159.304553986,map,8.2161016464,6.8647465706,-1.4506417513,0.0237808850,0.0462284317,0.7475027313,0.6622213308,0.04267506066 0 0 0 0 0 0 0.04267506066 0 0 0 0 0 0 0.09399094654 0 0 0 0 0 0 0.000746834114 0 0 0 0 0 0 0.000746834114 0 0 0 0 0 0 0.001299956687
952,1785497159.404622078,map,8.2164573669,6.8685965538,-1.4521453381,0.0243316035,0.0460862767,0.7474749901,0.6622424991,0.04252121142 0 0 0 0 0 0 0.04252121142 0 0 0 0 0 0 0.09376255544 0 0 0 0 0 0 0.0007432829356 0 0 0 0 0 0 0.0007432829356 0 0 0 0 0 0 0.001295270171
953,1785497159.504715919,map,8.2095632553,6.8750157356,-1.4516614676,0.0246982638,0.0460390294,0.7475274245,0.6621730431,0.04273467055 0 0 0 0 0 0 0.04273467055 0 0 0 0 0 0 0.09407940203 0 0 0 0 0 0 0.0007482105913 0 0 0 0 0 0 0.0007482105913 0 0 0 0 0 0 0.001301772508
954,1785497159.604746580,map,8.1974973679,6.8895363808,-1.4535146952,0.0255419239,0.0460786369,0.7476270597,0.6620257797,0.04241241848 0 0 0 0 0 0 0.04241241848 0 0 0 0 0 0 0.09360096955 0 0 0 0 0 0 0.0007407729958 0 0 0 0 0 0 0.0007407729958 0 0 0 0 0 0 0.001291956148
955,1785497159.704550743,map,8.1912088394,6.8901739120,-1.4549671412,0.0256026096,0.0459845984,0.7478412746,0.6617879861,0.04258661515 0 0 0 0 0 0 0.04258661515 0 0 0 0 0 0 0.09385966453 0 0 0 0 0 0 0.0007447923467 0 0 0 0 0 0 0.0007447923467 0 0 0 0 0 0 0.001297262482
956,1785497159.804536819,map,8.2006092072,6.8926701546,-1.4540083408,0.0252557225,0.0458261603,0.7478509897,0.6618013467,0.04266916578 0 0 0 0 0 0 0.04266916578 0 0 0 0 0 0 0.093982198 0 0 0 0 0 0 0.0007466980095 0 0 0 0 0 0 0.0007466980095 0 0 0 0 0 0 0.001299777118
957,1785497159.904679775,map,8.2011165619,6.8917436600,-1.4536186457,0.0248636123,0.0457869460,0.7477543544,0.6619280648,0.04274400021 0 0 0 0 0 0 0.04274400021 0 0 0 0 0 0 0.09409324456 0 0 0 0 0 0 0.0007484260543 0 0 0 0 0 0 0.0007484260543 0 0 0 0 0 0 0.001302056706
958,1785497160.004761457,map,8.2006406784,6.8921904564,-1.4518293142,0.0247701733,0.0457387630,0.7476924277,0.6620048705,0.0425048949 0 0 0 0 0 0 0.0425048949 0 0 0 0 0 0 0.09373832546 0 0 0 0 0 0 0.0007429064348 0 0 0 0 0 0 0.0007429064348 0 0 0 0 0 0 0.001294773141
959,1785497160.104570866,map,8.2013759613,6.8887653351,-1.4513754845,0.0246172813,0.0457569396,0.7476801194,0.6620232222,0.04286103718 0 0 0 0 0 0 0.04286103718 0 0 0 0 0 0 0.09426685184 0 0 0 0 0 0 0.0007511295893 0 0 0 0 0 0 0.0007511295893 0 0 0 0 0 0 0.001305621856
960,1785497160.204542160,map,8.2314271927,6.8596663475,-1.4504718781,0.0238647321,0.0459530005,0.7476231100,0.6621015683,0.04290612764 0 0 0 0 0 0 0.04290612764 0 0 0 0 0 0 0.09433371634 0 0 0 0 0 0 0.0007521714855 0 0 0 0 0 0 0.0007521714855 0 0 0 0 0 0 0.00130699539
961,1785497160.404960155,map,8.2034940720,6.8779587746,-1.4521644115,0.0252383567,0.0458799595,0.7474809211,0.6622162328,0.04266848663 0 0 0 0 0 0 0.04266848663 0 0 0 0 0 0 0.09398119006 0 0 0 0 0 0 0.000746682329 0 0 0 0 0 0 0.000746682329 0 0 0 0 0 0 0.00129975643
962,1785497160.504428148,map,8.2033109665,6.8798656464,-1.4541028738,0.0252981395,0.0458295517,0.7475574210,0.6621310644,0.04256164948 0 0 0 0 0 0 0.04256164948 0 0 0 0 0 0 0.09382259929 0 0 0 0 0 0 0.0007442161362 0 0 0 0 0 0 0.0007442161362 0 0 0 0 0 0 0.001296501985
963,1785497160.604481697,map,8.2098855972,6.8789029121,-1.4558821917,0.0246835752,0.0456030748,0.7474981280,0.6622368316,0.04268869275 0 0 0 0 0 0 0.04268869275 0 0 0 0 0 0 0.09401117707 0 0 0 0 0 0 0.0007471488714 0 0 0 0 0 0 0.0007471488714 0 0 0 0 0 0 0.001300371944
964,1785497160.704649687,map,8.2094526291,6.8786721230,-1.4536774158,0.0243297364,0.0455226001,0.7474917048,0.6622626963,0.04274793073 0 0 0 0 0 0 0.04274793073 0 0 0 0 0 0 0.09409907616 0 0 0 0 0 0 0.0007485168294 0 0 0 0 0 0 0.0007485168294 0 0 0 0 0 0 0.001302176436
965,1785497160.804833412,map,8.2106447220,6.8852128983,-1.4544734955,0.0244236271,0.0455170942,0.7474278140,0.6623317674,0.04268050026 0 0 0 0 0 0 0.04268050026 0 0 0 0 0 0 0.09399901924 0 0 0 0 0 0 0.0007469597095 0 0 0 0 0 0 0.0007469597095 0 0 0 0 0 0 0.001300122387
966,1785497160.904468775,map,8.2147188187,6.8879103661,-1.4551701546,0.0240979652,0.0454374185,0.7473790669,0.6624041565,0.04281118662 0 0 0 0 0 0 0.04281118662 0 0 0 0 0 0 0.09419291526 0 0 0 0 0 0 0.0007499779055 0 0 0 0 0 0 0.0007499779055 0 0 0 0 0 0 0.001304103321
967,1785497161.004498720,map,8.2115583420,6.8835129738,-1.4516881704,0.0245888080,0.0456869346,0.7473897664,0.6623568719,0.04263941323 0 0 0 0 0 0 0.04263941323 0 0 0 0 0 0 0.09393803947 0 0 0 0 0 0 0.0007460111107 0 0 0 0 0 0 0.0007460111107 0 0 0 0 0 0 0.001298870804
968,1785497161.104582310,map,8.2067594528,6.8837699890,-1.4543576241,0.0247077502,0.0458033844,0.7473485398,0.6623909177,0.04276465782 0 0 0 0 0 0 0.04276465782 0 0 0 0 0 0 0.09412389274 0 0 0 0 0 0 0.0007489031561 0 0 0 0 0 0 0.0007489031561 0 0 0 0 0 0 0.001302685972
969,1785497161.204795599,map,8.2007627487,6.8828110695,-1.4516638517,0.0245609025,0.0459821342,0.7473367634,0.6623973080,0.04274943164 0 0 0 0 0 0 0.04274943164 0 0 0 0 0 0 0.09410130301 0 0 0 0 0 0 0.0007485514934 0 0 0 0 0 0 0.0007485514934 0 0 0 0 0 0 0.001302222156
970,1785497161.304661751,map,8.1976490021,6.8850469589,-1.4556597471,0.0247075840,0.0459252868,0.7473817496,0.6623450158,0.04256530831 0 0 0 0 0 0 0.04256530831 0 0 0 0 0 0 0.09382803159 0 0 0 0 0 0 0.000744300579 0 0 0 0 0 0 0.000744300579 0 0 0 0 0 0 0.001296613439
971,1785497161.404470205,map,8.1962471008,6.8868751526,-1.4541263580,0.0248681124,0.0459361701,0.7474443912,0.6622675366,0.04262519573 0 0 0 0 0 0 0.04262519573 0 0 0 0 0 0 0.09391693618 0 0 0 0 0 0 0.0007456828975 0 0 0 0 0 0 0.0007456828975 0 0 0 0 0 0 0.001298437714
972,1785497161.504608393,map,8.1927938461,6.8933911324,-1.4528682232,0.0251365681,0.0459072356,0.7474258718,0.6622803574,0.04268947462 0 0 0 0 0 0 0.04268947462 0 0 0 0 0 0 0.09401233735 0 0 0 0 0 0 0.0007471669247 0 0 0 0 0 0 0.0007471669247 0 0 0 0 0 0 0.001300395761
973,1785497161.604877710,map,8.1920185089,6.8916411400,-1.4535400867,0.0250132443,0.0458228674,0.7474648731,0.6622468375,0.04268024391 0 0 0 0 0 0 0.04268024391 0 0 0 0 0 0 0.0939986388 0 0 0 0 0 0 0.0007469537904 0 0 0 0 0 0 0.0007469537904 0 0 0 0 0 0 0.001300114578
974,1785497161.704536676,map,8.1895446777,6.8939418793,-1.4532359838,0.0250866551,0.0457940370,0.7474079616,0.6623102435,0.04278165094 0 0 0 0 0 0 0.04278165094 0 0 0 0 0 0 0.09414910237 0 0 0 0 0 0 0.0007492956515 0 0 0 0 0 0 0.0007492956515 0 0 0 0 0 0 0.001303203612
975,1785497161.804527521,map,8.1885261536,6.8963980675,-1.4516818523,0.0251870785,0.0458263387,0.7473903016,0.6623241785,0.04286104798 0 0 0 0 0 0 0.04286104798 0 0 0 0 0 0 0.09426686786 0 0 0 0 0 0 0.0007511298389 0 0 0 0 0 0 0.0007511298389 0 0 0 0 0 0 0.001305622185
976,1785497161.904518366,map,8.1868295670,6.8997831345,-1.4533879757,0.0251984887,0.0458966525,0.7473493554,0.6623650721,0.04261672235 0 0 0 0 0 0 0.04261672235 0 0 0 0 0 0 0.09390435844 0 0 0 0 0 0 0.0007454872964 0 0 0 0 0 0 0.0007454872964 0 0 0 0 0 0 0.0012981796
977,1785497162.004769564,map,8.1853036880,6.9044871330,-1.4528239965,0.0254070100,0.0458535420,0.7473114674,0.6624028208,0.04293525154 0 0 0 0 0 0 0.04293525154 0 0 0 0 0 0 0.094376898 0 0 0 0 0 0 0.0007528445383 0 0 0 0 0 0 0.0007528445383 0 0 0 0 0 0 0.001307882554
978,1785497162.104933500,map,8.1833600998,6.9091782570,-1.4517250061,0.0255431165,0.0458901026,0.7473699948,0.6623290353,0.04283633111 0 0 0 0 0 0 0.04283633111 0 0 0 0 0 0 0.09423021042 0 0 0 0 0 0 0.0007505587849 0 0 0 0 0 0 0.0007505587849 0 0 0 0 0 0 0.001304869265
979,1785497162.204580545,map,8.1802396774,6.9085216522,-1.4513967037,0.0256194276,0.0459393042,0.7473571264,0.6623371697,0.04274994825 0 0 0 0 0 0 0.04274994825 0 0 0 0 0 0 0.09410206948 0 0 0 0 0 0 0.0007485634247 0 0 0 0 0 0 0.0007485634247 0 0 0 0 0 0 0.001302237893
980,1785497162.304536343,map,8.1821584702,6.9076476097,-1.4532539845,0.0251550194,0.0457487893,0.7472805595,0.6624545854,0.04265641065 0 0 0 0 0 0 0.04265641065 0 0 0 0 0 0 0.09396326754 0 0 0 0 0 0 0.0007464035217 0 0 0 0 0 0 0.0007464035217 0 0 0 0 0 0 0.001299388575
981,1785497162.404726982,map,8.1802520752,6.9115676880,-1.4537789822,0.0252469460,0.0458470253,0.7472824306,0.6624421589,0.04275731324 0 0 0 0 0 0 0.04275731324 0 0 0 0 0 0 0.0941129964 0 0 0 0 0 0 0.0007487335238 0 0 0 0 0 0 0.0007487335238 0 0 0 0 0 0 0.001302462244
982,1785497162.504712582,map,8.1804609299,6.9133291245,-1.4515708685,0.0252430479,0.0457967105,0.7473291997,0.6623930056,0.04288358203 0 0 0 0 0 0 0.04288358203 0 0 0 0 0 0 0.09430028495 0 0 0 0 0 0 0.0007516505068 0 0 0 0 0 0 0.0007516505068 0 0 0 0 0 0 0.001306308611
983,1785497162.604539633,map,8.1832275391,6.9117641449,-1.4509470463,0.0250387944,0.0455561881,0.7472968139,0.6624538952,0.04281519414 0 0 0 0 0 0 0.04281519414 0 0 0 0 0 0 0.09419885959 0 0 0 0 0 0 0.0007500704822 0 0 0 0 0 0 0.0007500704822 0 0 0 0 0 0 0.001304225397
984,1785497162.804740429,map,8.1816091537,6.9094276428,-1.4522331953,0.0251145521,0.0457616202,0.7473249960,0.6624050662,0.04263977784 0 0 0 0 0 0 0.04263977784 0 0 0 0 0 0 0.09393858064 0 0 0 0 0 0 0.0007460195278 0 0 0 0 0 0 0.0007460195278 0 0 0 0 0 0 0.00129888191
985,1785497162.904743195,map,8.1800546646,6.9090952873,-1.4528837204,0.0251309874,0.0458092208,0.7473332106,0.6623919230,0.0427431283 0 0 0 0 0 0 0.0427431283 0 0 0 0 0 0 0.09409195091 0 0 0 0 0 0 0.0007484059176 0 0 0 0 0 0 0.0007484059176 0 0 0 0 0 0 0.001302030146
986,1785497163.004576206,map,8.1796369553,6.9098153114,-1.4509217739,0.0254795996,0.0458965231,0.7473770199,0.6623230887,0.04278806655 0 0 0 0 0 0 0.04278806655 0 0 0 0 0 0 0.09415861963 0 0 0 0 0 0 0.0007494438413 0 0 0 0 0 0 0.0007494438413 0 0 0 0 0 0 0.001303399043
987,1785497163.104432106,map,8.1781435013,6.9083561897,-1.4507130384,0.0256490865,0.0459226844,0.7474392581,0.6622445129,0.04277179266 0 0 0 0 0 0 0.04277179266 0 0 0 0 0 0 0.09413447761 0 0 0 0 0 0 0.0007490679486 0 0 0 0 0 0 0.0007490679486 0 0 0 0 0 0 0.001302903312
988,1785497163.204646349,map,8.1804037094,6.9078674316,-1.4509410858,0.0256231569,0.0458266180,0.7473910189,0.6623065959,0.04274242224 0 0 0 0 0 0 0.04274242224 0 0 0 0 0 0 0.09409090334 0 0 0 0 0 0 0.0007483896114 0 0 0 0 0 0 0.0007483896114 0 0 0 0 0 0 0.001302008638
989,1785497163.304957390,map,8.1791381836,6.9116382599,-1.4524389505,0.0259314360,0.0458652858,0.7474510385,0.6622241872,0.04265781375 0 0 0 0 0 0 0.04265781375 0 0 0 0 0 0 0.09396534999 0 0 0 0 0 0 0.0007464359155 0 0 0 0 0 0 0.0007464359155 0 0 0 0 0 0 0.001299431316
990,1785497163.404681444,map,8.1850709915,6.9050192833,-1.4523248672,0.0260542670,0.0459352992,0.7474750471,0.6621874071,0.04277841972 0 0 0 0 0 0 0.04277841972 0 0 0 0 0 0 0.09414430892 0 0 0 0 0 0 0.0007492210171 0 0 0 0 0 0 0.0007492210171 0 0 0 0 0 0 0.001303105184
991,1785497163.504496336,map,8.1927528381,6.9027652740,-1.4520977736,0.0257859385,0.0458499841,0.7474571549,0.6622240114,0.04259995949 0 0 0 0 0 0 0.04259995949 0 0 0 0 0 0 0.09387947475 0 0 0 0 0 0 0.000745100358 0 0 0 0 0 0 0.000745100358 0 0 0 0 0 0 0.001297668974
992,1785497163.604530573,map,8.1920623779,6.9046788216,-1.4519730806,0.0258006098,0.0457046974,0.7474374977,0.6622556620,0.04258590905 0 0 0 0 0 0 0.04258590905 0 0 0 0 0 0 0.09385861628 0 0 0 0 0 0 0.0007447760492 0 0 0 0 0 0 0.0007447760492 0 0 0 0 0 0 0.001297240973
993,1785497163.704552650,map,8.1779346466,6.9124584198,-1.4508568048,0.0261870494,0.0458840765,0.7475628522,0.6620866271,0.04261046131 0 0 0 0 0 0 0.04261046131 0 0 0 0 0 0 0.09389506439 0 0 0 0 0 0 0.0007453427693 0 0 0 0 0 0 0.0007453427693 0 0 0 0 0 0 0.001297988878
994,1785497163.804880857,map,8.1765871048,6.9114041328,-1.4508961439,0.0262648218,0.0458880640,0.7474992543,0.6621550584,0.04259283327 0 0 0 0 0 0 0.04259283327 0 0 0 0 0 0 0.09386889572 0 0 0 0 0 0 0.0007449358702 0 0 0 0 0 0 0.0007449358702 0 0 0 0 0 0 0.001297451897
995,1785497163.904715061,map,8.1800022125,6.9110555649,-1.4506332874,0.0262108913,0.0457152434,0.7474578134,0.6622159121,0.04268820345 0 0 0 0 0 0 0.04268820345 0 0 0 0 0 0 0.09401045095 0 0 0 0 0 0 0.0007471375734 0 0 0 0 0 0 0.0007471375734 0 0 0 0 0 0 0.001300357039
996,1785497164.004486561,map,8.1765918732,6.9127655029,-1.4520089626,0.0263064714,0.0457200004,0.7474673169,0.6622010733,0.04266040002 0 0 0 0 0 0 0.04266040002 0 0 0 0 0 0 0.09396918844 0 0 0 0 0 0 0.0007464956258 0 0 0 0 0 0 0.0007464956258 0 0 0 0 0 0 0.001299510098
997,1785497164.104374647,map,8.1771764755,6.9140009880,-1.4520628452,0.0263292824,0.0458352750,0.7475231313,0.6621291838,0.0427888359 0 0 0 0 0 0 0.0427888359 0 0 0 0 0 0 0.09415976091 0 0 0 0 0 0 0.0007494616123 0 0 0 0 0 0 0.0007494616123 0 0 0 0 0 0 0.001303422479
998,1785497164.204791784,map,8.1767988205,6.9134559631,-1.4513797760,0.0261868532,0.0457115896,0.7475393596,0.6621250556,0.04264267665 0 0 0 0 0 0 0.04264267665 0 0 0 0 0 0 0.09394288325 0 0 0 0 0 0 0.0007460864495 0 0 0 0 0 0 0.0007460864495 0 0 0 0 0 0 0.001298970213
999,1785497164.304873466,map,8.1775226593,6.9160485268,-1.4507884979,0.0262202833,0.0457462764,0.7475849110,0.6620699215,0.04255810279 0 0 0 0 0 0 0.04255810279 0 0 0 0 0 0 0.09381733342 0 0 0 0 0 0 0.0007441342826 0 0 0 0 0 0 0.0007441342826 0 0 0 0 0 0 0.001296393946
1000,1785497164.404707909,map,8.1801490784,6.9132699966,-1.4534730911,0.0259116325,0.0457431932,0.7475635696,0.6621063832,0.04253006554 0 0 0 0 0 0 0.04253006554 0 0 0 0 0 0 0.09377570314 0 0 0 0 0 0 0.0007434872524 0 0 0 0 0 0 0.0007434872524 0 0 0 0 0 0 0.001295539883
1001,1785497164.504415035,map,8.1833381653,6.9147691727,-1.4523144960,0.0258472493,0.0455778976,0.7475405858,0.6621462353,0.04279322709 0 0 0 0 0 0 0.04279322709 0 0 0 0 0 0 0.09416627488 0 0 0 0 0 0 0.0007495630436 0 0 0 0 0 0 0.0007495630436 0 0 0 0 0 0 0.001303556242
1002,1785497164.604604483,map,8.2090015411,6.8970751762,-1.4523824453,0.0258012243,0.0459959224,0.7475621323,0.6620948194,0.04274418964 0 0 0 0 0 0 0.04274418964 0 0 0 0 0 0 0.09409352562 0 0 0 0 0 0 0.0007484304291 0 0 0 0 0 0 0.0007484304291 0 0 0 0 0 0 0.001302062476
1003,1785497164.904598236,map,8.2003068924,6.8997635841,-1.4530501366,0.0260876564,0.0460117526,0.7475543270,0.6620912873,0.04264347574 0 0 0 0 0 0 0.04264347574 0 0 0 0 0 0 0.09394406931 0 0 0 0 0 0 0.0007461048974 0 0 0 0 0 0 0.0007461048974 0 0 0 0 0 0 0.001298994555
1004,1785497165.004460335,map,8.1937370300,6.9037189484,-1.4540218115,0.0262330706,0.0458892497,0.7475257342,0.6621263201,0.04278682331 0 0 0 0 0 0 0.04278682331 0 0 0 0 0 0 0.09415677536 0 0 0 0 0 0 0.0007494151242 0 0 0 0 0 0 0.0007494151242 0 0 0 0 0 0 0.001303361172
1005,1785497165.104662895,map,8.1897096634,6.9079637527,-1.4540885687,0.0262571214,0.0458401007,0.7475483004,0.6621033027,0.04268559426 0 0 0 0 0 0 0.04268559426 0 0 0 0 0 0 0.09400657889 0 0 0 0 0 0 0.0007470773276 0 0 0 0 0 0 0.0007470773276 0 0 0 0 0 0 0.001300277559
1006,1785497165.204831362,map,8.1895952225,6.9070234299,-1.4522800446,0.0262670081,0.0457226203,0.7475101649,0.6621540851,0.04256817715 0 0 0 0 0 0 0.04256817715 0 0 0 0 0 0 0.09383229093 0 0 0 0 0 0 0.0007443667903 0 0 0 0 0 0 0.0007443667903 0 0 0 0 0 0 0.001296700829
1007,1785497165.304634333,map,8.1894826889,6.9070296288,-1.4539080858,0.0259215384,0.0456718556,0.7475315346,0.6621470764,0.04268535826 0 0 0 0 0 0 0.04268535826 0 0 0 0 0 0 0.09400622866 0 0 0 0 0 0 0.0007470718783 0 0 0 0 0 0 0.0007470718783 0 0 0 0 0 0 0.00130027037
1008,1785497165.405347347,map,8.1893472672,6.9089503288,-1.4523419142,0.0261130076,0.0456940854,0.7476065783,0.6620532845,0.04285848565 0 0 0 0 0 0 0.04285848565 0 0 0 0 0 0 0.09426306784 0 0 0 0 0 0 0.0007510706368 0 0 0 0 0 0 0.0007510706368 0 0 0 0 0 0 0.001305544132
1009,1785497165.504518986,map,8.1895761490,6.9012222290,-1.4506630898,0.0257265359,0.0458023264,0.7476018603,0.6620662726,0.04279533583 0 0 0 0 0 0 0.04279533583 0 0 0 0 0 0 0.094169403 0 0 0 0 0 0 0.0007496117538 0 0 0 0 0 0 0.0007496117538 0 0 0 0 0 0 0.001303620478
1010,1785497165.604847431,map,8.1876745224,6.9019460678,-1.4531422853,0.0257628303,0.0457872421,0.7475872080,0.6620824578,0.04274803168 0 0 0 0 0 0 0.04274803168 0 0 0 0 0 0 0.09409922595 0 0 0 0 0 0 0.000748519161 0 0 0 0 0 0 0.000748519161 0 0 0 0 0 0 0.001302179511
1011,1785497165.704879284,map,8.1860914230,6.9047217369,-1.4536013603,0.0256193216,0.0456280448,0.7476314130,0.6620490910,0.04276436628 0 0 0 0 0 0 0.04276436628 0 0 0 0 0 0 0.09412346021 0 0 0 0 0 0 0.0007488964224 0 0 0 0 0 0 0.0007488964224 0 0 0 0 0 0 0.001302677091
1012,1785497165.804675102,map,8.1861257553,6.9089908600,-1.4525092840,0.0257724597,0.0457329134,0.7476472733,0.6620180059,0.04267035389 0 0 0 0 0 0 0.04267035389 0 0 0 0 0 0 0.09398396128 0 0 0 0 0 0 0.000746725441 0 0 0 0 0 0 0.000746725441 0 0 0 0 0 0 0.00129981331
1013,1785497165.904490948,map,8.1851539612,6.9112749100,-1.4508948326,0.0259573111,0.0458412053,0.7476811931,0.6619649732,0.04262877648 0 0 0 0 0 0 0.04262877648 0 0 0 0 0 0 0.09392225126 0 0 0 0 0 0 0.000745765558 0 0 0 0 0 0 0.000745765558 0 0 0 0 0 0 0.00129854679
1014,1785497166.004512310,map,8.1868429184,6.9121303558,-1.4512438774,0.0261637824,0.0457809586,0.7476732392,0.6619700423,0.04282045527 0 0 0 0 0 0 0.04282045527 0 0 0 0 0 0 0.09420666325 0 0 0 0 0 0 0.0007501920204 0 0 0 0 0 0 0.0007501920204 0 0 0 0 0 0 0.00130438566
1015,1785497166.104755163,map,8.1849136353,6.9094672203,-1.4518451691,0.0258904276,0.0456882548,0.7477398669,0.6619118942,0.04267487618 0 0 0 0 0 0 0.04267487618 0 0 0 0 0 0 0.09399067277 0 0 0 0 0 0 0.0007468298546 0 0 0 0 0 0 0.0007468298546 0 0 0 0 0 0 0.001299951067
1016,1785497166.204713345,map,8.1908731461,6.9053788185,-1.4503346682,0.0255183410,0.0457604624,0.7477368877,0.6619247148,0.04297749636 0 0 0 0 0 0 0.04297749636 0 0 0 0 0 0 0.09443952543 0 0 0 0 0 0 0.0007538209443 0 0 0 0 0 0 0.0007538209443 0 0 0 0 0 0 0.001309169405
1017,1785497166.304620743,map,8.1900892258,6.9061827660,-1.4499436617,0.0259021014,0.0457766463,0.7476908304,0.6619607258,0.04302519909 0 0 0 0 0 0 0.04302519909 0 0 0 0 0 0 0.09451023209 0 0 0 0 0 0 0.0007549236824 0 0 0 0 0 0 0.0007549236824 0 0 0 0 0 0 0.001310622513
1018,1785497166.404548168,map,8.1905422211,6.9040732384,-1.4516086578,0.0259128664,0.0457905406,0.7477480315,0.6618947227,0.0426338999 0 0 0 0 0 0 0.0426338999 0 0 0 0 0 0 0.09392985607 0 0 0 0 0 0 0.0007458838325 0 0 0 0 0 0 0.0007458838325 0 0 0 0 0 0 0.001298702858
1019,1785497166.504585266,map,8.2032985687,6.9083075523,-1.4523783922,0.0259061300,0.0457746933,0.7475857716,0.6620793448,0.04262227725 0 0 0 0 0 0 0.04262227725 0 0 0 0 0 0 0.09391260408 0 0 0 0 0 0 0.0007456155259 0 0 0 0 0 0 0.0007456155259 0 0 0 0 0 0 0.001298348812
1020,1785497166.704588413,map,8.1874933243,6.9057221413,-1.4507212639,0.0260414396,0.0459664728,0.7475280026,0.6621259853,0.04266635366 0 0 0 0 0 0 0.04266635366 0 0 0 0 0 0 0.09397802449 0 0 0 0 0 0 0.0007466330826 0 0 0 0 0 0 0.0007466330826 0 0 0 0 0 0 0.001299691456
1021,1785497166.804495811,map,8.1870670319,6.9004139900,-1.4505310059,0.0255545789,0.0460776247,0.7475289742,0.6621361083,0.04283850452 0 0 0 0 0 0 0.04283850452 0 0 0 0 0 0 0.09423343393 0 0 0 0 0 0 0.000750608997 0 0 0 0 0 0 0.000750608997 0 0 0 0 0 0 0.001304935471
1022,1785497166.904464960,map,8.1861553192,6.9014835358,-1.4502689838,0.0258219162,0.0459376038,0.7474910176,0.6621783426,0.04292908692 0 0 0 0 0 0 0.04292908692 0 0 0 0 0 0 0.09436775819 0 0 0 0 0 0 0.0007527020679 0 0 0 0 0 0 0.0007527020679 0 0 0 0 0 0 0.001307694769
1023,1785497167.004782438,map,8.1846008301,6.9064922333,-1.4521661997,0.0257599768,0.0460204203,0.7474954733,0.6621699699,0.04280156794 0 0 0 0 0 0 0.04280156794 0 0 0 0 0 0 0.09417864756 0 0 0 0 0 0 0.0007497557123 0 0 0 0 0 0 0.0007497557123 0 0 0 0 0 0 0.001303810319
1024,1785497167.104794741,map,8.1793670654,6.9086003304,-1.4509475231,0.0258875711,0.0460201146,0.7475438337,0.6621104482,0.04279587683 0 0 0 0 0 0 0.04279587683 0 0 0 0 0 0 0.0941702055 0 0 0 0 0 0 0.0007496242504 0 0 0 0 0 0 0.0007496242504 0 0 0 0 0 0 0.001303636958
1025,1785497167.204585552,map,8.1814327240,6.9030599594,-1.4471710920,0.0254320788,0.0459947314,0.7475798617,0.6620891633,0.0428902974 0 0 0 0 0 0 0.0428902974 0 0 0 0 0 0 0.09431024302 0 0 0 0 0 0 0.0007518056794 0 0 0 0 0 0 0.0007518056794 0 0 0 0 0 0 0.001306513173
1026,1785497167.304408312,map,8.1839294434,6.9045944214,-1.4498614073,0.0255984775,0.0458406461,0.7476010145,0.6620695530,0.04272379988 0 0 0 0 0 0 0.04272379988 0 0 0 0 0 0 0.09406327248 0 0 0 0 0 0 0.0007479595492 0 0 0 0 0 0 0.0007479595492 0 0 0 0 0 0 0.001301441368
1027,1785497167.404487371,map,8.1875619888,6.9048233032,-1.4513432980,0.0255797490,0.0458884116,0.7475810903,0.6620894305,0.04265882229 0 0 0 0 0 0 0.04265882229 0 0 0 0 0 0 0.09396684683 0 0 0 0 0 0 0.0007464592 0 0 0 0 0 0 0.0007464592 0 0 0 0 0 0 0.001299462038
1028,1785497167.504934072,map,8.1966428757,6.9034600258,-1.4484924078,0.0255366969,0.0456842832,0.7475300756,0.6621628208,0.04273710102 0 0 0 0 0 0 0.04273710102 0 0 0 0 0 0 0.0940830082 0 0 0 0 0 0 0.0007482667209 0 0 0 0 0 0 0.0007482667209 0 0 0 0 0 0 0.001301846544
1029,1785497167.604746103,map,8.2005558014,6.9007978439,-1.4526103735,0.0249994772,0.0456525669,0.7475199801,0.6621969005,0.04259387676 0 0 0 0 0 0 0.04259387676 0 0 0 0 0 0 0.09387044482 0 0 0 0 0 0 0.0007449599558 0 0 0 0 0 0 0.0007449599558 0 0 0 0 0 0 0.001297483684
1030,1785497167.704539776,map,8.2007665634,6.9008088112,-1.4522190094,0.0248471832,0.0456506048,0.7474917772,0.6622346236,0.0427473232 0 0 0 0 0 0 0.0427473232 0 0 0 0 0 0 0.09409817479 0 0 0 0 0 0 0.0007485027984 0 0 0 0 0 0 0.0007485027984 0 0 0 0 0 0 0.001302157929
1031,1785497167.804459095,map,8.1967039108,6.9017977715,-1.4510027170,0.0252807451,0.0457755644,0.7475620258,0.6621303147,0.04287504769 0 0 0 0 0 0 0.04287504769 0 0 0 0 0 0 0.0942876292 0 0 0 0 0 0 0.0007514533086 0 0 0 0 0 0 0.0007514533086 0 0 0 0 0 0 0.00130604864
1032,1785497167.904536486,map,8.1964693069,6.9002890587,-1.4523854256,0.0253116065,0.0457385587,0.7475898266,0.6621002503,0.04269362062 0 0 0 0 0 0 0.04269362062 0 0 0 0 0 0 0.09401848994 0 0 0 0 0 0 0.0007472626569 0 0 0 0 0 0 0.0007472626569 0 0 0 0 0 0 0.001300522055
1033,1785497168.004752636,map,8.2000341415,6.9009118080,-1.4519293308,0.0251929499,0.0458454463,0.7475743368,0.6621148860,0.04249492224 0 0 0 0 0 0 0.04249492224 0 0 0 0 0 0 0.09372351535 0 0 0 0 0 0 0.000742676329 0 0 0 0 0 0 0.000742676329 0 0 0 0 0 0 0.001294469357
1034,1785497168.104825020,map,8.2311363220,6.8813185692,-1.4540778399,0.0250796674,0.0458625449,0.7477979370,0.6618654553,0.04264143366 0 0 0 0 0 0 0.04264143366 0 0 0 0 0 0 0.09394103833 0 0 0 0 0 0 0.0007460577539 0 0 0 0 0 0 0.0007460577539 0 0 0 0 0 0 0.00129893235
1035,1785497168.404525280,map,8.2127561569,6.8944621086,-1.4542672634,0.0253665592,0.0458783217,0.7477762932,0.6618778969,0.04267129201 0 0 0 0 0 0 0.04267129201 0 0 0 0 0 0 0.09398535354 0 0 0 0 0 0 0.0007467471008 0 0 0 0 0 0 0.0007467471008 0 0 0 0 0 0 0.001299841887
1036,1785497168.504824638,map,8.2139234543,6.8988909721,-1.4556521177,0.0249238942,0.0457460813,0.7477054656,0.6619838607,0.04262132223 0 0 0 0 0 0 0.04262132223 0 0 0 0 0 0 0.09391118647 0 0 0 0 0 0 0.00074559348 0 0 0 0 0 0 0.00074559348 0 0 0 0 0 0 0.00129831972
1037,1785497168.604605436,map,8.2111473083,6.8985829353,-1.4526565075,0.0248788756,0.0455728482,0.7476754816,0.6620313745,0.04294541814 0 0 0 0 0 0 0.04294541814 0 0 0 0 0 0 0.09439197078 0 0 0 0 0 0 0.0007530795053 0 0 0 0 0 0 0.0007530795053 0 0 0 0 0 0 0.001308192247
1038,1785497168.704439402,map,8.2101840973,6.8951759338,-1.4518377781,0.0250690838,0.0457501417,0.7477373334,0.6619421163,0.04246210405 0 0 0 0 0 0 0.04246210405 0 0 0 0 0 0 0.09367477397 0 0 0 0 0 0 0.0007419191537 0 0 0 0 0 0 0.0007419191537 0 0 0 0 0 0 0.001293469657
1039,1785497168.804507256,map,8.2154941559,6.8933758736,-1.4536427259,0.0246643440,0.0456438699,0.7476504250,0.6620627896,0.04265849681 0 0 0 0 0 0 0.04265849681 0 0 0 0 0 0 0.09396636376 0 0 0 0 0 0 0.0007464516855 0 0 0 0 0 0 0.0007464516855 0 0 0 0 0 0 0.001299452123
1040,1785497168.904804468,map,8.2095069885,6.8927931786,-1.4534547329,0.0250032132,0.0456016494,0.7476056677,0.6621035418,0.04282751325 0 0 0 0 0 0 0.04282751325 0 0 0 0 0 0 0.09421713187 0 0 0 0 0 0 0.0007503550715 0 0 0 0 0 0 0.0007503550715 0 0 0 0 0 0 0.001304600658
1041,1785497169.004719257,map,8.2061147690,6.8943328857,-1.4518269300,0.0253204794,0.0456746271,0.7475791765,0.6621163601,0.04265676377 0 0 0 0 0 0 0.04265676377 0 0 0 0 0 0 0.09396379162 0 0 0 0 0 0 0.0007464116741 0 0 0 0 0 0 0.0007464116741 0 0 0 0 0 0 0.001299399331
1042,1785497169.104493141,map,8.2066736221,6.8936634064,-1.4536087513,0.0249191542,0.0455826970,0.7476280325,0.6620827588,0.04287292714 0 0 0 0 0 0 0.04287292714 0 0 0 0 0 0 0.09428448454 0 0 0 0 0 0 0.0007514043113 0 0 0 0 0 0 0.0007514043113 0 0 0 0 0 0 0.001305984045
1043,1785497169.204390526,map,8.2077054977,6.8916449547,-1.4539408684,0.0249696694,0.0456881795,0.7476096253,0.6620943763,0.04279768318 0 0 0 0 0 0 0.04279768318 0 0 0 0 0 0 0.09417288501 0 0 0 0 0 0 0.0007496659758 0 0 0 0 0 0 0.0007496659758 0 0 0 0 0 0 0.001303691982
1044,1785497169.304666042,map,8.2061290741,6.8943233490,-1.4522653818,0.0252835038,0.0459051296,0.7476081417,0.6620691211,0.0428065326 0 0 0 0 0 0 0.0428065326 0 0 0 0 0 0 0.09418601186 0 0 0 0 0 0 0.0007498703958 0 0 0 0 0 0 0.0007498703958 0 0 0 0 0 0 0.001303961551
1045,1785497169.404809475,map,8.2029142380,6.8957929611,-1.4526770115,0.0254226850,0.0459908009,0.7476504842,0.6620100405,0.04276868238 0 0 0 0 0 0 0.04276868238 0 0 0 0 0 0 0.0941298634 0 0 0 0 0 0 0.0007489961104 0 0 0 0 0 0 0.0007489961104 0 0 0 0 0 0 0.001302808568
1046,1785497169.504490614,map,8.2018728256,6.9032626152,-1.4520244598,0.0256492418,0.0459563864,0.7476328023,0.6620236246,0.04268398879 0 0 0 0 0 0 0.04268398879 0 0 0 0 0 0 0.09400419633 0 0 0 0 0 0 0.0007470402577 0 0 0 0 0 0 0.0007470402577 0 0 0 0 0 0 0.001300228653
1047,1785497169.604413271,map,8.2003059387,6.9059071541,-1.4517332315,0.0257462955,0.0459183437,0.7476405140,0.6620138263,0.04275221498 0 0 0 0 0 0 0.04275221498 0 0 0 0 0 0 0.0941054325 0 0 0 0 0 0 0.0007486157756 0 0 0 0 0 0 0.0007486157756 0 0 0 0 0 0 0.001302306942
1048,1785497169.704582214,map,8.1966381073,6.9067258835,-1.4523085356,0.0257108036,0.0458733258,0.7476259896,0.6620347198,0.04278672021 0 0 0 0 0 0 0.04278672021 0 0 0 0 0 0 0.09415662242 0 0 0 0 0 0 0.0007494127429 0 0 0 0 0 0 0.0007494127429 0 0 0 0 0 0 0.001303358031
1049,1785497169.804773569,map,8.1991567612,6.9144153595,-1.4493937492,0.0254264601,0.0456512311,0.7497561810,0.6596477316,0.04254096619 0 0 0 0 0 0 0.04254096619 0 0 0 0 0 0 0.09379188918 0 0 0 0 0 0 0.0007437388043 0 0 0 0 0 0 0.0007437388043 0 0 0 0 0 0 0.001295871936
1050,1785497169.904562712,map,8.1657361984,6.9212656021,-1.4463561773,0.0265699092,0.0463859927,0.7529769591,0.6558720204,0.04289462506 0 0 0 0 0 0 0.04289462506 0 0 0 0 0 0 0.09431666029 0 0 0 0 0 0 0.0007519056812 0 0 0 0 0 0 0.0007519056812 0 0 0 0 0 0 0.001306645001
1051,1785497170.004400492,map,8.1538181305,6.8844623566,-1.4456769228,0.0229434812,0.0446592893,0.7608131576,0.6470258641,0.04279885145 0 0 0 0 0 0 0.04279885145 0 0 0 0 0 0 0.094174618 0 0 0 0 0 0 0.0007496929622 0 0 0 0 0 0 0.0007496929622 0 0 0 0 0 0 0.00130372757
1052,1785497170.104479313,map,8.0997266769,6.9660835266,-1.4465311766,0.0242357357,0.0428288912,0.7685259100,0.6379233795,0.04267531682 0 0 0 0 0 0 0.04267531682 0 0 0 0 0 0 0.0939913267 0 0 0 0 0 0 0.0007468400283 0 0 0 0 0 0 0.0007468400283 0 0 0 0 0 0 0.00129996449
1053,1785497170.204729080,map,8.0987052917,6.9653582573,-1.4537994862,0.0223982897,0.0411469931,0.7779236441,0.6266099906,0.04278622675 0 0 0 0 0 0 0.04278622675 0 0 0 0 0 0 0.09415589039 0 0 0 0 0 0 0.0007494013446 0 0 0 0 0 0 0.0007494013446 0 0 0 0 0 0 0.001303342999
1054,1785497170.304802656,map,8.0763111115,6.9390120506,-1.4584982395,0.0225438501,0.0412892391,0.7824044638,0.6209913415,0.04260885734 0 0 0 0 0 0 0.04260885734 0 0 0 0 0 0 0.09389268339 0 0 0 0 0 0 0.0007453057447 0 0 0 0 0 0 0.0007453057447 0 0 0 0 0 0 0.001297940018
1055,1785497170.404510498,map,8.0919313431,6.9415621758,-1.4586244822,0.0223314864,0.0415486610,0.7857648189,0.6167241331,0.04294685815 0 0 0 0 0 0 0.04294685815 0 0 0 0 0 0 0.09439410565 0 0 0 0 0 0 0.0007531127869 0 0 0 0 0 0 0.0007531127869 0 0 0 0 0 0 0.001308236112
1056,1785497170.804594278,map,8.1269512177,6.8706727028,-1.4514532089,0.0244663189,0.0282679801,0.7986019848,0.6006972481,0.04272347422 0 0 0 0 0 0 0.04272347422 0 0 0 0 0 0 0.09406278927 0 0 0 0 0 0 0.0007479520288 0 0 0 0 0 0 0.0007479520288 0 0 0 0 0 0 0.001301431448
1057,1785497170.904230833,map,8.1372652054,6.8794555664,-1.4365353584,0.0239475242,0.0244164782,0.8016202019,0.5968545760,0.04275836691 0 0 0 0 0 0 0.04275836691 0 0 0 0 0 0 0.09411455964 0 0 0 0 0 0 0.0007487578593 0 0 0 0 0 0 0.0007487578593 0 0 0 0 0 0 0.00130249434
1058,1785497171.104799032,map,8.1084022522,6.8874397278,-1.4623324871,0.0261938482,0.0287349867,0.8129393849,0.5810488340,0.04276252332 0 0 0 0 0 0 0.04276252332 0 0 0 0 0 0 0.09412072605 0 0 0 0 0 0 0.0007488538567 0 0 0 0 0 0 0.0007488538567 0 0 0 0 0 0 0.001302620952
1059,1785497171.204696655,map,8.1076459885,6.9115662575,-1.4552377462,0.0270010151,0.0309003004,0.8181006439,0.5736091388,0.04270277478 0 0 0 0 0 0 0.04270277478 0 0 0 0 0 0 0.09403207421 0 0 0 0 0 0 0.0007474740344 0 0 0 0 0 0 0.0007474740344 0 0 0 0 0 0 0.001300800907
1060,1785497171.304441690,map,8.0832824707,6.9203643799,-1.4562736750,0.0272946132,0.0325607914,0.8244938118,0.5642736539,0.04253851974 0 0 0 0 0 0 0.04253851974 0 0 0 0 0 0 0.09378825658 0 0 0 0 0 0 0.0007436823471 0 0 0 0 0 0 0.0007436823471 0 0 0 0 0 0 0.001295797412
1061,1785497171.404385090,map,8.1106529236,6.9348068237,-1.4615032673,0.0271879144,0.0341660915,0.8303204959,0.5555729850,0.04262910043 0 0 0 0 0 0 0.04262910043 0 0 0 0 0 0 0.09392273211 0 0 0 0 0 0 0.0007457730363 0 0 0 0 0 0 0.0007457730363 0 0 0 0 0 0 0.001298556658
1062,1785497171.504714012,map,8.0855169296,6.9342513084,-1.4574091434,0.0271342807,0.0356537147,0.8359390425,0.5469903211,0.04293045519 0 0 0 0 0 0 0.04293045519 0 0 0 0 0 0 0.09436978684 0 0 0 0 0 0 0.0007527336897 0 0 0 0 0 0 0.0007527336897 0 0 0 0 0 0 0.001307736449
1063,1785497171.604792118,map,8.0602407455,6.9317412376,-1.4498772621,0.0277091589,0.0375179427,0.8424397432,0.5367679759,0.0424455195 0 0 0 0 0 0 0.0424455195 0 0 0 0 0 0 0.09365014035 0 0 0 0 0 0 0.0007415365536 0 0 0 0 0 0 0.0007415365536 0 0 0 0 0 0 0.001292964463
1064,1785497171.704649925,map,8.0628347397,6.9108295441,-1.4503275156,0.0281295680,0.0374839152,0.8473799132,0.5289148874,0.04270392009 0 0 0 0 0 0 0.04270392009 0 0 0 0 0 0 0.09403377375 0 0 0 0 0 0 0.0007475004811 0 0 0 0 0 0 0.0007475004811 0 0 0 0 0 0 0.001300835795
1065,1785497171.804432392,map,8.0633735657,6.8995261192,-1.4486248493,0.0276744464,0.0362025149,0.8516524125,0.5221222965,0.04272609655 0 0 0 0 0 0 0.04272609655 0 0 0 0 0 0 0.09406668027 0 0 0 0 0 0 0.0007480125867 0 0 0 0 0 0 0.0007480125867 0 0 0 0 0 0 0.001301511329
1066,1785497171.904435873,map,8.0479946136,6.9161520004,-1.4477877617,0.0281259187,0.0365781682,0.8565870279,0.5139354204,0.04283107007 0 0 0 0 0 0 0.04283107007 0 0 0 0 0 0 0.09422240736 0 0 0 0 0 0 0.0007504372416 0 0 0 0 0 0 0.0007504372416 0 0 0 0 0 0 0.001304709005
1067,1785497172.004594326,map,8.0606069565,6.8994393349,-1.4412133694,0.0284175850,0.0353339413,0.8614850480,0.5057543789,0.04272875665 0 0 0 0 0 0 0.04272875665 0 0 0 0 0 0 0.09407062727 0 0 0 0 0 0 0.0007480740173 0 0 0 0 0 0 0.0007480740173 0 0 0 0 0 0 0.00130159236
1068,1785497172.104796171,map,8.0627536774,6.9081964493,-1.4486745596,0.0284553243,0.0337373885,0.8657980347,0.4984434416,0.04261835599 0 0 0 0 0 0 0.04261835599 0 0 0 0 0 0 0.09390678341 0 0 0 0 0 0 0.0007455250071 0 0 0 0 0 0 0.0007455250071 0 0 0 0 0 0 0.001298229364
1069,1785497172.204573154,map,8.0420169830,6.9488539696,-1.4572781324,0.0294708445,0.0320367725,0.8721757592,0.4872520422,0.04282060311 0 0 0 0 0 0 0.04282060311 0 0 0 0 0 0 0.09420688253 0 0 0 0 0 0 0.0007501954356 0 0 0 0 0 0 0.0007501954356 0 0 0 0 0 0 0.001304390163
1070,1785497172.304207563,map,8.0278367996,6.9650130272,-1.4516763687,0.0312923921,0.0325871167,0.8776849017,0.4771038480,0.04277938923 0 0 0 0 0 0 0.04277938923 0 0 0 0 0 0 0.09414574717 0 0 0 0 0 0 0.0007492434106 0 0 0 0 0 0 0.0007492434106 0 0 0 0 0 0 0.001303134717
1071,1785497172.404457569,map,8.0247564316,6.9464836121,-1.4437534809,0.0291613777,0.0342120958,0.8849113125,0.4635850610,0.04275768596 0 0 0 0 0 0 0.04275768596 0 0 0 0 0 0 0.09411354937 0 0 0 0 0 0 0.0007487421321 0 0 0 0 0 0 0.0007487421321 0 0 0 0 0 0 0.001302473597
1072,1785497172.504736185,map,8.0278015137,6.9651250839,-1.4429346323,0.0308814162,0.0339757258,0.8907725229,0.4521241929,0.04268933922 0 0 0 0 0 0 0.04268933922 0 0 0 0 0 0 0.09401213642 0 0 0 0 0 0 0.0007471637983 0 0 0 0 0 0 0.0007471637983 0 0 0 0 0 0 0.001300391637
1073,1785497172.604725838,map,7.9915018082,6.9368691444,-1.4537750483,0.0284707573,0.0355743978,0.8964295796,0.4408377034,0.04286604635 0 0 0 0 0 0 0.04286604635 0 0 0 0 0 0 0.09427428048 0 0 0 0 0 0 0.0007512453265 0 0 0 0 0 0 0.0007512453265 0 0 0 0 0 0 0.001305774444
