message_index,stamp_sec,frame_id,position_x,position_y,position_z,orientation_x,orientation_y,orientation_z,orientation_w,covariance
0,0.000000000,map,7.8746000000,-2.8897000000,-1.3900000000,0.0000000000,0.0000000000,0.8530502707,0.5218287416,0 0 0 0 0 0 0 0 0 0 0 0 0 0 0 0 0 0 0 0 0 0 0 0 0 0 0 0 0 0 0 0 0 0 0 0
1,1785497053.405873299,map,8.3772382736,-3.7474927902,-1.3935967684,0.0491089424,0.0581970247,0.8519085512,0.5181247560,0.04282403373 0 0 0 0 0 0 0.04282403373 0 0 0 0 0 0 0.09421197097 0 0 0 0 0 0 0.0007502746882 0 0 0 0 0 0 0.0007502746882 0 0 0 0 0 0 0.001304494666
2,1785497056.106098890,map,8.3896760941,-3.7977132797,-1.3922854662,0.0485901223,0.0583218250,0.8517020709,0.5184990158,0.04313026759 0 0 0 0 0 0 0.04313026759 0 0 0 0 0 0 0.09466592339 0 0 0 0 0 0 0.0007573532225 0 0 0 0 0 0 0.0007573532225 0 0 0 0 0 0 0.001313823083
3,1785497056.605889320,map,8.3724851608,-3.7825505733,-1.3905946016,0.0489151323,0.0584179895,0.8516563457,0.5185327328,0.04291293258 0 0 0 0 0 0 0.04291293258 0 0 0 0 0 0 0.09434380637 0 0 0 0 0 0 0.0007523287409 0 0 0 0 0 0 0.0007523287409 0 0 0 0 0 0 0.00130720268
4,1785497056.805559397,map,8.3803548813,-3.8381035328,-1.3888542652,0.0483281447,0.0585279858,0.8514399682,0.5189305253,0.0432320643 0 0 0 0 0 0 0.0432320643 0 0 0 0 0 0 0.09481670777 0 0 0 0 0 0 0.0007597080032 0 0 0 0 0 0 0.0007597080032 0 0 0 0 0 0 0.001316923988
5,1785497057.205642939,map,8.3669071198,-3.7970676422,-1.3892869949,0.0489456049,0.0583778743,0.8514788134,0.5188257547,0.04292758074 0 0 0 0 0 0 0.04292758074 0 0 0 0 0 0 0.09436552506 0 0 0 0 0 0 0.0007526672591 0 0 0 0 0 0 0.0007526672591 0 0 0 0 0 0 0.001307648888
6,1785497057.405603170,map,8.3728466034,-3.7946531773,-1.3905959129,0.0490207684,0.0584715753,0.8515308634,0.5187226794,0.04287871478 0 0 0 0 0 0 0.04287871478 0 0 0 0 0 0 0.09429306726 0 0 0 0 0 0 0.0007515380413 0 0 0 0 0 0 0.0007515380413 0 0 0 0 0 0 0.001306160346
7,1785497057.506054163,map,8.3869142532,-3.7845020294,-1.3935309649,0.0489696249,0.0582083259,0.8517173717,0.5184508613,0.04304736305 0 0 0 0 0 0 0.04304736305 0 0 0 0 0 0 0.09454307995 0 0 0 0 0 0 0.00075543611 0 0 0 0 0 0 0.00075543611 0 0 0 0 0 0 0.001311297666
8,1785497057.605827808,map,8.3893880844,-3.7860438824,-1.3925524950,0.0488243158,0.0583639059,0.8517504706,0.5183926633,0.04273206623 0 0 0 0 0 0 0.04273206623 0 0 0 0 0 0 0.09407553789 0 0 0 0 0 0 0.0007481504475 0 0 0 0 0 0 0.0007481504475 0 0 0 0 0 0 0.001301693176
9,1785497057.705650806,map,8.3901891708,-3.7822763920,-1.3932557106,0.0488920193,0.0582544941,0.8517603505,0.5183824515,0.04273502288 0 0 0 0 0 0 0.04273502288 0 0 0 0 0 0 0.09407992481 0 0 0 0 0 0 0.0007482187282 0 0 0 0 0 0 0.0007482187282 0 0 0 0 0 0 0.001301783241
10,1785497057.805523872,map,8.3877096176,-3.7908792496,-1.3936080933,0.0489663287,0.0584231262,0.8516898436,0.5184722375,0.04267019326 0 0 0 0 0 0 0.04267019326 0 0 0 0 0 0 0.09398372289 0 0 0 0 0 0 0.0007467217323 0 0 0 0 0 0 0.0007467217323 0 0 0 0 0 0 0.001299808417
11,1785497057.905591249,map,8.3920793533,-3.7924494743,-1.3933144808,0.0487459686,0.0584824656,0.8517583633,0.5183737416,0.0428005863 0 0 0 0 0 0 0.0428005863 0 0 0 0 0 0 0.09417719143 0 0 0 0 0 0 0.0007497330367 0 0 0 0 0 0 0.0007497330367 0 0 0 0 0 0 0.001303780417
12,1785497058.005958796,map,8.3925695419,-3.7952070236,-1.3931617737,0.0488340658,0.0583127159,0.8517316757,0.5184284207,0.04291703634 0 0 0 0 0 0 0.04291703634 0 0 0 0 0 0 0.0943498911 0 0 0 0 0 0 0.0007524235769 0 0 0 0 0 0 0.0007524235769 0 0 0 0 0 0 0.001307327688
13,1785497058.105751276,map,8.3944559097,-3.7951478958,-1.3928751945,0.0488061057,0.0582127962,0.8517394978,0.5184293980,0.04296169102 0 0 0 0 0 0 0.04296169102 0 0 0 0 0 0 0.09441609538 0 0 0 0 0 0 0.000753455617 0 0 0 0 0 0 0.000753455617 0 0 0 0 0 0 0.001308687947
14,1785497058.205631495,map,8.4000492096,-3.7315773964,-1.3960109949,0.0490781853,0.0584448159,0.8521791141,0.5176545644,0.04332521335 0 0 0 0 0 0 0.04332521335 0 0 0 0 0 0 0.09495463244 0 0 0 0 0 0 0.0007618635136 0 0 0 0 0 0 0.0007618635136 0 0 0 0 0 0 0.00131976147
15,1785497058.305483341,map,8.3920211792,-3.8209018707,-1.3924843073,0.0489710637,0.0586484442,0.8515874433,0.5186145482,0.04280173007 0 0 0 0 0 0 0.04280173007 0 0 0 0 0 0 0.09417888805 0 0 0 0 0 0 0.0007497594574 0 0 0 0 0 0 0.0007497594574 0 0 0 0 0 0 0.001303815258
16,1785497058.405687332,map,8.4187870026,-3.7310919762,-1.3975419998,0.0487279873,0.0580049500,0.8523486178,0.5174579841,0.04308562644 0 0 0 0 0 0 0.04308562644 0 0 0 0 0 0 0.09459978135 0 0 0 0 0 0 0.000756320853 0 0 0 0 0 0 0.000756320853 0 0 0 0 0 0 0.001312463236
17,1785497058.506133080,map,8.4076023102,-3.7866568565,-1.3953000307,0.0487027520,0.0585170692,0.8519593552,0.5180435391,0.04291753276 0 0 0 0 0 0 0.04291753276 0 0 0 0 0 0 0.09435062715 0 0 0 0 0 0 0.000752435049 0 0 0 0 0 0 0.000752435049 0 0 0 0 0 0 0.001307342809
18,1785497058.605814695,map,8.4205884933,-3.7445518970,-1.3977849483,0.0489346665,0.0582136292,0.8523263991,0.5174517351,0.04288341334 0 0 0 0 0 0 0.04288341334 0 0 0 0 0 0 0.0943000348 0 0 0 0 0 0 0.0007516466088 0 0 0 0 0 0 0.0007516466088 0 0 0 0 0 0 0.001306303472
19,1785497058.705622435,map,8.4174919128,-3.7708327770,-1.3966159821,0.0487203973,0.0583330452,0.8521146938,0.5178069994,0.04305329479 0 0 0 0 0 0 0.04305329479 0 0 0 0 0 0 0.09455187058 0 0 0 0 0 0 0.0007555732584 0 0 0 0 0 0 0.0007555732584 0 0 0 0 0 0 0.001311478357
20,1785497058.805493832,map,8.4184818268,-3.7732455730,-1.3960155249,0.0487873210,0.0582333911,0.8520690192,0.5178870808,0.04290251458 0 0 0 0 0 0 0.04290251458 0 0 0 0 0 0 0.09432835897 0 0 0 0 0 0 0.0007520879928 0 0 0 0 0 0 0.0007520879928 0 0 0 0 0 0 0.001306885329
21,1785497058.905643940,map,8.4158706665,-3.7752442360,-1.3959878683,0.0487779141,0.0583056029,0.8520235440,0.5179546498,0.043316304 0 0 0 0 0 0 0.043316304 0 0 0 0 0 0 0.09494144257 0 0 0 0 0 0 0.0007616573157 0 0 0 0 0 0 0.0007616573157 0 0 0 0 0 0 0.001319490076
22,1785497059.005920410,map,8.4124660492,-3.7798554897,-1.3962389231,0.0489148805,0.0584666808,0.8519695100,0.5180124584,0.04297744145 0 0 0 0 0 0 0.04297744145 0 0 0 0 0 0 0.09443944403 0 0 0 0 0 0 0.0007538196751 0 0 0 0 0 0 0.0007538196751 0 0 0 0 0 0 0.001309167732
23,1785497059.105730772,map,8.4091091156,-3.7968480587,-1.3964251280,0.0490387062,0.0585405087,0.8518303543,0.5182212648,0.04314930731 0 0 0 0 0 0 0.04314930731 0 0 0 0 0 0 0.09469413 0 0 0 0 0 0 0.0007577935861 0 0 0 0 0 0 0.0007577935861 0 0 0 0 0 0 0.001314403066
24,1785497059.205543995,map,8.4073677063,-3.7982361317,-1.3942670822,0.0487274883,0.0583617999,0.8518516764,0.5182356347,0.04311269187 0 0 0 0 0 0 0.04311269187 0 0 0 0 0 0 0.09463988387 0 0 0 0 0 0 0.000756946747 0 0 0 0 0 0 0.000756946747 0 0 0 0 0 0 0.001313287696
25,1785497059.305551767,map,8.4052553177,-3.8014078140,-1.3932181597,0.0487247221,0.0582996234,0.8518464979,0.5182514849,0.04297044151 0 0 0 0 0 0 0.04297044151 0 0 0 0 0 0 0.0944290674 0 0 0 0 0 0 0.0007536578747 0 0 0 0 0 0 0.0007536578747 0 0 0 0 0 0 0.001308954502
26,1785497059.405975819,map,8.4015951157,-3.8017036915,-1.3924113512,0.0486451374,0.0582247873,0.8517853315,0.5183679133,0.0431707438 0 0 0 0 0 0 0.0431707438 0 0 0 0 0 0 0.0947258849 0 0 0 0 0 0 0.0007582894205 0 0 0 0 0 0 0.0007582894205 0 0 0 0 0 0 0.001315056059
27,1785497059.505888700,map,8.3976697922,-3.8062527180,-1.3927582502,0.0484494742,0.0581274167,0.8517336004,0.5184821313,0.04262357834 0 0 0 0 0 0 0.04262357834 0 0 0 0 0 0 0.09391453539 0 0 0 0 0 0 0.0007456455608 0 0 0 0 0 0 0.0007456455608 0 0 0 0 0 0 0.001298388446
28,1785497059.605641365,map,8.3983068466,-3.8125183582,-1.3925263882,0.0485100494,0.0581587091,0.8517233449,0.5184898264,0.04288517971 0 0 0 0 0 0 0.04288517971 0 0 0 0 0 0 0.09430265415 0 0 0 0 0 0 0.0007516874243 0 0 0 0 0 0 0.0007516874243 0 0 0 0 0 0 0.001306357279
29,1785497059.705504417,map,8.3992700577,-3.8142657280,-1.3920801878,0.0485822838,0.0581440185,0.8517388434,0.5184592754,0.0430430298 0 0 0 0 0 0 0.0430430298 0 0 0 0 0 0 0.09453665812 0 0 0 0 0 0 0.0007553359226 0 0 0 0 0 0 0.0007553359226 0 0 0 0 0 0 0.001311165668
30,1785497059.805650949,map,8.4005241394,-3.8210053444,-1.3914000988,0.0486951815,0.0581346471,0.8516878501,0.5185334799,0.04287058299 0 0 0 0 0 0 0.04287058299 0 0 0 0 0 0 0.09428100824 0 0 0 0 0 0 0.0007513501479 0 0 0 0 0 0 0.0007513501479 0 0 0 0 0 0 0.001305912638
31,1785497059.905936241,map,8.3983430862,-3.8258912563,-1.3921681643,0.0487653563,0.0582578677,0.8516560429,0.5185652335,0.04277327525 0 0 0 0 0 0 0.04277327525 0 0 0 0 0 0 0.09413667706 0 0 0 0 0 0 0.0007491021923 0 0 0 0 0 0 0.0007491021923 0 0 0 0 0 0 0.001302948474
32,1785497060.005677700,map,8.3971042633,-3.8286142349,-1.3926128149,0.0486973503,0.0583744228,0.8516261796,0.5186076164,0.04298843754 0 0 0 0 0 0 0.04298843754 0 0 0 0 0 0 0.09445574395 0 0 0 0 0 0 0.0007540738529 0 0 0 0 0 0 0.0007540738529 0 0 0 0 0 0 0.001309502692
33,1785497060.105610609,map,8.3987226486,-3.8264288902,-1.3921847343,0.0486242243,0.0582996987,0.8516488651,0.5185856136,0.04301701407 0 0 0 0 0 0 0.04301701407 0 0 0 0 0 0 0.09449810088 0 0 0 0 0 0 0.0007547344565 0 0 0 0 0 0 0.0007547344565 0 0 0 0 0 0 0.001310373183
34,1785497060.205538273,map,8.3986244202,-3.8228249550,-1.3914442062,0.0488015327,0.0583654875,0.8516410278,0.5185744287,0.04290124674 0 0 0 0 0 0 0.04290124674 0 0 0 0 0 0 0.09432647902 0 0 0 0 0 0 0.0007520586951 0 0 0 0 0 0 0.0007520586951 0 0 0 0 0 0 0.001306846709
35,1785497060.305945158,map,8.3965225220,-3.8211467266,-1.3922450542,0.0488075074,0.0583069732,0.8516270027,0.5186034932,0.04287550664 0 0 0 0 0 0 0.04287550664 0 0 0 0 0 0 0.0942883098 0 0 0 0 0 0 0.0007514639132 0 0 0 0 0 0 0.0007514639132 0 0 0 0 0 0 0.001306062621
36,1785497060.405777693,map,8.4000225067,-3.8229255676,-1.3919603825,0.0486073532,0.0584357873,0.8516502859,0.5185695438,0.04286686872 0 0 0 0 0 0 0.04286686872 0 0 0 0 0 0 0.09427550004 0 0 0 0 0 0 0.0007512643276 0 0 0 0 0 0 0.0007512643276 0 0 0 0 0 0 0.001305799494
37,1785497060.505597591,map,8.3947801590,-3.8242123127,-1.3917707205,0.0486717088,0.0585259402,0.8516645936,0.5185298806,0.04297761848 0 0 0 0 0 0 0.04297761848 0 0 0 0 0 0 0.09443970645 0 0 0 0 0 0 0.000753823767 0 0 0 0 0 0 0.000753823767 0 0 0 0 0 0 0.001309173125
38,1785497060.605550289,map,8.4162645340,-3.7291021347,-1.3984278440,0.0490595727,0.0581499475,0.8523068706,0.5174792213,0.04327360378 0 0 0 0 0 0 0.04327360378 0 0 0 0 0 0 0.09487822072 0 0 0 0 0 0 0.0007606691544 0 0 0 0 0 0 0.0007606691544 0 0 0 0 0 0 0.001318189353
39,1785497060.705601454,map,8.4091377258,-3.7870383263,-1.3934584856,0.0486584700,0.0581784611,0.8519574430,0.5180889704,0.04286705226 0 0 0 0 0 0 0.04286705226 0 0 0 0 0 0 0.09427577225 0 0 0 0 0 0 0.0007512685685 0 0 0 0 0 0 0.0007512685685 0 0 0 0 0 0 0.001305805085
40,1785497060.806074619,map,8.4068317413,-3.7947096825,-1.3940277100,0.0486393230,0.0581712279,0.8518977946,0.5181895981,0.04282520759 0 0 0 0 0 0 0.04282520759 0 0 0 0 0 0 0.09421371208 0 0 0 0 0 0 0.0007503018066 0 0 0 0 0 0 0.0007503018066 0 0 0 0 0 0 0.001304530424
41,1785497060.905608892,map,8.4067134857,-3.7978284359,-1.3935132027,0.0486562869,0.0582408915,0.8518454082,0.5182662995,0.04271785954 0 0 0 0 0 0 0.04271785954 0 0 0 0 0 0 0.09405445812 0 0 0 0 0 0 0.0007478223702 0 0 0 0 0 0 0.0007478223702 0 0 0 0 0 0 0.001301260415
42,1785497061.005550623,map,8.4034347534,-3.8013455868,-1.3932728767,0.0487560160,0.0583574433,0.8518661049,0.5182097845,0.04299268287 0 0 0 0 0 0 0.04299268287 0 0 0 0 0 0 0.0944620368 0 0 0 0 0 0 0.000754171988 0 0 0 0 0 0 0.000754171988 0 0 0 0 0 0 0.001309632013
43,1785497061.105510950,map,8.4068384171,-3.8068785667,-1.3946045637,0.0486821829,0.0583400544,0.8517886839,0.5183459650,0.04293341587 0 0 0 0 0 0 0.04293341587 0 0 0 0 0 0 0.09437417642 0 0 0 0 0 0 0.0007528021139 0 0 0 0 0 0 0.0007528021139 0 0 0 0 0 0 0.001307826637
44,1785497061.205703735,map,8.4078683853,-3.8091499805,-1.3949413300,0.0487359271,0.0583816783,0.8517669511,0.5183719090,0.0429395625 0 0 0 0 0 0 0.0429395625 0 0 0 0 0 0 0.09438328941 0 0 0 0 0 0 0.0007529441707 0 0 0 0 0 0 0.0007529441707 0 0 0 0 0 0 0.001308013874
45,1785497061.305658102,map,8.4103689194,-3.8136248589,-1.3954428434,0.0483582245,0.0584176595,0.8517447818,0.5184396878,0.04304574241 0 0 0 0 0 0 0.04304574241 0 0 0 0 0 0 0.0945406782 0 0 0 0 0 0 0.0007553986397 0 0 0 0 0 0 0.0007553986397 0 0 0 0 0 0 0.001311248298
46,1785497061.405664206,map,8.4081573486,-3.8169939518,-1.3951216936,0.0484627891,0.0582561947,0.8517725532,0.5184023862,0.04304285874 0 0 0 0 0 0 0.04304285874 0 0 0 0 0 0 0.09453640462 0 0 0 0 0 0 0.0007553319678 0 0 0 0 0 0 0.0007553319678 0 0 0 0 0 0 0.001311160457
47,1785497061.505549431,map,8.4270162582,-3.8136911392,-1.3975408077,0.0483812671,0.0581774398,0.8519670173,0.5180992742,0.04273493529 0 0 0 0 0 0 0.04273493529 0 0 0 0 0 0 0.09407979484 0 0 0 0 0 0 0.0007482167052 0 0 0 0 0 0 0.0007482167052 0 0 0 0 0 0 0.001301780572
48,1785497061.705799341,map,8.4226741791,-3.8103172779,-1.3962839842,0.0484984882,0.0581705940,0.8519195667,0.5181670671,0.04312133218 0 0 0 0 0 0 0.04312133218 0 0 0 0 0 0 0.09465268524 0 0 0 0 0 0 0.000757146569 0 0 0 0 0 0 0.000757146569 0 0 0 0 0 0 0.001313550894
49,1785497061.805864096,map,8.4193220139,-3.8114652634,-1.3959008455,0.0485087974,0.0582456481,0.8518976298,0.5181937389,0.04313874583 0 0 0 0 0 0 0.04313874583 0 0 0 0 0 0 0.09467848383 0 0 0 0 0 0 0.0007575493093 0 0 0 0 0 0 0.0007575493093 0 0 0 0 0 0 0.001314081345
50,1785497061.905599594,map,8.4187517166,-3.8067927361,-1.3969198465,0.0484736669,0.0582409786,0.8519239495,0.5181542914,0.04303054347 0 0 0 0 0 0 0.04303054347 0 0 0 0 0 0 0.09451815293 0 0 0 0 0 0 0.00075504724 0 0 0 0 0 0 0.00075504724 0 0 0 0 0 0 0.001310785312
51,1785497062.005496502,map,8.4347600937,-3.7511372566,-1.3999031782,0.0484816733,0.0577602528,0.8524105936,0.5174064639,0.04311482131 0 0 0 0 0 0 0.04311482131 0 0 0 0 0 0 0.09464303886 0 0 0 0 0 0 0.0007569959934 0 0 0 0 0 0 0.0007569959934 0 0 0 0 0 0 0.001313352562
52,1785497062.105610847,map,8.4209489822,-3.8048169613,-1.3958216906,0.0484245361,0.0579464378,0.8519142250,0.5182079226,0.04293284499 0 0 0 0 0 0 0.04293284499 0 0 0 0 0 0 0.09437333003 0 0 0 0 0 0 0.0007527889203 0 0 0 0 0 0 0.0007527889203 0 0 0 0 0 0 0.001307809247
53,1785497062.205840111,map,8.4174671173,-3.8123915195,-1.3954557180,0.0483323437,0.0579898196,0.8519017945,0.5182320836,0.04318493091 0 0 0 0 0 0 0.04318493091 0 0 0 0 0 0 0.09474689954 0 0 0 0 0 0 0.0007586175954 0 0 0 0 0 0 0.0007586175954 0 0 0 0 0 0 0.001315488223
54,1785497062.305722237,map,8.4106874466,-3.8124623299,-1.3939667940,0.0484562732,0.0581840633,0.8518725680,0.5182468197,0.04291039757 0 0 0 0 0 0 0.04291039757 0 0 0 0 0 0 0.09434004762 0 0 0 0 0 0 0.000752270159 0 0 0 0 0 0 0.000752270159 0 0 0 0 0 0 0.001307125459
55,1785497062.405528307,map,8.4076128006,-3.8168091774,-1.3944284916,0.0484746689,0.0583679396,0.8518124671,0.5183232181,0.04313216782 0 0 0 0 0 0 0.04313216782 0 0 0 0 0 0 0.09466873861 0 0 0 0 0 0 0.0007573971711 0 0 0 0 0 0 0.0007573971711 0 0 0 0 0 0 0.001313880967
56,1785497062.505491495,map,8.4038486481,-3.8004517555,-1.3940863609,0.0489766697,0.0583347647,0.8518620457,0.5181982248,0.04280730636 0 0 0 0 0 0 0.04280730636 0 0 0 0 0 0 0.0941871596 0 0 0 0 0 0 0.0007498882697 0 0 0 0 0 0 0.0007498882697 0 0 0 0 0 0 0.001303985121
57,1785497062.605791807,map,8.4039039612,-3.7984683514,-1.3943561316,0.0489409055,0.0582973013,0.8518165707,0.5182805387,0.04321905445 0 0 0 0 0 0 0.04321905445 0 0 0 0 0 0 0.0947974404 0 0 0 0 0 0 0.0007594070078 0 0 0 0 0 0 0.0007594070078 0 0 0 0 0 0 0.001316527685
58,1785497062.705613613,map,8.4018964767,-3.7946453094,-1.3942438364,0.0488067304,0.0582914402,0.8518446840,0.5182477254,0.0432601294 0 0 0 0 0 0 0.0432601294 0 0 0 0 0 0 0.09485826849 0 0 0 0 0 0 0.0007603573647 0 0 0 0 0 0 0.0007603573647 0 0 0 0 0 0 0.0013177789
59,1785497062.805601358,map,8.4070024490,-3.8009369373,-1.3940116167,0.0487744923,0.0584057537,0.8518769249,0.5181848533,0.04310280587 0 0 0 0 0 0 0.04310280587 0 0 0 0 0 0 0.09462523637 0 0 0 0 0 0 0.0007567181238 0 0 0 0 0 0 0.0007567181238 0 0 0 0 0 0 0.001312986551
60,1785497062.905307055,map,8.4168901443,-3.7476913929,-1.3964339495,0.0487065106,0.0579328716,0.8522082137,0.5176993462,0.0429928525 0 0 0 0 0 0 0.0429928525 0 0 0 0 0 0 0.09446228823 0 0 0 0 0 0 0.000754175909 0 0 0 0 0 0 0.000754175909 0 0 0 0 0 0 0.00130963718
61,1785497063.005633831,map,8.4190845490,-3.7403223515,-1.3972427845,0.0487113674,0.0578013997,0.8522512656,0.5176427189,0.04272238632 0 0 0 0 0 0 0.04272238632 0 0 0 0 0 0 0.09406117505 0 0 0 0 0 0 0.000747926906 0 0 0 0 0 0 0.000747926906 0 0 0 0 0 0 0.001301398309
62,1785497063.106091022,map,8.4003086090,-3.8092455864,-1.3938715458,0.0487298812,0.0582616850,0.8517052955,0.5184872901,0.04324515763 0 0 0 0 0 0 0.04324515763 0 0 0 0 0 0 0.09483609781 0 0 0 0 0 0 0.0007600109442 0 0 0 0 0 0 0.0007600109442 0 0 0 0 0 0 0.001317322833
63,1785497063.205692053,map,8.4121007919,-3.7514231205,-1.3970197439,0.0487538122,0.0579973053,0.8521929190,0.5177128167,0.04308835668 0 0 0 0 0 0 0.04308835668 0 0 0 0 0 0 0.09460382689 0 0 0 0 0 0 0.0007563839875 0 0 0 0 0 0 0.0007563839875 0 0 0 0 0 0 0.001312546403
64,1785497063.305520773,map,8.4391870499,-3.7544665337,-1.4014202356,0.0485468965,0.0580970136,0.8523707266,0.5174282865,0.0431261015 0 0 0 0 0 0 0.0431261015 0 0 0 0 0 0 0.09465975123 0 0 0 0 0 0 0.0007572568706 0 0 0 0 0 0 0.0007572568706 0 0 0 0 0 0 0.001313696176
65,1785497063.505856991,map,8.4324979782,-3.7530720234,-1.3991565704,0.0486676827,0.0580449024,0.8523233982,0.5175007960,0.04300541956 0 0 0 0 0 0 0.04300541956 0 0 0 0 0 0 0.09448091572 0 0 0 0 0 0 0.0007544664178 0 0 0 0 0 0 0.0007544664178 0 0 0 0 0 0 0.001310019994
66,1785497063.605792999,map,8.4291715622,-3.7541239262,-1.3992508650,0.0487523379,0.0579103303,0.8522811938,0.5175774052,0.04326679391 0 0 0 0 0 0 0.04326679391 0 0 0 0 0 0 0.09486813711 0 0 0 0 0 0 0.0007605115759 0 0 0 0 0 0 0.0007605115759 0 0 0 0 0 0 0.001317981912
67,1785497063.705622435,map,8.4273691177,-3.7726070881,-1.3998241425,0.0488052246,0.0580924869,0.8521628750,0.5177467719,0.04309813281 0 0 0 0 0 0 0.04309813281 0 0 0 0 0 0 0.09461831239 0 0 0 0 0 0 0.0007566100578 0 0 0 0 0 0 0.0007566100578 0 0 0 0 0 0 0.001312844201
68,1785497063.805514336,map,8.4248714447,-3.7816317081,-1.3988267183,0.0486242578,0.0580392889,0.8521055512,0.5178640907,0.04291734698 0 0 0 0 0 0 0.04291734698 0 0 0 0 0 0 0.09435035168 0 0 0 0 0 0 0.0007524307555 0 0 0 0 0 0 0.0007524307555 0 0 0 0 0 0 0.00130733715
69,1785497063.905493259,map,8.4213848114,-3.7870733738,-1.3979785442,0.0487505184,0.0581197605,0.8520373599,0.5179553978,0.0429661902 0 0 0 0 0 0 0.0429661902 0 0 0 0 0 0 0.09442276517 0 0 0 0 0 0 0.0007535596097 0 0 0 0 0 0 0.0007535596097 0 0 0 0 0 0 0.001308825
70,1785497064.005741119,map,8.4249801636,-3.7654380798,-1.3993506432,0.0485510594,0.0580665068,0.8522811351,0.5175789095,0.04285124841 0 0 0 0 0 0 0.04285124841 0 0 0 0 0 0 0.09425233459 0 0 0 0 0 0 0.0007509034253 0 0 0 0 0 0 0.0007509034253 0 0 0 0 0 0 0.001305323673
71,1785497064.105951548,map,8.4268560410,-3.7691175938,-1.4009320736,0.0485155081,0.0580648963,0.8521983107,0.5177188610,0.04312263795 0 0 0 0 0 0 0.04312263795 0 0 0 0 0 0 0.09465461981 0 0 0 0 0 0 0.0007571767678 0 0 0 0 0 0 0.0007571767678 0 0 0 0 0 0 0.001313590671
72,1785497064.205644131,map,8.4251670837,-3.7886240482,-1.4004168510,0.0485449545,0.0582713930,0.8520349814,0.5179615832,0.04291663413 0 0 0 0 0 0 0.04291663413 0 0 0 0 0 0 0.09434929474 0 0 0 0 0 0 0.0007524142819 0 0 0 0 0 0 0.0007524142819 0 0 0 0 0 0 0.001307315435
73,1785497064.305518150,map,8.4225883484,-3.7874169350,-1.3981941938,0.0487275381,0.0582081944,0.8520500663,0.5179267573,0.04298853138 0 0 0 0 0 0 0.04298853138 0 0 0 0 0 0 0.09445588306 0 0 0 0 0 0 0.0007540760223 0 0 0 0 0 0 0.0007540760223 0 0 0 0 0 0 0.001309505551
74,1785497064.405558348,map,8.4150934219,-3.8422040939,-1.3951233625,0.0481345641,0.0581618133,0.8515313925,0.5188396195,0.04297785668 0 0 0 0 0 0 0.04297785668 0 0 0 0 0 0 0.09444005955 0 0 0 0 0 0 0.000753829273 0 0 0 0 0 0 0.000753829273 0 0 0 0 0 0 0.001309180381
75,1785497064.505767107,map,8.4071168900,-3.8400173187,-1.3960026503,0.0483685617,0.0582215109,0.8513956551,0.5190338608,0.04295404757 0 0 0 0 0 0 0.04295404757 0 0 0 0 0 0 0.09440476413 0 0 0 0 0 0 0.0007532789528 0 0 0 0 0 0 0.0007532789528 0 0 0 0 0 0 0.001308455114
76,1785497064.605648756,map,8.3915500641,-3.8407065868,-1.3934332132,0.0487081678,0.0580194897,0.8511088280,0.5194949446,0.04314707369 0 0 0 0 0 0 0.04314707369 0 0 0 0 0 0 0.09469082108 0 0 0 0 0 0 0.0007577419238 0 0 0 0 0 0 0.0007577419238 0 0 0 0 0 0 0.001314335026
77,1785497064.705572844,map,8.3890562057,-3.8193175793,-1.3970112801,0.0492286190,0.0578320522,0.8510243752,0.5196051724,0.04300747273 0 0 0 0 0 0 0.04300747273 0 0 0 0 0 0 0.09448395896 0 0 0 0 0 0 0.0007545138818 0 0 0 0 0 0 0.0007545138818 0 0 0 0 0 0 0.001310082538
78,1785497064.805576086,map,8.3884105682,-3.8128805161,-1.3993709087,0.0492538110,0.0577540594,0.8509470037,0.5197381346,0.04303123395 0 0 0 0 0 0 0.04303123395 0 0 0 0 0 0 0.09451917627 0 0 0 0 0 0 0.0007550632035 0 0 0 0 0 0 0.0007550632035 0 0 0 0 0 0 0.001310806346
79,1785497064.905728817,map,8.3845911026,-3.8145244122,-1.3984823227,0.0495381442,0.0577570361,0.8507399113,0.5200497041,0.04277129741 0 0 0 0 0 0 0.04277129741 0 0 0 0 0 0 0.0941337429 0 0 0 0 0 0 0.0007490565098 0 0 0 0 0 0 0.0007490565098 0 0 0 0 0 0 0.001302888226
80,1785497065.005765200,map,8.3882465363,-3.8144121170,-1.4001175165,0.0494221246,0.0578371911,0.8505886078,0.5202993008,0.04325611374 0 0 0 0 0 0 0.04325611374 0 0 0 0 0 0 0.0948523221 0 0 0 0 0 0 0.0007602644477 0 0 0 0 0 0 0.0007602644477 0 0 0 0 0 0 0.001317656576
81,1785497065.105611086,map,8.3822774887,-3.8130164146,-1.3976161480,0.0496486352,0.0575668790,0.8505336460,0.5203975181,0.0431639924 0 0 0 0 0 0 0.0431639924 0 0 0 0 0 0 0.09471588401 0 0 0 0 0 0 0.0007581332538 0 0 0 0 0 0 0.0007581332538 0 0 0 0 0 0 0.001314850399
82,1785497065.205482006,map,8.3844032288,-3.8208267689,-1.3998789787,0.0499564238,0.0574581721,0.8506088442,0.5202571416,0.04291740582 0 0 0 0 0 0 0.04291740582 0 0 0 0 0 0 0.09435043893 0 0 0 0 0 0 0.0007524321154 0 0 0 0 0 0 0.0007524321154 0 0 0 0 0 0 0.001307338942
83,1785497065.405821800,map,8.3888177872,-3.8146321774,-1.4000487328,0.0499914086,0.0573456753,0.8504842042,0.5204699433,0.0429384308 0 0 0 0 0 0 0.0429384308 0 0 0 0 0 0 0.09438161157 0 0 0 0 0 0 0.0007529180153 0 0 0 0 0 0 0.0007529180153 0 0 0 0 0 0 0.0013079794
84,1785497065.505584955,map,8.3887548447,-3.8168621063,-1.4010579586,0.0499951406,0.0573960816,0.8504377492,0.5205399179,0.04269858625 0 0 0 0 0 0 0.04269858625 0 0 0 0 0 0 0.09402585873 0 0 0 0 0 0 0.0007473773168 0 0 0 0 0 0 0.0007473773168 0 0 0 0 0 0 0.001300673317
85,1785497065.605372429,map,8.3850269318,-3.8148336411,-1.4017536640,0.0501821228,0.0575146103,0.8504467788,0.5204940565,0.04296686469 0 0 0 0 0 0 0.04296686469 0 0 0 0 0 0 0.09442376505 0 0 0 0 0 0 0.0007535751997 0 0 0 0 0 0 0.0007535751997 0 0 0 0 0 0 0.001308845546
86,1785497065.705708504,map,8.3764896393,-3.8116610050,-1.4000382423,0.0505331142,0.0573815031,0.8504788213,0.5204224794,0.04294499283 0 0 0 0 0 0 0.04294499283 0 0 0 0 0 0 0.09439134023 0 0 0 0 0 0 0.0007530696754 0 0 0 0 0 0 0.0007530696754 0 0 0 0 0 0 0.001308179291
87,1785497065.806258440,map,8.3810453415,-3.8115131855,-1.3992898464,0.0504242690,0.0574140388,0.8505980751,0.5202345426,0.04275986564 0 0 0 0 0 0 0.04275986564 0 0 0 0 0 0 0.09411678314 0 0 0 0 0 0 0.000748792474 0 0 0 0 0 0 0.000748792474 0 0 0 0 0 0 0.001302539994
88,1785497065.905811787,map,8.3829736710,-3.8166799545,-1.3968217373,0.0505052716,0.0571016824,0.8506474830,0.5201802395,0.04301569641 0 0 0 0 0 0 0.04301569641 0 0 0 0 0 0 0.0944961479 0 0 0 0 0 0 0.0007547039946 0 0 0 0 0 0 0.0007547039946 0 0 0 0 0 0 0.001310333045
89,1785497066.005471945,map,8.3820552826,-3.8223309517,-1.3976339102,0.0506458666,0.0569571497,0.8508422168,0.5198638611,0.04275940481 0 0 0 0 0 0 0.04275940481 0 0 0 0 0 0 0.09411609946 0 0 0 0 0 0 0.0007487818306 0 0 0 0 0 0 0.0007487818306 0 0 0 0 0 0 0.001302525956
90,1785497066.105477333,map,8.3779115677,-3.8211514950,-1.3981031179,0.0508321380,0.0569886329,0.8507987703,0.5199132820,0.04287894614 0 0 0 0 0 0 0.04287894614 0 0 0 0 0 0 0.09429341034 0 0 0 0 0 0 0.0007515433871 0 0 0 0 0 0 0.0007515433871 0 0 0 0 0 0 0.001306167394
91,1785497066.205750942,map,8.3767366409,-3.8264124393,-1.3966662884,0.0508043460,0.0570397523,0.8508587823,0.5198121638,0.04284380264 0 0 0 0 0 0 0.04284380264 0 0 0 0 0 0 0.09424129177 0 0 0 0 0 0 0.0007507314003 0 0 0 0 0 0 0.0007507314003 0 0 0 0 0 0 0.001305096861
92,1785497066.305711508,map,8.3773565292,-3.8277640343,-1.3978128433,0.0507525134,0.0570119645,0.8508638016,0.5198120921,0.0432614832 0 0 0 0 0 0 0.0432614832 0 0 0 0 0 0 0.09486027319 0 0 0 0 0 0 0.0007603886904 0 0 0 0 0 0 0.0007603886904 0 0 0 0 0 0 0.001317820139
93,1785497066.405564547,map,8.3778486252,-3.8232686520,-1.3975816965,0.0507750618,0.0570229103,0.8509019037,0.5197463487,0.04293742331 0 0 0 0 0 0 0.04293742331 0 0 0 0 0 0 0.09438011787 0 0 0 0 0 0 0.0007528947308 0 0 0 0 0 0 0.0007528947308 0 0 0 0 0 0 0.00130794871
94,1785497066.505451679,map,8.3752470016,-3.8165869713,-1.3973619938,0.0509109708,0.0568455289,0.8509078034,0.5197428151,0.04305414242 0 0 0 0 0 0 0.04305414242 0 0 0 0 0 0 0.09455312671 0 0 0 0 0 0 0.0007555928566 0 0 0 0 0 0 0.0007555928566 0 0 0 0 0 0 0.001311504178
95,1785497066.605485439,map,8.3840723038,-3.7261471748,-1.3982703686,0.0516234812,0.0566006631,0.8514283159,0.5188460600,0.04309459731 0 0 0 0 0 0 0.04309459731 0 0 0 0 0 0 0.09461307383 0 0 0 0 0 0 0.0007565282994 0 0 0 0 0 0 0.0007565282994 0 0 0 0 0 0 0.001312736504
96,1785497066.705686808,map,8.3835973740,-3.7433826923,-1.3999640942,0.0513910975,0.0562186613,0.8513448967,0.5190474258,0.0429609827 0 0 0 0 0 0 0.0429609827 0 0 0 0 0 0 0.09441504533 0 0 0 0 0 0 0.0007534392453 0 0 0 0 0 0 0.0007534392453 0 0 0 0 0 0 0.00130866637
97,1785497066.805686474,map,8.3814611435,-3.7476108074,-1.3995385170,0.0514084236,0.0562460983,0.8513083332,0.5191027660,0.04286049083 0 0 0 0 0 0 0.04286049083 0 0 0 0 0 0 0.09426604158 0 0 0 0 0 0 0.0007511169658 0 0 0 0 0 0 0.0007511169658 0 0 0 0 0 0 0.001305605213
98,1785497066.905511618,map,8.3847503662,-3.7492389679,-1.3990001678,0.0512642432,0.0561602464,0.8513240997,0.5191004336,0.04295927406 0 0 0 0 0 0 0.04295927406 0 0 0 0 0 0 0.09441251232 0 0 0 0 0 0 0.0007533997528 0 0 0 0 0 0 0.0007533997528 0 0 0 0 0 0 0.001308614322
99,1785497067.005470753,map,8.3884458542,-3.7700252533,-1.4008438587,0.0510420454,0.0562034913,0.8512319244,0.5192688014,0.0429578578 0 0 0 0 0 0 0.0429578578 0 0 0 0 0 0 0.09441041276 0 0 0 0 0 0 0.0007533670187 0 0 0 0 0 0 0.0007533670187 0 0 0 0 0 0 0.00130857118
100,1785497067.105576277,map,8.3895816803,-3.7655973434,-1.4012484550,0.0509501263,0.0561721153,0.8512623812,0.5192312651,0.04268964214 0 0 0 0 0 0 0.04268964214 0 0 0 0 0 0 0.09401258595 0 0 0 0 0 0 0.0007471707927 0 0 0 0 0 0 0.0007471707927 0 0 0 0 0 0 0.001300400864
101,1785497067.205717802,map,8.4033317566,-3.7759668827,-1.4030572176,0.0512335731,0.0563329932,0.8513052051,0.5191156833,0.04293670235 0 0 0 0 0 0 0.04293670235 0 0 0 0 0 0 0.09437904897 0 0 0 0 0 0 0.0007528780683 0 0 0 0 0 0 0.0007528780683 0 0 0 0 0 0 0.001307926748
102,1785497067.405409813,map,8.4013586044,-3.7772805691,-1.4023119211,0.0510296692,0.0562721796,0.8513463094,0.5190750069,0.04289481124 0 0 0 0 0 0 0.04289481124 0 0 0 0 0 0 0.09431693636 0 0 0 0 0 0 0.0007519099832 0 0 0 0 0 0 0.0007519099832 0 0 0 0 0 0 0.001306650672
103,1785497067.505628109,map,8.3990526199,-3.7709906101,-1.4015432596,0.0510224497,0.0562774045,0.8513858445,0.5190103329,0.04289547235 0 0 0 0 0 0 0.04289547235 0 0 0 0 0 0 0.09431791667 0 0 0 0 0 0 0.00075192526 0 0 0 0 0 0 0.00075192526 0 0 0 0 0 0 0.001306670811
104,1785497067.605815649,map,8.3955516815,-3.7749521732,-1.4007388353,0.0510352860,0.0562811155,0.8513253146,0.5191079545,0.04297205073 0 0 0 0 0 0 0.04297205073 0 0 0 0 0 0 0.0944314529 0 0 0 0 0 0 0.0007536950706 0 0 0 0 0 0 0.0007536950706 0 0 0 0 0 0 0.001309003521
105,1785497067.705622673,map,8.3942480087,-3.7779247761,-1.4004864693,0.0511423965,0.0562737526,0.8512794137,0.5191734918,0.04299732711 0 0 0 0 0 0 0.04299732711 0 0 0 0 0 0 0.09446892082 0 0 0 0 0 0 0.0007542793458 0 0 0 0 0 0 0.0007542793458 0 0 0 0 0 0 0.001309773484
106,1785497067.805482864,map,8.3940620422,-3.7795195580,-1.4002577066,0.0510695180,0.0563640525,0.8512694511,0.5191871823,0.04289997557 0 0 0 0 0 0 0.04289997557 0 0 0 0 0 0 0.09432459414 0 0 0 0 0 0 0.0007520293207 0 0 0 0 0 0 0.0007520293207 0 0 0 0 0 0 0.001306807987
107,1785497067.905465603,map,8.4210233688,-3.7419776917,-1.4036771059,0.0508476601,0.0561566947,0.8517233121,0.5184865573,0.043085092 0 0 0 0 0 0 0.043085092 0 0 0 0 0 0 0.09459898943 0 0 0 0 0 0 0.0007563084945 0 0 0 0 0 0 0.0007563084945 0 0 0 0 0 0 0.001312446956
108,1785497068.005597353,map,8.4202470779,-3.7628760338,-1.4037698507,0.0507863808,0.0561751072,0.8516130303,0.5186716512,0.04294979087 0 0 0 0 0 0 0.04294979087 0 0 0 0 0 0 0.09439845352 0 0 0 0 0 0 0.0007531805692 0 0 0 0 0 0 0.0007531805692 0 0 0 0 0 0 0.001308325448
109,1785497068.105582476,map,8.4166774750,-3.7671568394,-1.4033768177,0.0508433169,0.0563060264,0.8516032065,0.5186680456,0.0432698522 0 0 0 0 0 0 0.0432698522 0 0 0 0 0 0 0.09487266566 0 0 0 0 0 0 0.0007605823435 0 0 0 0 0 0 0.0007605823435 0 0 0 0 0 0 0.001318075073
110,1785497068.205604553,map,8.4165725708,-3.7653443813,-1.4039767981,0.0510549770,0.0562195787,0.8514913219,0.5188403232,0.04310297011 0 0 0 0 0 0 0.04310297011 0 0 0 0 0 0 0.09462547973 0 0 0 0 0 0 0.000756721922 0 0 0 0 0 0 0.000756721922 0 0 0 0 0 0 0.001312991554
111,1785497068.305296183,map,8.4103927612,-3.7642922401,-1.4019092321,0.0511440339,0.0563118204,0.8514948990,0.5188156736,0.043005473 0 0 0 0 0 0 0.043005473 0 0 0 0 0 0 0.09448099493 0 0 0 0 0 0 0.0007544676532 0 0 0 0 0 0 0.0007544676532 0 0 0 0 0 0 0.001310021622
112,1785497068.405486584,map,8.4137277603,-3.7443506718,-1.4012972116,0.0512405773,0.0564264784,0.8516559491,0.5185292125,0.04299480012 0 0 0 0 0 0 0.04299480012 0 0 0 0 0 0 0.09446517515 0 0 0 0 0 0 0.0007542209308 0 0 0 0 0 0 0.0007542209308 0 0 0 0 0 0 0.001309696508
113,1785497068.505443335,map,8.4145889282,-3.7491974831,-1.4014127254,0.0510982375,0.0563235000,0.8516473841,0.5185685811,0.04294174746 0 0 0 0 0 0 0.04294174746 0 0 0 0 0 0 0.09438652878 0 0 0 0 0 0 0.0007529946688 0 0 0 0 0 0 0.0007529946688 0 0 0 0 0 0 0.001308080431
114,1785497068.605718613,map,8.4120960236,-3.7520687580,-1.4004478455,0.0512596051,0.0563789075,0.8515626707,0.5186857356,0.04309574614 0 0 0 0 0 0 0.04309574614 0 0 0 0 0 0 0.09461477606 0 0 0 0 0 0 0.0007565548659 0 0 0 0 0 0 0.0007565548659 0 0 0 0 0 0 0.001312771499
115,1785497068.705538273,map,8.4057102203,-3.7542183399,-1.4009442329,0.0512794922,0.0563928234,0.8514456518,0.5188743482,0.04287198942 0 0 0 0 0 0 0.04287198942 0 0 0 0 0 0 0.09428309393 0 0 0 0 0 0 0.0007513826445 0 0 0 0 0 0 0.0007513826445 0 0 0 0 0 0 0.00130595548
116,1785497068.805410624,map,8.4058771133,-3.7497346401,-1.4007815123,0.0509585555,0.0563255156,0.8515137145,0.5188015496,0.04299066728 0 0 0 0 0 0 0.04299066728 0 0 0 0 0 0 0.09445904911 0 0 0 0 0 0 0.0007541253954 0 0 0 0 0 0 0.0007541253954 0 0 0 0 0 0 0.001309570614
117,1785497068.905607224,map,8.4035749435,-3.7446792126,-1.3995367289,0.0510924773,0.0564239454,0.8515449697,0.5187263707,0.0429029418 0 0 0 0 0 0 0.0429029418 0 0 0 0 0 0 0.09432899244 0 0 0 0 0 0 0.0007520978652 0 0 0 0 0 0 0.0007520978652 0 0 0 0 0 0 0.001306898343
118,1785497069.005856991,map,8.3938531876,-3.7636017799,-1.3991829157,0.0512193316,0.0564096137,0.8514034444,0.5189477110,0.04304584917 0 0 0 0 0 0 0.04304584917 0 0 0 0 0 0 0.09454083642 0 0 0 0 0 0 0.0007554011081 0 0 0 0 0 0 0.0007554011081 0 0 0 0 0 0 0.001311251551
119,1785497069.105632782,map,8.3959188461,-3.7685739994,-1.3984342813,0.0512491384,0.0563603856,0.8513620309,0.5190180416,0.04275825487 0 0 0 0 0 0 0.04275825487 0 0 0 0 0 0 0.09411439342 0 0 0 0 0 0 0.0007487552717 0 0 0 0 0 0 0.0007487552717 0 0 0 0 0 0 0.001302490927
120,1785497069.205518246,map,8.3981256485,-3.7747251987,-1.3985468149,0.0512414978,0.0563870836,0.8513668262,0.5190080647,0.0427127917 0 0 0 0 0 0 0.0427127917 0 0 0 0 0 0 0.09404693822 0 0 0 0 0 0 0.000747705342 0 0 0 0 0 0 0.000747705342 0 0 0 0 0 0 0.00130110604
121,1785497069.305425167,map,8.4215097427,-3.7877824306,-1.4010163546,0.0511833585,0.0563812630,0.8514333923,0.5189051835,0.04276506575 0 0 0 0 0 0 0.04276506575 0 0 0 0 0 0 0.09412449793 0 0 0 0 0 0 0.0007489125779 0 0 0 0 0 0 0.0007489125779 0 0 0 0 0 0 0.001302698399
122,1785497069.505617619,map,8.4137639999,-3.7913310528,-1.4021682739,0.0510251579,0.0565345602,0.8513618478,0.5190214438,0.04319776892 0 0 0 0 0 0 0.04319776892 0 0 0 0 0 0 0.09476591486 0 0 0 0 0 0 0.0007589145779 0 0 0 0 0 0 0.0007589145779 0 0 0 0 0 0 0.001315879291
123,1785497069.605538607,map,8.4099254608,-3.7944903374,-1.4000949860,0.0511485193,0.0565037920,0.8513400280,0.5190484162,0.04289297456 0 0 0 0 0 0 0.04289297456 0 0 0 0 0 0 0.09431421286 0 0 0 0 0 0 0.0007518675419 0 0 0 0 0 0 0.0007518675419 0 0 0 0 0 0 0.001306594724
124,1785497069.705382824,map,8.3969326019,-3.7626607418,-1.4007931948,0.0518120791,0.0563269712,0.8514033604,0.5188980044,0.04299818199 0 0 0 0 0 0 0.04299818199 0 0 0 0 0 0 0.09447018797 0 0 0 0 0 0 0.0007542991077 0 0 0 0 0 0 0.0007542991077 0 0 0 0 0 0 0.001309799525
125,1785497069.805571318,map,8.3528127670,-3.7955574989,-1.3861043453,0.0540304732,0.0545424708,0.8518885867,0.5180652342,0.04320874419 0 0 0 0 0 0 0.04320874419 0 0 0 0 0 0 0.0947821704 0 0 0 0 0 0 0.0007591684803 0 0 0 0 0 0 0.0007591684803 0 0 0 0 0 0 0.001316213617
126,1785497069.905566454,map,8.3793354034,-3.7935705185,-1.3823237419,0.0530965243,0.0480501242,0.8515299805,0.5193925472,0.04329057631 0 0 0 0 0 0 0.04329057631 0 0 0 0 0 0 0.09490335142 0 0 0 0 0 0 0.0007610619114 0 0 0 0 0 0 0.0007610619114 0 0 0 0 0 0 0.001318706366
127,1785497070.005582333,map,8.3183040619,-3.7220637798,-1.3948100805,0.0553271870,0.0445810748,0.8512648002,0.5199034942,0.04287801936 0 0 0 0 0 0 0.04287801936 0 0 0 0 0 0 0.09429203601 0 0 0 0 0 0 0.0007515219727 0 0 0 0 0 0 0.0007515219727 0 0 0 0 0 0 0.001306139162
128,1785497070.105434418,map,8.3277492523,-3.6950638294,-1.3894398212,0.0534189096,0.0426092133,0.8512884573,0.5202296088,0.04285267239 0 0 0 0 0 0 0.04285267239 0 0 0 0 0 0 0.09425444646 0 0 0 0 0 0 0.000750936325 0 0 0 0 0 0 0.000750936325 0 0 0 0 0 0 0.00130536705
129,1785497070.205447435,map,8.2775659561,-3.5514428616,-1.4018173218,0.0467393660,0.0468690439,0.8520933888,0.5191873976,0.04311485654 0 0 0 0 0 0 0.04311485654 0 0 0 0 0 0 0.09464309105 0 0 0 0 0 0 0.000756996808 0 0 0 0 0 0 0.000756996808 0 0 0 0 0 0 0.001313353635
130,1785497070.305851936,map,8.2636280060,-3.5839903355,-1.3767237663,0.0474682214,0.0482869949,0.8519246060,0.5192683422,0.04315366708 0 0 0 0 0 0 0.04315366708 0 0 0 0 0 0 0.09470058855 0 0 0 0 0 0 0.0007578944262 0 0 0 0 0 0 0.0007578944262 0 0 0 0 0 0 0.001314535872
131,1785497070.405661583,map,8.2547025681,-3.5815401077,-1.3752669096,0.0492616730,0.0476170693,0.8515646108,0.5197534014,0.0433272607 0 0 0 0 0 0 0.0433272607 0 0 0 0 0 0 0.09495766338 0 0 0 0 0 0 0.0007619108983 0 0 0 0 0 0 0.0007619108983 0 0 0 0 0 0 0.001319823836
132,1785497070.505505800,map,8.2291364670,-3.5564463139,-1.3826078176,0.0506242098,0.0495616919,0.8517325464,0.5191652400,0.04305125376 0 0 0 0 0 0 0.04305125376 0 0 0 0 0 0 0.09454884587 0 0 0 0 0 0 0.0007555260672 0 0 0 0 0 0 0.0007555260672 0 0 0 0 0 0 0.001311416184
133,1785497070.605406046,map,8.2375230789,-3.5134124756,-1.3801432848,0.0503968657,0.0523866087,0.8516887914,0.5189817147,0.04305299095 0 0 0 0 0 0 0.04305299095 0 0 0 0 0 0 0.09455142029 0 0 0 0 0 0 0.0007555662331 0 0 0 0 0 0 0.0007555662331 0 0 0 0 0 0 0.001311469102
134,1785497070.705529213,map,8.1552305222,-3.5391864777,-1.3693318367,0.0519798070,0.0537471656,0.8535446206,0.5156267051,0.04325354671 0 0 0 0 0 0 0.04325354671 0 0 0 0 0 0 0.09484852078 0 0 0 0 0 0 0.0007602050504 0 0 0 0 0 0 0.0007602050504 0 0 0 0 0 0 0.001317578379
135,1785497070.805766106,map,8.2032966614,-3.5084693432,-1.3699727058,0.0519791470,0.0540886854,0.8526618289,0.5170496636,0.04293971982 0 0 0 0 0 0 0.04293971982 0 0 0 0 0 0 0.09438352265 0 0 0 0 0 0 0.0007529478066 0 0 0 0 0 0 0.0007529478066 0 0 0 0 0 0 0.001308018666
136,1785497070.905753136,map,8.2085628510,-3.5001554489,-1.3678914309,0.0520752069,0.0544265813,0.8521954861,0.5177729114,0.04294076013 0 0 0 0 0 0 0.04294076013 0 0 0 0 0 0 0.094385065 0 0 0 0 0 0 0.00075297185 0 0 0 0 0 0 0.00075297185 0 0 0 0 0 0 0.001308050356
137,1785497071.005509853,map,8.2573795319,-3.4392421246,-1.3712761402,0.0516367181,0.0555894571,0.8513722395,0.5190459832,0.04280337297 0 0 0 0 0 0 0.04280337297 0 0 0 0 0 0 0.09418132505 0 0 0 0 0 0 0.0007497974081 0 0 0 0 0 0 0.0007497974081 0 0 0 0 0 0 0.001303865303
138,1785497071.105371714,map,8.1841316223,-3.4508321285,-1.3653794527,0.0524115574,0.0552817293,0.8528335684,0.5165964065,0.04310323828 0 0 0 0 0 0 0.04310323828 0 0 0 0 0 0 0.09462587705 0 0 0 0 0 0 0.0007567281234 0 0 0 0 0 0 0.0007567281234 0 0 0 0 0 0 0.001312999723
139,1785497071.205624342,map,8.2367830276,-3.4525907040,-1.3721921444,0.0528301309,0.0554459698,0.8514989281,0.5187334015,0.04307269837 0 0 0 0 0 0 0.04307269837 0 0 0 0 0 0 0.09458062454 0 0 0 0 0 0 0.0007560219105 0 0 0 0 0 0 0.0007560219105 0 0 0 0 0 0 0.001312069424
140,1785497071.405505657,map,8.2690458298,-3.3871793747,-1.3811352253,0.0498855560,0.0555210192,0.8500624219,0.5213662274,0.04325312047 0 0 0 0 0 0 0.04325312047 0 0 0 0 0 0 0.0948478896 0 0 0 0 0 0 0.0007601951881 0 0 0 0 0 0 0.0007601951881 0 0 0 0 0 0 0.001317565396
141,1785497071.505411863,map,8.2439241409,-3.4093856812,-1.3811253309,0.0477376347,0.0568708373,0.8448124927,0.5298855524,0.04337572783 0 0 0 0 0 0 0.04337572783 0 0 0 0 0 0 0.09502940849 0 0 0 0 0 0 0.0007630327476 0 0 0 0 0 0 0.0007630327476 0 0 0 0 0 0 0.001321300229
142,1785497071.605499744,map,8.2672939301,-3.3955774307,-1.3778501749,0.0456042352,0.0593459302,0.8395184976,0.5381514688,0.04340738581 0 0 0 0 0 0 0.04340738581 0 0 0 0 0 0 0.09507626427 0 0 0 0 0 0 0.0007637656292 0 0 0 0 0 0 0.0007637656292 0 0 0 0 0 0 0.001322264586
143,1785497071.705689430,map,8.2625226974,-3.4301719666,-1.3686382771,0.0447684142,0.0607150988,0.8314573442,0.5504436202,0.04345127352 0 0 0 0 0 0 0.04345127352 0 0 0 0 0 0 0.09514121165 0 0 0 0 0 0 0.0007647817685 0 0 0 0 0 0 0.0007647817685 0 0 0 0 0 0 0.001323601483
144,1785497071.805499554,map,8.2243146896,-3.4047362804,-1.3670387268,0.0447879366,0.0618638641,0.8290719039,0.5539013301,0.04319816038 0 0 0 0 0 0 0.04319816038 0 0 0 0 0 0 0.09476649467 0 0 0 0 0 0 0.0007589236338 0 0 0 0 0 0 0.0007589236338 0 0 0 0 0 0 0.001315891216
145,1785497071.907017708,map,8.2019376755,-3.4126555920,-1.3669213057,0.0448438431,0.0635806969,0.8290368064,0.5537548889,0.04302713649 0 0 0 0 0 0 0.04302713649 0 0 0 0 0 0 0.09451310351 0 0 0 0 0 0 0.0007549684732 0 0 0 0 0 0 0.0007549684732 0 0 0 0 0 0 0.00131068153
146,1785497072.005706310,map,8.2001409531,-3.2915172577,-1.3623865843,0.0433336695,0.0641761055,0.8283539588,0.5548273300,0.04311662354 0 0 0 0 0 0 0.04311662354 0 0 0 0 0 0 0.09464570903 0 0 0 0 0 0 0.0007570376728 0 0 0 0 0 0 0.0007570376728 0 0 0 0 0 0 0.001313407461
147,1785497072.105653048,map,8.1072521210,-3.3245277405,-1.3548452854,0.0422225767,0.0634151414,0.8252709471,0.5595745333,0.04320999666 0 0 0 0 0 0 0.04320999666 0 0 0 0 0 0 0.09478402541 0 0 0 0 0 0 0.0007591974558 0 0 0 0 0 0 0.0007591974558 0 0 0 0 0 0 0.001316251769
148,1785497072.205528498,map,8.1223573685,-3.3380649090,-1.3486024141,0.0436150214,0.0606710711,0.8249555119,0.5602367287,0.04333993362 0 0 0 0 0 0 0.04333993362 0 0 0 0 0 0 0.09497642417 0 0 0 0 0 0 0.0007622042144 0 0 0 0 0 0 0.0007622042144 0 0 0 0 0 0 0.001320209875
149,1785497072.305508375,map,8.1662864685,-3.2942128181,-1.3520319462,0.0423769821,0.0553939256,0.8239014430,0.5624252309,0.04314957089 0 0 0 0 0 0 0.04314957089 0 0 0 0 0 0 0.09469452047 0 0 0 0 0 0 0.0007577996825 0 0 0 0 0 0 0.0007577996825 0 0 0 0 0 0 0.001314411095
150,1785497072.405422688,map,8.0922718048,-3.2582685947,-1.3498215675,0.0380638861,0.0525846339,0.8251629637,0.5611524268,0.04337567452 0 0 0 0 0 0 0.04337567452 0 0 0 0 0 0 0.0950293296 0 0 0 0 0 0 0.0007630315138 0 0 0 0 0 0 0.0007630315138 0 0 0 0 0 0 0.001321298605
151,1785497072.505682230,map,8.1031885147,-3.2105541229,-1.3544627428,0.0378045300,0.0542039589,0.8252971413,0.5608185100,0.04325985106 0 0 0 0 0 0 0.04325985106 0 0 0 0 0 0 0.09485785633 0 0 0 0 0 0 0.0007603509244 0 0 0 0 0 0 0.0007603509244 0 0 0 0 0 0 0.001317770421
152,1785497072.605579853,map,8.0514392853,-3.1981325150,-1.3448928595,0.0361326473,0.0596664834,0.8270654424,0.5577607780,0.0429792342 0 0 0 0 0 0 0.0429792342 0 0 0 0 0 0 0.09444210154 0 0 0 0 0 0 0.0007538611143 0 0 0 0 0 0 0.0007538611143 0 0 0 0 0 0 0.001309222343
153,1785497072.705433369,map,8.0658578873,-3.1472208500,-1.3481230736,0.0350073127,0.0620673118,0.8285253442,0.5553988744,0.04325123624 0 0 0 0 0 0 0.04325123624 0 0 0 0 0 0 0.09484509937 0 0 0 0 0 0 0.0007601515904 0 0 0 0 0 0 0.0007601515904 0 0 0 0 0 0 0.001317507999
154,1785497072.805423975,map,8.0311927795,-3.0796461105,-1.3363692760,0.0387364779,0.0600272296,0.8293683741,0.5541158134,0.0431320492 0 0 0 0 0 0 0.0431320492 0 0 0 0 0 0 0.09466856287 0 0 0 0 0 0 0.0007573944276 0 0 0 0 0 0 0.0007573944276 0 0 0 0 0 0 0.001313877354
155,1785497072.905470371,map,8.0055627823,-3.0712165833,-1.3225787878,0.0363498133,0.0633114141,0.8298623499,0.5531716588,0.04306714084 0 0 0 0 0 0 0.04306714084 0 0 0 0 0 0 0.09457238911 0 0 0 0 0 0 0.0007558934053 0 0 0 0 0 0 0.0007558934053 0 0 0 0 0 0 0.001311900132
156,1785497073.005629063,map,7.9576396942,-2.8729016781,-1.3422976732,0.0421554495,0.0627168447,0.8271013269,0.5569496167,0.04302983334 0 0 0 0 0 0 0.04302983334 0 0 0 0 0 0 0.09451710047 0 0 0 0 0 0 0.0007550308222 0 0 0 0 0 0 0.0007550308222 0 0 0 0 0 0 0.001310763681
157,1785497073.105459213,map,7.9832568169,-2.7842459679,-1.3299348354,0.0454210057,0.0603905038,0.8250573555,0.5599734933,0.0431504008 0 0 0 0 0 0 0.0431504008 0 0 0 0 0 0 0.0946957499 0 0 0 0 0 0 0.000757818878 0 0 0 0 0 0 0.000757818878 0 0 0 0 0 0 0.001314436375
158,1785497073.205421686,map,7.9272651672,-2.8374547958,-1.3256980181,0.0469668920,0.0602646223,0.8233983087,0.5622966717,0.04297614767 0 0 0 0 0 0 0.04297614767 0 0 0 0 0 0 0.09443752616 0 0 0 0 0 0 0.0007537897696 0 0 0 0 0 0 0.0007537897696 0 0 0 0 0 0 0.001309128322
159,1785497073.305598259,map,7.9767694473,-2.7619571686,-1.3315334320,0.0477037267,0.0570631322,0.8217775147,0.5649335460,0.04301362776 0 0 0 0 0 0 0.04301362776 0 0 0 0 0 0 0.09449308183 0 0 0 0 0 0 0.0007546561716 0 0 0 0 0 0 0.0007546561716 0 0 0 0 0 0 0.00131027003
160,1785497073.405668974,map,7.9339351654,-2.7590534687,-1.3250628710,0.0509668696,0.0550453380,0.8193273534,0.5683969570,0.04293413154 0 0 0 0 0 0 0.04293413154 0 0 0 0 0 0 0.09437523747 0 0 0 0 0 0 0.0007528186537 0 0 0 0 0 0 0.0007528186537 0 0 0 0 0 0 0.001307848437
161,1785497073.605350971,map,7.8625712395,-2.6953017712,-1.3200528622,0.0529058667,0.0557752282,0.8238605116,0.5615548830,0.04328088396 0 0 0 0 0 0 0.04328088396 0 0 0 0 0 0 0.09488900046 0 0 0 0 0 0 0.0007608376203 0 0 0 0 0 0 0.0007608376203 0 0 0 0 0 0 0.00131841112
162,1785497073.805709839,map,7.8536701202,-2.6790287495,-1.3166359663,0.0609940227,0.0561000653,0.8296613066,0.5520820340,0.04300193047 0 0 0 0 0 0 0.04300193047 0 0 0 0 0 0 0.09447574412 0 0 0 0 0 0 0.0007543857604 0 0 0 0 0 0 0.0007543857604 0 0 0 0 0 0 0.001309913711
163,1785497073.905567169,map,7.8536190987,-2.6743161678,-1.3147277832,0.0611559792,0.0562853275,0.8299840982,0.5515599394,0.04316610754 0 0 0 0 0 0 0.04316610754 0 0 0 0 0 0 0.0947190172 0 0 0 0 0 0 0.0007581821786 0 0 0 0 0 0 0.0007581821786 0 0 0 0 0 0 0.00131491483
164,1785497074.005388737,map,7.8464984894,-2.6328439713,-1.3046530485,0.0596239135,0.0529655159,0.8309877863,0.5505442414,0.04281668894 0 0 0 0 0 0 0.04281668894 0 0 0 0 0 0 0.09420107679 0 0 0 0 0 0 0.0007501050136 0 0 0 0 0 0 0.0007501050136 0 0 0 0 0 0 0.001304270931
165,1785497074.105341434,map,7.7721815109,-2.5463814735,-1.3034226894,0.0616096500,0.0500612507,0.8328367632,0.5477965220,0.04287883991 0 0 0 0 0 0 0.04287883991 0 0 0 0 0 0 0.09429325281 0 0 0 0 0 0 0.0007515409324 0 0 0 0 0 0 0.0007515409324 0 0 0 0 0 0 0.001306164158
166,1785497074.205655098,map,7.7761039734,-2.5084524155,-1.2944631577,0.0696610801,0.0475727999,0.8337451597,0.5456676234,0.0431699005 0 0 0 0 0 0 0.0431699005 0 0 0 0 0 0 0.09472463573 0 0 0 0 0 0 0.000758269914 0 0 0 0 0 0 0.000758269914 0 0 0 0 0 0 0.00131503037
167,1785497074.305424929,map,7.7508406639,-2.4467701912,-1.2836687565,0.0724213980,0.0474377134,0.8372517463,0.5399206697,0.04300943524 0 0 0 0 0 0 0.04300943524 0 0 0 0 0 0 0.09448686777 0 0 0 0 0 0 0.00075455925 0 0 0 0 0 0 0.00075455925 0 0 0 0 0 0 0.001310142319
168,1785497074.405412912,map,7.7133498192,-2.4736921787,-1.2883349657,0.0729767290,0.0495159297,0.8396285912,0.5359536933,0.04303792182 0 0 0 0 0 0 0.04303792182 0 0 0 0 0 0 0.09452908802 0 0 0 0 0 0 0.000755217825 0 0 0 0 0 0 0.000755217825 0 0 0 0 0 0 0.00131101007
169,1785497074.505369186,map,7.7090873718,-2.4714550972,-1.2800719738,0.0736511462,0.0492982410,0.8409459214,0.5338118505,0.04314164367 0 0 0 0 0 0 0.04314164367 0 0 0 0 0 0 0.09468277686 0 0 0 0 0 0 0.0007576163326 0 0 0 0 0 0 0.0007576163326 0 0 0 0 0 0 0.001314169618
170,1785497074.605573416,map,7.7222537994,-2.4528667927,-1.2766976357,0.0754893965,0.0479907237,0.8409018251,0.5337437275,0.04292101275 0 0 0 0 0 0 0.04292101275 0 0 0 0 0 0 0.09435578691 0 0 0 0 0 0 0.000752515471 0 0 0 0 0 0 0.000752515471 0 0 0 0 0 0 0.001307448816
171,1785497074.705606937,map,7.7438292503,-2.4189815521,-1.2833527327,0.0744649222,0.0448800285,0.8409932082,0.5340142142,0.04296984417 0 0 0 0 0 0 0.04296984417 0 0 0 0 0 0 0.09442818189 0 0 0 0 0 0 0.0007536440676 0 0 0 0 0 0 0.0007536440676 0 0 0 0 0 0 0.001308936306
172,1785497074.805516481,map,7.7631969452,-2.3719913960,-1.2746052742,0.0737279302,0.0399471598,0.8388527638,0.5378610103,0.04301812235 0 0 0 0 0 0 0.04301812235 0 0 0 0 0 0 0.09449974351 0 0 0 0 0 0 0.0007547600781 0 0 0 0 0 0 0.0007547600781 0 0 0 0 0 0 0.001310406943
173,1785497074.905416250,map,7.7424001694,-2.3303148746,-1.2728737593,0.0690055014,0.0389054740,0.8335022932,0.5468075915,0.04311859681 0 0 0 0 0 0 0.04311859681 0 0 0 0 0 0 0.09464863259 0 0 0 0 0 0 0.0007570833081 0 0 0 0 0 0 0.0007570833081 0 0 0 0 0 0 0.00131346757
174,1785497075.005427122,map,7.7284879684,-2.2359592915,-1.2741791010,0.0666016816,0.0382261589,0.8301517260,0.5522237515,0.04292444153 0 0 0 0 0 0 0.04292444153 0 0 0 0 0 0 0.09436087069 0 0 0 0 0 0 0.0007525947107 0 0 0 0 0 0 0.0007525947107 0 0 0 0 0 0 0.001307553262
175,1785497075.105987787,map,7.6744179726,-2.2336449623,-1.2707363367,0.0674925268,0.0401600104,0.8303356093,0.5517016222,0.04294366101 0 0 0 0 0 0 0.04294366101 0 0 0 0 0 0 0.09438936574 0 0 0 0 0 0 0.0007530388945 0 0 0 0 0 0 0.0007530388945 0 0 0 0 0 0 0.001308138721
176,1785497075.205539703,map,7.6866383553,-2.2130992413,-1.2737576962,0.0682705020,0.0412117877,0.8286625945,0.5540388169,0.0432011318 0 0 0 0 0 0 0.0432011318 0 0 0 0 0 0 0.09477089572 0 0 0 0 0 0 0.0007589923738 0 0 0 0 0 0 0.0007589923738 0 0 0 0 0 0 0.00131598173
177,1785497075.305404425,map,7.6656613350,-2.2086508274,-1.2645614147,0.0707702799,0.0404260692,0.8256440277,0.5582734570,0.0431337728 0 0 0 0 0 0 0.0431337728 0 0 0 0 0 0 0.09467111638 0 0 0 0 0 0 0.0007574342911 0 0 0 0 0 0 0.0007574342911 0 0 0 0 0 0 0.001313929858
178,1785497075.405414104,map,7.6863017082,-2.1959013939,-1.2623975277,0.0719151682,0.0397007878,0.8239767576,0.5606374634,0.04301494576 0 0 0 0 0 0 0.04301494576 0 0 0 0 0 0 0.09449503533 0 0 0 0 0 0 0.0007546866411 0 0 0 0 0 0 0.0007546866411 0 0 0 0 0 0 0.001310310179
179,1785497075.505567551,map,7.6215701103,-2.2138144970,-1.2602748871,0.0711000489,0.0396559064,0.8204822932,0.5658453696,0.04310349801 0 0 0 0 0 0 0.04310349801 0 0 0 0 0 0 0.09462626189 0 0 0 0 0 0 0.0007567341298 0 0 0 0 0 0 0.0007567341298 0 0 0 0 0 0 0.001313007635
180,1785497075.605616808,map,7.6885504723,-2.1381304264,-1.2650178671,0.0668804223,0.0426476750,0.8176362955,0.5702447851,0.04299492596 0 0 0 0 0 0 0.04299492596 0 0 0 0 0 0 0.09446536168 0 0 0 0 0 0 0.0007542238398 0 0 0 0 0 0 0.0007542238398 0 0 0 0 0 0 0.001309700341
181,1785497075.705533266,map,7.6780142784,-2.1110463142,-1.2594791651,0.0609540304,0.0457846664,0.8132179678,0.5769444733,0.04287704719 0 0 0 0 0 0 0.04287704719 0 0 0 0 0 0 0.09429059434 0 0 0 0 0 0 0.0007514995094 0 0 0 0 0 0 0.0007514995094 0 0 0 0 0 0 0.001306109548
182,1785497075.805398941,map,7.6086540222,-2.0709819794,-1.2510513067,0.0585373211,0.0477303233,0.8062054461,0.5867946332,0.04313970386 0 0 0 0 0 0 0.04313970386 0 0 0 0 0 0 0.09467990312 0 0 0 0 0 0 0.0007575714673 0 0 0 0 0 0 0.0007575714673 0 0 0 0 0 0 0.001314110528
183,1785497076.005600214,map,7.6446008682,-2.0446114540,-1.2520673275,0.0488867828,0.0578214890,0.7960861408,0.6004278766,0.04300478304 0 0 0 0 0 0 0.04300478304 0 0 0 0 0 0 0.09447997227 0 0 0 0 0 0 0.0007544517033 0 0 0 0 0 0 0.0007544517033 0 0 0 0 0 0 0.001310000605
184,1785497076.105404615,map,7.5622768402,-2.0272972584,-1.2454861403,0.0453642850,0.0591821877,0.7894915418,0.6092147861,0.04285189899 0 0 0 0 0 0 0.04285189899 0 0 0 0 0 0 0.09425329945 0 0 0 0 0 0 0.0007509184563 0 0 0 0 0 0 0.0007509184563 0 0 0 0 0 0 0.00130534349
185,1785497076.205360651,map,7.5277156830,-2.0010752678,-1.2468171120,0.0422207501,0.0631026769,0.7808622291,0.6200722896,0.04301659001 0 0 0 0 0 0 0.04301659001 0 0 0 0 0 0 0.09449747236 0 0 0 0 0 0 0.0007547246531 0 0 0 0 0 0 0.0007547246531 0 0 0 0 0 0 0.001310360266
186,1785497076.305521011,map,7.5222644806,-2.0204739571,-1.2417995930,0.0405601589,0.0657162780,0.7706617470,0.6325477735,0.04281941486 0 0 0 0 0 0 0.04281941486 0 0 0 0 0 0 0.09420512005 0 0 0 0 0 0 0.0007501679854 0 0 0 0 0 0 0.0007501679854 0 0 0 0 0 0 0.001304353967
187,1785497076.505436420,map,7.5343384743,-1.9312459230,-1.2439032793,0.0405816510,0.0653242416,0.7556227823,0.6504768337,0.04276583831 0 0 0 0 0 0 0.04276583831 0 0 0 0 0 0 0.09412564407 0 0 0 0 0 0 0.0007489304214 0 0 0 0 0 0 0.0007489304214 0 0 0 0 0 0 0.001302721932
188,1785497076.605355978,map,7.5074806213,-1.9503155947,-1.2409892082,0.0398000498,0.0651806085,0.7477163096,0.6596118288,0.04306439025 0 0 0 0 0 0 0.04306439025 0 0 0 0 0 0 0.09456831308 0 0 0 0 0 0 0.0007558298051 0 0 0 0 0 0 0.0007558298051 0 0 0 0 0 0 0.001311816344
189,1785497076.705473423,map,7.5204033852,-1.9623159170,-1.2388700247,0.0396792303,0.0650034443,0.7426885445,0.6652922953,0.04314316245 0 0 0 0 0 0 0.04314316245 0 0 0 0 0 0 0.09468502685 0 0 0 0 0 0 0.0007576514602 0 0 0 0 0 0 0.0007576514602 0 0 0 0 0 0 0.001314215883
190,1785497076.805614710,map,7.4971656799,-1.9427552223,-1.2402110100,0.0391075233,0.0657448858,0.7357165634,0.6729556807,0.04294175561 0 0 0 0 0 0 0.04294175561 0 0 0 0 0 0 0.09438654086 0 0 0 0 0 0 0.0007529948571 0 0 0 0 0 0 0.0007529948571 0 0 0 0 0 0 0.001308080679
191,1785497076.905428886,map,7.5292325020,-1.9434241056,-1.2404936552,0.0393115336,0.0658742551,0.7298078339,0.6793347682,0.04305368787 0 0 0 0 0 0 0.04305368787 0 0 0 0 0 0 0.09455245309 0 0 0 0 0 0 0.0007555823468 0 0 0 0 0 0 0.0007555823468 0 0 0 0 0 0 0.001311490331
192,1785497077.005359650,map,7.5250010490,-1.8954623938,-1.2504040003,0.0367944018,0.0672913134,0.7249949543,0.6844708789,0.04283610702 0 0 0 0 0 0 0.04283610702 0 0 0 0 0 0 0.09422987807 0 0 0 0 0 0 0.000750553608 0 0 0 0 0 0 0.000750553608 0 0 0 0 0 0 0.00130486244
193,1785497077.205591679,map,7.5206089020,-1.8879967928,-1.2408863306,0.0351722903,0.0689305977,0.7218790919,0.6876787616,0.04283100177 0 0 0 0 0 0 0.04283100177 0 0 0 0 0 0 0.09422230605 0 0 0 0 0 0 0.0007504356637 0 0 0 0 0 0 0.0007504356637 0 0 0 0 0 0 0.001304706924
194,1785497077.305471897,map,7.5127224922,-1.8941407204,-1.2289079428,0.0316377721,0.0686096042,0.7167316811,0.6932441858,0.04324443713 0 0 0 0 0 0 0.04324443713 0 0 0 0 0 0 0.09483503084 0 0 0 0 0 0 0.0007599942736 0 0 0 0 0 0 0.0007599942736 0 0 0 0 0 0 0.001317300886
195,1785497077.405344009,map,7.5019726753,-1.8470463753,-1.2419130802,0.0289212269,0.0720358249,0.7077069507,0.7022287797,0.04324182702 0 0 0 0 0 0 0.04324182702 0 0 0 0 0 0 0.09483116557 0 0 0 0 0 0 0.0007599338824 0 0 0 0 0 0 0.0007599338824 0 0 0 0 0 0 0.001317221377
196,1785497077.505390882,map,7.5106759071,-1.8218815327,-1.2405923605,0.0280033735,0.0738587111,0.7006468504,0.7091224922,0.04300699022 0 0 0 0 0 0 0.04300699022 0 0 0 0 0 0 0.09448324377 0 0 0 0 0 0 0.0007545027272 0 0 0 0 0 0 0.0007545027272 0 0 0 0 0 0 0.001310067839
197,1785497077.605606794,map,7.5050978661,-1.8306105137,-1.2361015081,0.0261332024,0.0743998456,0.6971602776,0.7125652678,0.04297186437 0 0 0 0 0 0 0.04297186437 0 0 0 0 0 0 0.09443117665 0 0 0 0 0 0 0.0007536907631 0 0 0 0 0 0 0.0007536907631 0 0 0 0 0 0 0.001308997845
198,1785497077.705482244,map,7.5054259300,-1.7555115223,-1.2370915413,0.0269664058,0.0763955682,0.6885488489,0.7206504028,0.04287434682 0 0 0 0 0 0 0.04287434682 0 0 0 0 0 0 0.09428658986 0 0 0 0 0 0 0.0007514371144 0 0 0 0 0 0 0.0007514371144 0 0 0 0 0 0 0.00130602729
199,1785497077.805340528,map,7.5259628296,-1.7458486557,-1.2398709059,0.0256665439,0.0761867671,0.6868384613,0.7223501382,0.04276368285 0 0 0 0 0 0 0.04276368285 0 0 0 0 0 0 0.09412244629 0 0 0 0 0 0 0.0007488806375 0 0 0 0 0 0 0.0007488806375 0 0 0 0 0 0 0.001302656273
200,1785497078.005592346,map,7.4910597801,-1.8042169809,-1.2363713980,0.0233402421,0.0796057344,0.6801616797,0.7283530968,0.04275375303 0 0 0 0 0 0 0.04275375303 0 0 0 0 0 0 0.0941077144 0 0 0 0 0 0 0.0007486512978 0 0 0 0 0 0 0.0007486512978 0 0 0 0 0 0 0.001302353793
201,1785497078.105507135,map,7.5465378761,-1.8275688887,-1.2416528463,0.0230804612,0.0806784242,0.6714585185,0.7362755977,0.0428459276 0 0 0 0 0 0 0.0428459276 0 0 0 0 0 0 0.09424444332 0 0 0 0 0 0 0.0007507804943 0 0 0 0 0 0 0.0007507804943 0 0 0 0 0 0 0.001305161591
202,1785497078.205921650,map,7.5513958931,-1.7954167128,-1.2393711805,0.0228756325,0.0796946715,0.6704919675,0.7372692845,0.04321291128 0 0 0 0 0 0 0.04321291128 0 0 0 0 0 0 0.09478834214 0 0 0 0 0 0 0.0007592648848 0 0 0 0 0 0 0.0007592648848 0 0 0 0 0 0 0.001316340554
203,1785497078.305381536,map,7.5305757523,-1.7491810322,-1.2418272495,0.0227467033,0.0807269321,0.6704854253,0.7371668895,0.04290747997 0 0 0 0 0 0 0.04290747997 0 0 0 0 0 0 0.09433572153 0 0 0 0 0 0 0.0007522027363 0 0 0 0 0 0 0.0007522027363 0 0 0 0 0 0 0.001307036584
204,1785497078.405627489,map,7.5249643326,-1.7233606577,-1.2349619865,0.0218644360,0.0819248419,0.6713977541,0.7362304858,0.04281744072 0 0 0 0 0 0 0.04281744072 0 0 0 0 0 0 0.09420219189 0 0 0 0 0 0 0.0007501223806 0 0 0 0 0 0 0.0007501223806 0 0 0 0 0 0 0.001304293832
205,1785497078.505529404,map,7.5322022438,-1.7005662918,-1.2342375517,0.0188896144,0.0811210737,0.6711465435,0.7366307469,0.0429732705 0 0 0 0 0 0 0.0429732705 0 0 0 0 0 0 0.09443326109 0 0 0 0 0 0 0.0007537232649 0 0 0 0 0 0 0.0007537232649 0 0 0 0 0 0 0.001309040678
206,1785497078.605396271,map,7.5989966393,-1.6507786512,-1.2372335196,0.0160018063,0.0775630977,0.6677673798,0.7401450111,0.04283998437 0 0 0 0 0 0 0.04283998437 0 0 0 0 0 0 0.09423562876 0 0 0 0 0 0 0.0007506431859 0 0 0 0 0 0 0.0007506431859 0 0 0 0 0 0 0.00130498055
207,1785497078.705296278,map,7.5600328445,-1.6431033611,-1.2500878572,0.0117865990,0.0794239267,0.6678651494,0.7399385561,0.04274926982 0 0 0 0 0 0 0.04274926982 0 0 0 0 0 0 0.09410106292 0 0 0 0 0 0 0.0007485477561 0 0 0 0 0 0 0.0007485477561 0 0 0 0 0 0 0.001302217227
208,1785497078.805564165,map,7.5356478691,-1.6750211716,-1.2401986122,0.0124449735,0.0787338438,0.6690053219,0.7389709037,0.04293360593 0 0 0 0 0 0 0.04293360593 0 0 0 0 0 0 0.0943744582 0 0 0 0 0 0 0.0007528065063 0 0 0 0 0 0 0.0007528065063 0 0 0 0 0 0 0.001307832426
209,1785497078.905773878,map,7.4997057915,-1.6724531651,-1.2394450903,0.0136428149,0.0784315702,0.6707878634,0.7373642260,0.04301697 0 0 0 0 0 0 0.04301697 0 0 0 0 0 0 0.09449803556 0 0 0 0 0 0 0.0007547334378 0 0 0 0 0 0 0.0007547334378 0 0 0 0 0 0 0.001310371841
210,1785497079.005425453,map,7.5626158714,-1.6098498106,-1.2403550148,0.0128509284,0.0767881493,0.6736365971,0.7349504438,0.04298284478 0 0 0 0 0 0 0.04298284478 0 0 0 0 0 0 0.09444745368 0 0 0 0 0 0 0.0007539445734 0 0 0 0 0 0 0.0007539445734 0 0 0 0 0 0 0.001309332327
211,1785497079.105295420,map,7.5160150528,-1.6287455559,-1.2346929312,0.0125111956,0.0761783862,0.6775033755,0.7314571003,0.04286102931 0 0 0 0 0 0 0.04286102931 0 0 0 0 0 0 0.09426684017 0 0 0 0 0 0 0.0007511294075 0 0 0 0 0 0 0.0007511294075 0 0 0 0 0 0 0.001305621616
212,1785497079.205484390,map,7.5619912148,-1.5900708437,-1.2419972420,0.0128488254,0.0754428245,0.6809501612,0.7283200942,0.04297382916 0 0 0 0 0 0 0.04297382916 0 0 0 0 0 0 0.09443408925 0 0 0 0 0 0 0.0007537361782 0 0 0 0 0 0 0.0007537361782 0 0 0 0 0 0 0.001309057696
213,1785497079.305796385,map,7.5162482262,-1.6137330532,-1.2373572588,0.0129273142,0.0755781841,0.6842979101,0.7251601144,0.04326809975 0 0 0 0 0 0 0.04326809975 0 0 0 0 0 0 0.09487007074 0 0 0 0 0 0 0.0007605417925 0 0 0 0 0 0 0.0007605417925 0 0 0 0 0 0 0.001318021691
214,1785497079.405495644,map,7.5262546539,-1.6034086943,-1.2381095886,0.0143721786,0.0755586059,0.6852957385,0.7241920223,0.0430462916 0 0 0 0 0 0 0.0430462916 0 0 0 0 0 0 0.0945414921 0 0 0 0 0 0 0.0007554113375 0 0 0 0 0 0 0.0007554113375 0 0 0 0 0 0 0.001311265028
215,1785497079.505350351,map,7.6217393875,-1.4998362064,-1.2534787655,0.0188102425,0.0778805308,0.6895085218,0.7198324650,0.04297148604 0 0 0 0 0 0 0.04297148604 0 0 0 0 0 0 0.09443061581 0 0 0 0 0 0 0.0007536820181 0 0 0 0 0 0 0.0007536820181 0 0 0 0 0 0 0.00130898632
216,1785497079.705617189,map,7.5778679848,-1.4356784821,-1.2425500154,0.0143655916,0.0759160192,0.7005013950,0.7094562731,0.04292540745 0 0 0 0 0 0 0.04292540745 0 0 0 0 0 0 0.09436230282 0 0 0 0 0 0 0.0007526170334 0 0 0 0 0 0 0.0007526170334 0 0 0 0 0 0 0.001307582686
217,1785497079.805525780,map,7.5196247101,-1.4487687349,-1.2452573776,0.0149338885,0.0758150332,0.7052082227,0.7047768548,0.04272242434 0 0 0 0 0 0 0.04272242434 0 0 0 0 0 0 0.09406123145 0 0 0 0 0 0 0.0007479277839 0 0 0 0 0 0 0.0007479277839 0 0 0 0 0 0 0.001301399467
218,1785497079.905348301,map,7.5179324150,-1.4449038506,-1.2415770292,0.0155524621,0.0752620887,0.7061406888,0.7038885207,0.04281876791 0 0 0 0 0 0 0.04281876791 0 0 0 0 0 0 0.09420416046 0 0 0 0 0 0 0.0007501530402 0 0 0 0 0 0 0.0007501530402 0 0 0 0 0 0 0.00130433426
219,1785497080.005341530,map,7.5678834915,-1.3997719288,-1.2397397757,0.0156611368,0.0714964082,0.7088948656,0.7015062833,0.04275486802 0 0 0 0 0 0 0.04275486802 0 0 0 0 0 0 0.09410936863 0 0 0 0 0 0 0.0007486770493 0 0 0 0 0 0 0.0007486770493 0 0 0 0 0 0 0.001302387758
220,1785497080.105556965,map,7.5445742607,-1.3189761639,-1.2481137514,0.0176665657,0.0676525483,0.7099260789,0.7007966891,0.04280924883 0 0 0 0 0 0 0.04280924883 0 0 0 0 0 0 0.09419004091 0 0 0 0 0 0 0.0007499331415 0 0 0 0 0 0 0.0007499331415 0 0 0 0 0 0 0.001304044292
221,1785497080.205499411,map,7.5228672028,-1.2943295240,-1.2487382889,0.0175693162,0.0698097787,0.7126645121,0.6978017011,0.0429621926 0 0 0 0 0 0 0.0429621926 0 0 0 0 0 0 0.09441683895 0 0 0 0 0 0 0.0007534672102 0 0 0 0 0 0 0.0007534672102 0 0 0 0 0 0 0.001308703226
222,1785497080.305373669,map,7.5464577675,-1.2706696987,-1.2409332991,0.0144971017,0.0670431994,0.7119113164,0.6989115398,0.04274329054 0 0 0 0 0 0 0.04274329054 0 0 0 0 0 0 0.09409219163 0 0 0 0 0 0 0.0007484096646 0 0 0 0 0 0 0.0007484096646 0 0 0 0 0 0 0.001302035088
223,1785497080.405324221,map,7.5715775490,-1.1701680422,-1.2557408810,0.0132518237,0.0616133460,0.7133225902,0.6979964791,0.04288607558 0 0 0 0 0 0 0.04288607558 0 0 0 0 0 0 0.09430398262 0 0 0 0 0 0 0.0007517081251 0 0 0 0 0 0 0.0007517081251 0 0 0 0 0 0 0.001306384569
224,1785497080.505463362,map,7.5590624809,-1.1440331936,-1.2600350380,0.0155818860,0.0592363931,0.7194533109,0.6918346471,0.0430818664 0 0 0 0 0 0 0.0430818664 0 0 0 0 0 0 0.09459420982 0 0 0 0 0 0 0.0007562339062 0 0 0 0 0 0 0.0007562339062 0 0 0 0 0 0 0.001312348698
225,1785497080.605595589,map,7.5354309082,-1.1116428375,-1.2689188719,0.0169559939,0.0618010105,0.7255561231,0.6851725501,0.04291889384 0 0 0 0 0 0 0.04291889384 0 0 0 0 0 0 0.09435264523 0 0 0 0 0 0 0.0007524665033 0 0 0 0 0 0 0.0007524665033 0 0 0 0 0 0 0.00130738427
226,1785497080.705427170,map,7.5380311012,-1.0962655544,-1.2684730291,0.0195741620,0.0647754446,0.7315690279,0.6784008855,0.0427859477 0 0 0 0 0 0 0.0427859477 0 0 0 0 0 0 0.09415547644 0 0 0 0 0 0 0.0007493948991 0 0 0 0 0 0 0.0007493948991 0 0 0 0 0 0 0.001303334499
227,1785497080.805308104,map,7.5230655670,-1.0657161474,-1.2627973557,0.0202826239,0.0651298924,0.7352572428,0.6743467091,0.04278704689 0 0 0 0 0 0 0.04278704689 0 0 0 0 0 0 0.09415710703 0 0 0 0 0 0 0.0007494202886 0 0 0 0 0 0 0.0007494202886 0 0 0 0 0 0 0.001303367982
228,1785497080.905375481,map,7.5218172073,-1.0284060240,-1.2641235590,0.0243404411,0.0646459235,0.7404785730,0.6685206910,0.0429567403 0 0 0 0 0 0 0.0429567403 0 0 0 0 0 0 0.09440875607 0 0 0 0 0 0 0.0007533411896 0 0 0 0 0 0 0.0007533411896 0 0 0 0 0 0 0.001308537139
229,1785497081.005618334,map,7.5543541908,-0.9384754896,-1.2756720781,0.0194923302,0.0716304475,0.7460074131,0.6617870306,0.04303373334 0 0 0 0 0 0 0.04303373334 0 0 0 0 0 0 0.09452288052 0 0 0 0 0 0 0.0007551209883 0 0 0 0 0 0 0.0007551209883 0 0 0 0 0 0 0.001310882482
230,1785497081.105479717,map,7.5070810318,-0.9389858246,-1.2583972216,0.0181898399,0.0740098981,0.7478530454,0.6594751671,0.04285745329 0 0 0 0 0 0 0.04285745329 0 0 0 0 0 0 0.0942615368 0 0 0 0 0 0 0.0007510467844 0 0 0 0 0 0 0.0007510467844 0 0 0 0 0 0 0.001305512684
231,1785497081.205339670,map,7.5598001480,-0.8750625253,-1.2556972504,0.0078756299,0.0704306191,0.7458867384,0.6622918167,0.0428059183 0 0 0 0 0 0 0.0428059183 0 0 0 0 0 0 0.09418510066 0 0 0 0 0 0 0.0007498562054 0 0 0 0 0 0 0.0007498562054 0 0 0 0 0 0 0.001303942839
232,1785497081.305310488,map,7.5504040718,-0.8593031168,-1.2746584415,-0.0032230702,0.0677502181,0.7430151427,0.6658288339,0.0431129305 0 0 0 0 0 0 0.0431129305 0 0 0 0 0 0 0.09464023742 0 0 0 0 0 0 0.0007569522655 0 0 0 0 0 0 0.0007569522655 0 0 0 0 0 0 0.001313294965
233,1785497081.405517817,map,7.5175614357,-0.7913822532,-1.2814978361,-0.0032730321,0.0665530855,0.7418989419,0.6671926007,0.04290938622 0 0 0 0 0 0 0.04290938622 0 0 0 0 0 0 0.09433854803 0 0 0 0 0 0 0.0007522467876 0 0 0 0 0 0 0.0007522467876 0 0 0 0 0 0 0.001307094651
234,1785497081.505539656,map,7.5579133034,-0.7767242193,-1.2673976421,-0.0094730306,0.0687263175,0.7396676193,0.6693868447,0.04280237516 0 0 0 0 0 0 0.04280237516 0 0 0 0 0 0 0.09417984495 0 0 0 0 0 0 0.0007497743589 0 0 0 0 0 0 0.0007497743589 0 0 0 0 0 0 0.001303834908
235,1785497081.605306625,map,7.5112175941,-0.7099293470,-1.2632036209,-0.0098019828,0.0571583158,0.7389585097,0.6712504509,0.043073985 0 0 0 0 0 0 0.043073985 0 0 0 0 0 0 0.0945825311 0 0 0 0 0 0 0.0007560516612 0 0 0 0 0 0 0.0007560516612 0 0 0 0 0 0 0.001312108617
236,1785497081.705315351,map,7.4450807571,-0.6934671402,-1.2810392380,-0.0021587996,0.0554044779,0.7398951795,0.6704333080,0.04270409274 0 0 0 0 0 0 0.04270409274 0 0 0 0 0 0 0.09403402995 0 0 0 0 0 0 0.0007475044678 0 0 0 0 0 0 0.0007475044678 0 0 0 0 0 0 0.001300841054
237,1785497081.805595160,map,7.4940848351,-0.6249364018,-1.2737512589,0.0050646988,0.0566282990,0.7359876787,0.6746034018,0.04252982876 0 0 0 0 0 0 0.04252982876 0 0 0 0 0 0 0.09377535155 0 0 0 0 0 0 0.0007434817885 0 0 0 0 0 0 0.0007434817885 0 0 0 0 0 0 0.00129553267
238,1785497081.905460596,map,7.4898967743,-0.5795794129,-1.2743024826,0.0064909837,0.0565453678,0.7366979442,0.6738223974,0.04293324618 0 0 0 0 0 0 0.04293324618 0 0 0 0 0 0 0.09437392483 0 0 0 0 0 0 0.0007527981921 0 0 0 0 0 0 0.0007527981921 0 0 0 0 0 0 0.001307821467
239,1785497082.005370140,map,7.4891037941,-0.5358688831,-1.2915973663,0.0097774736,0.0600446508,0.7352263027,0.6750861504,0.04280456445 0 0 0 0 0 0 0.04280456445 0 0 0 0 0 0 0.09418309243 0 0 0 0 0 0 0.0007498249313 0 0 0 0 0 0 0.0007498249313 0 0 0 0 0 0 0.001303901598
240,1785497082.105305195,map,7.4111223221,-0.5266837478,-1.2703740597,0.0169021471,0.0583795930,0.7339665549,0.6764608340,0.0429702034 0 0 0 0 0 0 0.0429702034 0 0 0 0 0 0 0.09442871442 0 0 0 0 0 0 0.0007536523709 0 0 0 0 0 0 0.0007536523709 0 0 0 0 0 0 0.001308947249
241,1785497082.305521488,map,7.4729804993,-0.4541948438,-1.2560988665,0.0276713087,0.0505080848,0.7242520610,0.6871260065,0.04293246987 0 0 0 0 0 0 0.04293246987 0 0 0 0 0 0 0.09437277386 0 0 0 0 0 0 0.0007527802508 0 0 0 0 0 0 0.0007527802508 0 0 0 0 0 0 0.00130779782
242,1785497082.405407906,map,7.4382233620,-0.3676700890,-1.2863808870,0.0353426858,0.0531648513,0.7203684964,0.6906472710,0.04319974572 0 0 0 0 0 0 0.04319974572 0 0 0 0 0 0 0.09476884277 0 0 0 0 0 0 0.0007589603085 0 0 0 0 0 0 0.0007589603085 0 0 0 0 0 0 0.001315939508
243,1785497082.505321980,map,7.4482898712,-0.3197148442,-1.2559081316,0.0485040955,0.0462048293,0.7207461915,0.6899546374,0.04287679369 0 0 0 0 0 0 0.04287679369 0 0 0 0 0 0 0.09429021842 0 0 0 0 0 0 0.000751493652 0 0 0 0 0 0 0.000751493652 0 0 0 0 0 0 0.001306101826
244,1785497082.605475903,map,7.4672136307,-0.3120702803,-1.2341412306,0.0486931637,0.0313657565,0.7207314603,0.6907903661,0.04276110874 0 0 0 0 0 0 0.04276110874 0 0 0 0 0 0 0.09411862741 0 0 0 0 0 0 0.0007488211851 0 0 0 0 0 0 0.0007488211851 0 0 0 0 0 0 0.001302577861
245,1785497082.705476999,map,7.5223131180,-0.3462487757,-1.2280095816,0.0290816673,0.0286193160,0.7175200079,0.6953418121,0.0430148194 0 0 0 0 0 0 0.0430148194 0 0 0 0 0 0 0.09449484804 0 0 0 0 0 0 0.0007546837198 0 0 0 0 0 0 0.0007546837198 0 0 0 0 0 0 0.00131030633
246,1785497082.805330276,map,7.4788331985,-0.2467146665,-1.2745250463,0.0185884775,0.0366261284,0.7105184784,0.7024788018,0.04265560717 0 0 0 0 0 0 0.04265560717 0 0 0 0 0 0 0.09396207502 0 0 0 0 0 0 0.0007463849715 0 0 0 0 0 0 0.0007463849715 0 0 0 0 0 0 0.001299364099
247,1785497082.905276299,map,7.3969931602,-0.1443979144,-1.2707056999,0.0257621603,0.0406372402,0.7056636394,0.7069114237,0.04287895571 0 0 0 0 0 0 0.04287895571 0 0 0 0 0 0 0.09429342454 0 0 0 0 0 0 0.0007515436083 0 0 0 0 0 0 0.0007515436083 0 0 0 0 0 0 0.001306167685
248,1785497083.005462885,map,7.4386930466,-0.0026591246,-1.3149669170,0.0289935203,0.0445010523,0.6982776476,0.7138538761,0.04298632816 0 0 0 0 0 0 0.04298632816 0 0 0 0 0 0 0.0944526172 0 0 0 0 0 0 0.0007540250933 0 0 0 0 0 0 0.0007540250933 0 0 0 0 0 0 0.001309438437
249,1785497083.105642796,map,7.4614944458,0.0046210983,-1.2427808046,0.0386945146,0.0540002546,0.6934421327,0.7174431703,0.0427196079 0 0 0 0 0 0 0.0427196079 0 0 0 0 0 0 0.09405705238 0 0 0 0 0 0 0.0007478627444 0 0 0 0 0 0 0.0007478627444 0 0 0 0 0 0 0.001301313673
250,1785497083.205398321,map,7.4630794525,0.1292651147,-1.2558221817,0.0263941710,0.0573398163,0.6849138492,0.7258846745,0.04281239852 0 0 0 0 0 0 0.04281239852 0 0 0 0 0 0 0.09419471287 0 0 0 0 0 0 0.0007500059011 0 0 0 0 0 0 0.0007500059011 0 0 0 0 0 0 0.001304140237
251,1785497083.405309677,map,7.5547661781,0.3660512865,-1.2704610825,0.0227505388,0.0569843094,0.6971742424,0.7142711464,0.04280983782 0 0 0 0 0 0 0.04280983782 0 0 0 0 0 0 0.09419091456 0 0 0 0 0 0 0.0007499467473 0 0 0 0 0 0 0.0007499467473 0 0 0 0 0 0 0.001304062234
252,1785497083.505658388,map,7.5467624664,0.3625856638,-1.2702559233,0.0226717739,0.0567171791,0.7055488023,0.7060241083,0.04276329996 0 0 0 0 0 0 0.04276329996 0 0 0 0 0 0 0.09412187826 0 0 0 0 0 0 0.0007488717943 0 0 0 0 0 0 0.0007488717943 0 0 0 0 0 0 0.00130264461
253,1785497083.605532646,map,7.4385943413,0.2398107946,-1.2616047859,0.0243928439,0.0557030331,0.7113445662,0.7002078653,0.0429285837 0 0 0 0 0 0 0.0429285837 0 0 0 0 0 0 0.09436701209 0 0 0 0 0 0 0.0007526904382 0 0 0 0 0 0 0.0007526904382 0 0 0 0 0 0 0.00130767944
254,1785497083.705367804,map,7.4993987083,0.2583341300,-1.2717690468,0.0240538820,0.0551651213,0.7093212061,0.7023116540,0.04252226048 0 0 0 0 0 0 0.04252226048 0 0 0 0 0 0 0.09376411324 0 0 0 0 0 0 0.0007433071433 0 0 0 0 0 0 0.0007433071433 0 0 0 0 0 0 0.001295302127
255,1785497083.805259466,map,7.4992280006,0.2609498799,-1.2710646391,0.0239117307,0.0548437531,0.7091183361,0.7025464927,0.04282852855 0 0 0 0 0 0 0.04282852855 0 0 0 0 0 0 0.09421863778 0 0 0 0 0 0 0.0007503785271 0 0 0 0 0 0 0.0007503785271 0 0 0 0 0 0 0.001304631586
256,1785497083.905364990,map,7.5472612381,0.3192640245,-1.2755455971,0.0239161414,0.0546480079,0.7130281500,0.6985932145,0.0427079339 0 0 0 0 0 0 0.0427079339 0 0 0 0 0 0 0.09403972984 0 0 0 0 0 0 0.000747593166 0 0 0 0 0 0 0.000747593166 0 0 0 0 0 0 0.001300958063
257,1785497084.005666733,map,7.5492310524,0.3532834649,-1.2748248577,0.0253837324,0.0536649468,0.7221360041,0.6891990678,0.0427486764 0 0 0 0 0 0 0.0427486764 0 0 0 0 0 0 0.09410018249 0 0 0 0 0 0 0.0007485340509 0 0 0 0 0 0 0.0007485340509 0 0 0 0 0 0 0.00130219915
258,1785497084.105606079,map,7.5241875648,0.3610525727,-1.2749110460,0.0263875206,0.0510587214,0.7312105806,0.6797262775,0.04295613834 0 0 0 0 0 0 0.04295613834 0 0 0 0 0 0 0.09440786369 0 0 0 0 0 0 0.0007533272766 0 0 0 0 0 0 0.0007533272766 0 0 0 0 0 0 0.001308518803
259,1785497084.305282831,map,7.4753355980,0.3037221134,-1.2754046917,0.0264307784,0.0518819500,0.7313520951,0.6795099728,0.04273402001 0 0 0 0 0 0 0.04273402001 0 0 0 0 0 0 0.0940784368 0 0 0 0 0 0 0.0007481955677 0 0 0 0 0 0 0.0007481955677 0 0 0 0 0 0 0.001301752691
260,1785497084.405327082,map,7.4928960800,0.3199777305,-1.2801023722,0.0266666180,0.0519194977,0.7314487362,0.6793938529,0.04286108904 0 0 0 0 0 0 0.04286108904 0 0 0 0 0 0 0.09426692875 0 0 0 0 0 0 0.0007511307875 0 0 0 0 0 0 0.0007511307875 0 0 0 0 0 0 0.001305623435
261,1785497084.505390167,map,7.5385255814,0.3724644184,-1.2827490568,0.0272071067,0.0531686069,0.7377430550,0.6724344436,0.0426704061 0 0 0 0 0 0 0.0426704061 0 0 0 0 0 0 0.09398403876 0 0 0 0 0 0 0.0007467266464 0 0 0 0 0 0 0.0007467266464 0 0 0 0 0 0 0.001299814901
262,1785497084.605485201,map,7.5215668678,0.3772183657,-1.2800977230,0.0278819502,0.0531464984,0.7463943896,0.6627921815,0.04273786877 0 0 0 0 0 0 0.04273786877 0 0 0 0 0 0 0.09408414733 0 0 0 0 0 0 0.0007482844515 0 0 0 0 0 0 0.0007482844515 0 0 0 0 0 0 0.001301869931
263,1785497084.705296040,map,7.5335116386,0.3730044663,-1.2832639217,0.0280902356,0.0529793076,0.7545843428,0.6534574191,0.04281719978 0 0 0 0 0 0 0.04281719978 0 0 0 0 0 0 0.09420183451 0 0 0 0 0 0 0.0007501168146 0 0 0 0 0 0 0.0007501168146 0 0 0 0 0 0 0.001304286492
264,1785497084.805321932,map,7.5247902870,0.3547092080,-1.2881015539,0.0288864267,0.0524805707,0.7625479224,0.6441521917,0.04283639644 0 0 0 0 0 0 0.04283639644 0 0 0 0 0 0 0.09423030732 0 0 0 0 0 0 0.0007505602944 0 0 0 0 0 0 0.0007505602944 0 0 0 0 0 0 0.001304871256
265,1785497084.905451775,map,7.5447382927,0.3627818823,-1.2829324007,0.0309898423,0.0521878702,0.7704680163,0.6345826311,0.04280918531 0 0 0 0 0 0 0.04280918531 0 0 0 0 0 0 0.09418994669 0 0 0 0 0 0 0.0007499316742 0 0 0 0 0 0 0.0007499316742 0 0 0 0 0 0 0.001304042357
266,1785497085.005528927,map,7.4190945625,0.2747409046,-1.2642065287,0.0323685168,0.0522403917,0.7749030511,0.6290854353,0.04287783751 0 0 0 0 0 0 0.04287783751 0 0 0 0 0 0 0.09429176633 0 0 0 0 0 0 0.0007515177708 0 0 0 0 0 0 0.0007515177708 0 0 0 0 0 0 0.001306133623
267,1785497085.105347157,map,7.4883542061,0.3042626977,-1.2738262415,0.0317904351,0.0511604673,0.7727592933,0.6318346876,0.0427102103 0 0 0 0 0 0 0.0427102103 0 0 0 0 0 0 0.09404310775 0 0 0 0 0 0 0.0007476457321 0 0 0 0 0 0 0.0007476457321 0 0 0 0 0 0 0.001301027406
268,1785497085.205361605,map,7.4934492111,0.3080944419,-1.2769581079,0.0316514930,0.0510641022,0.7723151461,0.6323922228,0.04287734558 0 0 0 0 0 0 0.04287734558 0 0 0 0 0 0 0.09429103684 0 0 0 0 0 0 0.0007515064042 0 0 0 0 0 0 0.0007515064042 0 0 0 0 0 0 0.001306118638
269,1785497085.305436850,map,7.4889664650,0.3025614619,-1.2737437487,0.0316206530,0.0507256761,0.7718225303,0.6330221382,0.04313252431 0 0 0 0 0 0 0.04313252431 0 0 0 0 0 0 0.09466926676 0 0 0 0 0 0 0.0007574054161 0 0 0 0 0 0 0.0007574054161 0 0 0 0 0 0 0.001313891827
270,1785497085.405460835,map,7.5174717903,0.2980661690,-1.2743266821,0.0311328384,0.0481180852,0.7706233469,0.6347086485,0.04276032277 0 0 0 0 0 0 0.04276032277 0 0 0 0 0 0 0.09411746134 0 0 0 0 0 0 0.0007488030321 0 0 0 0 0 0 0.0007488030321 0 0 0 0 0 0 0.001302553919
271,1785497085.505287647,map,7.5068082809,0.3561037779,-1.2795625925,0.0321872282,0.0495646463,0.7716191000,0.6333334597,0.0428789507 0 0 0 0 0 0 0.0428789507 0 0 0 0 0 0 0.09429341711 0 0 0 0 0 0 0.0007515434925 0 0 0 0 0 0 0.0007515434925 0 0 0 0 0 0 0.001306167533
272,1785497085.605283976,map,7.4563589096,0.3315670788,-1.2566583157,0.0311390918,0.0513377118,0.7718696747,0.6329391494,0.04295029805 0 0 0 0 0 0 0.04295029805 0 0 0 0 0 0 0.09439920542 0 0 0 0 0 0 0.0007531922913 0 0 0 0 0 0 0.0007531922913 0 0 0 0 0 0 0.001308340897
273,1785497085.705492973,map,7.4666347504,0.3635853231,-1.2479342222,0.0205826621,0.0409194862,0.7703523424,0.6359710955,0.04276010252 0 0 0 0 0 0 0.04276010252 0 0 0 0 0 0 0.09411713457 0 0 0 0 0 0 0.000748797945 0 0 0 0 0 0 0.000748797945 0 0 0 0 0 0 0.00130254721
274,1785497085.805461645,map,7.4532852173,0.4360662401,-1.2708559036,0.0192584900,0.0423073844,0.7688290350,0.6377625919,0.04295000552 0 0 0 0 0 0 0.04295000552 0 0 0 0 0 0 0.09439877174 0 0 0 0 0 0 0.0007531855303 0 0 0 0 0 0 0.0007531855303 0 0 0 0 0 0 0.001308331986
275,1785497085.905327320,map,7.4197187424,0.5867934823,-1.2605757713,0.0293836621,0.0497983564,0.7696625422,0.6358272302,0.04288897909 0 0 0 0 0 0 0.04288897909 0 0 0 0 0 0 0.09430828816 0 0 0 0 0 0 0.0007517752169 0 0 0 0 0 0 0.0007517752169 0 0 0 0 0 0 0.001306473015
276,1785497086.005315542,map,7.3916950226,0.5742302537,-1.2879682779,0.0128820484,0.0550331343,0.7666711834,0.6395472614,0.04316390676 0 0 0 0 0 0 0.04316390676 0 0 0 0 0 0 0.09471575715 0 0 0 0 0 0 0.0007581312729 0 0 0 0 0 0 0.0007581312729 0 0 0 0 0 0 0.001314847791
277,1785497086.205468416,map,7.3735618591,0.7236919403,-1.2154669762,0.0211127180,0.0433683403,0.7647526352,0.6425160404,0.04267834709 0 0 0 0 0 0 0.04267834709 0 0 0 0 0 0 0.09399582383 0 0 0 0 0 0 0.0007469099944 0 0 0 0 0 0 0.0007469099944 0 0 0 0 0 0 0.001300056797
278,1785497086.305280447,map,7.3587384224,0.9089347124,-1.2437443733,0.0182473017,0.0348802464,0.7619886903,0.6463927898,0.04263512267 0 0 0 0 0 0 0.04263512267 0 0 0 0 0 0 0.09393167103 0 0 0 0 0 0 0.0007459120605 0 0 0 0 0 0 0.0007459120605 0 0 0 0 0 0 0.001298740106
279,1785497086.405228138,map,7.2449932098,0.9798710942,-1.2670779228,0.0267590074,0.0435181357,0.7638662372,0.6433494455,0.04294083052 0 0 0 0 0 0 0.04294083052 0 0 0 0 0 0 0.09438516934 0 0 0 0 0 0 0.0007529734766 0 0 0 0 0 0 0.0007529734766 0 0 0 0 0 0 0.0013080525
280,1785497086.505545855,map,7.3376021385,0.9144643545,-1.2503350973,0.0215872644,0.0529030486,0.7628221397,0.6440789196,0.04357769754 0 0 0 0 0 0 0.04357769754 0 0 0 0 0 0 0.09532824127 0 0 0 0 0 0 0.0007677097882 0 0 0 0 0 0 0.0007677097882 0 0 0 0 0 0 0.001327452579
281,1785497086.705332041,map,7.3465008736,1.2380061150,-1.2885397673,0.0133232409,0.0487108621,0.7625289774,0.6449800778,0.04272580105 0 0 0 0 0 0 0.04272580105 0 0 0 0 0 0 0.09406624181 0 0 0 0 0 0 0.0007480057625 0 0 0 0 0 0 0.0007480057625 0 0 0 0 0 0 0.001301502327
282,1785497086.805260420,map,7.3004074097,1.2198598385,-1.2705025673,0.0114683521,0.0545597081,0.7628046543,0.6442210694,0.04286999703 0 0 0 0 0 0 0.04286999703 0 0 0 0 0 0 0.09428013928 0 0 0 0 0 0 0.0007513366089 0 0 0 0 0 0 0.0007513366089 0 0 0 0 0 0 0.001305894788
283,1785497086.905417681,map,7.2798423767,1.3259755373,-1.2642549276,0.0114919447,0.0563319419,0.7616708621,0.6454085160,0.04277970725 0 0 0 0 0 0 0.04277970725 0 0 0 0 0 0 0.09414621895 0 0 0 0 0 0 0.0007492507562 0 0 0 0 0 0 0.0007492507562 0 0 0 0 0 0 0.001303144404
284,1785497087.005520821,map,7.2812523842,1.3311563730,-1.2656604052,0.0117124956,0.0554772106,0.7616938607,0.6454514350,0.0429290606 0 0 0 0 0 0 0.0429290606 0 0 0 0 0 0 0.09436771917 0 0 0 0 0 0 0.0007527014597 0 0 0 0 0 0 0.0007527014597 0 0 0 0 0 0 0.001307693967
285,1785497087.105185032,map,7.2851314545,1.3336026669,-1.2659591436,0.0118168205,0.0547417349,0.7616380672,0.6455781497,0.04290390218 0 0 0 0 0 0 0.04290390218 0 0 0 0 0 0 0.09433041648 0 0 0 0 0 0 0.0007521200581 0 0 0 0 0 0 0.0007521200581 0 0 0 0 0 0 0.001306927598
286,1785497087.205351830,map,7.2907881737,1.3354758024,-1.2663842440,0.0119343658,0.0547174378,0.7616217706,0.6455973045,0.04298970447 0 0 0 0 0 0 0.04298970447 0 0 0 0 0 0 0.09445762194 0 0 0 0 0 0 0.0007541031392 0 0 0 0 0 0 0.0007541031392 0 0 0 0 0 0 0.001309541285
287,1785497087.305449724,map,7.2873816490,1.3354551792,-1.2670383453,0.0120785936,0.0548167293,0.7616193523,0.6455890241,0.04287079737 0 0 0 0 0 0 0.04287079737 0 0 0 0 0 0 0.09428132617 0 0 0 0 0 0 0.0007513551013 0 0 0 0 0 0 0.0007513551013 0 0 0 0 0 0 0.001305919168
288,1785497087.405521393,map,7.2862467766,1.3368871212,-1.2669655085,0.0119864024,0.0547348162,0.7615917700,0.6456302492,0.0429082909 0 0 0 0 0 0 0.0429082909 0 0 0 0 0 0 0.09433692394 0 0 0 0 0 0 0.0007522214759 0 0 0 0 0 0 0.0007522214759 0 0 0 0 0 0 0.001307061286
289,1785497087.505355597,map,7.2851233482,1.3385601044,-1.2670136690,0.0121102301,0.0546912934,0.7616036331,0.6456176099,0.04276116226 0 0 0 0 0 0 0.04276116226 0 0 0 0 0 0 0.0941187068 0 0 0 0 0 0 0.0007488224211 0 0 0 0 0 0 0.0007488224211 0 0 0 0 0 0 0.001302579491
290,1785497087.605340719,map,7.2837486267,1.3349802494,-1.2673134804,0.0121577418,0.0547234573,0.7616119129,0.6456042519,0.04279152233 0 0 0 0 0 0 0.04279152233 0 0 0 0 0 0 0.09416374603 0 0 0 0 0 0 0.0007495236655 0 0 0 0 0 0 0.0007495236655 0 0 0 0 0 0 0.001303504312
291,1785497087.705371380,map,7.2823252678,1.3393505812,-1.2662800550,0.0124107534,0.0547756867,0.7615283854,0.6456934969,0.04288962904 0 0 0 0 0 0 0.04288962904 0 0 0 0 0 0 0.09430925195 0 0 0 0 0 0 0.0007517902355 0 0 0 0 0 0 0.0007517902355 0 0 0 0 0 0 0.001306492813
292,1785497087.805525541,map,7.2835674286,1.3400342464,-1.2666054964,0.0123503433,0.0546825943,0.7614833312,0.6457556914,0.04278925065 0 0 0 0 0 0 0.04278925065 0 0 0 0 0 0 0.09416037616 0 0 0 0 0 0 0.0007494711924 0 0 0 0 0 0 0.0007494711924 0 0 0 0 0 0 0.001303435113
293,1785497087.905359507,map,7.2850303650,1.3320891857,-1.2653329372,0.0124079087,0.0547156179,0.7614757296,0.6457607680,0.04269003046 0 0 0 0 0 0 0.04269003046 0 0 0 0 0 0 0.09401316222 0 0 0 0 0 0 0.0007471797592 0 0 0 0 0 0 0.0007471797592 0 0 0 0 0 0 0.001300412693
294,1785497088.005172491,map,7.2896327972,1.3276252747,-1.2650593519,0.0124785644,0.0544693504,0.7614720508,0.6457845525,0.04292750205 0 0 0 0 0 0 0.04292750205 0 0 0 0 0 0 0.0943654084 0 0 0 0 0 0 0.0007526654407 0 0 0 0 0 0 0.0007526654407 0 0 0 0 0 0 0.001307646491
295,1785497088.105386257,map,7.2957725525,1.3281608820,-1.2663618326,0.0127375711,0.0546179219,0.7615450661,0.6456808213,0.04266710334 0 0 0 0 0 0 0.04266710334 0 0 0 0 0 0 0.09397913711 0 0 0 0 0 0 0.0007466503914 0 0 0 0 0 0 0.0007466503914 0 0 0 0 0 0 0.001299714293
296,1785497088.305430889,map,7.2904391289,1.3252694607,-1.2651683092,0.0126611324,0.0548086219,0.7614854876,0.6457364663,0.0426161207 0 0 0 0 0 0 0.0426161207 0 0 0 0 0 0 0.09390346535 0 0 0 0 0 0 0.000745473408 0 0 0 0 0 0 0.000745473408 0 0 0 0 0 0 0.001298161273
297,1785497088.405299425,map,7.2858238220,1.3266712427,-1.2641859055,0.0127057108,0.0547609243,0.7614695552,0.6457584114,0.0428935381 0 0 0 0 0 0 0.0428935381 0 0 0 0 0 0 0.0943150485 0 0 0 0 0 0 0.000751880564 0 0 0 0 0 0 0.000751880564 0 0 0 0 0 0 0.00130661189
298,1785497088.505281448,map,7.2856464386,1.3274006844,-1.2649362087,0.0127785871,0.0546824100,0.7614531502,0.6457829892,0.0427393533 0 0 0 0 0 0 0.0427393533 0 0 0 0 0 0 0.09408634995 0 0 0 0 0 0 0.0007483187358 0 0 0 0 0 0 0.0007483187358 0 0 0 0 0 0 0.001301915153
299,1785497088.605430841,map,7.2866587639,1.3276928663,-1.2675265074,0.0126882424,0.0546967673,0.7614639974,0.6457707566,0.04271002987 0 0 0 0 0 0 0.04271002987 0 0 0 0 0 0 0.09404284002 0 0 0 0 0 0 0.0007476415658 0 0 0 0 0 0 0.0007476415658 0 0 0 0 0 0 0.00130102191
300,1785497088.705343723,map,7.2874565125,1.3268636465,-1.2668126822,0.0125790827,0.0546860721,0.7614970697,0.6457348048,0.04280400153 0 0 0 0 0 0 0.04280400153 0 0 0 0 0 0 0.09418225742 0 0 0 0 0 0 0.0007498119277 0 0 0 0 0 0 0.0007498119277 0 0 0 0 0 0 0.00130388445
301,1785497088.805243492,map,7.2865691185,1.3257526159,-1.2655291557,0.0125324861,0.0545845468,0.7614756372,0.6457695740,0.04289767401 0 0 0 0 0 0 0.04289767401 0 0 0 0 0 0 0.09432118135 0 0 0 0 0 0 0.0007519761358 0 0 0 0 0 0 0.0007519761358 0 0 0 0 0 0 0.001306737877
302,1785497088.905165195,map,7.2834429741,1.3293981552,-1.2658416033,0.0125507579,0.0547181185,0.7614641952,0.6457713912,0.04286815133 0 0 0 0 0 0 0.04286815133 0 0 0 0 0 0 0.09427740215 0 0 0 0 0 0 0.000751293963 0 0 0 0 0 0 0.000751293963 0 0 0 0 0 0 0.001305838565
303,1785497089.005455732,map,7.2835903168,1.3312139511,-1.2645497322,0.0126266486,0.0547121440,0.7614504783,0.6457865859,0.04266786365 0 0 0 0 0 0 0.04266786365 0 0 0 0 0 0 0.09398026549 0 0 0 0 0 0 0.0007466679455 0 0 0 0 0 0 0.0007466679455 0 0 0 0 0 0 0.001299737453
304,1785497089.105335951,map,7.2851262093,1.3288708925,-1.2644414902,0.0126975753,0.0545516120,0.7613947022,0.6458645411,0.04277918325 0 0 0 0 0 0 0.04277918325 0 0 0 0 0 0 0.0941454416 0 0 0 0 0 0 0.0007492386529 0 0 0 0 0 0 0.0007492386529 0 0 0 0 0 0 0.001303128442
305,1785497089.205320358,map,7.2813453674,1.3312898874,-1.2647500038,0.0128438257,0.0546594403,0.7613735312,0.6458774899,0.04281889689 0 0 0 0 0 0 0.04281889689 0 0 0 0 0 0 0.09420435177 0 0 0 0 0 0 0.0007501560198 0 0 0 0 0 0 0.0007501560198 0 0 0 0 0 0 0.001304338189
306,1785497089.305344343,map,7.2832427025,1.3266623020,-1.2647000551,0.0128524134,0.0546388292,0.7613657455,0.6458882439,0.04258629234 0 0 0 0 0 0 0.04258629234 0 0 0 0 0 0 0.0938591853 0 0 0 0 0 0 0.0007447848959 0 0 0 0 0 0 0.0007447848959 0 0 0 0 0 0 0.001297252649
307,1785497089.405503035,map,7.2845191956,1.3224581480,-1.2647612095,0.0128787129,0.0546387147,0.7613430517,0.6459144835,0.04277006242 0 0 0 0 0 0 0.04277006242 0 0 0 0 0 0 0.09413191074 0 0 0 0 0 0 0.000749027985 0 0 0 0 0 0 0.000749027985 0 0 0 0 0 0 0.001302850606
308,1785497089.505374193,map,7.2892594337,1.3222407103,-1.2657014132,0.0126992940,0.0545963332,0.7613520173,0.6459110461,0.0426699963 0 0 0 0 0 0 0.0426699963 0 0 0 0 0 0 0.09398343057 0 0 0 0 0 0 0.0007467171847 0 0 0 0 0 0 0.0007467171847 0 0 0 0 0 0 0.001299802417
309,1785497089.605252028,map,7.2863597870,1.3237586021,-1.2661920786,0.0128818467,0.0545695199,0.7614015065,0.6458513324,0.04293269485 0 0 0 0 0 0 0.04293269485 0 0 0 0 0 0 0.09437310742 0 0 0 0 0 0 0.0007527854504 0 0 0 0 0 0 0.0007527854504 0 0 0 0 0 0 0.001307804673
310,1785497089.705301523,map,7.2872881889,1.3243110180,-1.2671176195,0.0128643268,0.0545627967,0.7613647391,0.6458956149,0.04282583369 0 0 0 0 0 0 0.04282583369 0 0 0 0 0 0 0.09421464073 0 0 0 0 0 0 0.0007503162706 0 0 0 0 0 0 0.0007503162706 0 0 0 0 0 0 0.001304549496
311,1785497089.805456161,map,7.2868881226,1.3245468140,-1.2657179832,0.0129674817,0.0546486120,0.7613835705,0.6458641200,0.04265169004 0 0 0 0 0 0 0.04265169004 0 0 0 0 0 0 0.09395626124 0 0 0 0 0 0 0.0007462945368 0 0 0 0 0 0 0.0007462945368 0 0 0 0 0 0 0.001299244777
312,1785497089.905346394,map,7.2894062996,1.3334017992,-1.2649351358,0.0128729235,0.0544437264,0.7614511741,0.6458035886,0.04279443046 0 0 0 0 0 0 0.04279443046 0 0 0 0 0 0 0.09416805997 0 0 0 0 0 0 0.0007495908404 0 0 0 0 0 0 0.0007495908404 0 0 0 0 0 0 0.001303592899
313,1785497090.105333805,map,7.2884178162,1.3286063671,-1.2657748461,0.0127439600,0.0544759469,0.7614750177,0.6457752851,0.04282300778 0 0 0 0 0 0 0.04282300778 0 0 0 0 0 0 0.09421044925 0 0 0 0 0 0 0.0007502509872 0 0 0 0 0 0 0.0007502509872 0 0 0 0 0 0 0.001304463414
314,1785497090.205542326,map,7.2903566360,1.3249139786,-1.2676649094,0.0128255096,0.0544537078,0.7614353565,0.6458223272,0.04266073456 0 0 0 0 0 0 0.04266073456 0 0 0 0 0 0 0.09396968496 0 0 0 0 0 0 0.0007465033497 0 0 0 0 0 0 0.0007465033497 0 0 0 0 0 0 0.001299520289
315,1785497090.305203438,map,7.2916851044,1.3180744648,-1.2685301304,0.0127267076,0.0546108230,0.7613742836,0.6458830558,0.04297243568 0 0 0 0 0 0 0.04297243568 0 0 0 0 0 0 0.09443202356 0 0 0 0 0 0 0.0007537039686 0 0 0 0 0 0 0.0007537039686 0 0 0 0 0 0 0.001309015248
316,1785497090.405245304,map,7.2894806862,1.3162250519,-1.2676111460,0.0127776893,0.0546504212,0.7613636589,0.6458911883,0.04266185033 0 0 0 0 0 0 0.04266185033 0 0 0 0 0 0 0.09397134093 0 0 0 0 0 0 0.0007465291102 0 0 0 0 0 0 0.0007465291102 0 0 0 0 0 0 0.001299554277
317,1785497090.505059004,map,7.2861614227,1.3206903934,-1.2670731544,0.0129733139,0.0544766587,0.7613659630,0.6458992543,0.04271946404 0 0 0 0 0 0 0.04271946404 0 0 0 0 0 0 0.09405683892 0 0 0 0 0 0 0.0007478594223 0 0 0 0 0 0 0.0007478594223 0 0 0 0 0 0 0.001301309291
318,1785497090.605480909,map,7.2843446732,1.3237370253,-1.2662246227,0.0129778773,0.0545504638,0.7613523857,0.6459089525,0.04258376911 0 0 0 0 0 0 0.04258376911 0 0 0 0 0 0 0.09385543935 0 0 0 0 0 0 0.0007447266571 0 0 0 0 0 0 0.0007447266571 0 0 0 0 0 0 0.001297175787
319,1785497090.705495596,map,7.2817268372,1.3266876936,-1.2664476633,0.0129499157,0.0547092121,0.7613803605,0.6458631048,0.04258796646 0 0 0 0 0 0 0.04258796646 0 0 0 0 0 0 0.09386167066 0 0 0 0 0 0 0.0007448235367 0 0 0 0 0 0 0.0007448235367 0 0 0 0 0 0 0.001297303646
320,1785497090.805269241,map,7.2792763710,1.3253629208,-1.2666330338,0.0129143405,0.0546259572,0.7613605551,0.6458941932,0.04275290726 0 0 0 0 0 0 0.04275290726 0 0 0 0 0 0 0.09410645959 0 0 0 0 0 0 0.0007486317642 0 0 0 0 0 0 0.0007486317642 0 0 0 0 0 0 0.00130232803
321,1785497090.905201674,map,7.2784657478,1.3241935968,-1.2661246061,0.0129213923,0.0545294390,0.7613606741,0.6459020775,0.04278352798 0 0 0 0 0 0 0.04278352798 0 0 0 0 0 0 0.09415188689 0 0 0 0 0 0 0.0007493390075 0 0 0 0 0 0 0.0007493390075 0 0 0 0 0 0 0.00130326079
322,1785497091.005395412,map,7.2825608253,1.3246328831,-1.2663507462,0.0129592236,0.0543591697,0.7613753241,0.6458983978,0.04268041087 0 0 0 0 0 0 0.04268041087 0 0 0 0 0 0 0.09399888658 0 0 0 0 0 0 0.0007469576454 0 0 0 0 0 0 0.0007469576454 0 0 0 0 0 0 0.001300119663
323,1785497091.105535269,map,7.2841291428,1.3199408054,-1.2657414675,0.0127999514,0.0545362045,0.7613879827,0.6458717480,0.0426365596 0 0 0 0 0 0 0.0426365596 0 0 0 0 0 0 0.09393380387 0 0 0 0 0 0 0.0007459452328 0 0 0 0 0 0 0.0007459452328 0 0 0 0 0 0 0.001298783878
324,1785497091.205247402,map,7.2855873108,1.3207181692,-1.2675206661,0.0128031963,0.0544819308,0.7613528336,0.6459176931,0.04281695459 0 0 0 0 0 0 0.04281695459 0 0 0 0 0 0 0.09420147082 0 0 0 0 0 0 0.0007501111503 0 0 0 0 0 0 0.0007501111503 0 0 0 0 0 0 0.001304279023
325,1785497091.305320024,map,7.2860178947,1.3192685843,-1.2670960426,0.0128978742,0.0545776906,0.7613136940,0.6459538164,0.04291341805 0 0 0 0 0 0 0.04291341805 0 0 0 0 0 0 0.09434452619 0 0 0 0 0 0 0.0007523399599 0 0 0 0 0 0 0.0007523399599 0 0 0 0 0 0 0.001307217468
326,1785497091.405436754,map,7.2866497040,1.3190094233,-1.2682597637,0.0128088674,0.0544077012,0.7613093833,0.6459750506,0.04265185119 0 0 0 0 0 0 0.04265185119 0 0 0 0 0 0 0.09395650041 0 0 0 0 0 0 0.0007462982571 0 0 0 0 0 0 0.0007462982571 0 0 0 0 0 0 0.001299249686
327,1785497091.505515099,map,7.2876968384,1.3181141615,-1.2680865526,0.0127490512,0.0544485751,0.7613054249,0.6459774698,0.04262600269 0 0 0 0 0 0 0.04262600269 0 0 0 0 0 0 0.09391813399 0 0 0 0 0 0 0.0007457015256 0 0 0 0 0 0 0.0007457015256 0 0 0 0 0 0 0.001298462295
328,1785497091.605229378,map,7.2893781662,1.3190973997,-1.2675004005,0.0127491913,0.0543823464,0.7613174291,0.6459689088,0.04262344431 0 0 0 0 0 0 0.04262344431 0 0 0 0 0 0 0.09391433644 0 0 0 0 0 0 0.0007456424669 0 0 0 0 0 0 0.0007456424669 0 0 0 0 0 0 0.001298384363
329,1785497091.705219030,map,7.2873821259,1.3192006350,-1.2678128481,0.0128981636,0.0545586130,0.7613423347,0.6459217072,0.04292810588 0 0 0 0 0 0 0.04292810588 0 0 0 0 0 0 0.09436630366 0 0 0 0 0 0 0.0007526793955 0 0 0 0 0 0 0.0007526793955 0 0 0 0 0 0 0.001307664885
330,1785497091.805359364,map,7.2884097099,1.3145432472,-1.2678500414,0.0128544394,0.0545144455,0.7613170191,0.6459561233,0.04270851625 0 0 0 0 0 0 0.04270851625 0 0 0 0 0 0 0.09404059399 0 0 0 0 0 0 0.0007476066136 0 0 0 0 0 0 0.0007476066136 0 0 0 0 0 0 0.001300975802
331,1785497091.905419111,map,7.2895517349,1.3155333996,-1.2679960728,0.0127321605,0.0544438318,0.7613522272,0.6459230222,0.04282034201 0 0 0 0 0 0 0.04282034201 0 0 0 0 0 0 0.09420649525 0 0 0 0 0 0 0.0007501894039 0 0 0 0 0 0 0.0007501894039 0 0 0 0 0 0 0.00130438221
332,1785497092.005231142,map,7.2974209785,1.3238352537,-1.2689579725,0.0127082451,0.0542825605,0.7613781538,0.6459065070,0.0429118524 0 0 0 0 0 0 0.0429118524 0 0 0 0 0 0 0.09434220475 0 0 0 0 0 0 0.0007523037788 0 0 0 0 0 0 0.0007523037788 0 0 0 0 0 0 0.001307169776
333,1785497092.205441475,map,7.2894492149,1.3239233494,-1.2684470415,0.0127967337,0.0545387991,0.7613549279,0.6459105731,0.04273964353 0 0 0 0 0 0 0.04273964353 0 0 0 0 0 0 0.09408678056 0 0 0 0 0 0 0.0007483254384 0 0 0 0 0 0 0.0007483254384 0 0 0 0 0 0 0.001301923993
334,1785497092.305378437,map,7.2877554893,1.3247151375,-1.2677440643,0.0127413865,0.0542998635,0.7613374774,0.6459523487,0.04285066075 0 0 0 0 0 0 0.04285066075 0 0 0 0 0 0 0.09425146304 0 0 0 0 0 0 0.0007508898479 0 0 0 0 0 0 0.0007508898479 0 0 0 0 0 0 0.001305305771
335,1785497092.405241013,map,7.2873277664,1.3260821104,-1.2677204609,0.0129642485,0.0543344727,0.7613139338,0.6459727553,0.0428187355 0 0 0 0 0 0 0.0428187355 0 0 0 0 0 0 0.09420411239 0 0 0 0 0 0 0.0007501522915 0 0 0 0 0 0 0.0007501522915 0 0 0 0 0 0 0.001304333273
336,1785497092.505203247,map,7.2892179489,1.3255110979,-1.2678654194,0.0129081466,0.0543530075,0.7613503716,0.6459293720,0.04274465842 0 0 0 0 0 0 0.04274465842 0 0 0 0 0 0 0.09409422114 0 0 0 0 0 0 0.0007484412556 0 0 0 0 0 0 0.0007484412556 0 0 0 0 0 0 0.001302076756
337,1785497092.605360508,map,7.2870273590,1.3236434460,-1.2675114870,0.0129716270,0.0543048618,0.7613072522,0.6459829656,0.04264145131 0 0 0 0 0 0 0.04264145131 0 0 0 0 0 0 0.09394106454 0 0 0 0 0 0 0.0007460581615 0 0 0 0 0 0 0.0007460581615 0 0 0 0 0 0 0.001298932887
338,1785497092.705433846,map,7.2874188423,1.3209199905,-1.2668685913,0.0128200634,0.0544202236,0.7612896818,0.6459970135,0.04256577694 0 0 0 0 0 0 0.04256577694 0 0 0 0 0 0 0.09382872736 0 0 0 0 0 0 0.0007443113946 0 0 0 0 0 0 0.0007443113946 0 0 0 0 0 0 0.001296627714
339,1785497092.805273533,map,7.2892527580,1.3201059103,-1.2668284178,0.0128811886,0.0542948861,0.7613274230,0.6459618384,0.04282571934 0 0 0 0 0 0 0.04282571934 0 0 0 0 0 0 0.09421447111 0 0 0 0 0 0 0.0007503136288 0 0 0 0 0 0 0.0007503136288 0 0 0 0 0 0 0.001304546013
340,1785497092.905055046,map,7.2923946381,1.3198546171,-1.2682659626,0.0126784618,0.0542710390,0.7613338692,0.6459602640,0.04282120526 0 0 0 0 0 0 0.04282120526 0 0 0 0 0 0 0.09420777567 0 0 0 0 0 0 0.0007502093461 0 0 0 0 0 0 0.0007502093461 0 0 0 0 0 0 0.001304408506
341,1785497093.005249023,map,7.2907657623,1.3212749958,-1.2672660351,0.0127236781,0.0543698550,0.7613290181,0.6459567663,0.04307627042 0 0 0 0 0 0 0.04307627042 0 0 0 0 0 0 0.09458591769 0 0 0 0 0 0 0.0007561045074 0 0 0 0 0 0 0.0007561045074 0 0 0 0 0 0 0.001312178235
342,1785497093.105543375,map,7.2883796692,1.3184790611,-1.2656087875,0.0128165718,0.0543636891,0.7613127432,0.6459746267,0.0427016676 0 0 0 0 0 0 0.0427016676 0 0 0 0 0 0 0.09403043124 0 0 0 0 0 0 0.0007474484683 0 0 0 0 0 0 0.0007474484683 0 0 0 0 0 0 0.001300767181
343,1785497093.205418348,map,7.2884259224,1.3180720806,-1.2665520906,0.0128974631,0.0544935735,0.7612712831,0.6460109429,0.04278686858 0 0 0 0 0 0 0.04278686858 0 0 0 0 0 0 0.09415684251 0 0 0 0 0 0 0.0007494161699 0 0 0 0 0 0 0.0007494161699 0 0 0 0 0 0 0.001303362551
344,1785497093.305111408,map,7.2890009880,1.3167920113,-1.2675372362,0.0130469808,0.0544643696,0.7612863981,0.6459926164,0.04275180398 0 0 0 0 0 0 0.04275180398 0 0 0 0 0 0 0.09410482273 0 0 0 0 0 0 0.0007486062834 0 0 0 0 0 0 0.0007486062834 0 0 0 0 0 0 0.001302294422
345,1785497093.405194283,map,7.2873682976,1.3202261925,-1.2676128149,0.0129862036,0.0544112510,0.7612545092,0.6460358455,0.04273049755 0 0 0 0 0 0 0.04273049755 0 0 0 0 0 0 0.09407321035 0 0 0 0 0 0 0.0007481142208 0 0 0 0 0 0 0.0007481142208 0 0 0 0 0 0 0.001301645391
346,1785497093.605427742,map,7.2900166512,1.3224819899,-1.2660490274,0.0130136318,0.0543658922,0.7613238976,0.6459573920,0.04270409687 0 0 0 0 0 0 0.04270409687 0 0 0 0 0 0 0.09403403607 0 0 0 0 0 0 0.0007475045631 0 0 0 0 0 0 0.0007475045631 0 0 0 0 0 0 0.00130084118
347,1785497093.705269098,map,7.2859845161,1.3216242790,-1.2658545971,0.0129924422,0.0544613572,0.7612988497,0.6459792518,0.04279387792 0 0 0 0 0 0 0.04279387792 0 0 0 0 0 0 0.09416724032 0 0 0 0 0 0 0.0007495780771 0 0 0 0 0 0 0.0007495780771 0 0 0 0 0 0 0.001303576067
348,1785497093.805195332,map,7.2849597931,1.3220875263,-1.2667090893,0.0129650269,0.0543218748,0.7612895820,0.6460025006,0.04278701307 0 0 0 0 0 0 0.04278701307 0 0 0 0 0 0 0.09415705685 0 0 0 0 0 0 0.0007494195074 0 0 0 0 0 0 0.0007494195074 0 0 0 0 0 0 0.001303366952
349,1785497093.905339956,map,7.2831954956,1.3193461895,-1.2653809786,0.0131361585,0.0543513410,0.7612504818,0.6460426498,0.04272371853 0 0 0 0 0 0 0.04272371853 0 0 0 0 0 0 0.09406315177 0 0 0 0 0 0 0.0007479576706 0 0 0 0 0 0 0.0007479576706 0 0 0 0 0 0 0.00130143889
350,1785497094.005485535,map,7.2830572128,1.3217206001,-1.2650368214,0.0129656196,0.0543841873,0.7612590758,0.6460331642,0.04268478166 0 0 0 0 0 0 0.04268478166 0 0 0 0 0 0 0.09400537298 0 0 0 0 0 0 0.0007470585649 0 0 0 0 0 0 0.0007470585649 0 0 0 0 0 0 0.001300252805
351,1785497094.105286121,map,7.2854585648,1.3205229044,-1.2675571442,0.0128742802,0.0543218733,0.7612460831,0.6460555634,0.04265934022 0 0 0 0 0 0 0.04265934022 0 0 0 0 0 0 0.09396761553 0 0 0 0 0 0 0.0007464711578 0 0 0 0 0 0 0.0007464711578 0 0 0 0 0 0 0.001299477815
352,1785497094.205189943,map,7.2868914604,1.3212100267,-1.2683095932,0.0129130769,0.0542869906,0.7612531577,0.6460494223,0.04273407357 0 0 0 0 0 0 0.04273407357 0 0 0 0 0 0 0.09407851628 0 0 0 0 0 0 0.0007481968048 0 0 0 0 0 0 0.0007481968048 0 0 0 0 0 0 0.001301754323
353,1785497094.305105209,map,7.2933979034,1.3252793550,-1.2667187452,0.0127284815,0.0543685587,0.7613948191,0.6458792375,0.0428121375 0 0 0 0 0 0 0.0428121375 0 0 0 0 0 0 0.0941943257 0 0 0 0 0 0 0.0007499998714 0 0 0 0 0 0 0.0007499998714 0 0 0 0 0 0 0.001304132286
354,1785497094.505335808,map,7.2893018723,1.3189725876,-1.2656561136,0.0128121125,0.0545137768,0.7613841763,0.6458778735,0.04279460678 0 0 0 0 0 0 0.04279460678 0 0 0 0 0 0 0.09416832152 0 0 0 0 0 0 0.0007495949133 0 0 0 0 0 0 0.0007495949133 0 0 0 0 0 0 0.00130359827
355,1785497094.605164051,map,7.2906665802,1.3188093901,-1.2662156820,0.0127256368,0.0543432017,0.7613309376,0.6459567230,0.04279531978 0 0 0 0 0 0 0.04279531978 0 0 0 0 0 0 0.09416937917 0 0 0 0 0 0 0.0007496113829 0 0 0 0 0 0 0.0007496113829 0 0 0 0 0 0 0.001303619989
356,1785497094.705086708,map,7.2888936996,1.3178217411,-1.2658678293,0.0128745101,0.0544863247,0.7613145914,0.6459609820,0.0425970578 0 0 0 0 0 0 0.0425970578 0 0 0 0 0 0 0.09387516715 0 0 0 0 0 0 0.0007450333804 0 0 0 0 0 0 0.0007450333804 0 0 0 0 0 0 0.001297580584
357,1785497094.805453300,map,7.2905969620,1.3174120188,-1.2661906481,0.0127731926,0.0543278340,0.7612956025,0.6459987032,0.04265495635 0 0 0 0 0 0 0.04265495635 0 0 0 0 0 0 0.09396110908 0 0 0 0 0 0 0.0007463699459 0 0 0 0 0 0 0.0007463699459 0 0 0 0 0 0 0.001299344274
358,1785497094.905342102,map,7.2896537781,1.3161756992,-1.2648178339,0.0129161615,0.0545260677,0.7613388573,0.6459281609,0.04293486891 0 0 0 0 0 0 0.04293486891 0 0 0 0 0 0 0.09437633071 0 0 0 0 0 0 0.0007528356953 0 0 0 0 0 0 0.0007528356953 0 0 0 0 0 0 0.001307870899
359,1785497095.005178928,map,7.2903585434,1.3158636093,-1.2653423548,0.0128443400,0.0544764763,0.7613233246,0.6459521238,0.04286033128 0 0 0 0 0 0 0.04286033128 0 0 0 0 0 0 0.09426580497 0 0 0 0 0 0 0.0007511132797 0 0 0 0 0 0 0.0007511132797 0 0 0 0 0 0 0.001305600353
360,1785497095.105219126,map,7.2902021408,1.3173514605,-1.2651627064,0.0129512752,0.0545128406,0.7613431074,0.6459235960,0.04284497791 0 0 0 0 0 0 0.04284497791 0 0 0 0 0 0 0.09424303482 0 0 0 0 0 0 0.000750758553 0 0 0 0 0 0 0.000750758553 0 0 0 0 0 0 0.001305132662
361,1785497095.205443621,map,7.2914004326,1.3184176683,-1.2644611597,0.0130247171,0.0545017925,0.7613658226,0.6458962811,0.04291290805 0 0 0 0 0 0 0.04291290805 0 0 0 0 0 0 0.09434377 0 0 0 0 0 0 0.0007523281742 0 0 0 0 0 0 0.0007523281742 0 0 0 0 0 0 0.001307201933
362,1785497095.305373907,map,7.2895517349,1.3203132153,-1.2641762495,0.0130831026,0.0544167539,0.7613148457,0.6459623517,0.04273243309 0 0 0 0 0 0 0.04273243309 0 0 0 0 0 0 0.09407608223 0 0 0 0 0 0 0.0007481589198 0 0 0 0 0 0 0.0007481589198 0 0 0 0 0 0 0.001301704351
363,1785497095.405207872,map,7.2882413864,1.3193464279,-1.2632972002,0.0129470472,0.0545642134,0.7613336214,0.6459305284,0.04276820549 0 0 0 0 0 0 0.04276820549 0 0 0 0 0 0 0.09412915592 0 0 0 0 0 0 0.0007489850958 0 0 0 0 0 0 0.0007489850958 0 0 0 0 0 0 0.001302794041
364,1785497095.505156755,map,7.2888255119,1.3183839321,-1.2651144266,0.0128371942,0.0543994241,0.7613772974,0.6458951189,0.04262155023 0 0 0 0 0 0 0.04262155023 0 0 0 0 0 0 0.09391152491 0 0 0 0 0 0 0.0007455987433 0 0 0 0 0 0 0.0007455987433 0 0 0 0 0 0 0.001298326666
365,1785497095.605435610,map,7.2861523628,1.3200783730,-1.2650090456,0.0128750476,0.0544078101,0.7613523887,0.6459230222,0.04295548624 0 0 0 0 0 0 0.04295548624 0 0 0 0 0 0 0.09440689695 0 0 0 0 0 0 0.0007533122046 0 0 0 0 0 0 0.0007533122046 0 0 0 0 0 0 0.001308498938
366,1785497095.705515146,map,7.2869391441,1.3199911118,-1.2645398378,0.0127954599,0.0543542262,0.7613199679,0.6459673027,0.04279282407 0 0 0 0 0 0 0.04279282407 0 0 0 0 0 0 0.09416567704 0 0 0 0 0 0 0.0007495537343 0 0 0 0 0 0 0.0007495537343 0 0 0 0 0 0 0.001303543965
367,1785497095.805328131,map,7.2891173363,1.3286980391,-1.2656582594,0.0128625627,0.0545217525,0.7613642949,0.6458996321,0.04302287776 0 0 0 0 0 0 0.04302287776 0 0 0 0 0 0 0.09450679164 0 0 0 0 0 0 0.0007548700162 0 0 0 0 0 0 0.0007548700162 0 0 0 0 0 0 0.001310551802
368,1785497096.005306482,map,7.2872872353,1.3289492130,-1.2651066780,0.0130232827,0.0544522437,0.7613689658,0.6458967656,0.04272165304 0 0 0 0 0 0 0.04272165304 0 0 0 0 0 0 0.09406008699 0 0 0 0 0 0 0.0007479099722 0 0 0 0 0 0 0.0007479099722 0 0 0 0 0 0 0.001301375972
369,1785497096.105612040,map,7.2866935730,1.3259181976,-1.2667031288,0.0130819504,0.0545017073,0.7614000568,0.6458547932,0.04283066817 0 0 0 0 0 0 0.04283066817 0 0 0 0 0 0 0.09422181126 0 0 0 0 0 0 0.0007504279569 0 0 0 0 0 0 0.0007504279569 0 0 0 0 0 0 0.001304696762
370,1785497096.205307961,map,7.2846288681,1.3242087364,-1.2660546303,0.0131089210,0.0544143454,0.7613713397,0.6458954563,0.04260372296 0 0 0 0 0 0 0.04260372296 0 0 0 0 0 0 0.09388506158 0 0 0 0 0 0 0.0007451872283 0 0 0 0 0 0 0.0007451872283 0 0 0 0 0 0 0.001297783616
371,1785497096.305011511,map,7.2862586975,1.3210928440,-1.2657209635,0.0129313641,0.0543587947,0.7613422798,0.6459379595,0.04276749484 0 0 0 0 0 0 0.04276749484 0 0 0 0 0 0 0.09412810162 0 0 0 0 0 0 0.0007489686818 0 0 0 0 0 0 0.0007489686818 0 0 0 0 0 0 0.001302772393
372,1785497096.405195713,map,7.2855434418,1.3235533237,-1.2656068802,0.0130413149,0.0544053369,0.7613384159,0.6459363447,0.04257644029 0 0 0 0 0 0 0.04257644029 0 0 0 0 0 0 0.09384455887 0 0 0 0 0 0 0.0007445575033 0 0 0 0 0 0 0.0007445575033 0 0 0 0 0 0 0.001296952538
373,1785497096.505544186,map,7.2838044167,1.3255760670,-1.2668156624,0.0130553713,0.0544012357,0.7613678578,0.6459017373,0.04270509312 0 0 0 0 0 0 0.04270509312 0 0 0 0 0 0 0.09403551442 0 0 0 0 0 0 0.0007475275681 0 0 0 0 0 0 0.0007475275681 0 0 0 0 0 0 0.001300871528
374,1785497096.605332375,map,7.2887592316,1.3181445599,-1.2668443918,0.0127681050,0.0543760961,0.7613431773,0.6459386660,0.04257051079 0 0 0 0 0 0 0.04257051079 0 0 0 0 0 0 0.09383575563 0 0 0 0 0 0 0.00074442065 0 0 0 0 0 0 0.00074442065 0 0 0 0 0 0 0.001296771916
375,1785497096.705145121,map,7.2900290489,1.3229978085,-1.2679777145,0.0127609974,0.0543197361,0.7614008568,0.6458755836,0.04281507934 0 0 0 0 0 0 0.04281507934 0 0 0 0 0 0 0.0941986893 0 0 0 0 0 0 0.0007500678301 0 0 0 0 0 0 0.0007500678301 0 0 0 0 0 0 0.0013042219
376,1785497096.805199146,map,7.2736277580,1.3319646120,-1.2656766176,0.0130779660,0.0544441793,0.7612951648,0.6459833376,0.04282032055 0 0 0 0 0 0 0.04282032055 0 0 0 0 0 0 0.09420646343 0 0 0 0 0 0 0.0007501889082 0 0 0 0 0 0 0.0007501889082 0 0 0 0 0 0 0.001304381556
377,1785497096.905529976,map,7.2790708542,1.3283114433,-1.2666337490,0.0129774784,0.0544257867,0.7612740481,0.6460117676,0.04265551687 0 0 0 0 0 0 0.04265551687 0 0 0 0 0 0 0.093961941 0 0 0 0 0 0 0.0007463828867 0 0 0 0 0 0 0.0007463828867 0 0 0 0 0 0 0.001299361349
378,1785497097.005364895,map,7.2832231522,1.3270843029,-1.2658025026,0.0129068774,0.0542960270,0.7613217286,0.6459679226,0.04236349657 0 0 0 0 0 0 0.04236349657 0 0 0 0 0 0 0.09352828568 0 0 0 0 0 0 0.0007396446644 0 0 0 0 0 0 0.0007396446644 0 0 0 0 0 0 0.001290465902
379,1785497097.105194807,map,7.2844634056,1.3235989809,-1.2643355131,0.0129194172,0.0543548863,0.7613148591,0.6459708349,0.04277078562 0 0 0 0 0 0 0.04277078562 0 0 0 0 0 0 0.09413298363 0 0 0 0 0 0 0.0007490446888 0 0 0 0 0 0 0.0007490446888 0 0 0 0 0 0 0.001302872636
380,1785497097.205268383,map,7.2864365578,1.3221380711,-1.2648841143,0.0129171237,0.0543359178,0.7613569256,0.6459228722,0.04277590705 0 0 0 0 0 0 0.04277590705 0 0 0 0 0 0 0.09414058138 0 0 0 0 0 0 0.0007491629803 0 0 0 0 0 0 0.0007491629803 0 0 0 0 0 0 0.001303028644
381,1785497097.305363178,map,7.2880439758,1.3196839094,-1.2666047812,0.0129626643,0.0543648335,0.7613603810,0.6459154784,0.04273666664 0 0 0 0 0 0 0.04273666664 0 0 0 0 0 0 0.09408236371 0 0 0 0 0 0 0.0007482566893 0 0 0 0 0 0 0.0007482566893 0 0 0 0 0 0 0.001301833312
382,1785497097.405434847,map,7.2894630432,1.3117533922,-1.2657228708,0.0129537118,0.0543814465,0.7613275601,0.6459529340,0.04263410918 0 0 0 0 0 0 0.04263410918 0 0 0 0 0 0 0.0939301667 0 0 0 0 0 0 0.0007458886637 0 0 0 0 0 0 0.0007458886637 0 0 0 0 0 0 0.001298709233
383,1785497097.505216360,map,7.2877264023,1.3106448650,-1.2657364607,0.0130629141,0.0544587280,0.7613242383,0.6459481387,0.04274901164 0 0 0 0 0 0 0.04274901164 0 0 0 0 0 0 0.09410067987 0 0 0 0 0 0 0.0007485417933 0 0 0 0 0 0 0.0007485417933 0 0 0 0 0 0 0.001302209362
384,1785497097.605154037,map,7.2917733192,1.3077623844,-1.2675453424,0.0130358935,0.0544989088,0.7613432337,0.6459229212,0.04270338251 0 0 0 0 0 0 0.04270338251 0 0 0 0 0 0 0.09403297602 0 0 0 0 0 0 0.0007474880676 0 0 0 0 0 0 0.0007474880676 0 0 0 0 0 0 0.00130081942
385,1785497097.705280304,map,7.2988004684,1.3064972162,-1.2680922747,0.0128214533,0.0544576054,0.7613821059,0.6458848553,0.04261677389 0 0 0 0 0 0 0.04261677389 0 0 0 0 0 0 0.09390443494 0 0 0 0 0 0 0.000745488486 0 0 0 0 0 0 0.000745488486 0 0 0 0 0 0 0.00129818117
386,1785497097.905248642,map,7.2955527306,1.3049865961,-1.2689213753,0.0128366981,0.0545100195,0.7613323665,0.6459387958,0.0426531133 0 0 0 0 0 0 0.0426531133 0 0 0 0 0 0 0.09395837365 0 0 0 0 0 0 0.0007463273955 0 0 0 0 0 0 0.0007463273955 0 0 0 0 0 0 0.001299288132
387,1785497098.005145073,map,7.2925720215,1.3052875996,-1.2691040039,0.0127645620,0.0544115902,0.7612938319,0.6459939226,0.04262760491 0 0 0 0 0 0 0.04262760491 0 0 0 0 0 0 0.09392051226 0 0 0 0 0 0 0.0007457385126 0 0 0 0 0 0 0.0007457385126 0 0 0 0 0 0 0.001298511102
388,1785497098.105299473,map,7.2907366753,1.3046150208,-1.2689961195,0.0127344973,0.0545096586,0.7612874447,0.6459937640,0.04253378686 0 0 0 0 0 0 0.04253378686 0 0 0 0 0 0 0.0937812289 0 0 0 0 0 0 0.0007435731274 0 0 0 0 0 0 0.0007435731274 0 0 0 0 0 0 0.001295653241
389,1785497098.205385208,map,7.2942991257,1.3031228781,-1.2694312334,0.0126691483,0.0543927882,0.7613303266,0.6459543643,0.04269367435 0 0 0 0 0 0 0.04269367435 0 0 0 0 0 0 0.09401856968 0 0 0 0 0 0 0.0007472638978 0 0 0 0 0 0 0.0007472638978 0 0 0 0 0 0 0.001300523692
390,1785497098.304996729,map,7.2881441116,1.3071329594,-1.2677305937,0.0128422672,0.0544575622,0.7613242374,0.6459526803,0.04287533276 0 0 0 0 0 0 0.04287533276 0 0 0 0 0 0 0.09428805194 0 0 0 0 0 0 0.0007514598954 0 0 0 0 0 0 0.0007514598954 0 0 0 0 0 0 0.001306057324
391,1785497098.405117512,map,7.2885799408,1.3047854900,-1.2682266235,0.0126914604,0.0544686723,0.7613059518,0.6459762789,0.04264618134 0 0 0 0 0 0 0.04264618134 0 0 0 0 0 0 0.09394808509 0 0 0 0 0 0 0.0007461673596 0 0 0 0 0 0 0.0007461673596 0 0 0 0 0 0 0.001299076972
392,1785497098.505385160,map,7.2898330688,1.3063256741,-1.2698993683,0.0126988560,0.0543919047,0.7613005878,0.6459889141,0.04273100476 0 0 0 0 0 0 0.04273100476 0 0 0 0 0 0 0.09407396294 0 0 0 0 0 0 0.0007481259343 0 0 0 0 0 0 0.0007481259343 0 0 0 0 0 0 0.001301660842
393,1785497098.605478764,map,7.2903771400,1.3030956984,-1.2677918673,0.0128536432,0.0545502449,0.7613021790,0.6459706331,0.04282305029 0 0 0 0 0 0 0.04282305029 0 0 0 0 0 0 0.09421051231 0 0 0 0 0 0 0.0007502519693 0 0 0 0 0 0 0.0007502519693 0 0 0 0 0 0 0.001304464709
394,1785497098.705090523,map,7.2889804840,1.3089089394,-1.2686725855,0.0130338526,0.0544399953,0.7612700501,0.6460142011,0.04259343984 0 0 0 0 0 0 0.04259343984 0 0 0 0 0 0 0.0938697962 0 0 0 0 0 0 0.0007449498709 0 0 0 0 0 0 0.0007449498709 0 0 0 0 0 0 0.001297470374
395,1785497098.805096388,map,7.2900104523,1.3069628477,-1.2671031952,0.0129955582,0.0543526932,0.7613031306,0.6459833116,0.04254197979 0 0 0 0 0 0 0.04254197979 0 0 0 0 0 0 0.09379339421 0 0 0 0 0 0 0.0007437621954 0 0 0 0 0 0 0.0007437621954 0 0 0 0 0 0 0.001295902812
396,1785497098.905303240,map,7.2921028137,1.3113011122,-1.2680861950,0.0129187766,0.0543877311,0.7613499487,0.6459267364,0.04280486169 0 0 0 0 0 0 0.04280486169 0 0 0 0 0 0 0.09418353334 0 0 0 0 0 0 0.0007498317975 0 0 0 0 0 0 0.0007498317975 0 0 0 0 0 0 0.001303910652
397,1785497099.005443096,map,7.2920532227,1.3079509735,-1.2673224211,0.0127799007,0.0544285088,0.7613152003,0.6459670028,0.04287613994 0 0 0 0 0 0 0.04287613994 0 0 0 0 0 0 0.09428924894 0 0 0 0 0 0 0.0007514785462 0 0 0 0 0 0 0.0007514785462 0 0 0 0 0 0 0.001306081912
398,1785497099.105197668,map,7.2903904915,1.3051612377,-1.2694840431,0.0128562497,0.0545426287,0.7613084195,0.6459638309,0.04291898622 0 0 0 0 0 0 0.04291898622 0 0 0 0 0 0 0.09435278219 0 0 0 0 0 0 0.0007524686381 0 0 0 0 0 0 0.0007524686381 0 0 0 0 0 0 0.001307387084
399,1785497099.205181360,map,7.2887020111,1.3065701723,-1.2680318356,0.0128676735,0.0544741862,0.7613153494,0.6459612588,0.04258944421 0 0 0 0 0 0 0.04258944421 0 0 0 0 0 0 0.09386386448 0 0 0 0 0 0 0.0007448576452 0 0 0 0 0 0 0.0007448576452 0 0 0 0 0 0 0.001297348661
400,1785497099.305235624,map,7.2895102501,1.3077961206,-1.2679818869,0.0129382452,0.0544332372,0.7612970451,0.6459848543,0.04279339057 0 0 0 0 0 0 0.04279339057 0 0 0 0 0 0 0.09416651739 0 0 0 0 0 0 0.0007495668198 0 0 0 0 0 0 0.0007495668198 0 0 0 0 0 0 0.001303561222
401,1785497099.405482531,map,7.2918944359,1.3018888235,-1.2675027847,0.0126550115,0.0544182021,0.7612803513,0.6460114100,0.04278892813 0 0 0 0 0 0 0.04278892813 0 0 0 0 0 0 0.09415989773 0 0 0 0 0 0 0.0007494637427 0 0 0 0 0 0 0.0007494637427 0 0 0 0 0 0 0.001303425288
402,1785497099.505269289,map,7.2844676971,1.3019679785,-1.2681685686,0.0128620123,0.0546041083,0.7611410082,0.6461557925,0.0428998766 0 0 0 0 0 0 0.0428998766 0 0 0 0 0 0 0.09432444738 0 0 0 0 0 0 0.0007520270336 0 0 0 0 0 0 0.0007520270336 0 0 0 0 0 0 0.001306804972
403,1785497099.605048418,map,7.2852659225,1.3010085821,-1.2672144175,0.0127006258,0.0545010008,0.7611381587,0.6461710934,0.04284991355 0 0 0 0 0 0 0.04284991355 0 0 0 0 0 0 0.09425035487 0 0 0 0 0 0 0.0007508725845 0 0 0 0 0 0 0.0007508725845 0 0 0 0 0 0 0.00130528301
404,1785497099.705265284,map,7.2941069603,1.3034906387,-1.2678437233,0.0127433406,0.0545404578,0.7613106568,0.6459636550,0.04271425481 0 0 0 0 0 0 0.04271425481 0 0 0 0 0 0 0.09404910927 0 0 0 0 0 0 0.0007477391284 0 0 0 0 0 0 0.0007477391284 0 0 0 0 0 0 0.001301150609
405,1785497099.905534983,map,7.2913117409,1.3024789095,-1.2664136887,0.0128605591,0.0545156508,0.7612512473,0.6460334265,0.04290799709 0 0 0 0 0 0 0.04290799709 0 0 0 0 0 0 0.0943364883 0 0 0 0 0 0 0.0007522146863 0 0 0 0 0 0 0.0007522146863 0 0 0 0 0 0 0.001307052336
406,1785497100.005264759,map,7.2867636681,1.3019876480,-1.2661037445,0.0127608788,0.0544678605,0.7611702619,0.6461348352,0.04279332819 0 0 0 0 0 0 0.04279332819 0 0 0 0 0 0 0.09416642485 0 0 0 0 0 0 0.0007495653789 0 0 0 0 0 0 0.0007495653789 0 0 0 0 0 0 0.001303559322
407,1785497100.105071306,map,7.2848753929,1.2974325418,-1.2655543089,0.0126639695,0.0546037247,0.7611028700,0.6462046949,0.04264301115 0 0 0 0 0 0 0.04264301115 0 0 0 0 0 0 0.09394337975 0 0 0 0 0 0 0.000746094172 0 0 0 0 0 0 0.000746094172 0 0 0 0 0 0 0.001298980403
408,1785497100.205209255,map,7.2829146385,1.2981536388,-1.2646865845,0.0129234441,0.0546095570,0.7611072741,0.6461938684,0.04278384239 0 0 0 0 0 0 0.04278384239 0 0 0 0 0 0 0.09415235331 0 0 0 0 0 0 0.0007493462699 0 0 0 0 0 0 0.0007493462699 0 0 0 0 0 0 0.001303270368
409,1785497100.305338144,map,7.2844438553,1.3001239300,-1.2647193670,0.0130346437,0.0546791420,0.7611734823,0.6461077483,0.04279079202 0 0 0 0 0 0 0.04279079202 0 0 0 0 0 0 0.09416266266 0 0 0 0 0 0 0.0007495067961 0 0 0 0 0 0 0.0007495067961 0 0 0 0 0 0 0.001303482066
410,1785497100.405366421,map,7.2824258804,1.3059271574,-1.2645765543,0.0131561927,0.0546469796,0.7612046494,0.6460712905,0.04257084179 0 0 0 0 0 0 0.04257084179 0 0 0 0 0 0 0.09383624706 0 0 0 0 0 0 0.0007444282896 0 0 0 0 0 0 0.0007444282896 0 0 0 0 0 0 0.001296781999
411,1785497100.505157471,map,7.2886810303,1.3056733608,-1.2652319670,0.0131494271,0.0544882151,0.7612276150,0.6460577891,0.04266159599 0 0 0 0 0 0 0.04266159599 0 0 0 0 0 0 0.09397096345 0 0 0 0 0 0 0.0007465232381 0 0 0 0 0 0 0.0007465232381 0 0 0 0 0 0 0.00129954653
412,1785497100.605101347,map,7.2912573814,1.3066551685,-1.2662799358,0.0129003695,0.0544747018,0.7612689015,0.6460152736,0.04271391207 0 0 0 0 0 0 0.04271391207 0 0 0 0 0 0 0.09404860068 0 0 0 0 0 0 0.0007477312137 0 0 0 0 0 0 0.0007477312137 0 0 0 0 0 0 0.001301140168
413,1785497100.705366373,map,7.2912120819,1.3121619225,-1.2671586275,0.0128821514,0.0544212448,0.7613444913,0.6459310532,0.04285949042 0 0 0 0 0 0 0.04285949042 0 0 0 0 0 0 0.09426455794 0 0 0 0 0 0 0.0007510938516 0 0 0 0 0 0 0.0007510938516 0 0 0 0 0 0 0.001305574738
414,1785497100.805414438,map,7.2928638458,1.3132232428,-1.2667840719,0.0128992000,0.0543364036,0.7613811805,0.6458946431,0.04272850514 0 0 0 0 0 0 0.04272850514 0 0 0 0 0 0 0.09407025408 0 0 0 0 0 0 0.000748068209 0 0 0 0 0 0 0.000748068209 0 0 0 0 0 0 0.001301584699
415,1785497100.905133724,map,7.2970218658,1.3143832684,-1.2663224936,0.0128496625,0.0542493282,0.7613809965,0.6459031561,0.04271754348 0 0 0 0 0 0 0.04271754348 0 0 0 0 0 0 0.09405398913 0 0 0 0 0 0 0.0007478150715 0 0 0 0 0 0 0.0007478150715 0 0 0 0 0 0 0.001301250787
416,1785497101.005124807,map,7.2943434715,1.3107454777,-1.2650226355,0.0126729467,0.0544792376,0.7613355605,0.6459408028,0.04289263569 0 0 0 0 0 0 0.04289263569 0 0 0 0 0 0 0.09431371037 0 0 0 0 0 0 0.0007518597115 0 0 0 0 0 0 0.0007518597115 0 0 0 0 0 0 0.001306584401
417,1785497101.105443954,map,7.2950277328,1.3134772778,-1.2655645609,0.0127045160,0.0543376805,0.7613784937,0.6459015412,0.04276577113 0 0 0 0 0 0 0.04276577113 0 0 0 0 0 0 0.0941255444 0 0 0 0 0 0 0.0007489288697 0 0 0 0 0 0 0.0007489288697 0 0 0 0 0 0 0.001302719886
418,1785497101.205367088,map,7.2958812714,1.3144286871,-1.2653306723,0.0129498317,0.0544128441,0.7613676471,0.6459031099,0.0426240606 0 0 0 0 0 0 0.0426240606 0 0 0 0 0 0 0.09391525124 0 0 0 0 0 0 0.0007456566935 0 0 0 0 0 0 0.0007456566935 0 0 0 0 0 0 0.001298403136
419,1785497101.305142403,map,7.2959351540,1.3154690266,-1.2655814886,0.0127874320,0.0543692775,0.7613537742,0.6459263874,0.04277157983 0 0 0 0 0 0 0.04277157983 0 0 0 0 0 0 0.09413416187 0 0 0 0 0 0 0.0007490630328 0 0 0 0 0 0 0.0007490630328 0 0 0 0 0 0 0.001302896829
420,1785497101.405255079,map,7.3011355400,1.3261858225,-1.2659608126,0.0128091900,0.0542609703,0.7615449274,0.6457096829,0.04270822523 0 0 0 0 0 0 0.04270822523 0 0 0 0 0 0 0.09404016215 0 0 0 0 0 0 0.0007475998934 0 0 0 0 0 0 0.0007475998934 0 0 0 0 0 0 0.001300966937
421,1785497101.605397224,map,7.2984199524,1.3222986460,-1.2638816833,0.0127429691,0.0543530888,0.7614520345,0.6458127806,0.04256182939 0 0 0 0 0 0 0.04256182939 0 0 0 0 0 0 0.09382286641 0 0 0 0 0 0 0.0007442202884 0 0 0 0 0 0 0.0007442202884 0 0 0 0 0 0 0.001296507465
422,1785497101.705251455,map,7.2969751358,1.3236553669,-1.2651466131,0.0127034356,0.0543201614,0.7614617651,0.6458048606,0.04279485008 0 0 0 0 0 0 0.04279485008 0 0 0 0 0 0 0.09416868242 0 0 0 0 0 0 0.0007496005332 0 0 0 0 0 0 0.0007496005332 0 0 0 0 0 0 0.001303605681
423,1785497101.805073023,map,7.2955408096,1.3198224306,-1.2642767429,0.0126304964,0.0543678328,0.7614336812,0.6458353923,0.0429225091 0 0 0 0 0 0 0.0429225091 0 0 0 0 0 0 0.09435800553 0 0 0 0 0 0 0.0007525500518 0 0 0 0 0 0 0.0007525500518 0 0 0 0 0 0 0.001307494397
424,1785497101.905306101,map,7.2941985130,1.3203315735,-1.2637615204,0.0126846723,0.0544353183,0.7613784201,0.6458937751,0.04258586936 0 0 0 0 0 0 0.04258586936 0 0 0 0 0 0 0.09385855736 0 0 0 0 0 0 0.0007447751331 0 0 0 0 0 0 0.0007447751331 0 0 0 0 0 0 0.001297239764
425,1785497102.005479574,map,7.2993288040,1.3229292631,-1.2646002769,0.0126841874,0.0545200362,0.7614155805,0.6458428389,0.0427638803 0 0 0 0 0 0 0.0427638803 0 0 0 0 0 0 0.09412273923 0 0 0 0 0 0 0.000748885198 0 0 0 0 0 0 0.000748885198 0 0 0 0 0 0 0.001302662288
426,1785497102.105117321,map,7.2992105484,1.3159797192,-1.2639383078,0.0125210765,0.0545310965,0.7614100323,0.6458516352,0.04286287023 0 0 0 0 0 0 0.04286287023 0 0 0 0 0 0 0.09426957028 0 0 0 0 0 0 0.0007511719418 0 0 0 0 0 0 0.0007511719418 0 0 0 0 0 0 0.001305677693
427,1785497102.205054998,map,7.2983736992,1.3143253326,-1.2627495527,0.0124805096,0.0545894161,0.7613866298,0.6458750876,0.04291163763 0 0 0 0 0 0 0.04291163763 0 0 0 0 0 0 0.0943418863 0 0 0 0 0 0 0.0007522988156 0 0 0 0 0 0 0.0007522988156 0 0 0 0 0 0 0.001307163233
428,1785497102.305244684,map,7.2967133522,1.3096847534,-1.2610861063,0.0123817495,0.0546898382,0.7613419525,0.6459211506,0.04264309358 0 0 0 0 0 0 0.04264309358 0 0 0 0 0 0 0.09394350209 0 0 0 0 0 0 0.0007460960749 0 0 0 0 0 0 0.0007460960749 0 0 0 0 0 0 0.001298982914
429,1785497102.405443907,map,7.3013501167,1.3022642136,-1.2603621483,0.0119566759,0.0546299509,0.7613501060,0.6459246457,0.04279529826 0 0 0 0 0 0 0.04279529826 0 0 0 0 0 0 0.09416934725 0 0 0 0 0 0 0.0007496108858 0 0 0 0 0 0 0.0007496108858 0 0 0 0 0 0 0.001303619333
430,1785497102.505213976,map,7.2997708321,1.3006490469,-1.2612048388,0.0121058136,0.0546362062,0.7613532483,0.6459176152,0.04247779673 0 0 0 0 0 0 0.04247779673 0 0 0 0 0 0 0.09369808142 0 0 0 0 0 0 0.0007422812007 0 0 0 0 0 0 0.0007422812007 0 0 0 0 0 0 0.001293947684
431,1785497102.605069637,map,7.2969498634,1.3043971062,-1.2622232437,0.0122895055,0.0545125521,0.7613691736,0.6459058466,0.04294941466 0 0 0 0 0 0 0.04294941466 0 0 0 0 0 0 0.09439789578 0 0 0 0 0 0 0.0007531718741 0 0 0 0 0 0 0.0007531718741 0 0 0 0 0 0 0.001308313988
432,1785497102.705035210,map,7.2990961075,1.3010207415,-1.2605112791,0.0122306529,0.0546236964,0.7613533043,0.6459162368,0.04280995276 0 0 0 0 0 0 0.04280995276 0 0 0 0 0 0 0.09419108506 0 0 0 0 0 0 0.0007499494027 0 0 0 0 0 0 0.0007499494027 0 0 0 0 0 0 0.001304065735
433,1785497102.805399418,map,7.3000741005,1.3020603657,-1.2618700266,0.0122284622,0.0545321817,0.7613436839,0.6459353787,0.04263046613 0 0 0 0 0 0 0.04263046613 0 0 0 0 0 0 0.09392475927 0 0 0 0 0 0 0.0007458045634 0 0 0 0 0 0 0.0007458045634 0 0 0 0 0 0 0.00129859826
434,1785497102.905354023,map,7.2982163429,1.3004963398,-1.2616750002,0.0120930384,0.0544697319,0.7613320350,0.6459569076,0.04269138691 0 0 0 0 0 0 0.04269138691 0 0 0 0 0 0 0.09401517518 0 0 0 0 0 0 0.0007472110799 0 0 0 0 0 0 0.0007472110799 0 0 0 0 0 0 0.001300454013
435,1785497103.005063057,map,7.2972664833,1.3019161224,-1.2614783049,0.0120065933,0.0544897542,0.7613221460,0.6459685080,0.04276764035 0 0 0 0 0 0 0.04276764035 0 0 0 0 0 0 0.0941283175 0 0 0 0 0 0 0.0007489720427 0 0 0 0 0 0 0.0007489720427 0 0 0 0 0 0 0.001302776825
436,1785497103.105225086,map,7.2986106873,1.2970829010,-1.2614120245,0.0123072954,0.0546567635,0.7613170621,0.6459547363,0.0426628127 0 0 0 0 0 0 0.0426628127 0 0 0 0 0 0 0.09397276922 0 0 0 0 0 0 0.000746551329 0 0 0 0 0 0 0.000746551329 0 0 0 0 0 0 0.001299583592
437,1785497103.205463171,map,7.2979021072,1.2992738485,-1.2619813681,0.0124745570,0.0545071950,0.7613514510,0.6459236220,0.04274099772 0 0 0 0 0 0 0.04274099772 0 0 0 0 0 0 0.09408878979 0 0 0 0 0 0 0.0007483567129 0 0 0 0 0 0 0.0007483567129 0 0 0 0 0 0 0.001301965245
438,1785497103.305342197,map,7.3007335663,1.2968333960,-1.2620012760,0.0124101669,0.0544973858,0.7613605688,0.6459149276,0.04253581689 0 0 0 0 0 0 0.04253581689 0 0 0 0 0 0 0.09378424323 0 0 0 0 0 0 0.0007436199738 0 0 0 0 0 0 0.0007436199738 0 0 0 0 0 0 0.001295715079
439,1785497103.405105114,map,7.2989740372,1.2957696915,-1.2628850937,0.0125007125,0.0544720604,0.7613548205,0.6459221138,0.04278999137 0 0 0 0 0 0 0.04278999137 0 0 0 0 0 0 0.09416147496 0 0 0 0 0 0 0.000749488302 0 0 0 0 0 0 0.000749488302 0 0 0 0 0 0 0.001303457676
440,1785497103.505060673,map,7.3026037216,1.2955683470,-1.2629200220,0.0123043374,0.0545853040,0.7613453549,0.6459274630,0.04284632977 0 0 0 0 0 0 0.04284632977 0 0 0 0 0 0 0.09424503979 0 0 0 0 0 0 0.0007507897859 0 0 0 0 0 0 0.0007507897859 0 0 0 0 0 0 0.001305173842
441,1785497103.605400801,map,7.3122978210,1.3036391735,-1.2636343241,0.0120261679,0.0545670786,0.7615027763,0.6457486533,0.04268707101 0 0 0 0 0 0 0.04268707101 0 0 0 0 0 0 0.0940087704 0 0 0 0 0 0 0.0007471114255 0 0 0 0 0 0 0.0007471114255 0 0 0 0 0 0 0.001300322543
442,1785497103.805152655,map,7.3051958084,1.3034085035,-1.2629767656,0.0122917967,0.0544802802,0.7614667628,0.6457934793,0.04281371471 0 0 0 0 0 0 0.04281371471 0 0 0 0 0 0 0.09419666517 0 0 0 0 0 0 0.0007500363061 0 0 0 0 0 0 0.0007500363061 0 0 0 0 0 0 0.001304180331
443,1785497103.905055285,map,7.3035573959,1.3021376133,-1.2632006407,0.0122552387,0.0545060548,0.7613939437,0.6458778273,0.04285251134 0 0 0 0 0 0 0.04285251134 0 0 0 0 0 0 0.0942542076 0 0 0 0 0 0 0.000750932604 0 0 0 0 0 0 0.000750932604 0 0 0 0 0 0 0.001305362144
444,1785497104.005399704,map,7.3025517464,1.3015627861,-1.2638237476,0.0121853453,0.0544890128,0.7613915201,0.6458834451,0.04307766278 0 0 0 0 0 0 0.04307766278 0 0 0 0 0 0 0.0945879809 0 0 0 0 0 0 0.0007561367034 0 0 0 0 0 0 0.0007561367034 0 0 0 0 0 0 0.001312220649
445,1785497104.105551958,map,7.3030209541,1.3000574112,-1.2641969919,0.0120002447,0.0545341716,0.7614055846,0.6458664848,0.04278379912 0 0 0 0 0 0 0.04278379912 0 0 0 0 0 0 0.09415228912 0 0 0 0 0 0 0.0007493452705 0 0 0 0 0 0 0.0007493452705 0 0 0 0 0 0 0.00130326905
446,1785497104.205308437,map,7.3028302193,1.2981538773,-1.2651506662,0.0121678237,0.0544346571,0.7613805156,0.6459013133,0.04276965547 0 0 0 0 0 0 0.04276965547 0 0 0 0 0 0 0.09413130702 0 0 0 0 0 0 0.0007490185859 0 0 0 0 0 0 0.0007490185859 0 0 0 0 0 0 0.00130283821
447,1785497104.305117607,map,7.3033657074,1.2959512472,-1.2658851147,0.0121273838,0.0544595611,0.7613918682,0.6458865943,0.04243215003 0 0 0 0 0 0 0.04243215003 0 0 0 0 0 0 0.09363028106 0 0 0 0 0 0 0.0007412281418 0 0 0 0 0 0 0.0007412281418 0 0 0 0 0 0 0.001292557206
448,1785497104.405202389,map,7.3022856712,1.2932907343,-1.2661999464,0.0121305862,0.0545794349,0.7613668855,0.6459058697,0.04280194683 0 0 0 0 0 0 0.04280194683 0 0 0 0 0 0 0.09417920959 0 0 0 0 0 0 0.0007497644646 0 0 0 0 0 0 0.0007497644646 0 0 0 0 0 0 0.001303821861
449,1785497104.505457401,map,7.3023695946,1.2949883938,-1.2667657137,0.0119991991,0.0545525356,0.7613028399,0.6459861028,0.04306797764 0 0 0 0 0 0 0.04306797764 0 0 0 0 0 0 0.09457362913 0 0 0 0 0 0 0.0007559127541 0 0 0 0 0 0 0.0007559127541 0 0 0 0 0 0 0.001311925622
450,1785497104.605374575,map,7.3014431000,1.2950499058,-1.2674300671,0.0120119235,0.0544864228,0.7613164358,0.6459754081,0.04271255573 0 0 0 0 0 0 0.04271255573 0 0 0 0 0 0 0.09404658806 0 0 0 0 0 0 0.0007476998927 0 0 0 0 0 0 0.0007476998927 0 0 0 0 0 0 0.001301098852
451,1785497104.705209970,map,7.3006472588,1.2966575623,-1.2658258677,0.0121192051,0.0544333188,0.7613353705,0.6459556042,0.04277932775 0 0 0 0 0 0 0.04277932775 0 0 0 0 0 0 0.09414565597 0 0 0 0 0 0 0.0007492419906 0 0 0 0 0 0 0.0007492419906 0 0 0 0 0 0 0.001303132844
452,1785497104.805038929,map,7.3018412590,1.2969505787,-1.2661634684,0.0119039237,0.0545292861,0.7613713756,0.6459090476,0.04260139144 0 0 0 0 0 0 0.04260139144 0 0 0 0 0 0 0.09388160046 0 0 0 0 0 0 0.0007451334107 0 0 0 0 0 0 0.0007451334107 0 0 0 0 0 0 0.001297712594
453,1785497104.905224800,map,7.3019304276,1.2967814207,-1.2665696144,0.0119771812,0.0545917878,0.7613577464,0.6459184573,0.04290578662 0 0 0 0 0 0 0.04290578662 0 0 0 0 0 0 0.09433321068 0 0 0 0 0 0 0.0007521636049 0 0 0 0 0 0 0.0007521636049 0 0 0 0 0 0 0.001306985001
454,1785497105.005427122,map,7.3016772270,1.2970931530,-1.2653951645,0.0120362264,0.0545444240,0.7613611687,0.6459173153,0.04267350287 0 0 0 0 0 0 0.04267350287 0 0 0 0 0 0 0.09398863466 0 0 0 0 0 0 0.0007467981464 0 0 0 0 0 0 0.0007467981464 0 0 0 0 0 0 0.001299909234
455,1785497105.105274439,map,7.3017563820,1.2966057062,-1.2655611038,0.0121534596,0.0546148363,0.7613295130,0.6459465210,0.04264139037 0 0 0 0 0 0 0.04264139037 0 0 0 0 0 0 0.09394097408 0 0 0 0 0 0 0.0007460567546 0 0 0 0 0 0 0.0007460567546 0 0 0 0 0 0 0.001298931031
456,1785497105.205122709,map,7.3032026291,1.2922379971,-1.2659175396,0.0121278421,0.0544213127,0.7613388486,0.6459523400,0.04296282634 0 0 0 0 0 0 0.04296282634 0 0 0 0 0 0 0.09441777843 0 0 0 0 0 0 0.0007534818582 0 0 0 0 0 0 0.0007534818582 0 0 0 0 0 0 0.001308722531
457,1785497105.305074215,map,7.3023209572,1.2939851284,-1.2664066553,0.0122548557,0.0543781828,0.7613833858,0.6459010509,0.04268374821 0 0 0 0 0 0 0.04268374821 0 0 0 0 0 0 0.09400383931 0 0 0 0 0 0 0.0007470347028 0 0 0 0 0 0 0.0007470347028 0 0 0 0 0 0 0.001300221325
458,1785497105.405356169,map,7.2998299599,1.2942379713,-1.2654513121,0.0121535230,0.0543898969,0.7613463728,0.6459456040,0.04280990014 0 0 0 0 0 0 0.04280990014 0 0 0 0 0 0 0.09419100701 0 0 0 0 0 0 0.000749948187 0 0 0 0 0 0 0.000749948187 0 0 0 0 0 0 0.001304064132
459,1785497105.505525827,map,7.3002510071,1.2998474836,-1.2652536631,0.0121408142,0.0544265964,0.7613505667,0.6459378182,0.0428669313 0 0 0 0 0 0 0.0428669313 0 0 0 0 0 0 0.09427559286 0 0 0 0 0 0 0.0007512657736 0 0 0 0 0 0 0.0007512657736 0 0 0 0 0 0 0.001305801401
460,1785497105.605158806,map,7.2995605469,1.3043621778,-1.2646336555,0.0124306739,0.0544306148,0.7613735599,0.6459048460,0.04289644366 0 0 0 0 0 0 0.04289644366 0 0 0 0 0 0 0.09431935696 0 0 0 0 0 0 0.000751947705 0 0 0 0 0 0 0.000751947705 0 0 0 0 0 0 0.001306700399
461,1785497105.705113173,map,7.3011832237,1.2974480391,-1.2649177313,0.0121781766,0.0543538363,0.7613369726,0.6459592750,0.04272308361 0 0 0 0 0 0 0.04272308361 0 0 0 0 0 0 0.09406220968 0 0 0 0 0 0 0.0007479430083 0 0 0 0 0 0 0.0007479430083 0 0 0 0 0 0 0.001301419549
462,1785497105.805236340,map,7.3097891808,1.3060158491,-1.2645256519,0.0121295300,0.0543674559,0.7614729477,0.6457987229,0.0427838743 0 0 0 0 0 0 0.0427838743 0 0 0 0 0 0 0.09415240064 0 0 0 0 0 0 0.0007493470068 0 0 0 0 0 0 0.0007493470068 0 0 0 0 0 0 0.00130327134
463,1785497106.005307198,map,7.3052935600,1.3074131012,-1.2645690441,0.0121730856,0.0544296546,0.7614719957,0.6457937966,0.0428227642 0 0 0 0 0 0 0.0428227642 0 0 0 0 0 0 0.09421008796 0 0 0 0 0 0 0.0007502453601 0 0 0 0 0 0 0.0007502453601 0 0 0 0 0 0 0.001304455994
464,1785497106.105099440,map,7.3045706749,1.3053287268,-1.2654119730,0.0123860534,0.0546004874,0.7614635297,0.6457852822,0.04292475514 0 0 0 0 0 0 0.04292475514 0 0 0 0 0 0 0.09436133567 0 0 0 0 0 0 0.0007526019584 0 0 0 0 0 0 0.0007526019584 0 0 0 0 0 0 0.001307562816
465,1785497106.205060482,map,7.3000469208,1.3038700819,-1.2666336298,0.0122887704,0.0545465907,0.7614251151,0.6458370218,0.04270789029 0 0 0 0 0 0 0.04270789029 0 0 0 0 0 0 0.09403966513 0 0 0 0 0 0 0.000747592159 0 0 0 0 0 0 0.000747592159 0 0 0 0 0 0 0.001300956734
466,1785497106.305275917,map,7.3030176163,1.2965922356,-1.2644094229,0.0122851517,0.0545027378,0.7613392136,0.6459420485,0.04285745703 0 0 0 0 0 0 0.04285745703 0 0 0 0 0 0 0.09426154235 0 0 0 0 0 0 0.0007510468709 0 0 0 0 0 0 0.0007510468709 0 0 0 0 0 0 0.001305512798
467,1785497106.405407667,map,7.3048043251,1.2995560169,-1.2657899857,0.0122020713,0.0543621612,0.7613839757,0.6459027033,0.04261812848 0 0 0 0 0 0 0.04261812848 0 0 0 0 0 0 0.09390644571 0 0 0 0 0 0 0.0007455197553 0 0 0 0 0 0 0.0007455197553 0 0 0 0 0 0 0.001298222433
468,1785497106.505170584,map,7.3041729927,1.2984695435,-1.2648763657,0.0122975726,0.0545098184,0.7613650151,0.6459107836,0.04269874744 0 0 0 0 0 0 0.04269874744 0 0 0 0 0 0 0.09402609793 0 0 0 0 0 0 0.0007473810389 0 0 0 0 0 0 0.0007473810389 0 0 0 0 0 0 0.001300678227
469,1785497106.605043888,map,7.3031487465,1.2964625359,-1.2652269602,0.0120699126,0.0545478099,0.7613387267,0.6459428530,0.04296234072 0 0 0 0 0 0 0.04296234072 0 0 0 0 0 0 0.09441705853 0 0 0 0 0 0 0.0007534706339 0 0 0 0 0 0 0.0007534706339 0 0 0 0 0 0 0.001308707738
470,1785497106.705147505,map,7.3046402931,1.2980136871,-1.2642847300,0.0121037083,0.0544105561,0.7613385968,0.6459539433,0.04278042112 0 0 0 0 0 0 0.04278042112 0 0 0 0 0 0 0.09414727796 0 0 0 0 0 0 0.0007492672451 0 0 0 0 0 0 0.0007492672451 0 0 0 0 0 0 0.00130316615
471,1785497106.805429935,map,7.3042774200,1.2971403599,-1.2651731968,0.0121332572,0.0543521769,0.7613723221,0.6459185784,0.04300896945 0 0 0 0 0 0 0.04300896945 0 0 0 0 0 0 0.09448617738 0 0 0 0 0 0 0.000754548482 0 0 0 0 0 0 0.000754548482 0 0 0 0 0 0 0.00131012813
472,1785497106.905267477,map,7.3032469749,1.2950359583,-1.2638618946,0.0122758553,0.0544887385,0.7613094862,0.6459784473,0.04281584449 0 0 0 0 0 0 0.04281584449 0 0 0 0 0 0 0.09419982424 0 0 0 0 0 0 0.0007500855059 0 0 0 0 0 0 0.0007500855059 0 0 0 0 0 0 0.001304245208
473,1785497107.005175591,map,7.3031134605,1.2934080362,-1.2635347843,0.0121954973,0.0545944358,0.7612631966,0.6460255957,0.0428462501 0 0 0 0 0 0 0.0428462501 0 0 0 0 0 0 0.09424492162 0 0 0 0 0 0 0.000750787945 0 0 0 0 0 0 0.000750787945 0 0 0 0 0 0 0.001305171415
474,1785497107.105046988,map,7.3041586876,1.2881011963,-1.2646545172,0.0120848267,0.0544784636,0.7612278295,0.6460791006,0.0424105987 0 0 0 0 0 0 0.0424105987 0 0 0 0 0 0 0.09359826613 0 0 0 0 0 0 0.0007407310208 0 0 0 0 0 0 0.0007407310208 0 0 0 0 0 0 0.001291900715
475,1785497107.205170393,map,7.2696895599,1.2681471109,-1.2599766254,0.0121085447,0.0546072188,0.7604442574,0.6469899474,0.04303400441 0 0 0 0 0 0 0.04303400441 0 0 0 0 0 0 0.09452328227 0 0 0 0 0 0 0.0007551272553 0 0 0 0 0 0 0.0007551272553 0 0 0 0 0 0 0.001310890739
476,1785497107.305591583,map,7.2853207588,1.2774769068,-1.2634805441,0.0122880385,0.0538891547,0.7583841697,0.6494600954,0.04305122485 0 0 0 0 0 0 0.04305122485 0 0 0 0 0 0 0.09454880302 0 0 0 0 0 0 0.0007555253987 0 0 0 0 0 0 0.0007555253987 0 0 0 0 0 0 0.001311415303
477,1785497107.405290365,map,7.2659268379,1.2664651871,-1.2637797594,0.0127953894,0.0544872138,0.7544628531,0.6539519696,0.04268958815 0 0 0 0 0 0 0.04268958815 0 0 0 0 0 0 0.09401250584 0 0 0 0 0 0 0.0007471695463 0 0 0 0 0 0 0.0007471695463 0 0 0 0 0 0 0.00130039922
478,1785497107.505061388,map,7.2330327034,1.2092045546,-1.2584662437,0.0129365719,0.0548231246,0.7502131541,0.6587923226,0.04288886132 0 0 0 0 0 0 0.04288886132 0 0 0 0 0 0 0.09430811353 0 0 0 0 0 0 0.0007517724956 0 0 0 0 0 0 0.0007517724956 0 0 0 0 0 0 0.001306469427
479,1785497107.605070591,map,7.2079882622,1.1917785406,-1.2413326502,0.0151568056,0.0514319289,0.7402691486,0.6701690771,0.04269257736 0 0 0 0 0 0 0.04269257736 0 0 0 0 0 0 0.09401694178 0 0 0 0 0 0 0.0007472385678 0 0 0 0 0 0 0.0007472385678 0 0 0 0 0 0 0.001300490276
480,1785497107.705433846,map,7.1724224091,1.1629106998,-1.2573968172,0.0171357967,0.0516581154,0.7309045962,0.6803060039,0.04300119053 0 0 0 0 0 0 0.04300119053 0 0 0 0 0 0 0.09447464736 0 0 0 0 0 0 0.0007543686552 0 0 0 0 0 0 0.0007543686552 0 0 0 0 0 0 0.001309891171
481,1785497107.805431366,map,7.2617444992,1.1684565544,-1.2200034857,0.0202512799,0.0522031183,0.7224406657,0.6891619612,0.04270655605 0 0 0 0 0 0 0.04270655605 0 0 0 0 0 0 0.09403768526 0 0 0 0 0 0 0.0007475613491 0 0 0 0 0 0 0.0007475613491 0 0 0 0 0 0 0.001300916091
482,1785497108.005113602,map,7.2283549309,1.2450534105,-1.2560899258,0.0179129947,0.0531759408,0.7120783157,0.6998542109,0.04281352164 0 0 0 0 0 0 0.04281352164 0 0 0 0 0 0 0.09419637879 0 0 0 0 0 0 0.000750031846 0 0 0 0 0 0 0.000750031846 0 0 0 0 0 0 0.001304174449
483,1785497108.105072021,map,7.2505207062,1.2740529776,-1.2446256876,0.0139342821,0.0534196599,0.7100544549,0.7019792367,0.04264039809 0 0 0 0 0 0 0.04264039809 0 0 0 0 0 0 0.09393950128 0 0 0 0 0 0 0.000746033847 0 0 0 0 0 0 0.000746033847 0 0 0 0 0 0 0.001298900805
484,1785497108.205465078,map,7.1753664017,1.2063403130,-1.2479344606,0.0104788536,0.0529867876,0.7004211890,0.7116830331,0.04282215247 0 0 0 0 0 0 0.04282215247 0 0 0 0 0 0 0.09420918062 0 0 0 0 0 0 0.0007502312281 0 0 0 0 0 0 0.0007502312281 0 0 0 0 0 0 0.00130443736
485,1785497108.305299282,map,7.2868947983,1.3431459665,-1.2670400143,0.0078663124,0.0519628826,0.6933836389,0.7186495028,0.04259915479 0 0 0 0 0 0 0.04259915479 0 0 0 0 0 0 0.09387828016 0 0 0 0 0 0 0.0007450817835 0 0 0 0 0 0 0.0007450817835 0 0 0 0 0 0 0.001297644462
486,1785497108.405164480,map,7.2581911087,1.3380945921,-1.2684160471,0.0074085932,0.0515498314,0.6952196098,0.7169082306,0.04281340717 0 0 0 0 0 0 0.04281340717 0 0 0 0 0 0 0.094196209 0 0 0 0 0 0 0.0007500292017 0 0 0 0 0 0 0.0007500292017 0 0 0 0 0 0 0.001304170962
487,1785497108.505035162,map,7.2488303185,1.3457915783,-1.2720030546,0.0087423578,0.0519151444,0.6999686391,0.7122305239,0.04278252629 0 0 0 0 0 0 0.04278252629 0 0 0 0 0 0 0.09415040092 0 0 0 0 0 0 0.0007493158704 0 0 0 0 0 0 0.0007493158704 0 0 0 0 0 0 0.001303230277
488,1785497108.605130434,map,7.2379164696,1.3467966318,-1.2549700737,0.0129070451,0.0522809355,0.7031859794,0.7089637489,0.04288163634 0 0 0 0 0 0 0.04288163634 0 0 0 0 0 0 0.09429739968 0 0 0 0 0 0 0.0007516055482 0 0 0 0 0 0 0.0007516055482 0 0 0 0 0 0 0.001306249342
489,1785497108.705465317,map,7.2262148857,1.3073350191,-1.2586351633,0.0132538758,0.0534255386,0.7037981435,0.7082642437,0.04279919383 0 0 0 0 0 0 0.04279919383 0 0 0 0 0 0 0.09417512588 0 0 0 0 0 0 0.0007497008711 0 0 0 0 0 0 0.0007497008711 0 0 0 0 0 0 0.001303737999
490,1785497108.805362701,map,7.2322883606,1.3169426918,-1.2633894682,0.0151586856,0.0540110135,0.7034442946,0.7085330732,0.04271471886 0 0 0 0 0 0 0.04271471886 0 0 0 0 0 0 0.09404979784 0 0 0 0 0 0 0.0007477498442 0 0 0 0 0 0 0.0007477498442 0 0 0 0 0 0 0.001301164745
491,1785497108.905066252,map,7.2314386368,1.3132455349,-1.2572592497,0.0150408304,0.0536312399,0.7033063635,0.7087013737,0.0429970496 0 0 0 0 0 0 0.0429970496 0 0 0 0 0 0 0.09446850947 0 0 0 0 0 0 0.0007542729306 0 0 0 0 0 0 0.0007542729306 0 0 0 0 0 0 0.001309765031
492,1785497109.005023956,map,7.2409763336,1.3123421669,-1.2588511705,0.0147120806,0.0536541036,0.7029248496,0.7090849418,0.04287660481 0 0 0 0 0 0 0.04287660481 0 0 0 0 0 0 0.09428993832 0 0 0 0 0 0 0.0007514892877 0 0 0 0 0 0 0.0007514892877 0 0 0 0 0 0 0.001306096073
493,1785497109.105128527,map,7.2487907410,1.3071231842,-1.2581901550,0.0143532297,0.0535566662,0.7027179310,0.7093046981,0.04274625628 0 0 0 0 0 0 0.04274625628 0 0 0 0 0 0 0.09409659184 0 0 0 0 0 0 0.000748478158 0 0 0 0 0 0 0.000748478158 0 0 0 0 0 0 0.001302125429
494,1785497109.205339909,map,7.2487416267,1.2950154543,-1.2558161020,0.0141670297,0.0529634901,0.7023495023,0.7097177861,0.04267765678 0 0 0 0 0 0 0.04267765678 0 0 0 0 0 0 0.09399479936 0 0 0 0 0 0 0.0007468940557 0 0 0 0 0 0 0.0007468940557 0 0 0 0 0 0 0.001300035769
495,1785497109.305141211,map,7.2435455322,1.3042792082,-1.2550413609,0.0129544383,0.0519260240,0.7019994033,0.7101638585,0.04246307622 0 0 0 0 0 0 0.04246307622 0 0 0 0 0 0 0.09367621792 0 0 0 0 0 0 0.000741941582 0 0 0 0 0 0 0.000741941582 0 0 0 0 0 0 0.001293499271
496,1785497109.404988766,map,7.2665486336,1.3244830370,-1.2455402613,0.0064188593,0.0489452571,0.7010140141,0.7114369356,0.04260195202 0 0 0 0 0 0 0.04260195202 0 0 0 0 0 0 0.09388243264 0 0 0 0 0 0 0.0007451463502 0 0 0 0 0 0 0.0007451463502 0 0 0 0 0 0 0.00129772967
497,1785497109.505224228,map,7.2416262627,1.3968133926,-1.2593281269,0.0033238126,0.0499739576,0.7028991642,0.7095240116,0.04272861469 0 0 0 0 0 0 0.04272861469 0 0 0 0 0 0 0.09407041663 0 0 0 0 0 0 0.000748070739 0 0 0 0 0 0 0.000748070739 0 0 0 0 0 0 0.001301588036
498,1785497109.605356455,map,7.2186474800,1.3955971003,-1.2549256086,0.0060445616,0.0476843796,0.7037393560,0.7088304057,0.04285441062 0 0 0 0 0 0 0.04285441062 0 0 0 0 0 0 0.09425702436 0 0 0 0 0 0 0.0007509764852 0 0 0 0 0 0 0.0007509764852 0 0 0 0 0 0 0.001305419999
499,1785497109.705177546,map,7.2035560608,1.4221323729,-1.2584661245,0.0128219553,0.0480298914,0.7044991624,0.7079616093,0.04286717385 0 0 0 0 0 0 0.04286717385 0 0 0 0 0 0 0.09427595256 0 0 0 0 0 0 0.0007512713779 0 0 0 0 0 0 0.0007512713779 0 0 0 0 0 0 0.001305808789
500,1785497109.805067539,map,7.2080378532,1.4606149197,-1.2598835230,0.0162515627,0.0532712417,0.7050135349,0.7070035128,0.04269713755 0 0 0 0 0 0 0.04269713755 0 0 0 0 0 0 0.09402370893 0 0 0 0 0 0 0.0007473438651 0 0 0 0 0 0 0.0007473438651 0 0 0 0 0 0 0.001300629187
501,1785497109.905153751,map,7.2096834183,1.4565470219,-1.2533484697,0.0214060133,0.0547076079,0.7040594926,0.7077069126,0.04271639092 0 0 0 0 0 0 0.04271639092 0 0 0 0 0 0 0.09405227892 0 0 0 0 0 0 0.000747788456 0 0 0 0 0 0 0.000747788456 0 0 0 0 0 0 0.001301215678
502,1785497110.105215073,map,7.2208867073,1.5710484982,-1.2484602928,0.0211996063,0.0449808657,0.7039728228,0.7084839884,0.04277368172 0 0 0 0 0 0 0.04277368172 0 0 0 0 0 0 0.09413728008 0 0 0 0 0 0 0.0007491115809 0 0 0 0 0 0 0.0007491115809 0 0 0 0 0 0 0.001302960856
503,1785497110.205036402,map,7.2277112007,1.5960105658,-1.2538077831,0.0205155757,0.0442043758,0.7033023767,0.7092184869,0.04266754796 0 0 0 0 0 0 0.04266754796 0 0 0 0 0 0 0.09397979696 0 0 0 0 0 0 0.0007466606567 0 0 0 0 0 0 0.0007466606567 0 0 0 0 0 0 0.001299727837
504,1785497110.305032492,map,7.2596120834,1.6242204905,-1.2568494081,0.0206343044,0.0415747597,0.7024713080,0.7101970312,0.04268225778 0 0 0 0 0 0 0.04268225778 0 0 0 0 0 0 0.09400162747 0 0 0 0 0 0 0.0007470002895 0 0 0 0 0 0 0.0007470002895 0 0 0 0 0 0 0.001300175924
505,1785497110.405276775,map,7.2347116470,1.7430028915,-1.2611644268,0.0234247756,0.0416929722,0.7049677088,0.7076252742,0.04282387886 0 0 0 0 0 0 0.04282387886 0 0 0 0 0 0 0.09421174127 0 0 0 0 0 0 0.0007502711105 0 0 0 0 0 0 0.0007502711105 0 0 0 0 0 0 0.001304489948
506,1785497110.505112410,map,7.1936173439,1.7279967070,-1.2526926994,0.0244641155,0.0423835685,0.7051726483,0.7073447962,0.04287621199 0 0 0 0 0 0 0.04287621199 0 0 0 0 0 0 0.09428935579 0 0 0 0 0 0 0.0007514802111 0 0 0 0 0 0 0.0007514802111 0 0 0 0 0 0 0.001306084107
507,1785497110.605391502,map,7.2299399376,1.7539265156,-1.2580069304,0.0247052037,0.0430609237,0.7046057949,0.7078602212,0.04261580835 0 0 0 0 0 0 0.04261580835 0 0 0 0 0 0 0.0939030017 0 0 0 0 0 0 0.0007454661979 0 0 0 0 0 0 0.0007454661979 0 0 0 0 0 0 0.001298151758
508,1785497110.705002069,map,7.2320089340,1.8016645908,-1.2521148920,0.0245056327,0.0448652342,0.7051423714,0.7072205016,0.04279655206 0 0 0 0 0 0 0.04279655206 0 0 0 0 0 0 0.09417120714 0 0 0 0 0 0 0.0007496398478 0 0 0 0 0 0 0.0007496398478 0 0 0 0 0 0 0.001303657527
509,1785497110.805286646,map,7.2359981537,1.8504548073,-1.2523568869,0.0233439471,0.0412491294,0.7064005469,0.7062236398,0.04273593304 0 0 0 0 0 0 0.04273593304 0 0 0 0 0 0 0.09408127524 0 0 0 0 0 0 0.0007482397473 0 0 0 0 0 0 0.0007482397473 0 0 0 0 0 0 0.001301810965
510,1785497110.905381918,map,7.2088437080,1.8758823872,-1.2453998327,0.0226117746,0.0376612752,0.7069781589,0.7058698313,0.04305005515 0 0 0 0 0 0 0.04305005515 0 0 0 0 0 0 0.09454706958 0 0 0 0 0 0 0.000755498354 0 0 0 0 0 0 0.000755498354 0 0 0 0 0 0 0.001311379672
511,1785497111.005346060,map,7.2711505890,1.8921066523,-1.2620568275,0.0179745782,0.0344440242,0.7076611765,0.7054829394,0.04278977584 0 0 0 0 0 0 0.04278977584 0 0 0 0 0 0 0.09416115523 0 0 0 0 0 0 0.0007494833235 0 0 0 0 0 0 0.0007494833235 0 0 0 0 0 0 0.001303451111
512,1785497111.105079174,map,7.2550859451,1.9152324200,-1.2575408220,0.0158489279,0.0361616822,0.7076737339,0.7054353407,0.04275712664 0 0 0 0 0 0 0.04275712664 0 0 0 0 0 0 0.09411271956 0 0 0 0 0 0 0.000748729214 0 0 0 0 0 0 0.000748729214 0 0 0 0 0 0 0.001302456559
513,1785497111.205189228,map,7.2322349548,1.9650826454,-1.2616615295,0.0124977299,0.0426292645,0.7073769143,0.7054391898,0.04292779939 0 0 0 0 0 0 0.04292779939 0 0 0 0 0 0 0.09436584924 0 0 0 0 0 0 0.0007526723123 0 0 0 0 0 0 0.0007526723123 0 0 0 0 0 0 0.001307655549
514,1785497111.305239677,map,7.2330307961,1.9845544100,-1.2555401325,0.0101335123,0.0460793647,0.7071389382,0.7054987634,0.04273405475 0 0 0 0 0 0 0.04273405475 0 0 0 0 0 0 0.09407848835 0 0 0 0 0 0 0.0007481963701 0 0 0 0 0 0 0.0007481963701 0 0 0 0 0 0 0.001301753749
515,1785497111.405312300,map,7.2406206131,2.0186471939,-1.2531176805,0.0060905723,0.0485698359,0.7060808169,0.7064373655,0.04275682441 0 0 0 0 0 0 0.04275682441 0 0 0 0 0 0 0.09411227116 0 0 0 0 0 0 0.0007487222336 0 0 0 0 0 0 0.0007487222336 0 0 0 0 0 0 0.001302447353
516,1785497111.505079508,map,7.2085909843,2.0873908997,-1.2570784092,0.0045781941,0.0526496874,0.7059084134,0.7063287870,0.04250035073 0 0 0 0 0 0 0.04250035073 0 0 0 0 0 0 0.09373157712 0 0 0 0 0 0 0.0007428015832 0 0 0 0 0 0 0.0007428015832 0 0 0 0 0 0 0.001294634718
517,1785497111.604983807,map,7.2267613411,2.1481480598,-1.2520476580,0.0006646281,0.0509609181,0.7058249487,0.7065505295,0.04266173345 0 0 0 0 0 0 0.04266173345 0 0 0 0 0 0 0.09397116745 0 0 0 0 0 0 0.0007465264115 0 0 0 0 0 0 0.0007465264115 0 0 0 0 0 0 0.001299550717
518,1785497111.705118895,map,7.2321896553,2.1838035583,-1.2605021000,-0.0048693722,0.0476815182,0.7061480365,0.7064401560,0.04263371677 0 0 0 0 0 0 0.04263371677 0 0 0 0 0 0 0.09392958425 0 0 0 0 0 0 0.0007458796048 0 0 0 0 0 0 0.0007458796048 0 0 0 0 0 0 0.00129869728
519,1785497111.805367470,map,7.2010645866,2.2029023170,-1.2555997372,-0.0040741515,0.0452182290,0.7066845601,0.7060705661,0.0425566557 0 0 0 0 0 0 0.0425566557 0 0 0 0 0 0 0.09381518485 0 0 0 0 0 0 0.0007441008856 0 0 0 0 0 0 0.0007441008856 0 0 0 0 0 0 0.001296349865
520,1785497112.004963398,map,7.2185273170,2.2352013588,-1.2562205791,-0.0034166529,0.0444943517,0.7070148453,0.7057893448,0.04281476656 0 0 0 0 0 0 0.04281476656 0 0 0 0 0 0 0.09419822536 0 0 0 0 0 0 0.0007500606046 0 0 0 0 0 0 0.0007500606046 0 0 0 0 0 0 0.001304212372
521,1785497112.105051517,map,7.2025732994,2.2961170673,-1.2587238550,-0.0028221315,0.0457813213,0.7075888755,0.7051340966,0.04270193252 0 0 0 0 0 0 0.04270193252 0 0 0 0 0 0 0.09403082436 0 0 0 0 0 0 0.0007474545855 0 0 0 0 0 0 0.0007474545855 0 0 0 0 0 0 0.00130077525
522,1785497112.205327511,map,7.2011995316,2.3489668369,-1.2685608864,-0.0053650116,0.0466665135,0.7078056114,0.7048437157,0.04267880601 0 0 0 0 0 0 0.04267880601 0 0 0 0 0 0 0.09399650488 0 0 0 0 0 0 0.0007469205903 0 0 0 0 0 0 0.0007469205903 0 0 0 0 0 0 0.001300070776
523,1785497112.305319071,map,7.1926488876,2.3805513382,-1.2635306120,-0.0040745129,0.0492608727,0.7078804392,0.7046006162,0.04278668201 0 0 0 0 0 0 0.04278668201 0 0 0 0 0 0 0.09415656574 0 0 0 0 0 0 0.0007494118604 0 0 0 0 0 0 0.0007494118604 0 0 0 0 0 0 0.001303356867
524,1785497112.405026436,map,7.2282996178,2.4219462872,-1.2541298866,-0.0052276722,0.0474305695,0.7081095983,0.7044883324,0.04281203289 0 0 0 0 0 0 0.04281203289 0 0 0 0 0 0 0.09419417052 0 0 0 0 0 0 0.0007499974547 0 0 0 0 0 0 0.0007499974547 0 0 0 0 0 0 0.001304129099
525,1785497112.505107641,map,7.2092204094,2.4589712620,-1.2639075518,-0.0045742926,0.0459581105,0.7087603559,0.7039358752,0.0426000488 0 0 0 0 0 0 0.0426000488 0 0 0 0 0 0 0.09387960732 0 0 0 0 0 0 0.0007451024194 0 0 0 0 0 0 0.0007451024194 0 0 0 0 0 0 0.001297671695
526,1785497112.605261087,map,7.2035684586,2.4659702778,-1.2600723505,-0.0035671591,0.0447211260,0.7092794713,0.7034983615,0.04282240828 0 0 0 0 0 0 0.04282240828 0 0 0 0 0 0 0.09420956005 0 0 0 0 0 0 0.0007502371378 0 0 0 0 0 0 0.0007502371378 0 0 0 0 0 0 0.001304445152
527,1785497112.705495119,map,7.1972093582,2.4963200092,-1.2585185766,-0.0019179440,0.0445576962,0.7098995938,0.7028893932,0.04257252816 0 0 0 0 0 0 0.04257252816 0 0 0 0 0 0 0.09383875075 0 0 0 0 0 0 0.0007444672108 0 0 0 0 0 0 0.0007444672108 0 0 0 0 0 0 0.001296833368
528,1785497112.805156946,map,7.1927652359,2.4956431389,-1.2585968971,-0.0019679687,0.0443483175,0.7100155235,0.7027853934,0.04285314554 0 0 0 0 0 0 0.04285314554 0 0 0 0 0 0 0.09425514817 0 0 0 0 0 0 0.0007509472566 0 0 0 0 0 0 0.0007509472566 0 0 0 0 0 0 0.001305381462
529,1785497112.905078411,map,7.1999206543,2.4906387329,-1.2594096661,-0.0021380186,0.0440854788,0.7102203537,0.7025944359,0.04274988215 0 0 0 0 0 0 0.04274988215 0 0 0 0 0 0 0.09410197141 0 0 0 0 0 0 0.000748561898 0 0 0 0 0 0 0.000748561898 0 0 0 0 0 0 0.00130223588
530,1785497113.004993916,map,7.1977300644,2.4917662144,-1.2606452703,-0.0021654375,0.0441505257,0.7102336558,0.7025768289,0.042444272 0 0 0 0 0 0 0.042444272 0 0 0 0 0 0 0.09364828734 0 0 0 0 0 0 0.0007415077752 0 0 0 0 0 0 0.0007415077752 0 0 0 0 0 0 0.001292926462
531,1785497113.105434179,map,7.2031474113,2.4996640682,-1.2608098984,-0.0018146100,0.0436565984,0.7100582768,0.7027859100,0.04278147708 0 0 0 0 0 0 0.04278147708 0 0 0 0 0 0 0.09414884445 0 0 0 0 0 0 0.0007492916356 0 0 0 0 0 0 0.0007492916356 0 0 0 0 0 0 0.001303198316
532,1785497113.205316067,map,7.2137708664,2.5014111996,-1.2588146925,-0.0028749227,0.0422683690,0.7102016718,0.7027223577,0.04296612282 0 0 0 0 0 0 0.04296612282 0 0 0 0 0 0 0.09442266528 0 0 0 0 0 0 0.0007535580522 0 0 0 0 0 0 0.0007535580522 0 0 0 0 0 0 0.001308822947
533,1785497113.305039167,map,7.2252025604,2.5196571350,-1.2603613138,-0.0038840611,0.0412547361,0.7105402465,0.7024354073,0.04258260101 0 0 0 0 0 0 0.04258260101 0 0 0 0 0 0 0.09385370519 0 0 0 0 0 0 0.0007446996963 0 0 0 0 0 0 0.0007446996963 0 0 0 0 0 0 0.001297140205
534,1785497113.404919147,map,7.2112355232,2.5631330013,-1.2613468170,-0.0041168072,0.0411795519,0.7111180749,0.7018535282,0.04276645453 0 0 0 0 0 0 0.04276645453 0 0 0 0 0 0 0.09412655826 0 0 0 0 0 0 0.000748944654 0 0 0 0 0 0 0.000748944654 0 0 0 0 0 0 0.001302740703
535,1785497113.505075455,map,7.2053112984,2.5935099125,-1.2604351044,-0.0041507285,0.0409012586,0.7118797304,0.7010970738,0.04291016184 0 0 0 0 0 0 0.04291016184 0 0 0 0 0 0 0.09433969809 0 0 0 0 0 0 0.0007522647115 0 0 0 0 0 0 0.0007522647115 0 0 0 0 0 0 0.001307118278
536,1785497113.605394602,map,7.2003450394,2.5954527855,-1.2606117725,-0.0038994662,0.0404758111,0.7121407085,0.7008581379,0.0427477181 0 0 0 0 0 0 0.0427477181 0 0 0 0 0 0 0.0940987607 0 0 0 0 0 0 0.0007485119187 0 0 0 0 0 0 0.0007485119187 0 0 0 0 0 0 0.001302169959
537,1785497113.705170393,map,7.2040586472,2.5578227043,-1.2657252550,-0.0041825960,0.0394681560,0.7123660244,0.7006849704,0.04306748394 0 0 0 0 0 0 0.04306748394 0 0 0 0 0 0 0.09457289754 0 0 0 0 0 0 0.0007559013386 0 0 0 0 0 0 0.0007559013386 0 0 0 0 0 0 0.001311910584
538,1785497113.805078268,map,7.2166295052,2.5769741535,-1.2695403099,-0.0045055345,0.0384082956,0.7126584058,0.7004445054,0.04282648016 0 0 0 0 0 0 0.04282648016 0 0 0 0 0 0 0.09421559958 0 0 0 0 0 0 0.0007503312052 0 0 0 0 0 0 0.0007503312052 0 0 0 0 0 0 0.001304569188
539,1785497113.904969931,map,7.2049732208,2.6087543964,-1.2684931755,-0.0029124702,0.0374554368,0.7131884470,0.6999649080,0.04279109904 0 0 0 0 0 0 0.04279109904 0 0 0 0 0 0 0.0941631181 0 0 0 0 0 0 0.0007495138879 0 0 0 0 0 0 0.0007495138879 0 0 0 0 0 0 0.001303491418
540,1785497114.005290508,map,7.2062339783,2.6162579060,-1.2678183317,-0.0022605327,0.0370777300,0.7135208404,0.6996485825,0.04251348406 0 0 0 0 0 0 0.04251348406 0 0 0 0 0 0 0.09375108053 0 0 0 0 0 0 0.0007431046253 0 0 0 0 0 0 0.0007431046253 0 0 0 0 0 0 0.001295034782
541,1785497114.105437279,map,7.2086200714,2.6368067265,-1.2692826986,-0.0012750642,0.0366015809,0.7140049863,0.6991820809,0.04254665689 0 0 0 0 0 0 0.04254665689 0 0 0 0 0 0 0.09380033886 0 0 0 0 0 0 0.0007438701315 0 0 0 0 0 0 0.0007438701315 0 0 0 0 0 0 0.001296045284
542,1785497114.205138445,map,7.2026228905,2.6438734531,-1.2713947296,-0.0009711393,0.0363977004,0.7140563991,0.6991406915,0.04270042783 0 0 0 0 0 0 0.04270042783 0 0 0 0 0 0 0.09402859151 0 0 0 0 0 0 0.0007474198406 0 0 0 0 0 0 0.0007474198406 0 0 0 0 0 0 0.001300729415
543,1785497114.304967880,map,7.2090930939,2.6507208347,-1.2734524012,-0.0010059967,0.0364286818,0.7142843498,0.6989061623,0.04273863921 0 0 0 0 0 0 0.04273863921 0 0 0 0 0 0 0.09408529044 0 0 0 0 0 0 0.0007483022442 0 0 0 0 0 0 0.0007483022442 0 0 0 0 0 0 0.0013018934
544,1785497114.405033112,map,7.2031555176,2.6553137302,-1.2750968933,-0.0012842633,0.0373731706,0.7145016158,0.6986337004,0.04266115903 0 0 0 0 0 0 0.04266115903 0 0 0 0 0 0 0.09397031493 0 0 0 0 0 0 0.0007465131497 0 0 0 0 0 0 0.0007465131497 0 0 0 0 0 0 0.001299533219
545,1785497114.505339622,map,7.2049446106,2.6614897251,-1.2739548683,-0.0016152042,0.0374563811,0.7146713430,0.6984549382,0.04274074707 0 0 0 0 0 0 0.04274074707 0 0 0 0 0 0 0.0940884179 0 0 0 0 0 0 0.0007483509242 0 0 0 0 0 0 0.0007483509242 0 0 0 0 0 0 0.001301957609
546,1785497114.605224609,map,7.2005262375,2.6949908733,-1.2713572979,-0.0028956680,0.0368450605,0.7149255936,0.6982230527,0.04287421826 0 0 0 0 0 0 0.04287421826 0 0 0 0 0 0 0.0942863992 0 0 0 0 0 0 0.0007514341438 0 0 0 0 0 0 0.0007514341438 0 0 0 0 0 0 0.001306023374
547,1785497114.704971075,map,7.1922535896,2.7131874561,-1.2714638710,-0.0031687787,0.0367447002,0.7149925243,0.6981586296,0.04254508256 0 0 0 0 0 0 0.04254508256 0 0 0 0 0 0 0.09379800128 0 0 0 0 0 0 0.0007438337995 0 0 0 0 0 0 0.0007438337995 0 0 0 0 0 0 0.001295997327
548,1785497114.804940224,map,7.1378660202,2.6612079144,-1.2715842724,-0.0030164905,0.0366852257,0.7124878421,0.7007183259,0.04259061982 0 0 0 0 0 0 0.04259061982 0 0 0 0 0 0 0.09386560974 0 0 0 0 0 0 0.00074488478 0 0 0 0 0 0 0.00074488478 0 0 0 0 0 0 0.001297384472
549,1785497114.905382633,map,7.1949644089,2.6991600990,-1.2685912848,-0.0050678885,0.0363194296,0.7089396076,0.7043151428,0.04300634628 0 0 0 0 0 0 0.04300634628 0 0 0 0 0 0 0.09448228932 0 0 0 0 0 0 0.0007544878412 0 0 0 0 0 0 0.0007544878412 0 0 0 0 0 0 0.001310048224
550,1785497115.005295038,map,7.1759996414,2.7288086414,-1.2852466106,-0.0064705775,0.0371362761,0.7058854037,0.7073222749,0.04286405157 0 0 0 0 0 0 0.04286405157 0 0 0 0 0 0 0.09427132222 0 0 0 0 0 0 0.0007511992367 0 0 0 0 0 0 0.0007511992367 0 0 0 0 0 0 0.001305713679
551,1785497115.105091333,map,7.1808466911,2.7367115021,-1.2646180391,-0.0052897298,0.0376239368,0.7024785929,0.7106899999,0.04283029848 0 0 0 0 0 0 0.04283029848 0 0 0 0 0 0 0.09422126294 0 0 0 0 0 0 0.0007504194162 0 0 0 0 0 0 0.0007504194162 0 0 0 0 0 0 0.001304685501
552,1785497115.204934835,map,7.1502218246,2.7172145844,-1.2550730705,-0.0087997492,0.0381682164,0.6960295157,0.7169439768,0.04263979588 0 0 0 0 0 0 0.04263979588 0 0 0 0 0 0 0.09393860742 0 0 0 0 0 0 0.0007460199443 0 0 0 0 0 0 0.0007460199443 0 0 0 0 0 0 0.00129888246
553,1785497115.305220127,map,7.0967793465,2.7724227905,-1.2700142860,-0.0105738715,0.0374366489,0.6846029131,0.7278774236,0.04298671922 0 0 0 0 0 0 0.04298671922 0 0 0 0 0 0 0.09445319687 0 0 0 0 0 0 0.0007540341328 0 0 0 0 0 0 0.0007540341328 0 0 0 0 0 0 0.001309450349
554,1785497115.405294895,map,7.0787229538,2.8696637154,-1.2942208052,-0.0015049320,0.0408555077,0.6720455354,0.7393803753,0.04319676527 0 0 0 0 0 0 0.04319676527 0 0 0 0 0 0 0.09476442832 0 0 0 0 0 0 0.0007588913599 0 0 0 0 0 0 0.0007588913599 0 0 0 0 0 0 0.001315848718
555,1785497115.505146980,map,7.1061964035,2.7781865597,-1.2432260513,-0.0043954254,0.0427007020,0.6526109288,0.7564762442,0.04308470603 0 0 0 0 0 0 0.04308470603 0 0 0 0 0 0 0.09459841752 0 0 0 0 0 0 0.0007562995694 0 0 0 0 0 0 0.0007562995694 0 0 0 0 0 0 0.001312435198
556,1785497115.605054617,map,7.1565656662,2.8269448280,-1.2512071133,-0.0089636262,0.0432635764,0.6363133640,0.7701644035,0.04288776092 0 0 0 0 0 0 0.04288776092 0 0 0 0 0 0 0.09430648177 0 0 0 0 0 0 0.0007517470683 0 0 0 0 0 0 0.0007517470683 0 0 0 0 0 0 0.001306435907
557,1785497115.705045700,map,7.1332812309,2.9177834988,-1.2614150047,-0.0114453749,0.0421483735,0.6244231798,0.7798642242,0.04276058006 0 0 0 0 0 0 0.04276058006 0 0 0 0 0 0 0.09411784305 0 0 0 0 0 0 0.0007488089744 0 0 0 0 0 0 0.0007488089744 0 0 0 0 0 0 0.001302561757
558,1785497115.805191994,map,7.1824059486,2.9382703304,-1.2630010843,-0.0122044985,0.0389945359,0.6175946948,0.7854344554,0.04308479191 0 0 0 0 0 0 0.04308479191 0 0 0 0 0 0 0.09459854477 0 0 0 0 0 0 0.0007563015553 0 0 0 0 0 0 0.0007563015553 0 0 0 0 0 0 0.001312437814
559,1785497115.905182600,map,7.2069096565,2.9663412571,-1.2583763599,-0.0141029321,0.0366564734,0.6109774192,0.7906731276,0.04283700357 0 0 0 0 0 0 0.04283700357 0 0 0 0 0 0 0.09423120779 0 0 0 0 0 0 0.0007505743208 0 0 0 0 0 0 0.0007505743208 0 0 0 0 0 0 0.00130488975
560,1785497116.004913807,map,7.1111092567,3.0120291710,-1.2763988972,-0.0169563681,0.0361974894,0.6057287043,0.7946665820,0.04305898969 0 0 0 0 0 0 0.04305898969 0 0 0 0 0 0 0.09456031 0 0 0 0 0 0 0.0007557049331 0 0 0 0 0 0 0.0007557049331 0 0 0 0 0 0 0.001311651834
561,1785497116.105063200,map,7.1558022499,3.0626010895,-1.2685252428,-0.0141851473,0.0342737062,0.5933243708,0.8041083974,0.04307684403 0 0 0 0 0 0 0.04307684403 0 0 0 0 0 0 0.09458676768 0 0 0 0 0 0 0.0007561177713 0 0 0 0 0 0 0.0007561177713 0 0 0 0 0 0 0.001312195708
562,1785497116.205296993,map,7.1401653290,3.0914084911,-1.2655729055,-0.0139950058,0.0338280344,0.5810881142,0.8130168555,0.04300216336 0 0 0 0 0 0 0.04300216336 0 0 0 0 0 0 0.09447608932 0 0 0 0 0 0 0.0007543911441 0 0 0 0 0 0 0.0007543911441 0 0 0 0 0 0 0.001309920805
563,1785497116.305266380,map,7.1790890694,3.0938184261,-1.2622501850,-0.0159372928,0.0311084244,0.5694372757,0.8212913305,0.04276875795 0 0 0 0 0 0 0.04276875795 0 0 0 0 0 0 0.09412997551 0 0 0 0 0 0 0.0007489978558 0 0 0 0 0 0 0.0007489978558 0 0 0 0 0 0 0.001302810869
564,1785497116.805081129,map,7.1779947281,3.0883624554,-1.2534221411,-0.0230178387,0.0247359124,0.5215732548,0.8525371748,0.04319334459 0 0 0 0 0 0 0.04319334459 0 0 0 0 0 0 0.09475936177 0 0 0 0 0 0 0.000758812228 0 0 0 0 0 0 0.000758812228 0 0 0 0 0 0 0.001315744518
565,1785497116.904874563,map,7.1962094307,3.0844886303,-1.2684578896,-0.0295266424,0.0242358307,0.5116188047,0.8583629761,0.04277841427 0 0 0 0 0 0 0.04277841427 0 0 0 0 0 0 0.09414430084 0 0 0 0 0 0 0.0007492208913 0 0 0 0 0 0 0.0007492208913 0 0 0 0 0 0 0.001303105018
566,1785497117.005002499,map,7.2128710747,3.0960714817,-1.2772119045,-0.0320941684,0.0247103940,0.5080637829,0.8603665094,0.0427190309 0 0 0 0 0 0 0.0427190309 0 0 0 0 0 0 0.09405619621 0 0 0 0 0 0 0.0007478494198 0 0 0 0 0 0 0.0007478494198 0 0 0 0 0 0 0.001301296097
567,1785497117.105337143,map,7.1337103844,3.1166598797,-1.2731462717,-0.0320483242,0.0274924510,0.4997189731,0.8651577935,0.04288968759 0 0 0 0 0 0 0.04288968759 0 0 0 0 0 0 0.09430933876 0 0 0 0 0 0 0.0007517915883 0 0 0 0 0 0 0.0007517915883 0 0 0 0 0 0 0.001306494597
568,1785497117.205237627,map,7.1282601357,3.1100277901,-1.2660543919,-0.0345675226,0.0265039442,0.4880555532,0.8717249563,0.0426605397 0 0 0 0 0 0 0.0426605397 0 0 0 0 0 0 0.09396939575 0 0 0 0 0 0 0.0007464988508 0 0 0 0 0 0 0.0007464988508 0 0 0 0 0 0 0.001299514353
569,1785497117.305128813,map,7.1597886086,3.1359479427,-1.2665158510,-0.0354611256,0.0260775223,0.4802310313,0.8760368981,0.0427224272 0 0 0 0 0 0 0.0427224272 0 0 0 0 0 0 0.09406123569 0 0 0 0 0 0 0.0007479278499 0 0 0 0 0 0 0.0007479278499 0 0 0 0 0 0 0.001301399554
570,1785497117.404879570,map,7.1696314812,3.1708540916,-1.2927784920,-0.0337330781,0.0260282601,0.4794372933,0.8765412024,0.04277583974 0 0 0 0 0 0 0.04277583974 0 0 0 0 0 0 0.09414048151 0 0 0 0 0 0 0.0007491614255 0 0 0 0 0 0 0.0007491614255 0 0 0 0 0 0 0.001303026593
571,1785497117.505143166,map,7.1728701591,3.1868705750,-1.2885330915,-0.0319349413,0.0266269555,0.4843731665,0.8738728655,0.04268237456 0 0 0 0 0 0 0.04268237456 0 0 0 0 0 0 0.09400180076 0 0 0 0 0 0 0.0007470029857 0 0 0 0 0 0 0.0007470029857 0 0 0 0 0 0 0.001300179481
572,1785497117.605418205,map,7.1622676849,3.2227718830,-1.2849932909,-0.0278022287,0.0284829277,0.4829837828,0.8747241999,0.0427567289 0 0 0 0 0 0 0.0427567289 0 0 0 0 0 0 0.09411212947 0 0 0 0 0 0 0.0007487200278 0 0 0 0 0 0 0.0007487200278 0 0 0 0 0 0 0.001302444444
573,1785497117.705271006,map,7.1931686401,3.2154083252,-1.2643913031,-0.0229747056,0.0314664835,0.4803462134,0.8762131779,0.04289472848 0 0 0 0 0 0 0.04289472848 0 0 0 0 0 0 0.09431681364 0 0 0 0 0 0 0.0007519080709 0 0 0 0 0 0 0.0007519080709 0 0 0 0 0 0 0.001306648151
574,1785497117.804958582,map,7.2168054581,3.2828624249,-1.2705701590,-0.0197500765,0.0380693108,0.4765448225,0.8781034660,0.04284308031 0 0 0 0 0 0 0.04284308031 0 0 0 0 0 0 0.09424022046 0 0 0 0 0 0 0.000750714712 0 0 0 0 0 0 0.000750714712 0 0 0 0 0 0 0.001305074858
575,1785497117.904964209,map,7.2736725807,3.3262276649,-1.2721624374,-0.0154859457,0.0358240886,0.4738286576,0.8797517905,0.04274475838 0 0 0 0 0 0 0.04274475838 0 0 0 0 0 0 0.09409436944 0 0 0 0 0 0 0.0007484435641 0 0 0 0 0 0 0.0007484435641 0 0 0 0 0 0 0.001302079801
576,1785497118.005239964,map,7.3483276367,3.4439885616,-1.2902281284,-0.0146191055,0.0274098198,0.4685414245,0.8828951873,0.04285797453 0 0 0 0 0 0 0.04285797453 0 0 0 0 0 0 0.09426230982 0 0 0 0 0 0 0.0007510588275 0 0 0 0 0 0 0.0007510588275 0 0 0 0 0 0 0.001305528562
577,1785497118.105299234,map,7.3972568512,3.4079427719,-1.2565897703,-0.0108512000,0.0310162400,0.4649516000,0.8847260877,0.04286641874 0 0 0 0 0 0 0.04286641874 0 0 0 0 0 0 0.09427483274 0 0 0 0 0 0 0.0007512539308 0 0 0 0 0 0 0.0007512539308 0 0 0 0 0 0 0.001305785787
578,1785497118.204980612,map,7.4327983856,3.6297938824,-1.2750719786,-0.0128636174,0.0314717814,0.4608127295,0.8868459199,0.04272888407 0 0 0 0 0 0 0.04272888407 0 0 0 0 0 0 0.09407081633 0 0 0 0 0 0 0.0007480769599 0 0 0 0 0 0 0.0007480769599 0 0 0 0 0 0 0.001301596242
579,1785497118.304918528,map,7.4618048668,3.5934340954,-1.3008134365,-0.0214858254,0.0366669423,0.4526422827,0.8906788726,0.04296131958 0 0 0 0 0 0 0.04296131958 0 0 0 0 0 0 0.09441554474 0 0 0 0 0 0 0.0007534470318 0 0 0 0 0 0 0.0007534470318 0 0 0 0 0 0 0.001308676632
580,1785497118.405164719,map,7.5779414177,3.6970672607,-1.2962501049,-0.0226654132,0.0381589190,0.4453822488,0.8942398030,0.04268993768 0 0 0 0 0 0 0.04268993768 0 0 0 0 0 0 0.09401302453 0 0 0 0 0 0 0.0007471776168 0 0 0 0 0 0 0.0007471776168 0 0 0 0 0 0 0.001300409867
581,1785497118.905445814,map,7.6445178986,3.9098219872,-1.3067671061,-0.0122399239,0.0638809648,0.4812884317,0.8741457891,0.04285450195 0 0 0 0 0 0 0.04285450195 0 0 0 0 0 0 0.09425715982 0 0 0 0 0 0 0.0007509785956 0 0 0 0 0 0 0.0007509785956 0 0 0 0 0 0 0.001305422781
582,1785497119.005136967,map,7.6668534279,3.9265022278,-1.3075187206,-0.0122359669,0.0662708099,0.4833663829,0.8728203533,0.0427401253 0 0 0 0 0 0 0.0427401253 0 0 0 0 0 0 0.09408749537 0 0 0 0 0 0 0.0007483365646 0 0 0 0 0 0 0.0007483365646 0 0 0 0 0 0 0.001301938669
583,1785497119.104986191,map,7.7449431419,3.9410748482,-1.3076820374,-0.0177512542,0.0663618944,0.4856265351,0.8714630559,0.04280077641 0 0 0 0 0 0 0.04280077641 0 0 0 0 0 0 0.09417747343 0 0 0 0 0 0 0.0007497374281 0 0 0 0 0 0 0.0007497374281 0 0 0 0 0 0 0.001303786207
584,1785497119.204993725,map,7.7457475662,4.0813941956,-1.3276668787,-0.0183789227,0.0672555050,0.4879954707,0.8700570750,0.04283199107 0 0 0 0 0 0 0.04283199107 0 0 0 0 0 0 0.09422377338 0 0 0 0 0 0 0.000750458519 0 0 0 0 0 0 0.000750458519 0 0 0 0 0 0 0.00130473706
585,1785497119.305099964,map,7.7811651230,4.1026830673,-1.3278092146,-0.0249831067,0.0691394978,0.4927086586,0.8670834831,0.04251805967 0 0 0 0 0 0 0.04251805967 0 0 0 0 0 0 0.09375787522 0 0 0 0 0 0 0.0007432102077 0 0 0 0 0 0 0.0007432102077 0 0 0 0 0 0 0.001295174163
586,1785497119.405310392,map,7.7879862785,4.1766529083,-1.3572425842,-0.0146389772,0.0635888148,0.4976190199,0.8649378413,0.04352207595 0 0 0 0 0 0 0.04352207595 0 0 0 0 0 0 0.09524596644 0 0 0 0 0 0 0.0007664214095 0 0 0 0 0 0 0.0007664214095 0 0 0 0 0 0 0.001325758248
587,1785497119.505131721,map,7.9150452614,4.1617307663,-1.3030811548,-0.0083727537,0.0605993613,0.5048144676,0.8610574595,0.04271203486 0 0 0 0 0 0 0.04271203486 0 0 0 0 0 0 0.09404581516 0 0 0 0 0 0 0.0007476878648 0 0 0 0 0 0 0.0007476878648 0 0 0 0 0 0 0.001301082985
588,1785497119.604910612,map,7.9149556160,4.3486876488,-1.3613243103,-0.0104723841,0.0642305283,0.5088219213,0.8584084277,0.04291702995 0 0 0 0 0 0 0.04291702995 0 0 0 0 0 0 0.09434988163 0 0 0 0 0 0 0.0007524234293 0 0 0 0 0 0 0.0007524234293 0 0 0 0 0 0 0.001307327493
589,1785497119.704880476,map,7.9211091995,4.3032588959,-1.3513655663,-0.0092837445,0.0659458655,0.5114771716,0.8567123432,0.04265110704 0 0 0 0 0 0 0.04265110704 0 0 0 0 0 0 0.09395539594 0 0 0 0 0 0 0.0007462810771 0 0 0 0 0 0 0.0007462810771 0 0 0 0 0 0 0.001299227018
590,1785497119.805321932,map,7.9323096275,4.4569449425,-1.3731919527,-0.0053611718,0.0774966419,0.5123685750,0.8552449818,0.04301668189 0 0 0 0 0 0 0.04301668189 0 0 0 0 0 0 0.09449760854 0 0 0 0 0 0 0.0007547267771 0 0 0 0 0 0 0.0007547267771 0 0 0 0 0 0 0.001310363064
591,1785497120.005053043,map,7.9727773666,4.5198588371,-1.3679784536,-0.0032293161,0.0707619949,0.5143697308,0.8546379968,0.04243621405 0 0 0 0 0 0 0.04243621405 0 0 0 0 0 0 0.09363631795 0 0 0 0 0 0 0.0007413218904 0 0 0 0 0 0 0.0007413218904 0 0 0 0 0 0 0.001292681003
592,1785497120.105003834,map,8.0271263123,4.5083179474,-1.3614120483,-0.0081678803,0.0685581461,0.5148950191,0.8544683704,0.04249856086 0 0 0 0 0 0 0.04249856086 0 0 0 0 0 0 0.09372891902 0 0 0 0 0 0 0.0007427602842 0 0 0 0 0 0 0.0007427602842 0 0 0 0 0 0 0.001294580195
593,1785497120.204927683,map,8.0845527649,4.6018376350,-1.3817623854,-0.0089610889,0.0722449313,0.5106757775,0.8566858352,0.0427199703 0 0 0 0 0 0 0.0427199703 0 0 0 0 0 0 0.09405759011 0 0 0 0 0 0 0.0007478711131 0 0 0 0 0 0 0.0007478711131 0 0 0 0 0 0 0.001301324713
594,1785497120.705054045,map,8.1322078705,4.8276267052,-1.3904336691,-0.0050176719,0.0734541705,0.5210436349,0.8503486618,0.04240751198 0 0 0 0 0 0 0.04240751198 0 0 0 0 0 0 0.09359368052 0 0 0 0 0 0 0.0007406598232 0 0 0 0 0 0 0.0007406598232 0 0 0 0 0 0 0.001291806688
595,1785497120.905051231,map,8.1067276001,4.9104213715,-1.4173895121,-0.0053069252,0.0748687982,0.5448932006,0.8351394507,0.04264084112 0 0 0 0 0 0 0.04264084112 0 0 0 0 0 0 0.09394015885 0 0 0 0 0 0 0.0007460440746 0 0 0 0 0 0 0.0007460440746 0 0 0 0 0 0 0.0012989143
596,1785497121.005091429,map,8.1294069290,4.8863229752,-1.4001158476,0.0017343844,0.0726895781,0.5543628499,0.8290928951,0.04259776689 0 0 0 0 0 0 0.04259776689 0 0 0 0 0 0 0.09387621982 0 0 0 0 0 0 0.0007450497478 0 0 0 0 0 0 0.0007450497478 0 0 0 0 0 0 0.001297602184
597,1785497121.104875565,map,8.0734119415,4.9977922440,-1.4099366665,0.0041676211,0.0696443439,0.5642330820,0.8226623303,0.04284216663 0 0 0 0 0 0 0.04284216663 0 0 0 0 0 0 0.09423886535 0 0 0 0 0 0 0.000750693603 0 0 0 0 0 0 0.000750693603 0 0 0 0 0 0 0.001305047026
598,1785497121.205306053,map,8.1215820312,5.0198035240,-1.4048247337,0.0074738429,0.0676622629,0.5781947596,0.8130539739,0.04276662094 0 0 0 0 0 0 0.04276662094 0 0 0 0 0 0 0.09412680514 0 0 0 0 0 0 0.0007489484975 0 0 0 0 0 0 0.0007489484975 0 0 0 0 0 0 0.001302745772
599,1785497121.305306196,map,8.1922578812,5.0726957321,-1.3975069523,0.0093910370,0.0645739763,0.5876288578,0.8064950992,0.04270197793 0 0 0 0 0 0 0.04270197793 0 0 0 0 0 0 0.09403089174 0 0 0 0 0 0 0.0007474556341 0 0 0 0 0 0 0.0007474556341 0 0 0 0 0 0 0.001300776634
600,1785497121.405102015,map,8.1863555908,5.0710301399,-1.4104595184,0.0085662300,0.0604603802,0.5940020295,0.8021425957,0.04259004153 0 0 0 0 0 0 0.04259004153 0 0 0 0 0 0 0.09386475123 0 0 0 0 0 0 0.0007448714322 0 0 0 0 0 0 0.0007448714322 0 0 0 0 0 0 0.001297366856
601,1785497121.504894733,map,8.2236604691,5.0815572739,-1.4090665579,0.0086770584,0.0567538694,0.5997931141,0.7980926738,0.04291471207 0 0 0 0 0 0 0.04291471207 0 0 0 0 0 0 0.09434644487 0 0 0 0 0 0 0.000752369864 0 0 0 0 0 0 0.000752369864 0 0 0 0 0 0 0.001307256886
602,1785497121.604983091,map,8.2400960922,5.0993242264,-1.4166761637,0.0101953872,0.0608936006,0.6072728966,0.7920906862,0.04249522472 0 0 0 0 0 0 0.04249522472 0 0 0 0 0 0 0.09372396456 0 0 0 0 0 0 0.0007426833082 0 0 0 0 0 0 0.0007426833082 0 0 0 0 0 0 0.001294478571
603,1785497121.705413580,map,8.1854286194,5.1204481125,-1.4139086008,0.0143787627,0.0623089570,0.6103881519,0.7895170498,0.04273412092 0 0 0 0 0 0 0.04273412092 0 0 0 0 0 0 0.09407858653 0 0 0 0 0 0 0.0007481978982 0 0 0 0 0 0 0.0007481978982 0 0 0 0 0 0 0.001301755765
604,1785497121.805203199,map,8.1968336105,5.1848235130,-1.4306166172,0.0196570189,0.0606089564,0.6155351893,0.7855294916,0.04271661493 0 0 0 0 0 0 0.04271661493 0 0 0 0 0 0 0.09405261132 0 0 0 0 0 0 0.000747793629 0 0 0 0 0 0 0.000747793629 0 0 0 0 0 0 0.001301222502
605,1785497121.904988527,map,8.2300996780,5.1900796890,-1.4206122160,0.0209491345,0.0580862216,0.6178783110,0.7838453290,0.04297065597 0 0 0 0 0 0 0.04297065597 0 0 0 0 0 0 0.09442938531 0 0 0 0 0 0 0.0007536628317 0 0 0 0 0 0 0.0007536628317 0 0 0 0 0 0 0.001308961035
606,1785497122.004909277,map,8.2563772202,5.2183413506,-1.4102414846,0.0200814922,0.0545664293,0.6223948880,0.7805407261,0.04272240736 0 0 0 0 0 0 0.04272240736 0 0 0 0 0 0 0.09406120625 0 0 0 0 0 0 0.0007479273917 0 0 0 0 0 0 0.0007479273917 0 0 0 0 0 0 0.00130139895
607,1785497122.105171204,map,8.2598190308,5.2482776642,-1.4317985773,0.0161830230,0.0619542490,0.6344387408,0.7703163335,0.04292478806 0 0 0 0 0 0 0.04292478806 0 0 0 0 0 0 0.09436138447 0 0 0 0 0 0 0.000752602719 0 0 0 0 0 0 0.000752602719 0 0 0 0 0 0 0.001307563818
608,1785497122.205300808,map,8.2985305786,5.2341074944,-1.4160974026,0.0152606085,0.0622040184,0.6419422387,0.7640732591,0.04271998938 0 0 0 0 0 0 0.04271998938 0 0 0 0 0 0 0.09405761842 0 0 0 0 0 0 0.0007478715537 0 0 0 0 0 0 0.0007478715537 0 0 0 0 0 0 0.001301325294
609,1785497122.305103064,map,8.2787303925,5.3817396164,-1.4352790117,0.0131394854,0.0657224167,0.6524843486,0.7548324869,0.04285378927 0 0 0 0 0 0 0.04285378927 0 0 0 0 0 0 0.09425610286 0 0 0 0 0 0 0.0007509621295 0 0 0 0 0 0 0.0007509621295 0 0 0 0 0 0 0.001305401072
610,1785497122.404979706,map,8.3052520752,5.3945612907,-1.4339010715,0.0056736180,0.0640838558,0.6552526012,0.7526653410,0.04280425065 0 0 0 0 0 0 0.04280425065 0 0 0 0 0 0 0.09418262696 0 0 0 0 0 0 0.0007498176825 0 0 0 0 0 0 0.0007498176825 0 0 0 0 0 0 0.001303892039
611,1785497122.505038738,map,8.3042116165,5.4125695229,-1.4330701828,0.0023976467,0.0656394767,0.6564604693,0.7514953979,0.04272282327 0 0 0 0 0 0 0.04272282327 0 0 0 0 0 0 0.09406182339 0 0 0 0 0 0 0.0007479369963 0 0 0 0 0 0 0.0007479369963 0 0 0 0 0 0 0.001301411619
612,1785497122.604972363,map,8.2934188843,5.4825911522,-1.4323523045,-0.0003976101,0.0619909363,0.6623056024,0.7466647500,0.04284714209 0 0 0 0 0 0 0.04284714209 0 0 0 0 0 0 0.09424624454 0 0 0 0 0 0 0.0007508085534 0 0 0 0 0 0 0.0007508085534 0 0 0 0 0 0 0.001305198587
613,1785497122.705132484,map,8.3001241684,5.5529561043,-1.4245817661,0.0000925285,0.0615185918,0.6735082150,0.7366153273,0.0428166044 0 0 0 0 0 0 0.0428166044 0 0 0 0 0 0 0.09420095139 0 0 0 0 0 0 0.0007501030606 0 0 0 0 0 0 0.0007501030606 0 0 0 0 0 0 0.001304268356
614,1785497123.205140114,map,8.3273019791,5.5578269958,-1.4309917688,0.0006654962,0.0586125785,0.6978333861,0.7138575864,0.04325734991 0 0 0 0 0 0 0.04325734991 0 0 0 0 0 0 0.09485415262 0 0 0 0 0 0 0.0007602930507 0 0 0 0 0 0 0.0007602930507 0 0 0 0 0 0 0.001317694232
615,1785497123.404837370,map,8.2631196976,5.6380305290,-1.4489722252,0.0047250245,0.0546353747,0.7121072842,0.6999255970,0.04304031076 0 0 0 0 0 0 0.04304031076 0 0 0 0 0 0 0.09453262849 0 0 0 0 0 0 0.0007552730577 0 0 0 0 0 0 0.0007552730577 0 0 0 0 0 0 0.001311082841
616,1785497123.505271673,map,8.2528934479,5.6874318123,-1.4311262369,0.0095667272,0.0526103644,0.7201851350,0.6917181726,0.04275561001 0 0 0 0 0 0 0.04275561001 0 0 0 0 0 0 0.09411046946 0 0 0 0 0 0 0.0007486941861 0 0 0 0 0 0 0.0007486941861 0 0 0 0 0 0 0.00130241036
617,1785497123.605357885,map,8.2673387527,5.7204961777,-1.4405412674,0.0125970725,0.0515722372,0.7256249103,0.6860394427,0.04297067531 0 0 0 0 0 0 0.04297067531 0 0 0 0 0 0 0.09442941399 0 0 0 0 0 0 0.0007536632788 0 0 0 0 0 0 0.0007536632788 0 0 0 0 0 0 0.001308961624
618,1785497123.705027342,map,8.3100814819,5.7156229019,-1.4269465208,0.0121934224,0.0543546949,0.7319882534,0.6790361298,0.04291213717 0 0 0 0 0 0 0.04291213717 0 0 0 0 0 0 0.09434262699 0 0 0 0 0 0 0.0007523103597 0 0 0 0 0 0 0.0007523103597 0 0 0 0 0 0 0.00130717845
619,1785497123.804818392,map,8.2466583252,5.9262962341,-1.4408862591,0.0044540193,0.0553813596,0.7367979053,0.6738263172,0.04286024709 0 0 0 0 0 0 0.04286024709 0 0 0 0 0 0 0.09426568011 0 0 0 0 0 0 0.0007511113344 0 0 0 0 0 0 0.0007511113344 0 0 0 0 0 0 0.001305597788
620,1785497123.905067444,map,8.2889385223,5.9483814240,-1.4113807678,0.0123677859,0.0511017026,0.7365055264,0.6743850770,0.04260735922 0 0 0 0 0 0 0.04260735922 0 0 0 0 0 0 0.0938904595 0 0 0 0 0 0 0.0007452711635 0 0 0 0 0 0 0.0007452711635 0 0 0 0 0 0 0.001297894383
621,1785497124.005300283,map,8.2498540878,6.1201319695,-1.4597227573,0.0089668271,0.0512820474,0.7392726307,0.6713908983,0.04289476687 0 0 0 0 0 0 0.04289476687 0 0 0 0 0 0 0.09431687057 0 0 0 0 0 0 0.000751908958 0 0 0 0 0 0 0.000751908958 0 0 0 0 0 0 0.001306649321
622,1785497124.105112791,map,8.1474189758,6.3764591217,-1.5010690689,-0.0024133756,0.0513831831,0.7407720017,0.6697841536,0.0430235951 0 0 0 0 0 0 0.0430235951 0 0 0 0 0 0 0.09450785481 0 0 0 0 0 0 0.0007548866 0 0 0 0 0 0 0.0007548866 0 0 0 0 0 0 0.001310573653
623,1785497124.205027819,map,8.2330551147,6.3126249313,-1.4467846155,0.0020392482,0.0511984569,0.7410528962,0.6694887502,0.04274148725 0 0 0 0 0 0 0.04274148725 0 0 0 0 0 0 0.0940895161 0 0 0 0 0 0 0.0007483680182 0 0 0 0 0 0 0.0007483680182 0 0 0 0 0 0 0.001301980156
624,1785497124.304841280,map,8.2472734451,6.4458999634,-1.4490855932,0.0016890469,0.0556825472,0.7402321231,0.6700395823,0.04300177462 0 0 0 0 0 0 0.04300177462 0 0 0 0 0 0 0.09447551311 0 0 0 0 0 0 0.0007543821575 0 0 0 0 0 0 0.0007543821575 0 0 0 0 0 0 0.001309908963
625,1785497124.405098915,map,8.3001165390,6.5385437012,-1.4227123260,0.0028338015,0.0540882228,0.7393546004,0.6711342687,0.04266698237 0 0 0 0 0 0 0.04266698237 0 0 0 0 0 0 0.09397895758 0 0 0 0 0 0 0.0007466475985 0 0 0 0 0 0 0.0007466475985 0 0 0 0 0 0 0.001299710608
626,1785497124.505225420,map,8.2408571243,6.6145796776,-1.4669567347,0.0158071858,0.0536896642,0.7419466440,0.6681187919,0.04304946736 0 0 0 0 0 0 0.04304946736 0 0 0 0 0 0 0.09454619849 0 0 0 0 0 0 0.0007554847638 0 0 0 0 0 0 0.0007554847638 0 0 0 0 0 0 0.001311361767
627,1785497124.605076075,map,8.2417850494,6.6789402962,-1.4474116564,0.0229838186,0.0418268916,0.7443092415,0.6661276094,0.04267767805 0 0 0 0 0 0 0.04267767805 0 0 0 0 0 0 0.09399483093 0 0 0 0 0 0 0.0007468945468 0 0 0 0 0 0 0.0007468945468 0 0 0 0 0 0 0.001300036417
628,1785497124.704967022,map,8.1735448837,6.7977499962,-1.4844270945,0.0205702923,0.0488834779,0.7480994261,0.6614639293,0.04280425404 0 0 0 0 0 0 0.04280425404 0 0 0 0 0 0 0.09418263199 0 0 0 0 0 0 0.0007498177609 0 0 0 0 0 0 0.0007498177609 0 0 0 0 0 0 0.001303892142
629,1785497124.804840088,map,8.1778469086,6.8549861908,-1.4581311941,0.0228136766,0.0493270762,0.7481392847,0.6613123296,0.0426899237 0 0 0 0 0 0 0.0426899237 0 0 0 0 0 0 0.09401300379 0 0 0 0 0 0 0.0007471772941 0 0 0 0 0 0 0.0007471772941 0 0 0 0 0 0 0.001300409441
630,1785497124.905050516,map,8.2248115540,6.8864812851,-1.4514819384,0.0243906377,0.0464607014,0.7478141174,0.6618311883,0.04270054367 0 0 0 0 0 0 0.04270054367 0 0 0 0 0 0 0.09402876341 0 0 0 0 0 0 0.0007474225155 0 0 0 0 0 0 0.0007474225155 0 0 0 0 0 0 0.001300732944
631,1785497125.304916859,map,8.2175121307,6.8836655617,-1.4520010948,0.0250652411,0.0462729765,0.7477836386,0.6618535805,0.04270657595 0 0 0 0 0 0 0.04270657595 0 0 0 0 0 0 0.09403771479 0 0 0 0 0 0 0.0007475618087 0 0 0 0 0 0 0.0007475618087 0 0 0 0 0 0 0.001300916697
632,1785497125.405297041,map,8.2112874985,6.8834662437,-1.4532173872,0.0252767759,0.0462030910,0.7477313798,0.6619094628,0.04256449969 0 0 0 0 0 0 0.04256449969 0 0 0 0 0 0 0.09382683103 0 0 0 0 0 0 0.0007442819167 0 0 0 0 0 0 0.0007442819167 0 0 0 0 0 0 0.001296588807
633,1785497125.505092144,map,8.2081079483,6.8903198242,-1.4524683952,0.0252918536,0.0460832442,0.7477281049,0.6619209511,0.04288635679 0 0 0 0 0 0 0.04288635679 0 0 0 0 0 0 0.09430439962 0 0 0 0 0 0 0.0007517146229 0 0 0 0 0 0 0.0007517146229 0 0 0 0 0 0 0.001306393135
634,1785497125.605016708,map,8.2033872604,6.8934264183,-1.4509160519,0.0253607957,0.0459290089,0.7476745612,0.6619894994,0.04272757733 0 0 0 0 0 0 0.04272757733 0 0 0 0 0 0 0.09406887742 0 0 0 0 0 0 0.0007480467827 0 0 0 0 0 0 0.0007480467827 0 0 0 0 0 0 0.001301556436
635,1785497125.704843521,map,8.1987047195,6.8945918083,-1.4535777569,0.0253545562,0.0459174355,0.7476750946,0.6619899439,0.04281299649 0 0 0 0 0 0 0.04281299649 0 0 0 0 0 0 0.09419559983 0 0 0 0 0 0 0.0007500197146 0 0 0 0 0 0 0.0007500197146 0 0 0 0 0 0 0.001304158452
636,1785497125.805095196,map,8.2007694244,6.8924374580,-1.4524129629,0.0251744496,0.0459751634,0.7476371868,0.6620356271,0.04280869804 0 0 0 0 0 0 0.04280869804 0 0 0 0 0 0 0.09418922391 0 0 0 0 0 0 0.000749920418 0 0 0 0 0 0 0.000749920418 0 0 0 0 0 0 0.001304027514
637,1785497125.905245781,map,8.1977672577,6.8891654015,-1.4529932737,0.0253424209,0.0460765696,0.7477075922,0.6619426776,0.04266070855 0 0 0 0 0 0 0.04266070855 0 0 0 0 0 0 0.09396964635 0 0 0 0 0 0 0.0007465027492 0 0 0 0 0 0 0.0007465027492 0 0 0 0 0 0 0.001299519497
638,1785497126.005023241,map,8.2002363205,6.8900856972,-1.4529134035,0.0256528697,0.0461031012,0.7476465883,0.6619977449,0.04279252994 0 0 0 0 0 0 0.04279252994 0 0 0 0 0 0 0.09416524072 0 0 0 0 0 0 0.0007495469401 0 0 0 0 0 0 0.0007495469401 0 0 0 0 0 0 0.001303535006
639,1785497126.104857922,map,8.1967325211,6.8904938698,-1.4530698061,0.0256020063,0.0462372371,0.7476888480,0.6619426509,0.04257861225 0 0 0 0 0 0 0.04257861225 0 0 0 0 0 0 0.09384778343 0 0 0 0 0 0 0.0007446076331 0 0 0 0 0 0 0.0007446076331 0 0 0 0 0 0 0.0012970187
640,1785497126.204904079,map,8.1987457275,6.8776531219,-1.4511007071,0.0255998140,0.0462712179,0.7477280431,0.6618960552,0.04258485356 0 0 0 0 0 0 0.04258485356 0 0 0 0 0 0 0.09385704931 0 0 0 0 0 0 0.0007447516873 0 0 0 0 0 0 0.0007447516873 0 0 0 0 0 0 0.001297208821
641,1785497126.405070305,map,8.1991252899,6.8776636124,-1.4501487017,0.0251728956,0.0462604463,0.7476955880,0.6619498573,0.04269033584 0 0 0 0 0 0 0.04269033584 0 0 0 0 0 0 0.09401361539 0 0 0 0 0 0 0.0007471868104 0 0 0 0 0 0 0.0007471868104 0 0 0 0 0 0 0.001300421995
642,1785497126.504966497,map,8.1991882324,6.8767452240,-1.4482463598,0.0248373566,0.0462518709,0.7476958069,0.6619628966,0.04291021677 0 0 0 0 0 0 0.04291021677 0 0 0 0 0 0 0.09433977953 0 0 0 0 0 0 0.0007522659809 0 0 0 0 0 0 0.0007522659809 0 0 0 0 0 0 0.001307119952
643,1785497126.604859114,map,8.2038688660,6.8753571510,-1.4474548101,0.0251987392,0.0462800154,0.7477081957,0.6619332749,0.04253048969 0 0 0 0 0 0 0.04253048969 0 0 0 0 0 0 0.09377633297 0 0 0 0 0 0 0.0007434970403 0 0 0 0 0 0 0.0007434970403 0 0 0 0 0 0 0.001295552803
644,1785497126.705024958,map,8.2095451355,6.8699846268,-1.4498311281,0.0249738316,0.0463398596,0.7476918046,0.6619561364,0.04277956905 0 0 0 0 0 0 0.04277956905 0 0 0 0 0 0 0.09414601393 0 0 0 0 0 0 0.0007492475641 0 0 0 0 0 0 0.0007492475641 0 0 0 0 0 0 0.001303140194
645,1785497126.805159569,map,8.2139062881,6.8680095673,-1.4527021646,0.0246159939,0.0462683229,0.7476971103,0.6619685186,0.0425975798 0 0 0 0 0 0 0.0425975798 0 0 0 0 0 0 0.09387594207 0 0 0 0 0 0 0.0007450454293 0 0 0 0 0 0 0.0007450454293 0 0 0 0 0 0 0.001297596485
646,1785497126.904972553,map,8.2121315002,6.8697638512,-1.4513417482,0.0244248316,0.0462415407,0.7477018660,0.6619721006,0.04270043474 0 0 0 0 0 0 0.04270043474 0 0 0 0 0 0 0.09402860176 0 0 0 0 0 0 0.0007474200001 0 0 0 0 0 0 0.0007474200001 0 0 0 0 0 0 0.001300729625
647,1785497127.004845381,map,8.2182817459,6.8638033867,-1.4502475262,0.0242170709,0.0461910763,0.7476514958,0.6620401569,0.04271119358 0 0 0 0 0 0 0.04271119358 0 0 0 0 0 0 0.09404456682 0 0 0 0 0 0 0.000747668438 0 0 0 0 0 0 0.000747668438 0 0 0 0 0 0 0.001301057358
648,1785497127.104817152,map,8.2117090225,6.8621773720,-1.4495542049,0.0244360851,0.0463060549,0.7476752470,0.6619972230,0.0425307946 0 0 0 0 0 0 0.0425307946 0 0 0 0 0 0 0.09377678573 0 0 0 0 0 0 0.0007435040766 0 0 0 0 0 0 0.0007435040766 0 0 0 0 0 0 0.001295562091
649,1785497127.205188274,map,8.2123804092,6.8631901741,-1.4507951736,0.0242921339,0.0462593640,0.7476735964,0.6620076729,0.04250727876 0 0 0 0 0 0 0.04250727876 0 0 0 0 0 0 0.09374186558 0 0 0 0 0 0 0.0007429614406 0 0 0 0 0 0 0.0007429614406 0 0 0 0 0 0 0.001294845758
650,1785497127.305056810,map,8.2178649902,6.8607378006,-1.4489051104,0.0243353768,0.0462182699,0.7477073735,0.6619708119,0.0427508556 0 0 0 0 0 0 0.0427508556 0 0 0 0 0 0 0.09410341566 0 0 0 0 0 0 0.0007485843801 0 0 0 0 0 0 0.0007485843801 0 0 0 0 0 0 0.001302265533
651,1785497127.404844046,map,8.2229442596,6.8619880676,-1.4485845566,0.0240848135,0.0462075656,0.7477481956,0.6619346129,0.04267731556 0 0 0 0 0 0 0.04267731556 0 0 0 0 0 0 0.09399429297 0 0 0 0 0 0 0.0007468861773 0 0 0 0 0 0 0.0007468861773 0 0 0 0 0 0 0.001300025375
652,1785497127.504966497,map,8.2259225845,6.8562335968,-1.4476969242,0.0238963563,0.0463641867,0.7477199205,0.6619624141,0.04265100062 0 0 0 0 0 0 0.04265100062 0 0 0 0 0 0 0.09395523799 0 0 0 0 0 0 0.0007462786202 0 0 0 0 0 0 0.0007462786202 0 0 0 0 0 0 0.001299223776
653,1785497127.605207443,map,8.2286720276,6.8560185432,-1.4492537975,0.0236542590,0.0464904431,0.7477026922,0.6619817124,0.04277793753 0 0 0 0 0 0 0.04277793753 0 0 0 0 0 0 0.09414359359 0 0 0 0 0 0 0.0007492098795 0 0 0 0 0 0 0.0007492098795 0 0 0 0 0 0 0.001303090495
654,1785497127.704970360,map,8.2302360535,6.8524775505,-1.4461482763,0.0234285849,0.0463601213,0.7477224817,0.6619765281,0.04266361405 0 0 0 0 0 0 0.04266361405 0 0 0 0 0 0 0.09397395855 0 0 0 0 0 0 0.0007465698306 0 0 0 0 0 0 0.0007465698306 0 0 0 0 0 0 0.001299608003
655,1785497127.804863691,map,8.2357912064,6.8509831429,-1.4481852055,0.0232557464,0.0463040984,0.7477300725,0.6619779786,0.04288745644 0 0 0 0 0 0 0.04288745644 0 0 0 0 0 0 0.09430603026 0 0 0 0 0 0 0.0007517400326 0 0 0 0 0 0 0.0007517400326 0 0 0 0 0 0 0.001306426632
656,1785497127.904888630,map,8.2311677933,6.8531250954,-1.4514033794,0.0238162767,0.0462675902,0.7477376278,0.6619520788,0.04269636311 0 0 0 0 0 0 0.04269636311 0 0 0 0 0 0 0.0940225597 0 0 0 0 0 0 0.0007473259827 0 0 0 0 0 0 0.0007473259827 0 0 0 0 0 0 0.001300605596
657,1785497128.005679369,map,8.2272539139,6.8605837822,-1.4525313377,0.0243757075,0.0461264268,0.7477488627,0.6619288809,0.04274988834 0 0 0 0 0 0 0.04274988834 0 0 0 0 0 0 0.09410198059 0 0 0 0 0 0 0.0007485620409 0 0 0 0 0 0 0.0007485620409 0 0 0 0 0 0 0.001302236068
658,1785497128.105112314,map,8.2219152451,6.8659839630,-1.4543238878,0.0248894380,0.0461939587,0.7477404534,0.6619145436,0.0426107374 0 0 0 0 0 0 0.0426107374 0 0 0 0 0 0 0.09389547424 0 0 0 0 0 0 0.0007453491425 0 0 0 0 0 0 0.0007453491425 0 0 0 0 0 0 0.001297997288
659,1785497128.204861403,map,8.2184028625,6.8682603836,-1.4515208006,0.0247558122,0.0459505869,0.7478188845,0.6618478520,0.04269902662 0 0 0 0 0 0 0.04269902662 0 0 0 0 0 0 0.09402651221 0 0 0 0 0 0 0.0007473874854 0 0 0 0 0 0 0.0007473874854 0 0 0 0 0 0 0.001300686732
660,1785497128.304871321,map,8.2266969681,6.8712906837,-1.4528118372,0.0248113293,0.0459718099,0.7481565483,0.6614626015,0.04256821021 0 0 0 0 0 0 0.04256821021 0 0 0 0 0 0 0.09383234001 0 0 0 0 0 0 0.0007443675534 0 0 0 0 0 0 0.0007443675534 0 0 0 0 0 0 0.001296701836
661,1785497128.604928017,map,8.2243795395,6.8731637001,-1.4503545761,0.0246474286,0.0460007767,0.7480924192,0.6615392233,0.04257140415 0 0 0 0 0 0 0.04257140415 0 0 0 0 0 0 0.09383708197 0 0 0 0 0 0 0.0007444412686 0 0 0 0 0 0 0.0007444412686 0 0 0 0 0 0 0.001296799129
662,1785497128.704797506,map,8.2077016830,6.8829455376,-1.4510153532,0.0252818238,0.0460269396,0.7480680388,0.6615410633,0.04276904881 0 0 0 0 0 0 0.04276904881 0 0 0 0 0 0 0.09413040702 0 0 0 0 0 0 0.0007490045738 0 0 0 0 0 0 0.0007490045738 0 0 0 0 0 0 0.00130281973
663,1785497128.804978609,map,8.2037572861,6.8852319717,-1.4523214102,0.0250709043,0.0460020253,0.7480665532,0.6615524763,0.04263058135 0 0 0 0 0 0 0.04263058135 0 0 0 0 0 0 0.09392493028 0 0 0 0 0 0 0.0007458072231 0 0 0 0 0 0 0.0007458072231 0 0 0 0 0 0 0.001298601769
664,1785497128.905198574,map,8.2033948898,6.8869848251,-1.4505331516,0.0252359712,0.0459464795,0.7479530654,0.6616783554,0.04295360251 0 0 0 0 0 0 0.04295360251 0 0 0 0 0 0 0.09440410432 0 0 0 0 0 0 0.0007532686661 0 0 0 0 0 0 0.0007532686661 0 0 0 0 0 0 0.001308441557
665,1785497129.004948854,map,8.2068529129,6.8817005157,-1.4515953064,0.0250927182,0.0459696997,0.7480703349,0.6615496101,0.04269340538 0 0 0 0 0 0 0.04269340538 0 0 0 0 0 0 0.09401817054 0 0 0 0 0 0 0.0007472576871 0 0 0 0 0 0 0.0007472576871 0 0 0 0 0 0 0.001300515499
666,1785497129.104867220,map,8.2104310989,6.8801207542,-1.4509681463,0.0250389414,0.0459780126,0.7479269113,0.6617132482,0.04264615186 0 0 0 0 0 0 0.04264615186 0 0 0 0 0 0 0.09394804133 0 0 0 0 0 0 0.000746166679 0 0 0 0 0 0 0.000746166679 0 0 0 0 0 0 0.001299076074
667,1785497129.204923630,map,8.2066822052,6.8813815117,-1.4503360987,0.0253877684,0.0461067748,0.7478784397,0.6617457944,0.04253541962 0 0 0 0 0 0 0.04253541962 0 0 0 0 0 0 0.09378365333 0 0 0 0 0 0 0.000743610806 0 0 0 0 0 0 0.000743610806 0 0 0 0 0 0 0.001295702977
668,1785497129.305043459,map,8.2091217041,6.8814930916,-1.4501565695,0.0253988047,0.0461048769,0.7479076988,0.6617124347,0.04267758264 0 0 0 0 0 0 0.04267758264 0 0 0 0 0 0 0.09399468933 0 0 0 0 0 0 0.0007468923439 0 0 0 0 0 0 0.0007468923439 0 0 0 0 0 0 0.001300033511
669,1785497129.404986620,map,8.2118434906,6.8794283867,-1.4532026052,0.0250010795,0.0460336237,0.7479363401,0.6617001448,0.04265721442 0 0 0 0 0 0 0.04265721442 0 0 0 0 0 0 0.09396446048 0 0 0 0 0 0 0.0007464220785 0 0 0 0 0 0 0.0007464220785 0 0 0 0 0 0 0.001299413059
670,1785497129.504880428,map,8.2121810913,6.8814620972,-1.4530974627,0.0249863358,0.0460115819,0.7479125974,0.6617290803,0.04259205267 0 0 0 0 0 0 0.04259205267 0 0 0 0 0 0 0.09386773687 0 0 0 0 0 0 0.0007449178525 0 0 0 0 0 0 0.0007449178525 0 0 0 0 0 0 0.001297428119
671,1785497129.604836702,map,8.2148857117,6.8814854622,-1.4512276649,0.0248531299,0.0458778340,0.7478838450,0.6617758595,0.04265381112 0 0 0 0 0 0 0.04265381112 0 0 0 0 0 0 0.09395940935 0 0 0 0 0 0 0.000746343506 0 0 0 0 0 0 0.000746343506 0 0 0 0 0 0 0.001299309389
672,1785497129.705193520,map,8.2116928101,6.8822298050,-1.4519573450,0.0247336479,0.0459646587,0.7478595243,0.6618018041,0.04288730252 0 0 0 0 0 0 0.04288730252 0 0 0 0 0 0 0.09430580202 0 0 0 0 0 0 0.000751736476 0 0 0 0 0 0 0.000751736476 0 0 0 0 0 0 0.001306421944
673,1785497129.805100203,map,8.2095012665,6.8820328712,-1.4521596432,0.0248698035,0.0460371195,0.7478437445,0.6618094919,0.04264155445 0 0 0 0 0 0 0.04264155445 0 0 0 0 0 0 0.09394121762 0 0 0 0 0 0 0.0007460605424 0 0 0 0 0 0 0.0007460605424 0 0 0 0 0 0 0.001298936029
674,1785497129.905093431,map,8.2095518112,6.8790988922,-1.4522697926,0.0248349161,0.0462447842,0.7478316283,0.6618100322,0.04263057189 0 0 0 0 0 0 0.04263057189 0 0 0 0 0 0 0.09392491624 0 0 0 0 0 0 0.0007458070048 0 0 0 0 0 0 0.0007458070048 0 0 0 0 0 0 0.001298601481
675,1785497130.004852295,map,8.2124767303,6.8827133179,-1.4538899660,0.0246524232,0.0460787322,0.7477938822,0.6618710767,0.0428421514 0 0 0 0 0 0 0.0428421514 0 0 0 0 0 0 0.09423884277 0 0 0 0 0 0 0.0007506932512 0 0 0 0 0 0 0.0007506932512 0 0 0 0 0 0 0.001305046562
676,1785497130.104897738,map,8.2244634628,6.8782186508,-1.4536788464,0.0247856509,0.0461436191,0.7479701937,0.6616623067,0.04264932541 0 0 0 0 0 0 0.04264932541 0 0 0 0 0 0 0.09395275161 0 0 0 0 0 0 0.0007462399451 0 0 0 0 0 0 0.0007462399451 0 0 0 0 0 0 0.001299172746
677,1785497130.304940462,map,8.2215642929,6.8787851334,-1.4503443241,0.0245465066,0.0461096271,0.7478832460,0.6617718866,0.04257211516 0 0 0 0 0 0 0.04257211516 0 0 0 0 0 0 0.09383813757 0 0 0 0 0 0 0.0007444576786 0 0 0 0 0 0 0.0007444576786 0 0 0 0 0 0 0.001296820787
678,1785497130.404874802,map,8.2277355194,6.8790760040,-1.4538056850,0.0245347554,0.0460739834,0.7478869959,0.6617705609,0.04258151583 0 0 0 0 0 0 0.04258151583 0 0 0 0 0 0 0.09385209413 0 0 0 0 0 0 0.0007446746495 0 0 0 0 0 0 0.0007446746495 0 0 0 0 0 0 0.001297107148
679,1785497130.504823685,map,8.2214736938,6.8803105354,-1.4548940659,0.0245701639,0.0460500731,0.7479759653,0.6616703297,0.04261722719 0 0 0 0 0 0 0.04261722719 0 0 0 0 0 0 0.09390510782 0 0 0 0 0 0 0.0007454989499 0 0 0 0 0 0 0.0007454989499 0 0 0 0 0 0 0.001298194978
680,1785497130.605005503,map,8.2164278030,6.8799648285,-1.4516003132,0.0248609234,0.0460609433,0.7479171886,0.6617251775,0.04265877023 0 0 0 0 0 0 0.04265877023 0 0 0 0 0 0 0.09396676957 0 0 0 0 0 0 0.0007464579982 0 0 0 0 0 0 0.0007464579982 0 0 0 0 0 0 0.001299460452
681,1785497130.705043077,map,8.2111072540,6.8829660416,-1.4525504112,0.0249351665,0.0460562982,0.7478658741,0.6617807034,0.04279847223 0 0 0 0 0 0 0.04279847223 0 0 0 0 0 0 0.09417405548 0 0 0 0 0 0 0.0007496842025 0 0 0 0 0 0 0.0007496842025 0 0 0 0 0 0 0.001303716018
682,1785497130.804834843,map,8.2010183334,6.8958883286,-1.4509845972,0.0250378775,0.0460538075,0.7478807075,0.6617602255,0.04272522897 0 0 0 0 0 0 0.04272522897 0 0 0 0 0 0 0.09406539296 0 0 0 0 0 0 0.0007479925513 0 0 0 0 0 0 0.0007479925513 0 0 0 0 0 0 0.001301484901
683,1785497130.904587269,map,8.1989564896,6.8989129066,-1.4508905411,0.0251043989,0.0460254067,0.7478890777,0.6617502291,0.04263947691 0 0 0 0 0 0 0.04263947691 0 0 0 0 0 0 0.09393813399 0 0 0 0 0 0 0.0007460125807 0 0 0 0 0 0 0.0007460125807 0 0 0 0 0 0 0.001298872744
684,1785497131.005048752,map,8.1974315643,6.8990240097,-1.4516870975,0.0252405726,0.0460007483,0.7479569986,0.6616699750,0.04274420287 0 0 0 0 0 0 0.04274420287 0 0 0 0 0 0 0.09409354524 0 0 0 0 0 0 0.0007484307346 0 0 0 0 0 0 0.0007484307346 0 0 0 0 0 0 0.001302062879
685,1785497131.105377913,map,8.2003345490,6.8983807564,-1.4491773844,0.0249683758,0.0460483224,0.7478828017,0.6617608630,0.04270659893 0 0 0 0 0 0 0.04270659893 0 0 0 0 0 0 0.09403774889 0 0 0 0 0 0 0.0007475623395 0 0 0 0 0 0 0.0007475623395 0 0 0 0 0 0 0.001300917397
686,1785497131.205054998,map,8.2038993835,6.8990573883,-1.4502493143,0.0249343895,0.0458758265,0.7478906409,0.6617652834,0.04257435037 0 0 0 0 0 0 0.04257435037 0 0 0 0 0 0 0.0938414561 0 0 0 0 0 0 0.0007445092675 0 0 0 0 0 0 0.0007445092675 0 0 0 0 0 0 0.001296888876
687,1785497131.304721355,map,8.1974306107,6.8961501122,-1.4491388798,0.0252039965,0.0459677245,0.7478133278,0.6618360318,0.04284601059 0 0 0 0 0 0 0.04284601059 0 0 0 0 0 0 0.09424456641 0 0 0 0 0 0 0.0007507824117 0 0 0 0 0 0 0.0007507824117 0 0 0 0 0 0 0.00130516412
688,1785497131.404811859,map,8.1924180984,6.8940911293,-1.4508385658,0.0251447622,0.0460950583,0.7478329737,0.6618072276,0.04286957103 0 0 0 0 0 0 0.04286957103 0 0 0 0 0 0 0.09427950754 0 0 0 0 0 0 0.0007513267659 0 0 0 0 0 0 0.0007513267659 0 0 0 0 0 0 0.001305881812
689,1785497131.505053282,map,8.1931056976,6.8969230652,-1.4496676922,0.0251796166,0.0459085319,0.7478034741,0.6618522451,0.04251102569 0 0 0 0 0 0 0.04251102569 0 0 0 0 0 0 0.09374742984 0 0 0 0 0 0 0.000743047899 0 0 0 0 0 0 0.000743047899 0 0 0 0 0 0 0.001294959896
690,1785497131.605141640,map,8.1886663437,6.8983430862,-1.4497649670,0.0254983552,0.0459889266,0.7478106340,0.6618263405,0.04272562179 0 0 0 0 0 0 0.04272562179 0 0 0 0 0 0 0.09406597582 0 0 0 0 0 0 0.0007480016227 0 0 0 0 0 0 0.0007480016227 0 0 0 0 0 0 0.001301496867
691,1785497131.704936981,map,8.1896514893,6.8994007111,-1.4490818977,0.0258803487,0.0459042049,0.7477841316,0.6618473454,0.0426497011 0 0 0 0 0 0 0.0426497011 0 0 0 0 0 0 0.09395330922 0 0 0 0 0 0 0.0007462486186 0 0 0 0 0 0 0.0007462486186 0 0 0 0 0 0 0.00129918419
692,1785497131.804787159,map,8.1907863617,6.9029121399,-1.4509348869,0.0260640504,0.0459563583,0.7478730164,0.6617360680,0.04268718469 0 0 0 0 0 0 0.04268718469 0 0 0 0 0 0 0.0940089391 0 0 0 0 0 0 0.0007471140503 0 0 0 0 0 0 0.0007471140503 0 0 0 0 0 0 0.001300326006
693,1785497131.904964924,map,8.1922006607,6.9017057419,-1.4510459900,0.0258439776,0.0458795278,0.7477689226,0.6618676419,0.04271570645 0 0 0 0 0 0 0.04271570645 0 0 0 0 0 0 0.09405126327 0 0 0 0 0 0 0.00074777265 0 0 0 0 0 0 0.00074777265 0 0 0 0 0 0 0.001301194828
694,1785497132.005144596,map,8.1886329651,6.9009122849,-1.4511367083,0.0258055745,0.0459492248,0.7477556985,0.6618792674,0.04275211633 0 0 0 0 0 0 0.04275211633 0 0 0 0 0 0 0.09410528614 0 0 0 0 0 0 0.0007486134973 0 0 0 0 0 0 0.0007486134973 0 0 0 0 0 0 0.001302303937
695,1785497132.104933023,map,8.1884050369,6.9033851624,-1.4524737597,0.0256575250,0.0458422862,0.7477040944,0.6619507366,0.04294383943 0 0 0 0 0 0 0.04294383943 0 0 0 0 0 0 0.09438963026 0 0 0 0 0 0 0.0007530430182 0 0 0 0 0 0 0.0007530430182 0 0 0 0 0 0 0.001308144156
696,1785497132.204778194,map,8.1923074722,6.9005646706,-1.4504439831,0.0256813321,0.0458150736,0.7477194447,0.6619343372,0.04247090211 0 0 0 0 0 0 0.04247090211 0 0 0 0 0 0 0.0936878414 0 0 0 0 0 0 0.0007421221317 0 0 0 0 0 0 0.0007421221317 0 0 0 0 0 0 0.001293737662
697,1785497132.304886580,map,8.1890316010,6.9001965523,-1.4506603479,0.0259675981,0.0459539694,0.7478082216,0.6618132717,0.04267857203 0 0 0 0 0 0 0.04267857203 0 0 0 0 0 0 0.09399615765 0 0 0 0 0 0 0.0007469151881 0 0 0 0 0 0 0.0007469151881 0 0 0 0 0 0 0.001300063649
698,1785497132.405159712,map,8.2032394409,6.8915939331,-1.4535357952,0.0260220742,0.0461434095,0.7479608347,0.6616254616,0.04277548261 0 0 0 0 0 0 0.04277548261 0 0 0 0 0 0 0.09413995172 0 0 0 0 0 0 0.0007491531768 0 0 0 0 0 0 0.0007491531768 0 0 0 0 0 0 0.001303015714
699,1785497132.604847670,map,8.1970367432,6.8927602768,-1.4507406950,0.0261485697,0.0461552491,0.7479811350,0.6615967074,0.04266812418 0 0 0 0 0 0 0.04266812418 0 0 0 0 0 0 0.09398065216 0 0 0 0 0 0 0.0007466739608 0 0 0 0 0 0 0.0007466739608 0 0 0 0 0 0 0.00129974539
700,1785497132.704838037,map,8.1929426193,6.8945188522,-1.4515639544,0.0262356039,0.0461694624,0.7479411719,0.6616374362,0.04290114582 0 0 0 0 0 0 0.04290114582 0 0 0 0 0 0 0.09432632938 0 0 0 0 0 0 0.000752056363 0 0 0 0 0 0 0.000752056363 0 0 0 0 0 0 0.001306843635
701,1785497132.805129290,map,8.1923503876,6.8962101936,-1.4520132542,0.0260531287,0.0461844714,0.7478742459,0.6617192396,0.0427067141 0 0 0 0 0 0 0.0427067141 0 0 0 0 0 0 0.09403791979 0 0 0 0 0 0 0.0007475649988 0 0 0 0 0 0 0.0007475649988 0 0 0 0 0 0 0.001300920906
702,1785497132.905182123,map,8.1902170181,6.8937239647,-1.4504055977,0.0260077422,0.0460865060,0.7478548245,0.6617498139,0.04281428488 0 0 0 0 0 0 0.04281428488 0 0 0 0 0 0 0.0941975109 0 0 0 0 0 0 0.0007500494775 0 0 0 0 0 0 0.0007500494775 0 0 0 0 0 0 0.001304197699
703,1785497133.005048752,map,8.1895856857,6.8949441910,-1.4496409893,0.0261350066,0.0460272173,0.7478199003,0.6617883900,0.04260988151 0 0 0 0 0 0 0.04260988151 0 0 0 0 0 0 0.09389420372 0 0 0 0 0 0 0.0007453293858 0 0 0 0 0 0 0.0007453293858 0 0 0 0 0 0 0.001297971216
704,1785497133.104782581,map,8.1867980957,6.8975391388,-1.4484686852,0.0263656807,0.0459740144,0.7478542500,0.6617441056,0.04275052946 0 0 0 0 0 0 0.04275052946 0 0 0 0 0 0 0.09410293179 0 0 0 0 0 0 0.0007485768479 0 0 0 0 0 0 0.0007485768479 0 0 0 0 0 0 0.001302255598
705,1785497133.204844236,map,8.1854000092,6.8991827965,-1.4506590366,0.0263764475,0.0459970261,0.7478266208,0.6617732967,0.04271470929 0 0 0 0 0 0 0.04271470929 0 0 0 0 0 0 0.09404978364 0 0 0 0 0 0 0.0007477496232 0 0 0 0 0 0 0.0007477496232 0 0 0 0 0 0 0.001301164453
706,1785497133.305165291,map,8.1820783615,6.9000949860,-1.4515751600,0.0264910806,0.0460009091,0.7479224898,0.6616601193,0.04262672284 0 0 0 0 0 0 0.04262672284 0 0 0 0 0 0 0.09391920296 0 0 0 0 0 0 0.0007457181502 0 0 0 0 0 0 0.0007457181502 0 0 0 0 0 0 0.001298484233
707,1785497133.404956818,map,8.1847839355,6.9022092819,-1.4500265121,0.0264044830,0.0459784079,0.7478085757,0.6617938488,0.04262126476 0 0 0 0 0 0 0.04262126476 0 0 0 0 0 0 0.09391110117 0 0 0 0 0 0 0.0007455921535 0 0 0 0 0 0 0.0007455921535 0 0 0 0 0 0 0.00129831797
708,1785497133.504821777,map,8.1885690689,6.9028415680,-1.4513260126,0.0260764474,0.0460150663,0.7476781312,0.6619517004,0.04266453143 0 0 0 0 0 0 0.04266453143 0 0 0 0 0 0 0.09397532006 0 0 0 0 0 0 0.000746591011 0 0 0 0 0 0 0.000746591011 0 0 0 0 0 0 0.001299635948
709,1785497133.604957342,map,8.1873979568,6.9025368690,-1.4505983591,0.0260511564,0.0459405451,0.7477529292,0.6618733689,0.04274806767 0 0 0 0 0 0 0.04274806767 0 0 0 0 0 0 0.09409927935 0 0 0 0 0 0 0.0007485199922 0 0 0 0 0 0 0.0007485199922 0 0 0 0 0 0 0.001302180608
710,1785497133.705013514,map,8.1941776276,6.9018516541,-1.4528990984,0.0255568933,0.0458028362,0.7477314246,0.6619264820,0.04266961839 0 0 0 0 0 0 0.04266961839 0 0 0 0 0 0 0.09398286972 0 0 0 0 0 0 0.0007467084595 0 0 0 0 0 0 0.0007467084595 0 0 0 0 0 0 0.001299790906
711,1785497133.804975033,map,8.1918897629,6.8994913101,-1.4513591528,0.0256032559,0.0458989006,0.7477255653,0.6619246740,0.04267534107 0 0 0 0 0 0 0.04267534107 0 0 0 0 0 0 0.0939913627 0 0 0 0 0 0 0.0007468405884 0 0 0 0 0 0 0.0007468405884 0 0 0 0 0 0 0.001299965229
712,1785497133.904870033,map,8.1973257065,6.8997731209,-1.4530479908,0.0253207199,0.0457926800,0.7476991883,0.6619726577,0.04269428297 0 0 0 0 0 0 0.04269428297 0 0 0 0 0 0 0.09401947286 0 0 0 0 0 0 0.0007472779511 0 0 0 0 0 0 0.0007472779511 0 0 0 0 0 0 0.001300542232
713,1785497134.004775763,map,8.1963930130,6.8966040611,-1.4510480165,0.0253555941,0.0458307047,0.7476420041,0.6620332947,0.04265904634 0 0 0 0 0 0 0.04265904634 0 0 0 0 0 0 0.09396717936 0 0 0 0 0 0 0.0007464643727 0 0 0 0 0 0 0.0007464643727 0 0 0 0 0 0 0.001299468863
714,1785497134.104973793,map,8.1973400116,6.8918790817,-1.4489698410,0.0252003669,0.0459780809,0.7476512457,0.6620185742,0.04280559965 0 0 0 0 0 0 0.04280559965 0 0 0 0 0 0 0.09418462798 0 0 0 0 0 0 0.0007498488445 0 0 0 0 0 0 0.0007498488445 0 0 0 0 0 0 0.001303933132
715,1785497134.205173016,map,8.1998500824,6.8911061287,-1.4510601759,0.0249551799,0.0459779494,0.7475942308,0.6620922438,0.04288343852 0 0 0 0 0 0 0.04288343852 0 0 0 0 0 0 0.09430007215 0 0 0 0 0 0 0.0007516471908 0 0 0 0 0 0 0.0007516471908 0 0 0 0 0 0 0.001306304239
716,1785497134.305099726,map,8.2055397034,6.8869547844,-1.4517080784,0.0248435974,0.0459854143,0.7475968152,0.6620930245,0.04271038286 0 0 0 0 0 0 0.04271038286 0 0 0 0 0 0 0.09404336381 0 0 0 0 0 0 0.0007476497169 0 0 0 0 0 0 0.0007476497169 0 0 0 0 0 0 0.001301032662
717,1785497134.404787779,map,8.2258319855,6.8756623268,-1.4561166763,0.0245617112,0.0457587445,0.7475944326,0.6621219035,0.04282285433 0 0 0 0 0 0 0.04282285433 0 0 0 0 0 0 0.09421022164 0 0 0 0 0 0 0.0007502474422 0 0 0 0 0 0 0.0007502474422 0 0 0 0 0 0 0.001304458739
718,1785497134.605066299,map,8.2176523209,6.8733043671,-1.4519433975,0.0247545459,0.0458619441,0.7476245538,0.6620735817,0.04275029295 0 0 0 0 0 0 0.04275029295 0 0 0 0 0 0 0.09410258089 0 0 0 0 0 0 0.0007485713855 0 0 0 0 0 0 0.0007485713855 0 0 0 0 0 0 0.001302248393
719,1785497134.704917908,map,8.2138109207,6.8735694885,-1.4524494410,0.0248540340,0.0459227495,0.7476632086,0.6620219927,0.04274975015 0 0 0 0 0 0 0.04274975015 0 0 0 0 0 0 0.09410177556 0 0 0 0 0 0 0.0007485588493 0 0 0 0 0 0 0.0007485588493 0 0 0 0 0 0 0.001302231859
720,1785497134.804766655,map,8.2151212692,6.8724012375,-1.4506934881,0.0244192554,0.0460804276,0.7476721083,0.6620171618,0.04271266014 0 0 0 0 0 0 0.04271266014 0 0 0 0 0 0 0.09404674299 0 0 0 0 0 0 0.0007477023039 0 0 0 0 0 0 0.0007477023039 0 0 0 0 0 0 0.001301102032
721,1785497134.904854059,map,8.2114887238,6.8801994324,-1.4520754814,0.0247100530,0.0461292610,0.7475345660,0.6621582652,0.04268249481 0 0 0 0 0 0 0.04268249481 0 0 0 0 0 0 0.09400197923 0 0 0 0 0 0 0.0007470057624 0 0 0 0 0 0 0.0007470057624 0 0 0 0 0 0 0.001300183144
722,1785497135.005176306,map,8.2067823410,6.8804717064,-1.4524435997,0.0251105460,0.0461594794,0.7475642153,0.6621076252,0.04264311253 0 0 0 0 0 0 0.04264311253 0 0 0 0 0 0 0.09394353022 0 0 0 0 0 0 0.0007460965124 0 0 0 0 0 0 0.0007460965124 0 0 0 0 0 0 0.001298983491
723,1785497135.104974747,map,8.2060031891,6.8807229996,-1.4527508020,0.0250466495,0.0460831805,0.7476020518,0.6620726406,0.04275494688 0 0 0 0 0 0 0.04275494688 0 0 0 0 0 0 0.09410948564 0 0 0 0 0 0 0.0007486788707 0 0 0 0 0 0 0.0007486788707 0 0 0 0 0 0 0.00130239016
724,1785497135.204874039,map,8.2045269012,6.8804631233,-1.4526022673,0.0249523518,0.0460472400,0.7477197046,0.6619458053,0.04243881477 0 0 0 0 0 0 0.04243881477 0 0 0 0 0 0 0.09364018114 0 0 0 0 0 0 0.0007413818845 0 0 0 0 0 0 0.0007413818845 0 0 0 0 0 0 0.001292760225
725,1785497135.304581881,map,8.2017078400,6.8835940361,-1.4540967941,0.0248799287,0.0460356838,0.7477581711,0.6619059143,0.0425613628 0 0 0 0 0 0 0.0425613628 0 0 0 0 0 0 0.09382217365 0 0 0 0 0 0 0.0007442095199 0 0 0 0 0 0 0.0007442095199 0 0 0 0 0 0 0.001296493252
726,1785497135.404983759,map,8.2026824951,6.8870635033,-1.4524470568,0.0248900000,0.0459508146,0.7477304612,0.6619427395,0.04269464718 0 0 0 0 0 0 0.04269464718 0 0 0 0 0 0 0.09402001332 0 0 0 0 0 0 0.0007472863608 0 0 0 0 0 0 0.0007472863608 0 0 0 0 0 0 0.001300553326
727,1785497135.505116701,map,8.2052183151,6.8903179169,-1.4527683258,0.0247819445,0.0459138710,0.7476794360,0.6620069667,0.04288134766 0 0 0 0 0 0 0.04288134766 0 0 0 0 0 0 0.0942969716 0 0 0 0 0 0 0.0007515988778 0 0 0 0 0 0 0.0007515988778 0 0 0 0 0 0 0.001306240548
728,1785497135.604908705,map,8.2030601501,6.8892669678,-1.4496414661,0.0250801203,0.0459230703,0.7477074223,0.6619634946,0.04254378451 0 0 0 0 0 0 0.04254378451 0 0 0 0 0 0 0.0937960739 0 0 0 0 0 0 0.0007438038437 0 0 0 0 0 0 0.0007438038437 0 0 0 0 0 0 0.001295957787
729,1785497135.704770803,map,8.2049570084,6.8900804520,-1.4517573118,0.0248750593,0.0459387767,0.7477201490,0.6619557748,0.0427790227 0 0 0 0 0 0 0.0427790227 0 0 0 0 0 0 0.09414520342 0 0 0 0 0 0 0.0007492349445 0 0 0 0 0 0 0.0007492349445 0 0 0 0 0 0 0.001303123551
730,1785497135.804956198,map,8.2007713318,6.8905715942,-1.4514952898,0.0251229814,0.0461048052,0.7477264150,0.6619277680,0.04272835886 0 0 0 0 0 0 0.04272835886 0 0 0 0 0 0 0.09407003703 0 0 0 0 0 0 0.0007480648309 0 0 0 0 0 0 0.0007480648309 0 0 0 0 0 0 0.001301580243
731,1785497135.904996872,map,8.1983928680,6.8917646408,-1.4508898258,0.0255086616,0.0461424796,0.7477192701,0.6619184888,0.04274512533 0 0 0 0 0 0 0.04274512533 0 0 0 0 0 0 0.09409491388 0 0 0 0 0 0 0.0007484520387 0 0 0 0 0 0 0.0007484520387 0 0 0 0 0 0 0.001302090979
732,1785497136.004837275,map,8.1953134537,6.8934636116,-1.4507403374,0.0255281950,0.0460441649,0.7477960909,0.6618377570,0.04267310457 0 0 0 0 0 0 0.04267310457 0 0 0 0 0 0 0.09398804354 0 0 0 0 0 0 0.0007467889502 0 0 0 0 0 0 0.0007467889502 0 0 0 0 0 0 0.001299897101
733,1785497136.104739666,map,8.1993732452,6.8903565407,-1.4484261274,0.0254069690,0.0461562384,0.7477899630,0.6618415465,0.04261448245 0 0 0 0 0 0 0.04261448245 0 0 0 0 0 0 0.0939010335 0 0 0 0 0 0 0.0007454355911 0 0 0 0 0 0 0.0007454355911 0 0 0 0 0 0 0.001298111369
734,1785497136.204949617,map,8.2289991379,6.8777117729,-1.4507247210,0.0247313333,0.0462786071,0.7478739594,0.6617636861,0.04269213298 0 0 0 0 0 0 0.04269213298 0 0 0 0 0 0 0.09401628232 0 0 0 0 0 0 0.0007472283068 0 0 0 0 0 0 0.0007472283068 0 0 0 0 0 0 0.001300476739
735,1785497136.504748821,map,8.2123022079,6.8725857735,-1.4516710043,0.0255396895,0.0461195950,0.7482496631,0.6613192683,0.04275277224 0 0 0 0 0 0 0.04275277224 0 0 0 0 0 0 0.09410625928 0 0 0 0 0 0 0.000748628646 0 0 0 0 0 0 0.000748628646 0 0 0 0 0 0 0.001302323917
736,1785497136.604840994,map,8.2081480026,6.8783755302,-1.4515424967,0.0256813236,0.0461204724,0.7480822874,0.6615030064,0.04273262267 0 0 0 0 0 0 0.04273262267 0 0 0 0 0 0 0.09407636351 0 0 0 0 0 0 0.0007481632978 0 0 0 0 0 0 0.0007481632978 0 0 0 0 0 0 0.001301710126
737,1785497136.705225945,map,8.2072343826,6.8858299255,-1.4522035122,0.0257162871,0.0459988175,0.7479113143,0.6617034579,0.04280795142 0 0 0 0 0 0 0.04280795142 0 0 0 0 0 0 0.09418811643 0 0 0 0 0 0 0.0007499031707 0 0 0 0 0 0 0.0007499031707 0 0 0 0 0 0 0.001304004771
738,1785497136.804970026,map,8.2026252747,6.8898963928,-1.4518997669,0.0257274770,0.0460750367,0.7477934148,0.6618309392,0.0426716524 0 0 0 0 0 0 0.0426716524 0 0 0 0 0 0 0.0939858884 0 0 0 0 0 0 0.0007467554216 0 0 0 0 0 0 0.0007467554216 0 0 0 0 0 0 0.001299852865
739,1785497136.904870510,map,8.2014102936,6.8870582581,-1.4510885477,0.0256335142,0.0461202748,0.7477350920,0.6618973286,0.04264485822 0 0 0 0 0 0 0.04264485822 0 0 0 0 0 0 0.09394612127 0 0 0 0 0 0 0.0007461368138 0 0 0 0 0 0 0.0007461368138 0 0 0 0 0 0 0.001299036668
740,1785497137.004766464,map,8.2011384964,6.8912868500,-1.4507415295,0.0259864952,0.0460582619,0.7476682491,0.6619633792,0.04254526369 0 0 0 0 0 0 0.04254526369 0 0 0 0 0 0 0.09379827021 0 0 0 0 0 0 0.0007438379795 0 0 0 0 0 0 0.0007438379795 0 0 0 0 0 0 0.001296002845
741,1785497137.104881763,map,8.1992502213,6.8906612396,-1.4503113031,0.0258015291,0.0459305652,0.7476641695,0.6619840914,0.04274432675 0 0 0 0 0 0 0.04274432675 0 0 0 0 0 0 0.09409372905 0 0 0 0 0 0 0.0007484335957 0 0 0 0 0 0 0.0007484335957 0 0 0 0 0 0 0.001302066653
742,1785497137.205028057,map,8.1935977936,6.8957633972,-1.4486615658,0.0260841585,0.0459570847,0.7476154417,0.6620262215,0.04261769583 0 0 0 0 0 0 0.04261769583 0 0 0 0 0 0 0.09390580348 0 0 0 0 0 0 0.000745509768 0 0 0 0 0 0 0.000745509768 0 0 0 0 0 0 0.001298209254
743,1785497137.304853439,map,8.1948146820,6.8935265541,-1.4502116442,0.0259918969,0.0460030025,0.7475883391,0.6620572781,0.04296404413 0 0 0 0 0 0 0.04296404413 0 0 0 0 0 0 0.09441958375 0 0 0 0 0 0 0.0007535100059 0 0 0 0 0 0 0.0007535100059 0 0 0 0 0 0 0.001308759627
744,1785497137.404711962,map,8.1913013458,6.8921518326,-1.4507693052,0.0259877900,0.0459561800,0.7475690088,0.6620824901,0.04269084556 0 0 0 0 0 0 0.04269084556 0 0 0 0 0 0 0.09401437182 0 0 0 0 0 0 0.00074719858 0 0 0 0 0 0 0.00074719858 0 0 0 0 0 0 0.001300437522
745,1785497137.504900694,map,8.1876916885,6.8884449005,-1.4507673979,0.0258272906,0.0460160887,0.7475631060,0.6620912859,0.04268516564 0 0 0 0 0 0 0.04268516564 0 0 0 0 0 0 0.09400594281 0 0 0 0 0 0 0.0007470674308 0 0 0 0 0 0 0.0007470674308 0 0 0 0 0 0 0.001300264502
746,1785497137.605019569,map,8.1900272369,6.8874168396,-1.4505671263,0.0257171323,0.0459270836,0.7475014589,0.6621713258,0.04273553977 0 0 0 0 0 0 0.04273553977 0 0 0 0 0 0 0.09408069173 0 0 0 0 0 0 0.0007482306652 0 0 0 0 0 0 0.0007482306652 0 0 0 0 0 0 0.001301798986
747,1785497137.704871655,map,8.1866378784,6.8863778114,-1.4501743317,0.0256918615,0.0458789894,0.7475077597,0.6621685550,0.04274499995 0 0 0 0 0 0 0.04274499995 0 0 0 0 0 0 0.09409472786 0 0 0 0 0 0 0.0007484491431 0 0 0 0 0 0 0.0007484491431 0 0 0 0 0 0 0.001302087159
748,1785497137.804729462,map,8.1879386902,6.8858799934,-1.4489834309,0.0257603297,0.0458965384,0.7474960713,0.6621778925,0.04247468992 0 0 0 0 0 0 0.04247468992 0 0 0 0 0 0 0.09369346716 0 0 0 0 0 0 0.0007422095215 0 0 0 0 0 0 0.0007422095215 0 0 0 0 0 0 0.001293853045
749,1785497137.904908895,map,8.1887731552,6.8850789070,-1.4485756159,0.0261907408,0.0461173602,0.7474935859,0.6621484576,0.04270734158 0 0 0 0 0 0 0.04270734158 0 0 0 0 0 0 0.0940388509 0 0 0 0 0 0 0.0007475794884 0 0 0 0 0 0 0.0007475794884 0 0 0 0 0 0 0.00130094002
750,1785497138.005163193,map,8.1898651123,6.8885936737,-1.4488459826,0.0261414600,0.0460050950,0.7476425416,0.6619900073,0.042826073 0 0 0 0 0 0 0.042826073 0 0 0 0 0 0 0.09421499568 0 0 0 0 0 0 0.0007503217991 0 0 0 0 0 0 0.0007503217991 0 0 0 0 0 0 0.001304556786
751,1785497138.104959965,map,8.1886644363,6.8923525810,-1.4485290051,0.0263904057,0.0460559435,0.7476602810,0.6619565824,0.04245057905 0 0 0 0 0 0 0.04245057905 0 0 0 0 0 0 0.09365765565 0 0 0 0 0 0 0.0007416532733 0 0 0 0 0 0 0.0007416532733 0 0 0 0 0 0 0.001293118586
752,1785497138.204742670,map,8.1849231720,6.8905754089,-1.4504926205,0.0260253037,0.0460355523,0.7477068331,0.6619198930,0.04281035874 0 0 0 0 0 0 0.04281035874 0 0 0 0 0 0 0.09419168725 0 0 0 0 0 0 0.0007499587809 0 0 0 0 0 0 0.0007499587809 0 0 0 0 0 0 0.001304078102
753,1785497138.304762840,map,8.1884050369,6.8931474686,-1.4517085552,0.0257148719,0.0461419931,0.7476594028,0.6619781474,0.0425714275 0 0 0 0 0 0 0.0425714275 0 0 0 0 0 0 0.09383711664 0 0 0 0 0 0 0.0007444418076 0 0 0 0 0 0 0.0007444418076 0 0 0 0 0 0 0.00129679984
754,1785497138.404976130,map,8.2062702179,6.8858418465,-1.4524108171,0.0257172631,0.0460866684,0.7477555085,0.6618733576,0.04265080152 0 0 0 0 0 0 0.04265080152 0 0 0 0 0 0 0.09395494249 0 0 0 0 0 0 0.0007462740238 0 0 0 0 0 0 0.0007462740238 0 0 0 0 0 0 0.001299217711
755,1785497138.704711914,map,8.1872367859,6.8944959641,-1.4505649805,0.0260859197,0.0460211541,0.7477849752,0.6618302187,0.04265462215 0 0 0 0 0 0 0.04265462215 0 0 0 0 0 0 0.09396061306 0 0 0 0 0 0 0.0007463622302 0 0 0 0 0 0 0.0007463622302 0 0 0 0 0 0 0.001299334094
756,1785497138.804947853,map,8.1891269684,6.8889360428,-1.4487040043,0.0258919389,0.0461116901,0.7477567596,0.6618634023,0.04261457623 0 0 0 0 0 0 0.04261457623 0 0 0 0 0 0 0.09390117271 0 0 0 0 0 0 0.0007454377559 0 0 0 0 0 0 0.0007454377559 0 0 0 0 0 0 0.001298114226
757,1785497138.904989004,map,8.1902627945,6.8872542381,-1.4504505396,0.0260049499,0.0462616083,0.7477697044,0.6618338704,0.04282385418 0 0 0 0 0 0 0.04282385418 0 0 0 0 0 0 0.09421170466 0 0 0 0 0 0 0.0007502705404 0 0 0 0 0 0 0.0007502705404 0 0 0 0 0 0 0.001304489197
758,1785497139.004819870,map,8.1920633316,6.8870687485,-1.4519495964,0.0258058876,0.0461746535,0.7478307995,0.6617787050,0.04248744972 0 0 0 0 0 0 0.04248744972 0 0 0 0 0 0 0.09371241775 0 0 0 0 0 0 0.0007425039162 0 0 0 0 0 0 0.0007425039162 0 0 0 0 0 0 0.001294241731
759,1785497139.104725361,map,8.1928386688,6.8897933960,-1.4508241415,0.0258463189,0.0460574635,0.7477862073,0.6618356842,0.04246463002 0 0 0 0 0 0 0.04246463002 0 0 0 0 0 0 0.09367852574 0 0 0 0 0 0 0.0007419774291 0 0 0 0 0 0 0.0007419774291 0 0 0 0 0 0 0.001293546603
760,1785497139.204901695,map,8.1876106262,6.8953680992,-1.4517880678,0.0260416520,0.0460545420,0.7478232122,0.6617864156,0.04290606705 0 0 0 0 0 0 0.04290606705 0 0 0 0 0 0 0.0943336265 0 0 0 0 0 0 0.0007521700853 0 0 0 0 0 0 0.0007521700853 0 0 0 0 0 0 0.001306993544
761,1785497139.305178404,map,8.1891164780,6.8975729942,-1.4500565529,0.0260825852,0.0459821712,0.7477966797,0.6618197801,0.04267673566 0 0 0 0 0 0 0.04267673566 0 0 0 0 0 0 0.09399343236 0 0 0 0 0 0 0.000746872788 0 0 0 0 0 0 0.000746872788 0 0 0 0 0 0 0.00130000771
762,1785497139.404854536,map,8.1845464706,6.8963623047,-1.4488275051,0.0261085614,0.0459771060,0.7478034526,0.6618114944,0.04274230477 0 0 0 0 0 0 0.04274230477 0 0 0 0 0 0 0.09409072906 0 0 0 0 0 0 0.0007483868986 0 0 0 0 0 0 0.0007483868986 0 0 0 0 0 0 0.00130200506
763,1785497139.504743576,map,8.1875038147,6.8955793381,-1.4489743710,0.0261664461,0.0459607366,0.7477214815,0.6619029398,0.04272013822 0 0 0 0 0 0 0.04272013822 0 0 0 0 0 0 0.09405783928 0 0 0 0 0 0 0.0007478749909 0 0 0 0 0 0 0.0007478749909 0 0 0 0 0 0 0.001301329828
764,1785497139.604774237,map,8.1873083115,6.8957118988,-1.4490545988,0.0261039561,0.0458266323,0.7476159278,0.6620339629,0.04267053464 0 0 0 0 0 0 0.04267053464 0 0 0 0 0 0 0.09398422953 0 0 0 0 0 0 0.0007467296142 0 0 0 0 0 0 0.0007467296142 0 0 0 0 0 0 0.001299818816
765,1785497139.705096483,map,8.1860561371,6.8974800110,-1.4499052763,0.0262744767,0.0458662964,0.7475492920,0.6620996736,0.04279265824 0 0 0 0 0 0 0.04279265824 0 0 0 0 0 0 0.09416543105 0 0 0 0 0 0 0.0007495499038 0 0 0 0 0 0 0.0007495499038 0 0 0 0 0 0 0.001303538914
766,1785497139.804946184,map,8.1878509521,6.8948206902,-1.4508342743,0.0258974994,0.0458574991,0.7475069418,0.6621629404,0.04274084614 0 0 0 0 0 0 0.04274084614 0 0 0 0 0 0 0.09408856488 0 0 0 0 0 0 0.000748353212 0 0 0 0 0 0 0.000748353212 0 0 0 0 0 0 0.001301960627
767,1785497139.904578924,map,8.1899671555,6.8952474594,-1.4509727955,0.0256425075,0.0458722537,0.7474877379,0.6621935279,0.04275509644 0 0 0 0 0 0 0.04275509644 0 0 0 0 0 0 0.09410970752 0 0 0 0 0 0 0.0007486823247 0 0 0 0 0 0 0.0007486823247 0 0 0 0 0 0 0.001302394716
768,1785497140.004725933,map,8.1881818771,6.9012379646,-1.4497947693,0.0258654985,0.0459548616,0.7474849011,0.6621823257,0.04276167666 0 0 0 0 0 0 0.04276167666 0 0 0 0 0 0 0.09411946996 0 0 0 0 0 0 0.0007488343019 0 0 0 0 0 0 0.0007488343019 0 0 0 0 0 0 0.001302595161
769,1785497140.105084419,map,8.1883640289,6.8983020782,-1.4505853653,0.0257313960,0.0458866560,0.7475088609,0.6621652273,0.04255035357 0 0 0 0 0 0 0.04255035357 0 0 0 0 0 0 0.09380582767 0 0 0 0 0 0 0.000743955443 0 0 0 0 0 0 0.000743955443 0 0 0 0 0 0 0.001296157892
770,1785497140.204939604,map,8.1872549057,6.8964486122,-1.4479537010,0.0260863000,0.0459068522,0.7474542917,0.6622115762,0.04261601555 0 0 0 0 0 0 0.04261601555 0 0 0 0 0 0 0.09390330926 0 0 0 0 0 0 0.0007454709808 0 0 0 0 0 0 0.0007454709808 0 0 0 0 0 0 0.00129815807
771,1785497140.304772854,map,8.2241678238,6.8662934303,-1.4503488541,0.0251952497,0.0462534345,0.7476203750,0.6620344497,0.04252494931 0 0 0 0 0 0 0.04252494931 0 0 0 0 0 0 0.09376810598 0 0 0 0 0 0 0.0007433691899 0 0 0 0 0 0 0.0007433691899 0 0 0 0 0 0 0.001295384033
772,1785497140.504959583,map,8.2149887085,6.8680472374,-1.4502135515,0.0250995937,0.0461262932,0.7476236362,0.6620432615,0.04272448404 0 0 0 0 0 0 0.04272448404 0 0 0 0 0 0 0.09406428764 0 0 0 0 0 0 0.0007479753486 0 0 0 0 0 0 0.0007479753486 0 0 0 0 0 0 0.001301462209
773,1785497140.605013371,map,8.2075309753,6.8721427917,-1.4507082701,0.0251578838,0.0461567931,0.7476087514,0.6620557251,0.04262839186 0 0 0 0 0 0 0.04262839186 0 0 0 0 0 0 0.09392168035 0 0 0 0 0 0 0.0007457566789 0 0 0 0 0 0 0.0007457566789 0 0 0 0 0 0 0.001298535074
774,1785497140.704865217,map,8.2061500549,6.8725895882,-1.4500039816,0.0249209448,0.0462059303,0.7475902220,0.6620822004,0.04281554105 0 0 0 0 0 0 0.04281554105 0 0 0 0 0 0 0.09419937414 0 0 0 0 0 0 0.000750078496 0 0 0 0 0 0 0.000750078496 0 0 0 0 0 0 0.001304235964
775,1785497140.804749012,map,8.2012977600,6.8803668022,-1.4522376060,0.0253796653,0.0462165053,0.7476017769,0.6620509789,0.04275041959 0 0 0 0 0 0 0.04275041959 0 0 0 0 0 0 0.09410276877 0 0 0 0 0 0 0.0007485743102 0 0 0 0 0 0 0.0007485743102 0 0 0 0 0 0 0.001302252251
776,1785497140.904778242,map,8.1958293915,6.8825869560,-1.4517375231,0.0254593461,0.0461007019,0.7475924301,0.6620665314,0.04260132377 0 0 0 0 0 0 0.04260132377 0 0 0 0 0 0 0.09388150001 0 0 0 0 0 0 0.0007451318488 0 0 0 0 0 0 0.0007451318488 0 0 0 0 0 0 0.001297710533
777,1785497141.004977703,map,8.1919651031,6.8878026009,-1.4514901638,0.0254851795,0.0461036090,0.7475324495,0.6621330898,0.04268618623 0 0 0 0 0 0 0.04268618623 0 0 0 0 0 0 0.09400745738 0 0 0 0 0 0 0.0007470909961 0 0 0 0 0 0 0.0007470909961 0 0 0 0 0 0 0.001300295591
778,1785497141.104855776,map,8.1929969788,6.8913841248,-1.4513564110,0.0254131230,0.0460460714,0.7475229621,0.6621505435,0.04280730604 0 0 0 0 0 0 0.04280730604 0 0 0 0 0 0 0.09418715913 0 0 0 0 0 0 0.0007498882624 0 0 0 0 0 0 0.0007498882624 0 0 0 0 0 0 0.001303985111
779,1785497141.204714775,map,8.1915273666,6.8929605484,-1.4508529902,0.0255401902,0.0459764808,0.7475503118,0.6621196206,0.04267798503 0 0 0 0 0 0 0.04267798503 0 0 0 0 0 0 0.0939952865 0 0 0 0 0 0 0.0007469016346 0 0 0 0 0 0 0.0007469016346 0 0 0 0 0 0 0.001300045768
780,1785497141.304755688,map,8.1898584366,6.8927955627,-1.4495121241,0.0255801135,0.0459128178,0.7475310861,0.6621441846,0.04252097548 0 0 0 0 0 0 0.04252097548 0 0 0 0 0 0 0.09376220508 0 0 0 0 0 0 0.0007432774911 0 0 0 0 0 0 0.0007432774911 0 0 0 0 0 0 0.001295262984
781,1785497141.404969692,map,8.1928377151,6.8881754875,-1.4479767084,0.0259011732,0.0460790345,0.7474923869,0.6621638729,0.04281516335 0 0 0 0 0 0 0.04281516335 0 0 0 0 0 0 0.09419881392 0 0 0 0 0 0 0.000750069771 0 0 0 0 0 0 0.000750069771 0 0 0 0 0 0 0.001304224459
782,1785497141.504895449,map,8.1922702789,6.8905878067,-1.4491430521,0.0259773612,0.0461096749,0.7475319215,0.6621141419,0.04269622635 0 0 0 0 0 0 0.04269622635 0 0 0 0 0 0 0.09402235674 0 0 0 0 0 0 0.0007473228247 0 0 0 0 0 0 0.0007473228247 0 0 0 0 0 0 0.00130060143
783,1785497141.604685068,map,8.1920661926,6.8913006783,-1.4493700266,0.0258029479,0.0459410593,0.7475318515,0.6621327424,0.04262970879 0 0 0 0 0 0 0.04262970879 0 0 0 0 0 0 0.09392363512 0 0 0 0 0 0 0.0007457870802 0 0 0 0 0 0 0.0007457870802 0 0 0 0 0 0 0.00129857519
784,1785497141.704765320,map,8.1889047623,6.8951220512,-1.4511470795,0.0259265983,0.0459628261,0.7475295189,0.6621290277,0.04266892277 0 0 0 0 0 0 0.04266892277 0 0 0 0 0 0 0.09398183735 0 0 0 0 0 0 0.0007466923988 0 0 0 0 0 0 0.0007466923988 0 0 0 0 0 0 0.001299769716
785,1785497141.804979086,map,8.1926612854,6.8902273178,-1.4469757080,0.0255436364,0.0460794277,0.7474873737,0.6621833847,0.04275552877 0 0 0 0 0 0 0.04275552877 0 0 0 0 0 0 0.09411034893 0 0 0 0 0 0 0.0007486923097 0 0 0 0 0 0 0.0007486923097 0 0 0 0 0 0 0.001302407885
786,1785497141.904870510,map,8.1930246353,6.8908429146,-1.4489300251,0.0253655183,0.0459788581,0.7474766179,0.6622093598,0.04261141371 0 0 0 0 0 0 0.04261141371 0 0 0 0 0 0 0.09389647817 0 0 0 0 0 0 0.0007453647539 0 0 0 0 0 0 0.0007453647539 0 0 0 0 0 0 0.00129801789
787,1785497142.004755020,map,8.1933660507,6.8903827667,-1.4491517544,0.0253320378,0.0459450205,0.7475025473,0.6621837377,0.04258860936 0 0 0 0 0 0 0.04258860936 0 0 0 0 0 0 0.09386262509 0 0 0 0 0 0 0.0007448383757 0 0 0 0 0 0 0.0007448383757 0 0 0 0 0 0 0.00129732323
788,1785497142.104740381,map,8.1935644150,6.8922266960,-1.4508231878,0.0254794752,0.0459959040,0.7475283525,0.6621453900,0.04245740965 0 0 0 0 0 0 0.04245740965 0 0 0 0 0 0 0.09366780138 0 0 0 0 0 0 0.0007418108531 0 0 0 0 0 0 0.0007418108531 0 0 0 0 0 0 0.001293326658
789,1785497142.204968691,map,8.1941404343,6.8899106979,-1.4488317966,0.0253320373,0.0459458596,0.7476417654,0.6620264705,0.04274283486 0 0 0 0 0 0 0.04274283486 0 0 0 0 0 0 0.09409151555 0 0 0 0 0 0 0.0007483991409 0 0 0 0 0 0 0.0007483991409 0 0 0 0 0 0 0.001302021207
790,1785497142.304885864,map,8.2034206390,6.8763322830,-1.4516670704,0.0256469677,0.0461025146,0.7476366800,0.6620092288,0.04291667389 0 0 0 0 0 0 0.04291667389 0 0 0 0 0 0 0.09434935369 0 0 0 0 0 0 0.0007524152007 0 0 0 0 0 0 0.0007524152007 0 0 0 0 0 0 0.001307316647
791,1785497142.504600048,map,8.1995668411,6.8771128654,-1.4507972002,0.0257070055,0.0460761507,0.7476509391,0.6619926170,0.04263413187 0 0 0 0 0 0 0.04263413187 0 0 0 0 0 0 0.09393020039 0 0 0 0 0 0 0.0007458891876 0 0 0 0 0 0 0.0007458891876 0 0 0 0 0 0 0.001298709925
792,1785497142.605021715,map,8.1950531006,6.8770699501,-1.4517158270,0.0255060309,0.0459926885,0.7476461276,0.6620116260,0.04268163598 0 0 0 0 0 0 0.04268163598 0 0 0 0 0 0 0.09400070469 0 0 0 0 0 0 0.0007469859323 0 0 0 0 0 0 0.0007469859323 0 0 0 0 0 0 0.001300156982
793,1785497142.704926252,map,8.1925859451,6.8777322769,-1.4496604204,0.0257005513,0.0461281965,0.7476082928,0.6620373954,0.04251493962 0 0 0 0 0 0 0.04251493962 0 0 0 0 0 0 0.09375324203 0 0 0 0 0 0 0.0007431382123 0 0 0 0 0 0 0.0007431382123 0 0 0 0 0 0 0.001295079121
794,1785497142.804739714,map,8.1935720444,6.8789958954,-1.4502602816,0.0256542576,0.0460223932,0.7475372895,0.6621267097,0.04292270756 0 0 0 0 0 0 0.04292270756 0 0 0 0 0 0 0.09435829978 0 0 0 0 0 0 0.0007525546382 0 0 0 0 0 0 0.0007525546382 0 0 0 0 0 0 0.001307500443
795,1785497142.904689550,map,8.1924161911,6.8838839531,-1.4514085054,0.0252879920,0.0460032695,0.7475463000,0.6621319646,0.04285214337 0 0 0 0 0 0 0.04285214337 0 0 0 0 0 0 0.09425366187 0 0 0 0 0 0 0.0007509241023 0 0 0 0 0 0 0.0007509241023 0 0 0 0 0 0 0.001305350934
796,1785497143.004878044,map,8.1920051575,6.8825631142,-1.4512208700,0.0252558498,0.0460643862,0.7474731076,0.6622115326,0.04274623402 0 0 0 0 0 0 0.04274623402 0 0 0 0 0 0 0.09409655882 0 0 0 0 0 0 0.0007484776439 0 0 0 0 0 0 0.0007484776439 0 0 0 0 0 0 0.001302124751
797,1785497143.105063677,map,8.1925897598,6.8825864792,-1.4509080648,0.0253233642,0.0460919509,0.7474804379,0.6621988188,0.04282096367 0 0 0 0 0 0 0.04282096367 0 0 0 0 0 0 0.09420741734 0 0 0 0 0 0 0.0007502037652 0 0 0 0 0 0 0.0007502037652 0 0 0 0 0 0 0.001304401147
798,1785497143.204778433,map,8.1937274933,6.8845276833,-1.4510167837,0.0251649244,0.0460630376,0.7474671870,0.6622218217,0.04252042863 0 0 0 0 0 0 0.04252042863 0 0 0 0 0 0 0.09376139303 0 0 0 0 0 0 0.0007432648723 0 0 0 0 0 0 0.0007432648723 0 0 0 0 0 0 0.001295246326
799,1785497143.304653883,map,8.1970729828,6.8833169937,-1.4507493973,0.0250319060,0.0459333406,0.7474554485,0.6622491073,0.0427295885 0 0 0 0 0 0 0.0427295885 0 0 0 0 0 0 0.09407186154 0 0 0 0 0 0 0.0007480932277 0 0 0 0 0 0 0.0007480932277 0 0 0 0 0 0 0.0013016177
800,1785497143.404750824,map,8.1945972443,6.8801741600,-1.4507052898,0.0252082901,0.0460756551,0.7475357861,0.6621418554,0.04258307848 0 0 0 0 0 0 0.04258307848 0 0 0 0 0 0 0.09385441405 0 0 0 0 0 0 0.0007447107168 0 0 0 0 0 0 0.0007447107168 0 0 0 0 0 0 0.001297154749
801,1785497143.505143881,map,8.1932983398,6.8792614937,-1.4513307810,0.0251721736,0.0461022359,0.7475709256,0.6621017020,0.0426529687 0 0 0 0 0 0 0.0426529687 0 0 0 0 0 0 0.09395815903 0 0 0 0 0 0 0.0007463240571 0 0 0 0 0 0 0.0007463240571 0 0 0 0 0 0 0.001299283727
802,1785497143.604904890,map,8.1921520233,6.8804292679,-1.4505574703,0.0250934293,0.0460759245,0.7475845621,0.6620911396,0.04258884101 0 0 0 0 0 0 0.04258884101 0 0 0 0 0 0 0.09386296899 0 0 0 0 0 0 0.0007448437226 0 0 0 0 0 0 0.0007448437226 0 0 0 0 0 0 0.001297330286
803,1785497143.704713583,map,8.1937837601,6.8819956779,-1.4498953819,0.0251700187,0.0460304545,0.7475407489,0.6621408483,0.04258332809 0 0 0 0 0 0 0.04258332809 0 0 0 0 0 0 0.09385478461 0 0 0 0 0 0 0.0007447164779 0 0 0 0 0 0 0.0007447164779 0 0 0 0 0 0 0.001297162353
804,1785497143.804657221,map,8.1983566284,6.8743228912,-1.4482901096,0.0247557276,0.0462399925,0.7476142062,0.6620589071,0.04261974259 0 0 0 0 0 0 0.04261974259 0 0 0 0 0 0 0.09390884168 0 0 0 0 0 0 0.0007455570154 0 0 0 0 0 0 0.0007455570154 0 0 0 0 0 0 0.001298271602
805,1785497143.904917479,map,8.2007303238,6.8744697571,-1.4493496418,0.0247787948,0.0460086627,0.7475775926,0.6621155106,0.04278142799 0 0 0 0 0 0 0.04278142799 0 0 0 0 0 0 0.09414877163 0 0 0 0 0 0 0.0007492905018 0 0 0 0 0 0 0.0007492905018 0 0 0 0 0 0 0.001303196821
806,1785497144.005018950,map,8.2014636993,6.8768262863,-1.4519842863,0.0248791480,0.0459260686,0.7475343854,0.6621662990,0.04285570234 0 0 0 0 0 0 0.04285570234 0 0 0 0 0 0 0.09425894005 0 0 0 0 0 0 0.0007510063296 0 0 0 0 0 0 0.0007510063296 0 0 0 0 0 0 0.001305459347
807,1785497144.104788303,map,8.1981954575,6.8760614395,-1.4509116411,0.0250787271,0.0461121369,0.7476276692,0.6620404874,0.04276532729 0 0 0 0 0 0 0.04276532729 0 0 0 0 0 0 0.09412488594 0 0 0 0 0 0 0.0007489186185 0 0 0 0 0 0 0.0007489186185 0 0 0 0 0 0 0.001302706366
808,1785497144.204697132,map,8.2023649216,6.8677906990,-1.4507824183,0.0246826446,0.0461832412,0.7476330491,0.6620443138,0.04280864257 0 0 0 0 0 0 0.04280864257 0 0 0 0 0 0 0.09418914163 0 0 0 0 0 0 0.0007499191366 0 0 0 0 0 0 0.0007499191366 0 0 0 0 0 0 0.001304025824
809,1785497144.304742813,map,8.2029628754,6.8699789047,-1.4526002407,0.0248753528,0.0460850353,0.7476338756,0.6620430238,0.04279683258 0 0 0 0 0 0 0.04279683258 0 0 0 0 0 0 0.09417162326 0 0 0 0 0 0 0.0007496463277 0 0 0 0 0 0 0.0007496463277 0 0 0 0 0 0 0.001303666072
810,1785497144.404873371,map,8.2081861496,6.8697228432,-1.4508869648,0.0248595240,0.0460887485,0.7476472732,0.6620282303,0.042636872 0 0 0 0 0 0 0.042636872 0 0 0 0 0 0 0.09393426755 0 0 0 0 0 0 0.0007459524445 0 0 0 0 0 0 0.0007459524445 0 0 0 0 0 0 0.001298793394
811,1785497144.504827976,map,8.2051048279,6.8639864922,-1.4515879154,0.0249194202,0.0462707580,0.7476327955,0.6620296498,0.04257537826 0 0 0 0 0 0 0.04257537826 0 0 0 0 0 0 0.09384298214 0 0 0 0 0 0 0.0007445329913 0 0 0 0 0 0 0.0007445329913 0 0 0 0 0 0 0.001296920187
812,1785497144.704749346,map,8.2054443359,6.8686661720,-1.4525884390,0.0246831323,0.0460222439,0.7476326975,0.6620559460,0.0429794822 0 0 0 0 0 0 0.0429794822 0 0 0 0 0 0 0.09444246916 0 0 0 0 0 0 0.0007538668467 0 0 0 0 0 0 0.0007538668467 0 0 0 0 0 0 0.001309229897
813,1785497144.804871082,map,8.2025442123,6.8692846298,-1.4533044100,0.0248666383,0.0461769154,0.7476524266,0.6620160138,0.04252416198 0 0 0 0 0 0 0.04252416198 0 0 0 0 0 0 0.09376693685 0 0 0 0 0 0 0.0007433510216 0 0 0 0 0 0 0.0007433510216 0 0 0 0 0 0 0.00129536005
814,1785497144.905036211,map,8.2022094727,6.8714747429,-1.4524507523,0.0247872760,0.0460773482,0.7476528120,0.6620254984,0.04270378307 0 0 0 0 0 0 0.04270378307 0 0 0 0 0 0 0.09403357042 0 0 0 0 0 0 0.0007474973171 0 0 0 0 0 0 0.0007474973171 0 0 0 0 0 0 0.001300831621
815,1785497145.004750252,map,8.2058076859,6.8683862686,-1.4491324425,0.0246549366,0.0462676689,0.7475837742,0.6620951063,0.0428538481 0 0 0 0 0 0 0.0428538481 0 0 0 0 0 0 0.09425619012 0 0 0 0 0 0 0.0007509634888 0 0 0 0 0 0 0.0007509634888 0 0 0 0 0 0 0.001305402864
816,1785497145.104716301,map,8.2061290741,6.8714933395,-1.4521512985,0.0247286419,0.0462358537,0.7475646200,0.6621162167,0.0425297465 0 0 0 0 0 0 0.0425297465 0 0 0 0 0 0 0.0937752294 0 0 0 0 0 0 0.0007434798902 0 0 0 0 0 0 0.0007434798902 0 0 0 0 0 0 0.001295530164
817,1785497145.204800844,map,8.2076454163,6.8713974953,-1.4533005953,0.0249395395,0.0461906516,0.7475809640,0.6620929907,0.04277373373 0 0 0 0 0 0 0.04277373373 0 0 0 0 0 0 0.09413735723 0 0 0 0 0 0 0.0007491127821 0 0 0 0 0 0 0.0007491127821 0 0 0 0 0 0 0.00130296244
818,1785497145.304889202,map,8.2067584991,6.8681659698,-1.4508473873,0.0247461264,0.0461599216,0.7475627537,0.6621229725,0.04275718644 0 0 0 0 0 0 0.04275718644 0 0 0 0 0 0 0.09411280828 0 0 0 0 0 0 0.0007487305952 0 0 0 0 0 0 0.0007487305952 0 0 0 0 0 0 0.001302458381
819,1785497145.404765129,map,8.2131538391,6.8655447960,-1.4504823685,0.0240809907,0.0461462820,0.7476166983,0.6620875344,0.04244284124 0 0 0 0 0 0 0.04244284124 0 0 0 0 0 0 0.09364616209 0 0 0 0 0 0 0.0007414747693 0 0 0 0 0 0 0.0007414747693 0 0 0 0 0 0 0.001292882879
820,1785497145.504677296,map,8.2115421295,6.8691563606,-1.4507851601,0.0242075945,0.0461333396,0.7476242364,0.6620752978,0.04273431968 0 0 0 0 0 0 0.04273431968 0 0 0 0 0 0 0.09407888144 0 0 0 0 0 0 0.0007482024884 0 0 0 0 0 0 0.0007482024884 0 0 0 0 0 0 0.00130176182
821,1785497145.604746819,map,8.2040786743,6.8736109734,-1.4496178627,0.0249172715,0.0461812739,0.7476370142,0.6620311958,0.04288350409 0 0 0 0 0 0 0.04288350409 0 0 0 0 0 0 0.09430016938 0 0 0 0 0 0 0.0007516487059 0 0 0 0 0 0 0.0007516487059 0 0 0 0 0 0 0.001306306237
822,1785497145.704877377,map,8.2054224014,6.8773732185,-1.4511425495,0.0249666411,0.0461172104,0.7476215921,0.6620512504,0.04261502282 0 0 0 0 0 0 0.04261502282 0 0 0 0 0 0 0.09390183564 0 0 0 0 0 0 0.0007454480649 0 0 0 0 0 0 0.0007454480649 0 0 0 0 0 0 0.00129812783
823,1785497145.804805994,map,8.2052135468,6.8795409203,-1.4513621330,0.0249644648,0.0459980459,0.7475706684,0.6621170986,0.04274728543 0 0 0 0 0 0 0.04274728543 0 0 0 0 0 0 0.09409811876 0 0 0 0 0 0 0.0007485019262 0 0 0 0 0 0 0.0007485019262 0 0 0 0 0 0 0.001302156779
824,1785497145.904660463,map,8.2069482803,6.8782758713,-1.4531942606,0.0248693785,0.0459834569,0.7475998855,0.6620886709,0.04256046731 0 0 0 0 0 0 0.04256046731 0 0 0 0 0 0 0.09382084409 0 0 0 0 0 0 0.0007441888528 0 0 0 0 0 0 0.0007441888528 0 0 0 0 0 0 0.001296465974
825,1785497146.004781485,map,8.2095613480,6.8791942596,-1.4537229538,0.0246314390,0.0458136420,0.7475168635,0.6622030901,0.04267691915 0 0 0 0 0 0 0.04267691915 0 0 0 0 0 0 0.09399370467 0 0 0 0 0 0 0.0007468770244 0 0 0 0 0 0 0.0007468770244 0 0 0 0 0 0 0.001300013299
826,1785497146.105090618,map,8.2087478638,6.8764023781,-1.4512598515,0.0246332425,0.0457860592,0.7475424665,0.6621760444,0.04278959764 0 0 0 0 0 0 0.04278959764 0 0 0 0 0 0 0.0941608909 0 0 0 0 0 0 0.0007494792074 0 0 0 0 0 0 0.0007494792074 0 0 0 0 0 0 0.001303445683
827,1785497146.204766750,map,8.2123003006,6.8769545555,-1.4509556293,0.0247912480,0.0458523227,0.7474865410,0.6622287170,0.04266806297 0 0 0 0 0 0 0.04266806297 0 0 0 0 0 0 0.0939805613 0 0 0 0 0 0 0.0007466725474 0 0 0 0 0 0 0.0007466725474 0 0 0 0 0 0 0.001299743525
828,1785497146.304641962,map,8.2089595795,6.8779783249,-1.4523504972,0.0250273612,0.0460710577,0.7475777240,0.6621017005,0.04268666209 0 0 0 0 0 0 0.04268666209 0 0 0 0 0 0 0.09400816356 0 0 0 0 0 0 0.0007471019835 0 0 0 0 0 0 0.0007471019835 0 0 0 0 0 0 0.001300310086
829,1785497146.404789209,map,8.2414321899,6.8630676270,-1.4566727877,0.0242911288,0.0459201850,0.7475870769,0.6621290362,0.042572102 0 0 0 0 0 0 0.042572102 0 0 0 0 0 0 0.09383811804 0 0 0 0 0 0 0.0007444573749 0 0 0 0 0 0 0.0007444573749 0 0 0 0 0 0 0.001296820387
830,1785497146.704626322,map,8.2232751846,6.8770527840,-1.4536468983,0.0245047193,0.0460841290,0.7477289690,0.6619495210,0.04266255424 0 0 0 0 0 0 0.04266255424 0 0 0 0 0 0 0.09397238564 0 0 0 0 0 0 0.0007465453619 0 0 0 0 0 0 0.0007465453619 0 0 0 0 0 0 0.00129957572
831,1785497146.804760218,map,8.2182083130,6.8778495789,-1.4530302286,0.0244679704,0.0459905749,0.7477488666,0.6619348957,0.04253805066 0 0 0 0 0 0 0.04253805066 0 0 0 0 0 0 0.09378756007 0 0 0 0 0 0 0.0007436715223 0 0 0 0 0 0 0.0007436715223 0 0 0 0 0 0 0.001295783124
832,1785497146.904873848,map,8.2145395279,6.8817830086,-1.4516292810,0.0247178305,0.0459899144,0.7477199132,0.6619583551,0.04284407269 0 0 0 0 0 0 0.04284407269 0 0 0 0 0 0 0.09424169227 0 0 0 0 0 0 0.0007507376392 0 0 0 0 0 0 0.0007507376392 0 0 0 0 0 0 0.001305105087
833,1785497147.004794836,map,8.2120094299,6.8749403954,-1.4487258196,0.0247225611,0.0461647072,0.7477523365,0.6619094052,0.04269442657 0 0 0 0 0 0 0.04269442657 0 0 0 0 0 0 0.09401968595 0 0 0 0 0 0 0.0007472812669 0 0 0 0 0 0 0.0007472812669 0 0 0 0 0 0 0.001300546606
834,1785497147.104681015,map,8.2134494781,6.8781771660,-1.4512207508,0.0246955348,0.0459196562,0.7476907215,0.6619970541,0.04254093172 0 0 0 0 0 0 0.04254093172 0 0 0 0 0 0 0.093791838 0 0 0 0 0 0 0.0007437380088 0 0 0 0 0 0 0.0007437380088 0 0 0 0 0 0 0.001295870886
835,1785497147.204657793,map,8.2107629776,6.8791656494,-1.4510079622,0.0247873319,0.0459748254,0.7477052009,0.6619734329,0.04276103252 0 0 0 0 0 0 0.04276103252 0 0 0 0 0 0 0.09411851431 0 0 0 0 0 0 0.0007488194245 0 0 0 0 0 0 0.0007488194245 0 0 0 0 0 0 0.001302575539
836,1785497147.304890633,map,8.2106151581,6.8777580261,-1.4524186850,0.0249315234,0.0459925651,0.7476539839,0.6620246600,0.04281685397 0 0 0 0 0 0 0.04281685397 0 0 0 0 0 0 0.09420132158 0 0 0 0 0 0 0.0007501088259 0 0 0 0 0 0 0.0007501088259 0 0 0 0 0 0 0.001304275958
837,1785497147.404925346,map,8.2053480148,6.8753285408,-1.4512385130,0.0250328225,0.0460351585,0.7476820271,0.6619861975,0.04299731494 0 0 0 0 0 0 0.04299731494 0 0 0 0 0 0 0.09446890277 0 0 0 0 0 0 0.0007542790643 0 0 0 0 0 0 0.0007542790643 0 0 0 0 0 0 0.001309773113
838,1785497147.504775763,map,8.2048177719,6.8777890205,-1.4529170990,0.0248503854,0.0459625986,0.7477094798,0.6619670738,0.04290712871 0 0 0 0 0 0 0.04290712871 0 0 0 0 0 0 0.0943352007 0 0 0 0 0 0 0.000752194619 0 0 0 0 0 0 0.000752194619 0 0 0 0 0 0 0.001307025884
839,1785497147.604739189,map,8.2052841187,6.8785419464,-1.4512182474,0.0248235191,0.0459773426,0.7476805165,0.6619997918,0.04258285069 0 0 0 0 0 0 0.04258285069 0 0 0 0 0 0 0.09385407587 0 0 0 0 0 0 0.0007447054592 0 0 0 0 0 0 0.0007447054592 0 0 0 0 0 0 0.00129714781
840,1785497147.704677820,map,8.2009420395,6.8771533966,-1.4507181644,0.0248611291,0.0460298018,0.7477034800,0.6619688183,0.04281510193 0 0 0 0 0 0 0.04281510193 0 0 0 0 0 0 0.09419872282 0 0 0 0 0 0 0.0007500683521 0 0 0 0 0 0 0.0007500683521 0 0 0 0 0 0 0.001304222588
841,1785497147.804785967,map,8.2016887665,6.8787274361,-1.4518331289,0.0250506476,0.0460219423,0.7476618689,0.6620092077,0.04266309216 0 0 0 0 0 0 0.04266309216 0 0 0 0 0 0 0.09397318398 0 0 0 0 0 0 0.0007465577813 0 0 0 0 0 0 0.0007465577813 0 0 0 0 0 0 0.001299592105
842,1785497147.904852152,map,8.2019672394,6.8773264885,-1.4497185946,0.0251486086,0.0459505596,0.7476221708,0.6620552623,0.04289061152 0 0 0 0 0 0 0.04289061152 0 0 0 0 0 0 0.09431070882 0 0 0 0 0 0 0.0007518129379 0 0 0 0 0 0 0.0007518129379 0 0 0 0 0 0 0.001306522741
843,1785497148.004705667,map,8.2087259293,6.8664536476,-1.4549100399,0.0256885193,0.0461975393,0.7477635543,0.6618576472,0.04284453472 0 0 0 0 0 0 0.04284453472 0 0 0 0 0 0 0.09424237752 0 0 0 0 0 0 0.0007507483138 0 0 0 0 0 0 0.0007507483138 0 0 0 0 0 0 0.001305119162
844,1785497148.204765797,map,8.2051630020,6.8693585396,-1.4535185099,0.0253921524,0.0461085393,0.7477035724,0.6619430477,0.0427444604 0 0 0 0 0 0 0.0427444604 0 0 0 0 0 0 0.09409392733 0 0 0 0 0 0 0.0007484366822 0 0 0 0 0 0 0.0007484366822 0 0 0 0 0 0 0.001302070724
845,1785497148.304878950,map,8.2031726837,6.8718457222,-1.4525595903,0.0251043985,0.0459200069,0.7476576382,0.6620190525,0.04287871728 0 0 0 0 0 0 0.04287871728 0 0 0 0 0 0 0.09429307097 0 0 0 0 0 0 0.0007515380991 0 0 0 0 0 0 0.0007515380991 0 0 0 0 0 0 0.001306160422
846,1785497148.404681683,map,8.2049446106,6.8629293442,-1.4546610117,0.0248952759,0.0458558511,0.7481646498,0.6614583269,0.04278398964 0 0 0 0 0 0 0.04278398964 0 0 0 0 0 0 0.09415257175 0 0 0 0 0 0 0.0007493496712 0 0 0 0 0 0 0.0007493496712 0 0 0 0 0 0 0.001303274853
847,1785497148.504638195,map,8.2017230988,6.8821907043,-1.4518604279,0.0250110550,0.0458724495,0.7479024493,0.6617492763,0.04260487712 0 0 0 0 0 0 0.04260487712 0 0 0 0 0 0 0.09388677491 0 0 0 0 0 0 0.0007452138695 0 0 0 0 0 0 0.0007452138695 0 0 0 0 0 0 0.001297818774
848,1785497148.604835033,map,8.2088680267,6.8825874329,-1.4523631334,0.0246899559,0.0458868181,0.7478069259,0.6618682597,0.04256979597 0 0 0 0 0 0 0.04256979597 0 0 0 0 0 0 0.09383469435 0 0 0 0 0 0 0.0007444041521 0 0 0 0 0 0 0.0007444041521 0 0 0 0 0 0 0.001296750141
849,1785497148.705008268,map,8.2046270370,6.8835477829,-1.4512703419,0.0246401671,0.0459729217,0.7477557817,0.6619219191,0.04277138825 0 0 0 0 0 0 0.04277138825 0 0 0 0 0 0 0.09413387766 0 0 0 0 0 0 0.000749058608 0 0 0 0 0 0 0.000749058608 0 0 0 0 0 0 0.001302890993
850,1785497148.804704905,map,8.2081041336,6.8862428665,-1.4504672289,0.0248137191,0.0460173104,0.7477956899,0.6618672648,0.04274353149 0 0 0 0 0 0 0.04274353149 0 0 0 0 0 0 0.09409254913 0 0 0 0 0 0 0.0007484152292 0 0 0 0 0 0 0.0007484152292 0 0 0 0 0 0 0.001302042427
851,1785497148.904645205,map,8.2084150314,6.8851056099,-1.4513703585,0.0246289500,0.0458400441,0.7477314653,0.6619590290,0.04262985608 0 0 0 0 0 0 0.04262985608 0 0 0 0 0 0 0.09392385375 0 0 0 0 0 0 0.0007457904805 0 0 0 0 0 0 0.0007457904805 0 0 0 0 0 0 0.001298579677
852,1785497149.004657269,map,8.2050466537,6.8841476440,-1.4522846937,0.0248679996,0.0459244281,0.7476840208,0.6619978251,0.04259891055 0 0 0 0 0 0 0.04259891055 0 0 0 0 0 0 0.09387791759 0 0 0 0 0 0 0.0007450761461 0 0 0 0 0 0 0.0007450761461 0 0 0 0 0 0 0.001297637022
853,1785497149.104809046,map,8.2037935257,6.8842163086,-1.4540305138,0.0249587487,0.0459582777,0.7476626485,0.6620162305,0.04263307694 0 0 0 0 0 0 0.04263307694 0 0 0 0 0 0 0.09392863454 0 0 0 0 0 0 0.0007458648342 0 0 0 0 0 0 0.0007458648342 0 0 0 0 0 0 0.001298677789
854,1785497149.204806089,map,8.1998205185,6.8879780769,-1.4518311024,0.0253251589,0.0460244457,0.7476147099,0.6620518637,0.04308303053 0 0 0 0 0 0 0.04308303053 0 0 0 0 0 0 0.0945959348 0 0 0 0 0 0 0.0007562608252 0 0 0 0 0 0 0.0007562608252 0 0 0 0 0 0 0.00131238416
855,1785497149.304648876,map,8.1991491318,6.8908410072,-1.4516233206,0.0254442920,0.0460190714,0.7476377355,0.6620216480,0.04257708063 0 0 0 0 0 0 0.04257708063 0 0 0 0 0 0 0.09384550955 0 0 0 0 0 0 0.0007445722826 0 0 0 0 0 0 0.0007445722826 0 0 0 0 0 0 0.001296972044
856,1785497149.404649973,map,8.1968345642,6.8890576363,-1.4513621330,0.0254771738,0.0459497262,0.7476413156,0.6620211486,0.04282516899 0 0 0 0 0 0 0.04282516899 0 0 0 0 0 0 0.09421365482 0 0 0 0 0 0 0.0007503009146 0 0 0 0 0 0 0.0007503009146 0 0 0 0 0 0 0.001304529248
857,1785497149.504818201,map,8.1984519958,6.8899340630,-1.4512294531,0.0250255700,0.0459159254,0.7476523985,0.6620282163,0.04262502853 0 0 0 0 0 0 0.04262502853 0 0 0 0 0 0 0.09391668799 0 0 0 0 0 0 0.0007456790377 0 0 0 0 0 0 0.0007456790377 0 0 0 0 0 0 0.001298432621
858,1785497149.604882717,map,8.1988430023,6.8919911385,-1.4516760111,0.0250583672,0.0459721501,0.7476110063,0.6620698132,0.04265545682 0 0 0 0 0 0 0.04265545682 0 0 0 0 0 0 0.09396185188 0 0 0 0 0 0 0.0007463815003 0 0 0 0 0 0 0.0007463815003 0 0 0 0 0 0 0.00129935952
859,1785497149.704680443,map,8.2030200958,6.8934864998,-1.4509885311,0.0247968258,0.0458925637,0.7476044294,0.6620925997,0.04255504606 0 0 0 0 0 0 0.04255504606 0 0 0 0 0 0 0.09381279494 0 0 0 0 0 0 0.0007440637376 0 0 0 0 0 0 0.0007440637376 0 0 0 0 0 0 0.001296300833
860,1785497149.804611683,map,8.1995162964,6.8898968697,-1.4523082972,0.0249206425,0.0460253898,0.7476516465,0.6620253943,0.04279621089 0 0 0 0 0 0 0.04279621089 0 0 0 0 0 0 0.09417070105 0 0 0 0 0 0 0.000749631967 0 0 0 0 0 0 0.000749631967 0 0 0 0 0 0 0.001303647134
861,1785497149.904792786,map,8.2003211975,6.8924684525,-1.4534856081,0.0247160592,0.0459496989,0.7475949480,0.6621023321,0.04283787758 0 0 0 0 0 0 0.04283787758 0 0 0 0 0 0 0.09423250408 0 0 0 0 0 0 0.0007505945128 0 0 0 0 0 0 0.0007505945128 0 0 0 0 0 0 0.001304916374
862,1785497150.004902840,map,8.1992778778,6.8920001984,-1.4519268274,0.0247170423,0.0458943935,0.7475666145,0.6621381703,0.04282526008 0 0 0 0 0 0 0.04282526008 0 0 0 0 0 0 0.09421378993 0 0 0 0 0 0 0.000750303019 0 0 0 0 0 0 0.000750303019 0 0 0 0 0 0 0.001304532023
863,1785497150.104666233,map,8.2068243027,6.8816204071,-1.4507784843,0.0249229640,0.0458604733,0.7477429188,0.6619336843,0.04260497525 0 0 0 0 0 0 0.04260497525 0 0 0 0 0 0 0.09388692058 0 0 0 0 0 0 0.0007452161346 0 0 0 0 0 0 0.0007452161346 0 0 0 0 0 0 0.001297821763
864,1785497150.304794312,map,8.2015810013,6.8831062317,-1.4513800144,0.0249860694,0.0459150843,0.7477476850,0.6619221316,0.04252251213 0 0 0 0 0 0 0.04252251213 0 0 0 0 0 0 0.09376448693 0 0 0 0 0 0 0.0007433129503 0 0 0 0 0 0 0.0007433129503 0 0 0 0 0 0 0.001295309793
865,1785497150.404901028,map,8.2054405212,6.8843345642,-1.4514601231,0.0249531776,0.0458486311,0.7476573333,0.6620300451,0.04273907249 0 0 0 0 0 0 0.04273907249 0 0 0 0 0 0 0.09408593331 0 0 0 0 0 0 0.0007483122506 0 0 0 0 0 0 0.0007483122506 0 0 0 0 0 0 0.001301906599
866,1785497150.504719257,map,8.2114362717,6.8873243332,-1.4523767233,0.0248673705,0.0458181339,0.7476008902,0.6620991025,0.04258180973 0 0 0 0 0 0 0.04258180973 0 0 0 0 0 0 0.09385253046 0 0 0 0 0 0 0.000744681433 0 0 0 0 0 0 0.000744681433 0 0 0 0 0 0 0.001297116101
867,1785497150.604589939,map,8.2064838409,6.8843846321,-1.4525740147,0.0250068870,0.0458789152,0.7476212095,0.6620667171,0.04255547463 0 0 0 0 0 0 0.04255547463 0 0 0 0 0 0 0.09381343125 0 0 0 0 0 0 0.0007440736281 0 0 0 0 0 0 0.0007440736281 0 0 0 0 0 0 0.001296313888
868,1785497150.704722404,map,8.2029905319,6.8811564445,-1.4520711899,0.0249564866,0.0459923764,0.7476640812,0.6620123111,0.04287947566 0 0 0 0 0 0 0.04287947566 0 0 0 0 0 0 0.09429419559 0 0 0 0 0 0 0.0007515556226 0 0 0 0 0 0 0.0007515556226 0 0 0 0 0 0 0.001306183524
869,1785497150.804867744,map,8.2066974640,6.8835263252,-1.4512928724,0.0247973656,0.0459684631,0.7477021701,0.6619769332,0.04290093867 0 0 0 0 0 0 0.04290093867 0 0 0 0 0 0 0.09432602222 0 0 0 0 0 0 0.0007520515762 0 0 0 0 0 0 0.0007520515762 0 0 0 0 0 0 0.001306837325
870,1785497150.904790401,map,8.2238874435,6.8559942245,-1.4500943422,0.0246749919,0.0462985841,0.7486992534,0.6608305568,0.04287770556 0 0 0 0 0 0 0.04287770556 0 0 0 0 0 0 0.09429157065 0 0 0 0 0 0 0.0007515147218 0 0 0 0 0 0 0.0007515147218 0 0 0 0 0 0 0.001306129603
871,1785497151.004589319,map,8.2226076126,6.8647727966,-1.4517928362,0.0247298182,0.0460389849,0.7483944928,0.6611917672,0.04298147971 0 0 0 0 0 0 0.04298147971 0 0 0 0 0 0 0.09444543018 0 0 0 0 0 0 0.0007539130194 0 0 0 0 0 0 0.0007539130194 0 0 0 0 0 0 0.001309290745
872,1785497151.104665041,map,8.2283763885,6.8690304756,-1.4546451569,0.0244118454,0.0459201877,0.7482571216,0.6613672818,0.04282556809 0 0 0 0 0 0 0.04282556809 0 0 0 0 0 0 0.09421424677 0 0 0 0 0 0 0.0007503101346 0 0 0 0 0 0 0.0007503101346 0 0 0 0 0 0 0.001304541405
873,1785497151.204893589,map,8.2267150879,6.8682923317,-1.4533212185,0.0243132910,0.0459055148,0.7480755620,0.6615772768,0.04270930164 0 0 0 0 0 0 0.04270930164 0 0 0 0 0 0 0.09404175941 0 0 0 0 0 0 0.0007476247496 0 0 0 0 0 0 0.0007476247496 0 0 0 0 0 0 0.001300999727
874,1785497151.304660559,map,8.2241706848,6.8655333519,-1.4496238232,0.0243616797,0.0460323095,0.7479031190,0.6617616342,0.04275175246 0 0 0 0 0 0 0.04275175246 0 0 0 0 0 0 0.09410474629 0 0 0 0 0 0 0.0007486050936 0 0 0 0 0 0 0.0007486050936 0 0 0 0 0 0 0.001302292853
875,1785497151.404676437,map,8.2168560028,6.8704838753,-1.4502460957,0.0245917639,0.0459640280,0.7478084101,0.6618649136,0.04264997542 0 0 0 0 0 0 0.04264997542 0 0 0 0 0 0 0.09395371638 0 0 0 0 0 0 0.0007462549518 0 0 0 0 0 0 0.0007462549518 0 0 0 0 0 0 0.001299192547
876,1785497151.504623890,map,8.2110252380,6.8701868057,-1.4530632496,0.0246386240,0.0460506833,0.7477649835,0.6619062211,0.04284889547 0 0 0 0 0 0 0.04284889547 0 0 0 0 0 0 0.09424884498 0 0 0 0 0 0 0.0007508490631 0 0 0 0 0 0 0.0007508490631 0 0 0 0 0 0 0.001305251998
877,1785497151.604801655,map,8.2089986801,6.8716406822,-1.4535578489,0.0246911987,0.0460326492,0.7476791739,0.6620024156,0.04285882685 0 0 0 0 0 0 0.04285882685 0 0 0 0 0 0 0.09426357386 0 0 0 0 0 0 0.0007510785202 0 0 0 0 0 0 0.0007510785202 0 0 0 0 0 0 0.001305554525
878,1785497151.704992294,map,8.2057390213,6.8746104240,-1.4530088902,0.0249200207,0.0461375064,0.7476244324,0.6620483764,0.04263606237 0 0 0 0 0 0 0.04263606237 0 0 0 0 0 0 0.09393306584 0 0 0 0 0 0 0.000745933754 0 0 0 0 0 0 0.000745933754 0 0 0 0 0 0 0.001298768731
879,1785497151.804728985,map,8.2100419998,6.8737287521,-1.4551565647,0.0245276605,0.0460115888,0.7476420410,0.6620518975,0.04242661818 0 0 0 0 0 0 0.04242661818 0 0 0 0 0 0 0.09362206364 0 0 0 0 0 0 0.0007411005356 0 0 0 0 0 0 0.0007411005356 0 0 0 0 0 0 0.001292388696
880,1785497151.904626608,map,8.2075157166,6.8752560616,-1.4539449215,0.0248611952,0.0460420364,0.7475621417,0.6621275410,0.04292532285 0 0 0 0 0 0 0.04292532285 0 0 0 0 0 0 0.09436217739 0 0 0 0 0 0 0.0007526150783 0 0 0 0 0 0 0.0007526150783 0 0 0 0 0 0 0.001307580109
881,1785497152.004695654,map,8.2052345276,6.8781933784,-1.4541248083,0.0251128453,0.0460724752,0.7475632233,0.6621147229,0.04290847689 0 0 0 0 0 0 0.04290847689 0 0 0 0 0 0 0.09433719973 0 0 0 0 0 0 0.000752225774 0 0 0 0 0 0 0.000752225774 0 0 0 0 0 0 0.001307066952
882,1785497152.105019093,map,8.2293319702,6.8569025993,-1.4543963671,0.0246028697,0.0460794201,0.7476026261,0.6620888749,0.04275894677 0 0 0 0 0 0 0.04275894677 0 0 0 0 0 0 0.09411541992 0 0 0 0 0 0 0.0007487712518 0 0 0 0 0 0 0.0007487712518 0 0 0 0 0 0 0.001302512004
883,1785497152.304612637,map,8.2243442535,6.8602290154,-1.4544287920,0.0245546418,0.0460529336,0.7476856968,0.6619987128,0.04271719331 0 0 0 0 0 0 0.04271719331 0 0 0 0 0 0 0.09405346953 0 0 0 0 0 0 0.0007478069851 0 0 0 0 0 0 0.0007478069851 0 0 0 0 0 0 0.001301240121
884,1785497152.404641390,map,8.2204189301,6.8589711189,-1.4553899765,0.0244725768,0.0460074196,0.7476017951,0.6620996764,0.04260934428 0 0 0 0 0 0 0.04260934428 0 0 0 0 0 0 0.09389340623 0 0 0 0 0 0 0.0007453169848 0 0 0 0 0 0 0.0007453169848 0 0 0 0 0 0 0.001297954851
885,1785497152.504827976,map,8.2172222137,6.8639764786,-1.4545454979,0.0244891723,0.0460861978,0.7475953821,0.6621008116,0.04266535396 0 0 0 0 0 0 0.04266535396 0 0 0 0 0 0 0.09397654081 0 0 0 0 0 0 0.0007466100015 0 0 0 0 0 0 0.0007466100015 0 0 0 0 0 0 0.001299661004
886,1785497152.604788780,map,8.2121829987,6.8715205193,-1.4539989233,0.0247432533,0.0461929485,0.7475445132,0.6621414011,0.04262844068 0 0 0 0 0 0 0.04262844068 0 0 0 0 0 0 0.09392175282 0 0 0 0 0 0 0.0007457578061 0 0 0 0 0 0 0.0007457578061 0 0 0 0 0 0 0.001298536561
887,1785497152.704608917,map,8.2149782181,6.8683094978,-1.4559484720,0.0245555940,0.0460561004,0.7475498645,0.6621518304,0.04270271303 0 0 0 0 0 0 0.04270271303 0 0 0 0 0 0 0.09403198258 0 0 0 0 0 0 0.0007474726086 0 0 0 0 0 0 0.0007474726086 0 0 0 0 0 0 0.001300799026
888,1785497152.804603815,map,8.2099056244,6.8689064980,-1.4543440342,0.0248046197,0.0461106839,0.7475527466,0.6621354838,0.04279031779 0 0 0 0 0 0 0.04279031779 0 0 0 0 0 0 0.09416195918 0 0 0 0 0 0 0.000749495842 0 0 0 0 0 0 0.000749495842 0 0 0 0 0 0 0.00130346762
889,1785497152.904983759,map,8.2088441849,6.8679051399,-1.4527807236,0.0247224153,0.0460469141,0.7475100855,0.6621911735,0.04251161803 0 0 0 0 0 0 0.04251161803 0 0 0 0 0 0 0.09374830948 0 0 0 0 0 0 0.0007430615671 0 0 0 0 0 0 0.0007430615671 0 0 0 0 0 0 0.00129497794
890,1785497153.004834652,map,8.2092390060,6.8620758057,-1.4532344341,0.0247456329,0.0461481763,0.7477116161,0.6619556763,0.04254085523 0 0 0 0 0 0 0.04254085523 0 0 0 0 0 0 0.09379172443 0 0 0 0 0 0 0.0007437362437 0 0 0 0 0 0 0.0007437362437 0 0 0 0 0 0 0.001295868556
891,1785497153.104673386,map,8.2069168091,6.8684601784,-1.4543709755,0.0247238679,0.0461785176,0.7476528680,0.6620207252,0.0428489193 0 0 0 0 0 0 0.0428489193 0 0 0 0 0 0 0.09424888031 0 0 0 0 0 0 0.0007508496135 0 0 0 0 0 0 0.0007508496135 0 0 0 0 0 0 0.001305252724
892,1785497153.204589844,map,8.2022819519,6.8739953041,-1.4531382322,0.0250725868,0.0461712640,0.7476261018,0.6620383675,0.04284622011 0 0 0 0 0 0 0.04284622011 0 0 0 0 0 0 0.09424487715 0 0 0 0 0 0 0.0007507872523 0 0 0 0 0 0 0.0007507872523 0 0 0 0 0 0 0.001305170502
893,1785497153.304753065,map,8.1996774673,6.8756690025,-1.4534333944,0.0251957688,0.0460545308,0.7476712112,0.6619908711,0.0427055707 0 0 0 0 0 0 0.0427055707 0 0 0 0 0 0 0.09403622311 0 0 0 0 0 0 0.0007475385961 0 0 0 0 0 0 0.0007475385961 0 0 0 0 0 0 0.001300886076
894,1785497153.404935598,map,8.1977176666,6.8783822060,-1.4537509680,0.0253027463,0.0458665459,0.7475784453,0.6621045897,0.04263084789 0 0 0 0 0 0 0.04263084789 0 0 0 0 0 0 0.09392532592 0 0 0 0 0 0 0.0007458133764 0 0 0 0 0 0 0.0007458133764 0 0 0 0 0 0 0.001298609889
895,1785497153.504787445,map,8.2028665543,6.8753638268,-1.4528274536,0.0249107696,0.0458621364,0.7475227730,0.6621826055,0.04273010354 0 0 0 0 0 0 0.04273010354 0 0 0 0 0 0 0.09407262574 0 0 0 0 0 0 0.0007481051218 0 0 0 0 0 0 0.0007481051218 0 0 0 0 0 0 0.001301633389
896,1785497153.604598522,map,8.2001218796,6.8768725395,-1.4531533718,0.0251254340,0.0460205449,0.7474876136,0.6622032068,0.04249020211 0 0 0 0 0 0 0.04249020211 0 0 0 0 0 0 0.09371650541 0 0 0 0 0 0 0.0007425674211 0 0 0 0 0 0 0.0007425674211 0 0 0 0 0 0 0.001294325573
897,1785497153.704653740,map,8.2000064850,6.8807063103,-1.4563040733,0.0249670886,0.0459275214,0.7475013422,0.6622001549,0.04273508389 0 0 0 0 0 0 0.04273508389 0 0 0 0 0 0 0.09408001533 0 0 0 0 0 0 0.0007482201371 0 0 0 0 0 0 0.0007482201371 0 0 0 0 0 0 0.001301785099
898,1785497153.804925919,map,8.2004089355,6.8804240227,-1.4521043301,0.0251899139,0.0458351650,0.7474621006,0.6622424161,0.04261014811 0 0 0 0 0 0 0.04261014811 0 0 0 0 0 0 0.09389459947 0 0 0 0 0 0 0.0007453355398 0 0 0 0 0 0 0.0007453355398 0 0 0 0 0 0 0.001297979337
899,1785497153.904572725,map,8.1988735199,6.8790535927,-1.4520047903,0.0251054077,0.0457535506,0.7475348797,0.6621691303,0.04281296317 0 0 0 0 0 0 0.04281296317 0 0 0 0 0 0 0.09419555041 0 0 0 0 0 0 0.0007500189449 0 0 0 0 0 0 0.0007500189449 0 0 0 0 0 0 0.001304157437
900,1785497154.004580975,map,8.2003450394,6.8733067513,-1.4509047270,0.0249623006,0.0459907261,0.7475407390,0.6621514816,0.04282061897 0 0 0 0 0 0 0.04282061897 0 0 0 0 0 0 0.09420690606 0 0 0 0 0 0 0.0007501958021 0 0 0 0 0 0 0.0007501958021 0 0 0 0 0 0 0.001304390646
901,1785497154.104624271,map,8.2054538727,6.8741388321,-1.4533318281,0.0249078362,0.0458956829,0.7475775894,0.6621185432,0.04275394764 0 0 0 0 0 0 0.04275394764 0 0 0 0 0 0 0.09410800313 0 0 0 0 0 0 0.0007486557924 0 0 0 0 0 0 0.0007486557924 0 0 0 0 0 0 0.001302359721
902,1785497154.204832554,map,8.2058115005,6.8717107773,-1.4527267218,0.0247502204,0.0459489676,0.7476079526,0.6620864498,0.04272747764 0 0 0 0 0 0 0.04272747764 0 0 0 0 0 0 0.09406872951 0 0 0 0 0 0 0.0007480444806 0 0 0 0 0 0 0.0007480444806 0 0 0 0 0 0 0.001301553399
903,1785497154.404561281,map,8.2081022263,6.8786764145,-1.4547704458,0.0247655881,0.0460086551,0.7475231242,0.6621774903,0.04263997088 0 0 0 0 0 0 0.04263997088 0 0 0 0 0 0 0.09393886718 0 0 0 0 0 0 0.0007460239845 0 0 0 0 0 0 0.0007460239845 0 0 0 0 0 0 0.001298887791
904,1785497154.504654169,map,8.2046966553,6.8786020279,-1.4512319565,0.0247214447,0.0458131113,0.7475075381,0.6622103147,0.04268399482 0 0 0 0 0 0 0.04268399482 0 0 0 0 0 0 0.09400420529 0 0 0 0 0 0 0.0007470403971 0 0 0 0 0 0 0.0007470403971 0 0 0 0 0 0 0.001300228837
905,1785497154.605011940,map,8.2073345184,6.8761191368,-1.4536790848,0.0243900043,0.0457242480,0.7474364764,0.6623089596,0.04275196823 0 0 0 0 0 0 0.04275196823 0 0 0 0 0 0 0.09410506641 0 0 0 0 0 0 0.0007486100768 0 0 0 0 0 0 0.0007486100768 0 0 0 0 0 0 0.001302299425
906,1785497154.704913616,map,8.2033653259,6.8775110245,-1.4527698755,0.0246191960,0.0456922036,0.7474135300,0.6623285755,0.04275352791 0 0 0 0 0 0 0.04275352791 0 0 0 0 0 0 0.09410738041 0 0 0 0 0 0 0.0007486460986 0 0 0 0 0 0 0.0007486460986 0 0 0 0 0 0 0.001302346936
907,1785497154.804617643,map,8.2027044296,6.8774304390,-1.4533996582,0.0249111270,0.0459038710,0.7474618764,0.6622484759,0.04267964756 0 0 0 0 0 0 0.04267964756 0 0 0 0 0 0 0.09399775379 0 0 0 0 0 0 0.0007469400211 0 0 0 0 0 0 0.0007469400211 0 0 0 0 0 0 0.001300096412
908,1785497154.904589653,map,8.2039184570,6.8773884773,-1.4539614916,0.0246420900,0.0457669129,0.7474153472,0.6623205056,0.04261405471 0 0 0 0 0 0 0.04261405471 0 0 0 0 0 0 0.09390039856 0 0 0 0 0 0 0.0007454257174 0 0 0 0 0 0 0.0007454257174 0 0 0 0 0 0 0.001298098339
909,1785497155.004757404,map,8.1988916397,6.8752679825,-1.4531924725,0.0247903083,0.0457836219,0.7475027206,0.6622152005,0.04264175496 0 0 0 0 0 0 0.04264175496 0 0 0 0 0 0 0.09394151523 0 0 0 0 0 0 0.0007460651715 0 0 0 0 0 0 0.0007460651715 0 0 0 0 0 0 0.001298942137
910,1785497155.104776859,map,8.1947708130,6.8779501915,-1.4518311024,0.0251339513,0.0458544337,0.7475454088,0.6621491792,0.04287284 0 0 0 0 0 0 0.04287284 0 0 0 0 0 0 0.09428435531 0 0 0 0 0 0 0.0007514022979 0 0 0 0 0 0 0.0007514022979 0 0 0 0 0 0 0.00130598139
911,1785497155.204527140,map,8.1981248856,6.8763413429,-1.4506891966,0.0250970351,0.0459931492,0.7474849812,0.6622091671,0.04263782557 0 0 0 0 0 0 0.04263782557 0 0 0 0 0 0 0.09393568293 0 0 0 0 0 0 0.0007459744583 0 0 0 0 0 0 0.0007459744583 0 0 0 0 0 0 0.001298822441
912,1785497155.304631472,map,8.1961936951,6.8756003380,-1.4513466358,0.0252211686,0.0457427598,0.7475292417,0.6621718321,0.04267360182 0 0 0 0 0 0 0.04267360182 0 0 0 0 0 0 0.0939887815 0 0 0 0 0 0 0.000746800431 0 0 0 0 0 0 0.000746800431 0 0 0 0 0 0 0.001299912248
913,1785497155.404851675,map,8.1962957382,6.8753018379,-1.4542843103,0.0248092786,0.0455441638,0.7475042384,0.6622292852,0.04282910066 0 0 0 0 0 0 0.04282910066 0 0 0 0 0 0 0.09421948633 0 0 0 0 0 0 0.0007503917439 0 0 0 0 0 0 0.0007503917439 0 0 0 0 0 0 0.001304649013
914,1785497155.604584932,map,8.1939048767,6.8831090927,-1.4546432495,0.0253080905,0.0453796022,0.7476186477,0.6620925448,0.04267489317 0 0 0 0 0 0 0.04267489317 0 0 0 0 0 0 0.09399069798 0 0 0 0 0 0 0.0007468302469 0 0 0 0 0 0 0.0007468302469 0 0 0 0 0 0 0.001299951585
915,1785497155.704611540,map,8.1939125061,6.8877682686,-1.4538114071,0.0252785546,0.0454964009,0.7476213081,0.6620826547,0.04263383373 0 0 0 0 0 0 0.04263383373 0 0 0 0 0 0 0.09392975785 0 0 0 0 0 0 0.0007458823048 0 0 0 0 0 0 0.0007458823048 0 0 0 0 0 0 0.001298700843
916,1785497155.804834366,map,8.2081966400,6.8861098289,-1.4544672966,0.0247009769,0.0456137060,0.7477345636,0.6619684624,0.04273217867 0 0 0 0 0 0 0.04273217867 0 0 0 0 0 0 0.09407570473 0 0 0 0 0 0 0.0007481530442 0 0 0 0 0 0 0.0007481530442 0 0 0 0 0 0 0.001301696601
917,1785497156.004712582,map,8.2042484283,6.8899917603,-1.4537143707,0.0250090882,0.0456942556,0.7476766704,0.6620167496,0.04260211411 0 0 0 0 0 0 0.04260211411 0 0 0 0 0 0 0.09388267327 0 0 0 0 0 0 0.0007451500919 0 0 0 0 0 0 0.0007451500919 0 0 0 0 0 0 0.001297734608
918,1785497156.104463339,map,8.1991405487,6.8968234062,-1.4530329704,0.0251684254,0.0457618050,0.7476552286,0.6620302744,0.04261953313 0 0 0 0 0 0 0.04261953313 0 0 0 0 0 0 0.09390853076 0 0 0 0 0 0 0.0007455521802 0 0 0 0 0 0 0.0007455521802 0 0 0 0 0 0 0.001298265221
919,1785497156.205120564,map,8.1961727142,6.8927807808,-1.4511131048,0.0252416002,0.0458585355,0.7476519481,0.6620245094,0.04282971337 0 0 0 0 0 0 0.04282971337 0 0 0 0 0 0 0.09422039511 0 0 0 0 0 0 0.000750405899 0 0 0 0 0 0 0.000750405899 0 0 0 0 0 0 0.001304667678
920,1785497156.304843664,map,8.1927947998,6.8965711594,-1.4530303478,0.0253537530,0.0458273806,0.7475746612,0.6621096155,0.04250057641 0 0 0 0 0 0 0.04250057641 0 0 0 0 0 0 0.09373191226 0 0 0 0 0 0 0.0007428067903 0 0 0 0 0 0 0.0007428067903 0 0 0 0 0 0 0.001294641592
921,1785497156.404601097,map,8.1990966797,6.8942627907,-1.4539074898,0.0248674567,0.0457638190,0.7475672163,0.6621408863,0.04269238731 0 0 0 0 0 0 0.04269238731 0 0 0 0 0 0 0.09401665975 0 0 0 0 0 0 0.0007472341795 0 0 0 0 0 0 0.0007472341795 0 0 0 0 0 0 0.001300484487
922,1785497156.504559994,map,8.1978015900,6.8944988251,-1.4523615837,0.0251288165,0.0457805886,0.7475892027,0.6621050286,0.04273455219 0 0 0 0 0 0 0.04273455219 0 0 0 0 0 0 0.09407922642 0 0 0 0 0 0 0.0007482078579 0 0 0 0 0 0 0.0007482078579 0 0 0 0 0 0 0.001301768902
923,1785497156.604955196,map,8.1985521317,6.8964343071,-1.4518102407,0.0252007374,0.0456000774,0.7475556780,0.6621526012,0.04280540614 0 0 0 0 0 0 0.04280540614 0 0 0 0 0 0 0.09418434094 0 0 0 0 0 0 0.0007498443744 0 0 0 0 0 0 0.0007498443744 0 0 0 0 0 0 0.001303927237
924,1785497156.704623699,map,8.1947679520,6.8971657753,-1.4535200596,0.0253100868,0.0455753433,0.7475486288,0.6621581077,0.04262270743 0 0 0 0 0 0 0.04262270743 0 0 0 0 0 0 0.09391324263 0 0 0 0 0 0 0.0007456254564 0 0 0 0 0 0 0.0007456254564 0 0 0 0 0 0 0.001298361916
925,1785497156.804605484,map,8.1909666061,6.8990197182,-1.4528650045,0.0253811843,0.0456465510,0.7475189080,0.6621840359,0.04265722106 0 0 0 0 0 0 0.04265722106 0 0 0 0 0 0 0.09396447034 0 0 0 0 0 0 0.0007464222319 0 0 0 0 0 0 0.0007464222319 0 0 0 0 0 0 0.001299413262
926,1785497156.904532433,map,8.1851711273,6.8976564407,-1.4517849684,0.0254003062,0.0456167417,0.7474965463,0.6622105833,0.04287285063 0 0 0 0 0 0 0.04287285063 0 0 0 0 0 0 0.09428437106 0 0 0 0 0 0 0.0007514025433 0 0 0 0 0 0 0.0007514025433 0 0 0 0 0 0 0.001305981714
927,1785497157.004705191,map,8.1879501343,6.9015674591,-1.4520900249,0.0252548001,0.0456003480,0.7475017874,0.6622113625,0.04292407211 0 0 0 0 0 0 0.04292407211 0 0 0 0 0 0 0.09436032297 0 0 0 0 0 0 0.0007525861734 0 0 0 0 0 0 0.0007525861734 0 0 0 0 0 0 0.001307542009
928,1785497157.104868174,map,8.1855583191,6.9035658836,-1.4524565935,0.0250586590,0.0456203232,0.7474574989,0.6622674059,0.04289890394 0 0 0 0 0 0 0.04289890394 0 0 0 0 0 0 0.09432300511 0 0 0 0 0 0 0.0007520045573 0 0 0 0 0 0 0.0007520045573 0 0 0 0 0 0 0.001306775343
929,1785497157.204738617,map,8.1865530014,6.9032645226,-1.4510911703,0.0250597329,0.0456527348,0.7474501897,0.6622734035,0.04246080789 0 0 0 0 0 0 0.04246080789 0 0 0 0 0 0 0.0936728488 0 0 0 0 0 0 0.0007418892509 0 0 0 0 0 0 0.0007418892509 0 0 0 0 0 0 0.001293430174
930,1785497157.304545164,map,8.1875076294,6.8981714249,-1.4499963522,0.0250350607,0.0458242560,0.7473940662,0.6623258068,0.04282163644 0 0 0 0 0 0 0.04282163644 0 0 0 0 0 0 0.09420841522 0 0 0 0 0 0 0.0007502193071 0 0 0 0 0 0 0.0007502193071 0 0 0 0 0 0 0.00130442164
931,1785497157.404679537,map,8.1880226135,6.8980340958,-1.4524507523,0.0251106379,0.0458319718,0.7473956311,0.6623206519,0.04250308255 0 0 0 0 0 0 0.04250308255 0 0 0 0 0 0 0.09373563403 0 0 0 0 0 0 0.0007428646166 0 0 0 0 0 0 0.0007428646166 0 0 0 0 0 0 0.001294717934
932,1785497157.504778385,map,8.1881608963,6.8935804367,-1.4505907297,0.0247092907,0.0457994992,0.7474171747,0.6623137027,0.04267936902 0 0 0 0 0 0 0.04267936902 0 0 0 0 0 0 0.09399734042 0 0 0 0 0 0 0.0007469335898 0 0 0 0 0 0 0.0007469335898 0 0 0 0 0 0 0.001300087927
933,1785497157.605028152,map,8.1861391068,6.8932356834,-1.4511071444,0.0248969646,0.0458090625,0.7474559199,0.6622622659,0.04271173273 0 0 0 0 0 0 0.04271173273 0 0 0 0 0 0 0.09404536684 0 0 0 0 0 0 0.0007476808881 0 0 0 0 0 0 0.0007476808881 0 0 0 0 0 0 0.001301073782
934,1785497157.704531908,map,8.1871223450,6.8942384720,-1.4516055584,0.0249506071,0.0456830424,0.7474049161,0.6623265394,0.04257525015 0 0 0 0 0 0 0.04257525015 0 0 0 0 0 0 0.09384279194 0 0 0 0 0 0 0.0007445300345 0 0 0 0 0 0 0.0007445300345 0 0 0 0 0 0 0.001296916285
935,1785497157.804710865,map,8.1861505508,6.8939852715,-1.4530017376,0.0251613823,0.0458315589,0.7474088787,0.6623038285,0.04269863478 0 0 0 0 0 0 0.04269863478 0 0 0 0 0 0 0.09402593074 0 0 0 0 0 0 0.0007473784374 0 0 0 0 0 0 0.0007473784374 0 0 0 0 0 0 0.001300674796
936,1785497157.904941082,map,8.1869897842,6.8955359459,-1.4519397020,0.0252308904,0.0457511200,0.7473721190,0.6623482273,0.04283948011 0 0 0 0 0 0 0.04283948011 0 0 0 0 0 0 0.09423488088 0 0 0 0 0 0 0.0007506315361 0 0 0 0 0 0 0.0007506315361 0 0 0 0 0 0 0.00130496519
937,1785497158.004737616,map,8.1898250580,6.8935894966,-1.4536086321,0.0248471796,0.0457217872,0.7473855109,0.6623496376,0.04261365473 0 0 0 0 0 0 0.04261365473 0 0 0 0 0 0 0.09389980482 0 0 0 0 0 0 0.0007454164845 0 0 0 0 0 0 0.0007454164845 0 0 0 0 0 0 0.001298086155
938,1785497158.104361057,map,8.2166175842,6.8737368584,-1.4543634653,0.0247587562,0.0457763585,0.7478745335,0.6617969504,0.04271539344 0 0 0 0 0 0 0.04271539344 0 0 0 0 0 0 0.09405079882 0 0 0 0 0 0 0.0007477654219 0 0 0 0 0 0 0.0007477654219 0 0 0 0 0 0 0.001301185294
939,1785497158.304794312,map,8.2121334076,6.8765029907,-1.4535728693,0.0245229253,0.0458124547,0.7477166158,0.6619816814,0.04278063944 0 0 0 0 0 0 0.04278063944 0 0 0 0 0 0 0.09414760183 0 0 0 0 0 0 0.0007492722879 0 0 0 0 0 0 0.0007492722879 0 0 0 0 0 0 0.0013031728
940,1785497158.404734135,map,8.2095098495,6.8739418983,-1.4516735077,0.0242546389,0.0458381634,0.7476508184,0.6620640556,0.04265161893 0 0 0 0 0 0 0.04265161893 0 0 0 0 0 0 0.0939561557 0 0 0 0 0 0 0.0007462928952 0 0 0 0 0 0 0.0007462928952 0 0 0 0 0 0 0.001299242611
941,1785497158.504541397,map,8.2073793411,6.8714051247,-1.4520059824,0.0240128129,0.0459233658,0.7475921706,0.6621331953,0.04271139716 0 0 0 0 0 0 0.04271139716 0 0 0 0 0 0 0.09404486891 0 0 0 0 0 0 0.0007476731392 0 0 0 0 0 0 0.0007476731392 0 0 0 0 0 0 0.00130106356
942,1785497158.604575634,map,8.2072286606,6.8683204651,-1.4515569210,0.0238699966,0.0459883999,0.7475838128,0.6621432886,0.04277237528 0 0 0 0 0 0 0.04277237528 0 0 0 0 0 0 0.09413534194 0 0 0 0 0 0 0.0007490814055 0 0 0 0 0 0 0.0007490814055 0 0 0 0 0 0 0.001302921059
943,1785497158.704791069,map,8.2100095749,6.8643002510,-1.4488009214,0.0237946591,0.0460557390,0.7475886626,0.6621358439,0.04266728717 0 0 0 0 0 0 0.04266728717 0 0 0 0 0 0 0.09397940993 0 0 0 0 0 0 0.0007466546356 0 0 0 0 0 0 0.0007466546356 0 0 0 0 0 0 0.001299719893
944,1785497158.804764986,map,8.2112054825,6.8631587029,-1.4479296207,0.0237448092,0.0462080095,0.7476010478,0.6621130350,0.04254997383 0 0 0 0 0 0 0.04254997383 0 0 0 0 0 0 0.09380526383 0 0 0 0 0 0 0.0007439466793 0 0 0 0 0 0 0.0007439466793 0 0 0 0 0 0 0.001296146324
945,1785497158.904570341,map,8.2147188187,6.8628506660,-1.4496402740,0.0237499345,0.0462395807,0.7475825035,0.6621315919,0.0426668569 0 0 0 0 0 0 0.0426668569 0 0 0 0 0 0 0.09397877136 0 0 0 0 0 0 0.0007466447015 0 0 0 0 0 0 0.0007466447015 0 0 0 0 0 0 0.001299706786
946,1785497159.004539490,map,8.2179441452,6.8580813408,-1.4508963823,0.0235223708,0.0463881308,0.7475527796,0.6621628827,0.0424458573 0 0 0 0 0 0 0.0424458573 0 0 0 0 0 0 0.09365064212 0 0 0 0 0 0 0.0007415443464 0 0 0 0 0 0 0.0007415443464 0 0 0 0 0 0 0.001292974753
947,1785497159.105870008,map,8.2222137451,6.8543968201,-1.4491302967,0.0230108718,0.0462102104,0.7475332307,0.6622153622,0.04256839975 0 0 0 0 0 0 0.04256839975 0 0 0 0 0 0 0.09383262143 0 0 0 0 0 0 0.0007443719279 0 0 0 0 0 0 0.0007443719279 0 0 0 0 0 0 0.00129670761
948,1785497159.204728127,map,8.2181968689,6.8588790894,-1.4485962391,0.0235038097,0.0461872358,0.7475237074,0.6622104230,0.04288954071 0 0 0 0 0 0 0.04288954071 0 0 0 0 0 0 0.09430912097 0 0 0 0 0 0 0.0007517881945 0 0 0 0 0 0 0.0007517881945 0 0 0 0 0 0 0.001306490123
949,1785497159.304553986,map,8.2158918381,6.8645591736,-1.4506103992,0.0237792723,0.0462298828,0.7474997274,0.6622246498,0.04267504655 0 0 0 0 0 0 0.04267504655 0 0 0 0 0 0 0.0939909256 0 0 0 0 0 0 0.0007468337881 0 0 0 0 0 0 0.0007468337881 0 0 0 0 0 0 0.001299956257
950,1785497159.404622078,map,8.2169542313,6.8680214882,-1.4522001743,0.0243241434,0.0460873733,0.7474696926,0.6622487276,0.04252071554 0 0 0 0 0 0 0.04252071554 0 0 0 0 0 0 0.09376181908 0 0 0 0 0 0 0.0007432714929 0 0 0 0 0 0 0.0007432714929 0 0 0 0 0 0 0.001295255065
951,1785497159.504715919,map,8.2099027634,6.8746056557,-1.4517457485,0.0246874062,0.0460388091,0.7475246862,0.6621765451,0.04273457492 0 0 0 0 0 0 0.04273457492 0 0 0 0 0 0 0.09407926016 0 0 0 0 0 0 0.000748208383 0 0 0 0 0 0 0.000748208383 0 0 0 0 0 0 0.001301769595
952,1785497159.604746580,map,8.1976318359,6.8892960548,-1.4535346031,0.0255424748,0.0460798009,0.7476252833,0.6620276916,0.04241217454 0 0 0 0 0 0 0.04241217454 0 0 0 0 0 0 0.09360060716 0 0 0 0 0 0 0.0007407673691 0 0 0 0 0 0 0.0007407673691 0 0 0 0 0 0 0.001291948718
953,1785497159.704550743,map,8.1917438507,6.8893842697,-1.4551824331,0.0255490940,0.0459874680,0.7478415868,0.6617895032,0.04258679932 0 0 0 0 0 0 0.04258679932 0 0 0 0 0 0 0.09385993795 0 0 0 0 0 0 0.0007447965976 0 0 0 0 0 0 0.0007447965976 0 0 0 0 0 0 0.001297268093
954,1785497159.804536819,map,8.2011327744,6.8917994499,-1.4540449381,0.0252218875,0.0458333785,0.7478511626,0.6618019110,0.0426694032 0 0 0 0 0 0 0.0426694032 0 0 0 0 0 0 0.09398255035 0 0 0 0 0 0 0.0007467034911 0 0 0 0 0 0 0.0007467034911 0 0 0 0 0 0 0.001299784351
955,1785497159.904679775,map,8.2015075684,6.8909287453,-1.4537143707,0.0248488388,0.0457878674,0.7477502383,0.6619332031,0.04274378715 0 0 0 0 0 0 0.04274378715 0 0 0 0 0 0 0.09409292844 0 0 0 0 0 0 0.0007484211336 0 0 0 0 0 0 0.0007484211336 0 0 0 0 0 0 0.001302050215
956,1785497160.004761457,map,8.2010211945,6.8911652565,-1.4519665241,0.0247709741,0.0457445218,0.7476874537,0.6620100518,0.04250362881 0 0 0 0 0 0 0.04250362881 0 0 0 0 0 0 0.09373644526 0 0 0 0 0 0 0.0007428772211 0 0 0 0 0 0 0.0007428772211 0 0 0 0 0 0 0.001294734574
957,1785497160.104570866,map,8.2021131516,6.8875970840,-1.4514882565,0.0246146367,0.0457653466,0.7476694978,0.6620347198,0.04286017058 0 0 0 0 0 0 0.04286017058 0 0 0 0 0 0 0.09426556665 0 0 0 0 0 0 0.0007511095667 0 0 0 0 0 0 0.0007511095667 0 0 0 0 0 0 0.001305595457
958,1785497160.204542160,map,8.2334117889,6.8574500084,-1.4508126974,0.0238516069,0.0459556917,0.7476220195,0.6621030523,0.04290613993 0 0 0 0 0 0 0.04290613993 0 0 0 0 0 0 0.09433373456 0 0 0 0 0 0 0.0007521717694 0 0 0 0 0 0 0.0007521717694 0 0 0 0 0 0 0.001306995764
959,1785497160.504428148,map,8.2171773911,6.8718180656,-1.4554977417,0.0248919684,0.0458306815,0.7476385675,0.6620547939,0.04257320393 0 0 0 0 0 0 0.04257320393 0 0 0 0 0 0 0.09383975403 0 0 0 0 0 0 0.0007444828074 0 0 0 0 0 0 0.0007444828074 0 0 0 0 0 0 0.001296853953
960,1785497160.604481697,map,8.2194356918,6.8738031387,-1.4567800760,0.0244078610,0.0456065427,0.7475819431,0.6621522200,0.04269560664 0 0 0 0 0 0 0.04269560664 0 0 0 0 0 0 0.09402143713 0 0 0 0 0 0 0.0007473085154 0 0 0 0 0 0 0.0007473085154 0 0 0 0 0 0 0.001300582553
961,1785497160.704649687,map,8.2180452347,6.8747797012,-1.4540494680,0.0241739136,0.0455521862,0.7475502738,0.6622002646,0.04274895008 0 0 0 0 0 0 0.04274895008 0 0 0 0 0 0 0.09410058853 0 0 0 0 0 0 0.0007485403715 0 0 0 0 0 0 0.0007485403715 0 0 0 0 0 0 0.001302207487
962,1785497160.804833412,map,8.2152614594,6.8827133179,-1.4549362659,0.0244236179,0.0455173536,0.7474548752,0.6623011694,0.04267412386 0 0 0 0 0 0 0.04267412386 0 0 0 0 0 0 0.09398955625 0 0 0 0 0 0 0.0007468124843 0 0 0 0 0 0 0.0007468124843 0 0 0 0 0 0 0.00129992815
963,1785497160.904468775,map,8.2180624008,6.8860697746,-1.4554736614,0.0241066683,0.0454390105,0.7474061787,0.6623731302,0.04280784561 0 0 0 0 0 0 0.04280784561 0 0 0 0 0 0 0.09418795949 0 0 0 0 0 0 0.0007499007266 0 0 0 0 0 0 0.0007499007266 0 0 0 0 0 0 0.001304001548
964,1785497161.004498720,map,8.2140665054,6.8823590279,-1.4520187378,0.0245858200,0.0456818443,0.7474034530,0.6623418718,0.04263949418 0 0 0 0 0 0 0.04263949418 0 0 0 0 0 0 0.09393815962 0 0 0 0 0 0 0.0007460129794 0 0 0 0 0 0 0.0007460129794 0 0 0 0 0 0 0.00129887327
965,1785497161.104582310,map,8.2077703476,6.8834247589,-1.4544336796,0.0246874593,0.0458043697,0.7473561660,0.6623829822,0.04276513665 0 0 0 0 0 0 0.04276513665 0 0 0 0 0 0 0.09412460312 0 0 0 0 0 0 0.0007489142154 0 0 0 0 0 0 0.0007489142154 0 0 0 0 0 0 0.001302700558
966,1785497161.204795599,map,8.2027301788,6.8831605911,-1.4517785311,0.0245361489,0.0459493333,0.7473245986,0.6624142316,0.04274807491 0 0 0 0 0 0 0.04274807491 0 0 0 0 0 0 0.09409929008 0 0 0 0 0 0 0.0007485201593 0 0 0 0 0 0 0.0007485201593 0 0 0 0 0 0 0.001302180828
967,1785497161.304661751,map,8.1983556747,6.8854656219,-1.4556943178,0.0246968591,0.0459134748,0.7473793335,0.6623489515,0.04256596019 0 0 0 0 0 0 0.04256596019 0 0 0 0 0 0 0.09382899943 0 0 0 0 0 0 0.0007443156239 0 0 0 0 0 0 0.0007443156239 0 0 0 0 0 0 0.001296633296
968,1785497161.404470205,map,8.1963081360,6.8874278069,-1.4540821314,0.0248666768,0.0459343903,0.7474348672,0.6622784674,0.04262569124 0 0 0 0 0 0 0.04262569124 0 0 0 0 0 0 0.0939176717 0 0 0 0 0 0 0.0007456943361 0 0 0 0 0 0 0.0007456943361 0 0 0 0 0 0 0.001298452808
969,1785497161.504608393,map,8.1932935715,6.8935189247,-1.4528939724,0.0251245122,0.0459098187,0.7474154212,0.6622924088,0.04268986117 0 0 0 0 0 0 0.04268986117 0 0 0 0 0 0 0.094012911 0 0 0 0 0 0 0.0007471758503 0 0 0 0 0 0 0.0007471758503 0 0 0 0 0 0 0.001300407536
970,1785497161.604877710,map,8.1923780441,6.8917751312,-1.4536825418,0.0250037860,0.0458272218,0.7474558873,0.6622570318,0.04268012574 0 0 0 0 0 0 0.04268012574 0 0 0 0 0 0 0.09399846343 0 0 0 0 0 0 0.0007469510619 0 0 0 0 0 0 0.0007469510619 0 0 0 0 0 0 0.001300110978
971,1785497161.704536676,map,8.1899309158,6.8940081596,-1.4533867836,0.0250815543,0.0457814788,0.7474093846,0.6623097401,0.04278127952 0 0 0 0 0 0 0.04278127952 0 0 0 0 0 0 0.09414855138 0 0 0 0 0 0 0.0007492870724 0 0 0 0 0 0 0.0007492870724 0 0 0 0 0 0 0.001303192298
972,1785497161.804527521,map,8.1887931824,6.8962216377,-1.4518245459,0.0251901789,0.0458193949,0.7473907747,0.6623239985,0.0428603699 0 0 0 0 0 0 0.0428603699 0 0 0 0 0 0 0.09426586224 0 0 0 0 0 0 0.0007511141719 0 0 0 0 0 0 0.0007511141719 0 0 0 0 0 0 0.001305601529
973,1785497161.904518366,map,8.1872005463,6.8993263245,-1.4533238411,0.0251716273,0.0459046896,0.7473527641,0.6623616722,0.04261728475 0 0 0 0 0 0 0.04261728475 0 0 0 0 0 0 0.09390519328 0 0 0 0 0 0 0.0007455002788 0 0 0 0 0 0 0.0007455002788 0 0 0 0 0 0 0.001298196732
974,1785497162.004769564,map,8.1855916977,6.9038300514,-1.4529078007,0.0254029609,0.0458547042,0.7473129541,0.6624012040,0.04293443123 0 0 0 0 0 0 0.04293443123 0 0 0 0 0 0 0.0943756818 0 0 0 0 0 0 0.0007528255798 0 0 0 0 0 0 0.0007528255798 0 0 0 0 0 0 0.001307857566
975,1785497162.104933500,map,8.1840763092,6.9083809853,-1.4518915415,0.0255363360,0.0458839414,0.7473762262,0.6623226557,0.04283518853 0 0 0 0 0 0 0.04283518853 0 0 0 0 0 0 0.09422851578 0 0 0 0 0 0 0.0007505323883 0 0 0 0 0 0 0.0007505323883 0 0 0 0 0 0 0.001304834461
976,1785497162.204580545,map,8.1810531616,6.9084172249,-1.4515937567,0.0256320252,0.0459245607,0.7473699148,0.6623232842,0.04274962807 0 0 0 0 0 0 0.04274962807 0 0 0 0 0 0 0.09410159445 0 0 0 0 0 0 0.00074855603 0 0 0 0 0 0 0.00074855603 0 0 0 0 0 0 0.00130222814
977,1785497162.304536343,map,8.1827163696,6.9077000618,-1.4535533190,0.0251517278,0.0457301407,0.7472988660,0.6624353065,0.04265549328 0 0 0 0 0 0 0.04265549328 0 0 0 0 0 0 0.09396190599 0 0 0 0 0 0 0.0007463823422 0 0 0 0 0 0 0.0007463823422 0 0 0 0 0 0 0.00129936063
978,1785497162.404726982,map,8.1811132431,6.9115996361,-1.4538511038,0.0252387221,0.0458383531,0.7473104060,0.6624115181,0.04275751493 0 0 0 0 0 0 0.04275751493 0 0 0 0 0 0 0.09411329563 0 0 0 0 0 0 0.0007487381819 0 0 0 0 0 0 0.0007487381819 0 0 0 0 0 0 0.001302468387
979,1785497162.504712582,map,8.1800041199,6.9124164581,-1.4514063597,0.0252451388,0.0457855734,0.7473586503,0.6623604630,0.04288393991 0 0 0 0 0 0 0.04288393991 0 0 0 0 0 0 0.09430081565 0 0 0 0 0 0 0.0007516587762 0 0 0 0 0 0 0.0007516587762 0 0 0 0 0 0 0.001306319512
980,1785497162.604539633,map,8.1822872162,6.9113340378,-1.4507304430,0.0250875006,0.0455458850,0.7473178077,0.6624290643,0.04281514164 0 0 0 0 0 0 0.04281514164 0 0 0 0 0 0 0.09419878171 0 0 0 0 0 0 0.0007500692694 0 0 0 0 0 0 0.0007500692694 0 0 0 0 0 0 0.001304223797
981,1785497162.804740429,map,8.1808147430,6.9086732864,-1.4521411657,0.0251330214,0.0457627841,0.7473310597,0.6623974584,0.04263852558 0 0 0 0 0 0 0.04263852558 0 0 0 0 0 0 0.09393672195 0 0 0 0 0 0 0.0007459906185 0 0 0 0 0 0 0.0007459906185 0 0 0 0 0 0 0.001298843765
982,1785497162.904743195,map,8.1797227859,6.9090609550,-1.4526925087,0.0251279018,0.0458125865,0.7473334631,0.6623914998,0.04274380407 0 0 0 0 0 0 0.04274380407 0 0 0 0 0 0 0.09409295355 0 0 0 0 0 0 0.0007484215245 0 0 0 0 0 0 0.0007484215245 0 0 0 0 0 0 0.001302050731
983,1785497163.004576206,map,8.1795234680,6.9098677635,-1.4508973360,0.0254796657,0.0458966462,0.7473761347,0.6623241124,0.04278816597 0 0 0 0 0 0 0.04278816597 0 0 0 0 0 0 0.09415876712 0 0 0 0 0 0 0.0007494461378 0 0 0 0 0 0 0.0007494461378 0 0 0 0 0 0 0.001303402072
984,1785497163.104432106,map,8.1779146194,6.9084539413,-1.4506813288,0.0256506383,0.0459241465,0.7474346194,0.6622495798,0.04277182173 0 0 0 0 0 0 0.04277182173 0 0 0 0 0 0 0.09413452074 0 0 0 0 0 0 0.0007490686201 0 0 0 0 0 0 0.0007490686201 0 0 0 0 0 0 0.001302904197
985,1785497163.204646349,map,8.1791267395,6.9095373154,-1.4507929087,0.0256319101,0.0458213424,0.7473770042,0.6623224447,0.04274328923 0 0 0 0 0 0 0.04274328923 0 0 0 0 0 0 0.09409218968 0 0 0 0 0 0 0.0007484096342 0 0 0 0 0 0 0.0007484096342 0 0 0 0 0 0 0.001302035048
986,1785497163.304957390,map,8.1785478592,6.9132637978,-1.4525367022,0.0259495497,0.0458602293,0.7474396424,0.6622367163,0.04265845059 0 0 0 0 0 0 0.04265845059 0 0 0 0 0 0 0.09396629517 0 0 0 0 0 0 0.0007464506185 0 0 0 0 0 0 0.0007464506185 0 0 0 0 0 0 0.001299450715
987,1785497163.404681444,map,8.1829462051,6.9069480896,-1.4521800280,0.0260992967,0.0459417200,0.7474382594,0.6622266975,0.04277965976 0 0 0 0 0 0 0.04277965976 0 0 0 0 0 0 0.0941461485 0 0 0 0 0 0 0.0007492496594 0 0 0 0 0 0 0.0007492496594 0 0 0 0 0 0 0.001303142958
988,1785497163.504496336,map,8.1905860901,6.9048242569,-1.4519003630,0.0258356933,0.0458369846,0.7474247774,0.6622595364,0.04260005705 0 0 0 0 0 0 0.04260005705 0 0 0 0 0 0 0.09387961957 0 0 0 0 0 0 0.0007451026097 0 0 0 0 0 0 0.0007451026097 0 0 0 0 0 0 0.001297671946
989,1785497163.604530573,map,8.1891822815,6.9066514969,-1.4515780210,0.0257953129,0.0456651808,0.7473950832,0.6623064834,0.04258819268 0 0 0 0 0 0 0.04258819268 0 0 0 0 0 0 0.0938620065 0 0 0 0 0 0 0.0007448287582 0 0 0 0 0 0 0.0007448287582 0 0 0 0 0 0 0.001297310537
990,1785497163.704552650,map,8.1757631302,6.9143009186,-1.4505517483,0.0262878595,0.0458753712,0.7475063877,0.6621469653,0.04261292119 0 0 0 0 0 0 0.04261292119 0 0 0 0 0 0 0.09389871594 0 0 0 0 0 0 0.0007453995518 0 0 0 0 0 0 0.0007453995518 0 0 0 0 0 0 0.00129806381
991,1785497163.804880857,map,8.1739683151,6.9138746262,-1.4511945248,0.0263459785,0.0458732166,0.7474677732,0.6621883888,0.04259542326 0 0 0 0 0 0 0.04259542326 0 0 0 0 0 0 0.09387274065 0 0 0 0 0 0 0.0007449956519 0 0 0 0 0 0 0.0007449956519 0 0 0 0 0 0 0.001297530793
992,1785497163.904715061,map,8.1767129898,6.9129295349,-1.4502766132,0.0263388368,0.0457393199,0.7474342731,0.6622357318,0.04268586516 0 0 0 0 0 0 0.04268586516 0 0 0 0 0 0 0.09400698091 0 0 0 0 0 0 0.0007470835826 0 0 0 0 0 0 0.0007470835826 0 0 0 0 0 0 0.001300285811
993,1785497164.004486561,map,8.1737623215,6.9147858620,-1.4518299103,0.0263732074,0.0457143371,0.7474560989,0.6622115101,0.04266169244 0 0 0 0 0 0 0.04266169244 0 0 0 0 0 0 0.09397110659 0 0 0 0 0 0 0.0007465254649 0 0 0 0 0 0 0.0007465254649 0 0 0 0 0 0 0.001299549468
994,1785497164.104374647,map,8.1734571457,6.9163646698,-1.4518646002,0.0263860362,0.0458326256,0.7475119547,0.6621397217,0.04278868324 0 0 0 0 0 0 0.04278868324 0 0 0 0 0 0 0.09415953444 0 0 0 0 0 0 0.0007494580859 0 0 0 0 0 0 0.0007494580859 0 0 0 0 0 0 0.001303417828
995,1785497164.204791784,map,8.1733226776,6.9159808159,-1.4513587952,0.0263181660,0.0457119325,0.7475268972,0.6621339014,0.04264176407 0 0 0 0 0 0 0.04264176407 0 0 0 0 0 0 0.09394152875 0 0 0 0 0 0 0.0007460653817 0 0 0 0 0 0 0.0007460653817 0 0 0 0 0 0 0.001298942414
996,1785497164.304873466,map,8.1735229492,6.9203300476,-1.4506350756,0.0263660396,0.0457275633,0.7475687816,0.6620836281,0.04256498824 0 0 0 0 0 0 0.04256498824 0 0 0 0 0 0 0.09382755638 0 0 0 0 0 0 0.0007442931919 0 0 0 0 0 0 0.0007442931919 0 0 0 0 0 0 0.001296603689
997,1785497164.404707909,map,8.1765127182,6.9180269241,-1.4533489943,0.0260212464,0.0457167832,0.7475623079,0.6621053479,0.04253264677 0 0 0 0 0 0 0.04253264677 0 0 0 0 0 0 0.093779536 0 0 0 0 0 0 0.0007435468181 0 0 0 0 0 0 0.0007435468181 0 0 0 0 0 0 0.001295618512
998,1785497164.504415035,map,8.1794853210,6.9196739197,-1.4514589310,0.0259285207,0.0455820333,0.7475312990,0.6621532454,0.04279433124 0 0 0 0 0 0 0.04279433124 0 0 0 0 0 0 0.09416791277 0 0 0 0 0 0 0.0007495885484 0 0 0 0 0 0 0.0007495885484 0 0 0 0 0 0 0.001303589876
999,1785497164.604604483,map,8.2088756561,6.8997306824,-1.4524693489,0.0258580059,0.0459435626,0.7475556882,0.6621034968,0.04274515765 0 0 0 0 0 0 0.04274515765 0 0 0 0 0 0 0.09409496184 0 0 0 0 0 0 0.0007484527853 0 0 0 0 0 0 0.0007484527853 0 0 0 0 0 0 0.001302091963
1000,1785497164.904598236,map,8.1997795105,6.9024586678,-1.4525604248,0.0261852319,0.0459969121,0.7475506955,0.6620925701,0.0426440074 0 0 0 0 0 0 0.0426440074 0 0 0 0 0 0 0.09394485843 0 0 0 0 0 0 0.0007461171715 0 0 0 0 0 0 0.0007461171715 0 0 0 0 0 0 0.00129901075
1001,1785497165.004460335,map,8.1943464279,6.9056277275,-1.4541968107,0.0262752558,0.0458779956,0.7475288145,0.6621219372,0.04278735328 0 0 0 0 0 0 0.04278735328 0 0 0 0 0 0 0.09415756154 0 0 0 0 0 0 0.0007494273657 0 0 0 0 0 0 0.0007494273657 0 0 0 0 0 0 0.001303377316
1002,1785497165.104662895,map,8.1891460419,6.9091353416,-1.4539293051,0.0262760619,0.0458421831,0.7475505188,0.6620999226,0.04268746663 0 0 0 0 0 0 0.04268746663 0 0 0 0 0 0 0.0940093575 0 0 0 0 0 0 0.0007471205602 0 0 0 0 0 0 0.0007471205602 0 0 0 0 0 0 0.001300334594
1003,1785497165.204831362,map,8.1897258759,6.9076247215,-1.4523694515,0.0262831255,0.0457178819,0.7475158196,0.6621473816,0.04256818437 0 0 0 0 0 0 0.04256818437 0 0 0 0 0 0 0.09383230164 0 0 0 0 0 0 0.0007443669569 0 0 0 0 0 0 0.0007443669569 0 0 0 0 0 0 0.001296701049
1004,1785497165.304634333,map,8.1892929077,6.9073982239,-1.4539746046,0.0259379853,0.0456673679,0.7475317348,0.6621465602,0.04268530343 0 0 0 0 0 0 0.04268530343 0 0 0 0 0 0 0.09400614729 0 0 0 0 0 0 0.0007470706123 0 0 0 0 0 0 0.0007470706123 0 0 0 0 0 0 0.001300268699
1005,1785497165.405347347,map,8.1901226044,6.9088973999,-1.4525429010,0.0261411902,0.0456921593,0.7476061249,0.6620528090,0.04285700023 0 0 0 0 0 0 0.04285700023 0 0 0 0 0 0 0.0942608649 0 0 0 0 0 0 0.0007510363168 0 0 0 0 0 0 0.0007510363168 0 0 0 0 0 0 0.001305498883
1006,1785497165.504518986,map,8.1898698807,6.9010252953,-1.4510291815,0.0257354350,0.0458044967,0.7476090145,0.6620576847,0.0427942696 0 0 0 0 0 0 0.0427942696 0 0 0 0 0 0 0.09416782134 0 0 0 0 0 0 0.0007495871246 0 0 0 0 0 0 0.0007495871246 0 0 0 0 0 0 0.001303587999
1007,1785497165.604847431,map,8.1891384125,6.9014430046,-1.4531786442,0.0256724122,0.0457689635,0.7475913506,0.6620825562,0.04275003766 0 0 0 0 0 0 0.04275003766 0 0 0 0 0 0 0.09410220214 0 0 0 0 0 0 0.0007485654896 0 0 0 0 0 0 0.0007485654896 0 0 0 0 0 0 0.001302240617
1008,1785497165.704879284,map,8.1871690750,6.9044437408,-1.4533693790,0.0255258503,0.0456159731,0.7476266162,0.6620589395,0.04276564371 0 0 0 0 0 0 0.04276564371 0 0 0 0 0 0 0.09412535537 0 0 0 0 0 0 0.0007489259268 0 0 0 0 0 0 0.0007489259268 0 0 0 0 0 0 0.001302716004
1009,1785497165.804675102,map,8.1886358261,6.9076695442,-1.4521417618,0.0256145800,0.0457229822,0.7476403334,0.6620326814,0.04267534867 0 0 0 0 0 0 0.04267534867 0 0 0 0 0 0 0.09399137398 0 0 0 0 0 0 0.0007468407639 0 0 0 0 0 0 0.0007468407639 0 0 0 0 0 0 0.00129996546
1010,1785497165.904490948,map,8.1872272491,6.9095120430,-1.4506942034,0.0257979163,0.0458228433,0.7476824122,0.6619711284,0.04262884643 0 0 0 0 0 0 0.04262884643 0 0 0 0 0 0 0.09392235508 0 0 0 0 0 0 0.0007457671726 0 0 0 0 0 0 0.0007457671726 0 0 0 0 0 0 0.001298548921
1011,1785497166.004512310,map,8.1900167465,6.9098296165,-1.4515103102,0.0259252097,0.0457628693,0.7476920111,0.6619594413,0.04282547543 0 0 0 0 0 0 0.04282547543 0 0 0 0 0 0 0.09421410934 0 0 0 0 0 0 0.000750307994 0 0 0 0 0 0 0.000750307994 0 0 0 0 0 0 0.001304538583
1012,1785497166.104755163,map,8.1874847412,6.9081749916,-1.4521747828,0.0257935168,0.0456587623,0.7477602616,0.6618946580,0.04267538824 0 0 0 0 0 0 0.04267538824 0 0 0 0 0 0 0.09399143269 0 0 0 0 0 0 0.0007468416774 0 0 0 0 0 0 0.0007468416774 0 0 0 0 0 0 0.001299966665
1013,1785497166.204713345,map,8.1937761307,6.9042663574,-1.4506137371,0.0254439301,0.0457807180,0.7477643558,0.6618951589,0.04298025756 0 0 0 0 0 0 0.04298025756 0 0 0 0 0 0 0.09444361853 0 0 0 0 0 0 0.0007538847694 0 0 0 0 0 0 0.0007538847694 0 0 0 0 0 0 0.001309253516
1014,1785497166.304620743,map,8.1916122437,6.9045395851,-1.4499326944,0.0258395711,0.0457976534,0.7477383558,0.6619080305,0.04302595542 0 0 0 0 0 0 0.04302595542 0 0 0 0 0 0 0.09451135306 0 0 0 0 0 0 0.0007549411681 0 0 0 0 0 0 0.0007549411681 0 0 0 0 0 0 0.001310645552
1015,1785497166.404548168,map,8.1928091049,6.9017848969,-1.4518371820,0.0258568895,0.0457806641,0.7478087088,0.6618290606,0.04263040926 0 0 0 0 0 0 0.04263040926 0 0 0 0 0 0 0.09392467485 0 0 0 0 0 0 0.0007458032505 0 0 0 0 0 0 0.0007458032505 0 0 0 0 0 0 0.001298596527
1016,1785497166.504585266,map,8.2045059204,6.9079718590,-1.4525396824,0.0258934196,0.0457693378,0.7476160658,0.6620459990,0.04262419127 0 0 0 0 0 0 0.04262419127 0 0 0 0 0 0 0.0939154452 0 0 0 0 0 0 0.00074565971 0 0 0 0 0 0 0.00074565971 0 0 0 0 0 0 0.001298407117
1017,1785497166.704588413,map,8.1950292587,6.9070920944,-1.4516806602,0.0259034142,0.0458628377,0.7475815792,0.6620780746,0.04266707941 0 0 0 0 0 0 0.04266707941 0 0 0 0 0 0 0.09397910159 0 0 0 0 0 0 0.0007466498389 0 0 0 0 0 0 0.0007466498389 0 0 0 0 0 0 0.001299713564
1018,1785497166.804495811,map,8.1938810349,6.9002356529,-1.4508496523,0.0253752854,0.0460428032,0.7475733066,0.6620954073,0.04284140833 0 0 0 0 0 0 0.04284140833 0 0 0 0 0 0 0.09423774069 0 0 0 0 0 0 0.0007506760838 0 0 0 0 0 0 0.0007506760838 0 0 0 0 0 0 0.001305023927
1019,1785497166.904464960,map,8.1904144287,6.9015259743,-1.4509866238,0.0256529674,0.0459069445,0.7475192311,0.6621551442,0.04292892945 0 0 0 0 0 0 0.04292892945 0 0 0 0 0 0 0.09436752472 0 0 0 0 0 0 0.0007526984287 0 0 0 0 0 0 0.0007526984287 0 0 0 0 0 0 0.001307689972
1020,1785497167.004782438,map,8.1885128021,6.9066605568,-1.4526877403,0.0255561990,0.0459844586,0.7475065889,0.6621678180,0.04280267381 0 0 0 0 0 0 0.04280267381 0 0 0 0 0 0 0.09418028796 0 0 0 0 0 0 0.0007497812577 0 0 0 0 0 0 0.0007497812577 0 0 0 0 0 0 0.001303844006
1021,1785497167.104794741,map,8.1839275360,6.9071693420,-1.4508335590,0.0255654563,0.0459689750,0.7475405023,0.6621302627,0.04280398868 0 0 0 0 0 0 0.04280398868 0 0 0 0 0 0 0.09418223837 0 0 0 0 0 0 0.0007498116311 0 0 0 0 0 0 0.0007498116311 0 0 0 0 0 0 0.001303884059
1022,1785497167.204585552,map,8.1855812073,6.9014234543,-1.4470391273,0.0252791008,0.0459825161,0.7475715609,0.6621052255,0.04289350424 0 0 0 0 0 0 0.04289350424 0 0 0 0 0 0 0.09431499829 0 0 0 0 0 0 0.0007518797815 0 0 0 0 0 0 0.0007518797815 0 0 0 0 0 0 0.001306610859
1023,1785497167.304408312,map,8.1873664856,6.9020543098,-1.4495861530,0.0254860273,0.0458416503,0.7476056234,0.6620686007,0.04272322421 0 0 0 0 0 0 0.04272322421 0 0 0 0 0 0 0.0940624183 0 0 0 0 0 0 0.0007479462552 0 0 0 0 0 0 0.0007479462552 0 0 0 0 0 0 0.001301423832
1024,1785497167.404487371,map,8.1920728683,6.9018373489,-1.4518533945,0.0252564995,0.0458549048,0.7475862609,0.6620983655,0.04266100366 0 0 0 0 0 0 0.04266100366 0 0 0 0 0 0 0.09397008434 0 0 0 0 0 0 0.0007465095625 0 0 0 0 0 0 0.0007465095625 0 0 0 0 0 0 0.001299528486
1025,1785497167.504934072,map,8.2015438080,6.9005560875,-1.4487842321,0.0252014397,0.0456415448,0.7475321868,0.6621762399,0.0427476646 0 0 0 0 0 0 0.0427476646 0 0 0 0 0 0 0.09409868132 0 0 0 0 0 0 0.0007485106831 0 0 0 0 0 0 0.0007485106831 0 0 0 0 0 0 0.001302168329
1026,1785497167.604746103,map,8.2047271729,6.8975853920,-1.4530662298,0.0247206324,0.0456174033,0.7475178322,0.6622122190,0.04259873346 0 0 0 0 0 0 0.04259873346 0 0 0 0 0 0 0.09387765469 0 0 0 0 0 0 0.0007450720583 0 0 0 0 0 0 0.0007450720583 0 0 0 0 0 0 0.001297631627
1027,1785497167.704539776,map,8.2047653198,6.8983387947,-1.4527540207,0.0246650661,0.0456461662,0.7474834026,0.6622511535,0.04275243637 0 0 0 0 0 0 0.04275243637 0 0 0 0 0 0 0.09410576097 0 0 0 0 0 0 0.0007486208888 0 0 0 0 0 0 0.0007486208888 0 0 0 0 0 0 0.001302313686
1028,1785497167.804459095,map,8.1998310089,6.8993420601,-1.4513083696,0.0251300245,0.0457952027,0.7475460524,0.6621526954,0.04287743825 0 0 0 0 0 0 0.04287743825 0 0 0 0 0 0 0.09429117425 0 0 0 0 0 0 0.0007515085453 0 0 0 0 0 0 0.0007515085453 0 0 0 0 0 0 0.001306121461
1029,1785497167.904536486,map,8.1990299225,6.8983421326,-1.4527124166,0.0251814103,0.0457444103,0.7475751596,0.6621213929,0.04269381549 0 0 0 0 0 0 0.04269381549 0 0 0 0 0 0 0.09401877913 0 0 0 0 0 0 0.0007472671567 0 0 0 0 0 0 0.0007472671567 0 0 0 0 0 0 0.001300527992
1030,1785497168.004752636,map,8.2023334503,6.8978652954,-1.4520318508,0.0250435696,0.0458612299,0.7475700022,0.6621243861,0.04249570588 0 0 0 0 0 0 0.04249570588 0 0 0 0 0 0 0.09372467913 0 0 0 0 0 0 0.0007426944101 0 0 0 0 0 0 0.0007426944101 0 0 0 0 0 0 0.001294493228
1031,1785497168.104825020,map,8.2032451630,6.8973546028,-1.4513798952,0.0251976709,0.0458600737,0.7476006668,0.6620839727,0.04264551771 0 0 0 0 0 0 0.04264551771 0 0 0 0 0 0 0.09394710011 0 0 0 0 0 0 0.0007461520389 0 0 0 0 0 0 0.0007461520389 0 0 0 0 0 0 0.001299056757
1032,1785497168.304287195,map,8.2009286880,6.8967986107,-1.4523792267,0.0251168302,0.0458212189,0.7476152558,0.6620732652,0.04249661708 0 0 0 0 0 0 0.04249661708 0 0 0 0 0 0 0.09372603235 0 0 0 0 0 0 0.0007427154346 0 0 0 0 0 0 0.0007427154346 0 0 0 0 0 0 0.001294520985
1033,1785497168.404525280,map,8.1972551346,6.9018192291,-1.4520590305,0.0253718014,0.0458430596,0.7476370883,0.6620373687,0.04268082274 0 0 0 0 0 0 0.04268082274 0 0 0 0 0 0 0.09399949781 0 0 0 0 0 0 0.0007469671552 0 0 0 0 0 0 0.0007469671552 0 0 0 0 0 0 0.00130013221
1034,1785497168.504824638,map,8.2022333145,6.9029750824,-1.4538494349,0.0249473932,0.0457260659,0.7475753400,0.6621313190,0.04262342838 0 0 0 0 0 0 0.04262342838 0 0 0 0 0 0 0.09391431279 0 0 0 0 0 0 0.0007456420991 0 0 0 0 0 0 0.0007456420991 0 0 0 0 0 0 0.001298383878
1035,1785497168.604605436,map,8.2011928558,6.9020447731,-1.4514263868,0.0249239353,0.0455696353,0.7475780343,0.6621399355,0.04295437206 0 0 0 0 0 0 0.04295437206 0 0 0 0 0 0 0.09440524519 0 0 0 0 0 0 0.0007532864527 0 0 0 0 0 0 0.0007532864527 0 0 0 0 0 0 0.001308464999
1036,1785497168.704439402,map,8.2025699615,6.8982338905,-1.4509657621,0.0251054109,0.0457727040,0.7476764092,0.6620079725,0.04246234548 0 0 0 0 0 0 0.04246234548 0 0 0 0 0 0 0.09367513256 0 0 0 0 0 0 0.0007419247236 0 0 0 0 0 0 0.0007419247236 0 0 0 0 0 0 0.001293477012
1037,1785497168.804507256,map,8.2086095810,6.8960161209,-1.4527986050,0.0247572559,0.0456691255,0.7476185036,0.6620936490,0.04265981862 0 0 0 0 0 0 0.04265981862 0 0 0 0 0 0 0.09396832555 0 0 0 0 0 0 0.0007464822028 0 0 0 0 0 0 0.0007464822028 0 0 0 0 0 0 0.001299492388
1038,1785497168.904804468,map,8.2044258118,6.8942360878,-1.4529017210,0.0250284768,0.0456150672,0.7475659663,0.6621464983,0.04282876008 0 0 0 0 0 0 0.04282876008 0 0 0 0 0 0 0.09421898118 0 0 0 0 0 0 0.0007503838758 0 0 0 0 0 0 0.0007503838758 0 0 0 0 0 0 0.001304638639
1039,1785497169.004719257,map,8.2015600204,6.8951702118,-1.4514563084,0.0253500088,0.0456874837,0.7475426236,0.6621555731,0.04265835775 0 0 0 0 0 0 0.04265835775 0 0 0 0 0 0 0.09396615738 0 0 0 0 0 0 0.0007464484751 0 0 0 0 0 0 0.0007464484751 0 0 0 0 0 0 0.001299447887
1040,1785497169.104493141,map,8.2031774521,6.8941268921,-1.4532120228,0.0249263026,0.0455878791,0.7476116400,0.6621006245,0.04287268414 0 0 0 0 0 0 0.04287268414 0 0 0 0 0 0 0.09428412417 0 0 0 0 0 0 0.0007513986965 0 0 0 0 0 0 0.0007513986965 0 0 0 0 0 0 0.001305976642
1041,1785497169.204390526,map,8.2024297714,6.8931455612,-1.4535688162,0.0249822065,0.0456877224,0.7476021218,0.6621023968,0.04280136278 0 0 0 0 0 0 0.04280136278 0 0 0 0 0 0 0.09417834323 0 0 0 0 0 0 0.0007497509731 0 0 0 0 0 0 0.0007497509731 0 0 0 0 0 0 0.001303804069
1042,1785497169.304666042,map,8.2019681931,6.8949890137,-1.4516780376,0.0252866928,0.0459072882,0.7476036816,0.6620739081,0.04280454993 0 0 0 0 0 0 0.04280454993 0 0 0 0 0 0 0.0941830709 0 0 0 0 0 0 0.0007498245959 0 0 0 0 0 0 0.0007498245959 0 0 0 0 0 0 0.001303901156
1043,1785497169.404809475,map,8.2002525330,6.8966021538,-1.4521743059,0.0254314209,0.0459915109,0.7476412149,0.6620201217,0.04276857274 0 0 0 0 0 0 0.04276857274 0 0 0 0 0 0 0.09412970075 0 0 0 0 0 0 0.0007489935781 0 0 0 0 0 0 0.0007489935781 0 0 0 0 0 0 0.001302805228
1044,1785497169.504490614,map,8.2000818253,6.9046468735,-1.4520385265,0.0256300797,0.0459528731,0.7476215749,0.6620373335,0.04268753589 0 0 0 0 0 0 0.04268753589 0 0 0 0 0 0 0.09400946028 0 0 0 0 0 0 0.0007471221595 0 0 0 0 0 0 0.0007471221595 0 0 0 0 0 0 0.001300336704
1045,1785497169.604413271,map,8.1980609894,6.9065451622,-1.4515441656,0.0257160322,0.0459130166,0.7476512765,0.6620032203,0.04275479504 0 0 0 0 0 0 0.04275479504 0 0 0 0 0 0 0.09410926036 0 0 0 0 0 0 0.0007486753638 0 0 0 0 0 0 0.0007486753638 0 0 0 0 0 0 0.001302385535
1046,1785497169.704582214,map,8.1964616776,6.9075818062,-1.4519718885,0.0256099949,0.0458655624,0.7476360553,0.6620278196,0.04279072466 0 0 0 0 0 0 0.04279072466 0 0 0 0 0 0 0.09416256275 0 0 0 0 0 0 0.0007495052402 0 0 0 0 0 0 0.0007495052402 0 0 0 0 0 0 0.001303480014
1047,1785497169.804773569,map,8.1964178085,6.9165668488,-1.4489917755,0.0254061804,0.0456444444,0.7499261739,0.6594557205,0.04255135166 0 0 0 0 0 0 0.04255135166 0 0 0 0 0 0 0.0938073096 0 0 0 0 0 0 0.0007439784769 0 0 0 0 0 0 0.0007439784769 0 0 0 0 0 0 0.001296188295
1048,1785497169.904562712,map,8.1669178009,6.9211840630,-1.4462518692,0.0265181704,0.0463803214,0.7530696484,0.6557680444,0.04289821476 0 0 0 0 0 0 0.04289821476 0 0 0 0 0 0 0.09432198319 0 0 0 0 0 0 0.0007519886316 0 0 0 0 0 0 0.0007519886316 0 0 0 0 0 0 0.001306754349
1049,1785497170.004400492,map,8.1535797119,6.8804430962,-1.4453921318,0.0228816488,0.0446642765,0.7607235271,0.6471330868,0.04280451995 0 0 0 0 0 0 0.04280451995 0 0 0 0 0 0 0.09418302642 0 0 0 0 0 0 0.0007498239033 0 0 0 0 0 0 0.0007498239033 0 0 0 0 0 0 0.001303900242
1050,1785497170.104479313,map,8.1006641388,6.9675855637,-1.4466762543,0.0242400743,0.0428055837,0.7685932704,0.6378436245,0.04267265049 0 0 0 0 0 0 0.04267265049 0 0 0 0 0 0 0.09398736966 0 0 0 0 0 0 0.0007467784663 0 0 0 0 0 0 0.0007467784663 0 0 0 0 0 0 0.001299883269
1051,1785497170.204729080,map,8.0990810394,6.9648356438,-1.4533176422,0.0223235402,0.0411213945,0.7779659598,0.6265617528,0.04278703722 0 0 0 0 0 0 0.04278703722 0 0 0 0 0 0 0.09415709268 0 0 0 0 0 0 0.0007494200652 0 0 0 0 0 0 0.0007494200652 0 0 0 0 0 0 0.001303367688
1052,1785497170.304802656,map,8.0762491226,6.9388942719,-1.4584959745,0.0225435779,0.0412870076,0.7824112705,0.6209828920,0.04260823105 0 0 0 0 0 0 0.04260823105 0 0 0 0 0 0 0.0938917537 0 0 0 0 0 0 0.000745291288 0 0 0 0 0 0 0.000745291288 0 0 0 0 0 0 0.001297920941
1053,1785497170.404510498,map,8.1036558151,6.9174408913,-1.4619004726,0.0220754454,0.0405988984,0.7900355753,0.6113167905,0.04307072998 0 0 0 0 0 0 0.04307072998 0 0 0 0 0 0 0.09457770769 0 0 0 0 0 0 0.0007559763956 0 0 0 0 0 0 0.0007559763956 0 0 0 0 0 0 0.001312009463
1054,1785497170.904230833,map,8.1256198883,6.8810181618,-1.4354243279,0.0240396704,0.0244244392,0.8015418288,0.5969558052,0.04276670499 0 0 0 0 0 0 0.04276670499 0 0 0 0 0 0 0.09412692984 0 0 0 0 0 0 0.0007489504389 0 0 0 0 0 0 0.0007489504389 0 0 0 0 0 0 0.001302748333
1055,1785497171.104799032,map,8.1183204651,6.8817772865,-1.4634338617,0.0262145429,0.0286553087,0.8138164202,0.5798228052,0.0427452832 0 0 0 0 0 0 0.0427452832 0 0 0 0 0 0 0.09409514811 0 0 0 0 0 0 0.0007484556848 0 0 0 0 0 0 0.0007484556848 0 0 0 0 0 0 0.001302095788
1056,1785497171.204696655,map,8.1087808609,6.9108223915,-1.4552912712,0.0269928071,0.0308994409,0.8181613679,0.5735229636,0.04269878819 0 0 0 0 0 0 0.04269878819 0 0 0 0 0 0 0.09402615839 0 0 0 0 0 0 0.0007473819798 0 0 0 0 0 0 0.0007473819798 0 0 0 0 0 0 0.001300679469
1057,1785497171.304441690,map,8.0834817886,6.9199242592,-1.4563735723,0.0272517028,0.0325519474,0.8245158152,0.5642440831,0.04253646568 0 0 0 0 0 0 0.04253646568 0 0 0 0 0 0 0.0937852066 0 0 0 0 0 0 0.0007436349458 0 0 0 0 0 0 0.0007436349458 0 0 0 0 0 0 0.001295734842
1058,1785497171.404385090,map,8.1105861664,6.9345827103,-1.4615125656,0.0271886680,0.0341677073,0.8303167842,0.5555784297,0.04262906606 0 0 0 0 0 0 0.04262906606 0 0 0 0 0 0 0.09392268109 0 0 0 0 0 0 0.0007457722428 0 0 0 0 0 0 0.0007457722428 0 0 0 0 0 0 0.001298555611
1059,1785497171.504714012,map,8.0855169296,6.9342513084,-1.4574092627,0.0271342810,0.0356537203,0.8359390801,0.5469903143,0.04293045527 0 0 0 0 0 0 0.04293045527 0 0 0 0 0 0 0.09436978696 0 0 0 0 0 0 0.0007527336916 0 0 0 0 0 0 0.0007527336916 0 0 0 0 0 0 0.001307736452
1060,1785497171.604792118,map,8.0608091354,6.9333429337,-1.4500236511,0.0277363055,0.0374835825,0.8425048201,0.5366668751,0.04244388761 0 0 0 0 0 0 0.04244388761 0 0 0 0 0 0 0.09364771637 0 0 0 0 0 0 0.0007414989078 0 0 0 0 0 0 0.0007414989078 0 0 0 0 0 0 0.001292914753
1061,1785497171.704649925,map,8.0620193481,6.9092497826,-1.4503414631,0.0280967792,0.0374758960,0.8474041100,0.5288784372,0.04270340124 0 0 0 0 0 0 0.04270340124 0 0 0 0 0 0 0.09403300383 0 0 0 0 0 0 0.0007474885002 0 0 0 0 0 0 0.0007474885002 0 0 0 0 0 0 0.00130081999
1062,1785497171.804432392,map,8.0633535385,6.8996829987,-1.4487650394,0.0276805965,0.0362074293,0.8516115696,0.5221882117,0.04272778317 0 0 0 0 0 0 0.04272778317 0 0 0 0 0 0 0.09406918284 0 0 0 0 0 0 0.0007480515362 0 0 0 0 0 0 0.0007480515362 0 0 0 0 0 0 0.001301562706
1063,1785497171.904435873,map,8.0468292236,6.9144887924,-1.4474296570,0.0281617090,0.0366017134,0.8565230427,0.5140384266,0.04283715824 0 0 0 0 0 0 0.04283715824 0 0 0 0 0 0 0.09423143719 0 0 0 0 0 0 0.0007505778941 0 0 0 0 0 0 0.0007505778941 0 0 0 0 0 0 0.001304894462
1064,1785497172.004594326,map,8.0601787567,6.8994827271,-1.4412552118,0.0284244809,0.0353379329,0.8614709102,0.5057777796,0.04272925113 0 0 0 0 0 0 0.04272925113 0 0 0 0 0 0 0.09407136095 0 0 0 0 0 0 0.0007480854365 0 0 0 0 0 0 0.0007480854365 0 0 0 0 0 0 0.001301607423
1065,1785497172.104796171,map,8.0631523132,6.9075365067,-1.4486827850,0.0284538756,0.0337407344,0.8657878630,0.4984609323,0.04261878956 0 0 0 0 0 0 0.04261878956 0 0 0 0 0 0 0.09390742701 0 0 0 0 0 0 0.0007455350157 0 0 0 0 0 0 0.0007455350157 0 0 0 0 0 0 0.001298242571
1066,1785497172.204573154,map,8.0420017242,6.9486656189,-1.4572618008,0.0294692616,0.0320386236,0.8721692754,0.4872636262,0.04282056097 0 0 0 0 0 0 0.04282056097 0 0 0 0 0 0 0.09420682003 0 0 0 0 0 0 0.0007501944622 0 0 0 0 0 0 0.0007501944622 0 0 0 0 0 0 0.00130438888
1067,1785497172.304207563,map,8.0278367996,6.9650130272,-1.4516763687,0.0312923900,0.0325871151,0.8776849017,0.4771038480,0.04277938922 0 0 0 0 0 0 0.04277938922 0 0 0 0 0 0 0.09414574716 0 0 0 0 0 0 0.0007492434104 0 0 0 0 0 0 0.0007492434104 0 0 0 0 0 0 0.001303134716
1068,1785497172.404457569,map,8.0247564316,6.9464836121,-1.4437534809,0.0291613777,0.0342120958,0.8849113125,0.4635850610,0.04275768596 0 0 0 0 0 0 0.04275768596 0 0 0 0 0 0 0.09411354937 0 0 0 0 0 0 0.0007487421321 0 0 0 0 0 0 0.0007487421321 0 0 0 0 0 0 0.001302473597
1069,1785497172.504736185,map,8.0278015137,6.9651250839,-1.4429346323,0.0308814162,0.0339757258,0.8907725229,0.4521241929,0.04268933922 0 0 0 0 0 0 0.04268933922 0 0 0 0 0 0 0.09401213642 0 0 0 0 0 0 0.0007471637983 0 0 0 0 0 0 0.0007471637983 0 0 0 0 0 0 0.001300391637
1070,1785497172.604725838,map,7.9915018082,6.9368691444,-1.4537750483,0.0284707573,0.0355743978,0.8964295796,0.4408377034,0.04286604635 0 0 0 0 0 0 0.04286604635 0 0 0 0 0 0 0.09427428048 0 0 0 0 0 0 0.0007512453265 0 0 0 0 0 0 0.0007512453265 0 0 0 0 0 0 0.001305774444
