message_index,stamp_sec,frame_id,position_x,position_y,position_z,orientation_x,orientation_y,orientation_z,orientation_w,covariance
0,0.000000000,map,7.3766000000,-4.3410000000,-1.1700000000,0.0000000000,0.0000000000,0.8550024007,0.5186240400,0 0 0 0 0 0 0 0 0 0 0 0 0 0 0 0 0 0 0 0 0 0 0 0 0 0 0 0 0 0 0 0 0 0 0 0
1,1785495426.753357887,map,7.8429393768,-4.1016387939,-1.1589483023,0.0358756137,0.0596230934,0.8546377148,0.5145410140,0.04298828781 0 0 0 0 0 0 0.04298828781 0 0 0 0 0 0 0.09445552201 0 0 0 0 0 0 0.0007540703919 0 0 0 0 0 0 0.0007540703919 0 0 0 0 0 0 0.001309498131
2,1785495429.351785898,map,7.8569860458,-4.1201300621,-1.1612884998,0.0366910797,0.0600818532,0.8546519585,0.5144064332,0.04294842723 0 0 0 0 0 0 0.04294842723 0 0 0 0 0 0 0.09439643188 0 0 0 0 0 0 0.0007531490521 0 0 0 0 0 0 0.0007531490521 0 0 0 0 0 0 0.001308283909
3,1785495429.651681900,map,7.8192791939,-4.1146545410,-1.1586999893,0.0364029067,0.0594025355,0.8541111610,0.5154030062,0.04311925851 0 0 0 0 0 0 0.04311925851 0 0 0 0 0 0 0.09464961296 0 0 0 0 0 0 0.0007570986113 0 0 0 0 0 0 0.0007570986113 0 0 0 0 0 0 0.001313487727
4,1785495429.852205038,map,7.8559236526,-4.1358528137,-1.1611021757,0.0354382075,0.0593434168,0.8541544279,0.5154053697,0.04303067946 0 0 0 0 0 0 0.04303067946 0 0 0 0 0 0 0.09451835447 0 0 0 0 0 0 0.0007550503839 0 0 0 0 0 0 0.0007550503839 0 0 0 0 0 0 0.001310789455
5,1785495430.152066946,map,7.8386964798,-4.1302528381,-1.1582978964,0.0358460512,0.0592211061,0.8540338845,0.5155908833,0.0431897139 0 0 0 0 0 0 0.0431897139 0 0 0 0 0 0 0.09475398408 0 0 0 0 0 0 0.0007587282389 0 0 0 0 0 0 0.0007587282389 0 0 0 0 0 0 0.001315633921
6,1785495430.351475954,map,7.8418173790,-4.1343646049,-1.1575353146,0.0355276555,0.0591596494,0.8541225309,0.5154731700,0.04314636537 0 0 0 0 0 0 0.04314636537 0 0 0 0 0 0 0.09468977176 0 0 0 0 0 0 0.0007577255408 0 0 0 0 0 0 0.0007577255408 0 0 0 0 0 0 0.001314313449
7,1785495430.451785088,map,7.8422541618,-4.1339426041,-1.1602412462,0.0353735855,0.0590325334,0.8540515069,0.5156160123,0.04323860915 0 0 0 0 0 0 0.04323860915 0 0 0 0 0 0 0.09482640021 0 0 0 0 0 0 0.0007598594298 0 0 0 0 0 0 0.0007598594298 0 0 0 0 0 0 0.001317123355
8,1785495430.552309036,map,7.8459577560,-4.1351027489,-1.1591979265,0.0357070912,0.0592163226,0.8541247914,0.5154505565,0.04312444864 0 0 0 0 0 0 0.04312444864 0 0 0 0 0 0 0.09465730245 0 0 0 0 0 0 0.0007572186441 0 0 0 0 0 0 0.0007572186441 0 0 0 0 0 0 0.001313645827
9,1785495430.652524948,map,7.8469762802,-4.1367788315,-1.1597974300,0.0357239381,0.0593069670,0.8540724897,0.5155256349,0.04330236833 0 0 0 0 0 0 0.04330236833 0 0 0 0 0 0 0.09492081055 0 0 0 0 0 0 0.0007613348017 0 0 0 0 0 0 0.0007613348017 0 0 0 0 0 0 0.001319065571
10,1785495430.751563072,map,7.8501391411,-4.1387910843,-1.1601456404,0.0352940950,0.0590954545,0.8541198546,0.5155010941,0.04282473664 0 0 0 0 0 0 0.04282473664 0 0 0 0 0 0 0.09421301356 0 0 0 0 0 0 0.0007502909268 0 0 0 0 0 0 0.0007502909268 0 0 0 0 0 0 0.001304516078
11,1785495430.851839066,map,7.8498778343,-4.1396136284,-1.1605254412,0.0354215937,0.0592787822,0.8541294507,0.5154553337,0.04311471694 0 0 0 0 0 0 0.04311471694 0 0 0 0 0 0 0.09464288422 0 0 0 0 0 0 0.0007569935796 0 0 0 0 0 0 0.0007569935796 0 0 0 0 0 0 0.001313349383
12,1785495430.952213049,map,7.8713860512,-4.2748908997,-1.1621422768,0.0355995160,0.0588503435,0.8521193243,0.5188082993,0.04310741522 0 0 0 0 0 0 0.04310741522 0 0 0 0 0 0 0.09463206583 0 0 0 0 0 0 0.0007568247182 0 0 0 0 0 0 0.0007568247182 0 0 0 0 0 0 0.00131312696
13,1785495431.052498102,map,7.8527598381,-4.1641483307,-1.1590272188,0.0356883365,0.0592974919,0.8535045502,0.5164688748,0.04308810138 0 0 0 0 0 0 0.04308810138 0 0 0 0 0 0 0.09460344861 0 0 0 0 0 0 0.0007563780839 0 0 0 0 0 0 0.0007563780839 0 0 0 0 0 0 0.001312538627
14,1785495431.152724028,map,7.8537278175,-4.1673583984,-1.1586260796,0.0355155579,0.0595521909,0.8536906783,0.5161437907,0.04293568021 0 0 0 0 0 0 0.04293568021 0 0 0 0 0 0 0.09437753355 0 0 0 0 0 0 0.0007528544453 0 0 0 0 0 0 0.0007528544453 0 0 0 0 0 0 0.001307895612
15,1785495431.251972914,map,7.8569302559,-4.1713275909,-1.1594305038,0.0355112875,0.0596312767,0.8537528096,0.5160321377,0.04297872307 0 0 0 0 0 0 0.04297872307 0 0 0 0 0 0 0.09444134386 0 0 0 0 0 0 0.0007538492995 0 0 0 0 0 0 0.0007538492995 0 0 0 0 0 0 0.001309206773
16,1785495431.352257013,map,7.8605141640,-4.1604666710,-1.1613681316,0.0360003479,0.0597400672,0.8538815795,0.5157725817,0.04293603017 0 0 0 0 0 0 0.04293603017 0 0 0 0 0 0 0.0943780524 0 0 0 0 0 0 0.0007528625334 0 0 0 0 0 0 0.0007528625334 0 0 0 0 0 0 0.001307906273
17,1785495431.451512098,map,7.8659763336,-4.1551184654,-1.1616101265,0.0353690382,0.0591104194,0.8540340405,0.5156363284,0.0432076952 0 0 0 0 0 0 0.0432076952 0 0 0 0 0 0 0.09478061677 0 0 0 0 0 0 0.0007591442125 0 0 0 0 0 0 0.0007591442125 0 0 0 0 0 0 0.001316181663
18,1785495431.551650047,map,7.8523135185,-4.1453161240,-1.1584463120,0.0351626392,0.0589003050,0.8544466403,0.5149905680,0.04319294984 0 0 0 0 0 0 0.04319294984 0 0 0 0 0 0 0.09475877707 0 0 0 0 0 0 0.000758803096 0 0 0 0 0 0 0.000758803096 0 0 0 0 0 0 0.001315732493
19,1785495431.651865959,map,7.8566637039,-4.1518287659,-1.1580643654,0.0351529388,0.0591775456,0.8544925600,0.5148832158,0.04306751067 0 0 0 0 0 0 0.04306751067 0 0 0 0 0 0 0.09457293715 0 0 0 0 0 0 0.0007559019567 0 0 0 0 0 0 0.0007559019567 0 0 0 0 0 0 0.001311911398
20,1785495431.752110004,map,7.8456635475,-4.1380190849,-1.1593152285,0.0358674633,0.0593633527,0.8542884262,0.5151512325,0.04345867577 0 0 0 0 0 0 0.04345867577 0 0 0 0 0 0 0.09515216484 0 0 0 0 0 0 0.0007649531699 0 0 0 0 0 0 0.0007649531699 0 0 0 0 0 0 0.001323826968
21,1785495431.851408005,map,7.8499789238,-4.1360044479,-1.1599414349,0.0358308550,0.0592802844,0.8542601440,0.5152102739,0.04337322271 0 0 0 0 0 0 0.04337322271 0 0 0 0 0 0 0.09502570053 0 0 0 0 0 0 0.0007629747579 0 0 0 0 0 0 0.0007629747579 0 0 0 0 0 0 0.001321223919
22,1785495431.951628923,map,7.8305587769,-4.1470956802,-1.1588095427,0.0356127097,0.0593458496,0.8547273076,0.5144424316,0.04282453151 0 0 0 0 0 0 0.04282453151 0 0 0 0 0 0 0.0942127093 0 0 0 0 0 0 0.0007502861879 0 0 0 0 0 0 0.0007502861879 0 0 0 0 0 0 0.001304509829
23,1785495432.052097082,map,7.8342223167,-4.1514616013,-1.1595215797,0.0359033920,0.0596656854,0.8546610001,0.5144953853,0.04352027721 0 0 0 0 0 0 0.04352027721 0 0 0 0 0 0 0.09524330548 0 0 0 0 0 0 0.0007663797491 0 0 0 0 0 0 0.0007663797491 0 0 0 0 0 0 0.001325703455
24,1785495432.152303934,map,7.8528943062,-4.1614179611,-1.1590821743,0.0358145101,0.0594054259,0.8543324318,0.5150771337,0.04342234582 0 0 0 0 0 0 0.04342234582 0 0 0 0 0 0 0.09509840408 0 0 0 0 0 0 0.0007641119825 0 0 0 0 0 0 0.0007641119825 0 0 0 0 0 0 0.001322720294
25,1785495432.251545906,map,7.8517327309,-4.1612634659,-1.1611217260,0.0358826429,0.0594369263,0.8542741420,0.5151653408,0.0427495686 0 0 0 0 0 0 0.0427495686 0 0 0 0 0 0 0.09410150621 0 0 0 0 0 0 0.0007485546565 0 0 0 0 0 0 0.0007485546565 0 0 0 0 0 0 0.001302226328
26,1785495432.351875067,map,7.8553018570,-4.1608910561,-1.1600739956,0.0361530076,0.0596438922,0.8542912460,0.5150941515,0.0429675286 0 0 0 0 0 0 0.0429675286 0 0 0 0 0 0 0.09442474925 0 0 0 0 0 0 0.0007535905453 0 0 0 0 0 0 0.0007535905453 0 0 0 0 0 0 0.00130886577
27,1785495432.451059103,map,7.8608236313,-4.1565370560,-1.1609585285,0.0359217127,0.0594739201,0.8543201855,0.5150820229,0.04316447149 0 0 0 0 0 0 0.04316447149 0 0 0 0 0 0 0.09471659369 0 0 0 0 0 0 0.0007581443355 0 0 0 0 0 0 0.0007581443355 0 0 0 0 0 0 0.001314864993
28,1785495432.551098108,map,7.8873534203,-4.1780753136,-1.1644413471,0.0360896742,0.0592390272,0.8536867691,0.5161464684,0.04335471471 0 0 0 0 0 0 0.04335471471 0 0 0 0 0 0 0.09499830472 0 0 0 0 0 0 0.0007625463412 0 0 0 0 0 0 0.0007625463412 0 0 0 0 0 0 0.001320660133
29,1785495432.651318073,map,7.8708839417,-4.1668686867,-1.1630693674,0.0356703218,0.0593278910,0.8538219988,0.5159416816,0.04307571539 0 0 0 0 0 0 0.04307571539 0 0 0 0 0 0 0.09458509525 0 0 0 0 0 0 0.0007560916734 0 0 0 0 0 0 0.0007560916734 0 0 0 0 0 0 0.001312161328
30,1785495432.751388073,map,7.8631625175,-4.1662592888,-1.1608191729,0.0361982150,0.0594439980,0.8538130585,0.5159063150,0.04309844785 0 0 0 0 0 0 0.04309844785 0 0 0 0 0 0 0.09461877918 0 0 0 0 0 0 0.000756617343 0 0 0 0 0 0 0.000756617343 0 0 0 0 0 0 0.001312853798
31,1785495432.851555109,map,7.8683295250,-4.1602516174,-1.1605808735,0.0360709038,0.0597542229,0.8538233374,0.5158624247,0.04310565064 0 0 0 0 0 0 0.04310565064 0 0 0 0 0 0 0.09462945135 0 0 0 0 0 0 0.000756783911 0 0 0 0 0 0 0.000756783911 0 0 0 0 0 0 0.001313073208
32,1785495432.951648951,map,7.8626565933,-4.1563310623,-1.1619143486,0.0362453686,0.0595216251,0.8538374488,0.5158536722,0.0427384053 0 0 0 0 0 0 0.0427384053 0 0 0 0 0 0 0.09408494339 0 0 0 0 0 0 0.0007482968423 0 0 0 0 0 0 0.0007482968423 0 0 0 0 0 0 0.001301886275
33,1785495433.051076889,map,7.8664517403,-4.1523370743,-1.1622247696,0.0363368109,0.0596219173,0.8539628633,0.5156280922,0.04311657546 0 0 0 0 0 0 0.04311657546 0 0 0 0 0 0 0.0946456378 0 0 0 0 0 0 0.000757036561 0 0 0 0 0 0 0.000757036561 0 0 0 0 0 0 0.001313405997
34,1785495433.151295900,map,7.8515143394,-4.1573596001,-1.1592351198,0.0359650205,0.0596305447,0.8541365039,0.5153654702,0.04288415176 0 0 0 0 0 0 0.04288415176 0 0 0 0 0 0 0.0943011298 0 0 0 0 0 0 0.0007516636714 0 0 0 0 0 0 0.0007516636714 0 0 0 0 0 0 0.001306325966
35,1785495433.251557112,map,7.8538942337,-4.1234397888,-1.1600461006,0.0353409109,0.0596556341,0.8540342892,0.5155751103,0.04310444474 0 0 0 0 0 0 0.04310444474 0 0 0 0 0 0 0.09462766462 0 0 0 0 0 0 0.0007567560236 0 0 0 0 0 0 0.0007567560236 0 0 0 0 0 0 0.001313036474
36,1785495433.351826906,map,7.8494896889,-4.1238565445,-1.1592788696,0.0356218291,0.0593648513,0.8542549395,0.5152235997,0.04295351334 0 0 0 0 0 0 0.04295351334 0 0 0 0 0 0 0.09440397213 0 0 0 0 0 0 0.0007532666052 0 0 0 0 0 0 0.0007532666052 0 0 0 0 0 0 0.00130843884
37,1785495433.451190948,map,7.8378591537,-4.2047247887,-1.1581125259,0.0354250769,0.0591073875,0.8532524707,0.5169251552,0.04311619904 0 0 0 0 0 0 0.04311619904 0 0 0 0 0 0 0.09464508009 0 0 0 0 0 0 0.0007570278555 0 0 0 0 0 0 0.0007570278555 0 0 0 0 0 0 0.00131339453
38,1785495433.550651073,map,7.8384900093,-4.1951823235,-1.1563000679,0.0351712496,0.0595050762,0.8535210783,0.5164531646,0.04312498416 0 0 0 0 0 0 0.04312498416 0 0 0 0 0 0 0.09465809585 0 0 0 0 0 0 0.0007572310295 0 0 0 0 0 0 0.0007572310295 0 0 0 0 0 0 0.00131366214
39,1785495433.651020050,map,7.8426265717,-4.1817927361,-1.1573088169,0.0354349766,0.0591993392,0.8536341566,0.5162833663,0.04281351268 0 0 0 0 0 0 0.04281351268 0 0 0 0 0 0 0.09419636549 0 0 0 0 0 0 0.0007500316389 0 0 0 0 0 0 0.0007500316389 0 0 0 0 0 0 0.001304174176
40,1785495433.751178026,map,7.8481831551,-4.1773424149,-1.1584913731,0.0352891754,0.0592038942,0.8536822773,0.5162132621,0.04332667447 0 0 0 0 0 0 0.04332667447 0 0 0 0 0 0 0.09495679552 0 0 0 0 0 0 0.0007618973304 0 0 0 0 0 0 0.0007618973304 0 0 0 0 0 0 0.001319805978
41,1785495433.851310015,map,7.8506989479,-4.1691989899,-1.1589699984,0.0356016444,0.0592796113,0.8538008072,0.5159870018,0.04299043699 0 0 0 0 0 0 0.04299043699 0 0 0 0 0 0 0.09445870774 0 0 0 0 0 0 0.000754120072 0 0 0 0 0 0 0.000754120072 0 0 0 0 0 0 0.001309563599
42,1785495433.950403929,map,7.8538599014,-4.1660513878,-1.1590532064,0.0354607240,0.0594198474,0.8538040572,0.5159752119,0.04312297685 0 0 0 0 0 0 0.04312297685 0 0 0 0 0 0 0.09465512192 0 0 0 0 0 0 0.0007571846057 0 0 0 0 0 0 0.0007571846057 0 0 0 0 0 0 0.001313600994
43,1785495434.051543951,map,7.8520259857,-4.1632103920,-1.1604778767,0.0353963871,0.0595360861,0.8538426665,0.5159023868,0.04365509873 0 0 0 0 0 0 0.04365509873 0 0 0 0 0 0 0.09544270394 0 0 0 0 0 0 0.0007695030845 0 0 0 0 0 0 0.0007695030845 0 0 0 0 0 0 0.001329810353
44,1785495434.150707960,map,7.8522734642,-4.1622052193,-1.1593823433,0.0355305865,0.0594516487,0.8538547764,0.5158828539,0.04314677622 0 0 0 0 0 0 0.04314677622 0 0 0 0 0 0 0.09469038041 0 0 0 0 0 0 0.0007577350436 0 0 0 0 0 0 0.0007577350436 0 0 0 0 0 0 0.001314325964
45,1785495434.250870943,map,7.8656411171,-4.1545138359,-1.1605941057,0.0357682883,0.0597929447,0.8540354076,0.5155278317,0.04305982073 0 0 0 0 0 0 0.04305982073 0 0 0 0 0 0 0.09456154153 0 0 0 0 0 0 0.0007557241484 0 0 0 0 0 0 0.0007557241484 0 0 0 0 0 0 0.001311677149
46,1785495434.351070881,map,7.8652558327,-4.1502790451,-1.1626412868,0.0360108499,0.0596034236,0.8537708048,0.5159709954,0.04289314409 0 0 0 0 0 0 0.04289314409 0 0 0 0 0 0 0.09431446424 0 0 0 0 0 0 0.0007518714593 0 0 0 0 0 0 0.0007518714593 0 0 0 0 0 0 0.001306599888
47,1785495434.451294899,map,7.8667330742,-4.1453900337,-1.1610615253,0.0358183076,0.0591864881,0.8537852571,0.5160084946,0.04286462481 0 0 0 0 0 0 0.04286462481 0 0 0 0 0 0 0.09427217233 0 0 0 0 0 0 0.0007512124814 0 0 0 0 0 0 0.0007512124814 0 0 0 0 0 0 0.001305731141
48,1785495434.551486015,map,7.8607931137,-4.1470184326,-1.1602009535,0.0355635459,0.0594938782,0.8538686760,0.5158527117,0.04355088357 0 0 0 0 0 0 0.04355088357 0 0 0 0 0 0 0.09528858048 0 0 0 0 0 0 0.0007670886564 0 0 0 0 0 0 0.0007670886564 0 0 0 0 0 0 0.001326635778
49,1785495434.651634932,map,7.8689069748,-4.2045207024,-1.1621534824,0.0353761519,0.0590629758,0.8531724371,0.5170656726,0.04307459916 0 0 0 0 0 0 0.04307459916 0 0 0 0 0 0 0.09458344119 0 0 0 0 0 0 0.0007560658627 0 0 0 0 0 0 0.0007560658627 0 0 0 0 0 0 0.001312127326
50,1785495434.751907110,map,7.8615670204,-4.1669411659,-1.1624175310,0.0351306752,0.0591335230,0.8534111600,0.5166802518,0.04295413721 0 0 0 0 0 0 0.04295413721 0 0 0 0 0 0 0.09440489702 0 0 0 0 0 0 0.0007532810246 0 0 0 0 0 0 0.0007532810246 0 0 0 0 0 0 0.001308457845
51,1785495434.851048946,map,7.8561482430,-4.1638879776,-1.1603593826,0.0355620755,0.0589768664,0.8536152079,0.5163313983,0.04263667886 0 0 0 0 0 0 0.04263667886 0 0 0 0 0 0 0.09393398088 0 0 0 0 0 0 0.0007459479859 0 0 0 0 0 0 0.0007459479859 0 0 0 0 0 0 0.00129878751
52,1785495434.951306105,map,7.8513870239,-4.1928453445,-1.1583899260,0.0361329464,0.0594273507,0.8536722487,0.5161458044,0.04290829132 0 0 0 0 0 0 0.04290829132 0 0 0 0 0 0 0.09433692457 0 0 0 0 0 0 0.0007522214857 0 0 0 0 0 0 0.0007522214857 0 0 0 0 0 0 0.001307061299
53,1785495435.051502943,map,7.8679990768,-4.1644725800,-1.1594371796,0.0359470666,0.0588842211,0.8537269555,0.5161305680,0.04463176567 0 0 0 0 0 0 0.04463176567 0 0 0 0 0 0 0.09688422864 0 0 0 0 0 0 0.0007921738724 0 0 0 0 0 0 0.0007921738724 0 0 0 0 0 0 0.00135956133
54,1785495435.151707888,map,7.8692173958,-4.1669416428,-1.1612462997,0.0356051858,0.0592971543,0.8538041795,0.5159792045,0.04371308617 0 0 0 0 0 0 0.04371308617 0 0 0 0 0 0 0.09552843559 0 0 0 0 0 0 0.0007708469146 0 0 0 0 0 0 0.0007708469146 0 0 0 0 0 0 0.001331576752
55,1785495435.250991106,map,7.8738317490,-4.1462187767,-1.1597840786,0.0359591146,0.0598019241,0.8539701685,0.5156215176,0.04301695002 0 0 0 0 0 0 0.04301695002 0 0 0 0 0 0 0.09449800595 0 0 0 0 0 0 0.0007547329759 0 0 0 0 0 0 0.0007547329759 0 0 0 0 0 0 0.001310371232
56,1785495435.351385117,map,7.8780965805,-4.1402773857,-1.1634153128,0.0359594071,0.0594131682,0.8541169898,0.5154233379,0.04322327267 0 0 0 0 0 0 0.04322327267 0 0 0 0 0 0 0.09480368761 0 0 0 0 0 0 0.0007595045987 0 0 0 0 0 0 0.0007595045987 0 0 0 0 0 0 0.001316656179
57,1785495435.451620102,map,7.8744225502,-4.1375875473,-1.1625087261,0.0358945685,0.0593523899,0.8541712822,0.5153448182,0.04298594029 0 0 0 0 0 0 0.04298594029 0 0 0 0 0 0 0.09445204225 0 0 0 0 0 0 0.0007540161275 0 0 0 0 0 0 0.0007540161275 0 0 0 0 0 0 0.001309426622
58,1785495435.550599098,map,7.8427729607,-4.0734214783,-1.1605445147,0.0360802392,0.0587498688,0.8541398284,0.5154530137,0.04310971544 0 0 0 0 0 0 0.04310971544 0 0 0 0 0 0 0.09463547392 0 0 0 0 0 0 0.0007568779132 0 0 0 0 0 0 0.0007568779132 0 0 0 0 0 0 0.001313197028
59,1785495435.651580095,map,7.8481998444,-4.1044425964,-1.1571551561,0.0357203154,0.0591938827,0.8540319236,0.5156060779,0.04347231612 0 0 0 0 0 0 0.04347231612 0 0 0 0 0 0 0.09517234783 0 0 0 0 0 0 0.0007652690284 0 0 0 0 0 0 0.0007652690284 0 0 0 0 0 0 0.001324242477
60,1785495435.751743078,map,7.8581881523,-4.1170091629,-1.1603477001,0.0355157375,0.0594236845,0.8541118272,0.5154614334,0.04287561173 0 0 0 0 0 0 0.04287561173 0 0 0 0 0 0 0.09428846564 0 0 0 0 0 0 0.0007514663413 0 0 0 0 0 0 0.0007514663413 0 0 0 0 0 0 0.001306065822
61,1785495435.851042032,map,7.8579087257,-4.1248493195,-1.1617550850,0.0354585936,0.0591869692,0.8541766955,0.5153850951,0.04301057617 0 0 0 0 0 0 0.04301057617 0 0 0 0 0 0 0.09448855884 0 0 0 0 0 0 0.0007545856255 0 0 0 0 0 0 0.0007545856255 0 0 0 0 0 0 0.001310177074
62,1785495435.951189041,map,7.8725914955,-4.1955780983,-1.1625245810,0.0355859771,0.0589829839,0.8534702243,0.5165686858,0.0428073511 0 0 0 0 0 0 0.0428073511 0 0 0 0 0 0 0.09418722596 0 0 0 0 0 0 0.0007498893032 0 0 0 0 0 0 0.0007498893032 0 0 0 0 0 0 0.001303986484
63,1785495436.051346064,map,7.8645157814,-4.1587371826,-1.1638588905,0.0353492839,0.0594472546,0.8535804025,0.5163496590,0.04266836167 0 0 0 0 0 0 0.04266836167 0 0 0 0 0 0 0.09398100461 0 0 0 0 0 0 0.0007466794439 0 0 0 0 0 0 0.0007466794439 0 0 0 0 0 0 0.001299752624
64,1785495436.151390076,map,7.8627052307,-4.1599178314,-1.1589784622,0.0352715508,0.0593963308,0.8538435249,0.5159256377,0.04316868786 0 0 0 0 0 0 0.04316868786 0 0 0 0 0 0 0.09472283945 0 0 0 0 0 0 0.0007582418641 0 0 0 0 0 0 0.0007582418641 0 0 0 0 0 0 0.001314993431
65,1785495436.251375914,map,7.8624801636,-4.1593713760,-1.1596547365,0.0350913188,0.0593874302,0.8539071345,0.5158336318,0.04309546875 0 0 0 0 0 0 0.04309546875 0 0 0 0 0 0 0.09461436505 0 0 0 0 0 0 0.0007565484512 0 0 0 0 0 0 0.0007565484512 0 0 0 0 0 0 0.001312763049
66,1785495436.351551056,map,7.8620572090,-4.1498327255,-1.1598173380,0.0352855766,0.0592841568,0.8539726073,0.5157238331,0.04517385147 0 0 0 0 0 0 0.04517385147 0 0 0 0 0 0 0.0976821337 0 0 0 0 0 0 0.0008047903998 0 0 0 0 0 0 0.0008047903998 0 0 0 0 0 0 0.001376074208
67,1785495436.450613022,map,7.8714671135,-4.1528096199,-1.1601561308,0.0351396601,0.0592664665,0.8541184628,0.5154942578,0.04279937572 0 0 0 0 0 0 0.04279937572 0 0 0 0 0 0 0.09417539569 0 0 0 0 0 0 0.0007497050727 0 0 0 0 0 0 0.0007497050727 0 0 0 0 0 0 0.00130374354
68,1785495436.550844908,map,7.8769307137,-4.1601977348,-1.1617029905,0.0352956016,0.0591633395,0.8543258527,0.5151516881,0.0431382891 0 0 0 0 0 0 0.0431382891 0 0 0 0 0 0 0.0946778072 0 0 0 0 0 0 0.0007575387457 0 0 0 0 0 0 0.0007575387457 0 0 0 0 0 0 0.001314067432
69,1785495436.651091099,map,7.8803858757,-4.1571340561,-1.1617022753,0.0352372312,0.0591480226,0.8544047814,0.5150264893,0.04358018068 0 0 0 0 0 0 0.04358018068 0 0 0 0 0 0 0.09533191391 0 0 0 0 0 0 0.000767767312 0 0 0 0 0 0 0.000767767312 0 0 0 0 0 0 0.001327528219
70,1785495436.750401974,map,7.8742380142,-4.1515479088,-1.1613414288,0.0352924311,0.0589632009,0.8543573160,0.5151226530,0.04316840072 0 0 0 0 0 0 0.04316840072 0 0 0 0 0 0 0.09472241411 0 0 0 0 0 0 0.0007582352223 0 0 0 0 0 0 0.0007582352223 0 0 0 0 0 0 0.001314984684
71,1785495436.850744963,map,7.8764572144,-4.1531524658,-1.1607836485,0.0350103224,0.0592929204,0.8543135453,0.5151766215,0.04333026447 0 0 0 0 0 0 0.04333026447 0 0 0 0 0 0 0.09496211019 0 0 0 0 0 0 0.0007619804197 0 0 0 0 0 0 0.0007619804197 0 0 0 0 0 0 0.001319915336
72,1785495436.950962067,map,7.8731398582,-4.1462197304,-1.1612832546,0.0349233247,0.0591930797,0.8543658413,0.5151072923,0.04357016875 0 0 0 0 0 0 0.04357016875 0 0 0 0 0 0 0.09531710576 0 0 0 0 0 0 0.0007675353815 0 0 0 0 0 0 0.0007675353815 0 0 0 0 0 0 0.001327223238
73,1785495437.050416946,map,7.8703203201,-4.1378960609,-1.1591671705,0.0348157204,0.0591847950,0.8543120897,0.5152046918,0.04279939102 0 0 0 0 0 0 0.04279939102 0 0 0 0 0 0 0.09417541839 0 0 0 0 0 0 0.0007497054262 0 0 0 0 0 0 0.0007497054262 0 0 0 0 0 0 0.001303744006
74,1785495437.150521994,map,7.8662104607,-4.1357955933,-1.1600174904,0.0349549596,0.0593785594,0.8544214389,0.5149916313,0.04315689066 0 0 0 0 0 0 0.04315689066 0 0 0 0 0 0 0.09470536388 0 0 0 0 0 0 0.0007579689876 0 0 0 0 0 0 0.0007579689876 0 0 0 0 0 0 0.001314634068
75,1785495437.250828028,map,7.8655166626,-4.1354279518,-1.1579762697,0.0350360248,0.0594946639,0.8542872450,0.5151953424,0.04343463053 0 0 0 0 0 0 0.04343463053 0 0 0 0 0 0 0.09511658372 0 0 0 0 0 0 0.0007643964116 0 0 0 0 0 0 0.0007643964116 0 0 0 0 0 0 0.001323094508
76,1785495437.350404024,map,7.8609738350,-4.1353254318,-1.1615161896,0.0354762075,0.0595167219,0.8542885920,0.5151603946,0.0430285372 0 0 0 0 0 0 0.0430285372 0 0 0 0 0 0 0.09451517948 0 0 0 0 0 0 0.0007550008564 0 0 0 0 0 0 0.0007550008564 0 0 0 0 0 0 0.001310724198
77,1785495437.450459003,map,7.8636040688,-4.1259446144,-1.1620521545,0.0357668873,0.0595062301,0.8542910968,0.5151372901,0.04321112528 0 0 0 0 0 0 0.04321112528 0 0 0 0 0 0 0.09478569697 0 0 0 0 0 0 0.0007592235659 0 0 0 0 0 0 0.0007592235659 0 0 0 0 0 0 0.001316286149
78,1785495437.550647020,map,7.8651070595,-4.1279435158,-1.1632460356,0.0356313770,0.0594237492,0.8542483824,0.5152270486,0.04331719831 0 0 0 0 0 0 0.04331719831 0 0 0 0 0 0 0.09494276656 0 0 0 0 0 0 0.0007616780132 0 0 0 0 0 0 0.0007616780132 0 0 0 0 0 0 0.001319517318
79,1785495437.649825096,map,7.8681573868,-4.1226191521,-1.1616193056,0.0353406384,0.0591752200,0.8541256503,0.5154791033,0.04289716764 0 0 0 0 0 0 0.04289716764 0 0 0 0 0 0 0.09432043049 0 0 0 0 0 0 0.0007519644347 0 0 0 0 0 0 0.0007519644347 0 0 0 0 0 0 0.001306722452
80,1785495437.750036955,map,7.8628072739,-4.1232352257,-1.1617579460,0.0358320114,0.0591080432,0.8540673732,0.5155494158,0.04289374262 0 0 0 0 0 0 0.04289374262 0 0 0 0 0 0 0.09431535177 0 0 0 0 0 0 0.0007518852899 0 0 0 0 0 0 0.0007518852899 0 0 0 0 0 0 0.00130661812
81,1785495437.850322008,map,7.8606209755,-4.1214399338,-1.1609058380,0.0356837617,0.0592790139,0.8540107328,0.5156339298,0.04325438223 0 0 0 0 0 0 0.04325438223 0 0 0 0 0 0 0.09484975804 0 0 0 0 0 0 0.000760224383 0 0 0 0 0 0 0.000760224383 0 0 0 0 0 0 0.001317603831
82,1785495437.950532913,map,7.8537321091,-4.1363983154,-1.1604388952,0.0357281773,0.0595089992,0.8540308752,0.5155709773,0.04315243539 0 0 0 0 0 0 0.04315243539 0 0 0 0 0 0 0.09469876394 0 0 0 0 0 0 0.0007578659375 0 0 0 0 0 0 0.0007578659375 0 0 0 0 0 0 0.001314498353
83,1785495438.050498962,map,7.8578529358,-4.1384530067,-1.1616169214,0.0356865962,0.0596232174,0.8539834212,0.5156392182,0.04271761881 0 0 0 0 0 0 0.04271761881 0 0 0 0 0 0 0.09405410092 0 0 0 0 0 0 0.0007478168112 0 0 0 0 0 0 0.0007478168112 0 0 0 0 0 0 0.001301253082
84,1785495438.150568008,map,7.8634858131,-4.1389632225,-1.1596255302,0.0352842837,0.0596885378,0.8541486960,0.5153856083,0.04365574824 0 0 0 0 0 0 0.04365574824 0 0 0 0 0 0 0.09544366432 0 0 0 0 0 0 0.0007695181352 0 0 0 0 0 0 0.0007695181352 0 0 0 0 0 0 0.001329830139
85,1785495438.249728918,map,7.8502993584,-4.1275701523,-1.1585693359,0.0358720932,0.0594056444,0.8540541902,0.5155342557,0.04280688051 0 0 0 0 0 0 0.04280688051 0 0 0 0 0 0 0.09418652792 0 0 0 0 0 0 0.0007498784325 0 0 0 0 0 0 0.0007498784325 0 0 0 0 0 0 0.001303972149
86,1785495438.350084066,map,7.8460030556,-4.1270403862,-1.1596361399,0.0359299838,0.0594871928,0.8541049285,0.5154368100,0.04283089075 0 0 0 0 0 0 0.04283089075 0 0 0 0 0 0 0.0942221414 0 0 0 0 0 0 0.0007504330991 0 0 0 0 0 0 0.0007504330991 0 0 0 0 0 0 0.001304703543
87,1785495438.450418949,map,7.8832578659,-4.3620872498,-1.1611444950,0.0366560619,0.0595134386,0.8527273799,0.5176586304,0.04320680277 0 0 0 0 0 0 0.04320680277 0 0 0 0 0 0 0.09477929501 0 0 0 0 0 0 0.0007591235668 0 0 0 0 0 0 0.0007591235668 0 0 0 0 0 0 0.001316154478
88,1785495438.550498009,map,7.8419075012,-4.1709280014,-1.1579933167,0.0353792000,0.0593017296,0.8536687603,0.5162182415,0.04328378024 0 0 0 0 0 0 0.04328378024 0 0 0 0 0 0 0.09489328888 0 0 0 0 0 0 0.0007609046423 0 0 0 0 0 0 0.0007609046423 0 0 0 0 0 0 0.001318499345
89,1785495438.650702953,map,7.8436064720,-4.1731629372,-1.1576203108,0.0357186545,0.0592077145,0.8537266153,0.5161099682,0.04281336624 0 0 0 0 0 0 0.04281336624 0 0 0 0 0 0 0.09419614828 0 0 0 0 0 0 0.0007500282561 0 0 0 0 0 0 0.0007500282561 0 0 0 0 0 0 0.001304169716
90,1785495438.750828981,map,7.8435792923,-4.1532678604,-1.1574609280,0.0354855303,0.0594419828,0.8534963609,0.5164797663,0.04327458931 0 0 0 0 0 0 0.04327458931 0 0 0 0 0 0 0.09487968001 0 0 0 0 0 0 0.0007606919597 0 0 0 0 0 0 0.0007606919597 0 0 0 0 0 0 0.001318219374
91,1785495438.850050926,map,7.8407979012,-4.1586103439,-1.1583223343,0.0354960843,0.0596277734,0.8534123303,0.5165965002,0.04323151475 0 0 0 0 0 0 0.04323151475 0 0 0 0 0 0 0.09481589392 0 0 0 0 0 0 0.0007596952886 0 0 0 0 0 0 0.0007596952886 0 0 0 0 0 0 0.001316907248
92,1785495438.951114893,map,7.8370156288,-4.1536889076,-1.1580219269,0.0358642071,0.0595941480,0.8536741089,0.5161422534,0.04313133961 0 0 0 0 0 0 0.04313133961 0 0 0 0 0 0 0.09466751161 0 0 0 0 0 0 0.0007573780162 0 0 0 0 0 0 0.0007573780162 0 0 0 0 0 0 0.001313855738
93,1785495439.050390005,map,7.8407025337,-4.1562852859,-1.1583476067,0.0358907109,0.0598112621,0.8535799373,0.5162709987,0.0431541798 0 0 0 0 0 0 0.0431541798 0 0 0 0 0 0 0.09470134807 0 0 0 0 0 0 0.0007579062852 0 0 0 0 0 0 0.0007579062852 0 0 0 0 0 0 0.00131455149
94,1785495439.150552988,map,7.8468379974,-4.3119301796,-1.1577984095,0.0358648612,0.0592255955,0.8521472855,0.5187013422,0.04289993652 0 0 0 0 0 0 0.04289993652 0 0 0 0 0 0 0.09432453623 0 0 0 0 0 0 0.0007520284182 0 0 0 0 0 0 0.0007520284182 0 0 0 0 0 0 0.001306806797
95,1785495439.250768900,map,7.8403224945,-4.1796946526,-1.1596540213,0.0357900197,0.0593431992,0.8542426871,0.5152347923,0.04301732205 0 0 0 0 0 0 0.04301732205 0 0 0 0 0 0 0.09449855736 0 0 0 0 0 0 0.0007547415766 0 0 0 0 0 0 0.0007547415766 0 0 0 0 0 0 0.001310382565
96,1785495439.351068020,map,7.8530058861,-4.1705369949,-1.1645343304,0.0363358056,0.0595435830,0.8540916044,0.5154238800,0.04289574332 0 0 0 0 0 0 0.04289574332 0 0 0 0 0 0 0.09431831848 0 0 0 0 0 0 0.0007519315217 0 0 0 0 0 0 0.0007519315217 0 0 0 0 0 0 0.001306679065
97,1785495439.450486898,map,7.8555703163,-4.1865811348,-1.1611602306,0.0362728652,0.0594361614,0.8545654226,0.5146547784,0.04311347547 0 0 0 0 0 0 0.04311347547 0 0 0 0 0 0 0.09464104485 0 0 0 0 0 0 0.0007569648688 0 0 0 0 0 0 0.0007569648688 0 0 0 0 0 0 0.001313311566
98,1785495439.550635099,map,7.8439311981,-4.1679487228,-1.1591968536,0.0360889714,0.0598089892,0.8540848474,0.5154217117,0.04288982128 0 0 0 0 0 0 0.04288982128 0 0 0 0 0 0 0.09430953701 0 0 0 0 0 0 0.0007517946775 0 0 0 0 0 0 0.0007517946775 0 0 0 0 0 0 0.001306498669
99,1785495439.650706053,map,7.8403997421,-4.1668872833,-1.1600950956,0.0361112091,0.0598123509,0.8541082686,0.5153809895,0.04292164548 0 0 0 0 0 0 0.04292164548 0 0 0 0 0 0 0.09435672505 0 0 0 0 0 0 0.0007525300933 0 0 0 0 0 0 0.0007525300933 0 0 0 0 0 0 0.00130746809
100,1785495439.750830889,map,7.8474121094,-4.1716108322,-1.1593259573,0.0355843195,0.0598763865,0.8540651219,0.5154816833,0.04329462218 0 0 0 0 0 0 0.04329462218 0 0 0 0 0 0 0.09490934177 0 0 0 0 0 0 0.0007611555394 0 0 0 0 0 0 0.0007611555394 0 0 0 0 0 0 0.00131882961
101,1785495439.850075960,map,7.8479027748,-4.1714196205,-1.1607232094,0.0355283791,0.0600179784,0.8538651026,0.5158003523,0.04291819485 0 0 0 0 0 0 0.04291819485 0 0 0 0 0 0 0.09435160883 0 0 0 0 0 0 0.0007524503497 0 0 0 0 0 0 0.0007524503497 0 0 0 0 0 0 0.001307362978
102,1785495439.950311899,map,7.8454051018,-4.1663327217,-1.1587867737,0.0357884914,0.0598643266,0.8538274522,0.5158625041,0.04293133436 0 0 0 0 0 0 0.04293133436 0 0 0 0 0 0 0.09437109032 0 0 0 0 0 0 0.000752754008 0 0 0 0 0 0 0.000752754008 0 0 0 0 0 0 0.00130776323
103,1785495440.050415993,map,7.8361706734,-4.1492595673,-1.1593576670,0.0366710832,0.0598739835,0.8538083313,0.5158310536,0.04288518667 0 0 0 0 0 0 0.04288518667 0 0 0 0 0 0 0.09430266446 0 0 0 0 0 0 0.000751687585 0 0 0 0 0 0 0.000751687585 0 0 0 0 0 0 0.001306357491
104,1785495440.150779963,map,7.8366050720,-4.1528167725,-1.1593813896,0.0364727374,0.0599699968,0.8537063241,0.5160027406,0.04331508308 0 0 0 0 0 0 0.04331508308 0 0 0 0 0 0 0.094939635 0 0 0 0 0 0 0.000761629059 0 0 0 0 0 0 0.000761629059 0 0 0 0 0 0 0.001319452884
105,1785495440.249979019,map,7.8377366066,-4.1563072205,-1.1606014967,0.0361131786,0.0597694141,0.8537318287,0.5160091082,0.04286933245 0 0 0 0 0 0 0.04286933245 0 0 0 0 0 0 0.09427915373 0 0 0 0 0 0 0.0007513212534 0 0 0 0 0 0 0.0007513212534 0 0 0 0 0 0 0.001305874544
106,1785495440.349999905,map,7.8346343040,-4.1576647758,-1.1607152224,0.0360060741,0.0600494637,0.8537247009,0.5159958748,0.04298973321 0 0 0 0 0 0 0.04298973321 0 0 0 0 0 0 0.09445766454 0 0 0 0 0 0 0.0007541038035 0 0 0 0 0 0 0.0007541038035 0 0 0 0 0 0 0.001309542161
107,1785495440.450159073,map,7.8440837860,-4.1585540771,-1.1590181589,0.0357283633,0.0599633992,0.8535469922,0.5163190679,0.04289734892 0 0 0 0 0 0 0.04289734892 0 0 0 0 0 0 0.09432069929 0 0 0 0 0 0 0.0007519686236 0 0 0 0 0 0 0.0007519686236 0 0 0 0 0 0 0.001306727974
108,1785495440.550283909,map,7.8387041092,-4.1570224762,-1.1569107771,0.0358386743,0.0599596688,0.8535855888,0.5162480809,0.04312335536 0 0 0 0 0 0 0.04312335536 0 0 0 0 0 0 0.0946556827 0 0 0 0 0 0 0.0007571933596 0 0 0 0 0 0 0.0007571933596 0 0 0 0 0 0 0.001313612524
109,1785495440.650466919,map,7.8422894478,-4.1586823463,-1.1567608118,0.0358434553,0.0598337134,0.8535457362,0.5163282598,0.04314648924 0 0 0 0 0 0 0.04314648924 0 0 0 0 0 0 0.09468995527 0 0 0 0 0 0 0.000757728406 0 0 0 0 0 0 0.000757728406 0 0 0 0 0 0 0.001314317223
110,1785495440.750621080,map,7.8364114761,-4.1849389076,-1.1574895382,0.0359241446,0.0597591659,0.8535194054,0.5163747582,0.04317628372 0 0 0 0 0 0 0.04317628372 0 0 0 0 0 0 0.09473409103 0 0 0 0 0 0 0.0007584175673 0 0 0 0 0 0 0.0007584175673 0 0 0 0 0 0 0.001315224814
111,1785495440.849910975,map,7.8395662308,-4.1799774170,-1.1593779325,0.0359354308,0.0598354940,0.8533717234,0.5166091558,0.04319757121 0 0 0 0 0 0 0.04319757121 0 0 0 0 0 0 0.09476562203 0 0 0 0 0 0 0.0007589100041 0 0 0 0 0 0 0.0007589100041 0 0 0 0 0 0 0.001315873268
112,1785495440.950042009,map,7.8403234482,-4.1741843224,-1.1587290764,0.0359711153,0.0596488994,0.8535579344,0.5163206191,0.04323641184 0 0 0 0 0 0 0.04323641184 0 0 0 0 0 0 0.09482314618 0 0 0 0 0 0 0.0007598085908 0 0 0 0 0 0 0.0007598085908 0 0 0 0 0 0 0.001317056422
113,1785495441.050295115,map,7.8367428780,-4.1671180725,-1.1584692001,0.0359756558,0.0596012883,0.8533896631,0.5166038484,0.04295241954 0 0 0 0 0 0 0.04295241954 0 0 0 0 0 0 0.09440235057 0 0 0 0 0 0 0.0007532413245 0 0 0 0 0 0 0.0007532413245 0 0 0 0 0 0 0.001308405521
114,1785495441.150340080,map,7.8657002449,-4.1583061218,-1.1620260477,0.0359253537,0.0590435963,0.8534741198,0.5165318981,0.04300194284 0 0 0 0 0 0 0.04300194284 0 0 0 0 0 0 0.09447576246 0 0 0 0 0 0 0.0007543860464 0 0 0 0 0 0 0.0007543860464 0 0 0 0 0 0 0.001309914087
115,1785495441.250361919,map,7.8527584076,-4.1666278839,-1.1584678888,0.0359352215,0.0593674163,0.8539179151,0.5157599706,0.04291372149 0 0 0 0 0 0 0.04291372149 0 0 0 0 0 0 0.09434497612 0 0 0 0 0 0 0.0007523469723 0 0 0 0 0 0 0.0007523469723 0 0 0 0 0 0 0.001307226711
116,1785495441.349659920,map,7.8543047905,-4.1707262993,-1.1598019600,0.0357979469,0.0594005346,0.8537013308,0.5161241370,0.04336936558 0 0 0 0 0 0 0.04336936558 0 0 0 0 0 0 0.09501999131 0 0 0 0 0 0 0.0007628854721 0 0 0 0 0 0 0.0007628854721 0 0 0 0 0 0 0.001321106424
117,1785495441.449783087,map,7.8496804237,-4.1739068031,-1.1586614847,0.0359413363,0.0599518153,0.8536396670,0.5161524300,0.04319141972 0 0 0 0 0 0 0.04319141972 0 0 0 0 0 0 0.09475651071 0 0 0 0 0 0 0.0007587676997 0 0 0 0 0 0 0.0007587676997 0 0 0 0 0 0 0.001315685883
118,1785495441.549351931,map,7.8470215797,-4.1694703102,-1.1585296392,0.0359443612,0.0597185672,0.8535738283,0.5162881358,0.04329424679 0 0 0 0 0 0 0.04329424679 0 0 0 0 0 0 0.09490878597 0 0 0 0 0 0 0.0007611468522 0 0 0 0 0 0 0.0007611468522 0 0 0 0 0 0 0.001318818175
119,1785495441.650333881,map,7.8511638641,-4.1617579460,-1.1597254276,0.0361502919,0.0597470650,0.8536501929,0.5161441805,0.04296981646 0 0 0 0 0 0 0.04296981646 0 0 0 0 0 0 0.09442814082 0 0 0 0 0 0 0.0007536434272 0 0 0 0 0 0 0.0007536434272 0 0 0 0 0 0 0.001308935462
120,1785495441.749810934,map,7.8498148918,-4.1640939713,-1.1609861851,0.0360875661,0.0599080135,0.8535900559,0.5162293187,0.04332542355 0 0 0 0 0 0 0.04332542355 0 0 0 0 0 0 0.09495494363 0 0 0 0 0 0 0.0007618683785 0 0 0 0 0 0 0.0007618683785 0 0 0 0 0 0 0.001319767873
121,1785495441.849881887,map,7.8508319855,-4.1571145058,-1.1608127356,0.0361966869,0.0595995444,0.8536721560,0.5161216324,0.04321095465 0 0 0 0 0 0 0.04321095465 0 0 0 0 0 0 0.09478544426 0 0 0 0 0 0 0.0007592196185 0 0 0 0 0 0 0.0007592196185 0 0 0 0 0 0 0.001316280951
122,1785495441.950114965,map,7.8430538177,-4.1575531960,-1.1609703302,0.0363136777,0.0593992792,0.8538401550,0.5158585467,0.04286787738 0 0 0 0 0 0 0.04286787738 0 0 0 0 0 0 0.09427699588 0 0 0 0 0 0 0.0007512876331 0 0 0 0 0 0 0.0007512876331 0 0 0 0 0 0 0.00130583022
123,1785495442.050329924,map,7.8460354805,-4.1587429047,-1.1608487368,0.0360118974,0.0596609467,0.8538439557,0.5158431791,0.0429341459 0 0 0 0 0 0 0.0429341459 0 0 0 0 0 0 0.09437525877 0 0 0 0 0 0 0.0007528189856 0 0 0 0 0 0 0.0007528189856 0 0 0 0 0 0 0.001307848874
124,1785495442.149733067,map,7.8370532990,-4.1439032555,-1.1590588093,0.0365842826,0.0591821587,0.8538301355,0.5158810052,0.04324050369 0 0 0 0 0 0 0.04324050369 0 0 0 0 0 0 0.09482920585 0 0 0 0 0 0 0.000759903264 0 0 0 0 0 0 0.000759903264 0 0 0 0 0 0 0.001317181066
125,1785495442.249936104,map,7.8436274529,-4.1487827301,-1.1601605415,0.0360625483,0.0596530819,0.8538818286,0.5157778759,0.04301662593 0 0 0 0 0 0 0.04301662593 0 0 0 0 0 0 0.09449752559 0 0 0 0 0 0 0.0007547254834 0 0 0 0 0 0 0.0007547254834 0 0 0 0 0 0 0.00131036136
126,1785495442.350284100,map,7.8412337303,-4.1449284554,-1.1589282751,0.0359945835,0.0595387318,0.8540154188,0.5155746551,0.04313042853 0 0 0 0 0 0 0.04313042853 0 0 0 0 0 0 0.09466616184 0 0 0 0 0 0 0.0007573569449 0 0 0 0 0 0 0.0007573569449 0 0 0 0 0 0 0.001313827985
127,1785495442.450529099,map,7.8491935730,-4.1471881866,-1.1602669954,0.0355588456,0.0598671765,0.8541136023,0.5154040976,0.04292362236 0 0 0 0 0 0 0.04292362236 0 0 0 0 0 0 0.09435965613 0 0 0 0 0 0 0.0007525757795 0 0 0 0 0 0 0.0007525757795 0 0 0 0 0 0 0.001307528309
128,1785495442.549712896,map,7.8745827675,-4.3198986053,-1.1606521606,0.0360151701,0.0598266649,0.8519361087,0.5189687078,0.04310870002 0 0 0 0 0 0 0.04310870002 0 0 0 0 0 0 0.09463396945 0 0 0 0 0 0 0.0007568544307 0 0 0 0 0 0 0.0007568544307 0 0 0 0 0 0 0.001313166097
129,1785495442.649858952,map,7.8292074203,-4.1659722328,-1.1583657265,0.0367059504,0.0600417598,0.8536808891,0.5160199300,0.04299598404 0 0 0 0 0 0 0.04299598404 0 0 0 0 0 0 0.09446693004 0 0 0 0 0 0 0.0007542482987 0 0 0 0 0 0 0.0007542482987 0 0 0 0 0 0 0.001309732572
130,1785495442.750119925,map,7.8350276947,-4.1637520790,-1.1592439413,0.0363714951,0.0599788897,0.8536856346,0.5160431395,0.04293288528 0 0 0 0 0 0 0.04293288528 0 0 0 0 0 0 0.09437338975 0 0 0 0 0 0 0.0007527898513 0 0 0 0 0 0 0.0007527898513 0 0 0 0 0 0 0.001307810474
131,1785495442.850130081,map,7.8649940491,-4.1133265495,-1.1614381075,0.0357625787,0.0592508359,0.8542542703,0.5152281549,0.04338646269 0 0 0 0 0 0 0.04338646269 0 0 0 0 0 0 0.09504529737 0 0 0 0 0 0 0.00076328125 0 0 0 0 0 0 0.00076328125 0 0 0 0 0 0 0.001321627232
132,1785495442.950367928,map,7.8592453003,-4.1204419136,-1.1628396511,0.0361203218,0.0592722525,0.8541385451,0.5153925184,0.0433002107 0 0 0 0 0 0 0.0433002107 0 0 0 0 0 0 0.09491761606 0 0 0 0 0 0 0.0007612848692 0 0 0 0 0 0 0.0007612848692 0 0 0 0 0 0 0.001318999846
133,1785495443.049598932,map,7.8579659462,-4.1243329048,-1.1604772806,0.0361542051,0.0595546360,0.8540549142,0.5154962018,0.04313295299 0 0 0 0 0 0 0.04313295299 0 0 0 0 0 0 0.09466990183 0 0 0 0 0 0 0.0007574153304 0 0 0 0 0 0 0.0007574153304 0 0 0 0 0 0 0.001313904885
134,1785495443.149811983,map,7.8525843620,-4.1264739037,-1.1626913548,0.0360856959,0.0595861695,0.8540038539,0.5155820034,0.04279394771 0 0 0 0 0 0 0.04279394771 0 0 0 0 0 0 0.09416734385 0 0 0 0 0 0 0.0007495796893 0 0 0 0 0 0 0.0007495796893 0 0 0 0 0 0 0.001303578193
135,1785495443.250076056,map,7.8492498398,-4.1282372475,-1.1620081663,0.0360069940,0.0597603373,0.8540694345,0.5154586148,0.04320732691 0 0 0 0 0 0 0.04320732691 0 0 0 0 0 0 0.0947800713 0 0 0 0 0 0 0.0007591356922 0 0 0 0 0 0 0.0007591356922 0 0 0 0 0 0 0.001316170444
136,1785495443.350562096,map,7.8649435043,-4.1715979576,-1.1625828743,0.0362694012,0.0602817887,0.8540104903,0.5154771448,0.04279078623 0 0 0 0 0 0 0.04279078623 0 0 0 0 0 0 0.09416265408 0 0 0 0 0 0 0.0007495066624 0 0 0 0 0 0 0.0007495066624 0 0 0 0 0 0 0.001303481889
137,1785495443.450715065,map,7.8678984642,-4.1638178825,-1.1642615795,0.0359411471,0.0600091906,0.8540483223,0.5154692458,0.04329783126 0 0 0 0 0 0 0.04329783126 0 0 0 0 0 0 0.09491409311 0 0 0 0 0 0 0.0007612298037 0 0 0 0 0 0 0.0007612298037 0 0 0 0 0 0 0.001318927364
138,1785495443.549992085,map,7.8739876747,-4.1664190292,-1.1637641191,0.0357954582,0.0595658306,0.8540546604,0.5155203453,0.04300027206 0 0 0 0 0 0 0.04300027206 0 0 0 0 0 0 0.09447328597 0 0 0 0 0 0 0.0007543474231 0 0 0 0 0 0 0.0007543474231 0 0 0 0 0 0 0.001309863193
139,1785495443.650274992,map,7.8615117073,-4.1803250313,-1.1622881889,0.0360844943,0.0595993934,0.8543218557,0.5150533527,0.04328472607 0 0 0 0 0 0 0.04328472607 0 0 0 0 0 0 0.09489468933 0 0 0 0 0 0 0.0007609265297 0 0 0 0 0 0 0.0007609265297 0 0 0 0 0 0 0.001318528157
140,1785495443.749706030,map,7.8372659683,-4.1521215439,-1.1599866152,0.0373120950,0.0590511923,0.8551934402,0.5135805100,0.04352051614 0 0 0 0 0 0 0.04352051614 0 0 0 0 0 0 0.09524365895 0 0 0 0 0 0 0.0007663852831 0 0 0 0 0 0 0.0007663852831 0 0 0 0 0 0 0.001325710733
141,1785495443.850054979,map,7.8442854881,-4.1553721428,-1.1613832712,0.0375720273,0.0585229423,0.8563888590,0.5116263153,0.04291776221 0 0 0 0 0 0 0.04291776221 0 0 0 0 0 0 0.09435096736 0 0 0 0 0 0 0.0007524403515 0 0 0 0 0 0 0.0007524403515 0 0 0 0 0 0 0.001307349799
142,1785495443.950197935,map,7.8337030411,-4.1853036880,-1.1627397537,0.0390549067,0.0585852371,0.8596807833,0.5059559630,0.0434584807 0 0 0 0 0 0 0.0434584807 0 0 0 0 0 0 0.09515187619 0 0 0 0 0 0 0.0007649486528 0 0 0 0 0 0 0.0007649486528 0 0 0 0 0 0 0.001323821026
143,1785495444.049441099,map,7.8204865456,-4.2051301003,-1.1611601114,0.0407886618,0.0568867910,0.8617262626,0.5025216160,0.04329803861 0 0 0 0 0 0 0.04329803861 0 0 0 0 0 0 0.09491440011 0 0 0 0 0 0 0.0007612346023 0 0 0 0 0 0 0.0007612346023 0 0 0 0 0 0 0.00131893368
144,1785495444.149461031,map,7.7777986526,-4.1170396805,-1.1533260345,0.0419878112,0.0571305099,0.8684529788,0.4906756160,0.04292090059 0 0 0 0 0 0 0.04292090059 0 0 0 0 0 0 0.09435562062 0 0 0 0 0 0 0.0007525128791 0 0 0 0 0 0 0.0007525128791 0 0 0 0 0 0 0.001307445399
145,1785495444.249598026,map,7.7697949409,-4.1398577690,-1.1520445347,0.0441159879,0.0551024526,0.8730724681,0.4824541058,0.04296757487 0 0 0 0 0 0 0.04296757487 0 0 0 0 0 0 0.09442481784 0 0 0 0 0 0 0.0007535916148 0 0 0 0 0 0 0.0007535916148 0 0 0 0 0 0 0.001308867179
146,1785495444.349968910,map,7.7785668373,-4.1491546631,-1.1549814939,0.0456410332,0.0542037488,0.8788679326,0.4717732261,0.04310385604 0 0 0 0 0 0 0.04310385604 0 0 0 0 0 0 0.09462679237 0 0 0 0 0 0 0.0007567424095 0 0 0 0 0 0 0.0007567424095 0 0 0 0 0 0 0.001313018541
147,1785495444.450339079,map,7.7935962677,-4.1650280952,-1.1538575888,0.0471637440,0.0546880216,0.8844718024,0.4609711582,0.04321905798 0 0 0 0 0 0 0.04321905798 0 0 0 0 0 0 0.09479744563 0 0 0 0 0 0 0.0007594070896 0 0 0 0 0 0 0.0007594070896 0 0 0 0 0 0 0.001316527793
148,1785495444.550585032,map,7.7962646484,-4.1313858032,-1.1571867466,0.0504571264,0.0523687482,0.8898808566,0.4503594671,0.0432854139 0 0 0 0 0 0 0.0432854139 0 0 0 0 0 0 0.09489570777 0 0 0 0 0 0 0.0007609424468 0 0 0 0 0 0 0.0007609424468 0 0 0 0 0 0 0.00131854911
149,1785495444.649785042,map,7.7856888771,-4.0864138603,-1.1600691080,0.0516996597,0.0504630544,0.8954794493,0.4392006309,0.04338273106 0 0 0 0 0 0 0.04338273106 0 0 0 0 0 0 0.0950397742 0 0 0 0 0 0 0.0007631948652 0 0 0 0 0 0 0.0007631948652 0 0 0 0 0 0 0.00132151356
150,1785495444.749943972,map,7.7709341049,-4.0642738342,-1.1613279581,0.0532639226,0.0495268060,0.9006969154,0.4283166093,0.04335989465 0 0 0 0 0 0 0.04335989465 0 0 0 0 0 0 0.09500597233 0 0 0 0 0 0 0.0007626662418 0 0 0 0 0 0 0.0007626662418 0 0 0 0 0 0 0.001320817923
151,1785495444.849252939,map,7.7716298103,-4.0738902092,-1.1606410742,0.0537493588,0.0491011215,0.9055709844,0.4179010539,0.04333377405 0 0 0 0 0 0 0.04333377405 0 0 0 0 0 0 0.09496730576 0 0 0 0 0 0 0.0007620616489 0 0 0 0 0 0 0.0007620616489 0 0 0 0 0 0 0.001320022244
152,1785495444.949502945,map,7.7370753288,-4.0685663223,-1.1563478708,0.0571265780,0.0500202620,0.9089892523,0.4098451703,0.0435349959 0 0 0 0 0 0 0.0435349959 0 0 0 0 0 0 0.09526507901 0 0 0 0 0 0 0.000766720655 0 0 0 0 0 0 0.000766720655 0 0 0 0 0 0 0.001326151812
153,1785495445.049653053,map,7.7645583153,-4.0922751427,-1.1597551107,0.0575356415,0.0477385941,0.9139719943,0.3988306321,0.04314079486 0 0 0 0 0 0 0.04314079486 0 0 0 0 0 0 0.09468151939 0 0 0 0 0 0 0.0007575967007 0 0 0 0 0 0 0.0007575967007 0 0 0 0 0 0 0.001314143762
154,1785495445.149149895,map,7.7670788765,-4.0754575729,-1.1596579552,0.0556152568,0.0460591079,0.9188642476,0.3879097836,0.04334216378 0 0 0 0 0 0 0.04334216378 0 0 0 0 0 0 0.09497972557 0 0 0 0 0 0 0.0007622558331 0 0 0 0 0 0 0.0007622558331 0 0 0 0 0 0 0.00132027781
155,1785495445.249355078,map,7.7946667671,-4.1055707932,-1.1634606123,0.0548370727,0.0457812327,0.9224507829,0.3794489883,0.04329419181 0 0 0 0 0 0 0.04329419181 0 0 0 0 0 0 0.09490870458 0 0 0 0 0 0 0.00076114558 0 0 0 0 0 0 0.00076114558 0 0 0 0 0 0 0.0013188165
156,1785495445.349560022,map,7.7885298729,-4.0791788101,-1.1587593555,0.0557212058,0.0448282894,0.9255138043,0.3719002262,0.04329433914 0 0 0 0 0 0 0.04329433914 0 0 0 0 0 0 0.09490892271 0 0 0 0 0 0 0.0007611489893 0 0 0 0 0 0 0.0007611489893 0 0 0 0 0 0 0.001318820988
157,1785495445.449702024,map,7.7902817726,-4.1047658920,-1.1606163979,0.0562777601,0.0441501336,0.9285484517,0.3642545059,0.04318158681 0 0 0 0 0 0 0.04318158681 0 0 0 0 0 0 0.0947419462 0 0 0 0 0 0 0.0007585402385 0 0 0 0 0 0 0.0007585402385 0 0 0 0 0 0 0.001315386356
158,1785495445.550033092,map,7.7860598564,-4.0842266083,-1.1590185165,0.0566567420,0.0436771161,0.9302328017,0.3599295180,0.04311597193 0 0 0 0 0 0 0.04311597193 0 0 0 0 0 0 0.09464474361 0 0 0 0 0 0 0.0007570226033 0 0 0 0 0 0 0.0007570226033 0 0 0 0 0 0 0.001313387612
159,1785495445.649450064,map,7.7817587852,-4.0906476974,-1.1577286720,0.0570001684,0.0434107952,0.9332652691,0.3519693288,0.04329996376 0 0 0 0 0 0 0.04329996376 0 0 0 0 0 0 0.09491725043 0 0 0 0 0 0 0.0007612791543 0 0 0 0 0 0 0.0007612791543 0 0 0 0 0 0 0.001318992324
160,1785495445.749820948,map,7.7678904533,-4.0804352760,-1.1610951424,0.0579809705,0.0428562931,0.9354139883,0.3461245526,0.04299634163 0 0 0 0 0 0 0.04299634163 0 0 0 0 0 0 0.09446746008 0 0 0 0 0 0 0.0007542565649 0 0 0 0 0 0 0.0007542565649 0 0 0 0 0 0 0.001309743465
161,1785495445.849170923,map,7.7621469498,-4.0747828484,-1.1618714333,0.0596028863,0.0434042078,0.9375342840,0.3399897538,0.04373646481 0 0 0 0 0 0 0.04373646481 0 0 0 0 0 0 0.09556299457 0 0 0 0 0 0 0.0007713887821 0 0 0 0 0 0 0.0007713887821 0 0 0 0 0 0 0.001332288906
162,1785495445.949228048,map,7.7457866669,-4.0857448578,-1.1621694565,0.0613003932,0.0445128424,0.9391309697,0.3351028148,0.04317204187 0 0 0 0 0 0 0.04317204187 0 0 0 0 0 0 0.09472780771 0 0 0 0 0 0 0.0007583194466 0 0 0 0 0 0 0.0007583194466 0 0 0 0 0 0 0.0013150956
163,1785495446.049406052,map,7.7382235527,-4.0788335800,-1.1586993933,0.0623499616,0.0445009619,0.9412601801,0.3288790575,0.04392121762 0 0 0 0 0 0 0.04392121762 0 0 0 0 0 0 0.09583599669 0 0 0 0 0 0 0.0007756725608 0 0 0 0 0 0 0.0007756725608 0 0 0 0 0 0 0.001337916798
164,1785495446.149697065,map,7.7476391792,-4.0902762413,-1.1555727720,0.0604179469,0.0438333579,0.9431789376,0.3237928433,0.04331102218 0 0 0 0 0 0 0.04331102218 0 0 0 0 0 0 0.09493362286 0 0 0 0 0 0 0.0007615350763 0 0 0 0 0 0 0.0007615350763 0 0 0 0 0 0 0.001319329182
165,1785495446.249042034,map,7.7367210388,-4.0929727554,-1.1540746689,0.0618998960,0.0420509666,0.9450480351,0.3182519537,0.04399559786 0 0 0 0 0 0 0.04399559786 0 0 0 0 0 0 0.0959458531 0 0 0 0 0 0 0.0007773979797 0 0 0 0 0 0 0.0007773979797 0 0 0 0 0 0 0.00134018255
166,1785495446.349375963,map,7.7699308395,-3.9694826603,-1.1477093697,0.0641076783,0.0404563020,0.9475809339,0.3103931242,0.04363468694 0 0 0 0 0 0 0.04363468694 0 0 0 0 0 0 0.0954125217 0 0 0 0 0 0 0.0007690301182 0 0 0 0 0 0 0.0007690301182 0 0 0 0 0 0 0.001329188575
167,1785495446.449839115,map,7.8171525002,-4.0117583275,-1.1606974602,0.0660535655,0.0389630279,0.9503660215,0.3015347894,0.04354947222 0 0 0 0 0 0 0.04354947222 0 0 0 0 0 0 0.09528649282 0 0 0 0 0 0 0.0007670559647 0 0 0 0 0 0 0.0007670559647 0 0 0 0 0 0 0.001326592786
168,1785495446.549367905,map,7.8358063698,-3.9712328911,-1.1634265184,0.0663768988,0.0395509626,0.9509812072,0.2994404582,0.04325086935 0 0 0 0 0 0 0.04325086935 0 0 0 0 0 0 0.09484455606 0 0 0 0 0 0 0.0007601431012 0 0 0 0 0 0 0.0007601431012 0 0 0 0 0 0 0.001317496822
169,1785495446.649688005,map,7.7774085999,-4.0244607925,-1.1528196335,0.0647075689,0.0361267343,0.9545393440,0.2887255342,0.04319122979 0 0 0 0 0 0 0.04319122979 0 0 0 0 0 0 0.09475622938 0 0 0 0 0 0 0.0007587633059 0 0 0 0 0 0 0.0007587633059 0 0 0 0 0 0 0.001315680098
170,1785495446.748944998,map,7.8351588249,-3.9990682602,-1.1609796286,0.0668384609,0.0363150490,0.9555620867,0.2848068426,0.04370230241 0 0 0 0 0 0 0.04370230241 0 0 0 0 0 0 0.09551249371 0 0 0 0 0 0 0.0007705969852 0 0 0 0 0 0 0.0007705969852 0 0 0 0 0 0 0.00133124826
171,1785495446.849490881,map,7.8227405548,-4.1117739677,-1.1552534103,0.0671971619,0.0341574368,0.9572374161,0.2793104768,0.04330201658 0 0 0 0 0 0 0.04330201658 0 0 0 0 0 0 0.09492028977 0 0 0 0 0 0 0.0007613266614 0 0 0 0 0 0 0.0007613266614 0 0 0 0 0 0 0.001319054856
172,1785495446.949672937,map,7.7965192795,-4.0859704018,-1.1573835611,0.0655063194,0.0310607674,0.9591194104,0.2735582339,0.0432005373 0 0 0 0 0 0 0.0432005373 0 0 0 0 0 0 0.0947700152 0 0 0 0 0 0 0.0007589786208 0 0 0 0 0 0 0.0007589786208 0 0 0 0 0 0 0.001315963621
173,1785495447.048916101,map,7.7451372147,-4.0599517822,-1.1563763618,0.0644707354,0.0287918039,0.9606220301,0.2687375355,0.04308435768 0 0 0 0 0 0 0.04308435768 0 0 0 0 0 0 0.09459790134 0 0 0 0 0 0 0.0007562915142 0 0 0 0 0 0 0.0007562915142 0 0 0 0 0 0 0.001312424587
174,1785495447.149368048,map,7.7499957085,-4.0802311897,-1.1532905102,0.0677379900,0.0292215454,0.9611516574,0.2659796021,0.04338368876 0 0 0 0 0 0 0.04338368876 0 0 0 0 0 0 0.09504119169 0 0 0 0 0 0 0.0007632170352 0 0 0 0 0 0 0.0007632170352 0 0 0 0 0 0 0.001321542733
175,1785495447.249625921,map,7.7971296310,-4.1102700233,-1.1588938236,0.0705187638,0.0284789828,0.9610113953,0.2658442004,0.04355037207 0 0 0 0 0 0 0.04355037207 0 0 0 0 0 0 0.09528782388 0 0 0 0 0 0 0.0007670768083 0 0 0 0 0 0 0.0007670768083 0 0 0 0 0 0 0.001326620197
176,1785495447.348818064,map,7.7938876152,-4.0977439880,-1.1607906818,0.0723106831,0.0289265664,0.9592425510,0.2716397380,0.04317704988 0 0 0 0 0 0 0.04317704988 0 0 0 0 0 0 0.09473522591 0 0 0 0 0 0 0.0007584352901 0 0 0 0 0 0 0.0007584352901 0 0 0 0 0 0 0.001315248153
177,1785495447.449228048,map,7.7918324471,-4.0873527527,-1.1618148088,0.0732934652,0.0289760364,0.9570565979,0.2789823015,0.04388473209 0 0 0 0 0 0 0.04388473209 0 0 0 0 0 0 0.09578209816 0 0 0 0 0 0 0.0007748263633 0 0 0 0 0 0 0.0007748263633 0 0 0 0 0 0 0.001336805386
178,1785495447.549590111,map,7.7865529060,-4.0573987961,-1.1590412855,0.0755615843,0.0280467904,0.9541814999,0.2881692301,0.04340537349 0 0 0 0 0 0 0.04340537349 0 0 0 0 0 0 0.09507328608 0 0 0 0 0 0 0.0007637190416 0 0 0 0 0 0 0.0007637190416 0 0 0 0 0 0 0.001322203288
179,1785495447.648853064,map,7.7885828018,-4.0462417603,-1.1631841660,0.0741920560,0.0285517059,0.9514757411,0.2972780400,0.04330115606 0 0 0 0 0 0 0.04330115606 0 0 0 0 0 0 0.09491901572 0 0 0 0 0 0 0.000761306747 0 0 0 0 0 0 0.000761306747 0 0 0 0 0 0 0.001319028643
180,1785495447.749209881,map,7.7770633698,-3.9744913578,-1.1569331884,0.0739624033,0.0279818345,0.9493585021,0.3040806358,0.04361714513 0 0 0 0 0 0 0.04361714513 0 0 0 0 0 0 0.09538658139 0 0 0 0 0 0 0.0007686236809 0 0 0 0 0 0 0.0007686236809 0 0 0 0 0 0 0.001328654221
181,1785495447.848512888,map,7.7682099342,-3.9650359154,-1.1553026438,0.0752429983,0.0276607700,0.9465389886,0.3124696899,0.04342658403 0 0 0 0 0 0 0.04342658403 0 0 0 0 0 0 0.09510467614 0 0 0 0 0 0 0.0007642101089 0 0 0 0 0 0 0.0007642101089 0 0 0 0 0 0 0.001322849398
182,1785495447.949485064,map,7.7685995102,-3.9648065567,-1.1578722000,0.0749133814,0.0286114694,0.9429765797,0.3230550058,0.04361398953 0 0 0 0 0 0 0.04361398953 0 0 0 0 0 0 0.0953819148 0 0 0 0 0 0 0.0007685505695 0 0 0 0 0 0 0.0007685505695 0 0 0 0 0 0 0.001328558096
183,1785495448.048907995,map,7.7616362572,-3.9339683056,-1.1546463966,0.0749954366,0.0287083223,0.9405823898,0.3299337440,0.04390949382 0 0 0 0 0 0 0.04390949382 0 0 0 0 0 0 0.09581867841 0 0 0 0 0 0 0.0007754006424 0 0 0 0 0 0 0.0007754006424 0 0 0 0 0 0 0.001337559671
184,1785495448.149271965,map,7.7687053680,-4.0556001663,-1.1632570028,0.0759405762,0.0281810452,0.9350039792,0.3452628182,0.04357650863 0 0 0 0 0 0 0.04357650863 0 0 0 0 0 0 0.09532648282 0 0 0 0 0 0 0.0007676822463 0 0 0 0 0 0 0.0007676822463 0 0 0 0 0 0 0.001327416362
185,1785495448.249659061,map,7.7423076630,-4.0347552299,-1.1547087431,0.0739552790,0.0294955581,0.9327866805,0.3515246900,0.04319883787 0 0 0 0 0 0 0.04319883787 0 0 0 0 0 0 0.09476749812 0 0 0 0 0 0 0.0007589393065 0 0 0 0 0 0 0.0007589393065 0 0 0 0 0 0 0.001315911853
186,1785495448.349092960,map,7.7589774132,-4.0417618752,-1.1587848663,0.0729319288,0.0300014128,0.9308926841,0.3566786718,0.04359640422 0 0 0 0 0 0 0.04359640422 0 0 0 0 0 0 0.09535590815 0 0 0 0 0 0 0.0007681431544 0 0 0 0 0 0 0.0007681431544 0 0 0 0 0 0 0.001328022416
187,1785495448.449238062,map,7.7331471443,-4.0419883728,-1.1561728716,0.0735996611,0.0302860650,0.9271279451,0.3661961770,0.0437517824 0 0 0 0 0 0 0.0437517824 0 0 0 0 0 0 0.09558563587 0 0 0 0 0 0 0.0007717438364 0 0 0 0 0 0 0.0007717438364 0 0 0 0 0 0 0.001332755507
188,1785495448.549432039,map,7.7695951462,-4.0406508446,-1.1578040123,0.0727371152,0.0285954593,0.9242230755,0.3737690605,0.04302737327 0 0 0 0 0 0 0.04302737327 0 0 0 0 0 0 0.09451345444 0 0 0 0 0 0 0.0007549739474 0 0 0 0 0 0 0.0007549739474 0 0 0 0 0 0 0.001310688743
189,1785495448.648749113,map,7.7448811531,-4.0272932053,-1.1549602747,0.0752934604,0.0260694513,0.9205974277,0.3822978367,0.04316578304 0 0 0 0 0 0 0.04316578304 0 0 0 0 0 0 0.09471853652 0 0 0 0 0 0 0.0007581746727 0 0 0 0 0 0 0.0007581746727 0 0 0 0 0 0 0.001314904945
190,1785495448.749059916,map,7.7481441498,-4.0091533661,-1.1652095318,0.0760896275,0.0277626255,0.9157261259,0.3935546544,0.04382597401 0 0 0 0 0 0 0.04382597401 0 0 0 0 0 0 0.09569528211 0 0 0 0 0 0 0.0007734638373 0 0 0 0 0 0 0.0007734638373 0 0 0 0 0 0 0.001335015512
191,1785495448.849306107,map,7.7635192871,-4.0016837120,-1.1638197899,0.0756311719,0.0282361795,0.9110262155,0.4043685029,0.04352194044 0 0 0 0 0 0 0.04352194044 0 0 0 0 0 0 0.09524576598 0 0 0 0 0 0 0.0007664182711 0 0 0 0 0 0 0.0007664182711 0 0 0 0 0 0 0.00132575412
192,1785495448.948558092,map,7.7486147881,-3.9728791714,-1.1602020264,0.0762892118,0.0299563506,0.9051331840,0.4171528302,0.04373848146 0 0 0 0 0 0 0.04373848146 0 0 0 0 0 0 0.09556597552 0 0 0 0 0 0 0.0007714355262 0 0 0 0 0 0 0.0007714355262 0 0 0 0 0 0 0.001332350337
193,1785495449.048813105,map,7.7248058319,-3.9906182289,-1.1501859426,0.0766043131,0.0295554230,0.9004549678,0.4271289001,0.0436376783 0 0 0 0 0 0 0.0436376783 0 0 0 0 0 0 0.09541694507 0 0 0 0 0 0 0.0007690994296 0 0 0 0 0 0 0.0007690994296 0 0 0 0 0 0 0.001329279697
194,1785495449.149168015,map,7.7124624252,-3.9860372543,-1.1511524916,0.0762520551,0.0281943364,0.8995605167,0.4291637974,0.04374546408 0 0 0 0 0 0 0.04374546408 0 0 0 0 0 0 0.09557629677 0 0 0 0 0 0 0.0007715973785 0 0 0 0 0 0 0.0007715973785 0 0 0 0 0 0 0.00133256304
195,1785495449.248466015,map,7.6923856735,-3.9575376511,-1.1500554085,0.0751595213,0.0276889474,0.8983952139,0.4318221948,0.04327794291 0 0 0 0 0 0 0.04327794291 0 0 0 0 0 0 0.09488464569 0 0 0 0 0 0 0.0007607695628 0 0 0 0 0 0 0.0007607695628 0 0 0 0 0 0 0.00131832153
196,1785495449.349567890,map,7.6746482849,-3.9566798210,-1.1424018145,0.0738036153,0.0278719841,0.8988972358,0.4309987553,0.04322343138 0 0 0 0 0 0 0.04322343138 0 0 0 0 0 0 0.09480392266 0 0 0 0 0 0 0.0007595082707 0 0 0 0 0 0 0.0007595082707 0 0 0 0 0 0 0.001316661014
197,1785495449.448721886,map,7.6543650627,-3.9470789433,-1.1395487785,0.0749285617,0.0263866235,0.9005851370,0.4273591855,0.04381513836 0 0 0 0 0 0 0.04381513836 0 0 0 0 0 0 0.0956792702 0 0 0 0 0 0 0.0007732126033 0 0 0 0 0 0 0.0007732126033 0 0 0 0 0 0 0.001334685439
198,1785495449.548907042,map,7.6393713951,-3.9421358109,-1.1306999922,0.0772348021,0.0268711843,0.9023072702,0.4232662450,0.04302517486 0 0 0 0 0 0 0.04302517486 0 0 0 0 0 0 0.09451019619 0 0 0 0 0 0 0.0007549231224 0 0 0 0 0 0 0.0007549231224 0 0 0 0 0 0 0.001310621775
199,1785495449.649141073,map,7.5525822639,-3.9361858368,-1.1126266718,0.0787917628,0.0263890416,0.9043923775,0.4185330219,0.04345971266 0 0 0 0 0 0 0.04345971266 0 0 0 0 0 0 0.09515369911 0 0 0 0 0 0 0.0007649771797 0 0 0 0 0 0 0.0007649771797 0 0 0 0 0 0 0.001323858553
200,1785495449.749274015,map,7.5419259071,-3.8959474564,-1.1156994104,0.0799514622,0.0271351422,0.9082023621,0.4099267281,0.04369299947 0 0 0 0 0 0 0.04369299947 0 0 0 0 0 0 0.09549874045 0 0 0 0 0 0 0.0007703813837 0 0 0 0 0 0 0.0007703813837 0 0 0 0 0 0 0.001330964876
201,1785495449.848632097,map,7.5175671577,-3.8711607456,-1.1107259989,0.0808392437,0.0270638909,0.9130776553,0.3987753091,0.0436064895 0 0 0 0 0 0 0.0436064895 0 0 0 0 0 0 0.09537082333 0 0 0 0 0 0 0.0007683768062 0 0 0 0 0 0 0.0007683768062 0 0 0 0 0 0 0.001328329632
202,1785495449.948101997,map,7.5127096176,-3.8638331890,-1.1098837852,0.0817055945,0.0275742226,0.9197805908,0.3828413796,0.04377856992 0 0 0 0 0 0 0.04377856992 0 0 0 0 0 0 0.09562522805 0 0 0 0 0 0 0.0007723648047 0 0 0 0 0 0 0.0007723648047 0 0 0 0 0 0 0.001333571501
203,1785495450.048582077,map,7.4857974052,-3.8510098457,-1.1018699408,0.0819158661,0.0247386554,0.9248922804,0.3704754589,0.04304970228 0 0 0 0 0 0 0.04304970228 0 0 0 0 0 0 0.09454654664 0 0 0 0 0 0 0.0007554901954 0 0 0 0 0 0 0.0007554901954 0 0 0 0 0 0 0.001311368923
204,1785495450.148680925,map,7.4968523979,-3.8587255478,-1.1058058739,0.0824530042,0.0239729293,0.9267652328,0.3656952241,0.04361961259 0 0 0 0 0 0 0.04361961259 0 0 0 0 0 0 0.09539023029 0 0 0 0 0 0 0.0007686808493 0 0 0 0 0 0 0.0007686808493 0 0 0 0 0 0 0.001328729384
205,1785495450.248894930,map,7.4934458733,-3.8667066097,-1.1036339998,0.0834246586,0.0229029902,0.9304198098,0.3561386742,0.04341652868 0 0 0 0 0 0 0.04341652868 0 0 0 0 0 0 0.09508979526 0 0 0 0 0 0 0.0007639773023 0 0 0 0 0 0 0.0007639773023 0 0 0 0 0 0 0.001322543094
206,1785495450.349345922,map,7.5016870499,-3.8473455906,-1.1041834354,0.0848575732,0.0220575837,0.9348660343,0.3440031343,0.04314592179 0 0 0 0 0 0 0.04314592179 0 0 0 0 0 0 0.09468911464 0 0 0 0 0 0 0.0007577152814 0 0 0 0 0 0 0.0007577152814 0 0 0 0 0 0 0.001314299937
207,1785495450.448597908,map,7.5085420609,-3.8324716091,-1.1065331697,0.0852201958,0.0207202196,0.9394373268,0.3313090470,0.04318534669 0 0 0 0 0 0 0.04318534669 0 0 0 0 0 0 0.09474751539 0 0 0 0 0 0 0.0007586272134 0 0 0 0 0 0 0.0007586272134 0 0 0 0 0 0 0.001315500888
208,1785495450.548806906,map,7.5061516762,-3.8529319763,-1.1036587954,0.0846239129,0.0192232897,0.9443668175,0.3172389756,0.04318049589 0 0 0 0 0 0 0.04318049589 0 0 0 0 0 0 0.0947403303 0 0 0 0 0 0 0.0007585150032 0 0 0 0 0 0 0.0007585150032 0 0 0 0 0 0 0.001315353124
209,1785495450.648957014,map,7.5058436394,-3.8483059406,-1.1093212366,0.0846160427,0.0172656761,0.9488312594,0.3037453893,0.04319673524 0 0 0 0 0 0 0.04319673524 0 0 0 0 0 0 0.09476438383 0 0 0 0 0 0 0.000758890665 0 0 0 0 0 0 0.000758890665 0 0 0 0 0 0 0.001315847803
210,1785495450.749181986,map,7.5267663002,-3.8951749802,-1.1181534529,0.0808157645,0.0161924987,0.9535196769,0.2898393259,0.04306372572 0 0 0 0 0 0 0.04306372572 0 0 0 0 0 0 0.09456732832 0 0 0 0 0 0 0.0007558144397 0 0 0 0 0 0 0.0007558144397 0 0 0 0 0 0 0.001311796102
211,1785495450.848906994,map,7.4972481728,-3.8549215794,-1.1188265085,0.0772425320,0.0153247197,0.9590829383,0.2719533912,0.04345666424 0 0 0 0 0 0 0.04345666424 0 0 0 0 0 0 0.09514918838 0 0 0 0 0 0 0.0007649065917 0 0 0 0 0 0 0.0007649065917 0 0 0 0 0 0 0.001323765693
212,1785495450.949321985,map,7.4938030243,-3.8930842876,-1.1131531000,0.0724432180,0.0142293141,0.9637670803,0.2563250233,0.04333886728 0 0 0 0 0 0 0.04333886728 0 0 0 0 0 0 0.09497484561 0 0 0 0 0 0 0.0007621795333 0 0 0 0 0 0 0.0007621795333 0 0 0 0 0 0 0.001320177393
213,1785495451.048682928,map,7.4863901138,-3.9013721943,-1.1141622066,0.0693732037,0.0145338595,0.9687212201,0.2378136467,0.04287213695 0 0 0 0 0 0 0.04287213695 0 0 0 0 0 0 0.09428331271 0 0 0 0 0 0 0.0007513860532 0 0 0 0 0 0 0.0007513860532 0 0 0 0 0 0 0.001305959974
214,1785495451.148902893,map,7.5159287453,-4.0064959526,-1.1135907173,0.0652933470,0.0146740975,0.9723818672,0.2235955492,0.0434714557 0 0 0 0 0 0 0.0434714557 0 0 0 0 0 0 0.09517107474 0 0 0 0 0 0 0.000765249104 0 0 0 0 0 0 0.000765249104 0 0 0 0 0 0 0.001324216267
215,1785495451.248246908,map,7.5003619194,-3.9577481747,-1.1077487469,0.0626312905,0.0147590804,0.9769416531,0.2035792316,0.04341382884 0 0 0 0 0 0 0.04341382884 0 0 0 0 0 0 0.09508579968 0 0 0 0 0 0 0.0007639147957 0 0 0 0 0 0 0.0007639147957 0 0 0 0 0 0 0.001322460852
216,1785495451.348601103,map,7.4998569489,-3.9475460052,-1.1071050167,0.0610919687,0.0131267099,0.9803179135,0.1872758477,0.04362369155 0 0 0 0 0 0 0.04362369155 0 0 0 0 0 0 0.09539626223 0 0 0 0 0 0 0.0007687753559 0 0 0 0 0 0 0.0007687753559 0 0 0 0 0 0 0.001328853636
217,1785495451.448751926,map,7.4824433327,-3.9219248295,-1.1073127985,0.0642371761,0.0097861456,0.9834924708,0.1688797208,0.04358274798 0 0 0 0 0 0 0.04358274798 0 0 0 0 0 0 0.09533571097 0 0 0 0 0 0 0.0007678267857 0 0 0 0 0 0 0.0007678267857 0 0 0 0 0 0 0.001327606424
218,1785495451.548172951,map,7.5143117905,-3.9566943645,-1.1101927757,0.0647011225,0.0098187078,0.9865144912,0.1500216827,0.0431855015 0 0 0 0 0 0 0.0431855015 0 0 0 0 0 0 0.0947477447 0 0 0 0 0 0 0.0007586307946 0 0 0 0 0 0 0.0007586307946 0 0 0 0 0 0 0.001315505604
219,1785495451.648359060,map,7.4816966057,-3.9468102455,-1.1087524891,0.0643360821,0.0070039864,0.9891320438,0.1320212163,0.0435942467 0 0 0 0 0 0 0.0435942467 0 0 0 0 0 0 0.09535271731 0 0 0 0 0 0 0.000768093171 0 0 0 0 0 0 0.000768093171 0 0 0 0 0 0 0.001327956695
220,1785495451.748536110,map,7.4974727631,-3.9982213974,-1.1148147583,0.0644650101,0.0042654411,0.9908477794,0.1185189600,0.0434333331 0 0 0 0 0 0 0.0434333331 0 0 0 0 0 0 0.09511466374 0 0 0 0 0 0 0.0007643663714 0 0 0 0 0 0 0.0007643663714 0 0 0 0 0 0 0.001323054986
221,1785495451.848891973,map,7.4671478271,-3.9584934711,-1.1096909046,0.0653223351,0.0031006253,0.9927082948,0.1012602560,0.04322315082 0 0 0 0 0 0 0.04322315082 0 0 0 0 0 0 0.09480350716 0 0 0 0 0 0 0.0007595017798 0 0 0 0 0 0 0.0007595017798 0 0 0 0 0 0 0.001316652468
222,1785495451.948299885,map,7.4869422913,-3.9928407669,-1.1080641747,0.0636891246,0.0016259055,0.9946717378,0.0810505792,0.04304830111 0 0 0 0 0 0 0.04304830111 0 0 0 0 0 0 0.09454447014 0 0 0 0 0 0 0.0007554577988 0 0 0 0 0 0 0.0007554577988 0 0 0 0 0 0 0.001311326241
223,1785495452.048491001,map,7.4777088165,-3.9863986969,-1.1068964005,0.0629186057,0.0003848793,0.9962278164,0.0597597098,0.04373807322 0 0 0 0 0 0 0.04373807322 0 0 0 0 0 0 0.09556537206 0 0 0 0 0 0 0.0007714260634 0 0 0 0 0 0 0.0007714260634 0 0 0 0 0 0 0.001332337901
224,1785495452.148870945,map,7.4878382683,-3.9683842659,-1.1066483259,0.0617103478,-0.0016291752,0.9975056609,0.0342292389,0.04353964608 0 0 0 0 0 0 0.04353964608 0 0 0 0 0 0 0.09527195782 0 0 0 0 0 0 0.0007668283635 0 0 0 0 0 0 0.0007668283635 0 0 0 0 0 0 0.001326293465
225,1785495452.248162985,map,7.4926228523,-3.9764146805,-1.1084285975,0.0611501413,-0.0032964408,0.9979877342,0.0164400966,0.04309702333 0 0 0 0 0 0 0.04309702333 0 0 0 0 0 0 0.09461666848 0 0 0 0 0 0 0.0007565844009 0 0 0 0 0 0 0.0007565844009 0 0 0 0 0 0 0.001312810405
226,1785495452.348536968,map,7.4631390572,-3.9748399258,-1.1068341732,0.0644315993,-0.0015646618,0.9979081104,-0.0050502782,0.04314142636 0 0 0 0 0 0 0.04314142636 0 0 0 0 0 0 0.09468245492 0 0 0 0 0 0 0.0007576113064 0 0 0 0 0 0 0.0007576113064 0 0 0 0 0 0 0.001314162998
227,1785495452.448662043,map,7.4736309052,-4.0596489906,-1.1071660519,0.0656984086,-0.0025958680,0.9975245055,-0.0249370567,0.04292388132 0 0 0 0 0 0 0.04292388132 0 0 0 0 0 0 0.09436004008 0 0 0 0 0 0 0.000752581764 0 0 0 0 0 0 0.000752581764 0 0 0 0 0 0 0.001307536197
228,1785495452.549010992,map,7.5121011734,-4.0154438019,-1.1121132374,0.0661510753,-0.0040705994,0.9966942567,-0.0469894650,0.04296526866 0 0 0 0 0 0 0.04296526866 0 0 0 0 0 0 0.09442139904 0 0 0 0 0 0 0.0007535383093 0 0 0 0 0 0 0.0007535383093 0 0 0 0 0 0 0.001308796928
229,1785495452.648294926,map,7.5688133240,-3.9937644005,-1.1186338663,0.0654505227,-0.0071164613,0.9956014651,-0.0666581010,0.04323899471 0 0 0 0 0 0 0.04323899471 0 0 0 0 0 0 0.09482697119 0 0 0 0 0 0 0.0007598683506 0 0 0 0 0 0 0.0007598683506 0 0 0 0 0 0 0.0013171351
230,1785495452.748744965,map,7.5087141991,-4.0206756592,-1.1105176210,0.0643943087,-0.0071288467,0.9945277002,-0.0819585426,0.04296307677 0 0 0 0 0 0 0.04296307677 0 0 0 0 0 0 0.09441814969 0 0 0 0 0 0 0.0007534876466 0 0 0 0 0 0 0.0007534876466 0 0 0 0 0 0 0.001308730159
231,1785495452.848217964,map,7.4798035622,-4.0207424164,-1.1093143225,0.0648079538,-0.0074069748,0.9926217473,-0.1022111844,0.04356544374 0 0 0 0 0 0 0.04356544374 0 0 0 0 0 0 0.09531011704 0 0 0 0 0 0 0.0007674259276 0 0 0 0 0 0 0.0007674259276 0 0 0 0 0 0 0.001327079306
232,1785495452.948604107,map,7.4961252213,-4.0274753571,-1.1045600176,0.0649107472,-0.0115147422,0.9908983085,-0.1173650031,0.04387086958 0 0 0 0 0 0 0.04387086958 0 0 0 0 0 0 0.09576161776 0 0 0 0 0 0 0.0007745048832 0 0 0 0 0 0 0.0007745048832 0 0 0 0 0 0 0.001336383109
233,1785495453.048947096,map,7.4852294922,-3.9923882484,-1.1051517725,0.0644146355,-0.0152006802,0.9890619293,-0.1318187932,0.04337579488 0 0 0 0 0 0 0.04337579488 0 0 0 0 0 0 0.09502950775 0 0 0 0 0 0 0.0007630343 0 0 0 0 0 0 0.0007630343 0 0 0 0 0 0 0.001321302272
234,1785495453.148159981,map,7.4585695267,-4.0157871246,-1.1012070179,0.0655898994,-0.0202802603,0.9869992305,-0.1453244654,0.04286148463 0 0 0 0 0 0 0.04286148463 0 0 0 0 0 0 0.09426751542 0 0 0 0 0 0 0.0007511399276 0 0 0 0 0 0 0.0007511399276 0 0 0 0 0 0 0.001305635486
235,1785495453.248739958,map,7.4104733467,-4.0153274536,-1.0988625288,0.0670325468,-0.0226101738,0.9850343131,-0.1571713680,0.04363319129 0 0 0 0 0 0 0.04363319129 0 0 0 0 0 0 0.09541031004 0 0 0 0 0 0 0.0007689954636 0 0 0 0 0 0 0.0007689954636 0 0 0 0 0 0 0.001329143015
236,1785495453.348999977,map,7.4398565292,-3.9179470539,-1.0980089903,0.0709560081,-0.0233655301,0.9818163270,-0.1745164532,0.04363873777 0 0 0 0 0 0 0.04363873777 0 0 0 0 0 0 0.09541851172 0 0 0 0 0 0 0.0007691239783 0 0 0 0 0 0 0.0007691239783 0 0 0 0 0 0 0.00132931197
237,1785495453.448164940,map,7.4409122467,-3.9352588654,-1.0981599092,0.0718333301,-0.0249810341,0.9800472721,-0.1836389140,0.04303717961 0 0 0 0 0 0 0.04303717961 0 0 0 0 0 0 0.09452798804 0 0 0 0 0 0 0.0007552006652 0 0 0 0 0 0 0.0007552006652 0 0 0 0 0 0 0.001310987461
238,1785495453.548300982,map,7.3870053291,-4.0275034904,-1.0857400894,0.0724728742,-0.0258023168,0.9783245212,-0.1922577675,0.04385861081 0 0 0 0 0 0 0.04385861081 0 0 0 0 0 0 0.09574350585 0 0 0 0 0 0 0.0007742206082 0 0 0 0 0 0 0.0007742206082 0 0 0 0 0 0 0.001336009686
239,1785495453.648405075,map,7.4194407463,-3.9495472908,-1.0982801914,0.0668599368,-0.0275514232,0.9789203789,-0.1910119599,0.04409279517 0 0 0 0 0 0 0.04409279517 0 0 0 0 0 0 0.09608936416 0 0 0 0 0 0 0.0007796533804 0 0 0 0 0 0 0.0007796533804 0 0 0 0 0 0 0.00134314335
240,1785495453.748985052,map,7.4440016747,-3.9840049744,-1.1010060310,0.0699607349,-0.0260879698,0.9786060162,-0.1917164289,0.04376192844 0 0 0 0 0 0 0.04376192844 0 0 0 0 0 0 0.09560063226 0 0 0 0 0 0 0.0007719790273 0 0 0 0 0 0 0.0007719790273 0 0 0 0 0 0 0.001333064573
241,1785495453.848185062,map,7.4528584480,-4.0022721291,-1.0987665653,0.0717420587,-0.0252698213,0.9785034879,-0.1916910066,0.04363840443 0 0 0 0 0 0 0.04363840443 0 0 0 0 0 0 0.0954180188 0 0 0 0 0 0 0.0007691162545 0 0 0 0 0 0 0.0007691162545 0 0 0 0 0 0 0.001329301816
242,1785495453.948399067,map,7.4560489655,-3.9993314743,-1.1020473242,0.0715417853,-0.0254015308,0.9791403659,-0.1884693108,0.04425212276 0 0 0 0 0 0 0.04425212276 0 0 0 0 0 0 0.09632449981 0 0 0 0 0 0 0.0007833521536 0 0 0 0 0 0 0.0007833521536 0 0 0 0 0 0 0.001347996746
243,1785495454.048850060,map,7.4735469818,-3.9545507431,-1.1037325859,0.0724331802,-0.0247229134,0.9794851742,-0.1864162417,0.04352950105 0 0 0 0 0 0 0.04352950105 0 0 0 0 0 0 0.09525695055 0 0 0 0 0 0 0.0007665933843 0 0 0 0 0 0 0.0007665933843 0 0 0 0 0 0 0.001325984429
244,1785495454.148185968,map,7.5016350746,-3.9738130569,-1.1070924997,0.0726208296,-0.0241372579,0.9804589928,-0.1812284655,0.04308166283 0 0 0 0 0 0 0.04308166283 0 0 0 0 0 0 0.09459390817 0 0 0 0 0 0 0.0007562291989 0 0 0 0 0 0 0.0007562291989 0 0 0 0 0 0 0.001312342497
245,1785495454.248543978,map,7.5036268234,-3.9667131901,-1.1089397669,0.0735433026,-0.0227358979,0.9813987000,-0.1758722964,0.04416545049 0 0 0 0 0 0 0.04416545049 0 0 0 0 0 0 0.09619660583 0 0 0 0 0 0 0.0007813398075 0 0 0 0 0 0 0.0007813398075 0 0 0 0 0 0 0.001345356557
246,1785495454.347975969,map,7.5203628540,-3.9637863636,-1.1141628027,0.0731889486,-0.0228018808,0.9826895044,-0.1686557958,0.04374402066 0 0 0 0 0 0 0.04374402066 0 0 0 0 0 0 0.09557416322 0 0 0 0 0 0 0.0007715639206 0 0 0 0 0 0 0.0007715639206 0 0 0 0 0 0 0.00133251907
247,1785495454.448097944,map,7.5338764191,-3.9599900246,-1.1140232086,0.0744647823,-0.0212222177,0.9841383771,-0.1596128989,0.04383060706 0 0 0 0 0 0 0.04383060706 0 0 0 0 0 0 0.09570212819 0 0 0 0 0 0 0.0007735712613 0 0 0 0 0 0 0.0007735712613 0 0 0 0 0 0 0.001335156643
248,1785495454.548491955,map,7.5668025017,-4.0217432976,-1.1172190905,0.0757531643,-0.0200091266,0.9867378215,-0.1421603500,0.04324274997 0 0 0 0 0 0 0.04324274997 0 0 0 0 0 0 0.09483253235 0 0 0 0 0 0 0.000759955237 0 0 0 0 0 0 0.000759955237 0 0 0 0 0 0 0.001317249492
249,1785495454.648950100,map,7.5421090126,-3.9592912197,-1.1150262356,0.0770141614,-0.0184401278,0.9886710789,-0.1275079225,0.04412925745 0 0 0 0 0 0 0.04412925745 0 0 0 0 0 0 0.09614318726 0 0 0 0 0 0 0.0007804996644 0 0 0 0 0 0 0.0007804996644 0 0 0 0 0 0 0.001344254054
250,1785495454.748471975,map,7.5126090050,-3.9673750401,-1.1110324860,0.0767193640,-0.0173391356,0.9911576806,-0.1068642216,0.04328516459 0 0 0 0 0 0 0.04328516459 0 0 0 0 0 0 0.09489533863 0 0 0 0 0 0 0.0007609366775 0 0 0 0 0 0 0.0007609366775 0 0 0 0 0 0 0.001318541515
251,1785495454.847742081,map,7.5208091736,-3.9877109528,-1.1083301306,0.0784654628,-0.0171778683,0.9931012249,-0.0854287162,0.04406782436 0 0 0 0 0 0 0.04406782436 0 0 0 0 0 0 0.09605249984 0 0 0 0 0 0 0.0007790738746 0 0 0 0 0 0 0.0007790738746 0 0 0 0 0 0 0.001342382695
252,1785495454.947994947,map,7.5573754311,-3.9370439053,-1.1144059896,0.0770130017,-0.0144663076,0.9948228545,-0.0647086745,0.04358421337 0 0 0 0 0 0 0.04358421337 0 0 0 0 0 0 0.0953378783 0 0 0 0 0 0 0.0007678607332 0 0 0 0 0 0 0.0007678607332 0 0 0 0 0 0 0.001327651062
253,1785495455.048388004,map,7.5296702385,-3.9378452301,-1.1162494421,0.0767131937,-0.0122382601,0.9960174831,-0.0437549807,0.04400170407 0 0 0 0 0 0 0.04400170407 0 0 0 0 0 0 0.09595487038 0 0 0 0 0 0 0.0007775396475 0 0 0 0 0 0 0.0007775396475 0 0 0 0 0 0 0.001340368556
254,1785495455.148749113,map,7.5025863647,-3.9638180733,-1.1125537157,0.0786514151,-0.0084817961,0.9966766896,-0.0194317763,0.04421842056 0 0 0 0 0 0 0.04421842056 0 0 0 0 0 0 0.0962747735 0 0 0 0 0 0 0.0007825695869 0 0 0 0 0 0 0.0007825695869 0 0 0 0 0 0 0.001346970118
255,1785495455.248013020,map,7.4934020042,-3.9395306110,-1.1178534031,0.0786926241,-0.0054411030,0.9968840288,0.0002998023,0.04335333714 0 0 0 0 0 0 0.04335333714 0 0 0 0 0 0 0.09499626554 0 0 0 0 0 0 0.0007625144548 0 0 0 0 0 0 0.0007625144548 0 0 0 0 0 0 0.00132061817
256,1785495455.348277092,map,7.4605169296,-3.9180779457,-1.1125253439,0.0786891243,-0.0035072545,0.9966153892,0.0235259430,0.04390519847 0 0 0 0 0 0 0.04390519847 0 0 0 0 0 0 0.09581233316 0 0 0 0 0 0 0.00077530102 0 0 0 0 0 0 0.00077530102 0 0 0 0 0 0 0.001337428827
257,1785495455.448481083,map,7.4469637871,-3.9270544052,-1.1105828285,0.0777338390,-0.0020279894,0.9961320084,0.0409190337,0.04340556229 0 0 0 0 0 0 0.04340556229 0 0 0 0 0 0 0.0950735655 0 0 0 0 0 0 0.0007637234125 0 0 0 0 0 0 0.0007637234125 0 0 0 0 0 0 0.001322209039
258,1785495455.547857046,map,7.4620447159,-4.0308356285,-1.1113363504,0.0766240102,0.0008110918,0.9949186088,0.0653074983,0.04387979199 0 0 0 0 0 0 0.04387979199 0 0 0 0 0 0 0.0957747998 0 0 0 0 0 0 0.0007747117975 0 0 0 0 0 0 0.0007747117975 0 0 0 0 0 0 0.001336654902
259,1785495455.648190022,map,7.4566473961,-3.9783341885,-1.1074385643,0.0763813446,0.0033498091,0.9938654716,0.0799129968,0.04288531182 0 0 0 0 0 0 0.04288531182 0 0 0 0 0 0 0.09430285005 0 0 0 0 0 0 0.0007516904769 0 0 0 0 0 0 0.0007516904769 0 0 0 0 0 0 0.001306361303
260,1785495455.748316050,map,7.4526867867,-4.0170974731,-1.1109052896,0.0761880249,0.0031852068,0.9921226480,0.0993875338,0.04370718953 0 0 0 0 0 0 0.04370718953 0 0 0 0 0 0 0.09551971852 0 0 0 0 0 0 0.00077071025 0 0 0 0 0 0 0.00077071025 0 0 0 0 0 0 0.00133139713
261,1785495455.847723961,map,7.5119824409,-4.0144324303,-1.1131192446,0.0711885706,0.0077673180,0.9908298455,0.1145777966,0.0434462033 0 0 0 0 0 0 0.0434462033 0 0 0 0 0 0 0.09513370901 0 0 0 0 0 0 0.0007646643685 0 0 0 0 0 0 0.0007646643685 0 0 0 0 0 0 0.001323447035
262,1785495455.947808027,map,7.5852193832,-3.9679460526,-1.1212649345,0.0661118122,0.0108545833,0.9888499361,0.1329932829,0.04372249916 0 0 0 0 0 0 0.04372249916 0 0 0 0 0 0 0.0955423505 0 0 0 0 0 0 0.0007710650824 0 0 0 0 0 0 0.0007710650824 0 0 0 0 0 0 0.001331863488
263,1785495456.048088074,map,7.4957985878,-3.9883477688,-1.1104081869,0.0664084570,0.0132187287,0.9857947390,0.1537007429,0.04361264669 0 0 0 0 0 0 0.04361264669 0 0 0 0 0 0 0.09537992895 0 0 0 0 0 0 0.0007685194577 0 0 0 0 0 0 0.0007685194577 0 0 0 0 0 0 0.00132851719
264,1785495456.148214102,map,7.4737405777,-3.8637421131,-1.1120613813,0.0663786488,0.0144197136,0.9834983419,0.1676810951,0.04350667863 0 0 0 0 0 0 0.04350667863 0 0 0 0 0 0 0.0952231879 0 0 0 0 0 0 0.0007660648031 0 0 0 0 0 0 0.0007660648031 0 0 0 0 0 0 0.001325289219
265,1785495456.248390913,map,7.4484100342,-3.8437962532,-1.1087853909,0.0662789090,0.0152483717,0.9805462415,0.1841294484,0.04414110283 0 0 0 0 0 0 0.04414110283 0 0 0 0 0 0 0.09616067104 0 0 0 0 0 0 0.0007807746174 0 0 0 0 0 0 0.0007807746174 0 0 0 0 0 0 0.001344614885
266,1785495456.347515106,map,7.4628624916,-3.8718395233,-1.1020340919,0.0636595522,0.0154668989,0.9776864946,0.1995929749,0.04414780612 0 0 0 0 0 0 0.04414780612 0 0 0 0 0 0 0.09617056477 0 0 0 0 0 0 0.0007809302182 0 0 0 0 0 0 0.0007809302182 0 0 0 0 0 0 0.001344819079
267,1785495456.447710991,map,7.4836258888,-3.9830689430,-1.1036868095,0.0632598093,0.0166204163,0.9718676285,0.2262636846,0.04331225265 0 0 0 0 0 0 0.04331225265 0 0 0 0 0 0 0.09493544458 0 0 0 0 0 0 0.0007615635533 0 0 0 0 0 0 0.0007615635533 0 0 0 0 0 0 0.001319366665
268,1785495456.547900915,map,7.4439845085,-3.8989484310,-1.0998874903,0.0641460995,0.0160803017,0.9688554368,0.2386332634,0.04329285756 0 0 0 0 0 0 0.04329285756 0 0 0 0 0 0 0.09490672907 0 0 0 0 0 0 0.000761114703 0 0 0 0 0 0 0.000761114703 0 0 0 0 0 0 0.001318775856
269,1785495456.648058891,map,7.4734835625,-4.0013666153,-1.1014761925,0.0644240320,0.0163831635,0.9631543214,0.2606048466,0.0427445135 0 0 0 0 0 0 0.0427445135 0 0 0 0 0 0 0.09409400613 0 0 0 0 0 0 0.0007484379087 0 0 0 0 0 0 0.0007484379087 0 0 0 0 0 0 0.001302072341
270,1785495456.748199940,map,7.4685912132,-4.0329551697,-1.1069171429,0.0632045778,0.0180118489,0.9596983045,0.2732397078,0.04302505879 0 0 0 0 0 0 0.04302505879 0 0 0 0 0 0 0.09451002416 0 0 0 0 0 0 0.0007549204389 0 0 0 0 0 0 0.0007549204389 0 0 0 0 0 0 0.001310618239
271,1785495456.847419024,map,7.4603872299,-3.9773495197,-1.1055482626,0.0629901761,0.0198661968,0.9557685463,0.2866078864,0.0436149456 0 0 0 0 0 0 0.0436149456 0 0 0 0 0 0 0.09538332867 0 0 0 0 0 0 0.0007685727203 0 0 0 0 0 0 0.0007685727203 0 0 0 0 0 0 0.001328587219
272,1785495456.947773933,map,7.4538769722,-3.9671804905,-1.1060556173,0.0633359886,0.0212722043,0.9513418293,0.3008068824,0.04298832185 0 0 0 0 0 0 0.04298832185 0 0 0 0 0 0 0.09445557248 0 0 0 0 0 0 0.0007540711789 0 0 0 0 0 0 0.0007540711789 0 0 0 0 0 0 0.001309499168
273,1785495457.047911882,map,7.4483699799,-3.9837090969,-1.1016765833,0.0649879019,0.0215802425,0.9473177945,0.3128895484,0.04352151604 0 0 0 0 0 0 0.04352151604 0 0 0 0 0 0 0.09524513815 0 0 0 0 0 0 0.0007664084416 0 0 0 0 0 0 0.0007664084416 0 0 0 0 0 0 0.001325741192
274,1785495457.148147106,map,7.4675183296,-3.9947841167,-1.1085504293,0.0649160619,0.0231669455,0.9443480245,0.3216457599,0.0431194344 0 0 0 0 0 0 0.0431194344 0 0 0 0 0 0 0.09464987355 0 0 0 0 0 0 0.0007571026791 0 0 0 0 0 0 0.0007571026791 0 0 0 0 0 0 0.001313493085
275,1785495457.248233080,map,7.4607877731,-3.9861433506,-1.1006493568,0.0676519976,0.0244904990,0.9406255912,0.3317332321,0.04362243295 0 0 0 0 0 0 0.04362243295 0 0 0 0 0 0 0.09539440105 0 0 0 0 0 0 0.0007687461951 0 0 0 0 0 0 0.0007687461951 0 0 0 0 0 0 0.001328815297
276,1785495457.348457098,map,7.3984413147,-3.9395809174,-1.0904686451,0.0689160331,0.0225526262,0.9378444357,0.3393961901,0.04350834257 0 0 0 0 0 0 0.04350834257 0 0 0 0 0 0 0.09522564956 0 0 0 0 0 0 0.0007661033394 0 0 0 0 0 0 0.0007661033394 0 0 0 0 0 0 0.001325339905
277,1785495457.447664022,map,7.3718805313,-3.9331321716,-1.0928720236,0.0719677053,0.0226918883,0.9371795822,0.3405879437,0.04311584617 0 0 0 0 0 0 0.04311584617 0 0 0 0 0 0 0.09464455728 0 0 0 0 0 0 0.0007570196947 0 0 0 0 0 0 0.0007570196947 0 0 0 0 0 0 0.001313383781
278,1785495457.548054934,map,7.3503332138,-3.9373753071,-1.0906153917,0.0752451016,0.0233508102,0.9370175948,0.3402806939,0.04337438269 0 0 0 0 0 0 0.04337438269 0 0 0 0 0 0 0.09502741748 0 0 0 0 0 0 0.0007630016096 0 0 0 0 0 0 0.0007630016096 0 0 0 0 0 0 0.001321259254
279,1785495457.648264885,map,7.2783384323,-3.9053809643,-1.0812304020,0.0803373404,0.0259770145,0.9368651545,0.3393446661,0.04345402441 0 0 0 0 0 0 0.04345402441 0 0 0 0 0 0 0.0951452822 0 0 0 0 0 0 0.0007648454655 0 0 0 0 0 0 0.0007648454655 0 0 0 0 0 0 0.001323685279
280,1785495457.748473883,map,7.2576131821,-3.9213500023,-1.0744284391,0.0834079359,0.0262901693,0.9374952952,0.3368300970,0.0433610044 0 0 0 0 0 0 0.0433610044 0 0 0 0 0 0 0.09500761502 0 0 0 0 0 0 0.0007626919295 0 0 0 0 0 0 0.0007626919295 0 0 0 0 0 0 0.001320851728
281,1785495457.847779989,map,7.2554125786,-3.9290089607,-1.0691018105,0.0856321966,0.0250936011,0.9388712312,0.3325030245,0.04314083032 0 0 0 0 0 0 0.04314083032 0 0 0 0 0 0 0.09468157192 0 0 0 0 0 0 0.0007575975207 0 0 0 0 0 0 0.0007575975207 0 0 0 0 0 0 0.001314144842
282,1785495457.948096037,map,7.2301301956,-3.9362473488,-1.0649411678,0.0875886537,0.0244372725,0.9409902136,0.3259884452,0.043250841 0 0 0 0 0 0 0.043250841 0 0 0 0 0 0 0.09484451408 0 0 0 0 0 0 0.0007601424453 0 0 0 0 0 0 0.0007601424453 0 0 0 0 0 0 0.001317495959
283,1785495458.047487974,map,7.2357149124,-3.9722063541,-1.0685759783,0.0878526901,0.0273131228,0.9417702616,0.3234264517,0.0430781386 0 0 0 0 0 0 0.0430781386 0 0 0 0 0 0 0.09458868598 0 0 0 0 0 0 0.000756147706 0 0 0 0 0 0 0.000756147706 0 0 0 0 0 0 0.001312235143
284,1785495458.147892952,map,7.2130031586,-3.9085509777,-1.0635231733,0.0887091299,0.0291599966,0.9423435341,0.3213550163,0.04350046558 0 0 0 0 0 0 0.04350046558 0 0 0 0 0 0 0.09521399603 0 0 0 0 0 0 0.0007659209124 0 0 0 0 0 0 0.0007659209124 0 0 0 0 0 0 0.001325099958
285,1785495458.248130083,map,7.2163929939,-3.8610572815,-1.0575834513,0.0889517224,0.0282610564,0.9412331798,0.3246059204,0.0440258519 0 0 0 0 0 0 0.0440258519 0 0 0 0 0 0 0.09599052843 0 0 0 0 0 0 0.0007780999216 0 0 0 0 0 0 0.0007780999216 0 0 0 0 0 0 0.001341104141
286,1785495458.348507881,map,7.2116651535,-3.8570005894,-1.0615755320,0.0896542724,0.0282136200,0.9399750543,0.3280442315,0.04375733316 0 0 0 0 0 0 0.04375733316 0 0 0 0 0 0 0.09559384027 0 0 0 0 0 0 0.0007718725051 0 0 0 0 0 0 0.0007718725051 0 0 0 0 0 0 0.001332924593
287,1785495458.447789907,map,7.2121553421,-3.8613185883,-1.0576540232,0.0897305999,0.0276487476,0.9377686592,0.3343260494,0.04368520563 0 0 0 0 0 0 0.04368520563 0 0 0 0 0 0 0.09548721785 0 0 0 0 0 0 0.000770200762 0 0 0 0 0 0 0.000770200762 0 0 0 0 0 0 0.001330727462
288,1785495458.548197985,map,7.2270975113,-3.8650698662,-1.0636477470,0.0895654247,0.0287562782,0.9357680217,0.3398371959,0.04369687349 0 0 0 0 0 0 0.04369687349 0 0 0 0 0 0 0.09550446777 0 0 0 0 0 0 0.0007704711655 0 0 0 0 0 0 0.0007704711655 0 0 0 0 0 0 0.001331082885
289,1785495458.647501945,map,7.2457590103,-3.8991842270,-1.0661258698,0.0876284801,0.0284434596,0.9325879956,0.3489868752,0.04392923026 0 0 0 0 0 0 0.04392923026 0 0 0 0 0 0 0.09584783246 0 0 0 0 0 0 0.0007758584102 0 0 0 0 0 0 0.0007758584102 0 0 0 0 0 0 0.001338160877
290,1785495458.747806072,map,7.2155308723,-3.8809714317,-1.0623381138,0.0897396364,0.0279672900,0.9287990845,0.3584646315,0.04398940497 0 0 0 0 0 0 0.04398940497 0 0 0 0 0 0 0.09593670761 0 0 0 0 0 0 0.000777254304 0 0 0 0 0 0 0.000777254304 0 0 0 0 0 0 0.001339993904
291,1785495458.848160982,map,7.2470664978,-3.9030694962,-1.0676949024,0.0866971757,0.0298220605,0.9250298118,0.3686652866,0.04352714297 0 0 0 0 0 0 0.04352714297 0 0 0 0 0 0 0.09525346223 0 0 0 0 0 0 0.0007665387678 0 0 0 0 0 0 0.0007665387678 0 0 0 0 0 0 0.001325912598
292,1785495458.948473930,map,7.2179512978,-3.8450317383,-1.0636808872,0.0824581480,0.0309244821,0.9200757945,0.3817130759,0.04346391102 0 0 0 0 0 0 0.04346391102 0 0 0 0 0 0 0.09515991132 0 0 0 0 0 0 0.0007650743966 0 0 0 0 0 0 0.0007650743966 0 0 0 0 0 0 0.001323986443
293,1785495459.047702074,map,7.2211194038,-3.8445336819,-1.0584706068,0.0849893468,0.0295345999,0.9159498944,0.3910758350,0.04371847185 0 0 0 0 0 0 0.04371847185 0 0 0 0 0 0 0.09553639712 0 0 0 0 0 0 0.0007709717393 0 0 0 0 0 0 0.0007709717393 0 0 0 0 0 0 0.001331740809
294,1785495459.147989988,map,7.2126836777,-3.8323407173,-1.0624264479,0.0832293871,0.0303106129,0.9141371118,0.3956102736,0.0442514847 0 0 0 0 0 0 0.0442514847 0 0 0 0 0 0 0.09632355843 0 0 0 0 0 0 0.0007833373368 0 0 0 0 0 0 0.0007833373368 0 0 0 0 0 0 0.001347977309
295,1785495459.248125076,map,7.1936206818,-3.8016431332,-1.0595867634,0.0830279046,0.0307292184,0.9119020672,0.4007451753,0.04364220298 0 0 0 0 0 0 0.04364220298 0 0 0 0 0 0 0.09542363569 0 0 0 0 0 0 0.0007692042702 0 0 0 0 0 0 0.0007692042702 0 0 0 0 0 0 0.001329417527
296,1785495459.348294973,map,7.1913747787,-3.8109121323,-1.0569845438,0.0835871029,0.0304145036,0.9118970587,0.4006643158,0.04385112018 0 0 0 0 0 0 0.04385112018 0 0 0 0 0 0 0.0957324383 0 0 0 0 0 0 0.0007740469102 0 0 0 0 0 0 0.0007740469102 0 0 0 0 0 0 0.001335781508
297,1785495459.448663950,map,7.1964054108,-3.8150970936,-1.0591123104,0.0830886648,0.0306317111,0.9127325343,0.3988449537,0.04413392435 0 0 0 0 0 0 0.04413392435 0 0 0 0 0 0 0.0961500757 0 0 0 0 0 0 0.0007806079904 0 0 0 0 0 0 0.0007806079904 0 0 0 0 0 0 0.001344396216
298,1785495459.547813892,map,7.1503577232,-3.8251013756,-1.0549584627,0.0826666962,0.0312480255,0.9134720093,0.3971884548,0.04382134941 0 0 0 0 0 0 0.04382134941 0 0 0 0 0 0 0.09568844838 0 0 0 0 0 0 0.0007733566107 0 0 0 0 0 0 0.0007733566107 0 0 0 0 0 0 0.001334874639
299,1785495459.647929907,map,7.1501932144,-3.8216247559,-1.0541929007,0.0828702781,0.0311601383,0.9139566523,0.3960363628,0.04374588189 0 0 0 0 0 0 0.04374588189 0 0 0 0 0 0 0.09557691433 0 0 0 0 0 0 0.0007716070631 0 0 0 0 0 0 0.0007716070631 0 0 0 0 0 0 0.001332575767
300,1785495459.747967958,map,7.1628656387,-3.8252034187,-1.0578503609,0.0825549760,0.0320568704,0.9149421225,0.3937485823,0.04401880113 0 0 0 0 0 0 0.04401880113 0 0 0 0 0 0 0.09598011719 0 0 0 0 0 0 0.0007779363258 0 0 0 0 0 0 0.0007779363258 0 0 0 0 0 0 0.001340889362
301,1785495459.848088980,map,7.1586232185,-3.8339617252,-1.0571466684,0.0821678088,0.0333573371,0.9174944200,0.3877366790,0.04285150018 0 0 0 0 0 0 0.04285150018 0 0 0 0 0 0 0.09425270799 0 0 0 0 0 0 0.0007509092421 0 0 0 0 0 0 0.0007509092421 0 0 0 0 0 0 0.001305331342
302,1785495459.948296070,map,7.1499452591,-3.8411383629,-1.0535665751,0.0836124412,0.0335723154,0.9211818789,0.3785575194,0.0433689888 0 0 0 0 0 0 0.0433689888 0 0 0 0 0 0 0.09501943361 0 0 0 0 0 0 0.0007628767504 0 0 0 0 0 0 0.0007628767504 0 0 0 0 0 0 0.001321094947
303,1785495460.047681093,map,7.1412806511,-3.8353519440,-1.0527673960,0.0848244757,0.0331095712,0.9244217125,0.3703418343,0.04314169885 0 0 0 0 0 0 0.04314169885 0 0 0 0 0 0 0.09468285861 0 0 0 0 0 0 0.0007576176089 0 0 0 0 0 0 0.0007576176089 0 0 0 0 0 0 0.001314171299
304,1785495460.147986889,map,7.1354494095,-3.7859368324,-1.0484608412,0.0853029022,0.0342964473,0.9284723419,0.3598420015,0.04356493143 0 0 0 0 0 0 0.04356493143 0 0 0 0 0 0 0.09530935928 0 0 0 0 0 0 0.0007674140602 0 0 0 0 0 0 0.0007674140602 0 0 0 0 0 0 0.0013270637
305,1785495460.248173952,map,7.1341896057,-3.8057830334,-1.0474793911,0.0871566049,0.0325756890,0.9320835524,0.3500896719,0.04342753224 0 0 0 0 0 0 0.04342753224 0 0 0 0 0 0 0.09510607935 0 0 0 0 0 0 0.0007642320626 0 0 0 0 0 0 0.0007642320626 0 0 0 0 0 0 0.001322878282
306,1785495460.348408937,map,7.1564264297,-3.8449375629,-1.0514686108,0.0870848769,0.0329887971,0.9370336008,0.3365947287,0.04368700269 0 0 0 0 0 0 0.04368700269 0 0 0 0 0 0 0.0954898747 0 0 0 0 0 0 0.0007702424084 0 0 0 0 0 0 0.0007702424084 0 0 0 0 0 0 0.001330782204
307,1785495460.447659969,map,7.1527338028,-3.8429820538,-1.0458558798,0.0872652075,0.0322456775,0.9419779565,0.3225252272,0.04358288241 0 0 0 0 0 0 0.04358288241 0 0 0 0 0 0 0.0953359098 0 0 0 0 0 0 0.0007678298999 0 0 0 0 0 0 0.0007678298999 0 0 0 0 0 0 0.001327610519
308,1785495460.547884941,map,7.1035842896,-3.8456482887,-1.0432523489,0.0869923068,0.0305778648,0.9466820325,0.3086915111,0.04405318421 0 0 0 0 0 0 0.04405318421 0 0 0 0 0 0 0.09603088506 0 0 0 0 0 0 0.0007787341398 0 0 0 0 0 0 0.0007787341398 0 0 0 0 0 0 0.001341936731
309,1785495460.648122072,map,7.1205835342,-3.8470790386,-1.0467677116,0.0865065236,0.0281125120,0.9527937908,0.2896727512,0.04345571774 0 0 0 0 0 0 0.04345571774 0 0 0 0 0 0 0.09514778784 0 0 0 0 0 0 0.0007648846751 0 0 0 0 0 0 0.0007648846751 0 0 0 0 0 0 0.001323736861
310,1785495460.748308897,map,7.1624479294,-3.8323447704,-1.0549825430,0.0852548264,0.0251076409,0.9585424131,0.2707354030,0.04287568117 0 0 0 0 0 0 0.04287568117 0 0 0 0 0 0 0.09428856862 0 0 0 0 0 0 0.000751467946 0 0 0 0 0 0 0.000751467946 0 0 0 0 0 0 0.001306067937
311,1785495460.848469019,map,7.1417989731,-3.8370358944,-1.0577607155,0.0846139069,0.0233711003,0.9627781971,0.2556411989,0.04351160369 0 0 0 0 0 0 0.04351160369 0 0 0 0 0 0 0.09523047409 0 0 0 0 0 0 0.0007661788667 0 0 0 0 0 0 0.0007661788667 0 0 0 0 0 0 0.001325439245
312,1785495460.947901011,map,7.1257882118,-3.8359558582,-1.0493789911,0.0829295534,0.0201907588,0.9674916709,0.2380649028,0.04343916964 0 0 0 0 0 0 0.04343916964 0 0 0 0 0 0 0.09512330074 0 0 0 0 0 0 0.0007645015092 0 0 0 0 0 0 0.0007645015092 0 0 0 0 0 0 0.001323232777
313,1785495461.048054934,map,7.1487474442,-3.8838503361,-1.0556962490,0.0794486575,0.0195787021,0.9724363898,0.2183393226,0.04321593158 0 0 0 0 0 0 0.04321593158 0 0 0 0 0 0 0.09479281533 0 0 0 0 0 0 0.0007593347593 0 0 0 0 0 0 0.0007593347593 0 0 0 0 0 0 0.001316432557
314,1785495461.147418976,map,7.1495141983,-3.9038128853,-1.0514633656,0.0804405968,0.0189048532,0.9756700481,0.2030760271,0.04419844604 0 0 0 0 0 0 0.04419844604 0 0 0 0 0 0 0.09624529897 0 0 0 0 0 0 0.0007821058215 0 0 0 0 0 0 0.0007821058215 0 0 0 0 0 0 0.001346361659
315,1785495461.247625113,map,7.1441488266,-3.8824954033,-1.0523512363,0.0829985628,0.0165971870,0.9787663731,0.1866873253,0.04340319694 0 0 0 0 0 0 0.04340319694 0 0 0 0 0 0 0.09507006481 0 0 0 0 0 0 0.0007636686522 0 0 0 0 0 0 0.0007636686522 0 0 0 0 0 0 0.001322136986
316,1785495461.348052025,map,7.1885237694,-3.8948249817,-1.0612732172,0.0818363392,0.0171451166,0.9819606206,0.1695942003,0.04339878909 0 0 0 0 0 0 0.04339878909 0 0 0 0 0 0 0.09506354114 0 0 0 0 0 0 0.000763566607 0 0 0 0 0 0 0.000763566607 0 0 0 0 0 0 0.001322002715
317,1785495461.448363066,map,7.1445193291,-3.8712315559,-1.0523229837,0.0829624421,0.0159563384,0.9848340796,0.1515403066,0.04387826871 0 0 0 0 0 0 0.04387826871 0 0 0 0 0 0 0.09577254933 0 0 0 0 0 0 0.0007746764716 0 0 0 0 0 0 0.0007746764716 0 0 0 0 0 0 0.0013366085
318,1785495461.548593998,map,7.1633129120,-3.9030170441,-1.0535863638,0.0830786431,0.0157345532,0.9874366498,0.1334886235,0.04353404241 0 0 0 0 0 0 0.04353404241 0 0 0 0 0 0 0.09526366853 0 0 0 0 0 0 0.0007666985702 0 0 0 0 0 0 0.0007666985702 0 0 0 0 0 0 0.001326122767
319,1785495461.647764921,map,7.1841669083,-3.8998675346,-1.0570409298,0.0833519137,0.0150660377,0.9897574983,0.1149154467,0.04304149047 0 0 0 0 0 0 0.04304149047 0 0 0 0 0 0 0.09453437684 0 0 0 0 0 0 0.000755300333 0 0 0 0 0 0 0.000755300333 0 0 0 0 0 0 0.001311118777
320,1785495461.748104095,map,7.1812257767,-3.8967177868,-1.0570715666,0.0830711822,0.0127274164,0.9919044962,0.0951980006,0.04386076501 0 0 0 0 0 0 0.04386076501 0 0 0 0 0 0 0.09574668866 0 0 0 0 0 0 0.0007742705622 0 0 0 0 0 0 0.0007742705622 0 0 0 0 0 0 0.001336075307
321,1785495461.848556995,map,7.1439285278,-3.8911347389,-1.0469490290,0.0828952316,0.0105254888,0.9936814587,0.0749315993,0.04301614655 0 0 0 0 0 0 0.04301614655 0 0 0 0 0 0 0.09449681508 0 0 0 0 0 0 0.0007547144011 0 0 0 0 0 0 0.0007547144011 0 0 0 0 0 0 0.001310346757
322,1785495461.947863102,map,7.1484642029,-3.9223241806,-1.0511412621,0.0807328737,0.0081212147,0.9950847227,0.0567682797,0.04372925984 0 0 0 0 0 0 0.04372925984 0 0 0 0 0 0 0.0955523443 0 0 0 0 0 0 0.0007712217814 0 0 0 0 0 0 0.0007712217814 0 0 0 0 0 0 0.00133206943
323,1785495462.048233986,map,7.1652812958,-3.9273386002,-1.0532847643,0.0809080967,0.0067798575,0.9958065517,0.0421571585,0.04382991789 0 0 0 0 0 0 0.04382991789 0 0 0 0 0 0 0.09570110985 0 0 0 0 0 0 0.0007735552819 0 0 0 0 0 0 0.0007735552819 0 0 0 0 0 0 0.00133513565
324,1785495462.148657084,map,7.1943612099,-3.9221742153,-1.0601679087,0.0794225006,0.0062757782,0.9962931116,0.0324454594,0.04366128827 0 0 0 0 0 0 0.04366128827 0 0 0 0 0 0 0.09545185576 0 0 0 0 0 0 0.0007696465108 0 0 0 0 0 0 0.0007696465108 0 0 0 0 0 0 0.001329998898
325,1785495462.247826099,map,7.2013049126,-3.9200029373,-1.0601668358,0.0803712810,0.0059633753,0.9962793364,0.0305346118,0.04358844726 0 0 0 0 0 0 0.04358844726 0 0 0 0 0 0 0.09534414018 0 0 0 0 0 0 0.0007679588169 0 0 0 0 0 0 0.0007679588169 0 0 0 0 0 0 0.001327780034
326,1785495462.348077059,map,7.2254152298,-3.9359090328,-1.0621917248,0.0807348283,0.0058696337,0.9963295900,0.0278350683,0.04391478303 0 0 0 0 0 0 0.04391478303 0 0 0 0 0 0 0.09582649167 0 0 0 0 0 0 0.0007755233173 0 0 0 0 0 0 0.0007755233173 0 0 0 0 0 0 0.00133772079
327,1785495462.448297977,map,7.2276940346,-3.9169499874,-1.0619033575,0.0802938253,0.0057905810,0.9963425045,0.0286529091,0.04342795415 0 0 0 0 0 0 0.04342795415 0 0 0 0 0 0 0.09510670373 0 0 0 0 0 0 0.0007642418312 0 0 0 0 0 0 0.0007642418312 0 0 0 0 0 0 0.001322891134
328,1785495462.548378944,map,7.2346334457,-3.9019701481,-1.0646765232,0.0805116580,0.0061684799,0.9962713794,0.0303835037,0.04348388023 0 0 0 0 0 0 0.04348388023 0 0 0 0 0 0 0.09518945791 0 0 0 0 0 0 0.0007655368217 0 0 0 0 0 0 0.0007655368217 0 0 0 0 0 0 0.00132459474
329,1785495462.648555040,map,7.2360839844,-3.8987293243,-1.0626635551,0.0802024025,0.0059092768,0.9962681562,0.0313434305,0.04390224196 0 0 0 0 0 0 0.04390224196 0 0 0 0 0 0 0.09580796566 0 0 0 0 0 0 0.0007752324505 0 0 0 0 0 0 0.0007752324505 0 0 0 0 0 0 0.001337338767
330,1785495462.747872114,map,7.2406563759,-3.9006047249,-1.0649452209,0.0805347260,0.0056697151,0.9961811700,0.0332430630,0.04387580311 0 0 0 0 0 0 0.04387580311 0 0 0 0 0 0 0.09576890664 0 0 0 0 0 0 0.0007746192929 0 0 0 0 0 0 0.0007746192929 0 0 0 0 0 0 0.001336533393
331,1785495462.847765923,map,7.2385802269,-3.8950672150,-1.0638216734,0.0807365113,0.0058934906,0.9960823133,0.0355937968,0.04361998863 0 0 0 0 0 0 0.04361998863 0 0 0 0 0 0 0.09539078638 0 0 0 0 0 0 0.0007686895619 0 0 0 0 0 0 0.0007686895619 0 0 0 0 0 0 0.001328740839
332,1785495462.948016882,map,7.2394938469,-3.8969988823,-1.0647251606,0.0811364194,0.0060827895,0.9959032512,0.0394536150,0.04321751019 0 0 0 0 0 0 0.04321751019 0 0 0 0 0 0 0.09479515332 0 0 0 0 0 0 0.000759371281 0 0 0 0 0 0 0.000759371281 0 0 0 0 0 0 0.001316480644
333,1785495463.048387051,map,7.2385196686,-3.8980827332,-1.0627524853,0.0822312820,0.0057164275,0.9956645116,0.0430990462,0.04376666324 0 0 0 0 0 0 0.04376666324 0 0 0 0 0 0 0.09560763036 0 0 0 0 0 0 0.0007720887856 0 0 0 0 0 0 0.0007720887856 0 0 0 0 0 0 0.001333208803
334,1785495463.148773909,map,7.2451672554,-3.8828291893,-1.0705851316,0.0848196090,0.0064383814,0.9950056453,0.0522297731,0.04364326901 0 0 0 0 0 0 0.04364326901 0 0 0 0 0 0 0.09542521201 0 0 0 0 0 0 0.0007692289713 0 0 0 0 0 0 0.0007692289713 0 0 0 0 0 0 0.00132945
335,1785495463.248836040,map,7.2468523979,-3.8544969559,-1.0698084831,0.0858096751,0.0061396860,0.9943620626,0.0619927166,0.04342315846 0 0 0 0 0 0 0.04342315846 0 0 0 0 0 0 0.09509960671 0 0 0 0 0 0 0.0007641307974 0 0 0 0 0 0 0.0007641307974 0 0 0 0 0 0 0.001322745049
336,1785495463.348287106,map,7.2462205887,-3.8436191082,-1.0672507286,0.0869748980,0.0083813885,0.9933952355,0.0743708462,0.0438662494 0 0 0 0 0 0 0.0438662494 0 0 0 0 0 0 0.0957547917 0 0 0 0 0 0 0.000774397742 0 0 0 0 0 0 0.000774397742 0 0 0 0 0 0 0.001336242371
337,1785495463.448587894,map,7.2540454865,-3.8158752918,-1.0695223808,0.0882041322,0.0069349235,0.9919628955,0.0904519521,0.04339229153 0 0 0 0 0 0 0.04339229153 0 0 0 0 0 0 0.0950539245 0 0 0 0 0 0 0.0007634161866 0 0 0 0 0 0 0.0007634161866 0 0 0 0 0 0 0.001321804789
338,1785495463.548899889,map,7.2612342834,-3.8549730778,-1.0765930414,0.0858622866,0.0080699214,0.9905458822,0.1066835662,0.04369409317 0 0 0 0 0 0 0.04369409317 0 0 0 0 0 0 0.09550035737 0 0 0 0 0 0 0.0007704067304 0 0 0 0 0 0 0.0007704067304 0 0 0 0 0 0 0.001330998192
339,1785495463.648205996,map,7.2346200943,-3.8381686211,-1.0714244843,0.0864175300,0.0094648312,0.9886409422,0.1226030816,0.04382692648 0 0 0 0 0 0 0.04382692648 0 0 0 0 0 0 0.09569668954 0 0 0 0 0 0 0.0007734859214 0 0 0 0 0 0 0.0007734859214 0 0 0 0 0 0 0.001335044526
340,1785495463.748425007,map,7.1755223274,-3.8666722775,-1.0598492622,0.0874000588,0.0105886679,0.9867644601,0.1361800299,0.04403957884 0 0 0 0 0 0 0.04403957884 0 0 0 0 0 0 0.09601079699 0 0 0 0 0 0 0.0007784184333 0 0 0 0 0 0 0.0007784184333 0 0 0 0 0 0 0.001341522287
341,1785495463.847646952,map,7.1539025307,-3.8706722260,-1.0726835728,0.0834398018,0.0149081891,0.9857224144,0.1454883748,0.04362160703 0 0 0 0 0 0 0.04362160703 0 0 0 0 0 0 0.09539317967 0 0 0 0 0 0 0.000768727059 0 0 0 0 0 0 0.000768727059 0 0 0 0 0 0 0.001328790138
342,1785495463.947876930,map,7.1632261276,-3.8722760677,-1.0513386726,0.0840451040,0.0142283423,0.9857641817,0.1449239256,0.04324513951 0 0 0 0 0 0 0.04324513951 0 0 0 0 0 0 0.09483607098 0 0 0 0 0 0 0.000760010525 0 0 0 0 0 0 0.000760010525 0 0 0 0 0 0 0.001317322282
343,1785495464.048295021,map,7.1481237411,-3.8601346016,-1.0598393679,0.0865609785,0.0111748935,0.9857050599,0.1441105716,0.04366650013 0 0 0 0 0 0 0.04366650013 0 0 0 0 0 0 0.09545956181 0 0 0 0 0 0 0.0007697672842 0 0 0 0 0 0 0.0007697672842 0 0 0 0 0 0 0.00133015766
344,1785495464.148422956,map,7.1476845741,-3.8633909225,-1.0604497194,0.0867689479,0.0118035679,0.9858244866,0.1431150620,0.04318623767 0 0 0 0 0 0 0.04318623767 0 0 0 0 0 0 0.09474883511 0 0 0 0 0 0 0.000758647824 0 0 0 0 0 0 0.000758647824 0 0 0 0 0 0 0.001315528029
345,1785495464.248743057,map,7.1506929398,-3.8548219204,-1.0579667091,0.0869724594,0.0112731735,0.9861689373,0.1406396989,0.04279155397 0 0 0 0 0 0 0.04279155397 0 0 0 0 0 0 0.09416379295 0 0 0 0 0 0 0.0007495243962 0 0 0 0 0 0 0.0007495243962 0 0 0 0 0 0 0.001303505276
346,1785495464.348175049,map,7.1454544067,-3.8510642052,-1.0594973564,0.0875474040,0.0113425382,0.9863564667,0.1389521868,0.04339890083 0 0 0 0 0 0 0.04339890083 0 0 0 0 0 0 0.09506370652 0 0 0 0 0 0 0.000763569194 0 0 0 0 0 0 0.000763569194 0 0 0 0 0 0 0.001322006119
347,1785495464.448523045,map,7.1437945366,-3.8581461906,-1.0560473204,0.0891808527,0.0114062092,0.9866450641,0.1358241559,0.04355965955 0 0 0 0 0 0 0.04355965955 0 0 0 0 0 0 0.09530156154 0 0 0 0 0 0 0.0007672919408 0 0 0 0 0 0 0.0007672919408 0 0 0 0 0 0 0.00132690311
348,1785495464.548695087,map,7.1396036148,-3.8754589558,-1.0491942167,0.0919797132,0.0098721320,0.9867552408,0.1332530489,0.04394946139 0 0 0 0 0 0 0.04394946139 0 0 0 0 0 0 0.09587771505 0 0 0 0 0 0 0.0007763276854 0 0 0 0 0 0 0.0007763276854 0 0 0 0 0 0 0.001338777153
349,1785495464.648020983,map,7.0202245712,-3.9058096409,-1.0255805254,0.0952548160,0.0073835049,0.9874146322,0.1260331354,0.04380495673 0 0 0 0 0 0 0.04380495673 0 0 0 0 0 0 0.09566422415 0 0 0 0 0 0 0.0007729765424 0 0 0 0 0 0 0.0007729765424 0 0 0 0 0 0 0.001334375289
350,1785495464.748328924,map,7.0761957169,-3.9194142818,-1.0430954695,0.0933157782,0.0102856163,0.9875549844,0.1261805530,0.04387867119 0 0 0 0 0 0 0.04387867119 0 0 0 0 0 0 0.09577314395 0 0 0 0 0 0 0.0007746858054 0 0 0 0 0 0 0.0007746858054 0 0 0 0 0 0 0.00133662076
351,1785495464.847757101,map,7.0781040192,-3.8532524109,-1.0421274900,0.0853518748,0.0099396603,0.9886735582,0.1230482202,0.04331229305 0 0 0 0 0 0 0.04331229305 0 0 0 0 0 0 0.09493550439 0 0 0 0 0 0 0.0007615644884 0 0 0 0 0 0 0.0007615644884 0 0 0 0 0 0 0.001319367895
352,1785495464.948153973,map,7.0174751282,-3.8425214291,-1.0331140757,0.0877209085,0.0087371958,0.9885492225,0.1224709585,0.04277921411 0 0 0 0 0 0 0.04277921411 0 0 0 0 0 0 0.09414548738 0 0 0 0 0 0 0.0007492393657 0 0 0 0 0 0 0.0007492393657 0 0 0 0 0 0 0.001303129382
353,1785495465.048379898,map,6.9518327713,-3.8332901001,-1.0297038555,0.0864178189,0.0101819647,0.9890353074,0.1193206946,0.04321568841 0 0 0 0 0 0 0.04321568841 0 0 0 0 0 0 0.0947924552 0 0 0 0 0 0 0.0007593291337 0 0 0 0 0 0 0.0007593291337 0 0 0 0 0 0 0.00131642515
354,1785495465.148612022,map,6.9356575012,-3.8561642170,-1.0277720690,0.0768746189,0.0164969357,0.9901115221,0.1161779344,0.04356305266 0 0 0 0 0 0 0.04356305266 0 0 0 0 0 0 0.09530658037 0 0 0 0 0 0 0.0007673705395 0 0 0 0 0 0 0.0007673705395 0 0 0 0 0 0 0.00132700647
355,1785495465.247891903,map,6.9590697289,-3.8499324322,-1.0161147118,0.0633395962,0.0177145814,0.9910741326,0.1159584097,0.04353698888 0 0 0 0 0 0 0.04353698888 0 0 0 0 0 0 0.09526802714 0 0 0 0 0 0 0.0007667668165 0 0 0 0 0 0 0.0007667668165 0 0 0 0 0 0 0.001326212522
356,1785495465.348272085,map,6.9164562225,-3.8232293129,-1.0115755796,0.0628394587,0.0167179880,0.9911404289,0.1158117321,0.04331600246 0 0 0 0 0 0 0.04331600246 0 0 0 0 0 0 0.09494099613 0 0 0 0 0 0 0.0007616503367 0 0 0 0 0 0 0.0007616503367 0 0 0 0 0 0 0.00131948089
357,1785495465.448523045,map,6.7965383530,-3.7884128094,-1.0020697117,0.0705114933,0.0188400979,0.9907705597,0.1142229865,0.04362805317 0 0 0 0 0 0 0.04362805317 0 0 0 0 0 0 0.09540271208 0 0 0 0 0 0 0.0007688764132 0 0 0 0 0 0 0.0007688764132 0 0 0 0 0 0 0.001328986499
358,1785495465.547962904,map,6.8107142448,-3.8034975529,-0.9980107546,0.0686336891,0.0211842156,0.9909898934,0.1130472335,0.0432152901 0 0 0 0 0 0 0.0432152901 0 0 0 0 0 0 0.09479186528 0 0 0 0 0 0 0.0007593199186 0 0 0 0 0 0 0.0007593199186 0 0 0 0 0 0 0.001316413016
359,1785495465.648452997,map,6.7017188072,-3.7781028748,-0.9818524122,0.0642471964,0.0222823404,0.9914421000,0.1114376540,0.0434590318 0 0 0 0 0 0 0.0434590318 0 0 0 0 0 0 0.09515269166 0 0 0 0 0 0 0.000764961414 0 0 0 0 0 0 0.000764961414 0 0 0 0 0 0 0.001323837813
360,1785495465.748684883,map,6.7646765709,-3.7350721359,-0.9850046635,0.0655048334,0.0215212769,0.9913188481,0.1119503496,0.04331688935 0 0 0 0 0 0 0.04331688935 0 0 0 0 0 0 0.09494230916 0 0 0 0 0 0 0.0007616708628 0 0 0 0 0 0 0.0007616708628 0 0 0 0 0 0 0.001319507907
361,1785495465.848155975,map,6.7912054062,-3.7245707512,-0.9920237064,0.0689054451,0.0218028730,0.9907828473,0.1145689176,0.04314842393 0 0 0 0 0 0 0.04314842393 0 0 0 0 0 0 0.09469282136 0 0 0 0 0 0 0.0007577731541 0 0 0 0 0 0 0.0007577731541 0 0 0 0 0 0 0.001314376157
362,1785495465.947807074,map,6.8000478745,-3.7525758743,-0.9991964102,0.0692458405,0.0222233493,0.9903393376,0.1180641297,0.04315266354 0 0 0 0 0 0 0.04315266354 0 0 0 0 0 0 0.09469910191 0 0 0 0 0 0 0.0007578712144 0 0 0 0 0 0 0.0007578712144 0 0 0 0 0 0 0.001314505302
363,1785495466.048361063,map,6.8082880974,-3.7571110725,-0.9983150959,0.0689922550,0.0221053391,0.9901649707,0.1196861035,0.04314824416 0 0 0 0 0 0 0.04314824416 0 0 0 0 0 0 0.09469255505 0 0 0 0 0 0 0.0007577689961 0 0 0 0 0 0 0.0007577689961 0 0 0 0 0 0 0.001314370681
364,1785495466.148706913,map,6.8022618294,-3.7930953503,-0.9973182082,0.0689946865,0.0219652969,0.9897238791,0.1233040623,0.04325503598 0 0 0 0 0 0 0.04325503598 0 0 0 0 0 0 0.09485072613 0 0 0 0 0 0 0.0007602395099 0 0 0 0 0 0 0.0007602395099 0 0 0 0 0 0 0.001317623745
365,1785495466.247770071,map,6.8196039200,-3.7818551064,-0.9983614683,0.0688230508,0.0220981138,0.9895931402,0.1244205442,0.04337009016 0 0 0 0 0 0 0.04337009016 0 0 0 0 0 0 0.09502106381 0 0 0 0 0 0 0.0007629022446 0 0 0 0 0 0 0.0007629022446 0 0 0 0 0 0 0.001321128496
366,1785495466.348022938,map,6.8288679123,-3.7935197353,-0.9959857464,0.0694382564,0.0222911458,0.9894734832,0.1249946813,0.04314964216 0 0 0 0 0 0 0.04314964216 0 0 0 0 0 0 0.09469462606 0 0 0 0 0 0 0.0007578013311 0 0 0 0 0 0 0.0007578013311 0 0 0 0 0 0 0.001314413266
367,1785495466.448452950,map,6.8290905952,-3.7939693928,-0.9975228906,0.0695222728,0.0225866768,0.9890413490,0.1282719462,0.04331399413 0 0 0 0 0 0 0.04331399413 0 0 0 0 0 0 0.09493802283 0 0 0 0 0 0 0.000761603857 0 0 0 0 0 0 0.000761603857 0 0 0 0 0 0 0.001319419713
368,1785495466.548676968,map,6.8286447525,-3.7905688286,-0.9984066486,0.0693258510,0.0227514288,0.9882913446,0.1340019275,0.04315486052 0 0 0 0 0 0 0.04315486052 0 0 0 0 0 0 0.09470235649 0 0 0 0 0 0 0.0007579220303 0 0 0 0 0 0 0.0007579220303 0 0 0 0 0 0 0.001314572226
369,1785495466.648071051,map,6.8212275505,-3.7702107430,-0.9967936277,0.0688839302,0.0221947844,0.9873553828,0.1410381294,0.04337395715 0 0 0 0 0 0 0.04337395715 0 0 0 0 0 0 0.09502678761 0 0 0 0 0 0 0.0007629917589 0 0 0 0 0 0 0.0007629917589 0 0 0 0 0 0 0.001321246291
370,1785495466.748450994,map,6.8389148712,-3.7894856930,-1.0006574392,0.0677939936,0.0235602192,0.9860285616,0.1503215218,0.04335937473 0 0 0 0 0 0 0.04335937473 0 0 0 0 0 0 0.09500520272 0 0 0 0 0 0 0.0007626542069 0 0 0 0 0 0 0.0007626542069 0 0 0 0 0 0 0.001320802085
371,1785495466.848628998,map,6.8205108643,-3.7836923599,-0.9976890087,0.0671832650,0.0246904165,0.9844872396,0.1601925106,0.04363051598 0 0 0 0 0 0 0.04363051598 0 0 0 0 0 0 0.09540635397 0 0 0 0 0 0 0.0007689334764 0 0 0 0 0 0 0.0007689334764 0 0 0 0 0 0 0.00132906152
372,1785495466.948971033,map,6.8111100197,-3.7855780125,-0.9947206378,0.0669593040,0.0247587254,0.9826107185,0.1714049470,0.04328030436 0 0 0 0 0 0 0.04328030436 0 0 0 0 0 0 0.09488814226 0 0 0 0 0 0 0.0007608242081 0 0 0 0 0 0 0.0007608242081 0 0 0 0 0 0 0.001318393464
373,1785495467.048291922,map,6.8045268059,-3.7503664494,-0.9976029396,0.0669929469,0.0244662445,0.9802288735,0.1845663020,0.04309181699 0 0 0 0 0 0 0.04309181699 0 0 0 0 0 0 0.09460895418 0 0 0 0 0 0 0.0007564640054 0 0 0 0 0 0 0.0007564640054 0 0 0 0 0 0 0.001312651811
374,1785495467.148463011,map,6.8089880943,-3.7599055767,-1.0032351017,0.0664340453,0.0233625576,0.9776016048,0.1983325828,0.04353088821 0 0 0 0 0 0 0.04353088821 0 0 0 0 0 0 0.09525900258 0 0 0 0 0 0 0.0007666255132 0 0 0 0 0 0 0.0007666255132 0 0 0 0 0 0 0.001326026685
375,1785495467.248358965,map,6.8106484413,-3.7555930614,-0.9987955689,0.0637088770,0.0246337863,0.9744289514,0.2140620944,0.04333752901 0 0 0 0 0 0 0.04333752901 0 0 0 0 0 0 0.09497286448 0 0 0 0 0 0 0.0007621485583 0 0 0 0 0 0 0.0007621485583 0 0 0 0 0 0 0.001320136627
376,1785495467.348727942,map,6.7967338562,-3.7401363850,-0.9929395914,0.0596523223,0.0239324597,0.9708286872,0.2309989166,0.04333986844 0 0 0 0 0 0 0.04333986844 0 0 0 0 0 0 0.09497632768 0 0 0 0 0 0 0.0007622027058 0 0 0 0 0 0 0.0007622027058 0 0 0 0 0 0 0.00132020789
377,1785495467.448008060,map,6.7925100327,-3.7435688972,-0.9950013161,0.0589032514,0.0256836373,0.9672239882,0.2456593623,0.04333177173 0 0 0 0 0 0 0.04333177173 0 0 0 0 0 0 0.09496434155 0 0 0 0 0 0 0.0007620153051 0 0 0 0 0 0 0.0007620153051 0 0 0 0 0 0 0.00131996125
378,1785495467.548402071,map,6.6763792038,-3.8267824650,-0.9700745940,0.0557619280,0.0253084067,0.9616899568,0.2672124677,0.04359400198 0 0 0 0 0 0 0.04359400198 0 0 0 0 0 0 0.09535235538 0 0 0 0 0 0 0.0007680875015 0 0 0 0 0 0 0.0007680875015 0 0 0 0 0 0 0.00132794924
379,1785495467.647617102,map,6.7838582993,-3.7864346504,-0.9887941480,0.0571763703,0.0264727024,0.9573431402,0.2820002897,0.04299773165 0 0 0 0 0 0 0.04299773165 0 0 0 0 0 0 0.09446952044 0 0 0 0 0 0 0.0007542886972 0 0 0 0 0 0 0.0007542886972 0 0 0 0 0 0 0.001309785807
380,1785495467.748016119,map,6.6949672699,-3.8164019585,-0.9753562212,0.0556168862,0.0271178777,0.9534795446,0.2950392255,0.04332567581 0 0 0 0 0 0 0.04332567581 0 0 0 0 0 0 0.09495531708 0 0 0 0 0 0 0.0007618742169 0 0 0 0 0 0 0.0007618742169 0 0 0 0 0 0 0.001319775557
381,1785495467.848417044,map,6.7449779510,-3.7794444561,-0.9859641790,0.0551220118,0.0287472780,0.9487996138,0.3097005488,0.04331025424 0 0 0 0 0 0 0.04331025424 0 0 0 0 0 0 0.09493248592 0 0 0 0 0 0 0.0007615173038 0 0 0 0 0 0 0.0007615173038 0 0 0 0 0 0 0.00131930579
382,1785495467.948791981,map,6.7629709244,-3.7524955273,-0.9864342213,0.0542340108,0.0298646589,0.9437044748,0.3249440406,0.043154514 0 0 0 0 0 0 0.043154514 0 0 0 0 0 0 0.09470184315 0 0 0 0 0 0 0.0007579140152 0 0 0 0 0 0 0.0007579140152 0 0 0 0 0 0 0.001314561671
383,1785495468.047425985,map,6.6750373840,-3.7843127251,-0.9745805264,0.0544676127,0.0303601986,0.9399012966,0.3357038641,0.04316515625 0 0 0 0 0 0 0.04316515625 0 0 0 0 0 0 0.09471760804 0 0 0 0 0 0 0.0007581601745 0 0 0 0 0 0 0.0007581601745 0 0 0 0 0 0 0.001314885852
384,1785495468.147655010,map,6.7478580475,-3.7948737144,-0.9846071601,0.0560493809,0.0329035094,0.9352410041,0.3479943509,0.04310409317 0 0 0 0 0 0 0.04310409317 0 0 0 0 0 0 0.09462714371 0 0 0 0 0 0 0.0007567478932 0 0 0 0 0 0 0.0007567478932 0 0 0 0 0 0 0.001313025764
385,1785495468.248058081,map,6.7256422043,-3.7735292912,-0.9830905795,0.0574586276,0.0336062501,0.9319509873,0.3564217594,0.04290383623 0 0 0 0 0 0 0.04290383623 0 0 0 0 0 0 0.09433031869 0 0 0 0 0 0 0.0007521185341 0 0 0 0 0 0 0.0007521185341 0 0 0 0 0 0 0.001306925589
386,1785495468.348321915,map,6.7300438881,-3.7569210529,-0.9937365651,0.0583685549,0.0344385806,0.9283663795,0.3654352731,0.04299487139 0 0 0 0 0 0 0.04299487139 0 0 0 0 0 0 0.09446528079 0 0 0 0 0 0 0.0007542225783 0 0 0 0 0 0 0.0007542225783 0 0 0 0 0 0 0.001309698679
387,1785495468.448514938,map,6.7067055702,-3.7399888039,-0.9879582524,0.0598343584,0.0355153926,0.9244637833,0.3748669584,0.04353746004 0 0 0 0 0 0 0.04353746004 0 0 0 0 0 0 0.09526872411 0 0 0 0 0 0 0.0007667777296 0 0 0 0 0 0 0.0007667777296 0 0 0 0 0 0 0.001326226874
388,1785495468.548609018,map,6.6852788925,-3.7064113617,-0.9875764847,0.0606837618,0.0351397224,0.9203522844,0.3847523052,0.04319824928 0 0 0 0 0 0 0.04319824928 0 0 0 0 0 0 0.09476662633 0 0 0 0 0 0 0.0007589256901 0 0 0 0 0 0 0.0007589256901 0 0 0 0 0 0 0.001315893923
389,1785495468.648005962,map,6.6975178719,-3.7166347504,-0.9882210493,0.0614548380,0.0364727812,0.9179065846,0.3903082715,0.04324296411 0 0 0 0 0 0 0.04324296411 0 0 0 0 0 0 0.09483284947 0 0 0 0 0 0 0.0007599601916 0 0 0 0 0 0 0.0007599601916 0 0 0 0 0 0 0.001317256015
390,1785495468.748279095,map,6.6769952774,-3.7246921062,-0.9800483584,0.0614398176,0.0389493614,0.9160564552,0.3943966103,0.04351899861 0 0 0 0 0 0 0.04351899861 0 0 0 0 0 0 0.09524141399 0 0 0 0 0 0 0.000766350136 0 0 0 0 0 0 0.000766350136 0 0 0 0 0 0 0.001325664507
391,1785495468.847635031,map,6.6708903313,-3.6903576851,-0.9778321385,0.0616968308,0.0372354010,0.9147398224,0.3975651886,0.0434107786 0 0 0 0 0 0 0.0434107786 0 0 0 0 0 0 0.09508128548 0 0 0 0 0 0 0.0007638441773 0 0 0 0 0 0 0.0007638441773 0 0 0 0 0 0 0.001322367937
392,1785495468.947932005,map,6.6404676437,-3.6851413250,-0.9730811119,0.0603570823,0.0389849201,0.9133343690,0.4008210784,0.04333025082 0 0 0 0 0 0 0.04333025082 0 0 0 0 0 0 0.09496208999 0 0 0 0 0 0 0.0007619801037 0 0 0 0 0 0 0.0007619801037 0 0 0 0 0 0 0.00131991492
393,1785495469.048290014,map,6.6314516068,-3.6537532806,-0.9714743495,0.0585464059,0.0403849716,0.9127553984,0.4022672951,0.04322194829 0 0 0 0 0 0 0.04322194829 0 0 0 0 0 0 0.09480172621 0 0 0 0 0 0 0.0007594739583 0 0 0 0 0 0 0.0007594739583 0 0 0 0 0 0 0.001316615837
394,1785495469.147460938,map,6.5984025002,-3.5936248302,-0.9689477086,0.0570646396,0.0415503271,0.9124382455,0.4030802066,0.04288455486 0 0 0 0 0 0 0.04288455486 0 0 0 0 0 0 0.09430172756 0 0 0 0 0 0 0.0007516729859 0 0 0 0 0 0 0.0007516729859 0 0 0 0 0 0 0.001306338245
395,1785495469.247487068,map,6.5723667145,-3.5833795071,-0.9696453214,0.0555791368,0.0426125007,0.9119524933,0.4042743668,0.04283492402 0 0 0 0 0 0 0.04283492402 0 0 0 0 0 0 0.09422812348 0 0 0 0 0 0 0.0007505262775 0 0 0 0 0 0 0.0007505262775 0 0 0 0 0 0 0.001304826403
396,1785495469.348550081,map,6.5644545555,-3.5750892162,-0.9582746029,0.0567655460,0.0416928124,0.9107231618,0.4069676869,0.04366958058 0 0 0 0 0 0 0.04366958058 0 0 0 0 0 0 0.09546411639 0 0 0 0 0 0 0.000769838668 0 0 0 0 0 0 0.000769838668 0 0 0 0 0 0 0.001330251496
397,1785495469.447837114,map,6.5601711273,-3.5744493008,-0.9602869749,0.0592284293,0.0404592891,0.9078748376,0.4130597041,0.04350398143 0 0 0 0 0 0 0.04350398143 0 0 0 0 0 0 0.09521919757 0 0 0 0 0 0 0.0007660023371 0 0 0 0 0 0 0.0007660023371 0 0 0 0 0 0 0.001325207057
398,1785495469.548090935,map,6.5218782425,-3.5666720867,-0.9559803009,0.0626345014,0.0377645194,0.9044658429,0.4202288621,0.04335898122 0 0 0 0 0 0 0.04335898122 0 0 0 0 0 0 0.09500462023 0 0 0 0 0 0 0.0007626450983 0 0 0 0 0 0 0.0007626450983 0 0 0 0 0 0 0.001320790098
399,1785495469.647408009,map,6.5357489586,-3.5617167950,-0.9647644758,0.0626946959,0.0377983368,0.9003086342,0.4290512941,0.0442174527 0 0 0 0 0 0 0.0442174527 0 0 0 0 0 0 0.09627334537 0 0 0 0 0 0 0.0007825471146 0 0 0 0 0 0 0.0007825471146 0 0 0 0 0 0 0.001346940635
400,1785495469.747720957,map,6.5175938606,-3.4985439777,-0.9595765471,0.0581228924,0.0377491274,0.8947314242,0.4411943133,0.04338706079 0 0 0 0 0 0 0.04338706079 0 0 0 0 0 0 0.09504618262 0 0 0 0 0 0 0.0007632950958 0 0 0 0 0 0 0.0007632950958 0 0 0 0 0 0 0.001321645451
401,1785495469.847850084,map,6.5044851303,-3.4897363186,-0.9610330462,0.0579482002,0.0379692505,0.8901000065,0.4504689969,0.04291514588 0 0 0 0 0 0 0.04291514588 0 0 0 0 0 0 0.09434708809 0 0 0 0 0 0 0.000752379889 0 0 0 0 0 0 0.000752379889 0 0 0 0 0 0 0.001307270101
402,1785495469.948121071,map,6.4862537384,-3.4797387123,-0.9620216489,0.0569849942,0.0377166875,0.8868285712,0.4570177858,0.04340339753 0 0 0 0 0 0 0.04340339753 0 0 0 0 0 0 0.09507036168 0 0 0 0 0 0 0.0007636732962 0 0 0 0 0 0 0.0007636732962 0 0 0 0 0 0 0.001322143097
403,1785495470.048378944,map,6.4685535431,-3.4549050331,-0.9470024705,0.0579270088,0.0359505960,0.8843811581,0.4617596544,0.04366117949 0 0 0 0 0 0 0.04366117949 0 0 0 0 0 0 0.09545169491 0 0 0 0 0 0 0.00076964399 0 0 0 0 0 0 0.00076964399 0 0 0 0 0 0 0.001329995584
404,1785495470.147730112,map,6.4829463959,-3.4609878063,-0.9570545554,0.0565118946,0.0380423657,0.8817326769,0.4668047632,0.04307621462 0 0 0 0 0 0 0.04307621462 0 0 0 0 0 0 0.09458583501 0 0 0 0 0 0 0.0007561032172 0 0 0 0 0 0 0.0007561032172 0 0 0 0 0 0 0.001312176535
405,1785495470.247997046,map,6.4603705406,-3.4062645435,-0.9473399520,0.0531377138,0.0396304055,0.8801918207,0.4699661513,0.04329107153 0 0 0 0 0 0 0.04329107153 0 0 0 0 0 0 0.09490408465 0 0 0 0 0 0 0.0007610733714 0 0 0 0 0 0 0.0007610733714 0 0 0 0 0 0 0.001318721451
406,1785495470.348119020,map,6.4280033112,-3.3852121830,-0.9466804862,0.0517728618,0.0422356645,0.8817926272,0.4668805870,0.04318120988 0 0 0 0 0 0 0.04318120988 0 0 0 0 0 0 0.09474138788 0 0 0 0 0 0 0.0007585315193 0 0 0 0 0 0 0.0007585315193 0 0 0 0 0 0 0.001315374874
407,1785495470.448415041,map,6.3923516273,-3.3409769535,-0.9393042326,0.0539461747,0.0426322194,0.8847812205,0.4609061676,0.04301223423 0 0 0 0 0 0 0.04301223423 0 0 0 0 0 0 0.09449101639 0 0 0 0 0 0 0.0007546239562 0 0 0 0 0 0 0.0007546239562 0 0 0 0 0 0 0.001310227581
408,1785495470.547590017,map,6.3654422760,-3.3410325050,-0.9382379651,0.0554004834,0.0428570212,0.8885656021,0.4533709579,0.04310857671 0 0 0 0 0 0 0.04310857671 0 0 0 0 0 0 0.09463378674 0 0 0 0 0 0 0.0007568515788 0 0 0 0 0 0 0.0007568515788 0 0 0 0 0 0 0.001313162341
409,1785495470.647924900,map,6.4032163620,-3.2573826313,-0.9415685534,0.0560932407,0.0441014935,0.8958411891,0.4386082045,0.04275142821 0 0 0 0 0 0 0.04275142821 0 0 0 0 0 0 0.09410426521 0 0 0 0 0 0 0.0007485976048 0 0 0 0 0 0 0.0007485976048 0 0 0 0 0 0 0.001302282975
410,1785495470.748245955,map,6.3842291832,-3.3284592628,-0.9405773282,0.0551111996,0.0421150620,0.8996840909,0.4309960744,0.04307377128 0 0 0 0 0 0 0.04307377128 0 0 0 0 0 0 0.09458221441 0 0 0 0 0 0 0.0007560467193 0 0 0 0 0 0 0.0007560467193 0 0 0 0 0 0 0.001312102107
411,1785495470.847778082,map,6.3476648331,-3.3353061676,-0.9311257601,0.0549175624,0.0408472212,0.9048344557,0.4202263708,0.04340669251 0 0 0 0 0 0 0.04340669251 0 0 0 0 0 0 0.09507523821 0 0 0 0 0 0 0.0007637495786 0 0 0 0 0 0 0.0007637495786 0 0 0 0 0 0 0.001322243467
412,1785495470.948005915,map,6.3328609467,-3.3196272850,-0.9259164929,0.0553272791,0.0385719243,0.9107940387,0.4073147493,0.04309226538 0 0 0 0 0 0 0.04309226538 0 0 0 0 0 0 0.09460961856 0 0 0 0 0 0 0.0007564743741 0 0 0 0 0 0 0.0007564743741 0 0 0 0 0 0 0.001312665469
413,1785495471.048408985,map,6.3259243965,-3.3435926437,-0.9283488393,0.0571956154,0.0373111152,0.9157157440,0.3959813229,0.04277806994 0 0 0 0 0 0 0.04277806994 0 0 0 0 0 0 0.09414379001 0 0 0 0 0 0 0.0007492129378 0 0 0 0 0 0 0.0007492129378 0 0 0 0 0 0 0.001303094529
414,1785495471.148669958,map,6.3345479965,-3.3532521725,-0.9295696020,0.0597009234,0.0335241037,0.9191110281,0.3880036668,0.04263471651 0 0 0 0 0 0 0.04263471651 0 0 0 0 0 0 0.09393106816 0 0 0 0 0 0 0.000745902684 0 0 0 0 0 0 0.000745902684 0 0 0 0 0 0 0.001298727734
415,1785495471.248130083,map,6.3324475288,-3.3696603775,-0.9269605279,0.0604165724,0.0310123806,0.9232087509,0.3782507863,0.04315265469 0 0 0 0 0 0 0.04315265469 0 0 0 0 0 0 0.0946990888 0 0 0 0 0 0 0.0007578710097 0 0 0 0 0 0 0.0007578710097 0 0 0 0 0 0 0.001314505033
416,1785495471.347644091,map,6.2791266441,-3.3297355175,-0.9138673544,0.0657937848,0.0281634198,0.9286888513,0.3638887672,0.04355234245 0 0 0 0 0 0 0.04355234245 0 0 0 0 0 0 0.09529073842 0 0 0 0 0 0 0.000767122449 0 0 0 0 0 0 0.000767122449 0 0 0 0 0 0 0.001326680218
417,1785495471.447999001,map,6.3980946541,-3.3773436546,-0.9349136353,0.0697955765,0.0274497505,0.9351591928,0.3461970125,0.04341032417 0 0 0 0 0 0 0.04341032417 0 0 0 0 0 0 0.09508061295 0 0 0 0 0 0 0.0007638336566 0 0 0 0 0 0 0.0007638336566 0 0 0 0 0 0 0.001322354094
418,1785495471.548226118,map,6.3264818192,-3.3460993767,-0.9267952442,0.0698166304,0.0242043798,0.9396849206,0.3339641358,0.04358702255 0 0 0 0 0 0 0.04358702255 0 0 0 0 0 0 0.09534203305 0 0 0 0 0 0 0.0007679258114 0 0 0 0 0 0 0.0007679258114 0 0 0 0 0 0 0.001327736635
419,1785495471.648561001,map,6.2788224220,-3.3457727432,-0.9140346646,0.0745610407,0.0252422281,0.9439735625,0.3204955265,0.04332593043 0 0 0 0 0 0 0.04332593043 0 0 0 0 0 0 0.09495569402 0 0 0 0 0 0 0.0007618801099 0 0 0 0 0 0 0.0007618801099 0 0 0 0 0 0 0.001319783314
420,1785495471.748869896,map,6.3723306656,-3.3723225594,-0.9260044694,0.0702630416,0.0207037709,0.9499802223,0.3035984848,0.04286737179 0 0 0 0 0 0 0.04286737179 0 0 0 0 0 0 0.0942762461 0 0 0 0 0 0 0.0007512759513 0 0 0 0 0 0 0.0007512759513 0 0 0 0 0 0 0.001305814819
421,1785495471.848124027,map,6.2994990349,-3.3875746727,-0.9195135832,0.0684050025,0.0166192993,0.9548794124,0.2885305278,0.04324201497 0 0 0 0 0 0 0.04324201497 0 0 0 0 0 0 0.09483144389 0 0 0 0 0 0 0.0007599382309 0 0 0 0 0 0 0.0007599382309 0 0 0 0 0 0 0.001317227103
422,1785495471.948344946,map,6.2854228020,-3.3862757683,-0.9209389687,0.0727948628,0.0150638684,0.9586215294,0.2748067290,0.04355636457 0 0 0 0 0 0 0.04355636457 0 0 0 0 0 0 0.09529668779 0 0 0 0 0 0 0.0007672156158 0 0 0 0 0 0 0.0007672156158 0 0 0 0 0 0 0.001326802739
423,1785495472.048638105,map,6.2704424858,-3.3881580830,-0.9153641462,0.0775753933,0.0151968083,0.9624361509,0.2597456314,0.04338610766 0 0 0 0 0 0 0.04338610766 0 0 0 0 0 0 0.0950447719 0 0 0 0 0 0 0.0007632730313 0 0 0 0 0 0 0.0007632730313 0 0 0 0 0 0 0.001321616417
424,1785495472.148000956,map,6.2634687424,-3.3805074692,-0.9076861143,0.0800026620,0.0127930664,0.9664357831,0.2437986407,0.0434195492 0 0 0 0 0 0 0.0434195492 0 0 0 0 0 0 0.09509426537 0 0 0 0 0 0 0.0007640472339 0 0 0 0 0 0 0.0007640472339 0 0 0 0 0 0 0.001322635104
425,1785495472.248308897,map,6.2898907661,-3.3767352104,-0.9182333350,0.0755332146,0.0099678288,0.9706369604,0.2281649892,0.04296669858 0 0 0 0 0 0 0.04296669858 0 0 0 0 0 0 0.09442351881 0 0 0 0 0 0 0.0007535713603 0 0 0 0 0 0 0.0007535713603 0 0 0 0 0 0 0.001308840486
426,1785495472.347426891,map,6.2570939064,-3.4382035732,-0.9102844596,0.0711482249,0.0062152824,0.9747305816,0.2116591713,0.04386453389 0 0 0 0 0 0 0.04386453389 0 0 0 0 0 0 0.09575225711 0 0 0 0 0 0 0.0007743579602 0 0 0 0 0 0 0.0007743579602 0 0 0 0 0 0 0.001336190114
427,1785495472.447791100,map,6.2821564674,-3.3908824921,-0.9192769527,0.0703782668,0.0061412510,0.9782717205,0.1949195325,0.04331378917 0 0 0 0 0 0 0.04331378917 0 0 0 0 0 0 0.09493771938 0 0 0 0 0 0 0.0007615991134 0 0 0 0 0 0 0.0007615991134 0 0 0 0 0 0 0.00131941347
428,1785495472.548084974,map,6.2808022499,-3.4070205688,-0.9250809550,0.0709691232,0.0072767820,0.9814310101,0.1780550054,0.04338870675 0 0 0 0 0 0 0.04338870675 0 0 0 0 0 0 0.09504861877 0 0 0 0 0 0 0.0007633331992 0 0 0 0 0 0 0.0007633331992 0 0 0 0 0 0 0.00132169559
429,1785495472.648283005,map,6.2259087563,-3.4273352623,-0.9134832621,0.0706045611,0.0088667115,0.9848716785,0.1580004783,0.04331157422 0 0 0 0 0 0 0.04331157422 0 0 0 0 0 0 0.09493444016 0 0 0 0 0 0 0.0007615478523 0 0 0 0 0 0 0.0007615478523 0 0 0 0 0 0 0.001319345999
430,1785495472.748641968,map,6.3493933678,-3.4059035778,-0.9357669353,0.0726220430,0.0098567688,0.9881386937,0.1349473812,0.04402626794 0 0 0 0 0 0 0.04402626794 0 0 0 0 0 0 0.09599114274 0 0 0 0 0 0 0.0007781095748 0 0 0 0 0 0 0.0007781095748 0 0 0 0 0 0 0.001341116814
431,1785495472.848064899,map,6.3114905357,-3.3872735500,-0.9319679737,0.0732074392,0.0102938179,0.9900798113,0.1194850255,0.04312095876 0 0 0 0 0 0 0.04312095876 0 0 0 0 0 0 0.094652132 0 0 0 0 0 0 0.000757137933 0 0 0 0 0 0 0.000757137933 0 0 0 0 0 0 0.00131353952
432,1785495472.948587894,map,6.3082060814,-3.5211486816,-0.9325766563,0.0739583642,0.0110780172,0.9920110395,0.1015949714,0.04342915653 0 0 0 0 0 0 0.04342915653 0 0 0 0 0 0 0.09510848307 0 0 0 0 0 0 0.0007642696699 0 0 0 0 0 0 0.0007642696699 0 0 0 0 0 0 0.00132292776
433,1785495473.047930956,map,6.2743887901,-3.4478189945,-0.9298517108,0.0743891632,0.0113475461,0.9936978866,0.0830782891,0.04384797058 0 0 0 0 0 0 0.04384797058 0 0 0 0 0 0 0.09572778461 0 0 0 0 0 0 0.0007739738764 0 0 0 0 0 0 0.0007739738764 0 0 0 0 0 0 0.001335685566
434,1785495473.148372889,map,6.2837228775,-3.4258947372,-0.9244698882,0.0763760815,0.0109859177,0.9949028376,0.0649180813,0.04298748834 0 0 0 0 0 0 0.04298748834 0 0 0 0 0 0 0.09445433696 0 0 0 0 0 0 0.0007540519117 0 0 0 0 0 0 0.0007540519117 0 0 0 0 0 0 0.001309473778
435,1785495473.247736931,map,6.2881669998,-3.4549708366,-0.9355432391,0.0754729416,0.0103022326,0.9960305512,0.0460526271,0.04305354889 0 0 0 0 0 0 0.04305354889 0 0 0 0 0 0 0.09455224713 0 0 0 0 0 0 0.0007555791334 0 0 0 0 0 0 0.0007555791334 0 0 0 0 0 0 0.001311486098
436,1785495473.347940922,map,6.3084325790,-3.4850230217,-0.9226997495,0.0753270354,0.0092314542,0.9966363215,0.0309301224,0.04328751786 0 0 0 0 0 0 0.04328751786 0 0 0 0 0 0 0.09489882298 0 0 0 0 0 0 0.0007609911347 0 0 0 0 0 0 0.0007609911347 0 0 0 0 0 0 0.0013186132
437,1785495473.448338985,map,6.3162498474,-3.4473760128,-0.9290878177,0.0771155268,0.0065997879,0.9966840678,0.0251099195,0.04328636198 0 0 0 0 0 0 0.04328636198 0 0 0 0 0 0 0.09489711154 0 0 0 0 0 0 0.0007609643864 0 0 0 0 0 0 0.0007609643864 0 0 0 0 0 0 0.00131857799
438,1785495473.547705889,map,6.3248515129,-3.4436554909,-0.9304558635,0.0767517495,0.0069858147,0.9967109040,0.0250546765,0.04336969081 0 0 0 0 0 0 0.04336969081 0 0 0 0 0 0 0.0950204727 0 0 0 0 0 0 0.0007628930004 0 0 0 0 0 0 0.0007628930004 0 0 0 0 0 0 0.001321116331
439,1785495473.648052931,map,6.3527188301,-3.4050531387,-0.9307377338,0.0761473541,0.0069388940,0.9966370092,0.0294636075,0.04331731503 0 0 0 0 0 0 0.04331731503 0 0 0 0 0 0 0.09494293937 0 0 0 0 0 0 0.0007616807146 0 0 0 0 0 0 0.0007616807146 0 0 0 0 0 0 0.001319520874
440,1785495473.748156071,map,6.3548374176,-3.4087178707,-0.9403551221,0.0735335344,0.0070371921,0.9965956826,0.0366109480,0.04330776281 0 0 0 0 0 0 0.04330776281 0 0 0 0 0 0 0.0949287973 0 0 0 0 0 0 0.0007614596444 0 0 0 0 0 0 0.0007614596444 0 0 0 0 0 0 0.001319229896
441,1785495473.848465919,map,6.3750200272,-3.4121835232,-0.9357734323,0.0709085489,0.0079568308,0.9963665383,0.0465016790,0.04356277677 0 0 0 0 0 0 0.04356277677 0 0 0 0 0 0 0.0953061723 0 0 0 0 0 0 0.0007673641487 0 0 0 0 0 0 0.0007673641487 0 0 0 0 0 0 0.001326998066
442,1785495473.947686911,map,6.3999652863,-3.3960552216,-0.9343554974,0.0686616122,0.0103234008,0.9956762374,0.0617077487,0.04357634896 0 0 0 0 0 0 0.04357634896 0 0 0 0 0 0 0.09532624667 0 0 0 0 0 0 0.0007676785476 0 0 0 0 0 0 0.0007676785476 0 0 0 0 0 0 0.001327411498
443,1785495474.047928095,map,6.3897924423,-3.3838946819,-0.9375287294,0.0698419193,0.0114261058,0.9948397578,0.0727008830,0.04338520436 0 0 0 0 0 0 0.04338520436 0 0 0 0 0 0 0.09504343493 0 0 0 0 0 0 0.0007632521204 0 0 0 0 0 0 0.0007632521204 0 0 0 0 0 0 0.001321588901
444,1785495474.148108959,map,6.3829851151,-3.4024965763,-0.9349699616,0.0718161911,0.0129330334,0.9936222156,0.0859654241,0.04322932462 0 0 0 0 0 0 0.04322932462 0 0 0 0 0 0 0.09481265042 0 0 0 0 0 0 0.0007596446167 0 0 0 0 0 0 0.0007596446167 0 0 0 0 0 0 0.001316840532
445,1785495474.248466969,map,6.3343038559,-3.3672468662,-0.9298168421,0.0709239162,0.0140809797,0.9924263028,0.0993053264,0.04352407063 0 0 0 0 0 0 0.04352407063 0 0 0 0 0 0 0.09524891725 0 0 0 0 0 0 0.0007664676086 0 0 0 0 0 0 0.0007664676086 0 0 0 0 0 0 0.00132581901
446,1785495474.347729921,map,6.3479304314,-3.3900654316,-0.9325560331,0.0709035247,0.0149048239,0.9912318711,0.1104985470,0.04331759981 0 0 0 0 0 0 0.04331759981 0 0 0 0 0 0 0.09494336097 0 0 0 0 0 0 0.0007616873054 0 0 0 0 0 0 0.0007616873054 0 0 0 0 0 0 0.001319529549
447,1785495474.448065042,map,6.3814945221,-3.4513595104,-0.9416971803,0.0690439740,0.0179478917,0.9899656770,0.1219785268,0.04314541171 0 0 0 0 0 0 0.04314541171 0 0 0 0 0 0 0.09468835899 0 0 0 0 0 0 0.0007577034836 0 0 0 0 0 0 0.0007577034836 0 0 0 0 0 0 0.001314284399
448,1785495474.548357010,map,6.3517456055,-3.4357850552,-0.9381117821,0.0688402617,0.0184670154,0.9885430423,0.1330512500,0.04335426753 0 0 0 0 0 0 0.04335426753 0 0 0 0 0 0 0.09499764277 0 0 0 0 0 0 0.0007625359904 0 0 0 0 0 0 0.0007625359904 0 0 0 0 0 0 0.001320646511
449,1785495474.647702932,map,6.3381929398,-3.4351525307,-0.9324137568,0.0705327567,0.0186813126,0.9866645466,0.1454965217,0.0435097992 0 0 0 0 0 0 0.0435097992 0 0 0 0 0 0 0.09522780452 0 0 0 0 0 0 0.0007661370748 0 0 0 0 0 0 0.0007661370748 0 0 0 0 0 0 0.001325384277
450,1785495474.748169899,map,6.3477272987,-3.4108378887,-0.9323120713,0.0727907886,0.0182679617,0.9845319199,0.1583182819,0.04325792012 0 0 0 0 0 0 0.04325792012 0 0 0 0 0 0 0.09485499699 0 0 0 0 0 0 0.0007603062446 0 0 0 0 0 0 0.0007603062446 0 0 0 0 0 0 0.001317711601
451,1785495474.848597050,map,6.3311681747,-3.3997950554,-0.9326533675,0.0765729554,0.0203188719,0.9816609540,0.1733940730,0.04327741172 0 0 0 0 0 0 0.04327741172 0 0 0 0 0 0 0.09488385916 0 0 0 0 0 0 0.000760757271 0 0 0 0 0 0 0.000760757271 0 0 0 0 0 0 0.001318305349
452,1785495474.948113918,map,6.3558115959,-3.4115486145,-0.9325532913,0.0750839136,0.0217627869,0.9790541943,0.1879937921,0.04316386866 0 0 0 0 0 0 0.04316386866 0 0 0 0 0 0 0.0947157007 0 0 0 0 0 0 0.0007581303915 0 0 0 0 0 0 0.0007581303915 0 0 0 0 0 0 0.00131484663
453,1785495475.047426939,map,6.3562407494,-3.4106099606,-0.9327061176,0.0756373017,0.0229470882,0.9761237723,0.2023235690,0.04320392946 0 0 0 0 0 0 0.04320392946 0 0 0 0 0 0 0.09477503936 0 0 0 0 0 0 0.0007590570948 0 0 0 0 0 0 0.0007590570948 0 0 0 0 0 0 0.001316066952
454,1785495475.147552013,map,6.3248820305,-3.4113271236,-0.9261198640,0.0756781448,0.0253007688,0.9727468104,0.2177069546,0.04337308861 0 0 0 0 0 0 0.04337308861 0 0 0 0 0 0 0.09502550204 0 0 0 0 0 0 0.0007629716537 0 0 0 0 0 0 0.0007629716537 0 0 0 0 0 0 0.001321219834
455,1785495475.247946024,map,6.3185834885,-3.4024343491,-0.9308590293,0.0764830231,0.0257276656,0.9694714014,0.2315462218,0.04344116828 0 0 0 0 0 0 0.04344116828 0 0 0 0 0 0 0.09512625831 0 0 0 0 0 0 0.0007645477858 0 0 0 0 0 0 0.0007645477858 0 0 0 0 0 0 0.001323293659
456,1785495475.348134995,map,6.3309016228,-3.4018640518,-0.9294140339,0.0759991674,0.0274048232,0.9656387637,0.2470118999,0.04321064374 0 0 0 0 0 0 0.04321064374 0 0 0 0 0 0 0.09478498378 0 0 0 0 0 0 0.0007592124258 0 0 0 0 0 0 0.0007592124258 0 0 0 0 0 0 0.00131627148
457,1785495475.448260069,map,6.3005084991,-3.4210703373,-0.9257482290,0.0744691020,0.0279627077,0.9617300797,0.2621978035,0.04365979287 0 0 0 0 0 0 0.04365979287 0 0 0 0 0 0 0.09544964469 0 0 0 0 0 0 0.0007696118586 0 0 0 0 0 0 0.0007696118586 0 0 0 0 0 0 0.001329953345
458,1785495475.547274113,map,6.2790527344,-3.3886482716,-0.9227272868,0.0731572825,0.0277853551,0.9580527479,0.2757007721,0.04315925101 0 0 0 0 0 0 0.04315925101 0 0 0 0 0 0 0.0947088604 0 0 0 0 0 0 0.0007580235829 0 0 0 0 0 0 0.0007580235829 0 0 0 0 0 0 0.001314705968
459,1785495475.647349119,map,6.3106961250,-3.3725397587,-0.9289830923,0.0689895894,0.0277828845,0.9549079307,0.2874358782,0.04333045353 0 0 0 0 0 0 0.04333045353 0 0 0 0 0 0 0.09496239009 0 0 0 0 0 0 0.0007619847956 0 0 0 0 0 0 0.0007619847956 0 0 0 0 0 0 0.001319921095
460,1785495475.747637033,map,6.3162364960,-3.4189190865,-0.9289117455,0.0683508686,0.0300467863,0.9509784416,0.3001088880,0.04338208476 0 0 0 0 0 0 0.04338208476 0 0 0 0 0 0 0.09503881759 0 0 0 0 0 0 0.0007631799037 0 0 0 0 0 0 0.0007631799037 0 0 0 0 0 0 0.001321493872
461,1785495475.847945929,map,6.2609643936,-3.4153017998,-0.9216496348,0.0672663313,0.0305564563,0.9461153735,0.3152891623,0.04397811916 0 0 0 0 0 0 0.04397811916 0 0 0 0 0 0 0.09592004051 0 0 0 0 0 0 0.0007769924804 0 0 0 0 0 0 0.0007769924804 0 0 0 0 0 0 0.001339650119
462,1785495475.948328972,map,6.2611165047,-3.3859195709,-0.9234418869,0.0670095356,0.0313006827,0.9411272609,0.3298628068,0.04345813846 0 0 0 0 0 0 0.04345813846 0 0 0 0 0 0 0.09515136979 0 0 0 0 0 0 0.0007649407281 0 0 0 0 0 0 0.0007649407281 0 0 0 0 0 0 0.001323810601
463,1785495476.047411919,map,6.2858204842,-3.3932301998,-0.9222334027,0.0672185962,0.0322631397,0.9370282258,0.3412021087,0.04386804732 0 0 0 0 0 0 0.04386804732 0 0 0 0 0 0 0.09575744804 0 0 0 0 0 0 0.0007744394353 0 0 0 0 0 0 0.0007744394353 0 0 0 0 0 0 0.001336297139
464,1785495476.147669077,map,6.2021474838,-3.4098310471,-0.9081658125,0.0687338556,0.0335555276,0.9322741212,0.3535741079,0.04344833673 0 0 0 0 0 0 0.04344833673 0 0 0 0 0 0 0.09513686595 0 0 0 0 0 0 0.0007647137673 0 0 0 0 0 0 0.0007647137673 0 0 0 0 0 0 0.001323512023
465,1785495476.247942924,map,6.2249922752,-3.3803904057,-0.9143387079,0.0691997476,0.0340490517,0.9288006247,0.3624657694,0.04365766308 0 0 0 0 0 0 0.04365766308 0 0 0 0 0 0 0.0954464956 0 0 0 0 0 0 0.0007695625062 0 0 0 0 0 0 0.0007695625062 0 0 0 0 0 0 0.001329888468
466,1785495476.348170042,map,6.2259349823,-3.3940966129,-0.9106788039,0.0690036601,0.0357563645,0.9234602520,0.3757407790,0.04422278185 0 0 0 0 0 0 0.04422278185 0 0 0 0 0 0 0.09628120876 0 0 0 0 0 0 0.000782670851 0 0 0 0 0 0 0.000782670851 0 0 0 0 0 0 0.00134710297
467,1785495476.447556019,map,6.2119574547,-3.3776907921,-0.9070348740,0.0701918052,0.0374464849,0.9192790724,0.3854826400,0.04355982477 0 0 0 0 0 0 0.04355982477 0 0 0 0 0 0 0.09530180593 0 0 0 0 0 0 0.0007672957679 0 0 0 0 0 0 0.0007672957679 0 0 0 0 0 0 0.001326908143
468,1785495476.547880888,map,6.2176818848,-3.3763465881,-0.9069325328,0.0709808707,0.0382257217,0.9164145278,0.3920266854,0.04388917423 0 0 0 0 0 0 0.04388917423 0 0 0 0 0 0 0.09578866073 0 0 0 0 0 0 0.0007749293825 0 0 0 0 0 0 0.0007749293825 0 0 0 0 0 0 0.001336940701
469,1785495476.647962093,map,6.1798462868,-3.3449797630,-0.8986445665,0.0745589441,0.0380671839,0.9143133797,0.3962611410,0.0438451333 0 0 0 0 0 0 0.0438451333 0 0 0 0 0 0 0.09572359234 0 0 0 0 0 0 0.0007739080856 0 0 0 0 0 0 0.0007739080856 0 0 0 0 0 0 0.001335599138
470,1785495476.747208118,map,6.1556534767,-3.3334414959,-0.8944843411,0.0734388719,0.0372648219,0.9142969923,0.3965842768,0.04343193821 0 0 0 0 0 0 0.04343193821 0 0 0 0 0 0 0.09511259953 0 0 0 0 0 0 0.0007643340749 0 0 0 0 0 0 0.0007643340749 0 0 0 0 0 0 0.001323012495
471,1785495476.847533941,map,6.1540107727,-3.3445770741,-0.8912616372,0.0735121684,0.0355561536,0.9156093876,0.3936891992,0.04353651366 0 0 0 0 0 0 0.04353651366 0 0 0 0 0 0 0.09526732418 0 0 0 0 0 0 0.0007667558095 0 0 0 0 0 0 0.0007667558095 0 0 0 0 0 0 0.001326198046
472,1785495476.947729111,map,6.1148867607,-3.3412814140,-0.8946766257,0.0734102392,0.0355145609,0.9171311067,0.3901540690,0.04329858129 0 0 0 0 0 0 0.04329858129 0 0 0 0 0 0 0.09491520359 0 0 0 0 0 0 0.0007612471609 0 0 0 0 0 0 0.0007612471609 0 0 0 0 0 0 0.001318950211
473,1785495477.047895908,map,6.0905756950,-3.3077178001,-0.8830740452,0.0740494170,0.0321267283,0.9190448298,0.3857993705,0.04336333353 0 0 0 0 0 0 0.04336333353 0 0 0 0 0 0 0.09501106265 0 0 0 0 0 0 0.0007627458429 0 0 0 0 0 0 0.0007627458429 0 0 0 0 0 0 0.001320922677
474,1785495477.148106098,map,6.0752038956,-3.3126652241,-0.8853259683,0.0736546800,0.0320919065,0.9220663858,0.3786009347,0.04324799067 0 0 0 0 0 0 0.04324799067 0 0 0 0 0 0 0.09484029316 0 0 0 0 0 0 0.0007600764944 0 0 0 0 0 0 0.0007600764944 0 0 0 0 0 0 0.001317409133
475,1785495477.247340918,map,6.0363535881,-3.2978603840,-0.8805475831,0.0733749877,0.0332254887,0.9265257743,0.3675080595,0.04303682979 0 0 0 0 0 0 0.04303682979 0 0 0 0 0 0 0.09452746959 0 0 0 0 0 0 0.0007551925774 0 0 0 0 0 0 0.0007551925774 0 0 0 0 0 0 0.001310976805
476,1785495477.347548008,map,5.9978075027,-3.2561845779,-0.8738006949,0.0734353561,0.0322260660,0.9302633810,0.3580206651,0.04316282724 0 0 0 0 0 0 0.04316282724 0 0 0 0 0 0 0.09471415802 0 0 0 0 0 0 0.0007581063029 0 0 0 0 0 0 0.0007581063029 0 0 0 0 0 0 0.001314814906
477,1785495477.447654009,map,5.9889535904,-3.2622442245,-0.8642498255,0.0746634753,0.0306664515,0.9328490284,0.3511091181,0.04328865446 0 0 0 0 0 0 0.04328865446 0 0 0 0 0 0 0.09490050588 0 0 0 0 0 0 0.0007610174371 0 0 0 0 0 0 0.0007610174371 0 0 0 0 0 0 0.001318647823
478,1785495477.548239946,map,5.9372859001,-3.2685167789,-0.8598693609,0.0753481595,0.0292110673,0.9369338154,0.3400358837,0.0436241649 0 0 0 0 0 0 0.0436241649 0 0 0 0 0 0 0.09539696222 0 0 0 0 0 0 0.0007687863232 0 0 0 0 0 0 0.0007687863232 0 0 0 0 0 0 0.001328868055
479,1785495477.647562981,map,5.9784779549,-3.2730569839,-0.8651649952,0.0743840522,0.0279433895,0.9399977234,0.3317988251,0.04319797119 0 0 0 0 0 0 0.04319797119 0 0 0 0 0 0 0.09476621446 0 0 0 0 0 0 0.0007589192571 0 0 0 0 0 0 0.0007589192571 0 0 0 0 0 0 0.001315885453
480,1785495477.747836113,map,5.9564971924,-3.2510414124,-0.8679258823,0.0722760700,0.0283743609,0.9442417054,0.3199666511,0.04333946544 0 0 0 0 0 0 0.04333946544 0 0 0 0 0 0 0.0949757311 0 0 0 0 0 0 0.000762193378 0 0 0 0 0 0 0.000762193378 0 0 0 0 0 0 0.001320195614
481,1785495477.848124981,map,5.9291787148,-3.2156534195,-0.8652966619,0.0721610233,0.0270489718,0.9480319983,0.3087012279,0.04321031569 0 0 0 0 0 0 0.04321031569 0 0 0 0 0 0 0.09478449791 0 0 0 0 0 0 0.0007592048364 0 0 0 0 0 0 0.0007592048364 0 0 0 0 0 0 0.001316261487
482,1785495477.948431969,map,5.9234557152,-3.2175714970,-0.8619053364,0.0706554231,0.0261409612,0.9513975655,0.2986086949,0.04282332927 0 0 0 0 0 0 0.04282332927 0 0 0 0 0 0 0.0942109261 0 0 0 0 0 0 0.0007502584141 0 0 0 0 0 0 0.0007502584141 0 0 0 0 0 0 0.001304473207
483,1785495478.047707081,map,5.8864593506,-3.1924734116,-0.8523166180,0.0731588422,0.0249752808,0.9541737149,0.2890960659,0.04316976111 0 0 0 0 0 0 0.04316976111 0 0 0 0 0 0 0.09472442925 0 0 0 0 0 0 0.0007582666896 0 0 0 0 0 0 0.0007582666896 0 0 0 0 0 0 0.001315026124
484,1785495478.147897005,map,5.8595013618,-3.1950318813,-0.8514397740,0.0752634167,0.0216789398,0.9573587675,0.2780820721,0.04319725687 0 0 0 0 0 0 0.04319725687 0 0 0 0 0 0 0.09476515644 0 0 0 0 0 0 0.0007589027322 0 0 0 0 0 0 0.0007589027322 0 0 0 0 0 0 0.001315863693
485,1785495478.247282028,map,5.8460059166,-3.1682820320,-0.8471896648,0.0745776056,0.0202876878,0.9611038049,0.2651528886,0.04289989452 0 0 0 0 0 0 0.04289989452 0 0 0 0 0 0 0.09432447394 0 0 0 0 0 0 0.0007520274476 0 0 0 0 0 0 0.0007520274476 0 0 0 0 0 0 0.001306805518
486,1785495478.347620964,map,5.8326740265,-3.1953940392,-0.8549714684,0.0708182784,0.0186004534,0.9646451336,0.2531769335,0.04283279865 0 0 0 0 0 0 0.04283279865 0 0 0 0 0 0 0.09422497117 0 0 0 0 0 0 0.0007504771759 0 0 0 0 0 0 0.0007504771759 0 0 0 0 0 0 0.001304761661
487,1785495478.447861910,map,5.8315482140,-3.1917114258,-0.8557398915,0.0683024806,0.0179738470,0.9677332572,0.2418760838,0.04308453784 0 0 0 0 0 0 0.04308453784 0 0 0 0 0 0 0.09459816829 0 0 0 0 0 0 0.0007562956801 0 0 0 0 0 0 0.0007562956801 0 0 0 0 0 0 0.001312430075
488,1785495478.548101902,map,5.8641424179,-3.1040995121,-0.8475227356,0.0717587129,0.0170095124,0.9693700052,0.2342715104,0.04327470066 0 0 0 0 0 0 0.04327470066 0 0 0 0 0 0 0.09487984488 0 0 0 0 0 0 0.0007606945363 0 0 0 0 0 0 0.0007606945363 0 0 0 0 0 0 0.001318222766
489,1785495478.648283958,map,5.8432226181,-3.1318202019,-0.8516681194,0.0740701442,0.0189827302,0.9694813998,0.2329358011,0.04350898823 0 0 0 0 0 0 0.04350898823 0 0 0 0 0 0 0.09522660477 0 0 0 0 0 0 0.0007661182928 0 0 0 0 0 0 0.0007661182928 0 0 0 0 0 0 0.001325359573
490,1785495478.747646093,map,5.8477191925,-3.1351752281,-0.8567872047,0.0710716966,0.0205841005,0.9693424736,0.2343080868,0.04324239069 0 0 0 0 0 0 0.04324239069 0 0 0 0 0 0 0.09483200031 0 0 0 0 0 0 0.0007599469243 0 0 0 0 0 0 0.0007599469243 0 0 0 0 0 0 0.001317238548
491,1785495478.848027945,map,5.8714776039,-3.1311922073,-0.8667750359,0.0640108145,0.0230691570,0.9690071734,0.2374774559,0.0432605581 0 0 0 0 0 0 0.0432605581 0 0 0 0 0 0 0.09485890331 0 0 0 0 0 0 0.0007603672845 0 0 0 0 0 0 0.0007603672845 0 0 0 0 0 0 0.001317791959
492,1785495478.948339939,map,5.8409242630,-3.1278398037,-0.8603705764,0.0590227088,0.0229352102,0.9680277686,0.2427190833,0.04314281324 0 0 0 0 0 0 0.04314281324 0 0 0 0 0 0 0.09468450952 0 0 0 0 0 0 0.0007576433834 0 0 0 0 0 0 0.0007576433834 0 0 0 0 0 0 0.001314205245
493,1785495479.047823906,map,5.8283095360,-3.1132555008,-0.8497454524,0.0593528022,0.0224572857,0.9666017278,0.2483022716,0.04290509242 0 0 0 0 0 0 0.04290509242 0 0 0 0 0 0 0.09433218134 0 0 0 0 0 0 0.0007521475629 0 0 0 0 0 0 0.0007521475629 0 0 0 0 0 0 0.001306963855
494,1785495479.148121119,map,5.7530918121,-3.1161885262,-0.8414551616,0.0566943501,0.0218453859,0.9649571495,0.2552767659,0.04322367311 0 0 0 0 0 0 0.04322367311 0 0 0 0 0 0 0.09480428067 0 0 0 0 0 0 0.0007595138634 0 0 0 0 0 0 0.0007595138634 0 0 0 0 0 0 0.001316668378
495,1785495479.247387886,map,5.7615280151,-3.1066808701,-0.8349111676,0.0545105981,0.0221279412,0.9634364981,0.2613983342,0.04311964603 0 0 0 0 0 0 0.04311964603 0 0 0 0 0 0 0.0946501871 0 0 0 0 0 0 0.0007571075735 0 0 0 0 0 0 0.0007571075735 0 0 0 0 0 0 0.001313499532
496,1785495479.347851038,map,5.7228107452,-3.0693306923,-0.8228164911,0.0531276728,0.0210753676,0.9617943936,0.2677402118,0.04288305718 0 0 0 0 0 0 0.04288305718 0 0 0 0 0 0 0.09429950666 0 0 0 0 0 0 0.0007516383793 0 0 0 0 0 0 0.0007516383793 0 0 0 0 0 0 0.001306292623
497,1785495479.448020935,map,5.7317614555,-3.0649440289,-0.8305035233,0.0512482456,0.0218962484,0.9602444716,0.2735411007,0.04303290486 0 0 0 0 0 0 0.04303290486 0 0 0 0 0 0 0.09452165267 0 0 0 0 0 0 0.0007551018342 0 0 0 0 0 0 0.0007551018342 0 0 0 0 0 0 0.001310857245
498,1785495479.548336029,map,5.7090578079,-3.1385610104,-0.8262982965,0.0492722370,0.0241006971,0.9577488758,0.2823269342,0.04293252215 0 0 0 0 0 0 0.04293252215 0 0 0 0 0 0 0.09437285137 0 0 0 0 0 0 0.000752781459 0 0 0 0 0 0 0.000752781459 0 0 0 0 0 0 0.001307799412
499,1785495479.647612095,map,5.6302957535,-3.0089406967,-0.8240900040,0.0493590272,0.0249836989,0.9575711576,0.2828373667,0.04328558152 0 0 0 0 0 0 0.04328558152 0 0 0 0 0 0 0.09489595596 0 0 0 0 0 0 0.0007609463258 0 0 0 0 0 0 0.0007609463258 0 0 0 0 0 0 0.001318554216
500,1785495479.747927904,map,5.6308760643,-3.0138101578,-0.8188414574,0.0489413249,0.0246519142,0.9575597588,0.2829776290,0.04316150689 0 0 0 0 0 0 0.04316150689 0 0 0 0 0 0 0.09471220214 0 0 0 0 0 0 0.0007580757625 0 0 0 0 0 0 0.0007580757625 0 0 0 0 0 0 0.001314774686
501,1785495479.847356081,map,5.6391954422,-2.9907879829,-0.8220734596,0.0443139462,0.0241768256,0.9568597212,0.2861314998,0.04292840524 0 0 0 0 0 0 0.04292840524 0 0 0 0 0 0 0.09436674751 0 0 0 0 0 0 0.0007526863139 0 0 0 0 0 0 0.0007526863139 0 0 0 0 0 0 0.001307674004
502,1785495479.947846889,map,5.5933842659,-2.9860107899,-0.8182527423,0.0436966418,0.0236870249,0.9567696739,0.2865681775,0.04301608579 0 0 0 0 0 0 0.04301608579 0 0 0 0 0 0 0.09449672503 0 0 0 0 0 0 0.0007547129964 0 0 0 0 0 0 0.0007547129964 0 0 0 0 0 0 0.001310344906
503,1785495480.048100948,map,5.5431284904,-2.9664542675,-0.8174309134,0.0439102087,0.0257981694,0.9577534578,0.2830453642,0.04299287943 0 0 0 0 0 0 0.04299287943 0 0 0 0 0 0 0.09446232815 0 0 0 0 0 0 0.0007541765316 0 0 0 0 0 0 0.0007541765316 0 0 0 0 0 0 0.001309638
504,1785495480.147486925,map,5.5242753029,-2.9853940010,-0.8158885241,0.0412275902,0.0319790138,0.9586571875,0.2797392134,0.04311973426 0 0 0 0 0 0 0.04311973426 0 0 0 0 0 0 0.09465031782 0 0 0 0 0 0 0.000757109614 0 0 0 0 0 0 0.000757109614 0 0 0 0 0 0 0.001313502219
505,1785495480.247875929,map,5.4690017700,-2.9174525738,-0.7970713377,0.0406555852,0.0330896537,0.9588429333,0.2790563517,0.04369557098 0 0 0 0 0 0 0.04369557098 0 0 0 0 0 0 0.09550254215 0 0 0 0 0 0 0.0007704409792 0 0 0 0 0 0 0.0007704409792 0 0 0 0 0 0 0.001331043209
506,1785495480.347346067,map,5.4638695717,-2.9380793571,-0.7935808301,0.0434629591,0.0321837557,0.9600820455,0.2744405676,0.04303343498 0 0 0 0 0 0 0.04303343498 0 0 0 0 0 0 0.09452243833 0 0 0 0 0 0 0.0007551140902 0 0 0 0 0 0 0.0007551140902 0 0 0 0 0 0 0.001310873393
507,1785495480.447696924,map,5.4399189949,-2.9300971031,-0.7965964079,0.0438857975,0.0324771010,0.9610885874,0.2707914238,0.04279507447 0 0 0 0 0 0 0.04279507447 0 0 0 0 0 0 0.09416901529 0 0 0 0 0 0 0.0007496057166 0 0 0 0 0 0 0.0007496057166 0 0 0 0 0 0 0.001303612517
508,1785495480.547919035,map,5.4522094727,-2.9248595238,-0.7999169827,0.0407545056,0.0333887803,0.9618137985,0.2685860603,0.04322518213 0 0 0 0 0 0 0.04322518213 0 0 0 0 0 0 0.09480651551 0 0 0 0 0 0 0.0007595487759 0 0 0 0 0 0 0.0007595487759 0 0 0 0 0 0 0.001316714345
509,1785495480.648037910,map,5.4579677582,-2.9137220383,-0.7980442643,0.0411639042,0.0329059588,0.9617222086,0.2689109725,0.04263791756 0 0 0 0 0 0 0.04263791756 0 0 0 0 0 0 0.09393581948 0 0 0 0 0 0 0.0007459765821 0 0 0 0 0 0 0.0007459765821 0 0 0 0 0 0 0.001298825243
510,1785495480.748460054,map,5.4354844093,-2.9169580936,-0.7939493656,0.0423803479,0.0319807772,0.9622544514,0.2669222707,0.04316835021 0 0 0 0 0 0 0.04316835021 0 0 0 0 0 0 0.09472233929 0 0 0 0 0 0 0.000758234054 0 0 0 0 0 0 0.000758234054 0 0 0 0 0 0 0.001314983146
511,1785495480.847726107,map,5.4259972572,-2.9153215885,-0.7918508053,0.0430099434,0.0313767055,0.9643272222,0.2593041843,0.04296700603 0 0 0 0 0 0 0.04296700603 0 0 0 0 0 0 0.09442397458 0 0 0 0 0 0 0.0007535784667 0 0 0 0 0 0 0.0007535784667 0 0 0 0 0 0 0.001308849851
512,1785495480.947945118,map,5.3927416801,-2.9084064960,-0.7885835767,0.0427787065,0.0319818042,0.9671299293,0.2486098449,0.04344267763 0 0 0 0 0 0 0.04344267763 0 0 0 0 0 0 0.09512849182 0 0 0 0 0 0 0.0007645827336 0 0 0 0 0 0 0.0007645827336 0 0 0 0 0 0 0.001323339637
513,1785495481.047435999,map,5.3931183815,-2.9221878052,-0.7851165533,0.0418966418,0.0275360946,0.9711392994,0.2331842760,0.04295983153 0 0 0 0 0 0 0.04295983153 0 0 0 0 0 0 0.09441333876 0 0 0 0 0 0 0.0007534126379 0 0 0 0 0 0 0.0007534126379 0 0 0 0 0 0 0.001308631304
514,1785495481.147726059,map,5.3620100021,-2.9204189777,-0.7858391404,0.0412175038,0.0252582297,0.9738408654,0.2220295451,0.04382257029 0 0 0 0 0 0 0.04382257029 0 0 0 0 0 0 0.09569025247 0 0 0 0 0 0 0.0007733849179 0 0 0 0 0 0 0.0007733849179 0 0 0 0 0 0 0.001334911829
515,1785495481.248039961,map,5.3771023750,-2.9333243370,-0.7868146896,0.0417202806,0.0237111580,0.9764815793,0.2101925880,0.04320480985 0 0 0 0 0 0 0.04320480985 0 0 0 0 0 0 0.09477634331 0 0 0 0 0 0 0.000759077462 0 0 0 0 0 0 0.000759077462 0 0 0 0 0 0 0.00131609377
516,1785495481.348354101,map,5.4384794235,-2.9384150505,-0.8015360832,0.0393258563,0.0218463667,0.9793709464,0.1969993927,0.04301189188 0 0 0 0 0 0 0.04301189188 0 0 0 0 0 0 0.09449050897 0 0 0 0 0 0 0.0007546160418 0 0 0 0 0 0 0.0007546160418 0 0 0 0 0 0 0.001310217152
517,1785495481.447685957,map,5.4076213837,-2.9133317471,-0.7929968238,0.0413152795,0.0206967867,0.9814514084,0.1860586348,0.04340648861 0 0 0 0 0 0 0.04340648861 0 0 0 0 0 0 0.09507493644 0 0 0 0 0 0 0.000763744858 0 0 0 0 0 0 0.000763744858 0 0 0 0 0 0 0.001322237256
518,1785495481.547856092,map,5.3921413422,-2.9031507969,-0.7880064249,0.0429000510,0.0182320901,0.9834162039,0.1752704522,0.04428144352 0 0 0 0 0 0 0.04428144352 0 0 0 0 0 0 0.09636775651 0 0 0 0 0 0 0.0007840330585 0 0 0 0 0 0 0.0007840330585 0 0 0 0 0 0 0.001348889907
519,1785495481.648076057,map,5.4024009705,-2.8873379230,-0.7930763364,0.0428996551,0.0156149225,0.9853582769,0.1642706710,0.04317306742 0 0 0 0 0 0 0.04317306742 0 0 0 0 0 0 0.09472932684 0 0 0 0 0 0 0.0007583431691 0 0 0 0 0 0 0.0007583431691 0 0 0 0 0 0 0.00131512684
520,1785495481.747498035,map,5.4135212898,-2.8930389881,-0.7978801727,0.0416303793,0.0143349536,0.9871961570,0.1533139530,0.04308366668 0 0 0 0 0 0 0.04308366668 0 0 0 0 0 0 0.09459687744 0 0 0 0 0 0 0.0007562755355 0 0 0 0 0 0 0.0007562755355 0 0 0 0 0 0 0.001312403538
521,1785495481.847949028,map,5.4301829338,-2.8872938156,-0.8059086800,0.0401733398,0.0127968109,0.9887052237,0.1438203889,0.04302503242 0 0 0 0 0 0 0.04302503242 0 0 0 0 0 0 0.09450998507 0 0 0 0 0 0 0.0007549198292 0 0 0 0 0 0 0.0007549198292 0 0 0 0 0 0 0.001310617436
522,1785495481.947264910,map,5.4145665169,-2.8796436787,-0.7973480821,0.0416681510,0.0114819115,0.9896961156,0.1365047556,0.04359011508 0 0 0 0 0 0 0.04359011508 0 0 0 0 0 0 0.09534660682 0 0 0 0 0 0 0.0007679974545 0 0 0 0 0 0 0.0007679974545 0 0 0 0 0 0 0.001327830838
523,1785495482.047560930,map,5.4037232399,-2.8839561939,-0.7919237614,0.0419374687,0.0103665977,0.9908222959,0.1280818250,0.04370125982 0 0 0 0 0 0 0.04370125982 0 0 0 0 0 0 0.09551095239 0 0 0 0 0 0 0.000770572822 0 0 0 0 0 0 0.000770572822 0 0 0 0 0 0 0.001331216501
524,1785495482.147675037,map,5.4085888863,-2.8808999062,-0.7896894217,0.0417576084,0.0083961584,0.9918667733,0.1199421445,0.04326714725 0 0 0 0 0 0 0.04326714725 0 0 0 0 0 0 0.09486866032 0 0 0 0 0 0 0.0007605197521 0 0 0 0 0 0 0.0007605197521 0 0 0 0 0 0 0.001317992676
525,1785495482.247946978,map,5.3904886246,-2.8958432674,-0.7863940597,0.0423146386,0.0079772222,0.9925552272,0.1139296017,0.04302771694 0 0 0 0 0 0 0.04302771694 0 0 0 0 0 0 0.09451396379 0 0 0 0 0 0 0.0007549818928 0 0 0 0 0 0 0.0007549818928 0 0 0 0 0 0 0.001310699211
526,1785495482.348192930,map,5.3722548485,-2.9035484791,-0.7829176188,0.0426553005,0.0076911242,0.9933524689,0.1066407047,0.04336933965 0 0 0 0 0 0 0.04336933965 0 0 0 0 0 0 0.09501995292 0 0 0 0 0 0 0.0007628848717 0 0 0 0 0 0 0.0007628848717 0 0 0 0 0 0 0.001321105634
527,1785495482.447423935,map,5.3790884018,-2.9030337334,-0.7858051062,0.0423661018,0.0069596667,0.9942696868,0.0979003279,0.0432600409 0 0 0 0 0 0 0.0432600409 0 0 0 0 0 0 0.09485813744 0 0 0 0 0 0 0.0007603553169 0 0 0 0 0 0 0.0007603553169 0 0 0 0 0 0 0.001317776204
528,1785495482.547549009,map,5.3706998825,-2.9080464840,-0.7894188762,0.0429087966,0.0062448697,0.9950627994,0.0892741523,0.04313813021 0 0 0 0 0 0 0.04313813021 0 0 0 0 0 0 0.09467757181 0 0 0 0 0 0 0.0007575350709 0 0 0 0 0 0 0.0007575350709 0 0 0 0 0 0 0.001314062592
529,1785495482.647778988,map,5.3620433807,-2.9354939461,-0.7806843519,0.0442870971,0.0064041437,0.9958614004,0.0791056760,0.04308276769 0 0 0 0 0 0 0.04308276769 0 0 0 0 0 0 0.09459554534 0 0 0 0 0 0 0.0007562547474 0 0 0 0 0 0 0.0007562547474 0 0 0 0 0 0 0.001312376153
530,1785495482.747976065,map,5.3342251778,-2.9469330311,-0.7801588774,0.0450283684,0.0045462609,0.9965568065,0.0694716234,0.04318438081 0 0 0 0 0 0 0.04318438081 0 0 0 0 0 0 0.09474608473 0 0 0 0 0 0 0.0007586048702 0 0 0 0 0 0 0.0007586048702 0 0 0 0 0 0 0.001315471466
531,1785495482.847115993,map,5.3396015167,-2.9554271698,-0.7818215489,0.0461897158,0.0030201504,0.9969728966,0.0624693893,0.04307050441 0 0 0 0 0 0 0.04307050441 0 0 0 0 0 0 0.09457737343 0 0 0 0 0 0 0.0007559711798 0 0 0 0 0 0 0.0007559711798 0 0 0 0 0 0 0.001312002592
532,1785495482.947388887,map,5.3397359848,-2.9540898800,-0.7814680934,0.0478033466,0.0023664191,0.9972439726,0.0566896438,0.04321531359 0 0 0 0 0 0 0.04321531359 0 0 0 0 0 0 0.09479190007 0 0 0 0 0 0 0.0007593204621 0 0 0 0 0 0 0.0007593204621 0 0 0 0 0 0 0.001316413732
533,1785495483.047607899,map,5.3247241974,-2.9550383091,-0.7753928900,0.0510314380,0.0002029173,0.9976029874,0.0467334532,0.04295998334 0 0 0 0 0 0 0.04295998334 0 0 0 0 0 0 0.09441356381 0 0 0 0 0 0 0.0007534161468 0 0 0 0 0 0 0.0007534161468 0 0 0 0 0 0 0.001308635928
534,1785495483.146910906,map,5.2966756821,-2.9455535412,-0.7619836330,0.0570469963,-0.0036693993,0.9978270093,0.0327632485,0.04267739983 0 0 0 0 0 0 0.04267739983 0 0 0 0 0 0 0.09399441803 0 0 0 0 0 0 0.0007468881229 0 0 0 0 0 0 0.0007468881229 0 0 0 0 0 0 0.001300027942
535,1785495483.247021914,map,5.2750940323,-2.9283421040,-0.7637754083,0.0559937486,-0.0080661815,0.9983062706,0.0135735466,0.04309537465 0 0 0 0 0 0 0.04309537465 0 0 0 0 0 0 0.09461422562 0 0 0 0 0 0 0.0007565462753 0 0 0 0 0 0 0.0007565462753 0 0 0 0 0 0 0.001312760183
536,1785495483.347089052,map,5.1994948387,-2.9604113102,-0.7592169642,0.0491076617,-0.0097338069,0.9987199011,-0.0072294579,0.04311159481 0 0 0 0 0 0 0.04311159481 0 0 0 0 0 0 0.09463825844 0 0 0 0 0 0 0.000756921376 0 0 0 0 0 0 0.000756921376 0 0 0 0 0 0 0.001313254277
537,1785495483.447441101,map,5.1946358681,-2.9571182728,-0.7680586576,0.0461129835,-0.0085452350,0.9985627933,-0.0259407997,0.04350872908 0 0 0 0 0 0 0.04350872908 0 0 0 0 0 0 0.09522622138 0 0 0 0 0 0 0.0007661122909 0 0 0 0 0 0 0.0007661122909 0 0 0 0 0 0 0.001325351679
538,1785495483.546875954,map,5.1914086342,-2.9710958004,-0.7501172423,0.0502767004,-0.0101767144,0.9980298319,-0.0361267089,0.04350948204 0 0 0 0 0 0 0.04350948204 0 0 0 0 0 0 0.09522733531 0 0 0 0 0 0 0.0007661297293 0 0 0 0 0 0 0.0007661297293 0 0 0 0 0 0 0.001325374615
539,1785495483.647058964,map,5.2578730583,-2.9411511421,-0.7666900158,0.0521802278,-0.0113825044,0.9978207894,-0.0387469926,0.04296178798 0 0 0 0 0 0 0.04296178798 0 0 0 0 0 0 0.09441623912 0 0 0 0 0 0 0.0007534578581 0 0 0 0 0 0 0.0007534578581 0 0 0 0 0 0 0.0013086909
540,1785495483.747360945,map,5.3090219498,-2.9227626324,-0.7764239907,0.0593278518,-0.0093346195,0.9975073340,-0.0370431685,0.0430464263 0 0 0 0 0 0 0.0430464263 0 0 0 0 0 0 0.09454169171 0 0 0 0 0 0 0.0007554144517 0 0 0 0 0 0 0.0007554144517 0 0 0 0 0 0 0.001311269131
541,1785495483.847620964,map,5.3517470360,-2.9478325844,-0.7797371149,0.0652261775,-0.0079140087,0.9972258474,-0.0349790911,0.04314586937 0 0 0 0 0 0 0.04314586937 0 0 0 0 0 0 0.09468903698 0 0 0 0 0 0 0.0007577140689 0 0 0 0 0 0 0.0007577140689 0 0 0 0 0 0 0.00131429834
542,1785495483.947968960,map,5.3534016609,-2.9381537437,-0.7773416042,0.0653651617,-0.0114539011,0.9973347133,-0.0303258518,0.04283684498 0 0 0 0 0 0 0.04283684498 0 0 0 0 0 0 0.09423097257 0 0 0 0 0 0 0.0007505706568 0 0 0 0 0 0 0.0007505706568 0 0 0 0 0 0 0.001304884919
543,1785495484.047234058,map,5.3451547623,-2.9080505371,-0.7806650400,0.0642642071,-0.0150057346,0.9976039508,-0.0207677315,0.04307833093 0 0 0 0 0 0 0.04307833093 0 0 0 0 0 0 0.09458897097 0 0 0 0 0 0 0.0007561521533 0 0 0 0 0 0 0.0007561521533 0 0 0 0 0 0 0.001312241002
544,1785495484.147334099,map,5.2945880890,-2.9260914326,-0.7734903097,0.0646739989,-0.0152299769,0.9977313026,-0.0108428011,0.04339493908 0 0 0 0 0 0 0.04339493908 0 0 0 0 0 0 0.095057843 0 0 0 0 0 0 0.0007634774777 0 0 0 0 0 0 0.0007634774777 0 0 0 0 0 0 0.001321885437
545,1785495484.247586012,map,5.2954511642,-2.8980753422,-0.7710152268,0.0696134059,-0.0145430830,0.9974678062,0.0006896626,0.04323575726 0 0 0 0 0 0 0.04323575726 0 0 0 0 0 0 0.09482217681 0 0 0 0 0 0 0.000759793446 0 0 0 0 0 0 0.000759793446 0 0 0 0 0 0 0.001317036482
546,1785495484.347994089,map,5.2929325104,-2.8736639023,-0.7771064639,0.0717778554,-0.0150239281,0.9972255485,0.0127836256,0.04355699746 0 0 0 0 0 0 0.04355699746 0 0 0 0 0 0 0.09529762393 0 0 0 0 0 0 0.0007672302761 0 0 0 0 0 0 0.0007672302761 0 0 0 0 0 0 0.001326822018
547,1785495484.447534084,map,5.2813310623,-2.8823764324,-0.7676355243,0.0734743738,-0.0152216801,0.9967827602,0.0281773145,0.0430236437 0 0 0 0 0 0 0.0430236437 0 0 0 0 0 0 0.09450792684 0 0 0 0 0 0 0.0007548877236 0 0 0 0 0 0 0.0007548877236 0 0 0 0 0 0 0.001310575133
548,1785495484.547190905,map,5.2767815590,-2.8982226849,-0.7764269710,0.0737701306,-0.0153990700,0.9962346894,0.0428635722,0.04346535551 0 0 0 0 0 0 0.04346535551 0 0 0 0 0 0 0.09516204867 0 0 0 0 0 0 0.0007651078453 0 0 0 0 0 0 0.0007651078453 0 0 0 0 0 0 0.001324030445
549,1785495484.647402048,map,5.2486476898,-2.9208118916,-0.7697757483,0.0731301243,-0.0164541039,0.9954251158,0.0592460138,0.04330950885 0 0 0 0 0 0 0.04330950885 0 0 0 0 0 0 0.09493138236 0 0 0 0 0 0 0.0007615000532 0 0 0 0 0 0 0.0007615000532 0 0 0 0 0 0 0.001319283084
550,1785495484.746738911,map,5.2560038567,-2.9473776817,-0.7670534253,0.0725268544,-0.0167464837,0.9946410488,0.0717536283,0.04337330931 0 0 0 0 0 0 0.04337330931 0 0 0 0 0 0 0.09502582871 0 0 0 0 0 0 0.0007629767626 0 0 0 0 0 0 0.0007629767626 0 0 0 0 0 0 0.001321226557
551,1785495484.847093105,map,5.2222003937,-2.9288060665,-0.7544382215,0.0749430638,-0.0192838650,0.9930777498,0.0883643614,0.04303714877 0 0 0 0 0 0 0.04303714877 0 0 0 0 0 0 0.09452794233 0 0 0 0 0 0 0.0007551999522 0 0 0 0 0 0 0.0007551999522 0 0 0 0 0 0 0.001310986521
552,1785495484.947556973,map,5.1945180893,-2.8799555302,-0.7499191761,0.0737954744,-0.0238410197,0.9918518250,0.1010731915,0.04282625669 0 0 0 0 0 0 0.04282625669 0 0 0 0 0 0 0.09421526812 0 0 0 0 0 0 0.0007503260425 0 0 0 0 0 0 0.0007503260425 0 0 0 0 0 0 0.001304562381
553,1785495485.047930002,map,5.1531453133,-2.8838603497,-0.7423631549,0.0742009445,-0.0241765199,0.9906940033,0.1115127898,0.04320217793 0 0 0 0 0 0 0.04320217793 0 0 0 0 0 0 0.09477244515 0 0 0 0 0 0 0.0007590165748 0 0 0 0 0 0 0.0007590165748 0 0 0 0 0 0 0.001316013597
554,1785495485.147319078,map,5.1255283356,-2.8893775940,-0.7373021841,0.0723331127,-0.0271867288,0.9892547999,0.1241118359,0.04381672907 0 0 0 0 0 0 0.04381672907 0 0 0 0 0 0 0.09568162083 0 0 0 0 0 0 0.0007732494846 0 0 0 0 0 0 0.0007732494846 0 0 0 0 0 0 0.001334733895
555,1785495485.247659922,map,5.1107544899,-2.9352097511,-0.7363765240,0.0693791221,-0.0294741004,0.9879863359,0.1349104336,0.04354263019 0 0 0 0 0 0 0.04354263019 0 0 0 0 0 0 0.09527637202 0 0 0 0 0 0 0.000766897483 0 0 0 0 0 0 0.000766897483 0 0 0 0 0 0 0.001326384366
556,1785495485.347877026,map,5.0786576271,-2.9084925652,-0.7294134498,0.0649909479,-0.0306607244,0.9870219897,0.1436095270,0.04371429907 0 0 0 0 0 0 0.04371429907 0 0 0 0 0 0 0.0955302286 0 0 0 0 0 0 0.000770875026 0 0 0 0 0 0 0.000770875026 0 0 0 0 0 0 0.001331613699
557,1785495485.447113991,map,5.0445914268,-2.9308784008,-0.7356461883,0.0652561127,-0.0316640887,0.9849569251,0.1568403323,0.04384563446 0 0 0 0 0 0 0.04384563446 0 0 0 0 0 0 0.09572433285 0 0 0 0 0 0 0.0007739197065 0 0 0 0 0 0 0.0007739197065 0 0 0 0 0 0 0.001335614404
558,1785495485.547499895,map,5.0035080910,-2.9289925098,-0.7416078448,0.0675570641,-0.0273318649,0.9831492043,0.1676504077,0.04335692185 0 0 0 0 0 0 0.04335692185 0 0 0 0 0 0 0.09500157186 0 0 0 0 0 0 0.0007625974297 0 0 0 0 0 0 0.0007625974297 0 0 0 0 0 0 0.001320727366
559,1785495485.646874905,map,5.0325961113,-2.9572079182,-0.7534629107,0.0635787410,-0.0185602687,0.9818707052,0.1776039971,0.04319014022 0 0 0 0 0 0 0.04319014022 0 0 0 0 0 0 0.09475461555 0 0 0 0 0 0 0.0007587381011 0 0 0 0 0 0 0.0007587381011 0 0 0 0 0 0 0.001315646908
560,1785495485.747169971,map,4.9977402687,-2.9268095493,-0.7494303584,0.0560864664,-0.0150134876,0.9801458762,0.1895862351,0.0431964993 0 0 0 0 0 0 0.0431964993 0 0 0 0 0 0 0.09476403437 0 0 0 0 0 0 0.000758885207 0 0 0 0 0 0 0.000758885207 0 0 0 0 0 0 0.001315840616
561,1785495485.847357035,map,4.9298295975,-2.8976607323,-0.7322100997,0.0558327492,-0.0088475482,0.9776069244,0.2027045275,0.04292253436 0 0 0 0 0 0 0.04292253436 0 0 0 0 0 0 0.09435804298 0 0 0 0 0 0 0.0007525506356 0 0 0 0 0 0 0.0007525506356 0 0 0 0 0 0 0.001307495167
562,1785495485.947535038,map,4.9246377945,-2.8831992149,-0.7316740155,0.0626151262,-0.0088816013,0.9752939377,0.2116653129,0.04339040262 0 0 0 0 0 0 0.04339040262 0 0 0 0 0 0 0.09505112879 0 0 0 0 0 0 0.0007633724583 0 0 0 0 0 0 0.0007633724583 0 0 0 0 0 0 0.001321747249
563,1785495486.047722101,map,4.9111895561,-2.8713357449,-0.7418006659,0.0682796729,-0.0067557283,0.9727224228,0.2215926995,0.04358127196 0 0 0 0 0 0 0.04358127196 0 0 0 0 0 0 0.09533352793 0 0 0 0 0 0 0.0007677925924 0 0 0 0 0 0 0.0007677925924 0 0 0 0 0 0 0.001327561462
564,1785495486.148092031,map,4.8941302299,-2.8543488979,-0.7396216393,0.0692811934,-0.0052770172,0.9711032173,0.2283217450,0.04312063109 0 0 0 0 0 0 0.04312063109 0 0 0 0 0 0 0.09465164653 0 0 0 0 0 0 0.000757130355 0 0 0 0 0 0 0.000757130355 0 0 0 0 0 0 0.001313529538
565,1785495486.247229099,map,4.8616027832,-2.8472867012,-0.7312148213,0.0698662289,0.0001257951,0.9699309596,0.2331365272,0.04345771549 0 0 0 0 0 0 0.04345771549 0 0 0 0 0 0 0.09515074392 0 0 0 0 0 0 0.0007649309341 0 0 0 0 0 0 0.0007649309341 0 0 0 0 0 0 0.001323797716
566,1785495486.347424030,map,4.8295464516,-2.8498156071,-0.7196039557,0.0701451820,0.0023078953,0.9684947354,0.2389399031,0.04308759346 0 0 0 0 0 0 0.04308759346 0 0 0 0 0 0 0.094602696 0 0 0 0 0 0 0.0007563663387 0 0 0 0 0 0 0.0007563663387 0 0 0 0 0 0 0.001312523155
567,1785495486.447639942,map,4.8469824791,-2.8284974098,-0.7137598991,0.0648048963,-0.0003082831,0.9662148082,0.2494577470,0.04279837085 0 0 0 0 0 0 0.04279837085 0 0 0 0 0 0 0.09417390509 0 0 0 0 0 0 0.0007496818606 0 0 0 0 0 0 0.0007496818606 0 0 0 0 0 0 0.00130371293
568,1785495486.548049927,map,4.7953586578,-2.8421273232,-0.6966003180,0.0533894234,-0.0091575973,0.9620708667,0.2673674531,0.042757583 0 0 0 0 0 0 0.042757583 0 0 0 0 0 0 0.09411339662 0 0 0 0 0 0 0.0007487397541 0 0 0 0 0 0 0.0007487397541 0 0 0 0 0 0 0.001302470461
569,1785495486.647336006,map,4.7325243950,-2.7728042603,-0.7055130601,0.0442970918,-0.0152227467,0.9602975265,0.2750176597,0.04272164487 0 0 0 0 0 0 0.04272164487 0 0 0 0 0 0 0.09406007487 0 0 0 0 0 0 0.0007479097837 0 0 0 0 0 0 0.0007479097837 0 0 0 0 0 0 0.001301375723
570,1785495486.746684074,map,4.6634502411,-2.7797408104,-0.7061033845,0.0440004124,-0.0121407027,0.9604739180,0.2746022853,0.0432284631 0 0 0 0 0 0 0.0432284631 0 0 0 0 0 0 0.09481137454 0 0 0 0 0 0 0.0007596246844 0 0 0 0 0 0 0.0007596246844 0 0 0 0 0 0 0.001316814289
571,1785495486.846990108,map,4.6294054985,-2.8022882938,-0.6912421584,0.0501726458,-0.0103586806,0.9615190421,0.2699195110,0.04320912865 0 0 0 0 0 0 0.04320912865 0 0 0 0 0 0 0.09478273982 0 0 0 0 0 0 0.0007591773747 0 0 0 0 0 0 0.0007591773747 0 0 0 0 0 0 0.001316225328
572,1785495486.947124958,map,4.6316609383,-2.8358254433,-0.6759272814,0.0622466581,-0.0096047710,0.9618056725,0.2663887557,0.04344537982 0 0 0 0 0 0 0.04344537982 0 0 0 0 0 0 0.09513249045 0 0 0 0 0 0 0.0007646453012 0 0 0 0 0 0 0.0007646453012 0 0 0 0 0 0 0.00132342195
573,1785495487.047481060,map,4.6212034225,-2.7676548958,-0.6693759561,0.0725497307,-0.0181294135,0.9614047178,0.2647807260,0.04336808581 0 0 0 0 0 0 0.04336808581 0 0 0 0 0 0 0.09501809701 0 0 0 0 0 0 0.0007628558479 0 0 0 0 0 0 0.0007628558479 0 0 0 0 0 0 0.00132106744
574,1785495487.148211956,map,4.6772284508,-2.8286278248,-0.7084968090,0.0658588877,-0.0102717846,0.9619917785,0.2648186366,0.04319862357 0 0 0 0 0 0 0.04319862357 0 0 0 0 0 0 0.0947671807 0 0 0 0 0 0 0.0007589343488 0 0 0 0 0 0 0.0007589343488 0 0 0 0 0 0 0.001315905325
575,1785495487.247342110,map,4.5638360977,-2.7320873737,-0.7050127983,0.0632022072,-0.0003768574,0.9629763397,0.2620723408,0.04309696765 0 0 0 0 0 0 0.04309696765 0 0 0 0 0 0 0.09461658597 0 0 0 0 0 0 0.0007565831132 0 0 0 0 0 0 0.0007565831132 0 0 0 0 0 0 0.001312808709
576,1785495487.347564936,map,4.5643839836,-2.7462656498,-0.6895913482,0.0724332949,0.0062480358,0.9622584235,0.2622462328,0.04347323222 0 0 0 0 0 0 0.04347323222 0 0 0 0 0 0 0.09517370331 0 0 0 0 0 0 0.0007652902425 0 0 0 0 0 0 0.0007652902425 0 0 0 0 0 0 0.001324270383
577,1785495487.447875023,map,4.5713024139,-2.7397089005,-0.6832945943,0.0740741896,0.0054956172,0.9622942256,0.2616727896,0.04350482753 0 0 0 0 0 0 0.04350482753 0 0 0 0 0 0 0.09522044932 0 0 0 0 0 0 0.0007660219322 0 0 0 0 0 0 0.0007660219322 0 0 0 0 0 0 0.001325232831
578,1785495487.547728062,map,4.5685052872,-2.7295489311,-0.6856319904,0.0742250080,0.0060262271,0.9625651214,0.2606198236,0.0428913065 0 0 0 0 0 0 0.0428913065 0 0 0 0 0 0 0.09431173938 0 0 0 0 0 0 0.0007518289972 0 0 0 0 0 0 0.0007518289972 0 0 0 0 0 0 0.001306543912
579,1785495487.648047924,map,4.5105657578,-2.6547105312,-0.6819781661,0.0721414946,0.0074654026,0.9634099802,0.2580331131,0.04296541459 0 0 0 0 0 0 0.04296541459 0 0 0 0 0 0 0.09442161538 0 0 0 0 0 0 0.0007535416824 0 0 0 0 0 0 0.0007535416824 0 0 0 0 0 0 0.001308801373
580,1785495487.747298956,map,4.4905643463,-2.6682682037,-0.6720110774,0.0699757475,0.0115716197,0.9643648480,0.2548920228,0.04306226107 0 0 0 0 0 0 0.04306226107 0 0 0 0 0 0 0.09456515788 0 0 0 0 0 0 0.0007557805739 0 0 0 0 0 0 0.0007557805739 0 0 0 0 0 0 0.001311751486
581,1785495487.846704006,map,4.4989376068,-2.7217841148,-0.6746279001,0.0631936327,0.0158667404,0.9663200050,0.2489587530,0.04305584315 0 0 0 0 0 0 0.04305584315 0 0 0 0 0 0 0.09455564708 0 0 0 0 0 0 0.00075563218 0 0 0 0 0 0 0.00075563218 0 0 0 0 0 0 0.001311555985
582,1785495487.946829081,map,4.4901523590,-2.7329804897,-0.6749570370,0.0596198808,0.0193193870,0.9676153475,0.2445255858,0.04293632184 0 0 0 0 0 0 0.04293632184 0 0 0 0 0 0 0.09437848483 0 0 0 0 0 0 0.0007528692743 0 0 0 0 0 0 0.0007528692743 0 0 0 0 0 0 0.001307915157
583,1785495488.047096014,map,4.4152717590,-2.6978745461,-0.6452293396,0.0644599800,0.0193079797,0.9685820772,0.2394177687,0.04312779106 0 0 0 0 0 0 0.04312779106 0 0 0 0 0 0 0.09466225437 0 0 0 0 0 0 0.000757295946 0 0 0 0 0 0 0.000757295946 0 0 0 0 0 0 0.001313747643
584,1785495488.147275925,map,4.3914804459,-2.6796033382,-0.6336960793,0.0695985898,0.0157862429,0.9686995309,0.2377563102,0.04262487503 0 0 0 0 0 0 0.04262487503 0 0 0 0 0 0 0.09391646014 0 0 0 0 0 0 0.0007456754941 0 0 0 0 0 0 0.0007456754941 0 0 0 0 0 0 0.001298427945
585,1785495488.247522116,map,4.4046311378,-2.6513507366,-0.6425656080,0.0778016959,0.0070778841,0.9691969394,0.2335681984,0.04337900475 0 0 0 0 0 0 0.04337900475 0 0 0 0 0 0 0.0950342588 0 0 0 0 0 0 0.0007631086044 0 0 0 0 0 0 0.0007631086044 0 0 0 0 0 0 0.00132140005
586,1785495488.346822977,map,4.3803272247,-2.6487436295,-0.6423832178,0.0853287330,0.0028501891,0.9698055193,0.2284472451,0.04308730999 0 0 0 0 0 0 0.04308730999 0 0 0 0 0 0 0.09460227596 0 0 0 0 0 0 0.0007563597836 0 0 0 0 0 0 0.0007563597836 0 0 0 0 0 0 0.001312514519
587,1785495488.447052956,map,4.3362045288,-2.6449961662,-0.6368286014,0.0905976254,0.0027608532,0.9705086250,0.2233774070,0.04319433692 0 0 0 0 0 0 0.04319433692 0 0 0 0 0 0 0.09476083156 0 0 0 0 0 0 0.0007588351838 0 0 0 0 0 0 0.0007588351838 0 0 0 0 0 0 0.001315774746
588,1785495488.547355890,map,4.3364996910,-2.6547119617,-0.6490629315,0.0922542617,0.0105354193,0.9721690340,0.2150942229,0.04318675515 0 0 0 0 0 0 0.04318675515 0 0 0 0 0 0 0.09474960161 0 0 0 0 0 0 0.0007586597947 0 0 0 0 0 0 0.0007586597947 0 0 0 0 0 0 0.001315543792
589,1785495488.647566080,map,4.3045792580,-2.6628453732,-0.6380747557,0.0981861267,0.0148088532,0.9727744218,0.2094041425,0.04292551802 0 0 0 0 0 0 0.04292551802 0 0 0 0 0 0 0.09436246676 0 0 0 0 0 0 0.0007526195888 0 0 0 0 0 0 0.0007526195888 0 0 0 0 0 0 0.001307586054
590,1785495488.747879982,map,4.2742571831,-2.6199326515,-0.6154911518,0.1057050763,0.0132580679,0.9723231500,0.2079383474,0.04360737613 0 0 0 0 0 0 0.04360737613 0 0 0 0 0 0 0.09537213455 0 0 0 0 0 0 0.0007683973478 0 0 0 0 0 0 0.0007683973478 0 0 0 0 0 0 0.00132835664
591,1785495488.847287893,map,4.2439713478,-2.5824537277,-0.6123955846,0.1131569369,0.0089683394,0.9719731487,0.2058719591,0.04328340036 0 0 0 0 0 0 0.04328340036 0 0 0 0 0 0 0.09489272641 0 0 0 0 0 0 0.0007608958516 0 0 0 0 0 0 0.0007608958516 0 0 0 0 0 0 0.001318487774
592,1785495488.947622061,map,4.1819863319,-2.5645723343,-0.6170557737,0.1123788067,0.0086769219,0.9730089536,0.2013685648,0.04344170336 0 0 0 0 0 0 0.04344170336 0 0 0 0 0 0 0.09512705012 0 0 0 0 0 0 0.0007645601752 0 0 0 0 0 0 0.0007645601752 0 0 0 0 0 0 0.001323309959
593,1785495489.047029018,map,4.2002782822,-2.6058671474,-0.6257928610,0.1077954007,0.0141234032,0.9741729417,0.1979084887,0.04307907444 0 0 0 0 0 0 0.04307907444 0 0 0 0 0 0 0.09459007271 0 0 0 0 0 0 0.0007561693459 0 0 0 0 0 0 0.0007561693459 0 0 0 0 0 0 0.00131226365
594,1785495489.147283077,map,4.2328815460,-2.5870459080,-0.6153923869,0.1017580079,0.0140096940,0.9754423202,0.1948366188,0.04296082385 0 0 0 0 0 0 0.04296082385 0 0 0 0 0 0 0.09441480983 0 0 0 0 0 0 0.0007534355736 0 0 0 0 0 0 0.0007534355736 0 0 0 0 0 0 0.001308661531
595,1785495489.247383118,map,4.1881666183,-2.5465109348,-0.5937369466,0.1038622425,0.0078552195,0.9760495326,0.1909927576,0.04338705574 0 0 0 0 0 0 0.04338705574 0 0 0 0 0 0 0.09504617515 0 0 0 0 0 0 0.000763294979 0 0 0 0 0 0 0.000763294979 0 0 0 0 0 0 0.001321645297
596,1785495489.347821951,map,4.1418771744,-2.5407109261,-0.5938850045,0.1032751203,0.0063954886,0.9769572261,0.1866759800,0.04327920444 0 0 0 0 0 0 0.04327920444 0 0 0 0 0 0 0.09488651362 0 0 0 0 0 0 0.0007607987551 0 0 0 0 0 0 0.0007607987551 0 0 0 0 0 0 0.001318359959
597,1785495489.447304010,map,4.1341447830,-2.5442700386,-0.6003945470,0.0965252157,0.0060071022,0.9784343785,0.1825183504,0.04360922029 0 0 0 0 0 0 0.04360922029 0 0 0 0 0 0 0.09537486181 0 0 0 0 0 0 0.0007684400736 0 0 0 0 0 0 0.0007684400736 0 0 0 0 0 0 0.001328412816
598,1785495489.547470093,map,4.0836648941,-2.5022227764,-0.6006226540,0.0886062867,0.0054211710,0.9802067015,0.1769586458,0.04352190671 0 0 0 0 0 0 0.04352190671 0 0 0 0 0 0 0.09524571608 0 0 0 0 0 0 0.0007664174899 0 0 0 0 0 0 0.0007664174899 0 0 0 0 0 0 0.001325753093
599,1785495489.647710085,map,4.0820059776,-2.5039916039,-0.5931903720,0.0815624368,0.0057440089,0.9812935403,0.1742915550,0.04275728478 0 0 0 0 0 0 0.04275728478 0 0 0 0 0 0 0.09411295417 0 0 0 0 0 0 0.0007487328663 0 0 0 0 0 0 0.0007487328663 0 0 0 0 0 0 0.001302461377
600,1785495489.747905016,map,4.0586152077,-2.4685161114,-0.5948963165,0.0729875679,0.0036634783,0.9821321959,0.1734235905,0.0431735072 0 0 0 0 0 0 0.0431735072 0 0 0 0 0 0 0.09472997827 0 0 0 0 0 0 0.0007583533418 0 0 0 0 0 0 0.0007583533418 0 0 0 0 0 0 0.001315140237
601,1785495489.847304106,map,4.0612559319,-2.4731721878,-0.5837599039,0.0577998246,0.0045384247,0.9830812475,0.1737522635,0.04278031421 0 0 0 0 0 0 0.04278031421 0 0 0 0 0 0 0.09414711936 0 0 0 0 0 0 0.0007492647757 0 0 0 0 0 0 0.0007492647757 0 0 0 0 0 0 0.001303162893
602,1785495489.947588921,map,4.0452795029,-2.4836535454,-0.5961865187,0.0459801614,0.0071350200,0.9833743823,0.1755270610,0.04337785872 0 0 0 0 0 0 0.04337785872 0 0 0 0 0 0 0.09503256253 0 0 0 0 0 0 0.0007630820752 0 0 0 0 0 0 0.0007630820752 0 0 0 0 0 0 0.00132136514
603,1785495490.046890020,map,4.0019073486,-2.4763560295,-0.6014418602,0.0274230388,0.0093860655,0.9841724066,0.1748271884,0.04279180091 0 0 0 0 0 0 0.04279180091 0 0 0 0 0 0 0.09416415926 0 0 0 0 0 0 0.0007495301002 0 0 0 0 0 0 0.0007495301002 0 0 0 0 0 0 0.001303512798
604,1785495490.147238016,map,3.9386289120,-2.4431059361,-0.5905078650,-0.0000050478,0.0164769888,0.9842023244,0.1762790337,0.0426563298 0 0 0 0 0 0 0.0426563298 0 0 0 0 0 0 0.09396314754 0 0 0 0 0 0 0.000746401655 0 0 0 0 0 0 0.000746401655 0 0 0 0 0 0 0.001299386112
605,1785495490.247435093,map,3.9358410835,-2.4338734150,-0.5879538655,-0.0380483035,0.0138664766,0.9822328814,0.1832446425,0.04268842191 0 0 0 0 0 0 0.04268842191 0 0 0 0 0 0 0.09401077514 0 0 0 0 0 0 0.0007471426176 0 0 0 0 0 0 0.0007471426176 0 0 0 0 0 0 0.001300363694
606,1785495490.347762108,map,3.8622779846,-2.4349830151,-0.6035344005,-0.0605217878,0.0141334537,0.9792039472,0.1931242511,0.04256177697 0 0 0 0 0 0 0.04256177697 0 0 0 0 0 0 0.09382278858 0 0 0 0 0 0 0.0007442190785 0 0 0 0 0 0 0.0007442190785 0 0 0 0 0 0 0.001296505868
607,1785495490.446966887,map,3.8195073605,-2.4371342659,-0.6081973314,-0.0660944217,0.0203033149,0.9768144664,0.2026148826,0.04266705077 0 0 0 0 0 0 0.04266705077 0 0 0 0 0 0 0.09397905909 0 0 0 0 0 0 0.0007466491777 0 0 0 0 0 0 0.0007466491777 0 0 0 0 0 0 0.001299712692
608,1785495490.547204971,map,3.7908129692,-2.3804857731,-0.5936321616,-0.0603343162,0.0209555009,0.9760720356,0.2078557658,0.04248859948 0 0 0 0 0 0 0.04248859948 0 0 0 0 0 0 0.0937141253 0 0 0 0 0 0 0.0007425304441 0 0 0 0 0 0 0.0007425304441 0 0 0 0 0 0 0.001294276754
609,1785495490.647274017,map,3.7236607075,-2.3896851540,-0.5838106275,-0.0449976906,0.0282793277,0.9760493265,0.2109578334,0.04244038304 0 0 0 0 0 0 0.04244038304 0 0 0 0 0 0 0.09364251067 0 0 0 0 0 0 0.0007414180621 0 0 0 0 0 0 0.0007414180621 0 0 0 0 0 0 0.001292807998
610,1785495490.747715950,map,3.7261137962,-2.3902552128,-0.5700658560,-0.0367326557,0.0287599706,0.9743066673,0.2203408753,0.04267786274 0 0 0 0 0 0 0.04267786274 0 0 0 0 0 0 0.09399510502 0 0 0 0 0 0 0.0007468988112 0 0 0 0 0 0 0.0007468988112 0 0 0 0 0 0 0.001300042043
611,1785495490.847997904,map,3.7134292126,-2.3641908169,-0.5797141790,-0.0380263312,0.0214117258,0.9720773621,0.2305669928,0.04249165333 0 0 0 0 0 0 0.04249165333 0 0 0 0 0 0 0.09371866066 0 0 0 0 0 0 0.000742600905 0 0 0 0 0 0 0.000742600905 0 0 0 0 0 0 0.00129436978
612,1785495490.947341919,map,3.6916985512,-2.3543488979,-0.5859391093,-0.0344427895,0.0201481740,0.9708296925,0.2364264527,0.04261578575 0 0 0 0 0 0 0.04261578575 0 0 0 0 0 0 0.09390296814 0 0 0 0 0 0 0.0007454656761 0 0 0 0 0 0 0.0007454656761 0 0 0 0 0 0 0.00129815107
613,1785495491.047466993,map,3.6383922100,-2.3234381676,-0.5710484982,-0.0247941348,0.0185432523,0.9705222055,0.2390147226,0.04231462797 0 0 0 0 0 0 0.04231462797 0 0 0 0 0 0 0.09345566732 0 0 0 0 0 0 0.0007385177714 0 0 0 0 0 0 0.0007385177714 0 0 0 0 0 0 0.001288977279
614,1785495491.146819115,map,3.5923938751,-2.3186676502,-0.5528857708,-0.0117050002,0.0091205769,0.9705504100,0.2404406705,0.04256327095 0 0 0 0 0 0 0.04256327095 0 0 0 0 0 0 0.09382500671 0 0 0 0 0 0 0.0007442535583 0 0 0 0 0 0 0.0007442535583 0 0 0 0 0 0 0.001296551378
615,1785495491.246978998,map,3.5638165474,-2.3058629036,-0.5610536933,0.0019450523,0.0012967222,0.9705121104,0.2410410545,0.04293164719 0 0 0 0 0 0 0.04293164719 0 0 0 0 0 0 0.09437155413 0 0 0 0 0 0 0.0007527612379 0 0 0 0 0 0 0.0007527612379 0 0 0 0 0 0 0.001307772759
616,1785495491.347096920,map,3.4961805344,-2.2927694321,-0.5512633324,0.0161428542,0.0018429746,0.9708338598,0.2392020868,0.04242843008 0 0 0 0 0 0 0.04242843008 0 0 0 0 0 0 0.0936247552 0 0 0 0 0 0 0.0007411423315 0 0 0 0 0 0 0.0007411423315 0 0 0 0 0 0 0.00129244389
617,1785495491.448132038,map,3.5097146034,-2.2896664143,-0.5732984543,0.0179840919,0.0053245907,0.9704215104,0.2406871682,0.04331801598 0 0 0 0 0 0 0.04331801598 0 0 0 0 0 0 0.09494397711 0 0 0 0 0 0 0.0007616969372 0 0 0 0 0 0 0.0007616969372 0 0 0 0 0 0 0.001319542226
618,1785495491.547389030,map,3.4786117077,-2.2842497826,-0.5850552320,0.0197653442,0.0136236681,0.9698200315,0.2426372660,0.0428710904 0 0 0 0 0 0 0.0428710904 0 0 0 0 0 0 0.09428176072 0 0 0 0 0 0 0.0007513618719 0 0 0 0 0 0 0.0007513618719 0 0 0 0 0 0 0.001305928094
619,1785495491.647634029,map,3.4723534584,-2.2592184544,-0.5803523660,0.0228661169,0.0181392592,0.9695714498,0.2430623317,0.04282828872 0 0 0 0 0 0 0.04282828872 0 0 0 0 0 0 0.09421828206 0 0 0 0 0 0 0.0007503729864 0 0 0 0 0 0 0.0007503729864 0 0 0 0 0 0 0.00130462428
620,1785495491.747832060,map,3.4073581696,-2.2306511402,-0.5548045635,0.0360392397,0.0164236090,0.9691303722,0.2433469794,0.04253321721 0 0 0 0 0 0 0.04253321721 0 0 0 0 0 0 0.09378038303 0 0 0 0 0 0 0.0007435599817 0 0 0 0 0 0 0.0007435599817 0 0 0 0 0 0 0.001295635888
621,1785495491.847922087,map,3.4226636887,-2.2068550587,-0.5590633154,0.0445218502,0.0148385505,0.9684332284,0.2448156162,0.04463987283 0 0 0 0 0 0 0.04463987283 0 0 0 0 0 0 0.09689617311 0 0 0 0 0 0 0.0007923623851 0 0 0 0 0 0 0.0007923623851 0 0 0 0 0 0 0.001359808288
622,1785495491.947331905,map,3.4102957249,-2.1825962067,-0.5597510934,0.0478116589,0.0152241128,0.9675586897,0.2476134927,0.04283778274 0 0 0 0 0 0 0.04283778274 0 0 0 0 0 0 0.09423236342 0 0 0 0 0 0 0.0007505923217 0 0 0 0 0 0 0.0007505923217 0 0 0 0 0 0 0.001304913485
623,1785495492.047414064,map,3.3780579567,-2.1555600166,-0.5754539967,0.0479266880,0.0164236635,0.9672150372,0.2488541044,0.042615627 0 0 0 0 0 0 0.042615627 0 0 0 0 0 0 0.09390273249 0 0 0 0 0 0 0.0007454620115 0 0 0 0 0 0 0.0007454620115 0 0 0 0 0 0 0.001298146234
624,1785495492.147798061,map,3.3233630657,-2.1476740837,-0.5883375406,0.0458206760,0.0266707868,0.9669699543,0.2493155764,0.04249909232 0 0 0 0 0 0 0.04249909232 0 0 0 0 0 0 0.09372970829 0 0 0 0 0 0 0.000742772547 0 0 0 0 0 0 0.000742772547 0 0 0 0 0 0 0.001294596385
625,1785495492.247023106,map,3.3173792362,-2.2268753052,-0.5771894455,0.0451932975,0.0393588274,0.9677315712,0.2447530500,0.04280123865 0 0 0 0 0 0 0.04280123865 0 0 0 0 0 0 0.0941781591 0 0 0 0 0 0 0.0007497481058 0 0 0 0 0 0 0.0007497481058 0 0 0 0 0 0 0.001303800288
626,1785495492.347284079,map,3.2889668941,-2.1874153614,-0.5418379307,0.0505816090,0.0368932335,0.9686235453,0.2405178022,0.04249048415 0 0 0 0 0 0 0.04249048415 0 0 0 0 0 0 0.09371692428 0 0 0 0 0 0 0.0007425739287 0 0 0 0 0 0 0.0007425739287 0 0 0 0 0 0 0.001294334165
627,1785495492.447618961,map,3.2713570595,-2.1699564457,-0.5210939646,0.0589596299,0.0281372738,0.9687937604,0.2391039375,0.04288396917 0 0 0 0 0 0 0.04288396917 0 0 0 0 0 0 0.09430085905 0 0 0 0 0 0 0.0007516594524 0 0 0 0 0 0 0.0007516594524 0 0 0 0 0 0 0.001306320404
628,1785495492.547903061,map,3.2551016808,-2.1056838036,-0.5236813426,0.0741925259,0.0139436018,0.9683171043,0.2380399524,0.04336205068 0 0 0 0 0 0 0.04336205068 0 0 0 0 0 0 0.09500916375 0 0 0 0 0 0 0.0007627161482 0 0 0 0 0 0 0.0007627161482 0 0 0 0 0 0 0.0013208836
629,1785495492.647207022,map,3.2054851055,-2.0772693157,-0.5423690677,0.0819316953,0.0118820350,0.9689195008,0.2331116023,0.04260726982 0 0 0 0 0 0 0.04260726982 0 0 0 0 0 0 0.09389032679 0 0 0 0 0 0 0.0007452690998 0 0 0 0 0 0 0.0007452690998 0 0 0 0 0 0 0.00129789166
630,1785495492.747508049,map,3.1726565361,-2.0841081142,-0.5615781546,0.0872824518,0.0239327589,0.9694349651,0.2280457230,0.04319537578 0 0 0 0 0 0 0.04319537578 0 0 0 0 0 0 0.09476237028 0 0 0 0 0 0 0.0007588592161 0 0 0 0 0 0 0.0007588592161 0 0 0 0 0 0 0.001315806392
631,1785495492.847982883,map,3.1598641872,-2.1090800762,-0.5747580528,0.0949389848,0.0442070991,0.9694310379,0.2218913839,0.04328208456 0 0 0 0 0 0 0.04328208456 0 0 0 0 0 0 0.09489077815 0 0 0 0 0 0 0.000760865403 0 0 0 0 0 0 0.000760865403 0 0 0 0 0 0 0.001318447692
632,1785495492.948288918,map,3.1721513271,-2.0582215786,-0.5482340455,0.0949427142,0.0550380647,0.9692211774,0.2203792459,0.04254272009 0 0 0 0 0 0 0.04254272009 0 0 0 0 0 0 0.09379449342 0 0 0 0 0 0 0.0007437792795 0 0 0 0 0 0 0.0007437792795 0 0 0 0 0 0 0.001295925362
633,1785495493.047671080,map,3.1598668098,-2.0453007221,-0.5283365846,0.0970501069,0.0523852393,0.9694244129,0.2192108050,0.04313226429 0 0 0 0 0 0 0.04313226429 0 0 0 0 0 0 0.09466888152 0 0 0 0 0 0 0.0007573994021 0 0 0 0 0 0 0.0007573994021 0 0 0 0 0 0 0.001313883906
634,1785495493.147131920,map,3.1201663017,-2.0518662930,-0.5390380025,0.1015750919,0.0481725167,0.9699350692,0.2158422602,0.04349964779 0 0 0 0 0 0 0.04349964779 0 0 0 0 0 0 0.09521278615 0 0 0 0 0 0 0.0007659019733 0 0 0 0 0 0 0.0007659019733 0 0 0 0 0 0 0.001325075047
635,1785495493.247332096,map,3.0757784843,-2.0517156124,-0.5503053665,0.1035128027,0.0506876656,0.9702502217,0.2129093013,0.04284884626 0 0 0 0 0 0 0.04284884626 0 0 0 0 0 0 0.09424877198 0 0 0 0 0 0 0.000750847926 0 0 0 0 0 0 0.000750847926 0 0 0 0 0 0 0.001305250499
636,1785495493.347856998,map,3.1056971550,-2.0418150425,-0.5340803266,0.1015423756,0.0501331184,0.9706901688,0.2119821255,0.04271121332 0 0 0 0 0 0 0.04271121332 0 0 0 0 0 0 0.09404459611 0 0 0 0 0 0 0.0007476688939 0 0 0 0 0 0 0.0007476688939 0 0 0 0 0 0 0.00130105796
637,1785495493.448084116,map,3.0755000114,-2.0063748360,-0.5239822865,0.1042530300,0.0455868448,0.9709246899,0.2106143542,0.04286360899 0 0 0 0 0 0 0.04286360899 0 0 0 0 0 0 0.09427066588 0 0 0 0 0 0 0.0007511890109 0 0 0 0 0 0 0.0007511890109 0 0 0 0 0 0 0.001305700197
638,1785495493.547514915,map,3.0775623322,-2.0075118542,-0.5216964483,0.1071751351,0.0414435038,0.9710945553,0.2092159006,0.04324811005 0 0 0 0 0 0 0.04324811005 0 0 0 0 0 0 0.09484046995 0 0 0 0 0 0 0.0007600792566 0 0 0 0 0 0 0.0007600792566 0 0 0 0 0 0 0.001317412769
639,1785495493.646914959,map,3.0390267372,-2.0065948963,-0.5076963902,0.1136044796,0.0357569762,0.9711660360,0.2065235692,0.04329557083 0 0 0 0 0 0 0.04329557083 0 0 0 0 0 0 0.09491074635 0 0 0 0 0 0 0.000761177493 0 0 0 0 0 0 0.000761177493 0 0 0 0 0 0 0.001318858508
640,1785495493.747070074,map,3.0049080849,-1.9864679575,-0.4956454933,0.1191590826,0.0301270174,0.9710288394,0.2049303583,0.04328639684 0 0 0 0 0 0 0.04328639684 0 0 0 0 0 0 0.09489716315 0 0 0 0 0 0 0.000760965193 0 0 0 0 0 0 0.000760965193 0 0 0 0 0 0 0.001318579052
641,1785495493.847369909,map,3.0086896420,-1.9867082834,-0.5032913685,0.1179252519,0.0270832768,0.9710031426,0.2061868536,0.04337098606 0 0 0 0 0 0 0.04337098606 0 0 0 0 0 0 0.0950223899 0 0 0 0 0 0 0.000762922983 0 0 0 0 0 0 0.000762922983 0 0 0 0 0 0 0.001321155787
642,1785495493.947504044,map,3.0330984592,-2.0110106468,-0.5156254768,0.1155735428,0.0277669282,0.9705646731,0.2094658976,0.04362848032 0 0 0 0 0 0 0.04362848032 0 0 0 0 0 0 0.09540334373 0 0 0 0 0 0 0.0007688863102 0 0 0 0 0 0 0.0007688863102 0 0 0 0 0 0 0.00132899951
643,1785495494.047745943,map,2.9817914963,-2.0021712780,-0.5101124048,0.1178145496,0.0300395483,0.9703308942,0.2089863933,0.0433153982 0 0 0 0 0 0 0.0433153982 0 0 0 0 0 0 0.09494010153 0 0 0 0 0 0 0.000761636352 0 0 0 0 0 0 0.000761636352 0 0 0 0 0 0 0.001319462484
644,1785495494.147949934,map,2.9872531891,-1.9983397722,-0.5098338127,0.1171402496,0.0298550568,0.9704741855,0.2087263394,0.04346888928 0 0 0 0 0 0 0.04346888928 0 0 0 0 0 0 0.09516727739 0 0 0 0 0 0 0.0007651896744 0 0 0 0 0 0 0.0007651896744 0 0 0 0 0 0 0.001324138089
645,1785495494.247189999,map,2.9900832176,-2.0008547306,-0.5106237531,0.1160828508,0.0301763741,0.9706156977,0.2086128674,0.0433728244 0 0 0 0 0 0 0.0433728244 0 0 0 0 0 0 0.09502511097 0 0 0 0 0 0 0.0007629655377 0 0 0 0 0 0 0.0007629655377 0 0 0 0 0 0 0.001321211786
646,1785495494.347323895,map,2.9935271740,-2.0049028397,-0.5091990829,0.1154230932,0.0298147246,0.9706935230,0.2086687677,0.04283268908 0 0 0 0 0 0 0.04283268908 0 0 0 0 0 0 0.09422480865 0 0 0 0 0 0 0.0007504746446 0 0 0 0 0 0 0.0007504746446 0 0 0 0 0 0 0.001304758323
647,1785495494.447599888,map,3.0013315678,-2.0095117092,-0.5073596835,0.1149790455,0.0297551289,0.9707179155,0.2088089564,0.04358933723 0 0 0 0 0 0 0.04358933723 0 0 0 0 0 0 0.09534545641 0 0 0 0 0 0 0.0007679794344 0 0 0 0 0 0 0.0007679794344 0 0 0 0 0 0 0.001327807144
648,1785495494.547837973,map,2.9981901646,-2.0071344376,-0.5078832507,0.1149326554,0.0299368039,0.9707627460,0.2085999943,0.04340948993 0 0 0 0 0 0 0.04340948993 0 0 0 0 0 0 0.09507937831 0 0 0 0 0 0 0.0007638143427 0 0 0 0 0 0 0.0007638143427 0 0 0 0 0 0 0.001322328682
649,1785495494.648015022,map,3.0062396526,-2.0106852055,-0.5088110566,0.1148887609,0.0303109133,0.9707110384,0.2088107120,0.04339235054 0 0 0 0 0 0 0.04339235054 0 0 0 0 0 0 0.09505401183 0 0 0 0 0 0 0.0007634175526 0 0 0 0 0 0 0.0007634175526 0 0 0 0 0 0 0.001321806586
650,1785495494.747235060,map,3.0086498260,-2.0130391121,-0.5095494986,0.1147232215,0.0303393226,0.9707479639,0.2087258725,0.04354444301 0 0 0 0 0 0 0.04354444301 0 0 0 0 0 0 0.0952790536 0 0 0 0 0 0 0.000766939473 0 0 0 0 0 0 0.000766939473 0 0 0 0 0 0 0.001326439588
651,1785495494.847584963,map,3.0105485916,-2.0125975609,-0.5121355057,0.1145760945,0.0303405793,0.9707285150,0.2088969065,0.0430175483 0 0 0 0 0 0 0.0430175483 0 0 0 0 0 0 0.09449889269 0 0 0 0 0 0 0.000754746807 0 0 0 0 0 0 0.000754746807 0 0 0 0 0 0 0.001310389457
652,1785495494.947633028,map,3.0081486702,-2.0104720592,-0.5097028613,0.1145384424,0.0302447929,0.9707895083,0.2086478903,0.04328281297 0 0 0 0 0 0 0.04328281297 0 0 0 0 0 0 0.09489185669 0 0 0 0 0 0 0.000760882259 0 0 0 0 0 0 0.000760882259 0 0 0 0 0 0 0.001318469881
653,1785495495.047800064,map,3.0103673935,-2.0111970901,-0.5077646971,0.1147119514,0.0299684909,0.9707365587,0.2088386863,0.04290515009 0 0 0 0 0 0 0.04290515009 0 0 0 0 0 0 0.09433226686 0 0 0 0 0 0 0.0007521488956 0 0 0 0 0 0 0.0007521488956 0 0 0 0 0 0 0.001306965612
654,1785495495.148109913,map,3.0016565323,-2.0081868172,-0.5091513395,0.1145463046,0.0299755069,0.9707723090,0.2087623665,0.04392704645 0 0 0 0 0 0 0.04392704645 0 0 0 0 0 0 0.09584460671 0 0 0 0 0 0 0.0007758077574 0 0 0 0 0 0 0.0007758077574 0 0 0 0 0 0 0.001338094355
655,1785495495.247174978,map,3.0061466694,-2.0092031956,-0.5058806539,0.1146747170,0.0297253446,0.9707042533,0.2090439314,0.04328731212 0 0 0 0 0 0 0.04328731212 0 0 0 0 0 0 0.09489851836 0 0 0 0 0 0 0.0007609863737 0 0 0 0 0 0 0.0007609863737 0 0 0 0 0 0 0.001318606933
656,1785495495.347323895,map,3.0045306683,-2.0139772892,-0.5086202025,0.1145800386,0.0303015187,0.9707396748,0.2088486076,0.04317175427 0 0 0 0 0 0 0.04317175427 0 0 0 0 0 0 0.09472738169 0 0 0 0 0 0 0.000758312794 0 0 0 0 0 0 0.000758312794 0 0 0 0 0 0 0.001315086839
657,1785495495.447570086,map,3.0086061954,-2.0101046562,-0.5099611878,0.1145223500,0.0301209567,0.9707599907,0.2088118560,0.04306657326 0 0 0 0 0 0 0.04306657326 0 0 0 0 0 0 0.09457154803 0 0 0 0 0 0 0.0007558802815 0 0 0 0 0 0 0.0007558802815 0 0 0 0 0 0 0.001311882843
658,1785495495.547739029,map,3.0178341866,-2.0101337433,-0.5109640360,0.1144160298,0.0303892058,0.9707456844,0.2088978015,0.04320970581 0 0 0 0 0 0 0.04320970581 0 0 0 0 0 0 0.09478359465 0 0 0 0 0 0 0.0007591907271 0 0 0 0 0 0 0.0007591907271 0 0 0 0 0 0 0.00131624291
659,1785495495.647967100,map,3.0224931240,-2.0095069408,-0.5108858943,0.1142743147,0.0300968714,0.9707426681,0.2090316526,0.04322413946 0 0 0 0 0 0 0.04322413946 0 0 0 0 0 0 0.09480497132 0 0 0 0 0 0 0.0007595246527 0 0 0 0 0 0 0.0007595246527 0 0 0 0 0 0 0.001316682584
660,1785495495.748181105,map,3.0263793468,-2.0074641705,-0.5111235976,0.1143905166,0.0299722071,0.9707684255,0.2088663527,0.04337827405 0 0 0 0 0 0 0.04337827405 0 0 0 0 0 0 0.09503317727 0 0 0 0 0 0 0.0007630916897 0 0 0 0 0 0 0.0007630916897 0 0 0 0 0 0 0.001321377792
661,1785495495.847368956,map,3.0241611004,-2.0119421482,-0.5095043778,0.1144385701,0.0301325303,0.9708192015,0.2085807264,0.04323749112 0 0 0 0 0 0 0.04323749112 0 0 0 0 0 0 0.09482474451 0 0 0 0 0 0 0.000759833562 0 0 0 0 0 0 0.000759833562 0 0 0 0 0 0 0.001317089298
662,1785495495.947674036,map,3.0238955021,-2.0150928497,-0.5104601979,0.1143060374,0.0303896985,0.9708437520,0.2085018243,0.04289879469 0 0 0 0 0 0 0.04289879469 0 0 0 0 0 0 0.09432284311 0 0 0 0 0 0 0.0007520020327 0 0 0 0 0 0 0.0007520020327 0 0 0 0 0 0 0.001306772015
663,1785495496.047862053,map,3.0247397423,-2.0153470039,-0.5124455094,0.1143084505,0.0304540876,0.9708070603,0.2086619231,0.0434782533 0 0 0 0 0 0 0.0434782533 0 0 0 0 0 0 0.09518113248 0 0 0 0 0 0 0.0007654065159 0 0 0 0 0 0 0.0007654065159 0 0 0 0 0 0 0.001324423334
664,1785495496.148083925,map,3.0334253311,-2.0136384964,-0.5114338398,0.1142554641,0.0302958903,0.9708604743,0.2084652723,0.04336382313 0 0 0 0 0 0 0.04336382313 0 0 0 0 0 0 0.09501178738 0 0 0 0 0 0 0.0007627571762 0 0 0 0 0 0 0.0007627571762 0 0 0 0 0 0 0.001320937592
665,1785495496.247364998,map,3.0325336456,-2.0116651058,-0.5131465793,0.1140966750,0.0304095460,0.9708559541,0.2085567528,0.04331528081 0 0 0 0 0 0 0.04331528081 0 0 0 0 0 0 0.09493992774 0 0 0 0 0 0 0.0007616336352 0 0 0 0 0 0 0.0007616336352 0 0 0 0 0 0 0.001319458908
666,1785495496.347563982,map,3.0148687363,-2.0118200779,-0.5092161298,0.1138784126,0.0302881446,0.9709696260,0.2081642008,0.04335908847 0 0 0 0 0 0 0.04335908847 0 0 0 0 0 0 0.09500477899 0 0 0 0 0 0 0.0007626475808 0 0 0 0 0 0 0.0007626475808 0 0 0 0 0 0 0.001320793365
667,1785495496.446835041,map,3.0225994587,-2.0156362057,-0.5085836649,0.1139004677,0.0302109541,0.9708907869,0.2085307071,0.04327439661 0 0 0 0 0 0 0.04327439661 0 0 0 0 0 0 0.09487939468 0 0 0 0 0 0 0.0007606875007 0 0 0 0 0 0 0.0007606875007 0 0 0 0 0 0 0.001318213504
668,1785495496.547034979,map,3.0190699100,-2.0174932480,-0.5111576319,0.1139714357,0.0306833864,0.9708850084,0.2084498440,0.04358567732 0 0 0 0 0 0 0.04358567732 0 0 0 0 0 0 0.09534004347 0 0 0 0 0 0 0.0007678946473 0 0 0 0 0 0 0.0007678946473 0 0 0 0 0 0 0.001327695657
669,1785495496.647120953,map,3.0186598301,-2.0171172619,-0.5118395090,0.1139821196,0.0304049829,0.9708781631,0.2085167044,0.04354012597 0 0 0 0 0 0 0.04354012597 0 0 0 0 0 0 0.09527266769 0 0 0 0 0 0 0.0007668394788 0 0 0 0 0 0 0.0007668394788 0 0 0 0 0 0 0.001326308083
670,1785495496.747404099,map,3.0244123936,-2.0125205517,-0.5141280890,0.1140390641,0.0302389182,0.9708415188,0.2086802414,0.04340143885 0 0 0 0 0 0 0.04340143885 0 0 0 0 0 0 0.09506746282 0 0 0 0 0 0 0.0007636279508 0 0 0 0 0 0 0.0007636279508 0 0 0 0 0 0 0.001322083432
671,1785495496.846657991,map,3.0242328644,-2.0128085613,-0.5128936172,0.1139647557,0.0301988594,0.9708903341,0.2084994332,0.0437705023 0 0 0 0 0 0 0.0437705023 0 0 0 0 0 0 0.09561330445 0 0 0 0 0 0 0.0007721777808 0 0 0 0 0 0 0.0007721777808 0 0 0 0 0 0 0.001333325747
672,1785495496.947016001,map,3.0256352425,-2.0099546909,-0.5152549148,0.1144408020,0.0302228255,0.9707478258,0.2088983999,0.04323235297 0 0 0 0 0 0 0.04323235297 0 0 0 0 0 0 0.09481713527 0 0 0 0 0 0 0.000759714682 0 0 0 0 0 0 0.000759714682 0 0 0 0 0 0 0.001316932781
673,1785495497.047147989,map,3.0310771465,-2.0131213665,-0.5161570907,0.1141626719,0.0303814673,0.9707882573,0.2088396678,0.04382186755 0 0 0 0 0 0 0.04382186755 0 0 0 0 0 0 0.09568921405 0 0 0 0 0 0 0.0007733686244 0 0 0 0 0 0 0.0007733686244 0 0 0 0 0 0 0.001334890422
674,1785495497.147351980,map,3.0231409073,-2.0116136074,-0.5135213733,0.1141925453,0.0303402585,0.9708243434,0.2086614854,0.04330800706 0 0 0 0 0 0 0.04330800706 0 0 0 0 0 0 0.09492915892 0 0 0 0 0 0 0.0007614652971 0 0 0 0 0 0 0.0007614652971 0 0 0 0 0 0 0.001319237337
675,1785495497.247467041,map,3.0348620415,-2.0234155655,-0.5140011311,0.1140055947,0.0300429119,0.9708197694,0.2088279466,0.04360075276 0 0 0 0 0 0 0.04360075276 0 0 0 0 0 0 0.0953623393 0 0 0 0 0 0 0.0007682438987 0 0 0 0 0 0 0.0007682438987 0 0 0 0 0 0 0.001328154881
676,1785495497.347760916,map,3.0316152573,-2.0246255398,-0.5121097565,0.1140584990,0.0304038157,0.9708214348,0.2087390629,0.04384445799 0 0 0 0 0 0 0.04384445799 0 0 0 0 0 0 0.09572259452 0 0 0 0 0 0 0.0007738924266 0 0 0 0 0 0 0.0007738924266 0 0 0 0 0 0 0.001335578566
677,1785495497.446933985,map,3.0352468491,-2.0187757015,-0.5148570538,0.1140536377,0.0300975890,0.9708050342,0.2088623598,0.04360299231 0 0 0 0 0 0 0.04360299231 0 0 0 0 0 0 0.09536565138 0 0 0 0 0 0 0.0007682957838 0 0 0 0 0 0 0.0007682957838 0 0 0 0 0 0 0.001328223101
678,1785495497.547425032,map,3.0396687984,-2.0172200203,-0.5136423707,0.1140390171,0.0303075018,0.9707987333,0.2088692872,0.04298306944 0 0 0 0 0 0 0.04298306944 0 0 0 0 0 0 0.09444778671 0 0 0 0 0 0 0.0007539497665 0 0 0 0 0 0 0.0007539497665 0 0 0 0 0 0 0.001309339171
679,1785495497.646692038,map,3.0357556343,-2.0180232525,-0.5095573664,0.1140216200,0.0301232423,0.9708073136,0.2088655839,0.04392538116 0 0 0 0 0 0 0.04392538116 0 0 0 0 0 0 0.09584214686 0 0 0 0 0 0 0.0007757691316 0 0 0 0 0 0 0.0007757691316 0 0 0 0 0 0 0.001338043627
680,1785495497.746876001,map,3.0347726345,-2.0217933655,-0.5132700205,0.1139146794,0.0305888586,0.9707920947,0.2089269714,0.0435213182 0 0 0 0 0 0 0.0435213182 0 0 0 0 0 0 0.09524484547 0 0 0 0 0 0 0.0007664038594 0 0 0 0 0 0 0.0007664038594 0 0 0 0 0 0 0.001325735166
681,1785495497.848026991,map,3.0296349525,-2.0214476585,-0.5124889612,0.1141471169,0.0306749069,0.9707741433,0.2088708863,0.0431033779 0 0 0 0 0 0 0.0431033779 0 0 0 0 0 0 0.09462608394 0 0 0 0 0 0 0.0007567313524 0 0 0 0 0 0 0.0007567313524 0 0 0 0 0 0 0.001313003976
682,1785495497.947161913,map,3.0274541378,-2.0180859566,-0.5140891075,0.1143033020,0.0305393062,0.9707505044,0.2089151538,0.0434581413 0 0 0 0 0 0 0.0434581413 0 0 0 0 0 0 0.09515137398 0 0 0 0 0 0 0.0007649407938 0 0 0 0 0 0 0.0007649407938 0 0 0 0 0 0 0.001323810687
683,1785495498.047352076,map,3.0225224495,-2.0181522369,-0.5121440291,0.1144692132,0.0303704891,0.9707337189,0.2089269941,0.04333573713 0 0 0 0 0 0 0.04333573713 0 0 0 0 0 0 0.09497021185 0 0 0 0 0 0 0.0007621070847 0 0 0 0 0 0 0.0007621070847 0 0 0 0 0 0 0.001320082043
684,1785495498.147583008,map,3.0225064754,-2.0180983543,-0.5119725466,0.1142301967,0.0304981034,0.9707341026,0.2090374037,0.0435068109 0 0 0 0 0 0 0.0435068109 0 0 0 0 0 0 0.09522338358 0 0 0 0 0 0 0.0007660678663 0 0 0 0 0 0 0.0007660678663 0 0 0 0 0 0 0.001325293248
685,1785495498.247864962,map,3.0284702778,-2.0159370899,-0.5126963258,0.1141446956,0.0306448613,0.9707111535,0.2091691660,0.0431911705 0 0 0 0 0 0 0.0431911705 0 0 0 0 0 0 0.09475614157 0 0 0 0 0 0 0.0007587619345 0 0 0 0 0 0 0.0007587619345 0 0 0 0 0 0 0.001315678292
686,1785495498.348174095,map,3.0255751610,-2.0156080723,-0.5111747384,0.1141526124,0.0305674957,0.9707260052,0.2091072270,0.04352516725 0 0 0 0 0 0 0.04352516725 0 0 0 0 0 0 0.09525053951 0 0 0 0 0 0 0.0007664930075 0 0 0 0 0 0 0.0007664930075 0 0 0 0 0 0 0.001325852414
687,1785495498.447544098,map,3.0215892792,-2.0156750679,-0.5132178068,0.1140213420,0.0307034199,0.9707423764,0.2090829469,0.0433864869 0 0 0 0 0 0 0.0433864869 0 0 0 0 0 0 0.09504533321 0 0 0 0 0 0 0.0007632818106 0 0 0 0 0 0 0.0007632818106 0 0 0 0 0 0 0.001321627969
688,1785495498.547754049,map,3.0214359760,-2.0184452534,-0.5134933591,0.1142140831,0.0308048004,0.9707525920,0.2089153339,0.04388345606 0 0 0 0 0 0 0.04388345606 0 0 0 0 0 0 0.09578021301 0 0 0 0 0 0 0.0007747967707 0 0 0 0 0 0 0.0007747967707 0 0 0 0 0 0 0.001336766516
689,1785495498.648096085,map,3.0175063610,-2.0137534142,-0.5109502077,0.1141806033,0.0303066565,0.9708176589,0.2087040193,0.04298147145 0 0 0 0 0 0 0.04298147145 0 0 0 0 0 0 0.09444541794 0 0 0 0 0 0 0.0007539128286 0 0 0 0 0 0 0.0007539128286 0 0 0 0 0 0 0.001309290493
690,1785495498.747258902,map,3.0222954750,-2.0124671459,-0.5136645436,0.1143274298,0.0305708106,0.9707430979,0.2089318064,0.04368295865 0 0 0 0 0 0 0.04368295865 0 0 0 0 0 0 0.09548389579 0 0 0 0 0 0 0.0007701486894 0 0 0 0 0 0 0.0007701486894 0 0 0 0 0 0 0.001330659015
691,1785495498.847444057,map,3.0268945694,-2.0121819973,-0.5117976665,0.1140598831,0.0304197391,0.9708068455,0.2088038194,0.04314259345 0 0 0 0 0 0 0.04314259345 0 0 0 0 0 0 0.09468418391 0 0 0 0 0 0 0.0007576383 0 0 0 0 0 0 0.0007576383 0 0 0 0 0 0 0.00131419855
692,1785495498.947557926,map,3.0314013958,-2.0154767036,-0.5116064548,0.1141618076,0.0302704232,0.9708062775,0.2087724603,0.04391538921 0 0 0 0 0 0 0.04391538921 0 0 0 0 0 0 0.09582738711 0 0 0 0 0 0 0.0007755373769 0 0 0 0 0 0 0.0007755373769 0 0 0 0 0 0 0.001337739255
693,1785495499.046716928,map,3.0320606232,-2.0170395374,-0.5118936896,0.1141136604,0.0302532694,0.9708356939,0.2086644947,0.04290179928 0 0 0 0 0 0 0.04290179928 0 0 0 0 0 0 0.09432729832 0 0 0 0 0 0 0.0007520714633 0 0 0 0 0 0 0.0007520714633 0 0 0 0 0 0 0.00130686354
694,1785495499.147347927,map,3.0301666260,-2.0155999660,-0.5105883479,0.1141637443,0.0300386094,0.9708414958,0.2086411686,0.04367909506 0 0 0 0 0 0 0.04367909506 0 0 0 0 0 0 0.0954781836 0 0 0 0 0 0 0.0007700591537 0 0 0 0 0 0 0.0007700591537 0 0 0 0 0 0 0.001330541324
695,1785495499.247549057,map,3.0283272266,-2.0202605724,-0.5123153925,0.1141125298,0.0303434262,0.9708527233,0.2085727570,0.04319053127 0 0 0 0 0 0 0.04319053127 0 0 0 0 0 0 0.09475519475 0 0 0 0 0 0 0.0007587471471 0 0 0 0 0 0 0.0007587471471 0 0 0 0 0 0 0.001315658819
696,1785495499.347863913,map,3.0320045948,-2.0176365376,-0.5136267543,0.1140369894,0.0306927649,0.9708301070,0.2086682204,0.04329459255 0 0 0 0 0 0 0.04329459255 0 0 0 0 0 0 0.0949092979 0 0 0 0 0 0 0.0007611548537 0 0 0 0 0 0 0.0007611548537 0 0 0 0 0 0 0.001318828707
697,1785495499.447114944,map,3.0299882889,-2.0098357201,-0.5138190985,0.1141917564,0.0305251039,0.9707520701,0.2089709599,0.04348642327 0 0 0 0 0 0 0.04348642327 0 0 0 0 0 0 0.09519322045 0 0 0 0 0 0 0.0007655957131 0 0 0 0 0 0 0.0007655957131 0 0 0 0 0 0 0.001324672205
698,1785495499.547250032,map,3.0308737755,-2.0092284679,-0.5133134127,0.1144188590,0.0301983667,0.9707311553,0.2089914344,0.0432712144 0 0 0 0 0 0 0.0432712144 0 0 0 0 0 0 0.09487468271 0 0 0 0 0 0 0.0007606138644 0 0 0 0 0 0 0.0007606138644 0 0 0 0 0 0 0.001318116568
699,1785495499.646600008,map,3.0297791958,-2.0112974644,-0.5117728114,0.1144058760,0.0304965801,0.9707255908,0.2089810504,0.04300406383 0 0 0 0 0 0 0.04300406383 0 0 0 0 0 0 0.09447890625 0 0 0 0 0 0 0.0007544350774 0 0 0 0 0 0 0.0007544350774 0 0 0 0 0 0 0.001309978697
700,1785495499.746906996,map,3.0276463032,-2.0100460052,-0.5124594569,0.1144404263,0.0304206280,0.9707049518,0.2090690946,0.04373727889 0 0 0 0 0 0 0.04373727889 0 0 0 0 0 0 0.09556419792 0 0 0 0 0 0 0.0007714076517 0 0 0 0 0 0 0.0007714076517 0 0 0 0 0 0 0.001332313704
701,1785495499.847188950,map,3.0303332806,-2.0098700523,-0.5098794699,0.1145311414,0.0301548881,0.9707265886,0.2089573877,0.0435309831 0 0 0 0 0 0 0.0435309831 0 0 0 0 0 0 0.09525914295 0 0 0 0 0 0 0.0007666277111 0 0 0 0 0 0 0.0007666277111 0 0 0 0 0 0 0.001326029575
702,1785495499.947516918,map,3.0288958549,-2.0110740662,-0.5133425593,0.1144062112,0.0306111846,0.9707459300,0.2088696348,0.04327523674 0 0 0 0 0 0 0.04327523674 0 0 0 0 0 0 0.09488063868 0 0 0 0 0 0 0.0007607069415 0 0 0 0 0 0 0.0007607069415 0 0 0 0 0 0 0.001318239096
703,1785495500.046848059,map,3.0279848576,-2.0177202225,-0.5113703012,0.1148519817,0.0307073221,0.9706403839,0.2091012478,0.04368690448 0 0 0 0 0 0 0.04368690448 0 0 0 0 0 0 0.0954897295 0 0 0 0 0 0 0.0007702401323 0 0 0 0 0 0 0.0007702401323 0 0 0 0 0 0 0.001330779212
704,1785495500.147114992,map,3.0321178436,-2.0177650452,-0.5121480823,0.1145270494,0.0305988630,0.9706963476,0.2090355637,0.04330797258 0 0 0 0 0 0 0.04330797258 0 0 0 0 0 0 0.09492910787 0 0 0 0 0 0 0.0007614644991 0 0 0 0 0 0 0.0007614644991 0 0 0 0 0 0 0.001319236286
705,1785495500.246704102,map,3.0323352814,-2.0144326687,-0.5115182400,0.1145277227,0.0304032492,0.9707235261,0.2089375232,0.04347826068 0 0 0 0 0 0 0.04347826068 0 0 0 0 0 0 0.0951811434 0 0 0 0 0 0 0.0007654066868 0 0 0 0 0 0 0.0007654066868 0 0 0 0 0 0 0.001324423558
706,1785495500.346990108,map,3.0350449085,-2.0099518299,-0.5125730038,0.1144966035,0.0304273509,0.9706922565,0.2090962832,0.04418166536 0 0 0 0 0 0 0.04418166536 0 0 0 0 0 0 0.09622053564 0 0 0 0 0 0 0.0007817162356 0 0 0 0 0 0 0.0007817162356 0 0 0 0 0 0 0.00134585049
707,1785495500.447287083,map,3.0111973286,-2.0076842308,-0.5113948584,0.1151965290,0.0305758340,0.9706791159,0.2087508932,0.04339391284 0 0 0 0 0 0 0.04339391284 0 0 0 0 0 0 0.09505632412 0 0 0 0 0 0 0.00076345372 0 0 0 0 0 0 0.00076345372 0 0 0 0 0 0 0.001321854176
708,1785495500.547508955,map,3.0090816021,-2.0040698051,-0.5070540905,0.1149448650,0.0305217425,0.9706796916,0.2088947949,0.04346754425 0 0 0 0 0 0 0.04346754425 0 0 0 0 0 0 0.09516528724 0 0 0 0 0 0 0.0007651585284 0 0 0 0 0 0 0.0007651585284 0 0 0 0 0 0 0.001324097117
709,1785495500.646950006,map,3.0066878796,-1.9993230104,-0.5075094104,0.1145833928,0.0302591380,0.9707771595,0.2086785423,0.04377709832 0 0 0 0 0 0 0.04377709832 0 0 0 0 0 0 0.09562305312 0 0 0 0 0 0 0.0007723306897 0 0 0 0 0 0 0.0007723306897 0 0 0 0 0 0 0.001333526674
710,1785495500.746349096,map,3.0127484798,-1.9949141741,-0.5079226494,0.1145128574,0.0304868405,0.9707005767,0.2090400181,0.04301425342 0 0 0 0 0 0 0.04301425342 0 0 0 0 0 0 0.09449400916 0 0 0 0 0 0 0.0007546706355 0 0 0 0 0 0 0.0007546706355 0 0 0 0 0 0 0.001310289089
711,1785495500.846597910,map,3.0092918873,-1.9948062897,-0.5070080757,0.1146977478,0.0303478657,0.9707475418,0.2087406687,0.04304855247 0 0 0 0 0 0 0.04304855247 0 0 0 0 0 0 0.09454484265 0 0 0 0 0 0 0.0007554636105 0 0 0 0 0 0 0.0007554636105 0 0 0 0 0 0 0.001311333898
712,1785495500.946779013,map,3.0033175945,-1.9928508997,-0.5067270398,0.1143151088,0.0302238246,0.9708388942,0.2085435878,0.04371255875 0 0 0 0 0 0 0.04371255875 0 0 0 0 0 0 0.09552765591 0 0 0 0 0 0 0.0007708346908 0 0 0 0 0 0 0.0007708346908 0 0 0 0 0 0 0.001331560686
713,1785495501.046478033,map,3.0082960129,-2.0005633831,-0.5056132674,0.1145732724,0.0301758136,0.9708569595,0.2083246446,0.04381309296 0 0 0 0 0 0 0.04381309296 0 0 0 0 0 0 0.09567624763 0 0 0 0 0 0 0.0007731651802 0 0 0 0 0 0 0.0007731651802 0 0 0 0 0 0 0.001334623133
714,1785495501.146583080,map,3.0099079609,-1.9974206686,-0.5064603090,0.1143852837,0.0301036278,0.9708070066,0.2086708910,0.043633446 0 0 0 0 0 0 0.043633446 0 0 0 0 0 0 0.0954106867 0 0 0 0 0 0 0.0007690013654 0 0 0 0 0 0 0.0007690013654 0 0 0 0 0 0 0.001329150774
715,1785495501.246779919,map,3.0085103512,-1.9901347160,-0.5066497922,0.1144215025,0.0300460593,0.9707480253,0.2089335242,0.04321313342 0 0 0 0 0 0 0.04321313342 0 0 0 0 0 0 0.09478867114 0 0 0 0 0 0 0.0007592700239 0 0 0 0 0 0 0.0007592700239 0 0 0 0 0 0 0.00131634732
716,1785495501.347013950,map,3.0094115734,-1.9900062084,-0.5081537366,0.1143313654,0.0300389907,0.9707510954,0.2089696194,0.04355597588 0 0 0 0 0 0 0.04355597588 0 0 0 0 0 0 0.09529611287 0 0 0 0 0 0 0.0007672066125 0 0 0 0 0 0 0.0007672066125 0 0 0 0 0 0 0.001326790899
717,1785495501.446582079,map,3.0145390034,-1.9861295223,-0.5076382756,0.1141991328,0.0299141376,0.9707507270,0.2090615770,0.04339323541 0 0 0 0 0 0 0.04339323541 0 0 0 0 0 0 0.09505532149 0 0 0 0 0 0 0.0007634380375 0 0 0 0 0 0 0.0007634380375 0 0 0 0 0 0 0.001321833541
718,1785495501.546760082,map,3.0209922791,-1.9852331877,-0.5083062649,0.1144072179,0.0297136878,0.9706859088,0.2092771901,0.04309745821 0 0 0 0 0 0 0.04309745821 0 0 0 0 0 0 0.09461731284 0 0 0 0 0 0 0.0007565944576 0 0 0 0 0 0 0.0007565944576 0 0 0 0 0 0 0.001312823652
719,1785495501.646095991,map,3.0179798603,-1.9997851849,-0.5098361373,0.1141941908,0.0302472247,0.9707169561,0.2091731119,0.04334399957 0 0 0 0 0 0 0.04334399957 0 0 0 0 0 0 0.09498244315 0 0 0 0 0 0 0.0007622983241 0 0 0 0 0 0 0.0007622983241 0 0 0 0 0 0 0.001320333731
720,1785495501.746386051,map,2.9674084187,-2.0032391548,-0.5021588802,0.1145662040,0.0303070359,0.9709187120,0.2080214117,0.04326396687 0 0 0 0 0 0 0.04326396687 0 0 0 0 0 0 0.09486395094 0 0 0 0 0 0 0.0007604461602 0 0 0 0 0 0 0.0007604461602 0 0 0 0 0 0 0.001317895796
721,1785495501.846560955,map,3.0016074181,-1.9440805912,-0.5071152449,0.1147400714,0.0297707873,0.9708871571,0.2081503272,0.04290787576 0 0 0 0 0 0 0.04290787576 0 0 0 0 0 0 0.09433630839 0 0 0 0 0 0 0.0007522118825 0 0 0 0 0 0 0.0007522118825 0 0 0 0 0 0 0.00130704864
722,1785495501.946898937,map,2.9976468086,-1.9517563581,-0.5061998367,0.1146098984,0.0302031392,0.9708438211,0.2083617451,0.04352508841 0 0 0 0 0 0 0.04352508841 0 0 0 0 0 0 0.09525042288 0 0 0 0 0 0 0.0007664911815 0 0 0 0 0 0 0.0007664911815 0 0 0 0 0 0 0.001325850013
723,1785495502.046050072,map,3.0061502457,-1.9554517269,-0.5073199868,0.1142714582,0.0300015497,0.9708014578,0.2087737960,0.04369176133 0 0 0 0 0 0 0.04369176133 0 0 0 0 0 0 0.09549690998 0 0 0 0 0 0 0.0007703526895 0 0 0 0 0 0 0.0007703526895 0 0 0 0 0 0 0.00133092716
724,1785495502.146298885,map,3.0096259117,-1.9574571848,-0.5059376359,0.1139814835,0.0298291629,0.9708439362,0.2087594581,0.04344874077 0 0 0 0 0 0 0.04344874077 0 0 0 0 0 0 0.09513746384 0 0 0 0 0 0 0.0007647231229 0 0 0 0 0 0 0.0007647231229 0 0 0 0 0 0 0.001323524331
725,1785495502.246323109,map,3.0061988831,-1.9641487598,-0.5065330863,0.1140217368,0.0297827976,0.9708202376,0.2088542386,0.04323280388 0 0 0 0 0 0 0.04323280388 0 0 0 0 0 0 0.09481780305 0 0 0 0 0 0 0.0007597251145 0 0 0 0 0 0 0.0007597251145 0 0 0 0 0 0 0.001316946517
726,1785495502.346499920,map,3.0037550926,-1.9832448959,-0.5049653053,0.1139225545,0.0299227443,0.9707294668,0.2093097984,0.04332986506 0 0 0 0 0 0 0.04332986506 0 0 0 0 0 0 0.09496151891 0 0 0 0 0 0 0.0007619711755 0 0 0 0 0 0 0.0007619711755 0 0 0 0 0 0 0.001319903169
727,1785495502.447048903,map,3.0174028873,-1.9916920662,-0.5093389153,0.1136768619,0.0300342698,0.9707363207,0.2093955721,0.04364087346 0 0 0 0 0 0 0.04364087346 0 0 0 0 0 0 0.09542166975 0 0 0 0 0 0 0.000769173464 0 0 0 0 0 0 0.000769173464 0 0 0 0 0 0 0.001329377027
728,1785495502.547116041,map,3.0111782551,-1.9954108000,-0.5072312355,0.1140545857,0.0301847204,0.9707362133,0.2091689470,0.04370077659 0 0 0 0 0 0 0.04370077659 0 0 0 0 0 0 0.095510238 0 0 0 0 0 0 0.0007705616228 0 0 0 0 0 0 0.0007705616228 0 0 0 0 0 0 0.001331201781
729,1785495502.646495104,map,3.0144271851,-1.9926662445,-0.5077672601,0.1141431714,0.0298174050,0.9707005844,0.2093385538,0.04375131986 0 0 0 0 0 0 0.04375131986 0 0 0 0 0 0 0.09558495219 0 0 0 0 0 0 0.0007717331146 0 0 0 0 0 0 0.0007717331146 0 0 0 0 0 0 0.001332741417
730,1785495502.746707916,map,3.0118262768,-1.9889767170,-0.5076065660,0.1141256666,0.0300184618,0.9707200799,0.2092289368,0.04317816241 0 0 0 0 0 0 0.04317816241 0 0 0 0 0 0 0.09473687385 0 0 0 0 0 0 0.000758461025 0 0 0 0 0 0 0.000758461025 0 0 0 0 0 0 0.001315282042
731,1785495502.846036911,map,3.0109171867,-1.9894598722,-0.5104403496,0.1139888914,0.0304344534,0.9707389457,0.2091558938,0.04347819988 0 0 0 0 0 0 0.04347819988 0 0 0 0 0 0 0.09518105345 0 0 0 0 0 0 0.000765405279 0 0 0 0 0 0 0.000765405279 0 0 0 0 0 0 0.001324421707
732,1785495502.946275949,map,3.0145392418,-1.9867618084,-0.5085073113,0.1143866811,0.0299330293,0.9706934385,0.2092222295,0.04360018061 0 0 0 0 0 0 0.04360018061 0 0 0 0 0 0 0.09536149315 0 0 0 0 0 0 0.0007682306435 0 0 0 0 0 0 0.0007682306435 0 0 0 0 0 0 0.001328137452
733,1785495503.046478987,map,3.0216443539,-1.9883651733,-0.5120997429,0.1142193567,0.0298419021,0.9706928015,0.2093296016,0.04278850471 0 0 0 0 0 0 0.04278850471 0 0 0 0 0 0 0.09415926962 0 0 0 0 0 0 0.0007494539623 0 0 0 0 0 0 0.0007494539623 0 0 0 0 0 0 0.00130341239
734,1785495503.146559000,map,3.0175843239,-1.9889299870,-0.5125830770,0.1142507654,0.0300063191,0.9707833455,0.2088685687,0.04299074855 0 0 0 0 0 0 0.04299074855 0 0 0 0 0 0 0.09445916958 0 0 0 0 0 0 0.0007541272741 0 0 0 0 0 0 0.0007541272741 0 0 0 0 0 0 0.00130957309
735,1785495503.245791912,map,3.0212039948,-1.9897204638,-0.5110687613,0.1142741549,0.0301339519,0.9707184681,0.2091387921,0.04303389772 0 0 0 0 0 0 0.04303389772 0 0 0 0 0 0 0.09452312414 0 0 0 0 0 0 0.0007551247887 0 0 0 0 0 0 0.0007551247887 0 0 0 0 0 0 0.001310887489
736,1785495503.346045017,map,3.0185151100,-1.9921683073,-0.5100856423,0.1142467031,0.0304098323,0.9707409105,0.2090096043,0.04317967645 0 0 0 0 0 0 0.04317967645 0 0 0 0 0 0 0.09473911651 0 0 0 0 0 0 0.0007584960478 0 0 0 0 0 0 0.0007584960478 0 0 0 0 0 0 0.001315328163
737,1785495503.446295023,map,3.0242986679,-1.9885668755,-0.5084238648,0.1142465114,0.0300654520,0.9707262355,0.2091276704,0.04366348169 0 0 0 0 0 0 0.04366348169 0 0 0 0 0 0 0.09545509888 0 0 0 0 0 0 0.0007696973381 0 0 0 0 0 0 0.0007696973381 0 0 0 0 0 0 0.001330065713
738,1785495503.546663046,map,3.0263900757,-1.9916400909,-0.5088296533,0.1143445513,0.0302077814,0.9706914736,0.2092148931,0.04363031245 0 0 0 0 0 0 0.04363031245 0 0 0 0 0 0 0.095406053 0 0 0 0 0 0 0.0007689287606 0 0 0 0 0 0 0.0007689287606 0 0 0 0 0 0 0.00132905532
739,1785495503.646974087,map,3.0268883705,-1.9917361736,-0.5116450191,0.1140563365,0.0304038929,0.9707014210,0.2092976397,0.04312990908 0 0 0 0 0 0 0.04312990908 0 0 0 0 0 0 0.09466539226 0 0 0 0 0 0 0.0007573449311 0 0 0 0 0 0 0.0007573449311 0 0 0 0 0 0 0.001313812162
740,1785495503.746407986,map,3.0249464512,-1.9956517220,-0.5125514269,0.1141061588,0.0303473928,0.9706683085,0.2094322118,0.04339874532 0 0 0 0 0 0 0.04339874532 0 0 0 0 0 0 0.09506347636 0 0 0 0 0 0 0.0007635655937 0 0 0 0 0 0 0.0007635655937 0 0 0 0 0 0 0.001322001382
741,1785495503.846750975,map,3.0236892700,-1.9977899790,-0.5128225684,0.1139848015,0.0303492678,0.9707047522,0.2093291045,0.04285823739 0 0 0 0 0 0 0.04285823739 0 0 0 0 0 0 0.09426269965 0 0 0 0 0 0 0.0007510649008 0 0 0 0 0 0 0.0007510649008 0 0 0 0 0 0 0.001305536569
742,1785495503.947073936,map,3.0242111683,-1.9912871122,-0.5126293302,0.1139780444,0.0302369991,0.9707272947,0.2092444898,0.04374282793 0 0 0 0 0 0 0.04374282793 0 0 0 0 0 0 0.0955724002 0 0 0 0 0 0 0.0007715362737 0 0 0 0 0 0 0.0007715362737 0 0 0 0 0 0 0.001332482738
743,1785495504.046992064,map,3.0254850388,-1.9952839613,-0.5125041008,0.1139567643,0.0302414206,0.9707378251,0.2092065688,0.0433000931 0 0 0 0 0 0 0.0433000931 0 0 0 0 0 0 0.09491744193 0 0 0 0 0 0 0.0007612821475 0 0 0 0 0 0 0.0007612821475 0 0 0 0 0 0 0.001318996264
744,1785495504.147046089,map,3.0229983330,-1.9974453449,-0.5121781230,0.1141788171,0.0303683470,0.9707241018,0.2091307857,0.0436927112 0 0 0 0 0 0 0.0436927112 0 0 0 0 0 0 0.09549831427 0 0 0 0 0 0 0.0007703747029 0 0 0 0 0 0 0.0007703747029 0 0 0 0 0 0 0.001330956095
745,1785495504.247185946,map,3.0293664932,-2.0005486012,-0.5143321157,0.1144140116,0.0302866885,0.9707197959,0.2090340680,0.04314463296 0 0 0 0 0 0 0.04314463296 0 0 0 0 0 0 0.09468720533 0 0 0 0 0 0 0.0007576854718 0 0 0 0 0 0 0.0007576854718 0 0 0 0 0 0 0.001314260677
746,1785495504.346479893,map,3.0297114849,-1.9970394373,-0.5134509206,0.1143039386,0.0299304009,0.9707778196,0.2088760664,0.04296138868 0 0 0 0 0 0 0.04296138868 0 0 0 0 0 0 0.09441564717 0 0 0 0 0 0 0.0007534486288 0 0 0 0 0 0 0.0007534486288 0 0 0 0 0 0 0.001308678737
747,1785495504.446754932,map,3.0375738144,-1.9960688353,-0.5146480203,0.1142893620,0.0303263989,0.9707152214,0.2091177012,0.04354078763 0 0 0 0 0 0 0.04354078763 0 0 0 0 0 0 0.09527364645 0 0 0 0 0 0 0.0007668548046 0 0 0 0 0 0 0.0007668548046 0 0 0 0 0 0 0.001326328238
748,1785495504.546991110,map,3.0218555927,-1.9971134663,-0.5108553767,0.1143299263,0.0304322071,0.9707960932,0.2087043040,0.04384631555 0 0 0 0 0 0 0.04384631555 0 0 0 0 0 0 0.0957253392 0 0 0 0 0 0 0.0007739354996 0 0 0 0 0 0 0.0007739354996 0 0 0 0 0 0 0.001335635151
749,1785495504.647241116,map,3.0003714561,-1.9929536581,-0.5081222057,0.1144557110,0.0305541559,0.9707394599,0.2088808741,0.04315016152 0 0 0 0 0 0 0.04315016152 0 0 0 0 0 0 0.09469539543 0 0 0 0 0 0 0.0007578133436 0 0 0 0 0 0 0.0007578133436 0 0 0 0 0 0 0.001314429087
750,1785495504.747437000,map,3.0073654652,-1.9888943434,-0.5128106475,0.1144793855,0.0306227529,0.9706842662,0.2091142613,0.04316512059 0 0 0 0 0 0 0.04316512059 0 0 0 0 0 0 0.09471755522 0 0 0 0 0 0 0.0007581593498 0 0 0 0 0 0 0.0007581593498 0 0 0 0 0 0 0.001314884766
751,1785495504.846482992,map,3.0053551197,-1.9849998951,-0.5105212927,0.1142746868,0.0305951332,0.9707299887,0.2090179809,0.04282275261 0 0 0 0 0 0 0.04282275261 0 0 0 0 0 0 0.09421007078 0 0 0 0 0 0 0.0007502450924 0 0 0 0 0 0 0.0007502450924 0 0 0 0 0 0 0.001304455641
752,1785495504.946623087,map,3.0076966286,-1.9783198833,-0.5114071369,0.1146821475,0.0303846674,0.9706711793,0.2090985975,0.04302468299 0 0 0 0 0 0 0.04302468299 0 0 0 0 0 0 0.09450946718 0 0 0 0 0 0 0.0007549117508 0 0 0 0 0 0 0.0007549117508 0 0 0 0 0 0 0.001310606792
753,1785495505.046892881,map,3.0077190399,-1.9803197384,-0.5122817159,0.1145765781,0.0304573445,0.9706775654,0.2091162882,0.04410223262 0 0 0 0 0 0 0.04410223262 0 0 0 0 0 0 0.09610329575 0 0 0 0 0 0 0.0007798724115 0 0 0 0 0 0 0.0007798724115 0 0 0 0 0 0 0.001343430831
754,1785495505.147120953,map,3.0079870224,-1.9793921709,-0.5119726658,0.1144990547,0.0305969020,0.9707356684,0.2088685424,0.04311859418 0 0 0 0 0 0 0.04311859418 0 0 0 0 0 0 0.09464862869 0 0 0 0 0 0 0.0007570832473 0 0 0 0 0 0 0.0007570832473 0 0 0 0 0 0 0.00131346749
755,1785495505.247278929,map,3.0114922523,-1.9794214964,-0.5125350952,0.1144488196,0.0307170981,0.9707559230,0.2087842643,0.04376322504 0 0 0 0 0 0 0.04376322504 0 0 0 0 0 0 0.09560254867 0 0 0 0 0 0 0.0007720090838 0 0 0 0 0 0 0.0007720090838 0 0 0 0 0 0 0.001333104069
756,1785495505.347341061,map,3.0109310150,-1.9816213846,-0.5112533569,0.1145106038,0.0306909886,0.9707611266,0.2087299959,0.04326715819 0 0 0 0 0 0 0.04326715819 0 0 0 0 0 0 0.09486867652 0 0 0 0 0 0 0.0007605200052 0 0 0 0 0 0 0.0007605200052 0 0 0 0 0 0 0.001317993009
757,1785495505.446474075,map,3.0143146515,-1.9791591167,-0.5096836090,0.1144554709,0.0304212162,0.9707444257,0.2088773342,0.04293398889 0 0 0 0 0 0 0.04293398889 0 0 0 0 0 0 0.09437502598 0 0 0 0 0 0 0.0007528153569 0 0 0 0 0 0 0.0007528153569 0 0 0 0 0 0 0.001307844092
758,1785495505.546713114,map,3.0189316273,-1.9822083712,-0.5096437335,0.1142533920,0.0302982825,0.9707489310,0.2089848982,0.04422995317 0 0 0 0 0 0 0.04422995317 0 0 0 0 0 0 0.09629179011 0 0 0 0 0 0 0.0007828373641 0 0 0 0 0 0 0.0007828373641 0 0 0 0 0 0 0.001347321421
759,1785495505.647195101,map,3.0048155785,-1.9935007095,-0.5094550252,0.1138888687,0.0306528478,0.9708862055,0.2084939427,0.04329731526 0 0 0 0 0 0 0.04329731526 0 0 0 0 0 0 0.09491332913 0 0 0 0 0 0 0.0007612178624 0 0 0 0 0 0 0.0007612178624 0 0 0 0 0 0 0.001318911646
760,1785495505.747324944,map,3.0104911327,-1.9972616434,-0.5114730597,0.1140086187,0.0308406846,0.9707479793,0.2090436717,0.04320869584 0 0 0 0 0 0 0.04320869584 0 0 0 0 0 0 0.0947820988 0 0 0 0 0 0 0.0007591673618 0 0 0 0 0 0 0.0007591673618 0 0 0 0 0 0 0.001316212144
761,1785495505.846527100,map,3.0079720020,-1.9946411848,-0.5092958808,0.1141480753,0.0305825026,0.9707595302,0.2089518166,0.0433510956 0 0 0 0 0 0 0.0433510956 0 0 0 0 0 0 0.09499294744 0 0 0 0 0 0 0.0007624625707 0 0 0 0 0 0 0.0007624625707 0 0 0 0 0 0 0.001320549889
762,1785495505.946873903,map,3.0102810860,-1.9915076494,-0.5111051202,0.1144275685,0.0307173434,0.9707463752,0.2088402738,0.04286406706 0 0 0 0 0 0 0.04286406706 0 0 0 0 0 0 0.09427134519 0 0 0 0 0 0 0.0007511995945 0 0 0 0 0 0 0.0007511995945 0 0 0 0 0 0 0.001305714151
763,1785495506.047142982,map,3.0285718441,-1.9889805317,-0.5118830204,0.1140750442,0.0301977523,0.9707704670,0.2089968475,0.04350473565 0 0 0 0 0 0 0.04350473565 0 0 0 0 0 0 0.09522031339 0 0 0 0 0 0 0.0007660198045 0 0 0 0 0 0 0.0007660198045 0 0 0 0 0 0 0.001325230032
764,1785495506.146275997,map,3.0335421562,-1.9919471741,-0.5121184587,0.1139439161,0.0301638137,0.9707902988,0.2089811733,0.04336749033 0 0 0 0 0 0 0.04336749033 0 0 0 0 0 0 0.09501721557 0 0 0 0 0 0 0.0007628420636 0 0 0 0 0 0 0.0007628420636 0 0 0 0 0 0 0.001321049301
765,1785495506.246577978,map,3.0394153595,-1.9934080839,-0.5143683553,0.1137131960,0.0301032859,0.9707815649,0.2091560364,0.04343099332 0 0 0 0 0 0 0.04343099332 0 0 0 0 0 0 0.09511120124 0 0 0 0 0 0 0.0007643121975 0 0 0 0 0 0 0.0007643121975 0 0 0 0 0 0 0.001322983712
766,1785495506.346806049,map,3.0315744877,-1.9926204681,-0.5119797587,0.1138695996,0.0303462820,0.9707690165,0.2090941094,0.04384697743 0 0 0 0 0 0 0.04384697743 0 0 0 0 0 0 0.09572631717 0 0 0 0 0 0 0.0007739508473 0 0 0 0 0 0 0.0007739508473 0 0 0 0 0 0 0.001335655313
767,1785495506.446005106,map,3.0313551426,-2.0004317760,-0.5134225488,0.1138816442,0.0305687581,0.9707815879,0.2089966636,0.04353586234 0 0 0 0 0 0 0.04353586234 0 0 0 0 0 0 0.09526636071 0 0 0 0 0 0 0.0007667407236 0 0 0 0 0 0 0.0007667407236 0 0 0 0 0 0 0.001326178206
768,1785495506.546238899,map,3.0279791355,-2.0016996861,-0.5127521157,0.1136792758,0.0307337154,0.9708265690,0.2088737281,0.04334949033 0 0 0 0 0 0 0.04334949033 0 0 0 0 0 0 0.09499057116 0 0 0 0 0 0 0.0007624254142 0 0 0 0 0 0 0.0007624254142 0 0 0 0 0 0 0.001320500989
769,1785495506.646478891,map,3.0322799683,-1.9975019693,-0.5156391859,0.1138914899,0.0305341813,0.9708471134,0.2086918089,0.04310031713 0 0 0 0 0 0 0.04310031713 0 0 0 0 0 0 0.09462154887 0 0 0 0 0 0 0.0007566605706 0 0 0 0 0 0 0.0007566605706 0 0 0 0 0 0 0.00131291074
770,1785495506.747008085,map,3.0284779072,-1.9976706505,-0.5148489475,0.1139791030,0.0305954700,0.9708617942,0.2085667026,0.04320083065 0 0 0 0 0 0 0.04320083065 0 0 0 0 0 0 0.09477044967 0 0 0 0 0 0 0.0007589854069 0 0 0 0 0 0 0.0007589854069 0 0 0 0 0 0 0.001315972556
771,1785495506.846240044,map,3.0284397602,-2.0000948906,-0.5136512518,0.1139321096,0.0306503238,0.9708462999,0.2086563750,0.04326551703 0 0 0 0 0 0 0.04326551703 0 0 0 0 0 0 0.09486624637 0 0 0 0 0 0 0.0007604820298 0 0 0 0 0 0 0.0007604820298 0 0 0 0 0 0 0.001317943016
772,1785495506.946577072,map,3.0298061371,-2.0002720356,-0.5145683289,0.1140177349,0.0308034392,0.9708051724,0.2087784155,0.04356680712 0 0 0 0 0 0 0.04356680712 0 0 0 0 0 0 0.09531213363 0 0 0 0 0 0 0.00076745751 0 0 0 0 0 0 0.00076745751 0 0 0 0 0 0 0.001327120837
773,1785495507.045897007,map,3.0317192078,-1.9975649118,-0.5154907703,0.1139397136,0.0305237884,0.9708092016,0.2088433204,0.04360814653 0 0 0 0 0 0 0.04360814653 0 0 0 0 0 0 0.09537327386 0 0 0 0 0 0 0.0007684151963 0 0 0 0 0 0 0.0007684151963 0 0 0 0 0 0 0.001328380108
774,1785495507.146096945,map,3.0294187069,-1.9983781576,-0.5138919353,0.1137556199,0.0302867694,0.9708801584,0.2086482158,0.04416140983 0 0 0 0 0 0 0.04416140983 0 0 0 0 0 0 0.09619064244 0 0 0 0 0 0 0.0007812460072 0 0 0 0 0 0 0.0007812460072 0 0 0 0 0 0 0.001345233472
775,1785495507.246433020,map,3.0307312012,-1.9963843822,-0.5152314305,0.1137040653,0.0304998624,0.9708450720,0.2088085061,0.0431431515 0 0 0 0 0 0 0.0431431515 0 0 0 0 0 0 0.09468501063 0 0 0 0 0 0 0.0007576512071 0 0 0 0 0 0 0.0007576512071 0 0 0 0 0 0 0.001314215549
776,1785495507.346697092,map,3.0285332203,-1.9958052635,-0.5128108859,0.1138553235,0.0304896114,0.9708323019,0.2087869785,0.04324239585 0 0 0 0 0 0 0.04324239585 0 0 0 0 0 0 0.09483200795 0 0 0 0 0 0 0.0007599470437 0 0 0 0 0 0 0.0007599470437 0 0 0 0 0 0 0.001317238705
777,1785495507.447047949,map,3.0236370564,-1.9917745590,-0.5112572908,0.1139729256,0.0304775680,0.9708199536,0.2087819596,0.04365617369 0 0 0 0 0 0 0.04365617369 0 0 0 0 0 0 0.09544429339 0 0 0 0 0 0 0.0007695279938 0 0 0 0 0 0 0.0007695279938 0 0 0 0 0 0 0.001329843099
778,1785495507.546226025,map,3.0236980915,-1.9956620932,-0.5115030408,0.1137044111,0.0305450233,0.9708339288,0.2088534651,0.04348099774 0 0 0 0 0 0 0.04348099774 0 0 0 0 0 0 0.09518519309 0 0 0 0 0 0 0.00076547007 0 0 0 0 0 0 0.00076547007 0 0 0 0 0 0 0.001324506934
779,1785495507.646471977,map,3.0203242302,-1.9981148243,-0.5084244609,0.1141232162,0.0301558164,0.9708071217,0.2088062312,0.04369729811 0 0 0 0 0 0 0.04369729811 0 0 0 0 0 0 0.09550509553 0 0 0 0 0 0 0.0007704810065 0 0 0 0 0 0 0.0007704810065 0 0 0 0 0 0 0.00133109582
780,1785495507.746664047,map,3.0231409073,-1.9934061766,-0.5124376416,0.1141512030,0.0302728138,0.9707687325,0.2089524377,0.04323683786 0 0 0 0 0 0 0.04323683786 0 0 0 0 0 0 0.09482377708 0 0 0 0 0 0 0.0007598184475 0 0 0 0 0 0 0.0007598184475 0 0 0 0 0 0 0.001317069399
781,1785495507.846965075,map,3.0228719711,-1.9907011986,-0.5113658309,0.1140013040,0.0303528303,0.9708233688,0.2087687772,0.04299575572 0 0 0 0 0 0 0.04299575572 0 0 0 0 0 0 0.0944665916 0 0 0 0 0 0 0.0007542430206 0 0 0 0 0 0 0.0007542430206 0 0 0 0 0 0 0.001309725617
782,1785495507.946997881,map,3.0214557648,-1.9877002239,-0.5108439922,0.1137946029,0.0301925558,0.9708676957,0.2086985890,0.04359777592 0 0 0 0 0 0 0.04359777592 0 0 0 0 0 0 0.0953579368 0 0 0 0 0 0 0.0007681749329 0 0 0 0 0 0 0.0007681749329 0 0 0 0 0 0 0.001328064201
783,1785495508.046061039,map,3.0239994526,-1.9907824993,-0.5101084709,0.1138728956,0.0300110951,0.9708420714,0.2088012623,0.04314111486 0 0 0 0 0 0 0.04314111486 0 0 0 0 0 0 0.09468199346 0 0 0 0 0 0 0.0007576041019 0 0 0 0 0 0 0.0007576041019 0 0 0 0 0 0 0.00131415351
784,1785495508.146408081,map,3.0160033703,-2.0031187534,-0.5087115765,0.1143215697,0.0303550598,0.9707806055,0.2087921643,0.04410952829 0 0 0 0 0 0 0.04410952829 0 0 0 0 0 0 0.09611406533 0 0 0 0 0 0 0.00078004174 0 0 0 0 0 0 0.00078004174 0 0 0 0 0 0 0.00134365307
785,1785495508.246478081,map,3.0213866234,-1.9969671965,-0.5103451610,0.1140201237,0.0301733449,0.9708233534,0.2087845822,0.04303271621 0 0 0 0 0 0 0.04303271621 0 0 0 0 0 0 0.09452137308 0 0 0 0 0 0 0.0007550974726 0 0 0 0 0 0 0.0007550974726 0 0 0 0 0 0 0.001310851498
786,1785495508.346611023,map,3.0196335316,-1.9984084368,-0.5095053911,0.1140439747,0.0301241124,0.9707814882,0.2089732769,0.0434896779 0 0 0 0 0 0 0.0434896779 0 0 0 0 0 0 0.09519803577 0 0 0 0 0 0 0.000765671084 0 0 0 0 0 0 0.000765671084 0 0 0 0 0 0 0.001324771347
787,1785495508.446723938,map,3.0206916332,-2.0036153793,-0.5102965832,0.1144059608,0.0301724314,0.9707551862,0.2088905685,0.04291309778 0 0 0 0 0 0 0.04291309778 0 0 0 0 0 0 0.09434405132 0 0 0 0 0 0 0.0007523325587 0 0 0 0 0 0 0.0007523325587 0 0 0 0 0 0 0.001307207712
788,1785495508.546008110,map,3.0279319286,-1.9976996183,-0.5106743574,0.1141764178,0.0299044376,0.9707286762,0.2091777014,0.04357538172 0 0 0 0 0 0 0.04357538172 0 0 0 0 0 0 0.09532481607 0 0 0 0 0 0 0.000767656141 0 0 0 0 0 0 0.000767656141 0 0 0 0 0 0 0.001327382035
789,1785495508.646019936,map,3.0300548077,-1.9989192486,-0.5120201707,0.1137783351,0.0301760918,0.9708157557,0.2089513650,0.04354785549 0 0 0 0 0 0 0.04354785549 0 0 0 0 0 0 0.09528410136 0 0 0 0 0 0 0.0007670185161 0 0 0 0 0 0 0.0007670185161 0 0 0 0 0 0 0.001326543538
790,1785495508.746041059,map,3.0303206444,-1.9987386465,-0.5114098787,0.1138898279,0.0303876582,0.9708071141,0.2089000629,0.04366135395 0 0 0 0 0 0 0.04366135395 0 0 0 0 0 0 0.09545195287 0 0 0 0 0 0 0.0007696480328 0 0 0 0 0 0 0.0007696480328 0 0 0 0 0 0 0.001330000899
791,1785495508.846118927,map,3.0336034298,-1.9971153736,-0.5105819106,0.1137164091,0.0303664796,0.9707825703,0.2091115514,0.04310853533 0 0 0 0 0 0 0.04310853533 0 0 0 0 0 0 0.09463372544 0 0 0 0 0 0 0.0007568506221 0 0 0 0 0 0 0.0007568506221 0 0 0 0 0 0 0.00131316108
792,1785495508.946329117,map,3.0309507847,-1.9972742796,-0.5117856264,0.1139012513,0.0302625332,0.9708515645,0.2087053642,0.04440782647 0 0 0 0 0 0 0.04440782647 0 0 0 0 0 0 0.09655415559 0 0 0 0 0 0 0.000786968805 0 0 0 0 0 0 0.000786968805 0 0 0 0 0 0 0.001352739752
793,1785495509.046408892,map,3.0320773125,-1.9958962202,-0.5123409629,0.1140462907,0.0301517521,0.9707988485,0.2088873440,0.04349294218 0 0 0 0 0 0 0.04349294218 0 0 0 0 0 0 0.0952028653 0 0 0 0 0 0 0.0007657466793 0 0 0 0 0 0 0.0007657466793 0 0 0 0 0 0 0.001324870782
794,1785495509.145608902,map,3.0348484516,-1.9960236549,-0.5125921965,0.1139051955,0.0301327228,0.9707821021,0.2090448045,0.04335279587 0 0 0 0 0 0 0.04335279587 0 0 0 0 0 0 0.09499546431 0 0 0 0 0 0 0.0007625019261 0 0 0 0 0 0 0.0007625019261 0 0 0 0 0 0 0.001320601682
795,1785495509.245861053,map,3.0361380577,-1.9950687885,-0.5109447241,0.1136581515,0.0300906207,0.9707465978,0.2093500293,0.0436968355 0 0 0 0 0 0 0.0436968355 0 0 0 0 0 0 0.09550441161 0 0 0 0 0 0 0.0007704702852 0 0 0 0 0 0 0.0007704702852 0 0 0 0 0 0 0.001331081728
796,1785495509.346220970,map,3.0331444740,-1.9959865808,-0.5127176046,0.1136083158,0.0302958542,0.9707764151,0.2092091278,0.04369800761 0 0 0 0 0 0 0.04369800761 0 0 0 0 0 0 0.09550614444 0 0 0 0 0 0 0.0007704974496 0 0 0 0 0 0 0.0007704974496 0 0 0 0 0 0 0.001331117433
797,1785495509.445620060,map,3.0314385891,-1.9941935539,-0.5116110444,0.1136169338,0.0300911109,0.9707898000,0.2091718834,0.04308234654 0 0 0 0 0 0 0.04308234654 0 0 0 0 0 0 0.09459492128 0 0 0 0 0 0 0.0007562450088 0 0 0 0 0 0 0.0007562450088 0 0 0 0 0 0 0.001312363324
798,1785495509.546011925,map,3.0283353329,-1.9980292320,-0.5115722418,0.1137683434,0.0300525495,0.9708126398,0.2089890271,0.04324472419 0 0 0 0 0 0 0.04324472419 0 0 0 0 0 0 0.09483545595 0 0 0 0 0 0 0.0007600009156 0 0 0 0 0 0 0.0007600009156 0 0 0 0 0 0 0.00131730963
799,1785495509.645236969,map,3.0233359337,-1.9958888292,-0.5105153918,0.1138198674,0.0300958359,0.9708580953,0.2087434441,0.04367799689 0 0 0 0 0 0 0.04367799689 0 0 0 0 0 0 0.09547655998 0 0 0 0 0 0 0.0007700337046 0 0 0 0 0 0 0.0007700337046 0 0 0 0 0 0 0.001330507872
800,1785495509.745548964,map,3.0231847763,-1.9940669537,-0.5110101104,0.1134300844,0.0298275728,0.9708536749,0.2090145207,0.04326303086 0 0 0 0 0 0 0.04326303086 0 0 0 0 0 0 0.09486256493 0 0 0 0 0 0 0.0007604245017 0 0 0 0 0 0 0.0007604245017 0 0 0 0 0 0 0.001317867283
801,1785495509.846002102,map,3.0162944794,-2.0131926537,-0.5090315938,0.1139454055,0.0302791097,0.9708806265,0.2085435947,0.04341884146 0 0 0 0 0 0 0.04341884146 0 0 0 0 0 0 0.09509321799 0 0 0 0 0 0 0.0007640308483 0 0 0 0 0 0 0.0007640308483 0 0 0 0 0 0 0.001322613546
802,1785495509.945202112,map,3.0181746483,-2.0072662830,-0.5100255609,0.1138668537,0.0302297855,0.9708736278,0.2086261902,0.04356228945 0 0 0 0 0 0 0.04356228945 0 0 0 0 0 0 0.0953054515 0 0 0 0 0 0 0.0007673528602 0 0 0 0 0 0 0.0007673528602 0 0 0 0 0 0 0.001326983221
803,1785495510.045433044,map,3.0139615536,-1.9989303350,-0.5093881488,0.1137895770,0.0299871109,0.9709153893,0.2085089935,0.04377445045 0 0 0 0 0 0 0.04377445045 0 0 0 0 0 0 0.09561913969 0 0 0 0 0 0 0.0007722693063 0 0 0 0 0 0 0.0007722693063 0 0 0 0 0 0 0.001333446015
804,1785495510.145792961,map,3.0164301395,-1.9951694012,-0.5106236339,0.1138130330,0.0301943751,0.9709396995,0.2083530408,0.04351806329 0 0 0 0 0 0 0.04351806329 0 0 0 0 0 0 0.0952400303 0 0 0 0 0 0 0.0007663284732 0 0 0 0 0 0 0.0007663284732 0 0 0 0 0 0 0.001325636015
805,1785495510.244911909,map,3.0248336792,-1.9937520027,-0.5109868646,0.1138263759,0.0298851337,0.9708878708,0.2086316401,0.04288203416 0 0 0 0 0 0 0.04288203416 0 0 0 0 0 0 0.09429798962 0 0 0 0 0 0 0.0007516147407 0 0 0 0 0 0 0.0007516147407 0 0 0 0 0 0 0.00130626146
806,1785495510.344995022,map,3.0282647610,-1.9922443628,-0.5124241114,0.1137238982,0.0298855010,0.9708667364,0.2087857894,0.04373710446 0 0 0 0 0 0 0.04373710446 0 0 0 0 0 0 0.09556394008 0 0 0 0 0 0 0.0007714036085 0 0 0 0 0 0 0.0007714036085 0 0 0 0 0 0 0.001332308391
807,1785495510.445111036,map,3.0283358097,-1.9961253405,-0.5128179193,0.1136683653,0.0302053712,0.9708833431,0.2086927697,0.04364672559 0 0 0 0 0 0 0.04364672559 0 0 0 0 0 0 0.09543032313 0 0 0 0 0 0 0.0007693090645 0 0 0 0 0 0 0.0007693090645 0 0 0 0 0 0 0.001329555293
808,1785495510.545259953,map,3.0218582153,-1.9935525656,-0.5100263953,0.1138894600,0.0300328810,0.9708721697,0.2086491422,0.04300343709 0 0 0 0 0 0 0.04300343709 0 0 0 0 0 0 0.09447797728 0 0 0 0 0 0 0.0007544205889 0 0 0 0 0 0 0.0007544205889 0 0 0 0 0 0 0.001309959605
809,1785495510.645535946,map,3.0210297108,-1.9957343340,-0.5125142336,0.1138114923,0.0300174148,0.9708330770,0.2088756356,0.04374461572 0 0 0 0 0 0 0.04374461572 0 0 0 0 0 0 0.09557504278 0 0 0 0 0 0 0.0007715777137 0 0 0 0 0 0 0.0007715777137 0 0 0 0 0 0 0.001332537197
810,1785495510.745632887,map,3.0328779221,-2.0136828423,-0.5182543397,0.1139308477,0.0308831344,0.9708395925,0.2086539564,0.04312077568 0 0 0 0 0 0 0.04312077568 0 0 0 0 0 0 0.09465186075 0 0 0 0 0 0 0.0007571336989 0 0 0 0 0 0 0.0007571336989 0 0 0 0 0 0 0.001313533943
811,1785495510.845674038,map,3.0298163891,-2.0072488785,-0.5155940652,0.1138202812,0.0305698200,0.9708796366,0.2085741429,0.0434379548 0 0 0 0 0 0 0.0434379548 0 0 0 0 0 0 0.09512150301 0 0 0 0 0 0 0.0007644733808 0 0 0 0 0 0 0.0007644733808 0 0 0 0 0 0 0.001323195771
812,1785495510.945910931,map,3.0325701237,-2.0033671856,-0.5135701299,0.1138246558,0.0304114252,0.9708310970,0.2088206828,0.04360706009 0 0 0 0 0 0 0.04360706009 0 0 0 0 0 0 0.09537166715 0 0 0 0 0 0 0.0007683900256 0 0 0 0 0 0 0.0007683900256 0 0 0 0 0 0 0.001328347013
813,1785495511.046080112,map,3.0341143608,-1.9940327406,-0.5134897828,0.1137990348,0.0301476458,0.9708217341,0.2089164255,0.0434050765 0 0 0 0 0 0 0.0434050765 0 0 0 0 0 0 0.09507284653 0 0 0 0 0 0 0.0007637121659 0 0 0 0 0 0 0.0007637121659 0 0 0 0 0 0 0.001322194241
814,1785495511.146358013,map,3.0332324505,-1.9988032579,-0.5119252801,0.1138017245,0.0304269711,0.9708139445,0.2089106115,0.04324150448 0 0 0 0 0 0 0.04324150448 0 0 0 0 0 0 0.09483068792 0 0 0 0 0 0 0.0007599264196 0 0 0 0 0 0 0.0007599264196 0 0 0 0 0 0 0.001317211552
815,1785495511.245685101,map,3.0273864269,-1.9909117222,-0.5122964978,0.1134859140,0.0306905826,0.9707184374,0.2094868594,0.0434254874 0 0 0 0 0 0 0.0434254874 0 0 0 0 0 0 0.09510305326 0 0 0 0 0 0 0.0007641847186 0 0 0 0 0 0 0.0007641847186 0 0 0 0 0 0 0.001322815992
816,1785495511.345772982,map,3.0204150677,-1.9936162233,-0.5112864375,0.1137349294,0.0307951028,0.9706836445,0.2094976994,0.04355939507 0 0 0 0 0 0 0.04355939507 0 0 0 0 0 0 0.09530117035 0 0 0 0 0 0 0.0007672858144 0 0 0 0 0 0 0.0007672858144 0 0 0 0 0 0 0.001326895054
817,1785495511.446065903,map,3.0212655067,-1.9909352064,-0.5124576092,0.1136547806,0.0302129853,0.9707079989,0.2095130978,0.04295549063 0 0 0 0 0 0 0.04295549063 0 0 0 0 0 0 0.09440690345 0 0 0 0 0 0 0.0007533123059 0 0 0 0 0 0 0.0007533123059 0 0 0 0 0 0 0.001308499072
818,1785495511.545387983,map,3.0224463940,-1.9882270098,-0.5112790465,0.1136332085,0.0301003532,0.9707376716,0.2094035085,0.04290341348 0 0 0 0 0 0 0.04290341348 0 0 0 0 0 0 0.09432969184 0 0 0 0 0 0 0.000752108765 0 0 0 0 0 0 0.000752108765 0 0 0 0 0 0 0.001306912711
819,1785495511.645665884,map,3.0107996464,-1.9949415922,-0.5060102940,0.1141062953,0.0297879180,0.9707477874,0.2091439421,0.04310011682 0 0 0 0 0 0 0.04310011682 0 0 0 0 0 0 0.09462125208 0 0 0 0 0 0 0.0007566559385 0 0 0 0 0 0 0.0007566559385 0 0 0 0 0 0 0.001312904638
820,1785495511.745943069,map,3.0173618793,-1.9983816147,-0.5089155436,0.1141072930,0.0300496201,0.9707180460,0.2092439429,0.04321938121 0 0 0 0 0 0 0.04321938121 0 0 0 0 0 0 0.09479792433 0 0 0 0 0 0 0.0007594145675 0 0 0 0 0 0 0.0007594145675 0 0 0 0 0 0 0.001316537639
821,1785495511.845134020,map,3.0186913013,-1.9978226423,-0.5117237568,0.1139637586,0.0303305172,0.9707045296,0.2093443192,0.04347807658 0 0 0 0 0 0 0.04347807658 0 0 0 0 0 0 0.095180871 0 0 0 0 0 0 0.0007654024235 0 0 0 0 0 0 0.0007654024235 0 0 0 0 0 0 0.00132441795
822,1785495511.945416927,map,3.0348014832,-1.9850146770,-0.5140125751,0.1137676150,0.0299159509,0.9708299228,0.2089287844,0.0427961946 0 0 0 0 0 0 0.0427961946 0 0 0 0 0 0 0.09417067689 0 0 0 0 0 0 0.0007496315908 0 0 0 0 0 0 0.0007496315908 0 0 0 0 0 0 0.001303646638
823,1785495512.045608997,map,3.0362110138,-1.9933668375,-0.5124849677,0.1140913839,0.0300302719,0.9708903341,0.2084545635,0.04365660154 0 0 0 0 0 0 0.04365660154 0 0 0 0 0 0 0.095444926 0 0 0 0 0 0 0.0007695379079 0 0 0 0 0 0 0.0007695379079 0 0 0 0 0 0 0.001329856132
824,1785495512.145756960,map,3.0328476429,-1.9971122742,-0.5121690035,0.1141033020,0.0301178296,0.9708509889,0.2086185691,0.04310116755 0 0 0 0 0 0 0.04310116755 0 0 0 0 0 0 0.09462280893 0 0 0 0 0 0 0.000756680237 0 0 0 0 0 0 0.000756680237 0 0 0 0 0 0 0.001312936645
825,1785495512.245975971,map,3.0299825668,-1.9989062548,-0.5122681260,0.1138540114,0.0303454914,0.9708742801,0.2086133878,0.04327936939 0 0 0 0 0 0 0.04327936939 0 0 0 0 0 0 0.09488675786 0 0 0 0 0 0 0.0007608025722 0 0 0 0 0 0 0.0007608025722 0 0 0 0 0 0 0.001318364983
826,1785495512.345247984,map,3.0318715572,-2.0050146580,-0.5134299397,0.1139261171,0.0303384759,0.9707855021,0.2089878545,0.04369139895 0 0 0 0 0 0 0.04369139895 0 0 0 0 0 0 0.09549637423 0 0 0 0 0 0 0.0007703442912 0 0 0 0 0 0 0.0007703442912 0 0 0 0 0 0 0.001330916121
827,1785495512.445555925,map,3.0317175388,-2.0033416748,-0.5127441883,0.1139847970,0.0307659875,0.9708027395,0.2088132521,0.04308302553 0 0 0 0 0 0 0.04308302553 0 0 0 0 0 0 0.0945959274 0 0 0 0 0 0 0.0007562607096 0 0 0 0 0 0 0.0007562607096 0 0 0 0 0 0 0.001312384007
828,1785495512.545857906,map,3.0327904224,-1.9995466471,-0.5126187801,0.1138962368,0.0302504300,0.9708344200,0.2087895697,0.04316944427 0 0 0 0 0 0 0.04316944427 0 0 0 0 0 0 0.09472395992 0 0 0 0 0 0 0.0007582593608 0 0 0 0 0 0 0.0007582593608 0 0 0 0 0 0 0.001315016473
829,1785495512.645134926,map,3.0346136093,-2.0002498627,-0.5133542418,0.1136576848,0.0303799726,0.9708677264,0.2087458935,0.04286914369 0 0 0 0 0 0 0.04286914369 0 0 0 0 0 0 0.09427887379 0 0 0 0 0 0 0.0007513168918 0 0 0 0 0 0 0.0007513168918 0 0 0 0 0 0 0.001305868794
830,1785495512.745363951,map,3.0328052044,-1.9949612617,-0.5133640170,0.1136233706,0.0304320423,0.9708486713,0.2088456200,0.0433992707 0 0 0 0 0 0 0.0433992707 0 0 0 0 0 0 0.09506425394 0 0 0 0 0 0 0.0007635777567 0 0 0 0 0 0 0.0007635777567 0 0 0 0 0 0 0.001322017386
831,1785495512.845575094,map,3.0336027145,-1.9910838604,-0.5137854815,0.1136297569,0.0301735923,0.9708171217,0.2090262125,0.04362423573 0 0 0 0 0 0 0.04362423573 0 0 0 0 0 0 0.09539706696 0 0 0 0 0 0 0.0007687879644 0 0 0 0 0 0 0.0007687879644 0 0 0 0 0 0 0.001328870213
832,1785495512.945595026,map,3.0283896923,-1.9922001362,-0.5152537227,0.1140207796,0.0300142235,0.9707734986,0.2090388365,0.04372823059 0 0 0 0 0 0 0.04372823059 0 0 0 0 0 0 0.09555082285 0 0 0 0 0 0 0.0007711979251 0 0 0 0 0 0 0.0007711979251 0 0 0 0 0 0 0.001332038077
833,1785495513.045676947,map,3.0299546719,-1.9980652332,-0.5134739876,0.1139024755,0.0299877250,0.9708022100,0.2089737512,0.04420253843 0 0 0 0 0 0 0.04420253843 0 0 0 0 0 0 0.09625133791 0 0 0 0 0 0 0.0007822008354 0 0 0 0 0 0 0.0007822008354 0 0 0 0 0 0 0.001346486321
834,1785495513.145844936,map,3.0228457451,-1.9982700348,-0.5118115544,0.1138039898,0.0299256271,0.9708585173,0.2087746105,0.04369257706 0 0 0 0 0 0 0.04369257706 0 0 0 0 0 0 0.09549811596 0 0 0 0 0 0 0.0007703715942 0 0 0 0 0 0 0.0007703715942 0 0 0 0 0 0 0.001330952009
835,1785495513.244992971,map,3.0282990932,-1.9995266199,-0.5107021332,0.1137125252,0.0299878789,0.9708286028,0.2089545246,0.04344964134 0 0 0 0 0 0 0.04344964134 0 0 0 0 0 0 0.09513879645 0 0 0 0 0 0 0.0007647439755 0 0 0 0 0 0 0.0007647439755 0 0 0 0 0 0 0.001323551764
836,1785495513.345056057,map,3.0199608803,-1.9999998808,-0.5086368322,0.1138316216,0.0298627740,0.9708500680,0.2088078383,0.04332693879 0 0 0 0 0 0 0.04332693879 0 0 0 0 0 0 0.09495718682 0 0 0 0 0 0 0.000761903448 0 0 0 0 0 0 0.000761903448 0 0 0 0 0 0 0.00131981403
837,1785495513.445218086,map,3.0166573524,-2.0024957657,-0.5109407306,0.1139723664,0.0303182752,0.9708257632,0.2087784463,0.04381362029 0 0 0 0 0 0 0.04381362029 0 0 0 0 0 0 0.09567702688 0 0 0 0 0 0 0.0007731774064 0 0 0 0 0 0 0.0007731774064 0 0 0 0 0 0 0.001334639196
838,1785495513.545351028,map,3.0231716633,-1.9997599125,-0.5101929307,0.1139883171,0.0301095086,0.9708207364,0.2088233258,0.04310973455 0 0 0 0 0 0 0.04310973455 0 0 0 0 0 0 0.09463550224 0 0 0 0 0 0 0.0007568783553 0 0 0 0 0 0 0.0007568783553 0 0 0 0 0 0 0.001313197611
839,1785495513.644817114,map,3.0231447220,-1.9985752106,-0.5113462210,0.1138703999,0.0301465888,0.9708707423,0.2086497636,0.04333636776 0 0 0 0 0 0 0.04333636776 0 0 0 0 0 0 0.09497114542 0 0 0 0 0 0 0.0007621216808 0 0 0 0 0 0 0.0007621216808 0 0 0 0 0 0 0.001320101253
840,1785495513.745017052,map,3.0214598179,-1.9976987839,-0.5136225820,0.1138028198,0.0303066246,0.9708975016,0.2085388880,0.04295099593 0 0 0 0 0 0 0.04295099593 0 0 0 0 0 0 0.09440024004 0 0 0 0 0 0 0.0007532084211 0 0 0 0 0 0 0.0007532084211 0 0 0 0 0 0 0.001308362156
841,1785495513.845057964,map,3.0284159184,-1.9927750826,-0.5137656331,0.1138765981,0.0301213439,0.9708585941,0.2087065620,0.04303116034 0 0 0 0 0 0 0.04303116034 0 0 0 0 0 0 0.09451906718 0 0 0 0 0 0 0.0007550615017 0 0 0 0 0 0 0.0007550615017 0 0 0 0 0 0 0.001310804103
842,1785495513.945000887,map,3.0262045860,-1.9947603941,-0.5115163326,0.1136961740,0.0296538041,0.9709117673,0.2086245023,0.04344686773 0 0 0 0 0 0 0.04344686773 0 0 0 0 0 0 0.0951346922 0 0 0 0 0 0 0.0007646797531 0 0 0 0 0 0 0.0007646797531 0 0 0 0 0 0 0.001323467275
843,1785495514.045028925,map,3.0247452259,-1.9965512753,-0.5118241906,0.1137825516,0.0299746742,0.9708908022,0.2086290687,0.04328138664 0 0 0 0 0 0 0.04328138664 0 0 0 0 0 0 0.09488974476 0 0 0 0 0 0 0.0007608492526 0 0 0 0 0 0 0.0007608492526 0 0 0 0 0 0 0.001318426432
844,1785495514.145226002,map,3.0307433605,-1.9997347593,-0.5136714578,0.1136375575,0.0301454198,0.9708475815,0.2088844638,0.04357755561 0 0 0 0 0 0 0.04357755561 0 0 0 0 0 0 0.09532803135 0 0 0 0 0 0 0.0007677065003 0 0 0 0 0 0 0.0007677065003 0 0 0 0 0 0 0.001327448255
845,1785495514.245481968,map,3.0262684822,-1.9995558262,-0.5143292546,0.1137290979,0.0303293865,0.9708595917,0.2087521780,0.04356292776 0 0 0 0 0 0 0.04356292776 0 0 0 0 0 0 0.09530639563 0 0 0 0 0 0 0.0007673676463 0 0 0 0 0 0 0.0007673676463 0 0 0 0 0 0 0.001327002665
846,1785495514.344831944,map,3.0131170750,-1.9981211424,-0.5078313351,0.1135697463,0.0296702652,0.9709173922,0.2086647934,0.04361688606 0 0 0 0 0 0 0.04361688606 0 0 0 0 0 0 0.09538619827 0 0 0 0 0 0 0.0007686176785 0 0 0 0 0 0 0.0007686176785 0 0 0 0 0 0 0.001328646329
847,1785495514.445235014,map,3.0302124023,-2.0077137947,-0.5123491883,0.1134258597,0.0303015054,0.9708492085,0.2089693598,0.04287774396 0 0 0 0 0 0 0.04287774396 0 0 0 0 0 0 0.09429162761 0 0 0 0 0 0 0.0007515156092 0 0 0 0 0 0 0.0007515156092 0 0 0 0 0 0 0.001306130773
848,1785495514.544337034,map,3.0258853436,-2.0037026405,-0.5104957223,0.1136012939,0.0301293632,0.9708837729,0.2087382610,0.04315036096 0 0 0 0 0 0 0.04315036096 0 0 0 0 0 0 0.09469569088 0 0 0 0 0 0 0.0007578179565 0 0 0 0 0 0 0.0007578179565 0 0 0 0 0 0 0.001314435162
849,1785495514.644792080,map,3.0273885727,-2.0071949959,-0.5097500682,0.1138017886,0.0303138887,0.9708132998,0.2089300594,0.04304645519 0 0 0 0 0 0 0.04304645519 0 0 0 0 0 0 0.09454173453 0 0 0 0 0 0 0.0007554151197 0 0 0 0 0 0 0.0007554151197 0 0 0 0 0 0 0.001311270011
850,1785495514.744888067,map,3.0254611969,-2.0043897629,-0.5094324946,0.1139152321,0.0299789752,0.9708152798,0.2089073080,0.04362132371 0 0 0 0 0 0 0.04362132371 0 0 0 0 0 0 0.09539276071 0 0 0 0 0 0 0.0007687204948 0 0 0 0 0 0 0.0007687204948 0 0 0 0 0 0 0.001328781508
851,1785495514.844961882,map,3.0237238407,-2.0049989223,-0.5115635395,0.1141045670,0.0304104285,0.9707392450,0.2090948962,0.04334690734 0 0 0 0 0 0 0.04334690734 0 0 0 0 0 0 0.09498674756 0 0 0 0 0 0 0.0007623656275 0 0 0 0 0 0 0.0007623656275 0 0 0 0 0 0 0.001320422307
852,1785495514.945053101,map,3.0244688988,-2.0015954971,-0.5114235282,0.1141767547,0.0302811527,0.9706984046,0.2092637657,0.04301824777 0 0 0 0 0 0 0.04301824777 0 0 0 0 0 0 0.0944999294 0 0 0 0 0 0 0.0007547629775 0 0 0 0 0 0 0.0007547629775 0 0 0 0 0 0 0.001310410764
853,1785495515.044351101,map,3.0245344639,-2.0026495457,-0.5132723451,0.1138164490,0.0305831858,0.9707225207,0.2093042656,0.0431144405 0 0 0 0 0 0 0.0431144405 0 0 0 0 0 0 0.09464247465 0 0 0 0 0 0 0.0007569871866 0 0 0 0 0 0 0.0007569871866 0 0 0 0 0 0 0.001313340962
854,1785495515.144577026,map,3.0199987888,-1.9962739944,-0.5101323724,0.1137812406,0.0303445510,0.9707864461,0.2090614751,0.04338356004 0 0 0 0 0 0 0.04338356004 0 0 0 0 0 0 0.09504100116 0 0 0 0 0 0 0.0007632140553 0 0 0 0 0 0 0.0007632140553 0 0 0 0 0 0 0.001321538812
855,1785495515.244687080,map,3.0235483646,-1.9980105162,-0.5124464631,0.1137439846,0.0304673926,0.9707601365,0.2091860805,0.04299771809 0 0 0 0 0 0 0.04299771809 0 0 0 0 0 0 0.09446950035 0 0 0 0 0 0 0.0007542883838 0 0 0 0 0 0 0.0007542883838 0 0 0 0 0 0 0.001309785394
856,1785495515.344805002,map,3.0207545757,-1.9947706461,-0.5122476816,0.1138442791,0.0306767640,0.9708202683,0.2088215079,0.04325688922 0 0 0 0 0 0 0.04325688922 0 0 0 0 0 0 0.09485347043 0 0 0 0 0 0 0.000760282391 0 0 0 0 0 0 0.000760282391 0 0 0 0 0 0 0.001317680198
857,1785495515.444924116,map,3.0267651081,-1.9918857813,-0.5124649405,0.1138525123,0.0303191125,0.9707678959,0.2091125788,0.04394639942 0 0 0 0 0 0 0.04394639942 0 0 0 0 0 0 0.09587319249 0 0 0 0 0 0 0.0007762566589 0 0 0 0 0 0 0.0007762566589 0 0 0 0 0 0 0.00133868388
858,1785495515.544919014,map,3.0246591568,-1.9891116619,-0.5121471286,0.1138768479,0.0298500375,0.9707716720,0.2091492266,0.04384886275 0 0 0 0 0 0 0.04384886275 0 0 0 0 0 0 0.09572910284 0 0 0 0 0 0 0.0007739945643 0 0 0 0 0 0 0.0007739945643 0 0 0 0 0 0 0.001335712743
859,1785495515.644021988,map,3.0217249393,-1.9900475740,-0.5109283924,0.1139246397,0.0298706442,0.9707977970,0.2089989608,0.04338485679 0 0 0 0 0 0 0.04338485679 0 0 0 0 0 0 0.0950429205 0 0 0 0 0 0 0.0007632440744 0 0 0 0 0 0 0.0007632440744 0 0 0 0 0 0 0.001321578313
860,1785495515.744318008,map,3.0216543674,-1.9928488731,-0.5118119717,0.1138266038,0.0301130916,0.9707541654,0.2092201166,0.04307853639 0 0 0 0 0 0 0.04307853639 0 0 0 0 0 0 0.09458927543 0 0 0 0 0 0 0.0007561569044 0 0 0 0 0 0 0.0007561569044 0 0 0 0 0 0 0.00131224726
861,1785495515.844588041,map,3.0242376328,-1.9968441725,-0.5123863816,0.1136580654,0.0298599540,0.9707663763,0.2092913870,0.04385746157 0 0 0 0 0 0 0.04385746157 0 0 0 0 0 0 0.09574180785 0 0 0 0 0 0 0.0007741939587 0 0 0 0 0 0 0.0007741939587 0 0 0 0 0 0 0.001335974678
862,1785495515.944588900,map,3.0269684792,-1.9960687160,-0.5127865076,0.1137411044,0.0298444442,0.9707019200,0.2095473068,0.04343841268 0 0 0 0 0 0 0.04343841268 0 0 0 0 0 0 0.09512218059 0 0 0 0 0 0 0.0007644839825 0 0 0 0 0 0 0.0007644839825 0 0 0 0 0 0 0.001323209719
863,1785495516.043812037,map,3.0289483070,-1.9959572554,-0.5135539174,0.1137305220,0.0302064061,0.9707483170,0.2092860704,0.0432062014 0 0 0 0 0 0 0.0432062014 0 0 0 0 0 0 0.09477840433 0 0 0 0 0 0 0.0007591096545 0 0 0 0 0 0 0.0007591096545 0 0 0 0 0 0 0.001316136159
864,1785495516.144254923,map,3.0233676434,-1.9963302612,-0.5133402944,0.1138801349,0.0306036185,0.9707296510,0.2092335436,0.04366480172 0 0 0 0 0 0 0.04366480172 0 0 0 0 0 0 0.09545705062 0 0 0 0 0 0 0.0007697279269 0 0 0 0 0 0 0.0007697279269 0 0 0 0 0 0 0.001330105923
865,1785495516.244421959,map,3.0093271732,-1.9874984026,-0.5083823204,0.1138828607,0.0304603856,0.9707615027,0.2091051220,0.04315919019 0 0 0 0 0 0 0.04315919019 0 0 0 0 0 0 0.0947087703 0 0 0 0 0 0 0.0007580221761 0 0 0 0 0 0 0.0007580221761 0 0 0 0 0 0 0.001314704116
866,1785495516.344643116,map,3.0129563808,-1.9905400276,-0.5087783933,0.1139834607,0.0305871474,0.9707512719,0.2090793425,0.04335657583 0 0 0 0 0 0 0.04335657583 0 0 0 0 0 0 0.09500105966 0 0 0 0 0 0 0.0007625894204 0 0 0 0 0 0 0.0007625894204 0 0 0 0 0 0 0.001320716826
867,1785495516.443768024,map,3.0136413574,-1.9986606836,-0.5097527504,0.1139229140,0.0300602272,0.9708995505,0.2084994108,0.04329387263 0 0 0 0 0 0 0.04329387263 0 0 0 0 0 0 0.094908232 0 0 0 0 0 0 0.0007611381936 0 0 0 0 0 0 0.0007611381936 0 0 0 0 0 0 0.001318806777
868,1785495516.544085026,map,3.0156180859,-1.9972652197,-0.5083330274,0.1139662718,0.0300209923,0.9708681024,0.2086278227,0.04301594673 0 0 0 0 0 0 0.04301594673 0 0 0 0 0 0 0.09449651893 0 0 0 0 0 0 0.0007547097817 0 0 0 0 0 0 0.0007547097817 0 0 0 0 0 0 0.00131034067
869,1785495516.644361973,map,3.0128927231,-1.9959280491,-0.5087612271,0.1140314127,0.0298892318,0.9708271446,0.2088016484,0.04331076259 0 0 0 0 0 0 0.04331076259 0 0 0 0 0 0 0.09493323853 0 0 0 0 0 0 0.0007615290685 0 0 0 0 0 0 0.0007615290685 0 0 0 0 0 0 0.001319321275
870,1785495516.743752956,map,3.0186614990,-1.9920305014,-0.5088180900,0.1139869677,0.0298675704,0.9708312812,0.2088097839,0.04298542701 0 0 0 0 0 0 0.04298542701 0 0 0 0 0 0 0.09445128141 0 0 0 0 0 0 0.0007540042628 0 0 0 0 0 0 0.0007540042628 0 0 0 0 0 0 0.001309410987
871,1785495516.844223976,map,3.0272872448,-1.9911177158,-0.5095361471,0.1138837540,0.0300917864,0.9707940901,0.2090067505,0.04365232619 0 0 0 0 0 0 0.04365232619 0 0 0 0 0 0 0.09543860441 0 0 0 0 0 0 0.0007694388394 0 0 0 0 0 0 0.0007694388394 0 0 0 0 0 0 0.001329725897
872,1785495516.944396973,map,3.0216143131,-1.9882671833,-0.5086826682,0.1137744469,0.0300229931,0.9707944815,0.2090743113,0.04351230283 0 0 0 0 0 0 0.04351230283 0 0 0 0 0 0 0.0952315084 0 0 0 0 0 0 0.0007661950589 0 0 0 0 0 0 0.0007661950589 0 0 0 0 0 0 0.001325460542
873,1785495517.044775009,map,3.0304176807,-2.0042479038,-0.5089159608,0.1137237852,0.0300377785,0.9708835887,0.2086856338,0.043674744 0 0 0 0 0 0 0.043674744 0 0 0 0 0 0 0.0954717506 0 0 0 0 0 0 0.0007699583226 0 0 0 0 0 0 0.0007699583226 0 0 0 0 0 0 0.001330408783
874,1785495517.144017935,map,3.0318398476,-2.0010628700,-0.5127940178,0.1136700410,0.0300581789,0.9709088819,0.2085942352,0.04377163561 0 0 0 0 0 0 0.04377163561 0 0 0 0 0 0 0.09561497946 0 0 0 0 0 0 0.000772204053 0 0 0 0 0 0 0.000772204053 0 0 0 0 0 0 0.00133336027
875,1785495517.244299889,map,3.0317893028,-1.9999531507,-0.5124607682,0.1136057326,0.0303509387,0.9708860751,0.2086930804,0.04365433997 0 0 0 0 0 0 0.04365433997 0 0 0 0 0 0 0.09544158202 0 0 0 0 0 0 0.0007694855025 0 0 0 0 0 0 0.0007694855025 0 0 0 0 0 0 0.00132978724
876,1785495517.344644070,map,3.0164418221,-1.9896143675,-0.5084376335,0.1138954429,0.0298170200,0.9707073465,0.2094421796,0.04377741891 0 0 0 0 0 0 0.04377741891 0 0 0 0 0 0 0.09562352694 0 0 0 0 0 0 0.0007723381217 0 0 0 0 0 0 0.0007723381217 0 0 0 0 0 0 0.001333536439
877,1785495517.444957972,map,3.0221190453,-2.0016362667,-0.5147998929,0.1132819681,0.0305647953,0.9708234148,0.2091288700,0.04353585831 0 0 0 0 0 0 0.04353585831 0 0 0 0 0 0 0.09526635474 0 0 0 0 0 0 0.0007667406302 0 0 0 0 0 0 0.0007667406302 0 0 0 0 0 0 0.001326178083
878,1785495517.545160055,map,3.0215699673,-1.9969441891,-0.5117216706,0.1136867064,0.0302227290,0.9708122023,0.2090110016,0.04298613853 0 0 0 0 0 0 0.04298613853 0 0 0 0 0 0 0.0944523361 0 0 0 0 0 0 0.0007540207097 0 0 0 0 0 0 0.0007540207097 0 0 0 0 0 0 0.00130943266
879,1785495517.644429922,map,3.0238533020,-1.9954452515,-0.5127227902,0.1136902626,0.0304871290,0.9707961546,0.2090451861,0.04333377435 0 0 0 0 0 0 0.04333377435 0 0 0 0 0 0 0.0949673062 0 0 0 0 0 0 0.0007620616558 0 0 0 0 0 0 0.0007620616558 0 0 0 0 0 0 0.001320022253
880,1785495517.744815111,map,3.0158884525,-1.9958286285,-0.5104756951,0.1138489411,0.0306642494,0.9708124172,0.2088572948,0.04354547685 0 0 0 0 0 0 0.04354547685 0 0 0 0 0 0 0.09528058286 0 0 0 0 0 0 0.0007669634197 0 0 0 0 0 0 0.0007669634197 0 0 0 0 0 0 0.00132647108
881,1785495517.845021009,map,3.0166761875,-1.9962189198,-0.5116042495,0.1138167597,0.0307362223,0.9707962314,0.2089395119,0.0433718359 0 0 0 0 0 0 0.0433718359 0 0 0 0 0 0 0.09502364781 0 0 0 0 0 0 0.0007629426554 0 0 0 0 0 0 0.0007629426554 0 0 0 0 0 0 0.001321181674
882,1785495517.945080042,map,3.0178837776,-1.9904010296,-0.5106224418,0.1139526725,0.0302269001,0.9707636594,0.2090909807,0.04306954918 0 0 0 0 0 0 0.04306954918 0 0 0 0 0 0 0.09457595793 0 0 0 0 0 0 0.0007559490923 0 0 0 0 0 0 0.0007559490923 0 0 0 0 0 0 0.001311973494
883,1785495518.045099020,map,3.0231142044,-1.9937905073,-0.5108258128,0.1139873822,0.0303172713,0.9707309481,0.2092108140,0.04309413489 0 0 0 0 0 0 0.04309413489 0 0 0 0 0 0 0.09461238865 0 0 0 0 0 0 0.0007565176059 0 0 0 0 0 0 0.0007565176059 0 0 0 0 0 0 0.001312722418
884,1785495518.145203114,map,3.0199971199,-1.9971642494,-0.5094595551,0.1141314834,0.0305901523,0.9707278243,0.2091069810,0.04276586013 0 0 0 0 0 0 0.04276586013 0 0 0 0 0 0 0.09412567644 0 0 0 0 0 0 0.0007489309253 0 0 0 0 0 0 0.0007489309253 0 0 0 0 0 0 0.001302722597
885,1785495518.244393110,map,3.0211875439,-1.9952746630,-0.5115429163,0.1141082394,0.0306983771,0.9707186139,0.2091465741,0.04317253936 0 0 0 0 0 0 0.04317253936 0 0 0 0 0 0 0.09472854464 0 0 0 0 0 0 0.0007583309544 0 0 0 0 0 0 0.0007583309544 0 0 0 0 0 0 0.001315110755
886,1785495518.344636917,map,3.0233390331,-1.9937920570,-0.5109378099,0.1141077095,0.0305664601,0.9707475418,0.2090319309,0.04324910968 0 0 0 0 0 0 0.04324910968 0 0 0 0 0 0 0.09484195026 0 0 0 0 0 0 0.000760102386 0 0 0 0 0 0 0.000760102386 0 0 0 0 0 0 0.00131744322
887,1785495518.444813967,map,3.0260195732,-1.9933692217,-0.5132246017,0.1140802834,0.0305656722,0.9707679113,0.2089523842,0.04376829161 0 0 0 0 0 0 0.04376829161 0 0 0 0 0 0 0.09561003708 0 0 0 0 0 0 0.0007721265335 0 0 0 0 0 0 0.0007721265335 0 0 0 0 0 0 0.001333258406
888,1785495518.544967890,map,3.0278303623,-1.9923058748,-0.5149891973,0.1138411344,0.0303032067,0.9708538591,0.2087215701,0.04343070599 0 0 0 0 0 0 0.04343070599 0 0 0 0 0 0 0.09511077604 0 0 0 0 0 0 0.000764305545 0 0 0 0 0 0 0.000764305545 0 0 0 0 0 0 0.00132297496
889,1785495518.644928932,map,3.0270118713,-1.9944980145,-0.5134516954,0.1139331414,0.0303653797,0.9708161240,0.2088377868,0.04385878695 0 0 0 0 0 0 0.04385878695 0 0 0 0 0 0 0.0957437661 0 0 0 0 0 0 0.0007742246928 0 0 0 0 0 0 0.0007742246928 0 0 0 0 0 0 0.001336015052
890,1785495518.744162083,map,3.0251734257,-1.9979587793,-0.5155054927,0.1137341497,0.0302828976,0.9708431304,0.2088327065,0.04377549748 0 0 0 0 0 0 0.04377549748 0 0 0 0 0 0 0.09562068716 0 0 0 0 0 0 0.0007722935787 0 0 0 0 0 0 0.0007722935787 0 0 0 0 0 0 0.001333477909
891,1785495518.844391108,map,2.9991350174,-1.9911398888,-0.5122168660,0.1133387813,0.0308120711,0.9707003311,0.2096325328,0.04343465667 0 0 0 0 0 0 0.04343465667 0 0 0 0 0 0 0.0951166224 0 0 0 0 0 0 0.0007643970168 0 0 0 0 0 0 0.0007643970168 0 0 0 0 0 0 0.001323095304
892,1785495518.944637060,map,3.0062718391,-1.9913152456,-0.5093354583,0.1136943083,0.0304287214,0.9707009605,0.2094930949,0.04322884377 0 0 0 0 0 0 0.04322884377 0 0 0 0 0 0 0.09481193829 0 0 0 0 0 0 0.0007596334917 0 0 0 0 0 0 0.0007596334917 0 0 0 0 0 0 0.001316825885
893,1785495519.044749975,map,3.0107707977,-1.9962213039,-0.5117189884,0.1135856782,0.0302596521,0.9707483784,0.2093567448,0.04360960231 0 0 0 0 0 0 0.04360960231 0 0 0 0 0 0 0.09537542676 0 0 0 0 0 0 0.0007684489242 0 0 0 0 0 0 0.0007684489242 0 0 0 0 0 0 0.001328424453
894,1785495519.145024061,map,3.0095620155,-1.9947465658,-0.5093902946,0.1137419757,0.0301526767,0.9707368657,0.2093406691,0.04301049971 0 0 0 0 0 0 0.04301049971 0 0 0 0 0 0 0.09448844552 0 0 0 0 0 0 0.000754583858 0 0 0 0 0 0 0.000754583858 0 0 0 0 0 0 0.001310174744
895,1785495519.244415045,map,3.0065536499,-1.9984117746,-0.5115805864,0.1139694868,0.0303553580,0.9707774665,0.2089990629,0.04317976879 0 0 0 0 0 0 0.04317976879 0 0 0 0 0 0 0.09473925329 0 0 0 0 0 0 0.0007584981838 0 0 0 0 0 0 0.0007584981838 0 0 0 0 0 0 0.001315330976
896,1785495519.344681978,map,3.0099294186,-1.9974290133,-0.5140773654,0.1140403921,0.0305775261,0.9707915038,0.2088627765,0.04310671103 0 0 0 0 0 0 0.04310671103 0 0 0 0 0 0 0.09463102248 0 0 0 0 0 0 0.0007568084333 0 0 0 0 0 0 0.0007568084333 0 0 0 0 0 0 0.001313105509
897,1785495519.444792986,map,3.0194072723,-1.9981428385,-0.5146788359,0.1137827782,0.0304789190,0.9708030235,0.2089641362,0.04338226437 0 0 0 0 0 0 0.04338226437 0 0 0 0 0 0 0.09503908344 0 0 0 0 0 0 0.0007631840617 0 0 0 0 0 0 0.0007631840617 0 0 0 0 0 0 0.001321499344
898,1785495519.544917107,map,3.0262403488,-1.9919341803,-0.5119285583,0.1138846862,0.0303054466,0.9707818258,0.2090323004,0.04295831959 0 0 0 0 0 0 0.04295831959 0 0 0 0 0 0 0.09441109734 0 0 0 0 0 0 0.000753377692 0 0 0 0 0 0 0.000753377692 0 0 0 0 0 0 0.001308585247
899,1785495519.644119978,map,3.0295319557,-1.9960846901,-0.5120836496,0.1136760518,0.0302374442,0.9707835143,0.2091477957,0.04291393062 0 0 0 0 0 0 0.04291393062 0 0 0 0 0 0 0.0943452862 0 0 0 0 0 0 0.0007523518052 0 0 0 0 0 0 0.0007523518052 0 0 0 0 0 0 0.001307233082
900,1785495519.744319916,map,3.0226292610,-1.9957085848,-0.5109295249,0.1136031012,0.0302271454,0.9707905444,0.2091563658,0.04321307059 0 0 0 0 0 0 0.04321307059 0 0 0 0 0 0 0.09478857809 0 0 0 0 0 0 0.0007592685705 0 0 0 0 0 0 0.0007592685705 0 0 0 0 0 0 0.001316345407
901,1785495519.844630003,map,3.0260288715,-1.9975675344,-0.5118128657,0.1136975413,0.0304597690,0.9707467513,0.2092744962,0.0429932882 0 0 0 0 0 0 0.0429932882 0 0 0 0 0 0 0.09446293407 0 0 0 0 0 0 0.0007541859809 0 0 0 0 0 0 0.0007541859809 0 0 0 0 0 0 0.001309650452
902,1785495519.944696903,map,3.0203914642,-1.9982633591,-0.5125622749,0.1138479462,0.0303942032,0.9707952797,0.2089769391,0.04356774362 0 0 0 0 0 0 0.04356774362 0 0 0 0 0 0 0.0953135188 0 0 0 0 0 0 0.0007674792038 0 0 0 0 0 0 0.0007674792038 0 0 0 0 0 0 0.001327149365
903,1785495520.044087887,map,3.0251755714,-1.9974908829,-0.5130029917,0.1140340727,0.0305239934,0.9707847346,0.2089055156,0.0431172306 0 0 0 0 0 0 0.0431172306 0 0 0 0 0 0 0.09464660845 0 0 0 0 0 0 0.0007570517122 0 0 0 0 0 0 0.0007570517122 0 0 0 0 0 0 0.001313425954
904,1785495520.144352913,map,3.0125896931,-1.9963042736,-0.5066959858,0.1140675444,0.0301478548,0.9708232230,0.2087629605,0.04288532319 0 0 0 0 0 0 0.04288532319 0 0 0 0 0 0 0.09430286691 0 0 0 0 0 0 0.0007516907395 0 0 0 0 0 0 0.0007516907395 0 0 0 0 0 0 0.00130636165
905,1785495520.244415998,map,3.0301833153,-1.9950531721,-0.5127024055,0.1135164848,0.0302008062,0.9708540049,0.2089124665,0.04362990472 0 0 0 0 0 0 0.04362990472 0 0 0 0 0 0 0.09540545006 0 0 0 0 0 0 0.0007689193134 0 0 0 0 0 0 0.0007689193134 0 0 0 0 0 0 0.0013290429
906,1785495520.343822956,map,3.0255463123,-1.9989564419,-0.5121614337,0.1136990588,0.0306271673,0.9708010281,0.2089973059,0.04334602205 0 0 0 0 0 0 0.04334602205 0 0 0 0 0 0 0.09498543706 0 0 0 0 0 0 0.0007623451365 0 0 0 0 0 0 0.0007623451365 0 0 0 0 0 0 0.00132039534
907,1785495520.444072962,map,3.0204715729,-1.9954456091,-0.5101408958,0.1138805145,0.0304982830,0.9708488248,0.2086951094,0.04291545261 0 0 0 0 0 0 0.04291545261 0 0 0 0 0 0 0.09434754288 0 0 0 0 0 0 0.0007523869774 0 0 0 0 0 0 0.0007523869774 0 0 0 0 0 0 0.001307279444
908,1785495520.544359922,map,3.0214357376,-1.9938349724,-0.5091947317,0.1140523770,0.0303221723,0.9708062929,0.2088247365,0.04338305896 0 0 0 0 0 0 0.04338305896 0 0 0 0 0 0 0.09504025953 0 0 0 0 0 0 0.0007632024559 0 0 0 0 0 0 0.0007632024559 0 0 0 0 0 0 0.001321523548
909,1785495520.644486904,map,3.0267922878,-1.9975748062,-0.5150353909,0.1138627521,0.0304766496,0.9707522773,0.2091565980,0.04339861083 0 0 0 0 0 0 0.04339861083 0 0 0 0 0 0 0.09506327732 0 0 0 0 0 0 0.0007635624803 0 0 0 0 0 0 0.0007635624803 0 0 0 0 0 0 0.001321997285
910,1785495520.743599892,map,3.0265500546,-1.9991234541,-0.5157656670,0.1138818766,0.0307763691,0.9707579185,0.2090760613,0.04369354831 0 0 0 0 0 0 0.04369354831 0 0 0 0 0 0 0.09549955185 0 0 0 0 0 0 0.000770394103 0 0 0 0 0 0 0.000770394103 0 0 0 0 0 0 0.001330981595
911,1785495520.843988895,map,3.0278351307,-1.9995139837,-0.5133978128,0.1136956980,0.0308934426,0.9707687479,0.2091098088,0.04358493902 0 0 0 0 0 0 0.04358493902 0 0 0 0 0 0 0.09533895153 0 0 0 0 0 0 0.0007678775437 0 0 0 0 0 0 0.0007678775437 0 0 0 0 0 0 0.001327673167
912,1785495520.944109917,map,3.0117375851,-1.9934883118,-0.5104979873,0.1137922927,0.0304146645,0.9708997807,0.2085182775,0.04411356835 0 0 0 0 0 0 0.04411356835 0 0 0 0 0 0 0.09612002897 0 0 0 0 0 0 0.0007801355093 0 0 0 0 0 0 0.0007801355093 0 0 0 0 0 0 0.001343776137
913,1785495521.044321060,map,3.0214345455,-1.9909276962,-0.5138926506,0.1136537756,0.0303464937,0.9707609961,0.2092485999,0.04346582117 0 0 0 0 0 0 0.04346582117 0 0 0 0 0 0 0.09516273768 0 0 0 0 0 0 0.0007651186282 0 0 0 0 0 0 0.0007651186282 0 0 0 0 0 0 0.001324044629
914,1785495521.143558025,map,3.0271348953,-1.9918410778,-0.5131880045,0.1136091683,0.0302217384,0.9707407340,0.2093849187,0.04305468273 0 0 0 0 0 0 0.04305468273 0 0 0 0 0 0 0.09455392742 0 0 0 0 0 0 0.0007556053494 0 0 0 0 0 0 0.0007556053494 0 0 0 0 0 0 0.001311520636
915,1785495521.243730068,map,3.0299484730,-2.0107359886,-0.5152211189,0.1134252549,0.0305376687,0.9708664064,0.2088554266,0.04329122305 0 0 0 0 0 0 0.04329122305 0 0 0 0 0 0 0.094904309 0 0 0 0 0 0 0.000761076878 0 0 0 0 0 0 0.000761076878 0 0 0 0 0 0 0.001318726067
916,1785495521.344048977,map,3.0303587914,-2.0086166859,-0.5134280920,0.1137787200,0.0305441351,0.9708155484,0.2088985780,0.04374056281 0 0 0 0 0 0 0.04374056281 0 0 0 0 0 0 0.09556905206 0 0 0 0 0 0 0.00077148377 0 0 0 0 0 0 0.00077148377 0 0 0 0 0 0 0.001332413738
917,1785495521.443263054,map,3.0272161961,-2.0051152706,-0.5125468969,0.1137583976,0.0306977341,0.9708456783,0.2087471116,0.04389589443 0 0 0 0 0 0 0.04389589443 0 0 0 0 0 0 0.09579858858 0 0 0 0 0 0 0.0007750852362 0 0 0 0 0 0 0.0007750852362 0 0 0 0 0 0 0.00133714541
918,1785495521.543438911,map,3.0303542614,-2.0044889450,-0.5131508112,0.1137480798,0.0306322465,0.9708225860,0.2088696964,0.043384574 0 0 0 0 0 0 0.043384574 0 0 0 0 0 0 0.09504250194 0 0 0 0 0 0 0.000763237528 0 0 0 0 0 0 0.000763237528 0 0 0 0 0 0 0.001321569699
919,1785495521.643712044,map,3.0314271450,-1.9986323118,-0.5127087831,0.1135563582,0.0304274927,0.9708224632,0.2090044947,0.04347222222 0 0 0 0 0 0 0.04347222222 0 0 0 0 0 0 0.0951722089 0 0 0 0 0 0 0.0007652668542 0 0 0 0 0 0 0.0007652668542 0 0 0 0 0 0 0.001324239617
920,1785495521.744071960,map,3.0351650715,-2.0005004406,-0.5132089257,0.1134198120,0.0303518062,0.9708265153,0.2090707740,0.04302185517 0 0 0 0 0 0 0.04302185517 0 0 0 0 0 0 0.09450527604 0 0 0 0 0 0 0.0007548463752 0 0 0 0 0 0 0.0007548463752 0 0 0 0 0 0 0.001310520652
921,1785495521.844289064,map,3.0373175144,-1.9982936382,-0.5138090253,0.1134424026,0.0302727603,0.9708257862,0.2090733792,0.0437072143 0 0 0 0 0 0 0.0437072143 0 0 0 0 0 0 0.09551975514 0 0 0 0 0 0 0.0007707108241 0 0 0 0 0 0 0.0007707108241 0 0 0 0 0 0 0.001331397885
922,1785495521.943259954,map,3.0350568295,-1.9943908453,-0.5139391422,0.1136868060,0.0301549791,0.9707180613,0.2094574673,0.04321938257 0 0 0 0 0 0 0.04321938257 0 0 0 0 0 0 0.09479792636 0 0 0 0 0 0 0.0007594145991 0 0 0 0 0 0 0.0007594145991 0 0 0 0 0 0 0.00131653768
923,1785495522.043515921,map,3.0340938568,-1.9885599613,-0.5141889453,0.1137674184,0.0301060517,0.9707785871,0.2091399852,0.04366344495 0 0 0 0 0 0 0.04366344495 0 0 0 0 0 0 0.09545504456 0 0 0 0 0 0 0.0007696964868 0 0 0 0 0 0 0.0007696964868 0 0 0 0 0 0 0.001330064594
924,1785495522.143769026,map,3.0347280502,-1.9877765179,-0.5143300295,0.1136107511,0.0301677415,0.9708557469,0.2088579039,0.0435875223 0 0 0 0 0 0 0.0435875223 0 0 0 0 0 0 0.09534277217 0 0 0 0 0 0 0.0007679373888 0 0 0 0 0 0 0.0007679373888 0 0 0 0 0 0 0.001327751858
925,1785495522.244071960,map,3.0314011574,-1.9887791872,-0.5128335953,0.1137056297,0.0304381519,0.9708685398,0.2087074937,0.04362109166 0 0 0 0 0 0 0.04362109166 0 0 0 0 0 0 0.09539241755 0 0 0 0 0 0 0.0007687151183 0 0 0 0 0 0 0.0007687151183 0 0 0 0 0 0 0.001328774439
926,1785495522.344444036,map,3.0339546204,-1.9916101694,-0.5153500438,0.1135524082,0.0305353257,0.9708638125,0.2087986661,0.04264890483 0 0 0 0 0 0 0.04264890483 0 0 0 0 0 0 0.09395212739 0 0 0 0 0 0 0.0007462302355 0 0 0 0 0 0 0.0007462302355 0 0 0 0 0 0 0.001299159935
927,1785495522.444097042,map,3.0331773758,-1.9873180389,-0.5125947595,0.1135391689,0.0304771753,0.9708777027,0.2087497956,0.04335599626 0 0 0 0 0 0 0.04335599626 0 0 0 0 0 0 0.09500020174 0 0 0 0 0 0 0.0007625760051 0 0 0 0 0 0 0.0007625760051 0 0 0 0 0 0 0.001320699171
928,1785495522.544342995,map,3.0217092037,-1.9982374907,-0.5097677708,0.1135905420,0.0303159848,0.9710107312,0.2081256942,0.04379863117 0 0 0 0 0 0 0.04379863117 0 0 0 0 0 0 0.09565487618 0 0 0 0 0 0 0.0007728298887 0 0 0 0 0 0 0.0007728298887 0 0 0 0 0 0 0.001334182602
929,1785495522.643683910,map,3.0338993073,-1.9900453091,-0.5110511780,0.1138197536,0.0298681616,0.9708525852,0.2088018252,0.04328970676 0 0 0 0 0 0 0.04328970676 0 0 0 0 0 0 0.09490206394 0 0 0 0 0 0 0.0007610417888 0 0 0 0 0 0 0.0007610417888 0 0 0 0 0 0 0.001318679878
930,1785495522.743927002,map,3.0328371525,-1.9891040325,-0.5101945996,0.1141179877,0.0299542038,0.9707906212,0.2089148554,0.04393895755 0 0 0 0 0 0 0.04393895755 0 0 0 0 0 0 0.09586220053 0 0 0 0 0 0 0.0007760840373 0 0 0 0 0 0 0.0007760840373 0 0 0 0 0 0 0.001338457188
931,1785495522.843981981,map,3.0379285812,-1.9931432009,-0.5158321857,0.1137117026,0.0303007998,0.9708714330,0.2087107472,0.04335378041 0 0 0 0 0 0 0.04335378041 0 0 0 0 0 0 0.09499692169 0 0 0 0 0 0 0.000762524715 0 0 0 0 0 0 0.000762524715 0 0 0 0 0 0 0.001320631673
932,1785495522.944346905,map,3.0380489826,-1.9938994646,-0.5149042606,0.1136301856,0.0301593350,0.9708538821,0.2088572537,0.04393485096 0 0 0 0 0 0 0.04393485096 0 0 0 0 0 0 0.09585613479 0 0 0 0 0 0 0.0007759887829 0 0 0 0 0 0 0.0007759887829 0 0 0 0 0 0 0.001338332094
933,1785495523.043668985,map,3.0371985435,-1.9978580475,-0.5143176913,0.1135803748,0.0302628199,0.9708315881,0.2089729147,0.04302041973 0 0 0 0 0 0 0.04302041973 0 0 0 0 0 0 0.09450314854 0 0 0 0 0 0 0.0007548131898 0 0 0 0 0 0 0.0007548131898 0 0 0 0 0 0 0.001310476926
934,1785495523.144290924,map,3.0342085361,-1.9989571571,-0.5137638450,0.1136182058,0.0302623932,0.9708221792,0.2089961369,0.04296861358 0 0 0 0 0 0 0.04296861358 0 0 0 0 0 0 0.09442635765 0 0 0 0 0 0 0.0007536156236 0 0 0 0 0 0 0.0007536156236 0 0 0 0 0 0 0.00130889882
935,1785495523.244436979,map,3.0347332954,-1.9972828627,-0.5129882097,0.1135804622,0.0301318919,0.9708920761,0.2087106300,0.04327426121 0 0 0 0 0 0 0.04327426121 0 0 0 0 0 0 0.09487919419 0 0 0 0 0 0 0.0007606843674 0 0 0 0 0 0 0.0007606843674 0 0 0 0 0 0 0.001318209379
936,1785495523.344692945,map,3.0324661732,-1.9957954884,-0.5137959719,0.1136381525,0.0303234089,0.9708566602,0.2088162128,0.04310291549 0 0 0 0 0 0 0.04310291549 0 0 0 0 0 0 0.09462539879 0 0 0 0 0 0 0.0007567206587 0 0 0 0 0 0 0.0007567206587 0 0 0 0 0 0 0.00131298989
937,1785495523.443953037,map,3.0364637375,-1.9931136370,-0.5141416192,0.1135444206,0.0302583962,0.9708447727,0.2089318278,0.0433203297 0 0 0 0 0 0 0.0433203297 0 0 0 0 0 0 0.09494740247 0 0 0 0 0 0 0.0007617504855 0 0 0 0 0 0 0.0007617504855 0 0 0 0 0 0 0.001319612706
938,1785495523.544178963,map,3.0358483791,-1.9917192459,-0.5144942999,0.1135291742,0.0300807066,0.9708657848,0.2088681459,0.04333346897 0 0 0 0 0 0 0.04333346897 0 0 0 0 0 0 0.09496685411 0 0 0 0 0 0 0.0007620545876 0 0 0 0 0 0 0.0007620545876 0 0 0 0 0 0 0.001320012951
939,1785495523.644186974,map,3.0386278629,-1.9944491386,-0.5171461105,0.1135754006,0.0302116549,0.9708483259,0.2089052852,0.04346537337 0 0 0 0 0 0 0.04346537337 0 0 0 0 0 0 0.0951620751 0 0 0 0 0 0 0.000765108259 0 0 0 0 0 0 0.000765108259 0 0 0 0 0 0 0.001324030989
940,1785495523.744321108,map,3.0379421711,-1.9950146675,-0.5165823102,0.1135685763,0.0304545983,0.9707901837,0.2091437802,0.04385197095 0 0 0 0 0 0 0.04385197095 0 0 0 0 0 0 0.09573369535 0 0 0 0 0 0 0.0007740666384 0 0 0 0 0 0 0.0007740666384 0 0 0 0 0 0 0.001335807424
941,1785495523.844635010,map,3.0355381966,-1.9918700457,-0.5135489106,0.1135137140,0.0303098920,0.9707826624,0.2092294552,0.04377957784 0 0 0 0 0 0 0.04377957784 0 0 0 0 0 0 0.09562671769 0 0 0 0 0 0 0.0007723881708 0 0 0 0 0 0 0.0007723881708 0 0 0 0 0 0 0.001333602204
942,1785495523.944710970,map,3.0383262634,-1.9917088747,-0.5147187710,0.1133608676,0.0300535484,0.9708152491,0.2091981037,0.04322225225 0 0 0 0 0 0 0.04322225225 0 0 0 0 0 0 0.09480217637 0 0 0 0 0 0 0.0007594809907 0 0 0 0 0 0 0.0007594809907 0 0 0 0 0 0 0.001316625096
943,1785495524.043858051,map,3.0375251770,-1.9937263727,-0.5147243142,0.1135252008,0.0303028671,0.9707821252,0.2092267159,0.04329789464 0 0 0 0 0 0 0.04329789464 0 0 0 0 0 0 0.09491418695 0 0 0 0 0 0 0.0007612312705 0 0 0 0 0 0 0.0007612312705 0 0 0 0 0 0 0.001318929295
944,1785495524.143997908,map,3.0356965065,-1.9917801619,-0.5115349889,0.1136124444,0.0302213944,0.9707851414,0.2091772388,0.04343558152 0 0 0 0 0 0 0.04343558152 0 0 0 0 0 0 0.09511799101 0 0 0 0 0 0 0.0007644184305 0 0 0 0 0 0 0.0007644184305 0 0 0 0 0 0 0.001323123477
945,1785495524.244055986,map,3.0224227905,-1.9981946945,-0.5119498968,0.1138992080,0.0307676886,0.9708635516,0.2085768080,0.04333924465 0 0 0 0 0 0 0.04333924465 0 0 0 0 0 0 0.09497540424 0 0 0 0 0 0 0.0007621882676 0 0 0 0 0 0 0.0007621882676 0 0 0 0 0 0 0.001320188888
946,1785495524.344192028,map,3.0253803730,-1.9950622320,-0.5135081410,0.1138055817,0.0303060432,0.9708530226,0.2087444581,0.0435437006 0 0 0 0 0 0 0.0435437006 0 0 0 0 0 0 0.09527795541 0 0 0 0 0 0 0.0007669222767 0 0 0 0 0 0 0.0007669222767 0 0 0 0 0 0 0.001326416973
947,1785495524.444226027,map,3.0408594608,-2.0096828938,-0.5185068250,0.1134345543,0.0302921895,0.9709355174,0.2085645866,0.04300795679 0 0 0 0 0 0 0.04300795679 0 0 0 0 0 0 0.09448467642 0 0 0 0 0 0 0.0007545250719 0 0 0 0 0 0 0.0007545250719 0 0 0 0 0 0 0.001310097283
948,1785495524.544424057,map,3.0365185738,-2.0086174011,-0.5158711672,0.1134594292,0.0305295092,0.9709117059,0.2086273625,0.04384579705 0 0 0 0 0 0 0.04384579705 0 0 0 0 0 0 0.09572457308 0 0 0 0 0 0 0.0007739234765 0 0 0 0 0 0 0.0007739234765 0 0 0 0 0 0 0.001335619356
949,1785495524.643392086,map,3.0341920853,-1.9996831417,-0.5163752437,0.1132864604,0.0304236976,0.9708693303,0.2089338181,0.04293491878 0 0 0 0 0 0 0.04293491878 0 0 0 0 0 0 0.09437640465 0 0 0 0 0 0 0.0007528368477 0 0 0 0 0 0 0.0007528368477 0 0 0 0 0 0 0.001307872418
950,1785495524.743753910,map,3.0328278542,-2.0012934208,-0.5158195496,0.1134260839,0.0306451710,0.9708273211,0.2090208469,0.04319416856 0 0 0 0 0 0 0.04319416856 0 0 0 0 0 0 0.0947605822 0 0 0 0 0 0 0.0007588312891 0 0 0 0 0 0 0.0007588312891 0 0 0 0 0 0 0.001315769618
951,1785495524.843930960,map,3.0382573605,-2.0053286552,-0.5156921744,0.1133491331,0.0307330581,0.9708774648,0.2088166649,0.04325915112 0 0 0 0 0 0 0.04325915112 0 0 0 0 0 0 0.09485681986 0 0 0 0 0 0 0.0007603347284 0 0 0 0 0 0 0.0007603347284 0 0 0 0 0 0 0.0013177491
952,1785495524.944238901,map,3.0393233299,-1.9956222773,-0.5134173036,0.1132252308,0.0302475034,0.9708420023,0.2091194863,0.04397683534 0 0 0 0 0 0 0.04397683534 0 0 0 0 0 0 0.0959181445 0 0 0 0 0 0 0.0007769626973 0 0 0 0 0 0 0.0007769626973 0 0 0 0 0 0 0.001339611011
953,1785495525.044450045,map,3.0397586823,-1.9939982891,-0.5144883394,0.1133282176,0.0303442718,0.9708148424,0.2091756896,0.04308868851 0 0 0 0 0 0 0.04308868851 0 0 0 0 0 0 0.09460431858 0 0 0 0 0 0 0.0007563916608 0 0 0 0 0 0 0.0007563916608 0 0 0 0 0 0 0.001312556512
954,1785495525.143560886,map,3.0387082100,-1.9941070080,-0.5155601501,0.1134797926,0.0306418080,0.9707903986,0.2091636345,0.04365852843 0 0 0 0 0 0 0.04365852843 0 0 0 0 0 0 0.0954477751 0 0 0 0 0 0 0.0007695825583 0 0 0 0 0 0 0.0007695825583 0 0 0 0 0 0 0.001329914828
955,1785495525.243711948,map,3.0403075218,-1.9950541258,-0.5163949132,0.1132934027,0.0304807236,0.9708381498,0.2090665418,0.0433189737 0 0 0 0 0 0 0.0433189737 0 0 0 0 0 0 0.09494539498 0 0 0 0 0 0 0.0007617191025 0 0 0 0 0 0 0.0007617191025 0 0 0 0 0 0 0.0013195714
956,1785495525.343746901,map,3.0419979095,-2.0027914047,-0.5175384283,0.1132684490,0.0306215956,0.9708623928,0.2089468224,0.04340672963 0 0 0 0 0 0 0.04340672963 0 0 0 0 0 0 0.09507529314 0 0 0 0 0 0 0.0007637504378 0 0 0 0 0 0 0.0007637504378 0 0 0 0 0 0 0.001322244598
957,1785495525.443830013,map,3.0369849205,-1.9986433983,-0.5161490440,0.1131559982,0.0302741634,0.9708881777,0.2089386410,0.04348012071 0 0 0 0 0 0 0.04348012071 0 0 0 0 0 0 0.09518389546 0 0 0 0 0 0 0.0007654497603 0 0 0 0 0 0 0.0007654497603 0 0 0 0 0 0 0.001324480218
958,1785495525.544106960,map,3.0370824337,-1.9987406731,-0.5157431364,0.1133755691,0.0306339914,0.9708795445,0.2088071469,0.04356220011 0 0 0 0 0 0 0.04356220011 0 0 0 0 0 0 0.09530531936 0 0 0 0 0 0 0.0007673507909 0 0 0 0 0 0 0.0007673507909 0 0 0 0 0 0 0.0013269805
959,1785495525.643062115,map,3.0392313004,-1.9931206703,-0.5127323270,0.1134539212,0.0301265225,0.9708929740,0.2087760262,0.04361500336 0 0 0 0 0 0 0.04361500336 0 0 0 0 0 0 0.09538341408 0 0 0 0 0 0 0.0007685740585 0 0 0 0 0 0 0.0007685740585 0 0 0 0 0 0 0.001328588979
960,1785495525.743279934,map,3.0368001461,-1.9978219271,-0.5135508180,0.1134047104,0.0303192303,0.9708644418,0.2089075194,0.04282528067 0 0 0 0 0 0 0.04282528067 0 0 0 0 0 0 0.09421382047 0 0 0 0 0 0 0.0007503034948 0 0 0 0 0 0 0.0007503034948 0 0 0 0 0 0 0.00130453265
961,1785495525.843272924,map,3.0385034084,-2.0002043247,-0.5175933838,0.1136085658,0.0305943254,0.9708313349,0.2089104993,0.0434946797 0 0 0 0 0 0 0.0434946797 0 0 0 0 0 0 0.09520543597 0 0 0 0 0 0 0.000765786918 0 0 0 0 0 0 0.000765786918 0 0 0 0 0 0 0.001324923711
962,1785495525.943603039,map,3.0434360504,-1.9999086857,-0.5193498135,0.1135707098,0.0304837127,0.9708068148,0.2090611486,0.04381180684 0 0 0 0 0 0 0.04381180684 0 0 0 0 0 0 0.09567434705 0 0 0 0 0 0 0.0007731353611 0 0 0 0 0 0 0.0007731353611 0 0 0 0 0 0 0.001334583955
963,1785495526.043834925,map,3.0436379910,-1.9957605600,-0.5176651478,0.1133995748,0.0307057984,0.9707929389,0.2091859732,0.04326214223 0 0 0 0 0 0 0.04326214223 0 0 0 0 0 0 0.09486124906 0 0 0 0 0 0 0.0007604039395 0 0 0 0 0 0 0.0007604039395 0 0 0 0 0 0 0.001317840214
964,1785495526.144068956,map,3.0467619896,-1.9967818260,-0.5161575675,0.1135161260,0.0302145453,0.9708524470,0.2089179205,0.04427662391 0 0 0 0 0 0 0.04427662391 0 0 0 0 0 0 0.09636064648 0 0 0 0 0 0 0.0007839211295 0 0 0 0 0 0 0.0007839211295 0 0 0 0 0 0 0.001348743093
965,1785495526.243256092,map,3.0446932316,-1.9960633516,-0.5136782527,0.1140450424,0.0298314658,0.9707802065,0.2090205919,0.0432607493 0 0 0 0 0 0 0.0432607493 0 0 0 0 0 0 0.09485918643 0 0 0 0 0 0 0.0007603717085 0 0 0 0 0 0 0.0007603717085 0 0 0 0 0 0 0.001317797783
966,1785495526.343383074,map,3.0421774387,-1.9966607094,-0.5128328204,0.1161191507,0.0289204047,0.9705957472,0.2088632421,0.04324273869 0 0 0 0 0 0 0.04324273869 0 0 0 0 0 0 0.09483251565 0 0 0 0 0 0 0.0007599549759 0 0 0 0 0 0 0.0007599549759 0 0 0 0 0 0 0.001317249148
967,1785495526.443795919,map,3.0351862907,-1.9786953926,-0.5055283308,0.1182821256,0.0283505655,0.9702650037,0.2092639646,0.04294567008 0 0 0 0 0 0 0.04294567008 0 0 0 0 0 0 0.0943923443 0 0 0 0 0 0 0.0007530853283 0 0 0 0 0 0 0.0007530853283 0 0 0 0 0 0 0.001308199921
968,1785495526.543019056,map,3.0212686062,-1.9560903311,-0.5060244203,0.1195849652,0.0278580719,0.9699069390,0.2102472432,0.0435189637 0 0 0 0 0 0 0.0435189637 0 0 0 0 0 0 0.09524136234 0 0 0 0 0 0 0.0007663493274 0 0 0 0 0 0 0.0007663493274 0 0 0 0 0 0 0.001325663444
969,1785495526.643162966,map,3.0380389690,-1.9589282274,-0.5205317140,0.1172755196,0.0273498845,0.9700787031,0.2108215749,0.04360122501 0 0 0 0 0 0 0.04360122501 0 0 0 0 0 0 0.09536303771 0 0 0 0 0 0 0.0007682548395 0 0 0 0 0 0 0.0007682548395 0 0 0 0 0 0 0.001328169266
970,1785495526.743489981,map,3.0484371185,-1.9637759924,-0.5131652951,0.1166246162,0.0282573014,0.9700873127,0.2110232938,0.0432990165 0 0 0 0 0 0 0.0432990165 0 0 0 0 0 0 0.09491584795 0 0 0 0 0 0 0.0007612572327 0 0 0 0 0 0 0.0007612572327 0 0 0 0 0 0 0.001318963469
971,1785495526.843552113,map,3.0405211449,-1.9828355312,-0.5152986050,0.1155398266,0.0291534849,0.9702476722,0.2107606866,0.04313817598 0 0 0 0 0 0 0.04313817598 0 0 0 0 0 0 0.09467763961 0 0 0 0 0 0 0.0007575361294 0 0 0 0 0 0 0.0007575361294 0 0 0 0 0 0 0.001314063986
972,1785495526.943670034,map,3.0393214226,-1.9893085957,-0.5168070197,0.1150191731,0.0296347605,0.9703652621,0.2104367440,0.04329572427 0 0 0 0 0 0 0.04329572427 0 0 0 0 0 0 0.09491097353 0 0 0 0 0 0 0.0007611810439 0 0 0 0 0 0 0.0007611810439 0 0 0 0 0 0 0.001318863182
973,1785495527.043925047,map,3.0428097248,-1.9896920919,-0.5163418055,0.1143613533,0.0295127671,0.9704666080,0.2103450503,0.04375148081 0 0 0 0 0 0 0.04375148081 0 0 0 0 0 0 0.0955851901 0 0 0 0 0 0 0.0007717368456 0 0 0 0 0 0 0.0007717368456 0 0 0 0 0 0 0.00133274632
974,1785495527.144100904,map,3.0467898846,-1.9913800955,-0.5180749893,0.1139096149,0.0295426167,0.9705352638,0.2102692092,0.04423516022 0 0 0 0 0 0 0.04423516022 0 0 0 0 0 0 0.09629947298 0 0 0 0 0 0 0.0007829582708 0 0 0 0 0 0 0.0007829582708 0 0 0 0 0 0 0.001347480037
975,1785495527.243151903,map,3.0452454090,-1.9880552292,-0.5166024566,0.1135041463,0.0297189975,0.9705866661,0.2102263546,0.04358169015 0 0 0 0 0 0 0.04358169015 0 0 0 0 0 0 0.09533414644 0 0 0 0 0 0 0.0007678022801 0 0 0 0 0 0 0.0007678022801 0 0 0 0 0 0 0.0013275742
976,1785495527.343538046,map,3.0397615433,-1.9857057333,-0.5148600936,0.1139344708,0.0297639928,0.9705648343,0.2100879466,0.04348776546 0 0 0 0 0 0 0.04348776546 0 0 0 0 0 0 0.09519520626 0 0 0 0 0 0 0.0007656267953 0 0 0 0 0 0 0.0007656267953 0 0 0 0 0 0 0.001324713091
977,1785495527.443715096,map,3.0348732471,-1.9902528524,-0.5146614313,0.1137804360,0.0297073931,0.9706173941,0.2099365653,0.04352917218 0 0 0 0 0 0 0.04352917218 0 0 0 0 0 0 0.09525646406 0 0 0 0 0 0 0.0007665857672 0 0 0 0 0 0 0.0007665857672 0 0 0 0 0 0 0.001325974412
978,1785495527.543936968,map,3.0385522842,-1.9924626350,-0.5164019465,0.1138918298,0.0303105781,0.9706018422,0.2098618387,0.04317313875 0 0 0 0 0 0 0.04317313875 0 0 0 0 0 0 0.09472943249 0 0 0 0 0 0 0.000758344819 0 0 0 0 0 0 0.000758344819 0 0 0 0 0 0 0.001315129013
979,1785495527.644069910,map,3.0438961983,-1.9937974215,-0.5190392137,0.1137698665,0.0302446139,0.9706576316,0.2096793968,0.04323190403 0 0 0 0 0 0 0.04323190403 0 0 0 0 0 0 0.09481647041 0 0 0 0 0 0 0.0007597042951 0 0 0 0 0 0 0.0007597042951 0 0 0 0 0 0 0.001316919106
980,1785495527.744208097,map,3.0438771248,-1.9945687056,-0.5196983814,0.1138646213,0.0302546285,0.9705887234,0.2099453230,0.04361150594 0 0 0 0 0 0 0.04361150594 0 0 0 0 0 0 0.09537824195 0 0 0 0 0 0 0.0007684930282 0 0 0 0 0 0 0.0007684930282 0 0 0 0 0 0 0.001328482441
981,1785495527.843396902,map,3.0418393612,-1.9958140850,-0.5181895494,0.1137538242,0.0303654622,0.9705703230,0.2100743764,0.04367480152 0 0 0 0 0 0 0.04367480152 0 0 0 0 0 0 0.09547183564 0 0 0 0 0 0 0.0007699596556 0 0 0 0 0 0 0.0007699596556 0 0 0 0 0 0 0.001330410535
982,1785495527.943689108,map,3.0341041088,-1.9950203896,-0.5156916976,0.1140452102,0.0304773695,0.9705449288,0.2100175458,0.04268708182 0 0 0 0 0 0 0.04268708182 0 0 0 0 0 0 0.09400878645 0 0 0 0 0 0 0.0007471116751 0 0 0 0 0 0 0.0007471116751 0 0 0 0 0 0 0.001300322872
983,1785495528.044035912,map,3.0318381786,-1.9893633127,-0.5142688155,0.1143248425,0.0304649835,0.9705514386,0.2098370870,0.04324593086 0 0 0 0 0 0 0.04324593086 0 0 0 0 0 0 0.09483724286 0 0 0 0 0 0 0.0007600288349 0 0 0 0 0 0 0.0007600288349 0 0 0 0 0 0 0.001317346387
984,1785495528.144150019,map,3.0329029560,-1.9913271666,-0.5186742544,0.1141008891,0.0303957843,0.9705396089,0.2100237176,0.04333939649 0 0 0 0 0 0 0.04333939649 0 0 0 0 0 0 0.09497562902 0 0 0 0 0 0 0.000762191782 0 0 0 0 0 0 0.000762191782 0 0 0 0 0 0 0.001320193513
985,1785495528.244206905,map,3.0372462273,-1.9936470985,-0.5186203122,0.1140706135,0.0304487729,0.9705662775,0.2099092010,0.04369414112 0 0 0 0 0 0 0.04369414112 0 0 0 0 0 0 0.09550042826 0 0 0 0 0 0 0.0007704078416 0 0 0 0 0 0 0.0007704078416 0 0 0 0 0 0 0.001330999653
986,1785495528.343290091,map,3.0387723446,-1.9875171185,-0.5176662207,0.1139784385,0.0302327796,0.9705596680,0.2100209890,0.0434747273 0 0 0 0 0 0 0.0434747273 0 0 0 0 0 0 0.09517591544 0 0 0 0 0 0 0.000765324864 0 0 0 0 0 0 0.000765324864 0 0 0 0 0 0 0.001324315926
987,1785495528.443290949,map,3.0384159088,-1.9944376945,-0.5157704949,0.1141489109,0.0298913659,0.9705869962,0.2098509395,0.04353682038 0 0 0 0 0 0 0.04353682038 0 0 0 0 0 0 0.0952677779 0 0 0 0 0 0 0.0007667629138 0 0 0 0 0 0 0.0007667629138 0 0 0 0 0 0 0.001326207389
988,1785495528.543442011,map,3.0441799164,-1.9974348545,-0.5184820890,0.1138493507,0.0304932172,0.9706161967,0.2097920064,0.04389608156 0 0 0 0 0 0 0.04389608156 0 0 0 0 0 0 0.09579886502 0 0 0 0 0 0 0.0007750895761 0 0 0 0 0 0 0.0007750895761 0 0 0 0 0 0 0.00133715111
989,1785495528.643716097,map,3.0466871262,-1.9957756996,-0.5160313845,0.1137590021,0.0301089544,0.9706309040,0.2098284281,0.04307830507 0 0 0 0 0 0 0.04307830507 0 0 0 0 0 0 0.09458893266 0 0 0 0 0 0 0.0007561515554 0 0 0 0 0 0 0.0007561515554 0 0 0 0 0 0 0.001312240214
990,1785495528.743685007,map,3.0421879292,-1.9973549843,-0.5161467791,0.1137601329,0.0300834378,0.9706611087,0.2096917559,0.043601011 0 0 0 0 0 0 0.043601011 0 0 0 0 0 0 0.09536272121 0 0 0 0 0 0 0.0007682498814 0 0 0 0 0 0 0.0007682498814 0 0 0 0 0 0 0.001328162747
991,1785495528.842823029,map,3.0391778946,-1.9940214157,-0.5146865845,0.1139166369,0.0301983669,0.9706224988,0.2097689593,0.04276228138 0 0 0 0 0 0 0.04276228138 0 0 0 0 0 0 0.09412036712 0 0 0 0 0 0 0.0007488482687 0 0 0 0 0 0 0.0007488482687 0 0 0 0 0 0 0.001302613582
992,1785495528.942887068,map,3.0355072021,-1.9955394268,-0.5132054090,0.1137922445,0.0302681622,0.9706478832,0.2097089823,0.04300403883 0 0 0 0 0 0 0.04300403883 0 0 0 0 0 0 0.09447886919 0 0 0 0 0 0 0.0007544344994 0 0 0 0 0 0 0.0007544344994 0 0 0 0 0 0 0.001309977935
993,1785495529.042993069,map,3.0372257233,-1.9941490889,-0.5154432654,0.1139124904,0.0304493566,0.9706152832,0.2097683310,0.04454352517 0 0 0 0 0 0 0.04454352517 0 0 0 0 0 0 0.09675419926 0 0 0 0 0 0 0.0007901223942 0 0 0 0 0 0 0.0007901223942 0 0 0 0 0 0 0.001356873371
994,1785495529.143189907,map,3.0383987427,-1.9940370321,-0.5160340071,0.1137791854,0.0304663483,0.9706506542,0.2096745024,0.04358181845 0 0 0 0 0 0 0.04358181845 0 0 0 0 0 0 0.0953343362 0 0 0 0 0 0 0.0007678052524 0 0 0 0 0 0 0.0007678052524 0 0 0 0 0 0 0.001327578109
995,1785495529.243484974,map,3.0408136845,-1.9931017160,-0.5181028843,0.1138033954,0.0303366680,0.9705961157,0.2099324629,0.04320333969 0 0 0 0 0 0 0.04320333969 0 0 0 0 0 0 0.09477416584 0 0 0 0 0 0 0.000759043451 0 0 0 0 0 0 0.000759043451 0 0 0 0 0 0 0.001316048986
996,1785495529.343656063,map,3.0456554890,-1.9912284613,-0.5190130472,0.1136851314,0.0299774041,0.9706047592,0.2100082230,0.04312534089 0 0 0 0 0 0 0.04312534089 0 0 0 0 0 0 0.09465862436 0 0 0 0 0 0 0.0007572392796 0 0 0 0 0 0 0.0007572392796 0 0 0 0 0 0 0.001313673007
997,1785495529.442902088,map,3.0401217937,-1.9916083813,-0.5179346800,0.1137616933,0.0300532582,0.9705605584,0.2101601108,0.04332488039 0 0 0 0 0 0 0.04332488039 0 0 0 0 0 0 0.09495413952 0 0 0 0 0 0 0.0007618558075 0 0 0 0 0 0 0.0007618558075 0 0 0 0 0 0 0.001319751328
998,1785495529.543204069,map,3.0361700058,-1.9929522276,-0.5165719390,0.1137134405,0.0304741715,0.9705719734,0.2100729060,0.04417891851 0 0 0 0 0 0 0.04417891851 0 0 0 0 0 0 0.09621648195 0 0 0 0 0 0 0.0007816524659 0 0 0 0 0 0 0.0007816524659 0 0 0 0 0 0 0.001345766816
999,1785495529.643260956,map,3.0389616489,-1.9929857254,-0.5179026127,0.1138338743,0.0303063618,0.9705579561,0.2100967052,0.0434825012 0 0 0 0 0 0 0.0434825012 0 0 0 0 0 0 0.09518741755 0 0 0 0 0 0 0.0007655048865 0 0 0 0 0 0 0.0007655048865 0 0 0 0 0 0 0.001324552732
1000,1785495529.743335962,map,3.0382659435,-1.9968789816,-0.5165954828,0.1138649498,0.0306390200,0.9705454201,0.2100895160,0.04318282466 0 0 0 0 0 0 0.04318282466 0 0 0 0 0 0 0.09474377973 0 0 0 0 0 0 0.0007585688728 0 0 0 0 0 0 0.0007585688728 0 0 0 0 0 0 0.001315424063
1001,1785495529.843441010,map,3.0380790234,-1.9926023483,-0.5176965594,0.1138098643,0.0302953322,0.9705571500,0.2101149735,0.04317124503 0 0 0 0 0 0 0.04317124503 0 0 0 0 0 0 0.09472662736 0 0 0 0 0 0 0.0007583010146 0 0 0 0 0 0 0.0007583010146 0 0 0 0 0 0 0.001315071327
1002,1785495529.942537069,map,3.0327360630,-1.9906187057,-0.5139217973,0.1138511693,0.0299933333,0.9705733706,0.2100610352,0.04373061465 0 0 0 0 0 0 0.04373061465 0 0 0 0 0 0 0.09555434697 0 0 0 0 0 0 0.0007712531835 0 0 0 0 0 0 0.0007712531835 0 0 0 0 0 0 0.0013321107
1003,1785495530.042603016,map,3.0331654549,-1.9905705452,-0.5158995390,0.1136411554,0.0298949752,0.9706453655,0.2098560439,0.04349209431 0 0 0 0 0 0 0.04349209431 0 0 0 0 0 0 0.09520161087 0 0 0 0 0 0 0.000765727044 0 0 0 0 0 0 0.000765727044 0 0 0 0 0 0 0.001324844955
1004,1785495530.143018007,map,3.0297815800,-1.9870957136,-0.5161656141,0.1134453965,0.0299936932,0.9706472078,0.2099393358,0.04347710121 0 0 0 0 0 0 0.04347710121 0 0 0 0 0 0 0.09517942787 0 0 0 0 0 0 0.0007653798369 0 0 0 0 0 0 0.0007653798369 0 0 0 0 0 0 0.001324388239
1005,1785495530.243356943,map,3.0361289978,-1.9916583300,-0.5137016177,0.1134645814,0.0299173997,0.9706057494,0.2101314347,0.04356639971 0 0 0 0 0 0 0.04356639971 0 0 0 0 0 0 0.09531153102 0 0 0 0 0 0 0.0007674480724 0 0 0 0 0 0 0.0007674480724 0 0 0 0 0 0 0.001327108427
1006,1785495530.342643023,map,3.0381779671,-1.9964852333,-0.5154772401,0.1135262564,0.0299772453,0.9705921931,0.2101522324,0.04381785609 0 0 0 0 0 0 0.04381785609 0 0 0 0 0 0 0.09568328627 0 0 0 0 0 0 0.0007732756154 0 0 0 0 0 0 0.0007732756154 0 0 0 0 0 0 0.001334768226
1007,1785495530.442946911,map,3.0380396843,-1.9965142012,-0.5176908970,0.1136568986,0.0301432675,0.9706040683,0.2100029608,0.04304189454 0 0 0 0 0 0 0.04304189454 0 0 0 0 0 0 0.09453497566 0 0 0 0 0 0 0.000755309675 0 0 0 0 0 0 0.000755309675 0 0 0 0 0 0 0.001311131086
1008,1785495530.542120934,map,3.0380060673,-1.9935204983,-0.5165913105,0.1140661290,0.0302325111,0.9705800721,0.2098790968,0.04255831648 0 0 0 0 0 0 0.04255831648 0 0 0 0 0 0 0.09381765069 0 0 0 0 0 0 0.0007441392142 0 0 0 0 0 0 0.0007441392142 0 0 0 0 0 0 0.001296400456
1009,1785495530.642292976,map,3.0449068546,-1.9927734137,-0.5189044476,0.1135805932,0.0298529122,0.9706507387,0.2098699730,0.04338741139 0 0 0 0 0 0 0.04338741139 0 0 0 0 0 0 0.09504670153 0 0 0 0 0 0 0.000763303212 0 0 0 0 0 0 0.000763303212 0 0 0 0 0 0 0.001321656131
1010,1785495530.742450953,map,3.0429532528,-1.9906549454,-0.5189490914,0.1136941969,0.0296720854,0.9707038772,0.2095881552,0.04290491262 0 0 0 0 0 0 0.04290491262 0 0 0 0 0 0 0.09433191474 0 0 0 0 0 0 0.000752143408 0 0 0 0 0 0 0.000752143408 0 0 0 0 0 0 0.001306958378
1011,1785495530.842724085,map,3.0449030399,-1.9886397123,-0.5167169571,0.1137523134,0.0298214750,0.9706083977,0.2099772299,0.04342976896 0 0 0 0 0 0 0.04342976896 0 0 0 0 0 0 0.09510938938 0 0 0 0 0 0 0.0007642838497 0 0 0 0 0 0 0.0007642838497 0 0 0 0 0 0 0.001322946416
1012,1785495530.942992926,map,3.0438368320,-1.9910027981,-0.5169900656,0.1137201758,0.0298748412,0.9706004144,0.2100239322,0.04335407454 0 0 0 0 0 0 0.04335407454 0 0 0 0 0 0 0.09499735708 0 0 0 0 0 0 0.0007625315231 0 0 0 0 0 0 0.0007625315231 0 0 0 0 0 0 0.001320640632
1013,1785495531.042372942,map,3.0406835079,-1.9930679798,-0.5185307860,0.1136219937,0.0299892671,0.9705859138,0.2101277379,0.04367077751 0 0 0 0 0 0 0.04367077751 0 0 0 0 0 0 0.09546588608 0 0 0 0 0 0 0.0007698664049 0 0 0 0 0 0 0.0007698664049 0 0 0 0 0 0 0.001330287957
1014,1785495531.142513990,map,3.0396988392,-1.9919135571,-0.5175313950,0.1136382135,0.0297180956,0.9706326311,0.2099416135,0.04293804434 0 0 0 0 0 0 0.04293804434 0 0 0 0 0 0 0.09438103861 0 0 0 0 0 0 0.0007529090837 0 0 0 0 0 0 0.0007529090837 0 0 0 0 0 0 0.001307967628
1015,1785495531.242698908,map,3.0397026539,-1.9966534376,-0.5158543587,0.1139244787,0.0300807943,0.9705969217,0.2098998869,0.04323409184 0 0 0 0 0 0 0.04323409184 0 0 0 0 0 0 0.09481971044 0 0 0 0 0 0 0.0007597549136 0 0 0 0 0 0 0.0007597549136 0 0 0 0 0 0 0.00131698575
1016,1785495531.342822075,map,3.0372562408,-1.9931620359,-0.5148613453,0.1136707923,0.0300724959,0.9705972211,0.2100371816,0.04339845778 0 0 0 0 0 0 0.04339845778 0 0 0 0 0 0 0.0950630508 0 0 0 0 0 0 0.0007635589371 0 0 0 0 0 0 0.0007635589371 0 0 0 0 0 0 0.001321992623
1017,1785495531.443301916,map,3.0410833359,-2.0006618500,-0.5178843141,0.1138319024,0.0297613428,0.9706370141,0.2098102585,0.04305573409 0 0 0 0 0 0 0.04305573409 0 0 0 0 0 0 0.09455548546 0 0 0 0 0 0 0.0007556296584 0 0 0 0 0 0 0.0007556296584 0 0 0 0 0 0 0.001311552663
1018,1785495531.542587996,map,3.0389564037,-2.0009579659,-0.5159916282,0.1138575798,0.0298022655,0.9706395549,0.2097787599,0.04369119698 0 0 0 0 0 0 0.04369119698 0 0 0 0 0 0 0.09549607563 0 0 0 0 0 0 0.0007703396106 0 0 0 0 0 0 0.0007703396106 0 0 0 0 0 0 0.001330909969
1019,1785495531.642842054,map,3.0368852615,-1.9996832609,-0.5146672726,0.1139249067,0.0298859696,0.9705863437,0.2099763973,0.04352885024 0 0 0 0 0 0 0.04352885024 0 0 0 0 0 0 0.09525598781 0 0 0 0 0 0 0.0007665783105 0 0 0 0 0 0 0.0007665783105 0 0 0 0 0 0 0.001325964605
1020,1785495531.743146896,map,3.0394625664,-2.0025191307,-0.5160507560,0.1139432536,0.0299033875,0.9705779381,0.2100028419,0.04290180212 0 0 0 0 0 0 0.04290180212 0 0 0 0 0 0 0.09432730254 0 0 0 0 0 0 0.000752071529 0 0 0 0 0 0 0.000752071529 0 0 0 0 0 0 0.001306863627
1021,1785495531.843357086,map,3.0434088707,-2.0009067059,-0.5177403092,0.1137247089,0.0303694404,0.9706052274,0.2099282660,0.04311524694 0 0 0 0 0 0 0.04311524694 0 0 0 0 0 0 0.09464366947 0 0 0 0 0 0 0.0007570058367 0 0 0 0 0 0 0.0007570058367 0 0 0 0 0 0 0.001313365528
1022,1785495531.943542957,map,3.0411105156,-2.0027675629,-0.5188336968,0.1139621964,0.0302168511,0.9705850541,0.2099147740,0.04280969592 0 0 0 0 0 0 0.04280969592 0 0 0 0 0 0 0.09419070408 0 0 0 0 0 0 0.0007499434694 0 0 0 0 0 0 0.0007499434694 0 0 0 0 0 0 0.001304057911
1023,1785495532.042686939,map,3.0453171730,-1.9987607002,-0.5189579129,0.1137510528,0.0300593571,0.9705572575,0.2101802167,0.04413205426 0 0 0 0 0 0 0.04413205426 0 0 0 0 0 0 0.09614731542 0 0 0 0 0 0 0.0007805645824 0 0 0 0 0 0 0.0007805645824 0 0 0 0 0 0 0.00134433925
1024,1785495532.142910957,map,3.0438420773,-2.0010151863,-0.5168626308,0.1138600273,0.0301628022,0.9705741612,0.2100283312,0.04345682119 0 0 0 0 0 0 0.04345682119 0 0 0 0 0 0 0.09514942062 0 0 0 0 0 0 0.000764910226 0 0 0 0 0 0 0.000764910226 0 0 0 0 0 0 0.001323770474
1025,1785495532.243108988,map,3.0450661182,-2.0021176338,-0.5166501403,0.1137437330,0.0301501879,0.9706119211,0.2099186585,0.04278197128 0 0 0 0 0 0 0.04278197128 0 0 0 0 0 0 0.09414957758 0 0 0 0 0 0 0.0007493030506 0 0 0 0 0 0 0.0007493030506 0 0 0 0 0 0 0.00130321337
1026,1785495532.343385935,map,3.0408813953,-2.0031807423,-0.5174800754,0.1137874141,0.0305225604,0.9705627156,0.2100685920,0.04293347915 0 0 0 0 0 0 0.04293347915 0 0 0 0 0 0 0.09437427024 0 0 0 0 0 0 0.0007528035764 0 0 0 0 0 0 0.0007528035764 0 0 0 0 0 0 0.001307828564
1027,1785495532.442689896,map,3.0511546135,-2.0038895607,-0.5185769796,0.1136129604,0.0303307693,0.9706102937,0.2099709398,0.04293954261 0 0 0 0 0 0 0.04293954261 0 0 0 0 0 0 0.09438325992 0 0 0 0 0 0 0.000752943711 0 0 0 0 0 0 0.000752943711 0 0 0 0 0 0 0.001308013268
1028,1785495532.542721033,map,3.0469937325,-2.0069530010,-0.5170411468,0.1136231687,0.0303611019,0.9706371216,0.2098369707,0.04318564209 0 0 0 0 0 0 0.04318564209 0 0 0 0 0 0 0.09474795295 0 0 0 0 0 0 0.0007586340469 0 0 0 0 0 0 0.0007586340469 0 0 0 0 0 0 0.001315509887
1029,1785495532.642709970,map,3.0457832813,-2.0002672672,-0.5180994868,0.1137117981,0.0304361223,0.9706137403,0.2098862555,0.0431615406 0 0 0 0 0 0 0.0431615406 0 0 0 0 0 0 0.09471225207 0 0 0 0 0 0 0.0007580765421 0 0 0 0 0 0 0.0007580765421 0 0 0 0 0 0 0.001314775713
1030,1785495532.742862940,map,3.0478627682,-1.9977787733,-0.5155375600,0.1135186616,0.0298557787,0.9705981576,0.2101460281,0.04352852744 0 0 0 0 0 0 0.04352852744 0 0 0 0 0 0 0.09525551028 0 0 0 0 0 0 0.0007665708339 0 0 0 0 0 0 0.0007665708339 0 0 0 0 0 0 0.001325954771
1031,1785495532.842946053,map,3.0476057529,-1.9984529018,-0.5143698454,0.1137749364,0.0295832481,0.9705757426,0.2101495457,0.04369206762 0 0 0 0 0 0 0.04369206762 0 0 0 0 0 0 0.0954973628 0 0 0 0 0 0 0.0007703597878 0 0 0 0 0 0 0.0007703597878 0 0 0 0 0 0 0.00133093649
1032,1785495532.942985058,map,3.0473935604,-1.9944756031,-0.5141094327,0.1138212974,0.0299745169,0.9705884163,0.2100104004,0.04353958663 0 0 0 0 0 0 0.04353958663 0 0 0 0 0 0 0.09527186988 0 0 0 0 0 0 0.0007668269864 0 0 0 0 0 0 0.0007668269864 0 0 0 0 0 0 0.001326291654
1033,1785495533.043240070,map,3.0486354828,-1.9976640940,-0.5160164237,0.1138958844,0.0301795994,0.9705646731,0.2100502897,0.04294549521 0 0 0 0 0 0 0.04294549521 0 0 0 0 0 0 0.09439208504 0 0 0 0 0 0 0.0007530812866 0 0 0 0 0 0 0.0007530812866 0 0 0 0 0 0 0.001308194594
1034,1785495533.142355919,map,3.0534856319,-1.9956238270,-0.5153583884,0.1137858492,0.0299082717,0.9705676823,0.2101348324,0.04284225703 0 0 0 0 0 0 0.04284225703 0 0 0 0 0 0 0.09423899943 0 0 0 0 0 0 0.0007506956916 0 0 0 0 0 0 0.0007506956916 0 0 0 0 0 0 0.001305049779
1035,1785495533.242439985,map,3.0508167744,-2.0030179024,-0.5178491473,0.1138787127,0.0301090498,0.9706221764,0.2098039014,0.04360044953 0 0 0 0 0 0 0.04360044953 0 0 0 0 0 0 0.09536189085 0 0 0 0 0 0 0.0007682368735 0 0 0 0 0 0 0.0007682368735 0 0 0 0 0 0 0.001328145644
1036,1785495533.342719078,map,3.0503969193,-2.0028958321,-0.5191205740,0.1138038033,0.0301792391,0.9706454039,0.2097269346,0.04368404332 0 0 0 0 0 0 0.04368404332 0 0 0 0 0 0 0.09548549944 0 0 0 0 0 0 0.0007701738261 0 0 0 0 0 0 0.0007701738261 0 0 0 0 0 0 0.001330692056
1037,1785495533.442873955,map,3.0384113789,-1.9942857027,-0.5154734254,0.1138376223,0.0301809353,0.9706139322,0.2098540355,0.04308017357 0 0 0 0 0 0 0.04308017357 0 0 0 0 0 0 0.0945917014 0 0 0 0 0 0 0.0007561947616 0 0 0 0 0 0 0.0007561947616 0 0 0 0 0 0 0.001312297132
1038,1785495533.543082952,map,3.0364105701,-1.9867252111,-0.5146192908,0.1138207625,0.0297857845,0.9705719658,0.2101135624,0.04336420334 0 0 0 0 0 0 0.04336420334 0 0 0 0 0 0 0.09501235015 0 0 0 0 0 0 0.0007627659769 0 0 0 0 0 0 0.0007627659769 0 0 0 0 0 0 0.001320949173
1039,1785495533.642244101,map,3.0378222466,-1.9792662859,-0.5139756203,0.1139452258,0.0298744771,0.9705928840,0.2099367851,0.04324023918 0 0 0 0 0 0 0.04324023918 0 0 0 0 0 0 0.09482881415 0 0 0 0 0 0 0.0007598971442 0 0 0 0 0 0 0.0007598971442 0 0 0 0 0 0 0.001317173009
1040,1785495533.742284060,map,3.0366353989,-1.9820641279,-0.5155557990,0.1140064095,0.0297771193,0.9705713209,0.2100170703,0.04368794493 0 0 0 0 0 0 0.04368794493 0 0 0 0 0 0 0.09549126773 0 0 0 0 0 0 0.0007702642444 0 0 0 0 0 0 0.0007702642444 0 0 0 0 0 0 0.001330810906
1041,1785495533.842295885,map,3.0390160084,-1.9825272560,-0.5177217126,0.1140514410,0.0297672646,0.9705564822,0.2100626177,0.04279851166 0 0 0 0 0 0 0.04279851166 0 0 0 0 0 0 0.09417411397 0 0 0 0 0 0 0.0007496851134 0 0 0 0 0 0 0.0007496851134 0 0 0 0 0 0 0.001303717219
1042,1785495533.943303108,map,3.0386846066,-1.9864243269,-0.5172905326,0.1138126408,0.0298272636,0.9706066936,0.2099515532,0.0442045228 0 0 0 0 0 0 0.0442045228 0 0 0 0 0 0 0.09625426611 0 0 0 0 0 0 0.0007822469074 0 0 0 0 0 0 0.0007822469074 0 0 0 0 0 0 0.001346546768
1043,1785495534.042402029,map,3.0379290581,-1.9866601229,-0.5151176453,0.1142781714,0.0299553415,0.9705765793,0.2098196304,0.04363410492 0 0 0 0 0 0 0.04363410492 0 0 0 0 0 0 0.09541166105 0 0 0 0 0 0 0.0007690166326 0 0 0 0 0 0 0.0007690166326 0 0 0 0 0 0 0.001329170845
1044,1785495534.142453909,map,3.0437078476,-1.9829508066,-0.5140156150,0.1142372236,0.0300262734,0.9705834420,0.2098000382,0.04394644177 0 0 0 0 0 0 0.04394644177 0 0 0 0 0 0 0.09587325504 0 0 0 0 0 0 0.0007762576412 0 0 0 0 0 0 0.0007762576412 0 0 0 0 0 0 0.00133868517
1045,1785495534.242629051,map,3.0489122868,-1.9902603626,-0.5169751644,0.1142807615,0.0300880367,0.9705911568,0.2097317784,0.04355959236 0 0 0 0 0 0 0.04355959236 0 0 0 0 0 0 0.09530146216 0 0 0 0 0 0 0.0007672903843 0 0 0 0 0 0 0.0007672903843 0 0 0 0 0 0 0.001326901063
1046,1785495534.342773914,map,3.0487785339,-1.9874289036,-0.5168149471,0.1139858126,0.0301062703,0.9706134563,0.2097864501,0.04355094705 0 0 0 0 0 0 0.04355094705 0 0 0 0 0 0 0.09528867437 0 0 0 0 0 0 0.0007670901266 0 0 0 0 0 0 0.0007670901266 0 0 0 0 0 0 0.001326637712
1047,1785495534.442023993,map,3.0472099781,-1.9869744778,-0.5158039331,0.1139352786,0.0300323405,0.9706081751,0.2098489551,0.0435078266 0 0 0 0 0 0 0.0435078266 0 0 0 0 0 0 0.09522488623 0 0 0 0 0 0 0.0007660913897 0 0 0 0 0 0 0.0007660913897 0 0 0 0 0 0 0.001325324188
1048,1785495534.542992115,map,3.0469706059,-1.9850785732,-0.5144219995,0.1138437035,0.0298721526,0.9706181387,0.2098754098,0.04387793937 0 0 0 0 0 0 0.04387793937 0 0 0 0 0 0 0.09577206277 0 0 0 0 0 0 0.000774668834 0 0 0 0 0 0 0.000774668834 0 0 0 0 0 0 0.001336598468
1049,1785495534.642234087,map,3.0442233086,-1.9868264198,-0.5146144032,0.1137815520,0.0301611456,0.9706116063,0.2098980316,0.04265452888 0 0 0 0 0 0 0.04265452888 0 0 0 0 0 0 0.09396047464 0 0 0 0 0 0 0.0007463600769 0 0 0 0 0 0 0.0007463600769 0 0 0 0 0 0 0.001299331253
1050,1785495534.742373943,map,3.0433022976,-1.9842196703,-0.5149062276,0.1138875676,0.0300843441,0.9705692790,0.2100471895,0.0432915137 0 0 0 0 0 0 0.0432915137 0 0 0 0 0 0 0.09490473934 0 0 0 0 0 0 0.000761083604 0 0 0 0 0 0 0.000761083604 0 0 0 0 0 0 0.00131873492
1051,1785495534.842576027,map,3.0378632545,-1.9812533855,-0.5177533627,0.1135372872,0.0299926353,0.9705991171,0.2101120678,0.04369884849 0 0 0 0 0 0 0.04369884849 0 0 0 0 0 0 0.09550738756 0 0 0 0 0 0 0.0007705169375 0 0 0 0 0 0 0.0007705169375 0 0 0 0 0 0 0.001331143047
1052,1785495534.942692995,map,3.0357370377,-1.9820462465,-0.5149689913,0.1138363974,0.0299975974,0.9705490435,0.2101808286,0.0431273277 0 0 0 0 0 0 0.0431273277 0 0 0 0 0 0 0.09466156788 0 0 0 0 0 0 0.0007572852295 0 0 0 0 0 0 0.0007572852295 0 0 0 0 0 0 0.001313733528
1053,1785495535.041914940,map,3.0387713909,-1.9856723547,-0.5166095495,0.1139209480,0.0302437732,0.9705509089,0.2100911068,0.04414257875 0 0 0 0 0 0 0.04414257875 0 0 0 0 0 0 0.09616284946 0 0 0 0 0 0 0.0007808088771 0 0 0 0 0 0 0.0007808088771 0 0 0 0 0 0 0.001344659844
1054,1785495535.142090082,map,3.0388288498,-1.9867848158,-0.5160386562,0.1140221250,0.0301607248,0.9705416739,0.2100907875,0.04280926566 0 0 0 0 0 0 0.04280926566 0 0 0 0 0 0 0.09419006588 0 0 0 0 0 0 0.0007499335303 0 0 0 0 0 0 0.0007499335303 0 0 0 0 0 0 0.001304044805
1055,1785495535.242273092,map,3.0404264927,-1.9886240959,-0.5140211582,0.1139594801,0.0301763393,0.9705314331,0.2101698875,0.04371384904 0 0 0 0 0 0 0.04371384904 0 0 0 0 0 0 0.09552956334 0 0 0 0 0 0 0.0007708645957 0 0 0 0 0 0 0.0007708645957 0 0 0 0 0 0 0.00133159999
1056,1785495535.342308998,map,3.0386760235,-1.9887932539,-0.5171484947,0.1138104459,0.0302906835,0.9705870499,0.2099772809,0.04288742834 0 0 0 0 0 0 0.04288742834 0 0 0 0 0 0 0.0943059886 0 0 0 0 0 0 0.0007517393834 0 0 0 0 0 0 0.0007517393834 0 0 0 0 0 0 0.001306425776
1057,1785495535.442456007,map,3.0365846157,-1.9923764467,-0.5154119134,0.1138546938,0.0300783516,0.9706014353,0.2099172187,0.043425677 0 0 0 0 0 0 0.043425677 0 0 0 0 0 0 0.09510333384 0 0 0 0 0 0 0.0007641891084 0 0 0 0 0 0 0.0007641891084 0 0 0 0 0 0 0.001322821768
1058,1785495535.542512894,map,3.0403473377,-1.9910478592,-0.5145118833,0.1137414722,0.0300415930,0.9705786136,0.2100893780,0.04330538854 0 0 0 0 0 0 0.04330538854 0 0 0 0 0 0 0.09492528212 0 0 0 0 0 0 0.0007614046972 0 0 0 0 0 0 0.0007614046972 0 0 0 0 0 0 0.001319157572
1059,1785495535.642587900,map,3.0384824276,-1.9918766022,-0.5154488683,0.1138417384,0.0298927098,0.9705177760,0.2103371771,0.04329675216 0 0 0 0 0 0 0.04329675216 0 0 0 0 0 0 0.09491249541 0 0 0 0 0 0 0.0007612048311 0 0 0 0 0 0 0.0007612048311 0 0 0 0 0 0 0.001318894493
1060,1785495535.741935015,map,3.0344591141,-1.9919764996,-0.5139784813,0.1141218562,0.0299183844,0.9705028366,0.2102506090,0.04310505214 0 0 0 0 0 0 0.04310505214 0 0 0 0 0 0 0.09462856458 0 0 0 0 0 0 0.0007567700701 0 0 0 0 0 0 0.0007567700701 0 0 0 0 0 0 0.001313054976
1061,1785495535.841932058,map,3.0279841423,-1.9863394499,-0.5120111108,0.1141823727,0.0299918871,0.9705433704,0.2100200786,0.04366450993 0 0 0 0 0 0 0.04366450993 0 0 0 0 0 0 0.09545661919 0 0 0 0 0 0 0.0007697211653 0 0 0 0 0 0 0.0007697211653 0 0 0 0 0 0 0.001330097035
1062,1785495535.942256927,map,3.0277781487,-1.9780967236,-0.5144038200,0.1151664025,0.0299832230,0.9705210003,0.2095869684,0.04384580743 0 0 0 0 0 0 0.04384580743 0 0 0 0 0 0 0.09572458842 0 0 0 0 0 0 0.0007739237173 0 0 0 0 0 0 0.0007739237173 0 0 0 0 0 0 0.001335619673
1063,1785495536.042289019,map,3.0253195763,-1.9762986898,-0.5093607903,0.1197893058,0.0286509283,0.9699846675,0.2096649564,0.04301669353 0 0 0 0 0 0 0.04301669353 0 0 0 0 0 0 0.09449762579 0 0 0 0 0 0 0.0007547270462 0 0 0 0 0 0 0.0007547270462 0 0 0 0 0 0 0.001310363419
1064,1785495536.142537117,map,2.9829785824,-1.9382914305,-0.4999973774,0.1304647515,0.0264445156,0.9686716648,0.2096541182,0.04370274801 0 0 0 0 0 0 0.04370274801 0 0 0 0 0 0 0.09551315246 0 0 0 0 0 0 0.0007706073124 0 0 0 0 0 0 0.0007706073124 0 0 0 0 0 0 0.001331261834
1065,1785495536.242769957,map,2.9336664677,-1.9562978745,-0.4877411425,0.1401754177,0.0289857268,0.9676533306,0.2077443708,0.04374185082 0 0 0 0 0 0 0.04374185082 0 0 0 0 0 0 0.09557095591 0 0 0 0 0 0 0.000771513625 0 0 0 0 0 0 0.000771513625 0 0 0 0 0 0 0.001332452973
1066,1785495536.342072010,map,2.8860738277,-1.9928994179,-0.4865848720,0.1425583351,0.0377815434,0.9679427475,0.2033138396,0.04385969531 0 0 0 0 0 0 0.04385969531 0 0 0 0 0 0 0.09574510819 0 0 0 0 0 0 0.0007742457567 0 0 0 0 0 0 0.0007742457567 0 0 0 0 0 0 0.001336042722
1067,1785495536.442212105,map,2.7744529247,-1.8743971586,-0.4773592353,0.1403781648,0.0393269226,0.9684118250,0.2023015505,0.04336525492 0 0 0 0 0 0 0.04336525492 0 0 0 0 0 0 0.09501390672 0 0 0 0 0 0 0.0007627903187 0 0 0 0 0 0 0.0007627903187 0 0 0 0 0 0 0.001320981206
1068,1785495536.542520046,map,2.8369452953,-1.8570590019,-0.4469105601,0.1263075539,0.0354082461,0.9699418366,0.2049523913,0.04318823286 0 0 0 0 0 0 0.04318823286 0 0 0 0 0 0 0.09475179039 0 0 0 0 0 0 0.0007586939783 0 0 0 0 0 0 0.0007586939783 0 0 0 0 0 0 0.001315588806
1069,1785495536.642672062,map,2.7874629498,-1.8442866802,-0.4410025775,0.1168974673,0.0240415755,0.9709375509,0.2074542181,0.04269088592 0 0 0 0 0 0 0.04269088592 0 0 0 0 0 0 0.09401443172 0 0 0 0 0 0 0.000747199512 0 0 0 0 0 0 0.000747199512 0 0 0 0 0 0 0.001300438752
1070,1785495536.742815018,map,2.7084252834,-1.7930924892,-0.4624962509,0.1129009482,0.0222838164,0.9717786882,0.2059199026,0.04322662846 0 0 0 0 0 0 0.04322662846 0 0 0 0 0 0 0.09480865749 0 0 0 0 0 0 0.0007595822381 0 0 0 0 0 0 0.0007595822381 0 0 0 0 0 0 0.001316758403
1071,1785495536.841965914,map,2.7221269608,-1.8413929939,-0.4638273120,0.0991228239,0.0310408338,0.9735668853,0.2034174343,0.04326436622 0 0 0 0 0 0 0.04326436622 0 0 0 0 0 0 0.09486454229 0 0 0 0 0 0 0.0007604554008 0 0 0 0 0 0 0.0007604554008 0 0 0 0 0 0 0.001317907961
1072,1785495536.942136049,map,2.7139830589,-1.8239749670,-0.4410563409,0.0873122954,0.0299187837,0.9747139257,0.2035048285,0.04279613815 0 0 0 0 0 0 0.04279613815 0 0 0 0 0 0 0.09417059314 0 0 0 0 0 0 0.0007496302867 0 0 0 0 0 0 0.0007496302867 0 0 0 0 0 0 0.001303644918
1073,1785495537.042120934,map,2.6730754375,-1.7851356268,-0.4390905201,0.0666267779,0.0238922782,0.9761733997,0.2051231490,0.04295188837 0 0 0 0 0 0 0.04295188837 0 0 0 0 0 0 0.0944015631 0 0 0 0 0 0 0.0007532290478 0 0 0 0 0 0 0.0007532290478 0 0 0 0 0 0 0.001308389341
1074,1785495537.142154932,map,2.6407184601,-1.8040758371,-0.4384541810,0.0558245374,0.0243700886,0.9770836088,0.2039542619,0.04237067926 0 0 0 0 0 0 0.04237067926 0 0 0 0 0 0 0.09353895796 0 0 0 0 0 0 0.0007398103125 0 0 0 0 0 0 0.0007398103125 0 0 0 0 0 0 0.001290684699
1075,1785495537.242472887,map,2.6140382290,-1.7728865147,-0.4331990182,0.0530868527,0.0274049814,0.9773257134,0.2031383374,0.04265219084 0 0 0 0 0 0 0.04265219084 0 0 0 0 0 0 0.09395700452 0 0 0 0 0 0 0.0007463060986 0 0 0 0 0 0 0.0007463060986 0 0 0 0 0 0 0.001299260032
1076,1785495537.342708111,map,2.5882196426,-1.7564643621,-0.4117353261,0.0529394397,0.0295451891,0.9765772780,0.2064493066,0.04239331169 0 0 0 0 0 0 0.04239331169 0 0 0 0 0 0 0.09357258399 0 0 0 0 0 0 0.0007403322933 0 0 0 0 0 0 0.0007403322933 0 0 0 0 0 0 0.001291374122
1077,1785495537.441881895,map,2.5218446255,-1.7105119228,-0.4086433649,0.0518645984,0.0248306228,0.9759957996,0.2100611459,0.04278424941 0 0 0 0 0 0 0.04278424941 0 0 0 0 0 0 0.09415295711 0 0 0 0 0 0 0.0007493556713 0 0 0 0 0 0 0.0007493556713 0 0 0 0 0 0 0.001303282766
1078,1785495537.542048931,map,2.4323530197,-1.7030518055,-0.4132021368,0.0485730366,0.0256704272,0.9766407973,0.2077364572,0.04238465441 0 0 0 0 0 0 0.04238465441 0 0 0 0 0 0 0.09355972182 0 0 0 0 0 0 0.0007401326217 0 0 0 0 0 0 0.0007401326217 0 0 0 0 0 0 0.001291110407
1079,1785495537.642014980,map,2.4137933254,-1.7283363342,-0.4256237745,0.0460544890,0.0343989557,0.9769431250,0.2056157210,0.04281190694 0 0 0 0 0 0 0.04281190694 0 0 0 0 0 0 0.09419398371 0 0 0 0 0 0 0.0007499945453 0 0 0 0 0 0 0.0007499945453 0 0 0 0 0 0 0.001304125263
1080,1785495537.742336035,map,2.4097206593,-1.7431836128,-0.4107023776,0.0489368962,0.0368712924,0.9762882839,0.2076219593,0.04308051731 0 0 0 0 0 0 0.04308051731 0 0 0 0 0 0 0.09459221076 0 0 0 0 0 0 0.0007562027103 0 0 0 0 0 0 0.0007562027103 0 0 0 0 0 0 0.001312307603
1081,1785495537.842365980,map,2.3603904247,-1.6582127810,-0.3899888396,0.0575430682,0.0320500469,0.9751206244,0.2116633316,0.04235210887 0 0 0 0 0 0 0.04235210887 0 0 0 0 0 0 0.09351136488 0 0 0 0 0 0 0.0007393820495 0 0 0 0 0 0 0.0007393820495 0 0 0 0 0 0 0.001290119013
1082,1785495537.942456007,map,2.3207883835,-1.6293607950,-0.4055934548,0.0570246964,0.0311521715,0.9756623812,0.2094293637,0.0426134748 0 0 0 0 0 0 0.0426134748 0 0 0 0 0 0 0.09389953772 0 0 0 0 0 0 0.000745412331 0 0 0 0 0 0 0.000745412331 0 0 0 0 0 0 0.001298080674
1083,1785495538.042645931,map,2.2688627243,-1.6251790524,-0.3889538646,0.0600034094,0.0328999777,0.9758300094,0.2075402981,0.04232295954 0 0 0 0 0 0 0.04232295954 0 0 0 0 0 0 0.09346804894 0 0 0 0 0 0 0.0007387098797 0 0 0 0 0 0 0.0007387098797 0 0 0 0 0 0 0.001289231073
1084,1785495538.142688990,map,2.2137961388,-1.5728605986,-0.4004516602,0.0610399826,0.0369486906,0.9758974405,0.2062355130,0.04269489533 0 0 0 0 0 0 0.04269489533 0 0 0 0 0 0 0.09402038158 0 0 0 0 0 0 0.0007472920908 0 0 0 0 0 0 0.0007472920908 0 0 0 0 0 0 0.001300560885
1085,1785495538.242930889,map,2.1902716160,-1.6507747173,-0.3790431321,0.0626066458,0.0442461903,0.9759467587,0.2040848027,0.04274037862 0 0 0 0 0 0 0.04274037862 0 0 0 0 0 0 0.09408787122 0 0 0 0 0 0 0.0007483424149 0 0 0 0 0 0 0.0007483424149 0 0 0 0 0 0 0.001301946386
1086,1785495538.342948914,map,2.1381192207,-1.5784538984,-0.3453834951,0.0750845495,0.0358680210,0.9746632456,0.2076230770,0.04248677622 0 0 0 0 0 0 0.04248677622 0 0 0 0 0 0 0.09371141751 0 0 0 0 0 0 0.0007424883768 0 0 0 0 0 0 0.0007424883768 0 0 0 0 0 0 0.001294221215
1087,1785495538.442174911,map,2.0800535679,-1.5737180710,-0.3497484326,0.0861631054,0.0300074686,0.9736540552,0.2089814607,0.04296874603 0 0 0 0 0 0 0.04296874603 0 0 0 0 0 0 0.09442655399 0 0 0 0 0 0 0.000753618685 0 0 0 0 0 0 0.000753618685 0 0 0 0 0 0 0.001308902855
1088,1785495538.542155027,map,2.0481634140,-1.5462497473,-0.3584429026,0.0931798007,0.0299285395,0.9729438801,0.2092893009,0.04314267692 0 0 0 0 0 0 0.04314267692 0 0 0 0 0 0 0.09468430756 0 0 0 0 0 0 0.0007576402304 0 0 0 0 0 0 0.0007576402304 0 0 0 0 0 0 0.001314201093
1089,1785495538.642354012,map,2.0305683613,-1.5516357422,-0.3499246538,0.0959641733,0.0349283286,0.9726639943,0.2085560812,0.042647529 0 0 0 0 0 0 0.042647529 0 0 0 0 0 0 0.09395008534 0 0 0 0 0 0 0.0007461984724 0 0 0 0 0 0 0.0007461984724 0 0 0 0 0 0 0.001299118025
1090,1785495538.742532015,map,1.9810397625,-1.5142375231,-0.3560984433,0.0991301065,0.0406254835,0.9724587236,0.2069947787,0.0437076096 0 0 0 0 0 0 0.0437076096 0 0 0 0 0 0 0.09552033953 0 0 0 0 0 0 0.0007707199859 0 0 0 0 0 0 0.0007707199859 0 0 0 0 0 0 0.001331409926
1091,1785495538.842628002,map,1.9865185022,-1.4929735661,-0.3195816278,0.1051206297,0.0395154840,0.9720629296,0.2061112299,0.04304274425 0 0 0 0 0 0 0.04304274425 0 0 0 0 0 0 0.09453623495 0 0 0 0 0 0 0.0007553293207 0 0 0 0 0 0 0.0007553293207 0 0 0 0 0 0 0.001311156969
1092,1785495538.942780018,map,1.9723381996,-1.4442859888,-0.3312616050,0.1146169738,0.0442334864,0.9720715907,0.1999579129,0.04301409398 0 0 0 0 0 0 0.04301409398 0 0 0 0 0 0 0.09449377285 0 0 0 0 0 0 0.0007546669497 0 0 0 0 0 0 0.0007546669497 0 0 0 0 0 0 0.001310284232
1093,1785495539.042124987,map,1.8819074631,-1.4695811272,-0.2834481895,0.1291648185,0.0475718561,0.9699851053,0.2004551422,0.04448537081 0 0 0 0 0 0 0.04448537081 0 0 0 0 0 0 0.09666848156 0 0 0 0 0 0 0.0007887707246 0 0 0 0 0 0 0.0007887707246 0 0 0 0 0 0 0.001355101887
1094,1785495539.142414093,map,1.8722771406,-1.4246704578,-0.2875119448,0.1401272048,0.0394772544,0.9675892983,0.2063416688,0.04290922526 0 0 0 0 0 0 0.04290922526 0 0 0 0 0 0 0.09433830938 0 0 0 0 0 0 0.000752243068 0 0 0 0 0 0 0.000752243068 0 0 0 0 0 0 0.001307089748
1095,1785495539.242826939,map,1.8630028963,-1.4081237316,-0.3012380600,0.1279393930,0.0389719291,0.9682644966,0.2111315958,0.04398173746 0 0 0 0 0 0 0.04398173746 0 0 0 0 0 0 0.09592538416 0 0 0 0 0 0 0.0007770764215 0 0 0 0 0 0 0.0007770764215 0 0 0 0 0 0 0.001339760338
1096,1785495539.342044115,map,1.8100851774,-1.3935472965,-0.3202017844,0.1039588434,0.0491618950,0.9713405842,0.2080219583,0.04304038204 0 0 0 0 0 0 0.04304038204 0 0 0 0 0 0 0.09453273412 0 0 0 0 0 0 0.0007552747056 0 0 0 0 0 0 0.0007552747056 0 0 0 0 0 0 0.001311085012
1097,1785495539.442133904,map,1.7691770792,-1.4142831564,-0.2789906263,0.0864972430,0.0575336421,0.9735586890,0.2034491999,0.04294837328 0 0 0 0 0 0 0.04294837328 0 0 0 0 0 0 0.0943963519 0 0 0 0 0 0 0.0007531478052 0 0 0 0 0 0 0.0007531478052 0 0 0 0 0 0 0.001308282265
1098,1785495539.542277098,map,1.7652589083,-1.3684610128,-0.2779641151,0.0842520418,0.0497893459,0.9734732479,0.2068150346,0.04276281545 0 0 0 0 0 0 0.04276281545 0 0 0 0 0 0 0.09412115944 0 0 0 0 0 0 0.0007488606037 0 0 0 0 0 0 0.0007488606037 0 0 0 0 0 0 0.001302629851
1099,1785495539.642302990,map,1.6444919109,-1.3491790295,-0.2828596830,0.0912788649,0.0513317417,0.9731828115,0.2048131725,0.0434329902 0 0 0 0 0 0 0.0434329902 0 0 0 0 0 0 0.09511415631 0 0 0 0 0 0 0.0007643584322 0 0 0 0 0 0 0.0007643584322 0 0 0 0 0 0 0.001323044541
1100,1785495539.742410898,map,1.5856202841,-1.3445734978,-0.2744871676,0.0989451893,0.0603172735,0.9727216798,0.2009582077,0.04246232342 0 0 0 0 0 0 0.04246232342 0 0 0 0 0 0 0.09367509979 0 0 0 0 0 0 0.0007419242146 0 0 0 0 0 0 0.0007419242146 0 0 0 0 0 0 0.00129347634
1101,1785495539.842477083,map,1.6575950384,-1.3619514704,-0.2632761002,0.0958056056,0.0668975640,0.9736095567,0.1960367560,0.0432382912 0 0 0 0 0 0 0.0432382912 0 0 0 0 0 0 0.09482592936 0 0 0 0 0 0 0.0007598520734 0 0 0 0 0 0 0.0007598520734 0 0 0 0 0 0 0.00131711367
1102,1785495539.942581892,map,1.6321717501,-1.3180912733,-0.2612361908,0.0684438598,0.0699832060,0.9771521124,0.1886572215,0.04353482275 0 0 0 0 0 0 0.04353482275 0 0 0 0 0 0 0.09526482287 0 0 0 0 0 0 0.0007667166444 0 0 0 0 0 0 0.0007667166444 0 0 0 0 0 0 0.001326146538
1103,1785495540.041893959,map,1.5733667612,-1.3222917318,-0.2393865287,0.0351690339,0.0665381273,0.9785133027,0.1919571108,0.04266894 0 0 0 0 0 0 0.04266894 0 0 0 0 0 0 0.09398186292 0 0 0 0 0 0 0.0007466927966 0 0 0 0 0 0 0.0007466927966 0 0 0 0 0 0 0.001299770241
1104,1785495540.142131090,map,1.5149768591,-1.2855405807,-0.2101499289,0.0121963438,0.0479735884,0.9799397930,0.1930486639,0.0424921311 0 0 0 0 0 0 0.0424921311 0 0 0 0 0 0 0.0937193702 0 0 0 0 0 0 0.0007426119287 0 0 0 0 0 0 0.0007426119287 0 0 0 0 0 0 0.001294384334
1105,1785495540.242521048,map,1.4009524584,-1.2507168055,-0.2137016952,0.0088976569,0.0317180977,0.9801191793,0.1956557687,0.04247289843 0 0 0 0 0 0 0.04247289843 0 0 0 0 0 0 0.0936908064 0 0 0 0 0 0 0.0007421681894 0 0 0 0 0 0 0.0007421681894 0 0 0 0 0 0 0.001293798473
1106,1785495540.341924906,map,1.2997642756,-1.2115792036,-0.2254161388,0.0208228012,0.0316686501,0.9802505889,0.1940935467,0.04244921641 0 0 0 0 0 0 0.04244921641 0 0 0 0 0 0 0.09365563164 0 0 0 0 0 0 0.000741621838 0 0 0 0 0 0 0.000741621838 0 0 0 0 0 0 0.001293077077
1107,1785495540.442110062,map,1.3137904406,-1.2347675562,-0.2311307490,0.0350170217,0.0365018381,0.9805222987,0.1897826024,0.0426836483 0 0 0 0 0 0 0.0426836483 0 0 0 0 0 0 0.09400369104 0 0 0 0 0 0 0.000747032396 0 0 0 0 0 0 0.000747032396 0 0 0 0 0 0 0.001300218281
1108,1785495540.542337894,map,1.3058439493,-1.2173202038,-0.2140099704,0.0402836876,0.0397032156,0.9801163211,0.1901916678,0.04267995496 0 0 0 0 0 0 0.04267995496 0 0 0 0 0 0 0.09399820999 0 0 0 0 0 0 0.0007469471188 0 0 0 0 0 0 0.0007469471188 0 0 0 0 0 0 0.001300105776
1109,1785495540.642560959,map,1.2762837410,-1.2063027620,-0.2147475183,0.0304225015,0.0332412152,0.9807119334,0.1901936183,0.04266935413 0 0 0 0 0 0 0.04266935413 0 0 0 0 0 0 0.09398247753 0 0 0 0 0 0 0.0007467023582 0 0 0 0 0 0 0.0007467023582 0 0 0 0 0 0 0.001299782856
1110,1785495540.742696047,map,1.2700214386,-1.1980246305,-0.2280620784,0.0312527640,0.0288639155,0.9809378304,0.1896077988,0.0423803788 0 0 0 0 0 0 0.0423803788 0 0 0 0 0 0 0.09355336936 0 0 0 0 0 0 0.0007400340113 0 0 0 0 0 0 0.0007400340113 0 0 0 0 0 0 0.001290980164
1111,1785495540.841949940,map,1.1980097294,-1.2186927795,-0.2257854193,0.0375383214,0.0328354108,0.9815385765,0.1846475678,0.04251187904 0 0 0 0 0 0 0.04251187904 0 0 0 0 0 0 0.09374869707 0 0 0 0 0 0 0.0007430675897 0 0 0 0 0 0 0.0007430675897 0 0 0 0 0 0 0.00129498589
1112,1785495540.942255974,map,1.1625547409,-1.2207571268,-0.2150619328,0.0379731545,0.0333944056,0.9814585291,0.1848837404,0.04258507697 0 0 0 0 0 0 0.04258507697 0 0 0 0 0 0 0.09385738098 0 0 0 0 0 0 0.0007447568438 0 0 0 0 0 0 0.0007447568438 0 0 0 0 0 0 0.001297215627
1113,1785495541.042241096,map,1.1684687138,-1.1729661226,-0.2121347636,0.0352379465,0.0260794652,0.9813287239,0.1872754645,0.04255612853 0 0 0 0 0 0 0.04255612853 0 0 0 0 0 0 0.09381440214 0 0 0 0 0 0 0.0007440887193 0 0 0 0 0 0 0.0007440887193 0 0 0 0 0 0 0.001296333807
1114,1785495541.142383099,map,1.0925316811,-1.1091341972,-0.2057693899,0.0407007182,0.0192618548,0.9812893188,0.1871996252,0.04232896666 0 0 0 0 0 0 0.04232896666 0 0 0 0 0 0 0.09347697592 0 0 0 0 0 0 0.000738848395 0 0 0 0 0 0 0.000738848395 0 0 0 0 0 0 0.001289414061
1115,1785495541.242625952,map,1.0372651815,-1.0802088976,-0.2189984918,0.0412687507,0.0184577762,0.9816208260,0.1854096696,0.04244068936 0 0 0 0 0 0 0.04244068936 0 0 0 0 0 0 0.09364296568 0 0 0 0 0 0 0.0007414251284 0 0 0 0 0 0 0.0007414251284 0 0 0 0 0 0 0.001292817329
1116,1785495541.342782974,map,1.0234000683,-1.1413884163,-0.2344177514,0.0345470291,0.0284625708,0.9819011332,0.1840286655,0.04254572107 0 0 0 0 0 0 0.04254572107 0 0 0 0 0 0 0.09379894934 0 0 0 0 0 0 0.0007438485348 0 0 0 0 0 0 0.0007438485348 0 0 0 0 0 0 0.001296016778
1117,1785495541.442091942,map,0.9589264989,-1.0744940042,-0.2077313960,0.0317551843,0.0312522993,0.9814515678,0.1864609938,0.04291214281 0 0 0 0 0 0 0.04291214281 0 0 0 0 0 0 0.09434263535 0 0 0 0 0 0 0.00075231049 0 0 0 0 0 0 0.00075231049 0 0 0 0 0 0 0.001307178622
1118,1785495541.542289019,map,0.9437066317,-1.0597631931,-0.2015502453,0.0288630132,0.0287882173,0.9817404839,0.1858057953,0.04260911443 0 0 0 0 0 0 0.04260911443 0 0 0 0 0 0 0.09389306502 0 0 0 0 0 0 0.000745311679 0 0 0 0 0 0 0.000745311679 0 0 0 0 0 0 0.00129794785
1119,1785495541.642374992,map,0.8249351382,-1.0207678080,-0.2100118697,0.0259015777,0.0291597338,0.9821503569,0.1840095048,0.04264025198 0 0 0 0 0 0 0.04264025198 0 0 0 0 0 0 0.0939392844 0 0 0 0 0 0 0.0007460304738 0 0 0 0 0 0 0.0007460304738 0 0 0 0 0 0 0.001298896354
1120,1785495541.742597103,map,0.7913840413,-1.0002667904,-0.1992081255,0.0263169284,0.0342308503,0.9820297930,0.1837203416,0.04265191161 0 0 0 0 0 0 0.04265191161 0 0 0 0 0 0 0.09395659009 0 0 0 0 0 0 0.0007462996522 0 0 0 0 0 0 0.0007462996522 0 0 0 0 0 0 0.001299251526
1121,1785495541.842089891,map,0.7648453712,-0.9886509180,-0.1814249158,0.0292509457,0.0354029144,0.9815769088,0.1854663844,0.0426046841 0 0 0 0 0 0 0.0426046841 0 0 0 0 0 0 0.09388648837 0 0 0 0 0 0 0.000745209414 0 0 0 0 0 0 0.000745209414 0 0 0 0 0 0 0.001297812894
1122,1785495541.942212105,map,0.7474390864,-0.9735174775,-0.1809728742,0.0306319069,0.0334190042,0.9814884916,0.1860783940,0.0426534525 0 0 0 0 0 0 0.0426534525 0 0 0 0 0 0 0.09395887708 0 0 0 0 0 0 0.0007463352265 0 0 0 0 0 0 0.0007463352265 0 0 0 0 0 0 0.001299298465
1123,1785495542.042314053,map,0.6962322593,-0.9431545138,-0.1804153621,0.0314238349,0.0327507753,0.9817289863,0.1847921283,0.04244684738 0 0 0 0 0 0 0.04244684738 0 0 0 0 0 0 0.09365211276 0 0 0 0 0 0 0.0007415671865 0 0 0 0 0 0 0.0007415671865 0 0 0 0 0 0 0.001293004913
1124,1785495542.142435074,map,0.6594417095,-0.9548064470,-0.1881453246,0.0314160243,0.0346883800,0.9821129269,0.1823840723,0.04249914285 0 0 0 0 0 0 0.04249914285 0 0 0 0 0 0 0.09372978332 0 0 0 0 0 0 0.0007427737128 0 0 0 0 0 0 0.0007427737128 0 0 0 0 0 0 0.001294597924
1125,1785495542.241699934,map,0.6300997734,-0.9404852986,-0.1780790836,0.0263615720,0.0337786830,0.9821997481,0.1828871853,0.04276423969 0 0 0 0 0 0 0.04276423969 0 0 0 0 0 0 0.09412327241 0 0 0 0 0 0 0.0007488934986 0 0 0 0 0 0 0.0007488934986 0 0 0 0 0 0 0.001302673235
1126,1785495542.341916084,map,0.5784720182,-0.9576219320,-0.1653286517,0.0260255746,0.0285903112,0.9825100262,0.1821518845,0.04238939073 0 0 0 0 0 0 0.04238939073 0 0 0 0 0 0 0.09356675866 0 0 0 0 0 0 0.0007402418595 0 0 0 0 0 0 0.0007402418595 0 0 0 0 0 0 0.001291254683
1127,1785495542.442147970,map,0.5581920147,-0.9341468215,-0.1779727787,0.0255789153,0.0281054562,0.9828746200,0.1803144219,0.04254452606 0 0 0 0 0 0 0.04254452606 0 0 0 0 0 0 0.09379717497 0 0 0 0 0 0 0.0007438209568 0 0 0 0 0 0 0.0007438209568 0 0 0 0 0 0 0.001295980375
1128,1785495542.542376995,map,0.5113692880,-0.9151800871,-0.1744906753,0.0261063971,0.0289862772,0.9831573433,0.1785493769,0.04270124758 0 0 0 0 0 0 0.04270124758 0 0 0 0 0 0 0.09402980796 0 0 0 0 0 0 0.0007474387695 0 0 0 0 0 0 0.0007474387695 0 0 0 0 0 0 0.001300754386
1129,1785495542.642612934,map,0.4763941467,-0.9184661508,-0.1631457359,0.0268525477,0.0296108559,0.9834511676,0.1767086448,0.04262812665 0 0 0 0 0 0 0.04262812665 0 0 0 0 0 0 0.09392128669 0 0 0 0 0 0 0.0007457505568 0 0 0 0 0 0 0.0007457505568 0 0 0 0 0 0 0.001298526995
1130,1785495542.742722034,map,0.4563186467,-0.8986817002,-0.1679078192,0.0263061395,0.0281164548,0.9834473493,0.1770558260,0.04250155504 0 0 0 0 0 0 0.04250155504 0 0 0 0 0 0 0.0937333656 0 0 0 0 0 0 0.0007428293711 0 0 0 0 0 0 0.0007428293711 0 0 0 0 0 0 0.001294671403
1131,1785495542.841959000,map,0.4294802547,-0.8972530961,-0.1628000587,0.0220286137,0.0272394698,0.9836387303,0.1767133977,0.04257255407 0 0 0 0 0 0 0.04257255407 0 0 0 0 0 0 0.09383878921 0 0 0 0 0 0 0.0007444678087 0 0 0 0 0 0 0.0007444678087 0 0 0 0 0 0 0.001296834157
1132,1785495542.942147017,map,0.4062324166,-0.9249100685,-0.1591190100,0.0231244746,0.0276674917,0.9835610885,0.1769388823,0.04249686067 0 0 0 0 0 0 0.04249686067 0 0 0 0 0 0 0.0937263941 0 0 0 0 0 0 0.0007427210551 0 0 0 0 0 0 0.0007427210551 0 0 0 0 0 0 0.001294528405
1133,1785495543.041949034,map,0.4224632382,-0.9208520651,-0.1595805585,0.0283615342,0.0288981821,0.9833844590,0.1769618970,0.04253186586 0 0 0 0 0 0 0.04253186586 0 0 0 0 0 0 0.09377837644 0 0 0 0 0 0 0.0007435287974 0 0 0 0 0 0 0.0007435287974 0 0 0 0 0 0 0.001295594724
1134,1785495543.142191887,map,0.4240426719,-0.9121101499,-0.1614117175,0.0273087203,0.0285921974,0.9834151281,0.1770067980,0.04248426124 0 0 0 0 0 0 0.04248426124 0 0 0 0 0 0 0.09370768237 0 0 0 0 0 0 0.0007424303501 0 0 0 0 0 0 0.0007424303501 0 0 0 0 0 0 0.001294144604
1135,1785495543.242270947,map,0.4697676599,-0.9400251508,-0.1704143435,0.0265123345,0.0280136214,0.9835604446,0.1764119521,0.04243128525 0 0 0 0 0 0 0.04243128525 0 0 0 0 0 0 0.09362899647 0 0 0 0 0 0 0.0007412081933 0 0 0 0 0 0 0.0007412081933 0 0 0 0 0 0 0.001292530863
1136,1785495543.341603041,map,0.4493722022,-0.9147220254,-0.1629551351,0.0271334667,0.0282822130,0.9834717361,0.1767689039,0.04262700052 0 0 0 0 0 0 0.04262700052 0 0 0 0 0 0 0.09391961513 0 0 0 0 0 0 0.0007457245604 0 0 0 0 0 0 0.0007457245604 0 0 0 0 0 0 0.001298492691
1137,1785495543.441692114,map,0.4481285810,-0.9197380543,-0.1656592786,0.0267984709,0.0284761731,0.9834674557,0.1768126813,0.04253668444 0 0 0 0 0 0 0.04253668444 0 0 0 0 0 0 0.09378553142 0 0 0 0 0 0 0.000743639994 0 0 0 0 0 0 0.000743639994 0 0 0 0 0 0 0.001295741506
1138,1785495543.541955948,map,0.4422337711,-0.9161592126,-0.1658949405,0.0266776021,0.0283156051,0.9834435840,0.1769894335,0.04243773066 0 0 0 0 0 0 0.04243773066 0 0 0 0 0 0 0.09363857078 0 0 0 0 0 0 0.000741356876 0 0 0 0 0 0 0.000741356876 0 0 0 0 0 0 0.001292727202
1139,1785495543.641858101,map,0.4401324093,-0.9134036899,-0.1633785069,0.0265174466,0.0286404858,0.9834483796,0.1769345083,0.0425431696 0 0 0 0 0 0 0.0425431696 0 0 0 0 0 0 0.09379516088 0 0 0 0 0 0 0.0007437896532 0 0 0 0 0 0 0.0007437896532 0 0 0 0 0 0 0.001295939055
1140,1785495543.742126942,map,0.4349338412,-0.9130307436,-0.1673697084,0.0266660245,0.0282750075,0.9834152796,0.1771549239,0.04259395029 0 0 0 0 0 0 0.04259395029 0 0 0 0 0 0 0.09387055397 0 0 0 0 0 0 0.0007449616529 0 0 0 0 0 0 0.0007449616529 0 0 0 0 0 0 0.001297485923
1141,1785495543.842000008,map,0.4283753037,-0.9158222079,-0.1653876156,0.0266424356,0.0287164963,0.9834002255,0.1771710081,0.04253778294 0 0 0 0 0 0 0.04253778294 0 0 0 0 0 0 0.09378716254 0 0 0 0 0 0 0.000743665344 0 0 0 0 0 0 0.000743665344 0 0 0 0 0 0 0.001295774968
1142,1785495543.942137957,map,0.4286440015,-0.9157616496,-0.1626597047,0.0266271137,0.0286621967,0.9834036046,0.1771632397,0.04268019439 0 0 0 0 0 0 0.04268019439 0 0 0 0 0 0 0.09399856532 0 0 0 0 0 0 0.0007469526472 0 0 0 0 0 0 0.0007469526472 0 0 0 0 0 0 0.001300113069
1143,1785495544.042228937,map,0.4256795645,-0.9074541330,-0.1652504355,0.0268266880,0.0283717316,0.9834174994,0.1771027255,0.04238561587 0 0 0 0 0 0 0.04238561587 0 0 0 0 0 0 0.09356115029 0 0 0 0 0 0 0.0007401547965 0 0 0 0 0 0 0.0007401547965 0 0 0 0 0 0 0.001291139694
1144,1785495544.141464949,map,0.4265988469,-0.9084308743,-0.1665920913,0.0268747143,0.0284309347,0.9834140068,0.1771053697,0.04248559075 0 0 0 0 0 0 0.04248559075 0 0 0 0 0 0 0.09370965691 0 0 0 0 0 0 0.0007424610251 0 0 0 0 0 0 0.0007424610251 0 0 0 0 0 0 0.001294185103
1145,1785495544.241669893,map,0.4315854907,-0.9127039313,-0.1640219986,0.0269854110,0.0281550385,0.9834283561,0.1770529498,0.0426599815 0 0 0 0 0 0 0.0426599815 0 0 0 0 0 0 0.09396856729 0 0 0 0 0 0 0.0007464859633 0 0 0 0 0 0 0.0007464859633 0 0 0 0 0 0 0.001299497349
1146,1785495544.341825008,map,0.4306063354,-0.9117833972,-0.1645331383,0.0267169563,0.0283903527,0.9834195450,0.1771050088,0.04298020276 0 0 0 0 0 0 0.04298020276 0 0 0 0 0 0 0.09444353729 0 0 0 0 0 0 0.0007538835025 0 0 0 0 0 0 0.0007538835025 0 0 0 0 0 0 0.001309251847
1147,1785495544.441857100,map,0.4315447509,-0.9123955965,-0.1594771445,0.0264140842,0.0283951394,0.9834327805,0.1770761770,0.04238115136 0 0 0 0 0 0 0.04238115136 0 0 0 0 0 0 0.09355451719 0 0 0 0 0 0 0.0007400518291 0 0 0 0 0 0 0.0007400518291 0 0 0 0 0 0 0.001291003697
1148,1785495544.542045116,map,0.4326420724,-0.9078987837,-0.1602414101,0.0267896298,0.0283063974,0.9834278258,0.1770615381,0.04250521744 0 0 0 0 0 0 0.04250521744 0 0 0 0 0 0 0.09373880445 0 0 0 0 0 0 0.0007429138772 0 0 0 0 0 0 0.0007429138772 0 0 0 0 0 0 0.001294782966
1149,1785495544.641303062,map,0.4345671237,-0.9132727385,-0.1637470573,0.0265765362,0.0284562904,0.9834268712,0.1770749304,0.04247831735 0 0 0 0 0 0 0.04247831735 0 0 0 0 0 0 0.09369885464 0 0 0 0 0 0 0.0007422932123 0 0 0 0 0 0 0.0007422932123 0 0 0 0 0 0 0.001293963543
1150,1785495544.741516113,map,0.4343189001,-0.9150543809,-0.1650273949,0.0267246895,0.0286949847,0.9834356519,0.1769652312,0.04288622387 0 0 0 0 0 0 0.04288622387 0 0 0 0 0 0 0.09430420251 0 0 0 0 0 0 0.0007517115516 0 0 0 0 0 0 0.0007517115516 0 0 0 0 0 0 0.001306389086
1151,1785495544.841653109,map,0.4336296320,-0.9150896668,-0.1649306864,0.0266820366,0.0287877472,0.9834225149,0.1770296668,0.04258713902 0 0 0 0 0 0 0.04258713902 0 0 0 0 0 0 0.09386044227 0 0 0 0 0 0 0.0007448044383 0 0 0 0 0 0 0.0007448044383 0 0 0 0 0 0 0.00129727844
1152,1785495544.941682100,map,0.4357844889,-0.9113256931,-0.1633166671,0.0267437928,0.0283594221,0.9834273560,0.1770625546,0.04242276361 0 0 0 0 0 0 0.04242276361 0 0 0 0 0 0 0.09361633767 0 0 0 0 0 0 0.0007410116218 0 0 0 0 0 0 0.0007410116218 0 0 0 0 0 0 0.001292271279
1153,1785495545.041691065,map,0.4316073656,-0.9142674804,-0.1656482220,0.0266638092,0.0287015251,0.9834295380,0.1770073712,0.04246362949 0 0 0 0 0 0 0.04246362949 0 0 0 0 0 0 0.09367703968 0 0 0 0 0 0 0.0007419543462 0 0 0 0 0 0 0.0007419543462 0 0 0 0 0 0 0.001293516125
1154,1785495545.141921043,map,0.4401170909,-0.9193779826,-0.1645902246,0.0263850929,0.0285253841,0.9834337503,0.1770541984,0.04264483246 0 0 0 0 0 0 0.04264483246 0 0 0 0 0 0 0.09394608302 0 0 0 0 0 0 0.0007461362189 0 0 0 0 0 0 0.0007461362189 0 0 0 0 0 0 0.001299035883
1155,1785495545.241030931,map,0.4384081662,-0.9209760427,-0.1642822474,0.0266422597,0.0284532614,0.9834227270,0.1770885257,0.04251016917 0 0 0 0 0 0 0.04251016917 0 0 0 0 0 0 0.0937461579 0 0 0 0 0 0 0.0007430281351 0 0 0 0 0 0 0.0007430281351 0 0 0 0 0 0 0.001294933805
1156,1785495545.341226101,map,0.4365516305,-0.9192221761,-0.1632476598,0.0265937960,0.0287150543,0.9834310911,0.1770070614,0.04262590618 0 0 0 0 0 0 0.04262590618 0 0 0 0 0 0 0.09391799074 0 0 0 0 0 0 0.0007456992978 0 0 0 0 0 0 0.0007456992978 0 0 0 0 0 0 0.001298459356
1157,1785495545.441308022,map,0.4362010956,-0.9136695266,-0.1649590135,0.0264901089,0.0283807860,0.9834342730,0.1770588621,0.04259934972 0 0 0 0 0 0 0.04259934972 0 0 0 0 0 0 0.09387856954 0 0 0 0 0 0 0.000745086283 0 0 0 0 0 0 0.000745086283 0 0 0 0 0 0 0.0012976504
1158,1785495545.541501045,map,0.4377717674,-0.9123567343,-0.1651281267,0.0266556234,0.0283376326,0.9834419324,0.1769983901,0.04261886812 0 0 0 0 0 0 0.04261886812 0 0 0 0 0 0 0.09390754363 0 0 0 0 0 0 0.0007455368292 0 0 0 0 0 0 0.0007455368292 0 0 0 0 0 0 0.001298244964
1159,1785495545.640664101,map,0.4404377639,-0.9047927260,-0.1685855389,0.0267157292,0.0283154475,0.9834501448,0.1769472441,0.04241537591 0 0 0 0 0 0 0.04241537591 0 0 0 0 0 0 0.093605363 0 0 0 0 0 0 0.0007408412124 0 0 0 0 0 0 0.0007408412124 0 0 0 0 0 0 0.001292046237
1160,1785495545.740758896,map,0.4560329616,-0.9082463384,-0.1640843600,0.0278470930,0.0283340079,0.9835452261,0.1762399288,0.04244367637 0 0 0 0 0 0 0.04244367637 0 0 0 0 0 0 0.09364740259 0 0 0 0 0 0 0.0007414940347 0 0 0 0 0 0 0.0007414940347 0 0 0 0 0 0 0.001292908318
1161,1785495545.840857029,map,0.4237495959,-0.8955216408,-0.1457493752,0.0331403479,0.0283515153,0.9835660502,0.1752019657,0.04264031676 0 0 0 0 0 0 0.04264031676 0 0 0 0 0 0 0.09393938055 0 0 0 0 0 0 0.0007460319693 0 0 0 0 0 0 0.0007460319693 0 0 0 0 0 0 0.001298898327
1162,1785495545.940897942,map,0.4092247188,-0.9086745381,-0.1609726548,0.0422369011,0.0295116906,0.9835214093,0.1732937703,0.04255890458 0 0 0 0 0 0 0.04255890458 0 0 0 0 0 0 0.09381852385 0 0 0 0 0 0 0.0007441527867 0 0 0 0 0 0 0.0007441527867 0 0 0 0 0 0 0.00129641837
1163,1785495546.040826082,map,0.3579222560,-0.8754090071,-0.1593886316,0.0401204407,0.0300396137,0.9841303370,0.1702217432,0.04247381955 0 0 0 0 0 0 0.04247381955 0 0 0 0 0 0 0.09369217447 0 0 0 0 0 0 0.0007421894408 0 0 0 0 0 0 0.0007421894408 0 0 0 0 0 0 0.001293826532
1164,1785495546.140906096,map,0.3139628470,-0.8253486753,-0.1667250097,0.0236901049,0.0272688608,0.9852914782,0.1670206024,0.04250793746 0 0 0 0 0 0 0.04250793746 0 0 0 0 0 0 0.09374284377 0 0 0 0 0 0 0.0007429766396 0 0 0 0 0 0 0.0007429766396 0 0 0 0 0 0 0.001294865823
1165,1785495546.241136074,map,0.2585591078,-0.8380485773,-0.1613035202,0.0138724821,0.0269215622,0.9856636075,0.1659821006,0.04232312934 0 0 0 0 0 0 0.04232312934 0 0 0 0 0 0 0.09346830128 0 0 0 0 0 0 0.0007387137951 0 0 0 0 0 0 0.0007387137951 0 0 0 0 0 0 0.001289236246
